model_type,optimizer,seed,row_id,datetime,y_true,y_pred,y_proba
cnn,ga,1,0,2024-05-20 15:25:00,1,0,0.47321411967277527
cnn,ga,1,1,2024-05-20 15:25:00,1,0,0.476052463054657
cnn,ga,1,2,2024-05-20 15:30:00,1,0,0.4922902286052704
cnn,ga,1,3,2024-05-20 15:30:00,1,0,0.4952010214328766
cnn,ga,1,4,2024-05-20 15:35:00,1,1,0.5116124749183655
cnn,ga,1,5,2024-05-20 15:35:00,1,1,0.5168206095695496
cnn,ga,1,6,2024-05-20 15:40:00,1,0,0.481636106967926
cnn,ga,1,7,2024-05-20 15:40:00,1,0,0.4277835488319397
cnn,ga,1,8,2024-05-20 15:45:00,1,1,0.5017510652542114
cnn,ga,1,9,2024-05-20 15:45:00,1,0,0.4813978672027588
cnn,ga,1,10,2024-05-20 15:50:00,1,0,0.4795258343219757
cnn,ga,1,11,2024-05-20 15:50:00,1,0,0.41848087310791016
cnn,ga,1,12,2024-05-20 15:55:00,1,0,0.4748360216617584
cnn,ga,1,13,2024-05-20 15:55:00,1,0,0.4783693253993988
cnn,ga,1,14,2024-05-20 16:00:00,1,1,0.5207630395889282
cnn,ga,1,15,2024-05-20 16:00:00,1,1,0.5159799456596375
cnn,ga,1,16,2024-05-20 16:05:00,1,1,0.5439155101776123
cnn,ga,1,17,2024-05-20 16:05:00,1,1,0.5383301973342896
cnn,ga,1,18,2024-05-20 16:10:00,1,1,0.5292067527770996
cnn,ga,1,19,2024-05-20 16:10:00,1,1,0.5357197523117065
cnn,ga,1,20,2024-05-20 16:15:00,1,1,0.5339218974113464
cnn,ga,1,21,2024-05-20 16:15:00,1,1,0.5423407554626465
cnn,ga,1,22,2024-05-20 16:20:00,1,1,0.5045893788337708
cnn,ga,1,23,2024-05-20 16:20:00,1,1,0.5028202533721924
cnn,ga,1,24,2024-05-20 16:25:00,1,0,0.474075585603714
cnn,ga,1,25,2024-05-20 16:25:00,1,0,0.46623659133911133
cnn,ga,1,26,2024-05-20 16:30:00,1,0,0.4711743891239166
cnn,ga,1,27,2024-05-20 16:30:00,1,0,0.46908828616142273
cnn,ga,1,28,2024-05-20 16:35:00,1,0,0.46194687485694885
cnn,ga,1,29,2024-05-20 16:35:00,1,0,0.42983779311180115
cnn,ga,1,30,2024-05-20 16:40:00,1,0,0.47821328043937683
cnn,ga,1,31,2024-05-20 16:40:00,1,0,0.47799965739250183
cnn,ga,1,32,2024-05-20 16:45:00,1,1,0.5050172209739685
cnn,ga,1,33,2024-05-20 16:45:00,1,1,0.5235692858695984
cnn,ga,1,34,2024-05-20 16:50:00,1,1,0.5541972517967224
cnn,ga,1,35,2024-05-20 16:50:00,1,1,0.5516684651374817
cnn,ga,1,36,2024-05-20 16:55:00,0,1,0.5760632157325745
cnn,ga,1,37,2024-05-20 16:55:00,0,1,0.5834787487983704
cnn,ga,1,38,2024-05-20 17:00:00,0,1,0.6247963309288025
cnn,ga,1,39,2024-05-20 17:00:00,0,1,0.5564417243003845
cnn,ga,1,40,2024-05-20 17:05:00,0,1,0.5053136348724365
cnn,ga,1,41,2024-05-20 17:05:00,0,1,0.5452178716659546
cnn,ga,1,42,2024-05-20 17:10:00,0,0,0.4848161041736603
cnn,ga,1,43,2024-05-20 17:10:00,0,0,0.3824082314968109
cnn,ga,1,44,2024-05-20 17:15:00,0,1,0.5105981230735779
cnn,ga,1,45,2024-05-20 17:15:00,0,1,0.5147379040718079
cnn,ga,1,46,2024-05-20 17:20:00,0,1,0.5224117636680603
cnn,ga,1,47,2024-05-20 17:20:00,0,1,0.5157554149627686
cnn,ga,1,48,2024-05-20 17:25:00,0,1,0.6189493536949158
cnn,ga,1,49,2024-05-20 17:25:00,0,1,0.5346001386642456
cnn,ga,1,50,2024-05-20 17:30:00,0,1,0.5793289542198181
cnn,ga,1,51,2024-05-20 17:30:00,0,1,0.5657327175140381
cnn,ga,1,52,2024-05-20 17:35:00,0,1,0.518062174320221
cnn,ga,1,53,2024-05-20 17:35:00,0,1,0.5206877589225769
cnn,ga,1,54,2024-05-20 17:40:00,0,1,0.514839768409729
cnn,ga,1,55,2024-05-20 17:40:00,0,1,0.5317176580429077
cnn,ga,1,56,2024-05-20 17:45:00,0,1,0.5194684267044067
cnn,ga,1,57,2024-05-20 17:45:00,0,1,0.5055854320526123
cnn,ga,1,58,2024-05-20 17:50:00,0,1,0.667361855506897
cnn,ga,1,59,2024-05-20 17:50:00,0,1,0.5185742378234863
cnn,ga,1,60,2024-05-20 17:55:00,0,1,0.5918365120887756
cnn,ga,1,61,2024-05-20 17:55:00,0,0,0.4837647080421448
cnn,ga,1,62,2024-05-21 13:30:00,1,0,0.4394571781158447
cnn,ga,1,63,2024-05-21 13:30:00,1,0,0.4413909316062927
cnn,ga,1,64,2024-05-21 13:35:00,1,0,0.44123727083206177
cnn,ga,1,65,2024-05-21 13:35:00,1,0,0.4464705288410187
cnn,ga,1,66,2024-05-21 13:40:00,1,0,0.4926420748233795
cnn,ga,1,67,2024-05-21 13:40:00,1,0,0.48463794589042664
cnn,ga,1,68,2024-05-21 13:45:00,1,1,0.5587883591651917
cnn,ga,1,69,2024-05-21 13:45:00,1,1,0.5739083290100098
cnn,ga,1,70,2024-05-21 13:50:00,1,1,0.5102637410163879
cnn,ga,1,71,2024-05-21 13:50:00,1,1,0.5008759498596191
cnn,ga,1,72,2024-05-21 13:55:00,1,0,0.47154709696769714
cnn,ga,1,73,2024-05-21 13:55:00,1,0,0.4660555124282837
cnn,ga,1,74,2024-05-21 14:00:00,1,1,0.5287941098213196
cnn,ga,1,75,2024-05-21 14:00:00,1,1,0.5206771492958069
cnn,ga,1,76,2024-05-21 14:05:00,1,1,0.5222668051719666
cnn,ga,1,77,2024-05-21 14:05:00,1,1,0.5298215746879578
cnn,ga,1,78,2024-05-21 14:10:00,1,0,0.47761476039886475
cnn,ga,1,79,2024-05-21 14:10:00,1,0,0.4978233277797699
cnn,ga,1,80,2024-05-21 14:15:00,1,1,0.5102995038032532
cnn,ga,1,81,2024-05-21 14:15:00,1,1,0.5311214923858643
cnn,ga,1,82,2024-05-21 14:20:00,1,1,0.5831443071365356
cnn,ga,1,83,2024-05-21 14:20:00,1,1,0.6038017868995667
cnn,ga,1,84,2024-05-21 14:25:00,1,1,0.7151662111282349
cnn,ga,1,85,2024-05-21 14:25:00,1,1,0.5812389254570007
cnn,ga,1,86,2024-05-21 14:30:00,1,1,0.6101822257041931
cnn,ga,1,87,2024-05-21 14:30:00,1,1,0.5712430477142334
cnn,ga,1,88,2024-05-21 14:35:00,1,1,0.5389090776443481
cnn,ga,1,89,2024-05-21 14:35:00,1,1,0.5546368360519409
cnn,ga,1,90,2024-05-21 14:40:00,1,1,0.5449848771095276
cnn,ga,1,91,2024-05-21 14:40:00,1,1,0.5463109016418457
cnn,ga,1,92,2024-05-21 14:45:00,1,1,0.5772683024406433
cnn,ga,1,93,2024-05-21 14:45:00,1,1,0.5602070689201355
cnn,ga,1,94,2024-05-21 14:50:00,1,1,0.5580915808677673
cnn,ga,1,95,2024-05-21 14:50:00,1,1,0.5485635995864868
cnn,ga,1,96,2024-05-21 14:55:00,1,1,0.628502368927002
cnn,ga,1,97,2024-05-21 14:55:00,1,1,0.5814637541770935
cnn,ga,1,98,2024-05-21 15:00:00,1,1,0.6042606830596924
cnn,ga,1,99,2024-05-21 15:00:00,1,1,0.7771022915840149
cnn,ga,1,100,2024-05-21 15:05:00,0,1,0.6424471735954285
cnn,ga,1,101,2024-05-21 15:05:00,0,1,0.5923407673835754
cnn,ga,1,102,2024-05-21 15:10:00,0,1,0.5938085913658142
cnn,ga,1,103,2024-05-21 15:10:00,0,1,0.5279381275177002
cnn,ga,1,104,2024-05-21 15:15:00,0,0,0.4739988446235657
cnn,ga,1,105,2024-05-21 15:15:00,0,0,0.46227964758872986
cnn,ga,1,106,2024-05-21 15:20:00,0,0,0.4785372018814087
cnn,ga,1,107,2024-05-21 15:20:00,0,1,0.5021596550941467
cnn,ga,1,108,2024-05-21 15:25:00,0,0,0.48970285058021545
cnn,ga,1,109,2024-05-21 15:25:00,0,0,0.46105054020881653
cnn,ga,1,110,2024-05-21 15:30:00,0,0,0.4490555226802826
cnn,ga,1,111,2024-05-21 15:30:00,0,0,0.3534914553165436
cnn,ga,1,112,2024-05-21 15:35:00,0,0,0.4173203408718109
cnn,ga,1,113,2024-05-21 15:35:00,0,0,0.43392205238342285
cnn,ga,1,114,2024-05-21 15:40:00,0,0,0.45965883135795593
cnn,ga,1,115,2024-05-21 15:40:00,0,0,0.43675488233566284
cnn,ga,1,116,2024-05-21 15:45:00,0,0,0.4656774699687958
cnn,ga,1,117,2024-05-21 15:50:00,0,1,0.527759313583374
cnn,ga,1,118,2024-05-21 15:50:00,0,1,0.5290032625198364
cnn,ga,1,119,2024-05-21 15:55:00,0,1,0.5171578526496887
cnn,ga,1,120,2024-05-21 15:55:00,0,1,0.5240916013717651
cnn,ga,1,121,2024-05-21 16:00:00,0,1,0.5575519800186157
cnn,ga,1,122,2024-05-21 16:00:00,0,1,0.5328651070594788
cnn,ga,1,123,2024-05-21 16:05:00,0,1,0.6237064003944397
cnn,ga,1,124,2024-05-21 16:05:00,0,1,0.5603958368301392
cnn,ga,1,125,2024-05-21 16:10:00,0,1,0.5689260959625244
cnn,ga,1,126,2024-05-21 16:10:00,0,1,0.5393540263175964
cnn,ga,1,127,2024-05-21 16:15:00,0,1,0.5363947153091431
cnn,ga,1,128,2024-05-21 16:15:00,0,1,0.5428332090377808
cnn,ga,1,129,2024-05-21 16:20:00,0,1,0.5194734930992126
cnn,ga,1,130,2024-05-21 16:20:00,0,1,0.5412910580635071
cnn,ga,1,131,2024-05-21 16:25:00,0,1,0.5811640620231628
cnn,ga,1,132,2024-05-21 16:25:00,0,1,0.5426964163780212
cnn,ga,1,133,2024-05-21 16:30:00,0,1,0.5766155123710632
cnn,ga,1,134,2024-05-21 16:30:00,0,1,0.5449342131614685
cnn,ga,1,135,2024-05-21 16:35:00,0,1,0.5323145985603333
cnn,ga,1,136,2024-05-21 16:35:00,0,1,0.5359464287757874
cnn,ga,1,137,2024-05-21 16:40:00,0,1,0.5173609256744385
cnn,ga,1,138,2024-05-21 16:40:00,0,1,0.5101217031478882
cnn,ga,1,139,2024-05-21 16:45:00,0,0,0.49606722593307495
cnn,ga,1,140,2024-05-21 16:45:00,0,1,0.514697253704071
cnn,ga,1,141,2024-05-21 16:50:00,0,0,0.47605493664741516
cnn,ga,1,142,2024-05-21 16:50:00,0,0,0.46862098574638367
cnn,ga,1,143,2024-05-21 16:55:00,0,0,0.44478926062583923
cnn,ga,1,144,2024-05-21 16:55:00,0,0,0.4507932662963867
cnn,ga,1,145,2024-05-21 17:00:00,0,0,0.34323886036872864
cnn,ga,1,146,2024-05-21 17:00:00,0,0,0.41527676582336426
cnn,ga,1,147,2024-05-21 17:05:00,0,0,0.395900160074234
cnn,ga,1,148,2024-05-21 17:05:00,0,0,0.4145317077636719
cnn,ga,1,149,2024-05-21 17:10:00,0,0,0.4133457839488983
cnn,ga,1,150,2024-05-21 17:10:00,0,0,0.4039172828197479
cnn,ga,1,151,2024-05-21 17:15:00,0,0,0.40806901454925537
cnn,ga,1,152,2024-05-21 17:15:00,0,0,0.39610832929611206
cnn,ga,1,153,2024-05-21 17:20:00,0,0,0.4730827212333679
cnn,ga,1,154,2024-05-21 17:20:00,0,0,0.465347021818161
cnn,ga,1,155,2024-05-21 17:25:00,0,0,0.45556867122650146
cnn,ga,1,156,2024-05-21 17:25:00,0,0,0.47251054644584656
cnn,ga,1,157,2024-05-21 17:30:00,0,0,0.4629684090614319
cnn,ga,1,158,2024-05-21 17:30:00,0,0,0.45586371421813965
cnn,ga,1,159,2024-05-21 17:35:00,0,0,0.47989100217819214
cnn,ga,1,160,2024-05-21 17:40:00,0,0,0.4741988480091095
cnn,ga,1,161,2024-05-21 17:40:00,0,0,0.48460111021995544
cnn,ga,1,162,2024-05-21 17:45:00,0,0,0.49365612864494324
cnn,ga,1,163,2024-05-21 17:50:00,0,0,0.4715384244918823
cnn,ga,1,164,2024-05-21 17:50:00,0,0,0.45379453897476196
cnn,ga,1,165,2024-05-21 17:55:00,0,0,0.45981597900390625
cnn,ga,1,166,2024-05-21 17:55:00,0,0,0.4671693742275238
cnn,ga,1,167,2024-05-22 11:40:00,1,0,0.4014970064163208
cnn,ga,1,168,2024-05-22 11:45:00,1,0,0.4477982521057129
cnn,ga,1,169,2024-05-22 11:50:00,1,1,0.5012456178665161
cnn,ga,1,170,2024-05-22 11:55:00,1,1,0.5156973600387573
cnn,ga,1,171,2024-05-22 12:00:00,1,1,0.5552628636360168
cnn,ga,1,172,2024-05-22 12:05:00,0,1,0.6356019973754883
cnn,ga,1,173,2024-05-22 12:10:00,0,1,0.6396344900131226
cnn,ga,1,174,2024-05-22 12:15:00,0,1,0.5231423377990723
cnn,ga,1,175,2024-05-22 12:20:00,0,0,0.46952664852142334
cnn,ga,1,176,2024-05-22 12:25:00,0,0,0.4137132167816162
cnn,ga,1,177,2024-05-22 12:30:00,0,0,0.44167548418045044
cnn,ga,1,178,2024-05-22 12:35:00,0,1,0.5095175504684448
cnn,ga,1,179,2024-05-22 12:40:00,0,1,0.502453088760376
cnn,ga,1,180,2024-05-22 12:45:00,0,0,0.4525652229785919
cnn,ga,1,181,2024-05-22 12:50:00,0,0,0.48066991567611694
cnn,ga,1,182,2024-05-22 12:55:00,0,1,0.5398938059806824
cnn,ga,1,183,2024-05-22 13:00:00,0,1,0.5975643396377563
cnn,ga,1,184,2024-05-22 13:05:00,0,1,0.5416498184204102
cnn,ga,1,185,2024-05-22 13:10:00,0,1,0.5161170363426208
cnn,ga,1,186,2024-05-22 13:15:00,0,0,0.4941115081310272
cnn,ga,1,187,2024-05-22 13:20:00,0,0,0.46062156558036804
cnn,ga,1,188,2024-05-22 13:25:00,0,0,0.4635259509086609
cnn,ga,1,189,2024-05-22 13:30:00,0,0,0.4724964201450348
cnn,ga,1,190,2024-05-22 13:35:00,0,0,0.43369561433792114
cnn,ga,1,191,2024-05-22 13:40:00,0,0,0.423044890165329
cnn,ga,1,192,2024-05-22 13:45:00,0,0,0.41875001788139343
cnn,ga,1,193,2024-05-22 13:50:00,0,0,0.48318246006965637
cnn,ga,1,194,2024-05-22 13:55:00,0,0,0.4416900873184204
cnn,ga,1,195,2024-05-22 14:00:00,0,0,0.4178133010864258
cnn,ga,1,196,2024-05-22 14:05:00,0,0,0.4611721932888031
cnn,ga,1,197,2024-05-22 14:10:00,0,0,0.46070191264152527
cnn,ga,1,198,2024-05-22 14:15:00,0,0,0.4718672037124634
cnn,ga,1,199,2024-05-22 14:20:00,0,0,0.4444980323314667
cnn,ga,1,200,2024-05-22 14:25:00,0,0,0.46158766746520996
cnn,ga,1,201,2024-05-22 14:30:00,0,0,0.44324347376823425
cnn,ga,1,202,2024-05-22 14:35:00,0,0,0.43001800775527954
cnn,ga,1,203,2024-05-22 14:40:00,0,0,0.4336996376514435
cnn,ga,1,204,2024-05-22 14:45:00,0,0,0.47140994668006897
cnn,ga,1,205,2024-05-22 14:50:00,0,0,0.4720982015132904
cnn,ga,1,206,2024-05-22 14:55:00,0,0,0.4901856482028961
cnn,ga,1,207,2024-05-22 15:00:00,0,0,0.45632824301719666
cnn,ga,1,208,2024-05-22 15:05:00,0,0,0.4410398602485657
cnn,ga,1,209,2024-05-22 15:10:00,0,0,0.4303491413593292
cnn,ga,1,210,2024-05-22 15:15:00,0,0,0.432171493768692
cnn,ga,1,211,2024-05-22 15:20:00,0,0,0.43072399497032166
cnn,ga,1,212,2024-05-22 15:25:00,0,0,0.4014907479286194
cnn,ga,1,213,2024-05-22 15:30:00,0,0,0.3959842920303345
cnn,ga,1,214,2024-05-22 15:35:00,0,0,0.3822163939476013
cnn,ga,1,215,2024-05-22 15:40:00,0,0,0.4264194965362549
cnn,ga,1,216,2024-05-22 15:45:00,0,0,0.48584187030792236
cnn,ga,1,217,2024-05-22 15:50:00,0,0,0.4946798086166382
cnn,ga,1,218,2024-05-22 15:55:00,0,0,0.4931241571903229
cnn,ga,1,219,2024-05-22 16:00:00,0,1,0.5197085738182068
cnn,ga,1,220,2024-05-22 16:05:00,0,1,0.5090327858924866
cnn,ga,1,221,2024-05-22 16:10:00,0,0,0.4721212089061737
cnn,ga,1,222,2024-05-22 16:15:00,0,0,0.4352318346500397
cnn,ga,1,223,2024-05-22 16:20:00,0,0,0.38950029015541077
cnn,ga,1,224,2024-05-22 16:25:00,0,0,0.43443697690963745
cnn,ga,1,225,2024-05-22 16:30:00,0,0,0.4556073546409607
cnn,ga,1,226,2024-05-22 16:35:00,0,0,0.4556328058242798
cnn,ga,1,227,2024-05-22 16:40:00,0,0,0.44455164670944214
cnn,ga,1,228,2024-05-22 16:45:00,0,0,0.431743860244751
cnn,ga,1,229,2024-05-22 16:50:00,0,0,0.4533720910549164
cnn,ga,1,230,2024-05-22 16:55:00,0,1,0.5034244060516357
cnn,ga,1,231,2024-05-22 17:00:00,0,0,0.48746898770332336
cnn,ga,1,232,2024-05-22 17:05:00,0,0,0.4504462778568268
cnn,ga,1,233,2024-05-22 17:10:00,0,0,0.4299931526184082
cnn,ga,1,234,2024-05-22 17:15:00,0,0,0.40888723731040955
cnn,ga,1,235,2024-05-22 17:20:00,0,0,0.48934242129325867
cnn,ga,1,236,2024-05-22 17:25:00,0,0,0.4859342873096466
cnn,ga,1,237,2024-05-22 17:30:00,0,0,0.44476836919784546
cnn,ga,1,238,2024-05-22 17:35:00,0,0,0.44699326157569885
cnn,ga,1,239,2024-05-22 17:40:00,0,0,0.4671425521373749
cnn,ga,1,240,2024-05-22 17:45:00,0,0,0.45893406867980957
cnn,ga,1,241,2024-05-22 17:50:00,0,0,0.47732293605804443
cnn,ga,1,242,2024-05-22 17:55:00,0,0,0.44745808839797974
cnn,ga,1,243,2024-05-23 11:15:00,1,0,0.3848225474357605
cnn,ga,1,244,2024-05-23 11:20:00,1,0,0.38009586930274963
cnn,ga,1,245,2024-05-23 11:25:00,1,0,0.3985418677330017
cnn,ga,1,246,2024-05-23 11:30:00,1,0,0.4258663058280945
cnn,ga,1,247,2024-05-23 11:35:00,1,0,0.4381431043148041
cnn,ga,1,248,2024-05-23 11:40:00,1,0,0.4381309151649475
cnn,ga,1,249,2024-05-23 11:45:00,1,0,0.4730706512928009
cnn,ga,1,250,2024-05-23 11:50:00,1,0,0.47382280230522156
cnn,ga,1,251,2024-05-23 11:55:00,1,0,0.4455229938030243
cnn,ga,1,252,2024-05-23 12:00:00,1,1,0.5075981616973877
cnn,ga,1,253,2024-05-23 12:05:00,1,1,0.5595579147338867
cnn,ga,1,254,2024-05-23 12:10:00,1,1,0.5360363721847534
cnn,ga,1,255,2024-05-23 12:15:00,1,0,0.4759732484817505
cnn,ga,1,256,2024-05-23 12:20:00,1,0,0.49812108278274536
cnn,ga,1,257,2024-05-23 12:25:00,1,1,0.6502264738082886
cnn,ga,1,258,2024-05-23 12:30:00,1,1,0.5493859648704529
cnn,ga,1,259,2024-05-23 12:35:00,1,1,0.561132550239563
cnn,ga,1,260,2024-05-23 12:40:00,1,1,0.5516119599342346
cnn,ga,1,261,2024-05-23 12:45:00,1,1,0.5019358992576599
cnn,ga,1,262,2024-05-23 12:50:00,1,1,0.5120931267738342
cnn,ga,1,263,2024-05-23 12:55:00,1,1,0.5760623812675476
cnn,ga,1,264,2024-05-23 13:00:00,1,1,0.5563344955444336
cnn,ga,1,265,2024-05-23 13:05:00,1,1,0.5101857781410217
cnn,ga,1,266,2024-05-23 13:10:00,1,0,0.433694988489151
cnn,ga,1,267,2024-05-23 13:15:00,1,0,0.46767473220825195
cnn,ga,1,268,2024-05-23 13:20:00,1,1,0.5107744336128235
cnn,ga,1,269,2024-05-23 13:25:00,0,1,0.5520868301391602
cnn,ga,1,270,2024-05-23 13:30:00,0,1,0.5555054545402527
cnn,ga,1,271,2024-05-23 13:35:00,0,1,0.5058512091636658
cnn,ga,1,272,2024-05-23 13:40:00,0,0,0.4731700122356415
cnn,ga,1,273,2024-05-23 13:45:00,0,0,0.444097638130188
cnn,ga,1,274,2024-05-23 13:50:00,0,0,0.46808868646621704
cnn,ga,1,275,2024-05-23 13:55:00,0,0,0.46959444880485535
cnn,ga,1,276,2024-05-23 14:00:00,0,0,0.491934210062027
cnn,ga,1,277,2024-05-23 14:05:00,0,0,0.49732014536857605
cnn,ga,1,278,2024-05-23 14:10:00,0,1,0.5533036589622498
cnn,ga,1,279,2024-05-23 14:15:00,0,1,0.5161311626434326
cnn,ga,1,280,2024-05-23 14:20:00,0,1,0.5161618590354919
cnn,ga,1,281,2024-05-23 14:25:00,0,1,0.5610612034797668
cnn,ga,1,282,2024-05-23 14:30:00,0,1,0.5699815154075623
cnn,ga,1,283,2024-05-23 14:35:00,0,0,0.487752765417099
cnn,ga,1,284,2024-05-23 14:40:00,0,0,0.4197736978530884
cnn,ga,1,285,2024-05-23 14:45:00,0,0,0.41919368505477905
cnn,ga,1,286,2024-05-23 14:50:00,0,0,0.4301718771457672
cnn,ga,1,287,2024-05-23 14:55:00,0,0,0.39561551809310913
cnn,ga,1,288,2024-05-23 15:00:00,1,0,0.3695479929447174
cnn,ga,1,289,2024-05-23 15:00:00,1,0,0.36962375044822693
cnn,ga,1,290,2024-05-23 15:05:00,1,0,0.42766138911247253
cnn,ga,1,291,2024-05-23 15:05:00,1,0,0.4348541498184204
cnn,ga,1,292,2024-05-23 15:10:00,1,0,0.4706194996833801
cnn,ga,1,293,2024-05-23 15:10:00,1,0,0.4501948356628418
cnn,ga,1,294,2024-05-23 15:15:00,1,0,0.4628704786300659
cnn,ga,1,295,2024-05-23 15:15:00,1,0,0.4681077003479004
cnn,ga,1,296,2024-05-23 15:20:00,1,0,0.4664725661277771
cnn,ga,1,297,2024-05-23 15:20:00,1,0,0.4529930055141449
cnn,ga,1,298,2024-05-23 15:25:00,1,0,0.48907771706581116
cnn,ga,1,299,2024-05-23 15:25:00,1,0,0.4800366461277008
cnn,ga,1,300,2024-05-23 15:30:00,1,0,0.4887285828590393
cnn,ga,1,301,2024-05-23 15:30:00,1,0,0.49913591146469116
cnn,ga,1,302,2024-05-23 15:35:00,1,1,0.5449896454811096
cnn,ga,1,303,2024-05-23 15:35:00,1,1,0.5359634160995483
cnn,ga,1,304,2024-05-23 15:40:00,1,1,0.5322557091712952
cnn,ga,1,305,2024-05-23 15:40:00,1,1,0.5423569083213806
cnn,ga,1,306,2024-05-23 15:45:00,1,0,0.4936429560184479
cnn,ga,1,307,2024-05-23 15:45:00,1,1,0.5007473826408386
cnn,ga,1,308,2024-05-23 15:50:00,1,0,0.4919221103191376
cnn,ga,1,309,2024-05-23 15:50:00,1,0,0.4822762608528137
cnn,ga,1,310,2024-05-23 15:55:00,1,0,0.49442172050476074
cnn,ga,1,311,2024-05-23 15:55:00,1,1,0.5004127621650696
cnn,ga,1,312,2024-05-23 16:00:00,1,1,0.5054385662078857
cnn,ga,1,313,2024-05-23 16:00:00,1,1,0.5090889930725098
cnn,ga,1,314,2024-05-23 16:05:00,1,1,0.5141359567642212
cnn,ga,1,315,2024-05-23 16:05:00,1,1,0.5055917501449585
cnn,ga,1,316,2024-05-23 16:10:00,1,1,0.5266993641853333
cnn,ga,1,317,2024-05-23 16:10:00,1,1,0.5244231224060059
cnn,ga,1,318,2024-05-23 16:15:00,1,1,0.5550233721733093
cnn,ga,1,319,2024-05-23 16:15:00,1,1,0.5544843077659607
cnn,ga,1,320,2024-05-23 16:20:00,1,1,0.5936580300331116
cnn,ga,1,321,2024-05-23 16:20:00,1,1,0.5608505010604858
cnn,ga,1,322,2024-05-23 16:25:00,1,1,0.5504860877990723
cnn,ga,1,323,2024-05-23 16:25:00,1,1,0.5360292196273804
cnn,ga,1,324,2024-05-23 16:30:00,1,1,0.561063826084137
cnn,ga,1,325,2024-05-23 16:30:00,1,1,0.5307936072349548
cnn,ga,1,326,2024-05-23 16:35:00,1,1,0.5027315616607666
cnn,ga,1,327,2024-05-23 16:35:00,1,1,0.5029626488685608
cnn,ga,1,328,2024-05-23 16:40:00,1,1,0.530437707901001
cnn,ga,1,329,2024-05-23 16:40:00,1,1,0.5298705101013184
cnn,ga,1,330,2024-05-23 16:45:00,1,1,0.5761129260063171
cnn,ga,1,331,2024-05-23 16:45:00,1,1,0.5717144012451172
cnn,ga,1,332,2024-05-23 16:50:00,1,1,0.5099900364875793
cnn,ga,1,333,2024-05-23 16:50:00,1,1,0.519243597984314
cnn,ga,1,334,2024-05-23 16:55:00,1,1,0.5147770643234253
cnn,ga,1,335,2024-05-23 16:55:00,1,1,0.5206127166748047
cnn,ga,1,336,2024-05-23 17:00:00,1,1,0.5455269813537598
cnn,ga,1,337,2024-05-23 17:00:00,1,1,0.5540487766265869
cnn,ga,1,338,2024-05-23 17:05:00,1,1,0.5590763092041016
cnn,ga,1,339,2024-05-23 17:05:00,1,1,0.6179324388504028
cnn,ga,1,340,2024-05-23 17:10:00,1,1,0.5886760354042053
cnn,ga,1,341,2024-05-23 17:10:00,1,1,0.5725262761116028
cnn,ga,1,342,2024-05-23 17:15:00,1,1,0.6084252595901489
cnn,ga,1,343,2024-05-23 17:15:00,1,1,0.5917413234710693
cnn,ga,1,344,2024-05-23 17:20:00,1,1,0.5668225884437561
cnn,ga,1,345,2024-05-23 17:20:00,1,1,0.5623347759246826
cnn,ga,1,346,2024-05-23 17:25:00,1,1,0.6329018473625183
cnn,ga,1,347,2024-05-23 17:25:00,1,1,0.592600405216217
cnn,ga,1,348,2024-05-23 17:30:00,1,1,0.5791192054748535
cnn,ga,1,349,2024-05-23 17:30:00,1,1,0.5604665875434875
cnn,ga,1,350,2024-05-23 17:35:00,1,1,0.606351375579834
cnn,ga,1,351,2024-05-23 17:35:00,1,1,0.5602666139602661
cnn,ga,1,352,2024-05-23 17:40:00,1,1,0.5313445925712585
cnn,ga,1,353,2024-05-23 17:40:00,1,1,0.5329006314277649
cnn,ga,1,354,2024-05-23 17:45:00,1,0,0.49741220474243164
cnn,ga,1,355,2024-05-23 17:45:00,1,1,0.5042102932929993
cnn,ga,1,356,2024-05-23 17:50:00,1,0,0.48067790269851685
cnn,ga,1,357,2024-05-23 17:50:00,1,0,0.48079371452331543
cnn,ga,1,358,2024-05-23 17:55:00,1,0,0.4621904194355011
cnn,ga,1,359,2024-05-23 17:55:00,1,0,0.4516344666481018
cnn,ga,1,360,2024-05-24 10:40:00,0,1,0.5865939855575562
cnn,ga,1,361,2024-05-24 10:40:00,0,1,0.582851767539978
cnn,ga,1,362,2024-05-24 10:45:00,0,1,0.593414843082428
cnn,ga,1,363,2024-05-24 10:45:00,0,1,0.5934264063835144
cnn,ga,1,364,2024-05-24 10:50:00,0,0,0.48097702860832214
cnn,ga,1,365,2024-05-24 10:50:00,0,0,0.4792000651359558
cnn,ga,1,366,2024-05-24 10:55:00,0,0,0.465048223733902
cnn,ga,1,367,2024-05-24 10:55:00,0,0,0.4707384407520294
cnn,ga,1,368,2024-05-24 11:00:00,0,0,0.44864124059677124
cnn,ga,1,369,2024-05-24 11:00:00,0,0,0.4638700783252716
cnn,ga,1,370,2024-05-24 11:05:00,0,1,0.5080592036247253
cnn,ga,1,371,2024-05-24 11:05:00,0,1,0.5080069303512573
cnn,ga,1,372,2024-05-24 11:10:00,0,1,0.5771108269691467
cnn,ga,1,373,2024-05-24 11:10:00,0,1,0.5581778883934021
cnn,ga,1,374,2024-05-24 11:15:00,0,1,0.5782480835914612
cnn,ga,1,375,2024-05-24 11:15:00,0,1,0.5398029088973999
cnn,ga,1,376,2024-05-24 11:20:00,0,1,0.5309349298477173
cnn,ga,1,377,2024-05-24 11:20:00,1,1,0.5583705306053162
cnn,ga,1,378,2024-05-24 11:25:00,0,1,0.5702208876609802
cnn,ga,1,379,2024-05-24 11:25:00,0,1,0.5916420817375183
cnn,ga,1,380,2024-05-24 11:30:00,0,1,0.572412371635437
cnn,ga,1,381,2024-05-24 11:30:00,0,1,0.5601235628128052
cnn,ga,1,382,2024-05-24 11:35:00,0,0,0.4861935079097748
cnn,ga,1,383,2024-05-24 11:35:00,0,0,0.48328089714050293
cnn,ga,1,384,2024-05-24 11:40:00,0,0,0.44080641865730286
cnn,ga,1,385,2024-05-24 11:40:00,0,0,0.42519816756248474
cnn,ga,1,386,2024-05-24 11:45:00,0,0,0.4605984091758728
cnn,ga,1,387,2024-05-24 11:45:00,1,0,0.45807817578315735
cnn,ga,1,388,2024-05-24 11:50:00,0,1,0.5440766215324402
cnn,ga,1,389,2024-05-24 11:50:00,0,1,0.5306704640388489
cnn,ga,1,390,2024-05-24 11:55:00,0,1,0.5101821422576904
cnn,ga,1,391,2024-05-24 11:55:00,0,1,0.5121432542800903
cnn,ga,1,392,2024-05-24 12:00:00,0,0,0.48301008343696594
cnn,ga,1,393,2024-05-24 12:00:00,0,0,0.4691396951675415
cnn,ga,1,394,2024-05-24 12:05:00,0,1,0.5093997716903687
cnn,ga,1,395,2024-05-24 12:05:00,0,0,0.4863264560699463
cnn,ga,1,396,2024-05-24 12:10:00,0,0,0.4711655080318451
cnn,ga,1,397,2024-05-24 12:10:00,0,0,0.45190098881721497
cnn,ga,1,398,2024-05-24 12:15:00,0,0,0.47325095534324646
cnn,ga,1,399,2024-05-24 12:15:00,0,0,0.4624100625514984
cnn,ga,1,400,2024-05-24 12:20:00,0,0,0.46964913606643677
cnn,ga,1,401,2024-05-24 12:20:00,0,0,0.4480738937854767
cnn,ga,1,402,2024-05-24 12:25:00,0,0,0.46923568844795227
cnn,ga,1,403,2024-05-24 12:25:00,0,0,0.41287776827812195
cnn,ga,1,404,2024-05-24 12:30:00,0,0,0.46518826484680176
cnn,ga,1,405,2024-05-24 12:30:00,0,0,0.4767177700996399
cnn,ga,1,406,2024-05-24 12:35:00,0,0,0.4525110423564911
cnn,ga,1,407,2024-05-24 12:35:00,0,0,0.4394548535346985
cnn,ga,1,408,2024-05-24 12:40:00,0,0,0.415065199136734
cnn,ga,1,409,2024-05-24 12:40:00,0,0,0.4275475740432739
cnn,ga,1,410,2024-05-24 12:45:00,0,0,0.4230811297893524
cnn,ga,1,411,2024-05-24 12:45:00,0,0,0.4128759205341339
cnn,ga,1,412,2024-05-24 12:50:00,0,0,0.4127580523490906
cnn,ga,1,413,2024-05-24 12:50:00,0,0,0.4327166974544525
cnn,ga,1,414,2024-05-24 12:55:00,0,0,0.45098254084587097
cnn,ga,1,415,2024-05-24 12:55:00,0,0,0.4365834891796112
cnn,ga,1,416,2024-05-24 13:00:00,0,0,0.45269322395324707
cnn,ga,1,417,2024-05-24 13:00:00,0,0,0.4510059058666229
cnn,ga,1,418,2024-05-24 13:05:00,0,0,0.4774158000946045
cnn,ga,1,419,2024-05-24 13:05:00,0,0,0.4657943546772003
cnn,ga,1,420,2024-05-24 13:10:00,0,1,0.5328441858291626
cnn,ga,1,421,2024-05-24 13:10:00,0,1,0.5370671153068542
cnn,ga,1,422,2024-05-24 13:15:00,0,1,0.5853569507598877
cnn,ga,1,423,2024-05-24 13:15:00,0,1,0.5609936118125916
cnn,ga,1,424,2024-05-24 13:20:00,0,1,0.7737665772438049
cnn,ga,1,425,2024-05-24 13:20:00,0,1,0.5877206921577454
cnn,ga,1,426,2024-05-24 13:25:00,0,1,0.5552966594696045
cnn,ga,1,427,2024-05-24 13:25:00,0,1,0.6007121801376343
cnn,ga,1,428,2024-05-24 13:30:00,0,1,0.5085110068321228
cnn,ga,1,429,2024-05-24 13:30:00,0,1,0.5176665186882019
cnn,ga,1,430,2024-05-24 13:35:00,0,1,0.5037172436714172
cnn,ga,1,431,2024-05-24 13:35:00,0,1,0.5420845746994019
cnn,ga,1,432,2024-05-24 13:40:00,0,0,0.49115505814552307
cnn,ga,1,433,2024-05-24 13:40:00,0,1,0.5011323690414429
cnn,ga,1,434,2024-05-24 13:45:00,0,0,0.4561651647090912
cnn,ga,1,435,2024-05-24 13:45:00,0,0,0.47871533036231995
cnn,ga,1,436,2024-05-24 13:50:00,0,0,0.4520893394947052
cnn,ga,1,437,2024-05-24 13:50:00,0,0,0.44772711396217346
cnn,ga,1,438,2024-05-24 13:55:00,0,0,0.42934027314186096
cnn,ga,1,439,2024-05-24 13:55:00,0,0,0.4173354506492615
cnn,ga,1,440,2024-05-24 14:00:00,0,0,0.3787487745285034
cnn,ga,1,441,2024-05-24 14:00:00,0,0,0.4204857349395752
cnn,ga,1,442,2024-05-24 14:05:00,0,0,0.4006500542163849
cnn,ga,1,443,2024-05-24 14:05:00,0,0,0.4338163435459137
cnn,ga,1,444,2024-05-24 14:10:00,0,0,0.44650712609291077
cnn,ga,1,445,2024-05-24 14:10:00,0,0,0.47047045826911926
cnn,ga,1,446,2024-05-24 14:15:00,0,0,0.4689297378063202
cnn,ga,1,447,2024-05-24 14:15:00,0,0,0.46695971488952637
cnn,ga,1,448,2024-05-24 14:20:00,0,0,0.448748379945755
cnn,ga,1,449,2024-05-24 14:20:00,1,0,0.43730926513671875
cnn,ga,1,450,2024-05-24 14:25:00,0,0,0.4525122046470642
cnn,ga,1,451,2024-05-24 14:25:00,1,0,0.4320148527622223
cnn,ga,1,452,2024-05-24 14:30:00,0,0,0.45413729548454285
cnn,ga,1,453,2024-05-24 14:30:00,1,0,0.4418989419937134
cnn,ga,1,454,2024-05-24 14:35:00,1,1,0.5014863014221191
cnn,ga,1,455,2024-05-24 14:35:00,0,1,0.5025044083595276
cnn,ga,1,456,2024-05-24 14:40:00,0,1,0.5200984477996826
cnn,ga,1,457,2024-05-24 14:40:00,1,1,0.5242710709571838
cnn,ga,1,458,2024-05-24 14:45:00,0,1,0.5242067575454712
cnn,ga,1,459,2024-05-24 14:45:00,1,1,0.5809783935546875
cnn,ga,1,460,2024-05-24 14:50:00,0,1,0.5314880013465881
cnn,ga,1,461,2024-05-24 14:50:00,1,1,0.5374824404716492
cnn,ga,1,462,2024-05-24 14:55:00,0,1,0.5400957465171814
cnn,ga,1,463,2024-05-24 14:55:00,1,1,0.5680556297302246
cnn,ga,1,464,2024-05-24 15:00:00,0,1,0.5488992929458618
cnn,ga,1,465,2024-05-24 15:00:00,0,1,0.5208244919776917
cnn,ga,1,466,2024-05-24 15:05:00,0,0,0.45658668875694275
cnn,ga,1,467,2024-05-24 15:05:00,0,0,0.4639006555080414
cnn,ga,1,468,2024-05-24 15:10:00,0,0,0.42055800557136536
cnn,ga,1,469,2024-05-24 15:10:00,0,0,0.43460890650749207
cnn,ga,1,470,2024-05-24 15:15:00,0,0,0.4107857346534729
cnn,ga,1,471,2024-05-24 15:15:00,0,0,0.43052396178245544
cnn,ga,1,472,2024-05-24 15:20:00,0,0,0.41068023443222046
cnn,ga,1,473,2024-05-24 15:20:00,0,0,0.42042049765586853
cnn,ga,1,474,2024-05-24 15:25:00,0,0,0.30259978771209717
cnn,ga,1,475,2024-05-24 15:25:00,0,0,0.3853626251220703
cnn,ga,1,476,2024-05-24 15:30:00,0,0,0.3370135426521301
cnn,ga,1,477,2024-05-24 15:30:00,0,0,0.397882878780365
cnn,ga,1,478,2024-05-24 15:35:00,0,0,0.4075615108013153
cnn,ga,1,479,2024-05-24 15:35:00,0,0,0.3991747498512268
cnn,ga,1,480,2024-05-24 15:40:00,0,0,0.3547252416610718
cnn,ga,1,481,2024-05-24 15:40:00,0,0,0.3609577417373657
cnn,ga,1,482,2024-05-24 15:45:00,0,0,0.39532288908958435
cnn,ga,1,483,2024-05-24 15:45:00,0,0,0.4082634150981903
cnn,ga,1,484,2024-05-24 15:50:00,0,0,0.4425986111164093
cnn,ga,1,485,2024-05-24 15:50:00,0,0,0.4000312089920044
cnn,ga,1,486,2024-05-24 15:55:00,0,0,0.43361687660217285
cnn,ga,1,487,2024-05-24 15:55:00,0,0,0.4415346384048462
cnn,ga,1,488,2024-05-24 16:00:00,0,0,0.4374840557575226
cnn,ga,1,489,2024-05-24 16:00:00,1,0,0.424252450466156
cnn,ga,1,490,2024-05-24 16:05:00,1,0,0.35442158579826355
cnn,ga,1,491,2024-05-24 16:05:00,0,0,0.39987340569496155
cnn,ga,1,492,2024-05-24 16:10:00,0,0,0.45471736788749695
cnn,ga,1,493,2024-05-24 16:10:00,1,0,0.42597824335098267
cnn,ga,1,494,2024-05-24 16:15:00,1,0,0.4566706120967865
cnn,ga,1,495,2024-05-24 16:15:00,0,0,0.46596819162368774
cnn,ga,1,496,2024-05-24 16:20:00,0,0,0.47738146781921387
cnn,ga,1,497,2024-05-24 16:20:00,1,0,0.4596073031425476
cnn,ga,1,498,2024-05-24 16:25:00,0,1,0.5165385603904724
cnn,ga,1,499,2024-05-24 16:25:00,1,1,0.5144532322883606
cnn,ga,1,500,2024-05-24 16:30:00,0,1,0.5454482436180115
cnn,ga,1,501,2024-05-24 16:30:00,1,1,0.577890932559967
cnn,ga,1,502,2024-05-24 16:35:00,1,1,0.5809987783432007
cnn,ga,1,503,2024-05-24 16:35:00,0,1,0.5696917176246643
cnn,ga,1,504,2024-05-24 16:40:00,1,1,0.5478879809379578
cnn,ga,1,505,2024-05-24 16:40:00,0,1,0.5487751960754395
cnn,ga,1,506,2024-05-24 16:45:00,1,1,0.543196976184845
cnn,ga,1,507,2024-05-24 16:45:00,0,1,0.5301339030265808
cnn,ga,1,508,2024-05-24 16:50:00,0,1,0.5204391479492188
cnn,ga,1,509,2024-05-24 16:50:00,1,1,0.6655442714691162
cnn,ga,1,510,2024-05-24 16:55:00,0,0,0.4664209187030792
cnn,ga,1,511,2024-05-24 16:55:00,1,0,0.46690917015075684
cnn,ga,1,512,2024-05-24 17:00:00,0,0,0.4478107690811157
cnn,ga,1,513,2024-05-24 17:00:00,1,0,0.43140724301338196
cnn,ga,1,514,2024-05-24 17:05:00,1,0,0.41298869252204895
cnn,ga,1,515,2024-05-24 17:05:00,0,0,0.43705135583877563
cnn,ga,1,516,2024-05-24 17:10:00,1,0,0.42229798436164856
cnn,ga,1,517,2024-05-24 17:10:00,0,0,0.437160849571228
cnn,ga,1,518,2024-05-24 17:15:00,1,0,0.35445863008499146
cnn,ga,1,519,2024-05-24 17:15:00,0,0,0.4164998233318329
cnn,ga,1,520,2024-05-24 17:20:00,0,0,0.44638004899024963
cnn,ga,1,521,2024-05-24 17:20:00,1,0,0.4323342740535736
cnn,ga,1,522,2024-05-24 17:25:00,1,0,0.4719163775444031
cnn,ga,1,523,2024-05-24 17:25:00,0,0,0.48000580072402954
cnn,ga,1,524,2024-05-24 17:30:00,0,1,0.5073680877685547
cnn,ga,1,525,2024-05-24 17:30:00,1,1,0.5009654760360718
cnn,ga,1,526,2024-05-24 17:35:00,0,1,0.5067368149757385
cnn,ga,1,527,2024-05-24 17:35:00,1,1,0.5694238543510437
cnn,ga,1,528,2024-05-24 17:40:00,0,0,0.4983789026737213
cnn,ga,1,529,2024-05-24 17:40:00,1,1,0.5107249617576599
cnn,ga,1,530,2024-05-24 17:45:00,0,0,0.49261945486068726
cnn,ga,1,531,2024-05-24 17:45:00,1,0,0.48974186182022095
cnn,ga,1,532,2024-05-24 17:50:00,1,0,0.47840195894241333
cnn,ga,1,533,2024-05-24 17:50:00,0,1,0.503272533416748
cnn,ga,1,534,2024-05-24 17:55:00,0,0,0.45788055658340454
cnn,ga,1,535,2024-05-24 17:55:00,0,0,0.447330117225647
cnn,ga,1,536,2024-05-27 10:40:00,0,0,0.4323543310165405
cnn,ga,1,537,2024-05-27 10:45:00,0,1,0.5410681962966919
cnn,ga,1,538,2024-05-27 10:50:00,0,0,0.4878368377685547
cnn,ga,1,539,2024-05-27 10:55:00,0,0,0.4357166290283203
cnn,ga,1,540,2024-05-27 11:00:00,0,0,0.4673856794834137
cnn,ga,1,541,2024-05-27 11:05:00,0,0,0.4299216568470001
cnn,ga,1,542,2024-05-27 11:10:00,0,0,0.41512545943260193
cnn,ga,1,543,2024-05-27 11:15:00,0,0,0.41502878069877625
cnn,ga,1,544,2024-05-27 11:20:00,0,0,0.48135846853256226
cnn,ga,1,545,2024-05-27 11:25:00,0,0,0.4710399806499481
cnn,ga,1,546,2024-05-27 11:30:00,1,0,0.4368128478527069
cnn,ga,1,547,2024-05-27 11:30:00,1,0,0.44622093439102173
cnn,ga,1,548,2024-05-27 11:35:00,1,0,0.43734899163246155
cnn,ga,1,549,2024-05-27 11:35:00,1,0,0.4269895553588867
cnn,ga,1,550,2024-05-27 11:40:00,1,0,0.4971393346786499
cnn,ga,1,551,2024-05-27 11:40:00,1,0,0.4922027885913849
cnn,ga,1,552,2024-05-27 11:45:00,1,1,0.5093771815299988
cnn,ga,1,553,2024-05-27 11:45:00,1,1,0.5116790533065796
cnn,ga,1,554,2024-05-27 11:50:00,1,1,0.5039399266242981
cnn,ga,1,555,2024-05-27 11:50:00,1,0,0.4989933967590332
cnn,ga,1,556,2024-05-27 11:55:00,1,1,0.5344239473342896
cnn,ga,1,557,2024-05-27 11:55:00,1,1,0.5284831523895264
cnn,ga,1,558,2024-05-27 12:00:00,1,1,0.5055445432662964
cnn,ga,1,559,2024-05-27 12:00:00,1,1,0.5142561197280884
cnn,ga,1,560,2024-05-27 12:05:00,1,1,0.5602515935897827
cnn,ga,1,561,2024-05-27 12:05:00,1,1,0.5461832284927368
cnn,ga,1,562,2024-05-27 12:10:00,1,1,0.5811806321144104
cnn,ga,1,563,2024-05-27 12:10:00,1,1,0.5691710710525513
cnn,ga,1,564,2024-05-27 12:15:00,1,1,0.5811241865158081
cnn,ga,1,565,2024-05-27 12:15:00,1,1,0.5499909520149231
cnn,ga,1,566,2024-05-27 12:20:00,1,1,0.5973467230796814
cnn,ga,1,567,2024-05-27 12:20:00,1,1,0.5629198551177979
cnn,ga,1,568,2024-05-27 12:25:00,1,1,0.5547882318496704
cnn,ga,1,569,2024-05-27 12:30:00,1,1,0.621732234954834
cnn,ga,1,570,2024-05-27 12:30:00,1,1,0.5611182451248169
cnn,ga,1,571,2024-05-27 12:35:00,1,1,0.5549811720848083
cnn,ga,1,572,2024-05-27 12:35:00,1,1,0.5462625622749329
cnn,ga,1,573,2024-05-27 12:40:00,1,1,0.5551112294197083
cnn,ga,1,574,2024-05-27 12:40:00,1,1,0.5617890954017639
cnn,ga,1,575,2024-05-27 12:45:00,1,1,0.5295790433883667
cnn,ga,1,576,2024-05-27 12:45:00,1,1,0.5242323875427246
cnn,ga,1,577,2024-05-27 12:50:00,1,0,0.496784508228302
cnn,ga,1,578,2024-05-27 12:50:00,1,0,0.4659859836101532
cnn,ga,1,579,2024-05-27 12:55:00,1,1,0.5194433927536011
cnn,ga,1,580,2024-05-27 12:55:00,1,1,0.5221261978149414
cnn,ga,1,581,2024-05-27 13:00:00,1,1,0.5121439099311829
cnn,ga,1,582,2024-05-27 13:05:00,1,0,0.4803289473056793
cnn,ga,1,583,2024-05-27 13:05:00,1,0,0.48243945837020874
cnn,ga,1,584,2024-05-27 13:10:00,1,0,0.4813835620880127
cnn,ga,1,585,2024-05-27 13:10:00,1,0,0.4856683909893036
cnn,ga,1,586,2024-05-27 13:15:00,1,1,0.5252187252044678
cnn,ga,1,587,2024-05-27 13:15:00,1,1,0.5195110440254211
cnn,ga,1,588,2024-05-27 13:20:00,1,1,0.5085199475288391
cnn,ga,1,589,2024-05-27 13:20:00,1,1,0.509709894657135
cnn,ga,1,590,2024-05-27 13:25:00,1,1,0.5243260264396667
cnn,ga,1,591,2024-05-27 13:25:00,1,1,0.5303053259849548
cnn,ga,1,592,2024-05-27 13:30:00,1,1,0.5252453684806824
cnn,ga,1,593,2024-05-27 13:35:00,1,1,0.5298650860786438
cnn,ga,1,594,2024-05-27 13:40:00,1,1,0.5610458254814148
cnn,ga,1,595,2024-05-27 13:40:00,1,1,0.5453211665153503
cnn,ga,1,596,2024-05-27 13:45:00,1,1,0.5755689144134521
cnn,ga,1,597,2024-05-27 13:45:00,1,1,0.5542266368865967
cnn,ga,1,598,2024-05-27 13:50:00,1,1,0.5293324589729309
cnn,ga,1,599,2024-05-27 13:50:00,1,1,0.5289434194564819
cnn,ga,1,600,2024-05-27 13:55:00,1,1,0.5261880159378052
cnn,ga,1,601,2024-05-27 13:55:00,1,1,0.5303177833557129
cnn,ga,1,602,2024-05-27 14:00:00,1,1,0.5455746650695801
cnn,ga,1,603,2024-05-27 14:00:00,1,1,0.5487121343612671
cnn,ga,1,604,2024-05-27 14:05:00,1,1,0.6154720187187195
cnn,ga,1,605,2024-05-27 14:05:00,0,1,0.5820817351341248
cnn,ga,1,606,2024-05-27 14:10:00,0,1,0.5525238513946533
cnn,ga,1,607,2024-05-27 14:10:00,0,1,0.6226531267166138
cnn,ga,1,608,2024-05-27 14:15:00,0,0,0.49848681688308716
cnn,ga,1,609,2024-05-27 14:15:00,0,1,0.5090896487236023
cnn,ga,1,610,2024-05-27 14:20:00,0,0,0.4566046893596649
cnn,ga,1,611,2024-05-27 14:20:00,0,0,0.4576951265335083
cnn,ga,1,612,2024-05-27 14:25:00,0,0,0.4212321639060974
cnn,ga,1,613,2024-05-27 14:25:00,0,0,0.43212074041366577
cnn,ga,1,614,2024-05-27 14:30:00,0,0,0.41628143191337585
cnn,ga,1,615,2024-05-27 14:30:00,1,0,0.4269677400588989
cnn,ga,1,616,2024-05-27 14:35:00,0,0,0.33871570229530334
cnn,ga,1,617,2024-05-27 14:35:00,1,0,0.4111592471599579
cnn,ga,1,618,2024-05-27 14:40:00,1,0,0.4465693235397339
cnn,ga,1,619,2024-05-27 14:40:00,0,0,0.3971863090991974
cnn,ga,1,620,2024-05-27 14:45:00,0,1,0.5074083805084229
cnn,ga,1,621,2024-05-27 14:45:00,1,1,0.5019632577896118
cnn,ga,1,622,2024-05-27 14:50:00,0,0,0.4877045452594757
cnn,ga,1,623,2024-05-27 14:50:00,1,0,0.4843481779098511
cnn,ga,1,624,2024-05-27 14:55:00,0,0,0.47678765654563904
cnn,ga,1,625,2024-05-27 14:55:00,1,0,0.47884905338287354
cnn,ga,1,626,2024-05-27 15:00:00,1,0,0.4989776015281677
cnn,ga,1,627,2024-05-27 15:00:00,0,1,0.5150747299194336
cnn,ga,1,628,2024-05-27 15:05:00,0,1,0.5355286598205566
cnn,ga,1,629,2024-05-27 15:05:00,1,0,0.49031171202659607
cnn,ga,1,630,2024-05-27 15:10:00,1,0,0.48837798833847046
cnn,ga,1,631,2024-05-27 15:10:00,1,0,0.4919654428958893
cnn,ga,1,632,2024-05-27 15:15:00,1,1,0.5004289746284485
cnn,ga,1,633,2024-05-27 15:15:00,1,1,0.5131216049194336
cnn,ga,1,634,2024-05-27 15:20:00,1,1,0.5389116406440735
cnn,ga,1,635,2024-05-27 15:20:00,1,1,0.5422011017799377
cnn,ga,1,636,2024-05-27 15:25:00,1,1,0.5794724822044373
cnn,ga,1,637,2024-05-27 15:25:00,1,1,0.7146786451339722
cnn,ga,1,638,2024-05-27 15:30:00,1,1,0.5512281656265259
cnn,ga,1,639,2024-05-27 15:30:00,1,1,0.5880669355392456
cnn,ga,1,640,2024-05-27 15:35:00,1,1,0.5166940093040466
cnn,ga,1,641,2024-05-27 15:35:00,1,1,0.5371715426445007
cnn,ga,1,642,2024-05-27 15:40:00,1,0,0.4985820949077606
cnn,ga,1,643,2024-05-27 15:40:00,1,0,0.48454776406288147
cnn,ga,1,644,2024-05-27 15:45:00,1,0,0.47474542260169983
cnn,ga,1,645,2024-05-27 15:45:00,1,0,0.45915302634239197
cnn,ga,1,646,2024-05-27 15:50:00,1,0,0.4723894000053406
cnn,ga,1,647,2024-05-27 15:50:00,1,0,0.41153132915496826
cnn,ga,1,648,2024-05-27 15:55:00,1,0,0.4739914536476135
cnn,ga,1,649,2024-05-27 15:55:00,1,0,0.45331236720085144
cnn,ga,1,650,2024-05-27 16:00:00,1,1,0.542834460735321
cnn,ga,1,651,2024-05-27 16:00:00,1,1,0.5788185596466064
cnn,ga,1,652,2024-05-27 16:05:00,1,1,0.5843081474304199
cnn,ga,1,653,2024-05-27 16:05:00,1,1,0.5990052223205566
cnn,ga,1,654,2024-05-27 16:10:00,1,1,0.5554215908050537
cnn,ga,1,655,2024-05-27 16:10:00,1,1,0.5914720296859741
cnn,ga,1,656,2024-05-27 16:15:00,1,1,0.6030066013336182
cnn,ga,1,657,2024-05-27 16:15:00,1,1,0.5551491379737854
cnn,ga,1,658,2024-05-27 16:20:00,1,1,0.557081937789917
cnn,ga,1,659,2024-05-27 16:20:00,0,1,0.6169324517250061
cnn,ga,1,660,2024-05-27 16:25:00,1,1,0.5342975854873657
cnn,ga,1,661,2024-05-27 16:25:00,0,1,0.5535991191864014
cnn,ga,1,662,2024-05-27 16:30:00,0,1,0.5312936902046204
cnn,ga,1,663,2024-05-27 16:30:00,1,1,0.5378028750419617
cnn,ga,1,664,2024-05-27 16:35:00,0,1,0.5418027639389038
cnn,ga,1,665,2024-05-27 16:35:00,1,1,0.5311306715011597
cnn,ga,1,666,2024-05-27 16:40:00,0,1,0.503288209438324
cnn,ga,1,667,2024-05-27 16:40:00,1,1,0.5092867612838745
cnn,ga,1,668,2024-05-27 16:45:00,1,1,0.5085769891738892
cnn,ga,1,669,2024-05-27 16:45:00,0,1,0.5330286622047424
cnn,ga,1,670,2024-05-27 16:50:00,1,1,0.5230787992477417
cnn,ga,1,671,2024-05-27 16:50:00,0,1,0.5483292937278748
cnn,ga,1,672,2024-05-27 16:55:00,0,1,0.5273405313491821
cnn,ga,1,673,2024-05-27 16:55:00,1,1,0.5257757306098938
cnn,ga,1,674,2024-05-27 17:00:00,0,1,0.5593593120574951
cnn,ga,1,675,2024-05-27 17:00:00,1,1,0.5239201784133911
cnn,ga,1,676,2024-05-27 17:05:00,0,0,0.48899388313293457
cnn,ga,1,677,2024-05-27 17:05:00,1,0,0.4989796280860901
cnn,ga,1,678,2024-05-27 17:10:00,1,0,0.4745454490184784
cnn,ga,1,679,2024-05-27 17:10:00,0,0,0.43533024191856384
cnn,ga,1,680,2024-05-27 17:15:00,1,1,0.507838249206543
cnn,ga,1,681,2024-05-27 17:15:00,1,0,0.4746868908405304
cnn,ga,1,682,2024-05-27 17:20:00,1,0,0.4901854395866394
cnn,ga,1,683,2024-05-27 17:20:00,1,0,0.49177706241607666
cnn,ga,1,684,2024-05-27 17:25:00,1,1,0.5159790515899658
cnn,ga,1,685,2024-05-27 17:25:00,1,0,0.49030977487564087
cnn,ga,1,686,2024-05-27 17:30:00,1,1,0.5184053182601929
cnn,ga,1,687,2024-05-27 17:30:00,1,1,0.5377009510993958
cnn,ga,1,688,2024-05-27 17:35:00,1,1,0.5163998603820801
cnn,ga,1,689,2024-05-27 17:35:00,1,1,0.5216436982154846
cnn,ga,1,690,2024-05-27 17:40:00,1,1,0.5380334258079529
cnn,ga,1,691,2024-05-27 17:40:00,1,1,0.6389610767364502
cnn,ga,1,692,2024-05-27 17:45:00,1,1,0.5361888408660889
cnn,ga,1,693,2024-05-27 17:45:00,1,1,0.5472162961959839
cnn,ga,1,694,2024-05-27 17:50:00,1,1,0.5369436144828796
cnn,ga,1,695,2024-05-27 17:50:00,1,1,0.5314074754714966
cnn,ga,1,696,2024-05-27 17:55:00,1,0,0.49632692337036133
cnn,ga,1,697,2024-05-27 17:55:00,0,0,0.4921718239784241
cnn,ga,1,698,2024-05-28 10:40:00,0,0,0.3448793888092041
cnn,ga,1,699,2024-05-28 10:45:00,0,0,0.37913084030151367
cnn,ga,1,700,2024-05-28 10:50:00,0,0,0.38346993923187256
cnn,ga,1,701,2024-05-28 10:55:00,0,0,0.3732973635196686
cnn,ga,1,702,2024-05-28 11:00:00,0,0,0.3897261619567871
cnn,ga,1,703,2024-05-28 11:05:00,0,0,0.4419582486152649
cnn,ga,1,704,2024-05-28 11:10:00,0,0,0.4383411407470703
cnn,ga,1,705,2024-05-28 11:15:00,0,0,0.42952632904052734
cnn,ga,1,706,2024-05-28 11:20:00,0,0,0.45354026556015015
cnn,ga,1,707,2024-05-28 11:25:00,0,0,0.4554692208766937
cnn,ga,1,708,2024-05-28 11:30:00,0,0,0.4357060194015503
cnn,ga,1,709,2024-05-28 11:35:00,1,0,0.4068168103694916
cnn,ga,1,710,2024-05-28 11:40:00,1,0,0.457343190908432
cnn,ga,1,711,2024-05-28 11:45:00,1,1,0.5025719404220581
cnn,ga,1,712,2024-05-28 11:50:00,1,1,0.5134806036949158
cnn,ga,1,713,2024-05-28 11:55:00,1,0,0.4768466353416443
cnn,ga,1,714,2024-05-28 12:00:00,1,0,0.46470215916633606
cnn,ga,1,715,2024-05-28 12:05:00,1,0,0.4560829699039459
cnn,ga,1,716,2024-05-28 12:10:00,1,0,0.4936087429523468
cnn,ga,1,717,2024-05-28 12:15:00,1,1,0.5049669146537781
cnn,ga,1,718,2024-05-28 12:20:00,1,1,0.5688382983207703
cnn,ga,1,719,2024-05-28 12:25:00,1,1,0.5752673149108887
cnn,ga,1,720,2024-05-28 12:30:00,1,1,0.5508201122283936
cnn,ga,1,721,2024-05-28 12:35:00,1,1,0.5486137866973877
cnn,ga,1,722,2024-05-28 12:40:00,1,1,0.5409737825393677
cnn,ga,1,723,2024-05-28 12:45:00,1,1,0.5494424104690552
cnn,ga,1,724,2024-05-28 12:50:00,1,1,0.5509974360466003
cnn,ga,1,725,2024-05-28 12:55:00,1,1,0.5619009137153625
cnn,ga,1,726,2024-05-28 13:00:00,0,1,0.5867435336112976
cnn,ga,1,727,2024-05-28 13:00:00,0,1,0.5692155361175537
cnn,ga,1,728,2024-05-28 13:05:00,0,1,0.5182768106460571
cnn,ga,1,729,2024-05-28 13:05:00,0,1,0.5242525935173035
cnn,ga,1,730,2024-05-28 13:10:00,0,0,0.49945366382598877
cnn,ga,1,731,2024-05-28 13:10:00,0,1,0.5061362981796265
cnn,ga,1,732,2024-05-28 13:15:00,0,0,0.44428589940071106
cnn,ga,1,733,2024-05-28 13:15:00,0,0,0.44884276390075684
cnn,ga,1,734,2024-05-28 13:20:00,0,0,0.39778557419776917
cnn,ga,1,735,2024-05-28 13:20:00,0,0,0.3862913250923157
cnn,ga,1,736,2024-05-28 13:25:00,0,0,0.41358184814453125
cnn,ga,1,737,2024-05-28 13:25:00,0,0,0.38528597354888916
cnn,ga,1,738,2024-05-28 13:30:00,0,0,0.44680365920066833
cnn,ga,1,739,2024-05-28 13:30:00,0,0,0.4210934340953827
cnn,ga,1,740,2024-05-28 13:35:00,0,0,0.4569952189922333
cnn,ga,1,741,2024-05-28 13:35:00,0,0,0.4423653483390808
cnn,ga,1,742,2024-05-28 13:40:00,0,0,0.4159618616104126
cnn,ga,1,743,2024-05-28 13:40:00,0,0,0.4586702883243561
cnn,ga,1,744,2024-05-28 13:45:00,0,0,0.4517345726490021
cnn,ga,1,745,2024-05-28 13:45:00,0,0,0.4468088746070862
cnn,ga,1,746,2024-05-28 13:50:00,0,0,0.41982755064964294
cnn,ga,1,747,2024-05-28 13:50:00,0,0,0.41908499598503113
cnn,ga,1,748,2024-05-28 13:55:00,0,0,0.37606149911880493
cnn,ga,1,749,2024-05-28 13:55:00,0,0,0.37421855330467224
cnn,ga,1,750,2024-05-28 14:00:00,0,0,0.36795029044151306
cnn,ga,1,751,2024-05-28 14:00:00,0,0,0.36899828910827637
cnn,ga,1,752,2024-05-28 14:05:00,0,0,0.38720566034317017
cnn,ga,1,753,2024-05-28 14:05:00,0,0,0.38386768102645874
cnn,ga,1,754,2024-05-28 14:10:00,0,0,0.40583470463752747
cnn,ga,1,755,2024-05-28 14:10:00,0,0,0.4048859179019928
cnn,ga,1,756,2024-05-28 14:15:00,0,0,0.42438021302223206
cnn,ga,1,757,2024-05-28 14:15:00,0,0,0.42920735478401184
cnn,ga,1,758,2024-05-28 14:20:00,0,0,0.45971181988716125
cnn,ga,1,759,2024-05-28 14:20:00,0,0,0.46128547191619873
cnn,ga,1,760,2024-05-28 14:25:00,0,0,0.4985884428024292
cnn,ga,1,761,2024-05-28 14:25:00,0,0,0.49593549966812134
cnn,ga,1,762,2024-05-28 14:30:00,0,0,0.4981665015220642
cnn,ga,1,763,2024-05-28 14:30:00,0,0,0.49753162264823914
cnn,ga,1,764,2024-05-28 14:35:00,0,1,0.5015941858291626
cnn,ga,1,765,2024-05-28 14:35:00,0,0,0.49565955996513367
cnn,ga,1,766,2024-05-28 14:40:00,0,0,0.4626142978668213
cnn,ga,1,767,2024-05-28 14:40:00,0,0,0.4620445966720581
cnn,ga,1,768,2024-05-28 14:45:00,0,0,0.4173421859741211
cnn,ga,1,769,2024-05-28 14:45:00,0,0,0.42235851287841797
cnn,ga,1,770,2024-05-28 14:50:00,0,0,0.4025534391403198
cnn,ga,1,771,2024-05-28 14:50:00,0,0,0.40481871366500854
cnn,ga,1,772,2024-05-28 14:55:00,0,0,0.35344409942626953
cnn,ga,1,773,2024-05-28 14:55:00,0,0,0.36200904846191406
cnn,ga,1,774,2024-05-28 15:00:00,0,0,0.3793262839317322
cnn,ga,1,775,2024-05-28 15:00:00,0,0,0.3848097324371338
cnn,ga,1,776,2024-05-28 15:05:00,0,0,0.4388078451156616
cnn,ga,1,777,2024-05-28 15:05:00,0,0,0.44507914781570435
cnn,ga,1,778,2024-05-28 15:10:00,0,0,0.4575636684894562
cnn,ga,1,779,2024-05-28 15:10:00,0,0,0.45662567019462585
cnn,ga,1,780,2024-05-28 15:15:00,0,0,0.4282752275466919
cnn,ga,1,781,2024-05-28 15:15:00,0,0,0.4294339716434479
cnn,ga,1,782,2024-05-28 15:20:00,0,0,0.403089314699173
cnn,ga,1,783,2024-05-28 15:20:00,0,0,0.4059998393058777
cnn,ga,1,784,2024-05-28 15:25:00,0,0,0.4213842451572418
cnn,ga,1,785,2024-05-28 15:25:00,0,0,0.42893534898757935
cnn,ga,1,786,2024-05-28 15:30:00,0,0,0.39977163076400757
cnn,ga,1,787,2024-05-28 15:30:00,0,0,0.39111265540122986
cnn,ga,1,788,2024-05-28 15:35:00,0,0,0.39461418986320496
cnn,ga,1,789,2024-05-28 15:35:00,0,0,0.3939763605594635
cnn,ga,1,790,2024-05-28 15:40:00,0,0,0.37654587626457214
cnn,ga,1,791,2024-05-28 15:40:00,0,0,0.3924621343612671
cnn,ga,1,792,2024-05-28 15:45:00,0,0,0.4077104330062866
cnn,ga,1,793,2024-05-28 15:45:00,0,0,0.37816980481147766
cnn,ga,1,794,2024-05-28 15:50:00,0,0,0.4375303387641907
cnn,ga,1,795,2024-05-28 15:50:00,0,0,0.42996031045913696
cnn,ga,1,796,2024-05-28 15:55:00,0,0,0.492879718542099
cnn,ga,1,797,2024-05-28 15:55:00,0,0,0.48512187600135803
cnn,ga,1,798,2024-05-28 16:00:00,0,0,0.474075585603714
cnn,ga,1,799,2024-05-28 16:00:00,0,0,0.48075348138809204
cnn,ga,1,800,2024-05-28 16:05:00,0,0,0.45919570326805115
cnn,ga,1,801,2024-05-28 16:05:00,0,0,0.4419329762458801
cnn,ga,1,802,2024-05-28 16:10:00,1,0,0.44534048438072205
cnn,ga,1,803,2024-05-28 16:10:00,1,0,0.438978910446167
cnn,ga,1,804,2024-05-28 16:15:00,1,0,0.4400801956653595
cnn,ga,1,805,2024-05-28 16:15:00,1,0,0.42933177947998047
cnn,ga,1,806,2024-05-28 16:20:00,1,0,0.4620392918586731
cnn,ga,1,807,2024-05-28 16:20:00,1,0,0.4499814510345459
cnn,ga,1,808,2024-05-28 16:25:00,1,0,0.494744211435318
cnn,ga,1,809,2024-05-28 16:25:00,1,0,0.4844869077205658
cnn,ga,1,810,2024-05-28 16:30:00,1,1,0.5128600001335144
cnn,ga,1,811,2024-05-28 16:30:00,1,1,0.5120614171028137
cnn,ga,1,812,2024-05-28 16:35:00,1,1,0.5403111577033997
cnn,ga,1,813,2024-05-28 16:35:00,1,1,0.5344931483268738
cnn,ga,1,814,2024-05-28 16:40:00,1,0,0.4971903860569
cnn,ga,1,815,2024-05-28 16:40:00,1,1,0.5052913427352905
cnn,ga,1,816,2024-05-28 16:45:00,1,1,0.5472506880760193
cnn,ga,1,817,2024-05-28 16:45:00,1,1,0.5390488505363464
cnn,ga,1,818,2024-05-28 16:50:00,1,1,0.573482096195221
cnn,ga,1,819,2024-05-28 16:50:00,0,1,0.5992361903190613
cnn,ga,1,820,2024-05-28 16:55:00,0,1,0.5859725475311279
cnn,ga,1,821,2024-05-28 16:55:00,0,1,0.5805892944335938
cnn,ga,1,822,2024-05-28 17:00:00,0,1,0.5534970164299011
cnn,ga,1,823,2024-05-28 17:00:00,0,1,0.5579898953437805
cnn,ga,1,824,2024-05-28 17:05:00,0,1,0.51054847240448
cnn,ga,1,825,2024-05-28 17:05:00,0,1,0.5034152269363403
cnn,ga,1,826,2024-05-28 17:10:00,0,0,0.4733694791793823
cnn,ga,1,827,2024-05-28 17:10:00,0,0,0.4705336391925812
cnn,ga,1,828,2024-05-28 17:15:00,0,0,0.4890868365764618
cnn,ga,1,829,2024-05-28 17:15:00,0,0,0.4799326956272125
cnn,ga,1,830,2024-05-28 17:20:00,0,0,0.45349448919296265
cnn,ga,1,831,2024-05-28 17:20:00,0,0,0.47950154542922974
cnn,ga,1,832,2024-05-28 17:25:00,0,0,0.461141437292099
cnn,ga,1,833,2024-05-28 17:25:00,0,0,0.450755774974823
cnn,ga,1,834,2024-05-28 17:30:00,0,0,0.45237013697624207
cnn,ga,1,835,2024-05-28 17:30:00,0,0,0.4231935739517212
cnn,ga,1,836,2024-05-28 17:35:00,0,0,0.4449634850025177
cnn,ga,1,837,2024-05-28 17:35:00,0,0,0.44270116090774536
cnn,ga,1,838,2024-05-28 17:40:00,0,0,0.39537984132766724
cnn,ga,1,839,2024-05-28 17:40:00,0,0,0.36227649450302124
cnn,ga,1,840,2024-05-28 17:45:00,0,0,0.46003392338752747
cnn,ga,1,841,2024-05-28 17:45:00,0,0,0.4525396525859833
cnn,ga,1,842,2024-05-28 17:50:00,0,0,0.45470693707466125
cnn,ga,1,843,2024-05-28 17:50:00,0,0,0.4262465834617615
cnn,ga,1,844,2024-05-28 17:55:00,1,0,0.4158642888069153
cnn,ga,1,845,2024-05-28 17:55:00,1,0,0.44518569111824036
cnn,ga,1,846,2024-05-29 10:40:00,1,0,0.4497726857662201
cnn,ga,1,847,2024-05-29 10:40:00,1,0,0.4564615786075592
cnn,ga,1,848,2024-05-29 10:45:00,1,0,0.49711406230926514
cnn,ga,1,849,2024-05-29 10:45:00,1,0,0.4980243742465973
cnn,ga,1,850,2024-05-29 10:50:00,1,1,0.5193003416061401
cnn,ga,1,851,2024-05-29 10:50:00,1,1,0.5183249115943909
cnn,ga,1,852,2024-05-29 10:55:00,1,1,0.576387345790863
cnn,ga,1,853,2024-05-29 10:55:00,1,1,0.5754862427711487
cnn,ga,1,854,2024-05-29 11:00:00,1,1,0.6000065207481384
cnn,ga,1,855,2024-05-29 11:00:00,1,1,0.6066951751708984
cnn,ga,1,856,2024-05-29 11:05:00,1,1,0.6321919560432434
cnn,ga,1,857,2024-05-29 11:05:00,1,1,0.626031756401062
cnn,ga,1,858,2024-05-29 11:10:00,1,1,0.616480827331543
cnn,ga,1,859,2024-05-29 11:10:00,1,1,0.6046376824378967
cnn,ga,1,860,2024-05-29 11:15:00,1,1,0.5779914855957031
cnn,ga,1,861,2024-05-29 11:15:00,1,1,0.5689427256584167
cnn,ga,1,862,2024-05-29 11:20:00,1,1,0.5431728363037109
cnn,ga,1,863,2024-05-29 11:20:00,1,1,0.5386736392974854
cnn,ga,1,864,2024-05-29 11:25:00,1,1,0.5685778260231018
cnn,ga,1,865,2024-05-29 11:25:00,1,1,0.5844839811325073
cnn,ga,1,866,2024-05-29 11:30:00,1,1,0.5373291969299316
cnn,ga,1,867,2024-05-29 11:30:00,1,1,0.5444092750549316
cnn,ga,1,868,2024-05-29 11:35:00,1,1,0.5726173520088196
cnn,ga,1,869,2024-05-29 11:35:00,1,1,0.5605325102806091
cnn,ga,1,870,2024-05-29 11:40:00,1,1,0.5496106743812561
cnn,ga,1,871,2024-05-29 11:40:00,1,1,0.553222119808197
cnn,ga,1,872,2024-05-29 11:45:00,0,1,0.5856539011001587
cnn,ga,1,873,2024-05-29 11:45:00,0,1,0.581742525100708
cnn,ga,1,874,2024-05-29 11:50:00,0,1,0.579833984375
cnn,ga,1,875,2024-05-29 11:50:00,0,1,0.5838882327079773
cnn,ga,1,876,2024-05-29 11:55:00,0,1,0.5541966557502747
cnn,ga,1,877,2024-05-29 11:55:00,0,1,0.547604501247406
cnn,ga,1,878,2024-05-29 12:00:00,0,1,0.5743551254272461
cnn,ga,1,879,2024-05-29 12:00:00,0,1,0.5581972002983093
cnn,ga,1,880,2024-05-29 12:05:00,0,1,0.53681480884552
cnn,ga,1,881,2024-05-29 12:05:00,0,1,0.5276579856872559
cnn,ga,1,882,2024-05-29 12:10:00,0,0,0.4529726207256317
cnn,ga,1,883,2024-05-29 12:10:00,0,0,0.45737791061401367
cnn,ga,1,884,2024-05-29 12:15:00,0,0,0.42565828561782837
cnn,ga,1,885,2024-05-29 12:15:00,1,0,0.42808106541633606
cnn,ga,1,886,2024-05-29 12:20:00,0,0,0.45237287878990173
cnn,ga,1,887,2024-05-29 12:20:00,1,0,0.4523575007915497
cnn,ga,1,888,2024-05-29 12:25:00,0,0,0.46955859661102295
cnn,ga,1,889,2024-05-29 12:25:00,1,0,0.4669725000858307
cnn,ga,1,890,2024-05-29 12:30:00,0,0,0.4534724950790405
cnn,ga,1,891,2024-05-29 12:30:00,1,0,0.44057029485702515
cnn,ga,1,892,2024-05-29 12:35:00,1,1,0.5026942491531372
cnn,ga,1,893,2024-05-29 12:35:00,0,0,0.49856117367744446
cnn,ga,1,894,2024-05-29 12:40:00,1,1,0.54579758644104
cnn,ga,1,895,2024-05-29 12:40:00,0,1,0.5475846529006958
cnn,ga,1,896,2024-05-29 12:45:00,0,1,0.5923023819923401
cnn,ga,1,897,2024-05-29 12:45:00,1,1,0.6080140471458435
cnn,ga,1,898,2024-05-29 12:50:00,1,1,0.586778998374939
cnn,ga,1,899,2024-05-29 12:50:00,0,1,0.5982122421264648
cnn,ga,1,900,2024-05-29 12:55:00,1,1,0.5573111772537231
cnn,ga,1,901,2024-05-29 12:55:00,0,1,0.5626220107078552
cnn,ga,1,902,2024-05-29 13:00:00,0,1,0.5262426733970642
cnn,ga,1,903,2024-05-29 13:00:00,1,1,0.5160821676254272
cnn,ga,1,904,2024-05-29 13:05:00,1,0,0.48580294847488403
cnn,ga,1,905,2024-05-29 13:05:00,0,1,0.5002192854881287
cnn,ga,1,906,2024-05-29 13:10:00,0,0,0.4798234701156616
cnn,ga,1,907,2024-05-29 13:10:00,1,0,0.4699656069278717
cnn,ga,1,908,2024-05-29 13:15:00,1,0,0.49456652998924255
cnn,ga,1,909,2024-05-29 13:15:00,0,0,0.49430564045906067
cnn,ga,1,910,2024-05-29 13:20:00,1,1,0.5061623454093933
cnn,ga,1,911,2024-05-29 13:20:00,0,0,0.4960637092590332
cnn,ga,1,912,2024-05-29 13:25:00,1,1,0.5241832137107849
cnn,ga,1,913,2024-05-29 13:25:00,0,1,0.5035707354545593
cnn,ga,1,914,2024-05-29 13:30:00,1,1,0.5331664681434631
cnn,ga,1,915,2024-05-29 13:30:00,0,1,0.5272107124328613
cnn,ga,1,916,2024-05-29 13:35:00,0,1,0.5468102097511292
cnn,ga,1,917,2024-05-29 13:35:00,0,1,0.5984065532684326
cnn,ga,1,918,2024-05-29 13:40:00,0,0,0.4914185404777527
cnn,ga,1,919,2024-05-29 13:40:00,0,0,0.4967355728149414
cnn,ga,1,920,2024-05-29 13:45:00,0,0,0.4638216197490692
cnn,ga,1,921,2024-05-29 13:45:00,0,0,0.4865047037601471
cnn,ga,1,922,2024-05-29 13:50:00,0,1,0.5005125999450684
cnn,ga,1,923,2024-05-29 13:50:00,0,1,0.5054889917373657
cnn,ga,1,924,2024-05-29 13:55:00,0,0,0.4904497265815735
cnn,ga,1,925,2024-05-29 13:55:00,0,0,0.49361658096313477
cnn,ga,1,926,2024-05-29 14:00:00,0,0,0.4635210931301117
cnn,ga,1,927,2024-05-29 14:00:00,0,0,0.46674811840057373
cnn,ga,1,928,2024-05-29 14:05:00,0,0,0.4521823227405548
cnn,ga,1,929,2024-05-29 14:05:00,0,0,0.44249558448791504
cnn,ga,1,930,2024-05-29 14:10:00,0,0,0.44607114791870117
cnn,ga,1,931,2024-05-29 14:10:00,0,0,0.439522922039032
cnn,ga,1,932,2024-05-29 14:15:00,0,0,0.42893078923225403
cnn,ga,1,933,2024-05-29 14:15:00,0,0,0.41676104068756104
cnn,ga,1,934,2024-05-29 14:20:00,0,0,0.3968347907066345
cnn,ga,1,935,2024-05-29 14:20:00,0,0,0.37528562545776367
cnn,ga,1,936,2024-05-29 14:25:00,0,0,0.40717950463294983
cnn,ga,1,937,2024-05-29 14:25:00,0,0,0.40771475434303284
cnn,ga,1,938,2024-05-29 14:30:00,0,0,0.37083491683006287
cnn,ga,1,939,2024-05-29 14:30:00,0,0,0.3628448247909546
cnn,ga,1,940,2024-05-29 14:35:00,0,0,0.3941073715686798
cnn,ga,1,941,2024-05-29 14:35:00,0,0,0.3900361955165863
cnn,ga,1,942,2024-05-29 14:40:00,0,0,0.39584940671920776
cnn,ga,1,943,2024-05-29 14:40:00,0,0,0.39408305287361145
cnn,ga,1,944,2024-05-29 14:45:00,1,0,0.3948118984699249
cnn,ga,1,945,2024-05-29 14:45:00,1,0,0.40480101108551025
cnn,ga,1,946,2024-05-29 14:50:00,1,0,0.45486587285995483
cnn,ga,1,947,2024-05-29 14:50:00,1,0,0.44651368260383606
cnn,ga,1,948,2024-05-29 14:55:00,1,0,0.49340492486953735
cnn,ga,1,949,2024-05-29 14:55:00,1,0,0.48897403478622437
cnn,ga,1,950,2024-05-29 15:00:00,1,1,0.552624523639679
cnn,ga,1,951,2024-05-29 15:00:00,1,1,0.5457266569137573
cnn,ga,1,952,2024-05-29 15:05:00,1,1,0.6046070456504822
cnn,ga,1,953,2024-05-29 15:05:00,1,1,0.5991266965866089
cnn,ga,1,954,2024-05-29 15:10:00,1,1,0.6237868070602417
cnn,ga,1,955,2024-05-29 15:10:00,1,1,0.6119976043701172
cnn,ga,1,956,2024-05-29 15:15:00,1,1,0.5635614395141602
cnn,ga,1,957,2024-05-29 15:15:00,1,1,0.5706179738044739
cnn,ga,1,958,2024-05-29 15:20:00,1,1,0.5811432003974915
cnn,ga,1,959,2024-05-29 15:20:00,1,1,0.5783334970474243
cnn,ga,1,960,2024-05-29 15:25:00,1,1,0.6074357628822327
cnn,ga,1,961,2024-05-29 15:25:00,1,1,0.5861912369728088
cnn,ga,1,962,2024-05-29 15:30:00,1,1,0.5558538436889648
cnn,ga,1,963,2024-05-29 15:30:00,1,1,0.5552437901496887
cnn,ga,1,964,2024-05-29 15:35:00,1,1,0.5053657293319702
cnn,ga,1,965,2024-05-29 15:35:00,1,0,0.49285563826560974
cnn,ga,1,966,2024-05-29 15:40:00,1,1,0.5046999454498291
cnn,ga,1,967,2024-05-29 15:40:00,1,0,0.4897328317165375
cnn,ga,1,968,2024-05-29 15:45:00,1,0,0.46529820561408997
cnn,ga,1,969,2024-05-29 15:45:00,1,0,0.4586406946182251
cnn,ga,1,970,2024-05-29 15:50:00,1,0,0.4772154688835144
cnn,ga,1,971,2024-05-29 15:50:00,1,0,0.47530269622802734
cnn,ga,1,972,2024-05-29 15:55:00,1,1,0.507698655128479
cnn,ga,1,973,2024-05-29 15:55:00,1,0,0.49288517236709595
cnn,ga,1,974,2024-05-29 16:00:00,1,1,0.5135843753814697
cnn,ga,1,975,2024-05-29 16:00:00,1,1,0.5191016793251038
cnn,ga,1,976,2024-05-29 16:05:00,1,1,0.5127349495887756
cnn,ga,1,977,2024-05-29 16:05:00,1,1,0.5170027613639832
cnn,ga,1,978,2024-05-29 16:10:00,1,1,0.5279229879379272
cnn,ga,1,979,2024-05-29 16:10:00,1,1,0.5269079208374023
cnn,ga,1,980,2024-05-29 16:15:00,1,1,0.5701907277107239
cnn,ga,1,981,2024-05-29 16:15:00,1,1,0.5538736581802368
cnn,ga,1,982,2024-05-29 16:20:00,0,1,0.6083316802978516
cnn,ga,1,983,2024-05-29 16:20:00,0,1,0.6037538647651672
cnn,ga,1,984,2024-05-29 16:25:00,0,1,0.6064944267272949
cnn,ga,1,985,2024-05-29 16:25:00,0,1,0.6094081401824951
cnn,ga,1,986,2024-05-29 16:30:00,0,1,0.5795944333076477
cnn,ga,1,987,2024-05-29 16:30:00,0,1,0.5982611775398254
cnn,ga,1,988,2024-05-29 16:35:00,0,1,0.573642373085022
cnn,ga,1,989,2024-05-29 16:35:00,0,1,0.6004381775856018
cnn,ga,1,990,2024-05-29 16:40:00,0,1,0.5018424987792969
cnn,ga,1,991,2024-05-29 16:40:00,0,0,0.499912291765213
cnn,ga,1,992,2024-05-29 16:45:00,0,0,0.4549036920070648
cnn,ga,1,993,2024-05-29 16:45:00,0,0,0.43498745560646057
cnn,ga,1,994,2024-05-29 16:50:00,0,0,0.42568549513816833
cnn,ga,1,995,2024-05-29 16:50:00,0,0,0.4317030608654022
cnn,ga,1,996,2024-05-29 16:55:00,0,0,0.42609137296676636
cnn,ga,1,997,2024-05-29 16:55:00,0,0,0.4157722294330597
cnn,ga,1,998,2024-05-29 17:00:00,0,0,0.3902243673801422
cnn,ga,1,999,2024-05-29 17:00:00,0,0,0.4154340624809265
cnn,ga,1,1000,2024-05-29 17:05:00,0,0,0.3914510905742645
cnn,ga,1,1001,2024-05-29 17:05:00,0,0,0.38300368189811707
cnn,ga,1,1002,2024-05-29 17:10:00,0,0,0.38505852222442627
cnn,ga,1,1003,2024-05-29 17:10:00,0,0,0.3964706361293793
cnn,ga,1,1004,2024-05-29 17:15:00,0,0,0.47287458181381226
cnn,ga,1,1005,2024-05-29 17:15:00,0,0,0.47688519954681396
cnn,ga,1,1006,2024-05-29 17:20:00,0,0,0.49689576029777527
cnn,ga,1,1007,2024-05-29 17:20:00,0,0,0.48452720046043396
cnn,ga,1,1008,2024-05-29 17:25:00,0,0,0.47913065552711487
cnn,ga,1,1009,2024-05-29 17:25:00,0,0,0.45881685614585876
cnn,ga,1,1010,2024-05-29 17:30:00,0,0,0.45518410205841064
cnn,ga,1,1011,2024-05-29 17:30:00,0,0,0.46730953454971313
cnn,ga,1,1012,2024-05-29 17:35:00,0,0,0.48909714818000793
cnn,ga,1,1013,2024-05-29 17:35:00,0,0,0.491473525762558
cnn,ga,1,1014,2024-05-29 17:40:00,0,0,0.49677935242652893
cnn,ga,1,1015,2024-05-29 17:40:00,0,0,0.498786062002182
cnn,ga,1,1016,2024-05-29 17:45:00,0,1,0.5090168714523315
cnn,ga,1,1017,2024-05-29 17:45:00,0,1,0.51649409532547
cnn,ga,1,1018,2024-05-29 17:50:00,0,0,0.4938841164112091
cnn,ga,1,1019,2024-05-29 17:50:00,0,1,0.5215575695037842
cnn,ga,1,1020,2024-05-29 17:55:00,0,1,0.5017490386962891
cnn,ga,1,1021,2024-05-29 17:55:00,0,1,0.5099217891693115
cnn,ga,1,1022,2024-05-31 12:35:00,1,0,0.45964905619621277
cnn,ga,1,1023,2024-05-31 12:40:00,1,0,0.4415188729763031
cnn,ga,1,1024,2024-05-31 12:45:00,1,1,0.5108045339584351
cnn,ga,1,1025,2024-05-31 12:50:00,1,1,0.5424010753631592
cnn,ga,1,1026,2024-05-31 12:55:00,1,0,0.49384480714797974
cnn,ga,1,1027,2024-05-31 13:00:00,1,0,0.479515016078949
cnn,ga,1,1028,2024-05-31 13:05:00,1,0,0.4907389283180237
cnn,ga,1,1029,2024-05-31 13:10:00,1,0,0.4904060959815979
cnn,ga,1,1030,2024-05-31 13:15:00,1,0,0.46682748198509216
cnn,ga,1,1031,2024-05-31 13:20:00,1,0,0.45457136631011963
cnn,ga,1,1032,2024-05-31 13:25:00,1,0,0.43957510590553284
cnn,ga,1,1033,2024-05-31 13:25:00,1,0,0.44484665989875793
cnn,ga,1,1034,2024-05-31 13:30:00,1,0,0.4698951542377472
cnn,ga,1,1035,2024-05-31 13:30:00,1,0,0.47346562147140503
cnn,ga,1,1036,2024-05-31 13:35:00,1,1,0.5092966556549072
cnn,ga,1,1037,2024-05-31 13:35:00,1,1,0.5147576928138733
cnn,ga,1,1038,2024-05-31 13:40:00,1,1,0.5129112601280212
cnn,ga,1,1039,2024-05-31 13:40:00,1,1,0.515674889087677
cnn,ga,1,1040,2024-05-31 13:45:00,1,1,0.5375518798828125
cnn,ga,1,1041,2024-05-31 13:45:00,1,1,0.5435744524002075
cnn,ga,1,1042,2024-05-31 13:50:00,1,1,0.5592518448829651
cnn,ga,1,1043,2024-05-31 13:50:00,1,1,0.5568537712097168
cnn,ga,1,1044,2024-05-31 13:55:00,1,1,0.5768641829490662
cnn,ga,1,1045,2024-05-31 13:55:00,1,1,0.5623845458030701
cnn,ga,1,1046,2024-05-31 14:00:00,1,1,0.551925778388977
cnn,ga,1,1047,2024-05-31 14:00:00,1,1,0.5581057667732239
cnn,ga,1,1048,2024-05-31 14:05:00,1,1,0.606561005115509
cnn,ga,1,1049,2024-05-31 14:05:00,1,1,0.5679740905761719
cnn,ga,1,1050,2024-05-31 14:10:00,1,1,0.5959618091583252
cnn,ga,1,1051,2024-05-31 14:10:00,1,1,0.5787146091461182
cnn,ga,1,1052,2024-05-31 14:15:00,1,1,0.5177162289619446
cnn,ga,1,1053,2024-05-31 14:15:00,1,1,0.5366456508636475
cnn,ga,1,1054,2024-05-31 14:20:00,1,1,0.5189335942268372
cnn,ga,1,1055,2024-05-31 14:20:00,1,1,0.523857831954956
cnn,ga,1,1056,2024-05-31 14:25:00,1,1,0.5199964642524719
cnn,ga,1,1057,2024-05-31 14:25:00,1,1,0.5220652222633362
cnn,ga,1,1058,2024-05-31 14:30:00,1,1,0.5437431931495667
cnn,ga,1,1059,2024-05-31 14:30:00,1,1,0.5372570753097534
cnn,ga,1,1060,2024-05-31 14:35:00,1,1,0.5580908060073853
cnn,ga,1,1061,2024-05-31 14:35:00,1,1,0.5456152558326721
cnn,ga,1,1062,2024-05-31 14:40:00,1,1,0.5654560923576355
cnn,ga,1,1063,2024-05-31 14:40:00,1,1,0.5445287227630615
cnn,ga,1,1064,2024-05-31 14:45:00,1,1,0.5663275122642517
cnn,ga,1,1065,2024-05-31 14:45:00,1,1,0.5360593795776367
cnn,ga,1,1066,2024-05-31 14:50:00,1,1,0.502103328704834
cnn,ga,1,1067,2024-05-31 14:50:00,1,1,0.5130032300949097
cnn,ga,1,1068,2024-05-31 14:55:00,1,1,0.5009245276451111
cnn,ga,1,1069,2024-05-31 14:55:00,1,1,0.5011803507804871
cnn,ga,1,1070,2024-05-31 15:00:00,1,0,0.48973140120506287
cnn,ga,1,1071,2024-05-31 15:00:00,1,0,0.4999854564666748
cnn,ga,1,1072,2024-05-31 15:05:00,0,1,0.5352079272270203
cnn,ga,1,1073,2024-05-31 15:05:00,0,1,0.5347387790679932
cnn,ga,1,1074,2024-05-31 15:10:00,0,1,0.5265719294548035
cnn,ga,1,1075,2024-05-31 15:10:00,0,1,0.5408169627189636
cnn,ga,1,1076,2024-05-31 15:15:00,0,1,0.5237030982971191
cnn,ga,1,1077,2024-05-31 15:15:00,0,1,0.5501052737236023
cnn,ga,1,1078,2024-05-31 15:20:00,0,1,0.5027709007263184
cnn,ga,1,1079,2024-05-31 15:20:00,0,1,0.5008202791213989
cnn,ga,1,1080,2024-05-31 15:25:00,0,1,0.5112101435661316
cnn,ga,1,1081,2024-05-31 15:25:00,0,1,0.5168799757957458
cnn,ga,1,1082,2024-05-31 15:30:00,0,0,0.47090908885002136
cnn,ga,1,1083,2024-05-31 15:30:00,0,1,0.506464421749115
cnn,ga,1,1084,2024-05-31 15:35:00,0,0,0.492308109998703
cnn,ga,1,1085,2024-05-31 15:35:00,0,0,0.488481342792511
cnn,ga,1,1086,2024-05-31 15:40:00,0,0,0.46066486835479736
cnn,ga,1,1087,2024-05-31 15:40:00,0,0,0.46245744824409485
cnn,ga,1,1088,2024-05-31 15:45:00,0,0,0.45932960510253906
cnn,ga,1,1089,2024-05-31 15:45:00,0,0,0.4511631429195404
cnn,ga,1,1090,2024-05-31 15:50:00,0,0,0.4604312479496002
cnn,ga,1,1091,2024-05-31 15:50:00,0,0,0.4581775963306427
cnn,ga,1,1092,2024-05-31 15:55:00,0,0,0.4336552321910858
cnn,ga,1,1093,2024-05-31 15:55:00,0,0,0.4523297846317291
cnn,ga,1,1094,2024-05-31 16:00:00,1,0,0.4298948049545288
cnn,ga,1,1095,2024-05-31 16:00:00,1,0,0.4279007911682129
cnn,ga,1,1096,2024-05-31 16:05:00,1,0,0.4373842477798462
cnn,ga,1,1097,2024-05-31 16:05:00,1,0,0.43915918469429016
cnn,ga,1,1098,2024-05-31 16:10:00,1,0,0.48827168345451355
cnn,ga,1,1099,2024-05-31 16:10:00,1,0,0.48913609981536865
cnn,ga,1,1100,2024-05-31 16:15:00,1,1,0.515510082244873
cnn,ga,1,1101,2024-05-31 16:15:00,1,1,0.513164758682251
cnn,ga,1,1102,2024-05-31 16:20:00,1,1,0.5231599807739258
cnn,ga,1,1103,2024-05-31 16:20:00,1,0,0.49854305386543274
cnn,ga,1,1104,2024-05-31 16:25:00,1,1,0.5129354000091553
cnn,ga,1,1105,2024-05-31 16:25:00,1,1,0.5069225430488586
cnn,ga,1,1106,2024-05-31 16:30:00,1,0,0.4788142740726471
cnn,ga,1,1107,2024-05-31 16:30:00,1,0,0.4919656217098236
cnn,ga,1,1108,2024-05-31 16:35:00,1,1,0.5042020678520203
cnn,ga,1,1109,2024-05-31 16:35:00,1,1,0.5128799080848694
cnn,ga,1,1110,2024-05-31 16:40:00,1,1,0.5665186643600464
cnn,ga,1,1111,2024-05-31 16:40:00,1,1,0.5596795082092285
cnn,ga,1,1112,2024-05-31 16:45:00,1,1,0.5512609481811523
cnn,ga,1,1113,2024-05-31 16:45:00,1,1,0.5807659029960632
cnn,ga,1,1114,2024-05-31 16:50:00,1,1,0.5940164923667908
cnn,ga,1,1115,2024-05-31 16:50:00,1,1,0.5983445644378662
cnn,ga,1,1116,2024-05-31 16:55:00,0,1,0.6203927993774414
cnn,ga,1,1117,2024-05-31 16:55:00,0,1,0.6127915978431702
cnn,ga,1,1118,2024-05-31 17:00:00,0,1,0.5573065876960754
cnn,ga,1,1119,2024-05-31 17:00:00,0,1,0.5580564141273499
cnn,ga,1,1120,2024-05-31 17:05:00,0,1,0.5073641538619995
cnn,ga,1,1121,2024-05-31 17:05:00,0,1,0.5146164894104004
cnn,ga,1,1122,2024-05-31 17:10:00,0,0,0.4987851083278656
cnn,ga,1,1123,2024-05-31 17:10:00,0,0,0.49569472670555115
cnn,ga,1,1124,2024-05-31 17:15:00,0,1,0.5329684019088745
cnn,ga,1,1125,2024-05-31 17:15:00,0,1,0.525932788848877
cnn,ga,1,1126,2024-05-31 17:20:00,0,1,0.5141861438751221
cnn,ga,1,1127,2024-05-31 17:20:00,0,1,0.5157420635223389
cnn,ga,1,1128,2024-05-31 17:25:00,0,1,0.5019526481628418
cnn,ga,1,1129,2024-05-31 17:25:00,0,1,0.5013523697853088
cnn,ga,1,1130,2024-05-31 17:30:00,0,1,0.5094819068908691
cnn,ga,1,1131,2024-05-31 17:30:00,0,1,0.5312143564224243
cnn,ga,1,1132,2024-05-31 17:35:00,0,1,0.5053313970565796
cnn,ga,1,1133,2024-05-31 17:35:00,0,1,0.5228877067565918
cnn,ga,1,1134,2024-05-31 17:40:00,0,1,0.5123648643493652
cnn,ga,1,1135,2024-05-31 17:40:00,0,1,0.5597705841064453
cnn,ga,1,1136,2024-05-31 17:45:00,0,1,0.5007420778274536
cnn,ga,1,1137,2024-05-31 17:45:00,0,0,0.4946964979171753
cnn,ga,1,1138,2024-05-31 17:50:00,0,1,0.517248809337616
cnn,ga,1,1139,2024-05-31 17:50:00,0,1,0.5308437347412109
cnn,ga,1,1140,2024-05-31 17:55:00,0,1,0.5235215425491333
cnn,ga,1,1141,2024-05-31 17:55:00,0,1,0.5580040216445923
cnn,ga,1,1142,2024-06-03 10:50:00,1,0,0.37803584337234497
cnn,ga,1,1143,2024-06-03 10:50:00,1,0,0.3706439435482025
cnn,ga,1,1144,2024-06-03 10:55:00,1,0,0.418943852186203
cnn,ga,1,1145,2024-06-03 10:55:00,1,0,0.41048792004585266
cnn,ga,1,1146,2024-06-03 11:00:00,1,0,0.4400668144226074
cnn,ga,1,1147,2024-06-03 11:00:00,1,0,0.4381502866744995
cnn,ga,1,1148,2024-06-03 11:05:00,1,0,0.456142395734787
cnn,ga,1,1149,2024-06-03 11:05:00,1,0,0.455254465341568
cnn,ga,1,1150,2024-06-03 11:10:00,1,0,0.49376749992370605
cnn,ga,1,1151,2024-06-03 11:10:00,1,0,0.48854154348373413
cnn,ga,1,1152,2024-06-03 11:15:00,1,1,0.6042014360427856
cnn,ga,1,1153,2024-06-03 11:15:00,1,1,0.6075509786605835
cnn,ga,1,1154,2024-06-03 11:20:00,1,1,0.6143226027488708
cnn,ga,1,1155,2024-06-03 11:20:00,1,1,0.6194008588790894
cnn,ga,1,1156,2024-06-03 11:25:00,1,1,0.6700249314308167
cnn,ga,1,1157,2024-06-03 11:25:00,1,1,0.6640864014625549
cnn,ga,1,1158,2024-06-03 11:30:00,1,1,0.7107579112052917
cnn,ga,1,1159,2024-06-03 11:30:00,1,1,0.7280294299125671
cnn,ga,1,1160,2024-06-03 11:35:00,1,1,0.6785759329795837
cnn,ga,1,1161,2024-06-03 11:35:00,1,1,0.6684954166412354
cnn,ga,1,1162,2024-06-03 11:40:00,0,1,0.6720292568206787
cnn,ga,1,1163,2024-06-03 11:40:00,0,1,0.6784406304359436
cnn,ga,1,1164,2024-06-03 11:45:00,0,1,0.6311667561531067
cnn,ga,1,1165,2024-06-03 11:45:00,0,1,0.6342135071754456
cnn,ga,1,1166,2024-06-03 11:50:00,0,1,0.5697226524353027
cnn,ga,1,1167,2024-06-03 11:50:00,0,1,0.5790762305259705
cnn,ga,1,1168,2024-06-03 11:55:00,0,1,0.5369671583175659
cnn,ga,1,1169,2024-06-03 11:55:00,0,1,0.549662172794342
cnn,ga,1,1170,2024-06-03 12:00:00,0,1,0.5523929595947266
cnn,ga,1,1171,2024-06-03 12:00:00,0,1,0.5471502542495728
cnn,ga,1,1172,2024-06-03 12:05:00,0,1,0.5416759848594666
cnn,ga,1,1173,2024-06-03 12:05:00,0,1,0.5603716969490051
cnn,ga,1,1174,2024-06-03 12:10:00,0,1,0.5411122441291809
cnn,ga,1,1175,2024-06-03 12:10:00,0,1,0.5321396589279175
cnn,ga,1,1176,2024-06-03 12:15:00,0,1,0.5523189902305603
cnn,ga,1,1177,2024-06-03 12:15:00,0,1,0.5611715912818909
cnn,ga,1,1178,2024-06-03 12:20:00,0,1,0.5504047870635986
cnn,ga,1,1179,2024-06-03 12:20:00,0,1,0.5564550757408142
cnn,ga,1,1180,2024-06-03 12:25:00,0,0,0.45892101526260376
cnn,ga,1,1181,2024-06-03 12:25:00,0,0,0.45117536187171936
cnn,ga,1,1182,2024-06-03 12:30:00,0,0,0.3950769603252411
cnn,ga,1,1183,2024-06-03 12:30:00,0,0,0.3928874135017395
cnn,ga,1,1184,2024-06-03 12:35:00,0,0,0.3982585072517395
cnn,ga,1,1185,2024-06-03 12:35:00,0,0,0.3978489339351654
cnn,ga,1,1186,2024-06-03 12:40:00,0,0,0.41506195068359375
cnn,ga,1,1187,2024-06-03 12:40:00,0,0,0.41016775369644165
cnn,ga,1,1188,2024-06-03 12:45:00,0,0,0.39057785272598267
cnn,ga,1,1189,2024-06-03 12:45:00,0,0,0.41965940594673157
cnn,ga,1,1190,2024-06-03 12:50:00,0,0,0.43002280592918396
cnn,ga,1,1191,2024-06-03 12:50:00,0,0,0.4421692192554474
cnn,ga,1,1192,2024-06-03 12:55:00,0,0,0.4106234312057495
cnn,ga,1,1193,2024-06-03 12:55:00,0,0,0.43763467669487
cnn,ga,1,1194,2024-06-03 13:00:00,0,0,0.43093958497047424
cnn,ga,1,1195,2024-06-03 13:00:00,0,0,0.46372687816619873
cnn,ga,1,1196,2024-06-03 13:05:00,0,0,0.45650357007980347
cnn,ga,1,1197,2024-06-03 13:05:00,0,0,0.4337013363838196
cnn,ga,1,1198,2024-06-03 13:10:00,0,0,0.42357876896858215
cnn,ga,1,1199,2024-06-03 13:10:00,0,0,0.4225583076477051
cnn,ga,1,1200,2024-06-03 13:15:00,0,0,0.3676394820213318
cnn,ga,1,1201,2024-06-03 13:15:00,0,0,0.35323745012283325
cnn,ga,1,1202,2024-06-03 13:20:00,0,0,0.37527668476104736
cnn,ga,1,1203,2024-06-03 13:20:00,0,0,0.37543874979019165
cnn,ga,1,1204,2024-06-03 13:25:00,0,0,0.4061596095561981
cnn,ga,1,1205,2024-06-03 13:25:00,0,0,0.39711493253707886
cnn,ga,1,1206,2024-06-03 13:30:00,0,0,0.3909953534603119
cnn,ga,1,1207,2024-06-03 13:30:00,0,0,0.4177807569503784
cnn,ga,1,1208,2024-06-03 13:35:00,0,0,0.43914511799812317
cnn,ga,1,1209,2024-06-03 13:35:00,0,0,0.43918853998184204
cnn,ga,1,1210,2024-06-03 13:40:00,0,0,0.44386234879493713
cnn,ga,1,1211,2024-06-03 13:40:00,0,0,0.4476335048675537
cnn,ga,1,1212,2024-06-03 13:45:00,0,0,0.4792020916938782
cnn,ga,1,1213,2024-06-03 13:45:00,0,0,0.47788336873054504
cnn,ga,1,1214,2024-06-03 13:50:00,0,0,0.469800740480423
cnn,ga,1,1215,2024-06-03 13:50:00,0,0,0.46686068177223206
cnn,ga,1,1216,2024-06-03 13:55:00,0,0,0.4737389385700226
cnn,ga,1,1217,2024-06-03 13:55:00,0,0,0.4757916331291199
cnn,ga,1,1218,2024-06-03 14:00:00,1,0,0.47024065256118774
cnn,ga,1,1219,2024-06-03 14:00:00,1,0,0.45732417702674866
cnn,ga,1,1220,2024-06-03 14:05:00,1,1,0.5046063661575317
cnn,ga,1,1221,2024-06-03 14:05:00,1,1,0.5035657286643982
cnn,ga,1,1222,2024-06-03 14:10:00,1,1,0.5386612415313721
cnn,ga,1,1223,2024-06-03 14:10:00,1,1,0.5421488881111145
cnn,ga,1,1224,2024-06-03 14:15:00,1,1,0.6023584604263306
cnn,ga,1,1225,2024-06-03 14:15:00,1,1,0.6012174487113953
cnn,ga,1,1226,2024-06-03 14:20:00,1,1,0.6492468118667603
cnn,ga,1,1227,2024-06-03 14:20:00,1,1,0.6594075560569763
cnn,ga,1,1228,2024-06-03 14:25:00,1,1,0.6645582914352417
cnn,ga,1,1229,2024-06-03 14:25:00,1,1,0.6597357988357544
cnn,ga,1,1230,2024-06-03 14:30:00,1,1,0.6874507665634155
cnn,ga,1,1231,2024-06-03 14:30:00,1,1,0.6902043223381042
cnn,ga,1,1232,2024-06-03 14:35:00,1,1,0.6517016887664795
cnn,ga,1,1233,2024-06-03 14:35:00,1,1,0.65753573179245
cnn,ga,1,1234,2024-06-03 14:40:00,1,1,0.6488435864448547
cnn,ga,1,1235,2024-06-03 14:40:00,1,1,0.6371559500694275
cnn,ga,1,1236,2024-06-03 14:45:00,1,1,0.6003403067588806
cnn,ga,1,1237,2024-06-03 14:45:00,1,1,0.585483968257904
cnn,ga,1,1238,2024-06-03 14:50:00,1,1,0.520723283290863
cnn,ga,1,1239,2024-06-03 14:50:00,1,1,0.5259607434272766
cnn,ga,1,1240,2024-06-03 14:55:00,1,0,0.4906526505947113
cnn,ga,1,1241,2024-06-03 14:55:00,1,0,0.4781593680381775
cnn,ga,1,1242,2024-06-03 15:00:00,1,1,0.5135059952735901
cnn,ga,1,1243,2024-06-03 15:00:00,1,1,0.5178467035293579
cnn,ga,1,1244,2024-06-03 15:05:00,1,1,0.5293190479278564
cnn,ga,1,1245,2024-06-03 15:05:00,1,1,0.5236234664916992
cnn,ga,1,1246,2024-06-03 15:10:00,1,1,0.5015077590942383
cnn,ga,1,1247,2024-06-03 15:10:00,1,0,0.49399325251579285
cnn,ga,1,1248,2024-06-03 15:15:00,1,1,0.5319170355796814
cnn,ga,1,1249,2024-06-03 15:15:00,1,1,0.5329256653785706
cnn,ga,1,1250,2024-06-03 15:20:00,1,1,0.5596237182617188
cnn,ga,1,1251,2024-06-03 15:20:00,1,1,0.5666917562484741
cnn,ga,1,1252,2024-06-03 15:25:00,1,1,0.5904130935668945
cnn,ga,1,1253,2024-06-03 15:25:00,1,1,0.5699211955070496
cnn,ga,1,1254,2024-06-03 15:30:00,1,1,0.5982850790023804
cnn,ga,1,1255,2024-06-03 15:30:00,1,1,0.6208853125572205
cnn,ga,1,1256,2024-06-03 15:35:00,0,1,0.6196698546409607
cnn,ga,1,1257,2024-06-03 15:35:00,0,1,0.6387730240821838
cnn,ga,1,1258,2024-06-03 15:40:00,0,1,0.5522345900535583
cnn,ga,1,1259,2024-06-03 15:40:00,0,1,0.551199197769165
cnn,ga,1,1260,2024-06-03 15:45:00,0,1,0.5318578481674194
cnn,ga,1,1261,2024-06-03 15:45:00,0,1,0.5453790426254272
cnn,ga,1,1262,2024-06-03 15:50:00,0,1,0.5256065726280212
cnn,ga,1,1263,2024-06-03 15:50:00,0,1,0.5295145511627197
cnn,ga,1,1264,2024-06-03 15:55:00,0,1,0.5385615825653076
cnn,ga,1,1265,2024-06-03 15:55:00,0,1,0.5370398759841919
cnn,ga,1,1266,2024-06-03 16:00:00,0,1,0.5324078798294067
cnn,ga,1,1267,2024-06-03 16:00:00,0,1,0.5290038585662842
cnn,ga,1,1268,2024-06-03 16:05:00,0,1,0.5063322186470032
cnn,ga,1,1269,2024-06-03 16:05:00,0,0,0.4987197518348694
cnn,ga,1,1270,2024-06-03 16:10:00,0,1,0.5249866843223572
cnn,ga,1,1271,2024-06-03 16:10:00,0,1,0.5128519535064697
cnn,ga,1,1272,2024-06-03 16:15:00,0,0,0.485702246427536
cnn,ga,1,1273,2024-06-03 16:15:00,0,0,0.4829695224761963
cnn,ga,1,1274,2024-06-03 16:20:00,0,0,0.47300875186920166
cnn,ga,1,1275,2024-06-03 16:20:00,0,0,0.4614170491695404
cnn,ga,1,1276,2024-06-03 16:25:00,0,0,0.4521491825580597
cnn,ga,1,1277,2024-06-03 16:25:00,0,0,0.4593958258628845
cnn,ga,1,1278,2024-06-03 16:30:00,0,0,0.44527071714401245
cnn,ga,1,1279,2024-06-03 16:30:00,0,0,0.42277514934539795
cnn,ga,1,1280,2024-06-03 16:35:00,0,0,0.4270763397216797
cnn,ga,1,1281,2024-06-03 16:35:00,0,0,0.36809369921684265
cnn,ga,1,1282,2024-06-03 16:40:00,0,0,0.46502548456192017
cnn,ga,1,1283,2024-06-03 16:40:00,0,0,0.4639297127723694
cnn,ga,1,1284,2024-06-03 16:45:00,0,0,0.4578620493412018
cnn,ga,1,1285,2024-06-03 16:45:00,0,0,0.4776341915130615
cnn,ga,1,1286,2024-06-03 16:50:00,0,0,0.4645278751850128
cnn,ga,1,1287,2024-06-03 16:50:00,0,0,0.46378278732299805
cnn,ga,1,1288,2024-06-03 16:55:00,0,0,0.43144866824150085
cnn,ga,1,1289,2024-06-03 16:55:00,0,0,0.4194382131099701
cnn,ga,1,1290,2024-06-03 17:00:00,0,0,0.38476794958114624
cnn,ga,1,1291,2024-06-03 17:00:00,0,0,0.38975197076797485
cnn,ga,1,1292,2024-06-03 17:05:00,0,0,0.4075929522514343
cnn,ga,1,1293,2024-06-03 17:05:00,0,0,0.4089343547821045
cnn,ga,1,1294,2024-06-03 17:10:00,0,0,0.40142327547073364
cnn,ga,1,1295,2024-06-03 17:10:00,0,0,0.40895453095436096
cnn,ga,1,1296,2024-06-03 17:15:00,0,0,0.4336307644844055
cnn,ga,1,1297,2024-06-03 17:15:00,0,0,0.42784368991851807
cnn,ga,1,1298,2024-06-03 17:20:00,0,0,0.41073960065841675
cnn,ga,1,1299,2024-06-03 17:20:00,0,0,0.3996552526950836
cnn,ga,1,1300,2024-06-03 17:25:00,0,0,0.35919374227523804
cnn,ga,1,1301,2024-06-03 17:25:00,0,0,0.29911330342292786
cnn,ga,1,1302,2024-06-03 17:30:00,0,0,0.4243241250514984
cnn,ga,1,1303,2024-06-03 17:30:00,0,0,0.4263242185115814
cnn,ga,1,1304,2024-06-03 17:35:00,0,0,0.41181260347366333
cnn,ga,1,1305,2024-06-03 17:35:00,0,0,0.42175886034965515
cnn,ga,1,1306,2024-06-03 17:40:00,0,0,0.3748924434185028
cnn,ga,1,1307,2024-06-03 17:40:00,0,0,0.41433268785476685
cnn,ga,1,1308,2024-06-03 17:45:00,0,0,0.43474066257476807
cnn,ga,1,1309,2024-06-03 17:45:00,0,0,0.42132341861724854
cnn,ga,1,1310,2024-06-03 17:50:00,0,0,0.46339601278305054
cnn,ga,1,1311,2024-06-03 17:50:00,0,0,0.45318183302879333
cnn,ga,1,1312,2024-06-03 17:55:00,0,0,0.46850264072418213
cnn,ga,1,1313,2024-06-03 17:55:00,0,0,0.47850435972213745
cnn,ga,1,1314,2024-06-04 11:15:00,1,0,0.43371516466140747
cnn,ga,1,1315,2024-06-04 11:20:00,1,0,0.42613664269447327
cnn,ga,1,1316,2024-06-04 11:20:00,1,0,0.41835087537765503
cnn,ga,1,1317,2024-06-04 11:25:00,1,0,0.47645771503448486
cnn,ga,1,1318,2024-06-04 11:25:00,1,0,0.47185006737709045
cnn,ga,1,1319,2024-06-04 11:30:00,1,1,0.5142635107040405
cnn,ga,1,1320,2024-06-04 11:30:00,1,1,0.5208488702774048
cnn,ga,1,1321,2024-06-04 11:35:00,1,1,0.531947672367096
cnn,ga,1,1322,2024-06-04 11:35:00,1,1,0.5170713663101196
cnn,ga,1,1323,2024-06-04 11:40:00,1,1,0.5558551549911499
cnn,ga,1,1324,2024-06-04 11:40:00,1,1,0.5740159153938293
cnn,ga,1,1325,2024-06-04 11:45:00,1,1,0.5620191693305969
cnn,ga,1,1326,2024-06-04 11:45:00,1,1,0.5525531768798828
cnn,ga,1,1327,2024-06-04 11:50:00,1,1,0.589414119720459
cnn,ga,1,1328,2024-06-04 11:50:00,1,1,0.5820563435554504
cnn,ga,1,1329,2024-06-04 11:55:00,1,1,0.5446796417236328
cnn,ga,1,1330,2024-06-04 11:55:00,1,1,0.5546972751617432
cnn,ga,1,1331,2024-06-04 12:00:00,1,1,0.5573810338973999
cnn,ga,1,1332,2024-06-04 12:00:00,1,1,0.551716148853302
cnn,ga,1,1333,2024-06-04 12:05:00,1,1,0.5100449919700623
cnn,ga,1,1334,2024-06-04 12:05:00,1,1,0.5162056684494019
cnn,ga,1,1335,2024-06-04 12:10:00,1,1,0.5550299882888794
cnn,ga,1,1336,2024-06-04 12:10:00,1,1,0.5401769280433655
cnn,ga,1,1337,2024-06-04 12:15:00,1,1,0.6191823482513428
cnn,ga,1,1338,2024-06-04 12:15:00,1,1,0.6113431453704834
cnn,ga,1,1339,2024-06-04 12:20:00,1,1,0.6519933938980103
cnn,ga,1,1340,2024-06-04 12:20:00,1,1,0.6481850743293762
cnn,ga,1,1341,2024-06-04 12:25:00,1,1,0.6238256692886353
cnn,ga,1,1342,2024-06-04 12:25:00,1,1,0.6350198984146118
cnn,ga,1,1343,2024-06-04 12:30:00,1,1,0.5578011274337769
cnn,ga,1,1344,2024-06-04 12:30:00,1,1,0.5523430705070496
cnn,ga,1,1345,2024-06-04 12:35:00,1,1,0.559761106967926
cnn,ga,1,1346,2024-06-04 12:35:00,1,1,0.5716997981071472
cnn,ga,1,1347,2024-06-04 12:40:00,1,1,0.541088342666626
cnn,ga,1,1348,2024-06-04 12:40:00,1,1,0.5379981994628906
cnn,ga,1,1349,2024-06-04 12:45:00,1,1,0.5198889970779419
cnn,ga,1,1350,2024-06-04 12:45:00,1,1,0.5213853716850281
cnn,ga,1,1351,2024-06-04 12:50:00,1,1,0.5386186242103577
cnn,ga,1,1352,2024-06-04 12:50:00,1,1,0.5498480200767517
cnn,ga,1,1353,2024-06-04 12:55:00,1,0,0.4623255133628845
cnn,ga,1,1354,2024-06-04 12:55:00,1,0,0.4658920466899872
cnn,ga,1,1355,2024-06-04 13:00:00,1,0,0.4514741003513336
cnn,ga,1,1356,2024-06-04 13:00:00,1,0,0.4425427317619324
cnn,ga,1,1357,2024-06-04 13:05:00,1,0,0.4425848424434662
cnn,ga,1,1358,2024-06-04 13:05:00,1,0,0.39377352595329285
cnn,ga,1,1359,2024-06-04 13:10:00,1,1,0.5063305497169495
cnn,ga,1,1360,2024-06-04 13:10:00,1,1,0.5148836970329285
cnn,ga,1,1361,2024-06-04 13:15:00,1,1,0.5575658082962036
cnn,ga,1,1362,2024-06-04 13:15:00,1,1,0.587108850479126
cnn,ga,1,1363,2024-06-04 13:20:00,1,1,0.569107711315155
cnn,ga,1,1364,2024-06-04 13:20:00,1,1,0.5375759601593018
cnn,ga,1,1365,2024-06-04 13:25:00,1,1,0.5343937873840332
cnn,ga,1,1366,2024-06-04 13:25:00,1,1,0.528293251991272
cnn,ga,1,1367,2024-06-04 13:30:00,1,1,0.513740599155426
cnn,ga,1,1368,2024-06-04 13:30:00,1,1,0.5149587392807007
cnn,ga,1,1369,2024-06-04 13:35:00,1,0,0.4801149070262909
cnn,ga,1,1370,2024-06-04 13:35:00,1,0,0.47086527943611145
cnn,ga,1,1371,2024-06-04 13:40:00,1,1,0.5066444277763367
cnn,ga,1,1372,2024-06-04 13:40:00,1,0,0.49466103315353394
cnn,ga,1,1373,2024-06-04 13:45:00,1,1,0.549181342124939
cnn,ga,1,1374,2024-06-04 13:45:00,1,1,0.5510584115982056
cnn,ga,1,1375,2024-06-04 13:50:00,1,1,0.5465036034584045
cnn,ga,1,1376,2024-06-04 13:50:00,1,1,0.5613055229187012
cnn,ga,1,1377,2024-06-04 13:55:00,1,1,0.5858120918273926
cnn,ga,1,1378,2024-06-04 13:55:00,1,1,0.5843383073806763
cnn,ga,1,1379,2024-06-04 14:00:00,1,1,0.5907338261604309
cnn,ga,1,1380,2024-06-04 14:00:00,1,1,0.5789632201194763
cnn,ga,1,1381,2024-06-04 14:05:00,1,1,0.537589430809021
cnn,ga,1,1382,2024-06-04 14:05:00,1,1,0.5273482203483582
cnn,ga,1,1383,2024-06-04 14:10:00,1,1,0.511043131351471
cnn,ga,1,1384,2024-06-04 14:10:00,1,0,0.49161767959594727
cnn,ga,1,1385,2024-06-04 14:15:00,1,0,0.48684391379356384
cnn,ga,1,1386,2024-06-04 14:15:00,1,0,0.4903399348258972
cnn,ga,1,1387,2024-06-04 14:20:00,1,1,0.5029804706573486
cnn,ga,1,1388,2024-06-04 14:20:00,1,1,0.5020414590835571
cnn,ga,1,1389,2024-06-04 14:25:00,1,1,0.5305238366127014
cnn,ga,1,1390,2024-06-04 14:25:00,1,1,0.5291688442230225
cnn,ga,1,1391,2024-06-04 14:30:00,1,1,0.5488120317459106
cnn,ga,1,1392,2024-06-04 14:30:00,1,1,0.5444176197052002
cnn,ga,1,1393,2024-06-04 14:35:00,1,1,0.54688560962677
cnn,ga,1,1394,2024-06-04 14:35:00,1,1,0.5618285536766052
cnn,ga,1,1395,2024-06-04 14:40:00,1,1,0.5923013091087341
cnn,ga,1,1396,2024-06-04 14:40:00,1,1,0.5739606618881226
cnn,ga,1,1397,2024-06-04 14:45:00,1,1,0.6103557348251343
cnn,ga,1,1398,2024-06-04 14:45:00,1,1,0.5885348320007324
cnn,ga,1,1399,2024-06-04 14:50:00,1,1,0.5637302398681641
cnn,ga,1,1400,2024-06-04 14:50:00,1,1,0.5652098059654236
cnn,ga,1,1401,2024-06-04 14:55:00,1,1,0.5413254499435425
cnn,ga,1,1402,2024-06-04 14:55:00,1,1,0.5366939902305603
cnn,ga,1,1403,2024-06-04 15:00:00,1,1,0.5418351888656616
cnn,ga,1,1404,2024-06-04 15:00:00,1,1,0.5435532927513123
cnn,ga,1,1405,2024-06-04 15:05:00,1,1,0.5281096696853638
cnn,ga,1,1406,2024-06-04 15:05:00,1,1,0.5546112060546875
cnn,ga,1,1407,2024-06-04 15:10:00,1,0,0.4702207148075104
cnn,ga,1,1408,2024-06-04 15:10:00,1,0,0.4833740293979645
cnn,ga,1,1409,2024-06-04 15:15:00,1,1,0.5120918154716492
cnn,ga,1,1410,2024-06-04 15:15:00,1,1,0.5182396173477173
cnn,ga,1,1411,2024-06-04 15:20:00,1,1,0.572120189666748
cnn,ga,1,1412,2024-06-04 15:20:00,1,1,0.5638355612754822
cnn,ga,1,1413,2024-06-04 15:25:00,1,1,0.622717022895813
cnn,ga,1,1414,2024-06-04 15:25:00,1,1,0.6215324401855469
cnn,ga,1,1415,2024-06-04 15:30:00,1,1,0.574576199054718
cnn,ga,1,1416,2024-06-04 15:30:00,1,1,0.5738183856010437
cnn,ga,1,1417,2024-06-04 15:35:00,1,1,0.533867359161377
cnn,ga,1,1418,2024-06-04 15:35:00,1,1,0.5269131064414978
cnn,ga,1,1419,2024-06-04 15:40:00,1,0,0.49629369378089905
cnn,ga,1,1420,2024-06-04 15:40:00,1,0,0.49423131346702576
cnn,ga,1,1421,2024-06-04 15:45:00,1,1,0.5502997636795044
cnn,ga,1,1422,2024-06-04 15:45:00,1,1,0.5240546464920044
cnn,ga,1,1423,2024-06-04 15:50:00,1,0,0.4962944984436035
cnn,ga,1,1424,2024-06-04 15:50:00,1,1,0.5274299383163452
cnn,ga,1,1425,2024-06-04 15:55:00,1,0,0.45617711544036865
cnn,ga,1,1426,2024-06-04 15:55:00,1,0,0.4580570161342621
cnn,ga,1,1427,2024-06-04 16:00:00,1,0,0.4309803247451782
cnn,ga,1,1428,2024-06-04 16:00:00,1,0,0.42352294921875
cnn,ga,1,1429,2024-06-04 16:05:00,1,0,0.4270358085632324
cnn,ga,1,1430,2024-06-04 16:05:00,1,0,0.4155721962451935
cnn,ga,1,1431,2024-06-04 16:10:00,1,0,0.4831550717353821
cnn,ga,1,1432,2024-06-04 16:10:00,1,0,0.48457804322242737
cnn,ga,1,1433,2024-06-04 16:15:00,1,1,0.5372218489646912
cnn,ga,1,1434,2024-06-04 16:15:00,1,1,0.5268514752388
cnn,ga,1,1435,2024-06-04 16:20:00,1,1,0.5378251671791077
cnn,ga,1,1436,2024-06-04 16:20:00,1,1,0.5464663505554199
cnn,ga,1,1437,2024-06-04 16:25:00,1,1,0.5496530532836914
cnn,ga,1,1438,2024-06-04 16:25:00,1,1,0.5508222579956055
cnn,ga,1,1439,2024-06-04 16:30:00,1,1,0.5704922080039978
cnn,ga,1,1440,2024-06-04 16:30:00,1,1,0.5652995109558105
cnn,ga,1,1441,2024-06-04 16:35:00,1,1,0.526093065738678
cnn,ga,1,1442,2024-06-04 16:35:00,1,1,0.5265942215919495
cnn,ga,1,1443,2024-06-04 16:40:00,1,1,0.5448430180549622
cnn,ga,1,1444,2024-06-04 16:40:00,1,1,0.5767688155174255
cnn,ga,1,1445,2024-06-04 16:45:00,1,1,0.5259755849838257
cnn,ga,1,1446,2024-06-04 16:45:00,1,1,0.5767714381217957
cnn,ga,1,1447,2024-06-04 16:50:00,1,1,0.5346821546554565
cnn,ga,1,1448,2024-06-04 16:50:00,1,1,0.5560512542724609
cnn,ga,1,1449,2024-06-04 16:55:00,0,1,0.5506462454795837
cnn,ga,1,1450,2024-06-04 16:55:00,0,1,0.5612391829490662
cnn,ga,1,1451,2024-06-04 17:00:00,0,1,0.5390486717224121
cnn,ga,1,1452,2024-06-04 17:00:00,0,1,0.5338565111160278
cnn,ga,1,1453,2024-06-04 17:05:00,0,1,0.5074973702430725
cnn,ga,1,1454,2024-06-04 17:05:00,0,1,0.5268990993499756
cnn,ga,1,1455,2024-06-04 17:10:00,0,0,0.48259326815605164
cnn,ga,1,1456,2024-06-04 17:10:00,0,0,0.49288761615753174
cnn,ga,1,1457,2024-06-04 17:15:00,0,0,0.43065527081489563
cnn,ga,1,1458,2024-06-04 17:15:00,0,0,0.47845029830932617
cnn,ga,1,1459,2024-06-04 17:20:00,0,0,0.4841190576553345
cnn,ga,1,1460,2024-06-04 17:20:00,0,0,0.42062732577323914
cnn,ga,1,1461,2024-06-04 17:25:00,0,0,0.47126439213752747
cnn,ga,1,1462,2024-06-04 17:25:00,0,0,0.4448341727256775
cnn,ga,1,1463,2024-06-04 17:30:00,0,0,0.4947725832462311
cnn,ga,1,1464,2024-06-04 17:30:00,0,1,0.5098399519920349
cnn,ga,1,1465,2024-06-04 17:35:00,0,1,0.5014107823371887
cnn,ga,1,1466,2024-06-04 17:35:00,0,1,0.5014421939849854
cnn,ga,1,1467,2024-06-04 17:40:00,0,0,0.49405142664909363
cnn,ga,1,1468,2024-06-04 17:40:00,0,0,0.49251917004585266
cnn,ga,1,1469,2024-06-04 17:45:00,0,1,0.5035712122917175
cnn,ga,1,1470,2024-06-04 17:45:00,0,0,0.49689310789108276
cnn,ga,1,1471,2024-06-04 17:50:00,0,1,0.5075029134750366
cnn,ga,1,1472,2024-06-04 17:50:00,0,1,0.518913745880127
cnn,ga,1,1473,2024-06-04 17:55:00,0,1,0.5486266016960144
cnn,ga,1,1474,2024-06-04 17:55:00,0,1,0.5673941373825073
cnn,ga,1,1475,2024-06-05 11:10:00,1,0,0.39099520444869995
cnn,ga,1,1476,2024-06-05 11:10:00,1,0,0.3734011948108673
cnn,ga,1,1477,2024-06-05 11:15:00,1,0,0.39025717973709106
cnn,ga,1,1478,2024-06-05 11:15:00,1,0,0.3861880302429199
cnn,ga,1,1479,2024-06-05 11:20:00,1,0,0.4827515184879303
cnn,ga,1,1480,2024-06-05 11:20:00,1,0,0.48254474997520447
cnn,ga,1,1481,2024-06-05 11:25:00,1,1,0.5439072847366333
cnn,ga,1,1482,2024-06-05 11:25:00,1,1,0.5500912070274353
cnn,ga,1,1483,2024-06-05 11:30:00,1,1,0.6192933320999146
cnn,ga,1,1484,2024-06-05 11:30:00,1,1,0.6173337697982788
cnn,ga,1,1485,2024-06-05 11:35:00,1,1,0.6838923096656799
cnn,ga,1,1486,2024-06-05 11:35:00,1,1,0.6838185787200928
cnn,ga,1,1487,2024-06-05 11:40:00,1,1,0.736095666885376
cnn,ga,1,1488,2024-06-05 11:40:00,0,1,0.7273967266082764
cnn,ga,1,1489,2024-06-05 11:45:00,0,1,0.6366345286369324
cnn,ga,1,1490,2024-06-05 11:45:00,1,1,0.6369263529777527
cnn,ga,1,1491,2024-06-05 11:50:00,1,1,0.6221810579299927
cnn,ga,1,1492,2024-06-05 11:50:00,0,1,0.6131632328033447
cnn,ga,1,1493,2024-06-05 11:55:00,1,1,0.5667397975921631
cnn,ga,1,1494,2024-06-05 11:55:00,0,1,0.5668923854827881
cnn,ga,1,1495,2024-06-05 12:00:00,1,1,0.5597081780433655
cnn,ga,1,1496,2024-06-05 12:00:00,0,1,0.5662993788719177
cnn,ga,1,1497,2024-06-05 12:05:00,0,1,0.5373976230621338
cnn,ga,1,1498,2024-06-05 12:05:00,1,1,0.5315359830856323
cnn,ga,1,1499,2024-06-05 12:10:00,1,0,0.48988795280456543
cnn,ga,1,1500,2024-06-05 12:10:00,0,0,0.4992104768753052
cnn,ga,1,1501,2024-06-05 12:15:00,0,1,0.561686098575592
cnn,ga,1,1502,2024-06-05 12:15:00,1,1,0.5585528016090393
cnn,ga,1,1503,2024-06-05 12:20:00,0,1,0.5967682003974915
cnn,ga,1,1504,2024-06-05 12:20:00,1,1,0.5992302298545837
cnn,ga,1,1505,2024-06-05 12:25:00,0,1,0.611265242099762
cnn,ga,1,1506,2024-06-05 12:25:00,0,1,0.6010615825653076
cnn,ga,1,1507,2024-06-05 12:30:00,0,1,0.6261174082756042
cnn,ga,1,1508,2024-06-05 12:30:00,0,1,0.5789816379547119
cnn,ga,1,1509,2024-06-05 12:35:00,0,1,0.5423632264137268
cnn,ga,1,1510,2024-06-05 12:35:00,0,1,0.5570542216300964
cnn,ga,1,1511,2024-06-05 12:40:00,0,1,0.5272404551506042
cnn,ga,1,1512,2024-06-05 12:40:00,0,1,0.5198018550872803
cnn,ga,1,1513,2024-06-05 12:45:00,0,0,0.497923344373703
cnn,ga,1,1514,2024-06-05 12:45:00,0,0,0.4787268042564392
cnn,ga,1,1515,2024-06-05 12:50:00,0,0,0.42846596240997314
cnn,ga,1,1516,2024-06-05 12:50:00,0,0,0.4672802686691284
cnn,ga,1,1517,2024-06-05 12:55:00,0,0,0.4811652600765228
cnn,ga,1,1518,2024-06-05 12:55:00,0,0,0.4734744727611542
cnn,ga,1,1519,2024-06-05 13:00:00,0,0,0.4705805778503418
cnn,ga,1,1520,2024-06-05 13:00:00,0,0,0.47475793957710266
cnn,ga,1,1521,2024-06-05 13:05:00,0,0,0.4430384933948517
cnn,ga,1,1522,2024-06-05 13:05:00,0,0,0.44201377034187317
cnn,ga,1,1523,2024-06-05 13:10:00,0,0,0.4199413061141968
cnn,ga,1,1524,2024-06-05 13:10:00,0,0,0.4359230697154999
cnn,ga,1,1525,2024-06-05 13:15:00,0,0,0.43589988350868225
cnn,ga,1,1526,2024-06-05 13:15:00,0,0,0.4461638629436493
cnn,ga,1,1527,2024-06-05 13:20:00,0,0,0.44367679953575134
cnn,ga,1,1528,2024-06-05 13:20:00,0,0,0.42648938298225403
cnn,ga,1,1529,2024-06-05 13:25:00,0,0,0.4250503182411194
cnn,ga,1,1530,2024-06-05 13:25:00,0,0,0.4287745952606201
cnn,ga,1,1531,2024-06-05 13:30:00,0,0,0.4086959958076477
cnn,ga,1,1532,2024-06-05 13:30:00,0,0,0.41449180245399475
cnn,ga,1,1533,2024-06-05 13:35:00,0,0,0.4408048987388611
cnn,ga,1,1534,2024-06-05 13:35:00,0,0,0.430049866437912
cnn,ga,1,1535,2024-06-05 13:40:00,0,0,0.43977758288383484
cnn,ga,1,1536,2024-06-05 13:40:00,0,0,0.45434045791625977
cnn,ga,1,1537,2024-06-05 13:45:00,0,0,0.357923299074173
cnn,ga,1,1538,2024-06-05 13:45:00,0,0,0.44289320707321167
cnn,ga,1,1539,2024-06-05 13:50:00,0,0,0.4943956136703491
cnn,ga,1,1540,2024-06-05 13:50:00,0,1,0.503856897354126
cnn,ga,1,1541,2024-06-05 13:55:00,0,0,0.4933162033557892
cnn,ga,1,1542,2024-06-05 13:55:00,0,0,0.48414716124534607
cnn,ga,1,1543,2024-06-05 14:00:00,0,1,0.5148617029190063
cnn,ga,1,1544,2024-06-05 14:00:00,0,0,0.49175795912742615
cnn,ga,1,1545,2024-06-05 14:05:00,0,0,0.46943530440330505
cnn,ga,1,1546,2024-06-05 14:05:00,0,0,0.4375857412815094
cnn,ga,1,1547,2024-06-05 14:10:00,0,0,0.4517640471458435
cnn,ga,1,1548,2024-06-05 14:10:00,0,0,0.44290807843208313
cnn,ga,1,1549,2024-06-05 14:15:00,0,0,0.44464507699012756
cnn,ga,1,1550,2024-06-05 14:15:00,0,0,0.4069567322731018
cnn,ga,1,1551,2024-06-05 14:20:00,0,0,0.4691743850708008
cnn,ga,1,1552,2024-06-05 14:20:00,0,0,0.4771629571914673
cnn,ga,1,1553,2024-06-05 14:25:00,0,1,0.5019999146461487
cnn,ga,1,1554,2024-06-05 14:25:00,0,1,0.5134890079498291
cnn,ga,1,1555,2024-06-05 14:30:00,0,1,0.5766841769218445
cnn,ga,1,1556,2024-06-05 14:30:00,0,1,0.5569809675216675
cnn,ga,1,1557,2024-06-05 14:35:00,0,1,0.559075653553009
cnn,ga,1,1558,2024-06-05 14:35:00,0,1,0.5559828281402588
cnn,ga,1,1559,2024-06-05 14:40:00,0,1,0.5946151614189148
cnn,ga,1,1560,2024-06-05 14:40:00,0,1,0.5603250861167908
cnn,ga,1,1561,2024-06-05 14:45:00,0,1,0.5096631050109863
cnn,ga,1,1562,2024-06-05 14:45:00,0,1,0.5274052023887634
cnn,ga,1,1563,2024-06-05 14:50:00,0,0,0.43663489818573
cnn,ga,1,1564,2024-06-05 14:50:00,0,0,0.4365209937095642
cnn,ga,1,1565,2024-06-05 14:55:00,0,0,0.4028964936733246
cnn,ga,1,1566,2024-06-05 14:55:00,0,0,0.3897863030433655
cnn,ga,1,1567,2024-06-05 15:00:00,0,0,0.43427157402038574
cnn,ga,1,1568,2024-06-05 15:00:00,0,0,0.44749394059181213
cnn,ga,1,1569,2024-06-05 15:05:00,0,0,0.42897212505340576
cnn,ga,1,1570,2024-06-05 15:05:00,0,0,0.4220517575740814
cnn,ga,1,1571,2024-06-05 15:10:00,0,0,0.39513328671455383
cnn,ga,1,1572,2024-06-05 15:10:00,0,0,0.3821536898612976
cnn,ga,1,1573,2024-06-05 15:15:00,0,0,0.37284836173057556
cnn,ga,1,1574,2024-06-05 15:15:00,0,0,0.38363805413246155
cnn,ga,1,1575,2024-06-05 15:20:00,0,0,0.4065482020378113
cnn,ga,1,1576,2024-06-05 15:20:00,0,0,0.39444470405578613
cnn,ga,1,1577,2024-06-05 15:25:00,0,0,0.39754268527030945
cnn,ga,1,1578,2024-06-05 15:25:00,0,0,0.40550345182418823
cnn,ga,1,1579,2024-06-05 15:30:00,0,0,0.4173940122127533
cnn,ga,1,1580,2024-06-05 15:30:00,0,0,0.4113272428512573
cnn,ga,1,1581,2024-06-05 15:35:00,1,0,0.3780788481235504
cnn,ga,1,1582,2024-06-05 15:35:00,0,0,0.4062509834766388
cnn,ga,1,1583,2024-06-05 15:40:00,0,0,0.4346362352371216
cnn,ga,1,1584,2024-06-05 15:40:00,1,0,0.41797810792922974
cnn,ga,1,1585,2024-06-05 15:45:00,1,0,0.45473378896713257
cnn,ga,1,1586,2024-06-05 15:45:00,0,0,0.4559051990509033
cnn,ga,1,1587,2024-06-05 15:50:00,1,0,0.4801817536354065
cnn,ga,1,1588,2024-06-05 15:50:00,0,0,0.495523601770401
cnn,ga,1,1589,2024-06-05 15:55:00,1,1,0.5496248602867126
cnn,ga,1,1590,2024-06-05 15:55:00,0,1,0.5356407165527344
cnn,ga,1,1591,2024-06-05 16:00:00,0,1,0.569226861000061
cnn,ga,1,1592,2024-06-05 16:00:00,1,1,0.6395540237426758
cnn,ga,1,1593,2024-06-05 16:05:00,0,1,0.5007765889167786
cnn,ga,1,1594,2024-06-05 16:05:00,1,0,0.4890243411064148
cnn,ga,1,1595,2024-06-05 16:10:00,1,0,0.45101672410964966
cnn,ga,1,1596,2024-06-05 16:10:00,1,0,0.46055370569229126
cnn,ga,1,1597,2024-06-05 16:15:00,1,0,0.45865845680236816
cnn,ga,1,1598,2024-06-05 16:15:00,1,0,0.4510417580604553
cnn,ga,1,1599,2024-06-05 16:20:00,1,0,0.4945584833621979
cnn,ga,1,1600,2024-06-05 16:20:00,1,0,0.4850345253944397
cnn,ga,1,1601,2024-06-05 16:25:00,1,1,0.5003175139427185
cnn,ga,1,1602,2024-06-05 16:25:00,1,0,0.49825558066368103
cnn,ga,1,1603,2024-06-05 16:30:00,1,0,0.47339388728141785
cnn,ga,1,1604,2024-06-05 16:30:00,1,0,0.48028963804244995
cnn,ga,1,1605,2024-06-05 16:35:00,1,0,0.49493730068206787
cnn,ga,1,1606,2024-06-05 16:35:00,1,1,0.5082471966743469
cnn,ga,1,1607,2024-06-05 16:40:00,1,1,0.5189579129219055
cnn,ga,1,1608,2024-06-05 16:40:00,1,1,0.5295490622520447
cnn,ga,1,1609,2024-06-05 16:45:00,1,1,0.501593291759491
cnn,ga,1,1610,2024-06-05 16:45:00,1,0,0.49412801861763
cnn,ga,1,1611,2024-06-05 16:50:00,1,1,0.5246819257736206
cnn,ga,1,1612,2024-06-05 16:50:00,1,1,0.5274075865745544
cnn,ga,1,1613,2024-06-05 16:55:00,0,1,0.5579457879066467
cnn,ga,1,1614,2024-06-05 16:55:00,1,1,0.5515156984329224
cnn,ga,1,1615,2024-06-05 17:00:00,1,1,0.5442401170730591
cnn,ga,1,1616,2024-06-05 17:00:00,0,1,0.5680858492851257
cnn,ga,1,1617,2024-06-05 17:05:00,0,0,0.4871782958507538
cnn,ga,1,1618,2024-06-05 17:05:00,0,0,0.49103280901908875
cnn,ga,1,1619,2024-06-05 17:10:00,1,0,0.4571940302848816
cnn,ga,1,1620,2024-06-05 17:10:00,1,0,0.4649674594402313
cnn,ga,1,1621,2024-06-05 17:15:00,1,1,0.5088678002357483
cnn,ga,1,1622,2024-06-05 17:15:00,1,1,0.5081159472465515
cnn,ga,1,1623,2024-06-05 17:20:00,1,1,0.5252888798713684
cnn,ga,1,1624,2024-06-05 17:20:00,1,1,0.5272314548492432
cnn,ga,1,1625,2024-06-05 17:25:00,1,1,0.541593074798584
cnn,ga,1,1626,2024-06-05 17:30:00,1,1,0.5406450629234314
cnn,ga,1,1627,2024-06-05 17:30:00,1,1,0.5642889142036438
cnn,ga,1,1628,2024-06-05 17:35:00,1,0,0.4876519441604614
cnn,ga,1,1629,2024-06-05 17:35:00,1,0,0.4918699562549591
cnn,ga,1,1630,2024-06-05 17:40:00,1,0,0.4757553040981293
cnn,ga,1,1631,2024-06-05 17:40:00,1,0,0.372117280960083
cnn,ga,1,1632,2024-06-05 17:45:00,1,1,0.5087711811065674
cnn,ga,1,1633,2024-06-05 17:45:00,1,1,0.516463041305542
cnn,ga,1,1634,2024-06-05 17:50:00,1,1,0.504710853099823
cnn,ga,1,1635,2024-06-05 17:50:00,1,1,0.5154382586479187
cnn,ga,1,1636,2024-06-05 17:55:00,1,1,0.502553403377533
cnn,ga,1,1637,2024-06-05 17:55:00,1,1,0.5156340599060059
cnn,ga,1,1638,2024-06-06 12:40:00,0,1,0.6845932006835938
cnn,ga,1,1639,2024-06-06 12:40:00,0,1,0.678261935710907
cnn,ga,1,1640,2024-06-06 12:45:00,0,1,0.6042348146438599
cnn,ga,1,1641,2024-06-06 12:45:00,0,1,0.6050184965133667
cnn,ga,1,1642,2024-06-06 12:50:00,0,1,0.589438259601593
cnn,ga,1,1643,2024-06-06 12:50:00,0,1,0.5871577858924866
cnn,ga,1,1644,2024-06-06 12:55:00,0,1,0.6589062809944153
cnn,ga,1,1645,2024-06-06 12:55:00,0,1,0.6055662631988525
cnn,ga,1,1646,2024-06-06 13:00:00,0,0,0.4682167172431946
cnn,ga,1,1647,2024-06-06 13:00:00,0,0,0.4737316966056824
cnn,ga,1,1648,2024-06-06 13:05:00,0,0,0.4093339443206787
cnn,ga,1,1649,2024-06-06 13:05:00,0,0,0.38866207003593445
cnn,ga,1,1650,2024-06-06 13:10:00,0,0,0.4127095937728882
cnn,ga,1,1651,2024-06-06 13:10:00,0,0,0.4200073182582855
cnn,ga,1,1652,2024-06-06 13:15:00,0,0,0.4541814625263214
cnn,ga,1,1653,2024-06-06 13:15:00,0,0,0.45100635290145874
cnn,ga,1,1654,2024-06-06 13:20:00,0,0,0.4461463689804077
cnn,ga,1,1655,2024-06-06 13:20:00,0,0,0.4537098705768585
cnn,ga,1,1656,2024-06-06 13:25:00,0,0,0.4505360424518585
cnn,ga,1,1657,2024-06-06 13:25:00,0,0,0.45460963249206543
cnn,ga,1,1658,2024-06-06 13:30:00,0,0,0.43742847442626953
cnn,ga,1,1659,2024-06-06 13:30:00,0,0,0.4378475844860077
cnn,ga,1,1660,2024-06-06 13:35:00,0,0,0.40885835886001587
cnn,ga,1,1661,2024-06-06 13:35:00,0,0,0.4179512560367584
cnn,ga,1,1662,2024-06-06 13:40:00,1,0,0.40269938111305237
cnn,ga,1,1663,2024-06-06 13:40:00,0,0,0.39961713552474976
cnn,ga,1,1664,2024-06-06 13:45:00,1,0,0.4067179560661316
cnn,ga,1,1665,2024-06-06 13:45:00,1,0,0.3888944089412689
cnn,ga,1,1666,2024-06-06 13:50:00,1,0,0.4425510764122009
cnn,ga,1,1667,2024-06-06 13:50:00,1,0,0.43820318579673767
cnn,ga,1,1668,2024-06-06 13:55:00,1,0,0.47494199872016907
cnn,ga,1,1669,2024-06-06 13:55:00,1,0,0.4734366536140442
cnn,ga,1,1670,2024-06-06 14:00:00,1,1,0.5380544066429138
cnn,ga,1,1671,2024-06-06 14:00:00,1,1,0.5454925298690796
cnn,ga,1,1672,2024-06-06 14:05:00,1,1,0.5478638410568237
cnn,ga,1,1673,2024-06-06 14:05:00,1,1,0.569237232208252
cnn,ga,1,1674,2024-06-06 14:10:00,1,1,0.6067292094230652
cnn,ga,1,1675,2024-06-06 14:10:00,1,1,0.5322088599205017
cnn,ga,1,1676,2024-06-06 14:15:00,1,1,0.5425564050674438
cnn,ga,1,1677,2024-06-06 14:15:00,1,1,0.5525219440460205
cnn,ga,1,1678,2024-06-06 14:20:00,1,1,0.6008021235466003
cnn,ga,1,1679,2024-06-06 14:20:00,1,1,0.6051524877548218
cnn,ga,1,1680,2024-06-06 14:25:00,1,1,0.622991144657135
cnn,ga,1,1681,2024-06-06 14:25:00,1,1,0.6293500065803528
cnn,ga,1,1682,2024-06-06 14:30:00,1,1,0.6498101353645325
cnn,ga,1,1683,2024-06-06 14:30:00,1,1,0.6375895142555237
cnn,ga,1,1684,2024-06-06 14:35:00,1,1,0.6579650044441223
cnn,ga,1,1685,2024-06-06 14:35:00,1,1,0.6603289246559143
cnn,ga,1,1686,2024-06-06 14:40:00,1,1,0.6232640147209167
cnn,ga,1,1687,2024-06-06 14:40:00,0,1,0.6461129188537598
cnn,ga,1,1688,2024-06-06 14:45:00,0,1,0.5369260311126709
cnn,ga,1,1689,2024-06-06 14:45:00,1,1,0.5207783579826355
cnn,ga,1,1690,2024-06-06 14:50:00,0,0,0.4500984847545624
cnn,ga,1,1691,2024-06-06 14:50:00,1,0,0.4517691135406494
cnn,ga,1,1692,2024-06-06 14:55:00,0,0,0.415327787399292
cnn,ga,1,1693,2024-06-06 14:55:00,1,0,0.4337490499019623
cnn,ga,1,1694,2024-06-06 15:00:00,1,0,0.4331180453300476
cnn,ga,1,1695,2024-06-06 15:00:00,0,0,0.4194648861885071
cnn,ga,1,1696,2024-06-06 15:05:00,1,0,0.3932187855243683
cnn,ga,1,1697,2024-06-06 15:05:00,1,0,0.4048767685890198
cnn,ga,1,1698,2024-06-06 15:10:00,1,0,0.37844517827033997
cnn,ga,1,1699,2024-06-06 15:10:00,1,0,0.3735944628715515
cnn,ga,1,1700,2024-06-06 15:15:00,1,0,0.4559697210788727
cnn,ga,1,1701,2024-06-06 15:15:00,1,0,0.45770397782325745
cnn,ga,1,1702,2024-06-06 15:20:00,1,0,0.4991474449634552
cnn,ga,1,1703,2024-06-06 15:20:00,1,1,0.5039699673652649
cnn,ga,1,1704,2024-06-06 15:25:00,1,1,0.5251184701919556
cnn,ga,1,1705,2024-06-06 15:25:00,1,1,0.5197579264640808
cnn,ga,1,1706,2024-06-06 15:30:00,1,1,0.5348995923995972
cnn,ga,1,1707,2024-06-06 15:30:00,1,1,0.5336571335792542
cnn,ga,1,1708,2024-06-06 15:35:00,1,1,0.5679236054420471
cnn,ga,1,1709,2024-06-06 15:35:00,1,1,0.5601170063018799
cnn,ga,1,1710,2024-06-06 15:40:00,1,1,0.5750424861907959
cnn,ga,1,1711,2024-06-06 15:40:00,1,1,0.5865486264228821
cnn,ga,1,1712,2024-06-06 15:45:00,1,1,0.6068792939186096
cnn,ga,1,1713,2024-06-06 15:45:00,1,1,0.6472276449203491
cnn,ga,1,1714,2024-06-06 15:50:00,1,1,0.5281067490577698
cnn,ga,1,1715,2024-06-06 15:50:00,1,1,0.5208268165588379
cnn,ga,1,1716,2024-06-06 15:55:00,1,0,0.4601224362850189
cnn,ga,1,1717,2024-06-06 15:55:00,1,0,0.4656459391117096
cnn,ga,1,1718,2024-06-06 16:00:00,1,0,0.4258013963699341
cnn,ga,1,1719,2024-06-06 16:00:00,1,0,0.4232892394065857
cnn,ga,1,1720,2024-06-06 16:05:00,1,0,0.4310201406478882
cnn,ga,1,1721,2024-06-06 16:05:00,1,0,0.42428308725357056
cnn,ga,1,1722,2024-06-06 16:10:00,1,0,0.434441477060318
cnn,ga,1,1723,2024-06-06 16:10:00,1,0,0.4223037660121918
cnn,ga,1,1724,2024-06-06 16:15:00,1,0,0.4377601742744446
cnn,ga,1,1725,2024-06-06 16:15:00,1,0,0.44683602452278137
cnn,ga,1,1726,2024-06-06 16:20:00,1,0,0.4036096930503845
cnn,ga,1,1727,2024-06-06 16:20:00,1,0,0.4359361529350281
cnn,ga,1,1728,2024-06-06 16:25:00,1,0,0.43306440114974976
cnn,ga,1,1729,2024-06-06 16:25:00,1,0,0.4412837326526642
cnn,ga,1,1730,2024-06-06 16:30:00,1,0,0.4238058626651764
cnn,ga,1,1731,2024-06-06 16:30:00,1,0,0.4345555305480957
cnn,ga,1,1732,2024-06-06 16:35:00,1,0,0.45729756355285645
cnn,ga,1,1733,2024-06-06 16:35:00,1,0,0.45759689807891846
cnn,ga,1,1734,2024-06-06 16:40:00,1,1,0.5273866653442383
cnn,ga,1,1735,2024-06-06 16:40:00,1,1,0.5336476564407349
cnn,ga,1,1736,2024-06-06 16:45:00,1,1,0.5786698460578918
cnn,ga,1,1737,2024-06-06 16:45:00,1,1,0.5775532126426697
cnn,ga,1,1738,2024-06-06 16:50:00,1,1,0.6129456758499146
cnn,ga,1,1739,2024-06-06 16:50:00,1,1,0.6299287676811218
cnn,ga,1,1740,2024-06-06 16:55:00,0,1,0.6400559544563293
cnn,ga,1,1741,2024-06-06 16:55:00,0,1,0.6262865662574768
cnn,ga,1,1742,2024-06-06 17:00:00,0,1,0.6430557370185852
cnn,ga,1,1743,2024-06-06 17:00:00,0,1,0.5941066145896912
cnn,ga,1,1744,2024-06-06 17:05:00,0,1,0.610088586807251
cnn,ga,1,1745,2024-06-06 17:05:00,0,1,0.5364644527435303
cnn,ga,1,1746,2024-06-06 17:10:00,0,1,0.5536549091339111
cnn,ga,1,1747,2024-06-06 17:10:00,0,1,0.5332465171813965
cnn,ga,1,1748,2024-06-06 17:15:00,0,1,0.5641008019447327
cnn,ga,1,1749,2024-06-06 17:15:00,0,1,0.5414998531341553
cnn,ga,1,1750,2024-06-06 17:20:00,0,1,0.5502381324768066
cnn,ga,1,1751,2024-06-06 17:20:00,0,1,0.5381476879119873
cnn,ga,1,1752,2024-06-06 17:25:00,0,1,0.5124244689941406
cnn,ga,1,1753,2024-06-06 17:25:00,0,1,0.5314387679100037
cnn,ga,1,1754,2024-06-06 17:30:00,0,1,0.5308873057365417
cnn,ga,1,1755,2024-06-06 17:30:00,0,1,0.5207435488700867
cnn,ga,1,1756,2024-06-06 17:35:00,0,1,0.5454514026641846
cnn,ga,1,1757,2024-06-06 17:35:00,0,1,0.5397574305534363
cnn,ga,1,1758,2024-06-06 17:40:00,0,1,0.5053282976150513
cnn,ga,1,1759,2024-06-06 17:40:00,0,1,0.5061144232749939
cnn,ga,1,1760,2024-06-06 17:45:00,0,0,0.48776012659072876
cnn,ga,1,1761,2024-06-06 17:45:00,0,0,0.4990527033805847
cnn,ga,1,1762,2024-06-06 17:50:00,0,1,0.5192198753356934
cnn,ga,1,1763,2024-06-06 17:50:00,0,1,0.5207470655441284
cnn,ga,1,1764,2024-06-06 17:55:00,0,0,0.49517515301704407
cnn,ga,1,1765,2024-06-06 17:55:00,1,1,0.5000596642494202
cnn,ga,1,1766,2024-06-07 17:10:00,1,0,0.46078360080718994
cnn,ga,1,1767,2024-06-07 17:15:00,1,0,0.4062826931476593
cnn,ga,1,1768,2024-06-07 17:20:00,1,1,0.5213367342948914
cnn,ga,1,1769,2024-06-07 17:25:00,1,1,0.5193694829940796
cnn,ga,1,1770,2024-06-07 17:30:00,1,1,0.5320514440536499
cnn,ga,1,1771,2024-06-07 17:35:00,1,0,0.4892812669277191
cnn,ga,1,1772,2024-06-07 17:40:00,1,0,0.46209415793418884
cnn,ga,1,1773,2024-06-07 17:45:00,1,0,0.4311750829219818
cnn,ga,1,1774,2024-06-07 17:50:00,1,0,0.4633225202560425
cnn,ga,1,1775,2024-06-07 17:55:00,1,0,0.4570004940032959
cnn,ga,1,1776,2024-06-10 10:40:00,1,1,0.6470816731452942
cnn,ga,1,1777,2024-06-10 10:45:00,1,1,0.6771305203437805
cnn,ga,1,1778,2024-06-10 10:50:00,1,1,0.6492293477058411
cnn,ga,1,1779,2024-06-10 10:55:00,1,1,0.5759336352348328
cnn,ga,1,1780,2024-06-10 11:00:00,1,1,0.5402229428291321
cnn,ga,1,1781,2024-06-10 11:05:00,1,1,0.517662763595581
cnn,ga,1,1782,2024-06-10 11:10:00,1,1,0.5370177030563354
cnn,ga,1,1783,2024-06-10 11:15:00,1,1,0.5797539353370667
cnn,ga,1,1784,2024-06-10 11:20:00,1,1,0.6089198589324951
cnn,ga,1,1785,2024-06-10 11:25:00,1,1,0.5904008746147156
cnn,ga,1,1786,2024-06-10 11:30:00,1,1,0.5405962467193604
cnn,ga,1,1787,2024-06-10 11:35:00,1,1,0.5400511026382446
cnn,ga,1,1788,2024-06-10 11:40:00,1,1,0.5520883202552795
cnn,ga,1,1789,2024-06-10 11:45:00,1,1,0.5644702911376953
cnn,ga,1,1790,2024-06-10 11:50:00,0,1,0.587080180644989
cnn,ga,1,1791,2024-06-10 11:50:00,0,1,0.5816096067428589
cnn,ga,1,1792,2024-06-10 11:55:00,0,1,0.5121762752532959
cnn,ga,1,1793,2024-06-10 11:55:00,0,1,0.5169191956520081
cnn,ga,1,1794,2024-06-10 12:00:00,0,0,0.4892808198928833
cnn,ga,1,1795,2024-06-10 12:00:00,0,0,0.4898793697357178
cnn,ga,1,1796,2024-06-10 12:05:00,0,0,0.4701198637485504
cnn,ga,1,1797,2024-06-10 12:05:00,0,0,0.480178564786911
cnn,ga,1,1798,2024-06-10 12:10:00,0,0,0.4506997764110565
cnn,ga,1,1799,2024-06-10 12:10:00,0,0,0.4451831877231598
cnn,ga,1,1800,2024-06-10 12:15:00,0,0,0.4595334231853485
cnn,ga,1,1801,2024-06-10 12:15:00,0,0,0.46026915311813354
cnn,ga,1,1802,2024-06-10 12:20:00,0,0,0.46722468733787537
cnn,ga,1,1803,2024-06-10 12:20:00,0,0,0.46402907371520996
cnn,ga,1,1804,2024-06-10 12:25:00,0,0,0.45239487290382385
cnn,ga,1,1805,2024-06-10 12:25:00,0,0,0.45391368865966797
cnn,ga,1,1806,2024-06-10 12:30:00,0,0,0.44377169013023376
cnn,ga,1,1807,2024-06-10 12:30:00,0,0,0.4440332055091858
cnn,ga,1,1808,2024-06-10 12:35:00,0,0,0.45265525579452515
cnn,ga,1,1809,2024-06-10 12:35:00,0,0,0.4487804174423218
cnn,ga,1,1810,2024-06-10 12:40:00,0,0,0.47621142864227295
cnn,ga,1,1811,2024-06-10 12:40:00,0,0,0.47481125593185425
cnn,ga,1,1812,2024-06-10 12:45:00,0,0,0.47223713994026184
cnn,ga,1,1813,2024-06-10 12:45:00,0,0,0.467792272567749
cnn,ga,1,1814,2024-06-10 12:50:00,1,0,0.4529162049293518
cnn,ga,1,1815,2024-06-10 12:50:00,0,0,0.45303627848625183
cnn,ga,1,1816,2024-06-10 12:55:00,1,0,0.46808189153671265
cnn,ga,1,1817,2024-06-10 12:55:00,0,0,0.4638797342777252
cnn,ga,1,1818,2024-06-10 13:00:00,1,0,0.4872055649757385
cnn,ga,1,1819,2024-06-10 13:00:00,0,0,0.4811146855354309
cnn,ga,1,1820,2024-06-10 13:05:00,1,1,0.51246178150177
cnn,ga,1,1821,2024-06-10 13:05:00,0,1,0.5112206339836121
cnn,ga,1,1822,2024-06-10 13:10:00,0,1,0.5521708130836487
cnn,ga,1,1823,2024-06-10 13:10:00,0,1,0.5504199862480164
cnn,ga,1,1824,2024-06-10 13:15:00,0,1,0.5318354368209839
cnn,ga,1,1825,2024-06-10 13:15:00,0,1,0.5298409461975098
cnn,ga,1,1826,2024-06-10 13:20:00,0,1,0.5095754861831665
cnn,ga,1,1827,2024-06-10 13:20:00,0,1,0.5098174214363098
cnn,ga,1,1828,2024-06-10 13:25:00,0,0,0.47705796360969543
cnn,ga,1,1829,2024-06-10 13:25:00,0,0,0.4819563329219818
cnn,ga,1,1830,2024-06-10 13:30:00,0,0,0.4534805417060852
cnn,ga,1,1831,2024-06-10 13:30:00,0,0,0.4589327573776245
cnn,ga,1,1832,2024-06-10 13:35:00,0,0,0.4667995870113373
cnn,ga,1,1833,2024-06-10 13:35:00,0,0,0.4706728458404541
cnn,ga,1,1834,2024-06-10 13:40:00,0,1,0.5024338960647583
cnn,ga,1,1835,2024-06-10 13:40:00,0,1,0.5013764500617981
cnn,ga,1,1836,2024-06-10 13:45:00,0,0,0.47544828057289124
cnn,ga,1,1837,2024-06-10 13:45:00,0,0,0.47559353709220886
cnn,ga,1,1838,2024-06-10 13:50:00,0,0,0.4888894557952881
cnn,ga,1,1839,2024-06-10 13:50:00,0,0,0.48807644844055176
cnn,ga,1,1840,2024-06-10 13:55:00,0,0,0.48768097162246704
cnn,ga,1,1841,2024-06-10 13:55:00,0,0,0.4903075397014618
cnn,ga,1,1842,2024-06-10 14:00:00,0,1,0.5016445517539978
cnn,ga,1,1843,2024-06-10 14:00:00,0,1,0.5005089044570923
cnn,ga,1,1844,2024-06-10 14:05:00,0,1,0.5071972012519836
cnn,ga,1,1845,2024-06-10 14:05:00,0,1,0.5092516541481018
cnn,ga,1,1846,2024-06-10 14:10:00,0,0,0.47151902318000793
cnn,ga,1,1847,2024-06-10 14:10:00,0,0,0.47299158573150635
cnn,ga,1,1848,2024-06-10 14:15:00,0,0,0.4564611315727234
cnn,ga,1,1849,2024-06-10 14:15:00,0,0,0.45400968194007874
cnn,ga,1,1850,2024-06-10 14:20:00,0,0,0.4461895525455475
cnn,ga,1,1851,2024-06-10 14:20:00,0,0,0.44335827231407166
cnn,ga,1,1852,2024-06-10 14:25:00,0,0,0.45771685242652893
cnn,ga,1,1853,2024-06-10 14:25:00,0,0,0.4607178568840027
cnn,ga,1,1854,2024-06-10 14:30:00,0,0,0.4712371826171875
cnn,ga,1,1855,2024-06-10 14:30:00,0,0,0.4747887849807739
cnn,ga,1,1856,2024-06-10 14:35:00,0,0,0.489748477935791
cnn,ga,1,1857,2024-06-10 14:35:00,0,0,0.4949153959751129
cnn,ga,1,1858,2024-06-10 14:40:00,0,0,0.4934372007846832
cnn,ga,1,1859,2024-06-10 14:40:00,0,0,0.4949033558368683
cnn,ga,1,1860,2024-06-10 14:45:00,0,1,0.5375003218650818
cnn,ga,1,1861,2024-06-10 14:45:00,0,1,0.5367276072502136
cnn,ga,1,1862,2024-06-10 14:50:00,0,1,0.5202601552009583
cnn,ga,1,1863,2024-06-10 14:50:00,0,1,0.5274166464805603
cnn,ga,1,1864,2024-06-10 14:55:00,0,0,0.4592910706996918
cnn,ga,1,1865,2024-06-10 14:55:00,0,0,0.45773693919181824
cnn,ga,1,1866,2024-06-10 15:00:00,0,0,0.41564133763313293
cnn,ga,1,1867,2024-06-10 15:00:00,0,0,0.4148176610469818
cnn,ga,1,1868,2024-06-10 15:05:00,0,0,0.4092617332935333
cnn,ga,1,1869,2024-06-10 15:05:00,0,0,0.41592785716056824
cnn,ga,1,1870,2024-06-10 15:10:00,0,0,0.41470450162887573
cnn,ga,1,1871,2024-06-10 15:10:00,0,0,0.41877368092536926
cnn,ga,1,1872,2024-06-10 15:15:00,0,0,0.43610531091690063
cnn,ga,1,1873,2024-06-10 15:15:00,0,0,0.4397812783718109
cnn,ga,1,1874,2024-06-10 15:20:00,1,0,0.4329221248626709
cnn,ga,1,1875,2024-06-10 15:20:00,1,0,0.4292359948158264
cnn,ga,1,1876,2024-06-10 15:25:00,1,0,0.45100143551826477
cnn,ga,1,1877,2024-06-10 15:25:00,1,0,0.45837724208831787
cnn,ga,1,1878,2024-06-10 15:30:00,1,0,0.47073042392730713
cnn,ga,1,1879,2024-06-10 15:30:00,1,0,0.4741321802139282
cnn,ga,1,1880,2024-06-10 15:35:00,1,1,0.5713685750961304
cnn,ga,1,1881,2024-06-10 15:35:00,1,1,0.5707976818084717
cnn,ga,1,1882,2024-06-10 15:40:00,0,1,0.6190150380134583
cnn,ga,1,1883,2024-06-10 15:40:00,0,1,0.6171466708183289
cnn,ga,1,1884,2024-06-10 15:45:00,0,1,0.5985729694366455
cnn,ga,1,1885,2024-06-10 15:45:00,0,1,0.602516233921051
cnn,ga,1,1886,2024-06-10 15:50:00,0,1,0.5874102115631104
cnn,ga,1,1887,2024-06-10 15:50:00,0,1,0.5930145382881165
cnn,ga,1,1888,2024-06-10 15:55:00,0,1,0.5422797799110413
cnn,ga,1,1889,2024-06-10 15:55:00,0,1,0.5396159291267395
cnn,ga,1,1890,2024-06-10 16:00:00,0,1,0.5390357971191406
cnn,ga,1,1891,2024-06-10 16:00:00,0,1,0.5366318225860596
cnn,ga,1,1892,2024-06-10 16:05:00,0,0,0.4766741991043091
cnn,ga,1,1893,2024-06-10 16:05:00,0,0,0.47565144300460815
cnn,ga,1,1894,2024-06-10 16:10:00,0,1,0.5059446096420288
cnn,ga,1,1895,2024-06-10 16:10:00,0,1,0.5056014060974121
cnn,ga,1,1896,2024-06-10 16:15:00,0,1,0.5112276077270508
cnn,ga,1,1897,2024-06-10 16:15:00,0,1,0.5118120312690735
cnn,ga,1,1898,2024-06-10 16:20:00,0,1,0.5173057317733765
cnn,ga,1,1899,2024-06-10 16:20:00,0,1,0.518559992313385
cnn,ga,1,1900,2024-06-10 16:25:00,0,0,0.49077585339546204
cnn,ga,1,1901,2024-06-10 16:25:00,0,0,0.4857088625431061
cnn,ga,1,1902,2024-06-10 16:30:00,0,0,0.44801750779151917
cnn,ga,1,1903,2024-06-10 16:30:00,0,0,0.4456966519355774
cnn,ga,1,1904,2024-06-10 16:35:00,0,0,0.4443218410015106
cnn,ga,1,1905,2024-06-10 16:35:00,0,0,0.4362542927265167
cnn,ga,1,1906,2024-06-10 16:40:00,0,0,0.490888386964798
cnn,ga,1,1907,2024-06-10 16:40:00,0,0,0.4928722083568573
cnn,ga,1,1908,2024-06-10 16:45:00,0,0,0.4726457893848419
cnn,ga,1,1909,2024-06-10 16:45:00,0,0,0.4763304591178894
cnn,ga,1,1910,2024-06-10 16:50:00,0,0,0.45500460267066956
cnn,ga,1,1911,2024-06-10 16:50:00,0,0,0.43623086810112
cnn,ga,1,1912,2024-06-10 16:55:00,0,0,0.45724931359291077
cnn,ga,1,1913,2024-06-10 16:55:00,0,0,0.4505292773246765
cnn,ga,1,1914,2024-06-10 17:00:00,0,0,0.4723864793777466
cnn,ga,1,1915,2024-06-10 17:00:00,1,0,0.47033247351646423
cnn,ga,1,1916,2024-06-10 17:05:00,1,0,0.46168267726898193
cnn,ga,1,1917,2024-06-10 17:05:00,0,0,0.4674748480319977
cnn,ga,1,1918,2024-06-10 17:10:00,1,0,0.4902926981449127
cnn,ga,1,1919,2024-06-10 17:10:00,0,0,0.4874112010002136
cnn,ga,1,1920,2024-06-10 17:15:00,1,0,0.4858097434043884
cnn,ga,1,1921,2024-06-10 17:15:00,1,0,0.48293423652648926
cnn,ga,1,1922,2024-06-10 17:20:00,1,0,0.47813308238983154
cnn,ga,1,1923,2024-06-10 17:20:00,1,0,0.47881680727005005
cnn,ga,1,1924,2024-06-10 17:25:00,1,1,0.5050532221794128
cnn,ga,1,1925,2024-06-10 17:25:00,1,1,0.5067559480667114
cnn,ga,1,1926,2024-06-10 17:30:00,1,1,0.5495995283126831
cnn,ga,1,1927,2024-06-10 17:30:00,1,1,0.5457471609115601
cnn,ga,1,1928,2024-06-10 17:35:00,1,1,0.5651863813400269
cnn,ga,1,1929,2024-06-10 17:35:00,1,1,0.571739137172699
cnn,ga,1,1930,2024-06-10 17:40:00,1,1,0.5543341040611267
cnn,ga,1,1931,2024-06-10 17:40:00,1,1,0.5528237223625183
cnn,ga,1,1932,2024-06-10 17:45:00,1,1,0.5483847260475159
cnn,ga,1,1933,2024-06-10 17:45:00,1,1,0.5446861386299133
cnn,ga,1,1934,2024-06-10 17:50:00,1,1,0.5153948664665222
cnn,ga,1,1935,2024-06-10 17:50:00,1,1,0.5170822143554688
cnn,ga,1,1936,2024-06-10 17:55:00,0,1,0.5217734575271606
cnn,ga,1,1937,2024-06-10 17:55:00,0,1,0.5206405520439148
cnn,ga,1,1938,2024-06-12 10:40:00,0,0,0.35590070486068726
cnn,ga,1,1939,2024-06-12 10:40:00,0,0,0.3550611436367035
cnn,ga,1,1940,2024-06-12 10:45:00,0,0,0.35709649324417114
cnn,ga,1,1941,2024-06-12 10:45:00,0,0,0.3583625853061676
cnn,ga,1,1942,2024-06-12 10:50:00,0,0,0.35037776827812195
cnn,ga,1,1943,2024-06-12 10:50:00,0,0,0.3519051671028137
cnn,ga,1,1944,2024-06-12 10:55:00,0,0,0.36084288358688354
cnn,ga,1,1945,2024-06-12 10:55:00,0,0,0.3614451587200165
cnn,ga,1,1946,2024-06-12 11:00:00,1,0,0.34400123357772827
cnn,ga,1,1947,2024-06-12 11:00:00,0,0,0.3440791368484497
cnn,ga,1,1948,2024-06-12 11:05:00,0,0,0.35627132654190063
cnn,ga,1,1949,2024-06-12 11:05:00,1,0,0.3567254841327667
cnn,ga,1,1950,2024-06-12 11:10:00,1,0,0.3751029372215271
cnn,ga,1,1951,2024-06-12 11:10:00,1,0,0.3731846213340759
cnn,ga,1,1952,2024-06-12 11:15:00,1,0,0.41519472002983093
cnn,ga,1,1953,2024-06-12 11:15:00,1,0,0.41479170322418213
cnn,ga,1,1954,2024-06-12 11:20:00,1,0,0.4618234932422638
cnn,ga,1,1955,2024-06-12 11:20:00,1,0,0.46845704317092896
cnn,ga,1,1956,2024-06-12 11:25:00,1,1,0.5137008428573608
cnn,ga,1,1957,2024-06-12 11:25:00,1,1,0.5186740756034851
cnn,ga,1,1958,2024-06-12 11:30:00,1,1,0.5003434419631958
cnn,ga,1,1959,2024-06-12 11:30:00,1,1,0.5069714784622192
cnn,ga,1,1960,2024-06-12 11:35:00,1,0,0.4665886163711548
cnn,ga,1,1961,2024-06-12 11:35:00,1,0,0.47309738397598267
cnn,ga,1,1962,2024-06-12 11:40:00,1,0,0.45723992586135864
cnn,ga,1,1963,2024-06-12 11:40:00,1,0,0.46217888593673706
cnn,ga,1,1964,2024-06-12 11:45:00,1,0,0.44546109437942505
cnn,ga,1,1965,2024-06-12 11:45:00,1,0,0.4482262432575226
cnn,ga,1,1966,2024-06-12 11:50:00,1,0,0.4525951147079468
cnn,ga,1,1967,2024-06-12 11:50:00,1,0,0.4545367360115051
cnn,ga,1,1968,2024-06-12 11:55:00,1,0,0.4586109519004822
cnn,ga,1,1969,2024-06-12 11:55:00,1,0,0.45616012811660767
cnn,ga,1,1970,2024-06-12 12:00:00,1,0,0.4430251121520996
cnn,ga,1,1971,2024-06-12 12:00:00,1,0,0.4454060196876526
cnn,ga,1,1972,2024-06-12 12:05:00,1,0,0.4297116696834564
cnn,ga,1,1973,2024-06-12 12:05:00,1,0,0.42841148376464844
cnn,ga,1,1974,2024-06-12 12:10:00,1,0,0.4188336730003357
cnn,ga,1,1975,2024-06-12 12:10:00,1,0,0.4202733039855957
cnn,ga,1,1976,2024-06-12 12:15:00,1,0,0.42661911249160767
cnn,ga,1,1977,2024-06-12 12:15:00,1,0,0.42965611815452576
cnn,ga,1,1978,2024-06-12 12:20:00,1,0,0.4835319519042969
cnn,ga,1,1979,2024-06-12 12:20:00,1,0,0.48269879817962646
cnn,ga,1,1980,2024-06-12 12:25:00,1,1,0.5415172576904297
cnn,ga,1,1981,2024-06-12 12:25:00,1,1,0.5521978139877319
cnn,ga,1,1982,2024-06-12 12:30:00,1,1,0.5520297884941101
cnn,ga,1,1983,2024-06-12 12:30:00,1,1,0.564844012260437
cnn,ga,1,1984,2024-06-12 12:35:00,1,1,0.5593050122261047
cnn,ga,1,1985,2024-06-12 12:35:00,1,1,0.5659437775611877
cnn,ga,1,1986,2024-06-12 12:40:00,1,1,0.5796894431114197
cnn,ga,1,1987,2024-06-12 12:40:00,1,1,0.5886010527610779
cnn,ga,1,1988,2024-06-12 12:45:00,1,1,0.5766220688819885
cnn,ga,1,1989,2024-06-12 12:45:00,1,1,0.5742753148078918
cnn,ga,1,1990,2024-06-12 12:50:00,1,1,0.5687658190727234
cnn,ga,1,1991,2024-06-12 12:50:00,1,1,0.5716039538383484
cnn,ga,1,1992,2024-06-12 12:55:00,1,1,0.5566916465759277
cnn,ga,1,1993,2024-06-12 12:55:00,1,1,0.5645590424537659
cnn,ga,1,1994,2024-06-12 13:00:00,1,1,0.5593926906585693
cnn,ga,1,1995,2024-06-12 13:00:00,1,1,0.5530823469161987
cnn,ga,1,1996,2024-06-12 13:05:00,1,0,0.49583864212036133
cnn,ga,1,1997,2024-06-12 13:05:00,1,1,0.5015959143638611
cnn,ga,1,1998,2024-06-12 13:10:00,1,0,0.4552187919616699
cnn,ga,1,1999,2024-06-12 13:10:00,1,0,0.4497707784175873
cnn,ga,1,2000,2024-06-12 13:15:00,1,0,0.47597643733024597
cnn,ga,1,2001,2024-06-12 13:15:00,1,0,0.4790026545524597
cnn,ga,1,2002,2024-06-12 13:20:00,1,1,0.5146415829658508
cnn,ga,1,2003,2024-06-12 13:20:00,1,1,0.5055623650550842
cnn,ga,1,2004,2024-06-12 13:25:00,1,1,0.5645517110824585
cnn,ga,1,2005,2024-06-12 13:25:00,1,1,0.5600632429122925
cnn,ga,1,2006,2024-06-12 13:30:00,1,1,0.6090054512023926
cnn,ga,1,2007,2024-06-12 13:30:00,1,1,0.6124551892280579
cnn,ga,1,2008,2024-06-12 13:35:00,1,1,0.6308723092079163
cnn,ga,1,2009,2024-06-12 13:35:00,1,1,0.6281927227973938
cnn,ga,1,2010,2024-06-12 13:40:00,1,1,0.6401526927947998
cnn,ga,1,2011,2024-06-12 13:40:00,1,1,0.6344661712646484
cnn,ga,1,2012,2024-06-12 13:45:00,1,1,0.5818745493888855
cnn,ga,1,2013,2024-06-12 13:45:00,1,1,0.596397340297699
cnn,ga,1,2014,2024-06-12 13:50:00,0,1,0.5961127281188965
cnn,ga,1,2015,2024-06-12 13:50:00,1,1,0.6037803888320923
cnn,ga,1,2016,2024-06-12 13:55:00,1,1,0.5404327511787415
cnn,ga,1,2017,2024-06-12 13:55:00,0,1,0.5438091158866882
cnn,ga,1,2018,2024-06-12 14:00:00,0,0,0.4608805775642395
cnn,ga,1,2019,2024-06-12 14:00:00,1,0,0.4504135251045227
cnn,ga,1,2020,2024-06-12 14:05:00,0,0,0.41073328256607056
cnn,ga,1,2021,2024-06-12 14:05:00,1,0,0.38943856954574585
cnn,ga,1,2022,2024-06-12 14:10:00,0,0,0.4362660348415375
cnn,ga,1,2023,2024-06-12 14:10:00,1,0,0.4128817617893219
cnn,ga,1,2024,2024-06-12 14:15:00,1,0,0.4062100648880005
cnn,ga,1,2025,2024-06-12 14:15:00,0,0,0.4440585672855377
cnn,ga,1,2026,2024-06-12 14:20:00,1,0,0.47904035449028015
cnn,ga,1,2027,2024-06-12 14:20:00,0,0,0.48919522762298584
cnn,ga,1,2028,2024-06-12 14:25:00,1,0,0.4944688677787781
cnn,ga,1,2029,2024-06-12 14:25:00,0,0,0.4926321804523468
cnn,ga,1,2030,2024-06-12 14:30:00,0,1,0.5421488285064697
cnn,ga,1,2031,2024-06-12 14:30:00,1,1,0.5401917695999146
cnn,ga,1,2032,2024-06-12 14:35:00,0,1,0.56780606508255
cnn,ga,1,2033,2024-06-12 14:35:00,1,1,0.5812443494796753
cnn,ga,1,2034,2024-06-12 14:40:00,1,1,0.6080120205879211
cnn,ga,1,2035,2024-06-12 14:40:00,0,1,0.5850213170051575
cnn,ga,1,2036,2024-06-12 14:45:00,0,1,0.6113884449005127
cnn,ga,1,2037,2024-06-12 14:45:00,0,1,0.5871560573577881
cnn,ga,1,2038,2024-06-12 14:50:00,0,1,0.5487498044967651
cnn,ga,1,2039,2024-06-12 14:50:00,0,1,0.5497832894325256
cnn,ga,1,2040,2024-06-12 14:55:00,0,1,0.5433816313743591
cnn,ga,1,2041,2024-06-12 14:55:00,0,1,0.5324292182922363
cnn,ga,1,2042,2024-06-12 15:00:00,0,0,0.4522322416305542
cnn,ga,1,2043,2024-06-12 15:00:00,0,0,0.474709153175354
cnn,ga,1,2044,2024-06-12 15:05:00,0,0,0.4629436731338501
cnn,ga,1,2045,2024-06-12 15:05:00,0,0,0.4526216983795166
cnn,ga,1,2046,2024-06-12 15:10:00,0,0,0.4279825985431671
cnn,ga,1,2047,2024-06-12 15:10:00,0,0,0.44993239641189575
cnn,ga,1,2048,2024-06-12 15:15:00,0,0,0.48037028312683105
cnn,ga,1,2049,2024-06-12 15:15:00,0,0,0.46892276406288147
cnn,ga,1,2050,2024-06-12 15:20:00,0,0,0.47150009870529175
cnn,ga,1,2051,2024-06-12 15:20:00,0,0,0.48926255106925964
cnn,ga,1,2052,2024-06-12 15:25:00,0,0,0.4822325110435486
cnn,ga,1,2053,2024-06-12 15:25:00,0,0,0.49411389231681824
cnn,ga,1,2054,2024-06-12 15:30:00,0,0,0.4638858437538147
cnn,ga,1,2055,2024-06-12 15:30:00,0,0,0.49030542373657227
cnn,ga,1,2056,2024-06-12 15:35:00,0,0,0.44851914048194885
cnn,ga,1,2057,2024-06-12 15:35:00,0,0,0.46514928340911865
cnn,ga,1,2058,2024-06-12 15:40:00,0,0,0.4467261731624603
cnn,ga,1,2059,2024-06-12 15:40:00,0,0,0.408907413482666
cnn,ga,1,2060,2024-06-12 15:45:00,1,0,0.40441611409187317
cnn,ga,1,2061,2024-06-12 15:45:00,1,0,0.37341558933258057
cnn,ga,1,2062,2024-06-12 15:50:00,1,0,0.3884897530078888
cnn,ga,1,2063,2024-06-12 15:50:00,1,0,0.3605508506298065
cnn,ga,1,2064,2024-06-12 15:55:00,1,0,0.4021475315093994
cnn,ga,1,2065,2024-06-12 15:55:00,1,0,0.4293396472930908
cnn,ga,1,2066,2024-06-12 16:00:00,1,0,0.4519782066345215
cnn,ga,1,2067,2024-06-12 16:00:00,1,0,0.4571267068386078
cnn,ga,1,2068,2024-06-12 16:05:00,1,0,0.4584522545337677
cnn,ga,1,2069,2024-06-12 16:05:00,1,0,0.4700036346912384
cnn,ga,1,2070,2024-06-12 16:10:00,1,1,0.5053344368934631
cnn,ga,1,2071,2024-06-12 16:10:00,1,0,0.4913066029548645
cnn,ga,1,2072,2024-06-12 16:15:00,0,1,0.5853109955787659
cnn,ga,1,2073,2024-06-12 16:15:00,1,1,0.5278143882751465
cnn,ga,1,2074,2024-06-12 16:20:00,1,1,0.5073978900909424
cnn,ga,1,2075,2024-06-12 16:20:00,0,0,0.49899566173553467
cnn,ga,1,2076,2024-06-12 16:25:00,0,0,0.4613777995109558
cnn,ga,1,2077,2024-06-12 16:25:00,1,0,0.482418030500412
cnn,ga,1,2078,2024-06-12 16:30:00,0,0,0.4763747751712799
cnn,ga,1,2079,2024-06-12 16:30:00,1,0,0.4919830858707428
cnn,ga,1,2080,2024-06-12 16:35:00,1,1,0.5117348432540894
cnn,ga,1,2081,2024-06-12 16:35:00,0,1,0.5070874691009521
cnn,ga,1,2082,2024-06-12 16:40:00,1,1,0.5126384496688843
cnn,ga,1,2083,2024-06-12 16:40:00,0,1,0.507014811038971
cnn,ga,1,2084,2024-06-12 16:45:00,0,1,0.5586239099502563
cnn,ga,1,2085,2024-06-12 16:45:00,1,1,0.536166787147522
cnn,ga,1,2086,2024-06-12 16:50:00,0,1,0.5784701108932495
cnn,ga,1,2087,2024-06-12 16:50:00,1,1,0.5706890821456909
cnn,ga,1,2088,2024-06-12 16:55:00,0,1,0.5600221753120422
cnn,ga,1,2089,2024-06-12 17:00:00,0,1,0.563069760799408
cnn,ga,1,2090,2024-06-12 17:05:00,0,0,0.49754542112350464
cnn,ga,1,2091,2024-06-12 17:10:00,0,1,0.5024102330207825
cnn,ga,1,2092,2024-06-12 17:15:00,0,0,0.48642289638519287
cnn,ga,1,2093,2024-06-12 17:20:00,0,1,0.5023293495178223
cnn,ga,1,2094,2024-06-12 17:25:00,0,0,0.4754296541213989
cnn,ga,1,2095,2024-06-12 17:30:00,0,0,0.4463978409767151
cnn,ga,1,2096,2024-06-12 17:35:00,0,0,0.41684168577194214
cnn,ga,1,2097,2024-06-12 17:40:00,0,0,0.3923565447330475
cnn,ga,1,2098,2024-06-12 17:45:00,0,0,0.4339863061904907
cnn,ga,1,2099,2024-06-12 17:50:00,0,0,0.4382472336292267
cnn,ga,1,2100,2024-06-12 17:55:00,0,0,0.42648640275001526
cnn,ga,1,2101,2024-06-13 12:10:00,1,0,0.4256401062011719
cnn,ga,1,2102,2024-06-13 12:15:00,1,0,0.4941662847995758
cnn,ga,1,2103,2024-06-13 12:20:00,1,1,0.6073216199874878
cnn,ga,1,2104,2024-06-13 12:25:00,1,1,0.6849222183227539
cnn,ga,1,2105,2024-06-13 12:30:00,1,1,0.690158486366272
cnn,ga,1,2106,2024-06-13 12:35:00,1,1,0.6232731342315674
cnn,ga,1,2107,2024-06-13 12:40:00,1,1,0.594510018825531
cnn,ga,1,2108,2024-06-13 12:45:00,1,1,0.5812711119651794
cnn,ga,1,2109,2024-06-13 12:50:00,1,1,0.5916072130203247
cnn,ga,1,2110,2024-06-13 12:55:00,1,1,0.6032214760780334
cnn,ga,1,2111,2024-06-13 13:00:00,1,1,0.5907208323478699
cnn,ga,1,2112,2024-06-13 13:05:00,1,1,0.6228835582733154
cnn,ga,1,2113,2024-06-13 13:10:00,1,1,0.5937125086784363
cnn,ga,1,2114,2024-06-13 13:15:00,1,1,0.5376004576683044
cnn,ga,1,2115,2024-06-13 13:20:00,1,1,0.5199483633041382
cnn,ga,1,2116,2024-06-13 13:25:00,1,0,0.47125551104545593
cnn,ga,1,2117,2024-06-13 13:30:00,1,0,0.4929901957511902
cnn,ga,1,2118,2024-06-13 13:35:00,1,0,0.4936071038246155
cnn,ga,1,2119,2024-06-13 13:40:00,1,0,0.45362526178359985
cnn,ga,1,2120,2024-06-13 13:45:00,1,0,0.46974727511405945
cnn,ga,1,2121,2024-06-13 13:50:00,1,1,0.571757435798645
cnn,ga,1,2122,2024-06-13 13:55:00,1,1,0.5934709310531616
cnn,ga,1,2123,2024-06-13 14:00:00,1,1,0.5874577164649963
cnn,ga,1,2124,2024-06-13 14:05:00,1,1,0.5828460454940796
cnn,ga,1,2125,2024-06-13 14:10:00,0,1,0.5892629027366638
cnn,ga,1,2126,2024-06-13 14:15:00,0,1,0.5232626795768738
cnn,ga,1,2127,2024-06-13 14:20:00,0,0,0.49918630719184875
cnn,ga,1,2128,2024-06-13 14:25:00,0,0,0.46584540605545044
cnn,ga,1,2129,2024-06-13 14:30:00,0,0,0.42576563358306885
cnn,ga,1,2130,2024-06-13 14:35:00,0,0,0.4370136559009552
cnn,ga,1,2131,2024-06-13 14:40:00,0,0,0.46808362007141113
cnn,ga,1,2132,2024-06-13 14:45:00,0,0,0.45883551239967346
cnn,ga,1,2133,2024-06-13 14:50:00,0,0,0.4666249454021454
cnn,ga,1,2134,2024-06-13 14:55:00,0,1,0.5001660585403442
cnn,ga,1,2135,2024-06-13 15:00:00,0,1,0.5202373266220093
cnn,ga,1,2136,2024-06-13 15:05:00,0,1,0.5639413595199585
cnn,ga,1,2137,2024-06-13 15:10:00,0,1,0.5259612798690796
cnn,ga,1,2138,2024-06-13 15:15:00,0,0,0.4751628041267395
cnn,ga,1,2139,2024-06-13 15:20:00,0,0,0.4841253161430359
cnn,ga,1,2140,2024-06-13 15:25:00,0,0,0.4984781742095947
cnn,ga,1,2141,2024-06-13 15:30:00,0,1,0.5185243487358093
cnn,ga,1,2142,2024-06-13 15:35:00,0,0,0.4854542016983032
cnn,ga,1,2143,2024-06-13 15:40:00,0,1,0.5317344069480896
cnn,ga,1,2144,2024-06-13 15:45:00,0,1,0.5823186039924622
cnn,ga,1,2145,2024-06-13 15:50:00,0,1,0.5440191626548767
cnn,ga,1,2146,2024-06-13 15:55:00,0,1,0.5378386378288269
cnn,ga,1,2147,2024-06-13 16:00:00,0,1,0.5222180485725403
cnn,ga,1,2148,2024-06-13 16:05:00,0,1,0.5023238062858582
cnn,ga,1,2149,2024-06-13 16:10:00,0,0,0.474568635225296
cnn,ga,1,2150,2024-06-13 16:15:00,0,0,0.4770708680152893
cnn,ga,1,2151,2024-06-13 16:20:00,0,1,0.502458930015564
cnn,ga,1,2152,2024-06-13 16:25:00,0,0,0.49430227279663086
cnn,ga,1,2153,2024-06-13 16:30:00,0,0,0.44780421257019043
cnn,ga,1,2154,2024-06-13 16:35:00,0,0,0.47483500838279724
cnn,ga,1,2155,2024-06-13 16:40:00,0,0,0.47763359546661377
cnn,ga,1,2156,2024-06-13 16:45:00,0,0,0.4562597870826721
cnn,ga,1,2157,2024-06-13 16:50:00,0,0,0.4627451002597809
cnn,ga,1,2158,2024-06-13 16:55:00,0,0,0.445755273103714
cnn,ga,1,2159,2024-06-13 17:00:00,0,0,0.4239814281463623
cnn,ga,1,2160,2024-06-13 17:05:00,0,0,0.38734233379364014
cnn,ga,1,2161,2024-06-13 17:10:00,0,0,0.36628395318984985
cnn,ga,1,2162,2024-06-13 17:15:00,0,0,0.39325854182243347
cnn,ga,1,2163,2024-06-13 17:20:00,0,0,0.39825019240379333
cnn,ga,1,2164,2024-06-13 17:25:00,0,0,0.418796181678772
cnn,ga,1,2165,2024-06-13 17:30:00,0,0,0.44727328419685364
cnn,ga,1,2166,2024-06-13 17:35:00,0,0,0.41747593879699707
cnn,ga,1,2167,2024-06-13 17:40:00,0,0,0.44539034366607666
cnn,ga,1,2168,2024-06-13 17:45:00,0,0,0.48522475361824036
cnn,ga,1,2169,2024-06-13 17:50:00,0,0,0.48706933856010437
cnn,ga,1,2170,2024-06-13 17:55:00,0,0,0.47948482632637024
cnn,ga,1,2171,2024-06-14 11:05:00,1,0,0.4416849613189697
cnn,ga,1,2172,2024-06-14 11:10:00,1,0,0.4578256607055664
cnn,ga,1,2173,2024-06-14 11:15:00,1,0,0.4910697042942047
cnn,ga,1,2174,2024-06-14 11:20:00,1,1,0.5568599104881287
cnn,ga,1,2175,2024-06-14 11:25:00,1,1,0.6202969551086426
cnn,ga,1,2176,2024-06-14 11:30:00,1,1,0.5773690938949585
cnn,ga,1,2177,2024-06-14 11:35:00,1,1,0.5473477840423584
cnn,ga,1,2178,2024-06-14 11:40:00,1,1,0.5385004878044128
cnn,ga,1,2179,2024-06-14 11:45:00,1,1,0.5341780185699463
cnn,ga,1,2180,2024-06-14 11:50:00,1,1,0.6343081593513489
cnn,ga,1,2181,2024-06-14 11:55:00,1,1,0.7044442892074585
cnn,ga,1,2182,2024-06-14 12:00:00,1,1,0.73530113697052
cnn,ga,1,2183,2024-06-14 12:05:00,0,1,0.7545828223228455
cnn,ga,1,2184,2024-06-14 12:10:00,0,1,0.7522130012512207
cnn,ga,1,2185,2024-06-14 12:15:00,0,1,0.7433430552482605
cnn,ga,1,2186,2024-06-14 12:20:00,0,1,0.73029625415802
cnn,ga,1,2187,2024-06-14 12:25:00,0,1,0.634021520614624
cnn,ga,1,2188,2024-06-14 12:30:00,0,1,0.5576156973838806
cnn,ga,1,2189,2024-06-14 12:35:00,0,1,0.5081122517585754
cnn,ga,1,2190,2024-06-14 12:40:00,0,0,0.4475274384021759
cnn,ga,1,2191,2024-06-14 12:45:00,0,0,0.40336933732032776
cnn,ga,1,2192,2024-06-14 12:50:00,0,0,0.4440842270851135
cnn,ga,1,2193,2024-06-14 12:55:00,0,0,0.48912036418914795
cnn,ga,1,2194,2024-06-14 13:00:00,0,1,0.5210596323013306
cnn,ga,1,2195,2024-06-14 13:05:00,0,1,0.5118785500526428
cnn,ga,1,2196,2024-06-14 13:10:00,0,1,0.5306001305580139
cnn,ga,1,2197,2024-06-14 13:15:00,0,1,0.5041993856430054
cnn,ga,1,2198,2024-06-14 13:20:00,0,0,0.48807474970817566
cnn,ga,1,2199,2024-06-14 13:25:00,0,0,0.4556308090686798
cnn,ga,1,2200,2024-06-14 13:30:00,0,0,0.44309869408607483
cnn,ga,1,2201,2024-06-14 13:35:00,0,0,0.4566078782081604
cnn,ga,1,2202,2024-06-14 13:40:00,0,1,0.5193886160850525
cnn,ga,1,2203,2024-06-14 13:45:00,0,1,0.5043033957481384
cnn,ga,1,2204,2024-06-14 13:50:00,0,0,0.4678938686847687
cnn,ga,1,2205,2024-06-14 13:55:00,0,0,0.4465699791908264
cnn,ga,1,2206,2024-06-14 14:00:00,0,0,0.44671326875686646
cnn,ga,1,2207,2024-06-14 14:05:00,0,0,0.4649692177772522
cnn,ga,1,2208,2024-06-14 14:10:00,0,1,0.5149587988853455
cnn,ga,1,2209,2024-06-14 14:15:00,0,0,0.47675439715385437
cnn,ga,1,2210,2024-06-14 14:20:00,0,0,0.4269719123840332
cnn,ga,1,2211,2024-06-14 14:25:00,0,0,0.4082948863506317
cnn,ga,1,2212,2024-06-14 14:30:00,0,0,0.4461251497268677
cnn,ga,1,2213,2024-06-14 14:35:00,0,0,0.432115763425827
cnn,ga,1,2214,2024-06-14 14:40:00,0,0,0.4064400792121887
cnn,ga,1,2215,2024-06-14 14:45:00,0,0,0.3983599841594696
cnn,ga,1,2216,2024-06-14 14:50:00,0,0,0.3890625238418579
cnn,ga,1,2217,2024-06-14 14:55:00,0,0,0.4121015965938568
cnn,ga,1,2218,2024-06-14 15:00:00,0,0,0.4168454706668854
cnn,ga,1,2219,2024-06-14 15:05:00,1,0,0.4248446524143219
cnn,ga,1,2220,2024-06-14 15:10:00,1,0,0.43532201647758484
cnn,ga,1,2221,2024-06-14 15:15:00,1,1,0.521147608757019
cnn,ga,1,2222,2024-06-14 15:20:00,1,1,0.5425788760185242
cnn,ga,1,2223,2024-06-14 15:25:00,1,1,0.5719419717788696
cnn,ga,1,2224,2024-06-14 15:30:00,1,1,0.5986250042915344
cnn,ga,1,2225,2024-06-14 15:35:00,1,1,0.6202994585037231
cnn,ga,1,2226,2024-06-14 15:40:00,1,1,0.5670034885406494
cnn,ga,1,2227,2024-06-14 15:45:00,1,1,0.624939501285553
cnn,ga,1,2228,2024-06-14 15:50:00,1,1,0.6109513640403748
cnn,ga,1,2229,2024-06-14 15:55:00,1,1,0.568276584148407
cnn,ga,1,2230,2024-06-14 16:00:00,1,1,0.5551524758338928
cnn,ga,1,2231,2024-06-14 16:05:00,0,1,0.5838100910186768
cnn,ga,1,2232,2024-06-14 16:10:00,0,1,0.5480316877365112
cnn,ga,1,2233,2024-06-14 16:15:00,0,1,0.5402564406394958
cnn,ga,1,2234,2024-06-14 16:20:00,0,1,0.5187488794326782
cnn,ga,1,2235,2024-06-14 16:25:00,0,1,0.5316908359527588
cnn,ga,1,2236,2024-06-14 16:30:00,0,1,0.5137883424758911
cnn,ga,1,2237,2024-06-14 16:35:00,0,0,0.4984146058559418
cnn,ga,1,2238,2024-06-14 16:40:00,0,0,0.4661494791507721
cnn,ga,1,2239,2024-06-14 16:45:00,0,0,0.49048981070518494
cnn,ga,1,2240,2024-06-14 16:50:00,0,1,0.5193662047386169
cnn,ga,1,2241,2024-06-14 16:55:00,0,1,0.5356894731521606
cnn,ga,1,2242,2024-06-14 17:00:00,0,1,0.5285454988479614
cnn,ga,1,2243,2024-06-14 17:05:00,0,0,0.48629844188690186
cnn,ga,1,2244,2024-06-14 17:10:00,0,0,0.46731671690940857
cnn,ga,1,2245,2024-06-14 17:15:00,0,0,0.4558122754096985
cnn,ga,1,2246,2024-06-14 17:20:00,0,0,0.45387762784957886
cnn,ga,1,2247,2024-06-14 17:25:00,0,0,0.49326351284980774
cnn,ga,1,2248,2024-06-14 17:30:00,0,1,0.5069417357444763
cnn,ga,1,2249,2024-06-14 17:35:00,0,1,0.5277590751647949
cnn,ga,1,2250,2024-06-14 17:40:00,0,1,0.5211840867996216
cnn,ga,1,2251,2024-06-14 17:45:00,0,1,0.5358145236968994
cnn,ga,1,2252,2024-06-14 17:50:00,0,1,0.5274642705917358
cnn,ga,1,2253,2024-06-14 17:55:00,1,1,0.5498895049095154
cnn,ga,1,2254,2024-06-18 10:40:00,1,1,0.6894009113311768
cnn,ga,1,2255,2024-06-18 10:45:00,1,1,0.738110363483429
cnn,ga,1,2256,2024-06-18 10:50:00,1,1,0.7415703535079956
cnn,ga,1,2257,2024-06-18 10:55:00,0,1,0.7227596640586853
cnn,ga,1,2258,2024-06-18 11:00:00,0,1,0.6726014614105225
cnn,ga,1,2259,2024-06-18 11:05:00,0,1,0.6042982935905457
cnn,ga,1,2260,2024-06-18 11:10:00,0,0,0.477668821811676
cnn,ga,1,2261,2024-06-18 11:15:00,0,0,0.43233829736709595
cnn,ga,1,2262,2024-06-18 11:20:00,1,0,0.42270249128341675
cnn,ga,1,2263,2024-06-18 11:25:00,1,0,0.4615473449230194
cnn,ga,1,2264,2024-06-18 11:30:00,1,0,0.4809100925922394
cnn,ga,1,2265,2024-06-18 11:35:00,1,1,0.5580012798309326
cnn,ga,1,2266,2024-06-18 11:40:00,1,1,0.5414767861366272
cnn,ga,1,2267,2024-06-18 11:45:00,1,0,0.49428245425224304
cnn,ga,1,2268,2024-06-18 11:50:00,1,0,0.45974382758140564
cnn,ga,1,2269,2024-06-18 11:55:00,1,0,0.4876125752925873
cnn,ga,1,2270,2024-06-18 12:00:00,1,0,0.4649351239204407
cnn,ga,1,2271,2024-06-18 12:05:00,1,0,0.45339542627334595
cnn,ga,1,2272,2024-06-18 12:10:00,1,0,0.4529452323913574
cnn,ga,1,2273,2024-06-18 12:15:00,1,1,0.5299335718154907
cnn,ga,1,2274,2024-06-18 12:20:00,1,1,0.5394401550292969
cnn,ga,1,2275,2024-06-18 12:25:00,1,1,0.5433179140090942
cnn,ga,1,2276,2024-06-18 12:30:00,1,1,0.5601308345794678
cnn,ga,1,2277,2024-06-18 12:35:00,1,1,0.5752068161964417
cnn,ga,1,2278,2024-06-18 12:40:00,1,1,0.5362799167633057
cnn,ga,1,2279,2024-06-18 12:45:00,1,1,0.5127230286598206
cnn,ga,1,2280,2024-06-18 12:50:00,1,0,0.4800876975059509
cnn,ga,1,2281,2024-06-18 12:55:00,1,0,0.44777578115463257
cnn,ga,1,2282,2024-06-18 13:00:00,1,0,0.4790935516357422
cnn,ga,1,2283,2024-06-18 13:05:00,1,1,0.5190214514732361
cnn,ga,1,2284,2024-06-18 13:10:00,1,1,0.515415370464325
cnn,ga,1,2285,2024-06-18 13:15:00,1,0,0.48363810777664185
cnn,ga,1,2286,2024-06-18 13:20:00,1,0,0.48246926069259644
cnn,ga,1,2287,2024-06-18 13:25:00,1,0,0.4636119604110718
cnn,ga,1,2288,2024-06-18 13:30:00,1,0,0.45454761385917664
cnn,ga,1,2289,2024-06-18 13:35:00,1,0,0.49263739585876465
cnn,ga,1,2290,2024-06-18 13:40:00,1,1,0.5123886466026306
cnn,ga,1,2291,2024-06-18 13:45:00,1,1,0.5311801433563232
cnn,ga,1,2292,2024-06-18 13:50:00,1,1,0.5665568709373474
cnn,ga,1,2293,2024-06-18 13:55:00,1,1,0.584257185459137
cnn,ga,1,2294,2024-06-18 14:00:00,1,1,0.5776638388633728
cnn,ga,1,2295,2024-06-18 14:05:00,1,1,0.5856146812438965
cnn,ga,1,2296,2024-06-18 14:10:00,1,1,0.5287291407585144
cnn,ga,1,2297,2024-06-18 14:15:00,1,1,0.567864179611206
cnn,ga,1,2298,2024-06-18 14:20:00,1,1,0.6036309003829956
cnn,ga,1,2299,2024-06-18 14:25:00,1,1,0.5947929620742798
cnn,ga,1,2300,2024-06-18 14:30:00,1,1,0.5661499500274658
cnn,ga,1,2301,2024-06-18 14:35:00,1,1,0.5653794407844543
cnn,ga,1,2302,2024-06-18 14:40:00,1,1,0.5590400695800781
cnn,ga,1,2303,2024-06-18 14:45:00,1,1,0.5272386074066162
cnn,ga,1,2304,2024-06-18 14:50:00,1,0,0.4722208082675934
cnn,ga,1,2305,2024-06-18 14:55:00,1,0,0.44175758957862854
cnn,ga,1,2306,2024-06-18 15:00:00,1,0,0.4369516372680664
cnn,ga,1,2307,2024-06-18 15:05:00,1,0,0.46356862783432007
cnn,ga,1,2308,2024-06-18 15:10:00,1,0,0.46504324674606323
cnn,ga,1,2309,2024-06-18 15:15:00,1,0,0.43784940242767334
cnn,ga,1,2310,2024-06-18 15:20:00,1,0,0.44690752029418945
cnn,ga,1,2311,2024-06-18 15:25:00,1,0,0.48411309719085693
cnn,ga,1,2312,2024-06-18 15:30:00,0,1,0.5387648940086365
cnn,ga,1,2313,2024-06-18 15:35:00,0,0,0.4872714579105377
cnn,ga,1,2314,2024-06-18 15:40:00,0,0,0.44332823157310486
cnn,ga,1,2315,2024-06-18 15:45:00,0,0,0.4100031852722168
cnn,ga,1,2316,2024-06-18 15:50:00,0,0,0.43576160073280334
cnn,ga,1,2317,2024-06-18 15:55:00,0,0,0.43654659390449524
cnn,ga,1,2318,2024-06-18 16:00:00,0,0,0.41252458095550537
cnn,ga,1,2319,2024-06-18 16:05:00,1,0,0.37550970911979675
cnn,ga,1,2320,2024-06-18 16:10:00,1,0,0.38168954849243164
cnn,ga,1,2321,2024-06-18 16:15:00,1,0,0.40054118633270264
cnn,ga,1,2322,2024-06-18 16:20:00,1,0,0.4286392033100128
cnn,ga,1,2323,2024-06-18 16:25:00,1,0,0.46044257283210754
cnn,ga,1,2324,2024-06-18 16:30:00,1,0,0.4980965256690979
cnn,ga,1,2325,2024-06-18 16:35:00,1,1,0.532495379447937
cnn,ga,1,2326,2024-06-18 16:40:00,1,1,0.5688483119010925
cnn,ga,1,2327,2024-06-18 16:45:00,1,1,0.5582232475280762
cnn,ga,1,2328,2024-06-18 16:50:00,1,1,0.5612844228744507
cnn,ga,1,2329,2024-06-18 16:55:00,0,1,0.5686092376708984
cnn,ga,1,2330,2024-06-18 17:00:00,0,1,0.5829192399978638
cnn,ga,1,2331,2024-06-18 17:05:00,0,1,0.5233587622642517
cnn,ga,1,2332,2024-06-18 17:10:00,0,1,0.5035262107849121
cnn,ga,1,2333,2024-06-18 17:15:00,0,1,0.500748872756958
cnn,ga,1,2334,2024-06-18 17:20:00,0,1,0.5242069959640503
cnn,ga,1,2335,2024-06-18 17:25:00,0,1,0.5517019033432007
cnn,ga,1,2336,2024-06-18 17:30:00,0,1,0.5324070453643799
cnn,ga,1,2337,2024-06-18 17:35:00,0,1,0.5052279829978943
cnn,ga,1,2338,2024-06-18 17:40:00,0,1,0.5400773286819458
cnn,ga,1,2339,2024-06-18 17:45:00,0,1,0.5699811577796936
cnn,ga,1,2340,2024-06-18 17:50:00,0,1,0.5906164646148682
cnn,ga,1,2341,2024-06-18 17:55:00,0,1,0.5687175989151001
cnn,ga,1,2342,2024-06-19 10:55:00,1,0,0.42347219586372375
cnn,ga,1,2343,2024-06-19 11:00:00,1,1,0.5017673373222351
cnn,ga,1,2344,2024-06-19 11:05:00,1,1,0.500507652759552
cnn,ga,1,2345,2024-06-19 11:10:00,1,0,0.4692126512527466
cnn,ga,1,2346,2024-06-19 11:15:00,1,0,0.4655660390853882
cnn,ga,1,2347,2024-06-19 11:20:00,1,0,0.4719325602054596
cnn,ga,1,2348,2024-06-19 11:25:00,1,1,0.5124019384384155
cnn,ga,1,2349,2024-06-19 11:30:00,1,1,0.5307259559631348
cnn,ga,1,2350,2024-06-19 11:35:00,1,1,0.5606991648674011
cnn,ga,1,2351,2024-06-19 11:40:00,1,1,0.5879057049751282
cnn,ga,1,2352,2024-06-19 11:45:00,1,1,0.534145176410675
cnn,ga,1,2353,2024-06-19 11:50:00,1,1,0.519525945186615
cnn,ga,1,2354,2024-06-19 11:55:00,1,1,0.5132363438606262
cnn,ga,1,2355,2024-06-19 12:00:00,1,1,0.5067952871322632
cnn,ga,1,2356,2024-06-19 12:05:00,1,0,0.49197667837142944
cnn,ga,1,2357,2024-06-19 12:10:00,1,0,0.4844113886356354
cnn,ga,1,2358,2024-06-19 12:15:00,1,0,0.48153403401374817
cnn,ga,1,2359,2024-06-19 12:20:00,1,0,0.47444871068000793
cnn,ga,1,2360,2024-06-19 12:25:00,1,0,0.49790263175964355
cnn,ga,1,2361,2024-06-19 12:30:00,1,1,0.5368845462799072
cnn,ga,1,2362,2024-06-19 12:35:00,1,1,0.5590240955352783
cnn,ga,1,2363,2024-06-19 12:40:00,1,1,0.5773703455924988
cnn,ga,1,2364,2024-06-19 12:45:00,1,1,0.6426273584365845
cnn,ga,1,2365,2024-06-19 12:50:00,1,1,0.6527528166770935
cnn,ga,1,2366,2024-06-19 12:55:00,1,1,0.636184811592102
cnn,ga,1,2367,2024-06-19 13:00:00,1,1,0.6140442490577698
cnn,ga,1,2368,2024-06-19 13:05:00,1,1,0.5889188051223755
cnn,ga,1,2369,2024-06-19 13:10:00,1,1,0.6020063757896423
cnn,ga,1,2370,2024-06-19 13:15:00,1,1,0.5537310838699341
cnn,ga,1,2371,2024-06-19 13:20:00,1,1,0.52218097448349
cnn,ga,1,2372,2024-06-19 13:25:00,1,1,0.5354405641555786
cnn,ga,1,2373,2024-06-19 13:30:00,1,1,0.5695074796676636
cnn,ga,1,2374,2024-06-19 13:35:00,1,1,0.5815829634666443
cnn,ga,1,2375,2024-06-19 13:40:00,1,1,0.5838289856910706
cnn,ga,1,2376,2024-06-19 13:45:00,1,1,0.5908191800117493
cnn,ga,1,2377,2024-06-19 13:50:00,1,1,0.5854945182800293
cnn,ga,1,2378,2024-06-19 13:55:00,1,1,0.572523832321167
cnn,ga,1,2379,2024-06-19 14:00:00,1,1,0.5332484841346741
cnn,ga,1,2380,2024-06-19 14:05:00,0,1,0.5611600279808044
cnn,ga,1,2381,2024-06-19 14:10:00,0,1,0.5182434916496277
cnn,ga,1,2382,2024-06-19 14:15:00,0,0,0.4839496612548828
cnn,ga,1,2383,2024-06-19 14:20:00,0,1,0.5005247592926025
cnn,ga,1,2384,2024-06-19 14:25:00,0,0,0.4578142762184143
cnn,ga,1,2385,2024-06-19 14:30:00,1,0,0.43551206588745117
cnn,ga,1,2386,2024-06-19 14:35:00,1,0,0.43855929374694824
cnn,ga,1,2387,2024-06-19 14:40:00,1,0,0.47477495670318604
cnn,ga,1,2388,2024-06-19 14:45:00,1,0,0.49528053402900696
cnn,ga,1,2389,2024-06-19 14:50:00,1,1,0.5305286645889282
cnn,ga,1,2390,2024-06-19 14:55:00,1,1,0.5396917462348938
cnn,ga,1,2391,2024-06-19 15:00:00,1,1,0.5492961406707764
cnn,ga,1,2392,2024-06-19 15:05:00,1,1,0.5698333382606506
cnn,ga,1,2393,2024-06-19 15:10:00,1,1,0.5521193146705627
cnn,ga,1,2394,2024-06-19 15:15:00,1,1,0.5507465600967407
cnn,ga,1,2395,2024-06-19 15:20:00,1,1,0.556291937828064
cnn,ga,1,2396,2024-06-19 15:25:00,1,1,0.5439099669456482
cnn,ga,1,2397,2024-06-19 15:30:00,1,1,0.5279795527458191
cnn,ga,1,2398,2024-06-19 15:35:00,1,0,0.4896194636821747
cnn,ga,1,2399,2024-06-19 15:40:00,1,1,0.5411190390586853
cnn,ga,1,2400,2024-06-19 15:45:00,1,1,0.6120433211326599
cnn,ga,1,2401,2024-06-19 15:50:00,1,1,0.650162935256958
cnn,ga,1,2402,2024-06-19 15:55:00,1,1,0.6588465571403503
cnn,ga,1,2403,2024-06-19 16:00:00,1,1,0.6340040564537048
cnn,ga,1,2404,2024-06-19 16:05:00,1,1,0.5851894021034241
cnn,ga,1,2405,2024-06-19 16:10:00,1,1,0.5539214015007019
cnn,ga,1,2406,2024-06-19 16:15:00,1,1,0.5330340266227722
cnn,ga,1,2407,2024-06-19 16:20:00,1,1,0.566031277179718
cnn,ga,1,2408,2024-06-19 16:25:00,1,1,0.6147859692573547
cnn,ga,1,2409,2024-06-19 16:30:00,1,1,0.5999100208282471
cnn,ga,1,2410,2024-06-19 16:35:00,1,1,0.62171471118927
cnn,ga,1,2411,2024-06-19 16:40:00,1,1,0.6658696532249451
cnn,ga,1,2412,2024-06-19 16:45:00,1,1,0.659946084022522
cnn,ga,1,2413,2024-06-19 16:50:00,1,1,0.6481330394744873
cnn,ga,1,2414,2024-06-19 16:55:00,1,1,0.5638794898986816
cnn,ga,1,2415,2024-06-19 17:00:00,1,1,0.5303109288215637
cnn,ga,1,2416,2024-06-19 17:05:00,1,1,0.5081353187561035
cnn,ga,1,2417,2024-06-19 17:10:00,1,0,0.47447264194488525
cnn,ga,1,2418,2024-06-19 17:15:00,1,0,0.4910849928855896
cnn,ga,1,2419,2024-06-19 17:20:00,1,1,0.5249935984611511
cnn,ga,1,2420,2024-06-19 17:25:00,1,1,0.5429109334945679
cnn,ga,1,2421,2024-06-19 17:30:00,1,1,0.5248103737831116
cnn,ga,1,2422,2024-06-19 17:35:00,1,1,0.5384688377380371
cnn,ga,1,2423,2024-06-19 17:40:00,1,1,0.5675250291824341
cnn,ga,1,2424,2024-06-19 17:45:00,1,1,0.5521413683891296
cnn,ga,1,2425,2024-06-19 17:50:00,1,1,0.5200865268707275
cnn,ga,1,2426,2024-06-19 17:55:00,1,1,0.5264276266098022
cnn,ga,1,2427,2024-06-20 10:50:00,0,1,0.7084239721298218
cnn,ga,1,2428,2024-06-20 10:55:00,0,1,0.6485517024993896
cnn,ga,1,2429,2024-06-20 11:00:00,0,1,0.6033860445022583
cnn,ga,1,2430,2024-06-20 11:05:00,0,1,0.5172089338302612
cnn,ga,1,2431,2024-06-20 11:10:00,0,1,0.518562912940979
cnn,ga,1,2432,2024-06-20 11:15:00,0,1,0.5575717091560364
cnn,ga,1,2433,2024-06-20 11:20:00,0,1,0.5476093292236328
cnn,ga,1,2434,2024-06-20 11:25:00,0,1,0.5119922161102295
cnn,ga,1,2435,2024-06-20 11:30:00,0,0,0.45556676387786865
cnn,ga,1,2436,2024-06-20 11:35:00,0,0,0.4106443226337433
cnn,ga,1,2437,2024-06-20 11:40:00,0,0,0.38049232959747314
cnn,ga,1,2438,2024-06-20 11:45:00,0,0,0.38744571805000305
cnn,ga,1,2439,2024-06-20 11:50:00,0,0,0.3527781665325165
cnn,ga,1,2440,2024-06-20 11:55:00,0,0,0.3701411783695221
cnn,ga,1,2441,2024-06-20 12:00:00,0,0,0.3803350329399109
cnn,ga,1,2442,2024-06-20 12:05:00,0,0,0.3638377785682678
cnn,ga,1,2443,2024-06-20 12:10:00,0,0,0.38400477170944214
cnn,ga,1,2444,2024-06-20 12:15:00,0,0,0.39992135763168335
cnn,ga,1,2445,2024-06-20 12:20:00,0,0,0.4129190444946289
cnn,ga,1,2446,2024-06-20 12:25:00,0,0,0.4177042245864868
cnn,ga,1,2447,2024-06-20 12:30:00,0,0,0.4121599793434143
cnn,ga,1,2448,2024-06-20 12:35:00,0,0,0.4171876907348633
cnn,ga,1,2449,2024-06-20 12:40:00,0,0,0.41689062118530273
cnn,ga,1,2450,2024-06-20 12:45:00,0,0,0.48131224513053894
cnn,ga,1,2451,2024-06-20 12:50:00,0,0,0.47332969307899475
cnn,ga,1,2452,2024-06-20 12:55:00,0,0,0.4474203586578369
cnn,ga,1,2453,2024-06-20 13:00:00,0,0,0.4443817138671875
cnn,ga,1,2454,2024-06-20 13:05:00,0,0,0.41403764486312866
cnn,ga,1,2455,2024-06-20 13:10:00,0,0,0.41692543029785156
cnn,ga,1,2456,2024-06-20 13:15:00,0,0,0.4416104555130005
cnn,ga,1,2457,2024-06-20 13:20:00,0,0,0.4473228454589844
cnn,ga,1,2458,2024-06-20 13:25:00,0,0,0.4230407178401947
cnn,ga,1,2459,2024-06-20 13:30:00,0,0,0.4085559546947479
cnn,ga,1,2460,2024-06-20 13:35:00,1,0,0.4217168688774109
cnn,ga,1,2461,2024-06-20 13:40:00,1,0,0.43373650312423706
cnn,ga,1,2462,2024-06-20 13:45:00,1,0,0.49591636657714844
cnn,ga,1,2463,2024-06-20 13:50:00,1,1,0.5098358988761902
cnn,ga,1,2464,2024-06-20 13:55:00,1,1,0.510012686252594
cnn,ga,1,2465,2024-06-20 14:00:00,1,1,0.5059275031089783
cnn,ga,1,2466,2024-06-20 14:05:00,1,1,0.5272852778434753
cnn,ga,1,2467,2024-06-20 14:10:00,1,1,0.5925646424293518
cnn,ga,1,2468,2024-06-20 14:15:00,1,1,0.6175107359886169
cnn,ga,1,2469,2024-06-20 14:20:00,1,1,0.5940616726875305
cnn,ga,1,2470,2024-06-20 14:25:00,1,1,0.5565305948257446
cnn,ga,1,2471,2024-06-20 14:30:00,1,0,0.49067261815071106
cnn,ga,1,2472,2024-06-20 14:35:00,1,0,0.4468942880630493
cnn,ga,1,2473,2024-06-20 14:40:00,1,0,0.4567982256412506
cnn,ga,1,2474,2024-06-20 14:45:00,1,0,0.4759311378002167
cnn,ga,1,2475,2024-06-20 14:50:00,1,0,0.49053582549095154
cnn,ga,1,2476,2024-06-20 14:55:00,1,1,0.5301921367645264
cnn,ga,1,2477,2024-06-20 15:00:00,1,1,0.5519234538078308
cnn,ga,1,2478,2024-06-20 15:05:00,1,1,0.5738604068756104
cnn,ga,1,2479,2024-06-20 15:10:00,1,1,0.56561279296875
cnn,ga,1,2480,2024-06-20 15:15:00,1,1,0.5831249952316284
cnn,ga,1,2481,2024-06-20 15:20:00,1,1,0.6065062880516052
cnn,ga,1,2482,2024-06-20 15:25:00,1,1,0.5897029042243958
cnn,ga,1,2483,2024-06-20 15:30:00,1,1,0.5331325531005859
cnn,ga,1,2484,2024-06-20 15:35:00,1,1,0.5348884463310242
cnn,ga,1,2485,2024-06-20 15:40:00,1,1,0.5745462775230408
cnn,ga,1,2486,2024-06-20 15:45:00,1,1,0.6133756637573242
cnn,ga,1,2487,2024-06-20 15:50:00,0,1,0.6365141868591309
cnn,ga,1,2488,2024-06-20 15:55:00,0,1,0.6369484066963196
cnn,ga,1,2489,2024-06-20 16:00:00,0,1,0.5976786017417908
cnn,ga,1,2490,2024-06-20 16:05:00,0,1,0.5505554676055908
cnn,ga,1,2491,2024-06-20 16:10:00,0,0,0.47766661643981934
cnn,ga,1,2492,2024-06-20 16:15:00,0,0,0.4188198447227478
cnn,ga,1,2493,2024-06-20 16:20:00,0,0,0.37494954466819763
cnn,ga,1,2494,2024-06-20 16:25:00,0,0,0.3962653577327728
cnn,ga,1,2495,2024-06-20 16:30:00,0,0,0.42074814438819885
cnn,ga,1,2496,2024-06-20 16:35:00,0,0,0.4274202585220337
cnn,ga,1,2497,2024-06-20 16:40:00,0,0,0.4608336389064789
cnn,ga,1,2498,2024-06-20 16:45:00,0,0,0.48748064041137695
cnn,ga,1,2499,2024-06-20 16:50:00,0,0,0.496480792760849
cnn,ga,1,2500,2024-06-20 16:55:00,0,1,0.5041465163230896
cnn,ga,1,2501,2024-06-20 17:00:00,0,0,0.484209269285202
cnn,ga,1,2502,2024-06-20 17:05:00,0,0,0.46543389558792114
cnn,ga,1,2503,2024-06-20 17:10:00,0,0,0.49676111340522766
cnn,ga,1,2504,2024-06-20 17:15:00,0,1,0.5270801186561584
cnn,ga,1,2505,2024-06-20 17:20:00,0,1,0.5031055212020874
cnn,ga,1,2506,2024-06-20 17:25:00,0,0,0.48082005977630615
cnn,ga,1,2507,2024-06-20 17:30:00,0,0,0.4796101450920105
cnn,ga,1,2508,2024-06-20 17:35:00,0,0,0.49107682704925537
cnn,ga,1,2509,2024-06-20 17:40:00,0,0,0.4989633560180664
cnn,ga,1,2510,2024-06-20 17:45:00,0,0,0.48985305428504944
cnn,ga,1,2511,2024-06-20 17:50:00,0,0,0.49190089106559753
cnn,ga,1,2512,2024-06-20 17:55:00,1,0,0.48671990633010864
cnn,ga,1,2513,2024-06-21 10:40:00,1,1,0.6417122483253479
cnn,ga,1,2514,2024-06-21 10:45:00,1,1,0.6697990894317627
cnn,ga,1,2515,2024-06-21 10:50:00,1,1,0.7156902551651001
cnn,ga,1,2516,2024-06-21 10:55:00,1,1,0.7446349263191223
cnn,ga,1,2517,2024-06-21 11:00:00,1,1,0.6902675032615662
cnn,ga,1,2518,2024-06-21 11:05:00,1,1,0.6853436231613159
cnn,ga,1,2519,2024-06-21 11:10:00,1,1,0.615061342716217
cnn,ga,1,2520,2024-06-21 11:15:00,1,1,0.613968014717102
cnn,ga,1,2521,2024-06-21 11:20:00,1,1,0.6001055836677551
cnn,ga,1,2522,2024-06-21 11:25:00,0,1,0.6175251007080078
cnn,ga,1,2523,2024-06-21 11:30:00,0,1,0.5957968235015869
cnn,ga,1,2524,2024-06-21 11:35:00,0,1,0.5778010487556458
cnn,ga,1,2525,2024-06-21 11:40:00,0,1,0.5312193632125854
cnn,ga,1,2526,2024-06-21 11:45:00,0,0,0.4735088646411896
cnn,ga,1,2527,2024-06-21 11:50:00,0,1,0.5139408707618713
cnn,ga,1,2528,2024-06-21 11:55:00,0,0,0.4979322552680969
cnn,ga,1,2529,2024-06-21 12:00:00,0,1,0.5177320241928101
cnn,ga,1,2530,2024-06-21 12:05:00,0,1,0.5224111676216125
cnn,ga,1,2531,2024-06-21 12:10:00,0,1,0.5390124917030334
cnn,ga,1,2532,2024-06-21 12:15:00,1,0,0.43435218930244446
cnn,ga,1,2533,2024-06-21 12:20:00,1,0,0.42127007246017456
cnn,ga,1,2534,2024-06-21 12:25:00,1,0,0.40694156289100647
cnn,ga,1,2535,2024-06-21 12:30:00,1,0,0.3966985046863556
cnn,ga,1,2536,2024-06-21 12:35:00,1,0,0.4434003531932831
cnn,ga,1,2537,2024-06-21 12:40:00,1,0,0.4385749101638794
cnn,ga,1,2538,2024-06-21 12:45:00,1,0,0.48948293924331665
cnn,ga,1,2539,2024-06-21 12:50:00,1,0,0.48311862349510193
cnn,ga,1,2540,2024-06-21 12:55:00,1,0,0.47313159704208374
cnn,ga,1,2541,2024-06-21 13:00:00,1,0,0.4719665050506592
cnn,ga,1,2542,2024-06-21 13:05:00,1,0,0.4862205684185028
cnn,ga,1,2543,2024-06-21 13:10:00,1,1,0.5068989992141724
cnn,ga,1,2544,2024-06-21 13:15:00,1,1,0.5339019298553467
cnn,ga,1,2545,2024-06-21 13:20:00,1,1,0.5590448975563049
cnn,ga,1,2546,2024-06-21 13:25:00,1,1,0.5824500918388367
cnn,ga,1,2547,2024-06-21 13:30:00,1,1,0.5812165141105652
cnn,ga,1,2548,2024-06-21 13:35:00,1,1,0.5491594672203064
cnn,ga,1,2549,2024-06-21 13:40:00,1,1,0.5770314931869507
cnn,ga,1,2550,2024-06-21 13:45:00,1,1,0.564742386341095
cnn,ga,1,2551,2024-06-21 13:50:00,0,1,0.5871410965919495
cnn,ga,1,2552,2024-06-21 13:55:00,0,1,0.5665158033370972
cnn,ga,1,2553,2024-06-21 14:00:00,0,1,0.5554291009902954
cnn,ga,1,2554,2024-06-21 14:05:00,0,1,0.5379689335823059
cnn,ga,1,2555,2024-06-21 14:10:00,0,1,0.5269935727119446
cnn,ga,1,2556,2024-06-21 14:15:00,0,1,0.5347182154655457
cnn,ga,1,2557,2024-06-21 14:20:00,0,1,0.5122851729393005
cnn,ga,1,2558,2024-06-21 14:25:00,0,0,0.49275094270706177
cnn,ga,1,2559,2024-06-21 14:30:00,0,0,0.4675880968570709
cnn,ga,1,2560,2024-06-21 14:35:00,0,0,0.44783419370651245
cnn,ga,1,2561,2024-06-21 14:40:00,0,0,0.4550359547138214
cnn,ga,1,2562,2024-06-21 14:45:00,0,0,0.44561073184013367
cnn,ga,1,2563,2024-06-21 14:50:00,0,0,0.47322019934654236
cnn,ga,1,2564,2024-06-21 14:55:00,0,0,0.47274625301361084
cnn,ga,1,2565,2024-06-21 15:00:00,1,0,0.43819165229797363
cnn,ga,1,2566,2024-06-21 15:05:00,1,0,0.4672882854938507
cnn,ga,1,2567,2024-06-21 15:10:00,1,0,0.4887210726737976
cnn,ga,1,2568,2024-06-21 15:15:00,1,1,0.5135647654533386
cnn,ga,1,2569,2024-06-21 15:20:00,1,1,0.5519914627075195
cnn,ga,1,2570,2024-06-21 15:25:00,1,1,0.5723602771759033
cnn,ga,1,2571,2024-06-21 15:30:00,1,1,0.5998038053512573
cnn,ga,1,2572,2024-06-21 15:35:00,1,1,0.6171513199806213
cnn,ga,1,2573,2024-06-21 15:40:00,1,1,0.5792865753173828
cnn,ga,1,2574,2024-06-21 15:45:00,1,1,0.5581311583518982
cnn,ga,1,2575,2024-06-21 15:50:00,1,1,0.5708262324333191
cnn,ga,1,2576,2024-06-21 15:55:00,1,1,0.5737262964248657
cnn,ga,1,2577,2024-06-21 16:00:00,1,1,0.5882867574691772
cnn,ga,1,2578,2024-06-21 16:05:00,1,1,0.5788266658782959
cnn,ga,1,2579,2024-06-21 16:10:00,1,1,0.568587064743042
cnn,ga,1,2580,2024-06-21 16:15:00,1,1,0.5704410672187805
cnn,ga,1,2581,2024-06-21 16:20:00,1,1,0.5620584487915039
cnn,ga,1,2582,2024-06-21 16:25:00,1,1,0.5707055330276489
cnn,ga,1,2583,2024-06-21 16:30:00,1,1,0.5717381834983826
cnn,ga,1,2584,2024-06-21 16:35:00,1,1,0.5844652056694031
cnn,ga,1,2585,2024-06-21 16:40:00,1,1,0.5318352580070496
cnn,ga,1,2586,2024-06-21 16:45:00,1,0,0.48604676127433777
cnn,ga,1,2587,2024-06-21 16:50:00,1,1,0.5081901550292969
cnn,ga,1,2588,2024-06-21 16:55:00,1,1,0.523483157157898
cnn,ga,1,2589,2024-06-21 17:00:00,1,0,0.4896925091743469
cnn,ga,1,2590,2024-06-21 17:05:00,1,0,0.46970874071121216
cnn,ga,1,2591,2024-06-21 17:10:00,1,0,0.46938812732696533
cnn,ga,1,2592,2024-06-21 17:15:00,1,1,0.5141101479530334
cnn,ga,1,2593,2024-06-21 17:20:00,1,1,0.5064913034439087
cnn,ga,1,2594,2024-06-21 17:25:00,1,0,0.4876071512699127
cnn,ga,1,2595,2024-06-21 17:30:00,1,1,0.5037062764167786
cnn,ga,1,2596,2024-06-21 17:35:00,1,1,0.5105148553848267
cnn,ga,1,2597,2024-06-21 17:40:00,1,1,0.519642174243927
cnn,ga,1,2598,2024-06-21 17:45:00,1,1,0.5021495819091797
cnn,ga,1,2599,2024-06-21 17:50:00,1,1,0.5240299105644226
cnn,ga,1,2600,2024-06-21 17:55:00,1,1,0.5353149771690369
cnn,ga,1,2601,2024-06-24 10:50:00,0,1,0.7082884907722473
cnn,ga,1,2602,2024-06-24 10:55:00,0,1,0.6678690314292908
cnn,ga,1,2603,2024-06-24 11:00:00,0,1,0.5886809229850769
cnn,ga,1,2604,2024-06-24 11:05:00,0,1,0.5651049613952637
cnn,ga,1,2605,2024-06-24 11:10:00,0,1,0.585162878036499
cnn,ga,1,2606,2024-06-24 11:15:00,0,1,0.5523780584335327
cnn,ga,1,2607,2024-06-24 11:20:00,0,1,0.5413923263549805
cnn,ga,1,2608,2024-06-24 11:25:00,0,1,0.5197462439537048
cnn,ga,1,2609,2024-06-24 11:30:00,0,0,0.4683198034763336
cnn,ga,1,2610,2024-06-24 11:35:00,0,0,0.47807255387306213
cnn,ga,1,2611,2024-06-24 11:40:00,0,0,0.4976106584072113
cnn,ga,1,2612,2024-06-24 11:45:00,0,0,0.4702901244163513
cnn,ga,1,2613,2024-06-24 11:50:00,0,0,0.4833008348941803
cnn,ga,1,2614,2024-06-24 11:55:00,0,1,0.5030335187911987
cnn,ga,1,2615,2024-06-24 12:00:00,0,1,0.5060542225837708
cnn,ga,1,2616,2024-06-24 12:05:00,0,1,0.5046974420547485
cnn,ga,1,2617,2024-06-24 12:10:00,0,0,0.4659474790096283
cnn,ga,1,2618,2024-06-24 12:15:00,0,0,0.4494708776473999
cnn,ga,1,2619,2024-06-24 12:20:00,0,0,0.4351067841053009
cnn,ga,1,2620,2024-06-24 12:25:00,0,0,0.4387977123260498
cnn,ga,1,2621,2024-06-24 12:30:00,0,0,0.42717212438583374
cnn,ga,1,2622,2024-06-24 12:35:00,0,0,0.43749305605888367
cnn,ga,1,2623,2024-06-24 12:40:00,0,0,0.46299734711647034
cnn,ga,1,2624,2024-06-24 12:45:00,1,0,0.4600232243537903
cnn,ga,1,2625,2024-06-24 12:50:00,1,0,0.4751616418361664
cnn,ga,1,2626,2024-06-24 12:55:00,1,1,0.5138688683509827
cnn,ga,1,2627,2024-06-24 13:00:00,1,0,0.488587349653244
cnn,ga,1,2628,2024-06-24 13:05:00,1,0,0.4984470009803772
cnn,ga,1,2629,2024-06-24 13:10:00,1,1,0.5473333597183228
cnn,ga,1,2630,2024-06-24 13:15:00,1,1,0.565561830997467
cnn,ga,1,2631,2024-06-24 13:20:00,1,1,0.5891222357749939
cnn,ga,1,2632,2024-06-24 13:25:00,1,1,0.5703356862068176
cnn,ga,1,2633,2024-06-24 13:30:00,1,1,0.5325015187263489
cnn,ga,1,2634,2024-06-24 13:35:00,1,1,0.5165416598320007
cnn,ga,1,2635,2024-06-24 13:40:00,1,0,0.49461546540260315
cnn,ga,1,2636,2024-06-24 13:45:00,1,1,0.5018297433853149
cnn,ga,1,2637,2024-06-24 13:50:00,1,0,0.4807455539703369
cnn,ga,1,2638,2024-06-24 13:55:00,1,0,0.4964366555213928
cnn,ga,1,2639,2024-06-24 14:00:00,1,1,0.5144373774528503
cnn,ga,1,2640,2024-06-24 14:05:00,1,0,0.4880249500274658
cnn,ga,1,2641,2024-06-24 14:10:00,1,0,0.454365611076355
cnn,ga,1,2642,2024-06-24 14:15:00,1,0,0.45361971855163574
cnn,ga,1,2643,2024-06-24 14:20:00,1,0,0.48025092482566833
cnn,ga,1,2644,2024-06-24 14:25:00,1,1,0.5294081568717957
cnn,ga,1,2645,2024-06-24 14:30:00,1,1,0.5363053679466248
cnn,ga,1,2646,2024-06-24 14:35:00,0,1,0.5688586235046387
cnn,ga,1,2647,2024-06-24 14:40:00,0,1,0.5363531708717346
cnn,ga,1,2648,2024-06-24 14:45:00,0,1,0.5012197494506836
cnn,ga,1,2649,2024-06-24 14:50:00,0,0,0.47092798352241516
cnn,ga,1,2650,2024-06-24 14:55:00,0,0,0.4949149787425995
cnn,ga,1,2651,2024-06-24 15:00:00,0,0,0.49694615602493286
cnn,ga,1,2652,2024-06-24 15:05:00,0,1,0.522864818572998
cnn,ga,1,2653,2024-06-24 15:10:00,0,1,0.5232743620872498
cnn,ga,1,2654,2024-06-24 15:15:00,0,1,0.5054944753646851
cnn,ga,1,2655,2024-06-24 15:20:00,0,0,0.49312809109687805
cnn,ga,1,2656,2024-06-24 15:25:00,0,0,0.4724755585193634
cnn,ga,1,2657,2024-06-24 15:30:00,1,0,0.4410882890224457
cnn,ga,1,2658,2024-06-24 15:35:00,1,0,0.4590662717819214
cnn,ga,1,2659,2024-06-24 15:40:00,1,0,0.4913211464881897
cnn,ga,1,2660,2024-06-24 15:45:00,1,1,0.5411337614059448
cnn,ga,1,2661,2024-06-24 15:50:00,1,0,0.4885571300983429
cnn,ga,1,2662,2024-06-24 15:55:00,1,0,0.46879297494888306
cnn,ga,1,2663,2024-06-24 16:00:00,1,0,0.4688536822795868
cnn,ga,1,2664,2024-06-24 16:05:00,1,0,0.4744929373264313
cnn,ga,1,2665,2024-06-24 16:10:00,1,0,0.48501476645469666
cnn,ga,1,2666,2024-06-24 16:15:00,1,0,0.4957159757614136
cnn,ga,1,2667,2024-06-24 16:20:00,1,1,0.5317672491073608
cnn,ga,1,2668,2024-06-24 16:25:00,1,0,0.4929961860179901
cnn,ga,1,2669,2024-06-24 16:30:00,1,1,0.526097297668457
cnn,ga,1,2670,2024-06-24 16:35:00,1,1,0.5649731159210205
cnn,ga,1,2671,2024-06-24 16:40:00,1,1,0.577049970626831
cnn,ga,1,2672,2024-06-24 16:45:00,1,1,0.5865465402603149
cnn,ga,1,2673,2024-06-24 16:50:00,1,1,0.5748929381370544
cnn,ga,1,2674,2024-06-24 16:55:00,1,1,0.5189542174339294
cnn,ga,1,2675,2024-06-24 17:00:00,1,1,0.5054264664649963
cnn,ga,1,2676,2024-06-24 17:05:00,1,0,0.4923473298549652
cnn,ga,1,2677,2024-06-24 17:10:00,1,0,0.46846553683280945
cnn,ga,1,2678,2024-06-24 17:15:00,0,1,0.5009016990661621
cnn,ga,1,2679,2024-06-24 17:20:00,0,1,0.5042901635169983
cnn,ga,1,2680,2024-06-24 17:25:00,0,0,0.4919547140598297
cnn,ga,1,2681,2024-06-24 17:30:00,0,1,0.5106958746910095
cnn,ga,1,2682,2024-06-24 17:35:00,0,1,0.5380531549453735
cnn,ga,1,2683,2024-06-24 17:40:00,0,1,0.5538560152053833
cnn,ga,1,2684,2024-06-24 17:45:00,0,1,0.5328406095504761
cnn,ga,1,2685,2024-06-24 17:50:00,0,1,0.5525761246681213
cnn,ga,1,2686,2024-06-24 17:55:00,0,1,0.5345469117164612
cnn,ga,1,2687,2024-06-25 12:35:00,1,0,0.4065490663051605
cnn,ga,1,2688,2024-06-25 12:40:00,1,0,0.4122666120529175
cnn,ga,1,2689,2024-06-25 12:45:00,1,0,0.45657074451446533
cnn,ga,1,2690,2024-06-25 12:50:00,1,0,0.47403302788734436
cnn,ga,1,2691,2024-06-25 12:55:00,1,0,0.4846345782279968
cnn,ga,1,2692,2024-06-25 13:00:00,1,1,0.5237007141113281
cnn,ga,1,2693,2024-06-25 13:05:00,1,0,0.4989522099494934
cnn,ga,1,2694,2024-06-25 13:10:00,1,0,0.45992186665534973
cnn,ga,1,2695,2024-06-25 13:15:00,1,0,0.4784543514251709
cnn,ga,1,2696,2024-06-25 13:20:00,1,1,0.5221561193466187
cnn,ga,1,2697,2024-06-25 13:25:00,1,1,0.548090398311615
cnn,ga,1,2698,2024-06-25 13:30:00,1,1,0.5136625170707703
cnn,ga,1,2699,2024-06-25 13:35:00,1,1,0.5446575880050659
cnn,ga,1,2700,2024-06-25 13:40:00,1,1,0.5482513904571533
cnn,ga,1,2701,2024-06-25 13:45:00,1,1,0.553124725818634
cnn,ga,1,2702,2024-06-25 13:50:00,1,1,0.5735183954238892
cnn,ga,1,2703,2024-06-25 13:55:00,1,1,0.5535306930541992
cnn,ga,1,2704,2024-06-25 14:00:00,1,1,0.5400387644767761
cnn,ga,1,2705,2024-06-25 14:05:00,1,1,0.5451816916465759
cnn,ga,1,2706,2024-06-25 14:10:00,1,1,0.571221649646759
cnn,ga,1,2707,2024-06-25 14:15:00,1,1,0.533782958984375
cnn,ga,1,2708,2024-06-25 14:20:00,1,0,0.4711587429046631
cnn,ga,1,2709,2024-06-25 14:25:00,1,1,0.5017732381820679
cnn,ga,1,2710,2024-06-25 14:30:00,1,1,0.5480273365974426
cnn,ga,1,2711,2024-06-25 14:35:00,1,1,0.5234559774398804
cnn,ga,1,2712,2024-06-25 14:40:00,1,1,0.5452371835708618
cnn,ga,1,2713,2024-06-25 14:45:00,1,1,0.5490787625312805
cnn,ga,1,2714,2024-06-25 14:50:00,0,1,0.6060246825218201
cnn,ga,1,2715,2024-06-25 14:55:00,0,1,0.6019962430000305
cnn,ga,1,2716,2024-06-25 15:00:00,0,1,0.5802269577980042
cnn,ga,1,2717,2024-06-25 15:05:00,0,1,0.5676195621490479
cnn,ga,1,2718,2024-06-25 15:10:00,0,1,0.5687639713287354
cnn,ga,1,2719,2024-06-25 15:15:00,0,1,0.5371750593185425
cnn,ga,1,2720,2024-06-25 15:20:00,0,0,0.4919435679912567
cnn,ga,1,2721,2024-06-25 15:25:00,0,1,0.5056292414665222
cnn,ga,1,2722,2024-06-25 15:30:00,0,1,0.5094807744026184
cnn,ga,1,2723,2024-06-25 15:35:00,0,0,0.4984029531478882
cnn,ga,1,2724,2024-06-25 15:40:00,0,0,0.4938470125198364
cnn,ga,1,2725,2024-06-25 15:45:00,0,1,0.5178675055503845
cnn,ga,1,2726,2024-06-25 15:50:00,0,0,0.48493340611457825
cnn,ga,1,2727,2024-06-25 15:55:00,0,0,0.4744586944580078
cnn,ga,1,2728,2024-06-25 16:00:00,0,0,0.4873577952384949
cnn,ga,1,2729,2024-06-25 16:05:00,0,0,0.4611514210700989
cnn,ga,1,2730,2024-06-25 16:10:00,0,0,0.4649043679237366
cnn,ga,1,2731,2024-06-25 16:15:00,0,0,0.48118844628334045
cnn,ga,1,2732,2024-06-25 16:20:00,0,0,0.4740769565105438
cnn,ga,1,2733,2024-06-25 16:25:00,0,0,0.4934542775154114
cnn,ga,1,2734,2024-06-25 16:30:00,0,0,0.48243555426597595
cnn,ga,1,2735,2024-06-25 16:35:00,0,0,0.45162251591682434
cnn,ga,1,2736,2024-06-25 16:40:00,1,0,0.43935203552246094
cnn,ga,1,2737,2024-06-25 16:45:00,1,0,0.4532625079154968
cnn,ga,1,2738,2024-06-25 16:50:00,1,0,0.4532000720500946
cnn,ga,1,2739,2024-06-25 16:55:00,1,0,0.46835294365882874
cnn,ga,1,2740,2024-06-25 17:00:00,1,1,0.5032198429107666
cnn,ga,1,2741,2024-06-25 17:05:00,1,1,0.5468284487724304
cnn,ga,1,2742,2024-06-25 17:10:00,1,1,0.5739458799362183
cnn,ga,1,2743,2024-06-25 17:15:00,1,1,0.5527220368385315
cnn,ga,1,2744,2024-06-25 17:20:00,1,1,0.5791303515434265
cnn,ga,1,2745,2024-06-25 17:25:00,1,1,0.5508318543434143
cnn,ga,1,2746,2024-06-25 17:30:00,0,1,0.5457371473312378
cnn,ga,1,2747,2024-06-25 17:35:00,0,1,0.5656777024269104
cnn,ga,1,2748,2024-06-25 17:40:00,0,1,0.5355804562568665
cnn,ga,1,2749,2024-06-25 17:45:00,0,1,0.5291263461112976
cnn,ga,1,2750,2024-06-25 17:50:00,0,1,0.5409463047981262
cnn,ga,1,2751,2024-06-25 17:55:00,0,1,0.5366552472114563
cnn,ga,1,2752,2024-06-26 10:40:00,1,0,0.40584835410118103
cnn,ga,1,2753,2024-06-26 10:45:00,1,0,0.40616047382354736
cnn,ga,1,2754,2024-06-26 10:50:00,1,0,0.4478284418582916
cnn,ga,1,2755,2024-06-26 10:55:00,1,0,0.49882134795188904
cnn,ga,1,2756,2024-06-26 11:00:00,1,1,0.5592378377914429
cnn,ga,1,2757,2024-06-26 11:05:00,1,1,0.5223257541656494
cnn,ga,1,2758,2024-06-26 11:10:00,1,1,0.5210186839103699
cnn,ga,1,2759,2024-06-26 11:15:00,1,1,0.6132780313491821
cnn,ga,1,2760,2024-06-26 11:20:00,1,1,0.630450963973999
cnn,ga,1,2761,2024-06-26 11:25:00,1,1,0.5568094253540039
cnn,ga,1,2762,2024-06-26 11:30:00,1,1,0.5031525492668152
cnn,ga,1,2763,2024-06-26 11:35:00,1,1,0.5213459134101868
cnn,ga,1,2764,2024-06-26 11:40:00,1,0,0.48580193519592285
cnn,ga,1,2765,2024-06-26 11:45:00,1,0,0.483146607875824
cnn,ga,1,2766,2024-06-26 11:50:00,1,1,0.5177463293075562
cnn,ga,1,2767,2024-06-26 11:55:00,1,1,0.5042551755905151
cnn,ga,1,2768,2024-06-26 12:00:00,1,1,0.5293484330177307
cnn,ga,1,2769,2024-06-26 12:05:00,1,1,0.5603828430175781
cnn,ga,1,2770,2024-06-26 12:10:00,1,0,0.47701671719551086
cnn,ga,1,2771,2024-06-26 12:15:00,1,0,0.459021657705307
cnn,ga,1,2772,2024-06-26 12:20:00,1,1,0.5021287798881531
cnn,ga,1,2773,2024-06-26 12:25:00,1,1,0.535405158996582
cnn,ga,1,2774,2024-06-26 12:30:00,1,1,0.5280634164810181
cnn,ga,1,2775,2024-06-26 12:35:00,1,1,0.5629757046699524
cnn,ga,1,2776,2024-06-26 12:40:00,1,1,0.5580152273178101
cnn,ga,1,2777,2024-06-26 12:45:00,1,1,0.5598598122596741
cnn,ga,1,2778,2024-06-26 12:50:00,1,1,0.5999822020530701
cnn,ga,1,2779,2024-06-26 12:55:00,1,1,0.6367061734199524
cnn,ga,1,2780,2024-06-26 13:00:00,1,1,0.6490054726600647
cnn,ga,1,2781,2024-06-26 13:05:00,1,1,0.6806422472000122
cnn,ga,1,2782,2024-06-26 13:10:00,1,1,0.636986494064331
cnn,ga,1,2783,2024-06-26 13:15:00,1,1,0.6287691593170166
cnn,ga,1,2784,2024-06-26 13:20:00,1,1,0.643322229385376
cnn,ga,1,2785,2024-06-26 13:25:00,1,1,0.6202679872512817
cnn,ga,1,2786,2024-06-26 13:30:00,1,1,0.594676673412323
cnn,ga,1,2787,2024-06-26 13:35:00,1,1,0.5764390230178833
cnn,ga,1,2788,2024-06-26 13:40:00,1,1,0.5791693329811096
cnn,ga,1,2789,2024-06-26 13:45:00,1,1,0.5764865875244141
cnn,ga,1,2790,2024-06-26 13:50:00,1,1,0.5916295647621155
cnn,ga,1,2791,2024-06-26 13:55:00,1,1,0.5627511739730835
cnn,ga,1,2792,2024-06-26 14:00:00,1,1,0.5592437982559204
cnn,ga,1,2793,2024-06-26 14:05:00,1,1,0.5168697237968445
cnn,ga,1,2794,2024-06-26 14:10:00,1,0,0.4646866023540497
cnn,ga,1,2795,2024-06-26 14:15:00,1,0,0.47377440333366394
cnn,ga,1,2796,2024-06-26 14:20:00,1,1,0.5211486220359802
cnn,ga,1,2797,2024-06-26 14:25:00,1,1,0.5377312898635864
cnn,ga,1,2798,2024-06-26 14:30:00,1,1,0.5614557862281799
cnn,ga,1,2799,2024-06-26 14:35:00,1,1,0.5405912399291992
cnn,ga,1,2800,2024-06-26 14:40:00,1,1,0.5232102274894714
cnn,ga,1,2801,2024-06-26 14:45:00,1,1,0.5156423449516296
cnn,ga,1,2802,2024-06-26 14:50:00,1,0,0.49660012125968933
cnn,ga,1,2803,2024-06-26 14:55:00,1,1,0.5307682752609253
cnn,ga,1,2804,2024-06-26 15:00:00,1,1,0.5762956738471985
cnn,ga,1,2805,2024-06-26 15:05:00,1,1,0.60788893699646
cnn,ga,1,2806,2024-06-26 15:10:00,0,1,0.6291990280151367
cnn,ga,1,2807,2024-06-26 15:15:00,0,1,0.5885306596755981
cnn,ga,1,2808,2024-06-26 15:20:00,0,1,0.5849325060844421
cnn,ga,1,2809,2024-06-26 15:25:00,0,1,0.5365491509437561
cnn,ga,1,2810,2024-06-26 15:30:00,0,1,0.5106983184814453
cnn,ga,1,2811,2024-06-26 15:35:00,0,1,0.5094088912010193
cnn,ga,1,2812,2024-06-26 15:40:00,0,0,0.48592066764831543
cnn,ga,1,2813,2024-06-26 15:45:00,0,0,0.45616161823272705
cnn,ga,1,2814,2024-06-26 15:50:00,0,0,0.42358559370040894
cnn,ga,1,2815,2024-06-26 15:55:00,0,0,0.4023648202419281
cnn,ga,1,2816,2024-06-26 16:00:00,0,0,0.4019734859466553
cnn,ga,1,2817,2024-06-26 16:05:00,0,0,0.4159848690032959
cnn,ga,1,2818,2024-06-26 16:10:00,1,0,0.42100998759269714
cnn,ga,1,2819,2024-06-26 16:15:00,1,0,0.46479731798171997
cnn,ga,1,2820,2024-06-26 16:20:00,1,1,0.5165200233459473
cnn,ga,1,2821,2024-06-26 16:25:00,1,1,0.5637266039848328
cnn,ga,1,2822,2024-06-26 16:30:00,1,1,0.5880612730979919
cnn,ga,1,2823,2024-06-26 16:35:00,1,1,0.5768565535545349
cnn,ga,1,2824,2024-06-26 16:40:00,1,1,0.5872689485549927
cnn,ga,1,2825,2024-06-26 16:45:00,1,1,0.5843534469604492
cnn,ga,1,2826,2024-06-26 16:50:00,0,1,0.6437601447105408
cnn,ga,1,2827,2024-06-26 16:55:00,0,1,0.6829113364219666
cnn,ga,1,2828,2024-06-26 17:00:00,0,1,0.6426429748535156
cnn,ga,1,2829,2024-06-26 17:05:00,0,1,0.6471947431564331
cnn,ga,1,2830,2024-06-26 17:10:00,0,1,0.5634571313858032
cnn,ga,1,2831,2024-06-26 17:15:00,0,1,0.5231412053108215
cnn,ga,1,2832,2024-06-26 17:20:00,0,1,0.5069872140884399
cnn,ga,1,2833,2024-06-26 17:25:00,0,1,0.5077661275863647
cnn,ga,1,2834,2024-06-26 17:30:00,1,0,0.48221343755722046
cnn,ga,1,2835,2024-06-26 17:35:00,1,0,0.4869089126586914
cnn,ga,1,2836,2024-06-26 17:40:00,1,1,0.5167771577835083
cnn,ga,1,2837,2024-06-26 17:45:00,1,1,0.5265523791313171
cnn,ga,1,2838,2024-06-26 17:50:00,1,1,0.5566615462303162
cnn,ga,1,2839,2024-06-26 17:55:00,1,1,0.5772702097892761
cnn,ga,1,2840,2024-06-27 10:55:00,0,1,0.6128804683685303
cnn,ga,1,2841,2024-06-27 11:00:00,0,1,0.5964912176132202
cnn,ga,1,2842,2024-06-27 11:05:00,0,1,0.5577724575996399
cnn,ga,1,2843,2024-06-27 11:10:00,0,1,0.5652280449867249
cnn,ga,1,2844,2024-06-27 11:15:00,0,1,0.5159117579460144
cnn,ga,1,2845,2024-06-27 11:20:00,0,0,0.4311852753162384
cnn,ga,1,2846,2024-06-27 11:25:00,0,0,0.39036333560943604
cnn,ga,1,2847,2024-06-27 11:30:00,0,0,0.40685516595840454
cnn,ga,1,2848,2024-06-27 11:35:00,0,0,0.4469991624355316
cnn,ga,1,2849,2024-06-27 11:40:00,0,0,0.4455465078353882
cnn,ga,1,2850,2024-06-27 11:45:00,0,0,0.4389687776565552
cnn,ga,1,2851,2024-06-27 11:50:00,0,0,0.41711780428886414
cnn,ga,1,2852,2024-06-27 11:55:00,0,0,0.38914406299591064
cnn,ga,1,2853,2024-06-27 12:00:00,1,0,0.36727777123451233
cnn,ga,1,2854,2024-06-27 12:05:00,1,0,0.39677608013153076
cnn,ga,1,2855,2024-06-27 12:10:00,1,0,0.41623058915138245
cnn,ga,1,2856,2024-06-27 12:15:00,1,0,0.4289836883544922
cnn,ga,1,2857,2024-06-27 12:20:00,1,0,0.45337456464767456
cnn,ga,1,2858,2024-06-27 12:25:00,1,1,0.5059114694595337
cnn,ga,1,2859,2024-06-27 12:30:00,1,1,0.5722498893737793
cnn,ga,1,2860,2024-06-27 12:35:00,1,1,0.6224963068962097
cnn,ga,1,2861,2024-06-27 12:40:00,1,1,0.6575021147727966
cnn,ga,1,2862,2024-06-27 12:45:00,1,1,0.6581503748893738
cnn,ga,1,2863,2024-06-27 12:50:00,1,1,0.6353952884674072
cnn,ga,1,2864,2024-06-27 12:55:00,0,1,0.6367429494857788
cnn,ga,1,2865,2024-06-27 13:00:00,0,1,0.5847171545028687
cnn,ga,1,2866,2024-06-27 13:05:00,0,1,0.5324702858924866
cnn,ga,1,2867,2024-06-27 13:10:00,0,1,0.516120195388794
cnn,ga,1,2868,2024-06-27 13:15:00,0,0,0.4918646514415741
cnn,ga,1,2869,2024-06-27 13:20:00,0,1,0.5115687251091003
cnn,ga,1,2870,2024-06-27 13:25:00,0,0,0.48340967297554016
cnn,ga,1,2871,2024-06-27 13:30:00,0,0,0.4689135253429413
cnn,ga,1,2872,2024-06-27 13:35:00,0,0,0.4630281627178192
cnn,ga,1,2873,2024-06-27 13:40:00,0,0,0.4900854229927063
cnn,ga,1,2874,2024-06-27 13:45:00,0,1,0.5453571081161499
cnn,ga,1,2875,2024-06-27 13:50:00,0,1,0.5302309989929199
cnn,ga,1,2876,2024-06-27 13:55:00,0,1,0.5196998119354248
cnn,ga,1,2877,2024-06-27 14:00:00,0,1,0.5165008902549744
cnn,ga,1,2878,2024-06-27 14:05:00,0,0,0.4726722538471222
cnn,ga,1,2879,2024-06-27 14:10:00,1,0,0.4376277029514313
cnn,ga,1,2880,2024-06-27 14:15:00,1,0,0.45718950033187866
cnn,ga,1,2881,2024-06-27 14:20:00,1,1,0.5655039548873901
cnn,ga,1,2882,2024-06-27 14:25:00,1,1,0.6323875188827515
cnn,ga,1,2883,2024-06-27 14:30:00,1,1,0.5928387641906738
cnn,ga,1,2884,2024-06-27 14:35:00,1,1,0.6051750183105469
cnn,ga,1,2885,2024-06-27 14:40:00,1,1,0.6142168045043945
cnn,ga,1,2886,2024-06-27 14:45:00,1,1,0.6250994205474854
cnn,ga,1,2887,2024-06-27 14:50:00,1,1,0.6370419859886169
cnn,ga,1,2888,2024-06-27 14:55:00,1,1,0.6381312012672424
cnn,ga,1,2889,2024-06-27 15:00:00,1,1,0.5948579907417297
cnn,ga,1,2890,2024-06-27 15:05:00,1,1,0.5316007137298584
cnn,ga,1,2891,2024-06-27 15:10:00,1,1,0.5228720903396606
cnn,ga,1,2892,2024-06-27 15:15:00,1,1,0.5382169485092163
cnn,ga,1,2893,2024-06-27 15:20:00,1,1,0.5395259261131287
cnn,ga,1,2894,2024-06-27 15:25:00,1,1,0.534101128578186
cnn,ga,1,2895,2024-06-27 15:30:00,1,1,0.5628050565719604
cnn,ga,1,2896,2024-06-27 15:35:00,1,1,0.589913547039032
cnn,ga,1,2897,2024-06-27 15:40:00,1,1,0.5748072862625122
cnn,ga,1,2898,2024-06-27 15:45:00,1,1,0.6009930372238159
cnn,ga,1,2899,2024-06-27 15:50:00,1,1,0.6495528817176819
cnn,ga,1,2900,2024-06-27 15:55:00,1,1,0.6810809969902039
cnn,ga,1,2901,2024-06-27 16:00:00,1,1,0.6665505766868591
cnn,ga,1,2902,2024-06-27 16:05:00,1,1,0.6378695368766785
cnn,ga,1,2903,2024-06-27 16:10:00,1,1,0.6330222487449646
cnn,ga,1,2904,2024-06-27 16:15:00,1,1,0.5685957670211792
cnn,ga,1,2905,2024-06-27 16:20:00,1,1,0.5323395729064941
cnn,ga,1,2906,2024-06-27 16:25:00,1,1,0.5243542194366455
cnn,ga,1,2907,2024-06-27 16:30:00,1,0,0.49115028977394104
cnn,ga,1,2908,2024-06-27 16:35:00,1,0,0.48427411913871765
cnn,ga,1,2909,2024-06-27 16:40:00,1,1,0.5282726287841797
cnn,ga,1,2910,2024-06-27 16:45:00,1,1,0.5671125650405884
cnn,ga,1,2911,2024-06-27 16:50:00,1,1,0.5528133511543274
cnn,ga,1,2912,2024-06-27 16:55:00,1,1,0.5663962960243225
cnn,ga,1,2913,2024-06-27 17:00:00,1,1,0.5543882250785828
cnn,ga,1,2914,2024-06-27 17:05:00,1,1,0.5806545615196228
cnn,ga,1,2915,2024-06-27 17:10:00,1,1,0.5492662191390991
cnn,ga,1,2916,2024-06-27 17:15:00,1,1,0.5108394026756287
cnn,ga,1,2917,2024-06-27 17:20:00,1,1,0.5116989016532898
cnn,ga,1,2918,2024-06-27 17:25:00,1,1,0.5264284014701843
cnn,ga,1,2919,2024-06-27 17:30:00,1,1,0.5245037078857422
cnn,ga,1,2920,2024-06-27 17:35:00,1,1,0.5095279812812805
cnn,ga,1,2921,2024-06-27 17:40:00,1,1,0.5154378414154053
cnn,ga,1,2922,2024-06-27 17:45:00,1,1,0.5351598262786865
cnn,ga,1,2923,2024-06-27 17:50:00,1,1,0.5543893575668335
cnn,ga,1,2924,2024-06-27 17:55:00,0,1,0.5838249325752258
cnn,ga,1,2925,2024-06-28 10:40:00,0,0,0.4058537483215332
cnn,ga,1,2926,2024-06-28 10:45:00,0,0,0.37997156381607056
cnn,ga,1,2927,2024-06-28 10:50:00,0,0,0.3602990508079529
cnn,ga,1,2928,2024-06-28 10:55:00,0,0,0.349520742893219
cnn,ga,1,2929,2024-06-28 11:00:00,1,0,0.3707233667373657
cnn,ga,1,2930,2024-06-28 11:05:00,1,0,0.32426905632019043
cnn,ga,1,2931,2024-06-28 11:10:00,1,0,0.3663578927516937
cnn,ga,1,2932,2024-06-28 11:15:00,1,0,0.41080406308174133
cnn,ga,1,2933,2024-06-28 11:20:00,1,1,0.5125328302383423
cnn,ga,1,2934,2024-06-28 11:25:00,1,1,0.5751068592071533
cnn,ga,1,2935,2024-06-28 11:30:00,1,1,0.6261119842529297
cnn,ga,1,2936,2024-06-28 11:35:00,1,1,0.6508708596229553
cnn,ga,1,2937,2024-06-28 11:40:00,1,1,0.6435596942901611
cnn,ga,1,2938,2024-06-28 11:45:00,1,1,0.6628779768943787
cnn,ga,1,2939,2024-06-28 11:50:00,1,1,0.6626733541488647
cnn,ga,1,2940,2024-06-28 11:55:00,1,1,0.6867787837982178
cnn,ga,1,2941,2024-06-28 12:00:00,1,1,0.6673181056976318
cnn,ga,1,2942,2024-06-28 12:05:00,1,1,0.6180447936058044
cnn,ga,1,2943,2024-06-28 12:10:00,1,1,0.5943005681037903
cnn,ga,1,2944,2024-06-28 12:15:00,1,1,0.6068023443222046
cnn,ga,1,2945,2024-06-28 12:20:00,1,1,0.5921903848648071
cnn,ga,1,2946,2024-06-28 12:25:00,1,1,0.528984546661377
cnn,ga,1,2947,2024-06-28 12:30:00,1,1,0.5199183225631714
cnn,ga,1,2948,2024-06-28 12:35:00,0,1,0.5638571977615356
cnn,ga,1,2949,2024-06-28 12:40:00,0,1,0.5706517696380615
cnn,ga,1,2950,2024-06-28 12:45:00,0,1,0.5242614150047302
cnn,ga,1,2951,2024-06-28 12:50:00,0,1,0.5022489428520203
cnn,ga,1,2952,2024-06-28 12:55:00,0,0,0.45592451095581055
cnn,ga,1,2953,2024-06-28 13:00:00,0,0,0.425896018743515
cnn,ga,1,2954,2024-06-28 13:05:00,0,0,0.41895991563796997
cnn,ga,1,2955,2024-06-28 13:10:00,0,0,0.3900041878223419
cnn,ga,1,2956,2024-06-28 13:15:00,0,0,0.41373059153556824
cnn,ga,1,2957,2024-06-28 13:20:00,0,0,0.427485853433609
cnn,ga,1,2958,2024-06-28 13:25:00,0,0,0.4374716281890869
cnn,ga,1,2959,2024-06-28 13:30:00,0,0,0.44838887453079224
cnn,ga,1,2960,2024-06-28 13:35:00,1,0,0.4379954934120178
cnn,ga,1,2961,2024-06-28 13:40:00,1,0,0.4627307057380676
cnn,ga,1,2962,2024-06-28 13:45:00,1,0,0.46579721570014954
cnn,ga,1,2963,2024-06-28 13:50:00,1,0,0.4498407542705536
cnn,ga,1,2964,2024-06-28 13:55:00,1,0,0.49803897738456726
cnn,ga,1,2965,2024-06-28 14:00:00,1,1,0.5162138342857361
cnn,ga,1,2966,2024-06-28 14:05:00,1,1,0.5296632051467896
cnn,ga,1,2967,2024-06-28 14:10:00,1,1,0.5122007131576538
cnn,ga,1,2968,2024-06-28 14:15:00,1,1,0.5168353915214539
cnn,ga,1,2969,2024-06-28 14:20:00,1,1,0.553514301776886
cnn,ga,1,2970,2024-06-28 14:25:00,1,1,0.5874772071838379
cnn,ga,1,2971,2024-06-28 14:30:00,1,1,0.561536967754364
cnn,ga,1,2972,2024-06-28 14:35:00,1,1,0.5813828706741333
cnn,ga,1,2973,2024-06-28 14:40:00,1,1,0.6190148591995239
cnn,ga,1,2974,2024-06-28 14:45:00,0,1,0.6328725814819336
cnn,ga,1,2975,2024-06-28 14:50:00,0,1,0.6156883239746094
cnn,ga,1,2976,2024-06-28 14:55:00,0,1,0.5279549956321716
cnn,ga,1,2977,2024-06-28 15:00:00,0,0,0.47493061423301697
cnn,ga,1,2978,2024-06-28 15:05:00,0,0,0.4748148024082184
cnn,ga,1,2979,2024-06-28 15:10:00,0,0,0.47156745195388794
cnn,ga,1,2980,2024-06-28 15:15:00,0,0,0.49689799547195435
cnn,ga,1,2981,2024-06-28 15:20:00,0,0,0.4686691462993622
cnn,ga,1,2982,2024-06-28 15:25:00,0,0,0.46295690536499023
cnn,ga,1,2983,2024-06-28 15:30:00,0,0,0.44173362851142883
cnn,ga,1,2984,2024-06-28 15:35:00,0,0,0.4052789509296417
cnn,ga,1,2985,2024-06-28 15:40:00,0,0,0.38883548974990845
cnn,ga,1,2986,2024-06-28 15:45:00,0,0,0.41273233294487
cnn,ga,1,2987,2024-06-28 15:50:00,0,0,0.43085646629333496
cnn,ga,1,2988,2024-06-28 15:55:00,0,0,0.4773803651332855
cnn,ga,1,2989,2024-06-28 16:00:00,0,0,0.4731975197792053
cnn,ga,1,2990,2024-06-28 16:05:00,0,0,0.4644036293029785
cnn,ga,1,2991,2024-06-28 16:10:00,0,0,0.43909114599227905
cnn,ga,1,2992,2024-06-28 16:15:00,1,0,0.43892112374305725
cnn,ga,1,2993,2024-06-28 16:20:00,1,0,0.467347115278244
cnn,ga,1,2994,2024-06-28 16:25:00,1,1,0.5138234496116638
cnn,ga,1,2995,2024-06-28 16:30:00,1,1,0.5181117653846741
cnn,ga,1,2996,2024-06-28 16:35:00,1,1,0.509484589099884
cnn,ga,1,2997,2024-06-28 16:40:00,1,1,0.5260390043258667
cnn,ga,1,2998,2024-06-28 16:45:00,1,1,0.553092896938324
cnn,ga,1,2999,2024-06-28 16:50:00,1,1,0.5850711464881897
cnn,ga,1,3000,2024-06-28 16:55:00,0,1,0.6060563921928406
cnn,ga,1,3001,2024-06-28 17:00:00,0,1,0.5805026292800903
cnn,ga,1,3002,2024-06-28 17:05:00,0,1,0.5399462580680847
cnn,ga,1,3003,2024-06-28 17:10:00,0,1,0.5452436804771423
cnn,ga,1,3004,2024-06-28 17:15:00,0,1,0.5069864988327026
cnn,ga,1,3005,2024-06-28 17:20:00,0,0,0.4664154052734375
cnn,ga,1,3006,2024-06-28 17:25:00,0,0,0.4560077488422394
cnn,ga,1,3007,2024-06-28 17:30:00,0,0,0.4834175705909729
cnn,ga,1,3008,2024-06-28 17:35:00,0,0,0.47501516342163086
cnn,ga,1,3009,2024-06-28 17:40:00,0,0,0.484620600938797
cnn,ga,1,3010,2024-06-28 17:45:00,0,1,0.5260171294212341
cnn,ga,1,3011,2024-06-28 17:50:00,0,1,0.5305739641189575
