model_type,optimizer,seed,row_id,datetime,y_true,y_pred,y_proba
mlp,gwo,1,0,2024-05-20 15:25:00,1,0,0.4855201840400696
mlp,gwo,1,1,2024-05-20 15:25:00,1,1,0.505341649055481
mlp,gwo,1,2,2024-05-20 15:30:00,1,1,0.5651770830154419
mlp,gwo,1,3,2024-05-20 15:30:00,1,1,0.5759438276290894
mlp,gwo,1,4,2024-05-20 15:35:00,1,1,0.5922542214393616
mlp,gwo,1,5,2024-05-20 15:35:00,1,1,0.5954430103302002
mlp,gwo,1,6,2024-05-20 15:40:00,1,0,0.498745858669281
mlp,gwo,1,7,2024-05-20 15:40:00,1,0,0.3533475697040558
mlp,gwo,1,8,2024-05-20 15:45:00,1,0,0.4704141616821289
mlp,gwo,1,9,2024-05-20 15:45:00,1,1,0.504328727722168
mlp,gwo,1,10,2024-05-20 15:50:00,1,0,0.4735599160194397
mlp,gwo,1,11,2024-05-20 15:50:00,1,0,0.31353071331977844
mlp,gwo,1,12,2024-05-20 15:55:00,1,0,0.4691382348537445
mlp,gwo,1,13,2024-05-20 15:55:00,1,0,0.4720422327518463
mlp,gwo,1,14,2024-05-20 16:00:00,1,1,0.600021243095398
mlp,gwo,1,15,2024-05-20 16:00:00,1,1,0.5731881260871887
mlp,gwo,1,16,2024-05-20 16:05:00,1,1,0.6314507126808167
mlp,gwo,1,17,2024-05-20 16:05:00,1,1,0.6179932355880737
mlp,gwo,1,18,2024-05-20 16:10:00,1,1,0.6038151383399963
mlp,gwo,1,19,2024-05-20 16:10:00,1,1,0.6084998250007629
mlp,gwo,1,20,2024-05-20 16:15:00,1,1,0.6097496151924133
mlp,gwo,1,21,2024-05-20 16:15:00,1,1,0.6191678047180176
mlp,gwo,1,22,2024-05-20 16:20:00,1,1,0.5000954866409302
mlp,gwo,1,23,2024-05-20 16:20:00,1,0,0.49501901865005493
mlp,gwo,1,24,2024-05-20 16:25:00,1,0,0.41863560676574707
mlp,gwo,1,25,2024-05-20 16:25:00,1,0,0.393661767244339
mlp,gwo,1,26,2024-05-20 16:30:00,1,0,0.4072273373603821
mlp,gwo,1,27,2024-05-20 16:30:00,1,0,0.39899158477783203
mlp,gwo,1,28,2024-05-20 16:35:00,1,0,0.39791592955589294
mlp,gwo,1,29,2024-05-20 16:35:00,1,0,0.3367781937122345
mlp,gwo,1,30,2024-05-20 16:40:00,1,0,0.4405083656311035
mlp,gwo,1,31,2024-05-20 16:40:00,1,0,0.46644070744514465
mlp,gwo,1,32,2024-05-20 16:45:00,1,1,0.5308161973953247
mlp,gwo,1,33,2024-05-20 16:45:00,1,1,0.5761994123458862
mlp,gwo,1,34,2024-05-20 16:50:00,1,1,0.6552866697311401
mlp,gwo,1,35,2024-05-20 16:50:00,1,1,0.6451968550682068
mlp,gwo,1,36,2024-05-20 16:55:00,0,1,0.7069677114486694
mlp,gwo,1,37,2024-05-20 16:55:00,0,1,0.7210503220558167
mlp,gwo,1,38,2024-05-20 17:00:00,0,1,0.768016517162323
mlp,gwo,1,39,2024-05-20 17:00:00,0,1,0.6402685642242432
mlp,gwo,1,40,2024-05-20 17:05:00,0,0,0.4865639805793762
mlp,gwo,1,41,2024-05-20 17:05:00,0,1,0.563588559627533
mlp,gwo,1,42,2024-05-20 17:10:00,0,0,0.43756040930747986
mlp,gwo,1,43,2024-05-20 17:10:00,0,0,0.1956017017364502
mlp,gwo,1,44,2024-05-20 17:15:00,0,0,0.48494917154312134
mlp,gwo,1,45,2024-05-20 17:15:00,0,1,0.5375578999519348
mlp,gwo,1,46,2024-05-20 17:20:00,0,1,0.5545987486839294
mlp,gwo,1,47,2024-05-20 17:20:00,0,1,0.5077416896820068
mlp,gwo,1,48,2024-05-20 17:25:00,0,1,0.7228659391403198
mlp,gwo,1,49,2024-05-20 17:25:00,0,1,0.5963168144226074
mlp,gwo,1,50,2024-05-20 17:30:00,0,1,0.684560239315033
mlp,gwo,1,51,2024-05-20 17:30:00,0,1,0.6399143934249878
mlp,gwo,1,52,2024-05-20 17:35:00,0,1,0.5378730893135071
mlp,gwo,1,53,2024-05-20 17:35:00,0,1,0.5362465381622314
mlp,gwo,1,54,2024-05-20 17:40:00,0,1,0.518281877040863
mlp,gwo,1,55,2024-05-20 17:40:00,0,1,0.5402898192405701
mlp,gwo,1,56,2024-05-20 17:45:00,0,1,0.5387179851531982
mlp,gwo,1,57,2024-05-20 17:45:00,0,0,0.49138781428337097
mlp,gwo,1,58,2024-05-20 17:50:00,0,1,0.733747124671936
mlp,gwo,1,59,2024-05-20 17:50:00,0,1,0.5442747473716736
mlp,gwo,1,60,2024-05-20 17:55:00,0,1,0.6737651824951172
mlp,gwo,1,61,2024-05-20 17:55:00,0,0,0.43406787514686584
mlp,gwo,1,62,2024-05-21 13:30:00,1,0,0.31841742992401123
mlp,gwo,1,63,2024-05-21 13:30:00,1,0,0.3134850263595581
mlp,gwo,1,64,2024-05-21 13:35:00,1,0,0.3901413083076477
mlp,gwo,1,65,2024-05-21 13:35:00,1,0,0.38865843415260315
mlp,gwo,1,66,2024-05-21 13:40:00,1,1,0.5534690618515015
mlp,gwo,1,67,2024-05-21 13:40:00,1,1,0.5383119583129883
mlp,gwo,1,68,2024-05-21 13:45:00,1,1,0.7212727069854736
mlp,gwo,1,69,2024-05-21 13:45:00,1,1,0.7517328858375549
mlp,gwo,1,70,2024-05-21 13:50:00,1,1,0.5650772452354431
mlp,gwo,1,71,2024-05-21 13:50:00,1,1,0.5329142808914185
mlp,gwo,1,72,2024-05-21 13:55:00,1,0,0.4516853392124176
mlp,gwo,1,73,2024-05-21 13:55:00,1,0,0.45154860615730286
mlp,gwo,1,74,2024-05-21 14:00:00,1,1,0.6100983023643494
mlp,gwo,1,75,2024-05-21 14:00:00,1,1,0.5890741348266602
mlp,gwo,1,76,2024-05-21 14:05:00,1,1,0.5683748126029968
mlp,gwo,1,77,2024-05-21 14:05:00,1,1,0.595927894115448
mlp,gwo,1,78,2024-05-21 14:10:00,1,0,0.4502659738063812
mlp,gwo,1,79,2024-05-21 14:10:00,1,1,0.510807991027832
mlp,gwo,1,80,2024-05-21 14:15:00,1,1,0.5411610007286072
mlp,gwo,1,81,2024-05-21 14:15:00,1,1,0.6017606854438782
mlp,gwo,1,82,2024-05-21 14:20:00,1,1,0.7253506779670715
mlp,gwo,1,83,2024-05-21 14:20:00,1,1,0.7338987588882446
mlp,gwo,1,84,2024-05-21 14:25:00,1,1,0.8673262596130371
mlp,gwo,1,85,2024-05-21 14:25:00,1,1,0.7118116617202759
mlp,gwo,1,86,2024-05-21 14:30:00,1,1,0.7679782509803772
mlp,gwo,1,87,2024-05-21 14:30:00,1,1,0.6769161820411682
mlp,gwo,1,88,2024-05-21 14:35:00,1,1,0.5790278315544128
mlp,gwo,1,89,2024-05-21 14:35:00,1,1,0.6419289112091064
mlp,gwo,1,90,2024-05-21 14:40:00,1,1,0.5973479747772217
mlp,gwo,1,91,2024-05-21 14:40:00,1,1,0.6170941591262817
mlp,gwo,1,92,2024-05-21 14:45:00,1,1,0.6453126668930054
mlp,gwo,1,93,2024-05-21 14:45:00,1,1,0.6399789452552795
mlp,gwo,1,94,2024-05-21 14:50:00,1,1,0.6355156302452087
mlp,gwo,1,95,2024-05-21 14:50:00,1,1,0.6224251389503479
mlp,gwo,1,96,2024-05-21 14:55:00,1,1,0.7970922589302063
mlp,gwo,1,97,2024-05-21 14:55:00,1,1,0.704337477684021
mlp,gwo,1,98,2024-05-21 15:00:00,1,1,0.7440341711044312
mlp,gwo,1,99,2024-05-21 15:00:00,1,1,0.8840091824531555
mlp,gwo,1,100,2024-05-21 15:05:00,0,1,0.797092616558075
mlp,gwo,1,101,2024-05-21 15:05:00,0,1,0.7104058265686035
mlp,gwo,1,102,2024-05-21 15:10:00,0,1,0.6628527641296387
mlp,gwo,1,103,2024-05-21 15:10:00,0,1,0.5102270245552063
mlp,gwo,1,104,2024-05-21 15:15:00,0,0,0.37795722484588623
mlp,gwo,1,105,2024-05-21 15:15:00,0,0,0.3574519753456116
mlp,gwo,1,106,2024-05-21 15:20:00,0,0,0.37908488512039185
mlp,gwo,1,107,2024-05-21 15:20:00,0,0,0.48024821281433105
mlp,gwo,1,108,2024-05-21 15:25:00,0,0,0.4381588101387024
mlp,gwo,1,109,2024-05-21 15:25:00,0,0,0.3729640543460846
mlp,gwo,1,110,2024-05-21 15:30:00,0,0,0.3142663836479187
mlp,gwo,1,111,2024-05-21 15:30:00,0,0,0.17418967187404633
mlp,gwo,1,112,2024-05-21 15:35:00,0,0,0.24020367860794067
mlp,gwo,1,113,2024-05-21 15:35:00,0,0,0.27989915013313293
mlp,gwo,1,114,2024-05-21 15:40:00,0,0,0.37980806827545166
mlp,gwo,1,115,2024-05-21 15:40:00,0,0,0.32411935925483704
mlp,gwo,1,116,2024-05-21 15:45:00,0,0,0.3903604745864868
mlp,gwo,1,117,2024-05-21 15:50:00,0,1,0.6004204154014587
mlp,gwo,1,118,2024-05-21 15:50:00,0,1,0.6116405129432678
mlp,gwo,1,119,2024-05-21 15:55:00,0,1,0.5598082542419434
mlp,gwo,1,120,2024-05-21 15:55:00,0,1,0.5780609846115112
mlp,gwo,1,121,2024-05-21 16:00:00,0,1,0.6621220111846924
mlp,gwo,1,122,2024-05-21 16:00:00,0,1,0.5963631272315979
mlp,gwo,1,123,2024-05-21 16:05:00,0,1,0.7319663166999817
mlp,gwo,1,124,2024-05-21 16:05:00,0,1,0.6688215732574463
mlp,gwo,1,125,2024-05-21 16:10:00,0,1,0.6823652982711792
mlp,gwo,1,126,2024-05-21 16:10:00,0,1,0.6158674359321594
mlp,gwo,1,127,2024-05-21 16:15:00,0,1,0.5786899328231812
mlp,gwo,1,128,2024-05-21 16:15:00,0,1,0.620154619216919
mlp,gwo,1,129,2024-05-21 16:20:00,0,1,0.5504916310310364
mlp,gwo,1,130,2024-05-21 16:20:00,0,1,0.6104334592819214
mlp,gwo,1,131,2024-05-21 16:25:00,0,1,0.6320226788520813
mlp,gwo,1,132,2024-05-21 16:25:00,0,1,0.6067163348197937
mlp,gwo,1,133,2024-05-21 16:30:00,0,1,0.6384163498878479
mlp,gwo,1,134,2024-05-21 16:30:00,0,1,0.6108946800231934
mlp,gwo,1,135,2024-05-21 16:35:00,0,1,0.5734810829162598
mlp,gwo,1,136,2024-05-21 16:35:00,0,1,0.5769461989402771
mlp,gwo,1,137,2024-05-21 16:40:00,0,0,0.4975748360157013
mlp,gwo,1,138,2024-05-21 16:40:00,0,1,0.5139234662055969
mlp,gwo,1,139,2024-05-21 16:45:00,0,0,0.4583020806312561
mlp,gwo,1,140,2024-05-21 16:45:00,0,0,0.4967900514602661
mlp,gwo,1,141,2024-05-21 16:50:00,0,0,0.4210635721683502
mlp,gwo,1,142,2024-05-21 16:50:00,0,0,0.41382044553756714
mlp,gwo,1,143,2024-05-21 16:55:00,0,0,0.3168720006942749
mlp,gwo,1,144,2024-05-21 16:55:00,0,0,0.3136794865131378
mlp,gwo,1,145,2024-05-21 17:00:00,0,0,0.15318147838115692
mlp,gwo,1,146,2024-05-21 17:00:00,0,0,0.24470263719558716
mlp,gwo,1,147,2024-05-21 17:05:00,0,0,0.21127849817276
mlp,gwo,1,148,2024-05-21 17:05:00,0,0,0.24288269877433777
mlp,gwo,1,149,2024-05-21 17:10:00,0,0,0.24213862419128418
mlp,gwo,1,150,2024-05-21 17:10:00,0,0,0.2256416231393814
mlp,gwo,1,151,2024-05-21 17:15:00,0,0,0.2660682797431946
mlp,gwo,1,152,2024-05-21 17:15:00,0,0,0.25610116124153137
mlp,gwo,1,153,2024-05-21 17:20:00,0,0,0.4653652608394623
mlp,gwo,1,154,2024-05-21 17:20:00,0,0,0.44233438372612
mlp,gwo,1,155,2024-05-21 17:25:00,0,0,0.3954387307167053
mlp,gwo,1,156,2024-05-21 17:25:00,0,0,0.4373539388179779
mlp,gwo,1,157,2024-05-21 17:30:00,0,0,0.4098658561706543
mlp,gwo,1,158,2024-05-21 17:30:00,0,0,0.39835628867149353
mlp,gwo,1,159,2024-05-21 17:35:00,0,0,0.4864491820335388
mlp,gwo,1,160,2024-05-21 17:40:00,0,0,0.4604792594909668
mlp,gwo,1,161,2024-05-21 17:40:00,0,0,0.48731493949890137
mlp,gwo,1,162,2024-05-21 17:45:00,0,1,0.5079303979873657
mlp,gwo,1,163,2024-05-21 17:50:00,0,0,0.4117075204849243
mlp,gwo,1,164,2024-05-21 17:50:00,0,0,0.37118569016456604
mlp,gwo,1,165,2024-05-21 17:55:00,0,0,0.4046775996685028
mlp,gwo,1,166,2024-05-21 17:55:00,0,0,0.4092795252799988
mlp,gwo,1,167,2024-05-22 11:40:00,1,0,0.24208155274391174
mlp,gwo,1,168,2024-05-22 11:45:00,1,0,0.3881799578666687
mlp,gwo,1,169,2024-05-22 11:50:00,1,1,0.5823097229003906
mlp,gwo,1,170,2024-05-22 11:55:00,1,1,0.5813141465187073
mlp,gwo,1,171,2024-05-22 12:00:00,1,1,0.7009910345077515
mlp,gwo,1,172,2024-05-22 12:05:00,0,1,0.8345646262168884
mlp,gwo,1,173,2024-05-22 12:10:00,0,1,0.8241666555404663
mlp,gwo,1,174,2024-05-22 12:15:00,0,1,0.5528469085693359
mlp,gwo,1,175,2024-05-22 12:20:00,0,0,0.36671504378318787
mlp,gwo,1,176,2024-05-22 12:25:00,0,0,0.24009263515472412
mlp,gwo,1,177,2024-05-22 12:30:00,0,0,0.32034406065940857
mlp,gwo,1,178,2024-05-22 12:35:00,0,1,0.5504551529884338
mlp,gwo,1,179,2024-05-22 12:40:00,0,0,0.494271844625473
mlp,gwo,1,180,2024-05-22 12:45:00,0,0,0.3914962708950043
mlp,gwo,1,181,2024-05-22 12:50:00,0,0,0.4554644823074341
mlp,gwo,1,182,2024-05-22 12:55:00,0,1,0.6230500936508179
mlp,gwo,1,183,2024-05-22 13:00:00,0,1,0.7497142553329468
mlp,gwo,1,184,2024-05-22 13:05:00,0,1,0.6108651757240295
mlp,gwo,1,185,2024-05-22 13:10:00,0,1,0.5405809283256531
mlp,gwo,1,186,2024-05-22 13:15:00,0,0,0.4866155683994293
mlp,gwo,1,187,2024-05-22 13:20:00,0,0,0.38321056962013245
mlp,gwo,1,188,2024-05-22 13:25:00,0,0,0.39066365361213684
mlp,gwo,1,189,2024-05-22 13:30:00,0,0,0.4185738265514374
mlp,gwo,1,190,2024-05-22 13:35:00,0,0,0.3516232371330261
mlp,gwo,1,191,2024-05-22 13:40:00,0,0,0.2840115427970886
mlp,gwo,1,192,2024-05-22 13:45:00,0,0,0.26758667826652527
mlp,gwo,1,193,2024-05-22 13:50:00,0,0,0.4765655994415283
mlp,gwo,1,194,2024-05-22 13:55:00,0,0,0.27328023314476013
mlp,gwo,1,195,2024-05-22 14:00:00,0,0,0.26101574301719666
mlp,gwo,1,196,2024-05-22 14:05:00,0,0,0.38243207335472107
mlp,gwo,1,197,2024-05-22 14:10:00,0,0,0.3989005386829376
mlp,gwo,1,198,2024-05-22 14:15:00,0,0,0.47003480792045593
mlp,gwo,1,199,2024-05-22 14:20:00,0,0,0.40066465735435486
mlp,gwo,1,200,2024-05-22 14:25:00,0,0,0.3914332687854767
mlp,gwo,1,201,2024-05-22 14:30:00,0,0,0.32283154129981995
mlp,gwo,1,202,2024-05-22 14:35:00,0,0,0.30987340211868286
mlp,gwo,1,203,2024-05-22 14:40:00,0,0,0.3124586343765259
mlp,gwo,1,204,2024-05-22 14:45:00,0,0,0.463237464427948
mlp,gwo,1,205,2024-05-22 14:50:00,0,0,0.43383151292800903
mlp,gwo,1,206,2024-05-22 14:55:00,0,1,0.525576651096344
mlp,gwo,1,207,2024-05-22 15:00:00,0,0,0.3452528417110443
mlp,gwo,1,208,2024-05-22 15:05:00,0,0,0.32804083824157715
mlp,gwo,1,209,2024-05-22 15:10:00,0,0,0.3134610056877136
mlp,gwo,1,210,2024-05-22 15:15:00,0,0,0.28531721234321594
mlp,gwo,1,211,2024-05-22 15:20:00,0,0,0.29695582389831543
mlp,gwo,1,212,2024-05-22 15:25:00,0,0,0.19702889025211334
mlp,gwo,1,213,2024-05-22 15:30:00,0,0,0.21514436602592468
mlp,gwo,1,214,2024-05-22 15:35:00,0,0,0.22909463942050934
mlp,gwo,1,215,2024-05-22 15:40:00,0,0,0.3266415596008301
mlp,gwo,1,216,2024-05-22 15:45:00,0,1,0.5379925966262817
mlp,gwo,1,217,2024-05-22 15:50:00,0,1,0.5178343653678894
mlp,gwo,1,218,2024-05-22 15:55:00,0,1,0.5417894124984741
mlp,gwo,1,219,2024-05-22 16:00:00,0,1,0.5692965984344482
mlp,gwo,1,220,2024-05-22 16:05:00,0,1,0.5604878664016724
mlp,gwo,1,221,2024-05-22 16:10:00,0,0,0.4162168800830841
mlp,gwo,1,222,2024-05-22 16:15:00,0,0,0.26800134778022766
mlp,gwo,1,223,2024-05-22 16:20:00,0,0,0.18888430297374725
mlp,gwo,1,224,2024-05-22 16:25:00,0,0,0.3162197172641754
mlp,gwo,1,225,2024-05-22 16:30:00,0,0,0.4059350788593292
mlp,gwo,1,226,2024-05-22 16:35:00,0,0,0.3770778775215149
mlp,gwo,1,227,2024-05-22 16:40:00,0,0,0.34910157322883606
mlp,gwo,1,228,2024-05-22 16:45:00,0,0,0.3157598078250885
mlp,gwo,1,229,2024-05-22 16:50:00,0,0,0.39047473669052124
mlp,gwo,1,230,2024-05-22 16:55:00,0,1,0.5595517754554749
mlp,gwo,1,231,2024-05-22 17:00:00,0,1,0.5057867765426636
mlp,gwo,1,232,2024-05-22 17:05:00,0,0,0.3562311828136444
mlp,gwo,1,233,2024-05-22 17:10:00,0,0,0.29943105578422546
mlp,gwo,1,234,2024-05-22 17:15:00,0,0,0.24252915382385254
mlp,gwo,1,235,2024-05-22 17:20:00,0,1,0.511691689491272
mlp,gwo,1,236,2024-05-22 17:25:00,0,0,0.4699397683143616
mlp,gwo,1,237,2024-05-22 17:30:00,0,0,0.3405897915363312
mlp,gwo,1,238,2024-05-22 17:35:00,0,0,0.3808916211128235
mlp,gwo,1,239,2024-05-22 17:40:00,0,0,0.39749404788017273
mlp,gwo,1,240,2024-05-22 17:45:00,0,0,0.42070984840393066
mlp,gwo,1,241,2024-05-22 17:50:00,0,0,0.44640591740608215
mlp,gwo,1,242,2024-05-22 17:55:00,0,0,0.38435226678848267
mlp,gwo,1,243,2024-05-23 11:15:00,1,0,0.11512158811092377
mlp,gwo,1,244,2024-05-23 11:20:00,1,0,0.1749378740787506
mlp,gwo,1,245,2024-05-23 11:25:00,1,0,0.26250168681144714
mlp,gwo,1,246,2024-05-23 11:30:00,1,0,0.37777790427207947
mlp,gwo,1,247,2024-05-23 11:35:00,1,0,0.37988993525505066
mlp,gwo,1,248,2024-05-23 11:40:00,1,0,0.4051508903503418
mlp,gwo,1,249,2024-05-23 11:45:00,1,1,0.5379078388214111
mlp,gwo,1,250,2024-05-23 11:50:00,1,0,0.46907272934913635
mlp,gwo,1,251,2024-05-23 11:55:00,1,0,0.3686283826828003
mlp,gwo,1,252,2024-05-23 12:00:00,1,1,0.607180655002594
mlp,gwo,1,253,2024-05-23 12:05:00,1,1,0.6926472783088684
mlp,gwo,1,254,2024-05-23 12:10:00,1,1,0.6274271607398987
mlp,gwo,1,255,2024-05-23 12:15:00,1,0,0.4456949234008789
mlp,gwo,1,256,2024-05-23 12:20:00,1,1,0.5241321921348572
mlp,gwo,1,257,2024-05-23 12:25:00,1,1,0.7514492869377136
mlp,gwo,1,258,2024-05-23 12:30:00,1,1,0.6180969476699829
mlp,gwo,1,259,2024-05-23 12:35:00,1,1,0.6713363528251648
mlp,gwo,1,260,2024-05-23 12:40:00,1,1,0.6388716101646423
mlp,gwo,1,261,2024-05-23 12:45:00,1,0,0.48268046975135803
mlp,gwo,1,262,2024-05-23 12:50:00,1,1,0.5293377637863159
mlp,gwo,1,263,2024-05-23 12:55:00,1,1,0.6238052248954773
mlp,gwo,1,264,2024-05-23 13:00:00,1,1,0.63885498046875
mlp,gwo,1,265,2024-05-23 13:05:00,1,1,0.5099124312400818
mlp,gwo,1,266,2024-05-23 13:10:00,1,0,0.3408939242362976
mlp,gwo,1,267,2024-05-23 13:15:00,1,0,0.40624576807022095
mlp,gwo,1,268,2024-05-23 13:20:00,1,1,0.5352529883384705
mlp,gwo,1,269,2024-05-23 13:25:00,0,1,0.6445537805557251
mlp,gwo,1,270,2024-05-23 13:30:00,0,1,0.6447234749794006
mlp,gwo,1,271,2024-05-23 13:35:00,0,1,0.518197774887085
mlp,gwo,1,272,2024-05-23 13:40:00,0,0,0.4029619097709656
mlp,gwo,1,273,2024-05-23 13:45:00,0,0,0.319841593503952
mlp,gwo,1,274,2024-05-23 13:50:00,0,0,0.40125560760498047
mlp,gwo,1,275,2024-05-23 13:55:00,0,0,0.4056459069252014
mlp,gwo,1,276,2024-05-23 14:00:00,0,1,0.5074101090431213
mlp,gwo,1,277,2024-05-23 14:05:00,0,0,0.4989525079727173
mlp,gwo,1,278,2024-05-23 14:10:00,0,1,0.6535480618476868
mlp,gwo,1,279,2024-05-23 14:15:00,0,1,0.5212074518203735
mlp,gwo,1,280,2024-05-23 14:20:00,0,1,0.5516542196273804
mlp,gwo,1,281,2024-05-23 14:25:00,0,1,0.6694492101669312
mlp,gwo,1,282,2024-05-23 14:30:00,0,1,0.6869353652000427
mlp,gwo,1,283,2024-05-23 14:35:00,0,0,0.42903098464012146
mlp,gwo,1,284,2024-05-23 14:40:00,0,0,0.22712858021259308
mlp,gwo,1,285,2024-05-23 14:45:00,0,0,0.25824210047721863
mlp,gwo,1,286,2024-05-23 14:50:00,0,0,0.27951085567474365
mlp,gwo,1,287,2024-05-23 14:55:00,0,0,0.19384115934371948
mlp,gwo,1,288,2024-05-23 15:00:00,1,0,0.15646064281463623
mlp,gwo,1,289,2024-05-23 15:00:00,1,0,0.1543504148721695
mlp,gwo,1,290,2024-05-23 15:05:00,1,0,0.29846370220184326
mlp,gwo,1,291,2024-05-23 15:05:00,1,0,0.3195315897464752
mlp,gwo,1,292,2024-05-23 15:10:00,1,0,0.46715977787971497
mlp,gwo,1,293,2024-05-23 15:10:00,1,0,0.41322824358940125
mlp,gwo,1,294,2024-05-23 15:15:00,1,0,0.3907831013202667
mlp,gwo,1,295,2024-05-23 15:15:00,1,0,0.4023510813713074
mlp,gwo,1,296,2024-05-23 15:20:00,1,0,0.42002609372138977
mlp,gwo,1,297,2024-05-23 15:20:00,1,0,0.3897636830806732
mlp,gwo,1,298,2024-05-23 15:25:00,1,0,0.4946981370449066
mlp,gwo,1,299,2024-05-23 15:25:00,1,1,0.5043057799339294
mlp,gwo,1,300,2024-05-23 15:30:00,1,1,0.5270646810531616
mlp,gwo,1,301,2024-05-23 15:30:00,1,1,0.5478078126907349
mlp,gwo,1,302,2024-05-23 15:35:00,1,1,0.6593194007873535
mlp,gwo,1,303,2024-05-23 15:35:00,1,1,0.6342527866363525
mlp,gwo,1,304,2024-05-23 15:40:00,1,1,0.6098235249519348
mlp,gwo,1,305,2024-05-23 15:40:00,1,1,0.6108509302139282
mlp,gwo,1,306,2024-05-23 15:45:00,1,0,0.4992813766002655
mlp,gwo,1,307,2024-05-23 15:45:00,1,1,0.51957106590271
mlp,gwo,1,308,2024-05-23 15:50:00,1,0,0.483154296875
mlp,gwo,1,309,2024-05-23 15:50:00,1,0,0.4524714946746826
mlp,gwo,1,310,2024-05-23 15:55:00,1,0,0.4678775668144226
mlp,gwo,1,311,2024-05-23 15:55:00,1,0,0.4832426905632019
mlp,gwo,1,312,2024-05-23 16:00:00,1,1,0.5133432149887085
mlp,gwo,1,313,2024-05-23 16:00:00,1,1,0.5346391201019287
mlp,gwo,1,314,2024-05-23 16:05:00,1,1,0.5515299439430237
mlp,gwo,1,315,2024-05-23 16:05:00,1,1,0.5237922668457031
mlp,gwo,1,316,2024-05-23 16:10:00,1,1,0.5800621509552002
mlp,gwo,1,317,2024-05-23 16:10:00,1,1,0.5737375617027283
mlp,gwo,1,318,2024-05-23 16:15:00,1,1,0.6499300599098206
mlp,gwo,1,319,2024-05-23 16:15:00,1,1,0.6497226357460022
mlp,gwo,1,320,2024-05-23 16:20:00,1,1,0.7139968276023865
mlp,gwo,1,321,2024-05-23 16:20:00,1,1,0.6635596752166748
mlp,gwo,1,322,2024-05-23 16:25:00,1,1,0.630902886390686
mlp,gwo,1,323,2024-05-23 16:25:00,1,1,0.5893468260765076
mlp,gwo,1,324,2024-05-23 16:30:00,1,1,0.6539273262023926
mlp,gwo,1,325,2024-05-23 16:30:00,1,1,0.5622615814208984
mlp,gwo,1,326,2024-05-23 16:35:00,1,1,0.5032047629356384
mlp,gwo,1,327,2024-05-23 16:35:00,1,1,0.5128782987594604
mlp,gwo,1,328,2024-05-23 16:40:00,1,1,0.5713645815849304
mlp,gwo,1,329,2024-05-23 16:40:00,1,1,0.5759835243225098
mlp,gwo,1,330,2024-05-23 16:45:00,1,1,0.6688955426216125
mlp,gwo,1,331,2024-05-23 16:45:00,1,1,0.679901659488678
mlp,gwo,1,332,2024-05-23 16:50:00,1,0,0.49858126044273376
mlp,gwo,1,333,2024-05-23 16:50:00,1,1,0.5395150780677795
mlp,gwo,1,334,2024-05-23 16:55:00,1,1,0.54087233543396
mlp,gwo,1,335,2024-05-23 16:55:00,1,1,0.5524942874908447
mlp,gwo,1,336,2024-05-23 17:00:00,1,1,0.6166905164718628
mlp,gwo,1,337,2024-05-23 17:00:00,1,1,0.6384855508804321
mlp,gwo,1,338,2024-05-23 17:05:00,1,1,0.6465200781822205
mlp,gwo,1,339,2024-05-23 17:05:00,1,1,0.7381355166435242
mlp,gwo,1,340,2024-05-23 17:10:00,1,1,0.6755237579345703
mlp,gwo,1,341,2024-05-23 17:10:00,1,1,0.6716957688331604
mlp,gwo,1,342,2024-05-23 17:15:00,1,1,0.7085283994674683
mlp,gwo,1,343,2024-05-23 17:15:00,1,1,0.7045921683311462
mlp,gwo,1,344,2024-05-23 17:20:00,1,1,0.6683594584465027
mlp,gwo,1,345,2024-05-23 17:20:00,1,1,0.6565000414848328
mlp,gwo,1,346,2024-05-23 17:25:00,1,1,0.7280194163322449
mlp,gwo,1,347,2024-05-23 17:25:00,1,1,0.7113971710205078
mlp,gwo,1,348,2024-05-23 17:30:00,1,1,0.6766924262046814
mlp,gwo,1,349,2024-05-23 17:30:00,1,1,0.6270627975463867
mlp,gwo,1,350,2024-05-23 17:35:00,1,1,0.6893509030342102
mlp,gwo,1,351,2024-05-23 17:35:00,1,1,0.6141455769538879
mlp,gwo,1,352,2024-05-23 17:40:00,1,1,0.5338842868804932
mlp,gwo,1,353,2024-05-23 17:40:00,1,1,0.5463313460350037
mlp,gwo,1,354,2024-05-23 17:45:00,1,0,0.4444960653781891
mlp,gwo,1,355,2024-05-23 17:45:00,1,0,0.46816831827163696
mlp,gwo,1,356,2024-05-23 17:50:00,1,0,0.41707468032836914
mlp,gwo,1,357,2024-05-23 17:50:00,1,0,0.4110123813152313
mlp,gwo,1,358,2024-05-23 17:55:00,1,0,0.3808400630950928
mlp,gwo,1,359,2024-05-23 17:55:00,1,0,0.3647594749927521
mlp,gwo,1,360,2024-05-24 10:40:00,0,1,0.7573509216308594
mlp,gwo,1,361,2024-05-24 10:40:00,0,1,0.7459362149238586
mlp,gwo,1,362,2024-05-24 10:45:00,0,1,0.7428856492042542
mlp,gwo,1,363,2024-05-24 10:45:00,0,1,0.743038535118103
mlp,gwo,1,364,2024-05-24 10:50:00,0,0,0.39453503489494324
mlp,gwo,1,365,2024-05-24 10:50:00,0,0,0.4033227264881134
mlp,gwo,1,366,2024-05-24 10:55:00,0,0,0.379467248916626
mlp,gwo,1,367,2024-05-24 10:55:00,0,0,0.39058783650398254
mlp,gwo,1,368,2024-05-24 11:00:00,0,0,0.3194408118724823
mlp,gwo,1,369,2024-05-24 11:00:00,0,0,0.3504611849784851
mlp,gwo,1,370,2024-05-24 11:05:00,0,1,0.5409609079360962
mlp,gwo,1,371,2024-05-24 11:05:00,0,1,0.5422225594520569
mlp,gwo,1,372,2024-05-24 11:10:00,0,1,0.7165517210960388
mlp,gwo,1,373,2024-05-24 11:10:00,0,1,0.6698763370513916
mlp,gwo,1,374,2024-05-24 11:15:00,0,1,0.713817298412323
mlp,gwo,1,375,2024-05-24 11:15:00,0,1,0.6107781529426575
mlp,gwo,1,376,2024-05-24 11:20:00,0,1,0.5760517120361328
mlp,gwo,1,377,2024-05-24 11:20:00,1,1,0.6671209931373596
mlp,gwo,1,378,2024-05-24 11:25:00,0,1,0.6776056885719299
mlp,gwo,1,379,2024-05-24 11:25:00,0,1,0.7379353046417236
mlp,gwo,1,380,2024-05-24 11:30:00,0,1,0.668648362159729
mlp,gwo,1,381,2024-05-24 11:30:00,0,1,0.6349201202392578
mlp,gwo,1,382,2024-05-24 11:35:00,0,0,0.4081052243709564
mlp,gwo,1,383,2024-05-24 11:35:00,0,0,0.407819926738739
mlp,gwo,1,384,2024-05-24 11:40:00,0,0,0.3004463016986847
mlp,gwo,1,385,2024-05-24 11:40:00,0,0,0.27744340896606445
mlp,gwo,1,386,2024-05-24 11:45:00,0,0,0.3693554699420929
mlp,gwo,1,387,2024-05-24 11:45:00,1,0,0.37440618872642517
mlp,gwo,1,388,2024-05-24 11:50:00,0,1,0.6356123089790344
mlp,gwo,1,389,2024-05-24 11:50:00,0,1,0.5995727777481079
mlp,gwo,1,390,2024-05-24 11:55:00,0,1,0.5174338221549988
mlp,gwo,1,391,2024-05-24 11:55:00,0,1,0.5228342413902283
mlp,gwo,1,392,2024-05-24 12:00:00,0,0,0.4530380368232727
mlp,gwo,1,393,2024-05-24 12:00:00,0,0,0.3937990367412567
mlp,gwo,1,394,2024-05-24 12:05:00,0,0,0.4868985712528229
mlp,gwo,1,395,2024-05-24 12:05:00,0,0,0.453958123922348
mlp,gwo,1,396,2024-05-24 12:10:00,0,0,0.4153381586074829
mlp,gwo,1,397,2024-05-24 12:10:00,0,0,0.382436603307724
mlp,gwo,1,398,2024-05-24 12:15:00,0,0,0.43758144974708557
mlp,gwo,1,399,2024-05-24 12:15:00,0,0,0.37967604398727417
mlp,gwo,1,400,2024-05-24 12:20:00,0,0,0.4350009560585022
mlp,gwo,1,401,2024-05-24 12:20:00,0,0,0.38775578141212463
mlp,gwo,1,402,2024-05-24 12:25:00,0,0,0.4029327630996704
mlp,gwo,1,403,2024-05-24 12:25:00,0,0,0.3249455988407135
mlp,gwo,1,404,2024-05-24 12:30:00,0,0,0.43260547518730164
mlp,gwo,1,405,2024-05-24 12:30:00,0,0,0.46444788575172424
mlp,gwo,1,406,2024-05-24 12:35:00,0,0,0.33651071786880493
mlp,gwo,1,407,2024-05-24 12:35:00,0,0,0.31054601073265076
mlp,gwo,1,408,2024-05-24 12:40:00,0,0,0.251096248626709
mlp,gwo,1,409,2024-05-24 12:40:00,0,0,0.28702396154403687
mlp,gwo,1,410,2024-05-24 12:45:00,0,0,0.27672895789146423
mlp,gwo,1,411,2024-05-24 12:45:00,0,0,0.24366317689418793
mlp,gwo,1,412,2024-05-24 12:50:00,0,0,0.26865026354789734
mlp,gwo,1,413,2024-05-24 12:50:00,0,0,0.3011647164821625
mlp,gwo,1,414,2024-05-24 12:55:00,0,0,0.3761448562145233
mlp,gwo,1,415,2024-05-24 12:55:00,0,0,0.3477902114391327
mlp,gwo,1,416,2024-05-24 13:00:00,0,0,0.3914138674736023
mlp,gwo,1,417,2024-05-24 13:00:00,0,0,0.38105010986328125
mlp,gwo,1,418,2024-05-24 13:05:00,0,0,0.48054957389831543
mlp,gwo,1,419,2024-05-24 13:05:00,0,0,0.4470207989215851
mlp,gwo,1,420,2024-05-24 13:10:00,0,1,0.621703028678894
mlp,gwo,1,421,2024-05-24 13:10:00,0,1,0.6310117244720459
mlp,gwo,1,422,2024-05-24 13:15:00,0,1,0.7175895571708679
mlp,gwo,1,423,2024-05-24 13:15:00,0,1,0.6734194755554199
mlp,gwo,1,424,2024-05-24 13:20:00,0,1,0.8556601405143738
mlp,gwo,1,425,2024-05-24 13:20:00,0,1,0.7296141386032104
mlp,gwo,1,426,2024-05-24 13:25:00,0,1,0.6510305404663086
mlp,gwo,1,427,2024-05-24 13:25:00,0,1,0.749416708946228
mlp,gwo,1,428,2024-05-24 13:30:00,0,1,0.5069901943206787
mlp,gwo,1,429,2024-05-24 13:30:00,0,1,0.542048990726471
mlp,gwo,1,430,2024-05-24 13:35:00,0,0,0.4975743591785431
mlp,gwo,1,431,2024-05-24 13:35:00,0,1,0.5307343602180481
mlp,gwo,1,432,2024-05-24 13:40:00,0,0,0.452091783285141
mlp,gwo,1,433,2024-05-24 13:40:00,0,0,0.4867689311504364
mlp,gwo,1,434,2024-05-24 13:45:00,0,0,0.3778561055660248
mlp,gwo,1,435,2024-05-24 13:45:00,0,0,0.4207726716995239
mlp,gwo,1,436,2024-05-24 13:50:00,0,0,0.3466333746910095
mlp,gwo,1,437,2024-05-24 13:50:00,0,0,0.3470838665962219
mlp,gwo,1,438,2024-05-24 13:55:00,0,0,0.27352190017700195
mlp,gwo,1,439,2024-05-24 13:55:00,0,0,0.2461218386888504
mlp,gwo,1,440,2024-05-24 14:00:00,0,0,0.20404770970344543
mlp,gwo,1,441,2024-05-24 14:00:00,0,0,0.26111602783203125
mlp,gwo,1,442,2024-05-24 14:05:00,0,0,0.2415791004896164
mlp,gwo,1,443,2024-05-24 14:05:00,0,0,0.30153268575668335
mlp,gwo,1,444,2024-05-24 14:10:00,0,0,0.3895054757595062
mlp,gwo,1,445,2024-05-24 14:10:00,0,0,0.4511137008666992
mlp,gwo,1,446,2024-05-24 14:15:00,0,0,0.40001165866851807
mlp,gwo,1,447,2024-05-24 14:15:00,0,0,0.39593955874443054
mlp,gwo,1,448,2024-05-24 14:20:00,0,0,0.3375566899776459
mlp,gwo,1,449,2024-05-24 14:20:00,1,0,0.30718597769737244
mlp,gwo,1,450,2024-05-24 14:25:00,0,0,0.3702804744243622
mlp,gwo,1,451,2024-05-24 14:25:00,1,0,0.3179827034473419
mlp,gwo,1,452,2024-05-24 14:30:00,0,0,0.4090992510318756
mlp,gwo,1,453,2024-05-24 14:30:00,1,0,0.36670082807540894
mlp,gwo,1,454,2024-05-24 14:35:00,1,1,0.5519422292709351
mlp,gwo,1,455,2024-05-24 14:35:00,0,1,0.5556973814964294
mlp,gwo,1,456,2024-05-24 14:40:00,0,1,0.583820641040802
mlp,gwo,1,457,2024-05-24 14:40:00,1,1,0.5961668491363525
mlp,gwo,1,458,2024-05-24 14:45:00,0,1,0.5912232398986816
mlp,gwo,1,459,2024-05-24 14:45:00,1,1,0.6885209679603577
mlp,gwo,1,460,2024-05-24 14:50:00,0,1,0.6010175347328186
mlp,gwo,1,461,2024-05-24 14:50:00,1,1,0.6184309720993042
mlp,gwo,1,462,2024-05-24 14:55:00,0,1,0.6097064018249512
mlp,gwo,1,463,2024-05-24 14:55:00,1,1,0.6661006808280945
mlp,gwo,1,464,2024-05-24 15:00:00,0,1,0.6300422549247742
mlp,gwo,1,465,2024-05-24 15:00:00,0,1,0.5598451495170593
mlp,gwo,1,466,2024-05-24 15:05:00,0,0,0.3559688329696655
mlp,gwo,1,467,2024-05-24 15:05:00,0,0,0.3593905568122864
mlp,gwo,1,468,2024-05-24 15:10:00,0,0,0.2775394320487976
mlp,gwo,1,469,2024-05-24 15:10:00,0,0,0.3067880868911743
mlp,gwo,1,470,2024-05-24 15:15:00,0,0,0.24945218861103058
mlp,gwo,1,471,2024-05-24 15:15:00,0,0,0.28550219535827637
mlp,gwo,1,472,2024-05-24 15:20:00,0,0,0.21434751152992249
mlp,gwo,1,473,2024-05-24 15:20:00,0,0,0.23700152337551117
mlp,gwo,1,474,2024-05-24 15:25:00,0,0,0.11351809650659561
mlp,gwo,1,475,2024-05-24 15:25:00,0,0,0.18531957268714905
mlp,gwo,1,476,2024-05-24 15:30:00,0,0,0.1647445112466812
mlp,gwo,1,477,2024-05-24 15:30:00,0,0,0.2287834733724594
mlp,gwo,1,478,2024-05-24 15:35:00,0,0,0.1948312371969223
mlp,gwo,1,479,2024-05-24 15:35:00,0,0,0.185845285654068
mlp,gwo,1,480,2024-05-24 15:40:00,0,0,0.12867280840873718
mlp,gwo,1,481,2024-05-24 15:40:00,0,0,0.12912733852863312
mlp,gwo,1,482,2024-05-24 15:45:00,0,0,0.225458562374115
mlp,gwo,1,483,2024-05-24 15:45:00,0,0,0.24023160338401794
mlp,gwo,1,484,2024-05-24 15:50:00,0,0,0.3817940652370453
mlp,gwo,1,485,2024-05-24 15:50:00,0,0,0.2850242257118225
mlp,gwo,1,486,2024-05-24 15:55:00,0,0,0.33743366599082947
mlp,gwo,1,487,2024-05-24 15:55:00,0,0,0.3546290397644043
mlp,gwo,1,488,2024-05-24 16:00:00,0,0,0.3304445445537567
mlp,gwo,1,489,2024-05-24 16:00:00,1,0,0.28759101033210754
mlp,gwo,1,490,2024-05-24 16:05:00,1,0,0.20944532752037048
mlp,gwo,1,491,2024-05-24 16:05:00,0,0,0.2880830764770508
mlp,gwo,1,492,2024-05-24 16:10:00,0,0,0.4059440493583679
mlp,gwo,1,493,2024-05-24 16:10:00,1,0,0.3580290973186493
mlp,gwo,1,494,2024-05-24 16:15:00,1,0,0.45838767290115356
mlp,gwo,1,495,2024-05-24 16:15:00,0,0,0.4706275761127472
mlp,gwo,1,496,2024-05-24 16:20:00,0,0,0.499321311712265
mlp,gwo,1,497,2024-05-24 16:20:00,1,0,0.43641743063926697
mlp,gwo,1,498,2024-05-24 16:25:00,0,1,0.5991705060005188
mlp,gwo,1,499,2024-05-24 16:25:00,1,1,0.5978001356124878
mlp,gwo,1,500,2024-05-24 16:30:00,0,1,0.6463114619255066
mlp,gwo,1,501,2024-05-24 16:30:00,1,1,0.7149001359939575
mlp,gwo,1,502,2024-05-24 16:35:00,1,1,0.7295938730239868
mlp,gwo,1,503,2024-05-24 16:35:00,0,1,0.7038123607635498
mlp,gwo,1,504,2024-05-24 16:40:00,1,1,0.6382408142089844
mlp,gwo,1,505,2024-05-24 16:40:00,0,1,0.6442869901657104
mlp,gwo,1,506,2024-05-24 16:45:00,1,1,0.5893434286117554
mlp,gwo,1,507,2024-05-24 16:45:00,0,1,0.5754052996635437
mlp,gwo,1,508,2024-05-24 16:50:00,0,1,0.5473038554191589
mlp,gwo,1,509,2024-05-24 16:50:00,1,1,0.7152851223945618
mlp,gwo,1,510,2024-05-24 16:55:00,0,0,0.37975990772247314
mlp,gwo,1,511,2024-05-24 16:55:00,1,0,0.3892923593521118
mlp,gwo,1,512,2024-05-24 17:00:00,0,0,0.3355120122432709
mlp,gwo,1,513,2024-05-24 17:00:00,1,0,0.32152748107910156
mlp,gwo,1,514,2024-05-24 17:05:00,1,0,0.2814183235168457
mlp,gwo,1,515,2024-05-24 17:05:00,0,0,0.32078930735588074
mlp,gwo,1,516,2024-05-24 17:10:00,1,0,0.280259907245636
mlp,gwo,1,517,2024-05-24 17:10:00,0,0,0.30826130509376526
mlp,gwo,1,518,2024-05-24 17:15:00,1,0,0.20997658371925354
mlp,gwo,1,519,2024-05-24 17:15:00,0,0,0.3040914237499237
mlp,gwo,1,520,2024-05-24 17:20:00,0,0,0.3940303325653076
mlp,gwo,1,521,2024-05-24 17:20:00,1,0,0.35472920536994934
mlp,gwo,1,522,2024-05-24 17:25:00,1,0,0.4232119619846344
mlp,gwo,1,523,2024-05-24 17:25:00,0,0,0.45274969935417175
mlp,gwo,1,524,2024-05-24 17:30:00,0,1,0.5488343238830566
mlp,gwo,1,525,2024-05-24 17:30:00,1,1,0.5345631241798401
mlp,gwo,1,526,2024-05-24 17:35:00,0,1,0.539215624332428
mlp,gwo,1,527,2024-05-24 17:35:00,1,1,0.6571184992790222
mlp,gwo,1,528,2024-05-24 17:40:00,0,1,0.5082906484603882
mlp,gwo,1,529,2024-05-24 17:40:00,1,1,0.525029182434082
mlp,gwo,1,530,2024-05-24 17:45:00,0,0,0.49773213267326355
mlp,gwo,1,531,2024-05-24 17:45:00,1,0,0.49569156765937805
mlp,gwo,1,532,2024-05-24 17:50:00,1,0,0.4290844202041626
mlp,gwo,1,533,2024-05-24 17:50:00,0,1,0.5037819147109985
mlp,gwo,1,534,2024-05-24 17:55:00,0,0,0.3510350286960602
mlp,gwo,1,535,2024-05-24 17:55:00,0,0,0.33133742213249207
mlp,gwo,1,536,2024-05-27 10:40:00,0,0,0.29408901929855347
mlp,gwo,1,537,2024-05-27 10:45:00,0,1,0.642941951751709
mlp,gwo,1,538,2024-05-27 10:50:00,0,0,0.4369843304157257
mlp,gwo,1,539,2024-05-27 10:55:00,0,0,0.30595487356185913
mlp,gwo,1,540,2024-05-27 11:00:00,0,0,0.41823452711105347
mlp,gwo,1,541,2024-05-27 11:05:00,0,0,0.27349916100502014
mlp,gwo,1,542,2024-05-27 11:10:00,0,0,0.2522725760936737
mlp,gwo,1,543,2024-05-27 11:15:00,0,0,0.2588081657886505
mlp,gwo,1,544,2024-05-27 11:20:00,0,0,0.48891398310661316
mlp,gwo,1,545,2024-05-27 11:25:00,0,0,0.4250728189945221
mlp,gwo,1,546,2024-05-27 11:30:00,1,0,0.3139435648918152
mlp,gwo,1,547,2024-05-27 11:30:00,1,0,0.3449334502220154
mlp,gwo,1,548,2024-05-27 11:35:00,1,0,0.3212067782878876
mlp,gwo,1,549,2024-05-27 11:35:00,1,0,0.3234018385410309
mlp,gwo,1,550,2024-05-27 11:40:00,1,1,0.5414857864379883
mlp,gwo,1,551,2024-05-27 11:40:00,1,1,0.5284485220909119
mlp,gwo,1,552,2024-05-27 11:45:00,1,1,0.5426872968673706
mlp,gwo,1,553,2024-05-27 11:45:00,1,1,0.5668513774871826
mlp,gwo,1,554,2024-05-27 11:50:00,1,1,0.5482496619224548
mlp,gwo,1,555,2024-05-27 11:50:00,1,1,0.5365670323371887
mlp,gwo,1,556,2024-05-27 11:55:00,1,1,0.6104286313056946
mlp,gwo,1,557,2024-05-27 11:55:00,1,1,0.5937539339065552
mlp,gwo,1,558,2024-05-27 12:00:00,1,1,0.5452098846435547
mlp,gwo,1,559,2024-05-27 12:00:00,1,1,0.5612746477127075
mlp,gwo,1,560,2024-05-27 12:05:00,1,1,0.6713287234306335
mlp,gwo,1,561,2024-05-27 12:05:00,1,1,0.6350366473197937
mlp,gwo,1,562,2024-05-27 12:10:00,1,1,0.7149671316146851
mlp,gwo,1,563,2024-05-27 12:10:00,1,1,0.6892267465591431
mlp,gwo,1,564,2024-05-27 12:15:00,1,1,0.7136356234550476
mlp,gwo,1,565,2024-05-27 12:15:00,1,1,0.6493698954582214
mlp,gwo,1,566,2024-05-27 12:20:00,1,1,0.7126087546348572
mlp,gwo,1,567,2024-05-27 12:20:00,1,1,0.6585479378700256
mlp,gwo,1,568,2024-05-27 12:25:00,1,1,0.6285759210586548
mlp,gwo,1,569,2024-05-27 12:30:00,1,1,0.7489024996757507
mlp,gwo,1,570,2024-05-27 12:30:00,1,1,0.6477435827255249
mlp,gwo,1,571,2024-05-27 12:35:00,1,1,0.6112179756164551
mlp,gwo,1,572,2024-05-27 12:35:00,1,1,0.6037986278533936
mlp,gwo,1,573,2024-05-27 12:40:00,1,1,0.6340572834014893
mlp,gwo,1,574,2024-05-27 12:40:00,1,1,0.6501830816268921
mlp,gwo,1,575,2024-05-27 12:45:00,1,1,0.5427205562591553
mlp,gwo,1,576,2024-05-27 12:45:00,1,1,0.5312903523445129
mlp,gwo,1,577,2024-05-27 12:50:00,1,0,0.47096288204193115
mlp,gwo,1,578,2024-05-27 12:50:00,1,0,0.39327800273895264
mlp,gwo,1,579,2024-05-27 12:55:00,1,1,0.5301082730293274
mlp,gwo,1,580,2024-05-27 12:55:00,1,1,0.5367406606674194
mlp,gwo,1,581,2024-05-27 13:00:00,1,1,0.5050347447395325
mlp,gwo,1,582,2024-05-27 13:05:00,1,0,0.4178854823112488
mlp,gwo,1,583,2024-05-27 13:05:00,1,0,0.41988933086395264
mlp,gwo,1,584,2024-05-27 13:10:00,1,0,0.4440922141075134
mlp,gwo,1,585,2024-05-27 13:10:00,1,0,0.4525599479675293
mlp,gwo,1,586,2024-05-27 13:15:00,1,1,0.5566329956054688
mlp,gwo,1,587,2024-05-27 13:15:00,1,1,0.5538411140441895
mlp,gwo,1,588,2024-05-27 13:20:00,1,1,0.5261901617050171
mlp,gwo,1,589,2024-05-27 13:20:00,1,1,0.5158563256263733
mlp,gwo,1,590,2024-05-27 13:25:00,1,1,0.5665244460105896
mlp,gwo,1,591,2024-05-27 13:25:00,1,1,0.5714083909988403
mlp,gwo,1,592,2024-05-27 13:30:00,1,1,0.5659127831459045
mlp,gwo,1,593,2024-05-27 13:35:00,1,1,0.5613437294960022
mlp,gwo,1,594,2024-05-27 13:40:00,1,1,0.6625980734825134
mlp,gwo,1,595,2024-05-27 13:40:00,1,1,0.621987521648407
mlp,gwo,1,596,2024-05-27 13:45:00,1,1,0.690875768661499
mlp,gwo,1,597,2024-05-27 13:45:00,1,1,0.6420382261276245
mlp,gwo,1,598,2024-05-27 13:50:00,1,1,0.5571544170379639
mlp,gwo,1,599,2024-05-27 13:50:00,1,1,0.5638603568077087
mlp,gwo,1,600,2024-05-27 13:55:00,1,1,0.5303342938423157
mlp,gwo,1,601,2024-05-27 13:55:00,1,1,0.5676045417785645
mlp,gwo,1,602,2024-05-27 14:00:00,1,1,0.6238406300544739
mlp,gwo,1,603,2024-05-27 14:00:00,1,1,0.6297224164009094
mlp,gwo,1,604,2024-05-27 14:05:00,1,1,0.7381876111030579
mlp,gwo,1,605,2024-05-27 14:05:00,0,1,0.704390287399292
mlp,gwo,1,606,2024-05-27 14:10:00,0,1,0.6267848014831543
mlp,gwo,1,607,2024-05-27 14:10:00,0,1,0.7370595335960388
mlp,gwo,1,608,2024-05-27 14:15:00,0,0,0.4573235511779785
mlp,gwo,1,609,2024-05-27 14:15:00,0,0,0.4842700958251953
mlp,gwo,1,610,2024-05-27 14:20:00,0,0,0.3379276692867279
mlp,gwo,1,611,2024-05-27 14:20:00,0,0,0.3447589874267578
mlp,gwo,1,612,2024-05-27 14:25:00,0,0,0.2545419931411743
mlp,gwo,1,613,2024-05-27 14:25:00,0,0,0.287577360868454
mlp,gwo,1,614,2024-05-27 14:30:00,0,0,0.24207602441310883
mlp,gwo,1,615,2024-05-27 14:30:00,1,0,0.2738577127456665
mlp,gwo,1,616,2024-05-27 14:35:00,0,0,0.16799059510231018
mlp,gwo,1,617,2024-05-27 14:35:00,1,0,0.25649943947792053
mlp,gwo,1,618,2024-05-27 14:40:00,1,0,0.37088313698768616
mlp,gwo,1,619,2024-05-27 14:40:00,0,0,0.2616511881351471
mlp,gwo,1,620,2024-05-27 14:45:00,0,1,0.5238323211669922
mlp,gwo,1,621,2024-05-27 14:45:00,1,1,0.5220931172370911
mlp,gwo,1,622,2024-05-27 14:50:00,0,0,0.4844212234020233
mlp,gwo,1,623,2024-05-27 14:50:00,1,0,0.46384936571121216
mlp,gwo,1,624,2024-05-27 14:55:00,0,0,0.4724886119365692
mlp,gwo,1,625,2024-05-27 14:55:00,1,0,0.45981720089912415
mlp,gwo,1,626,2024-05-27 15:00:00,1,1,0.5159599781036377
mlp,gwo,1,627,2024-05-27 15:00:00,0,1,0.5444507002830505
mlp,gwo,1,628,2024-05-27 15:05:00,0,1,0.5288730263710022
mlp,gwo,1,629,2024-05-27 15:05:00,1,0,0.49116310477256775
mlp,gwo,1,630,2024-05-27 15:10:00,1,0,0.4382759928703308
mlp,gwo,1,631,2024-05-27 15:10:00,1,0,0.47661781311035156
mlp,gwo,1,632,2024-05-27 15:15:00,1,1,0.5147172212600708
mlp,gwo,1,633,2024-05-27 15:15:00,1,1,0.5124252438545227
mlp,gwo,1,634,2024-05-27 15:20:00,1,1,0.6177734136581421
mlp,gwo,1,635,2024-05-27 15:20:00,1,1,0.6219794750213623
mlp,gwo,1,636,2024-05-27 15:25:00,1,1,0.6910830736160278
mlp,gwo,1,637,2024-05-27 15:25:00,1,1,0.840939998626709
mlp,gwo,1,638,2024-05-27 15:30:00,1,1,0.6131330728530884
mlp,gwo,1,639,2024-05-27 15:30:00,1,1,0.6925098896026611
mlp,gwo,1,640,2024-05-27 15:35:00,1,1,0.5469573736190796
mlp,gwo,1,641,2024-05-27 15:35:00,1,1,0.5720745325088501
mlp,gwo,1,642,2024-05-27 15:40:00,1,0,0.4855320453643799
mlp,gwo,1,643,2024-05-27 15:40:00,1,0,0.4387824237346649
mlp,gwo,1,644,2024-05-27 15:45:00,1,0,0.4142095446586609
mlp,gwo,1,645,2024-05-27 15:45:00,1,0,0.3764411509037018
mlp,gwo,1,646,2024-05-27 15:50:00,1,0,0.41138073801994324
mlp,gwo,1,647,2024-05-27 15:50:00,1,0,0.299221932888031
mlp,gwo,1,648,2024-05-27 15:55:00,1,0,0.4436824321746826
mlp,gwo,1,649,2024-05-27 15:55:00,1,0,0.37736064195632935
mlp,gwo,1,650,2024-05-27 16:00:00,1,1,0.63023442029953
mlp,gwo,1,651,2024-05-27 16:00:00,1,1,0.670472264289856
mlp,gwo,1,652,2024-05-27 16:05:00,1,1,0.7224643230438232
mlp,gwo,1,653,2024-05-27 16:05:00,1,1,0.7474076747894287
mlp,gwo,1,654,2024-05-27 16:10:00,1,1,0.6725883483886719
mlp,gwo,1,655,2024-05-27 16:10:00,1,1,0.7143895626068115
mlp,gwo,1,656,2024-05-27 16:15:00,1,1,0.7147324681282043
mlp,gwo,1,657,2024-05-27 16:15:00,1,1,0.6368507146835327
mlp,gwo,1,658,2024-05-27 16:20:00,1,1,0.6297996640205383
mlp,gwo,1,659,2024-05-27 16:20:00,0,1,0.7356517314910889
mlp,gwo,1,660,2024-05-27 16:25:00,1,1,0.5670223236083984
mlp,gwo,1,661,2024-05-27 16:25:00,0,1,0.5968484282493591
mlp,gwo,1,662,2024-05-27 16:30:00,0,1,0.5374864935874939
mlp,gwo,1,663,2024-05-27 16:30:00,1,1,0.562462329864502
mlp,gwo,1,664,2024-05-27 16:35:00,0,1,0.5564202070236206
mlp,gwo,1,665,2024-05-27 16:35:00,1,1,0.566891074180603
mlp,gwo,1,666,2024-05-27 16:40:00,0,0,0.4699428081512451
mlp,gwo,1,667,2024-05-27 16:40:00,1,0,0.49419429898262024
mlp,gwo,1,668,2024-05-27 16:45:00,1,0,0.495588481426239
mlp,gwo,1,669,2024-05-27 16:45:00,0,1,0.5579724907875061
mlp,gwo,1,670,2024-05-27 16:50:00,1,1,0.5552228689193726
mlp,gwo,1,671,2024-05-27 16:50:00,0,1,0.6079682111740112
mlp,gwo,1,672,2024-05-27 16:55:00,0,1,0.5618581771850586
mlp,gwo,1,673,2024-05-27 16:55:00,1,1,0.5622852444648743
mlp,gwo,1,674,2024-05-27 17:00:00,0,1,0.6020936965942383
mlp,gwo,1,675,2024-05-27 17:00:00,1,1,0.5560111999511719
mlp,gwo,1,676,2024-05-27 17:05:00,0,0,0.45304590463638306
mlp,gwo,1,677,2024-05-27 17:05:00,1,0,0.4787566363811493
mlp,gwo,1,678,2024-05-27 17:10:00,1,0,0.41591179370880127
mlp,gwo,1,679,2024-05-27 17:10:00,0,0,0.32688719034194946
mlp,gwo,1,680,2024-05-27 17:15:00,1,0,0.47806137800216675
mlp,gwo,1,681,2024-05-27 17:15:00,1,0,0.42766979336738586
mlp,gwo,1,682,2024-05-27 17:20:00,1,0,0.4688810408115387
mlp,gwo,1,683,2024-05-27 17:20:00,1,0,0.48663002252578735
mlp,gwo,1,684,2024-05-27 17:25:00,1,1,0.5198853611946106
mlp,gwo,1,685,2024-05-27 17:25:00,1,0,0.4785078465938568
mlp,gwo,1,686,2024-05-27 17:30:00,1,1,0.55250483751297
mlp,gwo,1,687,2024-05-27 17:30:00,1,1,0.5871189832687378
mlp,gwo,1,688,2024-05-27 17:35:00,1,1,0.5310875773429871
mlp,gwo,1,689,2024-05-27 17:35:00,1,1,0.5603249073028564
mlp,gwo,1,690,2024-05-27 17:40:00,1,1,0.5973474979400635
mlp,gwo,1,691,2024-05-27 17:40:00,1,1,0.7060127854347229
mlp,gwo,1,692,2024-05-27 17:45:00,1,1,0.5950543880462646
mlp,gwo,1,693,2024-05-27 17:45:00,1,1,0.5941791534423828
mlp,gwo,1,694,2024-05-27 17:50:00,1,1,0.5785610675811768
mlp,gwo,1,695,2024-05-27 17:50:00,1,1,0.5723782181739807
mlp,gwo,1,696,2024-05-27 17:55:00,1,0,0.47949665784835815
mlp,gwo,1,697,2024-05-27 17:55:00,0,0,0.4640473425388336
mlp,gwo,1,698,2024-05-28 10:40:00,0,0,0.10489314049482346
mlp,gwo,1,699,2024-05-28 10:45:00,0,0,0.13561572134494781
mlp,gwo,1,700,2024-05-28 10:50:00,0,0,0.16759295761585236
mlp,gwo,1,701,2024-05-28 10:55:00,0,0,0.18621957302093506
mlp,gwo,1,702,2024-05-28 11:00:00,0,0,0.21606388688087463
mlp,gwo,1,703,2024-05-28 11:05:00,0,0,0.4073804020881653
mlp,gwo,1,704,2024-05-28 11:10:00,0,0,0.3433612585067749
mlp,gwo,1,705,2024-05-28 11:15:00,0,0,0.3344944417476654
mlp,gwo,1,706,2024-05-28 11:20:00,0,0,0.4526645839214325
mlp,gwo,1,707,2024-05-28 11:25:00,0,0,0.393054723739624
mlp,gwo,1,708,2024-05-28 11:30:00,0,0,0.3065618872642517
mlp,gwo,1,709,2024-05-28 11:35:00,1,0,0.2490539699792862
mlp,gwo,1,710,2024-05-28 11:40:00,1,0,0.41540974378585815
mlp,gwo,1,711,2024-05-28 11:45:00,1,1,0.5829992294311523
mlp,gwo,1,712,2024-05-28 11:50:00,1,1,0.5965245962142944
mlp,gwo,1,713,2024-05-28 11:55:00,1,0,0.44823169708251953
mlp,gwo,1,714,2024-05-28 12:00:00,1,0,0.3806174099445343
mlp,gwo,1,715,2024-05-28 12:05:00,1,0,0.3727133870124817
mlp,gwo,1,716,2024-05-28 12:10:00,1,1,0.5269790291786194
mlp,gwo,1,717,2024-05-28 12:15:00,1,1,0.5534240007400513
mlp,gwo,1,718,2024-05-28 12:20:00,1,1,0.7210441827774048
mlp,gwo,1,719,2024-05-28 12:25:00,1,1,0.7104840278625488
mlp,gwo,1,720,2024-05-28 12:30:00,1,1,0.6459581851959229
mlp,gwo,1,721,2024-05-28 12:35:00,1,1,0.6269062757492065
mlp,gwo,1,722,2024-05-28 12:40:00,1,1,0.5807251930236816
mlp,gwo,1,723,2024-05-28 12:45:00,1,1,0.6116937398910522
mlp,gwo,1,724,2024-05-28 12:50:00,1,1,0.6268311738967896
mlp,gwo,1,725,2024-05-28 12:55:00,1,1,0.6483220458030701
mlp,gwo,1,726,2024-05-28 13:00:00,0,1,0.7110072374343872
mlp,gwo,1,727,2024-05-28 13:00:00,0,1,0.6741065382957458
mlp,gwo,1,728,2024-05-28 13:05:00,0,1,0.5214068293571472
mlp,gwo,1,729,2024-05-28 13:05:00,0,1,0.5262905359268188
mlp,gwo,1,730,2024-05-28 13:10:00,0,0,0.47356775403022766
mlp,gwo,1,731,2024-05-28 13:10:00,0,0,0.4915551543235779
mlp,gwo,1,732,2024-05-28 13:15:00,0,0,0.2749580442905426
mlp,gwo,1,733,2024-05-28 13:15:00,0,0,0.3006734848022461
mlp,gwo,1,734,2024-05-28 13:20:00,0,0,0.2075015902519226
mlp,gwo,1,735,2024-05-28 13:20:00,0,0,0.19289390742778778
mlp,gwo,1,736,2024-05-28 13:25:00,0,0,0.2409098744392395
mlp,gwo,1,737,2024-05-28 13:25:00,0,0,0.192059725522995
mlp,gwo,1,738,2024-05-28 13:30:00,0,0,0.35238245129585266
mlp,gwo,1,739,2024-05-28 13:30:00,0,0,0.30320048332214355
mlp,gwo,1,740,2024-05-28 13:35:00,0,0,0.40335533022880554
mlp,gwo,1,741,2024-05-28 13:35:00,0,0,0.37900781631469727
mlp,gwo,1,742,2024-05-28 13:40:00,0,0,0.3355289399623871
mlp,gwo,1,743,2024-05-28 13:40:00,0,0,0.39680954813957214
mlp,gwo,1,744,2024-05-28 13:45:00,0,0,0.3621956706047058
mlp,gwo,1,745,2024-05-28 13:45:00,0,0,0.34639114141464233
mlp,gwo,1,746,2024-05-28 13:50:00,0,0,0.1935904324054718
mlp,gwo,1,747,2024-05-28 13:50:00,0,0,0.19764085114002228
mlp,gwo,1,748,2024-05-28 13:55:00,0,0,0.08550611138343811
mlp,gwo,1,749,2024-05-28 13:55:00,0,0,0.08562211692333221
mlp,gwo,1,750,2024-05-28 14:00:00,0,0,0.07606916129589081
mlp,gwo,1,751,2024-05-28 14:00:00,0,0,0.07782988995313644
mlp,gwo,1,752,2024-05-28 14:05:00,0,0,0.17323091626167297
mlp,gwo,1,753,2024-05-28 14:05:00,0,0,0.17378637194633484
mlp,gwo,1,754,2024-05-28 14:10:00,0,0,0.29055801033973694
mlp,gwo,1,755,2024-05-28 14:10:00,0,0,0.2705881595611572
mlp,gwo,1,756,2024-05-28 14:15:00,0,0,0.3804576098918915
mlp,gwo,1,757,2024-05-28 14:15:00,0,0,0.3971499800682068
mlp,gwo,1,758,2024-05-28 14:20:00,0,0,0.4986157715320587
mlp,gwo,1,759,2024-05-28 14:20:00,0,0,0.49806714057922363
mlp,gwo,1,760,2024-05-28 14:25:00,0,1,0.5844969749450684
mlp,gwo,1,761,2024-05-28 14:25:00,0,1,0.5825743675231934
mlp,gwo,1,762,2024-05-28 14:30:00,0,1,0.5803490877151489
mlp,gwo,1,763,2024-05-28 14:30:00,0,1,0.5795770287513733
mlp,gwo,1,764,2024-05-28 14:35:00,0,1,0.5301357507705688
mlp,gwo,1,765,2024-05-28 14:35:00,0,1,0.5133945345878601
mlp,gwo,1,766,2024-05-28 14:40:00,0,0,0.3965809941291809
mlp,gwo,1,767,2024-05-28 14:40:00,0,0,0.3916356861591339
mlp,gwo,1,768,2024-05-28 14:45:00,0,0,0.2577924132347107
mlp,gwo,1,769,2024-05-28 14:45:00,0,0,0.26043084263801575
mlp,gwo,1,770,2024-05-28 14:50:00,0,0,0.16723282635211945
mlp,gwo,1,771,2024-05-28 14:50:00,0,0,0.17241133749485016
mlp,gwo,1,772,2024-05-28 14:55:00,0,0,0.12528327107429504
mlp,gwo,1,773,2024-05-28 14:55:00,0,0,0.13387642800807953
mlp,gwo,1,774,2024-05-28 15:00:00,0,0,0.19283053278923035
mlp,gwo,1,775,2024-05-28 15:00:00,0,0,0.19422699511051178
mlp,gwo,1,776,2024-05-28 15:05:00,0,0,0.37328943610191345
mlp,gwo,1,777,2024-05-28 15:05:00,0,0,0.37779301404953003
mlp,gwo,1,778,2024-05-28 15:10:00,0,0,0.41719987988471985
mlp,gwo,1,779,2024-05-28 15:10:00,0,0,0.3961711823940277
mlp,gwo,1,780,2024-05-28 15:15:00,0,0,0.29350611567497253
mlp,gwo,1,781,2024-05-28 15:15:00,0,0,0.29405438899993896
mlp,gwo,1,782,2024-05-28 15:20:00,0,0,0.25896722078323364
mlp,gwo,1,783,2024-05-28 15:20:00,0,0,0.2667137682437897
mlp,gwo,1,784,2024-05-28 15:25:00,0,0,0.27054306864738464
mlp,gwo,1,785,2024-05-28 15:25:00,0,0,0.28226056694984436
mlp,gwo,1,786,2024-05-28 15:30:00,0,0,0.21664811670780182
mlp,gwo,1,787,2024-05-28 15:30:00,0,0,0.21034003794193268
mlp,gwo,1,788,2024-05-28 15:35:00,0,0,0.19730958342552185
mlp,gwo,1,789,2024-05-28 15:35:00,0,0,0.19513247907161713
mlp,gwo,1,790,2024-05-28 15:40:00,0,0,0.18509836494922638
mlp,gwo,1,791,2024-05-28 15:40:00,0,0,0.20935820043087006
mlp,gwo,1,792,2024-05-28 15:45:00,0,0,0.28474119305610657
mlp,gwo,1,793,2024-05-28 15:45:00,0,0,0.22192098200321198
mlp,gwo,1,794,2024-05-28 15:50:00,0,0,0.3830282986164093
mlp,gwo,1,795,2024-05-28 15:50:00,0,0,0.35999536514282227
mlp,gwo,1,796,2024-05-28 15:55:00,0,1,0.5572492480278015
mlp,gwo,1,797,2024-05-28 15:55:00,0,1,0.5312341451644897
mlp,gwo,1,798,2024-05-28 16:00:00,0,0,0.4296610951423645
mlp,gwo,1,799,2024-05-28 16:00:00,0,0,0.4800615608692169
mlp,gwo,1,800,2024-05-28 16:05:00,0,0,0.43330758810043335
mlp,gwo,1,801,2024-05-28 16:05:00,0,0,0.40648066997528076
mlp,gwo,1,802,2024-05-28 16:10:00,1,0,0.3135821521282196
mlp,gwo,1,803,2024-05-28 16:10:00,1,0,0.3023931384086609
mlp,gwo,1,804,2024-05-28 16:15:00,1,0,0.3479863405227661
mlp,gwo,1,805,2024-05-28 16:15:00,1,0,0.32093188166618347
mlp,gwo,1,806,2024-05-28 16:20:00,1,0,0.4414139688014984
mlp,gwo,1,807,2024-05-28 16:20:00,1,0,0.3978157341480255
mlp,gwo,1,808,2024-05-28 16:25:00,1,1,0.5097593069076538
mlp,gwo,1,809,2024-05-28 16:25:00,1,0,0.4847949147224426
mlp,gwo,1,810,2024-05-28 16:30:00,1,1,0.5824101567268372
mlp,gwo,1,811,2024-05-28 16:30:00,1,1,0.5803125500679016
mlp,gwo,1,812,2024-05-28 16:35:00,1,1,0.6344628930091858
mlp,gwo,1,813,2024-05-28 16:35:00,1,1,0.6186962723731995
mlp,gwo,1,814,2024-05-28 16:40:00,1,1,0.5243360996246338
mlp,gwo,1,815,2024-05-28 16:40:00,1,1,0.541548490524292
mlp,gwo,1,816,2024-05-28 16:45:00,1,1,0.644605278968811
mlp,gwo,1,817,2024-05-28 16:45:00,1,1,0.6250945925712585
mlp,gwo,1,818,2024-05-28 16:50:00,1,1,0.70295649766922
mlp,gwo,1,819,2024-05-28 16:50:00,0,1,0.7635588049888611
mlp,gwo,1,820,2024-05-28 16:55:00,0,1,0.7239291667938232
mlp,gwo,1,821,2024-05-28 16:55:00,0,1,0.7149873375892639
mlp,gwo,1,822,2024-05-28 17:00:00,0,1,0.6267949938774109
mlp,gwo,1,823,2024-05-28 17:00:00,0,1,0.6439550518989563
mlp,gwo,1,824,2024-05-28 17:05:00,0,0,0.48882508277893066
mlp,gwo,1,825,2024-05-28 17:05:00,0,0,0.4799065887928009
mlp,gwo,1,826,2024-05-28 17:10:00,0,0,0.397932231426239
mlp,gwo,1,827,2024-05-28 17:10:00,0,0,0.40260881185531616
mlp,gwo,1,828,2024-05-28 17:15:00,0,0,0.4525974690914154
mlp,gwo,1,829,2024-05-28 17:15:00,0,0,0.43276554346084595
mlp,gwo,1,830,2024-05-28 17:20:00,0,0,0.37574005126953125
mlp,gwo,1,831,2024-05-28 17:20:00,0,0,0.42915427684783936
mlp,gwo,1,832,2024-05-28 17:25:00,0,0,0.37650734186172485
mlp,gwo,1,833,2024-05-28 17:25:00,0,0,0.34677791595458984
mlp,gwo,1,834,2024-05-28 17:30:00,0,0,0.3476506173610687
mlp,gwo,1,835,2024-05-28 17:30:00,0,0,0.29657647013664246
mlp,gwo,1,836,2024-05-28 17:35:00,0,0,0.3152628540992737
mlp,gwo,1,837,2024-05-28 17:35:00,0,0,0.30927979946136475
mlp,gwo,1,838,2024-05-28 17:40:00,0,0,0.23407255113124847
mlp,gwo,1,839,2024-05-28 17:40:00,0,0,0.20172223448753357
mlp,gwo,1,840,2024-05-28 17:45:00,0,0,0.39094066619873047
mlp,gwo,1,841,2024-05-28 17:45:00,0,0,0.36548179388046265
mlp,gwo,1,842,2024-05-28 17:50:00,0,0,0.37215813994407654
mlp,gwo,1,843,2024-05-28 17:50:00,0,0,0.331927627325058
mlp,gwo,1,844,2024-05-28 17:55:00,1,0,0.29601001739501953
mlp,gwo,1,845,2024-05-28 17:55:00,1,0,0.3734962046146393
mlp,gwo,1,846,2024-05-29 10:40:00,1,0,0.3523530066013336
mlp,gwo,1,847,2024-05-29 10:40:00,1,0,0.38339659571647644
mlp,gwo,1,848,2024-05-29 10:45:00,1,1,0.5724479556083679
mlp,gwo,1,849,2024-05-29 10:45:00,1,1,0.5770666003227234
mlp,gwo,1,850,2024-05-29 10:50:00,1,1,0.6156131029129028
mlp,gwo,1,851,2024-05-29 10:50:00,1,1,0.6088345050811768
mlp,gwo,1,852,2024-05-29 10:55:00,1,1,0.7405178546905518
mlp,gwo,1,853,2024-05-29 10:55:00,1,1,0.7397627830505371
mlp,gwo,1,854,2024-05-29 11:00:00,1,1,0.7792662382125854
mlp,gwo,1,855,2024-05-29 11:00:00,1,1,0.788821816444397
mlp,gwo,1,856,2024-05-29 11:05:00,1,1,0.8285748958587646
mlp,gwo,1,857,2024-05-29 11:05:00,1,1,0.8203487992286682
mlp,gwo,1,858,2024-05-29 11:10:00,1,1,0.7788761258125305
mlp,gwo,1,859,2024-05-29 11:10:00,1,1,0.7581086754798889
mlp,gwo,1,860,2024-05-29 11:15:00,1,1,0.6833010315895081
mlp,gwo,1,861,2024-05-29 11:15:00,1,1,0.664314866065979
mlp,gwo,1,862,2024-05-29 11:20:00,1,1,0.6037225723266602
mlp,gwo,1,863,2024-05-29 11:20:00,1,1,0.5923112630844116
mlp,gwo,1,864,2024-05-29 11:25:00,1,1,0.6648468375205994
mlp,gwo,1,865,2024-05-29 11:25:00,1,1,0.6956226229667664
mlp,gwo,1,866,2024-05-29 11:30:00,1,1,0.5621994733810425
mlp,gwo,1,867,2024-05-29 11:30:00,1,1,0.5790433287620544
mlp,gwo,1,868,2024-05-29 11:35:00,1,1,0.6726385951042175
mlp,gwo,1,869,2024-05-29 11:35:00,1,1,0.6495440602302551
mlp,gwo,1,870,2024-05-29 11:40:00,1,1,0.5916959047317505
mlp,gwo,1,871,2024-05-29 11:40:00,1,1,0.6046416163444519
mlp,gwo,1,872,2024-05-29 11:45:00,0,1,0.7071312665939331
mlp,gwo,1,873,2024-05-29 11:45:00,0,1,0.7056456208229065
mlp,gwo,1,874,2024-05-29 11:50:00,0,1,0.6708384156227112
mlp,gwo,1,875,2024-05-29 11:50:00,0,1,0.6996305584907532
mlp,gwo,1,876,2024-05-29 11:55:00,0,1,0.6144995093345642
mlp,gwo,1,877,2024-05-29 11:55:00,0,1,0.587960958480835
mlp,gwo,1,878,2024-05-29 12:00:00,0,1,0.6674116849899292
mlp,gwo,1,879,2024-05-29 12:00:00,0,1,0.6284290552139282
mlp,gwo,1,880,2024-05-29 12:05:00,0,1,0.5504141449928284
mlp,gwo,1,881,2024-05-29 12:05:00,0,1,0.5188242793083191
mlp,gwo,1,882,2024-05-29 12:10:00,0,0,0.301045298576355
mlp,gwo,1,883,2024-05-29 12:10:00,0,0,0.3302043676376343
mlp,gwo,1,884,2024-05-29 12:15:00,0,0,0.2397884577512741
mlp,gwo,1,885,2024-05-29 12:15:00,1,0,0.26320621371269226
mlp,gwo,1,886,2024-05-29 12:20:00,0,0,0.3474823236465454
mlp,gwo,1,887,2024-05-29 12:20:00,1,0,0.3502102792263031
mlp,gwo,1,888,2024-05-29 12:25:00,0,0,0.38453707098960876
mlp,gwo,1,889,2024-05-29 12:25:00,1,0,0.3927525281906128
mlp,gwo,1,890,2024-05-29 12:30:00,0,0,0.3590967655181885
mlp,gwo,1,891,2024-05-29 12:30:00,1,0,0.3380645513534546
mlp,gwo,1,892,2024-05-29 12:35:00,1,1,0.5367789268493652
mlp,gwo,1,893,2024-05-29 12:35:00,0,1,0.5270320177078247
mlp,gwo,1,894,2024-05-29 12:40:00,1,1,0.6362348794937134
mlp,gwo,1,895,2024-05-29 12:40:00,0,1,0.6463181376457214
mlp,gwo,1,896,2024-05-29 12:45:00,0,1,0.7410699129104614
mlp,gwo,1,897,2024-05-29 12:45:00,1,1,0.7494710683822632
mlp,gwo,1,898,2024-05-29 12:50:00,1,1,0.7231839299201965
mlp,gwo,1,899,2024-05-29 12:50:00,0,1,0.7498407363891602
mlp,gwo,1,900,2024-05-29 12:55:00,1,1,0.6313508152961731
mlp,gwo,1,901,2024-05-29 12:55:00,0,1,0.6557368636131287
mlp,gwo,1,902,2024-05-29 13:00:00,0,1,0.5572652816772461
mlp,gwo,1,903,2024-05-29 13:00:00,1,1,0.5334667563438416
mlp,gwo,1,904,2024-05-29 13:05:00,1,0,0.4257623851299286
mlp,gwo,1,905,2024-05-29 13:05:00,0,0,0.46206536889076233
mlp,gwo,1,906,2024-05-29 13:10:00,0,0,0.4232051372528076
mlp,gwo,1,907,2024-05-29 13:10:00,1,0,0.39142054319381714
mlp,gwo,1,908,2024-05-29 13:15:00,1,0,0.48939529061317444
mlp,gwo,1,909,2024-05-29 13:15:00,0,0,0.47593414783477783
mlp,gwo,1,910,2024-05-29 13:20:00,1,1,0.5106746554374695
mlp,gwo,1,911,2024-05-29 13:20:00,0,0,0.47139230370521545
mlp,gwo,1,912,2024-05-29 13:25:00,1,1,0.5713248252868652
mlp,gwo,1,913,2024-05-29 13:25:00,0,0,0.49278274178504944
mlp,gwo,1,914,2024-05-29 13:30:00,1,1,0.5967146754264832
mlp,gwo,1,915,2024-05-29 13:30:00,0,1,0.5849056243896484
mlp,gwo,1,916,2024-05-29 13:35:00,0,1,0.6230626702308655
mlp,gwo,1,917,2024-05-29 13:35:00,0,1,0.7032935619354248
mlp,gwo,1,918,2024-05-29 13:40:00,0,0,0.4622700810432434
mlp,gwo,1,919,2024-05-29 13:40:00,0,0,0.48000621795654297
mlp,gwo,1,920,2024-05-29 13:45:00,0,0,0.37998032569885254
mlp,gwo,1,921,2024-05-29 13:45:00,0,0,0.4483969211578369
mlp,gwo,1,922,2024-05-29 13:50:00,0,0,0.4909461438655853
mlp,gwo,1,923,2024-05-29 13:50:00,0,0,0.4985347092151642
mlp,gwo,1,924,2024-05-29 13:55:00,0,0,0.46832501888275146
mlp,gwo,1,925,2024-05-29 13:55:00,0,0,0.4725932776927948
mlp,gwo,1,926,2024-05-29 14:00:00,0,0,0.3830864429473877
mlp,gwo,1,927,2024-05-29 14:00:00,0,0,0.3856825530529022
mlp,gwo,1,928,2024-05-29 14:05:00,0,0,0.3465990424156189
mlp,gwo,1,929,2024-05-29 14:05:00,0,0,0.32103246450424194
mlp,gwo,1,930,2024-05-29 14:10:00,0,0,0.3194480836391449
mlp,gwo,1,931,2024-05-29 14:10:00,0,0,0.304728239774704
mlp,gwo,1,932,2024-05-29 14:15:00,0,0,0.27610471844673157
mlp,gwo,1,933,2024-05-29 14:15:00,0,0,0.24797126650810242
mlp,gwo,1,934,2024-05-29 14:20:00,0,0,0.21674685180187225
mlp,gwo,1,935,2024-05-29 14:20:00,0,0,0.20748761296272278
mlp,gwo,1,936,2024-05-29 14:25:00,0,0,0.22836460173130035
mlp,gwo,1,937,2024-05-29 14:25:00,0,0,0.23426185548305511
mlp,gwo,1,938,2024-05-29 14:30:00,0,0,0.17141669988632202
mlp,gwo,1,939,2024-05-29 14:30:00,0,0,0.17880131304264069
mlp,gwo,1,940,2024-05-29 14:35:00,0,0,0.20818094909191132
mlp,gwo,1,941,2024-05-29 14:35:00,0,0,0.2000524252653122
mlp,gwo,1,942,2024-05-29 14:40:00,0,0,0.2078782618045807
mlp,gwo,1,943,2024-05-29 14:40:00,0,0,0.20418138802051544
mlp,gwo,1,944,2024-05-29 14:45:00,1,0,0.21794305741786957
mlp,gwo,1,945,2024-05-29 14:45:00,1,0,0.23528361320495605
mlp,gwo,1,946,2024-05-29 14:50:00,1,0,0.41045522689819336
mlp,gwo,1,947,2024-05-29 14:50:00,1,0,0.38615578413009644
mlp,gwo,1,948,2024-05-29 14:55:00,1,1,0.5666388869285583
mlp,gwo,1,949,2024-05-29 14:55:00,1,1,0.5474458932876587
mlp,gwo,1,950,2024-05-29 15:00:00,1,1,0.6980788111686707
mlp,gwo,1,951,2024-05-29 15:00:00,1,1,0.6811483502388
mlp,gwo,1,952,2024-05-29 15:05:00,1,1,0.7883851528167725
mlp,gwo,1,953,2024-05-29 15:05:00,1,1,0.7801963090896606
mlp,gwo,1,954,2024-05-29 15:10:00,1,1,0.812514066696167
mlp,gwo,1,955,2024-05-29 15:10:00,1,1,0.7930200099945068
mlp,gwo,1,956,2024-05-29 15:15:00,1,1,0.6691381931304932
mlp,gwo,1,957,2024-05-29 15:15:00,1,1,0.6820462346076965
mlp,gwo,1,958,2024-05-29 15:20:00,1,1,0.7185319662094116
mlp,gwo,1,959,2024-05-29 15:20:00,1,1,0.7086381316184998
mlp,gwo,1,960,2024-05-29 15:25:00,1,1,0.7393665909767151
mlp,gwo,1,961,2024-05-29 15:25:00,1,1,0.7088452577590942
mlp,gwo,1,962,2024-05-29 15:30:00,1,1,0.6332718729972839
mlp,gwo,1,963,2024-05-29 15:30:00,1,1,0.6336120367050171
mlp,gwo,1,964,2024-05-29 15:35:00,1,0,0.4696388244628906
mlp,gwo,1,965,2024-05-29 15:35:00,1,0,0.4308367967605591
mlp,gwo,1,966,2024-05-29 15:40:00,1,0,0.48846814036369324
mlp,gwo,1,967,2024-05-29 15:40:00,1,0,0.4420780539512634
mlp,gwo,1,968,2024-05-29 15:45:00,1,0,0.37492436170578003
mlp,gwo,1,969,2024-05-29 15:45:00,1,0,0.37120598554611206
mlp,gwo,1,970,2024-05-29 15:50:00,1,0,0.43316617608070374
mlp,gwo,1,971,2024-05-29 15:50:00,1,0,0.4321531653404236
mlp,gwo,1,972,2024-05-29 15:55:00,1,0,0.4998646080493927
mlp,gwo,1,973,2024-05-29 15:55:00,1,0,0.46253782510757446
mlp,gwo,1,974,2024-05-29 16:00:00,1,1,0.5417873859405518
mlp,gwo,1,975,2024-05-29 16:00:00,1,1,0.5565967559814453
mlp,gwo,1,976,2024-05-29 16:05:00,1,1,0.5347577333450317
mlp,gwo,1,977,2024-05-29 16:05:00,1,1,0.5471830368041992
mlp,gwo,1,978,2024-05-29 16:10:00,1,1,0.5769773721694946
mlp,gwo,1,979,2024-05-29 16:10:00,1,1,0.5757544636726379
mlp,gwo,1,980,2024-05-29 16:15:00,1,1,0.6844154596328735
mlp,gwo,1,981,2024-05-29 16:15:00,1,1,0.6478811502456665
mlp,gwo,1,982,2024-05-29 16:20:00,0,1,0.77520751953125
mlp,gwo,1,983,2024-05-29 16:20:00,0,1,0.7733291983604431
mlp,gwo,1,984,2024-05-29 16:25:00,0,1,0.7625409960746765
mlp,gwo,1,985,2024-05-29 16:25:00,0,1,0.7681349515914917
mlp,gwo,1,986,2024-05-29 16:30:00,0,1,0.6900971531867981
mlp,gwo,1,987,2024-05-29 16:30:00,0,1,0.7162609696388245
mlp,gwo,1,988,2024-05-29 16:35:00,0,1,0.6642851233482361
mlp,gwo,1,989,2024-05-29 16:35:00,0,1,0.6769839525222778
mlp,gwo,1,990,2024-05-29 16:40:00,0,0,0.44446563720703125
mlp,gwo,1,991,2024-05-29 16:40:00,0,0,0.4502687156200409
mlp,gwo,1,992,2024-05-29 16:45:00,0,0,0.3312617838382721
mlp,gwo,1,993,2024-05-29 16:45:00,0,0,0.276643842458725
mlp,gwo,1,994,2024-05-29 16:50:00,0,0,0.255309522151947
mlp,gwo,1,995,2024-05-29 16:50:00,0,0,0.2698456346988678
mlp,gwo,1,996,2024-05-29 16:55:00,0,0,0.27502521872520447
mlp,gwo,1,997,2024-05-29 16:55:00,0,0,0.26209357380867004
mlp,gwo,1,998,2024-05-29 17:00:00,0,0,0.19410574436187744
mlp,gwo,1,999,2024-05-29 17:00:00,0,0,0.2402135282754898
mlp,gwo,1,1000,2024-05-29 17:05:00,0,0,0.18829931318759918
mlp,gwo,1,1001,2024-05-29 17:05:00,0,0,0.17571553587913513
mlp,gwo,1,1002,2024-05-29 17:10:00,0,0,0.20579832792282104
mlp,gwo,1,1003,2024-05-29 17:10:00,0,0,0.22053305804729462
mlp,gwo,1,1004,2024-05-29 17:15:00,0,0,0.45830538868904114
mlp,gwo,1,1005,2024-05-29 17:15:00,0,0,0.4718591272830963
mlp,gwo,1,1006,2024-05-29 17:20:00,0,1,0.5306226015090942
mlp,gwo,1,1007,2024-05-29 17:20:00,0,0,0.49681252241134644
mlp,gwo,1,1008,2024-05-29 17:25:00,0,0,0.47794240713119507
mlp,gwo,1,1009,2024-05-29 17:25:00,0,0,0.42239320278167725
mlp,gwo,1,1010,2024-05-29 17:30:00,0,0,0.3811139166355133
mlp,gwo,1,1011,2024-05-29 17:30:00,0,0,0.43548494577407837
mlp,gwo,1,1012,2024-05-29 17:35:00,0,1,0.5102477073669434
mlp,gwo,1,1013,2024-05-29 17:35:00,0,1,0.5118356943130493
mlp,gwo,1,1014,2024-05-29 17:40:00,0,0,0.4997115731239319
mlp,gwo,1,1015,2024-05-29 17:40:00,0,1,0.5024206042289734
mlp,gwo,1,1016,2024-05-29 17:45:00,0,1,0.5385144948959351
mlp,gwo,1,1017,2024-05-29 17:45:00,0,1,0.5725538730621338
mlp,gwo,1,1018,2024-05-29 17:50:00,0,1,0.5016772150993347
mlp,gwo,1,1019,2024-05-29 17:50:00,0,1,0.5636491775512695
mlp,gwo,1,1020,2024-05-29 17:55:00,0,1,0.5242593884468079
mlp,gwo,1,1021,2024-05-29 17:55:00,0,1,0.543570339679718
mlp,gwo,1,1022,2024-05-31 12:35:00,1,0,0.3869136571884155
mlp,gwo,1,1023,2024-05-31 12:40:00,1,0,0.38175782561302185
mlp,gwo,1,1024,2024-05-31 12:45:00,1,1,0.569596529006958
mlp,gwo,1,1025,2024-05-31 12:50:00,1,1,0.6347637176513672
mlp,gwo,1,1026,2024-05-31 12:55:00,1,1,0.5018464922904968
mlp,gwo,1,1027,2024-05-31 13:00:00,1,0,0.44216659665107727
mlp,gwo,1,1028,2024-05-31 13:05:00,1,0,0.48578235507011414
mlp,gwo,1,1029,2024-05-31 13:10:00,1,0,0.47878116369247437
mlp,gwo,1,1030,2024-05-31 13:15:00,1,0,0.4198070466518402
mlp,gwo,1,1031,2024-05-31 13:20:00,1,0,0.3533179759979248
mlp,gwo,1,1032,2024-05-31 13:25:00,1,0,0.3272900879383087
mlp,gwo,1,1033,2024-05-31 13:25:00,1,0,0.3388793170452118
mlp,gwo,1,1034,2024-05-31 13:30:00,1,0,0.42892149090766907
mlp,gwo,1,1035,2024-05-31 13:30:00,1,0,0.43167370557785034
mlp,gwo,1,1036,2024-05-31 13:35:00,1,1,0.5525720715522766
mlp,gwo,1,1037,2024-05-31 13:35:00,1,1,0.5671191215515137
mlp,gwo,1,1038,2024-05-31 13:40:00,1,1,0.5496938228607178
mlp,gwo,1,1039,2024-05-31 13:40:00,1,1,0.5515729188919067
mlp,gwo,1,1040,2024-05-31 13:45:00,1,1,0.6152485609054565
mlp,gwo,1,1041,2024-05-31 13:45:00,1,1,0.6287286281585693
mlp,gwo,1,1042,2024-05-31 13:50:00,1,1,0.6671610474586487
mlp,gwo,1,1043,2024-05-31 13:50:00,1,1,0.6634215712547302
mlp,gwo,1,1044,2024-05-31 13:55:00,1,1,0.6741217374801636
mlp,gwo,1,1045,2024-05-31 13:55:00,1,1,0.6658920645713806
mlp,gwo,1,1046,2024-05-31 14:00:00,1,1,0.6376169323921204
mlp,gwo,1,1047,2024-05-31 14:00:00,1,1,0.6533060073852539
mlp,gwo,1,1048,2024-05-31 14:05:00,1,1,0.7269045114517212
mlp,gwo,1,1049,2024-05-31 14:05:00,1,1,0.6745850443840027
mlp,gwo,1,1050,2024-05-31 14:10:00,1,1,0.7125034332275391
mlp,gwo,1,1051,2024-05-31 14:10:00,1,1,0.6959255337715149
mlp,gwo,1,1052,2024-05-31 14:15:00,1,1,0.5079091191291809
mlp,gwo,1,1053,2024-05-31 14:15:00,1,1,0.5716547966003418
mlp,gwo,1,1054,2024-05-31 14:20:00,1,1,0.5358853340148926
mlp,gwo,1,1055,2024-05-31 14:20:00,1,1,0.5570915937423706
mlp,gwo,1,1056,2024-05-31 14:25:00,1,1,0.5336196422576904
mlp,gwo,1,1057,2024-05-31 14:25:00,1,1,0.5340038537979126
mlp,gwo,1,1058,2024-05-31 14:30:00,1,1,0.5917484164237976
mlp,gwo,1,1059,2024-05-31 14:30:00,1,1,0.5885224938392639
mlp,gwo,1,1060,2024-05-31 14:35:00,1,1,0.6454035639762878
mlp,gwo,1,1061,2024-05-31 14:35:00,1,1,0.6048731207847595
mlp,gwo,1,1062,2024-05-31 14:40:00,1,1,0.6500949859619141
mlp,gwo,1,1063,2024-05-31 14:40:00,1,1,0.6051450371742249
mlp,gwo,1,1064,2024-05-31 14:45:00,1,1,0.6310320496559143
mlp,gwo,1,1065,2024-05-31 14:45:00,1,1,0.5781813859939575
mlp,gwo,1,1066,2024-05-31 14:50:00,1,0,0.4710955023765564
mlp,gwo,1,1067,2024-05-31 14:50:00,1,0,0.49902528524398804
mlp,gwo,1,1068,2024-05-31 14:55:00,1,0,0.4757857918739319
mlp,gwo,1,1069,2024-05-31 14:55:00,1,0,0.4699926972389221
mlp,gwo,1,1070,2024-05-31 15:00:00,1,0,0.4492000639438629
mlp,gwo,1,1071,2024-05-31 15:00:00,1,0,0.4841884672641754
mlp,gwo,1,1072,2024-05-31 15:05:00,0,1,0.5957145690917969
mlp,gwo,1,1073,2024-05-31 15:05:00,0,1,0.5956878662109375
mlp,gwo,1,1074,2024-05-31 15:10:00,0,1,0.5523156523704529
mlp,gwo,1,1075,2024-05-31 15:10:00,0,1,0.6000144481658936
mlp,gwo,1,1076,2024-05-31 15:15:00,0,1,0.5552552938461304
mlp,gwo,1,1077,2024-05-31 15:15:00,0,1,0.6019241213798523
mlp,gwo,1,1078,2024-05-31 15:20:00,0,1,0.5053678750991821
mlp,gwo,1,1079,2024-05-31 15:20:00,0,0,0.49679994583129883
mlp,gwo,1,1080,2024-05-31 15:25:00,0,1,0.5058242678642273
mlp,gwo,1,1081,2024-05-31 15:25:00,0,1,0.5314831137657166
mlp,gwo,1,1082,2024-05-31 15:30:00,0,0,0.39559829235076904
mlp,gwo,1,1083,2024-05-31 15:30:00,0,1,0.5143017768859863
mlp,gwo,1,1084,2024-05-31 15:35:00,0,0,0.46801871061325073
mlp,gwo,1,1085,2024-05-31 15:35:00,0,0,0.45790034532546997
mlp,gwo,1,1086,2024-05-31 15:40:00,0,0,0.3712305724620819
mlp,gwo,1,1087,2024-05-31 15:40:00,0,0,0.37659507989883423
mlp,gwo,1,1088,2024-05-31 15:45:00,0,0,0.4014583230018616
mlp,gwo,1,1089,2024-05-31 15:45:00,0,0,0.35680025815963745
mlp,gwo,1,1090,2024-05-31 15:50:00,0,0,0.3895815908908844
mlp,gwo,1,1091,2024-05-31 15:50:00,0,0,0.37397363781929016
mlp,gwo,1,1092,2024-05-31 15:55:00,0,0,0.32435813546180725
mlp,gwo,1,1093,2024-05-31 15:55:00,0,0,0.35502007603645325
mlp,gwo,1,1094,2024-05-31 16:00:00,1,0,0.2885313034057617
mlp,gwo,1,1095,2024-05-31 16:00:00,1,0,0.28206321597099304
mlp,gwo,1,1096,2024-05-31 16:05:00,1,0,0.32515573501586914
mlp,gwo,1,1097,2024-05-31 16:05:00,1,0,0.3185570240020752
mlp,gwo,1,1098,2024-05-31 16:10:00,1,0,0.49884656071662903
mlp,gwo,1,1099,2024-05-31 16:10:00,1,1,0.5074622631072998
mlp,gwo,1,1100,2024-05-31 16:15:00,1,1,0.5741739273071289
mlp,gwo,1,1101,2024-05-31 16:15:00,1,1,0.5623952150344849
mlp,gwo,1,1102,2024-05-31 16:20:00,1,1,0.5820571184158325
mlp,gwo,1,1103,2024-05-31 16:20:00,1,1,0.5159480571746826
mlp,gwo,1,1104,2024-05-31 16:25:00,1,1,0.546764075756073
mlp,gwo,1,1105,2024-05-31 16:25:00,1,1,0.5245186686515808
mlp,gwo,1,1106,2024-05-31 16:30:00,1,0,0.44985970854759216
mlp,gwo,1,1107,2024-05-31 16:30:00,1,0,0.4888765811920166
mlp,gwo,1,1108,2024-05-31 16:35:00,1,1,0.5159704089164734
mlp,gwo,1,1109,2024-05-31 16:35:00,1,1,0.5453776717185974
mlp,gwo,1,1110,2024-05-31 16:40:00,1,1,0.6907222867012024
mlp,gwo,1,1111,2024-05-31 16:40:00,1,1,0.6730664968490601
mlp,gwo,1,1112,2024-05-31 16:45:00,1,1,0.643145740032196
mlp,gwo,1,1113,2024-05-31 16:45:00,1,1,0.721528947353363
mlp,gwo,1,1114,2024-05-31 16:50:00,1,1,0.7468107342720032
mlp,gwo,1,1115,2024-05-31 16:50:00,1,1,0.763389527797699
mlp,gwo,1,1116,2024-05-31 16:55:00,0,1,0.7925982475280762
mlp,gwo,1,1117,2024-05-31 16:55:00,0,1,0.7776352167129517
mlp,gwo,1,1118,2024-05-31 17:00:00,0,1,0.6249271631240845
mlp,gwo,1,1119,2024-05-31 17:00:00,0,1,0.6273205876350403
mlp,gwo,1,1120,2024-05-31 17:05:00,0,0,0.4620879590511322
mlp,gwo,1,1121,2024-05-31 17:05:00,0,0,0.47451794147491455
mlp,gwo,1,1122,2024-05-31 17:10:00,0,0,0.45589300990104675
mlp,gwo,1,1123,2024-05-31 17:10:00,0,0,0.4365862309932709
mlp,gwo,1,1124,2024-05-31 17:15:00,0,1,0.5447779297828674
mlp,gwo,1,1125,2024-05-31 17:15:00,0,1,0.5532308220863342
mlp,gwo,1,1126,2024-05-31 17:20:00,0,0,0.49870777130126953
mlp,gwo,1,1127,2024-05-31 17:20:00,0,1,0.5119170546531677
mlp,gwo,1,1128,2024-05-31 17:25:00,0,0,0.49484264850616455
mlp,gwo,1,1129,2024-05-31 17:25:00,0,1,0.5014178156852722
mlp,gwo,1,1130,2024-05-31 17:30:00,0,1,0.5099888443946838
mlp,gwo,1,1131,2024-05-31 17:30:00,0,1,0.5454847812652588
mlp,gwo,1,1132,2024-05-31 17:35:00,0,0,0.48821523785591125
mlp,gwo,1,1133,2024-05-31 17:35:00,0,1,0.5314058661460876
mlp,gwo,1,1134,2024-05-31 17:40:00,0,1,0.5284922122955322
mlp,gwo,1,1135,2024-05-31 17:40:00,0,1,0.6282819509506226
mlp,gwo,1,1136,2024-05-31 17:45:00,0,0,0.4934873580932617
mlp,gwo,1,1137,2024-05-31 17:45:00,0,0,0.46577218174934387
mlp,gwo,1,1138,2024-05-31 17:50:00,0,1,0.5413054823875427
mlp,gwo,1,1139,2024-05-31 17:50:00,0,1,0.5818987488746643
mlp,gwo,1,1140,2024-05-31 17:55:00,0,1,0.5565430521965027
mlp,gwo,1,1141,2024-05-31 17:55:00,0,1,0.62602698802948
mlp,gwo,1,1142,2024-06-03 10:50:00,1,0,0.14642710983753204
mlp,gwo,1,1143,2024-06-03 10:50:00,1,0,0.15199171006679535
mlp,gwo,1,1144,2024-06-03 10:55:00,1,0,0.2841605246067047
mlp,gwo,1,1145,2024-06-03 10:55:00,1,0,0.2443322092294693
mlp,gwo,1,1146,2024-06-03 11:00:00,1,0,0.30462637543678284
mlp,gwo,1,1147,2024-06-03 11:00:00,1,0,0.29935333132743835
mlp,gwo,1,1148,2024-06-03 11:05:00,1,0,0.40382489562034607
mlp,gwo,1,1149,2024-06-03 11:05:00,1,0,0.4006754159927368
mlp,gwo,1,1150,2024-06-03 11:10:00,1,1,0.562704861164093
mlp,gwo,1,1151,2024-06-03 11:10:00,1,1,0.5410729050636292
mlp,gwo,1,1152,2024-06-03 11:15:00,1,1,0.8362662196159363
mlp,gwo,1,1153,2024-06-03 11:15:00,1,1,0.8402428030967712
mlp,gwo,1,1154,2024-06-03 11:20:00,1,1,0.828590989112854
mlp,gwo,1,1155,2024-06-03 11:20:00,1,1,0.8359261751174927
mlp,gwo,1,1156,2024-06-03 11:25:00,1,1,0.9105819463729858
mlp,gwo,1,1157,2024-06-03 11:25:00,1,1,0.9033278822898865
mlp,gwo,1,1158,2024-06-03 11:30:00,1,1,0.9218500852584839
mlp,gwo,1,1159,2024-06-03 11:30:00,1,1,0.9318022131919861
mlp,gwo,1,1160,2024-06-03 11:35:00,1,1,0.8753595352172852
mlp,gwo,1,1161,2024-06-03 11:35:00,1,1,0.8626474142074585
mlp,gwo,1,1162,2024-06-03 11:40:00,0,1,0.8815472722053528
mlp,gwo,1,1163,2024-06-03 11:40:00,0,1,0.8859874606132507
mlp,gwo,1,1164,2024-06-03 11:45:00,0,1,0.7763395309448242
mlp,gwo,1,1165,2024-06-03 11:45:00,0,1,0.787891685962677
mlp,gwo,1,1166,2024-06-03 11:50:00,0,1,0.5879160165786743
mlp,gwo,1,1167,2024-06-03 11:50:00,0,1,0.6289135813713074
mlp,gwo,1,1168,2024-06-03 11:55:00,0,0,0.45785877108573914
mlp,gwo,1,1169,2024-06-03 11:55:00,0,1,0.5286314487457275
mlp,gwo,1,1170,2024-06-03 12:00:00,0,1,0.5416989326477051
mlp,gwo,1,1171,2024-06-03 12:00:00,0,1,0.5257425308227539
mlp,gwo,1,1172,2024-06-03 12:05:00,0,1,0.5194425582885742
mlp,gwo,1,1173,2024-06-03 12:05:00,0,1,0.6034948229789734
mlp,gwo,1,1174,2024-06-03 12:10:00,0,1,0.5361603498458862
mlp,gwo,1,1175,2024-06-03 12:10:00,0,1,0.51840740442276
mlp,gwo,1,1176,2024-06-03 12:15:00,0,1,0.5725589394569397
mlp,gwo,1,1177,2024-06-03 12:15:00,0,1,0.6317111253738403
mlp,gwo,1,1178,2024-06-03 12:20:00,0,1,0.5717570185661316
mlp,gwo,1,1179,2024-06-03 12:20:00,0,1,0.5882147550582886
mlp,gwo,1,1180,2024-06-03 12:25:00,0,0,0.311348557472229
mlp,gwo,1,1181,2024-06-03 12:25:00,0,0,0.27941158413887024
mlp,gwo,1,1182,2024-06-03 12:30:00,0,0,0.15780982375144958
mlp,gwo,1,1183,2024-06-03 12:30:00,0,0,0.16923998296260834
mlp,gwo,1,1184,2024-06-03 12:35:00,0,0,0.19044296443462372
mlp,gwo,1,1185,2024-06-03 12:35:00,0,0,0.19666562974452972
mlp,gwo,1,1186,2024-06-03 12:40:00,0,0,0.2597385048866272
mlp,gwo,1,1187,2024-06-03 12:40:00,0,0,0.2391258031129837
mlp,gwo,1,1188,2024-06-03 12:45:00,0,0,0.19562487304210663
mlp,gwo,1,1189,2024-06-03 12:45:00,0,0,0.2570796608924866
mlp,gwo,1,1190,2024-06-03 12:50:00,0,0,0.3152978718280792
mlp,gwo,1,1191,2024-06-03 12:50:00,0,0,0.33957943320274353
mlp,gwo,1,1192,2024-06-03 12:55:00,0,0,0.31934303045272827
mlp,gwo,1,1193,2024-06-03 12:55:00,0,0,0.3521440029144287
mlp,gwo,1,1194,2024-06-03 13:00:00,0,0,0.3482586443424225
mlp,gwo,1,1195,2024-06-03 13:00:00,0,0,0.44075629115104675
mlp,gwo,1,1196,2024-06-03 13:05:00,0,0,0.3796809911727905
mlp,gwo,1,1197,2024-06-03 13:05:00,0,0,0.31631189584732056
mlp,gwo,1,1198,2024-06-03 13:10:00,0,0,0.23044957220554352
mlp,gwo,1,1199,2024-06-03 13:10:00,0,0,0.2220805138349533
mlp,gwo,1,1200,2024-06-03 13:15:00,0,0,0.14368663728237152
mlp,gwo,1,1201,2024-06-03 13:15:00,0,0,0.1294982135295868
mlp,gwo,1,1202,2024-06-03 13:20:00,0,0,0.1763848215341568
mlp,gwo,1,1203,2024-06-03 13:20:00,0,0,0.17827154695987701
mlp,gwo,1,1204,2024-06-03 13:25:00,0,0,0.25904580950737
mlp,gwo,1,1205,2024-06-03 13:25:00,0,0,0.24220499396324158
mlp,gwo,1,1206,2024-06-03 13:30:00,0,0,0.24019184708595276
mlp,gwo,1,1207,2024-06-03 13:30:00,0,0,0.28824007511138916
mlp,gwo,1,1208,2024-06-03 13:35:00,0,0,0.36707577109336853
mlp,gwo,1,1209,2024-06-03 13:35:00,0,0,0.361993670463562
mlp,gwo,1,1210,2024-06-03 13:40:00,0,0,0.369080513715744
mlp,gwo,1,1211,2024-06-03 13:40:00,0,0,0.3849264979362488
mlp,gwo,1,1212,2024-06-03 13:45:00,0,1,0.507166862487793
mlp,gwo,1,1213,2024-06-03 13:45:00,0,0,0.4878728687763214
mlp,gwo,1,1214,2024-06-03 13:50:00,0,0,0.4689514935016632
mlp,gwo,1,1215,2024-06-03 13:50:00,0,0,0.4630466103553772
mlp,gwo,1,1216,2024-06-03 13:55:00,0,0,0.45397254824638367
mlp,gwo,1,1217,2024-06-03 13:55:00,0,0,0.4738709628582001
mlp,gwo,1,1218,2024-06-03 14:00:00,1,0,0.43083617091178894
mlp,gwo,1,1219,2024-06-03 14:00:00,1,0,0.387841135263443
mlp,gwo,1,1220,2024-06-03 14:05:00,1,1,0.552699863910675
mlp,gwo,1,1221,2024-06-03 14:05:00,1,1,0.5523070096969604
mlp,gwo,1,1222,2024-06-03 14:10:00,1,1,0.6426135301589966
mlp,gwo,1,1223,2024-06-03 14:10:00,1,1,0.653099536895752
mlp,gwo,1,1224,2024-06-03 14:15:00,1,1,0.7886266112327576
mlp,gwo,1,1225,2024-06-03 14:15:00,1,1,0.7891861200332642
mlp,gwo,1,1226,2024-06-03 14:20:00,1,1,0.8524206876754761
mlp,gwo,1,1227,2024-06-03 14:20:00,1,1,0.8665539622306824
mlp,gwo,1,1228,2024-06-03 14:25:00,1,1,0.8854497075080872
mlp,gwo,1,1229,2024-06-03 14:25:00,1,1,0.8805918097496033
mlp,gwo,1,1230,2024-06-03 14:30:00,1,1,0.9031556248664856
mlp,gwo,1,1231,2024-06-03 14:30:00,1,1,0.9053199887275696
mlp,gwo,1,1232,2024-06-03 14:35:00,1,1,0.8252702355384827
mlp,gwo,1,1233,2024-06-03 14:35:00,1,1,0.8364096283912659
mlp,gwo,1,1234,2024-06-03 14:40:00,1,1,0.788576066493988
mlp,gwo,1,1235,2024-06-03 14:40:00,1,1,0.7812486886978149
mlp,gwo,1,1236,2024-06-03 14:45:00,1,1,0.6610881686210632
mlp,gwo,1,1237,2024-06-03 14:45:00,1,1,0.6418326497077942
mlp,gwo,1,1238,2024-06-03 14:50:00,1,0,0.43381500244140625
mlp,gwo,1,1239,2024-06-03 14:50:00,1,0,0.46328985691070557
mlp,gwo,1,1240,2024-06-03 14:55:00,1,0,0.37758204340934753
mlp,gwo,1,1241,2024-06-03 14:55:00,1,0,0.34288519620895386
mlp,gwo,1,1242,2024-06-03 15:00:00,1,0,0.4468162953853607
mlp,gwo,1,1243,2024-06-03 15:00:00,1,0,0.45973458886146545
mlp,gwo,1,1244,2024-06-03 15:05:00,1,1,0.535917341709137
mlp,gwo,1,1245,2024-06-03 15:05:00,1,1,0.5166599750518799
mlp,gwo,1,1246,2024-06-03 15:10:00,1,0,0.4388711750507355
mlp,gwo,1,1247,2024-06-03 15:10:00,1,0,0.4256789982318878
mlp,gwo,1,1248,2024-06-03 15:15:00,1,1,0.5825096964836121
mlp,gwo,1,1249,2024-06-03 15:15:00,1,1,0.576856791973114
mlp,gwo,1,1250,2024-06-03 15:20:00,1,1,0.6345454454421997
mlp,gwo,1,1251,2024-06-03 15:20:00,1,1,0.649034857749939
mlp,gwo,1,1252,2024-06-03 15:25:00,1,1,0.7234859466552734
mlp,gwo,1,1253,2024-06-03 15:25:00,1,1,0.6757671236991882
mlp,gwo,1,1254,2024-06-03 15:30:00,1,1,0.7469539046287537
mlp,gwo,1,1255,2024-06-03 15:30:00,1,1,0.7846474647521973
mlp,gwo,1,1256,2024-06-03 15:35:00,0,1,0.7959689497947693
mlp,gwo,1,1257,2024-06-03 15:35:00,0,1,0.8225997090339661
mlp,gwo,1,1258,2024-06-03 15:40:00,0,1,0.5895971059799194
mlp,gwo,1,1259,2024-06-03 15:40:00,0,1,0.5908235907554626
mlp,gwo,1,1260,2024-06-03 15:45:00,0,1,0.518325686454773
mlp,gwo,1,1261,2024-06-03 15:45:00,0,1,0.5775156021118164
mlp,gwo,1,1262,2024-06-03 15:50:00,0,0,0.492737740278244
mlp,gwo,1,1263,2024-06-03 15:50:00,0,1,0.5296894311904907
mlp,gwo,1,1264,2024-06-03 15:55:00,0,1,0.5690318942070007
mlp,gwo,1,1265,2024-06-03 15:55:00,0,1,0.5617506504058838
mlp,gwo,1,1266,2024-06-03 16:00:00,0,1,0.5358981490135193
mlp,gwo,1,1267,2024-06-03 16:00:00,0,1,0.5227413177490234
mlp,gwo,1,1268,2024-06-03 16:05:00,0,0,0.4862001836299896
mlp,gwo,1,1269,2024-06-03 16:05:00,0,0,0.4505698084831238
mlp,gwo,1,1270,2024-06-03 16:10:00,0,1,0.5535745024681091
mlp,gwo,1,1271,2024-06-03 16:10:00,0,1,0.5183424949645996
mlp,gwo,1,1272,2024-06-03 16:15:00,0,0,0.4315895736217499
mlp,gwo,1,1273,2024-06-03 16:15:00,0,0,0.4206346869468689
mlp,gwo,1,1274,2024-06-03 16:20:00,0,0,0.41138970851898193
mlp,gwo,1,1275,2024-06-03 16:20:00,0,0,0.36851686239242554
mlp,gwo,1,1276,2024-06-03 16:25:00,0,0,0.34238892793655396
mlp,gwo,1,1277,2024-06-03 16:25:00,0,0,0.36667031049728394
mlp,gwo,1,1278,2024-06-03 16:30:00,0,0,0.3319531977176666
mlp,gwo,1,1279,2024-06-03 16:30:00,0,0,0.3095121383666992
mlp,gwo,1,1280,2024-06-03 16:35:00,0,0,0.30808430910110474
mlp,gwo,1,1281,2024-06-03 16:35:00,0,0,0.22496682405471802
mlp,gwo,1,1282,2024-06-03 16:40:00,0,0,0.3819809854030609
mlp,gwo,1,1283,2024-06-03 16:40:00,0,0,0.37362173199653625
mlp,gwo,1,1284,2024-06-03 16:45:00,0,0,0.388430655002594
mlp,gwo,1,1285,2024-06-03 16:45:00,0,0,0.4565528929233551
mlp,gwo,1,1286,2024-06-03 16:50:00,0,0,0.391256183385849
mlp,gwo,1,1287,2024-06-03 16:50:00,0,0,0.3866423964500427
mlp,gwo,1,1288,2024-06-03 16:55:00,0,0,0.2729538083076477
mlp,gwo,1,1289,2024-06-03 16:55:00,0,0,0.24250143766403198
mlp,gwo,1,1290,2024-06-03 17:00:00,0,0,0.1830396205186844
mlp,gwo,1,1291,2024-06-03 17:00:00,0,0,0.19411495327949524
mlp,gwo,1,1292,2024-06-03 17:05:00,0,0,0.24532759189605713
mlp,gwo,1,1293,2024-06-03 17:05:00,0,0,0.24953392148017883
mlp,gwo,1,1294,2024-06-03 17:10:00,0,0,0.248691588640213
mlp,gwo,1,1295,2024-06-03 17:10:00,0,0,0.26498082280158997
mlp,gwo,1,1296,2024-06-03 17:15:00,0,0,0.312273234128952
mlp,gwo,1,1297,2024-06-03 17:15:00,0,0,0.29532715678215027
mlp,gwo,1,1298,2024-06-03 17:20:00,0,0,0.24571426212787628
mlp,gwo,1,1299,2024-06-03 17:20:00,0,0,0.23141033947467804
mlp,gwo,1,1300,2024-06-03 17:25:00,0,0,0.19485823810100555
mlp,gwo,1,1301,2024-06-03 17:25:00,0,0,0.1277838945388794
mlp,gwo,1,1302,2024-06-03 17:30:00,0,0,0.304122656583786
mlp,gwo,1,1303,2024-06-03 17:30:00,0,0,0.31048136949539185
mlp,gwo,1,1304,2024-06-03 17:35:00,0,0,0.26837828755378723
mlp,gwo,1,1305,2024-06-03 17:35:00,0,0,0.29083630442619324
mlp,gwo,1,1306,2024-06-03 17:40:00,0,0,0.2186029851436615
mlp,gwo,1,1307,2024-06-03 17:40:00,0,0,0.27740538120269775
mlp,gwo,1,1308,2024-06-03 17:45:00,0,0,0.3438785672187805
mlp,gwo,1,1309,2024-06-03 17:45:00,0,0,0.323708176612854
mlp,gwo,1,1310,2024-06-03 17:50:00,0,0,0.45492061972618103
mlp,gwo,1,1311,2024-06-03 17:50:00,0,0,0.4116031229496002
mlp,gwo,1,1312,2024-06-03 17:55:00,0,0,0.4678947627544403
mlp,gwo,1,1313,2024-06-03 17:55:00,0,1,0.5023454427719116
mlp,gwo,1,1314,2024-06-04 11:15:00,1,0,0.24920082092285156
mlp,gwo,1,1315,2024-06-04 11:20:00,1,0,0.2681753635406494
mlp,gwo,1,1316,2024-06-04 11:20:00,1,0,0.2583470046520233
mlp,gwo,1,1317,2024-06-04 11:25:00,1,0,0.4634915292263031
mlp,gwo,1,1318,2024-06-04 11:25:00,1,0,0.43836161494255066
mlp,gwo,1,1319,2024-06-04 11:30:00,1,1,0.5845290422439575
mlp,gwo,1,1320,2024-06-04 11:30:00,1,1,0.6014137268066406
mlp,gwo,1,1321,2024-06-04 11:35:00,1,1,0.6467025876045227
mlp,gwo,1,1322,2024-06-04 11:35:00,1,1,0.6065661311149597
mlp,gwo,1,1323,2024-06-04 11:40:00,1,1,0.6737805008888245
mlp,gwo,1,1324,2024-06-04 11:40:00,1,1,0.7190733551979065
mlp,gwo,1,1325,2024-06-04 11:45:00,1,1,0.6733924746513367
mlp,gwo,1,1326,2024-06-04 11:45:00,1,1,0.6574482321739197
mlp,gwo,1,1327,2024-06-04 11:50:00,1,1,0.7336063385009766
mlp,gwo,1,1328,2024-06-04 11:50:00,1,1,0.7241754531860352
mlp,gwo,1,1329,2024-06-04 11:55:00,1,1,0.6039628386497498
mlp,gwo,1,1330,2024-06-04 11:55:00,1,1,0.6408844590187073
mlp,gwo,1,1331,2024-06-04 12:00:00,1,1,0.6435109376907349
mlp,gwo,1,1332,2024-06-04 12:00:00,1,1,0.6305127143859863
mlp,gwo,1,1333,2024-06-04 12:05:00,1,0,0.49559736251831055
mlp,gwo,1,1334,2024-06-04 12:05:00,1,1,0.5146452784538269
mlp,gwo,1,1335,2024-06-04 12:10:00,1,1,0.6427488327026367
mlp,gwo,1,1336,2024-06-04 12:10:00,1,1,0.6066979169845581
mlp,gwo,1,1337,2024-06-04 12:15:00,1,1,0.805881142616272
mlp,gwo,1,1338,2024-06-04 12:15:00,1,1,0.7917237281799316
mlp,gwo,1,1339,2024-06-04 12:20:00,1,1,0.8459848165512085
mlp,gwo,1,1340,2024-06-04 12:20:00,1,1,0.8400148749351501
mlp,gwo,1,1341,2024-06-04 12:25:00,1,1,0.7828615307807922
mlp,gwo,1,1342,2024-06-04 12:25:00,1,1,0.8013582825660706
mlp,gwo,1,1343,2024-06-04 12:30:00,1,1,0.5933482646942139
mlp,gwo,1,1344,2024-06-04 12:30:00,1,1,0.5875892043113708
mlp,gwo,1,1345,2024-06-04 12:35:00,1,1,0.6293389201164246
mlp,gwo,1,1346,2024-06-04 12:35:00,1,1,0.6656970977783203
mlp,gwo,1,1347,2024-06-04 12:40:00,1,1,0.5362682342529297
mlp,gwo,1,1348,2024-06-04 12:40:00,1,1,0.5322959423065186
mlp,gwo,1,1349,2024-06-04 12:45:00,1,1,0.5079988837242126
mlp,gwo,1,1350,2024-06-04 12:45:00,1,1,0.5017791986465454
mlp,gwo,1,1351,2024-06-04 12:50:00,1,1,0.542144775390625
mlp,gwo,1,1352,2024-06-04 12:50:00,1,1,0.5836553573608398
mlp,gwo,1,1353,2024-06-04 12:55:00,1,0,0.33324599266052246
mlp,gwo,1,1354,2024-06-04 12:55:00,1,0,0.3428862988948822
mlp,gwo,1,1355,2024-06-04 13:00:00,1,0,0.3348610997200012
mlp,gwo,1,1356,2024-06-04 13:00:00,1,0,0.30768465995788574
mlp,gwo,1,1357,2024-06-04 13:05:00,1,0,0.3127358555793762
mlp,gwo,1,1358,2024-06-04 13:05:00,1,0,0.21821925044059753
mlp,gwo,1,1359,2024-06-04 13:10:00,1,1,0.5340228080749512
mlp,gwo,1,1360,2024-06-04 13:10:00,1,1,0.5606679320335388
mlp,gwo,1,1361,2024-06-04 13:15:00,1,1,0.6666519641876221
mlp,gwo,1,1362,2024-06-04 13:15:00,1,1,0.7243801951408386
mlp,gwo,1,1363,2024-06-04 13:20:00,1,1,0.676135241985321
mlp,gwo,1,1364,2024-06-04 13:20:00,1,1,0.6035706400871277
mlp,gwo,1,1365,2024-06-04 13:25:00,1,1,0.604623556137085
mlp,gwo,1,1366,2024-06-04 13:25:00,1,1,0.5870974659919739
mlp,gwo,1,1367,2024-06-04 13:30:00,1,1,0.5013833045959473
mlp,gwo,1,1368,2024-06-04 13:30:00,1,1,0.532646894454956
mlp,gwo,1,1369,2024-06-04 13:35:00,1,0,0.42148539423942566
mlp,gwo,1,1370,2024-06-04 13:35:00,1,0,0.39274802803993225
mlp,gwo,1,1371,2024-06-04 13:40:00,1,1,0.5186720490455627
mlp,gwo,1,1372,2024-06-04 13:40:00,1,0,0.481164813041687
mlp,gwo,1,1373,2024-06-04 13:45:00,1,1,0.6335630416870117
mlp,gwo,1,1374,2024-06-04 13:45:00,1,1,0.6346820592880249
mlp,gwo,1,1375,2024-06-04 13:50:00,1,1,0.6309725046157837
mlp,gwo,1,1376,2024-06-04 13:50:00,1,1,0.6536413431167603
mlp,gwo,1,1377,2024-06-04 13:55:00,1,1,0.7207705974578857
mlp,gwo,1,1378,2024-06-04 13:55:00,1,1,0.7178198099136353
mlp,gwo,1,1379,2024-06-04 14:00:00,1,1,0.7276897430419922
mlp,gwo,1,1380,2024-06-04 14:00:00,1,1,0.7002351880073547
mlp,gwo,1,1381,2024-06-04 14:05:00,1,1,0.5726239681243896
mlp,gwo,1,1382,2024-06-04 14:05:00,1,1,0.5404163599014282
mlp,gwo,1,1383,2024-06-04 14:10:00,1,0,0.4828532040119171
mlp,gwo,1,1384,2024-06-04 14:10:00,1,0,0.43028441071510315
mlp,gwo,1,1385,2024-06-04 14:15:00,1,0,0.4316158592700958
mlp,gwo,1,1386,2024-06-04 14:15:00,1,0,0.4469234347343445
mlp,gwo,1,1387,2024-06-04 14:20:00,1,0,0.4866906702518463
mlp,gwo,1,1388,2024-06-04 14:20:00,1,0,0.47474202513694763
mlp,gwo,1,1389,2024-06-04 14:25:00,1,1,0.5913549065589905
mlp,gwo,1,1390,2024-06-04 14:25:00,1,1,0.5838468670845032
mlp,gwo,1,1391,2024-06-04 14:30:00,1,1,0.6261773109436035
mlp,gwo,1,1392,2024-06-04 14:30:00,1,1,0.6146711707115173
mlp,gwo,1,1393,2024-06-04 14:35:00,1,1,0.6241395473480225
mlp,gwo,1,1394,2024-06-04 14:35:00,1,1,0.6582064628601074
mlp,gwo,1,1395,2024-06-04 14:40:00,1,1,0.744173526763916
mlp,gwo,1,1396,2024-06-04 14:40:00,1,1,0.6963422894477844
mlp,gwo,1,1397,2024-06-04 14:45:00,1,1,0.7646730542182922
mlp,gwo,1,1398,2024-06-04 14:45:00,1,1,0.7199258208274841
mlp,gwo,1,1399,2024-06-04 14:50:00,1,1,0.6365776658058167
mlp,gwo,1,1400,2024-06-04 14:50:00,1,1,0.6508508324623108
mlp,gwo,1,1401,2024-06-04 14:55:00,1,1,0.5759919285774231
mlp,gwo,1,1402,2024-06-04 14:55:00,1,1,0.5700673460960388
mlp,gwo,1,1403,2024-06-04 15:00:00,1,1,0.5778151154518127
mlp,gwo,1,1404,2024-06-04 15:00:00,1,1,0.5946544408798218
mlp,gwo,1,1405,2024-06-04 15:05:00,1,1,0.5271750688552856
mlp,gwo,1,1406,2024-06-04 15:05:00,1,1,0.5587601661682129
mlp,gwo,1,1407,2024-06-04 15:10:00,1,0,0.3890315592288971
mlp,gwo,1,1408,2024-06-04 15:10:00,1,0,0.416718989610672
mlp,gwo,1,1409,2024-06-04 15:15:00,1,1,0.5158960223197937
mlp,gwo,1,1410,2024-06-04 15:15:00,1,1,0.5418466329574585
mlp,gwo,1,1411,2024-06-04 15:20:00,1,1,0.6920225620269775
mlp,gwo,1,1412,2024-06-04 15:20:00,1,1,0.6674308180809021
mlp,gwo,1,1413,2024-06-04 15:25:00,1,1,0.8161852955818176
mlp,gwo,1,1414,2024-06-04 15:25:00,1,1,0.8169357180595398
mlp,gwo,1,1415,2024-06-04 15:30:00,1,1,0.6795714497566223
mlp,gwo,1,1416,2024-06-04 15:30:00,1,1,0.6731783747673035
mlp,gwo,1,1417,2024-06-04 15:35:00,1,1,0.5531215071678162
mlp,gwo,1,1418,2024-06-04 15:35:00,1,1,0.5272456407546997
mlp,gwo,1,1419,2024-06-04 15:40:00,1,0,0.43479830026626587
mlp,gwo,1,1420,2024-06-04 15:40:00,1,0,0.4231339991092682
mlp,gwo,1,1421,2024-06-04 15:45:00,1,1,0.5741763114929199
mlp,gwo,1,1422,2024-06-04 15:45:00,1,1,0.5382377505302429
mlp,gwo,1,1423,2024-06-04 15:50:00,1,0,0.4414885938167572
mlp,gwo,1,1424,2024-06-04 15:50:00,1,1,0.5368515849113464
mlp,gwo,1,1425,2024-06-04 15:55:00,1,0,0.3587739169597626
mlp,gwo,1,1426,2024-06-04 15:55:00,1,0,0.3527791202068329
mlp,gwo,1,1427,2024-06-04 16:00:00,1,0,0.2508254945278168
mlp,gwo,1,1428,2024-06-04 16:00:00,1,0,0.23104926943778992
mlp,gwo,1,1429,2024-06-04 16:05:00,1,0,0.27826371788978577
mlp,gwo,1,1430,2024-06-04 16:05:00,1,0,0.25097405910491943
mlp,gwo,1,1431,2024-06-04 16:10:00,1,0,0.4654153883457184
mlp,gwo,1,1432,2024-06-04 16:10:00,1,0,0.4710307717323303
mlp,gwo,1,1433,2024-06-04 16:15:00,1,1,0.6125017404556274
mlp,gwo,1,1434,2024-06-04 16:15:00,1,1,0.5953200459480286
mlp,gwo,1,1435,2024-06-04 16:20:00,1,1,0.6166151165962219
mlp,gwo,1,1436,2024-06-04 16:20:00,1,1,0.6372553110122681
mlp,gwo,1,1437,2024-06-04 16:25:00,1,1,0.6408023834228516
mlp,gwo,1,1438,2024-06-04 16:25:00,1,1,0.6480663418769836
mlp,gwo,1,1439,2024-06-04 16:30:00,1,1,0.6833042502403259
mlp,gwo,1,1440,2024-06-04 16:30:00,1,1,0.6778162717819214
mlp,gwo,1,1441,2024-06-04 16:35:00,1,1,0.5589397549629211
mlp,gwo,1,1442,2024-06-04 16:35:00,1,1,0.5570220947265625
mlp,gwo,1,1443,2024-06-04 16:40:00,1,1,0.6220915913581848
mlp,gwo,1,1444,2024-06-04 16:40:00,1,1,0.6972313523292542
mlp,gwo,1,1445,2024-06-04 16:45:00,1,1,0.5536826848983765
mlp,gwo,1,1446,2024-06-04 16:45:00,1,1,0.6781635284423828
mlp,gwo,1,1447,2024-06-04 16:50:00,1,1,0.5874616503715515
mlp,gwo,1,1448,2024-06-04 16:50:00,1,1,0.6402453780174255
mlp,gwo,1,1449,2024-06-04 16:55:00,0,1,0.6293818950653076
mlp,gwo,1,1450,2024-06-04 16:55:00,0,1,0.6500065326690674
mlp,gwo,1,1451,2024-06-04 17:00:00,0,1,0.5932607054710388
mlp,gwo,1,1452,2024-06-04 17:00:00,0,1,0.5640077590942383
mlp,gwo,1,1453,2024-06-04 17:05:00,0,0,0.4808833599090576
mlp,gwo,1,1454,2024-06-04 17:05:00,0,1,0.5504133701324463
mlp,gwo,1,1455,2024-06-04 17:10:00,0,0,0.42402881383895874
mlp,gwo,1,1456,2024-06-04 17:10:00,0,0,0.45439815521240234
mlp,gwo,1,1457,2024-06-04 17:15:00,0,0,0.3085620701313019
mlp,gwo,1,1458,2024-06-04 17:15:00,0,0,0.4183432459831238
mlp,gwo,1,1459,2024-06-04 17:20:00,0,0,0.4394349753856659
mlp,gwo,1,1460,2024-06-04 17:20:00,0,0,0.2964406907558441
mlp,gwo,1,1461,2024-06-04 17:25:00,0,0,0.4102277457714081
mlp,gwo,1,1462,2024-06-04 17:25:00,0,0,0.33176979422569275
mlp,gwo,1,1463,2024-06-04 17:30:00,0,1,0.5043866634368896
mlp,gwo,1,1464,2024-06-04 17:30:00,0,1,0.5421198010444641
mlp,gwo,1,1465,2024-06-04 17:35:00,0,1,0.5013781189918518
mlp,gwo,1,1466,2024-06-04 17:35:00,0,0,0.4893317222595215
mlp,gwo,1,1467,2024-06-04 17:40:00,0,0,0.4862064719200134
mlp,gwo,1,1468,2024-06-04 17:40:00,0,0,0.49384498596191406
mlp,gwo,1,1469,2024-06-04 17:45:00,0,0,0.49685361981391907
mlp,gwo,1,1470,2024-06-04 17:45:00,0,0,0.47912344336509705
mlp,gwo,1,1471,2024-06-04 17:50:00,0,1,0.52826327085495
mlp,gwo,1,1472,2024-06-04 17:50:00,0,1,0.5435687303543091
mlp,gwo,1,1473,2024-06-04 17:55:00,0,1,0.6431679725646973
mlp,gwo,1,1474,2024-06-04 17:55:00,0,1,0.6880635023117065
mlp,gwo,1,1475,2024-06-05 11:10:00,1,0,0.15944762527942657
mlp,gwo,1,1476,2024-06-05 11:10:00,1,0,0.15154476463794708
mlp,gwo,1,1477,2024-06-05 11:15:00,1,0,0.1895371377468109
mlp,gwo,1,1478,2024-06-05 11:15:00,1,0,0.18823489546775818
mlp,gwo,1,1479,2024-06-05 11:20:00,1,1,0.5143975615501404
mlp,gwo,1,1480,2024-06-05 11:20:00,1,1,0.5124918818473816
mlp,gwo,1,1481,2024-06-05 11:25:00,1,1,0.6768954396247864
mlp,gwo,1,1482,2024-06-05 11:25:00,1,1,0.6891385316848755
mlp,gwo,1,1483,2024-06-05 11:30:00,1,1,0.8518427014350891
mlp,gwo,1,1484,2024-06-05 11:30:00,1,1,0.8461634516716003
mlp,gwo,1,1485,2024-06-05 11:35:00,1,1,0.9335243701934814
mlp,gwo,1,1486,2024-06-05 11:35:00,1,1,0.9317160844802856
mlp,gwo,1,1487,2024-06-05 11:40:00,1,1,0.9463062882423401
mlp,gwo,1,1488,2024-06-05 11:40:00,0,1,0.9408974647521973
mlp,gwo,1,1489,2024-06-05 11:45:00,0,1,0.809838593006134
mlp,gwo,1,1490,2024-06-05 11:45:00,1,1,0.8079869747161865
mlp,gwo,1,1491,2024-06-05 11:50:00,1,1,0.7313643097877502
mlp,gwo,1,1492,2024-06-05 11:50:00,0,1,0.709864616394043
mlp,gwo,1,1493,2024-06-05 11:55:00,1,1,0.5660690069198608
mlp,gwo,1,1494,2024-06-05 11:55:00,0,1,0.5695050358772278
mlp,gwo,1,1495,2024-06-05 12:00:00,1,1,0.5901234745979309
mlp,gwo,1,1496,2024-06-05 12:00:00,0,1,0.6177281737327576
mlp,gwo,1,1497,2024-06-05 12:05:00,0,0,0.4900120794773102
mlp,gwo,1,1498,2024-06-05 12:05:00,1,0,0.4687741696834564
mlp,gwo,1,1499,2024-06-05 12:10:00,1,0,0.40202367305755615
mlp,gwo,1,1500,2024-06-05 12:10:00,0,0,0.41876694560050964
mlp,gwo,1,1501,2024-06-05 12:15:00,0,1,0.6551095247268677
mlp,gwo,1,1502,2024-06-05 12:15:00,1,1,0.6420191526412964
mlp,gwo,1,1503,2024-06-05 12:20:00,0,1,0.7323794960975647
mlp,gwo,1,1504,2024-06-05 12:20:00,1,1,0.7346099615097046
mlp,gwo,1,1505,2024-06-05 12:25:00,0,1,0.7574321627616882
mlp,gwo,1,1506,2024-06-05 12:25:00,0,1,0.7343171834945679
mlp,gwo,1,1507,2024-06-05 12:30:00,0,1,0.7341305017471313
mlp,gwo,1,1508,2024-06-05 12:30:00,0,1,0.6723620295524597
mlp,gwo,1,1509,2024-06-05 12:35:00,0,1,0.5409302115440369
mlp,gwo,1,1510,2024-06-05 12:35:00,0,1,0.5977806448936462
mlp,gwo,1,1511,2024-06-05 12:40:00,0,1,0.5346093773841858
mlp,gwo,1,1512,2024-06-05 12:40:00,0,0,0.49708783626556396
mlp,gwo,1,1513,2024-06-05 12:45:00,0,0,0.4376427233219147
mlp,gwo,1,1514,2024-06-05 12:45:00,0,0,0.38129961490631104
mlp,gwo,1,1515,2024-06-05 12:50:00,0,0,0.2677161693572998
mlp,gwo,1,1516,2024-06-05 12:50:00,0,0,0.3648594915866852
mlp,gwo,1,1517,2024-06-05 12:55:00,0,0,0.43466272950172424
mlp,gwo,1,1518,2024-06-05 12:55:00,0,0,0.39930570125579834
mlp,gwo,1,1519,2024-06-05 13:00:00,0,0,0.38765808939933777
mlp,gwo,1,1520,2024-06-05 13:00:00,0,0,0.3979805111885071
mlp,gwo,1,1521,2024-06-05 13:05:00,0,0,0.3047478497028351
mlp,gwo,1,1522,2024-06-05 13:05:00,0,0,0.30901527404785156
mlp,gwo,1,1523,2024-06-05 13:10:00,0,0,0.25332531332969666
mlp,gwo,1,1524,2024-06-05 13:10:00,0,0,0.29888397455215454
mlp,gwo,1,1525,2024-06-05 13:15:00,0,0,0.30868643522262573
mlp,gwo,1,1526,2024-06-05 13:15:00,0,0,0.339839905500412
mlp,gwo,1,1527,2024-06-05 13:20:00,0,0,0.3377532660961151
mlp,gwo,1,1528,2024-06-05 13:20:00,0,0,0.29929471015930176
mlp,gwo,1,1529,2024-06-05 13:25:00,0,0,0.25562384724617004
mlp,gwo,1,1530,2024-06-05 13:25:00,0,0,0.2574429214000702
mlp,gwo,1,1531,2024-06-05 13:30:00,0,0,0.24210776388645172
mlp,gwo,1,1532,2024-06-05 13:30:00,0,0,0.24867400527000427
mlp,gwo,1,1533,2024-06-05 13:35:00,0,0,0.3490190804004669
mlp,gwo,1,1534,2024-06-05 13:35:00,0,0,0.320879727602005
mlp,gwo,1,1535,2024-06-05 13:40:00,0,0,0.338135302066803
mlp,gwo,1,1536,2024-06-05 13:40:00,0,0,0.3823435604572296
mlp,gwo,1,1537,2024-06-05 13:45:00,0,0,0.21102608740329742
mlp,gwo,1,1538,2024-06-05 13:45:00,0,0,0.347047358751297
mlp,gwo,1,1539,2024-06-05 13:50:00,0,1,0.5339954495429993
mlp,gwo,1,1540,2024-06-05 13:50:00,0,1,0.5725637674331665
mlp,gwo,1,1541,2024-06-05 13:55:00,0,1,0.5098787546157837
mlp,gwo,1,1542,2024-06-05 13:55:00,0,0,0.48890867829322815
mlp,gwo,1,1543,2024-06-05 14:00:00,0,1,0.582790732383728
mlp,gwo,1,1544,2024-06-05 14:00:00,0,0,0.49330732226371765
mlp,gwo,1,1545,2024-06-05 14:05:00,0,0,0.42485511302948
mlp,gwo,1,1546,2024-06-05 14:05:00,0,0,0.3449821472167969
mlp,gwo,1,1547,2024-06-05 14:10:00,0,0,0.3433806598186493
mlp,gwo,1,1548,2024-06-05 14:10:00,0,0,0.31834617257118225
mlp,gwo,1,1549,2024-06-05 14:15:00,0,0,0.3547746241092682
mlp,gwo,1,1550,2024-06-05 14:15:00,0,0,0.28280016779899597
mlp,gwo,1,1551,2024-06-05 14:20:00,0,0,0.42870184779167175
mlp,gwo,1,1552,2024-06-05 14:20:00,0,0,0.47679513692855835
mlp,gwo,1,1553,2024-06-05 14:25:00,0,1,0.5475285053253174
mlp,gwo,1,1554,2024-06-05 14:25:00,0,1,0.574272871017456
mlp,gwo,1,1555,2024-06-05 14:30:00,0,1,0.7204378843307495
mlp,gwo,1,1556,2024-06-05 14:30:00,0,1,0.6769159436225891
mlp,gwo,1,1557,2024-06-05 14:35:00,0,1,0.6663680672645569
mlp,gwo,1,1558,2024-06-05 14:35:00,0,1,0.6629621982574463
mlp,gwo,1,1559,2024-06-05 14:40:00,0,1,0.7470406889915466
mlp,gwo,1,1560,2024-06-05 14:40:00,0,1,0.6721404194831848
mlp,gwo,1,1561,2024-06-05 14:45:00,0,0,0.4988967776298523
mlp,gwo,1,1562,2024-06-05 14:45:00,0,1,0.5677250623703003
mlp,gwo,1,1563,2024-06-05 14:50:00,0,0,0.25900998711586
mlp,gwo,1,1564,2024-06-05 14:50:00,0,0,0.2583760619163513
mlp,gwo,1,1565,2024-06-05 14:55:00,0,0,0.22048014402389526
mlp,gwo,1,1566,2024-06-05 14:55:00,0,0,0.19163338840007782
mlp,gwo,1,1567,2024-06-05 15:00:00,0,0,0.2979472279548645
mlp,gwo,1,1568,2024-06-05 15:00:00,0,0,0.33502259850502014
mlp,gwo,1,1569,2024-06-05 15:05:00,0,0,0.2736305892467499
mlp,gwo,1,1570,2024-06-05 15:05:00,0,0,0.2513473927974701
mlp,gwo,1,1571,2024-06-05 15:10:00,0,0,0.1815972477197647
mlp,gwo,1,1572,2024-06-05 15:10:00,0,0,0.16562190651893616
mlp,gwo,1,1573,2024-06-05 15:15:00,0,0,0.16275279223918915
mlp,gwo,1,1574,2024-06-05 15:15:00,0,0,0.17568491399288177
mlp,gwo,1,1575,2024-06-05 15:20:00,0,0,0.24211011826992035
mlp,gwo,1,1576,2024-06-05 15:20:00,0,0,0.22067223489284515
mlp,gwo,1,1577,2024-06-05 15:25:00,0,0,0.22972959280014038
mlp,gwo,1,1578,2024-06-05 15:25:00,0,0,0.23884886503219604
mlp,gwo,1,1579,2024-06-05 15:30:00,0,0,0.291905015707016
mlp,gwo,1,1580,2024-06-05 15:30:00,0,0,0.2804524898529053
mlp,gwo,1,1581,2024-06-05 15:35:00,1,0,0.21278350055217743
mlp,gwo,1,1582,2024-06-05 15:35:00,0,0,0.24901507794857025
mlp,gwo,1,1583,2024-06-05 15:40:00,0,0,0.35504668951034546
mlp,gwo,1,1584,2024-06-05 15:40:00,1,0,0.31637099385261536
mlp,gwo,1,1585,2024-06-05 15:45:00,1,0,0.3794368505477905
mlp,gwo,1,1586,2024-06-05 15:45:00,0,0,0.3823491036891937
mlp,gwo,1,1587,2024-06-05 15:50:00,1,1,0.5189388990402222
mlp,gwo,1,1588,2024-06-05 15:50:00,0,1,0.5713019371032715
mlp,gwo,1,1589,2024-06-05 15:55:00,1,1,0.6822198033332825
mlp,gwo,1,1590,2024-06-05 15:55:00,0,1,0.6491715908050537
mlp,gwo,1,1591,2024-06-05 16:00:00,0,1,0.7086807489395142
mlp,gwo,1,1592,2024-06-05 16:00:00,1,1,0.783949077129364
mlp,gwo,1,1593,2024-06-05 16:05:00,0,1,0.5127460956573486
mlp,gwo,1,1594,2024-06-05 16:05:00,1,1,0.5050423741340637
mlp,gwo,1,1595,2024-06-05 16:10:00,1,0,0.34776216745376587
mlp,gwo,1,1596,2024-06-05 16:10:00,1,0,0.3837266266345978
mlp,gwo,1,1597,2024-06-05 16:15:00,1,0,0.38617491722106934
mlp,gwo,1,1598,2024-06-05 16:15:00,1,0,0.36936134099960327
mlp,gwo,1,1599,2024-06-05 16:20:00,1,1,0.5164874196052551
mlp,gwo,1,1600,2024-06-05 16:20:00,1,0,0.4846424460411072
mlp,gwo,1,1601,2024-06-05 16:25:00,1,1,0.5054017901420593
mlp,gwo,1,1602,2024-06-05 16:25:00,1,0,0.49499639868736267
mlp,gwo,1,1603,2024-06-05 16:30:00,1,0,0.4334108531475067
mlp,gwo,1,1604,2024-06-05 16:30:00,1,0,0.46767833828926086
mlp,gwo,1,1605,2024-06-05 16:35:00,1,1,0.5169113278388977
mlp,gwo,1,1606,2024-06-05 16:35:00,1,1,0.5457537770271301
mlp,gwo,1,1607,2024-06-05 16:40:00,1,1,0.5657435655593872
mlp,gwo,1,1608,2024-06-05 16:40:00,1,1,0.5908506512641907
mlp,gwo,1,1609,2024-06-05 16:45:00,1,1,0.5195936560630798
mlp,gwo,1,1610,2024-06-05 16:45:00,1,1,0.5119015574455261
mlp,gwo,1,1611,2024-06-05 16:50:00,1,1,0.5684811472892761
mlp,gwo,1,1612,2024-06-05 16:50:00,1,1,0.5827892422676086
mlp,gwo,1,1613,2024-06-05 16:55:00,0,1,0.6631508469581604
mlp,gwo,1,1614,2024-06-05 16:55:00,1,1,0.6463568806648254
mlp,gwo,1,1615,2024-06-05 17:00:00,1,1,0.6157752871513367
mlp,gwo,1,1616,2024-06-05 17:00:00,0,1,0.6506619453430176
mlp,gwo,1,1617,2024-06-05 17:05:00,0,0,0.4460787773132324
mlp,gwo,1,1618,2024-06-05 17:05:00,0,0,0.4598497748374939
mlp,gwo,1,1619,2024-06-05 17:10:00,1,0,0.35851895809173584
mlp,gwo,1,1620,2024-06-05 17:10:00,1,0,0.3831480145454407
mlp,gwo,1,1621,2024-06-05 17:15:00,1,1,0.5354366898536682
mlp,gwo,1,1622,2024-06-05 17:15:00,1,1,0.5332873463630676
mlp,gwo,1,1623,2024-06-05 17:20:00,1,1,0.5655564665794373
mlp,gwo,1,1624,2024-06-05 17:20:00,1,1,0.5543799996376038
mlp,gwo,1,1625,2024-06-05 17:25:00,1,1,0.6120591163635254
mlp,gwo,1,1626,2024-06-05 17:30:00,1,1,0.6017101407051086
mlp,gwo,1,1627,2024-06-05 17:30:00,1,1,0.6444238424301147
mlp,gwo,1,1628,2024-06-05 17:35:00,1,0,0.4572361409664154
mlp,gwo,1,1629,2024-06-05 17:35:00,1,0,0.46869030594825745
mlp,gwo,1,1630,2024-06-05 17:40:00,1,0,0.41915789246559143
mlp,gwo,1,1631,2024-06-05 17:40:00,1,0,0.24144548177719116
mlp,gwo,1,1632,2024-06-05 17:45:00,1,1,0.5312018394470215
mlp,gwo,1,1633,2024-06-05 17:45:00,1,1,0.5471940040588379
mlp,gwo,1,1634,2024-06-05 17:50:00,1,1,0.513554573059082
mlp,gwo,1,1635,2024-06-05 17:50:00,1,1,0.5217809081077576
mlp,gwo,1,1636,2024-06-05 17:55:00,1,1,0.5157084465026855
mlp,gwo,1,1637,2024-06-05 17:55:00,1,1,0.51531583070755
mlp,gwo,1,1638,2024-06-06 12:40:00,0,1,0.8546420931816101
mlp,gwo,1,1639,2024-06-06 12:40:00,0,1,0.8484973311424255
mlp,gwo,1,1640,2024-06-06 12:45:00,0,1,0.6516103744506836
mlp,gwo,1,1641,2024-06-06 12:45:00,0,1,0.662449836730957
mlp,gwo,1,1642,2024-06-06 12:50:00,0,1,0.6395187377929688
mlp,gwo,1,1643,2024-06-06 12:50:00,0,1,0.6281850934028625
mlp,gwo,1,1644,2024-06-06 12:55:00,0,1,0.7485583424568176
mlp,gwo,1,1645,2024-06-06 12:55:00,0,1,0.6637477874755859
mlp,gwo,1,1646,2024-06-06 13:00:00,0,0,0.2693593502044678
mlp,gwo,1,1647,2024-06-06 13:00:00,0,0,0.28287822008132935
mlp,gwo,1,1648,2024-06-06 13:05:00,0,0,0.18607623875141144
mlp,gwo,1,1649,2024-06-06 13:05:00,0,0,0.14937067031860352
mlp,gwo,1,1650,2024-06-06 13:10:00,0,0,0.20772984623908997
mlp,gwo,1,1651,2024-06-06 13:10:00,0,0,0.22476579248905182
mlp,gwo,1,1652,2024-06-06 13:15:00,0,0,0.3419645130634308
mlp,gwo,1,1653,2024-06-06 13:15:00,0,0,0.33267882466316223
mlp,gwo,1,1654,2024-06-06 13:20:00,0,0,0.3121267259120941
mlp,gwo,1,1655,2024-06-06 13:20:00,0,0,0.3430705666542053
mlp,gwo,1,1656,2024-06-06 13:25:00,0,0,0.36667749285697937
mlp,gwo,1,1657,2024-06-06 13:25:00,0,0,0.36931994557380676
mlp,gwo,1,1658,2024-06-06 13:30:00,0,0,0.30186548829078674
mlp,gwo,1,1659,2024-06-06 13:30:00,0,0,0.2991938591003418
mlp,gwo,1,1660,2024-06-06 13:35:00,0,0,0.2328324019908905
mlp,gwo,1,1661,2024-06-06 13:35:00,0,0,0.25766265392303467
mlp,gwo,1,1662,2024-06-06 13:40:00,1,0,0.21702568233013153
mlp,gwo,1,1663,2024-06-06 13:40:00,0,0,0.20946848392486572
mlp,gwo,1,1664,2024-06-06 13:45:00,1,0,0.23761086165905
mlp,gwo,1,1665,2024-06-06 13:45:00,1,0,0.199727863073349
mlp,gwo,1,1666,2024-06-06 13:50:00,1,0,0.3531188368797302
mlp,gwo,1,1667,2024-06-06 13:50:00,1,0,0.3483886420726776
mlp,gwo,1,1668,2024-06-06 13:55:00,1,0,0.479797899723053
mlp,gwo,1,1669,2024-06-06 13:55:00,1,0,0.4833552837371826
mlp,gwo,1,1670,2024-06-06 14:00:00,1,1,0.6515871286392212
mlp,gwo,1,1671,2024-06-06 14:00:00,1,1,0.6671038269996643
mlp,gwo,1,1672,2024-06-06 14:05:00,1,1,0.6517855525016785
mlp,gwo,1,1673,2024-06-06 14:05:00,1,1,0.6972478628158569
mlp,gwo,1,1674,2024-06-06 14:10:00,1,1,0.6981793642044067
mlp,gwo,1,1675,2024-06-06 14:10:00,1,1,0.5974658131599426
mlp,gwo,1,1676,2024-06-06 14:15:00,1,1,0.6266487836837769
mlp,gwo,1,1677,2024-06-06 14:15:00,1,1,0.6506040096282959
mlp,gwo,1,1678,2024-06-06 14:20:00,1,1,0.7907186150550842
mlp,gwo,1,1679,2024-06-06 14:20:00,1,1,0.7970487475395203
mlp,gwo,1,1680,2024-06-06 14:25:00,1,1,0.799592137336731
mlp,gwo,1,1681,2024-06-06 14:25:00,1,1,0.807875394821167
mlp,gwo,1,1682,2024-06-06 14:30:00,1,1,0.8364695906639099
mlp,gwo,1,1683,2024-06-06 14:30:00,1,1,0.8188017010688782
mlp,gwo,1,1684,2024-06-06 14:35:00,1,1,0.8283730745315552
mlp,gwo,1,1685,2024-06-06 14:35:00,1,1,0.8337797522544861
mlp,gwo,1,1686,2024-06-06 14:40:00,1,1,0.7791067361831665
mlp,gwo,1,1687,2024-06-06 14:40:00,0,1,0.8132004141807556
mlp,gwo,1,1688,2024-06-06 14:45:00,0,1,0.5267425179481506
mlp,gwo,1,1689,2024-06-06 14:45:00,1,0,0.4619355797767639
mlp,gwo,1,1690,2024-06-06 14:50:00,0,0,0.2822840213775635
mlp,gwo,1,1691,2024-06-06 14:50:00,1,0,0.2903318405151367
mlp,gwo,1,1692,2024-06-06 14:55:00,0,0,0.22774949669837952
mlp,gwo,1,1693,2024-06-06 14:55:00,1,0,0.27383795380592346
mlp,gwo,1,1694,2024-06-06 15:00:00,1,0,0.27222979068756104
mlp,gwo,1,1695,2024-06-06 15:00:00,0,0,0.2504120171070099
mlp,gwo,1,1696,2024-06-06 15:05:00,1,0,0.15890832245349884
mlp,gwo,1,1697,2024-06-06 15:05:00,1,0,0.17100383341312408
mlp,gwo,1,1698,2024-06-06 15:10:00,1,0,0.16977417469024658
mlp,gwo,1,1699,2024-06-06 15:10:00,1,0,0.16032904386520386
mlp,gwo,1,1700,2024-06-06 15:15:00,1,0,0.382596880197525
mlp,gwo,1,1701,2024-06-06 15:15:00,1,0,0.39024412631988525
mlp,gwo,1,1702,2024-06-06 15:20:00,1,1,0.5509123802185059
mlp,gwo,1,1703,2024-06-06 15:20:00,1,1,0.5637766122817993
mlp,gwo,1,1704,2024-06-06 15:25:00,1,1,0.6032384037971497
mlp,gwo,1,1705,2024-06-06 15:25:00,1,1,0.5923891067504883
mlp,gwo,1,1706,2024-06-06 15:30:00,1,1,0.6238546371459961
mlp,gwo,1,1707,2024-06-06 15:30:00,1,1,0.616807222366333
mlp,gwo,1,1708,2024-06-06 15:35:00,1,1,0.6865288615226746
mlp,gwo,1,1709,2024-06-06 15:35:00,1,1,0.6778827905654907
mlp,gwo,1,1710,2024-06-06 15:40:00,1,1,0.707086443901062
mlp,gwo,1,1711,2024-06-06 15:40:00,1,1,0.7340520024299622
mlp,gwo,1,1712,2024-06-06 15:45:00,1,1,0.7654244899749756
mlp,gwo,1,1713,2024-06-06 15:45:00,1,1,0.7968185544013977
mlp,gwo,1,1714,2024-06-06 15:50:00,1,1,0.5484583973884583
mlp,gwo,1,1715,2024-06-06 15:50:00,1,1,0.5304831862449646
mlp,gwo,1,1716,2024-06-06 15:55:00,1,0,0.35725137591362
mlp,gwo,1,1717,2024-06-06 15:55:00,1,0,0.37746086716651917
mlp,gwo,1,1718,2024-06-06 16:00:00,1,0,0.25358453392982483
mlp,gwo,1,1719,2024-06-06 16:00:00,1,0,0.2527340352535248
mlp,gwo,1,1720,2024-06-06 16:05:00,1,0,0.2898607552051544
mlp,gwo,1,1721,2024-06-06 16:05:00,1,0,0.2749594449996948
mlp,gwo,1,1722,2024-06-06 16:10:00,1,0,0.2990322709083557
mlp,gwo,1,1723,2024-06-06 16:10:00,1,0,0.27252206206321716
mlp,gwo,1,1724,2024-06-06 16:15:00,1,0,0.2965945601463318
mlp,gwo,1,1725,2024-06-06 16:15:00,1,0,0.3295574486255646
mlp,gwo,1,1726,2024-06-06 16:20:00,1,0,0.2667084336280823
mlp,gwo,1,1727,2024-06-06 16:20:00,1,0,0.3152049481868744
mlp,gwo,1,1728,2024-06-06 16:25:00,1,0,0.3194311857223511
mlp,gwo,1,1729,2024-06-06 16:25:00,1,0,0.3368658125400543
mlp,gwo,1,1730,2024-06-06 16:30:00,1,0,0.32182809710502625
mlp,gwo,1,1731,2024-06-06 16:30:00,1,0,0.31857728958129883
mlp,gwo,1,1732,2024-06-06 16:35:00,1,0,0.39992472529411316
mlp,gwo,1,1733,2024-06-06 16:35:00,1,0,0.40377360582351685
mlp,gwo,1,1734,2024-06-06 16:40:00,1,1,0.6216277480125427
mlp,gwo,1,1735,2024-06-06 16:40:00,1,1,0.6374086737632751
mlp,gwo,1,1736,2024-06-06 16:45:00,1,1,0.7369199991226196
mlp,gwo,1,1737,2024-06-06 16:45:00,1,1,0.7282557487487793
mlp,gwo,1,1738,2024-06-06 16:50:00,1,1,0.7920032143592834
mlp,gwo,1,1739,2024-06-06 16:50:00,1,1,0.816740870475769
mlp,gwo,1,1740,2024-06-06 16:55:00,0,1,0.822799563407898
mlp,gwo,1,1741,2024-06-06 16:55:00,0,1,0.8067472577095032
mlp,gwo,1,1742,2024-06-06 17:00:00,0,1,0.7759713530540466
mlp,gwo,1,1743,2024-06-06 17:00:00,0,1,0.7315674424171448
mlp,gwo,1,1744,2024-06-06 17:05:00,0,1,0.657546877861023
mlp,gwo,1,1745,2024-06-06 17:05:00,0,1,0.5659865140914917
mlp,gwo,1,1746,2024-06-06 17:10:00,0,1,0.5889844298362732
mlp,gwo,1,1747,2024-06-06 17:10:00,0,1,0.5601561069488525
mlp,gwo,1,1748,2024-06-06 17:15:00,0,1,0.6332783699035645
mlp,gwo,1,1749,2024-06-06 17:15:00,0,1,0.5866132378578186
mlp,gwo,1,1750,2024-06-06 17:20:00,0,1,0.5937104225158691
mlp,gwo,1,1751,2024-06-06 17:20:00,0,1,0.5758560299873352
mlp,gwo,1,1752,2024-06-06 17:25:00,0,0,0.490494966506958
mlp,gwo,1,1753,2024-06-06 17:25:00,0,1,0.5403844118118286
mlp,gwo,1,1754,2024-06-06 17:30:00,0,1,0.5759862661361694
mlp,gwo,1,1755,2024-06-06 17:30:00,0,1,0.547636091709137
mlp,gwo,1,1756,2024-06-06 17:35:00,0,1,0.6041486859321594
mlp,gwo,1,1757,2024-06-06 17:35:00,0,1,0.5751347541809082
mlp,gwo,1,1758,2024-06-06 17:40:00,0,0,0.48025113344192505
mlp,gwo,1,1759,2024-06-06 17:40:00,0,0,0.4911205470561981
mlp,gwo,1,1760,2024-06-06 17:45:00,0,0,0.4439341425895691
mlp,gwo,1,1761,2024-06-06 17:45:00,0,0,0.4681139588356018
mlp,gwo,1,1762,2024-06-06 17:50:00,0,1,0.5284056663513184
mlp,gwo,1,1763,2024-06-06 17:50:00,0,1,0.5535494685173035
mlp,gwo,1,1764,2024-06-06 17:55:00,0,0,0.4581855535507202
mlp,gwo,1,1765,2024-06-06 17:55:00,1,0,0.4805750250816345
mlp,gwo,1,1766,2024-06-07 17:10:00,1,0,0.3943248391151428
mlp,gwo,1,1767,2024-06-07 17:15:00,1,0,0.2940717041492462
mlp,gwo,1,1768,2024-06-07 17:20:00,1,1,0.6127641797065735
mlp,gwo,1,1769,2024-06-07 17:25:00,1,1,0.5904017090797424
mlp,gwo,1,1770,2024-06-07 17:30:00,1,1,0.605940043926239
mlp,gwo,1,1771,2024-06-07 17:35:00,1,0,0.49457865953445435
mlp,gwo,1,1772,2024-06-07 17:40:00,1,0,0.3810770511627197
mlp,gwo,1,1773,2024-06-07 17:45:00,1,0,0.28786975145339966
mlp,gwo,1,1774,2024-06-07 17:50:00,1,0,0.3750455379486084
mlp,gwo,1,1775,2024-06-07 17:55:00,1,0,0.3793972134590149
mlp,gwo,1,1776,2024-06-10 10:40:00,1,1,0.8727975487709045
mlp,gwo,1,1777,2024-06-10 10:45:00,1,1,0.9051719903945923
mlp,gwo,1,1778,2024-06-10 10:50:00,1,1,0.8437226414680481
mlp,gwo,1,1779,2024-06-10 10:55:00,1,1,0.6275029182434082
mlp,gwo,1,1780,2024-06-10 11:00:00,1,0,0.4915236532688141
mlp,gwo,1,1781,2024-06-10 11:05:00,1,0,0.43905767798423767
mlp,gwo,1,1782,2024-06-10 11:10:00,1,1,0.5340574383735657
mlp,gwo,1,1783,2024-06-10 11:15:00,1,1,0.6906156539916992
mlp,gwo,1,1784,2024-06-10 11:20:00,1,1,0.7713692784309387
mlp,gwo,1,1785,2024-06-10 11:25:00,1,1,0.6940619945526123
mlp,gwo,1,1786,2024-06-10 11:30:00,1,1,0.5766193270683289
mlp,gwo,1,1787,2024-06-10 11:35:00,1,1,0.5227481722831726
mlp,gwo,1,1788,2024-06-10 11:40:00,1,1,0.6113331913948059
mlp,gwo,1,1789,2024-06-10 11:45:00,1,1,0.6322389245033264
mlp,gwo,1,1790,2024-06-10 11:50:00,0,1,0.724585235118866
mlp,gwo,1,1791,2024-06-10 11:50:00,0,1,0.7091514468193054
mlp,gwo,1,1792,2024-06-10 11:55:00,0,0,0.45044225454330444
mlp,gwo,1,1793,2024-06-10 11:55:00,0,0,0.46465015411376953
mlp,gwo,1,1794,2024-06-10 12:00:00,0,0,0.413490355014801
mlp,gwo,1,1795,2024-06-10 12:00:00,0,0,0.41505348682403564
mlp,gwo,1,1796,2024-06-10 12:05:00,0,0,0.3773386478424072
mlp,gwo,1,1797,2024-06-10 12:05:00,0,0,0.40752020478248596
mlp,gwo,1,1798,2024-06-10 12:10:00,0,0,0.32987460494041443
mlp,gwo,1,1799,2024-06-10 12:10:00,0,0,0.3108835220336914
mlp,gwo,1,1800,2024-06-10 12:15:00,0,0,0.3737330436706543
mlp,gwo,1,1801,2024-06-10 12:15:00,0,0,0.38119834661483765
mlp,gwo,1,1802,2024-06-10 12:20:00,0,0,0.38822486996650696
mlp,gwo,1,1803,2024-06-10 12:20:00,0,0,0.37851840257644653
mlp,gwo,1,1804,2024-06-10 12:25:00,0,0,0.3696490228176117
mlp,gwo,1,1805,2024-06-10 12:25:00,0,0,0.3673858046531677
mlp,gwo,1,1806,2024-06-10 12:30:00,0,0,0.29513105750083923
mlp,gwo,1,1807,2024-06-10 12:30:00,0,0,0.29274770617485046
mlp,gwo,1,1808,2024-06-10 12:35:00,0,0,0.3515179455280304
mlp,gwo,1,1809,2024-06-10 12:35:00,0,0,0.33680570125579834
mlp,gwo,1,1810,2024-06-10 12:40:00,0,0,0.41165676712989807
mlp,gwo,1,1811,2024-06-10 12:40:00,0,0,0.40580862760543823
mlp,gwo,1,1812,2024-06-10 12:45:00,0,0,0.4460715651512146
mlp,gwo,1,1813,2024-06-10 12:45:00,0,0,0.45132023096084595
mlp,gwo,1,1814,2024-06-10 12:50:00,1,0,0.3370455205440521
mlp,gwo,1,1815,2024-06-10 12:50:00,0,0,0.34411928057670593
mlp,gwo,1,1816,2024-06-10 12:55:00,1,0,0.41733428835868835
mlp,gwo,1,1817,2024-06-10 12:55:00,0,0,0.4039134085178375
mlp,gwo,1,1818,2024-06-10 13:00:00,1,1,0.5119537711143494
mlp,gwo,1,1819,2024-06-10 13:00:00,0,0,0.48898762464523315
mlp,gwo,1,1820,2024-06-10 13:05:00,1,1,0.5640304088592529
mlp,gwo,1,1821,2024-06-10 13:05:00,0,1,0.5614317059516907
mlp,gwo,1,1822,2024-06-10 13:10:00,0,1,0.6620796918869019
mlp,gwo,1,1823,2024-06-10 13:10:00,0,1,0.6582435965538025
mlp,gwo,1,1824,2024-06-10 13:15:00,0,1,0.592873752117157
mlp,gwo,1,1825,2024-06-10 13:15:00,0,1,0.586700439453125
mlp,gwo,1,1826,2024-06-10 13:20:00,0,1,0.5351665019989014
mlp,gwo,1,1827,2024-06-10 13:20:00,0,1,0.537009596824646
mlp,gwo,1,1828,2024-06-10 13:25:00,0,0,0.4283135235309601
mlp,gwo,1,1829,2024-06-10 13:25:00,0,0,0.4440006911754608
mlp,gwo,1,1830,2024-06-10 13:30:00,0,0,0.35117244720458984
mlp,gwo,1,1831,2024-06-10 13:30:00,0,0,0.36495736241340637
mlp,gwo,1,1832,2024-06-10 13:35:00,0,0,0.4139224886894226
mlp,gwo,1,1833,2024-06-10 13:35:00,0,0,0.4148538112640381
mlp,gwo,1,1834,2024-06-10 13:40:00,0,1,0.5089158415794373
mlp,gwo,1,1835,2024-06-10 13:40:00,0,1,0.5121618509292603
mlp,gwo,1,1836,2024-06-10 13:45:00,0,0,0.42850208282470703
mlp,gwo,1,1837,2024-06-10 13:45:00,0,0,0.4305797815322876
mlp,gwo,1,1838,2024-06-10 13:50:00,0,0,0.45648035407066345
mlp,gwo,1,1839,2024-06-10 13:50:00,0,0,0.45665639638900757
mlp,gwo,1,1840,2024-06-10 13:55:00,0,0,0.48648980259895325
mlp,gwo,1,1841,2024-06-10 13:55:00,0,0,0.49192067980766296
mlp,gwo,1,1842,2024-06-10 14:00:00,0,1,0.5224383473396301
mlp,gwo,1,1843,2024-06-10 14:00:00,0,1,0.5148583650588989
mlp,gwo,1,1844,2024-06-10 14:05:00,0,1,0.511859655380249
mlp,gwo,1,1845,2024-06-10 14:05:00,0,1,0.5178312659263611
mlp,gwo,1,1846,2024-06-10 14:10:00,0,0,0.4105939269065857
mlp,gwo,1,1847,2024-06-10 14:10:00,0,0,0.41546186804771423
mlp,gwo,1,1848,2024-06-10 14:15:00,0,0,0.36732158064842224
mlp,gwo,1,1849,2024-06-10 14:15:00,0,0,0.35955142974853516
mlp,gwo,1,1850,2024-06-10 14:20:00,0,0,0.32241538166999817
mlp,gwo,1,1851,2024-06-10 14:20:00,0,0,0.30677297711372375
mlp,gwo,1,1852,2024-06-10 14:25:00,0,0,0.36786550283432007
mlp,gwo,1,1853,2024-06-10 14:25:00,0,0,0.38179731369018555
mlp,gwo,1,1854,2024-06-10 14:30:00,0,0,0.45502713322639465
mlp,gwo,1,1855,2024-06-10 14:30:00,0,0,0.4629848599433899
mlp,gwo,1,1856,2024-06-10 14:35:00,0,0,0.4761735200881958
mlp,gwo,1,1857,2024-06-10 14:35:00,0,1,0.5030609965324402
mlp,gwo,1,1858,2024-06-10 14:40:00,0,1,0.518449604511261
mlp,gwo,1,1859,2024-06-10 14:40:00,0,1,0.5202386975288391
mlp,gwo,1,1860,2024-06-10 14:45:00,0,1,0.6304527521133423
mlp,gwo,1,1861,2024-06-10 14:45:00,0,1,0.6270375847816467
mlp,gwo,1,1862,2024-06-10 14:50:00,0,1,0.5605081915855408
mlp,gwo,1,1863,2024-06-10 14:50:00,0,1,0.5846761465072632
mlp,gwo,1,1864,2024-06-10 14:55:00,0,0,0.36106351017951965
mlp,gwo,1,1865,2024-06-10 14:55:00,0,0,0.361995667219162
mlp,gwo,1,1866,2024-06-10 15:00:00,0,0,0.2114681452512741
mlp,gwo,1,1867,2024-06-10 15:00:00,0,0,0.2184261679649353
mlp,gwo,1,1868,2024-06-10 15:05:00,0,0,0.2310604304075241
mlp,gwo,1,1869,2024-06-10 15:05:00,0,0,0.2406349927186966
mlp,gwo,1,1870,2024-06-10 15:10:00,0,0,0.256107896566391
mlp,gwo,1,1871,2024-06-10 15:10:00,0,0,0.2674408257007599
mlp,gwo,1,1872,2024-06-10 15:15:00,0,0,0.3100157082080841
mlp,gwo,1,1873,2024-06-10 15:15:00,0,0,0.31640222668647766
mlp,gwo,1,1874,2024-06-10 15:20:00,1,0,0.31278562545776367
mlp,gwo,1,1875,2024-06-10 15:20:00,1,0,0.3047007620334625
mlp,gwo,1,1876,2024-06-10 15:25:00,1,0,0.38110318779945374
mlp,gwo,1,1877,2024-06-10 15:25:00,1,0,0.398464173078537
mlp,gwo,1,1878,2024-06-10 15:30:00,1,0,0.466330349445343
mlp,gwo,1,1879,2024-06-10 15:30:00,1,0,0.4679267108440399
mlp,gwo,1,1880,2024-06-10 15:35:00,1,1,0.7460494637489319
mlp,gwo,1,1881,2024-06-10 15:35:00,1,1,0.745127260684967
mlp,gwo,1,1882,2024-06-10 15:40:00,0,1,0.82401442527771
mlp,gwo,1,1883,2024-06-10 15:40:00,0,1,0.8189480900764465
mlp,gwo,1,1884,2024-06-10 15:45:00,0,1,0.7597804069519043
mlp,gwo,1,1885,2024-06-10 15:45:00,0,1,0.7690616250038147
mlp,gwo,1,1886,2024-06-10 15:50:00,0,1,0.7210187315940857
mlp,gwo,1,1887,2024-06-10 15:50:00,0,1,0.7339334487915039
mlp,gwo,1,1888,2024-06-10 15:55:00,0,1,0.5810369849205017
mlp,gwo,1,1889,2024-06-10 15:55:00,0,1,0.5682358741760254
mlp,gwo,1,1890,2024-06-10 16:00:00,0,1,0.5700137615203857
mlp,gwo,1,1891,2024-06-10 16:00:00,0,1,0.5666682124137878
mlp,gwo,1,1892,2024-06-10 16:05:00,0,0,0.39237505197525024
mlp,gwo,1,1893,2024-06-10 16:05:00,0,0,0.3909217417240143
mlp,gwo,1,1894,2024-06-10 16:10:00,0,1,0.513924241065979
mlp,gwo,1,1895,2024-06-10 16:10:00,0,1,0.512168824672699
mlp,gwo,1,1896,2024-06-10 16:15:00,0,1,0.5239983201026917
mlp,gwo,1,1897,2024-06-10 16:15:00,0,1,0.5259414911270142
mlp,gwo,1,1898,2024-06-10 16:20:00,0,1,0.5308571457862854
mlp,gwo,1,1899,2024-06-10 16:20:00,0,1,0.5397027730941772
mlp,gwo,1,1900,2024-06-10 16:25:00,0,0,0.45866596698760986
mlp,gwo,1,1901,2024-06-10 16:25:00,0,0,0.4401457607746124
mlp,gwo,1,1902,2024-06-10 16:30:00,0,0,0.33248376846313477
mlp,gwo,1,1903,2024-06-10 16:30:00,0,0,0.32408928871154785
mlp,gwo,1,1904,2024-06-10 16:35:00,0,0,0.3366219997406006
mlp,gwo,1,1905,2024-06-10 16:35:00,0,0,0.31798529624938965
mlp,gwo,1,1906,2024-06-10 16:40:00,0,0,0.49496251344680786
mlp,gwo,1,1907,2024-06-10 16:40:00,0,0,0.495998352766037
mlp,gwo,1,1908,2024-06-10 16:45:00,0,0,0.40599367022514343
mlp,gwo,1,1909,2024-06-10 16:45:00,0,0,0.42576876282691956
mlp,gwo,1,1910,2024-06-10 16:50:00,0,0,0.37303367257118225
mlp,gwo,1,1911,2024-06-10 16:50:00,0,0,0.351911336183548
mlp,gwo,1,1912,2024-06-10 16:55:00,0,0,0.3972569406032562
mlp,gwo,1,1913,2024-06-10 16:55:00,0,0,0.3717631995677948
mlp,gwo,1,1914,2024-06-10 17:00:00,0,0,0.410988450050354
mlp,gwo,1,1915,2024-06-10 17:00:00,1,0,0.4035227298736572
mlp,gwo,1,1916,2024-06-10 17:05:00,1,0,0.4164586365222931
mlp,gwo,1,1917,2024-06-10 17:05:00,0,0,0.431347131729126
mlp,gwo,1,1918,2024-06-10 17:10:00,1,0,0.4978114068508148
mlp,gwo,1,1919,2024-06-10 17:10:00,0,0,0.48835304379463196
mlp,gwo,1,1920,2024-06-10 17:15:00,1,0,0.4627486765384674
mlp,gwo,1,1921,2024-06-10 17:15:00,1,0,0.45048579573631287
mlp,gwo,1,1922,2024-06-10 17:20:00,1,0,0.4656476378440857
mlp,gwo,1,1923,2024-06-10 17:20:00,1,0,0.469356507062912
mlp,gwo,1,1924,2024-06-10 17:25:00,1,1,0.5313949584960938
mlp,gwo,1,1925,2024-06-10 17:25:00,1,1,0.5374668836593628
mlp,gwo,1,1926,2024-06-10 17:30:00,1,1,0.6482493281364441
mlp,gwo,1,1927,2024-06-10 17:30:00,1,1,0.637050211429596
mlp,gwo,1,1928,2024-06-10 17:35:00,1,1,0.6744884848594666
mlp,gwo,1,1929,2024-06-10 17:35:00,1,1,0.6902411580085754
mlp,gwo,1,1930,2024-06-10 17:40:00,1,1,0.6440277099609375
mlp,gwo,1,1931,2024-06-10 17:40:00,1,1,0.6393159031867981
mlp,gwo,1,1932,2024-06-10 17:45:00,1,1,0.6183541417121887
mlp,gwo,1,1933,2024-06-10 17:45:00,1,1,0.5930406451225281
mlp,gwo,1,1934,2024-06-10 17:50:00,1,1,0.5257314443588257
mlp,gwo,1,1935,2024-06-10 17:50:00,1,1,0.5323134064674377
mlp,gwo,1,1936,2024-06-10 17:55:00,0,1,0.5485450625419617
mlp,gwo,1,1937,2024-06-10 17:55:00,0,1,0.5479028820991516
mlp,gwo,1,1938,2024-06-12 10:40:00,0,0,0.04950264096260071
mlp,gwo,1,1939,2024-06-12 10:40:00,0,0,0.0480785109102726
mlp,gwo,1,1940,2024-06-12 10:45:00,0,0,0.0456511527299881
mlp,gwo,1,1941,2024-06-12 10:45:00,0,0,0.04604434221982956
mlp,gwo,1,1942,2024-06-12 10:50:00,0,0,0.05872168019413948
mlp,gwo,1,1943,2024-06-12 10:50:00,0,0,0.06007678434252739
mlp,gwo,1,1944,2024-06-12 10:55:00,0,0,0.06485811620950699
mlp,gwo,1,1945,2024-06-12 10:55:00,0,0,0.06617926061153412
mlp,gwo,1,1946,2024-06-12 11:00:00,1,0,0.07613921165466309
mlp,gwo,1,1947,2024-06-12 11:00:00,0,0,0.07556891441345215
mlp,gwo,1,1948,2024-06-12 11:05:00,0,0,0.13890159130096436
mlp,gwo,1,1949,2024-06-12 11:05:00,1,0,0.14255422353744507
mlp,gwo,1,1950,2024-06-12 11:10:00,1,0,0.18154755234718323
mlp,gwo,1,1951,2024-06-12 11:10:00,1,0,0.1717132329940796
mlp,gwo,1,1952,2024-06-12 11:15:00,1,0,0.4267267882823944
mlp,gwo,1,1953,2024-06-12 11:15:00,1,0,0.4184972643852234
mlp,gwo,1,1954,2024-06-12 11:20:00,1,1,0.6875020265579224
mlp,gwo,1,1955,2024-06-12 11:20:00,1,1,0.7186873555183411
mlp,gwo,1,1956,2024-06-12 11:25:00,1,1,0.7807596325874329
mlp,gwo,1,1957,2024-06-12 11:25:00,1,1,0.7931652665138245
mlp,gwo,1,1958,2024-06-12 11:30:00,1,1,0.7026340961456299
mlp,gwo,1,1959,2024-06-12 11:30:00,1,1,0.7237083315849304
mlp,gwo,1,1960,2024-06-12 11:35:00,1,1,0.5222837328910828
mlp,gwo,1,1961,2024-06-12 11:35:00,1,1,0.5573978424072266
mlp,gwo,1,1962,2024-06-12 11:40:00,1,0,0.46789735555648804
mlp,gwo,1,1963,2024-06-12 11:40:00,1,0,0.48487937450408936
mlp,gwo,1,1964,2024-06-12 11:45:00,1,0,0.3961648941040039
mlp,gwo,1,1965,2024-06-12 11:45:00,1,0,0.40232113003730774
mlp,gwo,1,1966,2024-06-12 11:50:00,1,0,0.4399718642234802
mlp,gwo,1,1967,2024-06-12 11:50:00,1,0,0.4487477242946625
mlp,gwo,1,1968,2024-06-12 11:55:00,1,0,0.4327492117881775
mlp,gwo,1,1969,2024-06-12 11:55:00,1,0,0.418458491563797
mlp,gwo,1,1970,2024-06-12 12:00:00,1,0,0.3381962776184082
mlp,gwo,1,1971,2024-06-12 12:00:00,1,0,0.33880099654197693
mlp,gwo,1,1972,2024-06-12 12:05:00,1,0,0.29603591561317444
mlp,gwo,1,1973,2024-06-12 12:05:00,1,0,0.2956879138946533
mlp,gwo,1,1974,2024-06-12 12:10:00,1,0,0.24814479053020477
mlp,gwo,1,1975,2024-06-12 12:10:00,1,0,0.24993981420993805
mlp,gwo,1,1976,2024-06-12 12:15:00,1,0,0.29489007592201233
mlp,gwo,1,1977,2024-06-12 12:15:00,1,0,0.30320194363594055
mlp,gwo,1,1978,2024-06-12 12:20:00,1,1,0.5021130442619324
mlp,gwo,1,1979,2024-06-12 12:20:00,1,1,0.5057553648948669
mlp,gwo,1,1980,2024-06-12 12:25:00,1,1,0.681851863861084
mlp,gwo,1,1981,2024-06-12 12:25:00,1,1,0.7114154100418091
mlp,gwo,1,1982,2024-06-12 12:30:00,1,1,0.6792125701904297
mlp,gwo,1,1983,2024-06-12 12:30:00,1,1,0.7098925113677979
mlp,gwo,1,1984,2024-06-12 12:35:00,1,1,0.6892330646514893
mlp,gwo,1,1985,2024-06-12 12:35:00,1,1,0.699625551700592
mlp,gwo,1,1986,2024-06-12 12:40:00,1,1,0.7190957069396973
mlp,gwo,1,1987,2024-06-12 12:40:00,1,1,0.741569995880127
mlp,gwo,1,1988,2024-06-12 12:45:00,1,1,0.707908034324646
mlp,gwo,1,1989,2024-06-12 12:45:00,1,1,0.7004875540733337
mlp,gwo,1,1990,2024-06-12 12:50:00,1,1,0.6779650449752808
mlp,gwo,1,1991,2024-06-12 12:50:00,1,1,0.6856217980384827
mlp,gwo,1,1992,2024-06-12 12:55:00,1,1,0.6236119866371155
mlp,gwo,1,1993,2024-06-12 12:55:00,1,1,0.6473191976547241
mlp,gwo,1,1994,2024-06-12 13:00:00,1,1,0.6531399488449097
mlp,gwo,1,1995,2024-06-12 13:00:00,1,1,0.6380511522293091
mlp,gwo,1,1996,2024-06-12 13:05:00,1,0,0.4430195391178131
mlp,gwo,1,1997,2024-06-12 13:05:00,1,0,0.4573512077331543
mlp,gwo,1,1998,2024-06-12 13:10:00,1,0,0.3427426815032959
mlp,gwo,1,1999,2024-06-12 13:10:00,1,0,0.32805943489074707
mlp,gwo,1,2000,2024-06-12 13:15:00,1,0,0.4166891574859619
mlp,gwo,1,2001,2024-06-12 13:15:00,1,0,0.42456603050231934
mlp,gwo,1,2002,2024-06-12 13:20:00,1,1,0.5447936058044434
mlp,gwo,1,2003,2024-06-12 13:20:00,1,1,0.52295982837677
mlp,gwo,1,2004,2024-06-12 13:25:00,1,1,0.6844173669815063
mlp,gwo,1,2005,2024-06-12 13:25:00,1,1,0.6766052842140198
mlp,gwo,1,2006,2024-06-12 13:30:00,1,1,0.7761417031288147
mlp,gwo,1,2007,2024-06-12 13:30:00,1,1,0.7893710136413574
mlp,gwo,1,2008,2024-06-12 13:35:00,1,1,0.8177715539932251
mlp,gwo,1,2009,2024-06-12 13:35:00,1,1,0.809275209903717
mlp,gwo,1,2010,2024-06-12 13:40:00,1,1,0.8172045350074768
mlp,gwo,1,2011,2024-06-12 13:40:00,1,1,0.8058028817176819
mlp,gwo,1,2012,2024-06-12 13:45:00,1,1,0.6945046782493591
mlp,gwo,1,2013,2024-06-12 13:45:00,1,1,0.7287912964820862
mlp,gwo,1,2014,2024-06-12 13:50:00,0,1,0.741093099117279
mlp,gwo,1,2015,2024-06-12 13:50:00,1,1,0.7583675384521484
mlp,gwo,1,2016,2024-06-12 13:55:00,1,1,0.5218480825424194
mlp,gwo,1,2017,2024-06-12 13:55:00,0,1,0.5469946265220642
mlp,gwo,1,2018,2024-06-12 14:00:00,0,0,0.3030247092247009
mlp,gwo,1,2019,2024-06-12 14:00:00,1,0,0.25862208008766174
mlp,gwo,1,2020,2024-06-12 14:05:00,0,0,0.213211327791214
mlp,gwo,1,2021,2024-06-12 14:05:00,1,0,0.16245834529399872
mlp,gwo,1,2022,2024-06-12 14:10:00,0,0,0.2717980742454529
mlp,gwo,1,2023,2024-06-12 14:10:00,1,0,0.21192342042922974
mlp,gwo,1,2024,2024-06-12 14:15:00,1,0,0.2235492318868637
mlp,gwo,1,2025,2024-06-12 14:15:00,0,0,0.31342294812202454
mlp,gwo,1,2026,2024-06-12 14:20:00,1,0,0.47804710268974304
mlp,gwo,1,2027,2024-06-12 14:20:00,0,0,0.49750056862831116
mlp,gwo,1,2028,2024-06-12 14:25:00,1,1,0.5021408796310425
mlp,gwo,1,2029,2024-06-12 14:25:00,0,0,0.4821206331253052
mlp,gwo,1,2030,2024-06-12 14:30:00,0,1,0.6390578150749207
mlp,gwo,1,2031,2024-06-12 14:30:00,1,1,0.6430771350860596
mlp,gwo,1,2032,2024-06-12 14:35:00,0,1,0.6827965974807739
mlp,gwo,1,2033,2024-06-12 14:35:00,1,1,0.7316275835037231
mlp,gwo,1,2034,2024-06-12 14:40:00,1,1,0.7767967581748962
mlp,gwo,1,2035,2024-06-12 14:40:00,0,1,0.72291100025177
mlp,gwo,1,2036,2024-06-12 14:45:00,0,1,0.7720667719841003
mlp,gwo,1,2037,2024-06-12 14:45:00,0,1,0.7230486273765564
mlp,gwo,1,2038,2024-06-12 14:50:00,0,1,0.6293990612030029
mlp,gwo,1,2039,2024-06-12 14:50:00,0,1,0.6362185478210449
mlp,gwo,1,2040,2024-06-12 14:55:00,0,1,0.5980404615402222
mlp,gwo,1,2041,2024-06-12 14:55:00,0,1,0.5499354004859924
mlp,gwo,1,2042,2024-06-12 15:00:00,0,0,0.2781915068626404
mlp,gwo,1,2043,2024-06-12 15:00:00,0,0,0.3802090287208557
mlp,gwo,1,2044,2024-06-12 15:05:00,0,0,0.36593979597091675
mlp,gwo,1,2045,2024-06-12 15:05:00,0,0,0.32044553756713867
mlp,gwo,1,2046,2024-06-12 15:10:00,0,0,0.22151349484920502
mlp,gwo,1,2047,2024-06-12 15:10:00,0,0,0.3187846839427948
mlp,gwo,1,2048,2024-06-12 15:15:00,0,0,0.45557424426078796
mlp,gwo,1,2049,2024-06-12 15:15:00,0,0,0.41089197993278503
mlp,gwo,1,2050,2024-06-12 15:20:00,0,0,0.4022601544857025
mlp,gwo,1,2051,2024-06-12 15:20:00,0,0,0.45652079582214355
mlp,gwo,1,2052,2024-06-12 15:25:00,0,0,0.48346415162086487
mlp,gwo,1,2053,2024-06-12 15:25:00,0,1,0.5077045559883118
mlp,gwo,1,2054,2024-06-12 15:30:00,0,0,0.3532530963420868
mlp,gwo,1,2055,2024-06-12 15:30:00,0,0,0.457769513130188
mlp,gwo,1,2056,2024-06-12 15:35:00,0,0,0.3555520474910736
mlp,gwo,1,2057,2024-06-12 15:35:00,0,0,0.42096954584121704
mlp,gwo,1,2058,2024-06-12 15:40:00,0,0,0.30984559655189514
mlp,gwo,1,2059,2024-06-12 15:40:00,0,0,0.13774597644805908
mlp,gwo,1,2060,2024-06-12 15:45:00,1,0,0.18621620535850525
mlp,gwo,1,2061,2024-06-12 15:45:00,1,0,0.05339547246694565
mlp,gwo,1,2062,2024-06-12 15:50:00,1,0,0.192055806517601
mlp,gwo,1,2063,2024-06-12 15:50:00,1,0,0.0705697238445282
mlp,gwo,1,2064,2024-06-12 15:55:00,1,0,0.20150530338287354
mlp,gwo,1,2065,2024-06-12 15:55:00,1,0,0.30545082688331604
mlp,gwo,1,2066,2024-06-12 16:00:00,1,0,0.44020888209342957
mlp,gwo,1,2067,2024-06-12 16:00:00,1,0,0.42253807187080383
mlp,gwo,1,2068,2024-06-12 16:05:00,1,0,0.46609213948249817
mlp,gwo,1,2069,2024-06-12 16:05:00,1,0,0.4660119414329529
mlp,gwo,1,2070,2024-06-12 16:10:00,1,1,0.6505564451217651
mlp,gwo,1,2071,2024-06-12 16:10:00,1,1,0.5331051349639893
mlp,gwo,1,2072,2024-06-12 16:15:00,0,1,0.7980374097824097
mlp,gwo,1,2073,2024-06-12 16:15:00,1,1,0.6131312847137451
mlp,gwo,1,2074,2024-06-12 16:20:00,1,1,0.5349649786949158
mlp,gwo,1,2075,2024-06-12 16:20:00,0,1,0.5411937832832336
mlp,gwo,1,2076,2024-06-12 16:25:00,0,0,0.3526943325996399
mlp,gwo,1,2077,2024-06-12 16:25:00,1,0,0.46370556950569153
mlp,gwo,1,2078,2024-06-12 16:30:00,0,0,0.47040772438049316
mlp,gwo,1,2079,2024-06-12 16:30:00,1,1,0.5024327635765076
mlp,gwo,1,2080,2024-06-12 16:35:00,1,1,0.5415288805961609
mlp,gwo,1,2081,2024-06-12 16:35:00,0,1,0.539130687713623
mlp,gwo,1,2082,2024-06-12 16:40:00,1,1,0.5433529615402222
mlp,gwo,1,2083,2024-06-12 16:40:00,0,1,0.55777508020401
mlp,gwo,1,2084,2024-06-12 16:45:00,0,1,0.6831343770027161
mlp,gwo,1,2085,2024-06-12 16:45:00,1,1,0.5852501392364502
mlp,gwo,1,2086,2024-06-12 16:50:00,0,1,0.7253829836845398
mlp,gwo,1,2087,2024-06-12 16:50:00,1,1,0.6389412879943848
mlp,gwo,1,2088,2024-06-12 16:55:00,0,1,0.668196439743042
mlp,gwo,1,2089,2024-06-12 17:00:00,0,1,0.665648341178894
mlp,gwo,1,2090,2024-06-12 17:05:00,0,0,0.45495063066482544
mlp,gwo,1,2091,2024-06-12 17:10:00,0,0,0.4864255487918854
mlp,gwo,1,2092,2024-06-12 17:15:00,0,0,0.43389892578125
mlp,gwo,1,2093,2024-06-12 17:20:00,0,1,0.5027468800544739
mlp,gwo,1,2094,2024-06-12 17:25:00,0,0,0.41844236850738525
mlp,gwo,1,2095,2024-06-12 17:30:00,0,0,0.31306344270706177
mlp,gwo,1,2096,2024-06-12 17:35:00,0,0,0.2207026183605194
mlp,gwo,1,2097,2024-06-12 17:40:00,0,0,0.19026513397693634
mlp,gwo,1,2098,2024-06-12 17:45:00,0,0,0.3170132637023926
mlp,gwo,1,2099,2024-06-12 17:50:00,0,0,0.31047409772872925
mlp,gwo,1,2100,2024-06-12 17:55:00,0,0,0.2880018353462219
mlp,gwo,1,2101,2024-06-13 12:10:00,1,0,0.2735980153083801
mlp,gwo,1,2102,2024-06-13 12:15:00,1,1,0.5540894865989685
mlp,gwo,1,2103,2024-06-13 12:20:00,1,1,0.8300467133522034
mlp,gwo,1,2104,2024-06-13 12:25:00,1,1,0.9380539059638977
mlp,gwo,1,2105,2024-06-13 12:30:00,1,1,0.9256671071052551
mlp,gwo,1,2106,2024-06-13 12:35:00,1,1,0.782531201839447
mlp,gwo,1,2107,2024-06-13 12:40:00,1,1,0.6929432153701782
mlp,gwo,1,2108,2024-06-13 12:45:00,1,1,0.6499817967414856
mlp,gwo,1,2109,2024-06-13 12:50:00,1,1,0.6825644373893738
mlp,gwo,1,2110,2024-06-13 12:55:00,1,1,0.7210862040519714
mlp,gwo,1,2111,2024-06-13 13:00:00,1,1,0.696252167224884
mlp,gwo,1,2112,2024-06-13 13:05:00,1,1,0.7668959498405457
mlp,gwo,1,2113,2024-06-13 13:10:00,1,1,0.6807302832603455
mlp,gwo,1,2114,2024-06-13 13:15:00,1,1,0.5208216309547424
mlp,gwo,1,2115,2024-06-13 13:20:00,1,0,0.45299407839775085
mlp,gwo,1,2116,2024-06-13 13:25:00,1,0,0.3446037769317627
mlp,gwo,1,2117,2024-06-13 13:30:00,1,0,0.4371914863586426
mlp,gwo,1,2118,2024-06-13 13:35:00,1,0,0.4383296072483063
mlp,gwo,1,2119,2024-06-13 13:40:00,1,0,0.3288813531398773
mlp,gwo,1,2120,2024-06-13 13:45:00,1,0,0.4124469459056854
mlp,gwo,1,2121,2024-06-13 13:50:00,1,1,0.7198780179023743
mlp,gwo,1,2122,2024-06-13 13:55:00,1,1,0.750366747379303
mlp,gwo,1,2123,2024-06-13 14:00:00,1,1,0.7361612319946289
mlp,gwo,1,2124,2024-06-13 14:05:00,1,1,0.7002673745155334
mlp,gwo,1,2125,2024-06-13 14:10:00,0,1,0.7163033485412598
mlp,gwo,1,2126,2024-06-13 14:15:00,0,0,0.48880958557128906
mlp,gwo,1,2127,2024-06-13 14:20:00,0,0,0.4430098533630371
mlp,gwo,1,2128,2024-06-13 14:25:00,0,0,0.3575442135334015
mlp,gwo,1,2129,2024-06-13 14:30:00,0,0,0.26312848925590515
mlp,gwo,1,2130,2024-06-13 14:35:00,0,0,0.30860111117362976
mlp,gwo,1,2131,2024-06-13 14:40:00,0,0,0.4165842533111572
mlp,gwo,1,2132,2024-06-13 14:45:00,0,0,0.3602946698665619
mlp,gwo,1,2133,2024-06-13 14:50:00,0,0,0.4003129005432129
mlp,gwo,1,2134,2024-06-13 14:55:00,0,1,0.5261470675468445
mlp,gwo,1,2135,2024-06-13 15:00:00,0,1,0.5665062665939331
mlp,gwo,1,2136,2024-06-13 15:05:00,0,1,0.6998609900474548
mlp,gwo,1,2137,2024-06-13 15:10:00,0,1,0.5664674639701843
mlp,gwo,1,2138,2024-06-13 15:15:00,0,0,0.4156400263309479
mlp,gwo,1,2139,2024-06-13 15:20:00,0,0,0.4563565254211426
mlp,gwo,1,2140,2024-06-13 15:25:00,0,0,0.4689347743988037
mlp,gwo,1,2141,2024-06-13 15:30:00,0,1,0.5609174370765686
mlp,gwo,1,2142,2024-06-13 15:35:00,0,0,0.44168153405189514
mlp,gwo,1,2143,2024-06-13 15:40:00,0,1,0.607140064239502
mlp,gwo,1,2144,2024-06-13 15:45:00,0,1,0.7116777300834656
mlp,gwo,1,2145,2024-06-13 15:50:00,0,1,0.6052903532981873
mlp,gwo,1,2146,2024-06-13 15:55:00,0,1,0.5786095857620239
mlp,gwo,1,2147,2024-06-13 16:00:00,0,1,0.5520442128181458
mlp,gwo,1,2148,2024-06-13 16:05:00,0,0,0.4765697717666626
mlp,gwo,1,2149,2024-06-13 16:10:00,0,0,0.3978278338909149
mlp,gwo,1,2150,2024-06-13 16:15:00,0,0,0.43386730551719666
mlp,gwo,1,2151,2024-06-13 16:20:00,0,1,0.5040866732597351
mlp,gwo,1,2152,2024-06-13 16:25:00,0,0,0.4694420397281647
mlp,gwo,1,2153,2024-06-13 16:30:00,0,0,0.32740527391433716
mlp,gwo,1,2154,2024-06-13 16:35:00,0,0,0.4417698085308075
mlp,gwo,1,2155,2024-06-13 16:40:00,0,0,0.42718422412872314
mlp,gwo,1,2156,2024-06-13 16:45:00,0,0,0.36661970615386963
mlp,gwo,1,2157,2024-06-13 16:50:00,0,0,0.42057833075523376
mlp,gwo,1,2158,2024-06-13 16:55:00,0,0,0.32121092081069946
mlp,gwo,1,2159,2024-06-13 17:00:00,0,0,0.24325071275234222
mlp,gwo,1,2160,2024-06-13 17:05:00,0,0,0.1552332639694214
mlp,gwo,1,2161,2024-06-13 17:10:00,0,0,0.1541261523962021
mlp,gwo,1,2162,2024-06-13 17:15:00,0,0,0.2299216091632843
mlp,gwo,1,2163,2024-06-13 17:20:00,0,0,0.2571558654308319
mlp,gwo,1,2164,2024-06-13 17:25:00,0,0,0.30641576647758484
mlp,gwo,1,2165,2024-06-13 17:30:00,0,0,0.35439160466194153
mlp,gwo,1,2166,2024-06-13 17:35:00,0,0,0.2917679250240326
mlp,gwo,1,2167,2024-06-13 17:40:00,0,0,0.3958444893360138
mlp,gwo,1,2168,2024-06-13 17:45:00,0,1,0.5195802450180054
mlp,gwo,1,2169,2024-06-13 17:50:00,0,1,0.5076794028282166
mlp,gwo,1,2170,2024-06-13 17:55:00,0,0,0.48223432898521423
mlp,gwo,1,2171,2024-06-14 11:05:00,1,0,0.32062017917633057
mlp,gwo,1,2172,2024-06-14 11:10:00,1,0,0.4052636921405792
mlp,gwo,1,2173,2024-06-14 11:15:00,1,1,0.5032340288162231
mlp,gwo,1,2174,2024-06-14 11:20:00,1,1,0.7138286828994751
mlp,gwo,1,2175,2024-06-14 11:25:00,1,1,0.8373584151268005
mlp,gwo,1,2176,2024-06-14 11:30:00,1,1,0.7202305197715759
mlp,gwo,1,2177,2024-06-14 11:35:00,1,1,0.6414124965667725
mlp,gwo,1,2178,2024-06-14 11:40:00,1,1,0.5998793840408325
mlp,gwo,1,2179,2024-06-14 11:45:00,1,1,0.5804919004440308
mlp,gwo,1,2180,2024-06-14 11:50:00,1,1,0.8566000461578369
mlp,gwo,1,2181,2024-06-14 11:55:00,1,1,0.9445642232894897
mlp,gwo,1,2182,2024-06-14 12:00:00,1,1,0.9618566036224365
mlp,gwo,1,2183,2024-06-14 12:05:00,0,1,0.9630140066146851
mlp,gwo,1,2184,2024-06-14 12:10:00,0,1,0.9444006085395813
mlp,gwo,1,2185,2024-06-14 12:15:00,0,1,0.9077346920967102
mlp,gwo,1,2186,2024-06-14 12:20:00,0,1,0.8659017086029053
mlp,gwo,1,2187,2024-06-14 12:25:00,0,1,0.6604063510894775
mlp,gwo,1,2188,2024-06-14 12:30:00,0,0,0.3519864082336426
mlp,gwo,1,2189,2024-06-14 12:35:00,0,0,0.2803258001804352
mlp,gwo,1,2190,2024-06-14 12:40:00,0,0,0.20897237956523895
mlp,gwo,1,2191,2024-06-14 12:45:00,0,0,0.14977286756038666
mlp,gwo,1,2192,2024-06-14 12:50:00,0,0,0.28576985001564026
mlp,gwo,1,2193,2024-06-14 12:55:00,0,0,0.44384995102882385
mlp,gwo,1,2194,2024-06-14 13:00:00,0,1,0.5593376159667969
mlp,gwo,1,2195,2024-06-14 13:05:00,0,1,0.5196430683135986
mlp,gwo,1,2196,2024-06-14 13:10:00,0,1,0.5602545738220215
mlp,gwo,1,2197,2024-06-14 13:15:00,0,0,0.4972819685935974
mlp,gwo,1,2198,2024-06-14 13:20:00,0,0,0.440318763256073
mlp,gwo,1,2199,2024-06-14 13:25:00,0,0,0.3555757999420166
mlp,gwo,1,2200,2024-06-14 13:30:00,0,0,0.3120872378349304
mlp,gwo,1,2201,2024-06-14 13:35:00,0,0,0.3639559745788574
mlp,gwo,1,2202,2024-06-14 13:40:00,0,1,0.5845797061920166
mlp,gwo,1,2203,2024-06-14 13:45:00,0,1,0.5127852559089661
mlp,gwo,1,2204,2024-06-14 13:50:00,0,0,0.4016171991825104
mlp,gwo,1,2205,2024-06-14 13:55:00,0,0,0.3354375660419464
mlp,gwo,1,2206,2024-06-14 14:00:00,0,0,0.3215123414993286
mlp,gwo,1,2207,2024-06-14 14:05:00,0,0,0.3981422781944275
mlp,gwo,1,2208,2024-06-14 14:10:00,0,1,0.5719842910766602
mlp,gwo,1,2209,2024-06-14 14:15:00,0,0,0.41570180654525757
mlp,gwo,1,2210,2024-06-14 14:20:00,0,0,0.2300703525543213
mlp,gwo,1,2211,2024-06-14 14:25:00,0,0,0.2433767318725586
mlp,gwo,1,2212,2024-06-14 14:30:00,0,0,0.339449942111969
mlp,gwo,1,2213,2024-06-14 14:35:00,0,0,0.27511972188949585
mlp,gwo,1,2214,2024-06-14 14:40:00,0,0,0.1925458163022995
mlp,gwo,1,2215,2024-06-14 14:45:00,0,0,0.18274053931236267
mlp,gwo,1,2216,2024-06-14 14:50:00,0,0,0.20657046139240265
mlp,gwo,1,2217,2024-06-14 14:55:00,0,0,0.24994032084941864
mlp,gwo,1,2218,2024-06-14 15:00:00,0,0,0.26804983615875244
mlp,gwo,1,2219,2024-06-14 15:05:00,1,0,0.2869081497192383
mlp,gwo,1,2220,2024-06-14 15:10:00,1,0,0.3674764335155487
mlp,gwo,1,2221,2024-06-14 15:15:00,1,1,0.6544917821884155
mlp,gwo,1,2222,2024-06-14 15:20:00,1,1,0.6771479845046997
mlp,gwo,1,2223,2024-06-14 15:25:00,1,1,0.7221940159797668
mlp,gwo,1,2224,2024-06-14 15:30:00,1,1,0.7862460017204285
mlp,gwo,1,2225,2024-06-14 15:35:00,1,1,0.8037389516830444
mlp,gwo,1,2226,2024-06-14 15:40:00,1,1,0.6812654137611389
mlp,gwo,1,2227,2024-06-14 15:45:00,1,1,0.8285290598869324
mlp,gwo,1,2228,2024-06-14 15:50:00,1,1,0.7686088681221008
mlp,gwo,1,2229,2024-06-14 15:55:00,1,1,0.6407384276390076
mlp,gwo,1,2230,2024-06-14 16:00:00,1,1,0.6113227009773254
mlp,gwo,1,2231,2024-06-14 16:05:00,0,1,0.6930660009384155
mlp,gwo,1,2232,2024-06-14 16:10:00,0,1,0.5697509050369263
mlp,gwo,1,2233,2024-06-14 16:15:00,0,1,0.5587304830551147
mlp,gwo,1,2234,2024-06-14 16:20:00,0,0,0.47724229097366333
mlp,gwo,1,2235,2024-06-14 16:25:00,0,1,0.5706170201301575
mlp,gwo,1,2236,2024-06-14 16:30:00,0,0,0.4916207194328308
mlp,gwo,1,2237,2024-06-14 16:35:00,0,0,0.4508151113986969
mlp,gwo,1,2238,2024-06-14 16:40:00,0,0,0.37202006578445435
mlp,gwo,1,2239,2024-06-14 16:45:00,0,0,0.4550802409648895
mlp,gwo,1,2240,2024-06-14 16:50:00,0,1,0.5498222708702087
mlp,gwo,1,2241,2024-06-14 16:55:00,0,1,0.6011967062950134
mlp,gwo,1,2242,2024-06-14 17:00:00,0,1,0.5602949857711792
mlp,gwo,1,2243,2024-06-14 17:05:00,0,0,0.44415396451950073
mlp,gwo,1,2244,2024-06-14 17:10:00,0,0,0.3962993919849396
mlp,gwo,1,2245,2024-06-14 17:15:00,0,0,0.3571389317512512
mlp,gwo,1,2246,2024-06-14 17:20:00,0,0,0.38305458426475525
mlp,gwo,1,2247,2024-06-14 17:25:00,0,0,0.46655285358428955
mlp,gwo,1,2248,2024-06-14 17:30:00,0,1,0.521599531173706
mlp,gwo,1,2249,2024-06-14 17:35:00,0,1,0.5850492119789124
mlp,gwo,1,2250,2024-06-14 17:40:00,0,1,0.5579732656478882
mlp,gwo,1,2251,2024-06-14 17:45:00,0,1,0.6005675196647644
mlp,gwo,1,2252,2024-06-14 17:50:00,0,1,0.5755106806755066
mlp,gwo,1,2253,2024-06-14 17:55:00,1,1,0.6120747923851013
mlp,gwo,1,2254,2024-06-18 10:40:00,1,1,0.9411748647689819
mlp,gwo,1,2255,2024-06-18 10:45:00,1,1,0.9643344283103943
mlp,gwo,1,2256,2024-06-18 10:50:00,1,1,0.9480420351028442
mlp,gwo,1,2257,2024-06-18 10:55:00,0,1,0.9309213757514954
mlp,gwo,1,2258,2024-06-18 11:00:00,0,1,0.8229405283927917
mlp,gwo,1,2259,2024-06-18 11:05:00,0,1,0.5833252668380737
mlp,gwo,1,2260,2024-06-18 11:10:00,0,0,0.21467217803001404
mlp,gwo,1,2261,2024-06-18 11:15:00,0,0,0.18617935478687286
mlp,gwo,1,2262,2024-06-18 11:20:00,1,0,0.17186695337295532
mlp,gwo,1,2263,2024-06-18 11:25:00,1,0,0.3323580026626587
mlp,gwo,1,2264,2024-06-18 11:30:00,1,0,0.3909183740615845
mlp,gwo,1,2265,2024-06-18 11:35:00,1,1,0.6740831732749939
mlp,gwo,1,2266,2024-06-18 11:40:00,1,1,0.5998595356941223
mlp,gwo,1,2267,2024-06-18 11:45:00,1,0,0.43930986523628235
mlp,gwo,1,2268,2024-06-18 11:50:00,1,0,0.3555110692977905
mlp,gwo,1,2269,2024-06-18 11:55:00,1,0,0.4596392810344696
mlp,gwo,1,2270,2024-06-18 12:00:00,1,0,0.37328705191612244
mlp,gwo,1,2271,2024-06-18 12:05:00,1,0,0.35047879815101624
mlp,gwo,1,2272,2024-06-18 12:10:00,1,0,0.35324394702911377
mlp,gwo,1,2273,2024-06-18 12:15:00,1,1,0.6169114708900452
mlp,gwo,1,2274,2024-06-18 12:20:00,1,1,0.6208212971687317
mlp,gwo,1,2275,2024-06-18 12:25:00,1,1,0.6230332255363464
mlp,gwo,1,2276,2024-06-18 12:30:00,1,1,0.6665098667144775
mlp,gwo,1,2277,2024-06-18 12:35:00,1,1,0.6977134943008423
mlp,gwo,1,2278,2024-06-18 12:40:00,1,1,0.5924424529075623
mlp,gwo,1,2279,2024-06-18 12:45:00,1,1,0.5060344338417053
mlp,gwo,1,2280,2024-06-18 12:50:00,1,0,0.4201532304286957
mlp,gwo,1,2281,2024-06-18 12:55:00,1,0,0.32662931084632874
mlp,gwo,1,2282,2024-06-18 13:00:00,1,0,0.4379369914531708
mlp,gwo,1,2283,2024-06-18 13:05:00,1,1,0.5643630027770996
mlp,gwo,1,2284,2024-06-18 13:10:00,1,1,0.5392674207687378
mlp,gwo,1,2285,2024-06-18 13:15:00,1,0,0.43753668665885925
mlp,gwo,1,2286,2024-06-18 13:20:00,1,0,0.45582783222198486
mlp,gwo,1,2287,2024-06-18 13:25:00,1,0,0.3833419680595398
mlp,gwo,1,2288,2024-06-18 13:30:00,1,0,0.3583844006061554
mlp,gwo,1,2289,2024-06-18 13:35:00,1,0,0.4995790719985962
mlp,gwo,1,2290,2024-06-18 13:40:00,1,1,0.5503443479537964
mlp,gwo,1,2291,2024-06-18 13:45:00,1,1,0.5956922173500061
mlp,gwo,1,2292,2024-06-18 13:50:00,1,1,0.6936001181602478
mlp,gwo,1,2293,2024-06-18 13:55:00,1,1,0.725256085395813
mlp,gwo,1,2294,2024-06-18 14:00:00,1,1,0.7078171372413635
mlp,gwo,1,2295,2024-06-18 14:05:00,1,1,0.7108131051063538
mlp,gwo,1,2296,2024-06-18 14:10:00,1,1,0.5375557541847229
mlp,gwo,1,2297,2024-06-18 14:15:00,1,1,0.6797618269920349
mlp,gwo,1,2298,2024-06-18 14:20:00,1,1,0.7663830518722534
mlp,gwo,1,2299,2024-06-18 14:25:00,1,1,0.7213018536567688
mlp,gwo,1,2300,2024-06-18 14:30:00,1,1,0.6592130064964294
mlp,gwo,1,2301,2024-06-18 14:35:00,1,1,0.634669840335846
mlp,gwo,1,2302,2024-06-18 14:40:00,1,1,0.616672933101654
mlp,gwo,1,2303,2024-06-18 14:45:00,1,1,0.5031424760818481
mlp,gwo,1,2304,2024-06-18 14:50:00,1,0,0.3725777864456177
mlp,gwo,1,2305,2024-06-18 14:55:00,1,0,0.2929503917694092
mlp,gwo,1,2306,2024-06-18 15:00:00,1,0,0.30152684450149536
mlp,gwo,1,2307,2024-06-18 15:05:00,1,0,0.39121013879776
mlp,gwo,1,2308,2024-06-18 15:10:00,1,0,0.3657056391239166
mlp,gwo,1,2309,2024-06-18 15:15:00,1,0,0.3040265142917633
mlp,gwo,1,2310,2024-06-18 15:20:00,1,0,0.3366794288158417
mlp,gwo,1,2311,2024-06-18 15:25:00,1,0,0.4584405720233917
mlp,gwo,1,2312,2024-06-18 15:30:00,0,1,0.6398363709449768
mlp,gwo,1,2313,2024-06-18 15:35:00,0,0,0.45528480410575867
mlp,gwo,1,2314,2024-06-18 15:40:00,0,0,0.3287901282310486
mlp,gwo,1,2315,2024-06-18 15:45:00,0,0,0.23922935128211975
mlp,gwo,1,2316,2024-06-18 15:50:00,0,0,0.31071582436561584
mlp,gwo,1,2317,2024-06-18 15:55:00,0,0,0.2831682860851288
mlp,gwo,1,2318,2024-06-18 16:00:00,0,0,0.19279010593891144
mlp,gwo,1,2319,2024-06-18 16:05:00,1,0,0.1442091315984726
mlp,gwo,1,2320,2024-06-18 16:10:00,1,0,0.16991375386714935
mlp,gwo,1,2321,2024-06-18 16:15:00,1,0,0.22853849828243256
mlp,gwo,1,2322,2024-06-18 16:20:00,1,0,0.34656789898872375
mlp,gwo,1,2323,2024-06-18 16:25:00,1,0,0.4408808946609497
mlp,gwo,1,2324,2024-06-18 16:30:00,1,1,0.5891126394271851
mlp,gwo,1,2325,2024-06-18 16:35:00,1,1,0.6539219617843628
mlp,gwo,1,2326,2024-06-18 16:40:00,1,1,0.717507541179657
mlp,gwo,1,2327,2024-06-18 16:45:00,1,1,0.67404705286026
mlp,gwo,1,2328,2024-06-18 16:50:00,1,1,0.673181414604187
mlp,gwo,1,2329,2024-06-18 16:55:00,0,1,0.687689483165741
mlp,gwo,1,2330,2024-06-18 17:00:00,0,1,0.7140811085700989
mlp,gwo,1,2331,2024-06-18 17:05:00,0,1,0.5517964959144592
mlp,gwo,1,2332,2024-06-18 17:10:00,0,0,0.47957319021224976
mlp,gwo,1,2333,2024-06-18 17:15:00,0,0,0.4776591658592224
mlp,gwo,1,2334,2024-06-18 17:20:00,0,1,0.5579566955566406
mlp,gwo,1,2335,2024-06-18 17:25:00,0,1,0.624311089515686
mlp,gwo,1,2336,2024-06-18 17:30:00,0,1,0.5771960020065308
mlp,gwo,1,2337,2024-06-18 17:35:00,0,1,0.503782331943512
mlp,gwo,1,2338,2024-06-18 17:40:00,0,1,0.6085946559906006
mlp,gwo,1,2339,2024-06-18 17:45:00,0,1,0.6827724575996399
mlp,gwo,1,2340,2024-06-18 17:50:00,0,1,0.7198681235313416
mlp,gwo,1,2341,2024-06-18 17:55:00,0,1,0.6707290410995483
mlp,gwo,1,2342,2024-06-19 10:55:00,1,0,0.27400490641593933
mlp,gwo,1,2343,2024-06-19 11:00:00,1,1,0.5846691727638245
mlp,gwo,1,2344,2024-06-19 11:05:00,1,1,0.5464740991592407
mlp,gwo,1,2345,2024-06-19 11:10:00,1,0,0.4222102761268616
mlp,gwo,1,2346,2024-06-19 11:15:00,1,0,0.39349058270454407
mlp,gwo,1,2347,2024-06-19 11:20:00,1,0,0.46277594566345215
mlp,gwo,1,2348,2024-06-19 11:25:00,1,1,0.5734930038452148
mlp,gwo,1,2349,2024-06-19 11:30:00,1,1,0.6048544645309448
mlp,gwo,1,2350,2024-06-19 11:35:00,1,1,0.6832367181777954
mlp,gwo,1,2351,2024-06-19 11:40:00,1,1,0.734216570854187
mlp,gwo,1,2352,2024-06-19 11:45:00,1,1,0.6009074449539185
mlp,gwo,1,2353,2024-06-19 11:50:00,1,1,0.5161864161491394
mlp,gwo,1,2354,2024-06-19 11:55:00,1,1,0.5294368267059326
mlp,gwo,1,2355,2024-06-19 12:00:00,1,0,0.4879280924797058
mlp,gwo,1,2356,2024-06-19 12:05:00,1,0,0.46505457162857056
mlp,gwo,1,2357,2024-06-19 12:10:00,1,0,0.4457207918167114
mlp,gwo,1,2358,2024-06-19 12:15:00,1,0,0.4354351758956909
mlp,gwo,1,2359,2024-06-19 12:20:00,1,0,0.40921273827552795
mlp,gwo,1,2360,2024-06-19 12:25:00,1,1,0.5094563364982605
mlp,gwo,1,2361,2024-06-19 12:30:00,1,1,0.6089141368865967
mlp,gwo,1,2362,2024-06-19 12:35:00,1,1,0.664620578289032
mlp,gwo,1,2363,2024-06-19 12:40:00,1,1,0.702221691608429
mlp,gwo,1,2364,2024-06-19 12:45:00,1,1,0.8730541467666626
mlp,gwo,1,2365,2024-06-19 12:50:00,1,1,0.8604720830917358
mlp,gwo,1,2366,2024-06-19 12:55:00,1,1,0.8034932017326355
mlp,gwo,1,2367,2024-06-19 13:00:00,1,1,0.7330678105354309
mlp,gwo,1,2368,2024-06-19 13:05:00,1,1,0.6912215352058411
mlp,gwo,1,2369,2024-06-19 13:10:00,1,1,0.7154397368431091
mlp,gwo,1,2370,2024-06-19 13:15:00,1,1,0.5709372162818909
mlp,gwo,1,2371,2024-06-19 13:20:00,1,0,0.45701882243156433
mlp,gwo,1,2372,2024-06-19 13:25:00,1,1,0.533322811126709
mlp,gwo,1,2373,2024-06-19 13:30:00,1,1,0.6721974015235901
mlp,gwo,1,2374,2024-06-19 13:35:00,1,1,0.6880894303321838
mlp,gwo,1,2375,2024-06-19 13:40:00,1,1,0.7032631039619446
mlp,gwo,1,2376,2024-06-19 13:45:00,1,1,0.7097921967506409
mlp,gwo,1,2377,2024-06-19 13:50:00,1,1,0.6928504705429077
mlp,gwo,1,2378,2024-06-19 13:55:00,1,1,0.6613401174545288
mlp,gwo,1,2379,2024-06-19 14:00:00,1,1,0.532032310962677
mlp,gwo,1,2380,2024-06-19 14:05:00,0,1,0.6456682085990906
mlp,gwo,1,2381,2024-06-19 14:10:00,0,0,0.4751209318637848
mlp,gwo,1,2382,2024-06-19 14:15:00,0,0,0.40264153480529785
mlp,gwo,1,2383,2024-06-19 14:20:00,0,0,0.4551573395729065
mlp,gwo,1,2384,2024-06-19 14:25:00,0,0,0.3434678316116333
mlp,gwo,1,2385,2024-06-19 14:30:00,1,0,0.2944487929344177
mlp,gwo,1,2386,2024-06-19 14:35:00,1,0,0.31175246834754944
mlp,gwo,1,2387,2024-06-19 14:40:00,1,0,0.41956162452697754
mlp,gwo,1,2388,2024-06-19 14:45:00,1,0,0.49690139293670654
mlp,gwo,1,2389,2024-06-19 14:50:00,1,1,0.601577877998352
mlp,gwo,1,2390,2024-06-19 14:55:00,1,1,0.6166157126426697
mlp,gwo,1,2391,2024-06-19 15:00:00,1,1,0.6397258639335632
mlp,gwo,1,2392,2024-06-19 15:05:00,1,1,0.6880898475646973
mlp,gwo,1,2393,2024-06-19 15:10:00,1,1,0.6374528408050537
mlp,gwo,1,2394,2024-06-19 15:15:00,1,1,0.6296966075897217
mlp,gwo,1,2395,2024-06-19 15:20:00,1,1,0.6420430541038513
mlp,gwo,1,2396,2024-06-19 15:25:00,1,1,0.604338526725769
mlp,gwo,1,2397,2024-06-19 15:30:00,1,1,0.5507739782333374
mlp,gwo,1,2398,2024-06-19 15:35:00,1,0,0.44135990738868713
mlp,gwo,1,2399,2024-06-19 15:40:00,1,1,0.6201145052909851
mlp,gwo,1,2400,2024-06-19 15:45:00,1,1,0.8029578924179077
mlp,gwo,1,2401,2024-06-19 15:50:00,1,1,0.8460997939109802
mlp,gwo,1,2402,2024-06-19 15:55:00,1,1,0.8455362319946289
mlp,gwo,1,2403,2024-06-19 16:00:00,1,1,0.7940505146980286
mlp,gwo,1,2404,2024-06-19 16:05:00,1,1,0.6761524081230164
mlp,gwo,1,2405,2024-06-19 16:10:00,1,1,0.5781083703041077
mlp,gwo,1,2406,2024-06-19 16:15:00,1,0,0.49450331926345825
mlp,gwo,1,2407,2024-06-19 16:20:00,1,1,0.6593334078788757
mlp,gwo,1,2408,2024-06-19 16:25:00,1,1,0.7865442037582397
mlp,gwo,1,2409,2024-06-19 16:30:00,1,1,0.7406469583511353
mlp,gwo,1,2410,2024-06-19 16:35:00,1,1,0.79606693983078
mlp,gwo,1,2411,2024-06-19 16:40:00,1,1,0.8498611450195312
mlp,gwo,1,2412,2024-06-19 16:45:00,1,1,0.8364008069038391
mlp,gwo,1,2413,2024-06-19 16:50:00,1,1,0.8003984689712524
mlp,gwo,1,2414,2024-06-19 16:55:00,1,1,0.5822651386260986
mlp,gwo,1,2415,2024-06-19 17:00:00,1,0,0.4634779691696167
mlp,gwo,1,2416,2024-06-19 17:05:00,1,0,0.42773234844207764
mlp,gwo,1,2417,2024-06-19 17:10:00,1,0,0.3508431613445282
mlp,gwo,1,2418,2024-06-19 17:15:00,1,0,0.4181354343891144
mlp,gwo,1,2419,2024-06-19 17:20:00,1,1,0.5480296611785889
mlp,gwo,1,2420,2024-06-19 17:25:00,1,1,0.5779732465744019
mlp,gwo,1,2421,2024-06-19 17:30:00,1,1,0.5375052690505981
mlp,gwo,1,2422,2024-06-19 17:35:00,1,1,0.5994242429733276
mlp,gwo,1,2423,2024-06-19 17:40:00,1,1,0.6773725152015686
mlp,gwo,1,2424,2024-06-19 17:45:00,1,1,0.6142954230308533
mlp,gwo,1,2425,2024-06-19 17:50:00,1,1,0.5421519875526428
mlp,gwo,1,2426,2024-06-19 17:55:00,1,1,0.550032377243042
mlp,gwo,1,2427,2024-06-20 10:50:00,0,1,0.9240568280220032
mlp,gwo,1,2428,2024-06-20 10:55:00,0,1,0.838774561882019
mlp,gwo,1,2429,2024-06-20 11:00:00,0,1,0.7118700742721558
mlp,gwo,1,2430,2024-06-20 11:05:00,0,0,0.4139825999736786
mlp,gwo,1,2431,2024-06-20 11:10:00,0,0,0.4762306809425354
mlp,gwo,1,2432,2024-06-20 11:15:00,0,1,0.6123008728027344
mlp,gwo,1,2433,2024-06-20 11:20:00,0,1,0.5593036413192749
mlp,gwo,1,2434,2024-06-20 11:25:00,0,0,0.44959133863449097
mlp,gwo,1,2435,2024-06-20 11:30:00,0,0,0.3114047348499298
mlp,gwo,1,2436,2024-06-20 11:35:00,0,0,0.1914789080619812
mlp,gwo,1,2437,2024-06-20 11:40:00,0,0,0.1595899760723114
mlp,gwo,1,2438,2024-06-20 11:45:00,0,0,0.09051842242479324
mlp,gwo,1,2439,2024-06-20 11:50:00,0,0,0.07325334846973419
mlp,gwo,1,2440,2024-06-20 11:55:00,0,0,0.12864914536476135
mlp,gwo,1,2441,2024-06-20 12:00:00,0,0,0.12008550018072128
mlp,gwo,1,2442,2024-06-20 12:05:00,0,0,0.09233777970075607
mlp,gwo,1,2443,2024-06-20 12:10:00,0,0,0.1835721880197525
mlp,gwo,1,2444,2024-06-20 12:15:00,0,0,0.22900202870368958
mlp,gwo,1,2445,2024-06-20 12:20:00,0,0,0.31396546959877014
mlp,gwo,1,2446,2024-06-20 12:25:00,0,0,0.31233832240104675
mlp,gwo,1,2447,2024-06-20 12:30:00,0,0,0.34222665429115295
mlp,gwo,1,2448,2024-06-20 12:35:00,0,0,0.2251473367214203
mlp,gwo,1,2449,2024-06-20 12:40:00,0,0,0.2977863848209381
mlp,gwo,1,2450,2024-06-20 12:45:00,0,1,0.512302815914154
mlp,gwo,1,2451,2024-06-20 12:50:00,0,0,0.46392425894737244
mlp,gwo,1,2452,2024-06-20 12:55:00,0,0,0.39008668065071106
mlp,gwo,1,2453,2024-06-20 13:00:00,0,0,0.343116819858551
mlp,gwo,1,2454,2024-06-20 13:05:00,0,0,0.22521688044071198
mlp,gwo,1,2455,2024-06-20 13:10:00,0,0,0.2826518714427948
mlp,gwo,1,2456,2024-06-20 13:15:00,0,0,0.3754498362541199
mlp,gwo,1,2457,2024-06-20 13:20:00,0,0,0.33794263005256653
mlp,gwo,1,2458,2024-06-20 13:25:00,0,0,0.2355789989233017
mlp,gwo,1,2459,2024-06-20 13:30:00,0,0,0.2606804668903351
mlp,gwo,1,2460,2024-06-20 13:35:00,1,0,0.25904718041419983
mlp,gwo,1,2461,2024-06-20 13:40:00,1,0,0.325549840927124
mlp,gwo,1,2462,2024-06-20 13:45:00,1,1,0.5827568173408508
mlp,gwo,1,2463,2024-06-20 13:50:00,1,1,0.5774452090263367
mlp,gwo,1,2464,2024-06-20 13:55:00,1,1,0.5805343985557556
mlp,gwo,1,2465,2024-06-20 14:00:00,1,1,0.5628325343132019
mlp,gwo,1,2466,2024-06-20 14:05:00,1,1,0.6052715182304382
mlp,gwo,1,2467,2024-06-20 14:10:00,1,1,0.7709068059921265
mlp,gwo,1,2468,2024-06-20 14:15:00,1,1,0.802963376045227
mlp,gwo,1,2469,2024-06-20 14:20:00,1,1,0.7478348016738892
mlp,gwo,1,2470,2024-06-20 14:25:00,1,1,0.6329284906387329
mlp,gwo,1,2471,2024-06-20 14:30:00,1,0,0.4162484407424927
mlp,gwo,1,2472,2024-06-20 14:35:00,1,0,0.3089291453361511
mlp,gwo,1,2473,2024-06-20 14:40:00,1,0,0.3309919536113739
mlp,gwo,1,2474,2024-06-20 14:45:00,1,0,0.43108516931533813
mlp,gwo,1,2475,2024-06-20 14:50:00,1,0,0.44636306166648865
mlp,gwo,1,2476,2024-06-20 14:55:00,1,1,0.6036010980606079
mlp,gwo,1,2477,2024-06-20 15:00:00,1,1,0.6491201519966125
mlp,gwo,1,2478,2024-06-20 15:05:00,1,1,0.6976318955421448
mlp,gwo,1,2479,2024-06-20 15:10:00,1,1,0.6699131727218628
mlp,gwo,1,2480,2024-06-20 15:15:00,1,1,0.7177177667617798
mlp,gwo,1,2481,2024-06-20 15:20:00,1,1,0.7606426477432251
mlp,gwo,1,2482,2024-06-20 15:25:00,1,1,0.7132611274719238
mlp,gwo,1,2483,2024-06-20 15:30:00,1,1,0.5385661721229553
mlp,gwo,1,2484,2024-06-20 15:35:00,1,1,0.5706501603126526
mlp,gwo,1,2485,2024-06-20 15:40:00,1,1,0.679714024066925
mlp,gwo,1,2486,2024-06-20 15:45:00,1,1,0.7762702703475952
mlp,gwo,1,2487,2024-06-20 15:50:00,0,1,0.8242319822311401
mlp,gwo,1,2488,2024-06-20 15:55:00,0,1,0.8024204969406128
mlp,gwo,1,2489,2024-06-20 16:00:00,0,1,0.710930585861206
mlp,gwo,1,2490,2024-06-20 16:05:00,0,1,0.5617842674255371
mlp,gwo,1,2491,2024-06-20 16:10:00,0,0,0.34540998935699463
mlp,gwo,1,2492,2024-06-20 16:15:00,0,0,0.20028769969940186
mlp,gwo,1,2493,2024-06-20 16:20:00,0,0,0.1370110958814621
mlp,gwo,1,2494,2024-06-20 16:25:00,0,0,0.20296986401081085
mlp,gwo,1,2495,2024-06-20 16:30:00,0,0,0.2699754238128662
mlp,gwo,1,2496,2024-06-20 16:35:00,0,0,0.3005313575267792
mlp,gwo,1,2497,2024-06-20 16:40:00,0,0,0.410561203956604
mlp,gwo,1,2498,2024-06-20 16:45:00,0,0,0.49305400252342224
mlp,gwo,1,2499,2024-06-20 16:50:00,0,0,0.49965113401412964
mlp,gwo,1,2500,2024-06-20 16:55:00,0,1,0.5528719425201416
mlp,gwo,1,2501,2024-06-20 17:00:00,0,0,0.4589695632457733
mlp,gwo,1,2502,2024-06-20 17:05:00,0,0,0.4022414982318878
mlp,gwo,1,2503,2024-06-20 17:10:00,0,0,0.4973486661911011
mlp,gwo,1,2504,2024-06-20 17:15:00,0,1,0.5965381860733032
mlp,gwo,1,2505,2024-06-20 17:20:00,0,1,0.5231195688247681
mlp,gwo,1,2506,2024-06-20 17:25:00,0,0,0.45032572746276855
mlp,gwo,1,2507,2024-06-20 17:30:00,0,0,0.42395973205566406
mlp,gwo,1,2508,2024-06-20 17:35:00,0,0,0.4838040769100189
mlp,gwo,1,2509,2024-06-20 17:40:00,0,0,0.4921807050704956
mlp,gwo,1,2510,2024-06-20 17:45:00,0,0,0.4831726551055908
mlp,gwo,1,2511,2024-06-20 17:50:00,0,0,0.49664369225502014
mlp,gwo,1,2512,2024-06-20 17:55:00,1,0,0.4693511128425598
mlp,gwo,1,2513,2024-06-21 10:40:00,1,1,0.7925514578819275
mlp,gwo,1,2514,2024-06-21 10:45:00,1,1,0.8829492926597595
mlp,gwo,1,2515,2024-06-21 10:50:00,1,1,0.9288185238838196
mlp,gwo,1,2516,2024-06-21 10:55:00,1,1,0.9363654851913452
mlp,gwo,1,2517,2024-06-21 11:00:00,1,1,0.8686963319778442
mlp,gwo,1,2518,2024-06-21 11:05:00,1,1,0.8302593231201172
mlp,gwo,1,2519,2024-06-21 11:10:00,1,1,0.6405964493751526
mlp,gwo,1,2520,2024-06-21 11:15:00,1,1,0.6642596125602722
mlp,gwo,1,2521,2024-06-21 11:20:00,1,1,0.5947268605232239
mlp,gwo,1,2522,2024-06-21 11:25:00,0,1,0.7410030364990234
mlp,gwo,1,2523,2024-06-21 11:30:00,0,1,0.6418602466583252
mlp,gwo,1,2524,2024-06-21 11:35:00,0,1,0.6013765931129456
mlp,gwo,1,2525,2024-06-21 11:40:00,0,0,0.4273858368396759
mlp,gwo,1,2526,2024-06-21 11:45:00,0,0,0.3133111000061035
mlp,gwo,1,2527,2024-06-21 11:50:00,0,0,0.47137051820755005
mlp,gwo,1,2528,2024-06-21 11:55:00,0,0,0.4214997887611389
mlp,gwo,1,2529,2024-06-21 12:00:00,0,1,0.5130721926689148
mlp,gwo,1,2530,2024-06-21 12:05:00,0,1,0.5309638977050781
mlp,gwo,1,2531,2024-06-21 12:10:00,0,1,0.5789110660552979
mlp,gwo,1,2532,2024-06-21 12:15:00,1,0,0.20624536275863647
mlp,gwo,1,2533,2024-06-21 12:20:00,1,0,0.23066000640392303
mlp,gwo,1,2534,2024-06-21 12:25:00,1,0,0.21028585731983185
mlp,gwo,1,2535,2024-06-21 12:30:00,1,0,0.20466187596321106
mlp,gwo,1,2536,2024-06-21 12:35:00,1,0,0.3188006579875946
mlp,gwo,1,2537,2024-06-21 12:40:00,1,0,0.3366251289844513
mlp,gwo,1,2538,2024-06-21 12:45:00,1,1,0.5298197865486145
mlp,gwo,1,2539,2024-06-21 12:50:00,1,0,0.4746675193309784
mlp,gwo,1,2540,2024-06-21 12:55:00,1,0,0.43558838963508606
mlp,gwo,1,2541,2024-06-21 13:00:00,1,0,0.44368207454681396
mlp,gwo,1,2542,2024-06-21 13:05:00,1,0,0.49337705969810486
mlp,gwo,1,2543,2024-06-21 13:10:00,1,1,0.552507758140564
mlp,gwo,1,2544,2024-06-21 13:15:00,1,1,0.6090603470802307
mlp,gwo,1,2545,2024-06-21 13:20:00,1,1,0.672131359577179
mlp,gwo,1,2546,2024-06-21 13:25:00,1,1,0.7214828729629517
mlp,gwo,1,2547,2024-06-21 13:30:00,1,1,0.7087852954864502
mlp,gwo,1,2548,2024-06-21 13:35:00,1,1,0.6281125545501709
mlp,gwo,1,2549,2024-06-21 13:40:00,1,1,0.697090208530426
mlp,gwo,1,2550,2024-06-21 13:45:00,1,1,0.6548819541931152
mlp,gwo,1,2551,2024-06-21 13:50:00,0,1,0.7224451303482056
mlp,gwo,1,2552,2024-06-21 13:55:00,0,1,0.6559496521949768
mlp,gwo,1,2553,2024-06-21 14:00:00,0,1,0.6259419918060303
mlp,gwo,1,2554,2024-06-21 14:05:00,0,1,0.5477678775787354
mlp,gwo,1,2555,2024-06-21 14:10:00,0,1,0.555163562297821
mlp,gwo,1,2556,2024-06-21 14:15:00,0,1,0.5475971698760986
mlp,gwo,1,2557,2024-06-21 14:20:00,0,0,0.49149227142333984
mlp,gwo,1,2558,2024-06-21 14:25:00,0,0,0.4403451979160309
mlp,gwo,1,2559,2024-06-21 14:30:00,0,0,0.3786449730396271
mlp,gwo,1,2560,2024-06-21 14:35:00,0,0,0.3405195474624634
mlp,gwo,1,2561,2024-06-21 14:40:00,0,0,0.3545832335948944
mlp,gwo,1,2562,2024-06-21 14:45:00,0,0,0.3291928172111511
mlp,gwo,1,2563,2024-06-21 14:50:00,0,0,0.4359583556652069
mlp,gwo,1,2564,2024-06-21 14:55:00,0,0,0.3983095586299896
mlp,gwo,1,2565,2024-06-21 15:00:00,1,0,0.31131136417388916
mlp,gwo,1,2566,2024-06-21 15:05:00,1,0,0.4257630407810211
mlp,gwo,1,2567,2024-06-21 15:10:00,1,0,0.4824249744415283
mlp,gwo,1,2568,2024-06-21 15:15:00,1,1,0.5697392821311951
mlp,gwo,1,2569,2024-06-21 15:20:00,1,1,0.6566555500030518
mlp,gwo,1,2570,2024-06-21 15:25:00,1,1,0.7088127732276917
mlp,gwo,1,2571,2024-06-21 15:30:00,1,1,0.7641353011131287
mlp,gwo,1,2572,2024-06-21 15:35:00,1,1,0.7884123921394348
mlp,gwo,1,2573,2024-06-21 15:40:00,1,1,0.7016158699989319
mlp,gwo,1,2574,2024-06-21 15:45:00,1,1,0.6180722117424011
mlp,gwo,1,2575,2024-06-21 15:50:00,1,1,0.6730477213859558
mlp,gwo,1,2576,2024-06-21 15:55:00,1,1,0.6684332489967346
mlp,gwo,1,2577,2024-06-21 16:00:00,1,1,0.7119899988174438
mlp,gwo,1,2578,2024-06-21 16:05:00,1,1,0.6704650521278381
mlp,gwo,1,2579,2024-06-21 16:10:00,1,1,0.642808198928833
mlp,gwo,1,2580,2024-06-21 16:15:00,1,1,0.6362938284873962
mlp,gwo,1,2581,2024-06-21 16:20:00,1,1,0.6416246891021729
mlp,gwo,1,2582,2024-06-21 16:25:00,1,1,0.6492371559143066
mlp,gwo,1,2583,2024-06-21 16:30:00,1,1,0.6655482649803162
mlp,gwo,1,2584,2024-06-21 16:35:00,1,1,0.6674833297729492
mlp,gwo,1,2585,2024-06-21 16:40:00,1,1,0.552802324295044
mlp,gwo,1,2586,2024-06-21 16:45:00,1,0,0.4085647165775299
mlp,gwo,1,2587,2024-06-21 16:50:00,1,0,0.4876019358634949
mlp,gwo,1,2588,2024-06-21 16:55:00,1,1,0.5390059351921082
mlp,gwo,1,2589,2024-06-21 17:00:00,1,0,0.4435332417488098
mlp,gwo,1,2590,2024-06-21 17:05:00,1,0,0.3941853642463684
mlp,gwo,1,2591,2024-06-21 17:10:00,1,0,0.3996967375278473
mlp,gwo,1,2592,2024-06-21 17:15:00,1,1,0.5511247515678406
mlp,gwo,1,2593,2024-06-21 17:20:00,1,1,0.509493350982666
mlp,gwo,1,2594,2024-06-21 17:25:00,1,0,0.45136064291000366
mlp,gwo,1,2595,2024-06-21 17:30:00,1,1,0.5166478157043457
mlp,gwo,1,2596,2024-06-21 17:35:00,1,1,0.5269860625267029
mlp,gwo,1,2597,2024-06-21 17:40:00,1,1,0.5340113639831543
mlp,gwo,1,2598,2024-06-21 17:45:00,1,1,0.5115435123443604
mlp,gwo,1,2599,2024-06-21 17:50:00,1,1,0.5643495321273804
mlp,gwo,1,2600,2024-06-21 17:55:00,1,1,0.5811533331871033
mlp,gwo,1,2601,2024-06-24 10:50:00,0,1,0.8896950483322144
mlp,gwo,1,2602,2024-06-24 10:55:00,0,1,0.8005388975143433
mlp,gwo,1,2603,2024-06-24 11:00:00,0,1,0.523604691028595
mlp,gwo,1,2604,2024-06-24 11:05:00,0,0,0.48575860261917114
mlp,gwo,1,2605,2024-06-24 11:10:00,0,1,0.6271859407424927
mlp,gwo,1,2606,2024-06-24 11:15:00,0,0,0.4760333299636841
mlp,gwo,1,2607,2024-06-24 11:20:00,0,1,0.5168772339820862
mlp,gwo,1,2608,2024-06-24 11:25:00,0,0,0.4410313069820404
mlp,gwo,1,2609,2024-06-24 11:30:00,0,0,0.32809728384017944
mlp,gwo,1,2610,2024-06-24 11:35:00,0,0,0.3907170593738556
mlp,gwo,1,2611,2024-06-24 11:40:00,0,0,0.4458141326904297
mlp,gwo,1,2612,2024-06-24 11:45:00,0,0,0.37767279148101807
mlp,gwo,1,2613,2024-06-24 11:50:00,0,0,0.44920265674591064
mlp,gwo,1,2614,2024-06-24 11:55:00,0,1,0.5190979838371277
mlp,gwo,1,2615,2024-06-24 12:00:00,0,1,0.5168238282203674
mlp,gwo,1,2616,2024-06-24 12:05:00,0,0,0.489253431558609
mlp,gwo,1,2617,2024-06-24 12:10:00,0,0,0.3875833749771118
mlp,gwo,1,2618,2024-06-24 12:15:00,0,0,0.3422415256500244
mlp,gwo,1,2619,2024-06-24 12:20:00,0,0,0.2963772118091583
mlp,gwo,1,2620,2024-06-24 12:25:00,0,0,0.31388723850250244
mlp,gwo,1,2621,2024-06-24 12:30:00,0,0,0.2767711579799652
mlp,gwo,1,2622,2024-06-24 12:35:00,0,0,0.32268646359443665
mlp,gwo,1,2623,2024-06-24 12:40:00,0,0,0.4198613464832306
mlp,gwo,1,2624,2024-06-24 12:45:00,1,0,0.3811374008655548
mlp,gwo,1,2625,2024-06-24 12:50:00,1,0,0.4526524543762207
mlp,gwo,1,2626,2024-06-24 12:55:00,1,1,0.574646532535553
mlp,gwo,1,2627,2024-06-24 13:00:00,1,0,0.458322137594223
mlp,gwo,1,2628,2024-06-24 13:05:00,1,1,0.5293043255805969
mlp,gwo,1,2629,2024-06-24 13:10:00,1,1,0.6499596238136292
mlp,gwo,1,2630,2024-06-24 13:15:00,1,1,0.6842896938323975
mlp,gwo,1,2631,2024-06-24 13:20:00,1,1,0.7411928772926331
mlp,gwo,1,2632,2024-06-24 13:25:00,1,1,0.6816574931144714
mlp,gwo,1,2633,2024-06-24 13:30:00,1,1,0.5714991688728333
mlp,gwo,1,2634,2024-06-24 13:35:00,1,1,0.5234606862068176
mlp,gwo,1,2635,2024-06-24 13:40:00,1,0,0.45569518208503723
mlp,gwo,1,2636,2024-06-24 13:45:00,1,0,0.4847591519355774
mlp,gwo,1,2637,2024-06-24 13:50:00,1,0,0.43400973081588745
mlp,gwo,1,2638,2024-06-24 13:55:00,1,0,0.4743637144565582
mlp,gwo,1,2639,2024-06-24 14:00:00,1,1,0.5520968437194824
mlp,gwo,1,2640,2024-06-24 14:05:00,1,0,0.44587525725364685
mlp,gwo,1,2641,2024-06-24 14:10:00,1,0,0.3752559423446655
mlp,gwo,1,2642,2024-06-24 14:15:00,1,0,0.3707088828086853
mlp,gwo,1,2643,2024-06-24 14:20:00,1,0,0.43899574875831604
mlp,gwo,1,2644,2024-06-24 14:25:00,1,1,0.6006425619125366
mlp,gwo,1,2645,2024-06-24 14:30:00,1,1,0.6001701951026917
mlp,gwo,1,2646,2024-06-24 14:35:00,0,1,0.6993022561073303
mlp,gwo,1,2647,2024-06-24 14:40:00,0,1,0.5907368659973145
mlp,gwo,1,2648,2024-06-24 14:45:00,0,0,0.47561225295066833
mlp,gwo,1,2649,2024-06-24 14:50:00,0,0,0.3971612751483917
mlp,gwo,1,2650,2024-06-24 14:55:00,0,0,0.4875030219554901
mlp,gwo,1,2651,2024-06-24 15:00:00,0,0,0.49388667941093445
mlp,gwo,1,2652,2024-06-24 15:05:00,0,1,0.5734281539916992
mlp,gwo,1,2653,2024-06-24 15:10:00,0,1,0.5520737767219543
mlp,gwo,1,2654,2024-06-24 15:15:00,0,1,0.5234977602958679
mlp,gwo,1,2655,2024-06-24 15:20:00,0,0,0.46237000823020935
mlp,gwo,1,2656,2024-06-24 15:25:00,0,0,0.40471237897872925
mlp,gwo,1,2657,2024-06-24 15:30:00,1,0,0.3163504898548126
mlp,gwo,1,2658,2024-06-24 15:35:00,1,0,0.3815315067768097
mlp,gwo,1,2659,2024-06-24 15:40:00,1,1,0.5024222135543823
mlp,gwo,1,2660,2024-06-24 15:45:00,1,1,0.6246119737625122
mlp,gwo,1,2661,2024-06-24 15:50:00,1,0,0.45342209935188293
mlp,gwo,1,2662,2024-06-24 15:55:00,1,0,0.40653395652770996
mlp,gwo,1,2663,2024-06-24 16:00:00,1,0,0.407121479511261
mlp,gwo,1,2664,2024-06-24 16:05:00,1,0,0.44362932443618774
mlp,gwo,1,2665,2024-06-24 16:10:00,1,0,0.47567054629325867
mlp,gwo,1,2666,2024-06-24 16:15:00,1,1,0.5011354088783264
mlp,gwo,1,2667,2024-06-24 16:20:00,1,1,0.6003584265708923
mlp,gwo,1,2668,2024-06-24 16:25:00,1,0,0.4694586396217346
mlp,gwo,1,2669,2024-06-24 16:30:00,1,1,0.5876410603523254
mlp,gwo,1,2670,2024-06-24 16:35:00,1,1,0.675999104976654
mlp,gwo,1,2671,2024-06-24 16:40:00,1,1,0.7211829423904419
mlp,gwo,1,2672,2024-06-24 16:45:00,1,1,0.7203847169876099
mlp,gwo,1,2673,2024-06-24 16:50:00,1,1,0.6758455634117126
mlp,gwo,1,2674,2024-06-24 16:55:00,1,1,0.5259729027748108
mlp,gwo,1,2675,2024-06-24 17:00:00,1,0,0.4891926944255829
mlp,gwo,1,2676,2024-06-24 17:05:00,1,0,0.4467015266418457
mlp,gwo,1,2677,2024-06-24 17:10:00,1,0,0.3925319015979767
mlp,gwo,1,2678,2024-06-24 17:15:00,0,1,0.5030355453491211
mlp,gwo,1,2679,2024-06-24 17:20:00,0,1,0.5177959203720093
mlp,gwo,1,2680,2024-06-24 17:25:00,0,0,0.47615325450897217
mlp,gwo,1,2681,2024-06-24 17:30:00,0,1,0.5268617272377014
mlp,gwo,1,2682,2024-06-24 17:35:00,0,1,0.6034715175628662
mlp,gwo,1,2683,2024-06-24 17:40:00,0,1,0.6251338720321655
mlp,gwo,1,2684,2024-06-24 17:45:00,0,1,0.5704678893089294
mlp,gwo,1,2685,2024-06-24 17:50:00,0,1,0.6189488768577576
mlp,gwo,1,2686,2024-06-24 17:55:00,0,1,0.5850394368171692
mlp,gwo,1,2687,2024-06-25 12:35:00,1,0,0.23515594005584717
mlp,gwo,1,2688,2024-06-25 12:40:00,1,0,0.2701111435890198
mlp,gwo,1,2689,2024-06-25 12:45:00,1,0,0.4007814824581146
mlp,gwo,1,2690,2024-06-25 12:50:00,1,0,0.46449166536331177
mlp,gwo,1,2691,2024-06-25 12:55:00,1,0,0.4999246597290039
mlp,gwo,1,2692,2024-06-25 13:00:00,1,1,0.6178391575813293
mlp,gwo,1,2693,2024-06-25 13:05:00,1,1,0.5062515139579773
mlp,gwo,1,2694,2024-06-25 13:10:00,1,0,0.3856983780860901
mlp,gwo,1,2695,2024-06-25 13:15:00,1,0,0.4298236668109894
mlp,gwo,1,2696,2024-06-25 13:20:00,1,1,0.5908654928207397
mlp,gwo,1,2697,2024-06-25 13:25:00,1,1,0.6472882628440857
mlp,gwo,1,2698,2024-06-25 13:30:00,1,1,0.548778235912323
mlp,gwo,1,2699,2024-06-25 13:35:00,1,1,0.6389433741569519
mlp,gwo,1,2700,2024-06-25 13:40:00,1,1,0.6325880289077759
mlp,gwo,1,2701,2024-06-25 13:45:00,1,1,0.6451236009597778
mlp,gwo,1,2702,2024-06-25 13:50:00,1,1,0.6843379735946655
mlp,gwo,1,2703,2024-06-25 13:55:00,1,1,0.6348058581352234
mlp,gwo,1,2704,2024-06-25 14:00:00,1,1,0.5917085409164429
mlp,gwo,1,2705,2024-06-25 14:05:00,1,1,0.6094683408737183
mlp,gwo,1,2706,2024-06-25 14:10:00,1,1,0.6809295415878296
mlp,gwo,1,2707,2024-06-25 14:15:00,1,1,0.5731775164604187
mlp,gwo,1,2708,2024-06-25 14:20:00,1,0,0.3705195188522339
mlp,gwo,1,2709,2024-06-25 14:25:00,1,0,0.49313414096832275
mlp,gwo,1,2710,2024-06-25 14:30:00,1,1,0.6304551959037781
mlp,gwo,1,2711,2024-06-25 14:35:00,1,1,0.5339576601982117
mlp,gwo,1,2712,2024-06-25 14:40:00,1,1,0.6238284111022949
mlp,gwo,1,2713,2024-06-25 14:45:00,1,1,0.6241605281829834
mlp,gwo,1,2714,2024-06-25 14:50:00,0,1,0.7823915481567383
mlp,gwo,1,2715,2024-06-25 14:55:00,0,1,0.7476733326911926
mlp,gwo,1,2716,2024-06-25 15:00:00,0,1,0.6728556752204895
mlp,gwo,1,2717,2024-06-25 15:05:00,0,1,0.6446941494941711
mlp,gwo,1,2718,2024-06-25 15:10:00,0,1,0.6606500148773193
mlp,gwo,1,2719,2024-06-25 15:15:00,0,1,0.5489920377731323
mlp,gwo,1,2720,2024-06-25 15:20:00,0,0,0.4206641614437103
mlp,gwo,1,2721,2024-06-25 15:25:00,0,0,0.4755449891090393
mlp,gwo,1,2722,2024-06-25 15:30:00,0,0,0.4730370342731476
mlp,gwo,1,2723,2024-06-25 15:35:00,0,0,0.46224358677864075
mlp,gwo,1,2724,2024-06-25 15:40:00,0,0,0.458683580160141
mlp,gwo,1,2725,2024-06-25 15:45:00,0,1,0.5371863842010498
mlp,gwo,1,2726,2024-06-25 15:50:00,0,0,0.44623735547065735
mlp,gwo,1,2727,2024-06-25 15:55:00,0,0,0.4316675364971161
mlp,gwo,1,2728,2024-06-25 16:00:00,0,0,0.4748839735984802
mlp,gwo,1,2729,2024-06-25 16:05:00,0,0,0.3660781681537628
mlp,gwo,1,2730,2024-06-25 16:10:00,0,0,0.4083636701107025
mlp,gwo,1,2731,2024-06-25 16:15:00,0,0,0.46275341510772705
mlp,gwo,1,2732,2024-06-25 16:20:00,0,0,0.4219391345977783
mlp,gwo,1,2733,2024-06-25 16:25:00,0,0,0.4879520535469055
mlp,gwo,1,2734,2024-06-25 16:30:00,0,0,0.44839826226234436
mlp,gwo,1,2735,2024-06-25 16:35:00,0,0,0.35361024737358093
mlp,gwo,1,2736,2024-06-25 16:40:00,1,0,0.31524476408958435
mlp,gwo,1,2737,2024-06-25 16:45:00,1,0,0.36131322383880615
mlp,gwo,1,2738,2024-06-25 16:50:00,1,0,0.3621210753917694
mlp,gwo,1,2739,2024-06-25 16:55:00,1,0,0.41941332817077637
mlp,gwo,1,2740,2024-06-25 17:00:00,1,1,0.5400670170783997
mlp,gwo,1,2741,2024-06-25 17:05:00,1,1,0.6439899802207947
mlp,gwo,1,2742,2024-06-25 17:10:00,1,1,0.6948294639587402
mlp,gwo,1,2743,2024-06-25 17:15:00,1,1,0.6477739214897156
mlp,gwo,1,2744,2024-06-25 17:20:00,1,1,0.6916522979736328
mlp,gwo,1,2745,2024-06-25 17:25:00,1,1,0.6201280355453491
mlp,gwo,1,2746,2024-06-25 17:30:00,0,1,0.6199077367782593
mlp,gwo,1,2747,2024-06-25 17:35:00,0,1,0.642734169960022
mlp,gwo,1,2748,2024-06-25 17:40:00,0,1,0.5807587504386902
mlp,gwo,1,2749,2024-06-25 17:45:00,0,1,0.5581355690956116
mlp,gwo,1,2750,2024-06-25 17:50:00,0,1,0.5946101546287537
mlp,gwo,1,2751,2024-06-25 17:55:00,0,1,0.5867424607276917
mlp,gwo,1,2752,2024-06-26 10:40:00,1,0,0.1721602827310562
mlp,gwo,1,2753,2024-06-26 10:45:00,1,0,0.1977396160364151
mlp,gwo,1,2754,2024-06-26 10:50:00,1,0,0.3390405476093292
mlp,gwo,1,2755,2024-06-26 10:55:00,1,1,0.553772509098053
mlp,gwo,1,2756,2024-06-26 11:00:00,1,1,0.7122258543968201
mlp,gwo,1,2757,2024-06-26 11:05:00,1,1,0.5929288268089294
mlp,gwo,1,2758,2024-06-26 11:10:00,1,1,0.5771370530128479
mlp,gwo,1,2759,2024-06-26 11:15:00,1,1,0.8245535492897034
mlp,gwo,1,2760,2024-06-26 11:20:00,1,1,0.8231304287910461
mlp,gwo,1,2761,2024-06-26 11:25:00,1,1,0.6252288222312927
mlp,gwo,1,2762,2024-06-26 11:30:00,1,0,0.45237770676612854
mlp,gwo,1,2763,2024-06-26 11:35:00,1,1,0.534659743309021
mlp,gwo,1,2764,2024-06-26 11:40:00,1,0,0.4250611960887909
mlp,gwo,1,2765,2024-06-26 11:45:00,1,0,0.4311206340789795
mlp,gwo,1,2766,2024-06-26 11:50:00,1,1,0.5353143811225891
mlp,gwo,1,2767,2024-06-26 11:55:00,1,1,0.505174994468689
mlp,gwo,1,2768,2024-06-26 12:00:00,1,1,0.5815086960792542
mlp,gwo,1,2769,2024-06-26 12:05:00,1,1,0.6618845462799072
mlp,gwo,1,2770,2024-06-26 12:10:00,1,0,0.38405755162239075
mlp,gwo,1,2771,2024-06-26 12:15:00,1,0,0.36292871832847595
mlp,gwo,1,2772,2024-06-26 12:20:00,1,1,0.5143343210220337
mlp,gwo,1,2773,2024-06-26 12:25:00,1,1,0.6021232604980469
mlp,gwo,1,2774,2024-06-26 12:30:00,1,1,0.5753980278968811
mlp,gwo,1,2775,2024-06-26 12:35:00,1,1,0.6772701144218445
mlp,gwo,1,2776,2024-06-26 12:40:00,1,1,0.6529274582862854
mlp,gwo,1,2777,2024-06-26 12:45:00,1,1,0.6538590788841248
mlp,gwo,1,2778,2024-06-26 12:50:00,1,1,0.7605196237564087
mlp,gwo,1,2779,2024-06-26 12:55:00,1,1,0.8230105042457581
mlp,gwo,1,2780,2024-06-26 13:00:00,1,1,0.8491049408912659
mlp,gwo,1,2781,2024-06-26 13:05:00,1,1,0.8722950220108032
mlp,gwo,1,2782,2024-06-26 13:10:00,1,1,0.7963399887084961
mlp,gwo,1,2783,2024-06-26 13:15:00,1,1,0.7691394686698914
mlp,gwo,1,2784,2024-06-26 13:20:00,1,1,0.7920559644699097
mlp,gwo,1,2785,2024-06-26 13:25:00,1,1,0.7458163499832153
mlp,gwo,1,2786,2024-06-26 13:30:00,1,1,0.6909961700439453
mlp,gwo,1,2787,2024-06-26 13:35:00,1,1,0.6330971121788025
mlp,gwo,1,2788,2024-06-26 13:40:00,1,1,0.6474505066871643
mlp,gwo,1,2789,2024-06-26 13:45:00,1,1,0.6606263518333435
mlp,gwo,1,2790,2024-06-26 13:50:00,1,1,0.6862906813621521
mlp,gwo,1,2791,2024-06-26 13:55:00,1,1,0.6137067675590515
mlp,gwo,1,2792,2024-06-26 14:00:00,1,1,0.6203083395957947
mlp,gwo,1,2793,2024-06-26 14:05:00,1,0,0.4650387465953827
mlp,gwo,1,2794,2024-06-26 14:10:00,1,0,0.3376564681529999
mlp,gwo,1,2795,2024-06-26 14:15:00,1,0,0.3785761296749115
mlp,gwo,1,2796,2024-06-26 14:20:00,1,1,0.5408397316932678
mlp,gwo,1,2797,2024-06-26 14:25:00,1,1,0.5925557017326355
mlp,gwo,1,2798,2024-06-26 14:30:00,1,1,0.6625926494598389
mlp,gwo,1,2799,2024-06-26 14:35:00,1,1,0.5916133522987366
mlp,gwo,1,2800,2024-06-26 14:40:00,1,1,0.5363210439682007
mlp,gwo,1,2801,2024-06-26 14:45:00,1,1,0.5230777263641357
mlp,gwo,1,2802,2024-06-26 14:50:00,1,0,0.4648386836051941
mlp,gwo,1,2803,2024-06-26 14:55:00,1,1,0.5786048769950867
mlp,gwo,1,2804,2024-06-26 15:00:00,1,1,0.6974185705184937
mlp,gwo,1,2805,2024-06-26 15:05:00,1,1,0.780210554599762
mlp,gwo,1,2806,2024-06-26 15:10:00,0,1,0.8036400675773621
mlp,gwo,1,2807,2024-06-26 15:15:00,0,1,0.7027274370193481
mlp,gwo,1,2808,2024-06-26 15:20:00,0,1,0.6806016564369202
mlp,gwo,1,2809,2024-06-26 15:25:00,0,1,0.5477481484413147
mlp,gwo,1,2810,2024-06-26 15:30:00,0,0,0.46875396370887756
mlp,gwo,1,2811,2024-06-26 15:35:00,0,0,0.4727047383785248
mlp,gwo,1,2812,2024-06-26 15:40:00,0,0,0.4142951965332031
mlp,gwo,1,2813,2024-06-26 15:45:00,0,0,0.34522464871406555
mlp,gwo,1,2814,2024-06-26 15:50:00,0,0,0.23163001239299774
mlp,gwo,1,2815,2024-06-26 15:55:00,0,0,0.1687273234128952
mlp,gwo,1,2816,2024-06-26 16:00:00,0,0,0.22254279255867004
mlp,gwo,1,2817,2024-06-26 16:05:00,0,0,0.25720593333244324
mlp,gwo,1,2818,2024-06-26 16:10:00,1,0,0.2664560377597809
mlp,gwo,1,2819,2024-06-26 16:15:00,1,0,0.43214157223701477
mlp,gwo,1,2820,2024-06-26 16:20:00,1,1,0.6022746562957764
mlp,gwo,1,2821,2024-06-26 16:25:00,1,1,0.7095003128051758
mlp,gwo,1,2822,2024-06-26 16:30:00,1,1,0.7450788021087646
mlp,gwo,1,2823,2024-06-26 16:35:00,1,1,0.7107007503509521
mlp,gwo,1,2824,2024-06-26 16:40:00,1,1,0.7284930348396301
mlp,gwo,1,2825,2024-06-26 16:45:00,1,1,0.704901397228241
mlp,gwo,1,2826,2024-06-26 16:50:00,0,1,0.8708611130714417
mlp,gwo,1,2827,2024-06-26 16:55:00,0,1,0.886909008026123
mlp,gwo,1,2828,2024-06-26 17:00:00,0,1,0.8176391124725342
mlp,gwo,1,2829,2024-06-26 17:05:00,0,1,0.8104252219200134
mlp,gwo,1,2830,2024-06-26 17:10:00,0,1,0.5774446129798889
mlp,gwo,1,2831,2024-06-26 17:15:00,0,0,0.4534373879432678
mlp,gwo,1,2832,2024-06-26 17:20:00,0,0,0.422871470451355
mlp,gwo,1,2833,2024-06-26 17:25:00,0,0,0.4333387613296509
mlp,gwo,1,2834,2024-06-26 17:30:00,1,0,0.3806374967098236
mlp,gwo,1,2835,2024-06-26 17:35:00,1,0,0.42161834239959717
mlp,gwo,1,2836,2024-06-26 17:40:00,1,1,0.5125614404678345
mlp,gwo,1,2837,2024-06-26 17:45:00,1,1,0.5531637668609619
mlp,gwo,1,2838,2024-06-26 17:50:00,1,1,0.6513364911079407
mlp,gwo,1,2839,2024-06-26 17:55:00,1,1,0.6985564231872559
mlp,gwo,1,2840,2024-06-27 10:55:00,0,1,0.7542852163314819
mlp,gwo,1,2841,2024-06-27 11:00:00,0,1,0.7072207927703857
mlp,gwo,1,2842,2024-06-27 11:05:00,0,1,0.5790885090827942
mlp,gwo,1,2843,2024-06-27 11:10:00,0,1,0.6178257465362549
mlp,gwo,1,2844,2024-06-27 11:15:00,0,0,0.4337996542453766
mlp,gwo,1,2845,2024-06-27 11:20:00,0,0,0.20409205555915833
mlp,gwo,1,2846,2024-06-27 11:25:00,0,0,0.17240945994853973
mlp,gwo,1,2847,2024-06-27 11:30:00,0,0,0.19946901500225067
mlp,gwo,1,2848,2024-06-27 11:35:00,0,0,0.3267740309238434
mlp,gwo,1,2849,2024-06-27 11:40:00,0,0,0.31921452283859253
mlp,gwo,1,2850,2024-06-27 11:45:00,0,0,0.3157511055469513
mlp,gwo,1,2851,2024-06-27 11:50:00,0,0,0.2014247626066208
mlp,gwo,1,2852,2024-06-27 11:55:00,0,0,0.13411074876785278
mlp,gwo,1,2853,2024-06-27 12:00:00,1,0,0.12636081874370575
mlp,gwo,1,2854,2024-06-27 12:05:00,1,0,0.2101534903049469
mlp,gwo,1,2855,2024-06-27 12:10:00,1,0,0.2740364670753479
mlp,gwo,1,2856,2024-06-27 12:15:00,1,0,0.3307112455368042
mlp,gwo,1,2857,2024-06-27 12:20:00,1,0,0.4193839430809021
mlp,gwo,1,2858,2024-06-27 12:25:00,1,1,0.6102995276451111
mlp,gwo,1,2859,2024-06-27 12:30:00,1,1,0.7505670785903931
mlp,gwo,1,2860,2024-06-27 12:35:00,1,1,0.8385265469551086
mlp,gwo,1,2861,2024-06-27 12:40:00,1,1,0.867765486240387
mlp,gwo,1,2862,2024-06-27 12:45:00,1,1,0.8613983392715454
mlp,gwo,1,2863,2024-06-27 12:50:00,1,1,0.8144575357437134
mlp,gwo,1,2864,2024-06-27 12:55:00,0,1,0.8143306374549866
mlp,gwo,1,2865,2024-06-27 13:00:00,0,1,0.6725636720657349
mlp,gwo,1,2866,2024-06-27 13:05:00,0,0,0.49455299973487854
mlp,gwo,1,2867,2024-06-27 13:10:00,0,0,0.46337130665779114
mlp,gwo,1,2868,2024-06-27 13:15:00,0,0,0.408718466758728
mlp,gwo,1,2869,2024-06-27 13:20:00,0,0,0.49347224831581116
mlp,gwo,1,2870,2024-06-27 13:25:00,0,0,0.41029486060142517
mlp,gwo,1,2871,2024-06-27 13:30:00,0,0,0.3960619568824768
mlp,gwo,1,2872,2024-06-27 13:35:00,0,0,0.3754354417324066
mlp,gwo,1,2873,2024-06-27 13:40:00,0,0,0.4781323969364166
mlp,gwo,1,2874,2024-06-27 13:45:00,0,1,0.628031849861145
mlp,gwo,1,2875,2024-06-27 13:50:00,0,1,0.5843573212623596
mlp,gwo,1,2876,2024-06-27 13:55:00,0,1,0.5418350100517273
mlp,gwo,1,2877,2024-06-27 14:00:00,0,1,0.5409789085388184
mlp,gwo,1,2878,2024-06-27 14:05:00,0,0,0.4043911099433899
mlp,gwo,1,2879,2024-06-27 14:10:00,1,0,0.2720544934272766
mlp,gwo,1,2880,2024-06-27 14:15:00,1,0,0.3647864758968353
mlp,gwo,1,2881,2024-06-27 14:20:00,1,1,0.717778205871582
mlp,gwo,1,2882,2024-06-27 14:25:00,1,1,0.8273422718048096
mlp,gwo,1,2883,2024-06-27 14:30:00,1,1,0.7387042045593262
mlp,gwo,1,2884,2024-06-27 14:35:00,1,1,0.7673560380935669
mlp,gwo,1,2885,2024-06-27 14:40:00,1,1,0.7698037028312683
mlp,gwo,1,2886,2024-06-27 14:45:00,1,1,0.7955699563026428
mlp,gwo,1,2887,2024-06-27 14:50:00,1,1,0.8184353709220886
mlp,gwo,1,2888,2024-06-27 14:55:00,1,1,0.7985978722572327
mlp,gwo,1,2889,2024-06-27 15:00:00,1,1,0.7057616114616394
mlp,gwo,1,2890,2024-06-27 15:05:00,1,0,0.4791902005672455
mlp,gwo,1,2891,2024-06-27 15:10:00,1,0,0.48875290155410767
mlp,gwo,1,2892,2024-06-27 15:15:00,1,1,0.5483233332633972
mlp,gwo,1,2893,2024-06-27 15:20:00,1,1,0.542763888835907
mlp,gwo,1,2894,2024-06-27 15:25:00,1,1,0.5344306230545044
mlp,gwo,1,2895,2024-06-27 15:30:00,1,1,0.6558615565299988
mlp,gwo,1,2896,2024-06-27 15:35:00,1,1,0.7144486308097839
mlp,gwo,1,2897,2024-06-27 15:40:00,1,1,0.6747110486030579
mlp,gwo,1,2898,2024-06-27 15:45:00,1,1,0.7577270865440369
mlp,gwo,1,2899,2024-06-27 15:50:00,1,1,0.8556385040283203
mlp,gwo,1,2900,2024-06-27 15:55:00,1,1,0.8852728009223938
mlp,gwo,1,2901,2024-06-27 16:00:00,1,1,0.853664219379425
mlp,gwo,1,2902,2024-06-27 16:05:00,1,1,0.780843198299408
mlp,gwo,1,2903,2024-06-27 16:10:00,1,1,0.7693929076194763
mlp,gwo,1,2904,2024-06-27 16:15:00,1,1,0.5802878141403198
mlp,gwo,1,2905,2024-06-27 16:20:00,1,0,0.4539201557636261
mlp,gwo,1,2906,2024-06-27 16:25:00,1,0,0.45916056632995605
mlp,gwo,1,2907,2024-06-27 16:30:00,1,0,0.38411810994148254
mlp,gwo,1,2908,2024-06-27 16:35:00,1,0,0.4059602618217468
mlp,gwo,1,2909,2024-06-27 16:40:00,1,1,0.5389127731323242
mlp,gwo,1,2910,2024-06-27 16:45:00,1,1,0.668655514717102
mlp,gwo,1,2911,2024-06-27 16:50:00,1,1,0.6238264441490173
mlp,gwo,1,2912,2024-06-27 16:55:00,1,1,0.6629388332366943
mlp,gwo,1,2913,2024-06-27 17:00:00,1,1,0.6386864185333252
mlp,gwo,1,2914,2024-06-27 17:05:00,1,1,0.6943100094795227
mlp,gwo,1,2915,2024-06-27 17:10:00,1,1,0.6042656302452087
mlp,gwo,1,2916,2024-06-27 17:15:00,1,0,0.4755924344062805
mlp,gwo,1,2917,2024-06-27 17:20:00,1,0,0.48749759793281555
mlp,gwo,1,2918,2024-06-27 17:25:00,1,1,0.543752908706665
mlp,gwo,1,2919,2024-06-27 17:30:00,1,1,0.5512495636940002
mlp,gwo,1,2920,2024-06-27 17:35:00,1,0,0.49183523654937744
mlp,gwo,1,2921,2024-06-27 17:40:00,1,1,0.5263327956199646
mlp,gwo,1,2922,2024-06-27 17:45:00,1,1,0.585123598575592
mlp,gwo,1,2923,2024-06-27 17:50:00,1,1,0.6428597569465637
mlp,gwo,1,2924,2024-06-27 17:55:00,0,1,0.7062530517578125
mlp,gwo,1,2925,2024-06-28 10:40:00,0,0,0.17271791398525238
mlp,gwo,1,2926,2024-06-28 10:45:00,0,0,0.0919480249285698
mlp,gwo,1,2927,2024-06-28 10:50:00,0,0,0.06029791384935379
mlp,gwo,1,2928,2024-06-28 10:55:00,0,0,0.06681154668331146
mlp,gwo,1,2929,2024-06-28 11:00:00,1,0,0.07952001690864563
mlp,gwo,1,2930,2024-06-28 11:05:00,1,0,0.09016919136047363
mlp,gwo,1,2931,2024-06-28 11:10:00,1,0,0.1502200961112976
mlp,gwo,1,2932,2024-06-28 11:15:00,1,0,0.3080975413322449
mlp,gwo,1,2933,2024-06-28 11:20:00,1,1,0.7341545820236206
mlp,gwo,1,2934,2024-06-28 11:25:00,1,1,0.8055526614189148
mlp,gwo,1,2935,2024-06-28 11:30:00,1,1,0.8698533177375793
mlp,gwo,1,2936,2024-06-28 11:35:00,1,1,0.8735345005989075
mlp,gwo,1,2937,2024-06-28 11:40:00,1,1,0.8714181780815125
mlp,gwo,1,2938,2024-06-28 11:45:00,1,1,0.8673420548439026
mlp,gwo,1,2939,2024-06-28 11:50:00,1,1,0.8859070539474487
mlp,gwo,1,2940,2024-06-28 11:55:00,1,1,0.8881402611732483
mlp,gwo,1,2941,2024-06-28 12:00:00,1,1,0.852448046207428
mlp,gwo,1,2942,2024-06-28 12:05:00,1,1,0.7468107342720032
mlp,gwo,1,2943,2024-06-28 12:10:00,1,1,0.669226348400116
mlp,gwo,1,2944,2024-06-28 12:15:00,1,1,0.7141681909561157
mlp,gwo,1,2945,2024-06-28 12:20:00,1,1,0.6856145262718201
mlp,gwo,1,2946,2024-06-28 12:25:00,1,0,0.44095689058303833
mlp,gwo,1,2947,2024-06-28 12:30:00,1,0,0.4685359597206116
mlp,gwo,1,2948,2024-06-28 12:35:00,0,1,0.6449189782142639
mlp,gwo,1,2949,2024-06-28 12:40:00,0,1,0.6454768180847168
mlp,gwo,1,2950,2024-06-28 12:45:00,0,1,0.5087036490440369
mlp,gwo,1,2951,2024-06-28 12:50:00,0,0,0.4331871271133423
mlp,gwo,1,2952,2024-06-28 12:55:00,0,0,0.3183201849460602
mlp,gwo,1,2953,2024-06-28 13:00:00,0,0,0.24894139170646667
mlp,gwo,1,2954,2024-06-28 13:05:00,0,0,0.21686242520809174
mlp,gwo,1,2955,2024-06-28 13:10:00,0,0,0.18526773154735565
mlp,gwo,1,2956,2024-06-28 13:15:00,0,0,0.24423056840896606
mlp,gwo,1,2957,2024-06-28 13:20:00,0,0,0.3037749230861664
mlp,gwo,1,2958,2024-06-28 13:25:00,0,0,0.3022802770137787
mlp,gwo,1,2959,2024-06-28 13:30:00,0,0,0.34068983793258667
mlp,gwo,1,2960,2024-06-28 13:35:00,1,0,0.3006478250026703
mlp,gwo,1,2961,2024-06-28 13:40:00,1,0,0.4331623911857605
mlp,gwo,1,2962,2024-06-28 13:45:00,1,0,0.42316994071006775
mlp,gwo,1,2963,2024-06-28 13:50:00,1,0,0.3779994249343872
mlp,gwo,1,2964,2024-06-28 13:55:00,1,1,0.5558092594146729
mlp,gwo,1,2965,2024-06-28 14:00:00,1,1,0.5800418257713318
mlp,gwo,1,2966,2024-06-28 14:05:00,1,1,0.6128885746002197
mlp,gwo,1,2967,2024-06-28 14:10:00,1,1,0.5555521249771118
mlp,gwo,1,2968,2024-06-28 14:15:00,1,1,0.5590857863426208
mlp,gwo,1,2969,2024-06-28 14:20:00,1,1,0.6615907549858093
mlp,gwo,1,2970,2024-06-28 14:25:00,1,1,0.7298086881637573
mlp,gwo,1,2971,2024-06-28 14:30:00,1,1,0.6596333980560303
mlp,gwo,1,2972,2024-06-28 14:35:00,1,1,0.7189793586730957
mlp,gwo,1,2973,2024-06-28 14:40:00,1,1,0.7876616716384888
mlp,gwo,1,2974,2024-06-28 14:45:00,0,1,0.8063358068466187
mlp,gwo,1,2975,2024-06-28 14:50:00,0,1,0.7649444341659546
mlp,gwo,1,2976,2024-06-28 14:55:00,0,1,0.5004357695579529
mlp,gwo,1,2977,2024-06-28 15:00:00,0,0,0.3676893711090088
mlp,gwo,1,2978,2024-06-28 15:05:00,0,0,0.38554832339286804
mlp,gwo,1,2979,2024-06-28 15:10:00,0,0,0.39402300119400024
mlp,gwo,1,2980,2024-06-28 15:15:00,0,0,0.4495351314544678
mlp,gwo,1,2981,2024-06-28 15:20:00,0,0,0.3920813500881195
mlp,gwo,1,2982,2024-06-28 15:25:00,0,0,0.38755208253860474
mlp,gwo,1,2983,2024-06-28 15:30:00,0,0,0.3062341511249542
mlp,gwo,1,2984,2024-06-28 15:35:00,0,0,0.22123658657073975
mlp,gwo,1,2985,2024-06-28 15:40:00,0,0,0.1875958889722824
mlp,gwo,1,2986,2024-06-28 15:45:00,0,0,0.23193714022636414
mlp,gwo,1,2987,2024-06-28 15:50:00,0,0,0.3126201927661896
mlp,gwo,1,2988,2024-06-28 15:55:00,0,0,0.4811108708381653
mlp,gwo,1,2989,2024-06-28 16:00:00,0,0,0.42391952872276306
mlp,gwo,1,2990,2024-06-28 16:05:00,0,0,0.3924544155597687
mlp,gwo,1,2991,2024-06-28 16:10:00,0,0,0.31570345163345337
mlp,gwo,1,2992,2024-06-28 16:15:00,1,0,0.3073780834674835
mlp,gwo,1,2993,2024-06-28 16:20:00,1,0,0.43728870153427124
mlp,gwo,1,2994,2024-06-28 16:25:00,1,1,0.5955075025558472
mlp,gwo,1,2995,2024-06-28 16:30:00,1,1,0.6013211607933044
mlp,gwo,1,2996,2024-06-28 16:35:00,1,1,0.5567074418067932
mlp,gwo,1,2997,2024-06-28 16:40:00,1,1,0.5903258919715881
mlp,gwo,1,2998,2024-06-28 16:45:00,1,1,0.6571071743965149
mlp,gwo,1,2999,2024-06-28 16:50:00,1,1,0.7289788722991943
mlp,gwo,1,3000,2024-06-28 16:55:00,0,1,0.7743921279907227
mlp,gwo,1,3001,2024-06-28 17:00:00,0,1,0.6985725164413452
mlp,gwo,1,3002,2024-06-28 17:05:00,0,1,0.580702006816864
mlp,gwo,1,3003,2024-06-28 17:10:00,0,1,0.6020745038986206
mlp,gwo,1,3004,2024-06-28 17:15:00,0,0,0.47281211614608765
mlp,gwo,1,3005,2024-06-28 17:20:00,0,0,0.3677619695663452
mlp,gwo,1,3006,2024-06-28 17:25:00,0,0,0.3536045551300049
mlp,gwo,1,3007,2024-06-28 17:30:00,0,0,0.4407767653465271
mlp,gwo,1,3008,2024-06-28 17:35:00,0,0,0.4256223142147064
mlp,gwo,1,3009,2024-06-28 17:40:00,0,0,0.46191635727882385
mlp,gwo,1,3010,2024-06-28 17:45:00,0,1,0.5782631039619446
mlp,gwo,1,3011,2024-06-28 17:50:00,0,1,0.5848290920257568
