model_type,optimizer,seed,row_id,datetime,y_true,y_pred,y_proba
rf,ga,1,0,2024-05-20 15:25:00,1,1,0.5416443943977356
rf,ga,1,1,2024-05-20 15:25:00,1,0,0.4378134608268738
rf,ga,1,2,2024-05-20 15:30:00,1,0,0.4224660396575928
rf,ga,1,3,2024-05-20 15:30:00,1,0,0.4272238314151764
rf,ga,1,4,2024-05-20 15:35:00,1,1,0.5970391035079956
rf,ga,1,5,2024-05-20 15:35:00,1,1,0.7253187298774719
rf,ga,1,6,2024-05-20 15:40:00,1,0,0.39137327671051025
rf,ga,1,7,2024-05-20 15:40:00,1,0,0.33306190371513367
rf,ga,1,8,2024-05-20 15:45:00,1,1,0.6675230264663696
rf,ga,1,9,2024-05-20 15:45:00,1,1,0.5170877575874329
rf,ga,1,10,2024-05-20 15:50:00,1,0,0.49100205302238464
rf,ga,1,11,2024-05-20 15:50:00,1,0,0.3075375556945801
rf,ga,1,12,2024-05-20 15:55:00,1,1,0.5378742218017578
rf,ga,1,13,2024-05-20 15:55:00,1,0,0.30158618092536926
rf,ga,1,14,2024-05-20 16:00:00,1,1,0.8276339173316956
rf,ga,1,15,2024-05-20 16:00:00,1,1,0.659342348575592
rf,ga,1,16,2024-05-20 16:05:00,1,1,0.6222885847091675
rf,ga,1,17,2024-05-20 16:05:00,1,1,0.6535771489143372
rf,ga,1,18,2024-05-20 16:10:00,1,0,0.47296687960624695
rf,ga,1,19,2024-05-20 16:10:00,1,1,0.614425003528595
rf,ga,1,20,2024-05-20 16:15:00,1,1,0.5823251008987427
rf,ga,1,21,2024-05-20 16:15:00,1,1,0.5198890566825867
rf,ga,1,22,2024-05-20 16:20:00,1,1,0.6145508289337158
rf,ga,1,23,2024-05-20 16:20:00,1,1,0.5430231690406799
rf,ga,1,24,2024-05-20 16:25:00,1,0,0.45521724224090576
rf,ga,1,25,2024-05-20 16:25:00,1,0,0.3956999182701111
rf,ga,1,26,2024-05-20 16:30:00,1,0,0.4859697222709656
rf,ga,1,27,2024-05-20 16:30:00,1,0,0.4153556525707245
rf,ga,1,28,2024-05-20 16:35:00,1,0,0.45886003971099854
rf,ga,1,29,2024-05-20 16:35:00,1,0,0.2541401982307434
rf,ga,1,30,2024-05-20 16:40:00,1,0,0.43231818079948425
rf,ga,1,31,2024-05-20 16:40:00,1,0,0.2641851007938385
rf,ga,1,32,2024-05-20 16:45:00,1,1,0.7711725234985352
rf,ga,1,33,2024-05-20 16:45:00,1,0,0.4680400788784027
rf,ga,1,34,2024-05-20 16:50:00,1,1,0.6019357442855835
rf,ga,1,35,2024-05-20 16:50:00,1,1,0.6872108578681946
rf,ga,1,36,2024-05-20 16:55:00,0,1,0.7325047850608826
rf,ga,1,37,2024-05-20 16:55:00,0,1,0.7634925246238708
rf,ga,1,38,2024-05-20 17:00:00,0,1,0.7334685921669006
rf,ga,1,39,2024-05-20 17:00:00,0,1,0.5725926756858826
rf,ga,1,40,2024-05-20 17:05:00,0,1,0.6749774813652039
rf,ga,1,41,2024-05-20 17:05:00,0,0,0.4646972417831421
rf,ga,1,42,2024-05-20 17:10:00,0,0,0.3280874788761139
rf,ga,1,43,2024-05-20 17:10:00,0,0,0.36734819412231445
rf,ga,1,44,2024-05-20 17:15:00,0,0,0.23603962361812592
rf,ga,1,45,2024-05-20 17:15:00,0,1,0.6638177037239075
rf,ga,1,46,2024-05-20 17:20:00,0,0,0.45948687195777893
rf,ga,1,47,2024-05-20 17:20:00,0,0,0.46058815717697144
rf,ga,1,48,2024-05-20 17:25:00,0,0,0.45411401987075806
rf,ga,1,49,2024-05-20 17:25:00,0,1,0.6266197562217712
rf,ga,1,50,2024-05-20 17:30:00,0,0,0.4491138160228729
rf,ga,1,51,2024-05-20 17:30:00,0,1,0.5556881427764893
rf,ga,1,52,2024-05-20 17:35:00,0,1,0.6186630725860596
rf,ga,1,53,2024-05-20 17:35:00,0,0,0.48626255989074707
rf,ga,1,54,2024-05-20 17:40:00,0,0,0.3910956382751465
rf,ga,1,55,2024-05-20 17:40:00,0,0,0.3531952500343323
rf,ga,1,56,2024-05-20 17:45:00,0,0,0.26800650358200073
rf,ga,1,57,2024-05-20 17:45:00,0,0,0.44654569029808044
rf,ga,1,58,2024-05-20 17:50:00,0,0,0.49858903884887695
rf,ga,1,59,2024-05-20 17:50:00,0,0,0.4790952503681183
rf,ga,1,60,2024-05-20 17:55:00,0,0,0.2779695689678192
rf,ga,1,61,2024-05-20 17:55:00,0,0,0.31053492426872253
rf,ga,1,62,2024-05-21 13:30:00,1,0,0.19155073165893555
rf,ga,1,63,2024-05-21 13:30:00,1,0,0.3996579051017761
rf,ga,1,64,2024-05-21 13:35:00,1,0,0.44314736127853394
rf,ga,1,65,2024-05-21 13:35:00,1,1,0.5339545607566833
rf,ga,1,66,2024-05-21 13:40:00,1,0,0.4178730547428131
rf,ga,1,67,2024-05-21 13:40:00,1,0,0.3545107841491699
rf,ga,1,68,2024-05-21 13:45:00,1,1,0.8932247161865234
rf,ga,1,69,2024-05-21 13:45:00,1,1,0.8579612970352173
rf,ga,1,70,2024-05-21 13:50:00,1,1,0.7533327341079712
rf,ga,1,71,2024-05-21 13:50:00,1,1,0.6828644275665283
rf,ga,1,72,2024-05-21 13:55:00,1,0,0.3676932752132416
rf,ga,1,73,2024-05-21 13:55:00,1,1,0.5998385548591614
rf,ga,1,74,2024-05-21 14:00:00,1,1,0.8072492480278015
rf,ga,1,75,2024-05-21 14:00:00,1,1,0.8270421028137207
rf,ga,1,76,2024-05-21 14:05:00,1,1,0.7200824618339539
rf,ga,1,77,2024-05-21 14:05:00,1,1,0.6148957014083862
rf,ga,1,78,2024-05-21 14:10:00,1,1,0.7076761722564697
rf,ga,1,79,2024-05-21 14:10:00,1,1,0.5460901856422424
rf,ga,1,80,2024-05-21 14:15:00,1,1,0.7218128442764282
rf,ga,1,81,2024-05-21 14:15:00,1,1,0.671138346195221
rf,ga,1,82,2024-05-21 14:20:00,1,1,0.7697712779045105
rf,ga,1,83,2024-05-21 14:20:00,1,1,0.6067356467247009
rf,ga,1,84,2024-05-21 14:25:00,1,1,0.812759280204773
rf,ga,1,85,2024-05-21 14:25:00,1,1,0.8162464499473572
rf,ga,1,86,2024-05-21 14:30:00,1,1,0.7404352426528931
rf,ga,1,87,2024-05-21 14:30:00,1,1,0.7408546209335327
rf,ga,1,88,2024-05-21 14:35:00,1,1,0.6149486899375916
rf,ga,1,89,2024-05-21 14:35:00,1,1,0.66202312707901
rf,ga,1,90,2024-05-21 14:40:00,1,1,0.5419377684593201
rf,ga,1,91,2024-05-21 14:40:00,1,0,0.4463518261909485
rf,ga,1,92,2024-05-21 14:45:00,1,0,0.46170926094055176
rf,ga,1,93,2024-05-21 14:45:00,1,1,0.7932466268539429
rf,ga,1,94,2024-05-21 14:50:00,1,1,0.7110259532928467
rf,ga,1,95,2024-05-21 14:50:00,1,1,0.6177604794502258
rf,ga,1,96,2024-05-21 14:55:00,1,1,0.7830825448036194
rf,ga,1,97,2024-05-21 14:55:00,1,1,0.7575441002845764
rf,ga,1,98,2024-05-21 15:00:00,1,1,0.6212806105613708
rf,ga,1,99,2024-05-21 15:00:00,1,1,0.9579053521156311
rf,ga,1,100,2024-05-21 15:05:00,0,1,0.6814858913421631
rf,ga,1,101,2024-05-21 15:05:00,0,1,0.7595607042312622
rf,ga,1,102,2024-05-21 15:10:00,0,1,0.8468064069747925
rf,ga,1,103,2024-05-21 15:10:00,0,1,0.5531071424484253
rf,ga,1,104,2024-05-21 15:15:00,0,0,0.42887166142463684
rf,ga,1,105,2024-05-21 15:15:00,0,0,0.35529932379722595
rf,ga,1,106,2024-05-21 15:20:00,0,0,0.3344351351261139
rf,ga,1,107,2024-05-21 15:20:00,0,1,0.5274117588996887
rf,ga,1,108,2024-05-21 15:25:00,0,1,0.5182993412017822
rf,ga,1,109,2024-05-21 15:25:00,0,0,0.24756160378456116
rf,ga,1,110,2024-05-21 15:30:00,0,0,0.2629271149635315
rf,ga,1,111,2024-05-21 15:30:00,0,0,0.23006534576416016
rf,ga,1,112,2024-05-21 15:35:00,0,0,0.2684480845928192
rf,ga,1,113,2024-05-21 15:35:00,0,0,0.2050660103559494
rf,ga,1,114,2024-05-21 15:40:00,0,1,0.6472645401954651
rf,ga,1,115,2024-05-21 15:40:00,0,0,0.32623225450515747
rf,ga,1,116,2024-05-21 15:45:00,0,0,0.2856994867324829
rf,ga,1,117,2024-05-21 15:50:00,0,1,0.5880175232887268
rf,ga,1,118,2024-05-21 15:50:00,0,1,0.5426084399223328
rf,ga,1,119,2024-05-21 15:55:00,0,1,0.549608588218689
rf,ga,1,120,2024-05-21 15:55:00,0,1,0.6999635100364685
rf,ga,1,121,2024-05-21 16:00:00,0,1,0.6787387132644653
rf,ga,1,122,2024-05-21 16:00:00,0,1,0.7242435812950134
rf,ga,1,123,2024-05-21 16:05:00,0,0,0.3634813725948334
rf,ga,1,124,2024-05-21 16:05:00,0,1,0.6570317149162292
rf,ga,1,125,2024-05-21 16:10:00,0,1,0.7130559086799622
rf,ga,1,126,2024-05-21 16:10:00,0,1,0.5020660758018494
rf,ga,1,127,2024-05-21 16:15:00,0,1,0.6519960761070251
rf,ga,1,128,2024-05-21 16:15:00,0,1,0.5916694402694702
rf,ga,1,129,2024-05-21 16:20:00,0,1,0.7419760823249817
rf,ga,1,130,2024-05-21 16:20:00,0,1,0.6580643653869629
rf,ga,1,131,2024-05-21 16:25:00,0,0,0.24526533484458923
rf,ga,1,132,2024-05-21 16:25:00,0,1,0.6808508634567261
rf,ga,1,133,2024-05-21 16:30:00,0,0,0.42487019300460815
rf,ga,1,134,2024-05-21 16:30:00,0,1,0.6123558282852173
rf,ga,1,135,2024-05-21 16:35:00,0,1,0.623844563961029
rf,ga,1,136,2024-05-21 16:35:00,0,0,0.4004128575325012
rf,ga,1,137,2024-05-21 16:40:00,0,0,0.3285503685474396
rf,ga,1,138,2024-05-21 16:40:00,0,0,0.4520910680294037
rf,ga,1,139,2024-05-21 16:45:00,0,0,0.2688288688659668
rf,ga,1,140,2024-05-21 16:45:00,0,0,0.37742355465888977
rf,ga,1,141,2024-05-21 16:50:00,0,1,0.6576862335205078
rf,ga,1,142,2024-05-21 16:50:00,0,0,0.32560473680496216
rf,ga,1,143,2024-05-21 16:55:00,0,0,0.3952672779560089
rf,ga,1,144,2024-05-21 16:55:00,0,0,0.26356449723243713
rf,ga,1,145,2024-05-21 17:00:00,0,0,0.20725588500499725
rf,ga,1,146,2024-05-21 17:00:00,0,0,0.3665216565132141
rf,ga,1,147,2024-05-21 17:05:00,0,0,0.37822484970092773
rf,ga,1,148,2024-05-21 17:05:00,0,0,0.07319187372922897
rf,ga,1,149,2024-05-21 17:10:00,0,0,0.0957469567656517
rf,ga,1,150,2024-05-21 17:10:00,0,0,0.43350741267204285
rf,ga,1,151,2024-05-21 17:15:00,0,0,0.26652100682258606
rf,ga,1,152,2024-05-21 17:15:00,0,0,0.20314279198646545
rf,ga,1,153,2024-05-21 17:20:00,0,1,0.5005901455879211
rf,ga,1,154,2024-05-21 17:20:00,0,0,0.49630090594291687
rf,ga,1,155,2024-05-21 17:25:00,0,1,0.6184582710266113
rf,ga,1,156,2024-05-21 17:25:00,0,0,0.45918604731559753
rf,ga,1,157,2024-05-21 17:30:00,0,0,0.38352006673812866
rf,ga,1,158,2024-05-21 17:30:00,0,0,0.3674145042896271
rf,ga,1,159,2024-05-21 17:35:00,0,1,0.5047428011894226
rf,ga,1,160,2024-05-21 17:40:00,0,0,0.4507114589214325
rf,ga,1,161,2024-05-21 17:40:00,0,1,0.6287761926651001
rf,ga,1,162,2024-05-21 17:45:00,0,1,0.5718356966972351
rf,ga,1,163,2024-05-21 17:50:00,0,0,0.4489249587059021
rf,ga,1,164,2024-05-21 17:50:00,0,0,0.452504426240921
rf,ga,1,165,2024-05-21 17:55:00,0,0,0.3713757395744324
rf,ga,1,166,2024-05-21 17:55:00,0,0,0.4398825764656067
rf,ga,1,167,2024-05-22 11:40:00,1,0,0.17439420521259308
rf,ga,1,168,2024-05-22 11:45:00,1,1,0.5766635537147522
rf,ga,1,169,2024-05-22 11:50:00,1,1,0.7525436878204346
rf,ga,1,170,2024-05-22 11:55:00,1,1,0.8011751174926758
rf,ga,1,171,2024-05-22 12:00:00,1,1,0.8416389226913452
rf,ga,1,172,2024-05-22 12:05:00,0,1,0.8707471489906311
rf,ga,1,173,2024-05-22 12:10:00,0,1,0.9037090539932251
rf,ga,1,174,2024-05-22 12:15:00,0,0,0.495441198348999
rf,ga,1,175,2024-05-22 12:20:00,0,0,0.33488649129867554
rf,ga,1,176,2024-05-22 12:25:00,0,0,0.44582638144493103
rf,ga,1,177,2024-05-22 12:30:00,0,0,0.3879356384277344
rf,ga,1,178,2024-05-22 12:35:00,0,1,0.5684936046600342
rf,ga,1,179,2024-05-22 12:40:00,0,0,0.40536653995513916
rf,ga,1,180,2024-05-22 12:45:00,0,0,0.4433402717113495
rf,ga,1,181,2024-05-22 12:50:00,0,1,0.6144068241119385
rf,ga,1,182,2024-05-22 12:55:00,0,1,0.7218385934829712
rf,ga,1,183,2024-05-22 13:00:00,0,0,0.47208845615386963
rf,ga,1,184,2024-05-22 13:05:00,0,1,0.6473785042762756
rf,ga,1,185,2024-05-22 13:10:00,0,0,0.4720331132411957
rf,ga,1,186,2024-05-22 13:15:00,0,0,0.45810195803642273
rf,ga,1,187,2024-05-22 13:20:00,0,0,0.27149108052253723
rf,ga,1,188,2024-05-22 13:25:00,0,0,0.4890801012516022
rf,ga,1,189,2024-05-22 13:30:00,0,0,0.3259583115577698
rf,ga,1,190,2024-05-22 13:35:00,0,0,0.3770069479942322
rf,ga,1,191,2024-05-22 13:40:00,0,0,0.3559267222881317
rf,ga,1,192,2024-05-22 13:45:00,0,0,0.2187414914369583
rf,ga,1,193,2024-05-22 13:50:00,0,1,0.6272119283676147
rf,ga,1,194,2024-05-22 13:55:00,0,0,0.31836801767349243
rf,ga,1,195,2024-05-22 14:00:00,0,0,0.2521800100803375
rf,ga,1,196,2024-05-22 14:05:00,0,0,0.4498768746852875
rf,ga,1,197,2024-05-22 14:10:00,0,1,0.7526388168334961
rf,ga,1,198,2024-05-22 14:15:00,0,0,0.362868070602417
rf,ga,1,199,2024-05-22 14:20:00,0,0,0.38219568133354187
rf,ga,1,200,2024-05-22 14:25:00,0,0,0.4975062310695648
rf,ga,1,201,2024-05-22 14:30:00,0,0,0.4569377601146698
rf,ga,1,202,2024-05-22 14:35:00,0,1,0.568222165107727
rf,ga,1,203,2024-05-22 14:40:00,0,0,0.21882371604442596
rf,ga,1,204,2024-05-22 14:45:00,0,0,0.45359185338020325
rf,ga,1,205,2024-05-22 14:50:00,0,0,0.49326837062835693
rf,ga,1,206,2024-05-22 14:55:00,0,1,0.7369130849838257
rf,ga,1,207,2024-05-22 15:00:00,0,0,0.3428272604942322
rf,ga,1,208,2024-05-22 15:05:00,0,0,0.3401704430580139
rf,ga,1,209,2024-05-22 15:10:00,0,0,0.4234275817871094
rf,ga,1,210,2024-05-22 15:15:00,0,0,0.22566261887550354
rf,ga,1,211,2024-05-22 15:20:00,0,0,0.3046659827232361
rf,ga,1,212,2024-05-22 15:25:00,0,0,0.22768017649650574
rf,ga,1,213,2024-05-22 15:30:00,0,0,0.10054367035627365
rf,ga,1,214,2024-05-22 15:35:00,0,1,0.5498707890510559
rf,ga,1,215,2024-05-22 15:40:00,0,0,0.45925650000572205
rf,ga,1,216,2024-05-22 15:45:00,0,0,0.3743843138217926
rf,ga,1,217,2024-05-22 15:50:00,0,1,0.5603947639465332
rf,ga,1,218,2024-05-22 15:55:00,0,0,0.43561118841171265
rf,ga,1,219,2024-05-22 16:00:00,0,1,0.8425391912460327
rf,ga,1,220,2024-05-22 16:05:00,0,0,0.43169844150543213
rf,ga,1,221,2024-05-22 16:10:00,0,0,0.4454936385154724
rf,ga,1,222,2024-05-22 16:15:00,0,0,0.23664459586143494
rf,ga,1,223,2024-05-22 16:20:00,0,0,0.1507416069507599
rf,ga,1,224,2024-05-22 16:25:00,0,0,0.46997350454330444
rf,ga,1,225,2024-05-22 16:30:00,0,1,0.7522306442260742
rf,ga,1,226,2024-05-22 16:35:00,0,0,0.4889713227748871
rf,ga,1,227,2024-05-22 16:40:00,0,0,0.2851717472076416
rf,ga,1,228,2024-05-22 16:45:00,0,0,0.09124904125928879
rf,ga,1,229,2024-05-22 16:50:00,0,1,0.5526227951049805
rf,ga,1,230,2024-05-22 16:55:00,0,1,0.6087489128112793
rf,ga,1,231,2024-05-22 17:00:00,0,1,0.6810117363929749
rf,ga,1,232,2024-05-22 17:05:00,0,0,0.4082031846046448
rf,ga,1,233,2024-05-22 17:10:00,0,0,0.31989163160324097
rf,ga,1,234,2024-05-22 17:15:00,0,0,0.40682339668273926
rf,ga,1,235,2024-05-22 17:20:00,0,1,0.6830687522888184
rf,ga,1,236,2024-05-22 17:25:00,0,0,0.4190012812614441
rf,ga,1,237,2024-05-22 17:30:00,0,0,0.44119715690612793
rf,ga,1,238,2024-05-22 17:35:00,0,0,0.4472350776195526
rf,ga,1,239,2024-05-22 17:40:00,0,0,0.2369547039270401
rf,ga,1,240,2024-05-22 17:45:00,0,0,0.39071929454803467
rf,ga,1,241,2024-05-22 17:50:00,0,0,0.36988747119903564
rf,ga,1,242,2024-05-22 17:55:00,0,0,0.48249658942222595
rf,ga,1,243,2024-05-23 11:15:00,1,0,0.16068868339061737
rf,ga,1,244,2024-05-23 11:20:00,1,0,0.09381404519081116
rf,ga,1,245,2024-05-23 11:25:00,1,0,0.19683954119682312
rf,ga,1,246,2024-05-23 11:30:00,1,1,0.577842116355896
rf,ga,1,247,2024-05-23 11:35:00,1,0,0.2610228359699249
rf,ga,1,248,2024-05-23 11:40:00,1,0,0.2922995388507843
rf,ga,1,249,2024-05-23 11:45:00,1,0,0.34516167640686035
rf,ga,1,250,2024-05-23 11:50:00,1,1,0.5917745232582092
rf,ga,1,251,2024-05-23 11:55:00,1,0,0.4497295916080475
rf,ga,1,252,2024-05-23 12:00:00,1,1,0.6564285755157471
rf,ga,1,253,2024-05-23 12:05:00,1,1,0.6005975604057312
rf,ga,1,254,2024-05-23 12:10:00,1,1,0.5988373160362244
rf,ga,1,255,2024-05-23 12:15:00,1,0,0.3870123624801636
rf,ga,1,256,2024-05-23 12:20:00,1,1,0.5688402652740479
rf,ga,1,257,2024-05-23 12:25:00,1,1,0.564900815486908
rf,ga,1,258,2024-05-23 12:30:00,1,1,0.6017472743988037
rf,ga,1,259,2024-05-23 12:35:00,1,1,0.8104993104934692
rf,ga,1,260,2024-05-23 12:40:00,1,1,0.6426576972007751
rf,ga,1,261,2024-05-23 12:45:00,1,0,0.4691922664642334
rf,ga,1,262,2024-05-23 12:50:00,1,1,0.7039816379547119
rf,ga,1,263,2024-05-23 12:55:00,1,1,0.6881911754608154
rf,ga,1,264,2024-05-23 13:00:00,1,1,0.635916531085968
rf,ga,1,265,2024-05-23 13:05:00,1,1,0.5955349206924438
rf,ga,1,266,2024-05-23 13:10:00,1,0,0.2948282063007355
rf,ga,1,267,2024-05-23 13:15:00,1,0,0.35575759410858154
rf,ga,1,268,2024-05-23 13:20:00,1,1,0.5760455131530762
rf,ga,1,269,2024-05-23 13:25:00,0,1,0.6816093921661377
rf,ga,1,270,2024-05-23 13:30:00,0,0,0.4903608560562134
rf,ga,1,271,2024-05-23 13:35:00,0,0,0.4001639187335968
rf,ga,1,272,2024-05-23 13:40:00,0,0,0.3912399113178253
rf,ga,1,273,2024-05-23 13:45:00,0,0,0.39991557598114014
rf,ga,1,274,2024-05-23 13:50:00,0,1,0.5987221598625183
rf,ga,1,275,2024-05-23 13:55:00,0,0,0.24075493216514587
rf,ga,1,276,2024-05-23 14:00:00,0,1,0.7218905091285706
rf,ga,1,277,2024-05-23 14:05:00,0,0,0.4158898890018463
rf,ga,1,278,2024-05-23 14:10:00,0,1,0.6835720539093018
rf,ga,1,279,2024-05-23 14:15:00,0,1,0.7355623245239258
rf,ga,1,280,2024-05-23 14:20:00,0,1,0.6642453670501709
rf,ga,1,281,2024-05-23 14:25:00,0,1,0.6052312850952148
rf,ga,1,282,2024-05-23 14:30:00,0,1,0.7248139381408691
rf,ga,1,283,2024-05-23 14:35:00,0,0,0.3511982858181
rf,ga,1,284,2024-05-23 14:40:00,0,0,0.2846887707710266
rf,ga,1,285,2024-05-23 14:45:00,0,0,0.18528293073177338
rf,ga,1,286,2024-05-23 14:50:00,0,0,0.2619783282279968
rf,ga,1,287,2024-05-23 14:55:00,0,0,0.16209805011749268
rf,ga,1,288,2024-05-23 15:00:00,1,0,0.25111812353134155
rf,ga,1,289,2024-05-23 15:00:00,1,0,0.24009090662002563
rf,ga,1,290,2024-05-23 15:05:00,1,0,0.3053355813026428
rf,ga,1,291,2024-05-23 15:05:00,1,1,0.6404787302017212
rf,ga,1,292,2024-05-23 15:10:00,1,1,0.6217472553253174
rf,ga,1,293,2024-05-23 15:10:00,1,1,0.6032865643501282
rf,ga,1,294,2024-05-23 15:15:00,1,0,0.3145239055156708
rf,ga,1,295,2024-05-23 15:15:00,1,0,0.244731605052948
rf,ga,1,296,2024-05-23 15:20:00,1,0,0.41924843192100525
rf,ga,1,297,2024-05-23 15:20:00,1,1,0.6162243485450745
rf,ga,1,298,2024-05-23 15:25:00,1,1,0.557246744632721
rf,ga,1,299,2024-05-23 15:25:00,1,1,0.6811422109603882
rf,ga,1,300,2024-05-23 15:30:00,1,0,0.4339478611946106
rf,ga,1,301,2024-05-23 15:30:00,1,1,0.5409727692604065
rf,ga,1,302,2024-05-23 15:35:00,1,1,0.8422089219093323
rf,ga,1,303,2024-05-23 15:35:00,1,1,0.6909816861152649
rf,ga,1,304,2024-05-23 15:40:00,1,1,0.7169949412345886
rf,ga,1,305,2024-05-23 15:40:00,1,0,0.3846343457698822
rf,ga,1,306,2024-05-23 15:45:00,1,1,0.7444391250610352
rf,ga,1,307,2024-05-23 15:45:00,1,1,0.7180508375167847
rf,ga,1,308,2024-05-23 15:50:00,1,0,0.46736639738082886
rf,ga,1,309,2024-05-23 15:50:00,1,0,0.4719942808151245
rf,ga,1,310,2024-05-23 15:55:00,1,0,0.30345016717910767
rf,ga,1,311,2024-05-23 15:55:00,1,0,0.4278756380081177
rf,ga,1,312,2024-05-23 16:00:00,1,1,0.7051692008972168
rf,ga,1,313,2024-05-23 16:00:00,1,1,0.5788834095001221
rf,ga,1,314,2024-05-23 16:05:00,1,1,0.6306964755058289
rf,ga,1,315,2024-05-23 16:05:00,1,1,0.7059833407402039
rf,ga,1,316,2024-05-23 16:10:00,1,1,0.5280121564865112
rf,ga,1,317,2024-05-23 16:10:00,1,1,0.6871047019958496
rf,ga,1,318,2024-05-23 16:15:00,1,1,0.6135654449462891
rf,ga,1,319,2024-05-23 16:15:00,1,1,0.7207460403442383
rf,ga,1,320,2024-05-23 16:20:00,1,1,0.6798903942108154
rf,ga,1,321,2024-05-23 16:20:00,1,1,0.6474233865737915
rf,ga,1,322,2024-05-23 16:25:00,1,0,0.435090571641922
rf,ga,1,323,2024-05-23 16:25:00,1,0,0.28775057196617126
rf,ga,1,324,2024-05-23 16:30:00,1,0,0.46388763189315796
rf,ga,1,325,2024-05-23 16:30:00,1,0,0.38608118891716003
rf,ga,1,326,2024-05-23 16:35:00,1,1,0.7242185473442078
rf,ga,1,327,2024-05-23 16:35:00,1,0,0.4303216338157654
rf,ga,1,328,2024-05-23 16:40:00,1,1,0.7261452674865723
rf,ga,1,329,2024-05-23 16:40:00,1,1,0.6821231842041016
rf,ga,1,330,2024-05-23 16:45:00,1,0,0.46576768159866333
rf,ga,1,331,2024-05-23 16:45:00,1,0,0.49333012104034424
rf,ga,1,332,2024-05-23 16:50:00,1,1,0.6471931338310242
rf,ga,1,333,2024-05-23 16:50:00,1,1,0.6130558848381042
rf,ga,1,334,2024-05-23 16:55:00,1,1,0.5887329578399658
rf,ga,1,335,2024-05-23 16:55:00,1,1,0.7215818166732788
rf,ga,1,336,2024-05-23 17:00:00,1,1,0.6603748798370361
rf,ga,1,337,2024-05-23 17:00:00,1,0,0.47466617822647095
rf,ga,1,338,2024-05-23 17:05:00,1,1,0.8019990921020508
rf,ga,1,339,2024-05-23 17:05:00,1,1,0.6879653334617615
rf,ga,1,340,2024-05-23 17:10:00,1,1,0.5273128151893616
rf,ga,1,341,2024-05-23 17:10:00,1,1,0.6482516527175903
rf,ga,1,342,2024-05-23 17:15:00,1,1,0.6913583278656006
rf,ga,1,343,2024-05-23 17:15:00,1,1,0.6816105842590332
rf,ga,1,344,2024-05-23 17:20:00,1,1,0.8068919777870178
rf,ga,1,345,2024-05-23 17:20:00,1,1,0.7272030115127563
rf,ga,1,346,2024-05-23 17:25:00,1,1,0.629292368888855
rf,ga,1,347,2024-05-23 17:25:00,1,1,0.6529272794723511
rf,ga,1,348,2024-05-23 17:30:00,1,1,0.7245821356773376
rf,ga,1,349,2024-05-23 17:30:00,1,0,0.3966875374317169
rf,ga,1,350,2024-05-23 17:35:00,1,1,0.560512125492096
rf,ga,1,351,2024-05-23 17:35:00,1,0,0.34733933210372925
rf,ga,1,352,2024-05-23 17:40:00,1,0,0.2983667552471161
rf,ga,1,353,2024-05-23 17:40:00,1,1,0.6594066023826599
rf,ga,1,354,2024-05-23 17:45:00,1,0,0.4445056915283203
rf,ga,1,355,2024-05-23 17:45:00,1,1,0.7635109424591064
rf,ga,1,356,2024-05-23 17:50:00,1,0,0.3993740677833557
rf,ga,1,357,2024-05-23 17:50:00,1,0,0.46080735325813293
rf,ga,1,358,2024-05-23 17:55:00,1,0,0.4333820939064026
rf,ga,1,359,2024-05-23 17:55:00,1,0,0.4357355237007141
rf,ga,1,360,2024-05-24 10:40:00,0,1,0.6838880181312561
rf,ga,1,361,2024-05-24 10:40:00,0,1,0.6415820121765137
rf,ga,1,362,2024-05-24 10:45:00,0,1,0.8314595222473145
rf,ga,1,363,2024-05-24 10:45:00,0,1,0.7491964101791382
rf,ga,1,364,2024-05-24 10:50:00,0,0,0.379760205745697
rf,ga,1,365,2024-05-24 10:50:00,0,0,0.27558693289756775
rf,ga,1,366,2024-05-24 10:55:00,0,0,0.48810648918151855
rf,ga,1,367,2024-05-24 10:55:00,0,0,0.4680555760860443
rf,ga,1,368,2024-05-24 11:00:00,0,0,0.461241215467453
rf,ga,1,369,2024-05-24 11:00:00,0,0,0.44918835163116455
rf,ga,1,370,2024-05-24 11:05:00,0,1,0.6711340546607971
rf,ga,1,371,2024-05-24 11:05:00,0,1,0.7197386026382446
rf,ga,1,372,2024-05-24 11:10:00,0,1,0.6759526133537292
rf,ga,1,373,2024-05-24 11:10:00,0,1,0.7371777892112732
rf,ga,1,374,2024-05-24 11:15:00,0,1,0.611587643623352
rf,ga,1,375,2024-05-24 11:15:00,0,1,0.547805666923523
rf,ga,1,376,2024-05-24 11:20:00,0,1,0.6931646466255188
rf,ga,1,377,2024-05-24 11:20:00,1,1,0.7835926413536072
rf,ga,1,378,2024-05-24 11:25:00,0,1,0.7274931073188782
rf,ga,1,379,2024-05-24 11:25:00,0,1,0.7765063643455505
rf,ga,1,380,2024-05-24 11:30:00,0,1,0.7451545000076294
rf,ga,1,381,2024-05-24 11:30:00,0,1,0.6619179844856262
rf,ga,1,382,2024-05-24 11:35:00,0,0,0.3147234618663788
rf,ga,1,383,2024-05-24 11:35:00,0,0,0.35271191596984863
rf,ga,1,384,2024-05-24 11:40:00,0,0,0.46958526968955994
rf,ga,1,385,2024-05-24 11:40:00,0,0,0.3598267436027527
rf,ga,1,386,2024-05-24 11:45:00,0,1,0.5441102385520935
rf,ga,1,387,2024-05-24 11:45:00,1,1,0.6297655701637268
rf,ga,1,388,2024-05-24 11:50:00,0,1,0.7282453179359436
rf,ga,1,389,2024-05-24 11:50:00,0,0,0.47290974855422974
rf,ga,1,390,2024-05-24 11:55:00,0,1,0.5234769582748413
rf,ga,1,391,2024-05-24 11:55:00,0,0,0.4458005428314209
rf,ga,1,392,2024-05-24 12:00:00,0,0,0.42027008533477783
rf,ga,1,393,2024-05-24 12:00:00,0,1,0.5149232149124146
rf,ga,1,394,2024-05-24 12:05:00,0,1,0.7599060535430908
rf,ga,1,395,2024-05-24 12:05:00,0,0,0.3248976767063141
rf,ga,1,396,2024-05-24 12:10:00,0,0,0.4172218143939972
rf,ga,1,397,2024-05-24 12:10:00,0,0,0.303301602602005
rf,ga,1,398,2024-05-24 12:15:00,0,1,0.5546256899833679
rf,ga,1,399,2024-05-24 12:15:00,0,0,0.2621902525424957
rf,ga,1,400,2024-05-24 12:20:00,0,1,0.5642203092575073
rf,ga,1,401,2024-05-24 12:20:00,0,0,0.4140169620513916
rf,ga,1,402,2024-05-24 12:25:00,0,0,0.28377002477645874
rf,ga,1,403,2024-05-24 12:25:00,0,0,0.31731849908828735
rf,ga,1,404,2024-05-24 12:30:00,0,0,0.454384982585907
rf,ga,1,405,2024-05-24 12:30:00,0,0,0.40204089879989624
rf,ga,1,406,2024-05-24 12:35:00,0,0,0.37126797437667847
rf,ga,1,407,2024-05-24 12:35:00,0,0,0.3478911221027374
rf,ga,1,408,2024-05-24 12:40:00,0,0,0.2029617726802826
rf,ga,1,409,2024-05-24 12:40:00,0,0,0.30303168296813965
rf,ga,1,410,2024-05-24 12:45:00,0,0,0.23898382484912872
rf,ga,1,411,2024-05-24 12:45:00,0,0,0.14620737731456757
rf,ga,1,412,2024-05-24 12:50:00,0,0,0.3681584596633911
rf,ga,1,413,2024-05-24 12:50:00,0,0,0.23311129212379456
rf,ga,1,414,2024-05-24 12:55:00,0,0,0.4592038691043854
rf,ga,1,415,2024-05-24 12:55:00,0,0,0.4829026460647583
rf,ga,1,416,2024-05-24 13:00:00,0,0,0.2269466072320938
rf,ga,1,417,2024-05-24 13:00:00,0,0,0.4744899868965149
rf,ga,1,418,2024-05-24 13:05:00,0,1,0.6247215270996094
rf,ga,1,419,2024-05-24 13:05:00,0,1,0.5276371240615845
rf,ga,1,420,2024-05-24 13:10:00,0,1,0.7665027379989624
rf,ga,1,421,2024-05-24 13:10:00,0,1,0.5920299291610718
rf,ga,1,422,2024-05-24 13:15:00,0,0,0.364173948764801
rf,ga,1,423,2024-05-24 13:15:00,0,1,0.8399193286895752
rf,ga,1,424,2024-05-24 13:20:00,0,1,0.5997482538223267
rf,ga,1,425,2024-05-24 13:20:00,0,1,0.5349593162536621
rf,ga,1,426,2024-05-24 13:25:00,0,1,0.6220526695251465
rf,ga,1,427,2024-05-24 13:25:00,0,1,0.5559712648391724
rf,ga,1,428,2024-05-24 13:30:00,0,1,0.5950988531112671
rf,ga,1,429,2024-05-24 13:30:00,0,1,0.5809109807014465
rf,ga,1,430,2024-05-24 13:35:00,0,1,0.668947696685791
rf,ga,1,431,2024-05-24 13:35:00,0,0,0.37527546286582947
rf,ga,1,432,2024-05-24 13:40:00,0,1,0.5212878584861755
rf,ga,1,433,2024-05-24 13:40:00,0,1,0.604564905166626
rf,ga,1,434,2024-05-24 13:45:00,0,0,0.1862388700246811
rf,ga,1,435,2024-05-24 13:45:00,0,0,0.444997102022171
rf,ga,1,436,2024-05-24 13:50:00,0,0,0.3312263488769531
rf,ga,1,437,2024-05-24 13:50:00,0,0,0.43193453550338745
rf,ga,1,438,2024-05-24 13:55:00,0,0,0.26914095878601074
rf,ga,1,439,2024-05-24 13:55:00,0,0,0.18696574866771698
rf,ga,1,440,2024-05-24 14:00:00,0,0,0.3747559189796448
rf,ga,1,441,2024-05-24 14:00:00,0,0,0.10828768461942673
rf,ga,1,442,2024-05-24 14:05:00,0,0,0.19179068505764008
rf,ga,1,443,2024-05-24 14:05:00,0,0,0.4071579873561859
rf,ga,1,444,2024-05-24 14:10:00,0,0,0.33631211519241333
rf,ga,1,445,2024-05-24 14:10:00,0,0,0.47690537571907043
rf,ga,1,446,2024-05-24 14:15:00,0,1,0.6189873218536377
rf,ga,1,447,2024-05-24 14:15:00,0,0,0.39997783303260803
rf,ga,1,448,2024-05-24 14:20:00,0,0,0.3642114996910095
rf,ga,1,449,2024-05-24 14:20:00,1,0,0.4652358293533325
rf,ga,1,450,2024-05-24 14:25:00,0,0,0.4662364721298218
rf,ga,1,451,2024-05-24 14:25:00,1,0,0.2939336597919464
rf,ga,1,452,2024-05-24 14:30:00,0,0,0.4694770276546478
rf,ga,1,453,2024-05-24 14:30:00,1,1,0.605484127998352
rf,ga,1,454,2024-05-24 14:35:00,1,1,0.6504733562469482
rf,ga,1,455,2024-05-24 14:35:00,0,1,0.8557981252670288
rf,ga,1,456,2024-05-24 14:40:00,0,1,0.6445155739784241
rf,ga,1,457,2024-05-24 14:40:00,1,1,0.5818988680839539
rf,ga,1,458,2024-05-24 14:45:00,0,1,0.5978492498397827
rf,ga,1,459,2024-05-24 14:45:00,1,0,0.3430517017841339
rf,ga,1,460,2024-05-24 14:50:00,0,1,0.6565860509872437
rf,ga,1,461,2024-05-24 14:50:00,1,1,0.5608770847320557
rf,ga,1,462,2024-05-24 14:55:00,0,1,0.5895312428474426
rf,ga,1,463,2024-05-24 14:55:00,1,0,0.47290194034576416
rf,ga,1,464,2024-05-24 15:00:00,0,1,0.5828298330307007
rf,ga,1,465,2024-05-24 15:00:00,0,1,0.5357828736305237
rf,ga,1,466,2024-05-24 15:05:00,0,0,0.3034035265445709
rf,ga,1,467,2024-05-24 15:05:00,0,0,0.43507054448127747
rf,ga,1,468,2024-05-24 15:10:00,0,0,0.4399864375591278
rf,ga,1,469,2024-05-24 15:10:00,0,0,0.38048121333122253
rf,ga,1,470,2024-05-24 15:15:00,0,0,0.311533659696579
rf,ga,1,471,2024-05-24 15:15:00,0,0,0.23380611836910248
rf,ga,1,472,2024-05-24 15:20:00,0,0,0.29553350806236267
rf,ga,1,473,2024-05-24 15:20:00,0,0,0.4245512783527374
rf,ga,1,474,2024-05-24 15:25:00,0,0,0.37554416060447693
rf,ga,1,475,2024-05-24 15:25:00,0,0,0.27240148186683655
rf,ga,1,476,2024-05-24 15:30:00,0,0,0.31993454694747925
rf,ga,1,477,2024-05-24 15:30:00,0,0,0.3191092908382416
rf,ga,1,478,2024-05-24 15:35:00,0,0,0.3159133195877075
rf,ga,1,479,2024-05-24 15:35:00,0,0,0.18527822196483612
rf,ga,1,480,2024-05-24 15:40:00,0,0,0.1223423182964325
rf,ga,1,481,2024-05-24 15:40:00,0,0,0.14035095274448395
rf,ga,1,482,2024-05-24 15:45:00,0,0,0.2071804255247116
rf,ga,1,483,2024-05-24 15:45:00,0,0,0.3650040626525879
rf,ga,1,484,2024-05-24 15:50:00,0,1,0.5842378735542297
rf,ga,1,485,2024-05-24 15:50:00,0,1,0.5343895554542542
rf,ga,1,486,2024-05-24 15:55:00,0,0,0.3724665343761444
rf,ga,1,487,2024-05-24 15:55:00,0,1,0.645861804485321
rf,ga,1,488,2024-05-24 16:00:00,0,0,0.3137957751750946
rf,ga,1,489,2024-05-24 16:00:00,1,0,0.25895166397094727
rf,ga,1,490,2024-05-24 16:05:00,1,1,0.5438205003738403
rf,ga,1,491,2024-05-24 16:05:00,0,0,0.43014881014823914
rf,ga,1,492,2024-05-24 16:10:00,0,0,0.320073664188385
rf,ga,1,493,2024-05-24 16:10:00,1,0,0.3450695276260376
rf,ga,1,494,2024-05-24 16:15:00,1,0,0.38091400265693665
rf,ga,1,495,2024-05-24 16:15:00,0,0,0.40388479828834534
rf,ga,1,496,2024-05-24 16:20:00,0,1,0.5011993050575256
rf,ga,1,497,2024-05-24 16:20:00,1,0,0.40190428495407104
rf,ga,1,498,2024-05-24 16:25:00,0,1,0.5555614829063416
rf,ga,1,499,2024-05-24 16:25:00,1,0,0.40395137667655945
rf,ga,1,500,2024-05-24 16:30:00,0,1,0.6393828988075256
rf,ga,1,501,2024-05-24 16:30:00,1,1,0.5436336398124695
rf,ga,1,502,2024-05-24 16:35:00,1,1,0.7687804698944092
rf,ga,1,503,2024-05-24 16:35:00,0,1,0.8232648968696594
rf,ga,1,504,2024-05-24 16:40:00,1,1,0.8176209330558777
rf,ga,1,505,2024-05-24 16:40:00,0,1,0.7536658048629761
rf,ga,1,506,2024-05-24 16:45:00,1,1,0.511427104473114
rf,ga,1,507,2024-05-24 16:45:00,0,0,0.4587814509868622
rf,ga,1,508,2024-05-24 16:50:00,0,1,0.5480771064758301
rf,ga,1,509,2024-05-24 16:50:00,1,0,0.3200654089450836
rf,ga,1,510,2024-05-24 16:55:00,0,1,0.5578069090843201
rf,ga,1,511,2024-05-24 16:55:00,1,0,0.48512330651283264
rf,ga,1,512,2024-05-24 17:00:00,0,0,0.33900749683380127
rf,ga,1,513,2024-05-24 17:00:00,1,0,0.37512847781181335
rf,ga,1,514,2024-05-24 17:05:00,1,0,0.2762552499771118
rf,ga,1,515,2024-05-24 17:05:00,0,0,0.4579979479312897
rf,ga,1,516,2024-05-24 17:10:00,1,0,0.23588351905345917
rf,ga,1,517,2024-05-24 17:10:00,0,0,0.1665213406085968
rf,ga,1,518,2024-05-24 17:15:00,1,0,0.45580989122390747
rf,ga,1,519,2024-05-24 17:15:00,0,0,0.21318194270133972
rf,ga,1,520,2024-05-24 17:20:00,0,0,0.45900070667266846
rf,ga,1,521,2024-05-24 17:20:00,1,0,0.1603051722049713
rf,ga,1,522,2024-05-24 17:25:00,1,0,0.3785378634929657
rf,ga,1,523,2024-05-24 17:25:00,0,0,0.4477536976337433
rf,ga,1,524,2024-05-24 17:30:00,0,1,0.8007569313049316
rf,ga,1,525,2024-05-24 17:30:00,1,1,0.6733366847038269
rf,ga,1,526,2024-05-24 17:35:00,0,1,0.7143353223800659
rf,ga,1,527,2024-05-24 17:35:00,1,1,0.6311699151992798
rf,ga,1,528,2024-05-24 17:40:00,0,1,0.7019143104553223
rf,ga,1,529,2024-05-24 17:40:00,1,1,0.68414705991745
rf,ga,1,530,2024-05-24 17:45:00,0,1,0.7902259826660156
rf,ga,1,531,2024-05-24 17:45:00,1,1,0.7360699772834778
rf,ga,1,532,2024-05-24 17:50:00,1,1,0.5857224464416504
rf,ga,1,533,2024-05-24 17:50:00,0,1,0.6818324327468872
rf,ga,1,534,2024-05-24 17:55:00,0,0,0.4399409294128418
rf,ga,1,535,2024-05-24 17:55:00,0,0,0.3470022976398468
rf,ga,1,536,2024-05-27 10:40:00,0,0,0.25211101770401
rf,ga,1,537,2024-05-27 10:45:00,0,1,0.6077902913093567
rf,ga,1,538,2024-05-27 10:50:00,0,0,0.43523821234703064
rf,ga,1,539,2024-05-27 10:55:00,0,0,0.3047967553138733
rf,ga,1,540,2024-05-27 11:00:00,0,0,0.48013654351234436
rf,ga,1,541,2024-05-27 11:05:00,0,0,0.3380800187587738
rf,ga,1,542,2024-05-27 11:10:00,0,0,0.0851176381111145
rf,ga,1,543,2024-05-27 11:15:00,0,0,0.21758247911930084
rf,ga,1,544,2024-05-27 11:20:00,0,0,0.4989575147628784
rf,ga,1,545,2024-05-27 11:25:00,0,1,0.516477108001709
rf,ga,1,546,2024-05-27 11:30:00,1,1,0.5243081450462341
rf,ga,1,547,2024-05-27 11:30:00,1,1,0.5117964744567871
rf,ga,1,548,2024-05-27 11:35:00,1,0,0.28513461351394653
rf,ga,1,549,2024-05-27 11:35:00,1,0,0.2740129232406616
rf,ga,1,550,2024-05-27 11:40:00,1,1,0.6203232407569885
rf,ga,1,551,2024-05-27 11:40:00,1,1,0.6059998869895935
rf,ga,1,552,2024-05-27 11:45:00,1,0,0.4959295392036438
rf,ga,1,553,2024-05-27 11:45:00,1,1,0.7410720586776733
rf,ga,1,554,2024-05-27 11:50:00,1,1,0.6516649723052979
rf,ga,1,555,2024-05-27 11:50:00,1,1,0.650009036064148
rf,ga,1,556,2024-05-27 11:55:00,1,1,0.7641478180885315
rf,ga,1,557,2024-05-27 11:55:00,1,1,0.7304718494415283
rf,ga,1,558,2024-05-27 12:00:00,1,0,0.42372027039527893
rf,ga,1,559,2024-05-27 12:00:00,1,1,0.7080093026161194
rf,ga,1,560,2024-05-27 12:05:00,1,1,0.7677674293518066
rf,ga,1,561,2024-05-27 12:05:00,1,1,0.8024629354476929
rf,ga,1,562,2024-05-27 12:10:00,1,1,0.8361948728561401
rf,ga,1,563,2024-05-27 12:10:00,1,1,0.801686704158783
rf,ga,1,564,2024-05-27 12:15:00,1,1,0.8272611498832703
rf,ga,1,565,2024-05-27 12:15:00,1,1,0.604020357131958
rf,ga,1,566,2024-05-27 12:20:00,1,0,0.4564094543457031
rf,ga,1,567,2024-05-27 12:20:00,1,1,0.7334762811660767
rf,ga,1,568,2024-05-27 12:25:00,1,0,0.4203386604785919
rf,ga,1,569,2024-05-27 12:30:00,1,1,0.7539607286453247
rf,ga,1,570,2024-05-27 12:30:00,1,1,0.6547147035598755
rf,ga,1,571,2024-05-27 12:35:00,1,0,0.40549740195274353
rf,ga,1,572,2024-05-27 12:35:00,1,0,0.3411004841327667
rf,ga,1,573,2024-05-27 12:40:00,1,1,0.7579525709152222
rf,ga,1,574,2024-05-27 12:40:00,1,1,0.6738652586936951
rf,ga,1,575,2024-05-27 12:45:00,1,0,0.49142366647720337
rf,ga,1,576,2024-05-27 12:45:00,1,1,0.7320282459259033
rf,ga,1,577,2024-05-27 12:50:00,1,0,0.37270164489746094
rf,ga,1,578,2024-05-27 12:50:00,1,0,0.4991607367992401
rf,ga,1,579,2024-05-27 12:55:00,1,1,0.5831477642059326
rf,ga,1,580,2024-05-27 12:55:00,1,1,0.6449308395385742
rf,ga,1,581,2024-05-27 13:00:00,1,0,0.4693697988986969
rf,ga,1,582,2024-05-27 13:05:00,1,0,0.41655582189559937
rf,ga,1,583,2024-05-27 13:05:00,1,0,0.3852252662181854
rf,ga,1,584,2024-05-27 13:10:00,1,0,0.3200664520263672
rf,ga,1,585,2024-05-27 13:10:00,1,0,0.3864959180355072
rf,ga,1,586,2024-05-27 13:15:00,1,0,0.4486728310585022
rf,ga,1,587,2024-05-27 13:15:00,1,1,0.5628415942192078
rf,ga,1,588,2024-05-27 13:20:00,1,1,0.6997173428535461
rf,ga,1,589,2024-05-27 13:20:00,1,0,0.42466384172439575
rf,ga,1,590,2024-05-27 13:25:00,1,0,0.45956769585609436
rf,ga,1,591,2024-05-27 13:25:00,1,0,0.49069711565971375
rf,ga,1,592,2024-05-27 13:30:00,1,0,0.49687695503234863
rf,ga,1,593,2024-05-27 13:35:00,1,1,0.5547719597816467
rf,ga,1,594,2024-05-27 13:40:00,1,1,0.6671044826507568
rf,ga,1,595,2024-05-27 13:40:00,1,1,0.6449814438819885
rf,ga,1,596,2024-05-27 13:45:00,1,1,0.8298101425170898
rf,ga,1,597,2024-05-27 13:45:00,1,1,0.5494886040687561
rf,ga,1,598,2024-05-27 13:50:00,1,0,0.357932448387146
rf,ga,1,599,2024-05-27 13:50:00,1,0,0.4059167206287384
rf,ga,1,600,2024-05-27 13:55:00,1,1,0.5315702557563782
rf,ga,1,601,2024-05-27 13:55:00,1,1,0.5225493311882019
rf,ga,1,602,2024-05-27 14:00:00,1,1,0.7785413861274719
rf,ga,1,603,2024-05-27 14:00:00,1,1,0.7404754161834717
rf,ga,1,604,2024-05-27 14:05:00,1,1,0.7157544493675232
rf,ga,1,605,2024-05-27 14:05:00,0,1,0.7463536262512207
rf,ga,1,606,2024-05-27 14:10:00,0,1,0.5900567770004272
rf,ga,1,607,2024-05-27 14:10:00,0,1,0.6100485324859619
rf,ga,1,608,2024-05-27 14:15:00,0,0,0.2764109671115875
rf,ga,1,609,2024-05-27 14:15:00,0,0,0.3816053569316864
rf,ga,1,610,2024-05-27 14:20:00,0,0,0.23624518513679504
rf,ga,1,611,2024-05-27 14:20:00,0,0,0.26548266410827637
rf,ga,1,612,2024-05-27 14:25:00,0,0,0.17017672955989838
rf,ga,1,613,2024-05-27 14:25:00,0,0,0.19140885770320892
rf,ga,1,614,2024-05-27 14:30:00,0,0,0.1380765438079834
rf,ga,1,615,2024-05-27 14:30:00,1,0,0.2357824593782425
rf,ga,1,616,2024-05-27 14:35:00,0,0,0.1435355842113495
rf,ga,1,617,2024-05-27 14:35:00,1,0,0.4075731635093689
rf,ga,1,618,2024-05-27 14:40:00,1,0,0.28258174657821655
rf,ga,1,619,2024-05-27 14:40:00,0,0,0.433427631855011
rf,ga,1,620,2024-05-27 14:45:00,0,1,0.7475195527076721
rf,ga,1,621,2024-05-27 14:45:00,1,1,0.6963295340538025
rf,ga,1,622,2024-05-27 14:50:00,0,0,0.4879895746707916
rf,ga,1,623,2024-05-27 14:50:00,1,0,0.39743518829345703
rf,ga,1,624,2024-05-27 14:55:00,0,1,0.6548935770988464
rf,ga,1,625,2024-05-27 14:55:00,1,0,0.33760377764701843
rf,ga,1,626,2024-05-27 15:00:00,1,1,0.7357290387153625
rf,ga,1,627,2024-05-27 15:00:00,0,1,0.7652824521064758
rf,ga,1,628,2024-05-27 15:05:00,0,1,0.6555507183074951
rf,ga,1,629,2024-05-27 15:05:00,1,1,0.6770312190055847
rf,ga,1,630,2024-05-27 15:10:00,1,1,0.6928685307502747
rf,ga,1,631,2024-05-27 15:10:00,1,1,0.6025840044021606
rf,ga,1,632,2024-05-27 15:15:00,1,1,0.6883275508880615
rf,ga,1,633,2024-05-27 15:15:00,1,1,0.763690173625946
rf,ga,1,634,2024-05-27 15:20:00,1,1,0.5592051148414612
rf,ga,1,635,2024-05-27 15:20:00,1,1,0.6727786660194397
rf,ga,1,636,2024-05-27 15:25:00,1,1,0.5915858149528503
rf,ga,1,637,2024-05-27 15:25:00,1,1,0.6433545351028442
rf,ga,1,638,2024-05-27 15:30:00,1,0,0.46741747856140137
rf,ga,1,639,2024-05-27 15:30:00,1,1,0.5985056757926941
rf,ga,1,640,2024-05-27 15:35:00,1,1,0.5480474829673767
rf,ga,1,641,2024-05-27 15:35:00,1,0,0.4788004457950592
rf,ga,1,642,2024-05-27 15:40:00,1,0,0.49574825167655945
rf,ga,1,643,2024-05-27 15:40:00,1,0,0.37258344888687134
rf,ga,1,644,2024-05-27 15:45:00,1,0,0.35000231862068176
rf,ga,1,645,2024-05-27 15:45:00,1,0,0.395760178565979
rf,ga,1,646,2024-05-27 15:50:00,1,0,0.2989829182624817
rf,ga,1,647,2024-05-27 15:50:00,1,0,0.2993100583553314
rf,ga,1,648,2024-05-27 15:55:00,1,0,0.4080790877342224
rf,ga,1,649,2024-05-27 15:55:00,1,0,0.4317311644554138
rf,ga,1,650,2024-05-27 16:00:00,1,1,0.7451543211936951
rf,ga,1,651,2024-05-27 16:00:00,1,1,0.7728606462478638
rf,ga,1,652,2024-05-27 16:05:00,1,1,0.6546491980552673
rf,ga,1,653,2024-05-27 16:05:00,1,1,0.6103726029396057
rf,ga,1,654,2024-05-27 16:10:00,1,1,0.6139938831329346
rf,ga,1,655,2024-05-27 16:10:00,1,1,0.5389633774757385
rf,ga,1,656,2024-05-27 16:15:00,1,1,0.5543336272239685
rf,ga,1,657,2024-05-27 16:15:00,1,1,0.6341787576675415
rf,ga,1,658,2024-05-27 16:20:00,1,1,0.6940428018569946
rf,ga,1,659,2024-05-27 16:20:00,0,1,0.7597558498382568
rf,ga,1,660,2024-05-27 16:25:00,1,0,0.4580628573894501
rf,ga,1,661,2024-05-27 16:25:00,0,0,0.3893827795982361
rf,ga,1,662,2024-05-27 16:30:00,0,0,0.3047046661376953
rf,ga,1,663,2024-05-27 16:30:00,1,1,0.5667035579681396
rf,ga,1,664,2024-05-27 16:35:00,0,1,0.5720363259315491
rf,ga,1,665,2024-05-27 16:35:00,1,1,0.5923367142677307
rf,ga,1,666,2024-05-27 16:40:00,0,1,0.5425733327865601
rf,ga,1,667,2024-05-27 16:40:00,1,0,0.4431002736091614
rf,ga,1,668,2024-05-27 16:45:00,1,1,0.6305039525032043
rf,ga,1,669,2024-05-27 16:45:00,0,1,0.6188995838165283
rf,ga,1,670,2024-05-27 16:50:00,1,1,0.5260502696037292
rf,ga,1,671,2024-05-27 16:50:00,0,1,0.5945277214050293
rf,ga,1,672,2024-05-27 16:55:00,0,1,0.6191769242286682
rf,ga,1,673,2024-05-27 16:55:00,1,1,0.5127891302108765
rf,ga,1,674,2024-05-27 17:00:00,0,1,0.710105836391449
rf,ga,1,675,2024-05-27 17:00:00,1,1,0.5408579111099243
rf,ga,1,676,2024-05-27 17:05:00,0,0,0.37218794226646423
rf,ga,1,677,2024-05-27 17:05:00,1,0,0.2895868420600891
rf,ga,1,678,2024-05-27 17:10:00,1,0,0.3786713480949402
rf,ga,1,679,2024-05-27 17:10:00,0,1,0.5294156670570374
rf,ga,1,680,2024-05-27 17:15:00,1,1,0.5936832427978516
rf,ga,1,681,2024-05-27 17:15:00,1,1,0.5028787851333618
rf,ga,1,682,2024-05-27 17:20:00,1,1,0.5601993799209595
rf,ga,1,683,2024-05-27 17:20:00,1,1,0.5306428670883179
rf,ga,1,684,2024-05-27 17:25:00,1,1,0.7607628703117371
rf,ga,1,685,2024-05-27 17:25:00,1,1,0.5758131146430969
rf,ga,1,686,2024-05-27 17:30:00,1,1,0.5233624577522278
rf,ga,1,687,2024-05-27 17:30:00,1,1,0.608641505241394
rf,ga,1,688,2024-05-27 17:35:00,1,0,0.33051013946533203
rf,ga,1,689,2024-05-27 17:35:00,1,0,0.3764669895172119
rf,ga,1,690,2024-05-27 17:40:00,1,0,0.46551254391670227
rf,ga,1,691,2024-05-27 17:40:00,1,0,0.3558421730995178
rf,ga,1,692,2024-05-27 17:45:00,1,0,0.47029492259025574
rf,ga,1,693,2024-05-27 17:45:00,1,1,0.6539573669433594
rf,ga,1,694,2024-05-27 17:50:00,1,1,0.5412213206291199
rf,ga,1,695,2024-05-27 17:50:00,1,0,0.43891090154647827
rf,ga,1,696,2024-05-27 17:55:00,1,1,0.6040623188018799
rf,ga,1,697,2024-05-27 17:55:00,0,1,0.5157187581062317
rf,ga,1,698,2024-05-28 10:40:00,0,0,0.12102346867322922
rf,ga,1,699,2024-05-28 10:45:00,0,0,0.09826584160327911
rf,ga,1,700,2024-05-28 10:50:00,0,0,0.05952468886971474
rf,ga,1,701,2024-05-28 10:55:00,0,0,0.1715874820947647
rf,ga,1,702,2024-05-28 11:00:00,0,0,0.0826287642121315
rf,ga,1,703,2024-05-28 11:05:00,0,1,0.512332558631897
rf,ga,1,704,2024-05-28 11:10:00,0,0,0.31971246004104614
rf,ga,1,705,2024-05-28 11:15:00,0,0,0.27383705973625183
rf,ga,1,706,2024-05-28 11:20:00,0,0,0.4051542580127716
rf,ga,1,707,2024-05-28 11:25:00,0,0,0.23765498399734497
rf,ga,1,708,2024-05-28 11:30:00,0,0,0.34217801690101624
rf,ga,1,709,2024-05-28 11:35:00,1,0,0.25266480445861816
rf,ga,1,710,2024-05-28 11:40:00,1,0,0.46800363063812256
rf,ga,1,711,2024-05-28 11:45:00,1,0,0.31970730423927307
rf,ga,1,712,2024-05-28 11:50:00,1,0,0.48573312163352966
rf,ga,1,713,2024-05-28 11:55:00,1,0,0.4788239300251007
rf,ga,1,714,2024-05-28 12:00:00,1,0,0.3539467453956604
rf,ga,1,715,2024-05-28 12:05:00,1,0,0.44685813784599304
rf,ga,1,716,2024-05-28 12:10:00,1,1,0.5639755129814148
rf,ga,1,717,2024-05-28 12:15:00,1,1,0.7160735130310059
rf,ga,1,718,2024-05-28 12:20:00,1,1,0.790816605091095
rf,ga,1,719,2024-05-28 12:25:00,1,1,0.6531548500061035
rf,ga,1,720,2024-05-28 12:30:00,1,1,0.6873261332511902
rf,ga,1,721,2024-05-28 12:35:00,1,1,0.5894769430160522
rf,ga,1,722,2024-05-28 12:40:00,1,0,0.4596713185310364
rf,ga,1,723,2024-05-28 12:45:00,1,1,0.7055249810218811
rf,ga,1,724,2024-05-28 12:50:00,1,0,0.4690455496311188
rf,ga,1,725,2024-05-28 12:55:00,1,0,0.4182003438472748
rf,ga,1,726,2024-05-28 13:00:00,0,1,0.8234646916389465
rf,ga,1,727,2024-05-28 13:00:00,0,1,0.7830963730812073
rf,ga,1,728,2024-05-28 13:05:00,0,1,0.6304942965507507
rf,ga,1,729,2024-05-28 13:05:00,0,1,0.7044110298156738
rf,ga,1,730,2024-05-28 13:10:00,0,0,0.4423844814300537
rf,ga,1,731,2024-05-28 13:10:00,0,0,0.402140349149704
rf,ga,1,732,2024-05-28 13:15:00,0,0,0.34711694717407227
rf,ga,1,733,2024-05-28 13:15:00,0,0,0.19419947266578674
rf,ga,1,734,2024-05-28 13:20:00,0,0,0.3522738516330719
rf,ga,1,735,2024-05-28 13:20:00,0,0,0.11570936441421509
rf,ga,1,736,2024-05-28 13:25:00,0,0,0.11645729839801788
rf,ga,1,737,2024-05-28 13:25:00,0,0,0.2868482172489166
rf,ga,1,738,2024-05-28 13:30:00,0,0,0.39492347836494446
rf,ga,1,739,2024-05-28 13:30:00,0,0,0.3039218783378601
rf,ga,1,740,2024-05-28 13:35:00,0,0,0.471279114484787
rf,ga,1,741,2024-05-28 13:35:00,0,0,0.27202698588371277
rf,ga,1,742,2024-05-28 13:40:00,0,1,0.5229040384292603
rf,ga,1,743,2024-05-28 13:40:00,0,1,0.6298071146011353
rf,ga,1,744,2024-05-28 13:45:00,0,0,0.40438854694366455
rf,ga,1,745,2024-05-28 13:45:00,0,0,0.45978477597236633
rf,ga,1,746,2024-05-28 13:50:00,0,0,0.19077880680561066
rf,ga,1,747,2024-05-28 13:50:00,0,0,0.19002945721149445
rf,ga,1,748,2024-05-28 13:55:00,0,0,0.047072891145944595
rf,ga,1,749,2024-05-28 13:55:00,0,0,0.05807768926024437
rf,ga,1,750,2024-05-28 14:00:00,0,0,0.1007644459605217
rf,ga,1,751,2024-05-28 14:00:00,0,0,0.07174922525882721
rf,ga,1,752,2024-05-28 14:05:00,0,0,0.23291876912117004
rf,ga,1,753,2024-05-28 14:05:00,0,0,0.19764316082000732
rf,ga,1,754,2024-05-28 14:10:00,0,0,0.3950352668762207
rf,ga,1,755,2024-05-28 14:10:00,0,0,0.35602867603302
rf,ga,1,756,2024-05-28 14:15:00,0,0,0.4440491795539856
rf,ga,1,757,2024-05-28 14:15:00,0,1,0.5171423554420471
rf,ga,1,758,2024-05-28 14:20:00,0,0,0.4639204144477844
rf,ga,1,759,2024-05-28 14:20:00,0,0,0.3853888213634491
rf,ga,1,760,2024-05-28 14:25:00,0,0,0.43615543842315674
rf,ga,1,761,2024-05-28 14:25:00,0,0,0.47286486625671387
rf,ga,1,762,2024-05-28 14:30:00,0,1,0.6707543134689331
rf,ga,1,763,2024-05-28 14:30:00,0,1,0.6568682193756104
rf,ga,1,764,2024-05-28 14:35:00,0,1,0.5134032368659973
rf,ga,1,765,2024-05-28 14:35:00,0,1,0.5591763257980347
rf,ga,1,766,2024-05-28 14:40:00,0,0,0.4666156470775604
rf,ga,1,767,2024-05-28 14:40:00,0,0,0.3717038333415985
rf,ga,1,768,2024-05-28 14:45:00,0,1,0.5395106077194214
rf,ga,1,769,2024-05-28 14:45:00,0,0,0.25103095173835754
rf,ga,1,770,2024-05-28 14:50:00,0,0,0.1751430183649063
rf,ga,1,771,2024-05-28 14:50:00,0,0,0.18473081290721893
rf,ga,1,772,2024-05-28 14:55:00,0,0,0.04675082489848137
rf,ga,1,773,2024-05-28 14:55:00,0,0,0.10188785940408707
rf,ga,1,774,2024-05-28 15:00:00,0,0,0.1766742467880249
rf,ga,1,775,2024-05-28 15:00:00,0,0,0.2359767109155655
rf,ga,1,776,2024-05-28 15:05:00,0,1,0.7066277861595154
rf,ga,1,777,2024-05-28 15:05:00,0,1,0.6165432333946228
rf,ga,1,778,2024-05-28 15:10:00,0,1,0.5707034468650818
rf,ga,1,779,2024-05-28 15:10:00,0,0,0.38946738839149475
rf,ga,1,780,2024-05-28 15:15:00,0,0,0.3820173740386963
rf,ga,1,781,2024-05-28 15:15:00,0,0,0.37431612610816956
rf,ga,1,782,2024-05-28 15:20:00,0,0,0.2549157440662384
rf,ga,1,783,2024-05-28 15:20:00,0,0,0.26571404933929443
rf,ga,1,784,2024-05-28 15:25:00,0,0,0.4342091977596283
rf,ga,1,785,2024-05-28 15:25:00,0,0,0.21673615276813507
rf,ga,1,786,2024-05-28 15:30:00,0,0,0.14040550589561462
rf,ga,1,787,2024-05-28 15:30:00,0,0,0.09745030105113983
rf,ga,1,788,2024-05-28 15:35:00,0,0,0.12694595754146576
rf,ga,1,789,2024-05-28 15:35:00,0,0,0.1625787317752838
rf,ga,1,790,2024-05-28 15:40:00,0,0,0.0974077582359314
rf,ga,1,791,2024-05-28 15:40:00,0,0,0.08696892112493515
rf,ga,1,792,2024-05-28 15:45:00,0,0,0.35362493991851807
rf,ga,1,793,2024-05-28 15:45:00,0,0,0.32304009795188904
rf,ga,1,794,2024-05-28 15:50:00,0,1,0.6662969589233398
rf,ga,1,795,2024-05-28 15:50:00,0,0,0.47448021173477173
rf,ga,1,796,2024-05-28 15:55:00,0,0,0.49082717299461365
rf,ga,1,797,2024-05-28 15:55:00,0,1,0.5011022090911865
rf,ga,1,798,2024-05-28 16:00:00,0,1,0.6750228404998779
rf,ga,1,799,2024-05-28 16:00:00,0,1,0.5035941004753113
rf,ga,1,800,2024-05-28 16:05:00,0,0,0.4803105294704437
rf,ga,1,801,2024-05-28 16:05:00,0,1,0.5642183423042297
rf,ga,1,802,2024-05-28 16:10:00,1,1,0.528437077999115
rf,ga,1,803,2024-05-28 16:10:00,1,0,0.450745552778244
rf,ga,1,804,2024-05-28 16:15:00,1,0,0.4302403926849365
rf,ga,1,805,2024-05-28 16:15:00,1,0,0.4319717586040497
rf,ga,1,806,2024-05-28 16:20:00,1,0,0.37841784954071045
rf,ga,1,807,2024-05-28 16:20:00,1,0,0.487003356218338
rf,ga,1,808,2024-05-28 16:25:00,1,1,0.5092639327049255
rf,ga,1,809,2024-05-28 16:25:00,1,0,0.43235066533088684
rf,ga,1,810,2024-05-28 16:30:00,1,1,0.6284297704696655
rf,ga,1,811,2024-05-28 16:30:00,1,1,0.550718367099762
rf,ga,1,812,2024-05-28 16:35:00,1,1,0.5766055583953857
rf,ga,1,813,2024-05-28 16:35:00,1,1,0.7735517024993896
rf,ga,1,814,2024-05-28 16:40:00,1,1,0.6854488253593445
rf,ga,1,815,2024-05-28 16:40:00,1,1,0.562830924987793
rf,ga,1,816,2024-05-28 16:45:00,1,1,0.7808429002761841
rf,ga,1,817,2024-05-28 16:45:00,1,1,0.631154477596283
rf,ga,1,818,2024-05-28 16:50:00,1,1,0.7041165828704834
rf,ga,1,819,2024-05-28 16:50:00,0,1,0.8365573883056641
rf,ga,1,820,2024-05-28 16:55:00,0,1,0.8102208375930786
rf,ga,1,821,2024-05-28 16:55:00,0,1,0.7658643126487732
rf,ga,1,822,2024-05-28 17:00:00,0,1,0.7245078682899475
rf,ga,1,823,2024-05-28 17:00:00,0,1,0.6787024140357971
rf,ga,1,824,2024-05-28 17:05:00,0,1,0.5629290342330933
rf,ga,1,825,2024-05-28 17:05:00,0,0,0.49432000517845154
rf,ga,1,826,2024-05-28 17:10:00,0,0,0.4164094924926758
rf,ga,1,827,2024-05-28 17:10:00,0,0,0.3710746169090271
rf,ga,1,828,2024-05-28 17:15:00,0,0,0.27022549510002136
rf,ga,1,829,2024-05-28 17:15:00,0,0,0.4345003366470337
rf,ga,1,830,2024-05-28 17:20:00,0,0,0.45646533370018005
rf,ga,1,831,2024-05-28 17:20:00,0,0,0.4226667284965515
rf,ga,1,832,2024-05-28 17:25:00,0,1,0.6004694700241089
rf,ga,1,833,2024-05-28 17:25:00,0,0,0.3411676287651062
rf,ga,1,834,2024-05-28 17:30:00,0,0,0.349834144115448
rf,ga,1,835,2024-05-28 17:30:00,0,0,0.23256294429302216
rf,ga,1,836,2024-05-28 17:35:00,0,0,0.3805897831916809
rf,ga,1,837,2024-05-28 17:35:00,0,0,0.330841988325119
rf,ga,1,838,2024-05-28 17:40:00,0,0,0.3393627405166626
rf,ga,1,839,2024-05-28 17:40:00,0,0,0.12414641678333282
rf,ga,1,840,2024-05-28 17:45:00,0,1,0.5774405002593994
rf,ga,1,841,2024-05-28 17:45:00,0,1,0.58212810754776
rf,ga,1,842,2024-05-28 17:50:00,0,1,0.5597240328788757
rf,ga,1,843,2024-05-28 17:50:00,0,0,0.23810452222824097
rf,ga,1,844,2024-05-28 17:55:00,1,0,0.3651890456676483
rf,ga,1,845,2024-05-28 17:55:00,1,0,0.347653865814209
rf,ga,1,846,2024-05-29 10:40:00,1,0,0.4180411696434021
rf,ga,1,847,2024-05-29 10:40:00,1,0,0.443002849817276
rf,ga,1,848,2024-05-29 10:45:00,1,0,0.339865505695343
rf,ga,1,849,2024-05-29 10:45:00,1,1,0.5801886916160583
rf,ga,1,850,2024-05-29 10:50:00,1,1,0.6834218502044678
rf,ga,1,851,2024-05-29 10:50:00,1,0,0.44902175664901733
rf,ga,1,852,2024-05-29 10:55:00,1,1,0.7968379855155945
rf,ga,1,853,2024-05-29 10:55:00,1,1,0.7451300024986267
rf,ga,1,854,2024-05-29 11:00:00,1,1,0.8033198714256287
rf,ga,1,855,2024-05-29 11:00:00,1,1,0.8631116151809692
rf,ga,1,856,2024-05-29 11:05:00,1,1,0.717385470867157
rf,ga,1,857,2024-05-29 11:05:00,1,1,0.7943338751792908
rf,ga,1,858,2024-05-29 11:10:00,1,1,0.834036648273468
rf,ga,1,859,2024-05-29 11:10:00,1,1,0.8598783016204834
rf,ga,1,860,2024-05-29 11:15:00,1,1,0.6872484087944031
rf,ga,1,861,2024-05-29 11:15:00,1,1,0.5991864800453186
rf,ga,1,862,2024-05-29 11:20:00,1,1,0.5766968727111816
rf,ga,1,863,2024-05-29 11:20:00,1,0,0.4997553825378418
rf,ga,1,864,2024-05-29 11:25:00,1,1,0.7697544097900391
rf,ga,1,865,2024-05-29 11:25:00,1,1,0.8751598596572876
rf,ga,1,866,2024-05-29 11:30:00,1,1,0.563096821308136
rf,ga,1,867,2024-05-29 11:30:00,1,1,0.7531682252883911
rf,ga,1,868,2024-05-29 11:35:00,1,1,0.8344142436981201
rf,ga,1,869,2024-05-29 11:35:00,1,1,0.7590854167938232
rf,ga,1,870,2024-05-29 11:40:00,1,1,0.8402705192565918
rf,ga,1,871,2024-05-29 11:40:00,1,1,0.783510148525238
rf,ga,1,872,2024-05-29 11:45:00,0,1,0.8291220664978027
rf,ga,1,873,2024-05-29 11:45:00,0,1,0.7638226747512817
rf,ga,1,874,2024-05-29 11:50:00,0,1,0.7840490937232971
rf,ga,1,875,2024-05-29 11:50:00,0,1,0.8912169337272644
rf,ga,1,876,2024-05-29 11:55:00,0,1,0.6344325542449951
rf,ga,1,877,2024-05-29 11:55:00,0,1,0.8322867155075073
rf,ga,1,878,2024-05-29 12:00:00,0,0,0.4375499486923218
rf,ga,1,879,2024-05-29 12:00:00,0,1,0.6647602915763855
rf,ga,1,880,2024-05-29 12:05:00,0,0,0.3274419903755188
rf,ga,1,881,2024-05-29 12:05:00,0,1,0.6672958731651306
rf,ga,1,882,2024-05-29 12:10:00,0,0,0.3255947232246399
rf,ga,1,883,2024-05-29 12:10:00,0,0,0.20922821760177612
rf,ga,1,884,2024-05-29 12:15:00,0,0,0.22744950652122498
rf,ga,1,885,2024-05-29 12:15:00,1,0,0.19287732243537903
rf,ga,1,886,2024-05-29 12:20:00,0,0,0.44570180773735046
rf,ga,1,887,2024-05-29 12:20:00,1,0,0.38006144762039185
rf,ga,1,888,2024-05-29 12:25:00,0,0,0.3839253783226013
rf,ga,1,889,2024-05-29 12:25:00,1,0,0.15156318247318268
rf,ga,1,890,2024-05-29 12:30:00,0,0,0.3169100284576416
rf,ga,1,891,2024-05-29 12:30:00,1,0,0.2879064381122589
rf,ga,1,892,2024-05-29 12:35:00,1,1,0.5631538033485413
rf,ga,1,893,2024-05-29 12:35:00,0,1,0.5396137237548828
rf,ga,1,894,2024-05-29 12:40:00,1,1,0.5814528465270996
rf,ga,1,895,2024-05-29 12:40:00,0,1,0.629935622215271
rf,ga,1,896,2024-05-29 12:45:00,0,1,0.6028903126716614
rf,ga,1,897,2024-05-29 12:45:00,1,1,0.7275557518005371
rf,ga,1,898,2024-05-29 12:50:00,1,1,0.8043107390403748
rf,ga,1,899,2024-05-29 12:50:00,0,1,0.7864425182342529
rf,ga,1,900,2024-05-29 12:55:00,1,1,0.5640634298324585
rf,ga,1,901,2024-05-29 12:55:00,0,1,0.6911426186561584
rf,ga,1,902,2024-05-29 13:00:00,0,1,0.5018138885498047
rf,ga,1,903,2024-05-29 13:00:00,1,1,0.641449511051178
rf,ga,1,904,2024-05-29 13:05:00,1,0,0.37105801701545715
rf,ga,1,905,2024-05-29 13:05:00,0,1,0.632114827632904
rf,ga,1,906,2024-05-29 13:10:00,0,0,0.364234983921051
rf,ga,1,907,2024-05-29 13:10:00,1,0,0.37219616770744324
rf,ga,1,908,2024-05-29 13:15:00,1,0,0.43180549144744873
rf,ga,1,909,2024-05-29 13:15:00,0,0,0.39609891176223755
rf,ga,1,910,2024-05-29 13:20:00,1,1,0.5893120765686035
rf,ga,1,911,2024-05-29 13:20:00,0,0,0.451546311378479
rf,ga,1,912,2024-05-29 13:25:00,1,0,0.3540438115596771
rf,ga,1,913,2024-05-29 13:25:00,0,1,0.5109421014785767
rf,ga,1,914,2024-05-29 13:30:00,1,1,0.6095874905586243
rf,ga,1,915,2024-05-29 13:30:00,0,1,0.6953398585319519
rf,ga,1,916,2024-05-29 13:35:00,0,1,0.536745011806488
rf,ga,1,917,2024-05-29 13:35:00,0,0,0.4712577164173126
rf,ga,1,918,2024-05-29 13:40:00,0,1,0.7064616084098816
rf,ga,1,919,2024-05-29 13:40:00,0,0,0.4960186183452606
rf,ga,1,920,2024-05-29 13:45:00,0,0,0.3498929738998413
rf,ga,1,921,2024-05-29 13:45:00,0,0,0.47164207696914673
rf,ga,1,922,2024-05-29 13:50:00,0,1,0.520992636680603
rf,ga,1,923,2024-05-29 13:50:00,0,1,0.5993421077728271
rf,ga,1,924,2024-05-29 13:55:00,0,1,0.5779925584793091
rf,ga,1,925,2024-05-29 13:55:00,0,0,0.3313058018684387
rf,ga,1,926,2024-05-29 14:00:00,0,1,0.6385114789009094
rf,ga,1,927,2024-05-29 14:00:00,0,1,0.6998874545097351
rf,ga,1,928,2024-05-29 14:05:00,0,0,0.36917567253112793
rf,ga,1,929,2024-05-29 14:05:00,0,0,0.3543664515018463
rf,ga,1,930,2024-05-29 14:10:00,0,0,0.3632996678352356
rf,ga,1,931,2024-05-29 14:10:00,0,0,0.22412709891796112
rf,ga,1,932,2024-05-29 14:15:00,0,0,0.3414754867553711
rf,ga,1,933,2024-05-29 14:15:00,0,0,0.4028681516647339
rf,ga,1,934,2024-05-29 14:20:00,0,0,0.23352056741714478
rf,ga,1,935,2024-05-29 14:20:00,0,0,0.4127529561519623
rf,ga,1,936,2024-05-29 14:25:00,0,0,0.16179655492305756
rf,ga,1,937,2024-05-29 14:25:00,0,0,0.12845787405967712
rf,ga,1,938,2024-05-29 14:30:00,0,0,0.22460006177425385
rf,ga,1,939,2024-05-29 14:30:00,0,0,0.24246452748775482
rf,ga,1,940,2024-05-29 14:35:00,0,0,0.14452199637889862
rf,ga,1,941,2024-05-29 14:35:00,0,0,0.09324023127555847
rf,ga,1,942,2024-05-29 14:40:00,0,0,0.1413639485836029
rf,ga,1,943,2024-05-29 14:40:00,0,0,0.12397338449954987
rf,ga,1,944,2024-05-29 14:45:00,1,0,0.09625741094350815
rf,ga,1,945,2024-05-29 14:45:00,1,0,0.15952220559120178
rf,ga,1,946,2024-05-29 14:50:00,1,0,0.4383595287799835
rf,ga,1,947,2024-05-29 14:50:00,1,1,0.5352453589439392
rf,ga,1,948,2024-05-29 14:55:00,1,0,0.3075641691684723
rf,ga,1,949,2024-05-29 14:55:00,1,1,0.5795137286186218
rf,ga,1,950,2024-05-29 15:00:00,1,1,0.9333823919296265
rf,ga,1,951,2024-05-29 15:00:00,1,1,0.8441254496574402
rf,ga,1,952,2024-05-29 15:05:00,1,1,0.5186111927032471
rf,ga,1,953,2024-05-29 15:05:00,1,1,0.6529000997543335
rf,ga,1,954,2024-05-29 15:10:00,1,1,0.7965285778045654
rf,ga,1,955,2024-05-29 15:10:00,1,1,0.8041224479675293
rf,ga,1,956,2024-05-29 15:15:00,1,0,0.4513449966907501
rf,ga,1,957,2024-05-29 15:15:00,1,0,0.45052045583724976
rf,ga,1,958,2024-05-29 15:20:00,1,1,0.7147002816200256
rf,ga,1,959,2024-05-29 15:20:00,1,1,0.6764848828315735
rf,ga,1,960,2024-05-29 15:25:00,1,1,0.6629108190536499
rf,ga,1,961,2024-05-29 15:25:00,1,1,0.7360121607780457
rf,ga,1,962,2024-05-29 15:30:00,1,1,0.7249037623405457
rf,ga,1,963,2024-05-29 15:30:00,1,1,0.6850798726081848
rf,ga,1,964,2024-05-29 15:35:00,1,1,0.6191428303718567
rf,ga,1,965,2024-05-29 15:35:00,1,1,0.5201655030250549
rf,ga,1,966,2024-05-29 15:40:00,1,1,0.558393657207489
rf,ga,1,967,2024-05-29 15:40:00,1,0,0.2030627578496933
rf,ga,1,968,2024-05-29 15:45:00,1,0,0.3565279245376587
rf,ga,1,969,2024-05-29 15:45:00,1,0,0.37707260251045227
rf,ga,1,970,2024-05-29 15:50:00,1,1,0.5029194951057434
rf,ga,1,971,2024-05-29 15:50:00,1,0,0.4717535376548767
rf,ga,1,972,2024-05-29 15:55:00,1,1,0.5733754634857178
rf,ga,1,973,2024-05-29 15:55:00,1,0,0.4814644157886505
rf,ga,1,974,2024-05-29 16:00:00,1,1,0.5105234384536743
rf,ga,1,975,2024-05-29 16:00:00,1,0,0.4976338744163513
rf,ga,1,976,2024-05-29 16:05:00,1,1,0.5062249898910522
rf,ga,1,977,2024-05-29 16:05:00,1,1,0.5656094551086426
rf,ga,1,978,2024-05-29 16:10:00,1,1,0.5590506196022034
rf,ga,1,979,2024-05-29 16:10:00,1,1,0.6761974096298218
rf,ga,1,980,2024-05-29 16:15:00,1,1,0.535741925239563
rf,ga,1,981,2024-05-29 16:15:00,1,1,0.7267034649848938
rf,ga,1,982,2024-05-29 16:20:00,0,1,0.8095986247062683
rf,ga,1,983,2024-05-29 16:20:00,0,1,0.7863867878913879
rf,ga,1,984,2024-05-29 16:25:00,0,1,0.7608450055122375
rf,ga,1,985,2024-05-29 16:25:00,0,1,0.6582763195037842
rf,ga,1,986,2024-05-29 16:30:00,0,1,0.8405663967132568
rf,ga,1,987,2024-05-29 16:30:00,0,1,0.6650545597076416
rf,ga,1,988,2024-05-29 16:35:00,0,1,0.7635817527770996
rf,ga,1,989,2024-05-29 16:35:00,0,1,0.724025309085846
rf,ga,1,990,2024-05-29 16:40:00,0,0,0.47704970836639404
rf,ga,1,991,2024-05-29 16:40:00,0,0,0.4437863528728485
rf,ga,1,992,2024-05-29 16:45:00,0,0,0.3168201744556427
rf,ga,1,993,2024-05-29 16:45:00,0,0,0.3400723934173584
rf,ga,1,994,2024-05-29 16:50:00,0,0,0.2645469903945923
rf,ga,1,995,2024-05-29 16:50:00,0,0,0.2567043602466583
rf,ga,1,996,2024-05-29 16:55:00,0,0,0.29216521978378296
rf,ga,1,997,2024-05-29 16:55:00,0,0,0.3427940011024475
rf,ga,1,998,2024-05-29 17:00:00,0,0,0.1969788819551468
rf,ga,1,999,2024-05-29 17:00:00,0,0,0.2278374284505844
rf,ga,1,1000,2024-05-29 17:05:00,0,0,0.23072095215320587
rf,ga,1,1001,2024-05-29 17:05:00,0,0,0.18728812038898468
rf,ga,1,1002,2024-05-29 17:10:00,0,0,0.2730724811553955
rf,ga,1,1003,2024-05-29 17:10:00,0,0,0.265553742647171
rf,ga,1,1004,2024-05-29 17:15:00,0,0,0.4588116407394409
rf,ga,1,1005,2024-05-29 17:15:00,0,1,0.5307559370994568
rf,ga,1,1006,2024-05-29 17:20:00,0,1,0.6214170455932617
rf,ga,1,1007,2024-05-29 17:20:00,0,0,0.44510337710380554
rf,ga,1,1008,2024-05-29 17:25:00,0,0,0.4301946759223938
rf,ga,1,1009,2024-05-29 17:25:00,0,0,0.47579655051231384
rf,ga,1,1010,2024-05-29 17:30:00,0,0,0.4351462423801422
rf,ga,1,1011,2024-05-29 17:30:00,0,0,0.4659607410430908
rf,ga,1,1012,2024-05-29 17:35:00,0,1,0.6631750464439392
rf,ga,1,1013,2024-05-29 17:35:00,0,1,0.6085240840911865
rf,ga,1,1014,2024-05-29 17:40:00,0,1,0.5359849333763123
rf,ga,1,1015,2024-05-29 17:40:00,0,1,0.6375845670700073
rf,ga,1,1016,2024-05-29 17:45:00,0,1,0.7871782183647156
rf,ga,1,1017,2024-05-29 17:45:00,0,1,0.6000238656997681
rf,ga,1,1018,2024-05-29 17:50:00,0,1,0.5964468121528625
rf,ga,1,1019,2024-05-29 17:50:00,0,1,0.7772300839424133
rf,ga,1,1020,2024-05-29 17:55:00,0,1,0.6746378540992737
rf,ga,1,1021,2024-05-29 17:55:00,0,1,0.5782877802848816
rf,ga,1,1022,2024-05-31 12:35:00,1,1,0.7348105907440186
rf,ga,1,1023,2024-05-31 12:40:00,1,0,0.3177160918712616
rf,ga,1,1024,2024-05-31 12:45:00,1,1,0.6251319646835327
rf,ga,1,1025,2024-05-31 12:50:00,1,1,0.6645749807357788
rf,ga,1,1026,2024-05-31 12:55:00,1,1,0.6559228301048279
rf,ga,1,1027,2024-05-31 13:00:00,1,0,0.4921641945838928
rf,ga,1,1028,2024-05-31 13:05:00,1,1,0.5093679428100586
rf,ga,1,1029,2024-05-31 13:10:00,1,1,0.551759660243988
rf,ga,1,1030,2024-05-31 13:15:00,1,1,0.6101945042610168
rf,ga,1,1031,2024-05-31 13:20:00,1,1,0.53494793176651
rf,ga,1,1032,2024-05-31 13:25:00,1,0,0.3219272494316101
rf,ga,1,1033,2024-05-31 13:25:00,1,0,0.2839415967464447
rf,ga,1,1034,2024-05-31 13:30:00,1,0,0.2736397981643677
rf,ga,1,1035,2024-05-31 13:30:00,1,0,0.416684627532959
rf,ga,1,1036,2024-05-31 13:35:00,1,1,0.7875614166259766
rf,ga,1,1037,2024-05-31 13:35:00,1,1,0.6437445878982544
rf,ga,1,1038,2024-05-31 13:40:00,1,1,0.7432974576950073
rf,ga,1,1039,2024-05-31 13:40:00,1,1,0.7186616063117981
rf,ga,1,1040,2024-05-31 13:45:00,1,1,0.721194863319397
rf,ga,1,1041,2024-05-31 13:45:00,1,1,0.6437395215034485
rf,ga,1,1042,2024-05-31 13:50:00,1,1,0.825686514377594
rf,ga,1,1043,2024-05-31 13:50:00,1,1,0.7500090599060059
rf,ga,1,1044,2024-05-31 13:55:00,1,1,0.514083743095398
rf,ga,1,1045,2024-05-31 13:55:00,1,0,0.4762812554836273
rf,ga,1,1046,2024-05-31 14:00:00,1,1,0.5090458393096924
rf,ga,1,1047,2024-05-31 14:00:00,1,1,0.5447157025337219
rf,ga,1,1048,2024-05-31 14:05:00,1,1,0.7592262029647827
rf,ga,1,1049,2024-05-31 14:05:00,1,1,0.635944128036499
rf,ga,1,1050,2024-05-31 14:10:00,1,0,0.45762041211128235
rf,ga,1,1051,2024-05-31 14:10:00,1,1,0.8024126887321472
rf,ga,1,1052,2024-05-31 14:15:00,1,0,0.3976491093635559
rf,ga,1,1053,2024-05-31 14:15:00,1,1,0.5118871927261353
rf,ga,1,1054,2024-05-31 14:20:00,1,1,0.6749789118766785
rf,ga,1,1055,2024-05-31 14:20:00,1,1,0.6123347282409668
rf,ga,1,1056,2024-05-31 14:25:00,1,1,0.6676551103591919
rf,ga,1,1057,2024-05-31 14:25:00,1,0,0.4348953068256378
rf,ga,1,1058,2024-05-31 14:30:00,1,1,0.6637768149375916
rf,ga,1,1059,2024-05-31 14:30:00,1,1,0.6560826301574707
rf,ga,1,1060,2024-05-31 14:35:00,1,1,0.5632611513137817
rf,ga,1,1061,2024-05-31 14:35:00,1,1,0.6508312225341797
rf,ga,1,1062,2024-05-31 14:40:00,1,1,0.5221047401428223
rf,ga,1,1063,2024-05-31 14:40:00,1,1,0.6033481359481812
rf,ga,1,1064,2024-05-31 14:45:00,1,0,0.48440471291542053
rf,ga,1,1065,2024-05-31 14:45:00,1,0,0.46646738052368164
rf,ga,1,1066,2024-05-31 14:50:00,1,0,0.4455031156539917
rf,ga,1,1067,2024-05-31 14:50:00,1,0,0.49293622374534607
rf,ga,1,1068,2024-05-31 14:55:00,1,0,0.3169395327568054
rf,ga,1,1069,2024-05-31 14:55:00,1,0,0.37056246399879456
rf,ga,1,1070,2024-05-31 15:00:00,1,0,0.4940033555030823
rf,ga,1,1071,2024-05-31 15:00:00,1,0,0.40078508853912354
rf,ga,1,1072,2024-05-31 15:05:00,0,1,0.5695382952690125
rf,ga,1,1073,2024-05-31 15:05:00,0,1,0.6347212791442871
rf,ga,1,1074,2024-05-31 15:10:00,0,1,0.5213475227355957
rf,ga,1,1075,2024-05-31 15:10:00,0,1,0.5447914004325867
rf,ga,1,1076,2024-05-31 15:15:00,0,1,0.5399433970451355
rf,ga,1,1077,2024-05-31 15:15:00,0,1,0.608924388885498
rf,ga,1,1078,2024-05-31 15:20:00,0,1,0.6640537977218628
rf,ga,1,1079,2024-05-31 15:20:00,0,1,0.5508676767349243
rf,ga,1,1080,2024-05-31 15:25:00,0,1,0.5299564003944397
rf,ga,1,1081,2024-05-31 15:25:00,0,0,0.46594908833503723
rf,ga,1,1082,2024-05-31 15:30:00,0,0,0.43835538625717163
rf,ga,1,1083,2024-05-31 15:30:00,0,1,0.7267417311668396
rf,ga,1,1084,2024-05-31 15:35:00,0,1,0.5460343360900879
rf,ga,1,1085,2024-05-31 15:35:00,0,0,0.41816866397857666
rf,ga,1,1086,2024-05-31 15:40:00,0,1,0.6190673112869263
rf,ga,1,1087,2024-05-31 15:40:00,0,1,0.5380703210830688
rf,ga,1,1088,2024-05-31 15:45:00,0,1,0.6267389059066772
rf,ga,1,1089,2024-05-31 15:45:00,0,1,0.5014388561248779
rf,ga,1,1090,2024-05-31 15:50:00,0,0,0.3058835566043854
rf,ga,1,1091,2024-05-31 15:50:00,0,1,0.5461790561676025
rf,ga,1,1092,2024-05-31 15:55:00,0,0,0.4618097245693207
rf,ga,1,1093,2024-05-31 15:55:00,0,0,0.4268231689929962
rf,ga,1,1094,2024-05-31 16:00:00,1,0,0.25291749835014343
rf,ga,1,1095,2024-05-31 16:00:00,1,0,0.3389497995376587
rf,ga,1,1096,2024-05-31 16:05:00,1,0,0.38122260570526123
rf,ga,1,1097,2024-05-31 16:05:00,1,0,0.32624319195747375
rf,ga,1,1098,2024-05-31 16:10:00,1,1,0.5709877610206604
rf,ga,1,1099,2024-05-31 16:10:00,1,1,0.7753622531890869
rf,ga,1,1100,2024-05-31 16:15:00,1,1,0.6937653422355652
rf,ga,1,1101,2024-05-31 16:15:00,1,1,0.6967582702636719
rf,ga,1,1102,2024-05-31 16:20:00,1,1,0.5280283093452454
rf,ga,1,1103,2024-05-31 16:20:00,1,1,0.7403278350830078
rf,ga,1,1104,2024-05-31 16:25:00,1,1,0.5560961365699768
rf,ga,1,1105,2024-05-31 16:25:00,1,1,0.7710441946983337
rf,ga,1,1106,2024-05-31 16:30:00,1,0,0.3981369435787201
rf,ga,1,1107,2024-05-31 16:30:00,1,1,0.5721831321716309
rf,ga,1,1108,2024-05-31 16:35:00,1,1,0.6995177865028381
rf,ga,1,1109,2024-05-31 16:35:00,1,1,0.6025773286819458
rf,ga,1,1110,2024-05-31 16:40:00,1,1,0.7800238728523254
rf,ga,1,1111,2024-05-31 16:40:00,1,1,0.9208290576934814
rf,ga,1,1112,2024-05-31 16:45:00,1,1,0.6713518500328064
rf,ga,1,1113,2024-05-31 16:45:00,1,1,0.7761998176574707
rf,ga,1,1114,2024-05-31 16:50:00,1,1,0.7280060648918152
rf,ga,1,1115,2024-05-31 16:50:00,1,1,0.884596586227417
rf,ga,1,1116,2024-05-31 16:55:00,0,1,0.8727116584777832
rf,ga,1,1117,2024-05-31 16:55:00,0,1,0.8678238391876221
rf,ga,1,1118,2024-05-31 17:00:00,0,1,0.8032423853874207
rf,ga,1,1119,2024-05-31 17:00:00,0,1,0.6515549421310425
rf,ga,1,1120,2024-05-31 17:05:00,0,0,0.44716665148735046
rf,ga,1,1121,2024-05-31 17:05:00,0,0,0.45638883113861084
rf,ga,1,1122,2024-05-31 17:10:00,0,1,0.6327632069587708
rf,ga,1,1123,2024-05-31 17:10:00,0,0,0.2634391188621521
rf,ga,1,1124,2024-05-31 17:15:00,0,1,0.5479126572608948
rf,ga,1,1125,2024-05-31 17:15:00,0,1,0.6111570000648499
rf,ga,1,1126,2024-05-31 17:20:00,0,1,0.5717328190803528
rf,ga,1,1127,2024-05-31 17:20:00,0,0,0.4973246157169342
rf,ga,1,1128,2024-05-31 17:25:00,0,0,0.4417073130607605
rf,ga,1,1129,2024-05-31 17:25:00,0,0,0.46737420558929443
rf,ga,1,1130,2024-05-31 17:30:00,0,1,0.565605103969574
rf,ga,1,1131,2024-05-31 17:30:00,0,1,0.5256667733192444
rf,ga,1,1132,2024-05-31 17:35:00,0,0,0.3717481791973114
rf,ga,1,1133,2024-05-31 17:35:00,0,1,0.5423058867454529
rf,ga,1,1134,2024-05-31 17:40:00,0,1,0.6873812675476074
rf,ga,1,1135,2024-05-31 17:40:00,0,0,0.3645150065422058
rf,ga,1,1136,2024-05-31 17:45:00,0,1,0.6566490530967712
rf,ga,1,1137,2024-05-31 17:45:00,0,0,0.4487585723400116
rf,ga,1,1138,2024-05-31 17:50:00,0,1,0.5680777430534363
rf,ga,1,1139,2024-05-31 17:50:00,0,1,0.696530818939209
rf,ga,1,1140,2024-05-31 17:55:00,0,0,0.460575133562088
rf,ga,1,1141,2024-05-31 17:55:00,0,0,0.3745638132095337
rf,ga,1,1142,2024-06-03 10:50:00,1,0,0.18579983711242676
rf,ga,1,1143,2024-06-03 10:50:00,1,0,0.12596754729747772
rf,ga,1,1144,2024-06-03 10:55:00,1,1,0.6247804164886475
rf,ga,1,1145,2024-06-03 10:55:00,1,0,0.458362340927124
rf,ga,1,1146,2024-06-03 11:00:00,1,0,0.33431681990623474
rf,ga,1,1147,2024-06-03 11:00:00,1,0,0.36984729766845703
rf,ga,1,1148,2024-06-03 11:05:00,1,0,0.3239571154117584
rf,ga,1,1149,2024-06-03 11:05:00,1,0,0.3781668543815613
rf,ga,1,1150,2024-06-03 11:10:00,1,1,0.5870072245597839
rf,ga,1,1151,2024-06-03 11:10:00,1,1,0.6674965023994446
rf,ga,1,1152,2024-06-03 11:15:00,1,1,0.6848409175872803
rf,ga,1,1153,2024-06-03 11:15:00,1,1,0.8161433339118958
rf,ga,1,1154,2024-06-03 11:20:00,1,1,0.6972156167030334
rf,ga,1,1155,2024-06-03 11:20:00,1,1,0.7574975490570068
rf,ga,1,1156,2024-06-03 11:25:00,1,1,0.8656355142593384
rf,ga,1,1157,2024-06-03 11:25:00,1,1,0.7081957459449768
rf,ga,1,1158,2024-06-03 11:30:00,1,1,0.7706449627876282
rf,ga,1,1159,2024-06-03 11:30:00,1,1,0.6270897388458252
rf,ga,1,1160,2024-06-03 11:35:00,1,1,0.8763182163238525
rf,ga,1,1161,2024-06-03 11:35:00,1,1,0.8599550724029541
rf,ga,1,1162,2024-06-03 11:40:00,0,1,0.7648537158966064
rf,ga,1,1163,2024-06-03 11:40:00,0,1,0.8112643361091614
rf,ga,1,1164,2024-06-03 11:45:00,0,1,0.6043395400047302
rf,ga,1,1165,2024-06-03 11:45:00,0,0,0.4305918216705322
rf,ga,1,1166,2024-06-03 11:50:00,0,1,0.6611019372940063
rf,ga,1,1167,2024-06-03 11:50:00,0,1,0.5911465883255005
rf,ga,1,1168,2024-06-03 11:55:00,0,0,0.3525066077709198
rf,ga,1,1169,2024-06-03 11:55:00,0,1,0.7270156145095825
rf,ga,1,1170,2024-06-03 12:00:00,0,0,0.3635413646697998
rf,ga,1,1171,2024-06-03 12:00:00,0,0,0.21395869553089142
rf,ga,1,1172,2024-06-03 12:05:00,0,1,0.5837620496749878
rf,ga,1,1173,2024-06-03 12:05:00,0,1,0.716715395450592
rf,ga,1,1174,2024-06-03 12:10:00,0,1,0.5033937096595764
rf,ga,1,1175,2024-06-03 12:10:00,0,1,0.6144059300422668
rf,ga,1,1176,2024-06-03 12:15:00,0,1,0.6669085621833801
rf,ga,1,1177,2024-06-03 12:15:00,0,1,0.6795449256896973
rf,ga,1,1178,2024-06-03 12:20:00,0,1,0.7341235280036926
rf,ga,1,1179,2024-06-03 12:20:00,0,1,0.7450379729270935
rf,ga,1,1180,2024-06-03 12:25:00,0,0,0.31383588910102844
rf,ga,1,1181,2024-06-03 12:25:00,0,0,0.24017269909381866
rf,ga,1,1182,2024-06-03 12:30:00,0,0,0.09327522665262222
rf,ga,1,1183,2024-06-03 12:30:00,0,0,0.13828706741333008
rf,ga,1,1184,2024-06-03 12:35:00,0,0,0.14243197441101074
rf,ga,1,1185,2024-06-03 12:35:00,0,0,0.2919921875
rf,ga,1,1186,2024-06-03 12:40:00,0,0,0.41672980785369873
rf,ga,1,1187,2024-06-03 12:40:00,0,0,0.38958603143692017
rf,ga,1,1188,2024-06-03 12:45:00,0,0,0.24342814087867737
rf,ga,1,1189,2024-06-03 12:45:00,0,0,0.3453132212162018
rf,ga,1,1190,2024-06-03 12:50:00,0,0,0.24021123349666595
rf,ga,1,1191,2024-06-03 12:50:00,0,0,0.4855841100215912
rf,ga,1,1192,2024-06-03 12:55:00,0,0,0.2616957128047943
rf,ga,1,1193,2024-06-03 12:55:00,0,0,0.3090302050113678
rf,ga,1,1194,2024-06-03 13:00:00,0,0,0.3497620224952698
rf,ga,1,1195,2024-06-03 13:00:00,0,0,0.3719119131565094
rf,ga,1,1196,2024-06-03 13:05:00,0,0,0.37937769293785095
rf,ga,1,1197,2024-06-03 13:05:00,0,0,0.1863633394241333
rf,ga,1,1198,2024-06-03 13:10:00,0,1,0.5142686367034912
rf,ga,1,1199,2024-06-03 13:10:00,0,0,0.4881410300731659
rf,ga,1,1200,2024-06-03 13:15:00,0,0,0.415708988904953
rf,ga,1,1201,2024-06-03 13:15:00,0,0,0.20956498384475708
rf,ga,1,1202,2024-06-03 13:20:00,0,0,0.11911454796791077
rf,ga,1,1203,2024-06-03 13:20:00,0,0,0.30409929156303406
rf,ga,1,1204,2024-06-03 13:25:00,0,0,0.3883515000343323
rf,ga,1,1205,2024-06-03 13:25:00,0,0,0.3745543956756592
rf,ga,1,1206,2024-06-03 13:30:00,0,1,0.5857669711112976
rf,ga,1,1207,2024-06-03 13:30:00,0,0,0.2051771879196167
rf,ga,1,1208,2024-06-03 13:35:00,0,1,0.5325388312339783
rf,ga,1,1209,2024-06-03 13:35:00,0,0,0.36873823404312134
rf,ga,1,1210,2024-06-03 13:40:00,0,0,0.39748698472976685
rf,ga,1,1211,2024-06-03 13:40:00,0,0,0.40187859535217285
rf,ga,1,1212,2024-06-03 13:45:00,0,1,0.7537471652030945
rf,ga,1,1213,2024-06-03 13:45:00,0,1,0.6169015169143677
rf,ga,1,1214,2024-06-03 13:50:00,0,0,0.45242026448249817
rf,ga,1,1215,2024-06-03 13:50:00,0,0,0.40232619643211365
rf,ga,1,1216,2024-06-03 13:55:00,0,1,0.5366981029510498
rf,ga,1,1217,2024-06-03 13:55:00,0,1,0.5390793681144714
rf,ga,1,1218,2024-06-03 14:00:00,1,0,0.36258047819137573
rf,ga,1,1219,2024-06-03 14:00:00,1,1,0.5436556339263916
rf,ga,1,1220,2024-06-03 14:05:00,1,1,0.7696022987365723
rf,ga,1,1221,2024-06-03 14:05:00,1,1,0.782024621963501
rf,ga,1,1222,2024-06-03 14:10:00,1,1,0.7254877686500549
rf,ga,1,1223,2024-06-03 14:10:00,1,1,0.8653873801231384
rf,ga,1,1224,2024-06-03 14:15:00,1,1,0.8145966529846191
rf,ga,1,1225,2024-06-03 14:15:00,1,1,0.7678614258766174
rf,ga,1,1226,2024-06-03 14:20:00,1,1,0.7153201699256897
rf,ga,1,1227,2024-06-03 14:20:00,1,1,0.9016478061676025
rf,ga,1,1228,2024-06-03 14:25:00,1,1,0.8261394500732422
rf,ga,1,1229,2024-06-03 14:25:00,1,1,0.7735121846199036
rf,ga,1,1230,2024-06-03 14:30:00,1,1,0.7365212440490723
rf,ga,1,1231,2024-06-03 14:30:00,1,1,0.7458436489105225
rf,ga,1,1232,2024-06-03 14:35:00,1,1,0.5305796265602112
rf,ga,1,1233,2024-06-03 14:35:00,1,0,0.49471038579940796
rf,ga,1,1234,2024-06-03 14:40:00,1,1,0.713665783405304
rf,ga,1,1235,2024-06-03 14:40:00,1,1,0.6489624977111816
rf,ga,1,1236,2024-06-03 14:45:00,1,0,0.49399203062057495
rf,ga,1,1237,2024-06-03 14:45:00,1,1,0.7404071688652039
rf,ga,1,1238,2024-06-03 14:50:00,1,0,0.12627221643924713
rf,ga,1,1239,2024-06-03 14:50:00,1,0,0.4697418510913849
rf,ga,1,1240,2024-06-03 14:55:00,1,0,0.25315022468566895
rf,ga,1,1241,2024-06-03 14:55:00,1,0,0.4477209150791168
rf,ga,1,1242,2024-06-03 15:00:00,1,0,0.4928912818431854
rf,ga,1,1243,2024-06-03 15:00:00,1,1,0.51346755027771
rf,ga,1,1244,2024-06-03 15:05:00,1,1,0.5420669913291931
rf,ga,1,1245,2024-06-03 15:05:00,1,1,0.670693039894104
rf,ga,1,1246,2024-06-03 15:10:00,1,0,0.3941282331943512
rf,ga,1,1247,2024-06-03 15:10:00,1,0,0.32502248883247375
rf,ga,1,1248,2024-06-03 15:15:00,1,1,0.5614131093025208
rf,ga,1,1249,2024-06-03 15:15:00,1,1,0.6925564408302307
rf,ga,1,1250,2024-06-03 15:20:00,1,1,0.7838535308837891
rf,ga,1,1251,2024-06-03 15:20:00,1,1,0.8747450709342957
rf,ga,1,1252,2024-06-03 15:25:00,1,1,0.8128671646118164
rf,ga,1,1253,2024-06-03 15:25:00,1,1,0.637941837310791
rf,ga,1,1254,2024-06-03 15:30:00,1,1,0.7299666404724121
rf,ga,1,1255,2024-06-03 15:30:00,1,1,0.8299165368080139
rf,ga,1,1256,2024-06-03 15:35:00,0,1,0.7558078169822693
rf,ga,1,1257,2024-06-03 15:35:00,0,1,0.7874721884727478
rf,ga,1,1258,2024-06-03 15:40:00,0,0,0.4961636960506439
rf,ga,1,1259,2024-06-03 15:40:00,0,1,0.5429999232292175
rf,ga,1,1260,2024-06-03 15:45:00,0,0,0.3602345287799835
rf,ga,1,1261,2024-06-03 15:45:00,0,1,0.5939477682113647
rf,ga,1,1262,2024-06-03 15:50:00,0,1,0.5027377009391785
rf,ga,1,1263,2024-06-03 15:50:00,0,0,0.3969760239124298
rf,ga,1,1264,2024-06-03 15:55:00,0,1,0.655641496181488
rf,ga,1,1265,2024-06-03 15:55:00,0,1,0.6313899755477905
rf,ga,1,1266,2024-06-03 16:00:00,0,1,0.5171334743499756
rf,ga,1,1267,2024-06-03 16:00:00,0,1,0.5069939494132996
rf,ga,1,1268,2024-06-03 16:05:00,0,0,0.3544445037841797
rf,ga,1,1269,2024-06-03 16:05:00,0,1,0.6779749393463135
rf,ga,1,1270,2024-06-03 16:10:00,0,1,0.5579624176025391
rf,ga,1,1271,2024-06-03 16:10:00,0,1,0.6336721777915955
rf,ga,1,1272,2024-06-03 16:15:00,0,0,0.41042906045913696
rf,ga,1,1273,2024-06-03 16:15:00,0,0,0.310106098651886
rf,ga,1,1274,2024-06-03 16:20:00,0,0,0.4432971179485321
rf,ga,1,1275,2024-06-03 16:20:00,0,1,0.550485372543335
rf,ga,1,1276,2024-06-03 16:25:00,0,0,0.22820881009101868
rf,ga,1,1277,2024-06-03 16:25:00,0,0,0.3885761797428131
rf,ga,1,1278,2024-06-03 16:30:00,0,0,0.22991949319839478
rf,ga,1,1279,2024-06-03 16:30:00,0,0,0.3732430636882782
rf,ga,1,1280,2024-06-03 16:35:00,0,0,0.4516001343727112
rf,ga,1,1281,2024-06-03 16:35:00,0,0,0.17551149427890778
rf,ga,1,1282,2024-06-03 16:40:00,0,0,0.3413701355457306
rf,ga,1,1283,2024-06-03 16:40:00,0,0,0.40991055965423584
rf,ga,1,1284,2024-06-03 16:45:00,0,0,0.24523134529590607
rf,ga,1,1285,2024-06-03 16:45:00,0,1,0.5230373740196228
rf,ga,1,1286,2024-06-03 16:50:00,0,1,0.5520991086959839
rf,ga,1,1287,2024-06-03 16:50:00,0,0,0.4498225450515747
rf,ga,1,1288,2024-06-03 16:55:00,0,0,0.3072684109210968
rf,ga,1,1289,2024-06-03 16:55:00,0,0,0.33712896704673767
rf,ga,1,1290,2024-06-03 17:00:00,0,0,0.21184417605400085
rf,ga,1,1291,2024-06-03 17:00:00,0,0,0.2990710735321045
rf,ga,1,1292,2024-06-03 17:05:00,0,0,0.3057379722595215
rf,ga,1,1293,2024-06-03 17:05:00,0,0,0.1779908984899521
rf,ga,1,1294,2024-06-03 17:10:00,0,0,0.2640657126903534
rf,ga,1,1295,2024-06-03 17:10:00,0,0,0.3818601071834564
rf,ga,1,1296,2024-06-03 17:15:00,0,0,0.4277997612953186
rf,ga,1,1297,2024-06-03 17:15:00,0,1,0.5064685940742493
rf,ga,1,1298,2024-06-03 17:20:00,0,0,0.31952372193336487
rf,ga,1,1299,2024-06-03 17:20:00,0,0,0.3185080885887146
rf,ga,1,1300,2024-06-03 17:25:00,0,0,0.3987922966480255
rf,ga,1,1301,2024-06-03 17:25:00,0,0,0.4019434154033661
rf,ga,1,1302,2024-06-03 17:30:00,0,0,0.19795994460582733
rf,ga,1,1303,2024-06-03 17:30:00,0,0,0.2648421823978424
rf,ga,1,1304,2024-06-03 17:35:00,0,0,0.36067676544189453
rf,ga,1,1305,2024-06-03 17:35:00,0,0,0.2641381323337555
rf,ga,1,1306,2024-06-03 17:40:00,0,0,0.43255841732025146
rf,ga,1,1307,2024-06-03 17:40:00,0,0,0.4394513666629791
rf,ga,1,1308,2024-06-03 17:45:00,0,0,0.2681412398815155
rf,ga,1,1309,2024-06-03 17:45:00,0,0,0.4434991478919983
rf,ga,1,1310,2024-06-03 17:50:00,0,0,0.4735051393508911
rf,ga,1,1311,2024-06-03 17:50:00,0,1,0.6024216413497925
rf,ga,1,1312,2024-06-03 17:55:00,0,0,0.46155232191085815
rf,ga,1,1313,2024-06-03 17:55:00,0,1,0.5487370491027832
rf,ga,1,1314,2024-06-04 11:15:00,1,0,0.4133678674697876
rf,ga,1,1315,2024-06-04 11:20:00,1,0,0.44953104853630066
rf,ga,1,1316,2024-06-04 11:20:00,1,0,0.33289089798927307
rf,ga,1,1317,2024-06-04 11:25:00,1,0,0.4603945016860962
rf,ga,1,1318,2024-06-04 11:25:00,1,1,0.5067176222801208
rf,ga,1,1319,2024-06-04 11:30:00,1,1,0.714133620262146
rf,ga,1,1320,2024-06-04 11:30:00,1,1,0.5708655714988708
rf,ga,1,1321,2024-06-04 11:35:00,1,1,0.5771909952163696
rf,ga,1,1322,2024-06-04 11:35:00,1,1,0.6284084916114807
rf,ga,1,1323,2024-06-04 11:40:00,1,1,0.8955333828926086
rf,ga,1,1324,2024-06-04 11:40:00,1,1,0.8391715884208679
rf,ga,1,1325,2024-06-04 11:45:00,1,0,0.49627572298049927
rf,ga,1,1326,2024-06-04 11:45:00,1,1,0.8608453273773193
rf,ga,1,1327,2024-06-04 11:50:00,1,1,0.7210603356361389
rf,ga,1,1328,2024-06-04 11:50:00,1,1,0.7030273675918579
rf,ga,1,1329,2024-06-04 11:55:00,1,1,0.6205908060073853
rf,ga,1,1330,2024-06-04 11:55:00,1,1,0.7023236751556396
rf,ga,1,1331,2024-06-04 12:00:00,1,0,0.38604336977005005
rf,ga,1,1332,2024-06-04 12:00:00,1,1,0.7119971513748169
rf,ga,1,1333,2024-06-04 12:05:00,1,1,0.6320058703422546
rf,ga,1,1334,2024-06-04 12:05:00,1,1,0.5181960463523865
rf,ga,1,1335,2024-06-04 12:10:00,1,1,0.6988337635993958
rf,ga,1,1336,2024-06-04 12:10:00,1,1,0.6040056347846985
rf,ga,1,1337,2024-06-04 12:15:00,1,1,0.6590766310691833
rf,ga,1,1338,2024-06-04 12:15:00,1,1,0.7357919812202454
rf,ga,1,1339,2024-06-04 12:20:00,1,1,0.774332582950592
rf,ga,1,1340,2024-06-04 12:20:00,1,1,0.9018256068229675
rf,ga,1,1341,2024-06-04 12:25:00,1,1,0.8245892524719238
rf,ga,1,1342,2024-06-04 12:25:00,1,1,0.8588564395904541
rf,ga,1,1343,2024-06-04 12:30:00,1,1,0.6215243339538574
rf,ga,1,1344,2024-06-04 12:30:00,1,1,0.5280575156211853
rf,ga,1,1345,2024-06-04 12:35:00,1,1,0.7382007837295532
rf,ga,1,1346,2024-06-04 12:35:00,1,1,0.7604212760925293
rf,ga,1,1347,2024-06-04 12:40:00,1,0,0.48033180832862854
rf,ga,1,1348,2024-06-04 12:40:00,1,0,0.4681110382080078
rf,ga,1,1349,2024-06-04 12:45:00,1,1,0.6353380680084229
rf,ga,1,1350,2024-06-04 12:45:00,1,1,0.7982361316680908
rf,ga,1,1351,2024-06-04 12:50:00,1,1,0.5103967189788818
rf,ga,1,1352,2024-06-04 12:50:00,1,1,0.7545311450958252
rf,ga,1,1353,2024-06-04 12:55:00,1,0,0.18555544316768646
rf,ga,1,1354,2024-06-04 12:55:00,1,0,0.2207108438014984
rf,ga,1,1355,2024-06-04 13:00:00,1,0,0.3477480709552765
rf,ga,1,1356,2024-06-04 13:00:00,1,0,0.2666943073272705
rf,ga,1,1357,2024-06-04 13:05:00,1,0,0.40958771109580994
rf,ga,1,1358,2024-06-04 13:05:00,1,0,0.4505513608455658
rf,ga,1,1359,2024-06-04 13:10:00,1,1,0.6387366056442261
rf,ga,1,1360,2024-06-04 13:10:00,1,1,0.6353209018707275
rf,ga,1,1361,2024-06-04 13:15:00,1,1,0.6987917423248291
rf,ga,1,1362,2024-06-04 13:15:00,1,1,0.7558651566505432
rf,ga,1,1363,2024-06-04 13:20:00,1,1,0.6965051293373108
rf,ga,1,1364,2024-06-04 13:20:00,1,0,0.46191734075546265
rf,ga,1,1365,2024-06-04 13:25:00,1,1,0.6115887761116028
rf,ga,1,1366,2024-06-04 13:25:00,1,1,0.6493287086486816
rf,ga,1,1367,2024-06-04 13:30:00,1,1,0.5401133298873901
rf,ga,1,1368,2024-06-04 13:30:00,1,1,0.6275526881217957
rf,ga,1,1369,2024-06-04 13:35:00,1,0,0.37748387455940247
rf,ga,1,1370,2024-06-04 13:35:00,1,0,0.43750566244125366
rf,ga,1,1371,2024-06-04 13:40:00,1,1,0.6163471937179565
rf,ga,1,1372,2024-06-04 13:40:00,1,0,0.47960707545280457
rf,ga,1,1373,2024-06-04 13:45:00,1,1,0.6521689295768738
rf,ga,1,1374,2024-06-04 13:45:00,1,1,0.5861015915870667
rf,ga,1,1375,2024-06-04 13:50:00,1,1,0.8140145540237427
rf,ga,1,1376,2024-06-04 13:50:00,1,1,0.578469455242157
rf,ga,1,1377,2024-06-04 13:55:00,1,1,0.8353849649429321
rf,ga,1,1378,2024-06-04 13:55:00,1,1,0.8546907901763916
rf,ga,1,1379,2024-06-04 14:00:00,1,1,0.9219537377357483
rf,ga,1,1380,2024-06-04 14:00:00,1,1,0.8112703561782837
rf,ga,1,1381,2024-06-04 14:05:00,1,1,0.611312210559845
rf,ga,1,1382,2024-06-04 14:05:00,1,0,0.3381475806236267
rf,ga,1,1383,2024-06-04 14:10:00,1,0,0.35209324955940247
rf,ga,1,1384,2024-06-04 14:10:00,1,0,0.37011605501174927
rf,ga,1,1385,2024-06-04 14:15:00,1,0,0.2568121552467346
rf,ga,1,1386,2024-06-04 14:15:00,1,0,0.22768956422805786
rf,ga,1,1387,2024-06-04 14:20:00,1,1,0.5176945328712463
rf,ga,1,1388,2024-06-04 14:20:00,1,0,0.2876281142234802
rf,ga,1,1389,2024-06-04 14:25:00,1,1,0.8578442335128784
rf,ga,1,1390,2024-06-04 14:25:00,1,1,0.7899291515350342
rf,ga,1,1391,2024-06-04 14:30:00,1,1,0.5652957558631897
rf,ga,1,1392,2024-06-04 14:30:00,1,1,0.6513715982437134
rf,ga,1,1393,2024-06-04 14:35:00,1,1,0.7531073689460754
rf,ga,1,1394,2024-06-04 14:35:00,1,1,0.6832615733146667
rf,ga,1,1395,2024-06-04 14:40:00,1,1,0.6567187905311584
rf,ga,1,1396,2024-06-04 14:40:00,1,1,0.6516993641853333
rf,ga,1,1397,2024-06-04 14:45:00,1,1,0.8914379477500916
rf,ga,1,1398,2024-06-04 14:45:00,1,1,0.812325656414032
rf,ga,1,1399,2024-06-04 14:50:00,1,1,0.6956014633178711
rf,ga,1,1400,2024-06-04 14:50:00,1,1,0.6737275123596191
rf,ga,1,1401,2024-06-04 14:55:00,1,1,0.6431633830070496
rf,ga,1,1402,2024-06-04 14:55:00,1,1,0.5422528386116028
rf,ga,1,1403,2024-06-04 15:00:00,1,1,0.544865608215332
rf,ga,1,1404,2024-06-04 15:00:00,1,1,0.7569714784622192
rf,ga,1,1405,2024-06-04 15:05:00,1,1,0.5037740468978882
rf,ga,1,1406,2024-06-04 15:05:00,1,0,0.4950949251651764
rf,ga,1,1407,2024-06-04 15:10:00,1,0,0.37889936566352844
rf,ga,1,1408,2024-06-04 15:10:00,1,0,0.3085198700428009
rf,ga,1,1409,2024-06-04 15:15:00,1,1,0.572439432144165
rf,ga,1,1410,2024-06-04 15:15:00,1,1,0.7569001317024231
rf,ga,1,1411,2024-06-04 15:20:00,1,1,0.6949170231819153
rf,ga,1,1412,2024-06-04 15:20:00,1,1,0.7192420363426208
rf,ga,1,1413,2024-06-04 15:25:00,1,1,0.7875892519950867
rf,ga,1,1414,2024-06-04 15:25:00,1,1,0.5650670528411865
rf,ga,1,1415,2024-06-04 15:30:00,1,1,0.7819095253944397
rf,ga,1,1416,2024-06-04 15:30:00,1,1,0.7950376272201538
rf,ga,1,1417,2024-06-04 15:35:00,1,1,0.6669468879699707
rf,ga,1,1418,2024-06-04 15:35:00,1,1,0.6639965176582336
rf,ga,1,1419,2024-06-04 15:40:00,1,0,0.2578468322753906
rf,ga,1,1420,2024-06-04 15:40:00,1,0,0.1776220202445984
rf,ga,1,1421,2024-06-04 15:45:00,1,1,0.5913317203521729
rf,ga,1,1422,2024-06-04 15:45:00,1,1,0.5405365824699402
rf,ga,1,1423,2024-06-04 15:50:00,1,0,0.37820950150489807
rf,ga,1,1424,2024-06-04 15:50:00,1,1,0.5918833017349243
rf,ga,1,1425,2024-06-04 15:55:00,1,0,0.3677046298980713
rf,ga,1,1426,2024-06-04 15:55:00,1,0,0.49113112688064575
rf,ga,1,1427,2024-06-04 16:00:00,1,0,0.3001539409160614
rf,ga,1,1428,2024-06-04 16:00:00,1,0,0.15473537147045135
rf,ga,1,1429,2024-06-04 16:05:00,1,0,0.49908268451690674
rf,ga,1,1430,2024-06-04 16:05:00,1,0,0.2828286588191986
rf,ga,1,1431,2024-06-04 16:10:00,1,0,0.3855040967464447
rf,ga,1,1432,2024-06-04 16:10:00,1,0,0.45043227076530457
rf,ga,1,1433,2024-06-04 16:15:00,1,1,0.7545876502990723
rf,ga,1,1434,2024-06-04 16:15:00,1,1,0.6430469751358032
rf,ga,1,1435,2024-06-04 16:20:00,1,1,0.6831388473510742
rf,ga,1,1436,2024-06-04 16:20:00,1,1,0.5871527194976807
rf,ga,1,1437,2024-06-04 16:25:00,1,1,0.773252546787262
rf,ga,1,1438,2024-06-04 16:25:00,1,1,0.6522659063339233
rf,ga,1,1439,2024-06-04 16:30:00,1,1,0.5371522307395935
rf,ga,1,1440,2024-06-04 16:30:00,1,1,0.6978799700737
rf,ga,1,1441,2024-06-04 16:35:00,1,1,0.5657768249511719
rf,ga,1,1442,2024-06-04 16:35:00,1,0,0.4349905550479889
rf,ga,1,1443,2024-06-04 16:40:00,1,1,0.6922295093536377
rf,ga,1,1444,2024-06-04 16:40:00,1,1,0.6781620383262634
rf,ga,1,1445,2024-06-04 16:45:00,1,1,0.5295660495758057
rf,ga,1,1446,2024-06-04 16:45:00,1,0,0.411479115486145
rf,ga,1,1447,2024-06-04 16:50:00,1,1,0.7597489953041077
rf,ga,1,1448,2024-06-04 16:50:00,1,1,0.6643344759941101
rf,ga,1,1449,2024-06-04 16:55:00,0,1,0.7013306617736816
rf,ga,1,1450,2024-06-04 16:55:00,0,1,0.6817900538444519
rf,ga,1,1451,2024-06-04 17:00:00,0,1,0.6809290647506714
rf,ga,1,1452,2024-06-04 17:00:00,0,1,0.5924181938171387
rf,ga,1,1453,2024-06-04 17:05:00,0,1,0.5506501793861389
rf,ga,1,1454,2024-06-04 17:05:00,0,1,0.5329853892326355
rf,ga,1,1455,2024-06-04 17:10:00,0,0,0.39715293049812317
rf,ga,1,1456,2024-06-04 17:10:00,0,0,0.2820749282836914
rf,ga,1,1457,2024-06-04 17:15:00,0,0,0.2965235710144043
rf,ga,1,1458,2024-06-04 17:15:00,0,0,0.4156787395477295
rf,ga,1,1459,2024-06-04 17:20:00,0,0,0.40318191051483154
rf,ga,1,1460,2024-06-04 17:20:00,0,0,0.2614564895629883
rf,ga,1,1461,2024-06-04 17:25:00,0,0,0.33283036947250366
rf,ga,1,1462,2024-06-04 17:25:00,0,0,0.26930853724479675
rf,ga,1,1463,2024-06-04 17:30:00,0,1,0.7758432030677795
rf,ga,1,1464,2024-06-04 17:30:00,0,1,0.5677454471588135
rf,ga,1,1465,2024-06-04 17:35:00,0,1,0.6113569140434265
rf,ga,1,1466,2024-06-04 17:35:00,0,0,0.437722772359848
rf,ga,1,1467,2024-06-04 17:40:00,0,1,0.7106754779815674
rf,ga,1,1468,2024-06-04 17:40:00,0,1,0.5302764177322388
rf,ga,1,1469,2024-06-04 17:45:00,0,1,0.71815425157547
rf,ga,1,1470,2024-06-04 17:45:00,0,0,0.3799486756324768
rf,ga,1,1471,2024-06-04 17:50:00,0,0,0.4925386905670166
rf,ga,1,1472,2024-06-04 17:50:00,0,1,0.5363874435424805
rf,ga,1,1473,2024-06-04 17:55:00,0,1,0.8951380252838135
rf,ga,1,1474,2024-06-04 17:55:00,0,1,0.7633390426635742
rf,ga,1,1475,2024-06-05 11:10:00,1,0,0.11147087067365646
rf,ga,1,1476,2024-06-05 11:10:00,1,0,0.20758546888828278
rf,ga,1,1477,2024-06-05 11:15:00,1,0,0.3034140467643738
rf,ga,1,1478,2024-06-05 11:15:00,1,0,0.1892355978488922
rf,ga,1,1479,2024-06-05 11:20:00,1,1,0.6477044224739075
rf,ga,1,1480,2024-06-05 11:20:00,1,1,0.7210004329681396
rf,ga,1,1481,2024-06-05 11:25:00,1,1,0.6400735378265381
rf,ga,1,1482,2024-06-05 11:25:00,1,1,0.5591925978660583
rf,ga,1,1483,2024-06-05 11:30:00,1,1,0.8019024133682251
rf,ga,1,1484,2024-06-05 11:30:00,1,1,0.7798768877983093
rf,ga,1,1485,2024-06-05 11:35:00,1,1,0.8476688265800476
rf,ga,1,1486,2024-06-05 11:35:00,1,1,0.8964518308639526
rf,ga,1,1487,2024-06-05 11:40:00,1,1,0.787880003452301
rf,ga,1,1488,2024-06-05 11:40:00,0,1,0.6909882426261902
rf,ga,1,1489,2024-06-05 11:45:00,0,0,0.4735085368156433
rf,ga,1,1490,2024-06-05 11:45:00,1,0,0.4989495277404785
rf,ga,1,1491,2024-06-05 11:50:00,1,1,0.586227536201477
rf,ga,1,1492,2024-06-05 11:50:00,0,0,0.4025251269340515
rf,ga,1,1493,2024-06-05 11:55:00,1,0,0.4657469689846039
rf,ga,1,1494,2024-06-05 11:55:00,0,0,0.38293150067329407
rf,ga,1,1495,2024-06-05 12:00:00,1,1,0.5072656869888306
rf,ga,1,1496,2024-06-05 12:00:00,0,1,0.6769720315933228
rf,ga,1,1497,2024-06-05 12:05:00,0,0,0.385976105928421
rf,ga,1,1498,2024-06-05 12:05:00,1,0,0.3466864228248596
rf,ga,1,1499,2024-06-05 12:10:00,1,0,0.334029883146286
rf,ga,1,1500,2024-06-05 12:10:00,0,0,0.1617492139339447
rf,ga,1,1501,2024-06-05 12:15:00,0,1,0.7488356828689575
rf,ga,1,1502,2024-06-05 12:15:00,1,1,0.6957484483718872
rf,ga,1,1503,2024-06-05 12:20:00,0,1,0.7679938673973083
rf,ga,1,1504,2024-06-05 12:20:00,1,1,0.6979550123214722
rf,ga,1,1505,2024-06-05 12:25:00,0,1,0.5339505672454834
rf,ga,1,1506,2024-06-05 12:25:00,0,1,0.7785145044326782
rf,ga,1,1507,2024-06-05 12:30:00,0,1,0.7945324182510376
rf,ga,1,1508,2024-06-05 12:30:00,0,1,0.8152332901954651
rf,ga,1,1509,2024-06-05 12:35:00,0,1,0.5066695213317871
rf,ga,1,1510,2024-06-05 12:35:00,0,1,0.6267467737197876
rf,ga,1,1511,2024-06-05 12:40:00,0,1,0.5301169753074646
rf,ga,1,1512,2024-06-05 12:40:00,0,1,0.617434024810791
rf,ga,1,1513,2024-06-05 12:45:00,0,0,0.15350177884101868
rf,ga,1,1514,2024-06-05 12:45:00,0,0,0.3770003914833069
rf,ga,1,1515,2024-06-05 12:50:00,0,0,0.16755329072475433
rf,ga,1,1516,2024-06-05 12:50:00,0,1,0.5170078873634338
rf,ga,1,1517,2024-06-05 12:55:00,0,0,0.28805220127105713
rf,ga,1,1518,2024-06-05 12:55:00,0,0,0.39847269654273987
rf,ga,1,1519,2024-06-05 13:00:00,0,1,0.5062751770019531
rf,ga,1,1520,2024-06-05 13:00:00,0,0,0.15578876435756683
rf,ga,1,1521,2024-06-05 13:05:00,0,0,0.4479399621486664
rf,ga,1,1522,2024-06-05 13:05:00,0,0,0.3597385287284851
rf,ga,1,1523,2024-06-05 13:10:00,0,0,0.15152768790721893
rf,ga,1,1524,2024-06-05 13:10:00,0,0,0.3359980285167694
rf,ga,1,1525,2024-06-05 13:15:00,0,0,0.27309897541999817
rf,ga,1,1526,2024-06-05 13:15:00,0,0,0.4455491602420807
rf,ga,1,1527,2024-06-05 13:20:00,0,0,0.3142416179180145
rf,ga,1,1528,2024-06-05 13:20:00,0,0,0.28297552466392517
rf,ga,1,1529,2024-06-05 13:25:00,0,0,0.3390224874019623
rf,ga,1,1530,2024-06-05 13:25:00,0,0,0.24457332491874695
rf,ga,1,1531,2024-06-05 13:30:00,0,0,0.43180274963378906
rf,ga,1,1532,2024-06-05 13:30:00,0,1,0.585427463054657
rf,ga,1,1533,2024-06-05 13:35:00,0,0,0.4638058841228485
rf,ga,1,1534,2024-06-05 13:35:00,0,0,0.3255155086517334
rf,ga,1,1535,2024-06-05 13:40:00,0,0,0.23716843128204346
rf,ga,1,1536,2024-06-05 13:40:00,0,0,0.32185015082359314
rf,ga,1,1537,2024-06-05 13:45:00,0,0,0.2651037573814392
rf,ga,1,1538,2024-06-05 13:45:00,0,0,0.1765957474708557
rf,ga,1,1539,2024-06-05 13:50:00,0,0,0.43943944573402405
rf,ga,1,1540,2024-06-05 13:50:00,0,1,0.8929272294044495
rf,ga,1,1541,2024-06-05 13:55:00,0,1,0.6102549433708191
rf,ga,1,1542,2024-06-05 13:55:00,0,1,0.6101643443107605
rf,ga,1,1543,2024-06-05 14:00:00,0,0,0.41840651631355286
rf,ga,1,1544,2024-06-05 14:00:00,0,1,0.5951461791992188
rf,ga,1,1545,2024-06-05 14:05:00,0,0,0.49982643127441406
rf,ga,1,1546,2024-06-05 14:05:00,0,0,0.4602108895778656
rf,ga,1,1547,2024-06-05 14:10:00,0,0,0.36738255620002747
rf,ga,1,1548,2024-06-05 14:10:00,0,0,0.4140857756137848
rf,ga,1,1549,2024-06-05 14:15:00,0,0,0.4680821895599365
rf,ga,1,1550,2024-06-05 14:15:00,0,0,0.33834511041641235
rf,ga,1,1551,2024-06-05 14:20:00,0,0,0.49187225103378296
rf,ga,1,1552,2024-06-05 14:20:00,0,1,0.5787248015403748
rf,ga,1,1553,2024-06-05 14:25:00,0,1,0.7612941265106201
rf,ga,1,1554,2024-06-05 14:25:00,0,1,0.7342026829719543
rf,ga,1,1555,2024-06-05 14:30:00,0,1,0.7081690430641174
rf,ga,1,1556,2024-06-05 14:30:00,0,1,0.7461652159690857
rf,ga,1,1557,2024-06-05 14:35:00,0,1,0.7855389714241028
rf,ga,1,1558,2024-06-05 14:35:00,0,1,0.5949352979660034
rf,ga,1,1559,2024-06-05 14:40:00,0,1,0.6771501898765564
rf,ga,1,1560,2024-06-05 14:40:00,0,1,0.8366573452949524
rf,ga,1,1561,2024-06-05 14:45:00,0,1,0.5087838768959045
rf,ga,1,1562,2024-06-05 14:45:00,0,1,0.5784165263175964
rf,ga,1,1563,2024-06-05 14:50:00,0,0,0.33452263474464417
rf,ga,1,1564,2024-06-05 14:50:00,0,0,0.2867698073387146
rf,ga,1,1565,2024-06-05 14:55:00,0,1,0.5546020269393921
rf,ga,1,1566,2024-06-05 14:55:00,0,0,0.36870077252388
rf,ga,1,1567,2024-06-05 15:00:00,0,0,0.3020719289779663
rf,ga,1,1568,2024-06-05 15:00:00,0,0,0.4182717204093933
rf,ga,1,1569,2024-06-05 15:05:00,0,0,0.30107381939888
rf,ga,1,1570,2024-06-05 15:05:00,0,0,0.3995693325996399
rf,ga,1,1571,2024-06-05 15:10:00,0,0,0.09013587236404419
rf,ga,1,1572,2024-06-05 15:10:00,0,0,0.1738046556711197
rf,ga,1,1573,2024-06-05 15:15:00,0,0,0.19203513860702515
rf,ga,1,1574,2024-06-05 15:15:00,0,0,0.29791325330734253
rf,ga,1,1575,2024-06-05 15:20:00,0,0,0.4057738780975342
rf,ga,1,1576,2024-06-05 15:20:00,0,0,0.3775610625743866
rf,ga,1,1577,2024-06-05 15:25:00,0,0,0.33895614743232727
rf,ga,1,1578,2024-06-05 15:25:00,0,0,0.10845892131328583
rf,ga,1,1579,2024-06-05 15:30:00,0,1,0.6053274273872375
rf,ga,1,1580,2024-06-05 15:30:00,0,1,0.5586559772491455
rf,ga,1,1581,2024-06-05 15:35:00,1,0,0.2168400138616562
rf,ga,1,1582,2024-06-05 15:35:00,0,0,0.3289218842983246
rf,ga,1,1583,2024-06-05 15:40:00,0,1,0.6231197714805603
rf,ga,1,1584,2024-06-05 15:40:00,1,0,0.42781251668930054
rf,ga,1,1585,2024-06-05 15:45:00,1,0,0.3964390456676483
rf,ga,1,1586,2024-06-05 15:45:00,0,0,0.39000970125198364
rf,ga,1,1587,2024-06-05 15:50:00,1,1,0.5540602207183838
rf,ga,1,1588,2024-06-05 15:50:00,0,1,0.520901620388031
rf,ga,1,1589,2024-06-05 15:55:00,1,1,0.5452626347541809
rf,ga,1,1590,2024-06-05 15:55:00,0,1,0.6612338423728943
rf,ga,1,1591,2024-06-05 16:00:00,0,1,0.7019269466400146
rf,ga,1,1592,2024-06-05 16:00:00,1,1,0.694691002368927
rf,ga,1,1593,2024-06-05 16:05:00,0,1,0.6615180373191833
rf,ga,1,1594,2024-06-05 16:05:00,1,1,0.7479321360588074
rf,ga,1,1595,2024-06-05 16:10:00,1,1,0.5262266397476196
rf,ga,1,1596,2024-06-05 16:10:00,1,0,0.34406664967536926
rf,ga,1,1597,2024-06-05 16:15:00,1,1,0.513331413269043
rf,ga,1,1598,2024-06-05 16:15:00,1,1,0.57045578956604
rf,ga,1,1599,2024-06-05 16:20:00,1,1,0.6661663055419922
rf,ga,1,1600,2024-06-05 16:20:00,1,1,0.5431070327758789
rf,ga,1,1601,2024-06-05 16:25:00,1,1,0.6818158030509949
rf,ga,1,1602,2024-06-05 16:25:00,1,1,0.5937029719352722
rf,ga,1,1603,2024-06-05 16:30:00,1,0,0.3475331664085388
rf,ga,1,1604,2024-06-05 16:30:00,1,1,0.6270909309387207
rf,ga,1,1605,2024-06-05 16:35:00,1,1,0.6790992021560669
rf,ga,1,1606,2024-06-05 16:35:00,1,1,0.633090078830719
rf,ga,1,1607,2024-06-05 16:40:00,1,1,0.5594013929367065
rf,ga,1,1608,2024-06-05 16:40:00,1,0,0.38886892795562744
rf,ga,1,1609,2024-06-05 16:45:00,1,1,0.6382724046707153
rf,ga,1,1610,2024-06-05 16:45:00,1,1,0.5402094125747681
rf,ga,1,1611,2024-06-05 16:50:00,1,1,0.7049257159233093
rf,ga,1,1612,2024-06-05 16:50:00,1,1,0.6606890559196472
rf,ga,1,1613,2024-06-05 16:55:00,0,1,0.6883686780929565
rf,ga,1,1614,2024-06-05 16:55:00,1,1,0.7492114901542664
rf,ga,1,1615,2024-06-05 17:00:00,1,1,0.6106160879135132
rf,ga,1,1616,2024-06-05 17:00:00,0,1,0.5817931294441223
rf,ga,1,1617,2024-06-05 17:05:00,0,0,0.4079633355140686
rf,ga,1,1618,2024-06-05 17:05:00,0,0,0.2547548711299896
rf,ga,1,1619,2024-06-05 17:10:00,1,0,0.3517014980316162
rf,ga,1,1620,2024-06-05 17:10:00,1,1,0.5097591876983643
rf,ga,1,1621,2024-06-05 17:15:00,1,1,0.6600015163421631
rf,ga,1,1622,2024-06-05 17:15:00,1,1,0.7619042992591858
rf,ga,1,1623,2024-06-05 17:20:00,1,0,0.4568116068840027
rf,ga,1,1624,2024-06-05 17:20:00,1,0,0.3561986982822418
rf,ga,1,1625,2024-06-05 17:25:00,1,1,0.5506396293640137
rf,ga,1,1626,2024-06-05 17:30:00,1,0,0.4885251820087433
rf,ga,1,1627,2024-06-05 17:30:00,1,0,0.46020862460136414
rf,ga,1,1628,2024-06-05 17:35:00,1,0,0.3018718659877777
rf,ga,1,1629,2024-06-05 17:35:00,1,1,0.6988959312438965
rf,ga,1,1630,2024-06-05 17:40:00,1,0,0.485421746969223
rf,ga,1,1631,2024-06-05 17:40:00,1,0,0.2853398621082306
rf,ga,1,1632,2024-06-05 17:45:00,1,1,0.6956682801246643
rf,ga,1,1633,2024-06-05 17:45:00,1,0,0.4138679504394531
rf,ga,1,1634,2024-06-05 17:50:00,1,1,0.5183407068252563
rf,ga,1,1635,2024-06-05 17:50:00,1,1,0.6343780159950256
rf,ga,1,1636,2024-06-05 17:55:00,1,1,0.5211982727050781
rf,ga,1,1637,2024-06-05 17:55:00,1,1,0.7163486480712891
rf,ga,1,1638,2024-06-06 12:40:00,0,1,0.8060882091522217
rf,ga,1,1639,2024-06-06 12:40:00,0,1,0.9316710829734802
rf,ga,1,1640,2024-06-06 12:45:00,0,0,0.2912037968635559
rf,ga,1,1641,2024-06-06 12:45:00,0,0,0.4533638656139374
rf,ga,1,1642,2024-06-06 12:50:00,0,1,0.6666871309280396
rf,ga,1,1643,2024-06-06 12:50:00,0,1,0.6097827553749084
rf,ga,1,1644,2024-06-06 12:55:00,0,1,0.537102222442627
rf,ga,1,1645,2024-06-06 12:55:00,0,1,0.6284940838813782
rf,ga,1,1646,2024-06-06 13:00:00,0,1,0.5011841058731079
rf,ga,1,1647,2024-06-06 13:00:00,0,0,0.4658851623535156
rf,ga,1,1648,2024-06-06 13:05:00,0,0,0.2667289674282074
rf,ga,1,1649,2024-06-06 13:05:00,0,0,0.3165987432003021
rf,ga,1,1650,2024-06-06 13:10:00,0,0,0.381011962890625
rf,ga,1,1651,2024-06-06 13:10:00,0,0,0.343332439661026
rf,ga,1,1652,2024-06-06 13:15:00,0,0,0.35013148188591003
rf,ga,1,1653,2024-06-06 13:15:00,0,0,0.4907837510108948
rf,ga,1,1654,2024-06-06 13:20:00,0,0,0.3627668023109436
rf,ga,1,1655,2024-06-06 13:20:00,0,0,0.4130069315433502
rf,ga,1,1656,2024-06-06 13:25:00,0,0,0.4872550070285797
rf,ga,1,1657,2024-06-06 13:25:00,0,0,0.457528680562973
rf,ga,1,1658,2024-06-06 13:30:00,0,0,0.281512051820755
rf,ga,1,1659,2024-06-06 13:30:00,0,0,0.2765662968158722
rf,ga,1,1660,2024-06-06 13:35:00,0,0,0.19115780293941498
rf,ga,1,1661,2024-06-06 13:35:00,0,0,0.31468212604522705
rf,ga,1,1662,2024-06-06 13:40:00,1,0,0.2593061625957489
rf,ga,1,1663,2024-06-06 13:40:00,0,0,0.14759118854999542
rf,ga,1,1664,2024-06-06 13:45:00,1,0,0.2000444233417511
rf,ga,1,1665,2024-06-06 13:45:00,1,0,0.2964775264263153
rf,ga,1,1666,2024-06-06 13:50:00,1,0,0.38486579060554504
rf,ga,1,1667,2024-06-06 13:50:00,1,1,0.5035661458969116
rf,ga,1,1668,2024-06-06 13:55:00,1,0,0.4409773647785187
rf,ga,1,1669,2024-06-06 13:55:00,1,0,0.43688324093818665
rf,ga,1,1670,2024-06-06 14:00:00,1,1,0.6656111478805542
rf,ga,1,1671,2024-06-06 14:00:00,1,1,0.650416910648346
rf,ga,1,1672,2024-06-06 14:05:00,1,1,0.6327973008155823
rf,ga,1,1673,2024-06-06 14:05:00,1,1,0.6090220808982849
rf,ga,1,1674,2024-06-06 14:10:00,1,1,0.6609717607498169
rf,ga,1,1675,2024-06-06 14:10:00,1,0,0.4155871868133545
rf,ga,1,1676,2024-06-06 14:15:00,1,1,0.6731441617012024
rf,ga,1,1677,2024-06-06 14:15:00,1,1,0.7507826685905457
rf,ga,1,1678,2024-06-06 14:20:00,1,1,0.732410192489624
rf,ga,1,1679,2024-06-06 14:20:00,1,1,0.8043402433395386
rf,ga,1,1680,2024-06-06 14:25:00,1,1,0.7578590512275696
rf,ga,1,1681,2024-06-06 14:25:00,1,1,0.6298441290855408
rf,ga,1,1682,2024-06-06 14:30:00,1,1,0.8905280828475952
rf,ga,1,1683,2024-06-06 14:30:00,1,1,0.7934203147888184
rf,ga,1,1684,2024-06-06 14:35:00,1,1,0.7673421502113342
rf,ga,1,1685,2024-06-06 14:35:00,1,1,0.8054347038269043
rf,ga,1,1686,2024-06-06 14:40:00,1,1,0.899501383304596
rf,ga,1,1687,2024-06-06 14:40:00,0,1,0.6876624822616577
rf,ga,1,1688,2024-06-06 14:45:00,0,0,0.26579946279525757
rf,ga,1,1689,2024-06-06 14:45:00,1,0,0.2531471252441406
rf,ga,1,1690,2024-06-06 14:50:00,0,0,0.2242100089788437
rf,ga,1,1691,2024-06-06 14:50:00,1,0,0.20314596593379974
rf,ga,1,1692,2024-06-06 14:55:00,0,0,0.16825982928276062
rf,ga,1,1693,2024-06-06 14:55:00,1,0,0.16644985973834991
rf,ga,1,1694,2024-06-06 15:00:00,1,0,0.29410284757614136
rf,ga,1,1695,2024-06-06 15:00:00,0,0,0.37522491812705994
rf,ga,1,1696,2024-06-06 15:05:00,1,0,0.08317391574382782
rf,ga,1,1697,2024-06-06 15:05:00,1,0,0.2583422362804413
rf,ga,1,1698,2024-06-06 15:10:00,1,0,0.04743172973394394
rf,ga,1,1699,2024-06-06 15:10:00,1,0,0.0763903260231018
rf,ga,1,1700,2024-06-06 15:15:00,1,1,0.5031751990318298
rf,ga,1,1701,2024-06-06 15:15:00,1,0,0.3825896084308624
rf,ga,1,1702,2024-06-06 15:20:00,1,1,0.6708096265792847
rf,ga,1,1703,2024-06-06 15:20:00,1,0,0.37744206190109253
rf,ga,1,1704,2024-06-06 15:25:00,1,1,0.5212612152099609
rf,ga,1,1705,2024-06-06 15:25:00,1,1,0.5810567140579224
rf,ga,1,1706,2024-06-06 15:30:00,1,1,0.7017250657081604
rf,ga,1,1707,2024-06-06 15:30:00,1,1,0.7015499472618103
rf,ga,1,1708,2024-06-06 15:35:00,1,1,0.5329293608665466
rf,ga,1,1709,2024-06-06 15:35:00,1,1,0.7787482142448425
rf,ga,1,1710,2024-06-06 15:40:00,1,1,0.6489955186843872
rf,ga,1,1711,2024-06-06 15:40:00,1,1,0.6962411403656006
rf,ga,1,1712,2024-06-06 15:45:00,1,1,0.6394208669662476
rf,ga,1,1713,2024-06-06 15:45:00,1,1,0.84624844789505
rf,ga,1,1714,2024-06-06 15:50:00,1,1,0.556747317314148
rf,ga,1,1715,2024-06-06 15:50:00,1,1,0.7073050141334534
rf,ga,1,1716,2024-06-06 15:55:00,1,0,0.3177127242088318
rf,ga,1,1717,2024-06-06 15:55:00,1,0,0.43780070543289185
rf,ga,1,1718,2024-06-06 16:00:00,1,0,0.25794148445129395
rf,ga,1,1719,2024-06-06 16:00:00,1,0,0.28959646821022034
rf,ga,1,1720,2024-06-06 16:05:00,1,0,0.1985832005739212
rf,ga,1,1721,2024-06-06 16:05:00,1,0,0.2763846814632416
rf,ga,1,1722,2024-06-06 16:10:00,1,0,0.25096702575683594
rf,ga,1,1723,2024-06-06 16:10:00,1,0,0.26701265573501587
rf,ga,1,1724,2024-06-06 16:15:00,1,0,0.36948326230049133
rf,ga,1,1725,2024-06-06 16:15:00,1,0,0.3704424500465393
rf,ga,1,1726,2024-06-06 16:20:00,1,0,0.45948338508605957
rf,ga,1,1727,2024-06-06 16:20:00,1,0,0.32623714208602905
rf,ga,1,1728,2024-06-06 16:25:00,1,0,0.1784197837114334
rf,ga,1,1729,2024-06-06 16:25:00,1,0,0.24279731512069702
rf,ga,1,1730,2024-06-06 16:30:00,1,0,0.32148194313049316
rf,ga,1,1731,2024-06-06 16:30:00,1,0,0.3046340048313141
rf,ga,1,1732,2024-06-06 16:35:00,1,1,0.5164790153503418
rf,ga,1,1733,2024-06-06 16:35:00,1,1,0.5062044858932495
rf,ga,1,1734,2024-06-06 16:40:00,1,1,0.6513221859931946
rf,ga,1,1735,2024-06-06 16:40:00,1,1,0.7233173251152039
rf,ga,1,1736,2024-06-06 16:45:00,1,1,0.6909012198448181
rf,ga,1,1737,2024-06-06 16:45:00,1,1,0.7448064684867859
rf,ga,1,1738,2024-06-06 16:50:00,1,1,0.8777193427085876
rf,ga,1,1739,2024-06-06 16:50:00,1,1,0.7278979420661926
rf,ga,1,1740,2024-06-06 16:55:00,0,1,0.8989989757537842
rf,ga,1,1741,2024-06-06 16:55:00,0,1,0.9233888387680054
rf,ga,1,1742,2024-06-06 17:00:00,0,1,0.7692944407463074
rf,ga,1,1743,2024-06-06 17:00:00,0,1,0.7029134035110474
rf,ga,1,1744,2024-06-06 17:05:00,0,0,0.43681272864341736
rf,ga,1,1745,2024-06-06 17:05:00,0,0,0.4552519619464874
rf,ga,1,1746,2024-06-06 17:10:00,0,0,0.3748631775379181
rf,ga,1,1747,2024-06-06 17:10:00,0,0,0.48451918363571167
rf,ga,1,1748,2024-06-06 17:15:00,0,1,0.5100290775299072
rf,ga,1,1749,2024-06-06 17:15:00,0,1,0.6589529514312744
rf,ga,1,1750,2024-06-06 17:20:00,0,1,0.6073506474494934
rf,ga,1,1751,2024-06-06 17:20:00,0,1,0.6071881651878357
rf,ga,1,1752,2024-06-06 17:25:00,0,1,0.5086315870285034
rf,ga,1,1753,2024-06-06 17:25:00,0,1,0.500639021396637
rf,ga,1,1754,2024-06-06 17:30:00,0,1,0.678390622138977
rf,ga,1,1755,2024-06-06 17:30:00,0,1,0.701616644859314
rf,ga,1,1756,2024-06-06 17:35:00,0,1,0.5945597290992737
rf,ga,1,1757,2024-06-06 17:35:00,0,1,0.6280466914176941
rf,ga,1,1758,2024-06-06 17:40:00,0,0,0.4020947217941284
rf,ga,1,1759,2024-06-06 17:40:00,0,0,0.43756183981895447
rf,ga,1,1760,2024-06-06 17:45:00,0,1,0.5094033479690552
rf,ga,1,1761,2024-06-06 17:45:00,0,0,0.4040171205997467
rf,ga,1,1762,2024-06-06 17:50:00,0,1,0.5062686204910278
rf,ga,1,1763,2024-06-06 17:50:00,0,1,0.594706118106842
rf,ga,1,1764,2024-06-06 17:55:00,0,0,0.3516978919506073
rf,ga,1,1765,2024-06-06 17:55:00,1,1,0.6563571691513062
rf,ga,1,1766,2024-06-07 17:10:00,1,1,0.7209041118621826
rf,ga,1,1767,2024-06-07 17:15:00,1,0,0.38239458203315735
rf,ga,1,1768,2024-06-07 17:20:00,1,1,0.7038373947143555
rf,ga,1,1769,2024-06-07 17:25:00,1,1,0.8526492714881897
rf,ga,1,1770,2024-06-07 17:30:00,1,0,0.42062368988990784
rf,ga,1,1771,2024-06-07 17:35:00,1,1,0.8278376460075378
rf,ga,1,1772,2024-06-07 17:40:00,1,1,0.6744486093521118
rf,ga,1,1773,2024-06-07 17:45:00,1,0,0.271360844373703
rf,ga,1,1774,2024-06-07 17:50:00,1,0,0.3996034860610962
rf,ga,1,1775,2024-06-07 17:55:00,1,1,0.5626604557037354
rf,ga,1,1776,2024-06-10 10:40:00,1,1,0.5507116913795471
rf,ga,1,1777,2024-06-10 10:45:00,1,1,0.7904016971588135
rf,ga,1,1778,2024-06-10 10:50:00,1,0,0.43087589740753174
rf,ga,1,1779,2024-06-10 10:55:00,1,1,0.6737097501754761
rf,ga,1,1780,2024-06-10 11:00:00,1,0,0.28288277983665466
rf,ga,1,1781,2024-06-10 11:05:00,1,0,0.37031278014183044
rf,ga,1,1782,2024-06-10 11:10:00,1,1,0.5352703332901001
rf,ga,1,1783,2024-06-10 11:15:00,1,1,0.7835298180580139
rf,ga,1,1784,2024-06-10 11:20:00,1,1,0.8080207109451294
rf,ga,1,1785,2024-06-10 11:25:00,1,1,0.8090766668319702
rf,ga,1,1786,2024-06-10 11:30:00,1,1,0.6403047442436218
rf,ga,1,1787,2024-06-10 11:35:00,1,0,0.4281384348869324
rf,ga,1,1788,2024-06-10 11:40:00,1,1,0.630879282951355
rf,ga,1,1789,2024-06-10 11:45:00,1,1,0.552070677280426
rf,ga,1,1790,2024-06-10 11:50:00,0,1,0.5779149532318115
rf,ga,1,1791,2024-06-10 11:50:00,0,1,0.6556472182273865
rf,ga,1,1792,2024-06-10 11:55:00,0,1,0.5718649625778198
rf,ga,1,1793,2024-06-10 11:55:00,0,1,0.5255157947540283
rf,ga,1,1794,2024-06-10 12:00:00,0,0,0.18231986463069916
rf,ga,1,1795,2024-06-10 12:00:00,0,0,0.17833629250526428
rf,ga,1,1796,2024-06-10 12:05:00,0,0,0.4607313573360443
rf,ga,1,1797,2024-06-10 12:05:00,0,0,0.25677359104156494
rf,ga,1,1798,2024-06-10 12:10:00,0,0,0.2587963342666626
rf,ga,1,1799,2024-06-10 12:10:00,0,0,0.4077150821685791
rf,ga,1,1800,2024-06-10 12:15:00,0,1,0.5941358208656311
rf,ga,1,1801,2024-06-10 12:15:00,0,1,0.5861666202545166
rf,ga,1,1802,2024-06-10 12:20:00,0,0,0.4688667953014374
rf,ga,1,1803,2024-06-10 12:20:00,0,0,0.44960078597068787
rf,ga,1,1804,2024-06-10 12:25:00,0,0,0.4329509437084198
rf,ga,1,1805,2024-06-10 12:25:00,0,0,0.47223836183547974
rf,ga,1,1806,2024-06-10 12:30:00,0,0,0.4012323319911957
rf,ga,1,1807,2024-06-10 12:30:00,0,0,0.3834979236125946
rf,ga,1,1808,2024-06-10 12:35:00,0,1,0.5892463326454163
rf,ga,1,1809,2024-06-10 12:35:00,0,0,0.4849843382835388
rf,ga,1,1810,2024-06-10 12:40:00,0,0,0.3877623379230499
rf,ga,1,1811,2024-06-10 12:40:00,0,0,0.458711713552475
rf,ga,1,1812,2024-06-10 12:45:00,0,1,0.5111124515533447
rf,ga,1,1813,2024-06-10 12:45:00,0,0,0.3653377592563629
rf,ga,1,1814,2024-06-10 12:50:00,1,0,0.34284788370132446
rf,ga,1,1815,2024-06-10 12:50:00,0,0,0.3497190475463867
rf,ga,1,1816,2024-06-10 12:55:00,1,1,0.6063165664672852
rf,ga,1,1817,2024-06-10 12:55:00,0,1,0.7853866219520569
rf,ga,1,1818,2024-06-10 13:00:00,1,1,0.7684449553489685
rf,ga,1,1819,2024-06-10 13:00:00,0,1,0.5400933623313904
rf,ga,1,1820,2024-06-10 13:05:00,1,1,0.642539918422699
rf,ga,1,1821,2024-06-10 13:05:00,0,1,0.6187527179718018
rf,ga,1,1822,2024-06-10 13:10:00,0,1,0.8801906704902649
rf,ga,1,1823,2024-06-10 13:10:00,0,1,0.745941162109375
rf,ga,1,1824,2024-06-10 13:15:00,0,1,0.7398747205734253
rf,ga,1,1825,2024-06-10 13:15:00,0,1,0.7855157852172852
rf,ga,1,1826,2024-06-10 13:20:00,0,1,0.740343451499939
rf,ga,1,1827,2024-06-10 13:20:00,0,1,0.7623128294944763
rf,ga,1,1828,2024-06-10 13:25:00,0,1,0.504051148891449
rf,ga,1,1829,2024-06-10 13:25:00,0,0,0.4564515948295593
rf,ga,1,1830,2024-06-10 13:30:00,0,0,0.4119408130645752
rf,ga,1,1831,2024-06-10 13:30:00,0,0,0.4356786012649536
rf,ga,1,1832,2024-06-10 13:35:00,0,0,0.28348445892333984
rf,ga,1,1833,2024-06-10 13:35:00,0,0,0.29312390089035034
rf,ga,1,1834,2024-06-10 13:40:00,0,0,0.4962456226348877
rf,ga,1,1835,2024-06-10 13:40:00,0,0,0.4877808392047882
rf,ga,1,1836,2024-06-10 13:45:00,0,1,0.56391841173172
rf,ga,1,1837,2024-06-10 13:45:00,0,1,0.5767512321472168
rf,ga,1,1838,2024-06-10 13:50:00,0,0,0.4187638759613037
rf,ga,1,1839,2024-06-10 13:50:00,0,0,0.4005429744720459
rf,ga,1,1840,2024-06-10 13:55:00,0,0,0.44790375232696533
rf,ga,1,1841,2024-06-10 13:55:00,0,1,0.6055658459663391
rf,ga,1,1842,2024-06-10 14:00:00,0,1,0.7532187104225159
rf,ga,1,1843,2024-06-10 14:00:00,0,1,0.6645151972770691
rf,ga,1,1844,2024-06-10 14:05:00,0,1,0.6022814512252808
rf,ga,1,1845,2024-06-10 14:05:00,0,1,0.7978954911231995
rf,ga,1,1846,2024-06-10 14:10:00,0,1,0.575656533241272
rf,ga,1,1847,2024-06-10 14:10:00,0,0,0.48884084820747375
rf,ga,1,1848,2024-06-10 14:15:00,0,0,0.4293212592601776
rf,ga,1,1849,2024-06-10 14:15:00,0,0,0.48179951310157776
rf,ga,1,1850,2024-06-10 14:20:00,0,1,0.503463625907898
rf,ga,1,1851,2024-06-10 14:20:00,0,0,0.3420621156692505
rf,ga,1,1852,2024-06-10 14:25:00,0,1,0.6518660187721252
rf,ga,1,1853,2024-06-10 14:25:00,0,1,0.5124530792236328
rf,ga,1,1854,2024-06-10 14:30:00,0,0,0.4442412555217743
rf,ga,1,1855,2024-06-10 14:30:00,0,0,0.46328216791152954
rf,ga,1,1856,2024-06-10 14:35:00,0,0,0.451721727848053
rf,ga,1,1857,2024-06-10 14:35:00,0,1,0.5876843929290771
rf,ga,1,1858,2024-06-10 14:40:00,0,1,0.810084342956543
rf,ga,1,1859,2024-06-10 14:40:00,0,1,0.7259341478347778
rf,ga,1,1860,2024-06-10 14:45:00,0,1,0.5619975328445435
rf,ga,1,1861,2024-06-10 14:45:00,0,1,0.5236421227455139
rf,ga,1,1862,2024-06-10 14:50:00,0,1,0.7415837049484253
rf,ga,1,1863,2024-06-10 14:50:00,0,1,0.6158896088600159
rf,ga,1,1864,2024-06-10 14:55:00,0,0,0.3675808310508728
rf,ga,1,1865,2024-06-10 14:55:00,0,0,0.462410569190979
rf,ga,1,1866,2024-06-10 15:00:00,0,0,0.4877544939517975
rf,ga,1,1867,2024-06-10 15:00:00,0,0,0.3502963185310364
rf,ga,1,1868,2024-06-10 15:05:00,0,0,0.3409119248390198
rf,ga,1,1869,2024-06-10 15:05:00,0,0,0.2950173020362854
rf,ga,1,1870,2024-06-10 15:10:00,0,0,0.19630779325962067
rf,ga,1,1871,2024-06-10 15:10:00,0,0,0.17206601798534393
rf,ga,1,1872,2024-06-10 15:15:00,0,0,0.38339948654174805
rf,ga,1,1873,2024-06-10 15:15:00,0,0,0.4302248954772949
rf,ga,1,1874,2024-06-10 15:20:00,1,0,0.41729456186294556
rf,ga,1,1875,2024-06-10 15:20:00,1,0,0.48931998014450073
rf,ga,1,1876,2024-06-10 15:25:00,1,1,0.5007825493812561
rf,ga,1,1877,2024-06-10 15:25:00,1,1,0.6845840215682983
rf,ga,1,1878,2024-06-10 15:30:00,1,0,0.4805206060409546
rf,ga,1,1879,2024-06-10 15:30:00,1,1,0.5525673031806946
rf,ga,1,1880,2024-06-10 15:35:00,1,1,0.7744564414024353
rf,ga,1,1881,2024-06-10 15:35:00,1,1,0.767376184463501
rf,ga,1,1882,2024-06-10 15:40:00,0,1,0.7964259386062622
rf,ga,1,1883,2024-06-10 15:40:00,0,1,0.8060307502746582
rf,ga,1,1884,2024-06-10 15:45:00,0,1,0.7614774107933044
rf,ga,1,1885,2024-06-10 15:45:00,0,1,0.7397218942642212
rf,ga,1,1886,2024-06-10 15:50:00,0,1,0.7750185132026672
rf,ga,1,1887,2024-06-10 15:50:00,0,1,0.824933648109436
rf,ga,1,1888,2024-06-10 15:55:00,0,1,0.5879123210906982
rf,ga,1,1889,2024-06-10 15:55:00,0,1,0.5407713651657104
rf,ga,1,1890,2024-06-10 16:00:00,0,0,0.4594574272632599
rf,ga,1,1891,2024-06-10 16:00:00,0,0,0.43741708993911743
rf,ga,1,1892,2024-06-10 16:05:00,0,0,0.3758542239665985
rf,ga,1,1893,2024-06-10 16:05:00,0,0,0.375777930021286
rf,ga,1,1894,2024-06-10 16:10:00,0,0,0.46129295229911804
rf,ga,1,1895,2024-06-10 16:10:00,0,1,0.5326321125030518
rf,ga,1,1896,2024-06-10 16:15:00,0,1,0.5652369856834412
rf,ga,1,1897,2024-06-10 16:15:00,0,1,0.6650957465171814
rf,ga,1,1898,2024-06-10 16:20:00,0,1,0.64055997133255
rf,ga,1,1899,2024-06-10 16:20:00,0,1,0.6072001457214355
rf,ga,1,1900,2024-06-10 16:25:00,0,0,0.23540204763412476
rf,ga,1,1901,2024-06-10 16:25:00,0,0,0.41883406043052673
rf,ga,1,1902,2024-06-10 16:30:00,0,0,0.4430423080921173
rf,ga,1,1903,2024-06-10 16:30:00,0,0,0.38090264797210693
rf,ga,1,1904,2024-06-10 16:35:00,0,0,0.32745760679244995
rf,ga,1,1905,2024-06-10 16:35:00,0,0,0.44050332903862
rf,ga,1,1906,2024-06-10 16:40:00,0,1,0.6949514746665955
rf,ga,1,1907,2024-06-10 16:40:00,0,1,0.5373705625534058
rf,ga,1,1908,2024-06-10 16:45:00,0,0,0.2951394021511078
rf,ga,1,1909,2024-06-10 16:45:00,0,0,0.46170687675476074
rf,ga,1,1910,2024-06-10 16:50:00,0,0,0.43912258744239807
rf,ga,1,1911,2024-06-10 16:50:00,0,0,0.4932817816734314
rf,ga,1,1912,2024-06-10 16:55:00,0,1,0.5308340191841125
rf,ga,1,1913,2024-06-10 16:55:00,0,0,0.428680419921875
rf,ga,1,1914,2024-06-10 17:00:00,0,0,0.3075741231441498
rf,ga,1,1915,2024-06-10 17:00:00,1,0,0.30495235323905945
rf,ga,1,1916,2024-06-10 17:05:00,1,1,0.6411610841751099
rf,ga,1,1917,2024-06-10 17:05:00,0,1,0.6153372526168823
rf,ga,1,1918,2024-06-10 17:10:00,1,1,0.6933650970458984
rf,ga,1,1919,2024-06-10 17:10:00,0,1,0.5935332775115967
rf,ga,1,1920,2024-06-10 17:15:00,1,0,0.3946807086467743
rf,ga,1,1921,2024-06-10 17:15:00,1,0,0.36317047476768494
rf,ga,1,1922,2024-06-10 17:20:00,1,1,0.6468548774719238
rf,ga,1,1923,2024-06-10 17:20:00,1,1,0.6496486067771912
rf,ga,1,1924,2024-06-10 17:25:00,1,1,0.8246331810951233
rf,ga,1,1925,2024-06-10 17:25:00,1,1,0.7145287990570068
rf,ga,1,1926,2024-06-10 17:30:00,1,1,0.6757540106773376
rf,ga,1,1927,2024-06-10 17:30:00,1,1,0.6536437273025513
rf,ga,1,1928,2024-06-10 17:35:00,1,1,0.6379812359809875
rf,ga,1,1929,2024-06-10 17:35:00,1,1,0.6474031209945679
rf,ga,1,1930,2024-06-10 17:40:00,1,1,0.5614020228385925
rf,ga,1,1931,2024-06-10 17:40:00,1,0,0.4844816327095032
rf,ga,1,1932,2024-06-10 17:45:00,1,1,0.5855568051338196
rf,ga,1,1933,2024-06-10 17:45:00,1,1,0.6226617693901062
rf,ga,1,1934,2024-06-10 17:50:00,1,1,0.5410009622573853
rf,ga,1,1935,2024-06-10 17:50:00,1,0,0.4888991415500641
rf,ga,1,1936,2024-06-10 17:55:00,0,0,0.4421420395374298
rf,ga,1,1937,2024-06-10 17:55:00,0,1,0.5272297859191895
rf,ga,1,1938,2024-06-12 10:40:00,0,0,0.17685721814632416
rf,ga,1,1939,2024-06-12 10:40:00,0,0,0.2810134291648865
rf,ga,1,1940,2024-06-12 10:45:00,0,0,0.08404512703418732
rf,ga,1,1941,2024-06-12 10:45:00,0,0,0.07617102563381195
rf,ga,1,1942,2024-06-12 10:50:00,0,0,0.11571647971868515
rf,ga,1,1943,2024-06-12 10:50:00,0,0,0.10643662512302399
rf,ga,1,1944,2024-06-12 10:55:00,0,0,0.13504907488822937
rf,ga,1,1945,2024-06-12 10:55:00,0,0,0.13504907488822937
rf,ga,1,1946,2024-06-12 11:00:00,1,0,0.19121941924095154
rf,ga,1,1947,2024-06-12 11:00:00,0,0,0.19121941924095154
rf,ga,1,1948,2024-06-12 11:05:00,0,0,0.09379372000694275
rf,ga,1,1949,2024-06-12 11:05:00,1,0,0.07664022594690323
rf,ga,1,1950,2024-06-12 11:10:00,1,0,0.20498016476631165
rf,ga,1,1951,2024-06-12 11:10:00,1,0,0.21285727620124817
rf,ga,1,1952,2024-06-12 11:15:00,1,0,0.4824736416339874
rf,ga,1,1953,2024-06-12 11:15:00,1,0,0.48879843950271606
rf,ga,1,1954,2024-06-12 11:20:00,1,0,0.33070677518844604
rf,ga,1,1955,2024-06-12 11:20:00,1,0,0.3470152020454407
rf,ga,1,1956,2024-06-12 11:25:00,1,0,0.4820444881916046
rf,ga,1,1957,2024-06-12 11:25:00,1,1,0.5117822289466858
rf,ga,1,1958,2024-06-12 11:30:00,1,0,0.48580247163772583
rf,ga,1,1959,2024-06-12 11:30:00,1,1,0.5034199357032776
rf,ga,1,1960,2024-06-12 11:35:00,1,1,0.713047444820404
rf,ga,1,1961,2024-06-12 11:35:00,1,0,0.4475111663341522
rf,ga,1,1962,2024-06-12 11:40:00,1,1,0.5874506235122681
rf,ga,1,1963,2024-06-12 11:40:00,1,1,0.6287965774536133
rf,ga,1,1964,2024-06-12 11:45:00,1,0,0.4460870325565338
rf,ga,1,1965,2024-06-12 11:45:00,1,0,0.480398029088974
rf,ga,1,1966,2024-06-12 11:50:00,1,1,0.5470123887062073
rf,ga,1,1967,2024-06-12 11:50:00,1,1,0.6183363795280457
rf,ga,1,1968,2024-06-12 11:55:00,1,1,0.5913387537002563
rf,ga,1,1969,2024-06-12 11:55:00,1,0,0.49558475613594055
rf,ga,1,1970,2024-06-12 12:00:00,1,1,0.5495455861091614
rf,ga,1,1971,2024-06-12 12:00:00,1,0,0.3221499025821686
rf,ga,1,1972,2024-06-12 12:05:00,1,0,0.36972174048423767
rf,ga,1,1973,2024-06-12 12:05:00,1,0,0.36896398663520813
rf,ga,1,1974,2024-06-12 12:10:00,1,0,0.27278655767440796
rf,ga,1,1975,2024-06-12 12:10:00,1,0,0.43038520216941833
rf,ga,1,1976,2024-06-12 12:15:00,1,1,0.5040048360824585
rf,ga,1,1977,2024-06-12 12:15:00,1,0,0.4833091199398041
rf,ga,1,1978,2024-06-12 12:20:00,1,1,0.6540482640266418
rf,ga,1,1979,2024-06-12 12:20:00,1,1,0.7922065258026123
rf,ga,1,1980,2024-06-12 12:25:00,1,1,0.7532913088798523
rf,ga,1,1981,2024-06-12 12:25:00,1,1,0.8755936026573181
rf,ga,1,1982,2024-06-12 12:30:00,1,1,0.7305602431297302
rf,ga,1,1983,2024-06-12 12:30:00,1,1,0.686427652835846
rf,ga,1,1984,2024-06-12 12:35:00,1,1,0.9385402202606201
rf,ga,1,1985,2024-06-12 12:35:00,1,1,0.8413446545600891
rf,ga,1,1986,2024-06-12 12:40:00,1,1,0.7577061653137207
rf,ga,1,1987,2024-06-12 12:40:00,1,1,0.7052820920944214
rf,ga,1,1988,2024-06-12 12:45:00,1,1,0.8461135625839233
rf,ga,1,1989,2024-06-12 12:45:00,1,1,0.7824541330337524
rf,ga,1,1990,2024-06-12 12:50:00,1,1,0.6743674278259277
rf,ga,1,1991,2024-06-12 12:50:00,1,1,0.75013667345047
rf,ga,1,1992,2024-06-12 12:55:00,1,1,0.7285969853401184
rf,ga,1,1993,2024-06-12 12:55:00,1,1,0.7617830038070679
rf,ga,1,1994,2024-06-12 13:00:00,1,1,0.7270180583000183
rf,ga,1,1995,2024-06-12 13:00:00,1,1,0.7454552054405212
rf,ga,1,1996,2024-06-12 13:05:00,1,0,0.4501975178718567
rf,ga,1,1997,2024-06-12 13:05:00,1,0,0.37705177068710327
rf,ga,1,1998,2024-06-12 13:10:00,1,0,0.3033733665943146
rf,ga,1,1999,2024-06-12 13:10:00,1,0,0.27471643686294556
rf,ga,1,2000,2024-06-12 13:15:00,1,0,0.4572238326072693
rf,ga,1,2001,2024-06-12 13:15:00,1,0,0.3449356257915497
rf,ga,1,2002,2024-06-12 13:20:00,1,1,0.6347705721855164
rf,ga,1,2003,2024-06-12 13:20:00,1,1,0.5384485721588135
rf,ga,1,2004,2024-06-12 13:25:00,1,1,0.7648094892501831
rf,ga,1,2005,2024-06-12 13:25:00,1,1,0.8359814286231995
rf,ga,1,2006,2024-06-12 13:30:00,1,1,0.8022767305374146
rf,ga,1,2007,2024-06-12 13:30:00,1,1,0.7953354716300964
rf,ga,1,2008,2024-06-12 13:35:00,1,1,0.8451631665229797
rf,ga,1,2009,2024-06-12 13:35:00,1,1,0.8522999882698059
rf,ga,1,2010,2024-06-12 13:40:00,1,1,0.9099748134613037
rf,ga,1,2011,2024-06-12 13:40:00,1,1,0.9338517785072327
rf,ga,1,2012,2024-06-12 13:45:00,1,1,0.8132998943328857
rf,ga,1,2013,2024-06-12 13:45:00,1,1,0.7593027353286743
rf,ga,1,2014,2024-06-12 13:50:00,0,1,0.8524542450904846
rf,ga,1,2015,2024-06-12 13:50:00,1,1,0.7810470461845398
rf,ga,1,2016,2024-06-12 13:55:00,1,0,0.2924821376800537
rf,ga,1,2017,2024-06-12 13:55:00,0,1,0.5618756413459778
rf,ga,1,2018,2024-06-12 14:00:00,0,0,0.2434787005186081
rf,ga,1,2019,2024-06-12 14:00:00,1,0,0.470887154340744
rf,ga,1,2020,2024-06-12 14:05:00,0,0,0.21380868554115295
rf,ga,1,2021,2024-06-12 14:05:00,1,0,0.2040473371744156
rf,ga,1,2022,2024-06-12 14:10:00,0,0,0.26444706320762634
rf,ga,1,2023,2024-06-12 14:10:00,1,0,0.18910306692123413
rf,ga,1,2024,2024-06-12 14:15:00,1,0,0.42096808552742004
rf,ga,1,2025,2024-06-12 14:15:00,0,0,0.4634760022163391
rf,ga,1,2026,2024-06-12 14:20:00,1,1,0.6221253275871277
rf,ga,1,2027,2024-06-12 14:20:00,0,1,0.6597058176994324
rf,ga,1,2028,2024-06-12 14:25:00,1,1,0.6430584192276001
rf,ga,1,2029,2024-06-12 14:25:00,0,1,0.6463086009025574
rf,ga,1,2030,2024-06-12 14:30:00,0,1,0.5704233646392822
rf,ga,1,2031,2024-06-12 14:30:00,1,1,0.5150155425071716
rf,ga,1,2032,2024-06-12 14:35:00,0,1,0.6764973402023315
rf,ga,1,2033,2024-06-12 14:35:00,1,1,0.677213728427887
rf,ga,1,2034,2024-06-12 14:40:00,1,1,0.7744892835617065
rf,ga,1,2035,2024-06-12 14:40:00,0,1,0.8022973537445068
rf,ga,1,2036,2024-06-12 14:45:00,0,1,0.7629645466804504
rf,ga,1,2037,2024-06-12 14:45:00,0,1,0.8144797086715698
rf,ga,1,2038,2024-06-12 14:50:00,0,1,0.7028986215591431
rf,ga,1,2039,2024-06-12 14:50:00,0,1,0.8042200803756714
rf,ga,1,2040,2024-06-12 14:55:00,0,1,0.6465573906898499
rf,ga,1,2041,2024-06-12 14:55:00,0,1,0.5197970867156982
rf,ga,1,2042,2024-06-12 15:00:00,0,0,0.2455025315284729
rf,ga,1,2043,2024-06-12 15:00:00,0,0,0.4181478023529053
rf,ga,1,2044,2024-06-12 15:05:00,0,0,0.24182294309139252
rf,ga,1,2045,2024-06-12 15:05:00,0,0,0.22980928421020508
rf,ga,1,2046,2024-06-12 15:10:00,0,0,0.47126567363739014
rf,ga,1,2047,2024-06-12 15:10:00,0,0,0.48635992407798767
rf,ga,1,2048,2024-06-12 15:15:00,0,1,0.5495610237121582
rf,ga,1,2049,2024-06-12 15:15:00,0,1,0.5985514521598816
rf,ga,1,2050,2024-06-12 15:20:00,0,1,0.6761769652366638
rf,ga,1,2051,2024-06-12 15:20:00,0,0,0.32160302996635437
rf,ga,1,2052,2024-06-12 15:25:00,0,1,0.6766839623451233
rf,ga,1,2053,2024-06-12 15:25:00,0,1,0.7552984356880188
rf,ga,1,2054,2024-06-12 15:30:00,0,0,0.2582732141017914
rf,ga,1,2055,2024-06-12 15:30:00,0,0,0.46980020403862
rf,ga,1,2056,2024-06-12 15:35:00,0,0,0.3770524263381958
rf,ga,1,2057,2024-06-12 15:35:00,0,0,0.3752756714820862
rf,ga,1,2058,2024-06-12 15:40:00,0,0,0.2972637712955475
rf,ga,1,2059,2024-06-12 15:40:00,0,0,0.3101949691772461
rf,ga,1,2060,2024-06-12 15:45:00,1,0,0.3601253926753998
rf,ga,1,2061,2024-06-12 15:45:00,1,0,0.13155589997768402
rf,ga,1,2062,2024-06-12 15:50:00,1,0,0.21477794647216797
rf,ga,1,2063,2024-06-12 15:50:00,1,0,0.14086703956127167
rf,ga,1,2064,2024-06-12 15:55:00,1,0,0.14226973056793213
rf,ga,1,2065,2024-06-12 15:55:00,1,0,0.3666689693927765
rf,ga,1,2066,2024-06-12 16:00:00,1,0,0.3666110336780548
rf,ga,1,2067,2024-06-12 16:00:00,1,1,0.7237661480903625
rf,ga,1,2068,2024-06-12 16:05:00,1,1,0.5472087860107422
rf,ga,1,2069,2024-06-12 16:05:00,1,0,0.4194505512714386
rf,ga,1,2070,2024-06-12 16:10:00,1,1,0.8460673093795776
rf,ga,1,2071,2024-06-12 16:10:00,1,1,0.6239386796951294
rf,ga,1,2072,2024-06-12 16:15:00,0,1,0.7486028671264648
rf,ga,1,2073,2024-06-12 16:15:00,1,0,0.4045063853263855
rf,ga,1,2074,2024-06-12 16:20:00,1,1,0.6570053696632385
rf,ga,1,2075,2024-06-12 16:20:00,0,1,0.5324851870536804
rf,ga,1,2076,2024-06-12 16:25:00,0,0,0.29135552048683167
rf,ga,1,2077,2024-06-12 16:25:00,1,1,0.5942032933235168
rf,ga,1,2078,2024-06-12 16:30:00,0,0,0.4891238510608673
rf,ga,1,2079,2024-06-12 16:30:00,1,1,0.7865972518920898
rf,ga,1,2080,2024-06-12 16:35:00,1,1,0.690571665763855
rf,ga,1,2081,2024-06-12 16:35:00,0,1,0.5923418998718262
rf,ga,1,2082,2024-06-12 16:40:00,1,1,0.578568696975708
rf,ga,1,2083,2024-06-12 16:40:00,0,1,0.7101136445999146
rf,ga,1,2084,2024-06-12 16:45:00,0,1,0.8910967111587524
rf,ga,1,2085,2024-06-12 16:45:00,1,0,0.49988898634910583
rf,ga,1,2086,2024-06-12 16:50:00,0,1,0.7209559679031372
rf,ga,1,2087,2024-06-12 16:50:00,1,0,0.4800744354724884
rf,ga,1,2088,2024-06-12 16:55:00,0,1,0.8238109946250916
rf,ga,1,2089,2024-06-12 17:00:00,0,1,0.6705484986305237
rf,ga,1,2090,2024-06-12 17:05:00,0,0,0.36844319105148315
rf,ga,1,2091,2024-06-12 17:10:00,0,1,0.6690840721130371
rf,ga,1,2092,2024-06-12 17:15:00,0,0,0.4165119528770447
rf,ga,1,2093,2024-06-12 17:20:00,0,1,0.5824976563453674
rf,ga,1,2094,2024-06-12 17:25:00,0,0,0.443755179643631
rf,ga,1,2095,2024-06-12 17:30:00,0,0,0.49021804332733154
rf,ga,1,2096,2024-06-12 17:35:00,0,0,0.4506697356700897
rf,ga,1,2097,2024-06-12 17:40:00,0,0,0.09423074871301651
rf,ga,1,2098,2024-06-12 17:45:00,0,0,0.36368611454963684
rf,ga,1,2099,2024-06-12 17:50:00,0,0,0.31815290451049805
rf,ga,1,2100,2024-06-12 17:55:00,0,0,0.3923530876636505
rf,ga,1,2101,2024-06-13 12:10:00,1,0,0.29662638902664185
rf,ga,1,2102,2024-06-13 12:15:00,1,1,0.6598800420761108
rf,ga,1,2103,2024-06-13 12:20:00,1,1,0.6968029737472534
rf,ga,1,2104,2024-06-13 12:25:00,1,1,0.7331643104553223
rf,ga,1,2105,2024-06-13 12:30:00,1,1,0.5712539553642273
rf,ga,1,2106,2024-06-13 12:35:00,1,1,0.7141645550727844
rf,ga,1,2107,2024-06-13 12:40:00,1,0,0.31872203946113586
rf,ga,1,2108,2024-06-13 12:45:00,1,1,0.6747990846633911
rf,ga,1,2109,2024-06-13 12:50:00,1,1,0.7244821190834045
rf,ga,1,2110,2024-06-13 12:55:00,1,1,0.7919132709503174
rf,ga,1,2111,2024-06-13 13:00:00,1,1,0.7922564744949341
rf,ga,1,2112,2024-06-13 13:05:00,1,1,0.6819475889205933
rf,ga,1,2113,2024-06-13 13:10:00,1,1,0.6882100701332092
rf,ga,1,2114,2024-06-13 13:15:00,1,0,0.25844907760620117
rf,ga,1,2115,2024-06-13 13:20:00,1,0,0.40279293060302734
rf,ga,1,2116,2024-06-13 13:25:00,1,0,0.37281742691993713
rf,ga,1,2117,2024-06-13 13:30:00,1,0,0.25851643085479736
rf,ga,1,2118,2024-06-13 13:35:00,1,0,0.30688321590423584
rf,ga,1,2119,2024-06-13 13:40:00,1,0,0.35309332609176636
rf,ga,1,2120,2024-06-13 13:45:00,1,0,0.3683875799179077
rf,ga,1,2121,2024-06-13 13:50:00,1,1,0.7243946194648743
rf,ga,1,2122,2024-06-13 13:55:00,1,1,0.7469390034675598
rf,ga,1,2123,2024-06-13 14:00:00,1,1,0.7084414958953857
rf,ga,1,2124,2024-06-13 14:05:00,1,1,0.8377476930618286
rf,ga,1,2125,2024-06-13 14:10:00,0,1,0.7754126787185669
rf,ga,1,2126,2024-06-13 14:15:00,0,0,0.34599241614341736
rf,ga,1,2127,2024-06-13 14:20:00,0,1,0.5225719809532166
rf,ga,1,2128,2024-06-13 14:25:00,0,0,0.3193252384662628
rf,ga,1,2129,2024-06-13 14:30:00,0,0,0.21145443618297577
rf,ga,1,2130,2024-06-13 14:35:00,0,0,0.43128183484077454
rf,ga,1,2131,2024-06-13 14:40:00,0,0,0.3329002857208252
rf,ga,1,2132,2024-06-13 14:45:00,0,0,0.38296541571617126
rf,ga,1,2133,2024-06-13 14:50:00,0,0,0.40288305282592773
rf,ga,1,2134,2024-06-13 14:55:00,0,1,0.6590617299079895
rf,ga,1,2135,2024-06-13 15:00:00,0,1,0.6761890053749084
rf,ga,1,2136,2024-06-13 15:05:00,0,1,0.829929769039154
rf,ga,1,2137,2024-06-13 15:10:00,0,1,0.6713273525238037
rf,ga,1,2138,2024-06-13 15:15:00,0,0,0.4979708194732666
rf,ga,1,2139,2024-06-13 15:20:00,0,0,0.4981308877468109
rf,ga,1,2140,2024-06-13 15:25:00,0,1,0.5004193782806396
rf,ga,1,2141,2024-06-13 15:30:00,0,1,0.5073822736740112
rf,ga,1,2142,2024-06-13 15:35:00,0,0,0.3897942900657654
rf,ga,1,2143,2024-06-13 15:40:00,0,1,0.7638738751411438
rf,ga,1,2144,2024-06-13 15:45:00,0,1,0.7576018571853638
rf,ga,1,2145,2024-06-13 15:50:00,0,1,0.6899551153182983
rf,ga,1,2146,2024-06-13 15:55:00,0,1,0.5118321776390076
rf,ga,1,2147,2024-06-13 16:00:00,0,1,0.5635390281677246
rf,ga,1,2148,2024-06-13 16:05:00,0,0,0.38807475566864014
rf,ga,1,2149,2024-06-13 16:10:00,0,0,0.27273860573768616
rf,ga,1,2150,2024-06-13 16:15:00,0,1,0.5079953074455261
rf,ga,1,2151,2024-06-13 16:20:00,0,0,0.4773959517478943
rf,ga,1,2152,2024-06-13 16:25:00,0,0,0.4816357493400574
rf,ga,1,2153,2024-06-13 16:30:00,0,0,0.4976423382759094
rf,ga,1,2154,2024-06-13 16:35:00,0,0,0.4202542006969452
rf,ga,1,2155,2024-06-13 16:40:00,0,0,0.3855206072330475
rf,ga,1,2156,2024-06-13 16:45:00,0,1,0.5344671010971069
rf,ga,1,2157,2024-06-13 16:50:00,0,0,0.4023154675960541
rf,ga,1,2158,2024-06-13 16:55:00,0,0,0.4413893520832062
rf,ga,1,2159,2024-06-13 17:00:00,0,1,0.5358901023864746
rf,ga,1,2160,2024-06-13 17:05:00,0,0,0.0989207997918129
rf,ga,1,2161,2024-06-13 17:10:00,0,0,0.17225031554698944
rf,ga,1,2162,2024-06-13 17:15:00,0,0,0.2592107355594635
rf,ga,1,2163,2024-06-13 17:20:00,0,1,0.5354642271995544
rf,ga,1,2164,2024-06-13 17:25:00,0,1,0.5102774500846863
rf,ga,1,2165,2024-06-13 17:30:00,0,0,0.3306543529033661
rf,ga,1,2166,2024-06-13 17:35:00,0,0,0.2697150707244873
rf,ga,1,2167,2024-06-13 17:40:00,0,0,0.490836501121521
rf,ga,1,2168,2024-06-13 17:45:00,0,1,0.5885737538337708
rf,ga,1,2169,2024-06-13 17:50:00,0,1,0.5055754780769348
rf,ga,1,2170,2024-06-13 17:55:00,0,0,0.47476890683174133
rf,ga,1,2171,2024-06-14 11:05:00,1,0,0.24369415640830994
rf,ga,1,2172,2024-06-14 11:10:00,1,1,0.531697690486908
rf,ga,1,2173,2024-06-14 11:15:00,1,1,0.7478976845741272
rf,ga,1,2174,2024-06-14 11:20:00,1,1,0.8420124053955078
rf,ga,1,2175,2024-06-14 11:25:00,1,1,0.8074702620506287
rf,ga,1,2176,2024-06-14 11:30:00,1,1,0.7539792656898499
rf,ga,1,2177,2024-06-14 11:35:00,1,1,0.7522100806236267
rf,ga,1,2178,2024-06-14 11:40:00,1,1,0.7564773559570312
rf,ga,1,2179,2024-06-14 11:45:00,1,1,0.5074442625045776
rf,ga,1,2180,2024-06-14 11:50:00,1,1,0.7633581757545471
rf,ga,1,2181,2024-06-14 11:55:00,1,1,0.7815439701080322
rf,ga,1,2182,2024-06-14 12:00:00,1,1,0.749888002872467
rf,ga,1,2183,2024-06-14 12:05:00,0,1,0.9514992833137512
rf,ga,1,2184,2024-06-14 12:10:00,0,1,0.7616403698921204
rf,ga,1,2185,2024-06-14 12:15:00,0,1,0.8007792234420776
rf,ga,1,2186,2024-06-14 12:20:00,0,1,0.8015568256378174
rf,ga,1,2187,2024-06-14 12:25:00,0,0,0.3736044466495514
rf,ga,1,2188,2024-06-14 12:30:00,0,0,0.45072218775749207
rf,ga,1,2189,2024-06-14 12:35:00,0,0,0.2522917091846466
rf,ga,1,2190,2024-06-14 12:40:00,0,0,0.42208701372146606
rf,ga,1,2191,2024-06-14 12:45:00,0,0,0.28913354873657227
rf,ga,1,2192,2024-06-14 12:50:00,0,0,0.4458174705505371
rf,ga,1,2193,2024-06-14 12:55:00,0,0,0.19478154182434082
rf,ga,1,2194,2024-06-14 13:00:00,0,1,0.5669869780540466
rf,ga,1,2195,2024-06-14 13:05:00,0,0,0.4538513422012329
rf,ga,1,2196,2024-06-14 13:10:00,0,1,0.5241295695304871
rf,ga,1,2197,2024-06-14 13:15:00,0,1,0.6048163175582886
rf,ga,1,2198,2024-06-14 13:20:00,0,0,0.3481905460357666
rf,ga,1,2199,2024-06-14 13:25:00,0,0,0.41818758845329285
rf,ga,1,2200,2024-06-14 13:30:00,0,0,0.4086977541446686
rf,ga,1,2201,2024-06-14 13:35:00,0,0,0.3625604212284088
rf,ga,1,2202,2024-06-14 13:40:00,0,1,0.8621442914009094
rf,ga,1,2203,2024-06-14 13:45:00,0,1,0.68784499168396
rf,ga,1,2204,2024-06-14 13:50:00,0,1,0.5015563368797302
rf,ga,1,2205,2024-06-14 13:55:00,0,0,0.4843927323818207
rf,ga,1,2206,2024-06-14 14:00:00,0,0,0.4197045862674713
rf,ga,1,2207,2024-06-14 14:05:00,0,1,0.7201141715049744
rf,ga,1,2208,2024-06-14 14:10:00,0,1,0.7334100604057312
rf,ga,1,2209,2024-06-14 14:15:00,0,0,0.4736425578594208
rf,ga,1,2210,2024-06-14 14:20:00,0,0,0.4307597577571869
rf,ga,1,2211,2024-06-14 14:25:00,0,0,0.32994380593299866
rf,ga,1,2212,2024-06-14 14:30:00,0,0,0.26972827315330505
rf,ga,1,2213,2024-06-14 14:35:00,0,0,0.185996875166893
rf,ga,1,2214,2024-06-14 14:40:00,0,0,0.18923529982566833
rf,ga,1,2215,2024-06-14 14:45:00,0,0,0.19340834021568298
rf,ga,1,2216,2024-06-14 14:50:00,0,0,0.2616344392299652
rf,ga,1,2217,2024-06-14 14:55:00,0,0,0.478026419878006
rf,ga,1,2218,2024-06-14 15:00:00,0,0,0.24384690821170807
rf,ga,1,2219,2024-06-14 15:05:00,1,1,0.5274275541305542
rf,ga,1,2220,2024-06-14 15:10:00,1,1,0.7107172608375549
rf,ga,1,2221,2024-06-14 15:15:00,1,0,0.4041312336921692
rf,ga,1,2222,2024-06-14 15:20:00,1,1,0.7845370173454285
rf,ga,1,2223,2024-06-14 15:25:00,1,1,0.8474236130714417
rf,ga,1,2224,2024-06-14 15:30:00,1,1,0.815655529499054
rf,ga,1,2225,2024-06-14 15:35:00,1,1,0.8276768922805786
rf,ga,1,2226,2024-06-14 15:40:00,1,1,0.6406793594360352
rf,ga,1,2227,2024-06-14 15:45:00,1,1,0.8441265225410461
rf,ga,1,2228,2024-06-14 15:50:00,1,1,0.7558075785636902
rf,ga,1,2229,2024-06-14 15:55:00,1,1,0.8505607843399048
rf,ga,1,2230,2024-06-14 16:00:00,1,1,0.7869967222213745
rf,ga,1,2231,2024-06-14 16:05:00,0,1,0.9104825258255005
rf,ga,1,2232,2024-06-14 16:10:00,0,1,0.6039738059043884
rf,ga,1,2233,2024-06-14 16:15:00,0,1,0.6613308191299438
rf,ga,1,2234,2024-06-14 16:20:00,0,0,0.39842140674591064
rf,ga,1,2235,2024-06-14 16:25:00,0,1,0.9301486611366272
rf,ga,1,2236,2024-06-14 16:30:00,0,1,0.5934531688690186
rf,ga,1,2237,2024-06-14 16:35:00,0,0,0.31364530324935913
rf,ga,1,2238,2024-06-14 16:40:00,0,0,0.3235580623149872
rf,ga,1,2239,2024-06-14 16:45:00,0,0,0.27569013833999634
rf,ga,1,2240,2024-06-14 16:50:00,0,1,0.5306568145751953
rf,ga,1,2241,2024-06-14 16:55:00,0,1,0.5681767463684082
rf,ga,1,2242,2024-06-14 17:00:00,0,0,0.35354501008987427
rf,ga,1,2243,2024-06-14 17:05:00,0,0,0.4241950809955597
rf,ga,1,2244,2024-06-14 17:10:00,0,0,0.28694313764572144
rf,ga,1,2245,2024-06-14 17:15:00,0,1,0.5181644558906555
rf,ga,1,2246,2024-06-14 17:20:00,0,0,0.3889767825603485
rf,ga,1,2247,2024-06-14 17:25:00,0,0,0.3581502437591553
rf,ga,1,2248,2024-06-14 17:30:00,0,1,0.5990699529647827
rf,ga,1,2249,2024-06-14 17:35:00,0,1,0.5985896587371826
rf,ga,1,2250,2024-06-14 17:40:00,0,1,0.7008984684944153
rf,ga,1,2251,2024-06-14 17:45:00,0,0,0.4513190686702728
rf,ga,1,2252,2024-06-14 17:50:00,0,0,0.4407229423522949
rf,ga,1,2253,2024-06-14 17:55:00,1,1,0.6140498518943787
rf,ga,1,2254,2024-06-18 10:40:00,1,1,0.5378027558326721
rf,ga,1,2255,2024-06-18 10:45:00,1,1,0.8996766209602356
rf,ga,1,2256,2024-06-18 10:50:00,1,1,0.890232503414154
rf,ga,1,2257,2024-06-18 10:55:00,0,1,0.8315359950065613
rf,ga,1,2258,2024-06-18 11:00:00,0,1,0.7399964928627014
rf,ga,1,2259,2024-06-18 11:05:00,0,0,0.32276827096939087
rf,ga,1,2260,2024-06-18 11:10:00,0,0,0.45569851994514465
rf,ga,1,2261,2024-06-18 11:15:00,0,0,0.30728670954704285
rf,ga,1,2262,2024-06-18 11:20:00,1,0,0.14425380527973175
rf,ga,1,2263,2024-06-18 11:25:00,1,0,0.2087944895029068
rf,ga,1,2264,2024-06-18 11:30:00,1,1,0.5288550853729248
rf,ga,1,2265,2024-06-18 11:35:00,1,1,0.7288984656333923
rf,ga,1,2266,2024-06-18 11:40:00,1,1,0.5600125789642334
rf,ga,1,2267,2024-06-18 11:45:00,1,0,0.30405473709106445
rf,ga,1,2268,2024-06-18 11:50:00,1,0,0.3137156367301941
rf,ga,1,2269,2024-06-18 11:55:00,1,0,0.47560322284698486
rf,ga,1,2270,2024-06-18 12:00:00,1,0,0.4273507297039032
rf,ga,1,2271,2024-06-18 12:05:00,1,0,0.4794676899909973
rf,ga,1,2272,2024-06-18 12:10:00,1,0,0.39280083775520325
rf,ga,1,2273,2024-06-18 12:15:00,1,1,0.8037610054016113
rf,ga,1,2274,2024-06-18 12:20:00,1,1,0.5046850442886353
rf,ga,1,2275,2024-06-18 12:25:00,1,1,0.619020402431488
rf,ga,1,2276,2024-06-18 12:30:00,1,1,0.7839257717132568
rf,ga,1,2277,2024-06-18 12:35:00,1,1,0.8046939373016357
rf,ga,1,2278,2024-06-18 12:40:00,1,1,0.624051570892334
rf,ga,1,2279,2024-06-18 12:45:00,1,0,0.41298970580101013
rf,ga,1,2280,2024-06-18 12:50:00,1,0,0.2917775511741638
rf,ga,1,2281,2024-06-18 12:55:00,1,0,0.32824909687042236
rf,ga,1,2282,2024-06-18 13:00:00,1,1,0.5827749967575073
rf,ga,1,2283,2024-06-18 13:05:00,1,1,0.5585752129554749
rf,ga,1,2284,2024-06-18 13:10:00,1,0,0.47295981645584106
rf,ga,1,2285,2024-06-18 13:15:00,1,0,0.36886686086654663
rf,ga,1,2286,2024-06-18 13:20:00,1,0,0.3650965988636017
rf,ga,1,2287,2024-06-18 13:25:00,1,0,0.29071304202079773
rf,ga,1,2288,2024-06-18 13:30:00,1,0,0.3475651741027832
rf,ga,1,2289,2024-06-18 13:35:00,1,1,0.5918517708778381
rf,ga,1,2290,2024-06-18 13:40:00,1,1,0.5759952664375305
rf,ga,1,2291,2024-06-18 13:45:00,1,1,0.7477588057518005
rf,ga,1,2292,2024-06-18 13:50:00,1,1,0.7439221143722534
rf,ga,1,2293,2024-06-18 13:55:00,1,1,0.7285378575325012
rf,ga,1,2294,2024-06-18 14:00:00,1,1,0.6717634201049805
rf,ga,1,2295,2024-06-18 14:05:00,1,1,0.8309726119041443
rf,ga,1,2296,2024-06-18 14:10:00,1,0,0.3643064796924591
rf,ga,1,2297,2024-06-18 14:15:00,1,1,0.6616422533988953
rf,ga,1,2298,2024-06-18 14:20:00,1,1,0.7385251522064209
rf,ga,1,2299,2024-06-18 14:25:00,1,1,0.747401773929596
rf,ga,1,2300,2024-06-18 14:30:00,1,1,0.7188931703567505
rf,ga,1,2301,2024-06-18 14:35:00,1,1,0.7196941375732422
rf,ga,1,2302,2024-06-18 14:40:00,1,1,0.7739788293838501
rf,ga,1,2303,2024-06-18 14:45:00,1,0,0.4355061948299408
rf,ga,1,2304,2024-06-18 14:50:00,1,0,0.3709664046764374
rf,ga,1,2305,2024-06-18 14:55:00,1,0,0.4135046899318695
rf,ga,1,2306,2024-06-18 15:00:00,1,1,0.5040213465690613
rf,ga,1,2307,2024-06-18 15:05:00,1,1,0.5212624073028564
rf,ga,1,2308,2024-06-18 15:10:00,1,0,0.38636696338653564
rf,ga,1,2309,2024-06-18 15:15:00,1,0,0.30845150351524353
rf,ga,1,2310,2024-06-18 15:20:00,1,0,0.40338173508644104
rf,ga,1,2311,2024-06-18 15:25:00,1,0,0.4776184558868408
rf,ga,1,2312,2024-06-18 15:30:00,0,0,0.4707568883895874
rf,ga,1,2313,2024-06-18 15:35:00,0,0,0.417869508266449
rf,ga,1,2314,2024-06-18 15:40:00,0,0,0.33564209938049316
rf,ga,1,2315,2024-06-18 15:45:00,0,0,0.22859318554401398
rf,ga,1,2316,2024-06-18 15:50:00,0,0,0.4898492395877838
rf,ga,1,2317,2024-06-18 15:55:00,0,0,0.29661738872528076
rf,ga,1,2318,2024-06-18 16:00:00,0,0,0.29072296619415283
rf,ga,1,2319,2024-06-18 16:05:00,1,0,0.24567051231861115
rf,ga,1,2320,2024-06-18 16:10:00,1,0,0.11024755239486694
rf,ga,1,2321,2024-06-18 16:15:00,1,0,0.16535702347755432
rf,ga,1,2322,2024-06-18 16:20:00,1,1,0.5035715103149414
rf,ga,1,2323,2024-06-18 16:25:00,1,1,0.5306064486503601
rf,ga,1,2324,2024-06-18 16:30:00,1,1,0.5237967371940613
rf,ga,1,2325,2024-06-18 16:35:00,1,1,0.6528435945510864
rf,ga,1,2326,2024-06-18 16:40:00,1,1,0.6016047596931458
rf,ga,1,2327,2024-06-18 16:45:00,1,1,0.6890189051628113
rf,ga,1,2328,2024-06-18 16:50:00,1,1,0.5603249073028564
rf,ga,1,2329,2024-06-18 16:55:00,0,1,0.7288331985473633
rf,ga,1,2330,2024-06-18 17:00:00,0,1,0.7807415723800659
rf,ga,1,2331,2024-06-18 17:05:00,0,1,0.5495054125785828
rf,ga,1,2332,2024-06-18 17:10:00,0,0,0.4102228581905365
rf,ga,1,2333,2024-06-18 17:15:00,0,1,0.5602160692214966
rf,ga,1,2334,2024-06-18 17:20:00,0,1,0.5615713000297546
rf,ga,1,2335,2024-06-18 17:25:00,0,1,0.6531862020492554
rf,ga,1,2336,2024-06-18 17:30:00,0,1,0.58138507604599
rf,ga,1,2337,2024-06-18 17:35:00,0,1,0.6497929096221924
rf,ga,1,2338,2024-06-18 17:40:00,0,1,0.5997219681739807
rf,ga,1,2339,2024-06-18 17:45:00,0,1,0.7159024477005005
rf,ga,1,2340,2024-06-18 17:50:00,0,1,0.507621169090271
rf,ga,1,2341,2024-06-18 17:55:00,0,1,0.8317621350288391
rf,ga,1,2342,2024-06-19 10:55:00,1,0,0.38470831513404846
rf,ga,1,2343,2024-06-19 11:00:00,1,1,0.749946653842926
rf,ga,1,2344,2024-06-19 11:05:00,1,1,0.6767843961715698
rf,ga,1,2345,2024-06-19 11:10:00,1,0,0.46019378304481506
rf,ga,1,2346,2024-06-19 11:15:00,1,1,0.5261040925979614
rf,ga,1,2347,2024-06-19 11:20:00,1,1,0.5110698938369751
rf,ga,1,2348,2024-06-19 11:25:00,1,1,0.6237711310386658
rf,ga,1,2349,2024-06-19 11:30:00,1,1,0.7965686321258545
rf,ga,1,2350,2024-06-19 11:35:00,1,1,0.9052507877349854
rf,ga,1,2351,2024-06-19 11:40:00,1,1,0.65570467710495
rf,ga,1,2352,2024-06-19 11:45:00,1,1,0.7858142852783203
rf,ga,1,2353,2024-06-19 11:50:00,1,1,0.5383554697036743
rf,ga,1,2354,2024-06-19 11:55:00,1,1,0.6018222570419312
rf,ga,1,2355,2024-06-19 12:00:00,1,0,0.3752231001853943
rf,ga,1,2356,2024-06-19 12:05:00,1,1,0.6493706703186035
rf,ga,1,2357,2024-06-19 12:10:00,1,0,0.29406222701072693
rf,ga,1,2358,2024-06-19 12:15:00,1,0,0.38439568877220154
rf,ga,1,2359,2024-06-19 12:20:00,1,1,0.5877950191497803
rf,ga,1,2360,2024-06-19 12:25:00,1,1,0.6192576289176941
rf,ga,1,2361,2024-06-19 12:30:00,1,1,0.6088504195213318
rf,ga,1,2362,2024-06-19 12:35:00,1,1,0.7194029688835144
rf,ga,1,2363,2024-06-19 12:40:00,1,1,0.7560664415359497
rf,ga,1,2364,2024-06-19 12:45:00,1,1,0.7082606554031372
rf,ga,1,2365,2024-06-19 12:50:00,1,0,0.49119246006011963
rf,ga,1,2366,2024-06-19 12:55:00,1,1,0.6834694147109985
rf,ga,1,2367,2024-06-19 13:00:00,1,1,0.8614241480827332
rf,ga,1,2368,2024-06-19 13:05:00,1,1,0.8638466596603394
rf,ga,1,2369,2024-06-19 13:10:00,1,1,0.8476381301879883
rf,ga,1,2370,2024-06-19 13:15:00,1,0,0.4845137596130371
rf,ga,1,2371,2024-06-19 13:20:00,1,0,0.19854488968849182
rf,ga,1,2372,2024-06-19 13:25:00,1,1,0.6106428503990173
rf,ga,1,2373,2024-06-19 13:30:00,1,1,0.7248377799987793
rf,ga,1,2374,2024-06-19 13:35:00,1,1,0.7921244502067566
rf,ga,1,2375,2024-06-19 13:40:00,1,1,0.8492133617401123
rf,ga,1,2376,2024-06-19 13:45:00,1,1,0.7809150218963623
rf,ga,1,2377,2024-06-19 13:50:00,1,1,0.8276975154876709
rf,ga,1,2378,2024-06-19 13:55:00,1,1,0.7902364134788513
rf,ga,1,2379,2024-06-19 14:00:00,1,0,0.30663201212882996
rf,ga,1,2380,2024-06-19 14:05:00,0,1,0.7759639620780945
rf,ga,1,2381,2024-06-19 14:10:00,0,1,0.558706521987915
rf,ga,1,2382,2024-06-19 14:15:00,0,0,0.32322755455970764
rf,ga,1,2383,2024-06-19 14:20:00,0,0,0.19318246841430664
rf,ga,1,2384,2024-06-19 14:25:00,0,0,0.29524627327919006
rf,ga,1,2385,2024-06-19 14:30:00,1,0,0.4332604706287384
rf,ga,1,2386,2024-06-19 14:35:00,1,0,0.1839684098958969
rf,ga,1,2387,2024-06-19 14:40:00,1,1,0.5377063751220703
rf,ga,1,2388,2024-06-19 14:45:00,1,1,0.6559281349182129
rf,ga,1,2389,2024-06-19 14:50:00,1,1,0.7349558472633362
rf,ga,1,2390,2024-06-19 14:55:00,1,1,0.6291576027870178
rf,ga,1,2391,2024-06-19 15:00:00,1,1,0.5409469604492188
rf,ga,1,2392,2024-06-19 15:05:00,1,1,0.7124853730201721
rf,ga,1,2393,2024-06-19 15:10:00,1,1,0.7627469301223755
rf,ga,1,2394,2024-06-19 15:15:00,1,1,0.6943776607513428
rf,ga,1,2395,2024-06-19 15:20:00,1,1,0.6850607395172119
rf,ga,1,2396,2024-06-19 15:25:00,1,1,0.6308683156967163
rf,ga,1,2397,2024-06-19 15:30:00,1,1,0.5672712922096252
rf,ga,1,2398,2024-06-19 15:35:00,1,0,0.22813108563423157
rf,ga,1,2399,2024-06-19 15:40:00,1,1,0.590290367603302
rf,ga,1,2400,2024-06-19 15:45:00,1,1,0.7668876647949219
rf,ga,1,2401,2024-06-19 15:50:00,1,1,0.9485744833946228
rf,ga,1,2402,2024-06-19 15:55:00,1,1,0.7974937558174133
rf,ga,1,2403,2024-06-19 16:00:00,1,1,0.7022416591644287
rf,ga,1,2404,2024-06-19 16:05:00,1,1,0.77016681432724
rf,ga,1,2405,2024-06-19 16:10:00,1,1,0.5809635519981384
rf,ga,1,2406,2024-06-19 16:15:00,1,1,0.5800364017486572
rf,ga,1,2407,2024-06-19 16:20:00,1,1,0.5630044341087341
rf,ga,1,2408,2024-06-19 16:25:00,1,1,0.8318118453025818
rf,ga,1,2409,2024-06-19 16:30:00,1,1,0.8556829690933228
rf,ga,1,2410,2024-06-19 16:35:00,1,1,0.6675311923027039
rf,ga,1,2411,2024-06-19 16:40:00,1,1,0.8560351729393005
rf,ga,1,2412,2024-06-19 16:45:00,1,1,0.8666773438453674
rf,ga,1,2413,2024-06-19 16:50:00,1,1,0.7376510500907898
rf,ga,1,2414,2024-06-19 16:55:00,1,0,0.3933960795402527
rf,ga,1,2415,2024-06-19 17:00:00,1,0,0.4050154685974121
rf,ga,1,2416,2024-06-19 17:05:00,1,0,0.3814372718334198
rf,ga,1,2417,2024-06-19 17:10:00,1,0,0.46744486689567566
rf,ga,1,2418,2024-06-19 17:15:00,1,0,0.2540757954120636
rf,ga,1,2419,2024-06-19 17:20:00,1,1,0.6176454424858093
rf,ga,1,2420,2024-06-19 17:25:00,1,1,0.7556911110877991
rf,ga,1,2421,2024-06-19 17:30:00,1,1,0.6940312385559082
rf,ga,1,2422,2024-06-19 17:35:00,1,1,0.6623398661613464
rf,ga,1,2423,2024-06-19 17:40:00,1,1,0.8059701919555664
rf,ga,1,2424,2024-06-19 17:45:00,1,1,0.6954050660133362
rf,ga,1,2425,2024-06-19 17:50:00,1,1,0.6661363840103149
rf,ga,1,2426,2024-06-19 17:55:00,1,1,0.5023611783981323
rf,ga,1,2427,2024-06-20 10:50:00,0,1,0.753852367401123
rf,ga,1,2428,2024-06-20 10:55:00,0,1,0.7603262662887573
rf,ga,1,2429,2024-06-20 11:00:00,0,0,0.34108051657676697
rf,ga,1,2430,2024-06-20 11:05:00,0,1,0.7001411318778992
rf,ga,1,2431,2024-06-20 11:10:00,0,1,0.6329746246337891
rf,ga,1,2432,2024-06-20 11:15:00,0,1,0.7058037519454956
rf,ga,1,2433,2024-06-20 11:20:00,0,1,0.5912381410598755
rf,ga,1,2434,2024-06-20 11:25:00,0,0,0.36309072375297546
rf,ga,1,2435,2024-06-20 11:30:00,0,0,0.2425152063369751
rf,ga,1,2436,2024-06-20 11:35:00,0,0,0.3013783097267151
rf,ga,1,2437,2024-06-20 11:40:00,0,0,0.12137754261493683
rf,ga,1,2438,2024-06-20 11:45:00,0,0,0.12952545285224915
rf,ga,1,2439,2024-06-20 11:50:00,0,0,0.04387528821825981
rf,ga,1,2440,2024-06-20 11:55:00,0,0,0.2294418066740036
rf,ga,1,2441,2024-06-20 12:00:00,0,0,0.05842985957860947
rf,ga,1,2442,2024-06-20 12:05:00,0,0,0.22583629190921783
rf,ga,1,2443,2024-06-20 12:10:00,0,0,0.14018279314041138
rf,ga,1,2444,2024-06-20 12:15:00,0,0,0.15134070813655853
rf,ga,1,2445,2024-06-20 12:20:00,0,1,0.5281034111976624
rf,ga,1,2446,2024-06-20 12:25:00,0,0,0.413214772939682
rf,ga,1,2447,2024-06-20 12:30:00,0,0,0.419901579618454
rf,ga,1,2448,2024-06-20 12:35:00,0,0,0.15310586988925934
rf,ga,1,2449,2024-06-20 12:40:00,0,1,0.5377852916717529
rf,ga,1,2450,2024-06-20 12:45:00,0,1,0.712176501750946
rf,ga,1,2451,2024-06-20 12:50:00,0,0,0.4477343261241913
rf,ga,1,2452,2024-06-20 12:55:00,0,1,0.5813943147659302
rf,ga,1,2453,2024-06-20 13:00:00,0,0,0.32676172256469727
rf,ga,1,2454,2024-06-20 13:05:00,0,0,0.4805763363838196
rf,ga,1,2455,2024-06-20 13:10:00,0,1,0.588606595993042
rf,ga,1,2456,2024-06-20 13:15:00,0,0,0.392630010843277
rf,ga,1,2457,2024-06-20 13:20:00,0,0,0.3870568573474884
rf,ga,1,2458,2024-06-20 13:25:00,0,0,0.2298683077096939
rf,ga,1,2459,2024-06-20 13:30:00,0,0,0.49218353629112244
rf,ga,1,2460,2024-06-20 13:35:00,1,0,0.31252920627593994
rf,ga,1,2461,2024-06-20 13:40:00,1,0,0.3862321674823761
rf,ga,1,2462,2024-06-20 13:45:00,1,0,0.42894458770751953
rf,ga,1,2463,2024-06-20 13:50:00,1,1,0.5255972146987915
rf,ga,1,2464,2024-06-20 13:55:00,1,1,0.7685335874557495
rf,ga,1,2465,2024-06-20 14:00:00,1,1,0.7578201293945312
rf,ga,1,2466,2024-06-20 14:05:00,1,0,0.497468501329422
rf,ga,1,2467,2024-06-20 14:10:00,1,1,0.9122981429100037
rf,ga,1,2468,2024-06-20 14:15:00,1,1,0.8482520580291748
rf,ga,1,2469,2024-06-20 14:20:00,1,1,0.7789902091026306
rf,ga,1,2470,2024-06-20 14:25:00,1,1,0.7323853969573975
rf,ga,1,2471,2024-06-20 14:30:00,1,0,0.31801626086235046
rf,ga,1,2472,2024-06-20 14:35:00,1,0,0.38306573033332825
rf,ga,1,2473,2024-06-20 14:40:00,1,0,0.3821747601032257
rf,ga,1,2474,2024-06-20 14:45:00,1,0,0.47575825452804565
rf,ga,1,2475,2024-06-20 14:50:00,1,0,0.279125452041626
rf,ga,1,2476,2024-06-20 14:55:00,1,1,0.5373664498329163
rf,ga,1,2477,2024-06-20 15:00:00,1,1,0.7079300880432129
rf,ga,1,2478,2024-06-20 15:05:00,1,1,0.770436704158783
rf,ga,1,2479,2024-06-20 15:10:00,1,1,0.7272434830665588
rf,ga,1,2480,2024-06-20 15:15:00,1,1,0.5955120325088501
rf,ga,1,2481,2024-06-20 15:20:00,1,1,0.7322939038276672
rf,ga,1,2482,2024-06-20 15:25:00,1,1,0.8725554943084717
rf,ga,1,2483,2024-06-20 15:30:00,1,0,0.3186674118041992
rf,ga,1,2484,2024-06-20 15:35:00,1,1,0.612809419631958
rf,ga,1,2485,2024-06-20 15:40:00,1,1,0.7764604091644287
rf,ga,1,2486,2024-06-20 15:45:00,1,1,0.8073021173477173
rf,ga,1,2487,2024-06-20 15:50:00,0,1,0.558664858341217
rf,ga,1,2488,2024-06-20 15:55:00,0,1,0.5060490369796753
rf,ga,1,2489,2024-06-20 16:00:00,0,1,0.7015759348869324
rf,ga,1,2490,2024-06-20 16:05:00,0,1,0.5236101746559143
rf,ga,1,2491,2024-06-20 16:10:00,0,1,0.6608514189720154
rf,ga,1,2492,2024-06-20 16:15:00,0,0,0.1607123762369156
rf,ga,1,2493,2024-06-20 16:20:00,0,0,0.23809179663658142
rf,ga,1,2494,2024-06-20 16:25:00,0,1,0.5230216979980469
rf,ga,1,2495,2024-06-20 16:30:00,0,0,0.29530978202819824
rf,ga,1,2496,2024-06-20 16:35:00,0,0,0.31905388832092285
rf,ga,1,2497,2024-06-20 16:40:00,0,1,0.6749401092529297
rf,ga,1,2498,2024-06-20 16:45:00,0,1,0.515855610370636
rf,ga,1,2499,2024-06-20 16:50:00,0,0,0.4850301146507263
rf,ga,1,2500,2024-06-20 16:55:00,0,1,0.7499717473983765
rf,ga,1,2501,2024-06-20 17:00:00,0,0,0.38843560218811035
rf,ga,1,2502,2024-06-20 17:05:00,0,1,0.5663727521896362
rf,ga,1,2503,2024-06-20 17:10:00,0,1,0.7159696817398071
rf,ga,1,2504,2024-06-20 17:15:00,0,1,0.5463505983352661
rf,ga,1,2505,2024-06-20 17:20:00,0,1,0.710814893245697
rf,ga,1,2506,2024-06-20 17:25:00,0,1,0.5051792860031128
rf,ga,1,2507,2024-06-20 17:30:00,0,0,0.3598169982433319
rf,ga,1,2508,2024-06-20 17:35:00,0,1,0.5927087068557739
rf,ga,1,2509,2024-06-20 17:40:00,0,1,0.5072777271270752
rf,ga,1,2510,2024-06-20 17:45:00,0,1,0.538203239440918
rf,ga,1,2511,2024-06-20 17:50:00,0,1,0.7593548893928528
rf,ga,1,2512,2024-06-20 17:55:00,1,1,0.5000789761543274
rf,ga,1,2513,2024-06-21 10:40:00,1,0,0.4686882495880127
rf,ga,1,2514,2024-06-21 10:45:00,1,1,0.699993908405304
rf,ga,1,2515,2024-06-21 10:50:00,1,1,0.8348113298416138
rf,ga,1,2516,2024-06-21 10:55:00,1,1,0.671613335609436
rf,ga,1,2517,2024-06-21 11:00:00,1,1,0.6581261157989502
rf,ga,1,2518,2024-06-21 11:05:00,1,1,0.8051514029502869
rf,ga,1,2519,2024-06-21 11:10:00,1,1,0.6787990927696228
rf,ga,1,2520,2024-06-21 11:15:00,1,1,0.5424207448959351
rf,ga,1,2521,2024-06-21 11:20:00,1,0,0.27592265605926514
rf,ga,1,2522,2024-06-21 11:25:00,0,1,0.8099660277366638
rf,ga,1,2523,2024-06-21 11:30:00,0,1,0.6555876731872559
rf,ga,1,2524,2024-06-21 11:35:00,0,1,0.626156210899353
rf,ga,1,2525,2024-06-21 11:40:00,0,0,0.25474703311920166
rf,ga,1,2526,2024-06-21 11:45:00,0,1,0.5185530185699463
rf,ga,1,2527,2024-06-21 11:50:00,0,1,0.5717794299125671
rf,ga,1,2528,2024-06-21 11:55:00,0,0,0.436757892370224
rf,ga,1,2529,2024-06-21 12:00:00,0,1,0.6951051950454712
rf,ga,1,2530,2024-06-21 12:05:00,0,1,0.6004399657249451
rf,ga,1,2531,2024-06-21 12:10:00,0,1,0.6105112433433533
rf,ga,1,2532,2024-06-21 12:15:00,1,0,0.1889270693063736
rf,ga,1,2533,2024-06-21 12:20:00,1,0,0.24921448528766632
rf,ga,1,2534,2024-06-21 12:25:00,1,1,0.5674000382423401
rf,ga,1,2535,2024-06-21 12:30:00,1,0,0.3212234079837799
rf,ga,1,2536,2024-06-21 12:35:00,1,0,0.22138848900794983
rf,ga,1,2537,2024-06-21 12:40:00,1,0,0.43044283986091614
rf,ga,1,2538,2024-06-21 12:45:00,1,1,0.6690255999565125
rf,ga,1,2539,2024-06-21 12:50:00,1,1,0.5475682616233826
rf,ga,1,2540,2024-06-21 12:55:00,1,1,0.6068857312202454
rf,ga,1,2541,2024-06-21 13:00:00,1,0,0.4847506284713745
rf,ga,1,2542,2024-06-21 13:05:00,1,1,0.54413241147995
rf,ga,1,2543,2024-06-21 13:10:00,1,1,0.7456948757171631
rf,ga,1,2544,2024-06-21 13:15:00,1,1,0.5645133852958679
rf,ga,1,2545,2024-06-21 13:20:00,1,1,0.8486418724060059
rf,ga,1,2546,2024-06-21 13:25:00,1,1,0.7501481175422668
rf,ga,1,2547,2024-06-21 13:30:00,1,1,0.8169724345207214
rf,ga,1,2548,2024-06-21 13:35:00,1,1,0.6461111903190613
rf,ga,1,2549,2024-06-21 13:40:00,1,1,0.7709454894065857
rf,ga,1,2550,2024-06-21 13:45:00,1,1,0.6722927093505859
rf,ga,1,2551,2024-06-21 13:50:00,0,1,0.7907320857048035
rf,ga,1,2552,2024-06-21 13:55:00,0,1,0.778685450553894
rf,ga,1,2553,2024-06-21 14:00:00,0,1,0.7426029443740845
rf,ga,1,2554,2024-06-21 14:05:00,0,0,0.3557968735694885
rf,ga,1,2555,2024-06-21 14:10:00,0,1,0.7621498703956604
rf,ga,1,2556,2024-06-21 14:15:00,0,0,0.4623132050037384
rf,ga,1,2557,2024-06-21 14:20:00,0,1,0.5069634318351746
rf,ga,1,2558,2024-06-21 14:25:00,0,0,0.36158663034439087
rf,ga,1,2559,2024-06-21 14:30:00,0,1,0.6265590190887451
rf,ga,1,2560,2024-06-21 14:35:00,0,0,0.44554367661476135
rf,ga,1,2561,2024-06-21 14:40:00,0,0,0.444510817527771
rf,ga,1,2562,2024-06-21 14:45:00,0,0,0.42579132318496704
rf,ga,1,2563,2024-06-21 14:50:00,0,0,0.4885716736316681
rf,ga,1,2564,2024-06-21 14:55:00,0,0,0.4443701207637787
rf,ga,1,2565,2024-06-21 15:00:00,1,0,0.3933672606945038
rf,ga,1,2566,2024-06-21 15:05:00,1,0,0.37003785371780396
rf,ga,1,2567,2024-06-21 15:10:00,1,0,0.4242331385612488
rf,ga,1,2568,2024-06-21 15:15:00,1,1,0.6641603112220764
rf,ga,1,2569,2024-06-21 15:20:00,1,1,0.7732409238815308
rf,ga,1,2570,2024-06-21 15:25:00,1,1,0.7115079164505005
rf,ga,1,2571,2024-06-21 15:30:00,1,1,0.8054785132408142
rf,ga,1,2572,2024-06-21 15:35:00,1,1,0.8015621900558472
rf,ga,1,2573,2024-06-21 15:40:00,1,1,0.6951628923416138
rf,ga,1,2574,2024-06-21 15:45:00,1,0,0.4677101671695709
rf,ga,1,2575,2024-06-21 15:50:00,1,1,0.8858793377876282
rf,ga,1,2576,2024-06-21 15:55:00,1,1,0.7928418517112732
rf,ga,1,2577,2024-06-21 16:00:00,1,1,0.7758100628852844
rf,ga,1,2578,2024-06-21 16:05:00,1,1,0.8270428776741028
rf,ga,1,2579,2024-06-21 16:10:00,1,1,0.7596269249916077
rf,ga,1,2580,2024-06-21 16:15:00,1,1,0.855137050151825
rf,ga,1,2581,2024-06-21 16:20:00,1,1,0.7313989400863647
rf,ga,1,2582,2024-06-21 16:25:00,1,1,0.6302080154418945
rf,ga,1,2583,2024-06-21 16:30:00,1,1,0.8074215054512024
rf,ga,1,2584,2024-06-21 16:35:00,1,1,0.8859540820121765
rf,ga,1,2585,2024-06-21 16:40:00,1,1,0.660869300365448
rf,ga,1,2586,2024-06-21 16:45:00,1,0,0.25764334201812744
rf,ga,1,2587,2024-06-21 16:50:00,1,0,0.48486843705177307
rf,ga,1,2588,2024-06-21 16:55:00,1,1,0.6931015253067017
rf,ga,1,2589,2024-06-21 17:00:00,1,0,0.3452085554599762
rf,ga,1,2590,2024-06-21 17:05:00,1,0,0.4339047074317932
rf,ga,1,2591,2024-06-21 17:10:00,1,0,0.2857881188392639
rf,ga,1,2592,2024-06-21 17:15:00,1,1,0.5631845593452454
rf,ga,1,2593,2024-06-21 17:20:00,1,1,0.5690397024154663
rf,ga,1,2594,2024-06-21 17:25:00,1,0,0.3845536410808563
rf,ga,1,2595,2024-06-21 17:30:00,1,1,0.5437063574790955
rf,ga,1,2596,2024-06-21 17:35:00,1,0,0.4687407314777374
rf,ga,1,2597,2024-06-21 17:40:00,1,0,0.4010389745235443
rf,ga,1,2598,2024-06-21 17:45:00,1,1,0.7232478857040405
rf,ga,1,2599,2024-06-21 17:50:00,1,0,0.28199583292007446
rf,ga,1,2600,2024-06-21 17:55:00,1,1,0.5986355543136597
rf,ga,1,2601,2024-06-24 10:50:00,0,1,0.9068647623062134
rf,ga,1,2602,2024-06-24 10:55:00,0,1,0.774147093296051
rf,ga,1,2603,2024-06-24 11:00:00,0,0,0.25500214099884033
rf,ga,1,2604,2024-06-24 11:05:00,0,0,0.33909595012664795
rf,ga,1,2605,2024-06-24 11:10:00,0,1,0.5922612547874451
rf,ga,1,2606,2024-06-24 11:15:00,0,1,0.5156070590019226
rf,ga,1,2607,2024-06-24 11:20:00,0,0,0.4573063850402832
rf,ga,1,2608,2024-06-24 11:25:00,0,0,0.4127040207386017
rf,ga,1,2609,2024-06-24 11:30:00,0,0,0.17190593481063843
rf,ga,1,2610,2024-06-24 11:35:00,0,0,0.28608259558677673
rf,ga,1,2611,2024-06-24 11:40:00,0,0,0.41305193305015564
rf,ga,1,2612,2024-06-24 11:45:00,0,0,0.4583396017551422
rf,ga,1,2613,2024-06-24 11:50:00,0,0,0.3014918267726898
rf,ga,1,2614,2024-06-24 11:55:00,0,0,0.4985387921333313
rf,ga,1,2615,2024-06-24 12:00:00,0,1,0.5598481297492981
rf,ga,1,2616,2024-06-24 12:05:00,0,1,0.6103005409240723
rf,ga,1,2617,2024-06-24 12:10:00,0,1,0.6118214130401611
rf,ga,1,2618,2024-06-24 12:15:00,0,0,0.3685089647769928
rf,ga,1,2619,2024-06-24 12:20:00,0,0,0.3867069184780121
rf,ga,1,2620,2024-06-24 12:25:00,0,0,0.29040881991386414
rf,ga,1,2621,2024-06-24 12:30:00,0,0,0.2784422039985657
rf,ga,1,2622,2024-06-24 12:35:00,0,0,0.31329113245010376
rf,ga,1,2623,2024-06-24 12:40:00,0,1,0.5022030472755432
rf,ga,1,2624,2024-06-24 12:45:00,1,0,0.40805181860923767
rf,ga,1,2625,2024-06-24 12:50:00,1,1,0.5649742484092712
rf,ga,1,2626,2024-06-24 12:55:00,1,1,0.6474602818489075
rf,ga,1,2627,2024-06-24 13:00:00,1,0,0.4096328318119049
rf,ga,1,2628,2024-06-24 13:05:00,1,0,0.48996502161026
rf,ga,1,2629,2024-06-24 13:10:00,1,1,0.73030024766922
rf,ga,1,2630,2024-06-24 13:15:00,1,1,0.7484826445579529
rf,ga,1,2631,2024-06-24 13:20:00,1,1,0.7612517476081848
rf,ga,1,2632,2024-06-24 13:25:00,1,1,0.6908016800880432
rf,ga,1,2633,2024-06-24 13:30:00,1,1,0.5475956797599792
rf,ga,1,2634,2024-06-24 13:35:00,1,1,0.7040191292762756
rf,ga,1,2635,2024-06-24 13:40:00,1,1,0.6258378028869629
rf,ga,1,2636,2024-06-24 13:45:00,1,1,0.5576711297035217
rf,ga,1,2637,2024-06-24 13:50:00,1,0,0.4065757989883423
rf,ga,1,2638,2024-06-24 13:55:00,1,1,0.5116581916809082
rf,ga,1,2639,2024-06-24 14:00:00,1,1,0.588778018951416
rf,ga,1,2640,2024-06-24 14:05:00,1,0,0.43787670135498047
rf,ga,1,2641,2024-06-24 14:10:00,1,0,0.41604894399642944
rf,ga,1,2642,2024-06-24 14:15:00,1,1,0.5609384775161743
rf,ga,1,2643,2024-06-24 14:20:00,1,0,0.44187283515930176
rf,ga,1,2644,2024-06-24 14:25:00,1,0,0.43734320998191833
rf,ga,1,2645,2024-06-24 14:30:00,1,1,0.7884555459022522
rf,ga,1,2646,2024-06-24 14:35:00,0,1,0.7896776795387268
rf,ga,1,2647,2024-06-24 14:40:00,0,1,0.5630177855491638
rf,ga,1,2648,2024-06-24 14:45:00,0,0,0.4909599721431732
rf,ga,1,2649,2024-06-24 14:50:00,0,0,0.4148115813732147
rf,ga,1,2650,2024-06-24 14:55:00,0,1,0.6494996547698975
rf,ga,1,2651,2024-06-24 15:00:00,0,1,0.6411885023117065
rf,ga,1,2652,2024-06-24 15:05:00,0,1,0.5645104050636292
rf,ga,1,2653,2024-06-24 15:10:00,0,1,0.6536182761192322
rf,ga,1,2654,2024-06-24 15:15:00,0,1,0.5309455394744873
rf,ga,1,2655,2024-06-24 15:20:00,0,0,0.38149294257164
rf,ga,1,2656,2024-06-24 15:25:00,0,0,0.4178408086299896
rf,ga,1,2657,2024-06-24 15:30:00,1,0,0.4230594336986542
rf,ga,1,2658,2024-06-24 15:35:00,1,1,0.6378388404846191
rf,ga,1,2659,2024-06-24 15:40:00,1,1,0.6192312836647034
rf,ga,1,2660,2024-06-24 15:45:00,1,1,0.6944039463996887
rf,ga,1,2661,2024-06-24 15:50:00,1,0,0.4308232367038727
rf,ga,1,2662,2024-06-24 15:55:00,1,0,0.3474471867084503
rf,ga,1,2663,2024-06-24 16:00:00,1,1,0.5190749764442444
rf,ga,1,2664,2024-06-24 16:05:00,1,1,0.5197221636772156
rf,ga,1,2665,2024-06-24 16:10:00,1,1,0.6166231632232666
rf,ga,1,2666,2024-06-24 16:15:00,1,0,0.4814918637275696
rf,ga,1,2667,2024-06-24 16:20:00,1,1,0.7140470743179321
rf,ga,1,2668,2024-06-24 16:25:00,1,1,0.5134187340736389
rf,ga,1,2669,2024-06-24 16:30:00,1,1,0.7430080771446228
rf,ga,1,2670,2024-06-24 16:35:00,1,1,0.6367937922477722
rf,ga,1,2671,2024-06-24 16:40:00,1,0,0.4105037748813629
rf,ga,1,2672,2024-06-24 16:45:00,1,1,0.873368501663208
rf,ga,1,2673,2024-06-24 16:50:00,1,1,0.7005402445793152
rf,ga,1,2674,2024-06-24 16:55:00,1,1,0.7639732360839844
rf,ga,1,2675,2024-06-24 17:00:00,1,0,0.4241805672645569
rf,ga,1,2676,2024-06-24 17:05:00,1,0,0.3727816939353943
rf,ga,1,2677,2024-06-24 17:10:00,1,0,0.36133331060409546
rf,ga,1,2678,2024-06-24 17:15:00,0,1,0.5395748615264893
rf,ga,1,2679,2024-06-24 17:20:00,0,1,0.5886473059654236
rf,ga,1,2680,2024-06-24 17:25:00,0,0,0.48785847425460815
rf,ga,1,2681,2024-06-24 17:30:00,0,0,0.4880087673664093
rf,ga,1,2682,2024-06-24 17:35:00,0,1,0.5138586759567261
rf,ga,1,2683,2024-06-24 17:40:00,0,1,0.5670417547225952
rf,ga,1,2684,2024-06-24 17:45:00,0,0,0.4494834542274475
rf,ga,1,2685,2024-06-24 17:50:00,0,1,0.5135521292686462
rf,ga,1,2686,2024-06-24 17:55:00,0,1,0.5765558481216431
rf,ga,1,2687,2024-06-25 12:35:00,1,0,0.21523697674274445
rf,ga,1,2688,2024-06-25 12:40:00,1,0,0.32797887921333313
rf,ga,1,2689,2024-06-25 12:45:00,1,1,0.623397171497345
rf,ga,1,2690,2024-06-25 12:50:00,1,0,0.41266530752182007
rf,ga,1,2691,2024-06-25 12:55:00,1,0,0.4764076769351959
rf,ga,1,2692,2024-06-25 13:00:00,1,1,0.665816605091095
rf,ga,1,2693,2024-06-25 13:05:00,1,1,0.6499600410461426
rf,ga,1,2694,2024-06-25 13:10:00,1,0,0.394291490316391
rf,ga,1,2695,2024-06-25 13:15:00,1,0,0.4708876311779022
rf,ga,1,2696,2024-06-25 13:20:00,1,1,0.6140238642692566
rf,ga,1,2697,2024-06-25 13:25:00,1,1,0.5775594711303711
rf,ga,1,2698,2024-06-25 13:30:00,1,1,0.6443683505058289
rf,ga,1,2699,2024-06-25 13:35:00,1,1,0.8420330882072449
rf,ga,1,2700,2024-06-25 13:40:00,1,1,0.7845308184623718
rf,ga,1,2701,2024-06-25 13:45:00,1,1,0.6619583368301392
rf,ga,1,2702,2024-06-25 13:50:00,1,1,0.5411176085472107
rf,ga,1,2703,2024-06-25 13:55:00,1,1,0.6766872406005859
rf,ga,1,2704,2024-06-25 14:00:00,1,1,0.6735501885414124
rf,ga,1,2705,2024-06-25 14:05:00,1,1,0.7217472791671753
rf,ga,1,2706,2024-06-25 14:10:00,1,1,0.7166630625724792
rf,ga,1,2707,2024-06-25 14:15:00,1,1,0.5938670635223389
rf,ga,1,2708,2024-06-25 14:20:00,1,0,0.47499963641166687
rf,ga,1,2709,2024-06-25 14:25:00,1,1,0.6563813090324402
rf,ga,1,2710,2024-06-25 14:30:00,1,1,0.6646603345870972
rf,ga,1,2711,2024-06-25 14:35:00,1,1,0.5070809125900269
rf,ga,1,2712,2024-06-25 14:40:00,1,1,0.6272496581077576
rf,ga,1,2713,2024-06-25 14:45:00,1,1,0.7262271642684937
rf,ga,1,2714,2024-06-25 14:50:00,0,1,0.918334424495697
rf,ga,1,2715,2024-06-25 14:55:00,0,1,0.8022843599319458
rf,ga,1,2716,2024-06-25 15:00:00,0,1,0.7557196617126465
rf,ga,1,2717,2024-06-25 15:05:00,0,1,0.7134107351303101
rf,ga,1,2718,2024-06-25 15:10:00,0,1,0.8388473987579346
rf,ga,1,2719,2024-06-25 15:15:00,0,0,0.4614636301994324
rf,ga,1,2720,2024-06-25 15:20:00,0,0,0.1317877620458603
rf,ga,1,2721,2024-06-25 15:25:00,0,0,0.36191344261169434
rf,ga,1,2722,2024-06-25 15:30:00,0,1,0.627760648727417
rf,ga,1,2723,2024-06-25 15:35:00,0,0,0.34338411688804626
rf,ga,1,2724,2024-06-25 15:40:00,0,0,0.23917588591575623
rf,ga,1,2725,2024-06-25 15:45:00,0,1,0.5403018593788147
rf,ga,1,2726,2024-06-25 15:50:00,0,0,0.33494865894317627
rf,ga,1,2727,2024-06-25 15:55:00,0,1,0.7271423935890198
rf,ga,1,2728,2024-06-25 16:00:00,0,1,0.6799196600914001
rf,ga,1,2729,2024-06-25 16:05:00,0,0,0.44247856736183167
rf,ga,1,2730,2024-06-25 16:10:00,0,0,0.44153887033462524
rf,ga,1,2731,2024-06-25 16:15:00,0,1,0.6417626142501831
rf,ga,1,2732,2024-06-25 16:20:00,0,1,0.5847817063331604
rf,ga,1,2733,2024-06-25 16:25:00,0,1,0.5958132147789001
rf,ga,1,2734,2024-06-25 16:30:00,0,0,0.32178014516830444
rf,ga,1,2735,2024-06-25 16:35:00,0,0,0.4031938910484314
rf,ga,1,2736,2024-06-25 16:40:00,1,0,0.320780873298645
rf,ga,1,2737,2024-06-25 16:45:00,1,0,0.408233642578125
rf,ga,1,2738,2024-06-25 16:50:00,1,1,0.5172966122627258
rf,ga,1,2739,2024-06-25 16:55:00,1,0,0.33556079864501953
rf,ga,1,2740,2024-06-25 17:00:00,1,1,0.6384062170982361
rf,ga,1,2741,2024-06-25 17:05:00,1,1,0.5722446441650391
rf,ga,1,2742,2024-06-25 17:10:00,1,1,0.6651115417480469
rf,ga,1,2743,2024-06-25 17:15:00,1,1,0.6420468091964722
rf,ga,1,2744,2024-06-25 17:20:00,1,1,0.503669798374176
rf,ga,1,2745,2024-06-25 17:25:00,1,1,0.6872977018356323
rf,ga,1,2746,2024-06-25 17:30:00,0,1,0.6783562302589417
rf,ga,1,2747,2024-06-25 17:35:00,0,1,0.5735697746276855
rf,ga,1,2748,2024-06-25 17:40:00,0,0,0.4861108064651489
rf,ga,1,2749,2024-06-25 17:45:00,0,0,0.37375330924987793
rf,ga,1,2750,2024-06-25 17:50:00,0,1,0.5344269275665283
rf,ga,1,2751,2024-06-25 17:55:00,0,0,0.4880698323249817
rf,ga,1,2752,2024-06-26 10:40:00,1,0,0.3187916576862335
rf,ga,1,2753,2024-06-26 10:45:00,1,0,0.24652476608753204
rf,ga,1,2754,2024-06-26 10:50:00,1,0,0.2907079756259918
rf,ga,1,2755,2024-06-26 10:55:00,1,0,0.31420785188674927
rf,ga,1,2756,2024-06-26 11:00:00,1,1,0.9464266300201416
rf,ga,1,2757,2024-06-26 11:05:00,1,1,0.6475650072097778
rf,ga,1,2758,2024-06-26 11:10:00,1,1,0.7083388566970825
rf,ga,1,2759,2024-06-26 11:15:00,1,1,0.874085545539856
rf,ga,1,2760,2024-06-26 11:20:00,1,1,0.7835553288459778
rf,ga,1,2761,2024-06-26 11:25:00,1,1,0.7597146034240723
rf,ga,1,2762,2024-06-26 11:30:00,1,0,0.45298969745635986
rf,ga,1,2763,2024-06-26 11:35:00,1,1,0.5743503570556641
rf,ga,1,2764,2024-06-26 11:40:00,1,0,0.34979403018951416
rf,ga,1,2765,2024-06-26 11:45:00,1,0,0.32099074125289917
rf,ga,1,2766,2024-06-26 11:50:00,1,1,0.5580917596817017
rf,ga,1,2767,2024-06-26 11:55:00,1,1,0.5776230096817017
rf,ga,1,2768,2024-06-26 12:00:00,1,1,0.5592769384384155
rf,ga,1,2769,2024-06-26 12:05:00,1,1,0.5557684898376465
rf,ga,1,2770,2024-06-26 12:10:00,1,0,0.4888397753238678
rf,ga,1,2771,2024-06-26 12:15:00,1,0,0.3073320984840393
rf,ga,1,2772,2024-06-26 12:20:00,1,1,0.6443530917167664
rf,ga,1,2773,2024-06-26 12:25:00,1,1,0.6647632122039795
rf,ga,1,2774,2024-06-26 12:30:00,1,1,0.5891242623329163
rf,ga,1,2775,2024-06-26 12:35:00,1,1,0.7275829315185547
rf,ga,1,2776,2024-06-26 12:40:00,1,1,0.6698479056358337
rf,ga,1,2777,2024-06-26 12:45:00,1,1,0.6576213836669922
rf,ga,1,2778,2024-06-26 12:50:00,1,1,0.7534075379371643
rf,ga,1,2779,2024-06-26 12:55:00,1,1,0.7989228963851929
rf,ga,1,2780,2024-06-26 13:00:00,1,1,0.8271874189376831
rf,ga,1,2781,2024-06-26 13:05:00,1,1,0.7343721389770508
rf,ga,1,2782,2024-06-26 13:10:00,1,1,0.6784121990203857
rf,ga,1,2783,2024-06-26 13:15:00,1,1,0.6886190176010132
rf,ga,1,2784,2024-06-26 13:20:00,1,1,0.7548251152038574
rf,ga,1,2785,2024-06-26 13:25:00,1,1,0.7286482453346252
rf,ga,1,2786,2024-06-26 13:30:00,1,0,0.490337073802948
rf,ga,1,2787,2024-06-26 13:35:00,1,1,0.8602421879768372
rf,ga,1,2788,2024-06-26 13:40:00,1,1,0.875895619392395
rf,ga,1,2789,2024-06-26 13:45:00,1,1,0.8198063373565674
rf,ga,1,2790,2024-06-26 13:50:00,1,1,0.8147067427635193
rf,ga,1,2791,2024-06-26 13:55:00,1,1,0.7154161930084229
rf,ga,1,2792,2024-06-26 14:00:00,1,1,0.7428221106529236
rf,ga,1,2793,2024-06-26 14:05:00,1,0,0.3893265128135681
rf,ga,1,2794,2024-06-26 14:10:00,1,0,0.35925042629241943
rf,ga,1,2795,2024-06-26 14:15:00,1,1,0.5079111456871033
rf,ga,1,2796,2024-06-26 14:20:00,1,0,0.4919256567955017
rf,ga,1,2797,2024-06-26 14:25:00,1,1,0.5730583071708679
rf,ga,1,2798,2024-06-26 14:30:00,1,1,0.6916109323501587
rf,ga,1,2799,2024-06-26 14:35:00,1,1,0.524250864982605
rf,ga,1,2800,2024-06-26 14:40:00,1,1,0.6868600249290466
rf,ga,1,2801,2024-06-26 14:45:00,1,1,0.5814396142959595
rf,ga,1,2802,2024-06-26 14:50:00,1,1,0.5076894760131836
rf,ga,1,2803,2024-06-26 14:55:00,1,1,0.6104100346565247
rf,ga,1,2804,2024-06-26 15:00:00,1,1,0.7073951959609985
rf,ga,1,2805,2024-06-26 15:05:00,1,1,0.8238497376441956
rf,ga,1,2806,2024-06-26 15:10:00,0,1,0.7893201112747192
rf,ga,1,2807,2024-06-26 15:15:00,0,1,0.8520838618278503
rf,ga,1,2808,2024-06-26 15:20:00,0,1,0.8308260440826416
rf,ga,1,2809,2024-06-26 15:25:00,0,0,0.3736225664615631
rf,ga,1,2810,2024-06-26 15:30:00,0,1,0.6095168590545654
rf,ga,1,2811,2024-06-26 15:35:00,0,0,0.34247541427612305
rf,ga,1,2812,2024-06-26 15:40:00,0,0,0.3875625431537628
rf,ga,1,2813,2024-06-26 15:45:00,0,0,0.16998183727264404
rf,ga,1,2814,2024-06-26 15:50:00,0,0,0.2449624389410019
rf,ga,1,2815,2024-06-26 15:55:00,0,0,0.32200685143470764
rf,ga,1,2816,2024-06-26 16:00:00,0,0,0.4190156161785126
rf,ga,1,2817,2024-06-26 16:05:00,0,0,0.1330203413963318
rf,ga,1,2818,2024-06-26 16:10:00,1,1,0.5595390200614929
rf,ga,1,2819,2024-06-26 16:15:00,1,1,0.6105180978775024
rf,ga,1,2820,2024-06-26 16:20:00,1,1,0.622090756893158
rf,ga,1,2821,2024-06-26 16:25:00,1,1,0.7835295796394348
rf,ga,1,2822,2024-06-26 16:30:00,1,1,0.5848636031150818
rf,ga,1,2823,2024-06-26 16:35:00,1,1,0.5687589049339294
rf,ga,1,2824,2024-06-26 16:40:00,1,1,0.7620090842247009
rf,ga,1,2825,2024-06-26 16:45:00,1,1,0.6858525276184082
rf,ga,1,2826,2024-06-26 16:50:00,0,1,0.7053433656692505
rf,ga,1,2827,2024-06-26 16:55:00,0,1,0.7354896664619446
rf,ga,1,2828,2024-06-26 17:00:00,0,1,0.6925538182258606
rf,ga,1,2829,2024-06-26 17:05:00,0,1,0.7244018912315369
rf,ga,1,2830,2024-06-26 17:10:00,0,0,0.31474074721336365
rf,ga,1,2831,2024-06-26 17:15:00,0,0,0.2933385670185089
rf,ga,1,2832,2024-06-26 17:20:00,0,0,0.3569410741329193
rf,ga,1,2833,2024-06-26 17:25:00,0,0,0.3197251260280609
rf,ga,1,2834,2024-06-26 17:30:00,1,0,0.4101235866546631
rf,ga,1,2835,2024-06-26 17:35:00,1,0,0.34875643253326416
rf,ga,1,2836,2024-06-26 17:40:00,1,0,0.41144055128097534
rf,ga,1,2837,2024-06-26 17:45:00,1,1,0.5245116353034973
rf,ga,1,2838,2024-06-26 17:50:00,1,1,0.7992615699768066
rf,ga,1,2839,2024-06-26 17:55:00,1,1,0.7900069355964661
rf,ga,1,2840,2024-06-27 10:55:00,0,1,0.67471843957901
rf,ga,1,2841,2024-06-27 11:00:00,0,1,0.638888955116272
rf,ga,1,2842,2024-06-27 11:05:00,0,0,0.45523205399513245
rf,ga,1,2843,2024-06-27 11:10:00,0,1,0.7729381918907166
rf,ga,1,2844,2024-06-27 11:15:00,0,1,0.8486907482147217
rf,ga,1,2845,2024-06-27 11:20:00,0,0,0.22128012776374817
rf,ga,1,2846,2024-06-27 11:25:00,0,0,0.30459338426589966
rf,ga,1,2847,2024-06-27 11:30:00,0,0,0.23971566557884216
rf,ga,1,2848,2024-06-27 11:35:00,0,0,0.44903844594955444
rf,ga,1,2849,2024-06-27 11:40:00,0,0,0.39781832695007324
rf,ga,1,2850,2024-06-27 11:45:00,0,0,0.37745481729507446
rf,ga,1,2851,2024-06-27 11:50:00,0,0,0.16221745312213898
rf,ga,1,2852,2024-06-27 11:55:00,0,0,0.2126004695892334
rf,ga,1,2853,2024-06-27 12:00:00,1,0,0.29515302181243896
rf,ga,1,2854,2024-06-27 12:05:00,1,0,0.35592103004455566
rf,ga,1,2855,2024-06-27 12:10:00,1,0,0.25894203782081604
rf,ga,1,2856,2024-06-27 12:15:00,1,0,0.48380932211875916
rf,ga,1,2857,2024-06-27 12:20:00,1,1,0.5950994491577148
rf,ga,1,2858,2024-06-27 12:25:00,1,1,0.5429746508598328
rf,ga,1,2859,2024-06-27 12:30:00,1,1,0.8420876264572144
rf,ga,1,2860,2024-06-27 12:35:00,1,1,0.8271554112434387
rf,ga,1,2861,2024-06-27 12:40:00,1,1,0.8524197936058044
rf,ga,1,2862,2024-06-27 12:45:00,1,1,0.590958833694458
rf,ga,1,2863,2024-06-27 12:50:00,1,0,0.4414992034435272
rf,ga,1,2864,2024-06-27 12:55:00,0,1,0.754450798034668
rf,ga,1,2865,2024-06-27 13:00:00,0,1,0.6571861505508423
rf,ga,1,2866,2024-06-27 13:05:00,0,0,0.4489443898200989
rf,ga,1,2867,2024-06-27 13:10:00,0,0,0.24102231860160828
rf,ga,1,2868,2024-06-27 13:15:00,0,0,0.3160637319087982
rf,ga,1,2869,2024-06-27 13:20:00,0,1,0.5070924758911133
rf,ga,1,2870,2024-06-27 13:25:00,0,0,0.3183514475822449
rf,ga,1,2871,2024-06-27 13:30:00,0,0,0.3782767355442047
rf,ga,1,2872,2024-06-27 13:35:00,0,0,0.47372883558273315
rf,ga,1,2873,2024-06-27 13:40:00,0,1,0.5833175182342529
rf,ga,1,2874,2024-06-27 13:45:00,0,1,0.6236472129821777
rf,ga,1,2875,2024-06-27 13:50:00,0,1,0.7030926942825317
rf,ga,1,2876,2024-06-27 13:55:00,0,1,0.7089564800262451
rf,ga,1,2877,2024-06-27 14:00:00,0,1,0.6382046937942505
rf,ga,1,2878,2024-06-27 14:05:00,0,0,0.45889797806739807
rf,ga,1,2879,2024-06-27 14:10:00,1,0,0.2610150873661041
rf,ga,1,2880,2024-06-27 14:15:00,1,0,0.42896172404289246
rf,ga,1,2881,2024-06-27 14:20:00,1,1,0.7247934341430664
rf,ga,1,2882,2024-06-27 14:25:00,1,1,0.8480350375175476
rf,ga,1,2883,2024-06-27 14:30:00,1,1,0.7519481778144836
rf,ga,1,2884,2024-06-27 14:35:00,1,1,0.8355312347412109
rf,ga,1,2885,2024-06-27 14:40:00,1,1,0.8672451972961426
rf,ga,1,2886,2024-06-27 14:45:00,1,1,0.6968522071838379
rf,ga,1,2887,2024-06-27 14:50:00,1,1,0.6945956945419312
rf,ga,1,2888,2024-06-27 14:55:00,1,1,0.7949172854423523
rf,ga,1,2889,2024-06-27 15:00:00,1,1,0.8565699458122253
rf,ga,1,2890,2024-06-27 15:05:00,1,0,0.35909926891326904
rf,ga,1,2891,2024-06-27 15:10:00,1,1,0.7041297554969788
rf,ga,1,2892,2024-06-27 15:15:00,1,1,0.6107765436172485
rf,ga,1,2893,2024-06-27 15:20:00,1,1,0.5991073250770569
rf,ga,1,2894,2024-06-27 15:25:00,1,1,0.6726764440536499
rf,ga,1,2895,2024-06-27 15:30:00,1,1,0.6922066807746887
rf,ga,1,2896,2024-06-27 15:35:00,1,1,0.8626393675804138
rf,ga,1,2897,2024-06-27 15:40:00,1,1,0.8701334595680237
rf,ga,1,2898,2024-06-27 15:45:00,1,1,0.7528541088104248
rf,ga,1,2899,2024-06-27 15:50:00,1,1,0.7670170664787292
rf,ga,1,2900,2024-06-27 15:55:00,1,1,0.7634493708610535
rf,ga,1,2901,2024-06-27 16:00:00,1,1,0.6394819021224976
rf,ga,1,2902,2024-06-27 16:05:00,1,1,0.5108638405799866
rf,ga,1,2903,2024-06-27 16:10:00,1,1,0.6408926248550415
rf,ga,1,2904,2024-06-27 16:15:00,1,0,0.3446215093135834
rf,ga,1,2905,2024-06-27 16:20:00,1,0,0.35358864068984985
rf,ga,1,2906,2024-06-27 16:25:00,1,0,0.327596515417099
rf,ga,1,2907,2024-06-27 16:30:00,1,0,0.3381896913051605
rf,ga,1,2908,2024-06-27 16:35:00,1,0,0.219004824757576
rf,ga,1,2909,2024-06-27 16:40:00,1,1,0.6835167407989502
rf,ga,1,2910,2024-06-27 16:45:00,1,1,0.7119337916374207
rf,ga,1,2911,2024-06-27 16:50:00,1,1,0.8187066316604614
rf,ga,1,2912,2024-06-27 16:55:00,1,1,0.6872725486755371
rf,ga,1,2913,2024-06-27 17:00:00,1,1,0.7279537320137024
rf,ga,1,2914,2024-06-27 17:05:00,1,1,0.7802639603614807
rf,ga,1,2915,2024-06-27 17:10:00,1,1,0.7132888436317444
rf,ga,1,2916,2024-06-27 17:15:00,1,0,0.43238359689712524
rf,ga,1,2917,2024-06-27 17:20:00,1,0,0.4459652304649353
rf,ga,1,2918,2024-06-27 17:25:00,1,1,0.6449495553970337
rf,ga,1,2919,2024-06-27 17:30:00,1,1,0.6426520347595215
rf,ga,1,2920,2024-06-27 17:35:00,1,0,0.4425930976867676
rf,ga,1,2921,2024-06-27 17:40:00,1,1,0.5181844830513
rf,ga,1,2922,2024-06-27 17:45:00,1,0,0.4666915535926819
rf,ga,1,2923,2024-06-27 17:50:00,1,1,0.7106172442436218
rf,ga,1,2924,2024-06-27 17:55:00,0,1,0.7531620264053345
rf,ga,1,2925,2024-06-28 10:40:00,0,0,0.2724795639514923
rf,ga,1,2926,2024-06-28 10:45:00,0,0,0.0488528236746788
rf,ga,1,2927,2024-06-28 10:50:00,0,0,0.09031040221452713
rf,ga,1,2928,2024-06-28 10:55:00,0,0,0.13286931812763214
rf,ga,1,2929,2024-06-28 11:00:00,1,0,0.08638443797826767
rf,ga,1,2930,2024-06-28 11:05:00,1,0,0.20642465353012085
rf,ga,1,2931,2024-06-28 11:10:00,1,0,0.31958886981010437
rf,ga,1,2932,2024-06-28 11:15:00,1,0,0.362520694732666
rf,ga,1,2933,2024-06-28 11:20:00,1,1,0.580876886844635
rf,ga,1,2934,2024-06-28 11:25:00,1,0,0.4773969054222107
rf,ga,1,2935,2024-06-28 11:30:00,1,1,0.8148310780525208
rf,ga,1,2936,2024-06-28 11:35:00,1,1,0.6359772682189941
rf,ga,1,2937,2024-06-28 11:40:00,1,0,0.49333006143569946
rf,ga,1,2938,2024-06-28 11:45:00,1,1,0.6691437363624573
rf,ga,1,2939,2024-06-28 11:50:00,1,1,0.7768658399581909
rf,ga,1,2940,2024-06-28 11:55:00,1,1,0.8581593036651611
rf,ga,1,2941,2024-06-28 12:00:00,1,1,0.7769266366958618
rf,ga,1,2942,2024-06-28 12:05:00,1,1,0.5013284683227539
rf,ga,1,2943,2024-06-28 12:10:00,1,0,0.49545854330062866
rf,ga,1,2944,2024-06-28 12:15:00,1,0,0.4358903169631958
rf,ga,1,2945,2024-06-28 12:20:00,1,1,0.6968319416046143
rf,ga,1,2946,2024-06-28 12:25:00,1,0,0.3271818161010742
rf,ga,1,2947,2024-06-28 12:30:00,1,0,0.40816888213157654
rf,ga,1,2948,2024-06-28 12:35:00,0,1,0.6875931024551392
rf,ga,1,2949,2024-06-28 12:40:00,0,1,0.7468674778938293
rf,ga,1,2950,2024-06-28 12:45:00,0,1,0.8528978228569031
rf,ga,1,2951,2024-06-28 12:50:00,0,1,0.5337986946105957
rf,ga,1,2952,2024-06-28 12:55:00,0,0,0.36570796370506287
rf,ga,1,2953,2024-06-28 13:00:00,0,0,0.27825960516929626
rf,ga,1,2954,2024-06-28 13:05:00,0,0,0.4682370126247406
rf,ga,1,2955,2024-06-28 13:10:00,0,0,0.3651925027370453
rf,ga,1,2956,2024-06-28 13:15:00,0,1,0.5731732845306396
rf,ga,1,2957,2024-06-28 13:20:00,0,0,0.47640731930732727
rf,ga,1,2958,2024-06-28 13:25:00,0,0,0.2672925889492035
rf,ga,1,2959,2024-06-28 13:30:00,0,0,0.35511523485183716
rf,ga,1,2960,2024-06-28 13:35:00,1,0,0.30821478366851807
rf,ga,1,2961,2024-06-28 13:40:00,1,1,0.7271321415901184
rf,ga,1,2962,2024-06-28 13:45:00,1,0,0.47356536984443665
rf,ga,1,2963,2024-06-28 13:50:00,1,0,0.42940983176231384
rf,ga,1,2964,2024-06-28 13:55:00,1,1,0.7975347638130188
rf,ga,1,2965,2024-06-28 14:00:00,1,1,0.5777279138565063
rf,ga,1,2966,2024-06-28 14:05:00,1,1,0.637221097946167
rf,ga,1,2967,2024-06-28 14:10:00,1,1,0.6128562092781067
rf,ga,1,2968,2024-06-28 14:15:00,1,1,0.6367380619049072
rf,ga,1,2969,2024-06-28 14:20:00,1,1,0.7604981660842896
rf,ga,1,2970,2024-06-28 14:25:00,1,1,0.7088788151741028
rf,ga,1,2971,2024-06-28 14:30:00,1,1,0.5634323358535767
rf,ga,1,2972,2024-06-28 14:35:00,1,1,0.825661301612854
rf,ga,1,2973,2024-06-28 14:40:00,1,1,0.7853183746337891
rf,ga,1,2974,2024-06-28 14:45:00,0,1,0.8460476994514465
rf,ga,1,2975,2024-06-28 14:50:00,0,1,0.9035118222236633
rf,ga,1,2976,2024-06-28 14:55:00,0,1,0.5081009268760681
rf,ga,1,2977,2024-06-28 15:00:00,0,0,0.25297442078590393
rf,ga,1,2978,2024-06-28 15:05:00,0,0,0.1964733749628067
rf,ga,1,2979,2024-06-28 15:10:00,0,0,0.4764373004436493
rf,ga,1,2980,2024-06-28 15:15:00,0,0,0.39361611008644104
rf,ga,1,2981,2024-06-28 15:20:00,0,1,0.5037856698036194
rf,ga,1,2982,2024-06-28 15:25:00,0,0,0.4908362329006195
rf,ga,1,2983,2024-06-28 15:30:00,0,0,0.29885950684547424
rf,ga,1,2984,2024-06-28 15:35:00,0,0,0.23905877768993378
rf,ga,1,2985,2024-06-28 15:40:00,0,0,0.181949645280838
rf,ga,1,2986,2024-06-28 15:45:00,0,0,0.39380931854248047
rf,ga,1,2987,2024-06-28 15:50:00,0,0,0.4408223330974579
rf,ga,1,2988,2024-06-28 15:55:00,0,0,0.4597605764865875
rf,ga,1,2989,2024-06-28 16:00:00,0,1,0.6243174076080322
rf,ga,1,2990,2024-06-28 16:05:00,0,0,0.26917797327041626
rf,ga,1,2991,2024-06-28 16:10:00,0,0,0.3386303186416626
rf,ga,1,2992,2024-06-28 16:15:00,1,0,0.3376976549625397
rf,ga,1,2993,2024-06-28 16:20:00,1,1,0.674685537815094
rf,ga,1,2994,2024-06-28 16:25:00,1,1,0.5185639262199402
rf,ga,1,2995,2024-06-28 16:30:00,1,1,0.6565930843353271
rf,ga,1,2996,2024-06-28 16:35:00,1,1,0.8414349555969238
rf,ga,1,2997,2024-06-28 16:40:00,1,1,0.7064691185951233
rf,ga,1,2998,2024-06-28 16:45:00,1,1,0.7297236323356628
rf,ga,1,2999,2024-06-28 16:50:00,1,1,0.7808369994163513
rf,ga,1,3000,2024-06-28 16:55:00,0,1,0.8307183980941772
rf,ga,1,3001,2024-06-28 17:00:00,0,1,0.8108264207839966
rf,ga,1,3002,2024-06-28 17:05:00,0,1,0.6170191764831543
rf,ga,1,3003,2024-06-28 17:10:00,0,1,0.7841055393218994
rf,ga,1,3004,2024-06-28 17:15:00,0,1,0.5296189188957214
rf,ga,1,3005,2024-06-28 17:20:00,0,0,0.27608048915863037
rf,ga,1,3006,2024-06-28 17:25:00,0,1,0.522689700126648
rf,ga,1,3007,2024-06-28 17:30:00,0,0,0.4172511398792267
rf,ga,1,3008,2024-06-28 17:35:00,0,0,0.2535657584667206
rf,ga,1,3009,2024-06-28 17:40:00,0,1,0.629255473613739
rf,ga,1,3010,2024-06-28 17:45:00,0,1,0.6538299918174744
rf,ga,1,3011,2024-06-28 17:50:00,0,0,0.32200372219085693
