model_type,optimizer,seed,row_id,datetime,y_true,y_pred,y_proba
svm,pso,1,0,2024-05-20 15:25:00,1,1,0.6552784482276158
svm,pso,1,1,2024-05-20 15:25:00,1,1,0.7869468218948392
svm,pso,1,2,2024-05-20 15:30:00,1,0,0.4099503515289271
svm,pso,1,3,2024-05-20 15:30:00,1,0,0.3251893695907219
svm,pso,1,4,2024-05-20 15:35:00,1,0,0.4648052829820797
svm,pso,1,5,2024-05-20 15:35:00,1,1,0.5697158350609859
svm,pso,1,6,2024-05-20 15:40:00,1,0,0.3566021024913955
svm,pso,1,7,2024-05-20 15:40:00,1,1,0.5317541355555052
svm,pso,1,8,2024-05-20 15:45:00,1,1,0.693887568430639
svm,pso,1,9,2024-05-20 15:45:00,1,0,0.23651949152379023
svm,pso,1,10,2024-05-20 15:50:00,1,0,0.27606306262667574
svm,pso,1,11,2024-05-20 15:50:00,1,1,0.5061594618145354
svm,pso,1,12,2024-05-20 15:55:00,1,0,0.3753624116138124
svm,pso,1,13,2024-05-20 15:55:00,1,0,0.3199168958369399
svm,pso,1,14,2024-05-20 16:00:00,1,1,0.6858373409099824
svm,pso,1,15,2024-05-20 16:00:00,1,1,0.6503975338124303
svm,pso,1,16,2024-05-20 16:05:00,1,0,0.41115537231509325
svm,pso,1,17,2024-05-20 16:05:00,1,1,0.5587886105209731
svm,pso,1,18,2024-05-20 16:10:00,1,1,0.5509683890376167
svm,pso,1,19,2024-05-20 16:10:00,1,1,0.534247574041839
svm,pso,1,20,2024-05-20 16:15:00,1,1,0.5124103332091591
svm,pso,1,21,2024-05-20 16:15:00,1,0,0.43489336764318715
svm,pso,1,22,2024-05-20 16:20:00,1,1,0.6627097236708093
svm,pso,1,23,2024-05-20 16:20:00,1,1,0.6324557800725142
svm,pso,1,24,2024-05-20 16:25:00,1,0,0.47357187785293603
svm,pso,1,25,2024-05-20 16:25:00,1,1,0.6497879407236312
svm,pso,1,26,2024-05-20 16:30:00,1,0,0.49723331028795614
svm,pso,1,27,2024-05-20 16:30:00,1,0,0.44326668815968767
svm,pso,1,28,2024-05-20 16:35:00,1,1,0.5528276997422931
svm,pso,1,29,2024-05-20 16:35:00,1,1,0.720286752671616
svm,pso,1,30,2024-05-20 16:40:00,1,0,0.38966760698111647
svm,pso,1,31,2024-05-20 16:40:00,1,0,0.2966394031907075
svm,pso,1,32,2024-05-20 16:45:00,1,1,0.6908976633644383
svm,pso,1,33,2024-05-20 16:45:00,1,1,0.5516425029248138
svm,pso,1,34,2024-05-20 16:50:00,1,1,0.6140578770799193
svm,pso,1,35,2024-05-20 16:50:00,1,1,0.5860507837790075
svm,pso,1,36,2024-05-20 16:55:00,0,1,0.6664122014882504
svm,pso,1,37,2024-05-20 16:55:00,0,1,0.6353950832064859
svm,pso,1,38,2024-05-20 17:00:00,0,1,0.655111800229432
svm,pso,1,39,2024-05-20 17:00:00,0,1,0.6325906185159464
svm,pso,1,40,2024-05-20 17:05:00,0,1,0.557655537436761
svm,pso,1,41,2024-05-20 17:05:00,0,1,0.5295800692032789
svm,pso,1,42,2024-05-20 17:10:00,0,0,0.4113847269811078
svm,pso,1,43,2024-05-20 17:10:00,0,1,0.5167174531528193
svm,pso,1,44,2024-05-20 17:15:00,0,1,0.5223114122258031
svm,pso,1,45,2024-05-20 17:15:00,0,1,0.6804184380276357
svm,pso,1,46,2024-05-20 17:20:00,0,1,0.6128208534901156
svm,pso,1,47,2024-05-20 17:20:00,0,0,0.49225192896923975
svm,pso,1,48,2024-05-20 17:25:00,0,1,0.5186376312384855
svm,pso,1,49,2024-05-20 17:25:00,0,1,0.5549863789669605
svm,pso,1,50,2024-05-20 17:30:00,0,0,0.2069796860121646
svm,pso,1,51,2024-05-20 17:30:00,0,1,0.6723715681041359
svm,pso,1,52,2024-05-20 17:35:00,0,1,0.6776910087478523
svm,pso,1,53,2024-05-20 17:35:00,0,1,0.532214901971648
svm,pso,1,54,2024-05-20 17:40:00,0,0,0.35724496618190255
svm,pso,1,55,2024-05-20 17:40:00,0,1,0.565215007143404
svm,pso,1,56,2024-05-20 17:45:00,0,0,0.3679340703930445
svm,pso,1,57,2024-05-20 17:45:00,0,0,0.4190835571038358
svm,pso,1,58,2024-05-20 17:50:00,0,0,0.45033742668076304
svm,pso,1,59,2024-05-20 17:50:00,0,1,0.6467049228810711
svm,pso,1,60,2024-05-20 17:55:00,0,0,0.2540375417292562
svm,pso,1,61,2024-05-20 17:55:00,0,0,0.3640922559423966
svm,pso,1,62,2024-05-21 13:30:00,1,1,0.5058878635833168
svm,pso,1,63,2024-05-21 13:30:00,1,1,0.5107985664312497
svm,pso,1,64,2024-05-21 13:35:00,1,1,0.684941565050322
svm,pso,1,65,2024-05-21 13:35:00,1,0,0.41523727522345605
svm,pso,1,66,2024-05-21 13:40:00,1,0,0.49015565928831123
svm,pso,1,67,2024-05-21 13:40:00,1,1,0.5679199466955311
svm,pso,1,68,2024-05-21 13:45:00,1,1,0.7991186299376692
svm,pso,1,69,2024-05-21 13:45:00,1,1,0.6535336742290582
svm,pso,1,70,2024-05-21 13:50:00,1,1,0.768717035970108
svm,pso,1,71,2024-05-21 13:50:00,1,1,0.6242432169917476
svm,pso,1,72,2024-05-21 13:55:00,1,0,0.2570689139499596
svm,pso,1,73,2024-05-21 13:55:00,1,1,0.5845381716406526
svm,pso,1,74,2024-05-21 14:00:00,1,1,0.705072511646963
svm,pso,1,75,2024-05-21 14:00:00,1,1,0.6603566106925874
svm,pso,1,76,2024-05-21 14:05:00,1,1,0.7039133807705257
svm,pso,1,77,2024-05-21 14:05:00,1,1,0.6271905583475212
svm,pso,1,78,2024-05-21 14:10:00,1,1,0.6192902661938556
svm,pso,1,79,2024-05-21 14:10:00,1,1,0.6771194952823711
svm,pso,1,80,2024-05-21 14:15:00,1,1,0.747925512026589
svm,pso,1,81,2024-05-21 14:15:00,1,1,0.643904897219894
svm,pso,1,82,2024-05-21 14:20:00,1,1,0.7153493576690848
svm,pso,1,83,2024-05-21 14:20:00,1,1,0.7021613959460627
svm,pso,1,84,2024-05-21 14:25:00,1,1,0.5334164294458174
svm,pso,1,85,2024-05-21 14:25:00,1,1,0.578971520957616
svm,pso,1,86,2024-05-21 14:30:00,1,1,0.6160275940821778
svm,pso,1,87,2024-05-21 14:30:00,1,1,0.6537239135519269
svm,pso,1,88,2024-05-21 14:35:00,1,0,0.4687620982551267
svm,pso,1,89,2024-05-21 14:35:00,1,0,0.45395708255448414
svm,pso,1,90,2024-05-21 14:40:00,1,0,0.430208812741262
svm,pso,1,91,2024-05-21 14:40:00,1,0,0.4807597529776564
svm,pso,1,92,2024-05-21 14:45:00,1,1,0.5951524559041802
svm,pso,1,93,2024-05-21 14:45:00,1,1,0.6229836033538869
svm,pso,1,94,2024-05-21 14:50:00,1,1,0.6742878165288754
svm,pso,1,95,2024-05-21 14:50:00,1,1,0.6394291395305798
svm,pso,1,96,2024-05-21 14:55:00,1,0,0.3162702879416449
svm,pso,1,97,2024-05-21 14:55:00,1,1,0.5769265654389213
svm,pso,1,98,2024-05-21 15:00:00,1,0,0.4805515443381502
svm,pso,1,99,2024-05-21 15:00:00,1,1,0.5167177859107283
svm,pso,1,100,2024-05-21 15:05:00,0,1,0.5985241810726991
svm,pso,1,101,2024-05-21 15:05:00,0,1,0.5868608052435034
svm,pso,1,102,2024-05-21 15:10:00,0,1,0.8368433815347284
svm,pso,1,103,2024-05-21 15:10:00,0,0,0.4979829980724309
svm,pso,1,104,2024-05-21 15:15:00,0,0,0.393670869266705
svm,pso,1,105,2024-05-21 15:15:00,0,0,0.3161263548143609
svm,pso,1,106,2024-05-21 15:20:00,0,0,0.24477048262089268
svm,pso,1,107,2024-05-21 15:20:00,0,0,0.47241409051839733
svm,pso,1,108,2024-05-21 15:25:00,0,0,0.3303947887207771
svm,pso,1,109,2024-05-21 15:25:00,0,1,0.5849529139057462
svm,pso,1,110,2024-05-21 15:30:00,0,0,0.37882284684608075
svm,pso,1,111,2024-05-21 15:30:00,0,0,0.4847585183777511
svm,pso,1,112,2024-05-21 15:35:00,0,1,0.5608370590618758
svm,pso,1,113,2024-05-21 15:35:00,0,0,0.3783132289801857
svm,pso,1,114,2024-05-21 15:40:00,0,1,0.5546645877183499
svm,pso,1,115,2024-05-21 15:40:00,0,0,0.2999918061327186
svm,pso,1,116,2024-05-21 15:45:00,0,0,0.43342800612922333
svm,pso,1,117,2024-05-21 15:50:00,0,1,0.618038540282895
svm,pso,1,118,2024-05-21 15:50:00,0,1,0.6538704864779441
svm,pso,1,119,2024-05-21 15:55:00,0,1,0.6414971038970112
svm,pso,1,120,2024-05-21 15:55:00,0,1,0.6812566455542473
svm,pso,1,121,2024-05-21 16:00:00,0,1,0.6496798517780221
svm,pso,1,122,2024-05-21 16:00:00,0,1,0.6448186724082156
svm,pso,1,123,2024-05-21 16:05:00,0,0,0.48352103818648745
svm,pso,1,124,2024-05-21 16:05:00,0,1,0.6370936040721168
svm,pso,1,125,2024-05-21 16:10:00,0,0,0.46860756219566696
svm,pso,1,126,2024-05-21 16:10:00,0,0,0.47012942406457464
svm,pso,1,127,2024-05-21 16:15:00,0,0,0.46131622563297137
svm,pso,1,128,2024-05-21 16:15:00,0,0,0.48990100062025355
svm,pso,1,129,2024-05-21 16:20:00,0,1,0.7735043926649356
svm,pso,1,130,2024-05-21 16:20:00,0,1,0.6563901240881237
svm,pso,1,131,2024-05-21 16:25:00,0,0,0.3369623886150968
svm,pso,1,132,2024-05-21 16:25:00,0,1,0.6129431699388539
svm,pso,1,133,2024-05-21 16:30:00,0,1,0.5503281888772236
svm,pso,1,134,2024-05-21 16:30:00,0,1,0.6147940002521919
svm,pso,1,135,2024-05-21 16:35:00,0,1,0.5673628737355336
svm,pso,1,136,2024-05-21 16:35:00,0,0,0.37241992171323596
svm,pso,1,137,2024-05-21 16:40:00,0,0,0.3966779032756841
svm,pso,1,138,2024-05-21 16:40:00,0,1,0.5146618885586387
svm,pso,1,139,2024-05-21 16:45:00,0,0,0.3735142563515608
svm,pso,1,140,2024-05-21 16:45:00,0,0,0.44875814837517763
svm,pso,1,141,2024-05-21 16:50:00,0,1,0.5227335879432194
svm,pso,1,142,2024-05-21 16:50:00,0,1,0.6138908097329174
svm,pso,1,143,2024-05-21 16:55:00,0,0,0.3930334543751434
svm,pso,1,144,2024-05-21 16:55:00,0,0,0.3830614534224232
svm,pso,1,145,2024-05-21 17:00:00,0,0,0.41714662863962504
svm,pso,1,146,2024-05-21 17:00:00,0,1,0.5013738814458363
svm,pso,1,147,2024-05-21 17:05:00,0,1,0.5649117482372579
svm,pso,1,148,2024-05-21 17:05:00,0,0,0.33146416115387056
svm,pso,1,149,2024-05-21 17:10:00,0,0,0.32372882743145526
svm,pso,1,150,2024-05-21 17:10:00,0,1,0.6462602764937165
svm,pso,1,151,2024-05-21 17:15:00,0,0,0.4888053073682434
svm,pso,1,152,2024-05-21 17:15:00,0,0,0.4308358366388824
svm,pso,1,153,2024-05-21 17:20:00,0,0,0.4251217082352469
svm,pso,1,154,2024-05-21 17:20:00,0,1,0.5242051750031634
svm,pso,1,155,2024-05-21 17:25:00,0,1,0.5814779389319338
svm,pso,1,156,2024-05-21 17:25:00,0,0,0.37025585050711307
svm,pso,1,157,2024-05-21 17:30:00,0,0,0.4048160853760334
svm,pso,1,158,2024-05-21 17:30:00,0,0,0.25341944549795603
svm,pso,1,159,2024-05-21 17:35:00,0,0,0.3779814869737874
svm,pso,1,160,2024-05-21 17:40:00,0,0,0.2811745593348611
svm,pso,1,161,2024-05-21 17:40:00,0,1,0.5191474874898436
svm,pso,1,162,2024-05-21 17:45:00,0,1,0.5345094016805221
svm,pso,1,163,2024-05-21 17:50:00,0,1,0.5350214929447183
svm,pso,1,164,2024-05-21 17:50:00,0,0,0.4754403045981342
svm,pso,1,165,2024-05-21 17:55:00,0,1,0.569091117936178
svm,pso,1,166,2024-05-21 17:55:00,0,0,0.47245732213442265
svm,pso,1,167,2024-05-22 11:40:00,1,0,0.2018796560749163
svm,pso,1,168,2024-05-22 11:45:00,1,1,0.5270930183007672
svm,pso,1,169,2024-05-22 11:50:00,1,1,0.5562849730987998
svm,pso,1,170,2024-05-22 11:55:00,1,1,0.6363651906310974
svm,pso,1,171,2024-05-22 12:00:00,1,1,0.688329091903334
svm,pso,1,172,2024-05-22 12:05:00,0,1,0.5002231887707087
svm,pso,1,173,2024-05-22 12:10:00,0,1,0.6576835689500549
svm,pso,1,174,2024-05-22 12:15:00,0,1,0.6152110825804379
svm,pso,1,175,2024-05-22 12:20:00,0,0,0.38540613193206386
svm,pso,1,176,2024-05-22 12:25:00,0,1,0.5583842148923842
svm,pso,1,177,2024-05-22 12:30:00,0,0,0.3924037556693517
svm,pso,1,178,2024-05-22 12:35:00,0,1,0.608910304311791
svm,pso,1,179,2024-05-22 12:40:00,0,1,0.6080324301334659
svm,pso,1,180,2024-05-22 12:45:00,0,0,0.4830667910110511
svm,pso,1,181,2024-05-22 12:50:00,0,0,0.4890056439720338
svm,pso,1,182,2024-05-22 12:55:00,0,1,0.6136939030498391
svm,pso,1,183,2024-05-22 13:00:00,0,0,0.36692572027795206
svm,pso,1,184,2024-05-22 13:05:00,0,1,0.6401727689991283
svm,pso,1,185,2024-05-22 13:10:00,0,1,0.5702024781174748
svm,pso,1,186,2024-05-22 13:15:00,0,1,0.5008719526133802
svm,pso,1,187,2024-05-22 13:20:00,0,0,0.23043206289154478
svm,pso,1,188,2024-05-22 13:25:00,0,0,0.48645356474469753
svm,pso,1,189,2024-05-22 13:30:00,0,0,0.46301879294170284
svm,pso,1,190,2024-05-22 13:35:00,0,1,0.7559535348538913
svm,pso,1,191,2024-05-22 13:40:00,0,1,0.7306760816732079
svm,pso,1,192,2024-05-22 13:45:00,0,0,0.46317213398996393
svm,pso,1,193,2024-05-22 13:50:00,0,1,0.5498385675460234
svm,pso,1,194,2024-05-22 13:55:00,0,0,0.48860220536011256
svm,pso,1,195,2024-05-22 14:00:00,0,0,0.425618699184163
svm,pso,1,196,2024-05-22 14:05:00,0,1,0.5751966356506645
svm,pso,1,197,2024-05-22 14:10:00,0,1,0.6888260601317775
svm,pso,1,198,2024-05-22 14:15:00,0,0,0.38806456506510295
svm,pso,1,199,2024-05-22 14:20:00,0,1,0.7215068822581437
svm,pso,1,200,2024-05-22 14:25:00,0,1,0.5954933418034517
svm,pso,1,201,2024-05-22 14:30:00,0,0,0.43561771110188696
svm,pso,1,202,2024-05-22 14:35:00,0,0,0.4891156861374793
svm,pso,1,203,2024-05-22 14:40:00,0,0,0.4183016098048493
svm,pso,1,204,2024-05-22 14:45:00,0,0,0.3669492241183034
svm,pso,1,205,2024-05-22 14:50:00,0,0,0.3629417951242181
svm,pso,1,206,2024-05-22 14:55:00,0,1,0.6103926379919387
svm,pso,1,207,2024-05-22 15:00:00,0,1,0.5965155326081837
svm,pso,1,208,2024-05-22 15:05:00,0,0,0.4278784715079115
svm,pso,1,209,2024-05-22 15:10:00,0,0,0.32152395010840457
svm,pso,1,210,2024-05-22 15:15:00,0,0,0.44907997950213463
svm,pso,1,211,2024-05-22 15:20:00,0,0,0.33401013810521474
svm,pso,1,212,2024-05-22 15:25:00,0,0,0.4791733976649016
svm,pso,1,213,2024-05-22 15:30:00,0,0,0.33667105116983426
svm,pso,1,214,2024-05-22 15:35:00,0,1,0.6445838147811344
svm,pso,1,215,2024-05-22 15:40:00,0,1,0.5360238838475084
svm,pso,1,216,2024-05-22 15:45:00,0,0,0.4654052183520923
svm,pso,1,217,2024-05-22 15:50:00,0,1,0.6305483644668944
svm,pso,1,218,2024-05-22 15:55:00,0,0,0.4602732835276498
svm,pso,1,219,2024-05-22 16:00:00,0,1,0.8024360053506261
svm,pso,1,220,2024-05-22 16:05:00,0,1,0.5896394591493158
svm,pso,1,221,2024-05-22 16:10:00,0,0,0.41496506029289204
svm,pso,1,222,2024-05-22 16:15:00,0,0,0.37831730848484146
svm,pso,1,223,2024-05-22 16:20:00,0,0,0.379771837539978
svm,pso,1,224,2024-05-22 16:25:00,0,1,0.5137840089583118
svm,pso,1,225,2024-05-22 16:30:00,0,1,0.7145913457456049
svm,pso,1,226,2024-05-22 16:35:00,0,1,0.6527674212968976
svm,pso,1,227,2024-05-22 16:40:00,0,0,0.4105263037570973
svm,pso,1,228,2024-05-22 16:45:00,0,0,0.3947837620482821
svm,pso,1,229,2024-05-22 16:50:00,0,0,0.45768899584197437
svm,pso,1,230,2024-05-22 16:55:00,0,1,0.6434314768744785
svm,pso,1,231,2024-05-22 17:00:00,0,1,0.5954065257606894
svm,pso,1,232,2024-05-22 17:05:00,0,1,0.5209283022457009
svm,pso,1,233,2024-05-22 17:10:00,0,0,0.4348213747969769
svm,pso,1,234,2024-05-22 17:15:00,0,1,0.7232939082555809
svm,pso,1,235,2024-05-22 17:20:00,0,1,0.5450456855494993
svm,pso,1,236,2024-05-22 17:25:00,0,0,0.3233557402259342
svm,pso,1,237,2024-05-22 17:30:00,0,0,0.4348294264919729
svm,pso,1,238,2024-05-22 17:35:00,0,1,0.5808504916766117
svm,pso,1,239,2024-05-22 17:40:00,0,0,0.3999556822461201
svm,pso,1,240,2024-05-22 17:45:00,0,1,0.7270344754610389
svm,pso,1,241,2024-05-22 17:50:00,0,0,0.3548818710577393
svm,pso,1,242,2024-05-22 17:55:00,0,1,0.6917584414688679
svm,pso,1,243,2024-05-23 11:15:00,1,1,0.5258261466299413
svm,pso,1,244,2024-05-23 11:20:00,1,0,0.45215098188027397
svm,pso,1,245,2024-05-23 11:25:00,1,1,0.6093686113766046
svm,pso,1,246,2024-05-23 11:30:00,1,1,0.5521378963133069
svm,pso,1,247,2024-05-23 11:35:00,1,0,0.3637210841123523
svm,pso,1,248,2024-05-23 11:40:00,1,0,0.24757744827550815
svm,pso,1,249,2024-05-23 11:45:00,1,0,0.3555840677295313
svm,pso,1,250,2024-05-23 11:50:00,1,1,0.5604804224659774
svm,pso,1,251,2024-05-23 11:55:00,1,1,0.7126093271808749
svm,pso,1,252,2024-05-23 12:00:00,1,1,0.5611772591154498
svm,pso,1,253,2024-05-23 12:05:00,1,0,0.46691064406609156
svm,pso,1,254,2024-05-23 12:10:00,1,1,0.5285740917575448
svm,pso,1,255,2024-05-23 12:15:00,1,0,0.26084714027175987
svm,pso,1,256,2024-05-23 12:20:00,1,1,0.6667308876416761
svm,pso,1,257,2024-05-23 12:25:00,1,1,0.5343057795786595
svm,pso,1,258,2024-05-23 12:30:00,1,1,0.5579127182622964
svm,pso,1,259,2024-05-23 12:35:00,1,1,0.6998862849570895
svm,pso,1,260,2024-05-23 12:40:00,1,1,0.6324862997245807
svm,pso,1,261,2024-05-23 12:45:00,1,1,0.5566997529223782
svm,pso,1,262,2024-05-23 12:50:00,1,1,0.6851114341147413
svm,pso,1,263,2024-05-23 12:55:00,1,1,0.5727860056750154
svm,pso,1,264,2024-05-23 13:00:00,1,1,0.528647875819282
svm,pso,1,265,2024-05-23 13:05:00,1,1,0.608217521566592
svm,pso,1,266,2024-05-23 13:10:00,1,1,0.5028983546547745
svm,pso,1,267,2024-05-23 13:15:00,1,0,0.4496546134956095
svm,pso,1,268,2024-05-23 13:20:00,1,1,0.7394164046451478
svm,pso,1,269,2024-05-23 13:25:00,0,1,0.6767195000668559
svm,pso,1,270,2024-05-23 13:30:00,0,1,0.5867724875136843
svm,pso,1,271,2024-05-23 13:35:00,0,0,0.25799009132377326
svm,pso,1,272,2024-05-23 13:40:00,0,0,0.3838916434392919
svm,pso,1,273,2024-05-23 13:45:00,0,0,0.37209025450052396
svm,pso,1,274,2024-05-23 13:50:00,0,1,0.5841988011342569
svm,pso,1,275,2024-05-23 13:55:00,0,0,0.42339308307170187
svm,pso,1,276,2024-05-23 14:00:00,0,1,0.5333909884559344
svm,pso,1,277,2024-05-23 14:05:00,0,1,0.5544203575406565
svm,pso,1,278,2024-05-23 14:10:00,0,1,0.644497270726854
svm,pso,1,279,2024-05-23 14:15:00,0,1,0.5765012573163535
svm,pso,1,280,2024-05-23 14:20:00,0,1,0.6767116999067373
svm,pso,1,281,2024-05-23 14:25:00,0,1,0.6271923608954986
svm,pso,1,282,2024-05-23 14:30:00,0,1,0.5067007983872778
svm,pso,1,283,2024-05-23 14:35:00,0,0,0.4493861162311497
svm,pso,1,284,2024-05-23 14:40:00,0,0,0.3815893426466943
svm,pso,1,285,2024-05-23 14:45:00,0,0,0.42007553035143586
svm,pso,1,286,2024-05-23 14:50:00,0,0,0.37744876361381
svm,pso,1,287,2024-05-23 14:55:00,0,0,0.357208236206993
svm,pso,1,288,2024-05-23 15:00:00,1,0,0.4989047548335089
svm,pso,1,289,2024-05-23 15:00:00,1,0,0.3891185523828136
svm,pso,1,290,2024-05-23 15:05:00,1,0,0.4579841620966709
svm,pso,1,291,2024-05-23 15:05:00,1,0,0.4909668076504617
svm,pso,1,292,2024-05-23 15:10:00,1,0,0.4406044394355876
svm,pso,1,293,2024-05-23 15:10:00,1,1,0.5437971172787203
svm,pso,1,294,2024-05-23 15:15:00,1,0,0.3152185526729195
svm,pso,1,295,2024-05-23 15:15:00,1,0,0.35314656192077054
svm,pso,1,296,2024-05-23 15:20:00,1,1,0.6683925151054624
svm,pso,1,297,2024-05-23 15:20:00,1,1,0.6222955303122237
svm,pso,1,298,2024-05-23 15:25:00,1,1,0.5300030539500864
svm,pso,1,299,2024-05-23 15:25:00,1,0,0.4902756456358316
svm,pso,1,300,2024-05-23 15:30:00,1,0,0.4050612883603042
svm,pso,1,301,2024-05-23 15:30:00,1,1,0.5819968205085828
svm,pso,1,302,2024-05-23 15:35:00,1,1,0.61681986521587
svm,pso,1,303,2024-05-23 15:35:00,1,1,0.652768731807868
svm,pso,1,304,2024-05-23 15:40:00,1,1,0.6611536704809988
svm,pso,1,305,2024-05-23 15:40:00,1,1,0.7818958695126764
svm,pso,1,306,2024-05-23 15:45:00,1,1,0.6761411788938099
svm,pso,1,307,2024-05-23 15:45:00,1,1,0.6803193170687993
svm,pso,1,308,2024-05-23 15:50:00,1,1,0.6411652792761797
svm,pso,1,309,2024-05-23 15:50:00,1,0,0.37784193565603036
svm,pso,1,310,2024-05-23 15:55:00,1,0,0.2421337020407325
svm,pso,1,311,2024-05-23 15:55:00,1,0,0.3893559709704792
svm,pso,1,312,2024-05-23 16:00:00,1,1,0.7011448023864838
svm,pso,1,313,2024-05-23 16:00:00,1,1,0.7167811493633763
svm,pso,1,314,2024-05-23 16:05:00,1,1,0.7002377977226071
svm,pso,1,315,2024-05-23 16:05:00,1,1,0.7020461990256093
svm,pso,1,316,2024-05-23 16:10:00,1,1,0.6687380016835459
svm,pso,1,317,2024-05-23 16:10:00,1,1,0.6935452322502474
svm,pso,1,318,2024-05-23 16:15:00,1,1,0.6255115355932042
svm,pso,1,319,2024-05-23 16:15:00,1,1,0.6682722568715405
svm,pso,1,320,2024-05-23 16:20:00,1,1,0.6383621415052839
svm,pso,1,321,2024-05-23 16:20:00,1,1,0.6772234031719095
svm,pso,1,322,2024-05-23 16:25:00,1,1,0.5946074922228068
svm,pso,1,323,2024-05-23 16:25:00,1,0,0.422546869762971
svm,pso,1,324,2024-05-23 16:30:00,1,1,0.5395416385598538
svm,pso,1,325,2024-05-23 16:30:00,1,0,0.47686707961105695
svm,pso,1,326,2024-05-23 16:35:00,1,0,0.49618432309941657
svm,pso,1,327,2024-05-23 16:35:00,1,1,0.6089078947929212
svm,pso,1,328,2024-05-23 16:40:00,1,1,0.5661182769302576
svm,pso,1,329,2024-05-23 16:40:00,1,1,0.6252602669969101
svm,pso,1,330,2024-05-23 16:45:00,1,0,0.26977679854538744
svm,pso,1,331,2024-05-23 16:45:00,1,0,0.41983246385094214
svm,pso,1,332,2024-05-23 16:50:00,1,1,0.5880796238270877
svm,pso,1,333,2024-05-23 16:50:00,1,1,0.6337414978680245
svm,pso,1,334,2024-05-23 16:55:00,1,1,0.561192624313459
svm,pso,1,335,2024-05-23 16:55:00,1,1,0.5977104473988616
svm,pso,1,336,2024-05-23 17:00:00,1,1,0.6591208874961808
svm,pso,1,337,2024-05-23 17:00:00,1,1,0.5880039898017907
svm,pso,1,338,2024-05-23 17:05:00,1,1,0.6467808772080809
svm,pso,1,339,2024-05-23 17:05:00,1,1,0.5906270738541443
svm,pso,1,340,2024-05-23 17:10:00,1,0,0.47997346987494566
svm,pso,1,341,2024-05-23 17:10:00,1,1,0.6117384781229425
svm,pso,1,342,2024-05-23 17:15:00,1,1,0.5990712197884399
svm,pso,1,343,2024-05-23 17:15:00,1,0,0.34925730986479037
svm,pso,1,344,2024-05-23 17:20:00,1,1,0.6219448513006844
svm,pso,1,345,2024-05-23 17:20:00,1,1,0.6201442351537995
svm,pso,1,346,2024-05-23 17:25:00,1,1,0.5667283469676873
svm,pso,1,347,2024-05-23 17:25:00,1,1,0.66572623264138
svm,pso,1,348,2024-05-23 17:30:00,1,1,0.6077640957640631
svm,pso,1,349,2024-05-23 17:30:00,1,1,0.5383228528956241
svm,pso,1,350,2024-05-23 17:35:00,1,1,0.5905080235596388
svm,pso,1,351,2024-05-23 17:35:00,1,0,0.440348510391426
svm,pso,1,352,2024-05-23 17:40:00,1,0,0.35107717484506856
svm,pso,1,353,2024-05-23 17:40:00,1,1,0.5721093963018822
svm,pso,1,354,2024-05-23 17:45:00,1,0,0.42832484428927814
svm,pso,1,355,2024-05-23 17:45:00,1,1,0.5258589455161442
svm,pso,1,356,2024-05-23 17:50:00,1,0,0.3675144018943608
svm,pso,1,357,2024-05-23 17:50:00,1,0,0.41540072263364697
svm,pso,1,358,2024-05-23 17:55:00,1,1,0.5688595211698128
svm,pso,1,359,2024-05-23 17:55:00,1,0,0.39384816585669313
svm,pso,1,360,2024-05-24 10:40:00,0,1,0.6449958731141815
svm,pso,1,361,2024-05-24 10:40:00,0,1,0.6708951856190274
svm,pso,1,362,2024-05-24 10:45:00,0,1,0.6404519647971256
svm,pso,1,363,2024-05-24 10:45:00,0,1,0.5647752599442802
svm,pso,1,364,2024-05-24 10:50:00,0,0,0.4218421172294802
svm,pso,1,365,2024-05-24 10:50:00,0,0,0.32859924555857367
svm,pso,1,366,2024-05-24 10:55:00,0,1,0.5592903137810684
svm,pso,1,367,2024-05-24 10:55:00,0,0,0.3416668610974244
svm,pso,1,368,2024-05-24 11:00:00,0,1,0.5634786971930575
svm,pso,1,369,2024-05-24 11:00:00,0,1,0.572460448608371
svm,pso,1,370,2024-05-24 11:05:00,0,1,0.6922661406266226
svm,pso,1,371,2024-05-24 11:05:00,0,1,0.6839824489022808
svm,pso,1,372,2024-05-24 11:10:00,0,1,0.5675454696571928
svm,pso,1,373,2024-05-24 11:10:00,0,1,0.7200948958149453
svm,pso,1,374,2024-05-24 11:15:00,0,0,0.37440853370331484
svm,pso,1,375,2024-05-24 11:15:00,0,1,0.5476784321631638
svm,pso,1,376,2024-05-24 11:20:00,0,1,0.564153625839031
svm,pso,1,377,2024-05-24 11:20:00,1,1,0.6622569195295229
svm,pso,1,378,2024-05-24 11:25:00,0,0,0.49251012216251916
svm,pso,1,379,2024-05-24 11:25:00,0,1,0.5922772110427893
svm,pso,1,380,2024-05-24 11:30:00,0,0,0.434326025052138
svm,pso,1,381,2024-05-24 11:30:00,0,1,0.5741548685532321
svm,pso,1,382,2024-05-24 11:35:00,0,0,0.3675045462256294
svm,pso,1,383,2024-05-24 11:35:00,0,0,0.3600825145865593
svm,pso,1,384,2024-05-24 11:40:00,0,0,0.2913571288753982
svm,pso,1,385,2024-05-24 11:40:00,0,1,0.597864060006493
svm,pso,1,386,2024-05-24 11:45:00,0,0,0.45683762987735893
svm,pso,1,387,2024-05-24 11:45:00,1,1,0.66418542617251
svm,pso,1,388,2024-05-24 11:50:00,0,0,0.49642003848639865
svm,pso,1,389,2024-05-24 11:50:00,0,0,0.48385790883387325
svm,pso,1,390,2024-05-24 11:55:00,0,1,0.5797699672467989
svm,pso,1,391,2024-05-24 11:55:00,0,1,0.6045849480311739
svm,pso,1,392,2024-05-24 12:00:00,0,0,0.45684528148968234
svm,pso,1,393,2024-05-24 12:00:00,0,0,0.37268392118410243
svm,pso,1,394,2024-05-24 12:05:00,0,1,0.5636161667003374
svm,pso,1,395,2024-05-24 12:05:00,0,0,0.3543799125750947
svm,pso,1,396,2024-05-24 12:10:00,0,0,0.44936084180606245
svm,pso,1,397,2024-05-24 12:10:00,0,0,0.44913433741964987
svm,pso,1,398,2024-05-24 12:15:00,0,1,0.6325794200992343
svm,pso,1,399,2024-05-24 12:15:00,0,0,0.3407432405913299
svm,pso,1,400,2024-05-24 12:20:00,0,1,0.5013325660603851
svm,pso,1,401,2024-05-24 12:20:00,0,0,0.3608551413390624
svm,pso,1,402,2024-05-24 12:25:00,0,0,0.4186613392496114
svm,pso,1,403,2024-05-24 12:25:00,0,1,0.524787245624682
svm,pso,1,404,2024-05-24 12:30:00,0,0,0.4972304194829344
svm,pso,1,405,2024-05-24 12:30:00,0,1,0.5523435897601021
svm,pso,1,406,2024-05-24 12:35:00,0,0,0.4488587458043478
svm,pso,1,407,2024-05-24 12:35:00,0,0,0.37403754324983
svm,pso,1,408,2024-05-24 12:40:00,0,0,0.42822598103761655
svm,pso,1,409,2024-05-24 12:40:00,0,0,0.42761947808029954
svm,pso,1,410,2024-05-24 12:45:00,0,0,0.42387048198598654
svm,pso,1,411,2024-05-24 12:45:00,0,0,0.32555551427657686
svm,pso,1,412,2024-05-24 12:50:00,0,0,0.4129726083477744
svm,pso,1,413,2024-05-24 12:50:00,0,0,0.4198006603414094
svm,pso,1,414,2024-05-24 12:55:00,0,0,0.49070189812321935
svm,pso,1,415,2024-05-24 12:55:00,0,0,0.3889674691687667
svm,pso,1,416,2024-05-24 13:00:00,0,0,0.44807600860388874
svm,pso,1,417,2024-05-24 13:00:00,0,0,0.47426044048974
svm,pso,1,418,2024-05-24 13:05:00,0,0,0.46766224085909175
svm,pso,1,419,2024-05-24 13:05:00,0,1,0.6289193708847887
svm,pso,1,420,2024-05-24 13:10:00,0,1,0.7318993411890595
svm,pso,1,421,2024-05-24 13:10:00,0,1,0.5922590601295509
svm,pso,1,422,2024-05-24 13:15:00,0,1,0.5626724977273045
svm,pso,1,423,2024-05-24 13:15:00,0,1,0.6613568934809027
svm,pso,1,424,2024-05-24 13:20:00,0,1,0.5170894926656338
svm,pso,1,425,2024-05-24 13:20:00,0,1,0.5361628822669321
svm,pso,1,426,2024-05-24 13:25:00,0,1,0.6768501908267007
svm,pso,1,427,2024-05-24 13:25:00,0,0,0.41887595180968523
svm,pso,1,428,2024-05-24 13:30:00,0,1,0.5928886097538008
svm,pso,1,429,2024-05-24 13:30:00,0,1,0.6248140030131996
svm,pso,1,430,2024-05-24 13:35:00,0,1,0.6115488371205537
svm,pso,1,431,2024-05-24 13:35:00,0,1,0.5799037983600875
svm,pso,1,432,2024-05-24 13:40:00,0,1,0.5342341464735063
svm,pso,1,433,2024-05-24 13:40:00,0,1,0.5644995295854279
svm,pso,1,434,2024-05-24 13:45:00,0,0,0.31491263091379323
svm,pso,1,435,2024-05-24 13:45:00,0,0,0.4224993748270175
svm,pso,1,436,2024-05-24 13:50:00,0,0,0.46310840076921717
svm,pso,1,437,2024-05-24 13:50:00,0,1,0.546832701051423
svm,pso,1,438,2024-05-24 13:55:00,0,0,0.3629070380986565
svm,pso,1,439,2024-05-24 13:55:00,0,0,0.45143038307772126
svm,pso,1,440,2024-05-24 14:00:00,0,1,0.5255853115110329
svm,pso,1,441,2024-05-24 14:00:00,0,0,0.3661251778211097
svm,pso,1,442,2024-05-24 14:05:00,0,0,0.3214809105978601
svm,pso,1,443,2024-05-24 14:05:00,0,0,0.377907177910239
svm,pso,1,444,2024-05-24 14:10:00,0,0,0.4875932536107136
svm,pso,1,445,2024-05-24 14:10:00,0,0,0.3823402611895219
svm,pso,1,446,2024-05-24 14:15:00,0,0,0.49143643236805196
svm,pso,1,447,2024-05-24 14:15:00,0,0,0.48009959451921275
svm,pso,1,448,2024-05-24 14:20:00,0,0,0.4731683008138892
svm,pso,1,449,2024-05-24 14:20:00,1,0,0.40135864554811446
svm,pso,1,450,2024-05-24 14:25:00,0,1,0.5208787619780566
svm,pso,1,451,2024-05-24 14:25:00,1,0,0.47778184824050757
svm,pso,1,452,2024-05-24 14:30:00,0,0,0.43684815964299656
svm,pso,1,453,2024-05-24 14:30:00,1,1,0.5306165514575035
svm,pso,1,454,2024-05-24 14:35:00,1,1,0.6178196792093477
svm,pso,1,455,2024-05-24 14:35:00,0,1,0.6238480289978419
svm,pso,1,456,2024-05-24 14:40:00,0,1,0.6236842986887392
svm,pso,1,457,2024-05-24 14:40:00,1,1,0.5787095873590221
svm,pso,1,458,2024-05-24 14:45:00,0,0,0.4893263824959426
svm,pso,1,459,2024-05-24 14:45:00,1,1,0.557163336023339
svm,pso,1,460,2024-05-24 14:50:00,0,1,0.5454977463995546
svm,pso,1,461,2024-05-24 14:50:00,1,0,0.49355304995559024
svm,pso,1,462,2024-05-24 14:55:00,0,0,0.4472296835932067
svm,pso,1,463,2024-05-24 14:55:00,1,0,0.44684950842407895
svm,pso,1,464,2024-05-24 15:00:00,0,1,0.6879058621579067
svm,pso,1,465,2024-05-24 15:00:00,0,1,0.5984197313562055
svm,pso,1,466,2024-05-24 15:05:00,0,1,0.6774177423875438
svm,pso,1,467,2024-05-24 15:05:00,0,1,0.5540032488212603
svm,pso,1,468,2024-05-24 15:10:00,0,1,0.6152434746771042
svm,pso,1,469,2024-05-24 15:10:00,0,0,0.40632590088262865
svm,pso,1,470,2024-05-24 15:15:00,0,1,0.6155142622576052
svm,pso,1,471,2024-05-24 15:15:00,0,0,0.3934601970537943
svm,pso,1,472,2024-05-24 15:20:00,0,0,0.442502513939473
svm,pso,1,473,2024-05-24 15:20:00,0,1,0.549800404971993
svm,pso,1,474,2024-05-24 15:25:00,0,1,0.5155551320060608
svm,pso,1,475,2024-05-24 15:25:00,0,1,0.6200923930841237
svm,pso,1,476,2024-05-24 15:30:00,0,1,0.5016628900285487
svm,pso,1,477,2024-05-24 15:30:00,0,1,0.5242271964036188
svm,pso,1,478,2024-05-24 15:35:00,0,1,0.5923670310859743
svm,pso,1,479,2024-05-24 15:35:00,0,0,0.4323338857338184
svm,pso,1,480,2024-05-24 15:40:00,0,0,0.38401959834801686
svm,pso,1,481,2024-05-24 15:40:00,0,0,0.2826616834376072
svm,pso,1,482,2024-05-24 15:45:00,0,1,0.5815328134010389
svm,pso,1,483,2024-05-24 15:45:00,0,0,0.4944777622504731
svm,pso,1,484,2024-05-24 15:50:00,0,0,0.49204624443240685
svm,pso,1,485,2024-05-24 15:50:00,0,1,0.6362431513291447
svm,pso,1,486,2024-05-24 15:55:00,0,1,0.617077653538126
svm,pso,1,487,2024-05-24 15:55:00,0,0,0.4852413256481666
svm,pso,1,488,2024-05-24 16:00:00,0,1,0.5486772107662838
svm,pso,1,489,2024-05-24 16:00:00,1,0,0.4388148820317956
svm,pso,1,490,2024-05-24 16:05:00,1,1,0.5173562342071915
svm,pso,1,491,2024-05-24 16:05:00,0,0,0.3670520328749383
svm,pso,1,492,2024-05-24 16:10:00,0,0,0.44102629690689565
svm,pso,1,493,2024-05-24 16:10:00,1,1,0.6052036051478953
svm,pso,1,494,2024-05-24 16:15:00,1,1,0.759853688979573
svm,pso,1,495,2024-05-24 16:15:00,0,0,0.35858742035916513
svm,pso,1,496,2024-05-24 16:20:00,0,0,0.3688479497584131
svm,pso,1,497,2024-05-24 16:20:00,1,0,0.4773149786847124
svm,pso,1,498,2024-05-24 16:25:00,0,0,0.476103723955444
svm,pso,1,499,2024-05-24 16:25:00,1,0,0.43047339247917743
svm,pso,1,500,2024-05-24 16:30:00,0,0,0.45907849431552034
svm,pso,1,501,2024-05-24 16:30:00,1,0,0.41683404951627584
svm,pso,1,502,2024-05-24 16:35:00,1,1,0.7028586924613003
svm,pso,1,503,2024-05-24 16:35:00,0,1,0.5949621385417873
svm,pso,1,504,2024-05-24 16:40:00,1,1,0.7802808345150041
svm,pso,1,505,2024-05-24 16:40:00,0,1,0.7358188800968063
svm,pso,1,506,2024-05-24 16:45:00,1,0,0.419335536923972
svm,pso,1,507,2024-05-24 16:45:00,0,0,0.4650463237941474
svm,pso,1,508,2024-05-24 16:50:00,0,1,0.5652389839508329
svm,pso,1,509,2024-05-24 16:50:00,1,1,0.5096448849660716
svm,pso,1,510,2024-05-24 16:55:00,0,1,0.5127815772701824
svm,pso,1,511,2024-05-24 16:55:00,1,0,0.37112445766077723
svm,pso,1,512,2024-05-24 17:00:00,0,0,0.4990256373333519
svm,pso,1,513,2024-05-24 17:00:00,1,1,0.5979059931435841
svm,pso,1,514,2024-05-24 17:05:00,1,0,0.416906900834351
svm,pso,1,515,2024-05-24 17:05:00,0,0,0.4391224467270887
svm,pso,1,516,2024-05-24 17:10:00,1,1,0.5800284336999963
svm,pso,1,517,2024-05-24 17:10:00,0,0,0.3893266451714887
svm,pso,1,518,2024-05-24 17:15:00,1,1,0.5165059686505552
svm,pso,1,519,2024-05-24 17:15:00,0,0,0.3892660486939901
svm,pso,1,520,2024-05-24 17:20:00,0,0,0.4771026690299985
svm,pso,1,521,2024-05-24 17:20:00,1,0,0.4315174509300968
svm,pso,1,522,2024-05-24 17:25:00,1,0,0.4472501709788231
svm,pso,1,523,2024-05-24 17:25:00,0,0,0.440363620042536
svm,pso,1,524,2024-05-24 17:30:00,0,1,0.6939072176080711
svm,pso,1,525,2024-05-24 17:30:00,1,1,0.6315664934335959
svm,pso,1,526,2024-05-24 17:35:00,0,1,0.738235287287274
svm,pso,1,527,2024-05-24 17:35:00,1,1,0.522108106853364
svm,pso,1,528,2024-05-24 17:40:00,0,1,0.5991809074965324
svm,pso,1,529,2024-05-24 17:40:00,1,1,0.6299182381942597
svm,pso,1,530,2024-05-24 17:45:00,0,1,0.6677082672368352
svm,pso,1,531,2024-05-24 17:45:00,1,1,0.7748618002339008
svm,pso,1,532,2024-05-24 17:50:00,1,1,0.7054576507408368
svm,pso,1,533,2024-05-24 17:50:00,0,0,0.4637433904658429
svm,pso,1,534,2024-05-24 17:55:00,0,0,0.4288223145634488
svm,pso,1,535,2024-05-24 17:55:00,0,0,0.4317897911666463
svm,pso,1,536,2024-05-27 10:40:00,0,0,0.4196955139975845
svm,pso,1,537,2024-05-27 10:45:00,0,0,0.40189522212096657
svm,pso,1,538,2024-05-27 10:50:00,0,0,0.3882416973186181
svm,pso,1,539,2024-05-27 10:55:00,0,0,0.42687668474881446
svm,pso,1,540,2024-05-27 11:00:00,0,1,0.5003207564014904
svm,pso,1,541,2024-05-27 11:05:00,0,0,0.3622829926901072
svm,pso,1,542,2024-05-27 11:10:00,0,0,0.3429659443321202
svm,pso,1,543,2024-05-27 11:15:00,0,0,0.3729770675383209
svm,pso,1,544,2024-05-27 11:20:00,0,1,0.5571857818417911
svm,pso,1,545,2024-05-27 11:25:00,0,0,0.41309617864297626
svm,pso,1,546,2024-05-27 11:30:00,1,1,0.560063535434254
svm,pso,1,547,2024-05-27 11:30:00,1,1,0.6132478702449567
svm,pso,1,548,2024-05-27 11:35:00,1,0,0.38459478140178566
svm,pso,1,549,2024-05-27 11:35:00,1,0,0.24387228593414448
svm,pso,1,550,2024-05-27 11:40:00,1,1,0.6176758691903089
svm,pso,1,551,2024-05-27 11:40:00,1,1,0.6146191770496531
svm,pso,1,552,2024-05-27 11:45:00,1,1,0.5361432311067895
svm,pso,1,553,2024-05-27 11:45:00,1,1,0.7127103592918153
svm,pso,1,554,2024-05-27 11:50:00,1,1,0.5917325743272973
svm,pso,1,555,2024-05-27 11:50:00,1,1,0.5862562547004064
svm,pso,1,556,2024-05-27 11:55:00,1,1,0.6701760667407012
svm,pso,1,557,2024-05-27 11:55:00,1,1,0.7038250038062898
svm,pso,1,558,2024-05-27 12:00:00,1,0,0.4204990820662927
svm,pso,1,559,2024-05-27 12:00:00,1,1,0.6569972773879973
svm,pso,1,560,2024-05-27 12:05:00,1,1,0.6699997843811892
svm,pso,1,561,2024-05-27 12:05:00,1,1,0.6863217426929682
svm,pso,1,562,2024-05-27 12:10:00,1,1,0.7282266454516756
svm,pso,1,563,2024-05-27 12:10:00,1,1,0.6727537635296674
svm,pso,1,564,2024-05-27 12:15:00,1,1,0.7141092022945408
svm,pso,1,565,2024-05-27 12:15:00,1,1,0.6477274810888738
svm,pso,1,566,2024-05-27 12:20:00,1,0,0.2514415122150605
svm,pso,1,567,2024-05-27 12:20:00,1,1,0.6604408958268994
svm,pso,1,568,2024-05-27 12:25:00,1,0,0.46776779835043475
svm,pso,1,569,2024-05-27 12:30:00,1,1,0.7460121492819797
svm,pso,1,570,2024-05-27 12:30:00,1,1,0.5809377635960874
svm,pso,1,571,2024-05-27 12:35:00,1,0,0.3659061529224423
svm,pso,1,572,2024-05-27 12:35:00,1,1,0.5185576364553285
svm,pso,1,573,2024-05-27 12:40:00,1,1,0.6477482592883422
svm,pso,1,574,2024-05-27 12:40:00,1,1,0.6246350764728917
svm,pso,1,575,2024-05-27 12:45:00,1,1,0.5681453995625095
svm,pso,1,576,2024-05-27 12:45:00,1,1,0.6889024782126493
svm,pso,1,577,2024-05-27 12:50:00,1,0,0.3672077381350466
svm,pso,1,578,2024-05-27 12:50:00,1,0,0.3399705511947224
svm,pso,1,579,2024-05-27 12:55:00,1,1,0.6204042553786546
svm,pso,1,580,2024-05-27 12:55:00,1,1,0.696740108329063
svm,pso,1,581,2024-05-27 13:00:00,1,0,0.49180973463237765
svm,pso,1,582,2024-05-27 13:05:00,1,0,0.3926657037598935
svm,pso,1,583,2024-05-27 13:05:00,1,0,0.31545364605659115
svm,pso,1,584,2024-05-27 13:10:00,1,1,0.5633933663842872
svm,pso,1,585,2024-05-27 13:10:00,1,0,0.4054812155378187
svm,pso,1,586,2024-05-27 13:15:00,1,1,0.5639261482296447
svm,pso,1,587,2024-05-27 13:15:00,1,1,0.6552392659769163
svm,pso,1,588,2024-05-27 13:20:00,1,1,0.7201406341789188
svm,pso,1,589,2024-05-27 13:20:00,1,1,0.5919988693992584
svm,pso,1,590,2024-05-27 13:25:00,1,1,0.5682194015374111
svm,pso,1,591,2024-05-27 13:25:00,1,0,0.4598515122056921
svm,pso,1,592,2024-05-27 13:30:00,1,1,0.6427086503838083
svm,pso,1,593,2024-05-27 13:35:00,1,1,0.5414002690332119
svm,pso,1,594,2024-05-27 13:40:00,1,1,0.6664374791992081
svm,pso,1,595,2024-05-27 13:40:00,1,1,0.6012861625463576
svm,pso,1,596,2024-05-27 13:45:00,1,1,0.6014852867622513
svm,pso,1,597,2024-05-27 13:45:00,1,1,0.6040980777953621
svm,pso,1,598,2024-05-27 13:50:00,1,0,0.4776210014687433
svm,pso,1,599,2024-05-27 13:50:00,1,1,0.5701537106743357
svm,pso,1,600,2024-05-27 13:55:00,1,0,0.39272085860318456
svm,pso,1,601,2024-05-27 13:55:00,1,1,0.530260849266349
svm,pso,1,602,2024-05-27 14:00:00,1,1,0.6856698645062883
svm,pso,1,603,2024-05-27 14:00:00,1,1,0.7002044472569735
svm,pso,1,604,2024-05-27 14:05:00,1,1,0.5962047929160298
svm,pso,1,605,2024-05-27 14:05:00,0,1,0.5667454128945902
svm,pso,1,606,2024-05-27 14:10:00,0,1,0.5916382873678345
svm,pso,1,607,2024-05-27 14:10:00,0,1,0.5740249987893434
svm,pso,1,608,2024-05-27 14:15:00,0,0,0.4860029275024737
svm,pso,1,609,2024-05-27 14:15:00,0,0,0.3440722793626531
svm,pso,1,610,2024-05-27 14:20:00,0,0,0.44654036414843046
svm,pso,1,611,2024-05-27 14:20:00,0,0,0.3116448364000426
svm,pso,1,612,2024-05-27 14:25:00,0,0,0.39727628734547227
svm,pso,1,613,2024-05-27 14:25:00,0,0,0.3289675706345542
svm,pso,1,614,2024-05-27 14:30:00,0,0,0.19419114584049618
svm,pso,1,615,2024-05-27 14:30:00,1,0,0.36912145320057954
svm,pso,1,616,2024-05-27 14:35:00,0,0,0.4743511617975951
svm,pso,1,617,2024-05-27 14:35:00,1,1,0.8324444553160261
svm,pso,1,618,2024-05-27 14:40:00,1,0,0.19103777339524275
svm,pso,1,619,2024-05-27 14:40:00,0,1,0.7662501673209883
svm,pso,1,620,2024-05-27 14:45:00,0,1,0.6770925279830406
svm,pso,1,621,2024-05-27 14:45:00,1,1,0.6431068606123591
svm,pso,1,622,2024-05-27 14:50:00,0,0,0.45376719162481194
svm,pso,1,623,2024-05-27 14:50:00,1,0,0.35830078272329324
svm,pso,1,624,2024-05-27 14:55:00,0,1,0.6664122014882504
svm,pso,1,625,2024-05-27 14:55:00,1,0,0.40128548377386974
svm,pso,1,626,2024-05-27 15:00:00,1,1,0.5684184588190361
svm,pso,1,627,2024-05-27 15:00:00,0,1,0.7651197505155878
svm,pso,1,628,2024-05-27 15:05:00,0,1,0.515157549010495
svm,pso,1,629,2024-05-27 15:05:00,1,1,0.6260488379953059
svm,pso,1,630,2024-05-27 15:10:00,1,1,0.6981954580389461
svm,pso,1,631,2024-05-27 15:10:00,1,0,0.473789055060635
svm,pso,1,632,2024-05-27 15:15:00,1,1,0.649447530545565
svm,pso,1,633,2024-05-27 15:15:00,1,1,0.6315055014249399
svm,pso,1,634,2024-05-27 15:20:00,1,1,0.6460174751065878
svm,pso,1,635,2024-05-27 15:20:00,1,1,0.5855651550977152
svm,pso,1,636,2024-05-27 15:25:00,1,1,0.6922866688414756
svm,pso,1,637,2024-05-27 15:25:00,1,1,0.5068081653246683
svm,pso,1,638,2024-05-27 15:30:00,1,0,0.42230047597007325
svm,pso,1,639,2024-05-27 15:30:00,1,1,0.6021359885800363
svm,pso,1,640,2024-05-27 15:35:00,1,1,0.6118517658991652
svm,pso,1,641,2024-05-27 15:35:00,1,1,0.7565255924553854
svm,pso,1,642,2024-05-27 15:40:00,1,1,0.5874791061111883
svm,pso,1,643,2024-05-27 15:40:00,1,0,0.4072627899337223
svm,pso,1,644,2024-05-27 15:45:00,1,0,0.4151007518466563
svm,pso,1,645,2024-05-27 15:45:00,1,0,0.34540664834881546
svm,pso,1,646,2024-05-27 15:50:00,1,0,0.4289091742468849
svm,pso,1,647,2024-05-27 15:50:00,1,0,0.4643921223793782
svm,pso,1,648,2024-05-27 15:55:00,1,0,0.4984108447393807
svm,pso,1,649,2024-05-27 15:55:00,1,0,0.45053017473172224
svm,pso,1,650,2024-05-27 16:00:00,1,1,0.5087539235566823
svm,pso,1,651,2024-05-27 16:00:00,1,1,0.6404837511389424
svm,pso,1,652,2024-05-27 16:05:00,1,1,0.5062284571944197
svm,pso,1,653,2024-05-27 16:05:00,1,0,0.4591031417114943
svm,pso,1,654,2024-05-27 16:10:00,1,1,0.5095939268963832
svm,pso,1,655,2024-05-27 16:10:00,1,0,0.35041884958026054
svm,pso,1,656,2024-05-27 16:15:00,1,1,0.5349086551678688
svm,pso,1,657,2024-05-27 16:15:00,1,1,0.5589553832141668
svm,pso,1,658,2024-05-27 16:20:00,1,1,0.624830267372792
svm,pso,1,659,2024-05-27 16:20:00,0,0,0.4148478027655693
svm,pso,1,660,2024-05-27 16:25:00,1,0,0.3576102551157552
svm,pso,1,661,2024-05-27 16:25:00,0,0,0.3809753338805653
svm,pso,1,662,2024-05-27 16:30:00,0,0,0.37845556854197704
svm,pso,1,663,2024-05-27 16:30:00,1,0,0.4776065759755929
svm,pso,1,664,2024-05-27 16:35:00,0,1,0.7901516010017227
svm,pso,1,665,2024-05-27 16:35:00,1,1,0.5946040079768452
svm,pso,1,666,2024-05-27 16:40:00,0,0,0.38380686186537655
svm,pso,1,667,2024-05-27 16:40:00,1,1,0.5332165055846135
svm,pso,1,668,2024-05-27 16:45:00,1,0,0.4677380500377628
svm,pso,1,669,2024-05-27 16:45:00,0,1,0.5327222733665309
svm,pso,1,670,2024-05-27 16:50:00,1,1,0.7160724594375061
svm,pso,1,671,2024-05-27 16:50:00,0,0,0.4041543212894287
svm,pso,1,672,2024-05-27 16:55:00,0,1,0.6088846025034184
svm,pso,1,673,2024-05-27 16:55:00,1,1,0.6792814482224198
svm,pso,1,674,2024-05-27 17:00:00,0,1,0.7362576300829384
svm,pso,1,675,2024-05-27 17:00:00,1,1,0.6565750562195096
svm,pso,1,676,2024-05-27 17:05:00,0,0,0.3764448244687894
svm,pso,1,677,2024-05-27 17:05:00,1,0,0.4375329223776592
svm,pso,1,678,2024-05-27 17:10:00,1,0,0.3058551819026846
svm,pso,1,679,2024-05-27 17:10:00,0,1,0.528523019781637
svm,pso,1,680,2024-05-27 17:15:00,1,1,0.5342044138242447
svm,pso,1,681,2024-05-27 17:15:00,1,0,0.34883156361849854
svm,pso,1,682,2024-05-27 17:20:00,1,0,0.3759409911246635
svm,pso,1,683,2024-05-27 17:20:00,1,1,0.5538260974184103
svm,pso,1,684,2024-05-27 17:25:00,1,1,0.5423126521571128
svm,pso,1,685,2024-05-27 17:25:00,1,0,0.42374411857944994
svm,pso,1,686,2024-05-27 17:30:00,1,1,0.5885647263561442
svm,pso,1,687,2024-05-27 17:30:00,1,0,0.45109727100643154
svm,pso,1,688,2024-05-27 17:35:00,1,1,0.5521672651650784
svm,pso,1,689,2024-05-27 17:35:00,1,1,0.5921908756043864
svm,pso,1,690,2024-05-27 17:40:00,1,0,0.47791528964368607
svm,pso,1,691,2024-05-27 17:40:00,1,1,0.5672634486781319
svm,pso,1,692,2024-05-27 17:45:00,1,0,0.47984584455569745
svm,pso,1,693,2024-05-27 17:45:00,1,1,0.5650325958189779
svm,pso,1,694,2024-05-27 17:50:00,1,0,0.4693759820396499
svm,pso,1,695,2024-05-27 17:50:00,1,1,0.5051849809213668
svm,pso,1,696,2024-05-27 17:55:00,1,0,0.4644489658732505
svm,pso,1,697,2024-05-27 17:55:00,0,0,0.433983713629884
svm,pso,1,698,2024-05-28 10:40:00,0,0,0.35548665494692516
svm,pso,1,699,2024-05-28 10:45:00,0,0,0.45675066520599616
svm,pso,1,700,2024-05-28 10:50:00,0,0,0.39799648832037493
svm,pso,1,701,2024-05-28 10:55:00,0,0,0.4017760525930028
svm,pso,1,702,2024-05-28 11:00:00,0,0,0.38938920688898904
svm,pso,1,703,2024-05-28 11:05:00,0,1,0.5489464245914901
svm,pso,1,704,2024-05-28 11:10:00,0,0,0.24584801468127387
svm,pso,1,705,2024-05-28 11:15:00,0,0,0.4630748574528353
svm,pso,1,706,2024-05-28 11:20:00,0,0,0.4019413180123465
svm,pso,1,707,2024-05-28 11:25:00,0,0,0.3818694778079323
svm,pso,1,708,2024-05-28 11:30:00,0,0,0.4011498220000591
svm,pso,1,709,2024-05-28 11:35:00,1,0,0.3798387985431983
svm,pso,1,710,2024-05-28 11:40:00,1,0,0.492187863009309
svm,pso,1,711,2024-05-28 11:45:00,1,0,0.2951573556267032
svm,pso,1,712,2024-05-28 11:50:00,1,1,0.5676930467353161
svm,pso,1,713,2024-05-28 11:55:00,1,0,0.34132404515314085
svm,pso,1,714,2024-05-28 12:00:00,1,0,0.361850642391499
svm,pso,1,715,2024-05-28 12:05:00,1,1,0.5941681699332728
svm,pso,1,716,2024-05-28 12:10:00,1,1,0.6304617091443099
svm,pso,1,717,2024-05-28 12:15:00,1,1,0.6760542365074553
svm,pso,1,718,2024-05-28 12:20:00,1,1,0.7535197741400717
svm,pso,1,719,2024-05-28 12:25:00,1,1,0.5678179102652333
svm,pso,1,720,2024-05-28 12:30:00,1,1,0.6657263666673001
svm,pso,1,721,2024-05-28 12:35:00,1,1,0.6390074702166951
svm,pso,1,722,2024-05-28 12:40:00,1,0,0.43978947187194944
svm,pso,1,723,2024-05-28 12:45:00,1,1,0.6528722548575768
svm,pso,1,724,2024-05-28 12:50:00,1,1,0.5607539879168538
svm,pso,1,725,2024-05-28 12:55:00,1,0,0.47991559469974343
svm,pso,1,726,2024-05-28 13:00:00,0,1,0.724657858575105
svm,pso,1,727,2024-05-28 13:00:00,0,1,0.7049733125844281
svm,pso,1,728,2024-05-28 13:05:00,0,1,0.5672919118306228
svm,pso,1,729,2024-05-28 13:05:00,0,1,0.6422792474705223
svm,pso,1,730,2024-05-28 13:10:00,0,0,0.36105519105939726
svm,pso,1,731,2024-05-28 13:10:00,0,0,0.23135343023614227
svm,pso,1,732,2024-05-28 13:15:00,0,0,0.4976124890772595
svm,pso,1,733,2024-05-28 13:15:00,0,0,0.3448641161379399
svm,pso,1,734,2024-05-28 13:20:00,0,1,0.6830178002241803
svm,pso,1,735,2024-05-28 13:20:00,0,1,0.5188523843583727
svm,pso,1,736,2024-05-28 13:25:00,0,0,0.3792614956282753
svm,pso,1,737,2024-05-28 13:25:00,0,0,0.41859665366984855
svm,pso,1,738,2024-05-28 13:30:00,0,0,0.2821439440653536
svm,pso,1,739,2024-05-28 13:30:00,0,1,0.6533721940919365
svm,pso,1,740,2024-05-28 13:35:00,0,1,0.5599348435925526
svm,pso,1,741,2024-05-28 13:35:00,0,0,0.255120020352603
svm,pso,1,742,2024-05-28 13:40:00,0,1,0.6799308491002444
svm,pso,1,743,2024-05-28 13:40:00,0,1,0.5947665959624553
svm,pso,1,744,2024-05-28 13:45:00,0,0,0.4304034639676351
svm,pso,1,745,2024-05-28 13:45:00,0,0,0.40168746469223104
svm,pso,1,746,2024-05-28 13:50:00,0,1,0.6811257985250949
svm,pso,1,747,2024-05-28 13:50:00,0,1,0.5700062782998275
svm,pso,1,748,2024-05-28 13:55:00,0,0,0.41707108580627117
svm,pso,1,749,2024-05-28 13:55:00,0,0,0.4006173775046285
svm,pso,1,750,2024-05-28 14:00:00,0,0,0.4083255120012116
svm,pso,1,751,2024-05-28 14:00:00,0,0,0.4055306889064894
svm,pso,1,752,2024-05-28 14:05:00,0,0,0.40874972222748557
svm,pso,1,753,2024-05-28 14:05:00,0,0,0.22424459039746888
svm,pso,1,754,2024-05-28 14:10:00,0,1,0.7451113673354502
svm,pso,1,755,2024-05-28 14:10:00,0,0,0.48455440214006823
svm,pso,1,756,2024-05-28 14:15:00,0,1,0.5012063311863298
svm,pso,1,757,2024-05-28 14:15:00,0,1,0.6064980930643062
svm,pso,1,758,2024-05-28 14:20:00,0,0,0.3455543844675624
svm,pso,1,759,2024-05-28 14:20:00,0,0,0.1826201471717142
svm,pso,1,760,2024-05-28 14:25:00,0,1,0.5527912520228864
svm,pso,1,761,2024-05-28 14:25:00,0,0,0.39109712673406516
svm,pso,1,762,2024-05-28 14:30:00,0,1,0.7078856278754203
svm,pso,1,763,2024-05-28 14:30:00,0,1,0.6384297665938508
svm,pso,1,764,2024-05-28 14:35:00,0,0,0.3709643409296902
svm,pso,1,765,2024-05-28 14:35:00,0,0,0.4869210760042827
svm,pso,1,766,2024-05-28 14:40:00,0,0,0.4654749875965712
svm,pso,1,767,2024-05-28 14:40:00,0,0,0.4117709603879007
svm,pso,1,768,2024-05-28 14:45:00,0,1,0.5842687882192624
svm,pso,1,769,2024-05-28 14:45:00,0,0,0.40540711433807164
svm,pso,1,770,2024-05-28 14:50:00,0,1,0.5500608528675424
svm,pso,1,771,2024-05-28 14:50:00,0,1,0.5506837173976278
svm,pso,1,772,2024-05-28 14:55:00,0,0,0.38363185128446153
svm,pso,1,773,2024-05-28 14:55:00,0,0,0.4930492121470155
svm,pso,1,774,2024-05-28 15:00:00,0,1,0.5890882035333245
svm,pso,1,775,2024-05-28 15:00:00,0,0,0.21531695029714956
svm,pso,1,776,2024-05-28 15:05:00,0,1,0.8314270169058906
svm,pso,1,777,2024-05-28 15:05:00,0,1,0.774886679008655
svm,pso,1,778,2024-05-28 15:10:00,0,1,0.5515719538830982
svm,pso,1,779,2024-05-28 15:10:00,0,1,0.5126943048704143
svm,pso,1,780,2024-05-28 15:15:00,0,0,0.4049036192535256
svm,pso,1,781,2024-05-28 15:15:00,0,0,0.3780995323598414
svm,pso,1,782,2024-05-28 15:20:00,0,0,0.21498179013748284
svm,pso,1,783,2024-05-28 15:20:00,0,0,0.2334983681758258
svm,pso,1,784,2024-05-28 15:25:00,0,0,0.40936829711785555
svm,pso,1,785,2024-05-28 15:25:00,0,0,0.33641748309301156
svm,pso,1,786,2024-05-28 15:30:00,0,0,0.3862743157754056
svm,pso,1,787,2024-05-28 15:30:00,0,0,0.18825355510243966
svm,pso,1,788,2024-05-28 15:35:00,0,0,0.32784199267078
svm,pso,1,789,2024-05-28 15:35:00,0,0,0.3673692659692549
svm,pso,1,790,2024-05-28 15:40:00,0,0,0.3087402885899711
svm,pso,1,791,2024-05-28 15:40:00,0,0,0.3735803275767164
svm,pso,1,792,2024-05-28 15:45:00,0,0,0.47838993366975885
svm,pso,1,793,2024-05-28 15:45:00,0,1,0.5528893677520924
svm,pso,1,794,2024-05-28 15:50:00,0,1,0.6614176437728251
svm,pso,1,795,2024-05-28 15:50:00,0,1,0.5534098331422812
svm,pso,1,796,2024-05-28 15:55:00,0,1,0.5493836793278475
svm,pso,1,797,2024-05-28 15:55:00,0,1,0.7249005359002514
svm,pso,1,798,2024-05-28 16:00:00,0,1,0.5139294055146783
svm,pso,1,799,2024-05-28 16:00:00,0,0,0.4513950654032595
svm,pso,1,800,2024-05-28 16:05:00,0,0,0.4596882767331111
svm,pso,1,801,2024-05-28 16:05:00,0,1,0.7606338118649975
svm,pso,1,802,2024-05-28 16:10:00,1,1,0.5979786198016933
svm,pso,1,803,2024-05-28 16:10:00,1,1,0.65173970701235
svm,pso,1,804,2024-05-28 16:15:00,1,1,0.6774796484811636
svm,pso,1,805,2024-05-28 16:15:00,1,0,0.38817692848095586
svm,pso,1,806,2024-05-28 16:20:00,1,0,0.4029377820738958
svm,pso,1,807,2024-05-28 16:20:00,1,0,0.48814219995221825
svm,pso,1,808,2024-05-28 16:25:00,1,0,0.4863336815030989
svm,pso,1,809,2024-05-28 16:25:00,1,0,0.3709162214964574
svm,pso,1,810,2024-05-28 16:30:00,1,1,0.5625113958132101
svm,pso,1,811,2024-05-28 16:30:00,1,1,0.6224341355847848
svm,pso,1,812,2024-05-28 16:35:00,1,0,0.43538602379855323
svm,pso,1,813,2024-05-28 16:35:00,1,1,0.5343362906558614
svm,pso,1,814,2024-05-28 16:40:00,1,1,0.6157734647550488
svm,pso,1,815,2024-05-28 16:40:00,1,1,0.6119882673302343
svm,pso,1,816,2024-05-28 16:45:00,1,1,0.6250671980869072
svm,pso,1,817,2024-05-28 16:45:00,1,1,0.5464484532493417
svm,pso,1,818,2024-05-28 16:50:00,1,1,0.5635071399610901
svm,pso,1,819,2024-05-28 16:50:00,0,1,0.6372450922038355
svm,pso,1,820,2024-05-28 16:55:00,0,1,0.6832253511134323
svm,pso,1,821,2024-05-28 16:55:00,0,1,0.6524751195584737
svm,pso,1,822,2024-05-28 17:00:00,0,1,0.7098397260367206
svm,pso,1,823,2024-05-28 17:00:00,0,1,0.6783494640732464
svm,pso,1,824,2024-05-28 17:05:00,0,1,0.649257080119297
svm,pso,1,825,2024-05-28 17:05:00,0,1,0.633919522138251
svm,pso,1,826,2024-05-28 17:10:00,0,0,0.4381818646645754
svm,pso,1,827,2024-05-28 17:10:00,0,0,0.3045188262611118
svm,pso,1,828,2024-05-28 17:15:00,0,0,0.40668043906968737
svm,pso,1,829,2024-05-28 17:15:00,0,0,0.41789789708775277
svm,pso,1,830,2024-05-28 17:20:00,0,0,0.45631270636679644
svm,pso,1,831,2024-05-28 17:20:00,0,0,0.38365463741455685
svm,pso,1,832,2024-05-28 17:25:00,0,1,0.5599077745406771
svm,pso,1,833,2024-05-28 17:25:00,0,0,0.26157573735040013
svm,pso,1,834,2024-05-28 17:30:00,0,0,0.2881828666023576
svm,pso,1,835,2024-05-28 17:30:00,0,0,0.4139339935881989
svm,pso,1,836,2024-05-28 17:35:00,0,0,0.4378801369794806
svm,pso,1,837,2024-05-28 17:35:00,0,0,0.40790032554010763
svm,pso,1,838,2024-05-28 17:40:00,0,0,0.49531606398807443
svm,pso,1,839,2024-05-28 17:40:00,0,1,0.5045463271540391
svm,pso,1,840,2024-05-28 17:45:00,0,1,0.5575642569481349
svm,pso,1,841,2024-05-28 17:45:00,0,0,0.48781186557156786
svm,pso,1,842,2024-05-28 17:50:00,0,1,0.5273195217487466
svm,pso,1,843,2024-05-28 17:50:00,0,0,0.3501837459279855
svm,pso,1,844,2024-05-28 17:55:00,1,1,0.6347648607102431
svm,pso,1,845,2024-05-28 17:55:00,1,0,0.47312698418187793
svm,pso,1,846,2024-05-29 10:40:00,1,0,0.34572263947928755
svm,pso,1,847,2024-05-29 10:40:00,1,0,0.4411059985951979
svm,pso,1,848,2024-05-29 10:45:00,1,0,0.35105588011247163
svm,pso,1,849,2024-05-29 10:45:00,1,1,0.5051401768471778
svm,pso,1,850,2024-05-29 10:50:00,1,1,0.5959978705891295
svm,pso,1,851,2024-05-29 10:50:00,1,1,0.6495867316438106
svm,pso,1,852,2024-05-29 10:55:00,1,1,0.5265450886270282
svm,pso,1,853,2024-05-29 10:55:00,1,1,0.5600849041470527
svm,pso,1,854,2024-05-29 11:00:00,1,1,0.6923388070869689
svm,pso,1,855,2024-05-29 11:00:00,1,1,0.6976976390522894
svm,pso,1,856,2024-05-29 11:05:00,1,1,0.6322067672770049
svm,pso,1,857,2024-05-29 11:05:00,1,1,0.7211263426608312
svm,pso,1,858,2024-05-29 11:10:00,1,1,0.8035991769392271
svm,pso,1,859,2024-05-29 11:10:00,1,1,0.6090399515410996
svm,pso,1,860,2024-05-29 11:15:00,1,1,0.6549751661398481
svm,pso,1,861,2024-05-29 11:15:00,1,1,0.6185147728160937
svm,pso,1,862,2024-05-29 11:20:00,1,1,0.5414010466156167
svm,pso,1,863,2024-05-29 11:20:00,1,1,0.5768293050569191
svm,pso,1,864,2024-05-29 11:25:00,1,1,0.6488316862925031
svm,pso,1,865,2024-05-29 11:25:00,1,1,0.6240671210035117
svm,pso,1,866,2024-05-29 11:30:00,1,1,0.6071209886322119
svm,pso,1,867,2024-05-29 11:30:00,1,1,0.7368453277548125
svm,pso,1,868,2024-05-29 11:35:00,1,1,0.7219545202017564
svm,pso,1,869,2024-05-29 11:35:00,1,1,0.6820374700685647
svm,pso,1,870,2024-05-29 11:40:00,1,1,0.7918168976701928
svm,pso,1,871,2024-05-29 11:40:00,1,1,0.7691467824613331
svm,pso,1,872,2024-05-29 11:45:00,0,1,0.6943405481642487
svm,pso,1,873,2024-05-29 11:45:00,0,1,0.5578894258971092
svm,pso,1,874,2024-05-29 11:50:00,0,1,0.7258864067289543
svm,pso,1,875,2024-05-29 11:50:00,0,1,0.6943057798237602
svm,pso,1,876,2024-05-29 11:55:00,0,1,0.6356093693244547
svm,pso,1,877,2024-05-29 11:55:00,0,1,0.7335513612715964
svm,pso,1,878,2024-05-29 12:00:00,0,0,0.46146637418902453
svm,pso,1,879,2024-05-29 12:00:00,0,1,0.5813820210226531
svm,pso,1,880,2024-05-29 12:05:00,0,0,0.4360579469671562
svm,pso,1,881,2024-05-29 12:05:00,0,1,0.5873296365966478
svm,pso,1,882,2024-05-29 12:10:00,0,1,0.5024884243056194
svm,pso,1,883,2024-05-29 12:10:00,0,0,0.4374304772874977
svm,pso,1,884,2024-05-29 12:15:00,0,0,0.4958635746556754
svm,pso,1,885,2024-05-29 12:15:00,1,0,0.4133929205136022
svm,pso,1,886,2024-05-29 12:20:00,0,0,0.45956094949350895
svm,pso,1,887,2024-05-29 12:20:00,1,0,0.35044999749402883
svm,pso,1,888,2024-05-29 12:25:00,0,1,0.6407776470123673
svm,pso,1,889,2024-05-29 12:25:00,1,0,0.3558902803139151
svm,pso,1,890,2024-05-29 12:30:00,0,0,0.2563294078458721
svm,pso,1,891,2024-05-29 12:30:00,1,0,0.452896016359583
svm,pso,1,892,2024-05-29 12:35:00,1,1,0.6193911356990002
svm,pso,1,893,2024-05-29 12:35:00,0,1,0.575866848502647
svm,pso,1,894,2024-05-29 12:40:00,1,1,0.6025559258790752
svm,pso,1,895,2024-05-29 12:40:00,0,1,0.5802450797571006
svm,pso,1,896,2024-05-29 12:45:00,0,1,0.5837205043316462
svm,pso,1,897,2024-05-29 12:45:00,1,1,0.5883227800220383
svm,pso,1,898,2024-05-29 12:50:00,1,1,0.5732560124447286
svm,pso,1,899,2024-05-29 12:50:00,0,1,0.713488305063946
svm,pso,1,900,2024-05-29 12:55:00,1,1,0.6051777601302392
svm,pso,1,901,2024-05-29 12:55:00,0,1,0.5132515105657077
svm,pso,1,902,2024-05-29 13:00:00,0,0,0.42170933584168907
svm,pso,1,903,2024-05-29 13:00:00,1,1,0.5671639960254354
svm,pso,1,904,2024-05-29 13:05:00,1,0,0.3378500780179
svm,pso,1,905,2024-05-29 13:05:00,0,0,0.48510412895755434
svm,pso,1,906,2024-05-29 13:10:00,0,0,0.3482268037990179
svm,pso,1,907,2024-05-29 13:10:00,1,0,0.4416920355204245
svm,pso,1,908,2024-05-29 13:15:00,1,1,0.5293328075720893
svm,pso,1,909,2024-05-29 13:15:00,0,0,0.48466559609829907
svm,pso,1,910,2024-05-29 13:20:00,1,1,0.5343856832891593
svm,pso,1,911,2024-05-29 13:20:00,0,0,0.3709499498026991
svm,pso,1,912,2024-05-29 13:25:00,1,0,0.23679192634049623
svm,pso,1,913,2024-05-29 13:25:00,0,0,0.39217678406959217
svm,pso,1,914,2024-05-29 13:30:00,1,1,0.5633712627223145
svm,pso,1,915,2024-05-29 13:30:00,0,1,0.59903781824935
svm,pso,1,916,2024-05-29 13:35:00,0,1,0.60743055379806
svm,pso,1,917,2024-05-29 13:35:00,0,1,0.5436448024822519
svm,pso,1,918,2024-05-29 13:40:00,0,1,0.5085156163839791
svm,pso,1,919,2024-05-29 13:40:00,0,1,0.5657982375418307
svm,pso,1,920,2024-05-29 13:45:00,0,0,0.18782986004193908
svm,pso,1,921,2024-05-29 13:45:00,0,0,0.3984781335441448
svm,pso,1,922,2024-05-29 13:50:00,0,0,0.49034644593387455
svm,pso,1,923,2024-05-29 13:50:00,0,1,0.5791716411654316
svm,pso,1,924,2024-05-29 13:55:00,0,0,0.4341626735923574
svm,pso,1,925,2024-05-29 13:55:00,0,0,0.4254118760999849
svm,pso,1,926,2024-05-29 14:00:00,0,1,0.5888091379379792
svm,pso,1,927,2024-05-29 14:00:00,0,1,0.6003541428233347
svm,pso,1,928,2024-05-29 14:05:00,0,0,0.4764507366088828
svm,pso,1,929,2024-05-29 14:05:00,0,0,0.4579970792853418
svm,pso,1,930,2024-05-29 14:10:00,0,0,0.48187708681188846
svm,pso,1,931,2024-05-29 14:10:00,0,0,0.3968125935342395
svm,pso,1,932,2024-05-29 14:15:00,0,0,0.3281882123773838
svm,pso,1,933,2024-05-29 14:15:00,0,0,0.4258729057974311
svm,pso,1,934,2024-05-29 14:20:00,0,0,0.3891335845671294
svm,pso,1,935,2024-05-29 14:20:00,0,1,0.5506115048457565
svm,pso,1,936,2024-05-29 14:25:00,0,0,0.42282011099532946
svm,pso,1,937,2024-05-29 14:25:00,0,0,0.318328115273293
svm,pso,1,938,2024-05-29 14:30:00,0,1,0.5646382436536522
svm,pso,1,939,2024-05-29 14:30:00,0,0,0.46769505108649123
svm,pso,1,940,2024-05-29 14:35:00,0,0,0.3067284385040504
svm,pso,1,941,2024-05-29 14:35:00,0,0,0.2945586947772415
svm,pso,1,942,2024-05-29 14:40:00,0,0,0.44397736866518256
svm,pso,1,943,2024-05-29 14:40:00,0,0,0.469898744332921
svm,pso,1,944,2024-05-29 14:45:00,1,0,0.33650515084198557
svm,pso,1,945,2024-05-29 14:45:00,1,0,0.3771976798704587
svm,pso,1,946,2024-05-29 14:50:00,1,1,0.570302016150498
svm,pso,1,947,2024-05-29 14:50:00,1,0,0.48972081621541247
svm,pso,1,948,2024-05-29 14:55:00,1,0,0.3906746223736331
svm,pso,1,949,2024-05-29 14:55:00,1,1,0.5757662872243534
svm,pso,1,950,2024-05-29 15:00:00,1,1,0.7049823314827438
svm,pso,1,951,2024-05-29 15:00:00,1,1,0.6959558464908081
svm,pso,1,952,2024-05-29 15:05:00,1,0,0.42731972739790114
svm,pso,1,953,2024-05-29 15:05:00,1,1,0.644207765240027
svm,pso,1,954,2024-05-29 15:10:00,1,0,0.4546812985509671
svm,pso,1,955,2024-05-29 15:10:00,1,1,0.6521757079398287
svm,pso,1,956,2024-05-29 15:15:00,1,0,0.38186657769074067
svm,pso,1,957,2024-05-29 15:15:00,1,0,0.33698854724646377
svm,pso,1,958,2024-05-29 15:20:00,1,1,0.6515332066040773
svm,pso,1,959,2024-05-29 15:20:00,1,1,0.6513406549437684
svm,pso,1,960,2024-05-29 15:25:00,1,1,0.7133662553627812
svm,pso,1,961,2024-05-29 15:25:00,1,1,0.7766447417616303
svm,pso,1,962,2024-05-29 15:30:00,1,1,0.6518946542533078
svm,pso,1,963,2024-05-29 15:30:00,1,1,0.6595876350457227
svm,pso,1,964,2024-05-29 15:35:00,1,1,0.6245469561951512
svm,pso,1,965,2024-05-29 15:35:00,1,0,0.44920347863145293
svm,pso,1,966,2024-05-29 15:40:00,1,1,0.6088219518150048
svm,pso,1,967,2024-05-29 15:40:00,1,0,0.4019737483215324
svm,pso,1,968,2024-05-29 15:45:00,1,0,0.39697774882673603
svm,pso,1,969,2024-05-29 15:45:00,1,0,0.4421915960388866
svm,pso,1,970,2024-05-29 15:50:00,1,1,0.5429574170864496
svm,pso,1,971,2024-05-29 15:50:00,1,0,0.45934651555771416
svm,pso,1,972,2024-05-29 15:55:00,1,0,0.46901743181445743
svm,pso,1,973,2024-05-29 15:55:00,1,0,0.3872959622418103
svm,pso,1,974,2024-05-29 16:00:00,1,1,0.6234965620487739
svm,pso,1,975,2024-05-29 16:00:00,1,1,0.5810951686851074
svm,pso,1,976,2024-05-29 16:05:00,1,1,0.6491699573312483
svm,pso,1,977,2024-05-29 16:05:00,1,1,0.6245793808979174
svm,pso,1,978,2024-05-29 16:10:00,1,1,0.6255830884920491
svm,pso,1,979,2024-05-29 16:10:00,1,1,0.6791109571556185
svm,pso,1,980,2024-05-29 16:15:00,1,1,0.5435558961140972
svm,pso,1,981,2024-05-29 16:15:00,1,1,0.652859588256258
svm,pso,1,982,2024-05-29 16:20:00,0,1,0.6169865697732941
svm,pso,1,983,2024-05-29 16:20:00,0,1,0.6230748111603731
svm,pso,1,984,2024-05-29 16:25:00,0,1,0.6176456027467507
svm,pso,1,985,2024-05-29 16:25:00,0,1,0.6075284384106499
svm,pso,1,986,2024-05-29 16:30:00,0,1,0.7003990838903644
svm,pso,1,987,2024-05-29 16:30:00,0,0,0.4809563463152431
svm,pso,1,988,2024-05-29 16:35:00,0,1,0.6238376270847206
svm,pso,1,989,2024-05-29 16:35:00,0,0,0.4154253232568684
svm,pso,1,990,2024-05-29 16:40:00,0,1,0.5275582629417502
svm,pso,1,991,2024-05-29 16:40:00,0,0,0.3389030833465895
svm,pso,1,992,2024-05-29 16:45:00,0,0,0.3641743638827859
svm,pso,1,993,2024-05-29 16:45:00,0,0,0.46645141799083417
svm,pso,1,994,2024-05-29 16:50:00,0,0,0.4107786425465562
svm,pso,1,995,2024-05-29 16:50:00,0,0,0.4869470762799017
svm,pso,1,996,2024-05-29 16:55:00,0,1,0.5872803548355731
svm,pso,1,997,2024-05-29 16:55:00,0,1,0.5090892808538425
svm,pso,1,998,2024-05-29 17:00:00,0,0,0.43071715989431164
svm,pso,1,999,2024-05-29 17:00:00,0,0,0.3727217703370706
svm,pso,1,1000,2024-05-29 17:05:00,0,0,0.3310553660024541
svm,pso,1,1001,2024-05-29 17:05:00,0,0,0.279758025952113
svm,pso,1,1002,2024-05-29 17:10:00,0,0,0.49375035174575416
svm,pso,1,1003,2024-05-29 17:10:00,0,0,0.3584866923236532
svm,pso,1,1004,2024-05-29 17:15:00,0,0,0.36716660865344697
svm,pso,1,1005,2024-05-29 17:15:00,0,0,0.4405730885804836
svm,pso,1,1006,2024-05-29 17:20:00,0,1,0.6355727659180359
svm,pso,1,1007,2024-05-29 17:20:00,0,0,0.31856800509719413
svm,pso,1,1008,2024-05-29 17:25:00,0,0,0.41665041472769815
svm,pso,1,1009,2024-05-29 17:25:00,0,1,0.81399058074454
svm,pso,1,1010,2024-05-29 17:30:00,0,0,0.3444938755332577
svm,pso,1,1011,2024-05-29 17:30:00,0,0,0.3742965891388079
svm,pso,1,1012,2024-05-29 17:35:00,0,1,0.644215495590961
svm,pso,1,1013,2024-05-29 17:35:00,0,1,0.6744491156469323
svm,pso,1,1014,2024-05-29 17:40:00,0,0,0.3528838856984077
svm,pso,1,1015,2024-05-29 17:40:00,0,0,0.4565770090189191
svm,pso,1,1016,2024-05-29 17:45:00,0,1,0.6701079027978869
svm,pso,1,1017,2024-05-29 17:45:00,0,1,0.6512178774575159
svm,pso,1,1018,2024-05-29 17:50:00,0,1,0.6191757531966662
svm,pso,1,1019,2024-05-29 17:50:00,0,1,0.9198084309535275
svm,pso,1,1020,2024-05-29 17:55:00,0,1,0.6899724860928546
svm,pso,1,1021,2024-05-29 17:55:00,0,1,0.7489687145802263
svm,pso,1,1022,2024-05-31 12:35:00,1,1,0.68167750588585
svm,pso,1,1023,2024-05-31 12:40:00,1,1,0.6042116916659221
svm,pso,1,1024,2024-05-31 12:45:00,1,1,0.6759503961805734
svm,pso,1,1025,2024-05-31 12:50:00,1,1,0.6011963493297614
svm,pso,1,1026,2024-05-31 12:55:00,1,1,0.6765107592192187
svm,pso,1,1027,2024-05-31 13:00:00,1,0,0.34383765801370914
svm,pso,1,1028,2024-05-31 13:05:00,1,1,0.5653900604128322
svm,pso,1,1029,2024-05-31 13:10:00,1,1,0.5258147368412339
svm,pso,1,1030,2024-05-31 13:15:00,1,1,0.6284307736821381
svm,pso,1,1031,2024-05-31 13:20:00,1,0,0.4966958648408662
svm,pso,1,1032,2024-05-31 13:25:00,1,0,0.3117742580808033
svm,pso,1,1033,2024-05-31 13:25:00,1,0,0.2660670265352895
svm,pso,1,1034,2024-05-31 13:30:00,1,0,0.422651739890191
svm,pso,1,1035,2024-05-31 13:30:00,1,0,0.49481089950267176
svm,pso,1,1036,2024-05-31 13:35:00,1,1,0.7267319283123574
svm,pso,1,1037,2024-05-31 13:35:00,1,1,0.6757519538926965
svm,pso,1,1038,2024-05-31 13:40:00,1,1,0.6998063789665168
svm,pso,1,1039,2024-05-31 13:40:00,1,1,0.6728891004206742
svm,pso,1,1040,2024-05-31 13:45:00,1,1,0.591956042364367
svm,pso,1,1041,2024-05-31 13:45:00,1,0,0.4665914773967935
svm,pso,1,1042,2024-05-31 13:50:00,1,1,0.669432667592218
svm,pso,1,1043,2024-05-31 13:50:00,1,1,0.693795044081915
svm,pso,1,1044,2024-05-31 13:55:00,1,1,0.5986160900025492
svm,pso,1,1045,2024-05-31 13:55:00,1,1,0.5866371963577018
svm,pso,1,1046,2024-05-31 14:00:00,1,1,0.6315916065675676
svm,pso,1,1047,2024-05-31 14:00:00,1,0,0.4782995222490752
svm,pso,1,1048,2024-05-31 14:05:00,1,1,0.7029018342198733
svm,pso,1,1049,2024-05-31 14:05:00,1,1,0.5421720094465792
svm,pso,1,1050,2024-05-31 14:10:00,1,0,0.2542243062061366
svm,pso,1,1051,2024-05-31 14:10:00,1,1,0.7081298644204526
svm,pso,1,1052,2024-05-31 14:15:00,1,1,0.6063688952262796
svm,pso,1,1053,2024-05-31 14:15:00,1,0,0.38303549247801105
svm,pso,1,1054,2024-05-31 14:20:00,1,1,0.5934021903567525
svm,pso,1,1055,2024-05-31 14:20:00,1,1,0.5877791641481148
svm,pso,1,1056,2024-05-31 14:25:00,1,1,0.7166406710904438
svm,pso,1,1057,2024-05-31 14:25:00,1,1,0.6031396343261503
svm,pso,1,1058,2024-05-31 14:30:00,1,1,0.5787871149298829
svm,pso,1,1059,2024-05-31 14:30:00,1,0,0.47345416429245624
svm,pso,1,1060,2024-05-31 14:35:00,1,1,0.6016715022034032
svm,pso,1,1061,2024-05-31 14:35:00,1,1,0.6020783598770773
svm,pso,1,1062,2024-05-31 14:40:00,1,1,0.8374277313364393
svm,pso,1,1063,2024-05-31 14:40:00,1,1,0.5039135754862669
svm,pso,1,1064,2024-05-31 14:45:00,1,0,0.43380051054859947
svm,pso,1,1065,2024-05-31 14:45:00,1,1,0.5433055687076614
svm,pso,1,1066,2024-05-31 14:50:00,1,0,0.48519029784618817
svm,pso,1,1067,2024-05-31 14:50:00,1,1,0.5007466808850135
svm,pso,1,1068,2024-05-31 14:55:00,1,0,0.4589330069738345
svm,pso,1,1069,2024-05-31 14:55:00,1,1,0.5678983102511771
svm,pso,1,1070,2024-05-31 15:00:00,1,0,0.4758094595472521
svm,pso,1,1071,2024-05-31 15:00:00,1,0,0.4608967090642026
svm,pso,1,1072,2024-05-31 15:05:00,0,1,0.6249332684399337
svm,pso,1,1073,2024-05-31 15:05:00,0,1,0.5706772103749178
svm,pso,1,1074,2024-05-31 15:10:00,0,1,0.5583989474705064
svm,pso,1,1075,2024-05-31 15:10:00,0,1,0.5645018985730965
svm,pso,1,1076,2024-05-31 15:15:00,0,1,0.6367437407785731
svm,pso,1,1077,2024-05-31 15:15:00,0,0,0.4337037089875674
svm,pso,1,1078,2024-05-31 15:20:00,0,0,0.4934728411611928
svm,pso,1,1079,2024-05-31 15:20:00,0,0,0.40483616887399276
svm,pso,1,1080,2024-05-31 15:25:00,0,1,0.555473262285188
svm,pso,1,1081,2024-05-31 15:25:00,0,1,0.5907292957209492
svm,pso,1,1082,2024-05-31 15:30:00,0,0,0.3630773417076884
svm,pso,1,1083,2024-05-31 15:30:00,0,1,0.6455702328181904
svm,pso,1,1084,2024-05-31 15:35:00,0,0,0.391116976873213
svm,pso,1,1085,2024-05-31 15:35:00,0,0,0.34904084872292
svm,pso,1,1086,2024-05-31 15:40:00,0,1,0.557779140222512
svm,pso,1,1087,2024-05-31 15:40:00,0,0,0.49865367770687813
svm,pso,1,1088,2024-05-31 15:45:00,0,1,0.6467284805230938
svm,pso,1,1089,2024-05-31 15:45:00,0,0,0.4306042796447813
svm,pso,1,1090,2024-05-31 15:50:00,0,1,0.5699250877682276
svm,pso,1,1091,2024-05-31 15:50:00,0,0,0.32486465044723306
svm,pso,1,1092,2024-05-31 15:55:00,0,0,0.49011718924375225
svm,pso,1,1093,2024-05-31 15:55:00,0,0,0.451101565869485
svm,pso,1,1094,2024-05-31 16:00:00,1,0,0.38027881192810203
svm,pso,1,1095,2024-05-31 16:00:00,1,0,0.4158252813682623
svm,pso,1,1096,2024-05-31 16:05:00,1,0,0.41776475694442056
svm,pso,1,1097,2024-05-31 16:05:00,1,0,0.3545924780575808
svm,pso,1,1098,2024-05-31 16:10:00,1,1,0.6019659223743145
svm,pso,1,1099,2024-05-31 16:10:00,1,1,0.634029538954943
svm,pso,1,1100,2024-05-31 16:15:00,1,1,0.6730642744139315
svm,pso,1,1101,2024-05-31 16:15:00,1,1,0.7062074062474946
svm,pso,1,1102,2024-05-31 16:20:00,1,1,0.6357883463074323
svm,pso,1,1103,2024-05-31 16:20:00,1,1,0.5732060355526019
svm,pso,1,1104,2024-05-31 16:25:00,1,1,0.7182600597507673
svm,pso,1,1105,2024-05-31 16:25:00,1,1,0.7000031110433946
svm,pso,1,1106,2024-05-31 16:30:00,1,0,0.45756653686382565
svm,pso,1,1107,2024-05-31 16:30:00,1,1,0.6499107317174888
svm,pso,1,1108,2024-05-31 16:35:00,1,1,0.6107427443419721
svm,pso,1,1109,2024-05-31 16:35:00,1,1,0.6913374718901655
svm,pso,1,1110,2024-05-31 16:40:00,1,1,0.6222574783074744
svm,pso,1,1111,2024-05-31 16:40:00,1,1,0.685634037176471
svm,pso,1,1112,2024-05-31 16:45:00,1,1,0.6595403034267621
svm,pso,1,1113,2024-05-31 16:45:00,1,1,0.6261011751011267
svm,pso,1,1114,2024-05-31 16:50:00,1,1,0.5565056914336773
svm,pso,1,1115,2024-05-31 16:50:00,1,1,0.5275673896192121
svm,pso,1,1116,2024-05-31 16:55:00,0,1,0.6741910383971963
svm,pso,1,1117,2024-05-31 16:55:00,0,1,0.7252354045947814
svm,pso,1,1118,2024-05-31 17:00:00,0,1,0.6207807861828725
svm,pso,1,1119,2024-05-31 17:00:00,0,1,0.6002295178502698
svm,pso,1,1120,2024-05-31 17:05:00,0,0,0.29093869596106847
svm,pso,1,1121,2024-05-31 17:05:00,0,0,0.36374004028431567
svm,pso,1,1122,2024-05-31 17:10:00,0,0,0.49044132857269696
svm,pso,1,1123,2024-05-31 17:10:00,0,0,0.4022603305103127
svm,pso,1,1124,2024-05-31 17:15:00,0,0,0.30687476542566744
svm,pso,1,1125,2024-05-31 17:15:00,0,1,0.6389694581865742
svm,pso,1,1126,2024-05-31 17:20:00,0,1,0.5607558867239183
svm,pso,1,1127,2024-05-31 17:20:00,0,0,0.49666960704625324
svm,pso,1,1128,2024-05-31 17:25:00,0,0,0.21595565118538038
svm,pso,1,1129,2024-05-31 17:25:00,0,0,0.2130615807295341
svm,pso,1,1130,2024-05-31 17:30:00,0,1,0.6650942983882564
svm,pso,1,1131,2024-05-31 17:30:00,0,1,0.8849528468191774
svm,pso,1,1132,2024-05-31 17:35:00,0,0,0.4156492638728905
svm,pso,1,1133,2024-05-31 17:35:00,0,0,0.39629251398590415
svm,pso,1,1134,2024-05-31 17:40:00,0,1,0.6450204198904003
svm,pso,1,1135,2024-05-31 17:40:00,0,0,0.48365816635255965
svm,pso,1,1136,2024-05-31 17:45:00,0,1,0.564907899461333
svm,pso,1,1137,2024-05-31 17:45:00,0,0,0.43046677750116036
svm,pso,1,1138,2024-05-31 17:50:00,0,1,0.6359715244875456
svm,pso,1,1139,2024-05-31 17:50:00,0,1,0.6179743884607949
svm,pso,1,1140,2024-05-31 17:55:00,0,1,0.5597721864750516
svm,pso,1,1141,2024-05-31 17:55:00,0,0,0.4965624079851544
svm,pso,1,1142,2024-06-03 10:50:00,1,0,0.36249769266672893
svm,pso,1,1143,2024-06-03 10:50:00,1,0,0.30175615510891834
svm,pso,1,1144,2024-06-03 10:55:00,1,1,0.6564681447232962
svm,pso,1,1145,2024-06-03 10:55:00,1,0,0.4434147275483425
svm,pso,1,1146,2024-06-03 11:00:00,1,1,0.5172086251279391
svm,pso,1,1147,2024-06-03 11:00:00,1,1,0.5244252195291196
svm,pso,1,1148,2024-06-03 11:05:00,1,0,0.4544290014885181
svm,pso,1,1149,2024-06-03 11:05:00,1,0,0.38400429761696664
svm,pso,1,1150,2024-06-03 11:10:00,1,1,0.6485489473606955
svm,pso,1,1151,2024-06-03 11:10:00,1,1,0.6815907224590988
svm,pso,1,1152,2024-06-03 11:15:00,1,0,0.3075160953059449
svm,pso,1,1153,2024-06-03 11:15:00,1,0,0.3677356655846353
svm,pso,1,1154,2024-06-03 11:20:00,1,1,0.7057200593474017
svm,pso,1,1155,2024-06-03 11:20:00,1,1,0.7789980041650337
svm,pso,1,1156,2024-06-03 11:25:00,1,1,0.7050556792335975
svm,pso,1,1157,2024-06-03 11:25:00,1,1,0.7473636726868947
svm,pso,1,1158,2024-06-03 11:30:00,1,1,0.5304797531466167
svm,pso,1,1159,2024-06-03 11:30:00,1,0,0.4827475702050592
svm,pso,1,1160,2024-06-03 11:35:00,1,1,0.6663471016234377
svm,pso,1,1161,2024-06-03 11:35:00,1,1,0.6605150961519007
svm,pso,1,1162,2024-06-03 11:40:00,0,1,0.5842369769940087
svm,pso,1,1163,2024-06-03 11:40:00,0,0,0.4819212542544677
svm,pso,1,1164,2024-06-03 11:45:00,0,1,0.5266674835967
svm,pso,1,1165,2024-06-03 11:45:00,0,1,0.5342311792139891
svm,pso,1,1166,2024-06-03 11:50:00,0,0,0.3234218023776676
svm,pso,1,1167,2024-06-03 11:50:00,0,1,0.5181038349035071
svm,pso,1,1168,2024-06-03 11:55:00,0,0,0.46747704244288946
svm,pso,1,1169,2024-06-03 11:55:00,0,0,0.4972448132847688
svm,pso,1,1170,2024-06-03 12:00:00,0,0,0.419428456308113
svm,pso,1,1171,2024-06-03 12:00:00,0,0,0.3378451198927108
svm,pso,1,1172,2024-06-03 12:05:00,0,0,0.3565872894179629
svm,pso,1,1173,2024-06-03 12:05:00,0,1,0.7467926003841251
svm,pso,1,1174,2024-06-03 12:10:00,0,1,0.6220859991066778
svm,pso,1,1175,2024-06-03 12:10:00,0,1,0.723786493398805
svm,pso,1,1176,2024-06-03 12:15:00,0,1,0.7474723234955731
svm,pso,1,1177,2024-06-03 12:15:00,0,1,0.6308396419673494
svm,pso,1,1178,2024-06-03 12:20:00,0,1,0.7906960167393695
svm,pso,1,1179,2024-06-03 12:20:00,0,1,0.7326913424716726
svm,pso,1,1180,2024-06-03 12:25:00,0,0,0.4823000592148875
svm,pso,1,1181,2024-06-03 12:25:00,0,0,0.4353874451071336
svm,pso,1,1182,2024-06-03 12:30:00,0,0,0.315491935698358
svm,pso,1,1183,2024-06-03 12:30:00,0,0,0.46134711686857965
svm,pso,1,1184,2024-06-03 12:35:00,0,0,0.32897139959823934
svm,pso,1,1185,2024-06-03 12:35:00,0,1,0.6109033243236973
svm,pso,1,1186,2024-06-03 12:40:00,0,1,0.5397434472150197
svm,pso,1,1187,2024-06-03 12:40:00,0,0,0.37315309034628036
svm,pso,1,1188,2024-06-03 12:45:00,0,1,0.5798176260265596
svm,pso,1,1189,2024-06-03 12:45:00,0,0,0.4003519010175114
svm,pso,1,1190,2024-06-03 12:50:00,0,0,0.36943185467570955
svm,pso,1,1191,2024-06-03 12:50:00,0,0,0.42199676891182075
svm,pso,1,1192,2024-06-03 12:55:00,0,1,0.6275896237132358
svm,pso,1,1193,2024-06-03 12:55:00,0,0,0.3439067970782045
svm,pso,1,1194,2024-06-03 13:00:00,0,0,0.3805372809921723
svm,pso,1,1195,2024-06-03 13:00:00,0,0,0.42406722397045876
svm,pso,1,1196,2024-06-03 13:05:00,0,1,0.5730315762009752
svm,pso,1,1197,2024-06-03 13:05:00,0,0,0.2847406923667184
svm,pso,1,1198,2024-06-03 13:10:00,0,0,0.44704399506399906
svm,pso,1,1199,2024-06-03 13:10:00,0,0,0.4528169847731037
svm,pso,1,1200,2024-06-03 13:15:00,0,1,0.7155965412980497
svm,pso,1,1201,2024-06-03 13:15:00,0,0,0.40589739602296426
svm,pso,1,1202,2024-06-03 13:20:00,0,0,0.2307857258130732
svm,pso,1,1203,2024-06-03 13:20:00,0,0,0.47936765646427537
svm,pso,1,1204,2024-06-03 13:25:00,0,1,0.5588178323370098
svm,pso,1,1205,2024-06-03 13:25:00,0,1,0.5355913054229515
svm,pso,1,1206,2024-06-03 13:30:00,0,1,0.7065689545616592
svm,pso,1,1207,2024-06-03 13:30:00,0,0,0.388617113834614
svm,pso,1,1208,2024-06-03 13:35:00,0,1,0.6059624029557138
svm,pso,1,1209,2024-06-03 13:35:00,0,1,0.5986735096664504
svm,pso,1,1210,2024-06-03 13:40:00,0,0,0.4015661154811775
svm,pso,1,1211,2024-06-03 13:40:00,0,0,0.4437720848565699
svm,pso,1,1212,2024-06-03 13:45:00,0,1,0.6350327395049302
svm,pso,1,1213,2024-06-03 13:45:00,0,1,0.512120454765413
svm,pso,1,1214,2024-06-03 13:50:00,0,0,0.45815878812324157
svm,pso,1,1215,2024-06-03 13:50:00,0,0,0.3562068864963591
svm,pso,1,1216,2024-06-03 13:55:00,0,1,0.6139170763707861
svm,pso,1,1217,2024-06-03 13:55:00,0,0,0.4109073954027693
svm,pso,1,1218,2024-06-03 14:00:00,1,0,0.3924129457830773
svm,pso,1,1219,2024-06-03 14:00:00,1,1,0.5138254135143444
svm,pso,1,1220,2024-06-03 14:05:00,1,1,0.7047906955273441
svm,pso,1,1221,2024-06-03 14:05:00,1,1,0.692493961159501
svm,pso,1,1222,2024-06-03 14:10:00,1,1,0.5913917125717857
svm,pso,1,1223,2024-06-03 14:10:00,1,1,0.5458668419803807
svm,pso,1,1224,2024-06-03 14:15:00,1,1,0.791678050471007
svm,pso,1,1225,2024-06-03 14:15:00,1,1,0.7854498328835523
svm,pso,1,1226,2024-06-03 14:20:00,1,1,0.6731854205644774
svm,pso,1,1227,2024-06-03 14:20:00,1,1,0.684385948836273
svm,pso,1,1228,2024-06-03 14:25:00,1,1,0.5803403587339597
svm,pso,1,1229,2024-06-03 14:25:00,1,1,0.65972225580179
svm,pso,1,1230,2024-06-03 14:30:00,1,1,0.5416284490242667
svm,pso,1,1231,2024-06-03 14:30:00,1,1,0.584816366403428
svm,pso,1,1232,2024-06-03 14:35:00,1,0,0.3997948063002547
svm,pso,1,1233,2024-06-03 14:35:00,1,0,0.46246465236352224
svm,pso,1,1234,2024-06-03 14:40:00,1,1,0.6496341499011493
svm,pso,1,1235,2024-06-03 14:40:00,1,1,0.7436928081008424
svm,pso,1,1236,2024-06-03 14:45:00,1,0,0.46897123539225627
svm,pso,1,1237,2024-06-03 14:45:00,1,0,0.43511741556967126
svm,pso,1,1238,2024-06-03 14:50:00,1,0,0.24325054569251833
svm,pso,1,1239,2024-06-03 14:50:00,1,0,0.333676895570486
svm,pso,1,1240,2024-06-03 14:55:00,1,0,0.33103826726513536
svm,pso,1,1241,2024-06-03 14:55:00,1,0,0.3387483006849331
svm,pso,1,1242,2024-06-03 15:00:00,1,0,0.49387894671558646
svm,pso,1,1243,2024-06-03 15:00:00,1,0,0.49618709337791733
svm,pso,1,1244,2024-06-03 15:05:00,1,1,0.6659315289648229
svm,pso,1,1245,2024-06-03 15:05:00,1,1,0.7345560333482256
svm,pso,1,1246,2024-06-03 15:10:00,1,0,0.43659902060781786
svm,pso,1,1247,2024-06-03 15:10:00,1,0,0.41350392282211124
svm,pso,1,1248,2024-06-03 15:15:00,1,1,0.5520953018962564
svm,pso,1,1249,2024-06-03 15:15:00,1,1,0.5498514472824081
svm,pso,1,1250,2024-06-03 15:20:00,1,1,0.6058765768185239
svm,pso,1,1251,2024-06-03 15:20:00,1,1,0.6222334685294199
svm,pso,1,1252,2024-06-03 15:25:00,1,1,0.6706854718950223
svm,pso,1,1253,2024-06-03 15:25:00,1,1,0.6330845501008475
svm,pso,1,1254,2024-06-03 15:30:00,1,1,0.6070798446818774
svm,pso,1,1255,2024-06-03 15:30:00,1,1,0.7254458104599989
svm,pso,1,1256,2024-06-03 15:35:00,0,1,0.6204865168932063
svm,pso,1,1257,2024-06-03 15:35:00,0,0,0.4356204948372447
svm,pso,1,1258,2024-06-03 15:40:00,0,1,0.5776979682768979
svm,pso,1,1259,2024-06-03 15:40:00,0,1,0.6144305128288897
svm,pso,1,1260,2024-06-03 15:45:00,0,0,0.3820633498184321
svm,pso,1,1261,2024-06-03 15:45:00,0,1,0.6090663380303911
svm,pso,1,1262,2024-06-03 15:50:00,0,1,0.6167262526594739
svm,pso,1,1263,2024-06-03 15:50:00,0,0,0.45357229869723065
svm,pso,1,1264,2024-06-03 15:55:00,0,1,0.630600667881654
svm,pso,1,1265,2024-06-03 15:55:00,0,1,0.5502702407147254
svm,pso,1,1266,2024-06-03 16:00:00,0,0,0.4031380988184385
svm,pso,1,1267,2024-06-03 16:00:00,0,0,0.4259113111335982
svm,pso,1,1268,2024-06-03 16:05:00,0,0,0.40206363108896737
svm,pso,1,1269,2024-06-03 16:05:00,0,1,0.538846805150604
svm,pso,1,1270,2024-06-03 16:10:00,0,1,0.5820871900759987
svm,pso,1,1271,2024-06-03 16:10:00,0,1,0.6761759946437831
svm,pso,1,1272,2024-06-03 16:15:00,0,0,0.3101353063677817
svm,pso,1,1273,2024-06-03 16:15:00,0,0,0.3174672310399046
svm,pso,1,1274,2024-06-03 16:20:00,0,1,0.524257569558514
svm,pso,1,1275,2024-06-03 16:20:00,0,0,0.4801748796646219
svm,pso,1,1276,2024-06-03 16:25:00,0,0,0.20841843513031882
svm,pso,1,1277,2024-06-03 16:25:00,0,0,0.395976107368265
svm,pso,1,1278,2024-06-03 16:30:00,0,0,0.42166163130972134
svm,pso,1,1279,2024-06-03 16:30:00,0,1,0.6698159950957298
svm,pso,1,1280,2024-06-03 16:35:00,0,0,0.47355169817641446
svm,pso,1,1281,2024-06-03 16:35:00,0,1,0.5221238911321702
svm,pso,1,1282,2024-06-03 16:40:00,0,0,0.3552283117095447
svm,pso,1,1283,2024-06-03 16:40:00,0,0,0.40415733801463244
svm,pso,1,1284,2024-06-03 16:45:00,0,0,0.3262407829041515
svm,pso,1,1285,2024-06-03 16:45:00,0,1,0.5672095925621944
svm,pso,1,1286,2024-06-03 16:50:00,0,0,0.4643933582605044
svm,pso,1,1287,2024-06-03 16:50:00,0,0,0.4078677431926731
svm,pso,1,1288,2024-06-03 16:55:00,0,0,0.3106513803100811
svm,pso,1,1289,2024-06-03 16:55:00,0,1,0.5271527077291742
svm,pso,1,1290,2024-06-03 17:00:00,0,0,0.45042575185000067
svm,pso,1,1291,2024-06-03 17:00:00,0,1,0.5826659634992881
svm,pso,1,1292,2024-06-03 17:05:00,0,0,0.4380744045037683
svm,pso,1,1293,2024-06-03 17:05:00,0,0,0.35898302870702764
svm,pso,1,1294,2024-06-03 17:10:00,0,1,0.5132000826451035
svm,pso,1,1295,2024-06-03 17:10:00,0,1,0.6217646340881531
svm,pso,1,1296,2024-06-03 17:15:00,0,0,0.49110745259784605
svm,pso,1,1297,2024-06-03 17:15:00,0,1,0.5215612267727897
svm,pso,1,1298,2024-06-03 17:20:00,0,0,0.47149959963477633
svm,pso,1,1299,2024-06-03 17:20:00,0,0,0.4880709917830526
svm,pso,1,1300,2024-06-03 17:25:00,0,1,0.5678131955227628
svm,pso,1,1301,2024-06-03 17:25:00,0,1,0.5167174216630164
svm,pso,1,1302,2024-06-03 17:30:00,0,0,0.37279138981597393
svm,pso,1,1303,2024-06-03 17:30:00,0,0,0.4599932133256198
svm,pso,1,1304,2024-06-03 17:35:00,0,1,0.5408384431920213
svm,pso,1,1305,2024-06-03 17:35:00,0,0,0.4510533683799115
svm,pso,1,1306,2024-06-03 17:40:00,0,0,0.45855629495542394
svm,pso,1,1307,2024-06-03 17:40:00,0,1,0.5034714133598243
svm,pso,1,1308,2024-06-03 17:45:00,0,0,0.4604432529023132
svm,pso,1,1309,2024-06-03 17:45:00,0,1,0.7618568181509484
svm,pso,1,1310,2024-06-03 17:50:00,0,1,0.5995326279691024
svm,pso,1,1311,2024-06-03 17:50:00,0,1,0.55008017071345
svm,pso,1,1312,2024-06-03 17:55:00,0,0,0.3388365894999139
svm,pso,1,1313,2024-06-03 17:55:00,0,0,0.3728790412544364
svm,pso,1,1314,2024-06-04 11:15:00,1,0,0.41905317691068955
svm,pso,1,1315,2024-06-04 11:20:00,1,0,0.4399706270269969
svm,pso,1,1316,2024-06-04 11:20:00,1,1,0.503148972410579
svm,pso,1,1317,2024-06-04 11:25:00,1,0,0.2267127049681145
svm,pso,1,1318,2024-06-04 11:25:00,1,0,0.3329477711429519
svm,pso,1,1319,2024-06-04 11:30:00,1,1,0.605291036380338
svm,pso,1,1320,2024-06-04 11:30:00,1,0,0.47950456126382823
svm,pso,1,1321,2024-06-04 11:35:00,1,1,0.7114590908558869
svm,pso,1,1322,2024-06-04 11:35:00,1,1,0.6266154499041521
svm,pso,1,1323,2024-06-04 11:40:00,1,1,0.7275895724596156
svm,pso,1,1324,2024-06-04 11:40:00,1,1,0.5685621824067534
svm,pso,1,1325,2024-06-04 11:45:00,1,0,0.4425153509699421
svm,pso,1,1326,2024-06-04 11:45:00,1,1,0.6537733197417999
svm,pso,1,1327,2024-06-04 11:50:00,1,0,0.48604818279091677
svm,pso,1,1328,2024-06-04 11:50:00,1,1,0.640903625510347
svm,pso,1,1329,2024-06-04 11:55:00,1,1,0.7130239761621805
svm,pso,1,1330,2024-06-04 11:55:00,1,1,0.676893607774509
svm,pso,1,1331,2024-06-04 12:00:00,1,0,0.40784121245089466
svm,pso,1,1332,2024-06-04 12:00:00,1,1,0.6600636949393016
svm,pso,1,1333,2024-06-04 12:05:00,1,1,0.6307333207233593
svm,pso,1,1334,2024-06-04 12:05:00,1,1,0.6088951586763952
svm,pso,1,1335,2024-06-04 12:10:00,1,1,0.6621087212385104
svm,pso,1,1336,2024-06-04 12:10:00,1,1,0.6634046702885223
svm,pso,1,1337,2024-06-04 12:15:00,1,0,0.43316973478561466
svm,pso,1,1338,2024-06-04 12:15:00,1,1,0.5615049454308948
svm,pso,1,1339,2024-06-04 12:20:00,1,1,0.7393145505269356
svm,pso,1,1340,2024-06-04 12:20:00,1,1,0.8726355526752329
svm,pso,1,1341,2024-06-04 12:25:00,1,1,0.5816820664350235
svm,pso,1,1342,2024-06-04 12:25:00,1,1,0.6290653702708292
svm,pso,1,1343,2024-06-04 12:30:00,1,0,0.48586981088619724
svm,pso,1,1344,2024-06-04 12:30:00,1,1,0.5088744604415059
svm,pso,1,1345,2024-06-04 12:35:00,1,1,0.6689257223954131
svm,pso,1,1346,2024-06-04 12:35:00,1,1,0.7055387875129029
svm,pso,1,1347,2024-06-04 12:40:00,1,1,0.5679963224538476
svm,pso,1,1348,2024-06-04 12:40:00,1,0,0.4783141899628842
svm,pso,1,1349,2024-06-04 12:45:00,1,1,0.697336554033906
svm,pso,1,1350,2024-06-04 12:45:00,1,1,0.6666717880016699
svm,pso,1,1351,2024-06-04 12:50:00,1,1,0.6646307252060811
svm,pso,1,1352,2024-06-04 12:50:00,1,1,0.779350793525257
svm,pso,1,1353,2024-06-04 12:55:00,1,0,0.3798755722944022
svm,pso,1,1354,2024-06-04 12:55:00,1,0,0.3428890791377511
svm,pso,1,1355,2024-06-04 13:00:00,1,0,0.4937712773522536
svm,pso,1,1356,2024-06-04 13:00:00,1,0,0.3952185382082708
svm,pso,1,1357,2024-06-04 13:05:00,1,0,0.4047863670273529
svm,pso,1,1358,2024-06-04 13:05:00,1,1,0.645193384063561
svm,pso,1,1359,2024-06-04 13:10:00,1,1,0.6190957680020571
svm,pso,1,1360,2024-06-04 13:10:00,1,1,0.6484350537264197
svm,pso,1,1361,2024-06-04 13:15:00,1,1,0.6656460535414952
svm,pso,1,1362,2024-06-04 13:15:00,1,1,0.5736681468004124
svm,pso,1,1363,2024-06-04 13:20:00,1,1,0.7447728280914448
svm,pso,1,1364,2024-06-04 13:20:00,1,1,0.5415706145706283
svm,pso,1,1365,2024-06-04 13:25:00,1,1,0.6491612883990142
svm,pso,1,1366,2024-06-04 13:25:00,1,1,0.5640157207548943
svm,pso,1,1367,2024-06-04 13:30:00,1,0,0.3626971895905237
svm,pso,1,1368,2024-06-04 13:30:00,1,1,0.6282570468841147
svm,pso,1,1369,2024-06-04 13:35:00,1,0,0.3883849809256587
svm,pso,1,1370,2024-06-04 13:35:00,1,1,0.6595456588211042
svm,pso,1,1371,2024-06-04 13:40:00,1,1,0.68641405260516
svm,pso,1,1372,2024-06-04 13:40:00,1,1,0.5458073600699248
svm,pso,1,1373,2024-06-04 13:45:00,1,1,0.6456244709425216
svm,pso,1,1374,2024-06-04 13:45:00,1,1,0.5601051151829748
svm,pso,1,1375,2024-06-04 13:50:00,1,1,0.7103178707911938
svm,pso,1,1376,2024-06-04 13:50:00,1,1,0.6823337233609958
svm,pso,1,1377,2024-06-04 13:55:00,1,1,0.5582934409348611
svm,pso,1,1378,2024-06-04 13:55:00,1,1,0.6466976572962714
svm,pso,1,1379,2024-06-04 14:00:00,1,1,0.6666373107918003
svm,pso,1,1380,2024-06-04 14:00:00,1,1,0.6692561040050764
svm,pso,1,1381,2024-06-04 14:05:00,1,1,0.5224606785168568
svm,pso,1,1382,2024-06-04 14:05:00,1,0,0.47689760949827326
svm,pso,1,1383,2024-06-04 14:10:00,1,0,0.21447580324515184
svm,pso,1,1384,2024-06-04 14:10:00,1,0,0.32500204361862023
svm,pso,1,1385,2024-06-04 14:15:00,1,0,0.3239480601004174
svm,pso,1,1386,2024-06-04 14:15:00,1,0,0.3922847505841492
svm,pso,1,1387,2024-06-04 14:20:00,1,1,0.5052663988640249
svm,pso,1,1388,2024-06-04 14:20:00,1,0,0.38760242133679
svm,pso,1,1389,2024-06-04 14:25:00,1,1,0.5780046136941706
svm,pso,1,1390,2024-06-04 14:25:00,1,1,0.558020145055843
svm,pso,1,1391,2024-06-04 14:30:00,1,1,0.6343834977493802
svm,pso,1,1392,2024-06-04 14:30:00,1,1,0.6224134140096638
svm,pso,1,1393,2024-06-04 14:35:00,1,1,0.6850353422198373
svm,pso,1,1394,2024-06-04 14:35:00,1,1,0.6871186989849243
svm,pso,1,1395,2024-06-04 14:40:00,1,1,0.6111609808422888
svm,pso,1,1396,2024-06-04 14:40:00,1,1,0.5852751481619526
svm,pso,1,1397,2024-06-04 14:45:00,1,1,0.6418345942212674
svm,pso,1,1398,2024-06-04 14:45:00,1,1,0.7356307681681017
svm,pso,1,1399,2024-06-04 14:50:00,1,0,0.4449821780026339
svm,pso,1,1400,2024-06-04 14:50:00,1,0,0.47588540877930985
svm,pso,1,1401,2024-06-04 14:55:00,1,0,0.4231425587523342
svm,pso,1,1402,2024-06-04 14:55:00,1,1,0.5008970069464205
svm,pso,1,1403,2024-06-04 15:00:00,1,0,0.36010582941983965
svm,pso,1,1404,2024-06-04 15:00:00,1,1,0.5676911547974626
svm,pso,1,1405,2024-06-04 15:05:00,1,1,0.6201986280727625
svm,pso,1,1406,2024-06-04 15:05:00,1,0,0.429625401965312
svm,pso,1,1407,2024-06-04 15:10:00,1,0,0.44242917793331643
svm,pso,1,1408,2024-06-04 15:10:00,1,0,0.3597670521321399
svm,pso,1,1409,2024-06-04 15:15:00,1,1,0.6563386128025365
svm,pso,1,1410,2024-06-04 15:15:00,1,1,0.6642166979620209
svm,pso,1,1411,2024-06-04 15:20:00,1,1,0.6956947842278228
svm,pso,1,1412,2024-06-04 15:20:00,1,1,0.5934615930248849
svm,pso,1,1413,2024-06-04 15:25:00,1,1,0.7571795331817047
svm,pso,1,1414,2024-06-04 15:25:00,1,1,0.5599670766696315
svm,pso,1,1415,2024-06-04 15:30:00,1,1,0.6581217505516095
svm,pso,1,1416,2024-06-04 15:30:00,1,1,0.610925084382355
svm,pso,1,1417,2024-06-04 15:35:00,1,0,0.4646809933663221
svm,pso,1,1418,2024-06-04 15:35:00,1,0,0.4661497326758102
svm,pso,1,1419,2024-06-04 15:40:00,1,0,0.30320550690180237
svm,pso,1,1420,2024-06-04 15:40:00,1,0,0.24351583428847104
svm,pso,1,1421,2024-06-04 15:45:00,1,1,0.7662458523732247
svm,pso,1,1422,2024-06-04 15:45:00,1,0,0.4996305556589394
svm,pso,1,1423,2024-06-04 15:50:00,1,0,0.3468851303173335
svm,pso,1,1424,2024-06-04 15:50:00,1,1,0.5803990369253764
svm,pso,1,1425,2024-06-04 15:55:00,1,0,0.46999133874187526
svm,pso,1,1426,2024-06-04 15:55:00,1,1,0.5515018794694799
svm,pso,1,1427,2024-06-04 16:00:00,1,0,0.4613954897872915
svm,pso,1,1428,2024-06-04 16:00:00,1,0,0.3686440549376157
svm,pso,1,1429,2024-06-04 16:05:00,1,1,0.5677767630076699
svm,pso,1,1430,2024-06-04 16:05:00,1,0,0.3556539572821125
svm,pso,1,1431,2024-06-04 16:10:00,1,1,0.5652366158846697
svm,pso,1,1432,2024-06-04 16:10:00,1,1,0.5624800927879878
svm,pso,1,1433,2024-06-04 16:15:00,1,1,0.7049831331548349
svm,pso,1,1434,2024-06-04 16:15:00,1,1,0.6400240329730879
svm,pso,1,1435,2024-06-04 16:20:00,1,1,0.6934370817051554
svm,pso,1,1436,2024-06-04 16:20:00,1,1,0.6143105396497296
svm,pso,1,1437,2024-06-04 16:25:00,1,1,0.6016469061279597
svm,pso,1,1438,2024-06-04 16:25:00,1,1,0.6210422528191101
svm,pso,1,1439,2024-06-04 16:30:00,1,0,0.48847728504290194
svm,pso,1,1440,2024-06-04 16:30:00,1,1,0.5039720522187331
svm,pso,1,1441,2024-06-04 16:35:00,1,1,0.5434891921020799
svm,pso,1,1442,2024-06-04 16:35:00,1,1,0.5445811228528448
svm,pso,1,1443,2024-06-04 16:40:00,1,1,0.6516148073229631
svm,pso,1,1444,2024-06-04 16:40:00,1,1,0.5029047008559747
svm,pso,1,1445,2024-06-04 16:45:00,1,1,0.6124833235280309
svm,pso,1,1446,2024-06-04 16:45:00,1,0,0.35683726911164476
svm,pso,1,1447,2024-06-04 16:50:00,1,1,0.6047992849624613
svm,pso,1,1448,2024-06-04 16:50:00,1,1,0.644735906291411
svm,pso,1,1449,2024-06-04 16:55:00,0,1,0.6406407231892854
svm,pso,1,1450,2024-06-04 16:55:00,0,1,0.6164335152571411
svm,pso,1,1451,2024-06-04 17:00:00,0,1,0.5443595678968508
svm,pso,1,1452,2024-06-04 17:00:00,0,0,0.4626886542773269
svm,pso,1,1453,2024-06-04 17:05:00,0,1,0.5212188019070736
svm,pso,1,1454,2024-06-04 17:05:00,0,1,0.6722889872368562
svm,pso,1,1455,2024-06-04 17:10:00,0,0,0.3328108148387141
svm,pso,1,1456,2024-06-04 17:10:00,0,0,0.38378042604465157
svm,pso,1,1457,2024-06-04 17:15:00,0,1,0.5008683390072889
svm,pso,1,1458,2024-06-04 17:15:00,0,0,0.2915421954814138
svm,pso,1,1459,2024-06-04 17:20:00,0,0,0.2816944838618888
svm,pso,1,1460,2024-06-04 17:20:00,0,1,0.517106945223928
svm,pso,1,1461,2024-06-04 17:25:00,0,0,0.4850439556774903
svm,pso,1,1462,2024-06-04 17:25:00,0,0,0.48900275447652974
svm,pso,1,1463,2024-06-04 17:30:00,0,1,0.5342907337466614
svm,pso,1,1464,2024-06-04 17:30:00,0,1,0.6879874459406808
svm,pso,1,1465,2024-06-04 17:35:00,0,1,0.5270754836332961
svm,pso,1,1466,2024-06-04 17:35:00,0,1,0.5007505354012107
svm,pso,1,1467,2024-06-04 17:40:00,0,0,0.4947858478028112
svm,pso,1,1468,2024-06-04 17:40:00,0,0,0.4314507906119614
svm,pso,1,1469,2024-06-04 17:45:00,0,1,0.5593055150253045
svm,pso,1,1470,2024-06-04 17:45:00,0,0,0.4257077494892923
svm,pso,1,1471,2024-06-04 17:50:00,0,1,0.721839217854436
svm,pso,1,1472,2024-06-04 17:50:00,0,1,0.5373628257569951
svm,pso,1,1473,2024-06-04 17:55:00,0,1,0.6479146845755805
svm,pso,1,1474,2024-06-04 17:55:00,0,1,0.6242034343758762
svm,pso,1,1475,2024-06-05 11:10:00,1,0,0.2337329198802793
svm,pso,1,1476,2024-06-05 11:10:00,1,0,0.44196913212679007
svm,pso,1,1477,2024-06-05 11:15:00,1,0,0.36821085022851957
svm,pso,1,1478,2024-06-05 11:15:00,1,0,0.45118257312262433
svm,pso,1,1479,2024-06-05 11:20:00,1,1,0.6171706643485741
svm,pso,1,1480,2024-06-05 11:20:00,1,1,0.6025479641971923
svm,pso,1,1481,2024-06-05 11:25:00,1,1,0.6483733222475988
svm,pso,1,1482,2024-06-05 11:25:00,1,1,0.5843414635181218
svm,pso,1,1483,2024-06-05 11:30:00,1,1,0.6512237733149127
svm,pso,1,1484,2024-06-05 11:30:00,1,1,0.6843977870258975
svm,pso,1,1485,2024-06-05 11:35:00,1,1,0.5931386234815562
svm,pso,1,1486,2024-06-05 11:35:00,1,1,0.5619890246150673
svm,pso,1,1487,2024-06-05 11:40:00,1,0,0.49224648538489096
svm,pso,1,1488,2024-06-05 11:40:00,0,0,0.4500057712637451
svm,pso,1,1489,2024-06-05 11:45:00,0,0,0.387832023777023
svm,pso,1,1490,2024-06-05 11:45:00,1,0,0.3777960082152529
svm,pso,1,1491,2024-06-05 11:50:00,1,0,0.37821441957359164
svm,pso,1,1492,2024-06-05 11:50:00,0,0,0.15943618919725974
svm,pso,1,1493,2024-06-05 11:55:00,1,0,0.43829004233961133
svm,pso,1,1494,2024-06-05 11:55:00,0,0,0.27125262449115695
svm,pso,1,1495,2024-06-05 12:00:00,1,1,0.6442194711707312
svm,pso,1,1496,2024-06-05 12:00:00,0,1,0.5746279030974533
svm,pso,1,1497,2024-06-05 12:05:00,0,0,0.3789430359876694
svm,pso,1,1498,2024-06-05 12:05:00,1,0,0.31563346263176395
svm,pso,1,1499,2024-06-05 12:10:00,1,0,0.38364461145436257
svm,pso,1,1500,2024-06-05 12:10:00,0,0,0.23629156996525122
svm,pso,1,1501,2024-06-05 12:15:00,0,1,0.6922629586852287
svm,pso,1,1502,2024-06-05 12:15:00,1,1,0.7031332789105679
svm,pso,1,1503,2024-06-05 12:20:00,0,1,0.5439585375171508
svm,pso,1,1504,2024-06-05 12:20:00,1,0,0.43966305264307537
svm,pso,1,1505,2024-06-05 12:25:00,0,0,0.4402767039536228
svm,pso,1,1506,2024-06-05 12:25:00,0,1,0.6497296080462948
svm,pso,1,1507,2024-06-05 12:30:00,0,1,0.6194477495895412
svm,pso,1,1508,2024-06-05 12:30:00,0,1,0.6866277089707894
svm,pso,1,1509,2024-06-05 12:35:00,0,1,0.5982873798489118
svm,pso,1,1510,2024-06-05 12:35:00,0,1,0.5528474569084714
svm,pso,1,1511,2024-06-05 12:40:00,0,1,0.5350262874595602
svm,pso,1,1512,2024-06-05 12:40:00,0,1,0.5460818856224458
svm,pso,1,1513,2024-06-05 12:45:00,0,0,0.38686501222296155
svm,pso,1,1514,2024-06-05 12:45:00,0,0,0.4363941152817733
svm,pso,1,1515,2024-06-05 12:50:00,0,0,0.27752938759153023
svm,pso,1,1516,2024-06-05 12:50:00,0,0,0.4479802100103321
svm,pso,1,1517,2024-06-05 12:55:00,0,0,0.3294651005009874
svm,pso,1,1518,2024-06-05 12:55:00,0,0,0.4753576329350946
svm,pso,1,1519,2024-06-05 13:00:00,0,1,0.6068375472631478
svm,pso,1,1520,2024-06-05 13:00:00,0,0,0.21113625366081804
svm,pso,1,1521,2024-06-05 13:05:00,0,0,0.3773101952825408
svm,pso,1,1522,2024-06-05 13:05:00,0,0,0.35521727622610483
svm,pso,1,1523,2024-06-05 13:10:00,0,0,0.2919812587460067
svm,pso,1,1524,2024-06-05 13:10:00,0,0,0.2979116508795676
svm,pso,1,1525,2024-06-05 13:15:00,0,0,0.41378555756073016
svm,pso,1,1526,2024-06-05 13:15:00,0,0,0.3217743645601784
svm,pso,1,1527,2024-06-05 13:20:00,0,0,0.33248736776951193
svm,pso,1,1528,2024-06-05 13:20:00,0,0,0.3253602528691629
svm,pso,1,1529,2024-06-05 13:25:00,0,1,0.518318965869444
svm,pso,1,1530,2024-06-05 13:25:00,0,1,0.5303464174264233
svm,pso,1,1531,2024-06-05 13:30:00,0,0,0.4174373488503169
svm,pso,1,1532,2024-06-05 13:30:00,0,1,0.5961996021503471
svm,pso,1,1533,2024-06-05 13:35:00,0,1,0.5645066365395989
svm,pso,1,1534,2024-06-05 13:35:00,0,0,0.33868074249643054
svm,pso,1,1535,2024-06-05 13:40:00,0,1,0.5877588509907915
svm,pso,1,1536,2024-06-05 13:40:00,0,1,0.5153163281097559
svm,pso,1,1537,2024-06-05 13:45:00,0,0,0.4620352904245797
svm,pso,1,1538,2024-06-05 13:45:00,0,0,0.32638906979403454
svm,pso,1,1539,2024-06-05 13:50:00,0,1,0.5035122452407742
svm,pso,1,1540,2024-06-05 13:50:00,0,1,0.6645776699380759
svm,pso,1,1541,2024-06-05 13:55:00,0,1,0.6286692563917088
svm,pso,1,1542,2024-06-05 13:55:00,0,0,0.46629889355841436
svm,pso,1,1543,2024-06-05 14:00:00,0,0,0.4956026905118065
svm,pso,1,1544,2024-06-05 14:00:00,0,1,0.5956154312587298
svm,pso,1,1545,2024-06-05 14:05:00,0,1,0.545317122160582
svm,pso,1,1546,2024-06-05 14:05:00,0,1,0.6974967953064488
svm,pso,1,1547,2024-06-05 14:10:00,0,0,0.4441408006245052
svm,pso,1,1548,2024-06-05 14:10:00,0,0,0.43301724987283335
svm,pso,1,1549,2024-06-05 14:15:00,0,1,0.5974944768886371
svm,pso,1,1550,2024-06-05 14:15:00,0,1,0.5300172763169128
svm,pso,1,1551,2024-06-05 14:20:00,0,1,0.5141104257441632
svm,pso,1,1552,2024-06-05 14:20:00,0,0,0.4307644760502556
svm,pso,1,1553,2024-06-05 14:25:00,0,1,0.6407244108251706
svm,pso,1,1554,2024-06-05 14:25:00,0,1,0.6213995505136918
svm,pso,1,1555,2024-06-05 14:30:00,0,1,0.694166275173064
svm,pso,1,1556,2024-06-05 14:30:00,0,1,0.6842647172116818
svm,pso,1,1557,2024-06-05 14:35:00,0,1,0.7114233831980139
svm,pso,1,1558,2024-06-05 14:35:00,0,1,0.7079402229671543
svm,pso,1,1559,2024-06-05 14:40:00,0,1,0.5874739683641332
svm,pso,1,1560,2024-06-05 14:40:00,0,1,0.6900384440812987
svm,pso,1,1561,2024-06-05 14:45:00,0,1,0.6542673080912673
svm,pso,1,1562,2024-06-05 14:45:00,0,0,0.4547547701157908
svm,pso,1,1563,2024-06-05 14:50:00,0,0,0.4045560735077772
svm,pso,1,1564,2024-06-05 14:50:00,0,0,0.487289901281483
svm,pso,1,1565,2024-06-05 14:55:00,0,1,0.5106959871229725
svm,pso,1,1566,2024-06-05 14:55:00,0,1,0.6975550437061178
svm,pso,1,1567,2024-06-05 15:00:00,0,0,0.394347311097555
svm,pso,1,1568,2024-06-05 15:00:00,0,0,0.4098520769626971
svm,pso,1,1569,2024-06-05 15:05:00,0,0,0.37826065023953703
svm,pso,1,1570,2024-06-05 15:05:00,0,0,0.4238310070584762
svm,pso,1,1571,2024-06-05 15:10:00,0,0,0.32211019838211424
svm,pso,1,1572,2024-06-05 15:10:00,0,0,0.3792255389509304
svm,pso,1,1573,2024-06-05 15:15:00,0,1,0.5239078675302626
svm,pso,1,1574,2024-06-05 15:15:00,0,0,0.39291576096055336
svm,pso,1,1575,2024-06-05 15:20:00,0,0,0.30429519565372204
svm,pso,1,1576,2024-06-05 15:20:00,0,1,0.5355405812658302
svm,pso,1,1577,2024-06-05 15:25:00,0,1,0.6128303135177245
svm,pso,1,1578,2024-06-05 15:25:00,0,0,0.41407566522844264
svm,pso,1,1579,2024-06-05 15:30:00,0,1,0.6662964044938933
svm,pso,1,1580,2024-06-05 15:30:00,0,1,0.5275993328451838
svm,pso,1,1581,2024-06-05 15:35:00,1,0,0.4797565271864083
svm,pso,1,1582,2024-06-05 15:35:00,0,1,0.5088631413371609
svm,pso,1,1583,2024-06-05 15:40:00,0,1,0.5545589006993159
svm,pso,1,1584,2024-06-05 15:40:00,1,0,0.3838408192288323
svm,pso,1,1585,2024-06-05 15:45:00,1,0,0.3317731142371036
svm,pso,1,1586,2024-06-05 15:45:00,0,0,0.3599389208748983
svm,pso,1,1587,2024-06-05 15:50:00,1,1,0.61458499633983
svm,pso,1,1588,2024-06-05 15:50:00,0,0,0.4708469887803883
svm,pso,1,1589,2024-06-05 15:55:00,1,1,0.635564954012343
svm,pso,1,1590,2024-06-05 15:55:00,0,1,0.5263365654216698
svm,pso,1,1591,2024-06-05 16:00:00,0,1,0.532131203251079
svm,pso,1,1592,2024-06-05 16:00:00,1,1,0.629061210429714
svm,pso,1,1593,2024-06-05 16:05:00,0,1,0.5786961958399681
svm,pso,1,1594,2024-06-05 16:05:00,1,1,0.6752997341152336
svm,pso,1,1595,2024-06-05 16:10:00,1,1,0.6499124857306535
svm,pso,1,1596,2024-06-05 16:10:00,1,0,0.4970280636025923
svm,pso,1,1597,2024-06-05 16:15:00,1,1,0.7181633282404266
svm,pso,1,1598,2024-06-05 16:15:00,1,1,0.6694258703907021
svm,pso,1,1599,2024-06-05 16:20:00,1,1,0.6532220295180399
svm,pso,1,1600,2024-06-05 16:20:00,1,1,0.547246974707386
svm,pso,1,1601,2024-06-05 16:25:00,1,1,0.6648517082708277
svm,pso,1,1602,2024-06-05 16:25:00,1,1,0.5846219487205738
svm,pso,1,1603,2024-06-05 16:30:00,1,0,0.4714121949836261
svm,pso,1,1604,2024-06-05 16:30:00,1,1,0.502949508171507
svm,pso,1,1605,2024-06-05 16:35:00,1,1,0.617035756026943
svm,pso,1,1606,2024-06-05 16:35:00,1,1,0.7432377485280179
svm,pso,1,1607,2024-06-05 16:40:00,1,1,0.6565811401363497
svm,pso,1,1608,2024-06-05 16:40:00,1,1,0.5172295141330567
svm,pso,1,1609,2024-06-05 16:45:00,1,1,0.6587679976819181
svm,pso,1,1610,2024-06-05 16:45:00,1,1,0.6834051000773886
svm,pso,1,1611,2024-06-05 16:50:00,1,1,0.6581204496626725
svm,pso,1,1612,2024-06-05 16:50:00,1,1,0.6905995983128379
svm,pso,1,1613,2024-06-05 16:55:00,0,1,0.6829084677519477
svm,pso,1,1614,2024-06-05 16:55:00,1,1,0.6734577626066757
svm,pso,1,1615,2024-06-05 17:00:00,1,1,0.6371308102975899
svm,pso,1,1616,2024-06-05 17:00:00,0,1,0.6328732191457174
svm,pso,1,1617,2024-06-05 17:05:00,0,0,0.4310272484216663
svm,pso,1,1618,2024-06-05 17:05:00,0,1,0.5063392572797001
svm,pso,1,1619,2024-06-05 17:10:00,1,0,0.392468088065899
svm,pso,1,1620,2024-06-05 17:10:00,1,1,0.5249179831952767
svm,pso,1,1621,2024-06-05 17:15:00,1,1,0.7049083717839438
svm,pso,1,1622,2024-06-05 17:15:00,1,1,0.7222225425317976
svm,pso,1,1623,2024-06-05 17:20:00,1,1,0.580914303900145
svm,pso,1,1624,2024-06-05 17:20:00,1,1,0.5603527064352583
svm,pso,1,1625,2024-06-05 17:25:00,1,1,0.5147983647302785
svm,pso,1,1626,2024-06-05 17:30:00,1,0,0.4775325256993161
svm,pso,1,1627,2024-06-05 17:30:00,1,1,0.590475794418937
svm,pso,1,1628,2024-06-05 17:35:00,1,0,0.41067369002008625
svm,pso,1,1629,2024-06-05 17:35:00,1,1,0.5224922112316556
svm,pso,1,1630,2024-06-05 17:40:00,1,0,0.498397354039888
svm,pso,1,1631,2024-06-05 17:40:00,1,1,0.5072751157209454
svm,pso,1,1632,2024-06-05 17:45:00,1,1,0.7188801433941505
svm,pso,1,1633,2024-06-05 17:45:00,1,1,0.6324741479903169
svm,pso,1,1634,2024-06-05 17:50:00,1,1,0.6457212524372126
svm,pso,1,1635,2024-06-05 17:50:00,1,1,0.5989846400593304
svm,pso,1,1636,2024-06-05 17:55:00,1,1,0.5978573413044951
svm,pso,1,1637,2024-06-05 17:55:00,1,1,0.5628727673550379
svm,pso,1,1638,2024-06-06 12:40:00,0,1,0.6640617219280391
svm,pso,1,1639,2024-06-06 12:40:00,0,1,0.6750143674274981
svm,pso,1,1640,2024-06-06 12:45:00,0,0,0.3297320845706099
svm,pso,1,1641,2024-06-06 12:45:00,0,1,0.6187947431066436
svm,pso,1,1642,2024-06-06 12:50:00,0,1,0.6199933549134502
svm,pso,1,1643,2024-06-06 12:50:00,0,1,0.6668566710517368
svm,pso,1,1644,2024-06-06 12:55:00,0,1,0.5261441015948165
svm,pso,1,1645,2024-06-06 12:55:00,0,0,0.2642345459859861
svm,pso,1,1646,2024-06-06 13:00:00,0,1,0.519345100014032
svm,pso,1,1647,2024-06-06 13:00:00,0,0,0.35877882691258095
svm,pso,1,1648,2024-06-06 13:05:00,0,1,0.7286578751897308
svm,pso,1,1649,2024-06-06 13:05:00,0,1,0.5307289957691352
svm,pso,1,1650,2024-06-06 13:10:00,0,0,0.3809236344526555
svm,pso,1,1651,2024-06-06 13:10:00,0,1,0.6353656146652212
svm,pso,1,1652,2024-06-06 13:15:00,0,1,0.5155507487414848
svm,pso,1,1653,2024-06-06 13:15:00,0,0,0.46602191956353556
svm,pso,1,1654,2024-06-06 13:20:00,0,0,0.2919667166471633
svm,pso,1,1655,2024-06-06 13:20:00,0,0,0.3761725221982947
svm,pso,1,1656,2024-06-06 13:25:00,0,0,0.22637112528932732
svm,pso,1,1657,2024-06-06 13:25:00,0,0,0.30001244719683123
svm,pso,1,1658,2024-06-06 13:30:00,0,0,0.2515626890251553
svm,pso,1,1659,2024-06-06 13:30:00,0,0,0.25682090819606607
svm,pso,1,1660,2024-06-06 13:35:00,0,0,0.2942492236776932
svm,pso,1,1661,2024-06-06 13:35:00,0,0,0.36962694892280357
svm,pso,1,1662,2024-06-06 13:40:00,1,0,0.40242044713974945
svm,pso,1,1663,2024-06-06 13:40:00,0,0,0.4271791860408439
svm,pso,1,1664,2024-06-06 13:45:00,1,0,0.2894553723774307
svm,pso,1,1665,2024-06-06 13:45:00,1,0,0.39085782038419575
svm,pso,1,1666,2024-06-06 13:50:00,1,1,0.5543439409414536
svm,pso,1,1667,2024-06-06 13:50:00,1,1,0.5168396965045488
svm,pso,1,1668,2024-06-06 13:55:00,1,0,0.4919778440789028
svm,pso,1,1669,2024-06-06 13:55:00,1,0,0.4977594396880374
svm,pso,1,1670,2024-06-06 14:00:00,1,1,0.6387686991311223
svm,pso,1,1671,2024-06-06 14:00:00,1,1,0.6920094737756187
svm,pso,1,1672,2024-06-06 14:05:00,1,1,0.6017202309402289
svm,pso,1,1673,2024-06-06 14:05:00,1,1,0.5032074504166898
svm,pso,1,1674,2024-06-06 14:10:00,1,1,0.5110951078171958
svm,pso,1,1675,2024-06-06 14:10:00,1,1,0.6280603265323358
svm,pso,1,1676,2024-06-06 14:15:00,1,1,0.6718336458425297
svm,pso,1,1677,2024-06-06 14:15:00,1,1,0.7197362109449679
svm,pso,1,1678,2024-06-06 14:20:00,1,1,0.6945069198086389
svm,pso,1,1679,2024-06-06 14:20:00,1,1,0.7420855351176259
svm,pso,1,1680,2024-06-06 14:25:00,1,1,0.6439680870798706
svm,pso,1,1681,2024-06-06 14:25:00,1,0,0.4402513689588991
svm,pso,1,1682,2024-06-06 14:30:00,1,1,0.667237301974419
svm,pso,1,1683,2024-06-06 14:30:00,1,1,0.5735442932992638
svm,pso,1,1684,2024-06-06 14:35:00,1,1,0.6149330987585429
svm,pso,1,1685,2024-06-06 14:35:00,1,1,0.6296412599075188
svm,pso,1,1686,2024-06-06 14:40:00,1,1,0.6262646249535898
svm,pso,1,1687,2024-06-06 14:40:00,0,0,0.45141136695484785
svm,pso,1,1688,2024-06-06 14:45:00,0,0,0.3757800380755709
svm,pso,1,1689,2024-06-06 14:45:00,1,0,0.43608039980799557
svm,pso,1,1690,2024-06-06 14:50:00,0,0,0.3237353674214997
svm,pso,1,1691,2024-06-06 14:50:00,1,0,0.3727776457468921
svm,pso,1,1692,2024-06-06 14:55:00,0,0,0.40874809931797945
svm,pso,1,1693,2024-06-06 14:55:00,1,1,0.5041438683891194
svm,pso,1,1694,2024-06-06 15:00:00,1,0,0.4449443377640527
svm,pso,1,1695,2024-06-06 15:00:00,0,0,0.41293498312850563
svm,pso,1,1696,2024-06-06 15:05:00,1,0,0.2616551291892915
svm,pso,1,1697,2024-06-06 15:05:00,1,0,0.25547938135694026
svm,pso,1,1698,2024-06-06 15:10:00,1,0,0.29275283551360975
svm,pso,1,1699,2024-06-06 15:10:00,1,0,0.19911544051870386
svm,pso,1,1700,2024-06-06 15:15:00,1,1,0.5014891548838576
svm,pso,1,1701,2024-06-06 15:15:00,1,1,0.5643024195065083
svm,pso,1,1702,2024-06-06 15:20:00,1,1,0.507709269560901
svm,pso,1,1703,2024-06-06 15:20:00,1,0,0.43499330963246224
svm,pso,1,1704,2024-06-06 15:25:00,1,0,0.4676484466278512
svm,pso,1,1705,2024-06-06 15:25:00,1,1,0.6274775695422325
svm,pso,1,1706,2024-06-06 15:30:00,1,1,0.6723119156426045
svm,pso,1,1707,2024-06-06 15:30:00,1,1,0.6905724187472155
svm,pso,1,1708,2024-06-06 15:35:00,1,0,0.4598005301123427
svm,pso,1,1709,2024-06-06 15:35:00,1,1,0.6381513062550556
svm,pso,1,1710,2024-06-06 15:40:00,1,0,0.4710750792251293
svm,pso,1,1711,2024-06-06 15:40:00,1,1,0.5470817517293888
svm,pso,1,1712,2024-06-06 15:45:00,1,0,0.4982125798811246
svm,pso,1,1713,2024-06-06 15:45:00,1,1,0.5031408646781268
svm,pso,1,1714,2024-06-06 15:50:00,1,1,0.5775718372213119
svm,pso,1,1715,2024-06-06 15:50:00,1,1,0.6105709131925819
svm,pso,1,1716,2024-06-06 15:55:00,1,0,0.44530705908425094
svm,pso,1,1717,2024-06-06 15:55:00,1,0,0.3948261269920347
svm,pso,1,1718,2024-06-06 16:00:00,1,0,0.45275848860489715
svm,pso,1,1719,2024-06-06 16:00:00,1,0,0.48963075511218546
svm,pso,1,1720,2024-06-06 16:05:00,1,0,0.408941057537716
svm,pso,1,1721,2024-06-06 16:05:00,1,0,0.46466337503867855
svm,pso,1,1722,2024-06-06 16:10:00,1,0,0.41028566958711554
svm,pso,1,1723,2024-06-06 16:10:00,1,0,0.22750193858275145
svm,pso,1,1724,2024-06-06 16:15:00,1,0,0.4415561145993538
svm,pso,1,1725,2024-06-06 16:15:00,1,0,0.4358352100448451
svm,pso,1,1726,2024-06-06 16:20:00,1,1,0.6525620247094617
svm,pso,1,1727,2024-06-06 16:20:00,1,0,0.46777883407309484
svm,pso,1,1728,2024-06-06 16:25:00,1,0,0.39407484485796446
svm,pso,1,1729,2024-06-06 16:25:00,1,0,0.3947004182408558
svm,pso,1,1730,2024-06-06 16:30:00,1,0,0.24019669397425458
svm,pso,1,1731,2024-06-06 16:30:00,1,0,0.38612720780906135
svm,pso,1,1732,2024-06-06 16:35:00,1,1,0.5291445817239726
svm,pso,1,1733,2024-06-06 16:35:00,1,1,0.5014029106121803
svm,pso,1,1734,2024-06-06 16:40:00,1,1,0.7502593768939653
svm,pso,1,1735,2024-06-06 16:40:00,1,1,0.6604880046276924
svm,pso,1,1736,2024-06-06 16:45:00,1,1,0.6026934582448554
svm,pso,1,1737,2024-06-06 16:45:00,1,1,0.5181322698086999
svm,pso,1,1738,2024-06-06 16:50:00,1,1,0.5947747248163979
svm,pso,1,1739,2024-06-06 16:50:00,1,0,0.3866621726312927
svm,pso,1,1740,2024-06-06 16:55:00,0,1,0.6681245340167691
svm,pso,1,1741,2024-06-06 16:55:00,0,1,0.7638691158524344
svm,pso,1,1742,2024-06-06 17:00:00,0,1,0.5253694741735191
svm,pso,1,1743,2024-06-06 17:00:00,0,1,0.6751807106490607
svm,pso,1,1744,2024-06-06 17:05:00,0,1,0.5152886853885381
svm,pso,1,1745,2024-06-06 17:05:00,0,0,0.40007525114687337
svm,pso,1,1746,2024-06-06 17:10:00,0,1,0.6410608495743261
svm,pso,1,1747,2024-06-06 17:10:00,0,0,0.3363390757160189
svm,pso,1,1748,2024-06-06 17:15:00,0,0,0.49008248201915877
svm,pso,1,1749,2024-06-06 17:15:00,0,1,0.6415283509445536
svm,pso,1,1750,2024-06-06 17:20:00,0,1,0.5641884559666452
svm,pso,1,1751,2024-06-06 17:20:00,0,1,0.6471329221847539
svm,pso,1,1752,2024-06-06 17:25:00,0,0,0.4703226671735136
svm,pso,1,1753,2024-06-06 17:25:00,0,1,0.5115421182908686
svm,pso,1,1754,2024-06-06 17:30:00,0,1,0.570106949329101
svm,pso,1,1755,2024-06-06 17:30:00,0,1,0.6605249547209951
svm,pso,1,1756,2024-06-06 17:35:00,0,1,0.6074668594272997
svm,pso,1,1757,2024-06-06 17:35:00,0,0,0.4356584606542913
svm,pso,1,1758,2024-06-06 17:40:00,0,0,0.14607386377214016
svm,pso,1,1759,2024-06-06 17:40:00,0,0,0.4909037105517787
svm,pso,1,1760,2024-06-06 17:45:00,0,1,0.5491847142794352
svm,pso,1,1761,2024-06-06 17:45:00,0,0,0.45497507714101004
svm,pso,1,1762,2024-06-06 17:50:00,0,0,0.48667455840931223
svm,pso,1,1763,2024-06-06 17:50:00,0,1,0.6760390414445722
svm,pso,1,1764,2024-06-06 17:55:00,0,0,0.3760965448226644
svm,pso,1,1765,2024-06-06 17:55:00,1,0,0.4259471255040483
svm,pso,1,1766,2024-06-07 17:10:00,1,1,0.5707142767688721
svm,pso,1,1767,2024-06-07 17:15:00,1,0,0.4927668666800064
svm,pso,1,1768,2024-06-07 17:20:00,1,1,0.6376586496014942
svm,pso,1,1769,2024-06-07 17:25:00,1,1,0.6164013887333873
svm,pso,1,1770,2024-06-07 17:30:00,1,0,0.3785711781814376
svm,pso,1,1771,2024-06-07 17:35:00,1,1,0.6977561703707599
svm,pso,1,1772,2024-06-07 17:40:00,1,1,0.5355680257328055
svm,pso,1,1773,2024-06-07 17:45:00,1,0,0.40291645395619846
svm,pso,1,1774,2024-06-07 17:50:00,1,0,0.4431506418357427
svm,pso,1,1775,2024-06-07 17:55:00,1,1,0.673006171196403
svm,pso,1,1776,2024-06-10 10:40:00,1,0,0.4559101882311863
svm,pso,1,1777,2024-06-10 10:45:00,1,1,0.6264276654469545
svm,pso,1,1778,2024-06-10 10:50:00,1,1,0.600685613177362
svm,pso,1,1779,2024-06-10 10:55:00,1,0,0.406141172840955
svm,pso,1,1780,2024-06-10 11:00:00,1,0,0.3702320340565552
svm,pso,1,1781,2024-06-10 11:05:00,1,0,0.41286510833370216
svm,pso,1,1782,2024-06-10 11:10:00,1,0,0.46428166633544404
svm,pso,1,1783,2024-06-10 11:15:00,1,1,0.634093485394809
svm,pso,1,1784,2024-06-10 11:20:00,1,1,0.6911024395826864
svm,pso,1,1785,2024-06-10 11:25:00,1,1,0.7250247545181239
svm,pso,1,1786,2024-06-10 11:30:00,1,1,0.6777853500705858
svm,pso,1,1787,2024-06-10 11:35:00,1,1,0.5444389186201072
svm,pso,1,1788,2024-06-10 11:40:00,1,1,0.6380653271577132
svm,pso,1,1789,2024-06-10 11:45:00,1,0,0.42867220871160844
svm,pso,1,1790,2024-06-10 11:50:00,0,0,0.45002754187191224
svm,pso,1,1791,2024-06-10 11:50:00,0,1,0.567587922946709
svm,pso,1,1792,2024-06-10 11:55:00,0,1,0.5812023635977257
svm,pso,1,1793,2024-06-10 11:55:00,0,1,0.5357437131489362
svm,pso,1,1794,2024-06-10 12:00:00,0,0,0.2871416595200557
svm,pso,1,1795,2024-06-10 12:00:00,0,0,0.3082859441532562
svm,pso,1,1796,2024-06-10 12:05:00,0,0,0.45184277690484925
svm,pso,1,1797,2024-06-10 12:05:00,0,0,0.2346688692720071
svm,pso,1,1798,2024-06-10 12:10:00,0,0,0.3802379355115744
svm,pso,1,1799,2024-06-10 12:10:00,0,0,0.35295122446576743
svm,pso,1,1800,2024-06-10 12:15:00,0,1,0.5406565692445378
svm,pso,1,1801,2024-06-10 12:15:00,0,1,0.5298225396843037
svm,pso,1,1802,2024-06-10 12:20:00,0,1,0.546903144422247
svm,pso,1,1803,2024-06-10 12:20:00,0,0,0.48912604026878065
svm,pso,1,1804,2024-06-10 12:25:00,0,0,0.3808212661882916
svm,pso,1,1805,2024-06-10 12:25:00,0,0,0.4257548680029021
svm,pso,1,1806,2024-06-10 12:30:00,0,0,0.4352723225547837
svm,pso,1,1807,2024-06-10 12:30:00,0,0,0.41869558137760904
svm,pso,1,1808,2024-06-10 12:35:00,0,1,0.5124279086290877
svm,pso,1,1809,2024-06-10 12:35:00,0,0,0.43780471222870704
svm,pso,1,1810,2024-06-10 12:40:00,0,1,0.6412173782644153
svm,pso,1,1811,2024-06-10 12:40:00,0,1,0.6454758032509692
svm,pso,1,1812,2024-06-10 12:45:00,0,0,0.4305622245874429
svm,pso,1,1813,2024-06-10 12:45:00,0,0,0.37849999727993233
svm,pso,1,1814,2024-06-10 12:50:00,1,0,0.4273350556048932
svm,pso,1,1815,2024-06-10 12:50:00,0,0,0.47136273049039423
svm,pso,1,1816,2024-06-10 12:55:00,1,1,0.5613604473435688
svm,pso,1,1817,2024-06-10 12:55:00,0,1,0.6199243912029156
svm,pso,1,1818,2024-06-10 13:00:00,1,1,0.5477416317844778
svm,pso,1,1819,2024-06-10 13:00:00,0,0,0.46279741914945377
svm,pso,1,1820,2024-06-10 13:05:00,1,1,0.7305144849682347
svm,pso,1,1821,2024-06-10 13:05:00,0,1,0.7390924619691388
svm,pso,1,1822,2024-06-10 13:10:00,0,1,0.6451787696167833
svm,pso,1,1823,2024-06-10 13:10:00,0,1,0.6489664858128256
svm,pso,1,1824,2024-06-10 13:15:00,0,1,0.6900730689309661
svm,pso,1,1825,2024-06-10 13:15:00,0,1,0.6975065546436456
svm,pso,1,1826,2024-06-10 13:20:00,0,1,0.6877640260412136
svm,pso,1,1827,2024-06-10 13:20:00,0,1,0.6812561224322937
svm,pso,1,1828,2024-06-10 13:25:00,0,0,0.3996197043017524
svm,pso,1,1829,2024-06-10 13:25:00,0,0,0.4266899770213289
svm,pso,1,1830,2024-06-10 13:30:00,0,1,0.6180021425909126
svm,pso,1,1831,2024-06-10 13:30:00,0,1,0.6473033298818771
svm,pso,1,1832,2024-06-10 13:35:00,0,0,0.4483596140682865
svm,pso,1,1833,2024-06-10 13:35:00,0,0,0.4546348273114717
svm,pso,1,1834,2024-06-10 13:40:00,0,1,0.6122225557070606
svm,pso,1,1835,2024-06-10 13:40:00,0,1,0.5996381241311166
svm,pso,1,1836,2024-06-10 13:45:00,0,1,0.5665433327043651
svm,pso,1,1837,2024-06-10 13:45:00,0,1,0.5424198039828201
svm,pso,1,1838,2024-06-10 13:50:00,0,0,0.30063408229268057
svm,pso,1,1839,2024-06-10 13:50:00,0,0,0.307987010588604
svm,pso,1,1840,2024-06-10 13:55:00,0,1,0.5914159296990185
svm,pso,1,1841,2024-06-10 13:55:00,0,1,0.6071134035489619
svm,pso,1,1842,2024-06-10 14:00:00,0,1,0.6570537900326001
svm,pso,1,1843,2024-06-10 14:00:00,0,1,0.6312022729037982
svm,pso,1,1844,2024-06-10 14:05:00,0,1,0.6547379826137001
svm,pso,1,1845,2024-06-10 14:05:00,0,1,0.6746657384119527
svm,pso,1,1846,2024-06-10 14:10:00,0,1,0.58690028940517
svm,pso,1,1847,2024-06-10 14:10:00,0,1,0.5489959930853634
svm,pso,1,1848,2024-06-10 14:15:00,0,1,0.6099530109512465
svm,pso,1,1849,2024-06-10 14:15:00,0,1,0.5561646151576923
svm,pso,1,1850,2024-06-10 14:20:00,0,0,0.4558622173863629
svm,pso,1,1851,2024-06-10 14:20:00,0,0,0.4530593399071895
svm,pso,1,1852,2024-06-10 14:25:00,0,1,0.5308997469018579
svm,pso,1,1853,2024-06-10 14:25:00,0,1,0.5603151972343643
svm,pso,1,1854,2024-06-10 14:30:00,0,0,0.40165041021956904
svm,pso,1,1855,2024-06-10 14:30:00,0,0,0.4845317784479846
svm,pso,1,1856,2024-06-10 14:35:00,0,0,0.34201808310148496
svm,pso,1,1857,2024-06-10 14:35:00,0,1,0.57655113339642
svm,pso,1,1858,2024-06-10 14:40:00,0,1,0.6288644955602478
svm,pso,1,1859,2024-06-10 14:40:00,0,1,0.6311699702617201
svm,pso,1,1860,2024-06-10 14:45:00,0,1,0.572307258233637
svm,pso,1,1861,2024-06-10 14:45:00,0,1,0.5738103724847011
svm,pso,1,1862,2024-06-10 14:50:00,0,1,0.7018603183081932
svm,pso,1,1863,2024-06-10 14:50:00,0,1,0.6453949254838977
svm,pso,1,1864,2024-06-10 14:55:00,0,1,0.6685484122498985
svm,pso,1,1865,2024-06-10 14:55:00,0,1,0.7348643203965702
svm,pso,1,1866,2024-06-10 15:00:00,0,1,0.7005255500727672
svm,pso,1,1867,2024-06-10 15:00:00,0,1,0.5551435686701734
svm,pso,1,1868,2024-06-10 15:05:00,0,1,0.5403392211621809
svm,pso,1,1869,2024-06-10 15:05:00,0,0,0.4611943398602056
svm,pso,1,1870,2024-06-10 15:10:00,0,0,0.3062989050559623
svm,pso,1,1871,2024-06-10 15:10:00,0,0,0.39331854456709653
svm,pso,1,1872,2024-06-10 15:15:00,0,0,0.47693342824743556
svm,pso,1,1873,2024-06-10 15:15:00,0,0,0.44635461164985996
svm,pso,1,1874,2024-06-10 15:20:00,1,0,0.44992504802740974
svm,pso,1,1875,2024-06-10 15:20:00,1,0,0.4629411667009722
svm,pso,1,1876,2024-06-10 15:25:00,1,1,0.6229390147292797
svm,pso,1,1877,2024-06-10 15:25:00,1,1,0.5940835871307566
svm,pso,1,1878,2024-06-10 15:30:00,1,0,0.3817551285869987
svm,pso,1,1879,2024-06-10 15:30:00,1,0,0.42136556694827554
svm,pso,1,1880,2024-06-10 15:35:00,1,1,0.8060587804670523
svm,pso,1,1881,2024-06-10 15:35:00,1,1,0.8101658827722383
svm,pso,1,1882,2024-06-10 15:40:00,0,1,0.7400303712852061
svm,pso,1,1883,2024-06-10 15:40:00,0,1,0.7386383373001648
svm,pso,1,1884,2024-06-10 15:45:00,0,1,0.5975737322671868
svm,pso,1,1885,2024-06-10 15:45:00,0,1,0.5531611818713827
svm,pso,1,1886,2024-06-10 15:50:00,0,1,0.6563045959496794
svm,pso,1,1887,2024-06-10 15:50:00,0,1,0.6425884295667743
svm,pso,1,1888,2024-06-10 15:55:00,0,1,0.6035588638891181
svm,pso,1,1889,2024-06-10 15:55:00,0,0,0.47089764782026766
svm,pso,1,1890,2024-06-10 16:00:00,0,0,0.3544370173644995
svm,pso,1,1891,2024-06-10 16:00:00,0,0,0.38502364971260084
svm,pso,1,1892,2024-06-10 16:05:00,0,0,0.4313557684950144
svm,pso,1,1893,2024-06-10 16:05:00,0,0,0.4457298314421391
svm,pso,1,1894,2024-06-10 16:10:00,0,1,0.5534390074282252
svm,pso,1,1895,2024-06-10 16:10:00,0,1,0.5772311270587859
svm,pso,1,1896,2024-06-10 16:15:00,0,1,0.715517683652641
svm,pso,1,1897,2024-06-10 16:15:00,0,1,0.7234289870115781
svm,pso,1,1898,2024-06-10 16:20:00,0,1,0.6079169044741798
svm,pso,1,1899,2024-06-10 16:20:00,0,1,0.6441355380428305
svm,pso,1,1900,2024-06-10 16:25:00,0,0,0.4196579634982141
svm,pso,1,1901,2024-06-10 16:25:00,0,0,0.35334260899238923
svm,pso,1,1902,2024-06-10 16:30:00,0,0,0.4182819139575348
svm,pso,1,1903,2024-06-10 16:30:00,0,0,0.3738119523410707
svm,pso,1,1904,2024-06-10 16:35:00,0,1,0.5711016556755552
svm,pso,1,1905,2024-06-10 16:35:00,0,1,0.548187506303416
svm,pso,1,1906,2024-06-10 16:40:00,0,1,0.5358345494142188
svm,pso,1,1907,2024-06-10 16:40:00,0,1,0.5349850544204728
svm,pso,1,1908,2024-06-10 16:45:00,0,0,0.49461434072122307
svm,pso,1,1909,2024-06-10 16:45:00,0,1,0.5342542878073948
svm,pso,1,1910,2024-06-10 16:50:00,0,0,0.4280237893284074
svm,pso,1,1911,2024-06-10 16:50:00,0,1,0.5060463583390125
svm,pso,1,1912,2024-06-10 16:55:00,0,1,0.533073195703368
svm,pso,1,1913,2024-06-10 16:55:00,0,0,0.42504917432167116
svm,pso,1,1914,2024-06-10 17:00:00,0,0,0.41393890276342116
svm,pso,1,1915,2024-06-10 17:00:00,1,0,0.3815277200608223
svm,pso,1,1916,2024-06-10 17:05:00,1,1,0.8133887095694742
svm,pso,1,1917,2024-06-10 17:05:00,0,1,0.6846717937118868
svm,pso,1,1918,2024-06-10 17:10:00,1,1,0.6289958309532174
svm,pso,1,1919,2024-06-10 17:10:00,0,1,0.6026306938071864
svm,pso,1,1920,2024-06-10 17:15:00,1,0,0.3437159197736095
svm,pso,1,1921,2024-06-10 17:15:00,1,0,0.3370092165008759
svm,pso,1,1922,2024-06-10 17:20:00,1,1,0.5819124237232497
svm,pso,1,1923,2024-06-10 17:20:00,1,1,0.600060016315681
svm,pso,1,1924,2024-06-10 17:25:00,1,1,0.7506412380066092
svm,pso,1,1925,2024-06-10 17:25:00,1,1,0.7543555171460714
svm,pso,1,1926,2024-06-10 17:30:00,1,1,0.6205497117261284
svm,pso,1,1927,2024-06-10 17:30:00,1,1,0.6059110921364729
svm,pso,1,1928,2024-06-10 17:35:00,1,1,0.7494662598823926
svm,pso,1,1929,2024-06-10 17:35:00,1,1,0.6957070243382855
svm,pso,1,1930,2024-06-10 17:40:00,1,1,0.6243596167186587
svm,pso,1,1931,2024-06-10 17:40:00,1,1,0.6315451915555623
svm,pso,1,1932,2024-06-10 17:45:00,1,1,0.5646942505342722
svm,pso,1,1933,2024-06-10 17:45:00,1,1,0.5771953823219768
svm,pso,1,1934,2024-06-10 17:50:00,1,1,0.5747887697124828
svm,pso,1,1935,2024-06-10 17:50:00,1,1,0.5836095112861632
svm,pso,1,1936,2024-06-10 17:55:00,0,1,0.5682813433412568
svm,pso,1,1937,2024-06-10 17:55:00,0,1,0.5925536322654672
svm,pso,1,1938,2024-06-12 10:40:00,0,1,0.5167174531528193
svm,pso,1,1939,2024-06-12 10:40:00,0,1,0.5167174531528193
svm,pso,1,1940,2024-06-12 10:45:00,0,1,0.5167174531528193
svm,pso,1,1941,2024-06-12 10:45:00,0,1,0.5167174531528193
svm,pso,1,1942,2024-06-12 10:50:00,0,1,0.5167174531528193
svm,pso,1,1943,2024-06-12 10:50:00,0,1,0.5167174531528193
svm,pso,1,1944,2024-06-12 10:55:00,0,1,0.5167174531528193
svm,pso,1,1945,2024-06-12 10:55:00,0,1,0.5167174531528193
svm,pso,1,1946,2024-06-12 11:00:00,1,1,0.5167174531528193
svm,pso,1,1947,2024-06-12 11:00:00,0,1,0.5167174531528193
svm,pso,1,1948,2024-06-12 11:05:00,0,1,0.5167174344704363
svm,pso,1,1949,2024-06-12 11:05:00,1,1,0.5167174023931369
svm,pso,1,1950,2024-06-12 11:10:00,1,1,0.5167174482178502
svm,pso,1,1951,2024-06-12 11:10:00,1,1,0.5167174483353494
svm,pso,1,1952,2024-06-12 11:15:00,1,1,0.5161369515906229
svm,pso,1,1953,2024-06-12 11:15:00,1,1,0.5154327804563511
svm,pso,1,1954,2024-06-12 11:20:00,1,1,0.516612127363731
svm,pso,1,1955,2024-06-12 11:20:00,1,1,0.5165312971684239
svm,pso,1,1956,2024-06-12 11:25:00,1,1,0.5172897979703731
svm,pso,1,1957,2024-06-12 11:25:00,1,1,0.5168944827238794
svm,pso,1,1958,2024-06-12 11:30:00,1,1,0.6244654234696518
svm,pso,1,1959,2024-06-12 11:30:00,1,1,0.56938019852359
svm,pso,1,1960,2024-06-12 11:35:00,1,0,0.4571066067115489
svm,pso,1,1961,2024-06-12 11:35:00,1,0,0.4012774530320802
svm,pso,1,1962,2024-06-12 11:40:00,1,0,0.4070425170802521
svm,pso,1,1963,2024-06-12 11:40:00,1,0,0.31274880811783806
svm,pso,1,1964,2024-06-12 11:45:00,1,0,0.3404631332034792
svm,pso,1,1965,2024-06-12 11:45:00,1,0,0.31256548443868476
svm,pso,1,1966,2024-06-12 11:50:00,1,0,0.14171856779550931
svm,pso,1,1967,2024-06-12 11:50:00,1,0,0.14129783495187465
svm,pso,1,1968,2024-06-12 11:55:00,1,0,0.19504078320236493
svm,pso,1,1969,2024-06-12 11:55:00,1,0,0.24456951325820242
svm,pso,1,1970,2024-06-12 12:00:00,1,1,0.7304207612056542
svm,pso,1,1971,2024-06-12 12:00:00,1,1,0.6134535442709459
svm,pso,1,1972,2024-06-12 12:05:00,1,0,0.48616854371191226
svm,pso,1,1973,2024-06-12 12:05:00,1,1,0.5232494828989879
svm,pso,1,1974,2024-06-12 12:10:00,1,0,0.39491638800999407
svm,pso,1,1975,2024-06-12 12:10:00,1,0,0.39235688727520945
svm,pso,1,1976,2024-06-12 12:15:00,1,1,0.554516053204325
svm,pso,1,1977,2024-06-12 12:15:00,1,0,0.4820830360380419
svm,pso,1,1978,2024-06-12 12:20:00,1,0,0.44791324860902504
svm,pso,1,1979,2024-06-12 12:20:00,1,0,0.45096031641990986
svm,pso,1,1980,2024-06-12 12:25:00,1,1,0.5922097256063958
svm,pso,1,1981,2024-06-12 12:25:00,1,1,0.6867462460670064
svm,pso,1,1982,2024-06-12 12:30:00,1,1,0.6780533518632189
svm,pso,1,1983,2024-06-12 12:30:00,1,1,0.5824487303545577
svm,pso,1,1984,2024-06-12 12:35:00,1,1,0.7860103556751609
svm,pso,1,1985,2024-06-12 12:35:00,1,1,0.7298120057742159
svm,pso,1,1986,2024-06-12 12:40:00,1,1,0.6422407228392417
svm,pso,1,1987,2024-06-12 12:40:00,1,1,0.543385905393917
svm,pso,1,1988,2024-06-12 12:45:00,1,1,0.6891341479354605
svm,pso,1,1989,2024-06-12 12:45:00,1,0,0.4818448476521926
svm,pso,1,1990,2024-06-12 12:50:00,1,1,0.6390350334066696
svm,pso,1,1991,2024-06-12 12:50:00,1,1,0.6297340121024655
svm,pso,1,1992,2024-06-12 12:55:00,1,1,0.6662007309756557
svm,pso,1,1993,2024-06-12 12:55:00,1,1,0.7534050344627983
svm,pso,1,1994,2024-06-12 13:00:00,1,1,0.6298087180917787
svm,pso,1,1995,2024-06-12 13:00:00,1,1,0.6322506828908301
svm,pso,1,1996,2024-06-12 13:05:00,1,0,0.44666611277738316
svm,pso,1,1997,2024-06-12 13:05:00,1,1,0.5411844522283382
svm,pso,1,1998,2024-06-12 13:10:00,1,1,0.522418161284926
svm,pso,1,1999,2024-06-12 13:10:00,1,0,0.41801346680798124
svm,pso,1,2000,2024-06-12 13:15:00,1,0,0.3836783355318542
svm,pso,1,2001,2024-06-12 13:15:00,1,0,0.3453802856006255
svm,pso,1,2002,2024-06-12 13:20:00,1,1,0.7088790552975833
svm,pso,1,2003,2024-06-12 13:20:00,1,1,0.6988852949462383
svm,pso,1,2004,2024-06-12 13:25:00,1,1,0.6865536303459073
svm,pso,1,2005,2024-06-12 13:25:00,1,1,0.6745701289697409
svm,pso,1,2006,2024-06-12 13:30:00,1,1,0.549729802665391
svm,pso,1,2007,2024-06-12 13:30:00,1,1,0.5757696413295511
svm,pso,1,2008,2024-06-12 13:35:00,1,1,0.7060792330246458
svm,pso,1,2009,2024-06-12 13:35:00,1,1,0.638512177255048
svm,pso,1,2010,2024-06-12 13:40:00,1,1,0.6188353169080354
svm,pso,1,2011,2024-06-12 13:40:00,1,1,0.6498723616652518
svm,pso,1,2012,2024-06-12 13:45:00,1,1,0.8153842848152136
svm,pso,1,2013,2024-06-12 13:45:00,1,0,0.4420836886317276
svm,pso,1,2014,2024-06-12 13:50:00,0,1,0.6414582927262819
svm,pso,1,2015,2024-06-12 13:50:00,1,1,0.5393153365110115
svm,pso,1,2016,2024-06-12 13:55:00,1,0,0.3482928572743891
svm,pso,1,2017,2024-06-12 13:55:00,0,0,0.45465513598220786
svm,pso,1,2018,2024-06-12 14:00:00,0,0,0.42769212433445186
svm,pso,1,2019,2024-06-12 14:00:00,1,1,0.6024520735917085
svm,pso,1,2020,2024-06-12 14:05:00,0,0,0.4329547335411102
svm,pso,1,2021,2024-06-12 14:05:00,1,0,0.4717526987642177
svm,pso,1,2022,2024-06-12 14:10:00,0,0,0.3936129074624762
svm,pso,1,2023,2024-06-12 14:10:00,1,0,0.3733338811403434
svm,pso,1,2024,2024-06-12 14:15:00,1,1,0.6243028877719219
svm,pso,1,2025,2024-06-12 14:15:00,0,0,0.3205403184766169
svm,pso,1,2026,2024-06-12 14:20:00,1,1,0.6793486236840123
svm,pso,1,2027,2024-06-12 14:20:00,0,1,0.5420849415416801
svm,pso,1,2028,2024-06-12 14:25:00,1,1,0.5203309060314385
svm,pso,1,2029,2024-06-12 14:25:00,0,0,0.46676895749370795
svm,pso,1,2030,2024-06-12 14:30:00,0,0,0.4864292208574758
svm,pso,1,2031,2024-06-12 14:30:00,1,0,0.4642904146081171
svm,pso,1,2032,2024-06-12 14:35:00,0,1,0.5537908559913282
svm,pso,1,2033,2024-06-12 14:35:00,1,1,0.5627342968869471
svm,pso,1,2034,2024-06-12 14:40:00,1,1,0.5987163411200764
svm,pso,1,2035,2024-06-12 14:40:00,0,1,0.5639654848262156
svm,pso,1,2036,2024-06-12 14:45:00,0,1,0.6852401544007858
svm,pso,1,2037,2024-06-12 14:45:00,0,1,0.6246490845772362
svm,pso,1,2038,2024-06-12 14:50:00,0,1,0.5807193983417813
svm,pso,1,2039,2024-06-12 14:50:00,0,1,0.5837601050176255
svm,pso,1,2040,2024-06-12 14:55:00,0,1,0.682438149843716
svm,pso,1,2041,2024-06-12 14:55:00,0,0,0.4696913595874081
svm,pso,1,2042,2024-06-12 15:00:00,0,0,0.4370508604897663
svm,pso,1,2043,2024-06-12 15:00:00,0,0,0.13788740264781368
svm,pso,1,2044,2024-06-12 15:05:00,0,1,0.5314507208437717
svm,pso,1,2045,2024-06-12 15:05:00,0,0,0.3357860707296067
svm,pso,1,2046,2024-06-12 15:10:00,0,1,0.7564637520712528
svm,pso,1,2047,2024-06-12 15:10:00,0,1,0.5075955877135956
svm,pso,1,2048,2024-06-12 15:15:00,0,1,0.5227018537602302
svm,pso,1,2049,2024-06-12 15:15:00,0,0,0.386803070558925
svm,pso,1,2050,2024-06-12 15:20:00,0,0,0.43937261485682466
svm,pso,1,2051,2024-06-12 15:20:00,0,0,0.3550725049481076
svm,pso,1,2052,2024-06-12 15:25:00,0,1,0.6172925786204837
svm,pso,1,2053,2024-06-12 15:25:00,0,1,0.5341660487564253
svm,pso,1,2054,2024-06-12 15:30:00,0,1,0.5313549777903566
svm,pso,1,2055,2024-06-12 15:30:00,0,0,0.39046176886398565
svm,pso,1,2056,2024-06-12 15:35:00,0,0,0.16245134760792682
svm,pso,1,2057,2024-06-12 15:35:00,0,0,0.43349615888780396
svm,pso,1,2058,2024-06-12 15:40:00,0,0,0.4518967175746226
svm,pso,1,2059,2024-06-12 15:40:00,0,0,0.39402032068028886
svm,pso,1,2060,2024-06-12 15:45:00,1,0,0.41003528775805576
svm,pso,1,2061,2024-06-12 15:45:00,1,1,0.5123305902813351
svm,pso,1,2062,2024-06-12 15:50:00,1,0,0.42035432405951684
svm,pso,1,2063,2024-06-12 15:50:00,1,0,0.4936403835288817
svm,pso,1,2064,2024-06-12 15:55:00,1,1,0.5117052042045329
svm,pso,1,2065,2024-06-12 15:55:00,1,0,0.4754950993494027
svm,pso,1,2066,2024-06-12 16:00:00,1,0,0.4626340635550739
svm,pso,1,2067,2024-06-12 16:00:00,1,1,0.7809465553743269
svm,pso,1,2068,2024-06-12 16:05:00,1,0,0.38983073625631504
svm,pso,1,2069,2024-06-12 16:05:00,1,0,0.359700467514393
svm,pso,1,2070,2024-06-12 16:10:00,1,1,0.5760631867272802
svm,pso,1,2071,2024-06-12 16:10:00,1,0,0.46583272598386755
svm,pso,1,2072,2024-06-12 16:15:00,0,0,0.4986717456628063
svm,pso,1,2073,2024-06-12 16:15:00,1,0,0.35703180084197156
svm,pso,1,2074,2024-06-12 16:20:00,1,0,0.4908993756472184
svm,pso,1,2075,2024-06-12 16:20:00,0,0,0.4621151821801112
svm,pso,1,2076,2024-06-12 16:25:00,0,0,0.2734039549408673
svm,pso,1,2077,2024-06-12 16:25:00,1,0,0.3675672660070505
svm,pso,1,2078,2024-06-12 16:30:00,0,0,0.3216128764989556
svm,pso,1,2079,2024-06-12 16:30:00,1,1,0.6684954540767649
svm,pso,1,2080,2024-06-12 16:35:00,1,1,0.7683790103554747
svm,pso,1,2081,2024-06-12 16:35:00,0,1,0.6927368663420895
svm,pso,1,2082,2024-06-12 16:40:00,1,1,0.7376881890167136
svm,pso,1,2083,2024-06-12 16:40:00,0,1,0.6798899542412641
svm,pso,1,2084,2024-06-12 16:45:00,0,1,0.7778353179350971
svm,pso,1,2085,2024-06-12 16:45:00,1,0,0.4034760905972395
svm,pso,1,2086,2024-06-12 16:50:00,0,1,0.7901734902512962
svm,pso,1,2087,2024-06-12 16:50:00,1,0,0.48404040397113196
svm,pso,1,2088,2024-06-12 16:55:00,0,1,0.7255587950654572
svm,pso,1,2089,2024-06-12 17:00:00,0,1,0.6360815017089836
svm,pso,1,2090,2024-06-12 17:05:00,0,1,0.5457481157429369
svm,pso,1,2091,2024-06-12 17:10:00,0,1,0.6531587242617074
svm,pso,1,2092,2024-06-12 17:15:00,0,0,0.4366253315945472
svm,pso,1,2093,2024-06-12 17:20:00,0,1,0.6172716345476228
svm,pso,1,2094,2024-06-12 17:25:00,0,0,0.4742022956508266
svm,pso,1,2095,2024-06-12 17:30:00,0,0,0.47416961951938325
svm,pso,1,2096,2024-06-12 17:35:00,0,1,0.5866607973117456
svm,pso,1,2097,2024-06-12 17:40:00,0,0,0.33538428499982625
svm,pso,1,2098,2024-06-12 17:45:00,0,0,0.4141764337446508
svm,pso,1,2099,2024-06-12 17:50:00,0,0,0.39657090026232894
svm,pso,1,2100,2024-06-12 17:55:00,0,0,0.4650981059536862
svm,pso,1,2101,2024-06-13 12:10:00,1,0,0.4254448529764647
svm,pso,1,2102,2024-06-13 12:15:00,1,1,0.5841079767110359
svm,pso,1,2103,2024-06-13 12:20:00,1,1,0.5871862971421081
svm,pso,1,2104,2024-06-13 12:25:00,1,1,0.6717880195402324
svm,pso,1,2105,2024-06-13 12:30:00,1,1,0.5099554425628636
svm,pso,1,2106,2024-06-13 12:35:00,1,1,0.5883902136594066
svm,pso,1,2107,2024-06-13 12:40:00,1,0,0.2154875843977641
svm,pso,1,2108,2024-06-13 12:45:00,1,0,0.3699433660133297
svm,pso,1,2109,2024-06-13 12:50:00,1,1,0.5452043454211444
svm,pso,1,2110,2024-06-13 12:55:00,1,1,0.7775597673685447
svm,pso,1,2111,2024-06-13 13:00:00,1,1,0.5282835356781739
svm,pso,1,2112,2024-06-13 13:05:00,1,1,0.756645936539133
svm,pso,1,2113,2024-06-13 13:10:00,1,1,0.5205480822446749
svm,pso,1,2114,2024-06-13 13:15:00,1,1,0.5262717003358867
svm,pso,1,2115,2024-06-13 13:20:00,1,0,0.4591376902792841
svm,pso,1,2116,2024-06-13 13:25:00,1,0,0.3518287967690303
svm,pso,1,2117,2024-06-13 13:30:00,1,0,0.27194063311735095
svm,pso,1,2118,2024-06-13 13:35:00,1,0,0.33488056359533835
svm,pso,1,2119,2024-06-13 13:40:00,1,0,0.3655213446148884
svm,pso,1,2120,2024-06-13 13:45:00,1,0,0.4289677125910539
svm,pso,1,2121,2024-06-13 13:50:00,1,1,0.5678694612557282
svm,pso,1,2122,2024-06-13 13:55:00,1,1,0.514934598002108
svm,pso,1,2123,2024-06-13 14:00:00,1,1,0.5535582013989413
svm,pso,1,2124,2024-06-13 14:05:00,1,1,0.6332877735525128
svm,pso,1,2125,2024-06-13 14:10:00,0,1,0.6889493566434738
svm,pso,1,2126,2024-06-13 14:15:00,0,0,0.4959223521933389
svm,pso,1,2127,2024-06-13 14:20:00,0,0,0.31943843793378524
svm,pso,1,2128,2024-06-13 14:25:00,0,0,0.40196077609491165
svm,pso,1,2129,2024-06-13 14:30:00,0,0,0.3502381291130973
svm,pso,1,2130,2024-06-13 14:35:00,0,0,0.4053899253337191
svm,pso,1,2131,2024-06-13 14:40:00,0,0,0.41885272995163675
svm,pso,1,2132,2024-06-13 14:45:00,0,0,0.4496999223252329
svm,pso,1,2133,2024-06-13 14:50:00,0,0,0.44229665651167455
svm,pso,1,2134,2024-06-13 14:55:00,0,1,0.6125372989957147
svm,pso,1,2135,2024-06-13 15:00:00,0,1,0.6650195985076293
svm,pso,1,2136,2024-06-13 15:05:00,0,1,0.631765136757009
svm,pso,1,2137,2024-06-13 15:10:00,0,1,0.6488839403912424
svm,pso,1,2138,2024-06-13 15:15:00,0,0,0.4088017801061605
svm,pso,1,2139,2024-06-13 15:20:00,0,0,0.4823630982442491
svm,pso,1,2140,2024-06-13 15:25:00,0,0,0.43150752264030684
svm,pso,1,2141,2024-06-13 15:30:00,0,1,0.6000891547115721
svm,pso,1,2142,2024-06-13 15:35:00,0,0,0.36217658153838844
svm,pso,1,2143,2024-06-13 15:40:00,0,1,0.6147913758408048
svm,pso,1,2144,2024-06-13 15:45:00,0,1,0.6087175260302956
svm,pso,1,2145,2024-06-13 15:50:00,0,1,0.6610945163476332
svm,pso,1,2146,2024-06-13 15:55:00,0,0,0.4617568727976096
svm,pso,1,2147,2024-06-13 16:00:00,0,1,0.6504669888159296
svm,pso,1,2148,2024-06-13 16:05:00,0,1,0.524486368866972
svm,pso,1,2149,2024-06-13 16:10:00,0,1,0.5252966965284753
svm,pso,1,2150,2024-06-13 16:15:00,0,0,0.49390520174749336
svm,pso,1,2151,2024-06-13 16:20:00,0,0,0.46977392818977587
svm,pso,1,2152,2024-06-13 16:25:00,0,0,0.41348078687869555
svm,pso,1,2153,2024-06-13 16:30:00,0,0,0.4268573529302085
svm,pso,1,2154,2024-06-13 16:35:00,0,1,0.5446403923878805
svm,pso,1,2155,2024-06-13 16:40:00,0,0,0.4684587909323304
svm,pso,1,2156,2024-06-13 16:45:00,0,1,0.5109049975220671
svm,pso,1,2157,2024-06-13 16:50:00,0,0,0.4898725249270977
svm,pso,1,2158,2024-06-13 16:55:00,0,0,0.4627696286687644
svm,pso,1,2159,2024-06-13 17:00:00,0,1,0.6613863521020101
svm,pso,1,2160,2024-06-13 17:05:00,0,0,0.2496965262667561
svm,pso,1,2161,2024-06-13 17:10:00,0,0,0.4531060674649992
svm,pso,1,2162,2024-06-13 17:15:00,0,1,0.6013913017706204
svm,pso,1,2163,2024-06-13 17:20:00,0,1,0.6410717698667947
svm,pso,1,2164,2024-06-13 17:25:00,0,1,0.5296092491471567
svm,pso,1,2165,2024-06-13 17:30:00,0,0,0.4062378045532177
svm,pso,1,2166,2024-06-13 17:35:00,0,0,0.31981239070775475
svm,pso,1,2167,2024-06-13 17:40:00,0,0,0.42003538825357595
svm,pso,1,2168,2024-06-13 17:45:00,0,1,0.6258651836186455
svm,pso,1,2169,2024-06-13 17:50:00,0,1,0.5558035018352958
svm,pso,1,2170,2024-06-13 17:55:00,0,0,0.3370161063908637
svm,pso,1,2171,2024-06-14 11:05:00,1,1,0.6522760898132599
svm,pso,1,2172,2024-06-14 11:10:00,1,1,0.5508897142769146
svm,pso,1,2173,2024-06-14 11:15:00,1,1,0.5382711220871836
svm,pso,1,2174,2024-06-14 11:20:00,1,1,0.755922955707977
svm,pso,1,2175,2024-06-14 11:25:00,1,1,0.6516422061062181
svm,pso,1,2176,2024-06-14 11:30:00,1,1,0.7098258324844964
svm,pso,1,2177,2024-06-14 11:35:00,1,1,0.6316617429872922
svm,pso,1,2178,2024-06-14 11:40:00,1,1,0.5571646214075271
svm,pso,1,2179,2024-06-14 11:45:00,1,0,0.44100277895645423
svm,pso,1,2180,2024-06-14 11:50:00,1,0,0.4903923519464971
svm,pso,1,2181,2024-06-14 11:55:00,1,1,0.5169051785367994
svm,pso,1,2182,2024-06-14 12:00:00,1,1,0.5169820906225666
svm,pso,1,2183,2024-06-14 12:05:00,0,1,0.5167174531528193
svm,pso,1,2184,2024-06-14 12:10:00,0,1,0.516717455267806
svm,pso,1,2185,2024-06-14 12:15:00,0,1,0.5194130204074727
svm,pso,1,2186,2024-06-14 12:20:00,0,1,0.5147667599387614
svm,pso,1,2187,2024-06-14 12:25:00,0,1,0.5453555353032282
svm,pso,1,2188,2024-06-14 12:30:00,0,1,0.5572608633014183
svm,pso,1,2189,2024-06-14 12:35:00,0,0,0.3718713865079163
svm,pso,1,2190,2024-06-14 12:40:00,0,1,0.5601361287932555
svm,pso,1,2191,2024-06-14 12:45:00,0,0,0.4008976812559304
svm,pso,1,2192,2024-06-14 12:50:00,0,1,0.6960603380081285
svm,pso,1,2193,2024-06-14 12:55:00,0,0,0.17267260528594353
svm,pso,1,2194,2024-06-14 13:00:00,0,1,0.6135865109847853
svm,pso,1,2195,2024-06-14 13:05:00,0,1,0.5810708904365627
svm,pso,1,2196,2024-06-14 13:10:00,0,0,0.4146488087075288
svm,pso,1,2197,2024-06-14 13:15:00,0,1,0.5762111452822933
svm,pso,1,2198,2024-06-14 13:20:00,0,0,0.2852135138278156
svm,pso,1,2199,2024-06-14 13:25:00,0,1,0.6205399548015611
svm,pso,1,2200,2024-06-14 13:30:00,0,0,0.3494981507537238
svm,pso,1,2201,2024-06-14 13:35:00,0,0,0.42406463510372633
svm,pso,1,2202,2024-06-14 13:40:00,0,1,0.6595396001901342
svm,pso,1,2203,2024-06-14 13:45:00,0,1,0.6166768235599563
svm,pso,1,2204,2024-06-14 13:50:00,0,0,0.4725879801930826
svm,pso,1,2205,2024-06-14 13:55:00,0,0,0.49753010055299246
svm,pso,1,2206,2024-06-14 14:00:00,0,0,0.4253421557464058
svm,pso,1,2207,2024-06-14 14:05:00,0,1,0.6297537845176737
svm,pso,1,2208,2024-06-14 14:10:00,0,1,0.7030442140833223
svm,pso,1,2209,2024-06-14 14:15:00,0,0,0.35939180744899135
svm,pso,1,2210,2024-06-14 14:20:00,0,1,0.6929068774347393
svm,pso,1,2211,2024-06-14 14:25:00,0,0,0.41365980826705445
svm,pso,1,2212,2024-06-14 14:30:00,0,0,0.4040895794718588
svm,pso,1,2213,2024-06-14 14:35:00,0,0,0.44390838355619705
svm,pso,1,2214,2024-06-14 14:40:00,0,0,0.36214853398648394
svm,pso,1,2215,2024-06-14 14:45:00,0,0,0.29835041682752234
svm,pso,1,2216,2024-06-14 14:50:00,0,0,0.40654895797188734
svm,pso,1,2217,2024-06-14 14:55:00,0,1,0.5796671319075067
svm,pso,1,2218,2024-06-14 15:00:00,0,0,0.3702588837796275
svm,pso,1,2219,2024-06-14 15:05:00,1,0,0.4360231129994939
svm,pso,1,2220,2024-06-14 15:10:00,1,1,0.6155942475122913
svm,pso,1,2221,2024-06-14 15:15:00,1,0,0.439520736513029
svm,pso,1,2222,2024-06-14 15:20:00,1,1,0.6039360491291075
svm,pso,1,2223,2024-06-14 15:25:00,1,1,0.5877490445319963
svm,pso,1,2224,2024-06-14 15:30:00,1,1,0.8558367181916238
svm,pso,1,2225,2024-06-14 15:35:00,1,1,0.7626381358454108
svm,pso,1,2226,2024-06-14 15:40:00,1,1,0.6922476645828709
svm,pso,1,2227,2024-06-14 15:45:00,1,1,0.7121997649922862
svm,pso,1,2228,2024-06-14 15:50:00,1,0,0.4871606182403201
svm,pso,1,2229,2024-06-14 15:55:00,1,1,0.727252909988211
svm,pso,1,2230,2024-06-14 16:00:00,1,1,0.59929849649407
svm,pso,1,2231,2024-06-14 16:05:00,0,1,0.6277752993829057
svm,pso,1,2232,2024-06-14 16:10:00,0,1,0.6200760482180893
svm,pso,1,2233,2024-06-14 16:15:00,0,1,0.5493390686319396
svm,pso,1,2234,2024-06-14 16:20:00,0,0,0.39702780751299027
svm,pso,1,2235,2024-06-14 16:25:00,0,1,0.6221695905405403
svm,pso,1,2236,2024-06-14 16:30:00,0,1,0.5564495625893592
svm,pso,1,2237,2024-06-14 16:35:00,0,0,0.38257513828292616
svm,pso,1,2238,2024-06-14 16:40:00,0,0,0.3974059701054387
svm,pso,1,2239,2024-06-14 16:45:00,0,0,0.30411733659006573
svm,pso,1,2240,2024-06-14 16:50:00,0,1,0.5831684995854771
svm,pso,1,2241,2024-06-14 16:55:00,0,1,0.5234444331411644
svm,pso,1,2242,2024-06-14 17:00:00,0,1,0.5417060227724254
svm,pso,1,2243,2024-06-14 17:05:00,0,0,0.3495253172587352
svm,pso,1,2244,2024-06-14 17:10:00,0,1,0.5407853179773598
svm,pso,1,2245,2024-06-14 17:15:00,0,0,0.3037194056127055
svm,pso,1,2246,2024-06-14 17:20:00,0,1,0.5011991039940765
svm,pso,1,2247,2024-06-14 17:25:00,0,0,0.4029507645861248
svm,pso,1,2248,2024-06-14 17:30:00,0,0,0.4920284217762955
svm,pso,1,2249,2024-06-14 17:35:00,0,1,0.5813097853810534
svm,pso,1,2250,2024-06-14 17:40:00,0,1,0.6508798621827692
svm,pso,1,2251,2024-06-14 17:45:00,0,0,0.44525945453114824
svm,pso,1,2252,2024-06-14 17:50:00,0,0,0.41618065866334636
svm,pso,1,2253,2024-06-14 17:55:00,1,1,0.5847841797708152
svm,pso,1,2254,2024-06-18 10:40:00,1,1,0.518024558923343
svm,pso,1,2255,2024-06-18 10:45:00,1,1,0.5177953151209812
svm,pso,1,2256,2024-06-18 10:50:00,1,1,0.5982767190233613
svm,pso,1,2257,2024-06-18 10:55:00,0,1,0.5168208617754727
svm,pso,1,2258,2024-06-18 11:00:00,0,1,0.6431460625764708
svm,pso,1,2259,2024-06-18 11:05:00,0,0,0.4776469636938099
svm,pso,1,2260,2024-06-18 11:10:00,0,1,0.603777614084714
svm,pso,1,2261,2024-06-18 11:15:00,0,0,0.48903923441113206
svm,pso,1,2262,2024-06-18 11:20:00,1,0,0.3937944290385076
svm,pso,1,2263,2024-06-18 11:25:00,1,0,0.42319148434420784
svm,pso,1,2264,2024-06-18 11:30:00,1,0,0.4784269642883273
svm,pso,1,2265,2024-06-18 11:35:00,1,0,0.4657309395852045
svm,pso,1,2266,2024-06-18 11:40:00,1,1,0.5281333274675767
svm,pso,1,2267,2024-06-18 11:45:00,1,0,0.21923070842460002
svm,pso,1,2268,2024-06-18 11:50:00,1,1,0.7084957950448113
svm,pso,1,2269,2024-06-18 11:55:00,1,0,0.44073792337530066
svm,pso,1,2270,2024-06-18 12:00:00,1,1,0.5123713301129188
svm,pso,1,2271,2024-06-18 12:05:00,1,0,0.46336813315453484
svm,pso,1,2272,2024-06-18 12:10:00,1,0,0.40474179081318756
svm,pso,1,2273,2024-06-18 12:15:00,1,1,0.6508984744873463
svm,pso,1,2274,2024-06-18 12:20:00,1,1,0.6298104031176296
svm,pso,1,2275,2024-06-18 12:25:00,1,1,0.6484649291015423
svm,pso,1,2276,2024-06-18 12:30:00,1,1,0.6513673525582202
svm,pso,1,2277,2024-06-18 12:35:00,1,1,0.6921515792244862
svm,pso,1,2278,2024-06-18 12:40:00,1,1,0.5736392759723568
svm,pso,1,2279,2024-06-18 12:45:00,1,1,0.5911709437044654
svm,pso,1,2280,2024-06-18 12:50:00,1,0,0.34215081208182935
svm,pso,1,2281,2024-06-18 12:55:00,1,0,0.45895597819455963
svm,pso,1,2282,2024-06-18 13:00:00,1,0,0.4817904744866397
svm,pso,1,2283,2024-06-18 13:05:00,1,1,0.6062428454366798
svm,pso,1,2284,2024-06-18 13:10:00,1,1,0.5628519025685241
svm,pso,1,2285,2024-06-18 13:15:00,1,0,0.3559044177505322
svm,pso,1,2286,2024-06-18 13:20:00,1,0,0.49063350414197715
svm,pso,1,2287,2024-06-18 13:25:00,1,0,0.37134039021410997
svm,pso,1,2288,2024-06-18 13:30:00,1,1,0.5262495979558431
svm,pso,1,2289,2024-06-18 13:35:00,1,1,0.6211914121134627
svm,pso,1,2290,2024-06-18 13:40:00,1,1,0.6546246997531969
svm,pso,1,2291,2024-06-18 13:45:00,1,1,0.6939080363084998
svm,pso,1,2292,2024-06-18 13:50:00,1,1,0.6316579735590169
svm,pso,1,2293,2024-06-18 13:55:00,1,1,0.6208258149372884
svm,pso,1,2294,2024-06-18 14:00:00,1,1,0.5504214277032083
svm,pso,1,2295,2024-06-18 14:05:00,1,1,0.6425545122104671
svm,pso,1,2296,2024-06-18 14:10:00,1,0,0.3935281552160544
svm,pso,1,2297,2024-06-18 14:15:00,1,1,0.6152138199802314
svm,pso,1,2298,2024-06-18 14:20:00,1,1,0.7482238434983077
svm,pso,1,2299,2024-06-18 14:25:00,1,1,0.6359577205617024
svm,pso,1,2300,2024-06-18 14:30:00,1,1,0.694596947396885
svm,pso,1,2301,2024-06-18 14:35:00,1,1,0.5279821535496025
svm,pso,1,2302,2024-06-18 14:40:00,1,1,0.6078303097231572
svm,pso,1,2303,2024-06-18 14:45:00,1,1,0.5350433079349646
svm,pso,1,2304,2024-06-18 14:50:00,1,0,0.3646752148532938
svm,pso,1,2305,2024-06-18 14:55:00,1,0,0.497315216506371
svm,pso,1,2306,2024-06-18 15:00:00,1,1,0.5077138457203445
svm,pso,1,2307,2024-06-18 15:05:00,1,1,0.5198998980015214
svm,pso,1,2308,2024-06-18 15:10:00,1,1,0.584774630394429
svm,pso,1,2309,2024-06-18 15:15:00,1,0,0.38024792736769875
svm,pso,1,2310,2024-06-18 15:20:00,1,0,0.32200531601585425
svm,pso,1,2311,2024-06-18 15:25:00,1,0,0.38225265153848403
svm,pso,1,2312,2024-06-18 15:30:00,0,1,0.5376986755066621
svm,pso,1,2313,2024-06-18 15:35:00,0,0,0.39664884544463996
svm,pso,1,2314,2024-06-18 15:40:00,0,0,0.3904136073654347
svm,pso,1,2315,2024-06-18 15:45:00,0,1,0.6509067951335168
svm,pso,1,2316,2024-06-18 15:50:00,0,1,0.5067429496331116
svm,pso,1,2317,2024-06-18 15:55:00,0,0,0.39207606311644566
svm,pso,1,2318,2024-06-18 16:00:00,0,1,0.5607673982036668
svm,pso,1,2319,2024-06-18 16:05:00,1,0,0.43604355122032235
svm,pso,1,2320,2024-06-18 16:10:00,1,0,0.36190773377292945
svm,pso,1,2321,2024-06-18 16:15:00,1,0,0.4783930596218939
svm,pso,1,2322,2024-06-18 16:20:00,1,1,0.5644227727921669
svm,pso,1,2323,2024-06-18 16:25:00,1,0,0.4544436942849621
svm,pso,1,2324,2024-06-18 16:30:00,1,1,0.5956087003991382
svm,pso,1,2325,2024-06-18 16:35:00,1,1,0.6572960761872587
svm,pso,1,2326,2024-06-18 16:40:00,1,0,0.45052850488547996
svm,pso,1,2327,2024-06-18 16:45:00,1,1,0.5914061497587366
svm,pso,1,2328,2024-06-18 16:50:00,1,0,0.4824078514838224
svm,pso,1,2329,2024-06-18 16:55:00,0,1,0.6781904898066996
svm,pso,1,2330,2024-06-18 17:00:00,0,1,0.6447652616652079
svm,pso,1,2331,2024-06-18 17:05:00,0,1,0.6227515839532853
svm,pso,1,2332,2024-06-18 17:10:00,0,1,0.5748869777098834
svm,pso,1,2333,2024-06-18 17:15:00,0,1,0.5514017696176695
svm,pso,1,2334,2024-06-18 17:20:00,0,1,0.685686998534486
svm,pso,1,2335,2024-06-18 17:25:00,0,0,0.33564660047423556
svm,pso,1,2336,2024-06-18 17:30:00,0,1,0.5720144008127779
svm,pso,1,2337,2024-06-18 17:35:00,0,1,0.5334441186685643
svm,pso,1,2338,2024-06-18 17:40:00,0,1,0.6007082934661431
svm,pso,1,2339,2024-06-18 17:45:00,0,1,0.589987296144575
svm,pso,1,2340,2024-06-18 17:50:00,0,0,0.48582720436290283
svm,pso,1,2341,2024-06-18 17:55:00,0,1,0.651926033444697
svm,pso,1,2342,2024-06-19 10:55:00,1,0,0.47366605081722346
svm,pso,1,2343,2024-06-19 11:00:00,1,1,0.7457797144874357
svm,pso,1,2344,2024-06-19 11:05:00,1,1,0.5807528912804789
svm,pso,1,2345,2024-06-19 11:10:00,1,1,0.5344482623075227
svm,pso,1,2346,2024-06-19 11:15:00,1,1,0.5233826555980597
svm,pso,1,2347,2024-06-19 11:20:00,1,0,0.3236408607122422
svm,pso,1,2348,2024-06-19 11:25:00,1,1,0.6080797393376467
svm,pso,1,2349,2024-06-19 11:30:00,1,1,0.7351826267274044
svm,pso,1,2350,2024-06-19 11:35:00,1,1,0.7470979869778355
svm,pso,1,2351,2024-06-19 11:40:00,1,1,0.6064581335965942
svm,pso,1,2352,2024-06-19 11:45:00,1,1,0.7231989141545039
svm,pso,1,2353,2024-06-19 11:50:00,1,1,0.6472544886379598
svm,pso,1,2354,2024-06-19 11:55:00,1,1,0.6812955645461019
svm,pso,1,2355,2024-06-19 12:00:00,1,1,0.599142026849998
svm,pso,1,2356,2024-06-19 12:05:00,1,0,0.469440783657115
svm,pso,1,2357,2024-06-19 12:10:00,1,0,0.36516921053466705
svm,pso,1,2358,2024-06-19 12:15:00,1,0,0.27368295631976225
svm,pso,1,2359,2024-06-19 12:20:00,1,1,0.5961370792812916
svm,pso,1,2360,2024-06-19 12:25:00,1,1,0.5891002746713856
svm,pso,1,2361,2024-06-19 12:30:00,1,1,0.6497642573194803
svm,pso,1,2362,2024-06-19 12:35:00,1,1,0.68611419899062
svm,pso,1,2363,2024-06-19 12:40:00,1,1,0.662958245883695
svm,pso,1,2364,2024-06-19 12:45:00,1,0,0.3764078985063223
svm,pso,1,2365,2024-06-19 12:50:00,1,1,0.7989997631559307
svm,pso,1,2366,2024-06-19 12:55:00,1,0,0.30841703667897985
svm,pso,1,2367,2024-06-19 13:00:00,1,1,0.723237299981287
svm,pso,1,2368,2024-06-19 13:05:00,1,1,0.6653372304310108
svm,pso,1,2369,2024-06-19 13:10:00,1,1,0.5753682761271879
svm,pso,1,2370,2024-06-19 13:15:00,1,1,0.5043339309815323
svm,pso,1,2371,2024-06-19 13:20:00,1,0,0.4042476690836982
svm,pso,1,2372,2024-06-19 13:25:00,1,1,0.6004831471981912
svm,pso,1,2373,2024-06-19 13:30:00,1,1,0.6092329023552934
svm,pso,1,2374,2024-06-19 13:35:00,1,1,0.7477646945744799
svm,pso,1,2375,2024-06-19 13:40:00,1,1,0.6495041299062361
svm,pso,1,2376,2024-06-19 13:45:00,1,1,0.6904270268836635
svm,pso,1,2377,2024-06-19 13:50:00,1,1,0.7158120117754706
svm,pso,1,2378,2024-06-19 13:55:00,1,1,0.7160896999456895
svm,pso,1,2379,2024-06-19 14:00:00,1,0,0.4331293942549404
svm,pso,1,2380,2024-06-19 14:05:00,0,1,0.6663063674663477
svm,pso,1,2381,2024-06-19 14:10:00,0,1,0.5211105876403345
svm,pso,1,2382,2024-06-19 14:15:00,0,0,0.41560900757412483
svm,pso,1,2383,2024-06-19 14:20:00,0,0,0.26171535822679587
svm,pso,1,2384,2024-06-19 14:25:00,0,0,0.44054126319721376
svm,pso,1,2385,2024-06-19 14:30:00,1,0,0.4255272980693259
svm,pso,1,2386,2024-06-19 14:35:00,1,0,0.3151353564388604
svm,pso,1,2387,2024-06-19 14:40:00,1,1,0.6132707249110185
svm,pso,1,2388,2024-06-19 14:45:00,1,1,0.5243979266502937
svm,pso,1,2389,2024-06-19 14:50:00,1,1,0.7106199110587255
svm,pso,1,2390,2024-06-19 14:55:00,1,1,0.6385351974004971
svm,pso,1,2391,2024-06-19 15:00:00,1,1,0.6435825731084086
svm,pso,1,2392,2024-06-19 15:05:00,1,1,0.5882397488033423
svm,pso,1,2393,2024-06-19 15:10:00,1,1,0.6429675094909701
svm,pso,1,2394,2024-06-19 15:15:00,1,1,0.6585471219276182
svm,pso,1,2395,2024-06-19 15:20:00,1,1,0.6299590310158186
svm,pso,1,2396,2024-06-19 15:25:00,1,1,0.5913782066735189
svm,pso,1,2397,2024-06-19 15:30:00,1,1,0.6810173219015687
svm,pso,1,2398,2024-06-19 15:35:00,1,0,0.3686543719208869
svm,pso,1,2399,2024-06-19 15:40:00,1,1,0.6683701952995249
svm,pso,1,2400,2024-06-19 15:45:00,1,1,0.7527605462173638
svm,pso,1,2401,2024-06-19 15:50:00,1,1,0.840967547556162
svm,pso,1,2402,2024-06-19 15:55:00,1,1,0.7812931762755907
svm,pso,1,2403,2024-06-19 16:00:00,1,1,0.5310797336741088
svm,pso,1,2404,2024-06-19 16:05:00,1,1,0.6256607295908686
svm,pso,1,2405,2024-06-19 16:10:00,1,1,0.6548307743292245
svm,pso,1,2406,2024-06-19 16:15:00,1,1,0.6738258040382049
svm,pso,1,2407,2024-06-19 16:20:00,1,1,0.6667805615455199
svm,pso,1,2408,2024-06-19 16:25:00,1,1,0.839789522102641
svm,pso,1,2409,2024-06-19 16:30:00,1,1,0.6704119226512805
svm,pso,1,2410,2024-06-19 16:35:00,1,1,0.6680919886112192
svm,pso,1,2411,2024-06-19 16:40:00,1,1,0.8181452783753422
svm,pso,1,2412,2024-06-19 16:45:00,1,1,0.7873508557166601
svm,pso,1,2413,2024-06-19 16:50:00,1,0,0.3457188794731323
svm,pso,1,2414,2024-06-19 16:55:00,1,0,0.43471318348285454
svm,pso,1,2415,2024-06-19 17:00:00,1,1,0.5081432762987755
svm,pso,1,2416,2024-06-19 17:05:00,1,0,0.4386865066485176
svm,pso,1,2417,2024-06-19 17:10:00,1,0,0.4120070130347291
svm,pso,1,2418,2024-06-19 17:15:00,1,0,0.33365975574939655
svm,pso,1,2419,2024-06-19 17:20:00,1,1,0.6282739259422108
svm,pso,1,2420,2024-06-19 17:25:00,1,1,0.7711208338852563
svm,pso,1,2421,2024-06-19 17:30:00,1,1,0.6454028647737916
svm,pso,1,2422,2024-06-19 17:35:00,1,1,0.5637460427022939
svm,pso,1,2423,2024-06-19 17:40:00,1,1,0.5607818764668023
svm,pso,1,2424,2024-06-19 17:45:00,1,1,0.7025734382892385
svm,pso,1,2425,2024-06-19 17:50:00,1,1,0.5897157018851942
svm,pso,1,2426,2024-06-19 17:55:00,1,1,0.6315079680951208
svm,pso,1,2427,2024-06-20 10:50:00,0,1,0.5285301306303021
svm,pso,1,2428,2024-06-20 10:55:00,0,1,0.7302492684553645
svm,pso,1,2429,2024-06-20 11:00:00,0,0,0.22036009846433582
svm,pso,1,2430,2024-06-20 11:05:00,0,0,0.4160573904427582
svm,pso,1,2431,2024-06-20 11:10:00,0,1,0.6803270713042876
svm,pso,1,2432,2024-06-20 11:15:00,0,1,0.642280631223371
svm,pso,1,2433,2024-06-20 11:20:00,0,1,0.6596439960881639
svm,pso,1,2434,2024-06-20 11:25:00,0,0,0.38330113971927576
svm,pso,1,2435,2024-06-20 11:30:00,0,0,0.3212534664195055
svm,pso,1,2436,2024-06-20 11:35:00,0,0,0.40530247405970116
svm,pso,1,2437,2024-06-20 11:40:00,0,0,0.23859585775439845
svm,pso,1,2438,2024-06-20 11:45:00,0,0,0.47201480313996363
svm,pso,1,2439,2024-06-20 11:50:00,0,1,0.5231616667725103
svm,pso,1,2440,2024-06-20 11:55:00,0,1,0.7682479369797953
svm,pso,1,2441,2024-06-20 12:00:00,0,0,0.38937281075591257
svm,pso,1,2442,2024-06-20 12:05:00,0,0,0.3806400884042126
svm,pso,1,2443,2024-06-20 12:10:00,0,0,0.48299680893653724
svm,pso,1,2444,2024-06-20 12:15:00,0,1,0.501350603902223
svm,pso,1,2445,2024-06-20 12:20:00,0,0,0.3447947633030782
svm,pso,1,2446,2024-06-20 12:25:00,0,0,0.3140203099634112
svm,pso,1,2447,2024-06-20 12:30:00,0,0,0.46115019033747384
svm,pso,1,2448,2024-06-20 12:35:00,0,0,0.480119558223853
svm,pso,1,2449,2024-06-20 12:40:00,0,1,0.6178453045805863
svm,pso,1,2450,2024-06-20 12:45:00,0,1,0.5669343401587521
svm,pso,1,2451,2024-06-20 12:50:00,0,1,0.5083634060313601
svm,pso,1,2452,2024-06-20 12:55:00,0,1,0.6829714824446727
svm,pso,1,2453,2024-06-20 13:00:00,0,1,0.6609338680651435
svm,pso,1,2454,2024-06-20 13:05:00,0,1,0.6005853813556434
svm,pso,1,2455,2024-06-20 13:10:00,0,1,0.6837539110830494
svm,pso,1,2456,2024-06-20 13:15:00,0,1,0.5634315286824245
svm,pso,1,2457,2024-06-20 13:20:00,0,1,0.5228967035502023
svm,pso,1,2458,2024-06-20 13:25:00,0,1,0.7035793762710564
svm,pso,1,2459,2024-06-20 13:30:00,0,0,0.236400662882744
svm,pso,1,2460,2024-06-20 13:35:00,1,0,0.4548572751994733
svm,pso,1,2461,2024-06-20 13:40:00,1,0,0.47145445635464955
svm,pso,1,2462,2024-06-20 13:45:00,1,0,0.38668399742742426
svm,pso,1,2463,2024-06-20 13:50:00,1,1,0.6156421330559602
svm,pso,1,2464,2024-06-20 13:55:00,1,1,0.7235760714084639
svm,pso,1,2465,2024-06-20 14:00:00,1,1,0.6641040697906392
svm,pso,1,2466,2024-06-20 14:05:00,1,1,0.6509370114435866
svm,pso,1,2467,2024-06-20 14:10:00,1,1,0.8252514463170745
svm,pso,1,2468,2024-06-20 14:15:00,1,1,0.7593841474464301
svm,pso,1,2469,2024-06-20 14:20:00,1,1,0.6562360139685995
svm,pso,1,2470,2024-06-20 14:25:00,1,1,0.6819077867598042
svm,pso,1,2471,2024-06-20 14:30:00,1,0,0.3590754185462418
svm,pso,1,2472,2024-06-20 14:35:00,1,0,0.4152032309004681
svm,pso,1,2473,2024-06-20 14:40:00,1,0,0.40198672068539537
svm,pso,1,2474,2024-06-20 14:45:00,1,0,0.42857686526747724
svm,pso,1,2475,2024-06-20 14:50:00,1,0,0.2960871981124147
svm,pso,1,2476,2024-06-20 14:55:00,1,1,0.542823262282454
svm,pso,1,2477,2024-06-20 15:00:00,1,1,0.6917407704386627
svm,pso,1,2478,2024-06-20 15:05:00,1,1,0.592140374879513
svm,pso,1,2479,2024-06-20 15:10:00,1,0,0.47109524780500184
svm,pso,1,2480,2024-06-20 15:15:00,1,1,0.5524741567906963
svm,pso,1,2481,2024-06-20 15:20:00,1,1,0.6241419488548011
svm,pso,1,2482,2024-06-20 15:25:00,1,1,0.7333991505617776
svm,pso,1,2483,2024-06-20 15:30:00,1,0,0.4137649881336159
svm,pso,1,2484,2024-06-20 15:35:00,1,1,0.5780650189317106
svm,pso,1,2485,2024-06-20 15:40:00,1,1,0.6771894362231912
svm,pso,1,2486,2024-06-20 15:45:00,1,1,0.7526738234556455
svm,pso,1,2487,2024-06-20 15:50:00,0,1,0.5440483575183351
svm,pso,1,2488,2024-06-20 15:55:00,0,0,0.41986174479250266
svm,pso,1,2489,2024-06-20 16:00:00,0,1,0.6104412197653509
svm,pso,1,2490,2024-06-20 16:05:00,0,1,0.5007902850942095
svm,pso,1,2491,2024-06-20 16:10:00,0,0,0.44068923162068874
svm,pso,1,2492,2024-06-20 16:15:00,0,0,0.35802604027391294
svm,pso,1,2493,2024-06-20 16:20:00,0,0,0.27772167715630813
svm,pso,1,2494,2024-06-20 16:25:00,0,1,0.570740482466936
svm,pso,1,2495,2024-06-20 16:30:00,0,0,0.41377153291870555
svm,pso,1,2496,2024-06-20 16:35:00,0,0,0.3375285204564914
svm,pso,1,2497,2024-06-20 16:40:00,0,1,0.7224046141160806
svm,pso,1,2498,2024-06-20 16:45:00,0,0,0.49127121903488
svm,pso,1,2499,2024-06-20 16:50:00,0,1,0.5919066964405024
svm,pso,1,2500,2024-06-20 16:55:00,0,1,0.5647326238435615
svm,pso,1,2501,2024-06-20 17:00:00,0,0,0.3519997824709206
svm,pso,1,2502,2024-06-20 17:05:00,0,1,0.5433189583119339
svm,pso,1,2503,2024-06-20 17:10:00,0,1,0.6363642986761017
svm,pso,1,2504,2024-06-20 17:15:00,0,1,0.5565884550633697
svm,pso,1,2505,2024-06-20 17:20:00,0,1,0.6993697433748888
svm,pso,1,2506,2024-06-20 17:25:00,0,0,0.47148903414442456
svm,pso,1,2507,2024-06-20 17:30:00,0,0,0.3699880641682273
svm,pso,1,2508,2024-06-20 17:35:00,0,1,0.5550049424426347
svm,pso,1,2509,2024-06-20 17:40:00,0,1,0.5184960336965627
svm,pso,1,2510,2024-06-20 17:45:00,0,0,0.4926700498097328
svm,pso,1,2511,2024-06-20 17:50:00,0,1,0.6153940160797435
svm,pso,1,2512,2024-06-20 17:55:00,1,0,0.490101777177339
svm,pso,1,2513,2024-06-21 10:40:00,1,0,0.43078901331251446
svm,pso,1,2514,2024-06-21 10:45:00,1,1,0.5137641188219576
svm,pso,1,2515,2024-06-21 10:50:00,1,1,0.5193240755924857
svm,pso,1,2516,2024-06-21 10:55:00,1,1,0.5270595242880424
svm,pso,1,2517,2024-06-21 11:00:00,1,1,0.5245769471330173
svm,pso,1,2518,2024-06-21 11:05:00,1,0,0.476622700273148
svm,pso,1,2519,2024-06-21 11:10:00,1,0,0.48474095598973643
svm,pso,1,2520,2024-06-21 11:15:00,1,0,0.49966250039397603
svm,pso,1,2521,2024-06-21 11:20:00,1,0,0.4060506489423026
svm,pso,1,2522,2024-06-21 11:25:00,0,1,0.5610810719429964
svm,pso,1,2523,2024-06-21 11:30:00,0,1,0.6726777565019078
svm,pso,1,2524,2024-06-21 11:35:00,0,1,0.545382289227658
svm,pso,1,2525,2024-06-21 11:40:00,0,0,0.4687613783527375
svm,pso,1,2526,2024-06-21 11:45:00,0,0,0.29698332466924393
svm,pso,1,2527,2024-06-21 11:50:00,0,1,0.5478344888690568
svm,pso,1,2528,2024-06-21 11:55:00,0,0,0.2841844366854933
svm,pso,1,2529,2024-06-21 12:00:00,0,1,0.6411282537151188
svm,pso,1,2530,2024-06-21 12:05:00,0,1,0.5713327196161555
svm,pso,1,2531,2024-06-21 12:10:00,0,0,0.4956554452886381
svm,pso,1,2532,2024-06-21 12:15:00,1,0,0.4836315594825001
svm,pso,1,2533,2024-06-21 12:20:00,1,1,0.6682175673562037
svm,pso,1,2534,2024-06-21 12:25:00,1,1,0.5224431652733964
svm,pso,1,2535,2024-06-21 12:30:00,1,1,0.5041124320639708
svm,pso,1,2536,2024-06-21 12:35:00,1,0,0.31713261691584116
svm,pso,1,2537,2024-06-21 12:40:00,1,0,0.3855846416801574
svm,pso,1,2538,2024-06-21 12:45:00,1,1,0.5842694904136018
svm,pso,1,2539,2024-06-21 12:50:00,1,0,0.479840553197488
svm,pso,1,2540,2024-06-21 12:55:00,1,0,0.46667733833647634
svm,pso,1,2541,2024-06-21 13:00:00,1,1,0.5050655032070932
svm,pso,1,2542,2024-06-21 13:05:00,1,1,0.5666020186963696
svm,pso,1,2543,2024-06-21 13:10:00,1,1,0.71307563427508
svm,pso,1,2544,2024-06-21 13:15:00,1,1,0.6152872708170665
svm,pso,1,2545,2024-06-21 13:20:00,1,1,0.7009238550487734
svm,pso,1,2546,2024-06-21 13:25:00,1,1,0.5356121281804189
svm,pso,1,2547,2024-06-21 13:30:00,1,1,0.6548146564268378
svm,pso,1,2548,2024-06-21 13:35:00,1,1,0.625728208896507
svm,pso,1,2549,2024-06-21 13:40:00,1,1,0.7281816344331519
svm,pso,1,2550,2024-06-21 13:45:00,1,1,0.6596547052573297
svm,pso,1,2551,2024-06-21 13:50:00,0,1,0.6023260537595163
svm,pso,1,2552,2024-06-21 13:55:00,0,1,0.6490002917381491
svm,pso,1,2553,2024-06-21 14:00:00,0,1,0.5895978385906285
svm,pso,1,2554,2024-06-21 14:05:00,0,1,0.5326493503649478
svm,pso,1,2555,2024-06-21 14:10:00,0,1,0.6531368936063385
svm,pso,1,2556,2024-06-21 14:15:00,0,0,0.46972016240002945
svm,pso,1,2557,2024-06-21 14:20:00,0,1,0.5832708599129346
svm,pso,1,2558,2024-06-21 14:25:00,0,0,0.3630090852308081
svm,pso,1,2559,2024-06-21 14:30:00,0,1,0.5349102583853409
svm,pso,1,2560,2024-06-21 14:35:00,0,1,0.5396031640462436
svm,pso,1,2561,2024-06-21 14:40:00,0,0,0.39683658111222664
svm,pso,1,2562,2024-06-21 14:45:00,0,0,0.3722424631192369
svm,pso,1,2563,2024-06-21 14:50:00,0,1,0.5822293556819594
svm,pso,1,2564,2024-06-21 14:55:00,0,0,0.4429437713699091
svm,pso,1,2565,2024-06-21 15:00:00,1,0,0.3507259973378052
svm,pso,1,2566,2024-06-21 15:05:00,1,0,0.46854805301918495
svm,pso,1,2567,2024-06-21 15:10:00,1,0,0.42425339793996253
svm,pso,1,2568,2024-06-21 15:15:00,1,1,0.6410745969237589
svm,pso,1,2569,2024-06-21 15:20:00,1,1,0.6714587660704161
svm,pso,1,2570,2024-06-21 15:25:00,1,1,0.6576927620611736
svm,pso,1,2571,2024-06-21 15:30:00,1,1,0.6458632064323165
svm,pso,1,2572,2024-06-21 15:35:00,1,1,0.7242519789217541
svm,pso,1,2573,2024-06-21 15:40:00,1,1,0.5751973420272617
svm,pso,1,2574,2024-06-21 15:45:00,1,1,0.526247796126847
svm,pso,1,2575,2024-06-21 15:50:00,1,1,0.6692475718672843
svm,pso,1,2576,2024-06-21 15:55:00,1,1,0.7100893459556689
svm,pso,1,2577,2024-06-21 16:00:00,1,1,0.6343340247507745
svm,pso,1,2578,2024-06-21 16:05:00,1,1,0.7752589549620285
svm,pso,1,2579,2024-06-21 16:10:00,1,1,0.567139570953471
svm,pso,1,2580,2024-06-21 16:15:00,1,1,0.7999248189423239
svm,pso,1,2581,2024-06-21 16:20:00,1,1,0.5709545988393843
svm,pso,1,2582,2024-06-21 16:25:00,1,0,0.43901861466977044
svm,pso,1,2583,2024-06-21 16:30:00,1,1,0.7115847886024972
svm,pso,1,2584,2024-06-21 16:35:00,1,0,0.4836285664034303
svm,pso,1,2585,2024-06-21 16:40:00,1,1,0.6099979445515256
svm,pso,1,2586,2024-06-21 16:45:00,1,0,0.34369513393418416
svm,pso,1,2587,2024-06-21 16:50:00,1,1,0.6091596034208542
svm,pso,1,2588,2024-06-21 16:55:00,1,1,0.6691562710255019
svm,pso,1,2589,2024-06-21 17:00:00,1,0,0.3092980541009604
svm,pso,1,2590,2024-06-21 17:05:00,1,1,0.508734295575607
svm,pso,1,2591,2024-06-21 17:10:00,1,0,0.4690635087748916
svm,pso,1,2592,2024-06-21 17:15:00,1,1,0.6978118504533428
svm,pso,1,2593,2024-06-21 17:20:00,1,1,0.5698929648028966
svm,pso,1,2594,2024-06-21 17:25:00,1,0,0.3749802018579125
svm,pso,1,2595,2024-06-21 17:30:00,1,1,0.6383572473716482
svm,pso,1,2596,2024-06-21 17:35:00,1,1,0.6458402839239537
svm,pso,1,2597,2024-06-21 17:40:00,1,1,0.609547148585789
svm,pso,1,2598,2024-06-21 17:45:00,1,1,0.6593578170131803
svm,pso,1,2599,2024-06-21 17:50:00,1,0,0.4412593527024051
svm,pso,1,2600,2024-06-21 17:55:00,1,1,0.5573769296074252
svm,pso,1,2601,2024-06-24 10:50:00,0,1,0.6191093383887283
svm,pso,1,2602,2024-06-24 10:55:00,0,1,0.561668375558037
svm,pso,1,2603,2024-06-24 11:00:00,0,1,0.6196724125796192
svm,pso,1,2604,2024-06-24 11:05:00,0,0,0.33104580292512076
svm,pso,1,2605,2024-06-24 11:10:00,0,1,0.5721062411746154
svm,pso,1,2606,2024-06-24 11:15:00,0,1,0.5370645569961546
svm,pso,1,2607,2024-06-24 11:20:00,0,1,0.6213071634363359
svm,pso,1,2608,2024-06-24 11:25:00,0,1,0.5130377021970158
svm,pso,1,2609,2024-06-24 11:30:00,0,0,0.37278080010522807
svm,pso,1,2610,2024-06-24 11:35:00,0,0,0.339829475475142
svm,pso,1,2611,2024-06-24 11:40:00,0,0,0.18025446088489905
svm,pso,1,2612,2024-06-24 11:45:00,0,1,0.5209917901421302
svm,pso,1,2613,2024-06-24 11:50:00,0,0,0.32301174590782594
svm,pso,1,2614,2024-06-24 11:55:00,0,0,0.4845308157390889
svm,pso,1,2615,2024-06-24 12:00:00,0,1,0.6328700846155357
svm,pso,1,2616,2024-06-24 12:05:00,0,0,0.44894695078469204
svm,pso,1,2617,2024-06-24 12:10:00,0,1,0.6466500990673801
svm,pso,1,2618,2024-06-24 12:15:00,0,0,0.32122993349245815
svm,pso,1,2619,2024-06-24 12:20:00,0,0,0.32323852459904395
svm,pso,1,2620,2024-06-24 12:25:00,0,0,0.32098793324907127
svm,pso,1,2621,2024-06-24 12:30:00,0,0,0.35658773159528756
svm,pso,1,2622,2024-06-24 12:35:00,0,0,0.3797693407775114
svm,pso,1,2623,2024-06-24 12:40:00,0,1,0.5475430162805544
svm,pso,1,2624,2024-06-24 12:45:00,1,1,0.5687058944482553
svm,pso,1,2625,2024-06-24 12:50:00,1,0,0.4709665546802503
svm,pso,1,2626,2024-06-24 12:55:00,1,1,0.7199410415550898
svm,pso,1,2627,2024-06-24 13:00:00,1,0,0.40018025957415043
svm,pso,1,2628,2024-06-24 13:05:00,1,1,0.6258557066099856
svm,pso,1,2629,2024-06-24 13:10:00,1,1,0.6441593936227247
svm,pso,1,2630,2024-06-24 13:15:00,1,1,0.6843996082646023
svm,pso,1,2631,2024-06-24 13:20:00,1,1,0.5753536791526103
svm,pso,1,2632,2024-06-24 13:25:00,1,1,0.5730400638335271
svm,pso,1,2633,2024-06-24 13:30:00,1,0,0.4910094344793804
svm,pso,1,2634,2024-06-24 13:35:00,1,1,0.6567488621615449
svm,pso,1,2635,2024-06-24 13:40:00,1,0,0.47278085179503915
svm,pso,1,2636,2024-06-24 13:45:00,1,1,0.5635768229768976
svm,pso,1,2637,2024-06-24 13:50:00,1,0,0.40366408384701763
svm,pso,1,2638,2024-06-24 13:55:00,1,0,0.37731653457257064
svm,pso,1,2639,2024-06-24 14:00:00,1,1,0.6162576043969846
svm,pso,1,2640,2024-06-24 14:05:00,1,0,0.4026855774170183
svm,pso,1,2641,2024-06-24 14:10:00,1,1,0.5712155393835163
svm,pso,1,2642,2024-06-24 14:15:00,1,1,0.5381504136642739
svm,pso,1,2643,2024-06-24 14:20:00,1,0,0.4112689948841429
svm,pso,1,2644,2024-06-24 14:25:00,1,1,0.6256449310541223
svm,pso,1,2645,2024-06-24 14:30:00,1,1,0.6275401864263886
svm,pso,1,2646,2024-06-24 14:35:00,0,1,0.6515174542351829
svm,pso,1,2647,2024-06-24 14:40:00,0,1,0.5575690112362983
svm,pso,1,2648,2024-06-24 14:45:00,0,1,0.534532418587677
svm,pso,1,2649,2024-06-24 14:50:00,0,0,0.4219821962155079
svm,pso,1,2650,2024-06-24 14:55:00,0,1,0.5662072721799243
svm,pso,1,2651,2024-06-24 15:00:00,0,1,0.5462210785517282
svm,pso,1,2652,2024-06-24 15:05:00,0,1,0.6235160160022444
svm,pso,1,2653,2024-06-24 15:10:00,0,1,0.5905023583942081
svm,pso,1,2654,2024-06-24 15:15:00,0,0,0.44639652372733535
svm,pso,1,2655,2024-06-24 15:20:00,0,0,0.3832992320261257
svm,pso,1,2656,2024-06-24 15:25:00,0,1,0.5072718792073911
svm,pso,1,2657,2024-06-24 15:30:00,1,0,0.34037620732606855
svm,pso,1,2658,2024-06-24 15:35:00,1,1,0.5077699637807982
svm,pso,1,2659,2024-06-24 15:40:00,1,1,0.5747084561471449
svm,pso,1,2660,2024-06-24 15:45:00,1,1,0.678958902646264
svm,pso,1,2661,2024-06-24 15:50:00,1,0,0.41055988402528304
svm,pso,1,2662,2024-06-24 15:55:00,1,0,0.47714209519608325
svm,pso,1,2663,2024-06-24 16:00:00,1,1,0.5004248285138845
svm,pso,1,2664,2024-06-24 16:05:00,1,1,0.5283013057757013
svm,pso,1,2665,2024-06-24 16:10:00,1,1,0.5567825091797213
svm,pso,1,2666,2024-06-24 16:15:00,1,1,0.561912758064326
svm,pso,1,2667,2024-06-24 16:20:00,1,1,0.6930797059181572
svm,pso,1,2668,2024-06-24 16:25:00,1,0,0.49958839681926814
svm,pso,1,2669,2024-06-24 16:30:00,1,1,0.622084866381573
svm,pso,1,2670,2024-06-24 16:35:00,1,1,0.6853546120408085
svm,pso,1,2671,2024-06-24 16:40:00,1,0,0.4594771844507475
svm,pso,1,2672,2024-06-24 16:45:00,1,1,0.6832428696608376
svm,pso,1,2673,2024-06-24 16:50:00,1,1,0.6923080173779346
svm,pso,1,2674,2024-06-24 16:55:00,1,1,0.6456812405776862
svm,pso,1,2675,2024-06-24 17:00:00,1,0,0.4488699500425359
svm,pso,1,2676,2024-06-24 17:05:00,1,0,0.39739627801281224
svm,pso,1,2677,2024-06-24 17:10:00,1,0,0.482665308375448
svm,pso,1,2678,2024-06-24 17:15:00,0,1,0.5882364811332923
svm,pso,1,2679,2024-06-24 17:20:00,0,0,0.49436575406591293
svm,pso,1,2680,2024-06-24 17:25:00,0,1,0.5181736513328796
svm,pso,1,2681,2024-06-24 17:30:00,0,1,0.6340903552594999
svm,pso,1,2682,2024-06-24 17:35:00,0,1,0.5489582948728643
svm,pso,1,2683,2024-06-24 17:40:00,0,0,0.4184690350188022
svm,pso,1,2684,2024-06-24 17:45:00,0,0,0.4418517300005675
svm,pso,1,2685,2024-06-24 17:50:00,0,1,0.5977085937358994
svm,pso,1,2686,2024-06-24 17:55:00,0,1,0.5172362515387144
svm,pso,1,2687,2024-06-25 12:35:00,1,0,0.37146266232474895
svm,pso,1,2688,2024-06-25 12:40:00,1,0,0.34635132160661464
svm,pso,1,2689,2024-06-25 12:45:00,1,1,0.5792054617308992
svm,pso,1,2690,2024-06-25 12:50:00,1,0,0.3734723159745703
svm,pso,1,2691,2024-06-25 12:55:00,1,1,0.5128648765442336
svm,pso,1,2692,2024-06-25 13:00:00,1,1,0.5662896363193403
svm,pso,1,2693,2024-06-25 13:05:00,1,1,0.565364487194198
svm,pso,1,2694,2024-06-25 13:10:00,1,1,0.6232083254731904
svm,pso,1,2695,2024-06-25 13:15:00,1,0,0.37770512251980987
svm,pso,1,2696,2024-06-25 13:20:00,1,1,0.6698816324742131
svm,pso,1,2697,2024-06-25 13:25:00,1,1,0.6589161483948017
svm,pso,1,2698,2024-06-25 13:30:00,1,1,0.7136457711711698
svm,pso,1,2699,2024-06-25 13:35:00,1,1,0.6383777691716039
svm,pso,1,2700,2024-06-25 13:40:00,1,1,0.6364651951370588
svm,pso,1,2701,2024-06-25 13:45:00,1,1,0.6666640254313662
svm,pso,1,2702,2024-06-25 13:50:00,1,1,0.6512666844601225
svm,pso,1,2703,2024-06-25 13:55:00,1,1,0.6127694077415641
svm,pso,1,2704,2024-06-25 14:00:00,1,1,0.6562692732391971
svm,pso,1,2705,2024-06-25 14:05:00,1,1,0.6990934189693901
svm,pso,1,2706,2024-06-25 14:10:00,1,1,0.6376789102415192
svm,pso,1,2707,2024-06-25 14:15:00,1,0,0.49393506989805047
svm,pso,1,2708,2024-06-25 14:20:00,1,0,0.455412876080038
svm,pso,1,2709,2024-06-25 14:25:00,1,1,0.583652627472003
svm,pso,1,2710,2024-06-25 14:30:00,1,1,0.6633012695330158
svm,pso,1,2711,2024-06-25 14:35:00,1,1,0.5408102055808022
svm,pso,1,2712,2024-06-25 14:40:00,1,1,0.6723578761275318
svm,pso,1,2713,2024-06-25 14:45:00,1,1,0.6754600867712719
svm,pso,1,2714,2024-06-25 14:50:00,0,1,0.6193932938303439
svm,pso,1,2715,2024-06-25 14:55:00,0,1,0.5666750777792576
svm,pso,1,2716,2024-06-25 15:00:00,0,1,0.6441114608522648
svm,pso,1,2717,2024-06-25 15:05:00,0,1,0.6119873520396596
svm,pso,1,2718,2024-06-25 15:10:00,0,1,0.6830234332202777
svm,pso,1,2719,2024-06-25 15:15:00,0,0,0.48335784051778224
svm,pso,1,2720,2024-06-25 15:20:00,0,0,0.335115629797601
svm,pso,1,2721,2024-06-25 15:25:00,0,0,0.46974608510385
svm,pso,1,2722,2024-06-25 15:30:00,0,0,0.30239685427314583
svm,pso,1,2723,2024-06-25 15:35:00,0,0,0.31997811887482647
svm,pso,1,2724,2024-06-25 15:40:00,0,0,0.29793180661126634
svm,pso,1,2725,2024-06-25 15:45:00,0,1,0.5754235433194199
svm,pso,1,2726,2024-06-25 15:50:00,0,0,0.37732377952685225
svm,pso,1,2727,2024-06-25 15:55:00,0,1,0.5477836446564124
svm,pso,1,2728,2024-06-25 16:00:00,0,1,0.5478877190641244
svm,pso,1,2729,2024-06-25 16:05:00,0,1,0.5378423953495783
svm,pso,1,2730,2024-06-25 16:10:00,0,0,0.4639648259474395
svm,pso,1,2731,2024-06-25 16:15:00,0,1,0.5445237640357984
svm,pso,1,2732,2024-06-25 16:20:00,0,1,0.5702651771136249
svm,pso,1,2733,2024-06-25 16:25:00,0,1,0.5240614477568344
svm,pso,1,2734,2024-06-25 16:30:00,0,0,0.36793112907606534
svm,pso,1,2735,2024-06-25 16:35:00,0,0,0.40017563345905593
svm,pso,1,2736,2024-06-25 16:40:00,1,0,0.34733936742074223
svm,pso,1,2737,2024-06-25 16:45:00,1,0,0.4692559817727645
svm,pso,1,2738,2024-06-25 16:50:00,1,1,0.539889229706113
svm,pso,1,2739,2024-06-25 16:55:00,1,0,0.39562030079943644
svm,pso,1,2740,2024-06-25 17:00:00,1,1,0.6668053971084442
svm,pso,1,2741,2024-06-25 17:05:00,1,1,0.6307867354102298
svm,pso,1,2742,2024-06-25 17:10:00,1,1,0.7451428443341731
svm,pso,1,2743,2024-06-25 17:15:00,1,1,0.6682440581571022
svm,pso,1,2744,2024-06-25 17:20:00,1,0,0.40287924654288476
svm,pso,1,2745,2024-06-25 17:25:00,1,1,0.5546278120524754
svm,pso,1,2746,2024-06-25 17:30:00,0,1,0.6803525338357109
svm,pso,1,2747,2024-06-25 17:35:00,0,1,0.7109443898576332
svm,pso,1,2748,2024-06-25 17:40:00,0,0,0.4912529156335759
svm,pso,1,2749,2024-06-25 17:45:00,0,1,0.5542660933529778
svm,pso,1,2750,2024-06-25 17:50:00,0,1,0.5734969177789156
svm,pso,1,2751,2024-06-25 17:55:00,0,1,0.5427498451687969
svm,pso,1,2752,2024-06-26 10:40:00,1,0,0.43184346030155835
svm,pso,1,2753,2024-06-26 10:45:00,1,1,0.5069062847998654
svm,pso,1,2754,2024-06-26 10:50:00,1,0,0.37825974373461985
svm,pso,1,2755,2024-06-26 10:55:00,1,0,0.3714447760475193
svm,pso,1,2756,2024-06-26 11:00:00,1,1,0.8355883763015552
svm,pso,1,2757,2024-06-26 11:05:00,1,1,0.7797636289196335
svm,pso,1,2758,2024-06-26 11:10:00,1,1,0.7444514096528527
svm,pso,1,2759,2024-06-26 11:15:00,1,1,0.7744638953685342
svm,pso,1,2760,2024-06-26 11:20:00,1,0,0.4593256054633957
svm,pso,1,2761,2024-06-26 11:25:00,1,1,0.6432485094325838
svm,pso,1,2762,2024-06-26 11:30:00,1,1,0.5107061006160697
svm,pso,1,2763,2024-06-26 11:35:00,1,1,0.5642896256012397
svm,pso,1,2764,2024-06-26 11:40:00,1,0,0.3612942025256461
svm,pso,1,2765,2024-06-26 11:45:00,1,0,0.3346140396917001
svm,pso,1,2766,2024-06-26 11:50:00,1,1,0.5553921224359883
svm,pso,1,2767,2024-06-26 11:55:00,1,1,0.6782825989768139
svm,pso,1,2768,2024-06-26 12:00:00,1,1,0.603451440514492
svm,pso,1,2769,2024-06-26 12:05:00,1,1,0.6027594495609451
svm,pso,1,2770,2024-06-26 12:10:00,1,0,0.3308012516600824
svm,pso,1,2771,2024-06-26 12:15:00,1,1,0.6002607331159425
svm,pso,1,2772,2024-06-26 12:20:00,1,1,0.6121575824852054
svm,pso,1,2773,2024-06-26 12:25:00,1,1,0.6645424406622136
svm,pso,1,2774,2024-06-26 12:30:00,1,1,0.6523186537633493
svm,pso,1,2775,2024-06-26 12:35:00,1,1,0.6610975389436089
svm,pso,1,2776,2024-06-26 12:40:00,1,1,0.6635372069552616
svm,pso,1,2777,2024-06-26 12:45:00,1,1,0.5443988850279348
svm,pso,1,2778,2024-06-26 12:50:00,1,1,0.6686805755268563
svm,pso,1,2779,2024-06-26 12:55:00,1,1,0.5903108063337273
svm,pso,1,2780,2024-06-26 13:00:00,1,1,0.5295116624153737
svm,pso,1,2781,2024-06-26 13:05:00,1,1,0.6852719403448635
svm,pso,1,2782,2024-06-26 13:10:00,1,1,0.6683626128008702
svm,pso,1,2783,2024-06-26 13:15:00,1,1,0.5574637012838628
svm,pso,1,2784,2024-06-26 13:20:00,1,1,0.6189119139044043
svm,pso,1,2785,2024-06-26 13:25:00,1,1,0.7915283026995402
svm,pso,1,2786,2024-06-26 13:30:00,1,1,0.5066451585970108
svm,pso,1,2787,2024-06-26 13:35:00,1,1,0.7768120022616654
svm,pso,1,2788,2024-06-26 13:40:00,1,1,0.8049225274699114
svm,pso,1,2789,2024-06-26 13:45:00,1,1,0.6011822558337977
svm,pso,1,2790,2024-06-26 13:50:00,1,1,0.753946376070728
svm,pso,1,2791,2024-06-26 13:55:00,1,1,0.5630592957650064
svm,pso,1,2792,2024-06-26 14:00:00,1,1,0.6091505625907888
svm,pso,1,2793,2024-06-26 14:05:00,1,0,0.4503066638089832
svm,pso,1,2794,2024-06-26 14:10:00,1,0,0.29034625831521016
svm,pso,1,2795,2024-06-26 14:15:00,1,0,0.4793619446491929
svm,pso,1,2796,2024-06-26 14:20:00,1,0,0.4450899904808417
svm,pso,1,2797,2024-06-26 14:25:00,1,1,0.6709470981426802
svm,pso,1,2798,2024-06-26 14:30:00,1,1,0.625109992817641
svm,pso,1,2799,2024-06-26 14:35:00,1,1,0.5805513358591716
svm,pso,1,2800,2024-06-26 14:40:00,1,1,0.6442181459796845
svm,pso,1,2801,2024-06-26 14:45:00,1,1,0.5680170119249065
svm,pso,1,2802,2024-06-26 14:50:00,1,0,0.4638128870795204
svm,pso,1,2803,2024-06-26 14:55:00,1,1,0.5311901215636751
svm,pso,1,2804,2024-06-26 15:00:00,1,1,0.5917740118928589
svm,pso,1,2805,2024-06-26 15:05:00,1,1,0.5399622081571267
svm,pso,1,2806,2024-06-26 15:10:00,0,1,0.6514092981714289
svm,pso,1,2807,2024-06-26 15:15:00,0,1,0.7059898823875436
svm,pso,1,2808,2024-06-26 15:20:00,0,1,0.5884654326000247
svm,pso,1,2809,2024-06-26 15:25:00,0,0,0.44922445980129383
svm,pso,1,2810,2024-06-26 15:30:00,0,0,0.4340703508301582
svm,pso,1,2811,2024-06-26 15:35:00,0,1,0.5022600488624699
svm,pso,1,2812,2024-06-26 15:40:00,0,0,0.3928454266919945
svm,pso,1,2813,2024-06-26 15:45:00,0,0,0.39052598751663975
svm,pso,1,2814,2024-06-26 15:50:00,0,0,0.414032180340452
svm,pso,1,2815,2024-06-26 15:55:00,0,0,0.3540196859501586
svm,pso,1,2816,2024-06-26 16:00:00,0,0,0.3436141971362197
svm,pso,1,2817,2024-06-26 16:05:00,0,0,0.2727247164066899
svm,pso,1,2818,2024-06-26 16:10:00,1,0,0.468188137612893
svm,pso,1,2819,2024-06-26 16:15:00,1,1,0.6789152114548694
svm,pso,1,2820,2024-06-26 16:20:00,1,1,0.5654194218272104
svm,pso,1,2821,2024-06-26 16:25:00,1,1,0.5822809210336496
svm,pso,1,2822,2024-06-26 16:30:00,1,0,0.394349612612678
svm,pso,1,2823,2024-06-26 16:35:00,1,0,0.37388684244402626
svm,pso,1,2824,2024-06-26 16:40:00,1,1,0.5695948545479615
svm,pso,1,2825,2024-06-26 16:45:00,1,1,0.7719368468174281
svm,pso,1,2826,2024-06-26 16:50:00,0,0,0.3698615281230005
svm,pso,1,2827,2024-06-26 16:55:00,0,0,0.49177797347354746
svm,pso,1,2828,2024-06-26 17:00:00,0,1,0.6624588490256531
svm,pso,1,2829,2024-06-26 17:05:00,0,1,0.6047802830455566
svm,pso,1,2830,2024-06-26 17:10:00,0,0,0.3412151891859663
svm,pso,1,2831,2024-06-26 17:15:00,0,0,0.37926194934876567
svm,pso,1,2832,2024-06-26 17:20:00,0,1,0.5172927973746682
svm,pso,1,2833,2024-06-26 17:25:00,0,0,0.41907948096119857
svm,pso,1,2834,2024-06-26 17:30:00,1,0,0.3201232338532231
svm,pso,1,2835,2024-06-26 17:35:00,1,0,0.27428253699333466
svm,pso,1,2836,2024-06-26 17:40:00,1,0,0.4155607951170078
svm,pso,1,2837,2024-06-26 17:45:00,1,1,0.6960618670020873
svm,pso,1,2838,2024-06-26 17:50:00,1,1,0.6342438303382277
svm,pso,1,2839,2024-06-26 17:55:00,1,1,0.6286566588724897
svm,pso,1,2840,2024-06-27 10:55:00,0,1,0.6950777794148415
svm,pso,1,2841,2024-06-27 11:00:00,0,1,0.6270579487204263
svm,pso,1,2842,2024-06-27 11:05:00,0,1,0.6027053992581164
svm,pso,1,2843,2024-06-27 11:10:00,0,1,0.6734432992800339
svm,pso,1,2844,2024-06-27 11:15:00,0,1,0.569276048706271
svm,pso,1,2845,2024-06-27 11:20:00,0,0,0.2547655199755546
svm,pso,1,2846,2024-06-27 11:25:00,0,1,0.5654281828054933
svm,pso,1,2847,2024-06-27 11:30:00,0,0,0.3227384996845213
svm,pso,1,2848,2024-06-27 11:35:00,0,0,0.3734511210237319
svm,pso,1,2849,2024-06-27 11:40:00,0,0,0.3454266933884415
svm,pso,1,2850,2024-06-27 11:45:00,0,0,0.31001986286168076
svm,pso,1,2851,2024-06-27 11:50:00,0,1,0.6781848113907147
svm,pso,1,2852,2024-06-27 11:55:00,0,0,0.35649396783751147
svm,pso,1,2853,2024-06-27 12:00:00,1,1,0.6024097799879067
svm,pso,1,2854,2024-06-27 12:05:00,1,0,0.3994833052355941
svm,pso,1,2855,2024-06-27 12:10:00,1,0,0.45096317950603054
svm,pso,1,2856,2024-06-27 12:15:00,1,0,0.4286566324403696
svm,pso,1,2857,2024-06-27 12:20:00,1,1,0.5589619160619819
svm,pso,1,2858,2024-06-27 12:25:00,1,0,0.4780772268215723
svm,pso,1,2859,2024-06-27 12:30:00,1,1,0.5684889037292669
svm,pso,1,2860,2024-06-27 12:35:00,1,1,0.7179057627388626
svm,pso,1,2861,2024-06-27 12:40:00,1,1,0.6888511940384084
svm,pso,1,2862,2024-06-27 12:45:00,1,0,0.47933651962201507
svm,pso,1,2863,2024-06-27 12:50:00,1,0,0.21077946200815334
svm,pso,1,2864,2024-06-27 12:55:00,0,0,0.4590356609678364
svm,pso,1,2865,2024-06-27 13:00:00,0,1,0.5279413273052458
svm,pso,1,2866,2024-06-27 13:05:00,0,1,0.543544659346874
svm,pso,1,2867,2024-06-27 13:10:00,0,0,0.39923609278471217
svm,pso,1,2868,2024-06-27 13:15:00,0,0,0.47702754374159534
svm,pso,1,2869,2024-06-27 13:20:00,0,1,0.6241139173627811
svm,pso,1,2870,2024-06-27 13:25:00,0,0,0.4350627037430262
svm,pso,1,2871,2024-06-27 13:30:00,0,1,0.501128277483947
svm,pso,1,2872,2024-06-27 13:35:00,0,1,0.5515752907088837
svm,pso,1,2873,2024-06-27 13:40:00,0,0,0.45277376911074935
svm,pso,1,2874,2024-06-27 13:45:00,0,1,0.616144567889086
svm,pso,1,2875,2024-06-27 13:50:00,0,1,0.6216547877665968
svm,pso,1,2876,2024-06-27 13:55:00,0,1,0.6448089616323198
svm,pso,1,2877,2024-06-27 14:00:00,0,1,0.6525196931741603
svm,pso,1,2878,2024-06-27 14:05:00,0,0,0.48130739040267084
svm,pso,1,2879,2024-06-27 14:10:00,1,0,0.43825540586607664
svm,pso,1,2880,2024-06-27 14:15:00,1,0,0.47813938210878054
svm,pso,1,2881,2024-06-27 14:20:00,1,1,0.7212556785932166
svm,pso,1,2882,2024-06-27 14:25:00,1,1,0.7390775843507494
svm,pso,1,2883,2024-06-27 14:30:00,1,1,0.593115600976373
svm,pso,1,2884,2024-06-27 14:35:00,1,1,0.7066450184394721
svm,pso,1,2885,2024-06-27 14:40:00,1,1,0.6217299888726929
svm,pso,1,2886,2024-06-27 14:45:00,1,0,0.4216068786490964
svm,pso,1,2887,2024-06-27 14:50:00,1,1,0.5155507487414848
svm,pso,1,2888,2024-06-27 14:55:00,1,1,0.5643907898834374
svm,pso,1,2889,2024-06-27 15:00:00,1,1,0.5689256947524768
svm,pso,1,2890,2024-06-27 15:05:00,1,0,0.4995556333821631
svm,pso,1,2891,2024-06-27 15:10:00,1,1,0.6577270385762976
svm,pso,1,2892,2024-06-27 15:15:00,1,1,0.5977683729589941
svm,pso,1,2893,2024-06-27 15:20:00,1,1,0.625392118065716
svm,pso,1,2894,2024-06-27 15:25:00,1,1,0.6972680097900139
svm,pso,1,2895,2024-06-27 15:30:00,1,1,0.6615846526720303
svm,pso,1,2896,2024-06-27 15:35:00,1,1,0.5952665977709165
svm,pso,1,2897,2024-06-27 15:40:00,1,1,0.6307003276988533
svm,pso,1,2898,2024-06-27 15:45:00,1,1,0.6792185694595108
svm,pso,1,2899,2024-06-27 15:50:00,1,1,0.5133301715699179
svm,pso,1,2900,2024-06-27 15:55:00,1,1,0.5615142134767038
svm,pso,1,2901,2024-06-27 16:00:00,1,1,0.7420959785438106
svm,pso,1,2902,2024-06-27 16:05:00,1,1,0.6173410670305107
svm,pso,1,2903,2024-06-27 16:10:00,1,1,0.8784234530494683
svm,pso,1,2904,2024-06-27 16:15:00,1,0,0.4226391892020064
svm,pso,1,2905,2024-06-27 16:20:00,1,1,0.5708535637671928
svm,pso,1,2906,2024-06-27 16:25:00,1,0,0.4641167715054979
svm,pso,1,2907,2024-06-27 16:30:00,1,1,0.5677966273177744
svm,pso,1,2908,2024-06-27 16:35:00,1,0,0.3293748442577949
svm,pso,1,2909,2024-06-27 16:40:00,1,1,0.6832966733783729
svm,pso,1,2910,2024-06-27 16:45:00,1,1,0.6185270508757826
svm,pso,1,2911,2024-06-27 16:50:00,1,1,0.6686314177363479
svm,pso,1,2912,2024-06-27 16:55:00,1,1,0.6274262114953096
svm,pso,1,2913,2024-06-27 17:00:00,1,0,0.4550284242021298
svm,pso,1,2914,2024-06-27 17:05:00,1,1,0.6424030009437128
svm,pso,1,2915,2024-06-27 17:10:00,1,1,0.6968518779501992
svm,pso,1,2916,2024-06-27 17:15:00,1,0,0.3406237606565724
svm,pso,1,2917,2024-06-27 17:20:00,1,1,0.5340697746356114
svm,pso,1,2918,2024-06-27 17:25:00,1,1,0.6645115061288129
svm,pso,1,2919,2024-06-27 17:30:00,1,1,0.6247283845881386
svm,pso,1,2920,2024-06-27 17:35:00,1,0,0.4529170281781235
svm,pso,1,2921,2024-06-27 17:40:00,1,1,0.6321777504002873
svm,pso,1,2922,2024-06-27 17:45:00,1,1,0.5726972236245771
svm,pso,1,2923,2024-06-27 17:50:00,1,1,0.6441311202643066
svm,pso,1,2924,2024-06-27 17:55:00,0,1,0.5735030460316496
svm,pso,1,2925,2024-06-28 10:40:00,0,0,0.40787798327174607
svm,pso,1,2926,2024-06-28 10:45:00,0,0,0.4114131583861867
svm,pso,1,2927,2024-06-28 10:50:00,0,0,0.47839366828104
svm,pso,1,2928,2024-06-28 10:55:00,0,0,0.48102527415656227
svm,pso,1,2929,2024-06-28 11:00:00,1,0,0.4345607641697098
svm,pso,1,2930,2024-06-28 11:05:00,1,0,0.47162646630135224
svm,pso,1,2931,2024-06-28 11:10:00,1,1,0.515408102784854
svm,pso,1,2932,2024-06-28 11:15:00,1,0,0.394317291138934
svm,pso,1,2933,2024-06-28 11:20:00,1,1,0.5470508156853903
svm,pso,1,2934,2024-06-28 11:25:00,1,0,0.3739187910024416
svm,pso,1,2935,2024-06-28 11:30:00,1,1,0.6227288246286944
svm,pso,1,2936,2024-06-28 11:35:00,1,1,0.6776599092427495
svm,pso,1,2937,2024-06-28 11:40:00,1,0,0.4106739232389125
svm,pso,1,2938,2024-06-28 11:45:00,1,0,0.4957997065317665
svm,pso,1,2939,2024-06-28 11:50:00,1,1,0.7122020981527039
svm,pso,1,2940,2024-06-28 11:55:00,1,1,0.5776451822515803
svm,pso,1,2941,2024-06-28 12:00:00,1,1,0.7454484796026166
svm,pso,1,2942,2024-06-28 12:05:00,1,1,0.7735255793390207
svm,pso,1,2943,2024-06-28 12:10:00,1,0,0.43874559152747755
svm,pso,1,2944,2024-06-28 12:15:00,1,1,0.6771658425750814
svm,pso,1,2945,2024-06-28 12:20:00,1,1,0.5552883733412051
svm,pso,1,2946,2024-06-28 12:25:00,1,0,0.36794412697008705
svm,pso,1,2947,2024-06-28 12:30:00,1,1,0.5036013766168164
svm,pso,1,2948,2024-06-28 12:35:00,0,1,0.6690481014412921
svm,pso,1,2949,2024-06-28 12:40:00,0,1,0.6978762613943525
svm,pso,1,2950,2024-06-28 12:45:00,0,1,0.6745345890099643
svm,pso,1,2951,2024-06-28 12:50:00,0,0,0.39038838076623344
svm,pso,1,2952,2024-06-28 12:55:00,0,0,0.4552140417776685
svm,pso,1,2953,2024-06-28 13:00:00,0,1,0.6057095077546468
svm,pso,1,2954,2024-06-28 13:05:00,0,1,0.6985940069184163
svm,pso,1,2955,2024-06-28 13:10:00,0,1,0.5469316794227782
svm,pso,1,2956,2024-06-28 13:15:00,0,0,0.4827075370001503
svm,pso,1,2957,2024-06-28 13:20:00,0,0,0.44095550630151226
svm,pso,1,2958,2024-06-28 13:25:00,0,0,0.39357518789687385
svm,pso,1,2959,2024-06-28 13:30:00,0,0,0.3458610647185036
svm,pso,1,2960,2024-06-28 13:35:00,1,0,0.48410771451325574
svm,pso,1,2961,2024-06-28 13:40:00,1,1,0.6897382728317862
svm,pso,1,2962,2024-06-28 13:45:00,1,1,0.6956943762193704
svm,pso,1,2963,2024-06-28 13:50:00,1,1,0.5952765226639132
svm,pso,1,2964,2024-06-28 13:55:00,1,1,0.6304257873736653
svm,pso,1,2965,2024-06-28 14:00:00,1,1,0.6744436144882516
svm,pso,1,2966,2024-06-28 14:05:00,1,1,0.6935509669118215
svm,pso,1,2967,2024-06-28 14:10:00,1,1,0.6668417923808958
svm,pso,1,2968,2024-06-28 14:15:00,1,1,0.6807432434575227
svm,pso,1,2969,2024-06-28 14:20:00,1,1,0.6753100875050355
svm,pso,1,2970,2024-06-28 14:25:00,1,1,0.66325790327147
svm,pso,1,2971,2024-06-28 14:30:00,1,1,0.5509978318151967
svm,pso,1,2972,2024-06-28 14:35:00,1,1,0.6200024929511715
svm,pso,1,2973,2024-06-28 14:40:00,1,1,0.60392348692056
svm,pso,1,2974,2024-06-28 14:45:00,0,1,0.6716194821813917
svm,pso,1,2975,2024-06-28 14:50:00,0,1,0.7487511492940995
svm,pso,1,2976,2024-06-28 14:55:00,0,0,0.450456464009326
svm,pso,1,2977,2024-06-28 15:00:00,0,0,0.3080777958370222
svm,pso,1,2978,2024-06-28 15:05:00,0,0,0.23039105335177917
svm,pso,1,2979,2024-06-28 15:10:00,0,0,0.4542927086831083
svm,pso,1,2980,2024-06-28 15:15:00,0,0,0.4729098377146177
svm,pso,1,2981,2024-06-28 15:20:00,0,1,0.5577772386953613
svm,pso,1,2982,2024-06-28 15:25:00,0,0,0.4802614707213115
svm,pso,1,2983,2024-06-28 15:30:00,0,0,0.40606209480809813
svm,pso,1,2984,2024-06-28 15:35:00,0,0,0.3068462757627671
svm,pso,1,2985,2024-06-28 15:40:00,0,0,0.3387312486370506
svm,pso,1,2986,2024-06-28 15:45:00,0,1,0.5530070714142176
svm,pso,1,2987,2024-06-28 15:50:00,0,0,0.47555518199163355
svm,pso,1,2988,2024-06-28 15:55:00,0,0,0.3634219671922115
svm,pso,1,2989,2024-06-28 16:00:00,0,1,0.5852664938201044
svm,pso,1,2990,2024-06-28 16:05:00,0,0,0.43571318961821043
svm,pso,1,2991,2024-06-28 16:10:00,0,0,0.4145136279214355
svm,pso,1,2992,2024-06-28 16:15:00,1,1,0.5247939819707605
svm,pso,1,2993,2024-06-28 16:20:00,1,1,0.6167469802734833
svm,pso,1,2994,2024-06-28 16:25:00,1,1,0.5747225878522608
svm,pso,1,2995,2024-06-28 16:30:00,1,1,0.6545882058622483
svm,pso,1,2996,2024-06-28 16:35:00,1,1,0.6478030055172114
svm,pso,1,2997,2024-06-28 16:40:00,1,1,0.7437581932200437
svm,pso,1,2998,2024-06-28 16:45:00,1,1,0.7268788758534399
svm,pso,1,2999,2024-06-28 16:50:00,1,1,0.6226977021273276
svm,pso,1,3000,2024-06-28 16:55:00,0,1,0.6463563186600575
svm,pso,1,3001,2024-06-28 17:00:00,0,1,0.7220535484125349
svm,pso,1,3002,2024-06-28 17:05:00,0,1,0.5480065879196376
svm,pso,1,3003,2024-06-28 17:10:00,0,1,0.6726867208167953
svm,pso,1,3004,2024-06-28 17:15:00,0,1,0.6022141305399639
svm,pso,1,3005,2024-06-28 17:20:00,0,0,0.23080069454625612
svm,pso,1,3006,2024-06-28 17:25:00,0,1,0.6194872247641733
svm,pso,1,3007,2024-06-28 17:30:00,0,0,0.3611203287642515
svm,pso,1,3008,2024-06-28 17:35:00,0,0,0.28095647436053356
svm,pso,1,3009,2024-06-28 17:40:00,0,0,0.32616029886067033
svm,pso,1,3010,2024-06-28 17:45:00,0,1,0.6237286262595213
svm,pso,1,3011,2024-06-28 17:50:00,0,1,0.5588589322504723
