model_type,optimizer,seed,evaluation_id,best_fitness_so_far,mean_fitness_so_far
mlp,de,1,1,0.4173181120514199,0.4173181120514199
mlp,de,1,2,0.4173181120514199,0.4162180509479034
mlp,de,1,3,0.4173181120514199,0.41278831629979945
mlp,de,1,4,0.4173181120514199,0.36130847952302153
mlp,de,1,5,0.4173181120514199,0.3127310515341449
mlp,de,1,6,0.4173181120514199,0.3276668191823402
mlp,de,1,7,0.4173181120514199,0.28411691079072726
mlp,de,1,8,0.4173181120514199,0.24937579008232774
mlp,de,1,9,0.41925718458932515,0.2682515005831052
mlp,de,1,10,0.41925718458932515,0.2818643012981963
mlp,de,1,11,0.41925718458932515,0.2929155857311901
mlp,de,1,12,0.41925718458932515,0.3004739601970529
mlp,de,1,13,0.41925718458932515,0.30886043060430374
mlp,de,1,14,0.41925718458932515,0.3153762371371342
mlp,de,1,15,0.41925718458932515,0.32065303145876256
mlp,de,1,16,0.41925718458932515,0.32588050638799654
mlp,de,1,17,0.41925718458932515,0.3309230437960456
mlp,de,1,18,0.41925718458932515,0.3352970551748711
mlp,de,1,19,0.41925718458932515,0.3390817037917541
mlp,de,1,20,0.41925718458932515,0.3426781497487437
mlp,de,1,21,0.41925718458932515,0.34581703870221264
mlp,de,1,22,0.41925718458932515,0.34906676323471403
mlp,de,1,23,0.41925718458932515,0.3507214728519319
mlp,de,1,24,0.41925718458932515,0.3528881200615012
mlp,de,1,25,0.41925718458932515,0.35498014703063613
mlp,de,1,26,0.41925718458932515,0.35720933465354937
mlp,de,1,27,0.41925718458932515,0.3589551743678998
mlp,de,1,28,0.41925718458932515,0.3609307607978264
mlp,de,1,29,0.41925718458932515,0.3626921901773023
mlp,de,1,30,0.41925718458932515,0.3643176083942436
mlp,de,1,31,0.41925718458932515,0.3649583834494939
mlp,de,1,32,0.41925718458932515,0.3664009672866211
mlp,de,1,33,0.41925718458932515,0.367726059359382
mlp,de,1,34,0.41925718458932515,0.36907560629081193
mlp,de,1,35,0.41925718458932515,0.36863415168698577
mlp,de,1,36,0.41925718458932515,0.3695848710544569
mlp,de,1,37,0.41925718458932515,0.3700445908015201
mlp,de,1,38,0.41925718458932515,0.37116331684121595
mlp,de,1,39,0.41925718458932515,0.3721230989163538
mlp,de,1,40,0.41925718458932515,0.37267771323845517
mlp,de,1,41,0.41925718458932515,0.3732624779538708
mlp,de,1,42,0.41925718458932515,0.3740676953282333
mlp,de,1,43,0.41925718458932515,0.3749359053951585
mlp,de,1,44,0.41925718458932515,0.375925803538971
mlp,de,1,45,0.41925718458932515,0.37679450942832854
mlp,de,1,46,0.41925718458932515,0.3775948604196257
mlp,de,1,47,0.41925718458932515,0.37813165987978603
mlp,de,1,48,0.41925718458932515,0.3788119748823309
mlp,de,1,49,0.41925718458932515,0.3793576735766301
mlp,de,1,50,0.41925718458932515,0.38008484260303077
mlp,de,1,51,0.41925718458932515,0.38069940511826605
mlp,de,1,52,0.42214860467656956,0.38149650510977184
mlp,de,1,53,0.42214860467656956,0.38209112576271104
mlp,de,1,54,0.42336036031755286,0.38285537084705995
mlp,de,1,55,0.42336036031755286,0.38353329916763346
mlp,de,1,56,0.42336036031755286,0.3836094031695357
mlp,de,1,57,0.42336036031755286,0.3838637737246465
mlp,de,1,58,0.42336036031755286,0.3843852450857728
mlp,de,1,59,0.42336036031755286,0.3848984374355963
mlp,de,1,60,0.42336036031755286,0.38531977130635625
mlp,de,1,61,0.42336036031755286,0.3858668511098011
mlp,de,1,62,0.42336036031755286,0.38646223293342075
mlp,de,1,63,0.42336036031755286,0.3867265868368363
mlp,de,1,64,0.42336036031755286,0.3871544913300522
mlp,de,1,65,0.42336036031755286,0.3876042822864515
mlp,de,1,66,0.42336036031755286,0.38814409065082045
mlp,de,1,67,0.42336036031755286,0.38864729863886827
mlp,de,1,68,0.42336036031755286,0.3888713621182176
mlp,de,1,69,0.42336036031755286,0.3892599165676818
mlp,de,1,70,0.42336036031755286,0.389523421352248
mlp,de,1,71,0.42336036031755286,0.389896126969221
mlp,de,1,72,0.42336036031755286,0.3902937959603905
mlp,de,1,73,0.42336036031755286,0.39070306492721624
mlp,de,1,74,0.42336036031755286,0.3909545839376704
mlp,de,1,75,0.42336036031755286,0.39134412855901707
mlp,de,1,76,0.42336036031755286,0.3913287598537093
mlp,de,1,77,0.4235458098817479,0.3917471631008267
mlp,de,1,78,0.4235458098817479,0.3920243735598722
mlp,de,1,79,0.4235458098817479,0.3923125687129289
mlp,de,1,80,0.4235458098817479,0.3926731632698034
mlp,de,1,81,0.4235458098817479,0.3929487074631105
mlp,de,1,82,0.4235458098817479,0.3932619796325488
mlp,de,1,83,0.4235458098817479,0.3936198173488248
mlp,de,1,84,0.4235458098817479,0.39382484463629247
mlp,de,1,85,0.4235458098817479,0.3941098131753625
mlp,de,1,86,0.4235458098817479,0.3943842008673306
mlp,de,1,87,0.4235458098817479,0.3946629689649136
mlp,de,1,88,0.4235458098817479,0.3949090573861734
mlp,de,1,89,0.4235458098817479,0.39518807847718046
mlp,de,1,90,0.4235458098817479,0.39547446010673865
mlp,de,1,91,0.4235458098817479,0.3957782774402413
mlp,de,1,92,0.4235458098817479,0.3960660447460029
mlp,de,1,93,0.4235458098817479,0.39630610312194964
mlp,de,1,94,0.4235458098817479,0.39657460153163354
mlp,de,1,95,0.4235458098817479,0.3968281873021495
mlp,de,1,96,0.4235458098817479,0.3969995136479971
mlp,de,1,97,0.4235458098817479,0.3972647239881676
mlp,de,1,98,0.424907474866143,0.3975467928746776
mlp,de,1,99,0.424907474866143,0.39769793758003663
mlp,de,1,100,0.424907474866143,0.39784430563766976
mlp,de,1,101,0.424907474866143,0.39802121757059544
mlp,de,1,102,0.42693273886129535,0.3983046638577592
mlp,de,1,103,0.42693273886129535,0.39844794000460987
mlp,de,1,104,0.42693273886129535,0.3985899325458618
mlp,de,1,105,0.42693273886129535,0.39870012697734886
mlp,de,1,106,0.42693273886129535,0.398859607029686
mlp,de,1,107,0.42693273886129535,0.3990959539486145
mlp,de,1,108,0.42693273886129535,0.3992775197854457
mlp,de,1,109,0.42693273886129535,0.3995134268891406
mlp,de,1,110,0.42693273886129535,0.3996973224127466
mlp,de,1,111,0.42693273886129535,0.3999087589347549
mlp,de,1,112,0.42693273886129535,0.40004600295262627
mlp,de,1,113,0.42693273886129535,0.400222792458095
mlp,de,1,114,0.42693273886129535,0.40043334675369163
mlp,de,1,115,0.42693273886129535,0.40055232002530045
mlp,de,1,116,0.42693273886129535,0.4007006670836382
mlp,de,1,117,0.42693273886129535,0.4009118335521978
mlp,de,1,118,0.42693273886129535,0.4010493911380974
mlp,de,1,119,0.42693273886129535,0.4011547227101427
mlp,de,1,120,0.42693273886129535,0.4013368057489683
mlp,de,1,121,0.42693273886129535,0.4014578546410809
mlp,de,1,122,0.42693273886129535,0.40158144816603775
mlp,de,1,123,0.42693273886129535,0.401719227403171
mlp,de,1,124,0.42693273886129535,0.4018596734589173
mlp,de,1,125,0.42693273886129535,0.40199918772374804
mlp,de,1,126,0.42693273886129535,0.4021356186179121
mlp,de,1,127,0.42693273886129535,0.402248848158569
mlp,de,1,128,0.42693273886129535,0.40240752223918796
mlp,de,1,129,0.42693273886129535,0.40255474530345003
mlp,de,1,130,0.42693273886129535,0.402706076696425
mlp,de,1,131,0.42693273886129535,0.4028268569837304
mlp,de,1,132,0.42693273886129535,0.4029851968574523
mlp,de,1,133,0.42693273886129535,0.40314734360706456
mlp,de,1,134,0.42693273886129535,0.40326706104573135
mlp,de,1,135,0.42693273886129535,0.4033739436121357
mlp,de,1,136,0.42693273886129535,0.40350300319168353
mlp,de,1,137,0.42693273886129535,0.40361386914879893
mlp,de,1,138,0.42693273886129535,0.40369673096308384
mlp,de,1,139,0.42693273886129535,0.40383402443942296
mlp,de,1,140,0.42693273886129535,0.40395949067577697
mlp,de,1,141,0.42693273886129535,0.40407506432967816
mlp,de,1,142,0.42693273886129535,0.40422788349589
mlp,de,1,143,0.42693273886129535,0.4043255331596681
mlp,de,1,144,0.42693273886129535,0.40445446875381275
mlp,de,1,145,0.42693273886129535,0.4045462101429917
mlp,de,1,146,0.42693273886129535,0.4046578583092736
mlp,de,1,147,0.42693273886129535,0.4047696889931634
mlp,de,1,148,0.42693273886129535,0.4048623373736141
mlp,de,1,149,0.42693273886129535,0.4049986325061496
mlp,de,1,150,0.42693273886129535,0.4050362510886492
mlp,de,1,151,0.42693273886129535,0.405154502794794
mlp,de,1,152,0.42693273886129535,0.40524248826544296
mlp,de,1,153,0.42693273886129535,0.40533625079765256
mlp,de,1,154,0.42693273886129535,0.4054473906097544
mlp,de,1,155,0.42693273886129535,0.4055564698017425
mlp,de,1,156,0.42693273886129535,0.4056310989414526
mlp,de,1,157,0.42693273886129535,0.4057480848455394
mlp,de,1,158,0.42693273886129535,0.4058632351085572
mlp,de,1,159,0.42693273886129535,0.40597139817423916
mlp,de,1,160,0.42693273886129535,0.406084823399424
mlp,de,1,161,0.42693273886129535,0.4061453839508153
mlp,de,1,162,0.42693273886129535,0.4062618450680528
mlp,de,1,163,0.42693273886129535,0.40631999403603336
mlp,de,1,164,0.42693273886129535,0.40644231552313187
mlp,de,1,165,0.42693273886129535,0.4065323006208561
mlp,de,1,166,0.42693273886129535,0.40664362462279846
mlp,de,1,167,0.42693273886129535,0.4067377027110926
mlp,de,1,168,0.42693273886129535,0.40679840999916905
mlp,de,1,169,0.42693273886129535,0.4069054013085031
mlp,de,1,170,0.42693273886129535,0.4070080502368463
mlp,de,1,171,0.42693273886129535,0.40711870286603324
mlp,de,1,172,0.42693273886129535,0.4072245825203611
mlp,de,1,173,0.42693273886129535,0.4072955322028883
mlp,de,1,174,0.42693273886129535,0.4073899682538077
mlp,de,1,175,0.42693273886129535,0.4074530225242877
mlp,de,1,176,0.42693273886129535,0.4075099811393057
mlp,de,1,177,0.42693273886129535,0.4075756566035792
mlp,de,1,178,0.42693273886129535,0.40767480125757494
mlp,de,1,179,0.42693273886129535,0.4077527053064879
mlp,de,1,180,0.42693273886129535,0.4077870938361242
mlp,de,1,181,0.42693273886129535,0.4078531426794926
mlp,de,1,182,0.42693273886129535,0.40793661688510513
mlp,de,1,183,0.42693273886129535,0.4080328411331538
mlp,de,1,184,0.42693273886129535,0.4081212697734507
mlp,de,1,185,0.42693273886129535,0.40819094776074527
mlp,de,1,186,0.42693273886129535,0.40826225515886333
mlp,de,1,187,0.42693273886129535,0.40835673320522137
mlp,de,1,188,0.42693273886129535,0.40841757183651245
mlp,de,1,189,0.42693273886129535,0.4084921254393731
mlp,de,1,190,0.42693273886129535,0.40855129819876423
mlp,de,1,191,0.42693273886129535,0.40860846921343613
mlp,de,1,192,0.42693273886129535,0.4086468819867755
mlp,de,1,193,0.42693273886129535,0.40871525405436043
mlp,de,1,194,0.42693273886129535,0.4087641129607146
mlp,de,1,195,0.42693273886129535,0.408843404597614
mlp,de,1,196,0.42693273886129535,0.408904947536352
mlp,de,1,197,0.42693273886129535,0.4089383533069807
mlp,de,1,198,0.42693273886129535,0.4090117033717977
mlp,de,1,199,0.42693273886129535,0.4090870087685725
mlp,de,1,200,0.42693273886129535,0.40912056771857463
mlp,de,1,201,0.42693273886129535,0.40919458219425325
mlp,de,1,202,0.42693273886129535,0.4092507854688237
mlp,de,1,203,0.42693273886129535,0.4093128145602614
mlp,de,1,204,0.42693273886129535,0.4093946682304882
mlp,de,1,205,0.42693273886129535,0.4094508201932188
mlp,de,1,206,0.42693273886129535,0.4095096622791567
mlp,de,1,207,0.42693273886129535,0.40958792072394123
mlp,de,1,208,0.42693273886129535,0.40964233370406783
mlp,de,1,209,0.42693273886129535,0.4097059592416556
mlp,de,1,210,0.42693273886129535,0.40976908567423564
mlp,de,1,211,0.42693273886129535,0.4098215989494053
mlp,de,1,212,0.42693273886129535,0.4098908149971878
mlp,de,1,213,0.42693273886129535,0.40996274347521205
mlp,de,1,214,0.42693273886129535,0.4100309806105352
mlp,de,1,215,0.42693273886129535,0.41010249764911466
mlp,de,1,216,0.42693273886129535,0.4101699463697947
mlp,de,1,217,0.42693273886129535,0.41022477844310395
mlp,de,1,218,0.42693273886129535,0.41027097884931923
mlp,de,1,219,0.42693273886129535,0.41029622003616706
mlp,de,1,220,0.42693273886129535,0.41036132071165954
mlp,de,1,221,0.42693273886129535,0.41042302277780573
mlp,de,1,222,0.42693273886129535,0.4104892136417972
mlp,de,1,223,0.42693273886129535,0.41055449692411694
mlp,de,1,224,0.42693273886129535,0.41061751890800935
mlp,de,1,225,0.42693273886129535,0.4106804546048245
mlp,de,1,226,0.42693273886129535,0.4107300936837901
mlp,de,1,227,0.42693273886129535,0.4107783097257108
mlp,de,1,228,0.42693273886129535,0.4108346355193308
mlp,de,1,229,0.42693273886129535,0.4108807825935436
mlp,de,1,230,0.42693273886129535,0.41094600607485565
mlp,de,1,231,0.42693273886129535,0.4109824302920591
mlp,de,1,232,0.42693273886129535,0.4110031905010115
mlp,de,1,233,0.42693273886129535,0.41106659048140093
mlp,de,1,234,0.42693273886129535,0.411124730784113
mlp,de,1,235,0.42693273886129535,0.4111804807899513
mlp,de,1,236,0.42693273886129535,0.4112347900973243
mlp,de,1,237,0.42693273886129535,0.4112651262808285
mlp,de,1,238,0.42693273886129535,0.4113165317943343
mlp,de,1,239,0.42693273886129535,0.4113540960474311
mlp,de,1,240,0.42693273886129535,0.41139159085209515
mlp,de,1,241,0.42693273886129535,0.4114441237270834
mlp,de,1,242,0.42693273886129535,0.4114921094764049
mlp,de,1,243,0.42693273886129535,0.41153725900974125
mlp,de,1,244,0.42693273886129535,0.41159152454942016
mlp,de,1,245,0.42693273886129535,0.4116293117420145
mlp,de,1,246,0.42693273886129535,0.4116866001168884
mlp,de,1,247,0.42693273886129535,0.41173263280897743
mlp,de,1,248,0.42693273886129535,0.4117756283782525
mlp,de,1,249,0.42693273886129535,0.41182741871133594
mlp,de,1,250,0.42693273886129535,0.4118668095772898
mlp,de,1,251,0.42693273886129535,0.4119043515974904
mlp,de,1,252,0.42693273886129535,0.4119545319839223
mlp,de,1,253,0.42693273886129535,0.41199863122161284
mlp,de,1,254,0.42693273886129535,0.4120391230533157
mlp,de,1,255,0.42693273886129535,0.41209278238236524
mlp,de,1,256,0.42693273886129535,0.412143043750143
mlp,de,1,257,0.42693273886129535,0.4121891699508427
mlp,de,1,258,0.42693273886129535,0.41222851215620493
mlp,de,1,259,0.42693273886129535,0.41227245280593017
mlp,de,1,260,0.42693273886129535,0.412324797923197
mlp,de,1,261,0.42693273886129535,0.41235789228033964
mlp,de,1,262,0.42693273886129535,0.41240720060532876
mlp,de,1,263,0.42693273886129535,0.4124369840796848
mlp,de,1,264,0.42693273886129535,0.41248332664497395
mlp,de,1,265,0.42693273886129535,0.41252510391278696
mlp,de,1,266,0.42693273886129535,0.41256307309769463
mlp,de,1,267,0.42693273886129535,0.41260196940132526
mlp,de,1,268,0.42693273886129535,0.41264489759213435
mlp,de,1,269,0.42693273886129535,0.4126864961615391
mlp,de,1,270,0.42693273886129535,0.41273127969683493
mlp,de,1,271,0.42693273886129535,0.4127836836051909
mlp,de,1,272,0.42693273886129535,0.4128290281308479
mlp,de,1,273,0.42693273886129535,0.4128744287787745
mlp,de,1,274,0.42693273886129535,0.412913188885314
mlp,de,1,275,0.42693273886129535,0.41295230761458734
mlp,de,1,276,0.42693273886129535,0.4129841138030237
mlp,de,1,277,0.42693273886129535,0.413026306248919
mlp,de,1,278,0.42693273886129535,0.41305364095217845
mlp,de,1,279,0.42693273886129535,0.41309528174201304
mlp,de,1,280,0.42693273886129535,0.413130471400674
mlp,de,1,281,0.42693273886129535,0.4131703388559658
mlp,de,1,282,0.42693273886129535,0.41321503760446154
mlp,de,1,283,0.42693273886129535,0.41324981370855496
mlp,de,1,284,0.42693273886129535,0.413292621209247
mlp,de,1,285,0.42693273886129535,0.41333254682365667
mlp,de,1,286,0.42693273886129535,0.41336597435222333
mlp,de,1,287,0.42693273886129535,0.4134016648263795
mlp,de,1,288,0.42693273886129535,0.4134326988336986
mlp,de,1,289,0.42693273886129535,0.4134719561065627
mlp,de,1,290,0.42693273886129535,0.4135111273880205
mlp,de,1,291,0.42693273886129535,0.41353450665531427
mlp,de,1,292,0.42693273886129535,0.41356485263933446
mlp,de,1,293,0.42693273886129535,0.4136027590170706
mlp,de,1,294,0.42693273886129535,0.4136385300211071
mlp,de,1,295,0.42693273886129535,0.41367405850986216
mlp,de,1,296,0.42693273886129535,0.413708989329637
mlp,de,1,297,0.42693273886129535,0.4137499765147067
mlp,de,1,298,0.42693273886129535,0.4137906886179973
mlp,de,1,299,0.42693273886129535,0.4138276148357609
mlp,de,1,300,0.42693273886129535,0.4138504598098811
mlp,de,1,301,0.42693273886129535,0.4138887763470047
mlp,de,1,302,0.42693273886129535,0.41391752132607457
mlp,de,1,303,0.42693273886129535,0.41393637900658464
mlp,de,1,304,0.42693273886129535,0.41396710661242875
mlp,de,1,305,0.42693273886129535,0.4139965997385633
mlp,de,1,306,0.42693273886129535,0.4140350925039005
mlp,de,1,307,0.42693273886129535,0.41405637809846585
mlp,de,1,308,0.42693273886129535,0.4140870219941546
mlp,de,1,309,0.42693273886129535,0.41411819453775955
mlp,de,1,310,0.42693273886129535,0.41414756193271635
mlp,de,1,311,0.42693273886129535,0.414169111208608
mlp,de,1,312,0.42693273886129535,0.41419511904599743
mlp,de,1,313,0.42693273886129535,0.4142124873510281
mlp,de,1,314,0.42693273886129535,0.41424386930500395
mlp,de,1,315,0.42693273886129535,0.41428047729429524
mlp,de,1,316,0.42693273886129535,0.41431685358745174
mlp,de,1,317,0.42693273886129535,0.41434951783896146
mlp,de,1,318,0.42693273886129535,0.41436690036453316
mlp,de,1,319,0.42693273886129535,0.4143906883069006
mlp,de,1,320,0.42693273886129535,0.4144233162425957
mlp,de,1,321,0.42693273886129535,0.4144622864065169
mlp,de,1,322,0.42693273886129535,0.41448040497978245
mlp,de,1,323,0.42693273886129535,0.414514327978219
mlp,de,1,324,0.42693273886129535,0.4145366108501765
mlp,de,1,325,0.42693273886129535,0.41457119169658146
mlp,de,1,326,0.42693273886129535,0.41459927824064974
mlp,de,1,327,0.42693273886129535,0.41462160120153785
mlp,de,1,328,0.42693273886129535,0.41465593224450664
mlp,de,1,329,0.42693273886129535,0.4146880522225319
mlp,de,1,330,0.42693273886129535,0.41472515733355847
mlp,de,1,331,0.42693273886129535,0.4147620382445184
mlp,de,1,332,0.42693273886129535,0.41479869698131594
mlp,de,1,333,0.42693273886129535,0.4148351355455201
mlp,de,1,334,0.42693273886129535,0.414871355914729
mlp,de,1,335,0.42693273886129535,0.4148982740374765
mlp,de,1,336,0.42693273886129535,0.41491434008795425
mlp,de,1,337,0.42693273886129535,0.4149439277431733
mlp,de,1,338,0.42693273886129535,0.41497270730995683
mlp,de,1,339,0.42693273886129535,0.41500798763901686
mlp,de,1,340,0.42693273886129535,0.41502354199007274
mlp,de,1,341,0.42693273886129535,0.4150354738377102
mlp,de,1,342,0.42693273886129535,0.4150702611623406
mlp,de,1,343,0.42693273886129535,0.41509145415876025
mlp,de,1,344,0.42693273886129535,0.41511976861681427
mlp,de,1,345,0.42693273886129535,0.4151328458049412
mlp,de,1,346,0.42693273886129535,0.41516694954209826
mlp,de,1,347,0.42693273886129535,0.41518508168155743
mlp,de,1,348,0.42693273886129535,0.41521264768445926
mlp,de,1,349,0.42693273886129535,0.4152316449433309
mlp,de,1,350,0.42693273886129535,0.4152616181062385
mlp,de,1,351,0.42693273886129535,0.4152877706704087
mlp,de,1,352,0.42693273886129535,0.41530796317983704
mlp,de,1,353,0.42693273886129535,0.41533650644982084
mlp,de,1,354,0.42693273886129535,0.4153562888014718
mlp,de,1,355,0.42693273886129535,0.41538889851995014
mlp,de,1,356,0.42693273886129535,0.41542132503776297
mlp,de,1,357,0.42693273886129535,0.4154535698944115
mlp,de,1,358,0.42693273886129535,0.4154797655866878
mlp,de,1,359,0.42693273886129535,0.41551166801920764
mlp,de,1,360,0.42693273886129535,0.41552283245110666
mlp,de,1,361,0.42693273886129535,0.41555443884005455
mlp,de,1,362,0.42693273886129535,0.41558587060806906
mlp,de,1,363,0.42693273886129535,0.41561712919829835
mlp,de,1,364,0.42693273886129535,0.41564396053974284
mlp,de,1,365,0.42693273886129535,0.41567488869952796
mlp,de,1,366,0.42693273886129535,0.4157056478529754
mlp,de,1,367,0.42693273886129535,0.4157362393816084
mlp,de,1,368,0.42693273886129535,0.4157666646519337
mlp,de,1,369,0.42693273886129535,0.4157771381854532
mlp,de,1,370,0.42693273886129535,0.41580728845755005
mlp,de,1,371,0.42693273886129535,0.4158372761944874
mlp,de,1,372,0.42693273886129535,0.4158671027070326
mlp,de,1,373,0.42693273886129535,0.41589676929189656
mlp,de,1,374,0.42693273886129535,0.41592627723192166
mlp,de,1,375,0.42693273886129535,0.41595562779626666
mlp,de,1,376,0.42693273886129535,0.4159848222405886
mlp,de,1,377,0.42693273886129535,0.4160138618072217
mlp,de,1,378,0.42693273886129535,0.4160427477253542
mlp,de,1,379,0.42693273886129535,0.416071481211201
mlp,de,1,380,0.42693273886129535,0.41610006346817496
mlp,de,1,381,0.42693273886129535,0.41612849568705457
mlp,de,1,382,0.42693273886129535,0.41615677904614945
mlp,de,1,383,0.42693273886129535,0.4161849147114631
mlp,de,1,384,0.42693273886129535,0.4162129038368532
mlp,de,1,385,0.42693273886129535,0.41624074756418944
mlp,de,1,386,0.42693273886129535,0.4162684470235084
mlp,de,1,387,0.42693273886129535,0.41629600333316674
mlp,de,1,388,0.42693273886129535,0.4163114351711589
mlp,de,1,389,0.42693273886129535,0.4163387392937556
mlp,de,1,390,0.42693273886129535,0.41636590339521085
mlp,de,1,391,0.42693273886129535,0.41639292854985555
mlp,de,1,392,0.42693273886129535,0.4164198158210582
mlp,de,1,393,0.42693273886129535,0.41644656626136417
mlp,de,1,394,0.42693273886129535,0.4164613809573356
mlp,de,1,395,0.42693273886129535,0.416487890724181
mlp,de,1,396,0.42693273886129535,0.4165025262437516
mlp,de,1,397,0.42693273886129535,0.41652879881961447
mlp,de,1,398,0.42693273886129535,0.416554939372483
mlp,de,1,399,0.42693273886129535,0.41656929680882787
mlp,de,1,400,0.42693273886129535,0.41659520541395906
mlp,de,1,401,0.42693273886129535,0.4166209847991145
mlp,de,1,402,0.42693273886129535,0.41664663592862244
mlp,de,1,403,0.42693273886129535,0.4166721597572395
mlp,de,1,404,0.42693273886129535,0.41669755723026936
mlp,de,1,405,0.42693273886129535,0.41672282928367926
mlp,de,1,406,0.42693273886129535,0.4167479768442153
mlp,de,1,407,0.42693273886129535,0.41677300082951524
mlp,de,1,408,0.42693273886129535,0.4167979021482205
mlp,de,1,409,0.42693273886129535,0.41682268170008624
mlp,de,1,410,0.42693273886129535,0.41684734037608917
mlp,de,1,411,0.42693273886129535,0.41687187905853496
mlp,de,1,412,0.42693273886129535,0.416896298621163
mlp,de,1,413,0.42693273886129535,0.4169205999292505
mlp,de,1,414,0.42693273886129535,0.41694478383971434
mlp,de,1,415,0.42693273886129535,0.4169576483520864
mlp,de,1,416,0.42693273886129535,0.4169704510158413
mlp,de,1,417,0.42693273886129535,0.41699434139436753
mlp,de,1,418,0.42693273886129535,0.4170069950189602
mlp,de,1,419,0.42693273886129535,0.4170195882443901
mlp,de,1,420,0.42693273886129535,0.4170431909839542
mlp,de,1,421,0.42693273886129535,0.41706668159648946
mlp,de,1,422,0.42693273886129535,0.4170900608791075
mlp,de,1,423,0.42693273886129535,0.41711332962138215
mlp,de,1,424,0.42693273886129535,0.41713648860543856
mlp,de,1,425,0.42693273886129535,0.4171595386060406
mlp,de,1,426,0.42693273886129535,0.41718248039067735
mlp,de,1,427,0.42693273886129535,0.41720531471964833
mlp,de,1,428,0.42693273886129535,0.4172280423461475
mlp,de,1,429,0.42693273886129535,0.417250664016346
mlp,de,1,430,0.42693273886129535,0.4172731804694738
mlp,de,1,431,0.42693273886129535,0.4172955924379003
mlp,de,1,432,0.42693273886129535,0.4173179006472137
mlp,de,1,433,0.42693273886129535,0.4173401058162994
mlp,de,1,434,0.42693273886129535,0.41736220865741686
mlp,de,1,435,0.42693273886129535,0.41738420987627634
mlp,de,1,436,0.42693273886129535,0.41740611017211354
mlp,de,1,437,0.42693273886129535,0.4174279102377639
mlp,de,1,438,0.42693273886129535,0.4174496107597354
mlp,de,1,439,0.42693273886129535,0.4174712124182811
mlp,de,1,440,0.42693273886129535,0.4174927158874698
mlp,de,1,441,0.42693273886129535,0.4175141218352562
mlp,de,1,442,0.42693273886129535,0.41753543092355044
mlp,de,1,443,0.42693273886129535,0.4175566438082857
mlp,de,1,444,0.42693273886129535,0.4175777611394862
mlp,de,1,445,0.42693273886129535,0.41759878356133295
mlp,de,1,446,0.42693273886129535,0.4176197117122298
mlp,de,1,447,0.42693273886129535,0.4176405462248675
mlp,de,1,448,0.42693273886129535,0.41766128772628797
mlp,de,1,449,0.42693273886129535,0.41768193683794724
mlp,de,1,450,0.42693273886129535,0.4177024941757769
mlp,de,1,451,0.42693273886129535,0.4177229603502459
mlp,de,1,452,0.42693273886129535,0.41774333596642077
mlp,de,1,453,0.42693273886129535,0.41776362162402536
mlp,de,1,454,0.42693273886129535,0.4177838179174995
mlp,de,1,455,0.42693273886129535,0.4178039254360573
mlp,de,1,456,0.42693273886129535,0.41782394476374424
mlp,de,1,457,0.42693273886129535,0.41784387647949384
mlp,de,1,458,0.42693273886129535,0.41786372115718334
mlp,de,1,459,0.42693273886129535,0.41787335042802637
mlp,de,1,460,0.42693273886129535,0.4178930447507074
mlp,de,1,461,0.42693273886129535,0.41791265363164143
mlp,de,1,462,0.42693273886129535,0.41792211446030475
mlp,de,1,463,0.42693273886129535,0.41794157585209957
mlp,de,1,464,0.42693273886129535,0.4179609533585849
mlp,de,1,465,0.42693273886129535,0.4179802475209563
mlp,de,1,466,0.42693273886129535,0.4179994588757639
mlp,de,1,467,0.42693273886129535,0.41800863253229137
mlp,de,1,468,0.42693273886129535,0.4180277011355585
mlp,de,1,469,0.42693273886129535,0.41804668842282017
mlp,de,1,470,0.42693273886129535,0.41806559491311485
mlp,de,1,471,0.42693273886129535,0.41808442112107275
mlp,de,1,472,0.42693273886129535,0.41810316755696303
mlp,de,1,473,0.42693273886129535,0.41812183472673964
mlp,de,1,474,0.42693273886129535,0.4181404231320868
mlp,de,1,475,0.42693273886129535,0.4181589332704641
mlp,de,1,476,0.42693273886129535,0.41816759844526163
mlp,de,1,477,0.42693273886129535,0.4181859740016894
mlp,de,1,478,0.42693273886129535,0.4182042726729438
mlp,de,1,479,0.42693273886129535,0.4182224949405604
mlp,de,1,480,0.42693273886129535,0.4182406412820619
mlp,de,1,481,0.42693273886129535,0.418258712171
mlp,de,1,482,0.42693273886129535,0.41827670807699646
mlp,de,1,483,0.42693273886129535,0.4182850038293715
mlp,de,1,484,0.42693273886129535,0.41830287105051184
mlp,de,1,485,0.42693273886129535,0.41832066459238976
mlp,de,1,486,0.42693273886129535,0.41833838490981545
mlp,de,1,487,0.42693273886129535,0.41835603245386366
mlp,de,1,488,0.42693273886129535,0.4183736076719117
mlp,de,1,489,0.42693273886129535,0.41839111100767723
mlp,de,1,490,0.42693273886129535,0.41840854290125606
mlp,de,1,491,0.42693273886129535,0.4184259037891584
mlp,de,1,492,0.42693273886129535,0.4184337445466481
mlp,de,1,493,0.42693273886129535,0.41845098388602875
mlp,de,1,494,0.42693273886129535,0.4184681534305131
mlp,de,1,495,0.42693273886129535,0.41847586131544967
mlp,de,1,496,0.42693273886129535,0.41849291147179213
mlp,de,1,497,0.42693273886129535,0.4185098930158353
mlp,de,1,498,0.42693273886129535,0.4185268063609065
mlp,de,1,499,0.42693273886129535,0.41854365191701953
mlp,de,1,500,0.42693273886129535,0.4185604300909081
mlp,de,1,501,0.42693273886129535,0.41857714128605855
mlp,de,1,502,0.42693273886129535,0.4185937859027423
mlp,de,1,503,0.42693273886129535,0.4186103643380476
mlp,de,1,504,0.42693273886129535,0.4186176524176827
mlp,de,1,505,0.42693273886129535,0.41863411793539274
mlp,de,1,506,0.42693273886129535,0.4186505183720052
mlp,de,1,507,0.42693273886129535,0.4186668541126152
mlp,de,1,508,0.42693273886129535,0.4186831255392859
mlp,de,1,509,0.42693273886129535,0.4186901990774682
mlp,de,1,510,0.42693273886129535,0.4187063609201816
mlp,de,1,511,0.42693273886129535,0.41871336130287035
mlp,de,1,512,0.42693273886129535,0.4187294147746642
mlp,de,1,513,0.42693273886129535,0.41874540565982327
mlp,de,1,514,0.42693273886129535,0.4187613343236394
mlp,de,1,515,0.42693273886129535,0.41877720112856687
mlp,de,1,516,0.42693273886129535,0.41879300643425044
mlp,de,1,517,0.42693273886129535,0.41880875059755224
mlp,de,1,518,0.42693273886129535,0.4188244339725788
mlp,de,1,519,0.42693273886129535,0.41884005691070736
mlp,de,1,520,0.42693273886129535,0.4188556197606123
mlp,de,1,521,0.42693273886129535,0.41886219929365165
mlp,de,1,522,0.42693273886129535,0.41887766009742106
mlp,de,1,523,0.42693273886129535,0.41888417232758685
mlp,de,1,524,0.42693273886129535,0.418899532187384
mlp,de,1,525,0.42693273886129535,0.41891483353342956
mlp,de,1,526,0.42693273886129535,0.41893007669945215
mlp,de,1,527,0.42693273886129535,0.4189452620166473
mlp,de,1,528,0.42693273886129535,0.41896038981370154
mlp,de,1,529,0.42693273886129535,0.4189754604168161
mlp,de,1,530,0.42693273886129535,0.4189817021074902
mlp,de,1,531,0.42693273886129535,0.4189879202889716
mlp,de,1,532,0.42693273886129535,0.41900285415846844
mlp,de,1,533,0.42693273886129535,0.4190177319909315
mlp,de,1,534,0.42693273886129535,0.4190325541011756
mlp,de,1,535,0.42693273886129535,0.41904732080166185
mlp,de,1,536,0.42693273886129535,0.4190620324025194
mlp,de,1,537,0.42693273886129535,0.4190766892115674
mlp,de,1,538,0.42693273886129535,0.4190912915343364
mlp,de,1,539,0.42693273886129535,0.4190972141037979
mlp,de,1,540,0.42693273886129535,0.41911172433483035
mlp,de,1,541,0.42693273886129535,0.4191261809236038
mlp,de,1,542,0.42693273886129535,0.4191320063397487
mlp,de,1,543,0.42693273886129535,0.41913781029948044
mlp,de,1,544,0.42693273886129535,0.41914359292112496
mlp,de,1,545,0.42693273886129535,0.4191578849320243
mlp,de,1,546,0.42693273886129535,0.4191721245912355
mlp,de,1,547,0.42693273886129535,0.41917781276652405
mlp,de,1,548,0.42693273886129535,0.41919196409151455
mlp,de,1,549,0.42693273886129535,0.4192060638634085
mlp,de,1,550,0.42693273886129535,0.4192116593045188
mlp,de,1,551,0.42693273886129535,0.4192172344354981
mlp,de,1,552,0.42693273886129535,0.41922278936672747
mlp,de,1,553,0.42693273886129535,0.41923673140921314
mlp,de,1,554,0.42693273886129535,0.4192506231194154
mlp,de,1,555,0.42693273886129535,0.4192560878641987
mlp,de,1,556,0.42693273886129535,0.4192615329516266
mlp,de,1,557,0.42693273886129535,0.41927530531412155
mlp,de,1,558,0.42693273886129535,0.41928902831331
mlp,de,1,559,0.42693273886129535,0.41930270221411137
mlp,de,1,560,0.42693273886129535,0.4193163272795528
mlp,de,1,561,0.42693273886129535,0.4193299037707859
mlp,de,1,562,0.42693273886129535,0.4193434319471035
mlp,de,1,563,0.42693273886129535,0.41935691206595643
mlp,de,1,564,0.42693273886129535,0.41936210115178646
mlp,de,1,565,0.42693273886129535,0.4193672718691711
mlp,de,1,566,0.42693273886129535,0.41938063841862716
mlp,de,1,567,0.42693273886129535,0.41939395781976063
mlp,de,1,568,0.42693273886129535,0.4194072303215943
mlp,de,1,569,0.42693273886129535,0.41942045617140045
mlp,de,1,570,0.42693273886129535,0.4194336356147161
mlp,de,1,571,0.42693273886129535,0.41944676889535804
mlp,de,1,572,0.42693273886129535,0.41945985625543836
mlp,de,1,573,0.42693273886129535,0.41946478417903116
mlp,de,1,574,0.42693273886129535,0.41947779455304207
mlp,de,1,575,0.42693273886129535,0.4194907596735782
mlp,de,1,576,0.42693273886129535,0.41950367977633457
mlp,de,1,577,0.42693273886129535,0.4195165550953726
mlp,de,1,578,0.42693273886129535,0.4195213422949898
mlp,de,1,579,0.42693273886129535,0.4195341426344826
mlp,de,1,580,0.42693273886129535,0.4195388830031716
mlp,de,1,581,0.42693273886129535,0.4195516090889859
mlp,de,1,582,0.42693273886129535,0.4195642914425466
mlp,de,1,583,0.42693273886129535,0.4195769302888909
mlp,de,1,584,0.42693273886129535,0.41958952585151493
mlp,de,1,585,0.42693273886129535,0.41960207835238633
mlp,de,1,586,0.42693273886129535,0.41961458801195783
mlp,de,1,587,0.42693273886129535,0.4196270550491799
mlp,de,1,588,0.42693273886129535,0.41963947968151344
mlp,de,1,589,0.42693273886129535,0.41965186212494254
mlp,de,1,590,0.42693273886129535,0.41966420259398723
mlp,de,1,591,0.42693273886129535,0.41967650130171535
mlp,de,1,592,0.42693273886129535,0.4196887584597552
mlp,de,1,593,0.42693273886129535,0.4197009742783075
mlp,de,1,594,0.42693273886129535,0.41971314896615763
mlp,de,1,595,0.42693273886129535,0.4197252827306873
mlp,de,1,596,0.42693273886129535,0.41973737577788633
mlp,de,1,597,0.42693273886129535,0.41974942831236434
mlp,de,1,598,0.42693273886129535,0.41976144053736253
mlp,de,1,599,0.42693273886129535,0.41977341265476475
mlp,de,1,600,0.42693273886129535,0.419785344865109
mlp,de,1,601,0.42693273886129535,0.4197972373675985
mlp,de,1,602,0.42693273886129535,0.41980909036011294
mlp,de,1,603,0.42693273886129535,0.4198209040392194
mlp,de,1,604,0.42693273886129535,0.4198326786001831
mlp,de,1,605,0.42693273886129535,0.4198444142369783
mlp,de,1,606,0.42693273886129535,0.419856111142299
mlp,de,1,607,0.42693273886129535,0.41986776950756916
mlp,de,1,608,0.42693273886129535,0.4198793895229536
mlp,de,1,609,0.42693273886129535,0.41989097137736797
mlp,de,1,610,0.42693273886129535,0.4199025152584892
mlp,de,1,611,0.42693273886129535,0.4199140213527655
mlp,de,1,612,0.42693273886129535,0.4199254898454265
mlp,de,1,613,0.42693273886129535,0.4199369209204932
mlp,de,1,614,0.42693273886129535,0.41994831476078764
mlp,de,1,615,0.42693273886129535,0.41995967154794295
mlp,de,1,616,0.42693273886129535,0.4199709914624127
mlp,de,1,617,0.42693273886129535,0.41998227468348054
mlp,de,1,618,0.42693273886129535,0.4199935213892699
mlp,de,1,619,0.42693273886129535,0.42000473175675296
mlp,de,1,620,0.42693273886129535,0.4200159059617603
mlp,de,1,621,0.42693273886129535,0.42002704417898984
mlp,de,1,622,0.42693273886129535,0.42003814658201605
mlp,de,1,623,0.42693273886129535,0.420049213343299
mlp,de,1,624,0.42693273886129535,0.4200602446341932
mlp,de,1,625,0.42693273886129535,0.4200712406249566
mlp,de,1,626,0.42693273886129535,0.42008220148475905
mlp,de,1,627,0.42693273886129535,0.4200931273816913
mlp,de,1,628,0.42693273886129535,0.4201040184827735
mlp,de,1,629,0.42693273886129535,0.42011487495396355
mlp,de,1,630,0.42693273886129535,0.42012569696016566
mlp,de,1,631,0.42693273886129535,0.42013648466523873
mlp,de,1,632,0.42693273886129535,0.42014723823200467
mlp,de,1,633,0.42693273886129535,0.4201579578222563
mlp,de,1,634,0.42693273886129535,0.4201686435967658
mlp,de,1,635,0.42693273886129535,0.42017929571529267
mlp,de,1,636,0.42693273886129535,0.4201899143365914
mlp,de,1,637,0.42693273886129535,0.4202004996184198
mlp,de,1,638,0.42693273886129535,0.4202110517175466
mlp,de,1,639,0.42693273886129535,0.420221570789759
mlp,de,1,640,0.42693273886129535,0.4202320569898707
mlp,de,1,641,0.42693273886129535,0.4202425104717294
mlp,de,1,642,0.42693273886129535,0.42025293138822406
mlp,de,1,643,0.42693273886129535,0.4202560894365691
mlp,de,1,644,0.42693273886129535,0.42026645690461994
mlp,de,1,645,0.42693273886129535,0.42027679222548303
mlp,de,1,646,0.42693273886129535,0.4202798986716884
mlp,de,1,647,0.42693273886129535,0.42029018126858114
mlp,de,1,648,0.42693273886129535,0.42030043212906365
mlp,de,1,649,0.42693273886129535,0.4203106513998375
mlp,de,1,650,0.42693273886129535,0.42032083922670127
mlp,de,1,651,0.42693273886129535,0.4203309957545578
mlp,de,1,652,0.42693273886129535,0.4203411211274209
mlp,de,1,653,0.42693273886129535,0.42035121548842225
mlp,de,1,654,0.42693273886129535,0.42036127897981806
mlp,de,1,655,0.42693273886129535,0.4203642137546185
mlp,de,1,656,0.42693273886129535,0.42037422675020786
mlp,de,1,657,0.42693273886129535,0.4203842092648366
mlp,de,1,658,0.42693273886129535,0.4203941614374756
mlp,de,1,659,0.42693273886129535,0.42040408340625224
mlp,de,1,660,0.42693273886129535,0.42040693109271876
mlp,de,1,661,0.42693273886129535,0.4204097701628873
mlp,de,1,662,0.42693273886129535,0.4204196235899242
mlp,de,1,663,0.42693273886129535,0.42042944729319925
mlp,de,1,664,0.42693273886129535,0.4204392414070066
mlp,de,1,665,0.42693273886129535,0.4204490060648326
mlp,de,1,666,0.42693273886129535,0.42045874139936185
mlp,de,1,667,0.42693273886129535,0.4204684475424832
mlp,de,1,668,0.42693273886129535,0.42047812462529577
mlp,de,1,669,0.42693273886129535,0.4204808233276109
mlp,de,1,670,0.42693273886129535,0.420490453052288
mlp,de,1,671,0.42693273886129535,0.4205000540743581
mlp,de,1,672,0.42693273886129535,0.4205096265219576
mlp,de,1,673,0.42693273886129535,0.4205191705224618
mlp,de,1,674,0.42693273886129535,0.42052868620248973
mlp,de,1,675,0.42693273886129535,0.4205381736879102
mlp,de,1,676,0.42693273886129535,0.4205407556151088
mlp,de,1,677,0.42693273886129535,0.42055019724471915
mlp,de,1,678,0.42693273886129535,0.42055961102291467
mlp,de,1,679,0.42693273886129535,0.42056214997056
mlp,de,1,680,0.42693273886129535,0.42056468145071224
mlp,de,1,681,0.42693273886129535,0.4205740324894943
mlp,de,1,682,0.42693273886129535,0.4205833561058753
mlp,de,1,683,0.42693273886129535,0.4205858454182738
mlp,de,1,684,0.42693273886129535,0.4205951245022549
mlp,de,1,685,0.42693273886129535,0.4206043764940199
mlp,de,1,686,0.42693273886129535,0.42061360151204796
mlp,de,1,687,0.42693273886129535,0.42061603230529704
mlp,de,1,688,0.42693273886129535,0.420625213564826
mlp,de,1,689,0.42693273886129535,0.42063436817338407
mlp,de,1,690,0.42693273886129535,0.4206434962468448
mlp,de,1,691,0.42693273886129535,0.4206525979004113
mlp,de,1,692,0.42693273886129535,0.4206616732486207
mlp,de,1,693,0.42693273886129535,0.4206707224053489
mlp,de,1,694,0.42693273886129535,0.4206797454838157
mlp,de,1,695,0.42693273886129535,0.42068874259658906
mlp,de,1,696,0.42693273886129535,0.42069771385559007
mlp,de,1,697,0.42693273886129535,0.42070665937209756
mlp,de,1,698,0.42693273886129535,0.42071557925675257
mlp,de,1,699,0.42693273886129535,0.42072447361956306
mlp,de,1,700,0.42693273886129535,0.4207333425699084
mlp,de,1,701,0.42693273886129535,0.42074218621654375
mlp,de,1,702,0.42693273886129535,0.4207510046676047
mlp,de,1,703,0.42693273886129535,0.4207597980306113
mlp,de,1,704,0.42693273886129535,0.4207685664124731
mlp,de,1,705,0.42693273886129535,0.4207773099194927
mlp,de,1,706,0.42693273886129535,0.42078602865737064
mlp,de,1,707,0.42693273886129535,0.42079472273120927
mlp,de,1,708,0.42693273886129535,0.42080339224551727
mlp,de,1,709,0.42693273886129535,0.42081203730421374
mlp,de,1,710,0.42693273886129535,0.4208206580106322
mlp,de,1,711,0.42693273886129535,0.4208292544675248
mlp,de,1,712,0.42693273886129535,0.4208378267770666
mlp,de,1,713,0.42693273886129535,0.42084637504085937
mlp,de,1,714,0.42693273886129535,0.4208548993599356
mlp,de,1,715,0.42693273886129535,0.4208633998347627
mlp,de,1,716,0.42693273886129535,0.42087187656524666
mlp,de,1,717,0.42693273886129535,0.4208803296507363
mlp,de,1,718,0.42693273886129535,0.4208887591900268
mlp,de,1,719,0.42693273886129535,0.4208971652813637
mlp,de,1,720,0.42693273886129535,0.4209055480224469
mlp,de,1,721,0.42693273886129535,0.42091390751043417
mlp,de,1,722,0.42693273886129535,0.42092224384194504
mlp,de,1,723,0.42693273886129535,0.4209305571130645
mlp,de,1,724,0.42693273886129535,0.4209388474193466
mlp,de,1,725,0.42693273886129535,0.42094711485581826
mlp,de,1,726,0.42693273886129535,0.4209553595169828
mlp,de,1,727,0.42693273886129535,0.42096358149682367
mlp,de,1,728,0.42693273886129535,0.4209717808888079
mlp,de,1,729,0.42693273886129535,0.4209799577858895
mlp,de,1,730,0.42693273886129535,0.4209881122805133
mlp,de,1,731,0.42693273886129535,0.42099624446461836
mlp,de,1,732,0.42693273886129535,0.4210043544296411
mlp,de,1,733,0.42693273886129535,0.42101244226651924
mlp,de,1,734,0.42693273886129535,0.4210205080656947
mlp,de,1,735,0.42693273886129535,0.42102855191711724
mlp,de,1,736,0.42693273886129535,0.42103657391024796
mlp,de,1,737,0.42693273886129535,0.4210445741340621
mlp,de,1,738,0.42693273886129535,0.42105255267705294
mlp,de,1,739,0.42693273886129535,0.4210605096272346
mlp,de,1,740,0.42693273886129535,0.4210684450721455
mlp,de,1,741,0.42693273886129535,0.4210763590988515
mlp,de,1,742,0.42693273886129535,0.42108425179394915
mlp,de,1,743,0.42693273886129535,0.4210921232435687
mlp,de,1,744,0.42693273886129535,0.4210999735333775
mlp,de,1,745,0.42693273886129535,0.4211015622353114
mlp,de,1,746,0.42693273886129535,0.4211093788259629
mlp,de,1,747,0.42693273886129535,0.4211171744886608
mlp,de,1,748,0.42693273886129535,0.4211249493073408
mlp,de,1,749,0.42693273886129535,0.4211264961793925
mlp,de,1,750,0.42693273886129535,0.4211342378363017
mlp,de,1,751,0.42693273886129535,0.42114195887628175
mlp,de,1,752,0.42693273886129535,0.421149659381581
mlp,de,1,753,0.42693273886129535,0.4211573394340109
mlp,de,1,754,0.42693273886129535,0.4211649991149489
mlp,de,1,755,0.42693273886129535,0.4211726385053414
mlp,de,1,756,0.42693273886129535,0.42118025768570644
mlp,de,1,757,0.42693273886129535,0.42118785673613657
mlp,de,1,758,0.42693273886129535,0.4211954357363017
mlp,de,1,759,0.42693273886129535,0.42120299476545187
mlp,de,1,760,0.42693273886129535,0.4212105339024201
mlp,de,1,761,0.42693273886129535,0.42121805322562494
mlp,de,1,762,0.42693273886129535,0.42122555281307333
mlp,de,1,763,0.42693273886129535,0.42123303274236323
mlp,de,1,764,0.42693273886129535,0.42124049309068645
mlp,de,1,765,0.42693273886129535,0.42124793393483106
mlp,de,1,766,0.42693273886129535,0.42125535535118414
mlp,de,1,767,0.42693273886129535,0.4212627574157345
mlp,de,1,768,0.42693273886129535,0.42127014020407505
mlp,de,1,769,0.42693273886129535,0.42127750379140566
mlp,de,1,770,0.42693273886129535,0.42128484825253537
mlp,de,1,771,0.42693273886129535,0.42129217366188526
mlp,de,1,772,0.42693273886129535,0.4212994800934907
mlp,de,1,773,0.42693273886129535,0.42130676762100405
mlp,de,1,774,0.42693273886129535,0.4213140363176969
mlp,de,1,775,0.42693273886129535,0.42132128625646287
mlp,de,1,776,0.42693273886129535,0.42132851750981953
mlp,de,1,777,0.42693273886129535,0.4213357301499115
mlp,de,1,778,0.42693273886129535,0.4213429242485123
mlp,de,1,779,0.42693273886129535,0.42135009987702676
mlp,de,1,780,0.42693273886129535,0.42135725710649374
mlp,de,1,781,0.42693273886129535,0.42136439600758824
mlp,de,1,782,0.42693273886129535,0.4213715166506237
mlp,de,1,783,0.42693273886129535,0.4213786191055543
mlp,de,1,784,0.42693273886129535,0.42138570344197745
mlp,de,1,785,0.42693273886129535,0.4213927697291358
mlp,de,1,786,0.42693273886129535,0.42139981803591975
mlp,de,1,787,0.42693273886129535,0.4214068484308694
mlp,de,1,788,0.42693273886129535,0.42141386098217704
mlp,de,1,789,0.42693273886129535,0.42142085575768923
mlp,de,1,790,0.42693273886129535,0.421427832824909
mlp,de,1,791,0.42693273886129535,0.421434792250998
mlp,de,1,792,0.42693273886129535,0.42144173410277863
mlp,de,1,793,0.42693273886129535,0.42144865844673646
mlp,de,1,794,0.42693273886129535,0.4214555653490218
mlp,de,1,795,0.42693273886129535,0.4214624548754523
mlp,de,1,796,0.42693273886129535,0.4214693270915149
mlp,de,1,797,0.42693273886129535,0.42147618206236787
mlp,de,1,798,0.42693273886129535,0.4214830198528427
mlp,de,1,799,0.42693273886129535,0.42148984052744654
mlp,de,1,800,0.42693273886129535,0.4214966441503638
mlp,de,1,801,0.42693273886129535,0.42150343078545865
mlp,de,1,802,0.42693273886129535,0.4215102004962764
mlp,de,1,803,0.42693273886129535,0.421516953346046
mlp,de,1,804,0.42693273886129535,0.4215236893976819
mlp,de,1,805,0.42693273886129535,0.4215304087137858
mlp,de,1,806,0.42693273886129535,0.4215371113566487
mlp,de,1,807,0.42693273886129535,0.421543797388253
mlp,de,1,808,0.42693273886129535,0.42155046687027403
mlp,de,1,809,0.42693273886129535,0.4215571198640825
mlp,de,1,810,0.42693273886129535,0.42156375643074573
mlp,de,1,811,0.42693273886129535,0.42157037663103
mlp,de,1,812,0.42693273886129535,0.42157698052540227
mlp,de,1,813,0.42693273886129535,0.42158356817403186
mlp,de,1,814,0.42693273886129535,0.42159013963679265
mlp,de,1,815,0.42693273886129535,0.42159669497326446
mlp,de,1,816,0.42693273886129535,0.42160323424273505
mlp,de,1,817,0.42693273886129535,0.4216097575042021
mlp,de,1,818,0.42693273886129535,0.4216162648163746
mlp,de,1,819,0.42693273886129535,0.42162275623767487
mlp,de,1,820,0.42693273886129535,0.42162923182624024
mlp,de,1,821,0.42693273886129535,0.4216356916399248
mlp,de,1,822,0.42693273886129535,0.4216421357363012
mlp,de,1,823,0.42693273886129535,0.42164856417266205
mlp,de,1,824,0.42693273886129535,0.42165497700602206
mlp,de,1,825,0.42693273886129535,0.4216613742931194
mlp,de,1,826,0.42693273886129535,0.4216677560904174
mlp,de,1,827,0.42693273886129535,0.4216741224541065
mlp,de,1,828,0.42693273886129535,0.4216804734401055
mlp,de,1,829,0.42693273886129535,0.42168680910406353
mlp,de,1,830,0.42693273886129535,0.4216931295013614
mlp,de,1,831,0.42693273886129535,0.4216994346871134
mlp,de,1,832,0.42693273886129535,0.42170572471616896
mlp,de,1,833,0.42693273886129535,0.42171199964311384
mlp,de,1,834,0.42693273886129535,0.4217182595222724
mlp,de,1,835,0.42693273886129535,0.4217245044077083
mlp,de,1,836,0.42693273886129535,0.42173073435322694
mlp,de,1,837,0.42693273886129535,0.4217369494123764
mlp,de,1,838,0.42693273886129535,0.4217431496384491
mlp,de,1,839,0.42693273886129535,0.4217493350844835
mlp,de,1,840,0.42693273886129535,0.4217555058032654
mlp,de,1,841,0.42693273886129535,0.42176166184732966
mlp,de,1,842,0.42693273886129535,0.4217678032689614
mlp,de,1,843,0.42693273886129535,0.42177393012019787
mlp,de,1,844,0.42693273886129535,0.4217800424528295
mlp,de,1,845,0.42693273886129535,0.42178614031840167
mlp,de,1,846,0.42693273886129535,0.42179222376821596
mlp,de,1,847,0.42693273886129535,0.42179829285333176
mlp,de,1,848,0.42693273886129535,0.4218043476245675
mlp,de,1,849,0.42693273886129535,0.4218103881325024
mlp,de,1,850,0.42693273886129535,0.42181641442747747
mlp,de,1,851,0.42693273886129535,0.4218224265595971
mlp,de,1,852,0.42693273886129535,0.42182842457873054
mlp,de,1,853,0.42693273886129535,0.42183440853451315
mlp,de,1,854,0.42693273886129535,0.4218403784763478
mlp,de,1,855,0.42693273886129535,0.4218463344534062
mlp,de,1,856,0.42693273886129535,0.42185227651463036
mlp,de,1,857,0.42693273886129535,0.42185820470873386
mlp,de,1,858,0.42693273886129535,0.421864119084203
mlp,de,1,859,0.42693273886129535,0.4218700196892986
mlp,de,1,860,0.42693273886129535,0.42187590657205676
mlp,de,1,861,0.42693273886129535,0.42188177978029046
mlp,de,1,862,0.42693273886129535,0.42188763936159096
mlp,de,1,863,0.42693273886129535,0.4218934853633287
mlp,de,1,864,0.42693273886129535,0.42189931783265516
mlp,de,1,865,0.42693273886129535,0.42190513681650327
mlp,de,1,866,0.42693273886129535,0.42191094236158966
mlp,de,1,867,0.42693273886129535,0.42191673451441514
mlp,de,1,868,0.42693273886129535,0.4219225133212664
mlp,de,1,869,0.42693273886129535,0.42192827882821693
mlp,de,1,870,0.42693273886129535,0.42193403108112854
mlp,de,1,871,0.42693273886129535,0.42193977012565226
mlp,de,1,872,0.42693273886129535,0.42194549600722975
mlp,de,1,873,0.42693273886129535,0.42195120877109465
mlp,de,1,874,0.42693273886129535,0.4219515890316245
mlp,de,1,875,0.42693273886129535,0.4219519684229873
mlp,de,1,876,0.42693273886129535,0.42195765423398995
mlp,de,1,877,0.42693273886129535,0.4219633270784909
mlp,de,1,878,0.42693273886129535,0.42196898700079477
mlp,de,1,879,0.42693273886129535,0.4219746340450047
mlp,de,1,880,0.42693273886129535,0.42198026825502316
mlp,de,1,881,0.42693273886129535,0.4219858896745536
mlp,de,1,882,0.42693273886129535,0.42198622716525597
mlp,de,1,883,0.42693273886129535,0.4219918291037566
mlp,de,1,884,0.42693273886129535,0.4219974183681882
mlp,de,1,885,0.42693273886129535,0.4219977416880819
mlp,de,1,886,0.42693273886129535,0.422003311662318
mlp,de,1,887,0.42693273886129535,0.42200362760911825
mlp,de,1,888,0.42693273886129535,0.4220091784100779
mlp,de,1,889,0.42693273886129535,0.4220147167232964
mlp,de,1,890,0.42693273886129535,0.4220150187904321
mlp,de,1,891,0.42693273886129535,0.42202053811711093
mlp,de,1,892,0.42693273886129535,0.4220260450686179
mlp,de,1,893,0.42693273886129535,0.42203153968652685
mlp,de,1,894,0.42693273886129535,0.42203702201222565
mlp,de,1,895,0.42693273886129535,0.42204249208691735
mlp,de,1,896,0.42693273886129535,0.42204794995162087
mlp,de,1,897,0.42693273886129535,0.4220533956471723
mlp,de,1,898,0.42693273886129535,0.42205882921422594
mlp,de,1,899,0.42693273886129535,0.4220642506932549
mlp,de,1,900,0.42693273886129535,0.42206966012455277
mlp,de,1,901,0.42693273886129535,0.42207505754823393
mlp,de,1,902,0.42693273886129535,0.4220804430042351
mlp,de,1,903,0.42693273886129535,0.422085816532316
mlp,de,1,904,0.42693273886129535,0.4220911781720605
mlp,de,1,905,0.42693273886129535,0.4220965279628773
mlp,de,1,906,0.42693273886129535,0.4221018659440014
mlp,de,1,907,0.42693273886129535,0.42210719215449455
mlp,de,1,908,0.42693273886129535,0.4221125066332465
mlp,de,1,909,0.42693273886129535,0.422117809418976
mlp,de,1,910,0.42693273886129535,0.4221231005502312
mlp,de,1,911,0.42693273886129535,0.4221283800653916
mlp,de,1,912,0.42693273886129535,0.4221336480026678
mlp,de,1,913,0.42693273886129535,0.4221389044001033
mlp,de,1,914,0.42693273886129535,0.4221441492955751
mlp,de,1,915,0.42693273886129535,0.4221493827267944
mlp,de,1,916,0.42693273886129535,0.4221546047313081
mlp,de,1,917,0.42693273886129535,0.42215981534649893
mlp,de,1,918,0.42693273886129535,0.42216501460958694
mlp,de,1,919,0.42693273886129535,0.42217020255763016
mlp,de,1,920,0.42693273886129535,0.42217537922752535
mlp,de,1,921,0.42693273886129535,0.4221805446560094
mlp,de,1,922,0.42693273886129535,0.42218569887965934
mlp,de,1,923,0.42693273886129535,0.4221908419348941
mlp,de,1,924,0.42693273886129535,0.4221959738579746
mlp,de,1,925,0.42693273886129535,0.4222010946850052
mlp,de,1,926,0.42693273886129535,0.42220620445193424
mlp,de,1,927,0.42693273886129535,0.4222113031945549
mlp,de,1,928,0.42693273886129535,0.42221639094850616
mlp,de,1,929,0.42693273886129535,0.42222146774927344
mlp,de,1,930,0.42693273886129535,0.4222265336321896
mlp,de,1,931,0.42693273886129535,0.42223158863243565
mlp,de,1,932,0.42693273886129535,0.42223663278504175
mlp,de,1,933,0.42693273886129535,0.42224166612488767
mlp,de,1,934,0.42693273886129535,0.42224668868670395
mlp,de,1,935,0.42693273886129535,0.4222517005050725
mlp,de,1,936,0.42693273886129535,0.42225670161442747
mlp,de,1,937,0.42693273886129535,0.4222616920490559
mlp,de,1,938,0.42693273886129535,0.4222666718430988
mlp,de,1,939,0.42693273886129535,0.42227164103055165
mlp,de,1,940,0.42693273886129535,0.4222765996452652
mlp,de,1,941,0.42693273886129535,0.4222815477209464
mlp,de,1,942,0.42693273886129535,0.4222864852911591
mlp,de,1,943,0.42693273886129535,0.42229141238932466
mlp,de,1,944,0.42693273886129535,0.42229632904872294
mlp,de,1,945,0.42693273886129535,0.42230123530249286
mlp,de,1,946,0.42693273886129535,0.42230613118363325
mlp,de,1,947,0.42693273886129535,0.42231101672500354
mlp,de,1,948,0.42693273886129535,0.4223158919593245
mlp,de,1,949,0.42693273886129535,0.4223207569191791
mlp,de,1,950,0.42693273886129535,0.4223256116370129
mlp,de,1,951,0.42693273886129535,0.42232556741496985
mlp,de,1,952,0.42693273886129535,0.42233040688077483
mlp,de,1,953,0.42693273886129535,0.42233523619030316
mlp,de,1,954,0.42693273886129535,0.4223400553754929
mlp,de,1,955,0.42693273886129535,0.4223448644681482
mlp,de,1,956,0.42693273886129535,0.4223448003384473
mlp,de,1,957,0.42693273886129535,0.4223447363427688
mlp,de,1,958,0.42693273886129535,0.4223495254894479
mlp,de,1,959,0.42693273886129535,0.42235430464833407
mlp,de,1,960,0.42693273886129535,0.4223590738506392
mlp,de,1,961,0.42693273886129535,0.4223638331274453
mlp,de,1,962,0.42693273886129535,0.422368582509705
mlp,de,1,963,0.42693273886129535,0.42236849421683315
mlp,de,1,964,0.42693273886129535,0.4223732289104477
mlp,de,1,965,0.42693273886129535,0.4223779537912258
mlp,de,1,966,0.42693273886129535,0.42238266888964204
mlp,de,1,967,0.42693273886129535,0.422387374236045
mlp,de,1,968,0.42693273886129535,0.42239206986065786
mlp,de,1,969,0.42693273886129535,0.42239675579357905
mlp,de,1,970,0.42693273886129535,0.42239663909324965
mlp,de,1,971,0.42693273886129535,0.42240131066870595
mlp,de,1,972,0.42693273886129535,0.4224011895224152
mlp,de,1,973,0.42693273886129535,0.42240584681875526
mlp,de,1,974,0.42693273886129535,0.4224104945518585
mlp,de,1,975,0.42693273886129535,0.4224151327511502
mlp,de,1,976,0.42693273886129535,0.4224197614459352
mlp,de,1,977,0.42693273886129535,0.4224243806653982
mlp,de,1,978,0.42693273886129535,0.42242899043860466
mlp,de,1,979,0.42693273886129535,0.42243359079450116
mlp,de,1,980,0.42693273886129535,0.4224381817619163
mlp,de,1,981,0.42693273886129535,0.4224427633695609
mlp,de,1,982,0.42693273886129535,0.42244733564602904
mlp,de,1,983,0.42693273886129535,0.4224518986197984
mlp,de,1,984,0.42693273886129535,0.42245645231923085
mlp,de,1,985,0.42693273886129535,0.42246099677257304
mlp,de,1,986,0.42693273886129535,0.4224655320079571
mlp,de,1,987,0.42693273886129535,0.4224653476355824
mlp,de,1,988,0.42693273886129535,0.42246986928662056
mlp,de,1,989,0.42693273886129535,0.42247438179377395
mlp,de,1,990,0.42693273886129535,0.42247888518475124
mlp,de,1,991,0.42693273886129535,0.42248337948714937
mlp,de,1,992,0.42693273886129535,0.422487864728454
mlp,de,1,993,0.42693273886129535,0.4224923409360399
mlp,de,1,994,0.42693273886129535,0.42249680813717194
mlp,de,1,995,0.42693273886129535,0.4225012663590052
mlp,de,1,996,0.42693273886129535,0.42250571562858585
mlp,de,1,997,0.42693273886129535,0.42251015597285135
mlp,de,1,998,0.42693273886129535,0.42251458741863135
mlp,de,1,999,0.42693273886129535,0.422519009992648
mlp,de,1,1000,0.42693273886129535,0.4225234237215167
mlp,de,2,1,0.388235594184995,0.388235594184995
mlp,de,2,2,0.388235594184995,0.26840465116564804
mlp,de,2,3,0.388235594184995,0.30187761647703076
mlp,de,2,4,0.40744782054445516,0.3282701674938869
mlp,de,2,5,0.40744782054445516,0.3422796905768536
mlp,de,2,6,0.40744782054445516,0.3523301728876766
mlp,de,2,7,0.41494600582788077,0.3612752918791343
mlp,de,2,8,0.41494600582788077,0.3662119588587862
mlp,de,2,9,0.41494600582788077,0.37058158783463546
mlp,de,2,10,0.41494600582788077,0.37374511993837983
mlp,de,2,11,0.4217010009989088,0.37810474548933704
mlp,de,2,12,0.4217010009989088,0.3806364513544888
mlp,de,2,13,0.4217010009989088,0.38216337619505986
mlp,de,2,14,0.4217010009989088,0.3842890491542294
mlp,de,2,15,0.4217010009989088,0.3857923049861186
mlp,de,2,16,0.4234940730805079,0.3881486654920179
mlp,de,2,17,0.4234940730805079,0.38921030362625914
mlp,de,2,18,0.4234940730805079,0.39021558606493945
mlp,de,2,19,0.4234940730805079,0.3917818060913641
mlp,de,2,20,0.4234940730805079,0.39050136734815616
mlp,de,2,21,0.4234940730805079,0.39112928970768607
mlp,de,2,22,0.4234940730805079,0.39193836649872593
mlp,de,2,23,0.4234940730805079,0.39185941842535793
mlp,de,2,24,0.4246183686444963,0.39322437468448873
mlp,de,2,25,0.4246183686444963,0.3941005185561176
mlp,de,2,26,0.4246183686444963,0.3947183769807027
mlp,de,2,27,0.4246183686444963,0.39571471953745463
mlp,de,2,28,0.4246183686444963,0.3959670177394945
mlp,de,2,29,0.4246183686444963,0.39691622654435704
mlp,de,2,30,0.4246183686444963,0.396903379508629
mlp,de,2,31,0.4246183686444963,0.39736239924020644
mlp,de,2,32,0.4246183686444963,0.3978168207285585
mlp,de,2,33,0.4246183686444963,0.3981652646974151
mlp,de,2,34,0.4246183686444963,0.3983023286479653
mlp,de,2,35,0.4246183686444963,0.3984051755117629
mlp,de,2,36,0.4246183686444963,0.398568050828236
mlp,de,2,37,0.4246183686444963,0.3988392126326863
mlp,de,2,38,0.4246183686444963,0.39947564959894205
mlp,de,2,39,0.4246183686444963,0.39977729000605633
mlp,de,2,40,0.4246183686444963,0.400319327804265
mlp,de,2,41,0.4246183686444963,0.40059722985151774
mlp,de,2,42,0.4246183686444963,0.40092186386928674
mlp,de,2,43,0.4246183686444963,0.40127729228457604
mlp,de,2,44,0.4246183686444963,0.40149593547578616
mlp,de,2,45,0.4246183686444963,0.4014212984692103
mlp,de,2,46,0.4246183686444963,0.40166860814095623
mlp,de,2,47,0.4254375334747813,0.4021743299565695
mlp,de,2,48,0.4254375334747813,0.40252801667790744
mlp,de,2,49,0.4254375334747813,0.40291783862139835
mlp,de,2,50,0.4254375334747813,0.4030758170725281
mlp,de,2,51,0.4254375334747813,0.40349409322839863
mlp,de,2,52,0.4254375334747813,0.4036937931348119
mlp,de,2,53,0.4254375334747813,0.40386014332989933
mlp,de,2,54,0.4254375334747813,0.4040046344064376
mlp,de,2,55,0.4254375334747813,0.4043943234804075
mlp,de,2,56,0.4254375334747813,0.4047358401349341
mlp,de,2,57,0.4254375334747813,0.4048854799940689
mlp,de,2,58,0.4254592227101547,0.4052401996960704
mlp,de,2,59,0.4254592227101547,0.40557134971294057
mlp,de,2,60,0.42554565427800917,0.40590425478902503
mlp,de,2,61,0.42554565427800917,0.4062099344573341
mlp,de,2,62,0.42554565427800917,0.4064172376833621
mlp,de,2,63,0.42554565427800917,0.40670247375098567
mlp,de,2,64,0.42554565427800917,0.40699352890191437
mlp,de,2,65,0.42554565427800917,0.40726191558815567
mlp,de,2,66,0.42554565427800917,0.40753054405027733
mlp,de,2,67,0.42554565427800917,0.4077804151164026
mlp,de,2,68,0.42572225196098257,0.4080442656582347
mlp,de,2,69,0.42572225196098257,0.40814401753842483
mlp,de,2,70,0.42572225196098257,0.4082829304101211
mlp,de,2,71,0.42572225196098257,0.4084949064493245
mlp,de,2,72,0.42572225196098257,0.4086181645174944
mlp,de,2,73,0.42572225196098257,0.4087214405241782
mlp,de,2,74,0.42572225196098257,0.4088488931579957
mlp,de,2,75,0.42572225196098257,0.40896250108065646
mlp,de,2,76,0.42572225196098257,0.4090761628725157
mlp,de,2,77,0.42572225196098257,0.40918457025458066
mlp,de,2,78,0.42572225196098257,0.40929089292782256
mlp,de,2,79,0.42572225196098257,0.4094028960912692
mlp,de,2,80,0.42572225196098257,0.40959998879164594
mlp,de,2,81,0.42572225196098257,0.40978737227189
mlp,de,2,82,0.42572225196098257,0.40995607005724577
mlp,de,2,83,0.42572225196098257,0.4101152351933714
mlp,de,2,84,0.42572225196098257,0.41028322027626113
mlp,de,2,85,0.42572225196098257,0.4104109031362676
mlp,de,2,86,0.42572225196098257,0.41047897142719875
mlp,de,2,87,0.42572225196098257,0.4105778415326981
mlp,de,2,88,0.42572225196098257,0.41064307912932385
mlp,de,2,89,0.42572225196098257,0.4107983283163444
mlp,de,2,90,0.42572225196098257,0.4109308459644354
mlp,de,2,91,0.42572225196098257,0.4110757755055276
mlp,de,2,92,0.42572225196098257,0.41114669965505396
mlp,de,2,93,0.42572225196098257,0.4112082528120583
mlp,de,2,94,0.42572225196098257,0.4112821324143415
mlp,de,2,95,0.42572225196098257,0.4114281812732796
mlp,de,2,96,0.42572225196098257,0.4115628431259209
mlp,de,2,97,0.42572225196098257,0.4117014951034196
mlp,de,2,98,0.42572225196098257,0.4118231185275792
mlp,de,2,99,0.42572225196098257,0.4119401480025488
mlp,de,2,100,0.42572225196098257,0.41201101167418747
mlp,de,2,101,0.4263273646988645,0.4121527577437387
mlp,de,2,102,0.4263273646988645,0.41221262636745354
mlp,de,2,103,0.4263273646988645,0.4122921546008604
mlp,de,2,104,0.4263273646988645,0.41234525087102836
mlp,de,2,105,0.4263273646988645,0.4124431358528894
mlp,de,2,106,0.4263273646988645,0.412561216576291
mlp,de,2,107,0.4263273646988645,0.4125963337114264
mlp,de,2,108,0.4263273646988645,0.4127076488496955
mlp,de,2,109,0.4263273646988645,0.4127559815645884
mlp,de,2,110,0.4263273646988645,0.41286980603606926
mlp,de,2,111,0.4263273646988645,0.4129552836062398
mlp,de,2,112,0.4263273646988645,0.4130390708859544
mlp,de,2,113,0.4263273646988645,0.4131438573495886
mlp,de,2,114,0.4263273646988645,0.41323565807840834
mlp,de,2,115,0.4263273646988645,0.4133302996099337
mlp,de,2,116,0.4263273646988645,0.41339795290292736
mlp,de,2,117,0.4263273646988645,0.4134938538921715
mlp,de,2,118,0.4263273646988645,0.41358379347391727
mlp,de,2,119,0.4263273646988645,0.41368383105644113
mlp,de,2,120,0.4263273646988645,0.41375179822045166
mlp,de,2,121,0.4263273646988645,0.41385244162216545
mlp,de,2,122,0.4263273646988645,0.41393486768903615
mlp,de,2,123,0.4263273646988645,0.41401441622789026
mlp,de,2,124,0.4263273646988645,0.4141069472727803
mlp,de,2,125,0.4263273646988645,0.41417507708632956
mlp,de,2,126,0.4263273646988645,0.41420610479800046
mlp,de,2,127,0.4263273646988645,0.41428850886507146
mlp,de,2,128,0.4263273646988645,0.4143436455184194
mlp,de,2,129,0.4263273646988645,0.41442247606888605
mlp,de,2,130,0.4263273646988645,0.41446466107325614
mlp,de,2,131,0.4263273646988645,0.41453024896630675
mlp,de,2,132,0.4263273646988645,0.4145839563681757
mlp,de,2,133,0.4263273646988645,0.41464775035252205
mlp,de,2,134,0.4263273646988645,0.41472165307045755
mlp,de,2,135,0.4263273646988645,0.41480353257313385
mlp,de,2,136,0.4263273646988645,0.41486748636457116
mlp,de,2,137,0.4263273646988645,0.4149365362157509
mlp,de,2,138,0.4263273646988645,0.41499419044602603
mlp,de,2,139,0.4263273646988645,0.41507406594868135
mlp,de,2,140,0.4263273646988645,0.4151228015780248
mlp,de,2,141,0.4263273646988645,0.41518736314240834
mlp,de,2,142,0.4263273646988645,0.41523733633488513
mlp,de,2,143,0.4263273646988645,0.41529201702529067
mlp,de,2,144,0.4263273646988645,0.4153528104565834
mlp,de,2,145,0.4263273646988645,0.4154194261426986
mlp,de,2,146,0.4263273646988645,0.41545938853868875
mlp,de,2,147,0.4263273646988645,0.4155181506078695
mlp,de,2,148,0.4263273646988645,0.4155702503790325
mlp,de,2,149,0.4263273646988645,0.41560714123983705
mlp,de,2,150,0.4263273646988645,0.41566971636712036
mlp,de,2,151,0.4263273646988645,0.4157120471744328
mlp,de,2,152,0.4263273646988645,0.4157746218970668
mlp,de,2,153,0.4263273646988645,0.41582329813940216
mlp,de,2,154,0.4263273646988645,0.41588928462347274
mlp,de,2,155,0.4263273646988645,0.4159533476254063
mlp,de,2,156,0.4263273646988645,0.416008892631939
mlp,de,2,157,0.4263273646988645,0.41606508839689044
mlp,de,2,158,0.4263273646988645,0.4161227163951469
mlp,de,2,159,0.4263273646988645,0.4161621680781284
mlp,de,2,160,0.4263273646988645,0.4162183843652243
mlp,de,2,161,0.4268793419485267,0.41628460149307084
mlp,de,2,162,0.4268793419485267,0.416346923199411
mlp,de,2,163,0.4268793419485267,0.41639766826349134
mlp,de,2,164,0.4268793419485267,0.4164460558127242
mlp,de,2,165,0.4268793419485267,0.4164901852021189
mlp,de,2,166,0.4268793419485267,0.4165230862204653
mlp,de,2,167,0.4268793419485267,0.41655993456306306
mlp,de,2,168,0.4268793419485267,0.41658513211533554
mlp,de,2,169,0.4268793419485267,0.41663951231543267
mlp,de,2,170,0.4268793419485267,0.41667662333808936
mlp,de,2,171,0.4268793419485267,0.41670715217270143
mlp,de,2,172,0.4268793419485267,0.41675987446199836
mlp,de,2,173,0.4268793419485267,0.41680777915065215
mlp,de,2,174,0.4268793419485267,0.41685493033336846
mlp,de,2,175,0.42703485398417884,0.4169131013256588
mlp,de,2,176,0.42703485398417884,0.41694615482152064
mlp,de,2,177,0.42703485398417884,0.4169853626591983
mlp,de,2,178,0.42703485398417884,0.4170291418054466
mlp,de,2,179,0.42703485398417884,0.4170749198122029
mlp,de,2,180,0.42703485398417884,0.4171133807348189
mlp,de,2,181,0.42703485398417884,0.41712515285830476
mlp,de,2,182,0.42703485398417884,0.41716387521202364
mlp,de,2,183,0.42703485398417884,0.41718581076604105
mlp,de,2,184,0.42703485398417884,0.4172255324519885
mlp,de,2,185,0.42703485398417884,0.41726397786714114
mlp,de,2,186,0.42703485398417884,0.4172838305458786
mlp,de,2,187,0.42703485398417884,0.41732800329416775
mlp,de,2,188,0.42703485398417884,0.417368469124456
mlp,de,2,189,0.42703485398417884,0.41739741133384783
mlp,de,2,190,0.42703485398417884,0.41742200945143726
mlp,de,2,191,0.42703485398417884,0.4174468799174929
mlp,de,2,192,0.42703485398417884,0.4174812926302076
mlp,de,2,193,0.42703485398417884,0.41751454716465164
mlp,de,2,194,0.42703485398417884,0.4175414336050265
mlp,de,2,195,0.42703485398417884,0.41757935230135135
mlp,de,2,196,0.42703485398417884,0.4176141271695805
mlp,de,2,197,0.42703485398417884,0.4176544580190367
mlp,de,2,198,0.42703485398417884,0.4176920797166586
mlp,de,2,199,0.42703485398417884,0.4177332360160488
mlp,de,2,200,0.42703485398417884,0.4177551928340353
mlp,de,2,201,0.42703485398417884,0.4177821552368295
mlp,de,2,202,0.42703485398417884,0.4178214158936603
mlp,de,2,203,0.42703485398417884,0.4178572884958993
mlp,de,2,204,0.42703485398417884,0.41788575351382123
mlp,de,2,205,0.42703485398417884,0.417892113157112
mlp,de,2,206,0.42703485398417884,0.41791942938515464
mlp,de,2,207,0.42703485398417884,0.4179509232698041
mlp,de,2,208,0.42703485398417884,0.4179818664749668
mlp,de,2,209,0.42703485398417884,0.4180143417260226
mlp,de,2,210,0.42703485398417884,0.41804677095367965
mlp,de,2,211,0.42703485398417884,0.418086749514809
mlp,de,2,212,0.42703485398417884,0.41811569824387107
mlp,de,2,213,0.42703485398417884,0.4181438847976736
mlp,de,2,214,0.42703485398417884,0.418176144147213
mlp,de,2,215,0.42703485398417884,0.41820348357331294
mlp,de,2,216,0.42703485398417884,0.41823056985657864
mlp,de,2,217,0.42703485398417884,0.41824826793869496
mlp,de,2,218,0.42703485398417884,0.4182817421879579
mlp,de,2,219,0.42703485398417884,0.4183044626896325
mlp,de,2,220,0.42703485398417884,0.4183215835577516
mlp,de,2,221,0.42703485398417884,0.41835579441629256
mlp,de,2,222,0.42703485398417884,0.4183752660905975
mlp,de,2,223,0.42703485398417884,0.418400731806598
mlp,de,2,224,0.42703485398417884,0.4184304043681716
mlp,de,2,225,0.42703485398417884,0.4184559008715084
mlp,de,2,226,0.42703485398417884,0.4184872647370148
mlp,de,2,227,0.42703485398417884,0.41851397596969697
mlp,de,2,228,0.42703485398417884,0.41854189687016596
mlp,de,2,229,0.42703485398417884,0.418560896534461
mlp,de,2,230,0.42703485398417884,0.41857879918479807
mlp,de,2,231,0.42703485398417884,0.41860779431138984
mlp,de,2,232,0.42703485398417884,0.4186395935457643
mlp,de,2,233,0.42703485398417884,0.41866472233303725
mlp,de,2,234,0.42703485398417884,0.4186889467091255
mlp,de,2,235,0.42703485398417884,0.4187113639687179
mlp,de,2,236,0.42808449128208537,0.41875108060987626
mlp,de,2,237,0.42808449128208537,0.41877369432569644
mlp,de,2,238,0.42808449128208537,0.4187942424678237
mlp,de,2,239,0.42808449128208537,0.4188285314252154
mlp,de,2,240,0.42808449128208537,0.41885030471410484
mlp,de,2,241,0.42808449128208537,0.4188657175450306
mlp,de,2,242,0.42808449128208537,0.41888739032897376
mlp,de,2,243,0.42808449128208537,0.41891297125004046
mlp,de,2,244,0.42808449128208537,0.4189345046367983
mlp,de,2,245,0.42808449128208537,0.4189560644962973
mlp,de,2,246,0.42808449128208537,0.4189774869258087
mlp,de,2,247,0.42808449128208537,0.41899671863993515
mlp,de,2,248,0.42808449128208537,0.4190124264628245
mlp,de,2,249,0.42808449128208537,0.4190104821570839
mlp,de,2,250,0.42808449128208537,0.4190263035411923
mlp,de,2,251,0.42808449128208537,0.4190406272906933
mlp,de,2,252,0.42808449128208537,0.4190388096311597
mlp,de,2,253,0.428973791330185,0.41907807833352734
mlp,de,2,254,0.428973791330185,0.41909407142097915
mlp,de,2,255,0.428973791330185,0.41911594338135194
mlp,de,2,256,0.428973791330185,0.41912270470572216
mlp,de,2,257,0.428973791330185,0.4191507189622627
mlp,de,2,258,0.428973791330185,0.41917364118428097
mlp,de,2,259,0.428973791330185,0.41917689776187267
mlp,de,2,260,0.428973791330185,0.4191992612092815
mlp,de,2,261,0.428973791330185,0.41922527816904054
mlp,de,2,262,0.428973791330185,0.4192319085009809
mlp,de,2,263,0.428973791330185,0.4192624994491716
mlp,de,2,264,0.428973791330185,0.4192800237960881
mlp,de,2,265,0.428973791330185,0.4192951512829371
mlp,de,2,266,0.428973791330185,0.41931804070474593
mlp,de,2,267,0.428973791330185,0.41933192001802555
mlp,de,2,268,0.428973791330185,0.4193395003770587
mlp,de,2,269,0.428973791330185,0.41934994868680453
mlp,de,2,270,0.428973791330185,0.4193665423313921
mlp,de,2,271,0.428973791330185,0.41937735614741345
mlp,de,2,272,0.428973791330185,0.4194064001611183
mlp,de,2,273,0.428973791330185,0.4194102819297621
mlp,de,2,274,0.428973791330185,0.4194274361243953
mlp,de,2,275,0.428973791330185,0.41943384746548035
mlp,de,2,276,0.428973791330185,0.41945018072249796
mlp,de,2,277,0.428973791330185,0.4194648055148666
mlp,de,2,278,0.428973791330185,0.4194848867381912
mlp,de,2,279,0.428973791330185,0.4194910002442291
mlp,de,2,280,0.428973791330185,0.4195048732723816
mlp,de,2,281,0.428973791330185,0.41952164123302815
mlp,de,2,282,0.428973791330185,0.4195359531563859
mlp,de,2,283,0.428973791330185,0.41954996479968
mlp,de,2,284,0.428973791330185,0.41954992911667166
mlp,de,2,285,0.428973791330185,0.4195718292740065
mlp,de,2,286,0.428973791330185,0.41958014825411344
mlp,de,2,287,0.428973791330185,0.4195963285043638
mlp,de,2,288,0.428973791330185,0.419601864012761
mlp,de,2,289,0.428973791330185,0.41961766073804196
mlp,de,2,290,0.428973791330185,0.41962940610567084
mlp,de,2,291,0.428973791330185,0.41964047472860677
mlp,de,2,292,0.428973791330185,0.41964408514114
mlp,de,2,293,0.428973791330185,0.4196606010591979
mlp,de,2,294,0.428973791330185,0.41967243684656896
mlp,de,2,295,0.428973791330185,0.4196835417595198
mlp,de,2,296,0.428973791330185,0.4196979278562861
mlp,de,2,297,0.428973791330185,0.4197105444880319
mlp,de,2,298,0.428973791330185,0.41972568990946796
mlp,de,2,299,0.428973791330185,0.4197431142889961
mlp,de,2,300,0.428973791330185,0.41975570142847907
mlp,de,2,301,0.428973791330185,0.4197549842503955
mlp,de,2,302,0.428973791330185,0.4197655584289275
mlp,de,2,303,0.428973791330185,0.4197842614527016
mlp,de,2,304,0.428973791330185,0.419785815312895
mlp,de,2,305,0.428973791330185,0.41979012854883674
mlp,de,2,306,0.428973791330185,0.4197953971336904
mlp,de,2,307,0.428973791330185,0.41981957942051856
mlp,de,2,308,0.428973791330185,0.41982309551244745
mlp,de,2,309,0.428973791330185,0.4198314751978677
mlp,de,2,310,0.428973791330185,0.4198287209510177
mlp,de,2,311,0.428973791330185,0.4198402159980437
mlp,de,2,312,0.428973791330185,0.41985798369511446
mlp,de,2,313,0.428973791330185,0.4198752635046266
mlp,de,2,314,0.428973791330185,0.4198781866251369
mlp,de,2,315,0.428973791330185,0.4198771124797406
mlp,de,2,316,0.428973791330185,0.419893474103536
mlp,de,2,317,0.428973791330185,0.41991408398195457
mlp,de,2,318,0.428973791330185,0.41992904416225035
mlp,de,2,319,0.428973791330185,0.4199280134291778
mlp,de,2,320,0.428973791330185,0.4199472911538214
mlp,de,2,321,0.428973791330185,0.41995932851392004
mlp,de,2,322,0.428973791330185,0.4199603521520387
mlp,de,2,323,0.428973791330185,0.4199703034945887
mlp,de,2,324,0.428973791330185,0.41997284306202776
mlp,de,2,325,0.428973791330185,0.4199813109807431
mlp,de,2,326,0.428973791330185,0.4199904124383698
mlp,de,2,327,0.428973791330185,0.4199913420281133
mlp,de,2,328,0.428973791330185,0.42000360855943825
mlp,de,2,329,0.428973791330185,0.4200080316396054
mlp,de,2,330,0.428973791330185,0.42001038168409566
mlp,de,2,331,0.428973791330185,0.42002710456202297
mlp,de,2,332,0.428973791330185,0.420040560876536
mlp,de,2,333,0.428973791330185,0.42004882619288375
mlp,de,2,334,0.428973791330185,0.42006463810072076
mlp,de,2,335,0.428973791330185,0.4200649986312235
mlp,de,2,336,0.428973791330185,0.42005737507622826
mlp,de,2,337,0.428973791330185,0.4200659537441536
mlp,de,2,338,0.428973791330185,0.42007121036334444
mlp,de,2,339,0.428973791330185,0.42008224302818853
mlp,de,2,340,0.428973791330185,0.42008550276905493
mlp,de,2,341,0.428973791330185,0.4201018397266398
mlp,de,2,342,0.428973791330185,0.4201090417716871
mlp,de,2,343,0.428973791330185,0.4201226507884404
mlp,de,2,344,0.428973791330185,0.4201230402772864
mlp,de,2,345,0.428973791330185,0.4201329955333521
mlp,de,2,346,0.428973791330185,0.4201436264241386
mlp,de,2,347,0.428973791330185,0.42014917987569605
mlp,de,2,348,0.428973791330185,0.4201520077072578
mlp,de,2,349,0.428973791330185,0.42016050571367947
mlp,de,2,350,0.428973791330185,0.42017279071670943
mlp,de,2,351,0.428973791330185,0.42018732158177946
mlp,de,2,352,0.428973791330185,0.42019472382507084
mlp,de,2,353,0.428973791330185,0.4202000381318399
mlp,de,2,354,0.428973791330185,0.42019171473021827
mlp,de,2,355,0.428973791330185,0.42020507772925525
mlp,de,2,356,0.428973791330185,0.42020967776661877
mlp,de,2,357,0.428973791330185,0.4202161162120265
mlp,de,2,358,0.428973791330185,0.42022737729117127
mlp,de,2,359,0.428973791330185,0.4202308074433808
mlp,de,2,360,0.428973791330185,0.4202451025915081
mlp,de,2,361,0.428973791330185,0.4202470896345715
mlp,de,2,362,0.428973791330185,0.42025882309132784
mlp,de,2,363,0.428973791330185,0.42027799812190253
mlp,de,2,364,0.428973791330185,0.42028958219568957
mlp,de,2,365,0.428973791330185,0.4202988275928301
mlp,de,2,366,0.428973791330185,0.42031559103828814
mlp,de,2,367,0.428973791330185,0.4203243203709737
mlp,de,2,368,0.428973791330185,0.42033118465088964
mlp,de,2,369,0.428973791330185,0.420331550337475
mlp,de,2,370,0.428973791330185,0.4203449155350156
mlp,de,2,371,0.428973791330185,0.4203634450327377
mlp,de,2,372,0.428973791330185,0.4203613934071447
mlp,de,2,373,0.428973791330185,0.4203625251843947
mlp,de,2,374,0.428973791330185,0.42036365090935995
mlp,de,2,375,0.428973791330185,0.4203675950163501
mlp,de,2,376,0.428973791330185,0.42038106570681866
mlp,de,2,377,0.428973791330185,0.42038569256572716
mlp,de,2,378,0.428973791330185,0.4203939697500923
mlp,de,2,379,0.428973791330185,0.4204046417652836
mlp,de,2,380,0.428973791330185,0.42040391464696497
mlp,de,2,381,0.428973791330185,0.4204101849791786
mlp,de,2,382,0.428973791330185,0.4204114824546003
mlp,de,2,383,0.428973791330185,0.42042214333847955
mlp,de,2,384,0.428973791330185,0.42042308449208093
mlp,de,2,385,0.428973791330185,0.4204349502312917
mlp,de,2,386,0.428973791330185,0.4204440747195871
mlp,de,2,387,0.428973791330185,0.42045625223714234
mlp,de,2,388,0.428973791330185,0.4204619564375377
mlp,de,2,389,0.428973791330185,0.4204733137250418
mlp,de,2,390,0.428973791330185,0.4204826399238475
mlp,de,2,391,0.428973791330185,0.4204820619060154
mlp,de,2,392,0.428973791330185,0.42047553071372407
mlp,de,2,393,0.428973791330185,0.42048575735562393
mlp,de,2,394,0.428973791330185,0.4205008361581787
mlp,de,2,395,0.428973791330185,0.4204926151905827
mlp,de,2,396,0.428973791330185,0.4204876547843777
mlp,de,2,397,0.428973791330185,0.4204894253136935
mlp,de,2,398,0.428973791330185,0.42049560360729504
mlp,de,2,399,0.428973791330185,0.42049509930824025
mlp,de,2,400,0.428973791330185,0.42049459753068086
mlp,de,2,401,0.428973791330185,0.42049647638091014
mlp,de,2,402,0.428973791330185,0.4205047221703743
mlp,de,2,403,0.428973791330185,0.42051068567437255
mlp,de,2,404,0.428973791330185,0.4205177041664502
mlp,de,2,405,0.428973791330185,0.4205170595511046
mlp,de,2,406,0.428973791330185,0.4205280800795211
mlp,de,2,407,0.428973791330185,0.42052873129147517
mlp,de,2,408,0.428973791330185,0.42052935583811707
mlp,de,2,409,0.428973791330185,0.4205361701309996
mlp,de,2,410,0.428973791330185,0.4205281637500893
mlp,de,2,411,0.428973791330185,0.4205290826231797
mlp,de,2,412,0.428973791330185,0.4205370491307582
mlp,de,2,413,0.428973791330185,0.42052357845204663
mlp,de,2,414,0.428973791330185,0.4205397518354715
mlp,de,2,415,0.428973791330185,0.4205486863673037
mlp,de,2,416,0.428973791330185,0.42055834857968094
mlp,de,2,417,0.428973791330185,0.4205651042140868
mlp,de,2,418,0.428973791330185,0.42057385726638796
mlp,de,2,419,0.428973791330185,0.4205824330667522
mlp,de,2,420,0.428973791330185,0.42058783292940277
mlp,de,2,421,0.428973791330185,0.4205934399442191
mlp,de,2,422,0.428973791330185,0.42059146745379844
mlp,de,2,423,0.428973791330185,0.4206016056897862
mlp,de,2,424,0.428973791330185,0.4206001158059349
mlp,de,2,425,0.428973791330185,0.4205868770836219
mlp,de,2,426,0.428973791330185,0.42059501615328176
mlp,de,2,427,0.428973791330185,0.4205941843073413
mlp,de,2,428,0.428973791330185,0.4206054889576337
mlp,de,2,429,0.428973791330185,0.4206059040097637
mlp,de,2,430,0.428973791330185,0.42060660149018353
mlp,de,2,431,0.428973791330185,0.42061119574198386
mlp,de,2,432,0.428973791330185,0.4206166059050048
mlp,de,2,433,0.428973791330185,0.4206255620137239
mlp,de,2,434,0.428973791330185,0.42062565346007635
mlp,de,2,435,0.428973791330185,0.420622196264787
mlp,de,2,436,0.428973791330185,0.4206171709428579
mlp,de,2,437,0.428973791330185,0.4206234157610063
mlp,de,2,438,0.428973791330185,0.42062872391261835
mlp,de,2,439,0.428973791330185,0.4206376975864306
mlp,de,2,440,0.428973791330185,0.42065664325403007
mlp,de,2,441,0.428973791330185,0.4206679805829449
mlp,de,2,442,0.428973791330185,0.42066929288133786
mlp,de,2,443,0.428973791330185,0.4206644599275051
mlp,de,2,444,0.428973791330185,0.4206831746378715
mlp,de,2,445,0.428973791330185,0.42068826500085843
mlp,de,2,446,0.428973791330185,0.42069553197644977
mlp,de,2,447,0.428973791330185,0.42070713522324815
mlp,de,2,448,0.428973791330185,0.4207164495224744
mlp,de,2,449,0.428973791330185,0.42071687128431806
mlp,de,2,450,0.428973791330185,0.4207042440422367
mlp,de,2,451,0.428973791330185,0.4207046909968887
mlp,de,2,452,0.428973791330185,0.4207131998985678
mlp,de,2,453,0.428973791330185,0.420718134084591
mlp,de,2,454,0.428973791330185,0.42072463784087055
mlp,de,2,455,0.428973791330185,0.42073547689024327
mlp,de,2,456,0.428973791330185,0.4207424809674896
mlp,de,2,457,0.428973791330185,0.4207476002258702
mlp,de,2,458,0.428973791330185,0.4207548197030161
mlp,de,2,459,0.428973791330185,0.4207624292081203
mlp,de,2,460,0.428973791330185,0.42077306828659283
mlp,de,2,461,0.428973791330185,0.42077712925728855
mlp,de,2,462,0.428973791330185,0.4207895983889414
mlp,de,2,463,0.428973791330185,0.42078706485403167
mlp,de,2,464,0.428973791330185,0.42079264326625776
mlp,de,2,465,0.428973791330185,0.42078145328471017
mlp,de,2,466,0.428973791330185,0.4207917061843405
mlp,de,2,467,0.428973791330185,0.420809226709278
mlp,de,2,468,0.428973791330185,0.4208069870132897
mlp,de,2,469,0.428973791330185,0.4208081362957637
mlp,de,2,470,0.428973791330185,0.4208148064635664
mlp,de,2,471,0.428973791330185,0.4208267215359626
mlp,de,2,472,0.428973791330185,0.42083461135168276
mlp,de,2,473,0.428973791330185,0.42084484479410866
mlp,de,2,474,0.428973791330185,0.4208513812294861
mlp,de,2,475,0.428973791330185,0.42086057079171774
mlp,de,2,476,0.428973791330185,0.4208722645622439
mlp,de,2,477,0.428973791330185,0.4208766170184385
mlp,de,2,478,0.428973791330185,0.4208719316802348
mlp,de,2,479,0.428973791330185,0.4208835440329493
mlp,de,2,480,0.428973791330185,0.42089510800086083
mlp,de,2,481,0.428973791330185,0.4209019105156594
mlp,de,2,482,0.428973791330185,0.42090389623212077
mlp,de,2,483,0.428973791330185,0.4209108189781119
mlp,de,2,484,0.428973791330185,0.42091815252727727
mlp,de,2,485,0.428973791330185,0.4209145707340752
mlp,de,2,486,0.428973791330185,0.42091502072280995
mlp,de,2,487,0.428973791330185,0.4209190571063707
mlp,de,2,488,0.428973791330185,0.42091668413891237
mlp,de,2,489,0.428973791330185,0.42092796750188083
mlp,de,2,490,0.428973791330185,0.42092558603552327
mlp,de,2,491,0.428973791330185,0.420927960673812
mlp,de,2,492,0.428973791330185,0.4209374570563919
mlp,de,2,493,0.428973791330185,0.4209451297889449
mlp,de,2,494,0.428973791330185,0.42095231495330004
mlp,de,2,495,0.428973791330185,0.4209600414574713
mlp,de,2,496,0.428973791330185,0.42096073824920965
mlp,de,2,497,0.428973791330185,0.42096730392692955
mlp,de,2,498,0.428973791330185,0.42097389083178677
mlp,de,2,499,0.428973791330185,0.42097146028700705
mlp,de,2,500,0.428973791330185,0.42096757039676586
mlp,de,2,501,0.428973791330185,0.42096615136394094
mlp,de,2,502,0.428973791330185,0.4209726408633674
mlp,de,2,503,0.428973791330185,0.4209797890260967
mlp,de,2,504,0.428973791330185,0.4209862727433977
mlp,de,2,505,0.428973791330185,0.4209870965904684
mlp,de,2,506,0.428973791330185,0.42099784700345605
mlp,de,2,507,0.428973791330185,0.4209982270979714
mlp,de,2,508,0.428973791330185,0.42100304371290603
mlp,de,2,509,0.428973791330185,0.421010047883836
mlp,de,2,510,0.428973791330185,0.42101384854713636
mlp,de,2,511,0.428973791330185,0.421015502514461
mlp,de,2,512,0.428973791330185,0.4210061075597975
mlp,de,2,513,0.428973791330185,0.42101180586107384
mlp,de,2,514,0.428973791330185,0.4210208420467633
mlp,de,2,515,0.428973791330185,0.42103628466673115
mlp,de,2,516,0.428973791330185,0.4210344589410099
mlp,de,2,517,0.428973791330185,0.42103912162678125
mlp,de,2,518,0.428973791330185,0.4210308671232174
mlp,de,2,519,0.428973791330185,0.4210397795281929
mlp,de,2,520,0.428973791330185,0.42103833560600046
mlp,de,2,521,0.428973791330185,0.4210429550529847
mlp,de,2,522,0.428973791330185,0.4210464175440326
mlp,de,2,523,0.428973791330185,0.4210461487162052
mlp,de,2,524,0.428973791330185,0.42106127780516317
mlp,de,2,525,0.428973791330185,0.42106182013409355
mlp,de,2,526,0.428973791330185,0.42106152355701404
mlp,de,2,527,0.428973791330185,0.42106446985008095
mlp,de,2,528,0.428973791330185,0.4210794496256115
mlp,de,2,529,0.428973791330185,0.42108863819960546
mlp,de,2,530,0.428973791330185,0.42109016696989116
mlp,de,2,531,0.428973791330185,0.42109908595623996
mlp,de,2,532,0.428973791330185,0.4211059348696628
mlp,de,2,533,0.428973791330185,0.4211102458372171
mlp,de,2,534,0.428973791330185,0.42111172269229913
mlp,de,2,535,0.428973791330185,0.4211202174261556
mlp,de,2,536,0.428973791330185,0.42113486961627505
mlp,de,2,537,0.428973791330185,0.42114066610217743
mlp,de,2,538,0.428973791330185,0.4211474249654039
mlp,de,2,539,0.428973791330185,0.4211537390462768
mlp,de,2,540,0.428973791330185,0.4211564572418688
mlp,de,2,541,0.428973791330185,0.42117090702761434
mlp,de,2,542,0.428973791330185,0.4211853034931172
mlp,de,2,543,0.428973791330185,0.42118855042253517
mlp,de,2,544,0.428973791330185,0.42120286152714487
mlp,de,2,545,0.428973791330185,0.4212090363990514
mlp,de,2,546,0.428973791330185,0.4212232575619289
mlp,de,2,547,0.428973791330185,0.42122937256952364
mlp,de,2,548,0.428973791330185,0.4212325094556505
mlp,de,2,549,0.428973791330185,0.4212466101512326
mlp,de,2,550,0.428973791330185,0.421260659571558
mlp,de,2,551,0.428973791330185,0.4212746579958023
mlp,de,2,552,0.428973791330185,0.4212886057011182
mlp,de,2,553,0.428973791330185,0.4213025029626536
mlp,de,2,554,0.428973791330185,0.4213163500535697
mlp,de,2,555,0.428973791330185,0.4213301472450591
mlp,de,2,556,0.428973791330185,0.42134389480636325
mlp,de,2,557,0.428973791330185,0.4213575930047902
mlp,de,2,558,0.428973791330185,0.4213712421057318
mlp,de,2,559,0.428973791330185,0.4213848423726808
mlp,de,2,560,0.428973791330185,0.4213983940672477
mlp,de,2,561,0.428973791330185,0.42141189744917806
mlp,de,2,562,0.428973791330185,0.4214253527763685
mlp,de,2,563,0.428973791330185,0.42143876030488325
mlp,de,2,564,0.428973791330185,0.42145212028897067
mlp,de,2,565,0.428973791330185,0.421465432981079
mlp,de,2,566,0.428973791330185,0.4214786986318725
mlp,de,2,567,0.428973791330185,0.421479439703864
mlp,de,2,568,0.428973791330185,0.4214926339848962
mlp,de,2,569,0.428973791330185,0.42150578188884225
mlp,de,2,570,0.428973791330185,0.421518883659792
mlp,de,2,571,0.428973791330185,0.4215319395401254
mlp,de,2,572,0.428973791330185,0.42154494977052764
mlp,de,2,573,0.428973791330185,0.4215579145900035
mlp,de,2,574,0.428973791330185,0.42155850861763594
mlp,de,2,575,0.428973791330185,0.42155910057908536
mlp,de,2,576,0.428973791330185,0.42157197330608376
mlp,de,2,577,0.428973791330185,0.42158480141357785
mlp,de,2,578,0.428973791330185,0.42159758513315676
mlp,de,2,579,0.428973791330185,0.42161032469480964
mlp,de,2,580,0.428973791330185,0.4216230203269396
mlp,de,2,581,0.428973791330185,0.4216356722563772
mlp,de,2,582,0.428973791330185,0.4216482807083941
mlp,de,2,583,0.428973791330185,0.4216608459067162
mlp,de,2,584,0.428973791330185,0.42167336807353717
mlp,de,2,585,0.428973791330185,0.42168584742953147
mlp,de,2,586,0.428973791330185,0.42169828419386707
mlp,de,2,587,0.428973791330185,0.4217106785842185
mlp,de,2,588,0.428973791330185,0.4217230308167797
mlp,de,2,589,0.428973791330185,0.4217233293832216
mlp,de,2,590,0.428973791330185,0.42173561830177575
mlp,de,2,591,0.428973791330185,0.4217478656334651
mlp,de,2,592,0.428973791330185,0.4217600715890339
mlp,de,2,593,0.428973791330185,0.4217722363778048
mlp,de,2,594,0.428973791330185,0.42178436020769106
mlp,de,2,595,0.428973791330185,0.4217964432852078
mlp,de,2,596,0.428973791330185,0.42180848581548464
mlp,de,2,597,0.428973791330185,0.4218204880022764
mlp,de,2,598,0.428973791330185,0.42183245004797526
mlp,de,2,599,0.428973791330185,0.42184437215362164
mlp,de,2,600,0.428973791330185,0.4218562545189159
mlp,de,2,601,0.428973791330185,0.4218680973422292
mlp,de,2,602,0.428973791330185,0.42187990082061444
mlp,de,2,603,0.428973791330185,0.42189166514981774
mlp,de,2,604,0.428973791330185,0.4219033905242885
mlp,de,2,605,0.428973791330185,0.4219150771371909
mlp,de,2,606,0.428973791330185,0.4219267251804137
mlp,de,2,607,0.428973791330185,0.4219383348445813
mlp,de,2,608,0.428973791330185,0.4219499063190642
mlp,de,2,609,0.428973791330185,0.42196143979198886
mlp,de,2,610,0.428973791330185,0.42197293545024817
mlp,de,2,611,0.428973791330185,0.42198439347951155
mlp,de,2,612,0.428973791330185,0.4219958140642349
mlp,de,2,613,0.428973791330185,0.42200719738767034
mlp,de,2,614,0.428973791330185,0.4220185436318764
mlp,de,2,615,0.428973791330185,0.4220298529777274
mlp,de,2,616,0.428973791330185,0.42204112560492285
mlp,de,2,617,0.428973791330185,0.42205236169199783
mlp,de,2,618,0.428973791330185,0.42206356141633156
mlp,de,2,619,0.428973791330185,0.4220747249541568
mlp,de,2,620,0.428973791330185,0.42208585248056973
mlp,de,2,621,0.428973791330185,0.4220969441695385
mlp,de,2,622,0.428973791330185,0.42210800019391254
mlp,de,2,623,0.428973791330185,0.42211902072543145
mlp,de,2,624,0.428973791330185,0.42213000593473393
mlp,de,2,625,0.428973791330185,0.4221409559913667
mlp,de,2,626,0.428973791330185,0.4221518710637929
mlp,de,2,627,0.428973791330185,0.42216275131940123
mlp,de,2,628,0.428973791330185,0.4221735969245139
mlp,de,2,629,0.428973791330185,0.4221844080443957
mlp,de,2,630,0.428973791330185,0.4221951848432621
mlp,de,2,631,0.428973791330185,0.42220592748428726
mlp,de,2,632,0.428973791330185,0.42221663612961313
mlp,de,2,633,0.428973791330185,0.42222731094035654
mlp,de,2,634,0.428973791330185,0.4222379520766181
mlp,de,2,635,0.428973791330185,0.4222485596974898
mlp,de,2,636,0.428973791330185,0.42225913396106324
mlp,de,2,637,0.428973791330185,0.4222696750244371
mlp,de,2,638,0.428973791330185,0.42228018304372505
mlp,de,2,639,0.428973791330185,0.4222906581740638
mlp,de,2,640,0.428973791330185,0.4223011005696202
mlp,de,2,641,0.428973791330185,0.42231151038359926
mlp,de,2,642,0.428973791330185,0.42232188776825125
mlp,de,2,643,0.428973791330185,0.42233223287487953
mlp,de,2,644,0.428973791330185,0.4223425458538473
mlp,de,2,645,0.428973791330185,0.42235282685458586
mlp,de,2,646,0.428973791330185,0.42236307602560075
mlp,de,2,647,0.428973791330185,0.42237329351447955
mlp,de,2,648,0.428973791330185,0.42238347946789884
mlp,de,2,649,0.428973791330185,0.42239363403163116
mlp,de,2,650,0.428973791330185,0.42240375735055197
mlp,de,2,651,0.428973791330185,0.42241384956864664
mlp,de,2,652,0.428973791330185,0.4224239108290171
mlp,de,2,653,0.428973791330185,0.4224339412738887
mlp,de,2,654,0.428973791330185,0.4224439410446171
mlp,de,2,655,0.428973791330185,0.42245391028169416
mlp,de,2,656,0.428973791330185,0.422463849124756
mlp,de,2,657,0.428973791330185,0.4224737577125876
mlp,de,2,658,0.428973791330185,0.4224836361831311
mlp,de,2,659,0.428973791330185,0.42249348467349085
mlp,de,2,660,0.428973791330185,0.42250330331994035
mlp,de,2,661,0.428973791330185,0.4225130922579286
mlp,de,2,662,0.428973791330185,0.4225228516220861
mlp,de,2,663,0.428973791330185,0.422532581546231
mlp,de,2,664,0.428973791330185,0.4225422821633755
mlp,de,2,665,0.428973791330185,0.4225519536057317
mlp,de,2,666,0.428973791330185,0.4225615960047174
mlp,de,2,667,0.428973791330185,0.42257120949096244
mlp,de,2,668,0.428973791330185,0.42258079419431455
mlp,de,2,669,0.428973791330185,0.422590350243845
mlp,de,2,670,0.428973791330185,0.42259987776785446
mlp,de,2,671,0.428973791330185,0.4226093768938788
mlp,de,2,672,0.428973791330185,0.4226188477486948
mlp,de,2,673,0.428973791330185,0.42262829045832545
mlp,de,2,674,0.428973791330185,0.4226377051480464
mlp,de,2,675,0.428973791330185,0.4226470919423902
mlp,de,2,676,0.428973791330185,0.4226564509651533
mlp,de,2,677,0.428973791330185,0.4226657823394
mlp,de,2,678,0.428973791330185,0.422675086187469
mlp,de,2,679,0.428973791330185,0.42268436263097825
mlp,de,2,680,0.428973791330185,0.4226936117908299
mlp,de,2,681,0.428973791330185,0.4227028337872167
mlp,de,2,682,0.428973791330185,0.42271202873962566
mlp,de,2,683,0.428973791330185,0.4227211967668447
mlp,de,2,684,0.428973791330185,0.42273033798696646
mlp,de,2,685,0.428973791330185,0.4227394525173946
mlp,de,2,686,0.428973791330185,0.4227485404748476
mlp,de,2,687,0.428973791330185,0.4227576019753648
mlp,de,2,688,0.428973791330185,0.4227666371343109
mlp,de,2,689,0.428973791330185,0.4227756460663803
mlp,de,2,690,0.428973791330185,0.42278462888560325
mlp,de,2,691,0.428973791330185,0.4227935857053493
mlp,de,2,692,0.428973791330185,0.42280251663833324
mlp,de,2,693,0.428973791330185,0.42281142179661874
mlp,de,2,694,0.428973791330185,0.42282030129162385
mlp,de,2,695,0.428973791330185,0.4228291552341254
mlp,de,2,696,0.428973791330185,0.4228379837342634
mlp,de,2,697,0.428973791330185,0.422846786901546
mlp,de,2,698,0.428973791330185,0.4228555648448534
mlp,de,2,699,0.428973791330185,0.42286431767244337
mlp,de,2,700,0.428973791330185,0.4228730454919543
mlp,de,2,701,0.428973791330185,0.4228817484104112
mlp,de,2,702,0.428973791330185,0.4228904265342285
mlp,de,2,703,0.428973791330185,0.4228990799692157
mlp,de,2,704,0.428973791330185,0.4229077088205806
mlp,de,2,705,0.428973791330185,0.4229163131929347
mlp,de,2,706,0.428973791330185,0.4229248931902962
mlp,de,2,707,0.428973791330185,0.42293344891609524
mlp,de,2,708,0.428973791330185,0.4229419804731773
mlp,de,2,709,0.428973791330185,0.42295048796380774
mlp,de,2,710,0.428973791330185,0.422958971489676
mlp,de,2,711,0.428973791330185,0.42296743115189883
mlp,de,2,712,0.428973791330185,0.4229758670510257
mlp,de,2,713,0.428973791330185,0.42298427928704124
mlp,de,2,714,0.428973791330185,0.4229926679593707
mlp,de,2,715,0.428973791330185,0.4230010331668822
mlp,de,2,716,0.428973791330185,0.4230093750078925
mlp,de,2,717,0.428973791330185,0.42301769358016905
mlp,de,2,718,0.428973791330185,0.4230259889809351
mlp,de,2,719,0.428973791330185,0.4230342613068728
mlp,de,2,720,0.428973791330185,0.4230425106541274
mlp,de,2,721,0.428973791330185,0.42305073711831054
mlp,de,2,722,0.428973791330185,0.4230589407945043
mlp,de,2,723,0.428973791330185,0.42306712177726463
mlp,de,2,724,0.428973791330185,0.42307528016062496
mlp,de,2,725,0.428973791330185,0.42308341603810024
mlp,de,2,726,0.428973791330185,0.4230915295026898
mlp,de,2,727,0.428973791330185,0.4230996206468818
mlp,de,2,728,0.428973791330185,0.42310768956265543
mlp,de,2,729,0.428973791330185,0.42311573634148614
mlp,de,2,730,0.428973791330185,0.4231237610743473
mlp,de,2,731,0.428973791330185,0.42313176385171514
mlp,de,2,732,0.428973791330185,0.423139744763571
mlp,de,2,733,0.428973791330185,0.42314770389940537
mlp,de,2,734,0.428973791330185,0.4231556413482212
mlp,de,2,735,0.428973791330185,0.4231635571985367
mlp,de,2,736,0.428973791330185,0.4231714515383896
mlp,de,2,737,0.428973791330185,0.42317932445533907
mlp,de,2,738,0.428973791330185,0.42318717603647027
mlp,de,2,739,0.428973791330185,0.42319500636839685
mlp,de,2,740,0.428973791330185,0.4232028155372641
mlp,de,2,741,0.428973791330185,0.42321060362875257
mlp,de,2,742,0.428973791330185,0.4232183707280806
mlp,de,2,743,0.428973791330185,0.4232261169200081
mlp,de,2,744,0.428973791330185,0.4232338422888389
mlp,de,2,745,0.428973791330185,0.4232415469184247
mlp,de,2,746,0.428973791330185,0.423249230892167
mlp,de,2,747,0.428973791330185,0.4232568942930211
mlp,de,2,748,0.428973791330185,0.42326453720349855
mlp,de,2,749,0.428973791330185,0.4232721597056704
mlp,de,2,750,0.428973791330185,0.4232797618811697
mlp,de,2,751,0.428973791330185,0.42328734381119504
mlp,de,2,752,0.428973791330185,0.4232949055765129
mlp,de,2,753,0.428973791330185,0.4233024472574606
mlp,de,2,754,0.428973791330185,0.4233099689339497
mlp,de,2,755,0.428973791330185,0.4233174706854679
mlp,de,2,756,0.428973791330185,0.42332495259108255
mlp,de,2,757,0.428973791330185,0.42333241472944333
mlp,de,2,758,0.428973791330185,0.42333985717878464
mlp,de,2,759,0.428973791330185,0.42334728001692884
mlp,de,2,760,0.428973791330185,0.42335468332128834
mlp,de,2,761,0.428973791330185,0.4233620671688691
mlp,de,2,762,0.428973791330185,0.4233694316362723
mlp,de,2,763,0.428973791330185,0.4233767767996982
mlp,de,2,764,0.428973791330185,0.42338410273494753
mlp,de,2,765,0.428973791330185,0.42339140951742493
mlp,de,2,766,0.428973791330185,0.42339869722214135
mlp,de,2,767,0.428973791330185,0.4234059659237164
mlp,de,2,768,0.428973791330185,0.423413215696381
mlp,de,2,769,0.428973791330185,0.42342044661398026
mlp,de,2,770,0.428973791330185,0.4234276587499754
mlp,de,2,771,0.428973791330185,0.42343485217744636
mlp,de,2,772,0.428973791330185,0.42344202696909505
mlp,de,2,773,0.428973791330185,0.42344918319724645
mlp,de,2,774,0.428973791330185,0.4234563209338524
mlp,de,2,775,0.428973791330185,0.4234634402504928
mlp,de,2,776,0.428973791330185,0.423470541218379
mlp,de,2,777,0.428973791330185,0.4234776239083556
mlp,de,2,778,0.428973791330185,0.4234846883909029
mlp,de,2,779,0.428973791330185,0.42349173473613955
mlp,de,2,780,0.428973791330185,0.4234896926229535
mlp,de,2,781,0.428973791330185,0.4234967145163046
mlp,de,2,782,0.428973791330185,0.4235037184508492
mlp,de,2,783,0.428973791330185,0.423510704495395
mlp,de,2,784,0.428973791330185,0.4235176727183985
mlp,de,2,785,0.428973791330185,0.42352462318796774
mlp,de,2,786,0.428973791330185,0.42353155597186365
mlp,de,2,787,0.428973791330185,0.4235384711375032
mlp,de,2,788,0.428973791330185,0.4235453687519609
mlp,de,2,789,0.428973791330185,0.42355224888197135
mlp,de,2,790,0.428973791330185,0.4235591115939311
mlp,de,2,791,0.428973791330185,0.42356595695390103
mlp,de,2,792,0.428973791330185,0.4235727850276085
mlp,de,2,793,0.428973791330185,0.4235795958804491
mlp,de,2,794,0.428973791330185,0.423586389577489
mlp,de,2,795,0.428973791330185,0.42359316618346726
mlp,de,2,796,0.428973791330185,0.42359992576279737
mlp,de,2,797,0.428973791330185,0.42360666837956945
mlp,de,2,798,0.428973791330185,0.4236133940975527
mlp,de,2,799,0.428973791330185,0.42362010298019676
mlp,de,2,800,0.428973791330185,0.4236267950906343
mlp,de,2,801,0.428973791330185,0.4236334704916823
mlp,de,2,802,0.428973791330185,0.4236401292458451
mlp,de,2,803,0.428973791330185,0.423646771415315
mlp,de,2,804,0.428973791330185,0.4236533970619753
mlp,de,2,805,0.428973791330185,0.4236600062474017
mlp,de,2,806,0.428973791330185,0.42366659903286413
mlp,de,2,807,0.428973791330185,0.42367317547932926
mlp,de,2,808,0.428973791330185,0.4236797356474614
mlp,de,2,809,0.428973791330185,0.42368627959762556
mlp,de,2,810,0.428973791330185,0.4236928073898879
mlp,de,2,811,0.428973791330185,0.42369931908401903
mlp,de,2,812,0.428973791330185,0.42370581473949454
mlp,de,2,813,0.428973791330185,0.4237122944154979
mlp,de,2,814,0.428973791330185,0.4237187581709214
mlp,de,2,815,0.428973791330185,0.4237252060643683
mlp,de,2,816,0.428973791330185,0.4237316381541548
mlp,de,2,817,0.428973791330185,0.42373805449831153
mlp,de,2,818,0.428973791330185,0.42374445515458525
mlp,de,2,819,0.428973791330185,0.4237508401804406
mlp,de,2,820,0.428973791330185,0.42375720963306235
mlp,de,2,821,0.428973791330185,0.423763563569356
mlp,de,2,822,0.428973791330185,0.42376990204595066
mlp,de,2,823,0.428973791330185,0.42377622511920005
mlp,de,2,824,0.428973791330185,0.42378253284518425
mlp,de,2,825,0.428973791330185,0.4237888252797115
mlp,de,2,826,0.428973791330185,0.4237951024783198
mlp,de,2,827,0.428973791330185,0.42380136449627864
mlp,de,2,828,0.428973791330185,0.42380761138859
mlp,de,2,829,0.428973791330185,0.42381384320999127
mlp,de,2,830,0.428973791330185,0.42382006001495537
mlp,de,2,831,0.428973791330185,0.4238262618576933
mlp,de,2,832,0.428973791330185,0.4238324487921554
mlp,de,2,833,0.428973791330185,0.423838620872033
mlp,de,2,834,0.428973791330185,0.4238447781507599
mlp,de,2,835,0.428973791330185,0.4238509206815136
mlp,de,2,836,0.428973791330185,0.4238570485172178
mlp,de,2,837,0.428973791330185,0.42386316171054267
mlp,de,2,838,0.428973791330185,0.4238692603139074
mlp,de,2,839,0.428973791330185,0.4238753443794811
mlp,de,2,840,0.428973791330185,0.42388141395918427
mlp,de,2,841,0.428973791330185,0.42388746910469083
mlp,de,2,842,0.428973791330185,0.4238935098674289
mlp,de,2,843,0.428973791330185,0.4238995362985829
mlp,de,2,844,0.428973791330185,0.4239055484490942
mlp,de,2,845,0.428973791330185,0.4239115463696636
mlp,de,2,846,0.428973791330185,0.4239175301107516
mlp,de,2,847,0.428973791330185,0.42392349972258103
mlp,de,2,848,0.428973791330185,0.42392945525513714
mlp,de,2,849,0.428973791330185,0.42393539675817016
mlp,de,2,850,0.428973791330185,0.4239413242811961
mlp,de,2,851,0.428973791330185,0.42394723787349803
mlp,de,2,852,0.428973791330185,0.42395313758412795
mlp,de,2,853,0.428973791330185,0.4239590234619076
mlp,de,2,854,0.428973791330185,0.42396489555543015
mlp,de,2,855,0.428973791330185,0.42397075391306144
mlp,de,2,856,0.428973791330185,0.42397659858294134
mlp,de,2,857,0.428973791330185,0.4239824296129847
mlp,de,2,858,0.428973791330185,0.4239882470508836
mlp,de,2,859,0.428973791330185,0.42399405094410747
mlp,de,2,860,0.428973791330185,0.42399984133990526
mlp,de,2,861,0.428973791330185,0.42400561828530625
mlp,de,2,862,0.428973791330185,0.42401138182712167
mlp,de,2,863,0.428973791330185,0.4240171320119456
mlp,de,2,864,0.428973791330185,0.4240228688861565
mlp,de,2,865,0.428973791330185,0.4240285924959184
mlp,de,2,866,0.428973791330185,0.42403430288718197
mlp,de,2,867,0.428973791330185,0.424040000105686
mlp,de,2,868,0.428973791330185,0.42404568419695843
mlp,de,2,869,0.428973791330185,0.4240513552063178
mlp,de,2,870,0.428973791330185,0.4240570131788739
mlp,de,2,871,0.428973791330185,0.42406265815952987
mlp,de,2,872,0.428973791330185,0.4240682901929824
mlp,de,2,873,0.428973791330185,0.4240739093237238
mlp,de,2,874,0.428973791330185,0.4240795155960424
mlp,de,2,875,0.428973791330185,0.4240851090540243
mlp,de,2,876,0.428973791330185,0.4240906897415541
mlp,de,2,877,0.428973791330185,0.4240962577023165
mlp,de,2,878,0.428973791330185,0.4241018129797971
mlp,de,2,879,0.428973791330185,0.42410735561728324
mlp,de,2,880,0.428973791330185,0.4241128856578661
mlp,de,2,881,0.428973791330185,0.42411840314444077
mlp,de,2,882,0.428973791330185,0.4241239081197081
mlp,de,2,883,0.428973791330185,0.42412940062617516
mlp,de,2,884,0.428973791330185,0.4241348807061571
mlp,de,2,885,0.428973791330185,0.4241403484017775
mlp,de,2,886,0.428973791330185,0.42414580375496985
mlp,de,2,887,0.428973791330185,0.4241512468074785
mlp,de,2,888,0.428973791330185,0.42415667760085995
mlp,de,2,889,0.428973791330185,0.4241620961764835
mlp,de,2,890,0.428973791330185,0.4241675025755326
mlp,de,2,891,0.428973791330185,0.4241728968390059
mlp,de,2,892,0.428973791330185,0.4241782790077179
mlp,de,2,893,0.428973791330185,0.4241836491223008
mlp,de,2,894,0.428973791330185,0.42418900722320446
mlp,de,2,895,0.428973791330185,0.42419435335069827
mlp,de,2,896,0.428973791330185,0.4241996875448718
mlp,de,2,897,0.428973791330185,0.4242050098456358
mlp,de,2,898,0.428973791330185,0.42421032029272326
mlp,de,2,899,0.428973791330185,0.4242156189256904
mlp,de,2,900,0.428973791330185,0.4242209057839176
mlp,de,2,901,0.428973791330185,0.42422618090661046
mlp,de,2,902,0.428973791330185,0.42423144433280074
mlp,de,2,903,0.428973791330185,0.4242366961013471
mlp,de,2,904,0.428973791330185,0.42424193625093654
mlp,de,2,905,0.428973791330185,0.42424716482008484
mlp,de,2,906,0.428973791330185,0.4242523818471379
mlp,de,2,907,0.428973791330185,0.42425758737027247
mlp,de,2,908,0.428973791330185,0.42426278142749707
mlp,de,2,909,0.428973791330185,0.4242679640566529
mlp,de,2,910,0.428973791330185,0.42427313529541505
mlp,de,2,911,0.428973791330185,0.424278295181293
mlp,de,2,912,0.428973791330185,0.4242834437516317
mlp,de,2,913,0.428973791330185,0.42428858104361256
mlp,de,2,914,0.428973791330185,0.42429370709425435
mlp,de,2,915,0.428973791330185,0.42429108980393393
mlp,de,2,916,0.428973791330185,0.42429620192350403
mlp,de,2,917,0.428973791330185,0.42429358762091685
mlp,de,2,918,0.428973791330185,0.42429868588203806
mlp,de,2,919,0.428973791330185,0.4243037730479229
mlp,de,2,920,0.428973791330185,0.42430115904075233
mlp,de,2,921,0.428973791330185,0.4243062324742914
mlp,de,2,922,0.428973791330185,0.4243112949025515
mlp,de,2,923,0.428973791330185,0.4243086812422574
mlp,de,2,924,0.428973791330185,0.42431373006269885
mlp,de,2,925,0.428973791330185,0.42431876796677187
mlp,de,2,926,0.428973791330185,0.4243237949898424
mlp,de,2,927,0.428973791330185,0.4243288111671244
mlp,de,2,928,0.428973791330185,0.4243338165336794
mlp,de,2,929,0.428973791330185,0.4243388111244184
mlp,de,2,930,0.428973791330185,0.424343794974102
mlp,de,2,931,0.428973791330185,0.4243411688639806
mlp,de,2,932,0.428973791330185,0.4243385483892886
mlp,de,2,933,0.428973791330185,0.4243435164953346
mlp,de,2,934,0.428973791330185,0.4243484739630378
mlp,de,2,935,0.428973791330185,0.4243534208265321
mlp,de,2,936,0.428973791330185,0.42435835711980524
mlp,de,2,937,0.428973791330185,0.4243632828767
mlp,de,2,938,0.428973791330185,0.4243681981309148
mlp,de,2,939,0.428973791330185,0.4243731029160045
mlp,de,2,940,0.428973791330185,0.42437799726538133
mlp,de,2,941,0.428973791330185,0.42438288121231527
mlp,de,2,942,0.428973791330185,0.42438775478993507
mlp,de,2,943,0.428973791330185,0.4243926180312291
mlp,de,2,944,0.428973791330185,0.42439747096904573
mlp,de,2,945,0.428973791330185,0.42440231363609454
mlp,de,2,946,0.428973791330185,0.42440714606494667
mlp,de,2,947,0.428973791330185,0.4244119682880356
mlp,de,2,948,0.428973791330185,0.4244167803376581
mlp,de,2,949,0.428973791330185,0.4244215822459748
mlp,de,2,950,0.428973791330185,0.4244263740450108
mlp,de,2,951,0.428973791330185,0.4244311557666567
mlp,de,2,952,0.428973791330185,0.4244359274426687
mlp,de,2,953,0.428973791330185,0.42444068910467037
mlp,de,2,954,0.428973791330185,0.42444544078415203
mlp,de,2,955,0.428973791330185,0.42445018251247246
mlp,de,2,956,0.428973791330185,0.4244549143208592
mlp,de,2,957,0.428973791330185,0.42445963624040917
mlp,de,2,958,0.428973791330185,0.42446434830208957
mlp,de,2,959,0.428973791330185,0.4244690505367382
mlp,de,2,960,0.428973791330185,0.42447374297506474
mlp,de,2,961,0.428973791330185,0.42447842564765065
mlp,de,2,962,0.428973791330185,0.42448309858495065
mlp,de,2,963,0.428973791330185,0.4244877618172925
mlp,de,2,964,0.428973791330185,0.42449241537487853
mlp,de,2,965,0.428973791330185,0.42449705928778547
mlp,de,2,966,0.428973791330185,0.42450169358596607
mlp,de,2,967,0.428973791330185,0.4245063182992487
mlp,de,2,968,0.428973791330185,0.4245109334573384
mlp,de,2,969,0.428973791330185,0.4245155390898182
mlp,de,2,970,0.428973791330185,0.4245201352261484
mlp,de,2,971,0.428973791330185,0.4245247218956686
mlp,de,2,972,0.428973791330185,0.424529299127597
mlp,de,2,973,0.428973791330185,0.4245338669510324
mlp,de,2,974,0.428973791330185,0.4245384253949535
mlp,de,2,975,0.428973791330185,0.4245429744882204
mlp,de,2,976,0.428973791330185,0.4245475142595749
mlp,de,2,977,0.428973791330185,0.424552044737641
mlp,de,2,978,0.428973791330185,0.4245565659509259
mlp,de,2,979,0.428973791330185,0.42456107792781983
mlp,de,2,980,0.428973791330185,0.42456558069659783
mlp,de,2,981,0.428973791330185,0.42457007428541893
mlp,de,2,982,0.428973791330185,0.42457455872232813
mlp,de,2,983,0.428973791330185,0.4245790340352558
mlp,de,2,984,0.428973791330185,0.4245835002520189
mlp,de,2,985,0.428973791330185,0.42458795740032157
mlp,de,2,986,0.428973791330185,0.4245924055077555
mlp,de,2,987,0.428973791330185,0.4245968446018006
mlp,de,2,988,0.428973791330185,0.4246012747098252
mlp,de,2,989,0.428973791330185,0.4246056958590875
mlp,de,2,990,0.428973791330185,0.42461010807673505
mlp,de,2,991,0.428973791330185,0.42461451138980616
mlp,de,2,992,0.428973791330185,0.4246189058252299
mlp,de,2,993,0.428973791330185,0.424623291409827
mlp,de,2,994,0.428973791330185,0.4246276681703103
mlp,de,2,995,0.428973791330185,0.42463203613328504
mlp,de,2,996,0.428973791330185,0.42463639532524977
mlp,de,2,997,0.428973791330185,0.42464074577259675
mlp,de,2,998,0.428973791330185,0.42464508750161245
mlp,de,2,999,0.428973791330185,0.4246494205384779
mlp,de,2,1000,0.428973791330185,0.4246537449092695
mlp,de,3,1,0.36063659229353506,0.36063659229353506
mlp,de,3,2,0.3925520284294238,0.37659431036147945
mlp,de,3,3,0.4067431109513823,0.3866439105581137
mlp,de,3,4,0.4067431109513823,0.38695573572426567
mlp,de,3,5,0.4132755165035149,0.3922196918801155
mlp,de,3,6,0.4132755165035149,0.3867580494353387
mlp,de,3,7,0.4132755165035149,0.3888805842327182
mlp,de,3,8,0.4132755165035149,0.39157919530364627
mlp,de,3,9,0.4132755165035149,0.3933015582685035
mlp,de,3,10,0.41883758967188894,0.395855161408842
mlp,de,3,11,0.41883758967188894,0.39731295177696224
mlp,de,3,12,0.41883758967188894,0.3986253813774969
mlp,de,3,13,0.41883758967188894,0.39349409830481424
mlp,de,3,14,0.41883758967188894,0.3944294850656349
mlp,de,3,15,0.41883758967188894,0.3951847841387067
mlp,de,3,16,0.41883758967188894,0.39553200810733014
mlp,de,3,17,0.41883758967188894,0.39674059644886855
mlp,de,3,18,0.41883758967188894,0.3976130716087795
mlp,de,3,19,0.41883758967188894,0.39820926989656047
mlp,de,3,20,0.41974193448580116,0.39928590312602247
mlp,de,3,21,0.41974193448580116,0.39994201824131687
mlp,de,3,22,0.41974193448580116,0.40051442480996646
mlp,de,3,23,0.41974193448580116,0.40025290748244147
mlp,de,3,24,0.41974193448580116,0.40056312702006025
mlp,de,3,25,0.41974193448580116,0.4010700481836947
mlp,de,3,26,0.41974193448580116,0.4007768332709053
mlp,de,3,27,0.41974193448580116,0.40078015132582673
mlp,de,3,28,0.41974193448580116,0.40124681270039275
mlp,de,3,29,0.41974193448580116,0.40133761275439767
mlp,de,3,30,0.41974193448580116,0.40166812009738834
mlp,de,3,31,0.41974193448580116,0.38993857657149383
mlp,de,3,32,0.41974193448580116,0.3903850853095284
mlp,de,3,33,0.41974193448580116,0.39109749739528976
mlp,de,3,34,0.41974193448580116,0.39151022279471104
mlp,de,3,35,0.41974193448580116,0.3918175823918668
mlp,de,3,36,0.41974193448580116,0.3923892618729113
mlp,de,3,37,0.41974193448580116,0.39249463829086667
mlp,de,3,38,0.41974193448580116,0.39254739850102527
mlp,de,3,39,0.41974193448580116,0.3928028990846704
mlp,de,3,40,0.41974193448580116,0.3931243630045741
mlp,de,3,41,0.41974193448580116,0.3936213997694759
mlp,de,3,42,0.41974193448580116,0.3940828961194777
mlp,de,3,43,0.41974193448580116,0.3945302237199741
mlp,de,3,44,0.41974193448580116,0.3948771060916309
mlp,de,3,45,0.41974193448580116,0.39523972403215246
mlp,de,3,46,0.41974193448580116,0.3953505347620599
mlp,de,3,47,0.42209672758958205,0.39591960269456034
mlp,de,3,48,0.42209672758958205,0.39597507664938925
mlp,de,3,49,0.42209672758958205,0.3963102392424521
mlp,de,3,50,0.42209672758958205,0.3966487460232973
mlp,de,3,51,0.42209672758958205,0.3971441998672642
mlp,de,3,52,0.42477805069141295,0.39767562007542084
mlp,de,3,53,0.42477805069141295,0.398148450291883
mlp,de,3,54,0.42477805069141295,0.3984408455206791
mlp,de,3,55,0.42477805069141295,0.39865230669775803
mlp,de,3,56,0.42477805069141295,0.3989404235469857
mlp,de,3,57,0.42477805069141295,0.3993466744951015
mlp,de,3,58,0.42477805069141295,0.3995509544764808
mlp,de,3,59,0.42477805069141295,0.3998219647960794
mlp,de,3,60,0.4258821832953123,0.4002563017710666
mlp,de,3,61,0.4258821832953123,0.4004010062961746
mlp,de,3,62,0.4258821832953123,0.4005899400416621
mlp,de,3,63,0.4258821832953123,0.4007510635183813
mlp,de,3,64,0.4258821832953123,0.4010600786431093
mlp,de,3,65,0.4258821832953123,0.4011792919960433
mlp,de,3,66,0.4258821832953123,0.4013776602143736
mlp,de,3,67,0.4258821832953123,0.40157916716669656
mlp,de,3,68,0.4258821832953123,0.40185608237147497
mlp,de,3,69,0.4258821832953123,0.40186298644566815
mlp,de,3,70,0.4258821832953123,0.4022028924293797
mlp,de,3,71,0.4258821832953123,0.4023690385363536
mlp,de,3,72,0.4258821832953123,0.40243012397523253
mlp,de,3,73,0.4258821832953123,0.40254119569785984
mlp,de,3,74,0.4258821832953123,0.4026520000678208
mlp,de,3,75,0.4258821832953123,0.4028762899383479
mlp,de,3,76,0.4258821832953123,0.403142154308204
mlp,de,3,77,0.4263273646988645,0.4034432609366541
mlp,de,3,78,0.4263273646988645,0.40330887553322087
mlp,de,3,79,0.4263273646988645,0.40342599062798373
mlp,de,3,80,0.4263273646988645,0.4035519538144337
mlp,de,3,81,0.4263273646988645,0.4037179265535021
mlp,de,3,82,0.4263273646988645,0.4038540326445571
mlp,de,3,83,0.4263273646988645,0.4040581180746809
mlp,de,3,84,0.4263273646988645,0.40421194581561115
mlp,de,3,85,0.4263273646988645,0.4043821931208464
mlp,de,3,86,0.4263273646988645,0.4045749865163879
mlp,de,3,87,0.4263273646988645,0.4047857308637588
mlp,de,3,88,0.4263273646988645,0.404891678384284
mlp,de,3,89,0.4263273646988645,0.40508038386606865
mlp,de,3,90,0.4263273646988645,0.40525372523502134
mlp,de,3,91,0.4263273646988645,0.40541506311899494
mlp,de,3,92,0.4263273646988645,0.4054870715617393
mlp,de,3,93,0.4263273646988645,0.4056309061441169
mlp,de,3,94,0.4263273646988645,0.40582629954559524
mlp,de,3,95,0.4263273646988645,0.40594256105834114
mlp,de,3,96,0.4263273646988645,0.40607422789198555
mlp,de,3,97,0.4263273646988645,0.40627461190339537
mlp,de,3,98,0.4263273646988645,0.40643202403702305
mlp,de,3,99,0.4263273646988645,0.40637191533221834
mlp,de,3,100,0.4263273646988645,0.40654992239124765
mlp,de,3,101,0.4263273646988645,0.40666905758626704
mlp,de,3,102,0.4263273646988645,0.4067809743624493
mlp,de,3,103,0.4263273646988645,0.4069336271668242
mlp,de,3,104,0.4263273646988645,0.4070215539240035
mlp,de,3,105,0.4263273646988645,0.40716121975580455
mlp,de,3,106,0.4263273646988645,0.40727137418897513
mlp,de,3,107,0.4263273646988645,0.4074276967281724
mlp,de,3,108,0.4263273646988645,0.4075284848608725
mlp,de,3,109,0.4263273646988645,0.40762532966725773
mlp,de,3,110,0.4263273646988645,0.40778984714265526
mlp,de,3,111,0.4263273646988645,0.40790807824809033
mlp,de,3,112,0.4263273646988645,0.4080477766799415
mlp,de,3,113,0.4263273646988645,0.40814906556620656
mlp,de,3,114,0.4263273646988645,0.4082919787465904
mlp,de,3,115,0.4263273646988645,0.4084059554316547
mlp,de,3,116,0.4263273646988645,0.4085081056078977
mlp,de,3,117,0.4263273646988645,0.408646253605403
mlp,de,3,118,0.4263273646988645,0.408749648425867
mlp,de,3,119,0.4263273646988645,0.40880163329151403
mlp,de,3,120,0.4263273646988645,0.4089439712082123
mlp,de,3,121,0.4263273646988645,0.40900293020577655
mlp,de,3,122,0.4263273646988645,0.40912991111376495
mlp,de,3,123,0.4263273646988645,0.4092691927442604
mlp,de,3,124,0.4263273646988645,0.4093408358304089
mlp,de,3,125,0.4263273646988645,0.4094333557084877
mlp,de,3,126,0.4263273646988645,0.40952440701707327
mlp,de,3,127,0.4263273646988645,0.40962587267641043
mlp,de,3,128,0.4263273646988645,0.40975204074871785
mlp,de,3,129,0.4263273646988645,0.40979575775496274
mlp,de,3,130,0.4263273646988645,0.40990839549152147
mlp,de,3,131,0.4263273646988645,0.4099632077800732
mlp,de,3,132,0.4263273646988645,0.41005151397880757
mlp,de,3,133,0.4263273646988645,0.41015849144613525
mlp,de,3,134,0.4263273646988645,0.410259691793314
mlp,de,3,135,0.4263273646988645,0.4103407418155268
mlp,de,3,136,0.4263273646988645,0.4104151931477721
mlp,de,3,137,0.4263273646988645,0.4105163370334136
mlp,de,3,138,0.4263273646988645,0.4106172416065771
mlp,de,3,139,0.4263273646988645,0.41068249449357175
mlp,de,3,140,0.4263273646988645,0.41072103388942827
mlp,de,3,141,0.4263273646988645,0.4108304803692029
mlp,de,3,142,0.4263273646988645,0.41090103604783546
mlp,de,3,143,0.4263273646988645,0.4109761953468329
mlp,de,3,144,0.4263273646988645,0.4110339034352262
mlp,de,3,145,0.4263273646988645,0.4111018767825292
mlp,de,3,146,0.4263273646988645,0.4111944554939125
mlp,de,3,147,0.4263273646988645,0.41129245362594813
mlp,de,3,148,0.4263273646988645,0.41136820875829355
mlp,de,3,149,0.4263273646988645,0.4114529689500498
mlp,de,3,150,0.4263273646988645,0.41151598796098454
mlp,de,3,151,0.4263273646988645,0.41160560187492895
mlp,de,3,152,0.4263273646988645,0.411675119418305
mlp,de,3,153,0.4263273646988645,0.41175854127509764
mlp,de,3,154,0.4263273646988645,0.4118477163686248
mlp,de,3,155,0.4263273646988645,0.4119247057608488
mlp,de,3,156,0.4263273646988645,0.4120141767706851
mlp,de,3,157,0.4263273646988645,0.4120788779916877
mlp,de,3,158,0.4263273646988645,0.412161312650906
mlp,de,3,159,0.4263273646988645,0.4122246240580713
mlp,de,3,160,0.4263273646988645,0.4123034178310167
mlp,de,3,161,0.4263273646988645,0.4123740420139806
mlp,de,3,162,0.4263273646988645,0.41243316369443517
mlp,de,3,163,0.42693273886129535,0.4125221181433116
mlp,de,3,164,0.42693273886129535,0.41257658159250304
mlp,de,3,165,0.42693273886129535,0.41263045438195545
mlp,de,3,166,0.42693273886129535,0.41269193540852533
mlp,de,3,167,0.42693273886129535,0.41276964414405476
mlp,de,3,168,0.42693273886129535,0.4128437736730473
mlp,de,3,169,0.4271463850311338,0.4129284045094857
mlp,de,3,170,0.4271463850311338,0.41299969441805684
mlp,de,3,171,0.4271463850311338,0.4130455990514894
mlp,de,3,172,0.4271463850311338,0.4130971446326069
mlp,de,3,173,0.4271463850311338,0.41315671998488157
mlp,de,3,174,0.4271463850311338,0.41322537995133723
mlp,de,3,175,0.4271463850311338,0.41328693712809006
mlp,de,3,176,0.4271463850311338,0.4133484348220172
mlp,de,3,177,0.4271463850311338,0.4134107764440003
mlp,de,3,178,0.4271463850311338,0.41347433752358453
mlp,de,3,179,0.4271463850311338,0.41353559074137225
mlp,de,3,180,0.4271463850311338,0.4135995451572485
mlp,de,3,181,0.4271463850311338,0.41365942978901843
mlp,de,3,182,0.4271463850311338,0.4137105456148121
mlp,de,3,183,0.4271463850311338,0.41376557581453083
mlp,de,3,184,0.4271463850311338,0.4138116307360112
mlp,de,3,185,0.4271463850311338,0.4138702893316733
mlp,de,3,186,0.4271463850311338,0.4139324788163137
mlp,de,3,187,0.4271463850311338,0.4139833482744339
mlp,de,3,188,0.4271463850311338,0.4140316345205911
mlp,de,3,189,0.4271463850311338,0.41406770728363046
mlp,de,3,190,0.4271463850311338,0.4141092206872941
mlp,de,3,191,0.4271463850311338,0.41416447854198635
mlp,de,3,192,0.4271463850311338,0.4142111314529942
mlp,de,3,193,0.4271463850311338,0.4142563963972449
mlp,de,3,194,0.4271463850311338,0.4142998003304255
mlp,de,3,195,0.4271463850311338,0.4143574635824539
mlp,de,3,196,0.4271463850311338,0.414413720081952
mlp,de,3,197,0.4271463850311338,0.41447501062471326
mlp,de,3,198,0.4271463850311338,0.41452367487034236
mlp,de,3,199,0.4271463850311338,0.41455306607394304
mlp,de,3,200,0.4271463850311338,0.41458844720311816
mlp,de,3,201,0.4271463850311338,0.4146369286913498
mlp,de,3,202,0.4271463850311338,0.4146843992530565
mlp,de,3,203,0.4271463850311338,0.41473737035759706
mlp,de,3,204,0.4271463850311338,0.4147757400958795
mlp,de,3,205,0.4271463850311338,0.41482584568370007
mlp,de,3,206,0.4271463850311338,0.4148808283415506
mlp,de,3,207,0.4271463850311338,0.4149197966379362
mlp,de,3,208,0.4271463850311338,0.41494803378556544
mlp,de,3,209,0.4271463850311338,0.4149897696977661
mlp,de,3,210,0.4271463850311338,0.4150361046716102
mlp,de,3,211,0.4271463850311338,0.4150735983257417
mlp,de,3,212,0.4271463850311338,0.4151191007591345
mlp,de,3,213,0.4271463850311338,0.4151610492098367
mlp,de,3,214,0.4271463850311338,0.41521089802810834
mlp,de,3,215,0.4271463850311338,0.4152474108863589
mlp,de,3,216,0.4271463850311338,0.41529430741359435
mlp,de,3,217,0.4271463850311338,0.41532966004387345
mlp,de,3,218,0.4271463850311338,0.4153674029043141
mlp,de,3,219,0.4271463850311338,0.41541010934860956
mlp,de,3,220,0.4271463850311338,0.4154361236936576
mlp,de,3,221,0.4271463850311338,0.41547287247160464
mlp,de,3,222,0.4271463850311338,0.41551928018989365
mlp,de,3,223,0.4271463850311338,0.4155632744644252
mlp,de,3,224,0.4271463850311338,0.4156120453686282
mlp,de,3,225,0.4271463850311338,0.41565544543707517
mlp,de,3,226,0.4271463850311338,0.4156843259873403
mlp,de,3,227,0.4271463850311338,0.415721719358476
mlp,de,3,228,0.4271463850311338,0.415750055895487
mlp,de,3,229,0.4271463850311338,0.41577715283035277
mlp,de,3,230,0.4271463850311338,0.41580450654099427
mlp,de,3,231,0.4271463850311338,0.41583758291042977
mlp,de,3,232,0.4271463850311338,0.4158649314745961
mlp,de,3,233,0.4271463850311338,0.415901045576136
mlp,de,3,234,0.4271463850311338,0.4159356474577896
mlp,de,3,235,0.4271463850311338,0.4159720685366091
mlp,de,3,236,0.4271463850311338,0.41600331467193585
mlp,de,3,237,0.4271463850311338,0.41603471447283397
mlp,de,3,238,0.4271463850311338,0.41606199906481806
mlp,de,3,239,0.4271463850311338,0.4160919575916363
mlp,de,3,240,0.4271463850311338,0.41612218342031165
mlp,de,3,241,0.4271463850311338,0.4161402080658742
mlp,de,3,242,0.4271463850311338,0.4161775611522188
mlp,de,3,243,0.4271463850311338,0.416205021293074
mlp,de,3,244,0.4271463850311338,0.41623265344225546
mlp,de,3,245,0.4271463850311338,0.41626863194085484
mlp,de,3,246,0.4271463850311338,0.4162987347024295
mlp,de,3,247,0.4271463850311338,0.416323956211185
mlp,de,3,248,0.4271463850311338,0.41636046066504795
mlp,de,3,249,0.4271463850311338,0.41639183480388364
mlp,de,3,250,0.4271463850311338,0.4164255653828042
mlp,de,3,251,0.4271463850311338,0.4164596921903953
mlp,de,3,252,0.4271463850311338,0.41647426159341777
mlp,de,3,253,0.4271463850311338,0.416493963333896
mlp,de,3,254,0.4271463850311338,0.41651222830210577
mlp,de,3,255,0.4271463850311338,0.41654897322364776
mlp,de,3,256,0.4271463850311338,0.4165787530986927
mlp,de,3,257,0.4271463850311338,0.41660441801191045
mlp,de,3,258,0.4271463850311338,0.41663093246876587
mlp,de,3,259,0.4271463850311338,0.41665724187037206
mlp,de,3,260,0.4271463850311338,0.4166695274584512
mlp,de,3,261,0.4271463850311338,0.41669548738192375
mlp,de,3,262,0.4271463850311338,0.41670860071921434
mlp,de,3,263,0.4271463850311338,0.41672542453875794
mlp,de,3,264,0.4271463850311338,0.4167584061679009
mlp,de,3,265,0.4271463850311338,0.41679010991808446
mlp,de,3,266,0.4271463850311338,0.4168215635425032
mlp,de,3,267,0.4271463850311338,0.41684844115426567
mlp,de,3,268,0.4271463850311338,0.41687491381847747
mlp,de,3,269,0.4271463850311338,0.41689359029666545
mlp,de,3,270,0.4271463850311338,0.4168939090300587
mlp,de,3,271,0.4271463850311338,0.41692378904872335
mlp,de,3,272,0.4271463850311338,0.4169486056746038
mlp,de,3,273,0.4271463850311338,0.416972250637613
mlp,de,3,274,0.4271463850311338,0.41700333098490006
mlp,de,3,275,0.4271463850311338,0.4170263958048594
mlp,de,3,276,0.4271463850311338,0.41705545736208494
mlp,de,3,277,0.4271463850311338,0.4170845118631177
mlp,de,3,278,0.4271463850311338,0.41711237918637745
mlp,de,3,279,0.4271463850311338,0.417142025631889
mlp,de,3,280,0.4271463850311338,0.4171639566660296
mlp,de,3,281,0.4271463850311338,0.417182019743257
mlp,de,3,282,0.4271463850311338,0.4172083494763047
mlp,de,3,283,0.4271463850311338,0.41724252259458117
mlp,de,3,284,0.4271463850311338,0.4172678611189227
mlp,de,3,285,0.4271463850311338,0.4172893903100006
mlp,de,3,286,0.4271463850311338,0.41730689973714463
mlp,de,3,287,0.4271463850311338,0.417328287081213
mlp,de,3,288,0.4271463850311338,0.4173470625481113
mlp,de,3,289,0.4271463850311338,0.4173746855757192
mlp,de,3,290,0.4271463850311338,0.4174009500878311
mlp,de,3,291,0.4271463850311338,0.41742797968915285
mlp,de,3,292,0.4271463850311338,0.41744557152914613
mlp,de,3,293,0.4271463850311338,0.4174718896263623
mlp,de,3,294,0.4271463850311338,0.41749090075876233
mlp,de,3,295,0.4271463850311338,0.41751521455596485
mlp,de,3,296,0.4271463850311338,0.41753865199254725
mlp,de,3,297,0.4271463850311338,0.417564857622158
mlp,de,3,298,0.4271463850311338,0.41758016142716875
mlp,de,3,299,0.4271463850311338,0.41759645447209903
mlp,de,3,300,0.4271463850311338,0.4176132048394119
mlp,de,3,301,0.4271463850311338,0.4176329427057774
mlp,de,3,302,0.4271463850311338,0.41765383731656297
mlp,de,3,303,0.4271463850311338,0.4176757042466515
mlp,de,3,304,0.4271463850311338,0.4176837814752877
mlp,de,3,305,0.4271463850311338,0.4177014122329162
mlp,de,3,306,0.4271463850311338,0.4177272252024268
mlp,de,3,307,0.4271463850311338,0.4177496349068576
mlp,de,3,308,0.4271463850311338,0.41775951636282505
mlp,de,3,309,0.4271463850311338,0.41777148816079135
mlp,de,3,310,0.4271463850311338,0.4177889176692909
mlp,de,3,311,0.4271463850311338,0.41780906301684523
mlp,de,3,312,0.4271463850311338,0.4178319044154719
mlp,de,3,313,0.4271463850311338,0.4178514290504481
mlp,de,3,314,0.4271463850311338,0.4178724075041333
mlp,de,3,315,0.4271463850311338,0.41789325276128714
mlp,de,3,316,0.4271463850311338,0.4179123978954698
mlp,de,3,317,0.4271463850311338,0.41792201943251067
mlp,de,3,318,0.4271463850311338,0.4179426879279442
mlp,de,3,319,0.4271463850311338,0.4179665169139882
mlp,de,3,320,0.4271463850311338,0.4179827922854934
mlp,de,3,321,0.4271463850311338,0.4180046259359691
mlp,de,3,322,0.4271463850311338,0.4180213477846802
mlp,de,3,323,0.4271463850311338,0.4180398509986071
mlp,de,3,324,0.4271463850311338,0.4180594413039931
mlp,de,3,325,0.4271463850311338,0.4180819775999318
mlp,de,3,326,0.4271463850311338,0.41809793078272733
mlp,de,3,327,0.4271463850311338,0.4181072131511569
mlp,de,3,328,0.4271463850311338,0.41812890885805826
mlp,de,3,329,0.4271463850311338,0.41814361074050843
mlp,de,3,330,0.4271463850311338,0.418166898878628
mlp,de,3,331,0.4271463850311338,0.41818183767089695
mlp,de,3,332,0.4271463850311338,0.41820251703212646
mlp,de,3,333,0.4271463850311338,0.41821777288245426
mlp,de,3,334,0.4271463850311338,0.4182190281293842
mlp,de,3,335,0.4271463850311338,0.418235944290462
mlp,de,3,336,0.4271463850311338,0.41825541484522677
mlp,de,3,337,0.4271463850311338,0.41827804620561276
mlp,de,3,338,0.4271463850311338,0.4182928529185881
mlp,de,3,339,0.4271463850311338,0.4183113126874297
mlp,de,3,340,0.4271463850311338,0.4183228667129576
mlp,de,3,341,0.4271463850311338,0.418342422511712
mlp,de,3,342,0.4271463850311338,0.41835636758951295
mlp,de,3,343,0.4271463850311338,0.41838137158738986
mlp,de,3,344,0.4271463850311338,0.418395305494972
mlp,de,3,345,0.4271463850311338,0.41841076085603834
mlp,de,3,346,0.4271463850311338,0.41842084214388525
mlp,de,3,347,0.4271463850311338,0.41844264149415145
mlp,de,3,348,0.4271463850311338,0.41845355252826855
mlp,de,3,349,0.4271463850311338,0.4184659507278272
mlp,de,3,350,0.4271463850311338,0.4184718033134789
mlp,de,3,351,0.4271463850311338,0.4184818887565877
mlp,de,3,352,0.4271463850311338,0.4184997755802662
mlp,de,3,353,0.4271463850311338,0.4185177128384789
mlp,de,3,354,0.4271463850311338,0.41852414055177367
mlp,de,3,355,0.4271463850311338,0.4185429920524433
mlp,de,3,356,0.4271463850311338,0.41855026810077683
mlp,de,3,357,0.4271463850311338,0.41856940947159843
mlp,de,3,358,0.4271463850311338,0.41858227323228014
mlp,de,3,359,0.4271463850311338,0.41859151170921266
mlp,de,3,360,0.4271463850311338,0.41860350199413615
mlp,de,3,361,0.4271463850311338,0.41861278662567525
mlp,de,3,362,0.4271463850311338,0.4186304070882788
mlp,de,3,363,0.4271463850311338,0.41864519240574904
mlp,de,3,364,0.4271463850311338,0.4186552250817585
mlp,de,3,365,0.4271463850311338,0.4186667186442195
mlp,de,3,366,0.4271463850311338,0.41868143832212784
mlp,de,3,367,0.4271463850311338,0.4187029975309819
mlp,de,3,368,0.4271463850311338,0.418715005248168
mlp,de,3,369,0.4271463850311338,0.4187256561168107
mlp,de,3,370,0.4271463850311338,0.41872512270658535
mlp,de,3,371,0.4271463850311338,0.4187399441550204
mlp,de,3,372,0.4271463850311338,0.41875427952774963
mlp,de,3,373,0.4271463850311338,0.41876464758442034
mlp,de,3,374,0.4271463850311338,0.4187733455276937
mlp,de,3,375,0.4271463850311338,0.4187860012893102
mlp,de,3,376,0.4271463850311338,0.4188025103559141
mlp,de,3,377,0.4271463850311338,0.4188190750117316
mlp,de,3,378,0.4271463850311338,0.4188394950992162
mlp,de,3,379,0.4271463850311338,0.4188447915301421
mlp,de,3,380,0.4271463850311338,0.41885704536350643
mlp,de,3,381,0.4271463850311338,0.41887348773334027
mlp,de,3,382,0.4271463850311338,0.41888404932116313
mlp,de,3,383,0.4271463850311338,0.41890232121143506
mlp,de,3,384,0.4271463850311338,0.41890395804031905
mlp,de,3,385,0.4271463850311338,0.418920258551802
mlp,de,3,386,0.4271463850311338,0.4189296061912145
mlp,de,3,387,0.4271463850311338,0.4189457561880365
mlp,de,3,388,0.4271463850311338,0.4189538638613539
mlp,de,3,389,0.4271463850311338,0.418962458263955
mlp,de,3,390,0.4271463850311338,0.4189664374881652
mlp,de,3,391,0.4271463850311338,0.41897875113183575
mlp,de,3,392,0.4271463850311338,0.4189815708501764
mlp,de,3,393,0.4271463850311338,0.41898971558032094
mlp,de,3,394,0.4271463850311338,0.4189886822338943
mlp,de,3,395,0.4271463850311338,0.4190020767526273
mlp,de,3,396,0.4271463850311338,0.4190107881291643
mlp,de,3,397,0.4271463850311338,0.41902632683655
mlp,de,3,398,0.4271463850311338,0.4190378414435814
mlp,de,3,399,0.4271463850311338,0.41904252309557805
mlp,de,3,400,0.4271463850311338,0.4190569779866742
mlp,de,3,401,0.4271463850311338,0.4190717820573617
mlp,de,3,402,0.4271463850311338,0.4190869757710529
mlp,de,3,403,0.4271463850311338,0.4190947988618616
mlp,de,3,404,0.4271463850311338,0.4191063827708403
mlp,de,3,405,0.4271463850311338,0.4191206660411651
mlp,de,3,406,0.4271463850311338,0.41912726866909844
mlp,de,3,407,0.4271463850311338,0.41914032493313014
mlp,de,3,408,0.4271463850311338,0.4191469483794476
mlp,de,3,409,0.4271463850311338,0.4191546504285765
mlp,de,3,410,0.4271463850311338,0.41916646319797773
mlp,de,3,411,0.4271463850311338,0.4191744566740443
mlp,de,3,412,0.4271463850311338,0.4191773078157235
mlp,de,3,413,0.4271463850311338,0.4191843640520904
mlp,de,3,414,0.4271463850311338,0.4191978753724752
mlp,de,3,415,0.4271463850311338,0.4192045418740607
mlp,de,3,416,0.4271463850311338,0.4192079860305613
mlp,de,3,417,0.4271463850311338,0.419220276774703
mlp,de,3,418,0.4271463850311338,0.4192303839295119
mlp,de,3,419,0.4271463850311338,0.41924006990536283
mlp,de,3,420,0.4271463850311338,0.4192542117745436
mlp,de,3,421,0.4271463850311338,0.41925996218648004
mlp,de,3,422,0.4271463850311338,0.4192711885256826
mlp,de,3,423,0.4271463850311338,0.41928067204025854
mlp,de,3,424,0.4271463850311338,0.41929128619149225
mlp,de,3,425,0.4271463850311338,0.4192999243653557
mlp,de,3,426,0.4271463850311338,0.4193087535629769
mlp,de,3,427,0.4271463850311338,0.419322061854605
mlp,de,3,428,0.4271463850311338,0.41933195026759756
mlp,de,3,429,0.4271463850311338,0.4193459320094605
mlp,de,3,430,0.4271463850311338,0.4193588144464077
mlp,de,3,431,0.4271463850311338,0.4193681694722436
mlp,de,3,432,0.4271463850311338,0.4193741794353412
mlp,de,3,433,0.4271463850311338,0.4193872815280982
mlp,de,3,434,0.4271463850311338,0.4193913045320869
mlp,de,3,435,0.4271463850311338,0.41940737214907103
mlp,de,3,436,0.4271463850311338,0.41941904010510606
mlp,de,3,437,0.4271463850311338,0.4194340656808067
mlp,de,3,438,0.4271463850311338,0.4194395648254411
mlp,de,3,439,0.4271463850311338,0.4194427704691648
mlp,de,3,440,0.4271463850311338,0.4194526302457425
mlp,de,3,441,0.4271463850311338,0.4194629369478679
mlp,de,3,442,0.4271463850311338,0.4194743208031451
mlp,de,3,443,0.4271463850311338,0.4194871550676223
mlp,de,3,444,0.4271463850311338,0.4194944714335689
mlp,de,3,445,0.4271463850311338,0.4194957963982606
mlp,de,3,446,0.4271463850311338,0.41950854047575614
mlp,de,3,447,0.4271463850311338,0.4195196949735293
mlp,de,3,448,0.4271463850311338,0.4195221896521114
mlp,de,3,449,0.4271463850311338,0.4195335144067007
mlp,de,3,450,0.4271463850311338,0.419542449491609
mlp,de,3,451,0.4271463850311338,0.41954890033943537
mlp,de,3,452,0.4271463850311338,0.41955067075250274
mlp,de,3,453,0.4271463850311338,0.41956292877324375
mlp,de,3,454,0.4271463850311338,0.4195734360366015
mlp,de,3,455,0.4271463850311338,0.419583544135939
mlp,de,3,456,0.4271463850311338,0.41959347173927963
mlp,de,3,457,0.4271463850311338,0.41959865992700646
mlp,de,3,458,0.4271463850311338,0.4196039287783552
mlp,de,3,459,0.4271463850311338,0.4196084412106459
mlp,de,3,460,0.4271463850311338,0.41960609306526064
mlp,de,3,461,0.4271463850311338,0.41960770485263726
mlp,de,3,462,0.4271463850311338,0.41961280608354157
mlp,de,3,463,0.4271463850311338,0.4196190596401153
mlp,de,3,464,0.4271463850311338,0.4196276697140598
mlp,de,3,465,0.4271463850311338,0.4196420542048485
mlp,de,3,466,0.4271463850311338,0.41964641703960165
mlp,de,3,467,0.4271463850311338,0.41965826551480867
mlp,de,3,468,0.4271463850311338,0.41966390402112996
mlp,de,3,469,0.4271463850311338,0.4196670369875224
mlp,de,3,470,0.4271463850311338,0.41967356589084237
mlp,de,3,471,0.4271463850311338,0.4196788926082652
mlp,de,3,472,0.4271463850311338,0.41969110744696553
mlp,de,3,473,0.4271463850311338,0.41970266937618245
mlp,de,3,474,0.4271463850311338,0.41971176662286286
mlp,de,3,475,0.4271463850311338,0.4197229995049181
mlp,de,3,476,0.4271463850311338,0.4197298938071541
mlp,de,3,477,0.4271463850311338,0.4197352473976508
mlp,de,3,478,0.4271463850311338,0.41974416419667243
mlp,de,3,479,0.4271463850311338,0.4197559378361033
mlp,de,3,480,0.4271463850311338,0.41976341745826506
mlp,de,3,481,0.4271463850311338,0.41977463675661914
mlp,de,3,482,0.4271463850311338,0.4197856926018298
mlp,de,3,483,0.4271463850311338,0.41979144644109556
mlp,de,3,484,0.4271463850311338,0.4198028726343721
mlp,de,3,485,0.4271463850311338,0.41981335203078946
mlp,de,3,486,0.4271463850311338,0.4198219621827489
mlp,de,3,487,0.4271463850311338,0.4198329166218263
mlp,de,3,488,0.4271463850311338,0.41984461993710115
mlp,de,3,489,0.4271463850311338,0.41985265690673756
mlp,de,3,490,0.4271463850311338,0.41986293945846337
mlp,de,3,491,0.4271463850311338,0.41986338984800087
mlp,de,3,492,0.4271463850311338,0.41986427008611066
mlp,de,3,493,0.4271463850311338,0.4198709848238582
mlp,de,3,494,0.4271463850311338,0.4198803443707338
mlp,de,3,495,0.4271463850311338,0.41989133705682713
mlp,de,3,496,0.4271463850311338,0.41990484982076803
mlp,de,3,497,0.4271463850311338,0.41990899393286
mlp,de,3,498,0.4271463850311338,0.4199218603264302
mlp,de,3,499,0.4271463850311338,0.41993213192016304
mlp,de,3,500,0.4271463850311338,0.41993949592422336
mlp,de,3,501,0.4271463850311338,0.41993944315078213
mlp,de,3,502,0.4271463850311338,0.4199497302244821
mlp,de,3,503,0.4271463850311338,0.4199523944917249
mlp,de,3,504,0.4271463850311338,0.4199634922293961
mlp,de,3,505,0.4271463850311338,0.4199653582261503
mlp,de,3,506,0.4271463850311338,0.41997399037656835
mlp,de,3,507,0.4271463850311338,0.4199794373808511
mlp,de,3,508,0.4271463850311338,0.4199801651164121
mlp,de,3,509,0.4271463850311338,0.4199886117804927
mlp,de,3,510,0.4271463850311338,0.4199960354791374
mlp,de,3,511,0.4271463850311338,0.42000225583200723
mlp,de,3,512,0.4271463850311338,0.4200047706773502
mlp,de,3,513,0.4271463850311338,0.42000652710992903
mlp,de,3,514,0.4271463850311338,0.42000902386000233
mlp,de,3,515,0.4271463850311338,0.42001966316472905
mlp,de,3,516,0.4271463850311338,0.420022124780006
mlp,de,3,517,0.4271463850311338,0.42002612750467766
mlp,de,3,518,0.4271463850311338,0.42003338358446146
mlp,de,3,519,0.4271463850311338,0.4200385902086685
mlp,de,3,520,0.4271463850311338,0.42004972502811333
mlp,de,3,521,0.4271463850311338,0.4200548802997444
mlp,de,3,522,0.4271463850311338,0.4200559960673279
mlp,de,3,523,0.4271463850311338,0.4200657927382532
mlp,de,3,524,0.4271463850311338,0.4200738341970226
mlp,de,3,525,0.4271463850311338,0.4200793364368062
mlp,de,3,526,0.4271463850311338,0.4200874236799638
mlp,de,3,527,0.4271463850311338,0.4200914851651825
mlp,de,3,528,0.4271463850311338,0.4201004491696689
mlp,de,3,529,0.4271463850311338,0.42010875569483086
mlp,de,3,530,0.4271463850311338,0.4201124967849072
mlp,de,3,531,0.4271463850311338,0.4201147140351194
mlp,de,3,532,0.4271463850311338,0.42012369221785867
mlp,de,3,533,0.4271463850311338,0.4201326259658491
mlp,de,3,534,0.4271463850311338,0.42013396344984594
mlp,de,3,535,0.4271463850311338,0.4201411857347679
mlp,de,3,536,0.4271463850311338,0.42014314351310367
mlp,de,3,537,0.4271463850311338,0.4201492923473154
mlp,de,3,538,0.4271463850311338,0.42015829253642484
mlp,de,3,539,0.4271463850311338,0.4201682848220269
mlp,de,3,540,0.4271463850311338,0.4201752752485843
mlp,de,3,541,0.4271463850311338,0.42018000786651283
mlp,de,3,542,0.4271463850311338,0.4201889882682335
mlp,de,3,543,0.4271463850311338,0.4201879644302127
mlp,de,3,544,0.4271463850311338,0.4201968210969678
mlp,de,3,545,0.4271463850311338,0.42020382649734533
mlp,de,3,546,0.4271463850311338,0.42021321530875455
mlp,de,3,547,0.4271463850311338,0.42021904796920684
mlp,de,3,548,0.4271463850311338,0.4202222521369464
mlp,de,3,549,0.4271463850311338,0.42022631321112563
mlp,de,3,550,0.4271463850311338,0.4202331698731599
mlp,de,3,551,0.4271463850311338,0.42024200904607284
mlp,de,3,552,0.4271463850311338,0.42025063944842594
mlp,de,3,553,0.4271463850311338,0.4202580220648622
mlp,de,3,554,0.4271463850311338,0.42026817398044064
mlp,de,3,555,0.4271463850311338,0.42026894252315755
mlp,de,3,556,0.4271463850311338,0.420277733586989
mlp,de,3,557,0.4271463850311338,0.42028857510286666
mlp,de,3,558,0.4271463850311338,0.4202976101251317
mlp,de,3,559,0.4271463850311338,0.42030986195859504
mlp,de,3,560,0.4271463850311338,0.4203152670022628
mlp,de,3,561,0.4271463850311338,0.42032186147160405
mlp,de,3,562,0.4271463850311338,0.42032800530900205
mlp,de,3,563,0.4271463850311338,0.4203382519875209
mlp,de,3,564,0.4271463850311338,0.4203387822339585
mlp,de,3,565,0.4271463850311338,0.4203479020984616
mlp,de,3,566,0.4271463850311338,0.42035484841477777
mlp,de,3,567,0.4271463850311338,0.42035717696289954
mlp,de,3,568,0.4271463850311338,0.4203653393455922
mlp,de,3,569,0.4271463850311338,0.420371331188727
mlp,de,3,570,0.4271463850311338,0.4203795347929557
mlp,de,3,571,0.4271463850311338,0.4203785196479926
mlp,de,3,572,0.4271463850311338,0.42038687870449354
mlp,de,3,573,0.4271463850311338,0.42039337722553155
mlp,de,3,574,0.4271463850311338,0.4203998531036391
mlp,de,3,575,0.4271463850311338,0.4204087025170141
mlp,de,3,576,0.4271463850311338,0.4204139021317001
mlp,de,3,577,0.4271463850311338,0.4204221220136442
mlp,de,3,578,0.4271463850311338,0.42042295886239267
mlp,de,3,579,0.4271463850311338,0.4204296195847951
mlp,de,3,580,0.4271463850311338,0.4204271073541303
mlp,de,3,581,0.4271463850311338,0.42043867237594956
mlp,de,3,582,0.4271463850311338,0.4204464983861839
mlp,de,3,583,0.4271463850311338,0.42045496706388186
mlp,de,3,584,0.4271463850311338,0.420460937713434
mlp,de,3,585,0.4271463850311338,0.42046407642926265
mlp,de,3,586,0.4271463850311338,0.42046831586567535
mlp,de,3,587,0.4271463850311338,0.42047159903113274
mlp,de,3,588,0.4271463850311338,0.42047931058234683
mlp,de,3,589,0.4271463850311338,0.4204880047594619
mlp,de,3,590,0.4271463850311338,0.4204944181505148
mlp,de,3,591,0.4271463850311338,0.4204989532057519
mlp,de,3,592,0.4271463850311338,0.4205022832603901
mlp,de,3,593,0.4271463850311338,0.4205084022068386
mlp,de,3,594,0.4271463850311338,0.4205157708561482
mlp,de,3,595,0.4271463850311338,0.4205162369947847
mlp,de,3,596,0.4271463850311338,0.4205193901776612
mlp,de,3,597,0.4271463850311338,0.42052160648360215
mlp,de,3,598,0.4271463850311338,0.420522629324364
mlp,de,3,599,0.4271463850311338,0.4205297335336579
mlp,de,3,600,0.4271463850311338,0.4205300085030823
mlp,de,3,601,0.4271463850311338,0.4205363366525576
mlp,de,3,602,0.4271463850311338,0.4205355853968579
mlp,de,3,603,0.4271463850311338,0.4205358492936928
mlp,de,3,604,0.4271463850311338,0.4205361123166972
mlp,de,3,605,0.4271463850311338,0.42054075701778315
mlp,de,3,606,0.4271463850311338,0.4205482863859851
mlp,de,3,607,0.4271463850311338,0.42054950808328606
mlp,de,3,608,0.4271463850311338,0.420560358209845
mlp,de,3,609,0.4271463850311338,0.42056565282170516
mlp,de,3,610,0.4271463850311338,0.4205701954997229
mlp,de,3,611,0.4271463850311338,0.4205766184219499
mlp,de,3,612,0.4271463850311338,0.4205830203542348
mlp,de,3,613,0.4271463850311338,0.42058417343138554
mlp,de,3,614,0.4271463850311338,0.4205853227525846
mlp,de,3,615,0.4271463850311338,0.4205959911465335
mlp,de,3,616,0.4271463850311338,0.42060339501482397
mlp,de,3,617,0.4271463850311338,0.4206139995367305
mlp,de,3,618,0.4271463850311338,0.420613570940467
mlp,de,3,619,0.4271463850311338,0.4206190383313274
mlp,de,3,620,0.4271463850311338,0.42062174486058845
mlp,de,3,621,0.4271463850311338,0.42062613199684146
mlp,de,3,622,0.4271463850311338,0.4206366147187616
mlp,de,3,623,0.4271463850311338,0.42064007586884444
mlp,de,3,624,0.4271463850311338,0.42064670723875236
mlp,de,3,625,0.4271463850311338,0.42064580703632454
mlp,de,3,626,0.4271463850311338,0.42065012069357277
mlp,de,3,627,0.4271463850311338,0.4206579261382018
mlp,de,3,628,0.4271463850311338,0.420664035493046
mlp,de,3,629,0.4271463850311338,0.4206743412951734
mlp,de,3,630,0.4271463850311338,0.42067760506549423
mlp,de,3,631,0.4271463850311338,0.42068183414855015
mlp,de,3,632,0.4271463850311338,0.4206875266849185
mlp,de,3,633,0.4271463850311338,0.42069519905109715
mlp,de,3,634,0.4271463850311338,0.4206963096165197
mlp,de,3,635,0.4271463850311338,0.4207038560042011
mlp,de,3,636,0.4271463850311338,0.4207045311759857
mlp,de,3,637,0.4271463850311338,0.4207097277743009
mlp,de,3,638,0.4271463850311338,0.42071566017744516
mlp,de,3,639,0.4271463850311338,0.42071631370652457
mlp,de,3,640,0.4271463850311338,0.420719919180968
mlp,de,3,641,0.4271463850311338,0.420728917679915
mlp,de,3,642,0.4271463850311338,0.420730907879148
mlp,de,3,643,0.4271463850311338,0.4207408852930703
mlp,de,3,644,0.4271463850311338,0.42074173773306184
mlp,de,3,645,0.4271463850311338,0.42074687321062093
mlp,de,3,646,0.4271463850311338,0.4207567795756682
mlp,de,3,647,0.4271463850311338,0.420760781703795
mlp,de,3,648,0.4271463850311338,0.4207706360299175
mlp,de,3,649,0.4271463850311338,0.4207804599883169
mlp,de,3,650,0.4271463850311338,0.4207844072136791
mlp,de,3,651,0.4271463850311338,0.42079417983705464
mlp,de,3,652,0.4271463850311338,0.4208039224830578
mlp,de,3,653,0.4271463850311338,0.42081363528941007
mlp,de,3,654,0.4271463850311338,0.42082331839299075
mlp,de,3,655,0.4271463850311338,0.4208329719298429
mlp,de,3,656,0.4271463850311338,0.42083680300384263
mlp,de,3,657,0.4271463850311338,0.42084062241551684
mlp,de,3,658,0.4271463850311338,0.4208502056413764
mlp,de,3,659,0.4271463850311338,0.4208597597830907
mlp,de,3,660,0.4271463850311338,0.42086928497286047
mlp,de,3,661,0.4271463850311338,0.4208787813420864
mlp,de,3,662,0.4271463850311338,0.42088824902137495
mlp,de,3,663,0.4271463850311338,0.42089768814054496
mlp,de,3,664,0.4271463850311338,0.42090709882863325
mlp,de,3,665,0.4271463850311338,0.42091648121390013
mlp,de,3,666,0.4271463850311338,0.42092583542383594
mlp,de,3,667,0.4271463850311338,0.4209351615851662
mlp,de,3,668,0.4271463850311338,0.4209444598238578
mlp,de,3,669,0.4271463850311338,0.4209537302651243
mlp,de,3,670,0.4271463850311338,0.4209629730334318
mlp,de,3,671,0.4271463850311338,0.4209721882525043
mlp,de,3,672,0.4271463850311338,0.4209813760453297
mlp,de,3,673,0.4271463850311338,0.4209905365341645
mlp,de,3,674,0.4271463850311338,0.4209996698405398
mlp,de,3,675,0.4271463850311338,0.4210087760852666
mlp,de,3,676,0.4271463850311338,0.421017855388441
mlp,de,3,677,0.4271463850311338,0.42102690786944946
mlp,de,3,678,0.4271463850311338,0.421035933646974
mlp,de,3,679,0.4271463850311338,0.4210449328389978
mlp,de,3,680,0.4271463850311338,0.4210539055628098
mlp,de,3,681,0.4271463850311338,0.4210628519350099
mlp,de,3,682,0.4271463850311338,0.42107177207151447
mlp,de,3,683,0.4271463850311338,0.42108066608756084
mlp,de,3,684,0.4271463850311338,0.42108953409771227
mlp,de,3,685,0.4271463850311338,0.4210983762158632
mlp,de,3,686,0.4271463850311338,0.42110719255524404
mlp,de,3,687,0.4271463850311338,0.42111598322842586
mlp,de,3,688,0.4271463850311338,0.42112474834732505
mlp,de,3,689,0.4271463850311338,0.4211334880232087
mlp,de,3,690,0.4271463850311338,0.42114220236669847
mlp,de,3,691,0.4271463850311338,0.4211508914877758
mlp,de,3,692,0.4271463850311338,0.4211595554957864
mlp,de,3,693,0.4271463850311338,0.4211681944994449
mlp,de,3,694,0.4271463850311338,0.42117680860683937
mlp,de,3,695,0.4271463850311338,0.4211853979254354
mlp,de,3,696,0.4271463850311338,0.42119396256208147
mlp,de,3,697,0.4271463850311338,0.42120250262301273
mlp,de,3,698,0.4271463850311338,0.42121101821385537
mlp,de,3,699,0.4271463850311338,0.42121950943963116
mlp,de,3,700,0.4271463850311338,0.4212279764047618
mlp,de,3,701,0.4271463850311338,0.42123641921307337
mlp,de,3,702,0.4271463850311338,0.4212448379678
mlp,de,3,703,0.4271463850311338,0.4212532327715885
mlp,de,3,704,0.4271463850311338,0.42126160372650256
mlp,de,3,705,0.4271463850311338,0.42126995093402686
mlp,de,3,706,0.4271463850311338,0.42127827449507094
mlp,de,3,707,0.4271463850311338,0.4212865745099734
mlp,de,3,708,0.4271463850311338,0.42129485107850617
mlp,de,3,709,0.4271463850311338,0.42130310429987794
mlp,de,3,710,0.4271463850311338,0.4213113342727389
mlp,de,3,711,0.4271463850311338,0.4213195410951839
mlp,de,3,712,0.4271463850311338,0.4213277248647569
mlp,de,3,713,0.4271463850311338,0.4213358856784544
mlp,de,3,714,0.4271463850311338,0.4213440236327299
mlp,de,3,715,0.4271463850311338,0.4213521388234969
mlp,de,3,716,0.4271463850311338,0.4213602313461333
mlp,de,3,717,0.4271463850311338,0.42136830129548475
mlp,de,3,718,0.4271463850311338,0.4213763487658686
mlp,de,3,719,0.4271463850311338,0.42138437385107763
mlp,de,3,720,0.4271463850311338,0.42139237664438334
mlp,de,3,721,0.4271463850311338,0.4214003572385396
mlp,de,3,722,0.4271463850311338,0.421408315725787
mlp,de,3,723,0.4271463850311338,0.4214162521978553
mlp,de,3,724,0.4271463850311338,0.4214241667459676
mlp,de,3,725,0.4271463850311338,0.42143205946084356
mlp,de,3,726,0.4271463850311338,0.4214399304327035
mlp,de,3,727,0.4271463850311338,0.42144777975127085
mlp,de,3,728,0.4271463850311338,0.42145560750577615
mlp,de,3,729,0.4271463850311338,0.4214634137849604
mlp,de,3,730,0.4271463850311338,0.4214711986770785
mlp,de,3,731,0.4271463850311338,0.42147896226990217
mlp,de,3,732,0.4271463850311338,0.42148670465072346
mlp,de,3,733,0.4271463850311338,0.4214944259063584
mlp,de,3,734,0.4271463850311338,0.42150212612314963
mlp,de,3,735,0.4271463850311338,0.4215098053869701
mlp,de,3,736,0.4271463850311338,0.4215174637832257
mlp,de,3,737,0.4271463850311338,0.42152510139685917
mlp,de,3,738,0.4271463850311338,0.42153271831235284
mlp,de,3,739,0.4271463850311338,0.42154031461373137
mlp,de,3,740,0.4271463850311338,0.42154789038456575
mlp,de,3,741,0.4271463850311338,0.4215554457079754
mlp,de,3,742,0.4271463850311338,0.421562980666632
mlp,de,3,743,0.4271463850311338,0.42157049534276186
mlp,de,3,744,0.4271463850311338,0.4215779898181494
mlp,de,3,745,0.4271463850311338,0.42158546417414
mlp,de,3,746,0.4271463850311338,0.4215929184916427
mlp,de,3,747,0.4271463850311338,0.42160035285113334
mlp,de,3,748,0.4271463850311338,0.42160776733265737
mlp,de,3,749,0.4271463850311338,0.42161516201583293
mlp,de,3,750,0.4271463850311338,0.42162253697985336
mlp,de,3,751,0.4271463850311338,0.4216298923034902
mlp,de,3,752,0.4271463850311338,0.42163722806509607
mlp,de,3,753,0.4271463850311338,0.42164454434260745
mlp,de,3,754,0.4271463850311338,0.4216518412135471
mlp,de,3,755,0.4271463850311338,0.4216591187550273
mlp,de,3,756,0.4271463850311338,0.42166637704375237
mlp,de,3,757,0.4271463850311338,0.42167361615602106
mlp,de,3,758,0.4271463850311338,0.4216808361677296
mlp,de,3,759,0.4271463850311338,0.4216880371543744
mlp,de,3,760,0.4271463850311338,0.4216952191910544
mlp,de,3,761,0.4271463850311338,0.42170238235247365
mlp,de,3,762,0.4271463850311338,0.42170952671294437
mlp,de,3,763,0.4271463850311338,0.4217166523463889
mlp,de,3,764,0.4271463850311338,0.42172375932634276
mlp,de,3,765,0.4271463850311338,0.42173084772595687
mlp,de,3,766,0.4271463850311338,0.4217379176180002
mlp,de,3,767,0.4271463850311338,0.42174496907486214
mlp,de,3,768,0.4271463850311338,0.4217520021685552
mlp,de,3,769,0.4271463850311338,0.42175901697071716
mlp,de,3,770,0.4271463850311338,0.42176601355261384
mlp,de,3,771,0.4271463850311338,0.4217729919851411
mlp,de,3,772,0.4271463850311338,0.4217799523388276
mlp,de,3,773,0.4271463850311338,0.421786894683837
mlp,de,3,774,0.4271463850311338,0.42179381908997055
mlp,de,3,775,0.4271463850311338,0.4218007256266688
mlp,de,3,776,0.4271463850311338,0.42180761436301467
mlp,de,3,777,0.4271463850311338,0.4218144853677356
mlp,de,3,778,0.4271463850311338,0.4218213387092053
mlp,de,3,779,0.4271463850311338,0.4218281744554465
mlp,de,3,780,0.4271463850311338,0.42183499267413327
mlp,de,3,781,0.4271463850311338,0.421841793432593
mlp,de,3,782,0.4271463850311338,0.4218485767978085
mlp,de,3,783,0.4271463850311338,0.4218553428364207
mlp,de,3,784,0.4271463850311338,0.4218620916147302
mlp,de,3,785,0.4271463850311338,0.4218688231987002
mlp,de,3,786,0.4271463850311338,0.4218755376539578
mlp,de,3,787,0.4271463850311338,0.4218822350457966
mlp,de,3,788,0.4271463850311338,0.421888915439179
mlp,de,3,789,0.4271463850311338,0.4218955788987379
mlp,de,3,790,0.4271463850311338,0.4219022254887789
mlp,de,3,791,0.4271463850311338,0.42190885527328253
mlp,de,3,792,0.4271463850311338,0.42191546831590604
mlp,de,3,793,0.4271463850311338,0.4219220646799857
mlp,de,3,794,0.4271463850311338,0.42192864442853883
mlp,de,3,795,0.4271463850311338,0.42193520762426534
mlp,de,3,796,0.4271463850311338,0.4219417543295504
mlp,de,3,797,0.4271463850311338,0.4219482846064658
mlp,de,3,798,0.4271463850311338,0.4219547985167724
mlp,de,3,799,0.4271463850311338,0.4219612961219218
mlp,de,3,800,0.4271463850311338,0.42196777748305836
mlp,de,3,801,0.4271463850311338,0.42197424266102096
mlp,de,3,802,0.4271463850311338,0.4219806917163452
mlp,de,3,803,0.4271463850311338,0.4219871247092653
mlp,de,3,804,0.4271463850311338,0.4219935416997154
mlp,de,3,805,0.4271463850311338,0.4219999427473321
mlp,de,3,806,0.4271463850311338,0.42200632791145587
mlp,de,3,807,0.4271463850311338,0.42201269725113333
mlp,de,3,808,0.4271463850311338,0.4220190508251184
mlp,de,3,809,0.4271463850311338,0.42202538869187495
mlp,de,3,810,0.4271463850311338,0.42203171090957775
mlp,de,3,811,0.4271463850311338,0.42203801753611486
mlp,de,3,812,0.4271463850311338,0.422044308629089
mlp,de,3,813,0.4271463850311338,0.42205058424581965
mlp,de,3,814,0.4271463850311338,0.4220568444433446
mlp,de,3,815,0.4271463850311338,0.42206308927842173
mlp,de,3,816,0.4271463850311338,0.4220693188075304
mlp,de,3,817,0.4271463850311338,0.4220755330868738
mlp,de,3,818,0.4271463850311338,0.42208173217238026
mlp,de,3,819,0.4271463850311338,0.4220879161197048
mlp,de,3,820,0.4271463850311338,0.4220940849842309
mlp,de,3,821,0.4271463850311338,0.4221002388210724
mlp,de,3,822,0.4271463850311338,0.422106377685075
mlp,de,3,823,0.4271463850311338,0.4221125016308175
mlp,de,3,824,0.4271463850311338,0.42211861071261386
mlp,de,3,825,0.4271463850311338,0.42212470498451515
mlp,de,3,826,0.4271463850311338,0.4221307845003101
mlp,de,3,827,0.4271463850311338,0.4221368493135276
mlp,de,3,828,0.4271463850311338,0.42214289947743766
mlp,de,3,829,0.4271463850311338,0.42214893504505374
mlp,de,3,830,0.4271463850311338,0.4221549560691334
mlp,de,3,831,0.4271463850311338,0.42216096260218033
mlp,de,3,832,0.4271463850311338,0.42216695469644583
mlp,de,3,833,0.4271463850311338,0.4221729324039305
mlp,de,3,834,0.4271463850311338,0.4221788957763851
mlp,de,3,835,0.4271463850311338,0.42218484486531294
mlp,de,3,836,0.4271463850311338,0.42219077972197067
mlp,de,3,837,0.4271463850311338,0.42219670039736995
mlp,de,3,838,0.4271463850311338,0.4222026069422789
mlp,de,3,839,0.4271463850311338,0.4222084994072239
mlp,de,3,840,0.4271463850311338,0.4222143778424905
mlp,de,3,841,0.4271463850311338,0.42222024229812505
mlp,de,3,842,0.4271463850311338,0.42222609282393614
mlp,de,3,843,0.4271463850311338,0.42223192946949634
mlp,de,3,844,0.4271463850311338,0.42223775228414284
mlp,de,3,845,0.4271463850311338,0.42224356131697954
mlp,de,3,846,0.4271463850311338,0.42224935661687796
mlp,de,3,847,0.4271463850311338,0.4222551382324793
mlp,de,3,848,0.4271463850311338,0.4222609062121947
mlp,de,3,849,0.4271463850311338,0.42226666060420753
mlp,de,3,850,0.4271463850311338,0.4222724014564745
mlp,de,3,851,0.4271463850311338,0.42227812881672677
mlp,de,3,852,0.4271463850311338,0.42228384273247144
mlp,de,3,853,0.4271463850311338,0.42228954325099266
mlp,de,3,854,0.4271463850311338,0.42229523041935346
mlp,de,3,855,0.4271463850311338,0.42230090428439654
mlp,de,3,856,0.4271463850311338,0.4223065648927455
mlp,de,3,857,0.4271463850311338,0.4223122122908067
mlp,de,3,858,0.4271463850311338,0.4223178465247697
mlp,de,3,859,0.4271463850311338,0.4223234676406095
mlp,de,3,860,0.4271463850311338,0.42232907568408684
mlp,de,3,861,0.4271463850311338,0.4223346707007501
mlp,de,3,862,0.4271463850311338,0.4223402527359361
mlp,de,3,863,0.4271463850311338,0.4223458218347719
mlp,de,3,864,0.4271463850311338,0.42235137804217504
mlp,de,3,865,0.4271463850311338,0.42235692140285586
mlp,de,3,866,0.4271463850311338,0.4223624519613181
mlp,de,3,867,0.4271463850311338,0.42236796976186
mlp,de,3,868,0.4271463850311338,0.4223734748485758
mlp,de,3,869,0.4271463850311338,0.4223789672653566
mlp,de,3,870,0.4271463850311338,0.422384447055892
mlp,de,3,871,0.4271463850311338,0.4223899142636707
mlp,de,3,872,0.4271463850311338,0.42239536893198193
mlp,de,3,873,0.4271463850311338,0.42240081110391686
mlp,de,3,874,0.4271463850311338,0.4224062408223691
mlp,de,3,875,0.4271463850311338,0.4224116581300362
mlp,de,3,876,0.4271463850311338,0.422417063069421
mlp,de,3,877,0.4271463850311338,0.4224224556828324
mlp,de,3,878,0.4271463850311338,0.42242783601238626
mlp,de,3,879,0.4271463850311338,0.4224332041000071
mlp,de,3,880,0.4271463850311338,0.4224385599874288
mlp,de,3,881,0.4271463850311338,0.42244390371619583
mlp,de,3,882,0.4271463850311338,0.422449235327664
mlp,de,3,883,0.4271463850311338,0.422454554863002
mlp,de,3,884,0.4271463850311338,0.4224598623631922
mlp,de,3,885,0.4271463850311338,0.4224651578690317
mlp,de,3,886,0.4271463850311338,0.4224704414211334
mlp,de,3,887,0.4271463850311338,0.42247571305992704
mlp,de,3,888,0.4271463850311338,0.4224809728256604
mlp,de,3,889,0.4271463850311338,0.42248622075840003
mlp,de,3,890,0.4271463850311338,0.4224914568980322
mlp,de,3,891,0.4271463850311338,0.42249668128426465
mlp,de,3,892,0.4271463850311338,0.4225018939566267
mlp,de,3,893,0.4271463850311338,0.4225070949544705
mlp,de,3,894,0.4271463850311338,0.42251228431697224
mlp,de,3,895,0.4271463850311338,0.4225174620831334
mlp,de,3,896,0.4271463850311338,0.42252262829178067
mlp,de,3,897,0.4271463850311338,0.4225277829815681
mlp,de,3,898,0.4271463850311338,0.42253292619097743
mlp,de,3,899,0.4271463850311338,0.42253805795831906
mlp,de,3,900,0.4271463850311338,0.4225431783217334
mlp,de,3,901,0.4271463850311338,0.42254828731919103
mlp,de,3,902,0.4271463850311338,0.42255338498849476
mlp,de,3,903,0.4271463850311338,0.42255847136727953
mlp,de,3,904,0.4271463850311338,0.42256354649301386
mlp,de,3,905,0.4271463850311338,0.42256861040300076
mlp,de,3,906,0.4271463850311338,0.4225736631343784
mlp,de,3,907,0.4271463850311338,0.42257870472412123
mlp,de,3,908,0.4271463850311338,0.4225837352090408
mlp,de,3,909,0.4271463850311338,0.4225887546257868
mlp,de,3,910,0.4271463850311338,0.42259376301084767
mlp,de,3,911,0.4271463850311338,0.4225987604005516
mlp,de,3,912,0.4271463850311338,0.42260374683106755
mlp,de,3,913,0.4271463850311338,0.4226087223384061
mlp,de,3,914,0.4271463850311338,0.42261368695842005
mlp,de,3,915,0.4271463850311338,0.4226186407268055
mlp,de,3,916,0.4271463850311338,0.4226235836791028
mlp,de,3,917,0.4271463850311338,0.42262851585069716
mlp,de,3,918,0.4271463850311338,0.4226334372768197
mlp,de,3,919,0.4271463850311338,0.42263834799254796
mlp,de,3,920,0.4271463850311338,0.4226432480328073
mlp,de,3,921,0.4271463850311338,0.4226481374323712
mlp,de,3,922,0.4271463850311338,0.4226530162258622
mlp,de,3,923,0.4271463850311338,0.42265788444775304
mlp,de,3,924,0.4271463850311338,0.42266274213236715
mlp,de,3,925,0.4271463850311338,0.4226675893138794
mlp,de,3,926,0.4271463850311338,0.42267242602631694
mlp,de,3,927,0.4271463850311338,0.4226772523035605
mlp,de,3,928,0.4271463850311338,0.4226820681793446
mlp,de,3,929,0.4271463850311338,0.4226868736872582
mlp,de,3,930,0.4271463850311338,0.4226916688607463
mlp,de,3,931,0.4271463850311338,0.4226964537331097
mlp,de,3,932,0.4271463850311338,0.4227012283375068
mlp,de,3,933,0.4271463850311338,0.4227059927069533
mlp,de,3,934,0.4271463850311338,0.422710746874324
mlp,de,3,935,0.4271463850311338,0.4227154908723526
mlp,de,3,936,0.4271463850311338,0.42272022473363335
mlp,de,3,937,0.4271463850311338,0.4227249484906211
mlp,de,3,938,0.4271463850311338,0.4227296621756323
mlp,de,3,939,0.4271463850311338,0.42273436582084584
mlp,de,3,940,0.4271463850311338,0.4227390594583036
mlp,de,3,941,0.4271463850311338,0.4227437431199113
mlp,de,3,942,0.4271463850311338,0.4227484168374391
mlp,de,3,943,0.4271463850311338,0.4227530806425226
mlp,de,3,944,0.4271463850311338,0.42275773456666305
mlp,de,3,945,0.4271463850311338,0.42276237864122856
mlp,de,3,946,0.4271463850311338,0.4227670128974547
mlp,de,3,947,0.4271463850311338,0.4227716373664449
mlp,de,3,948,0.4271463850311338,0.42277625207917136
mlp,de,3,949,0.4271463850311338,0.42278085706647583
mlp,de,3,950,0.4271463850311338,0.4227854523590702
mlp,de,3,951,0.4271463850311338,0.4227900379875372
mlp,de,3,952,0.4271463850311338,0.4227946139823308
mlp,de,3,953,0.4271463850311338,0.42279918037377767
mlp,de,3,954,0.4271463850311338,0.4228037371920768
mlp,de,3,955,0.4271463850311338,0.4228082844673009
mlp,de,3,956,0.4271463850311338,0.422812822229397
mlp,de,3,957,0.4271463850311338,0.4228173505081867
mlp,de,3,958,0.4271463850311338,0.42282186933336724
mlp,de,3,959,0.4271463850311338,0.4228263787345119
mlp,de,3,960,0.4271463850311338,0.4228308787410709
mlp,de,3,961,0.4271463850311338,0.4228353693823717
mlp,de,3,962,0.4271463850311338,0.42283985068761987
mlp,de,3,963,0.4271463850311338,0.4228443226858997
mlp,de,3,964,0.4271463850311338,0.4228487854061749
mlp,de,3,965,0.4271463850311338,0.4228532388772889
mlp,de,3,966,0.4271463850311338,0.4228576831279657
mlp,de,3,967,0.4271463850311338,0.4228621181868107
mlp,de,3,968,0.4271463850311338,0.42286654408231106
mlp,de,3,969,0.4271463850311338,0.42287096084283615
mlp,de,3,970,0.4271463850311338,0.4228753684966385
mlp,de,3,971,0.4271463850311338,0.42287976707185426
mlp,de,3,972,0.4271463850311338,0.42288415659650375
mlp,de,3,973,0.4271463850311338,0.42288853709849206
mlp,de,3,974,0.4271463850311338,0.42289290860560974
mlp,de,3,975,0.4271463850311338,0.4228972711455334
mlp,de,3,976,0.4271463850311338,0.422901624745826
mlp,de,3,977,0.4271463850311338,0.4229059694339378
mlp,de,3,978,0.4271463850311338,0.42291030523720696
mlp,de,3,979,0.4271463850311338,0.42291463218285963
mlp,de,3,980,0.4271463850311338,0.4229189502980109
mlp,de,3,981,0.4271463850311338,0.4229232596096655
mlp,de,3,982,0.4271463850311338,0.4229275601447179
mlp,de,3,983,0.4271463850311338,0.4229318519299533
mlp,de,3,984,0.4271463850311338,0.422936134992048
mlp,de,3,985,0.4271463850311338,0.4229404093575699
mlp,de,3,986,0.4271463850311338,0.4229446750529792
mlp,de,3,987,0.4271463850311338,0.4229489321046288
mlp,de,3,988,0.4271463850311338,0.42295318053876496
mlp,de,3,989,0.4271463850311338,0.4229574203815277
mlp,de,3,990,0.4271463850311338,0.42296165165895155
mlp,de,3,991,0.4271463850311338,0.42296587439696587
mlp,de,3,992,0.4271463850311338,0.42297008862139546
mlp,de,3,993,0.4271463850311338,0.4229742943579612
mlp,de,3,994,0.4271463850311338,0.42297849163228024
mlp,de,3,995,0.4271463850311338,0.422982680469867
mlp,de,3,996,0.4271463850311338,0.42298686089613335
mlp,de,3,997,0.4271463850311338,0.4229910329363891
mlp,de,3,998,0.4271463850311338,0.4229951966158428
mlp,de,3,999,0.4271463850311338,0.4229993519596018
mlp,de,3,1000,0.4271463850311338,0.42300349899267337
mlp,de,4,1,0.40566145588081776,0.40566145588081776
mlp,de,4,2,0.42025663495148424,0.412959045416151
mlp,de,4,3,0.42025663495148424,0.4085176627960842
mlp,de,4,4,0.42025663495148424,0.4079655713422784
mlp,de,4,5,0.42025663495148424,0.40866967253216807
mlp,de,4,6,0.42025663495148424,0.40787435967199775
mlp,de,4,7,0.42025663495148424,0.4074703787617383
mlp,de,4,8,0.42025663495148424,0.4073266527369641
mlp,de,4,9,0.4268186637440945,0.40949243173775635
mlp,de,4,10,0.4268186637440945,0.40823294193038534
mlp,de,4,11,0.4268186637440945,0.4097615277184502
mlp,de,4,12,0.4268186637440945,0.4108840366031463
mlp,de,4,13,0.4268186637440945,0.41174001792942
mlp,de,4,14,0.4268186637440945,0.41156533910713533
mlp,de,4,15,0.4268186637440945,0.4118008439909078
mlp,de,4,16,0.4268186637440945,0.4111802438673453
mlp,de,4,17,0.4268186637440945,0.4016859542954387
mlp,de,4,18,0.4268186637440945,0.40151620503176577
mlp,de,4,19,0.4268186637440945,0.40092462165274345
mlp,de,4,20,0.4268186637440945,0.40087888460742765
mlp,de,4,21,0.4268186637440945,0.4016955494936551
mlp,de,4,22,0.4268186637440945,0.4019582431248543
mlp,de,4,23,0.4268186637440945,0.40272291302729935
mlp,de,4,24,0.4268186637440945,0.4031537747841721
mlp,de,4,25,0.4268186637440945,0.40371287331511185
mlp,de,4,26,0.4268186637440945,0.40351554559246694
mlp,de,4,27,0.4268186637440945,0.4022884174561593
mlp,de,4,28,0.4268186637440945,0.40213173801220153
mlp,de,4,29,0.4268186637440945,0.4026471536127847
mlp,de,4,30,0.4268186637440945,0.4031749701356875
mlp,de,4,31,0.4268186637440945,0.40308115227523333
mlp,de,4,32,0.4268186637440945,0.4029729942628665
mlp,de,4,33,0.4268186637440945,0.40321690625952156
mlp,de,4,34,0.4268186637440945,0.40312246586978184
mlp,de,4,35,0.4268186637440945,0.40301217655286165
mlp,de,4,36,0.4268186637440945,0.4033020942545124
mlp,de,4,37,0.4268186637440945,0.40323918875123455
mlp,de,4,38,0.4268186637440945,0.40377235848133947
mlp,de,4,39,0.4268186637440945,0.40431787199717945
mlp,de,4,40,0.4268186637440945,0.4048513353298868
mlp,de,4,41,0.4268186637440945,0.405306211253758
mlp,de,4,42,0.4268186637440945,0.405625925391828
mlp,de,4,43,0.4268186637440945,0.4057903212238429
mlp,de,4,44,0.4268186637440945,0.40623363951351527
mlp,de,4,45,0.4268186637440945,0.4065336686292969
mlp,de,4,46,0.4268186637440945,0.406169010108752
mlp,de,4,47,0.4268186637440945,0.40626315803364843
mlp,de,4,48,0.4268186637440945,0.4065416973292592
mlp,de,4,49,0.4268186637440945,0.40657799480284856
mlp,de,4,50,0.4268186637440945,0.40662998120994154
mlp,de,4,51,0.4268186637440945,0.4069933129502673
mlp,de,4,52,0.4268186637440945,0.407204930497975
mlp,de,4,53,0.4268186637440945,0.4075228397481772
mlp,de,4,54,0.4268186637440945,0.4078452978896622
mlp,de,4,55,0.4268186637440945,0.4080395341886398
mlp,de,4,56,0.4268186637440945,0.40833533522130266
mlp,de,4,57,0.4268186637440945,0.408552166448794
mlp,de,4,58,0.4268186637440945,0.4088470671187368
mlp,de,4,59,0.4268186637440945,0.4090440002692817
mlp,de,4,60,0.4268186637440945,0.4092202097935555
mlp,de,4,61,0.4268186637440945,0.4094669589031803
mlp,de,4,62,0.4268186637440945,0.4097137691458006
mlp,de,4,63,0.4268186637440945,0.40991533500550675
mlp,de,4,64,0.4268186637440945,0.4101440128109813
mlp,de,4,65,0.4268186637440945,0.41036479109051033
mlp,de,4,66,0.4268186637440945,0.41052794979003576
mlp,de,4,67,0.4268186637440945,0.4107569992107627
mlp,de,4,68,0.4268186637440945,0.4108902642198469
mlp,de,4,69,0.4268186637440945,0.41103319213817124
mlp,de,4,70,0.4268186637440945,0.4111799415384788
mlp,de,4,71,0.4268186637440945,0.4113258284384912
mlp,de,4,72,0.4268186637440945,0.4115072351260628
mlp,de,4,73,0.4268186637440945,0.41168441229049985
mlp,de,4,74,0.4268186637440945,0.4118672773039997
mlp,de,4,75,0.4268186637440945,0.41200710914485184
mlp,de,4,76,0.4297980462922316,0.41224120042310686
mlp,de,4,77,0.4297980462922316,0.4123978891377499
mlp,de,4,78,0.4297980462922316,0.4125586287563476
mlp,de,4,79,0.4297980462922316,0.41269705210222296
mlp,de,4,80,0.4297980462922316,0.4128237927608521
mlp,de,4,81,0.4297980462922316,0.4129924156570386
mlp,de,4,82,0.4297980462922316,0.41314011246790605
mlp,de,4,83,0.4297980462922316,0.41328827416678404
mlp,de,4,84,0.4297980462922316,0.4134499483540929
mlp,de,4,85,0.4297980462922316,0.41356435644164075
mlp,de,4,86,0.4297980462922316,0.41364555745577847
mlp,de,4,87,0.4297980462922316,0.41377090408911293
mlp,de,4,88,0.4297980462922316,0.41389651290098667
mlp,de,4,89,0.4297980462922316,0.41401191295399764
mlp,de,4,90,0.4297980462922316,0.4141375775210306
mlp,de,4,91,0.4297980462922316,0.41425623688221014
mlp,de,4,92,0.4297980462922316,0.41437536934315883
mlp,de,4,93,0.4297980462922316,0.41447654576777765
mlp,de,4,94,0.4297980462922316,0.414567871478248
mlp,de,4,95,0.4297980462922316,0.41464802493423475
mlp,de,4,96,0.4297980462922316,0.4147327384679846
mlp,de,4,97,0.4297980462922316,0.41480953961570627
mlp,de,4,98,0.4297980462922316,0.41489489773999155
mlp,de,4,99,0.4297980462922316,0.4149929998280998
mlp,de,4,100,0.4297980462922316,0.4150736814553387
mlp,de,4,101,0.4297980462922316,0.4151625966959659
mlp,de,4,102,0.4297980462922316,0.41524768897577385
mlp,de,4,103,0.4297980462922316,0.4153605163245598
mlp,de,4,104,0.4297980462922316,0.415455284660761
mlp,de,4,105,0.4297980462922316,0.41554734469513627
mlp,de,4,106,0.4297980462922316,0.4156322821466527
mlp,de,4,107,0.4297980462922316,0.4156951081580663
mlp,de,4,108,0.4297980462922316,0.4157745229480904
mlp,de,4,109,0.4297980462922316,0.4158480115158392
mlp,de,4,110,0.4297980462922316,0.4159016097130073
mlp,de,4,111,0.4297980462922316,0.4159487417449549
mlp,de,4,112,0.4297980462922316,0.4160187063439528
mlp,de,4,113,0.4297980462922316,0.4161044625740909
mlp,de,4,114,0.4297980462922316,0.4161534275187314
mlp,de,4,115,0.4297980462922316,0.41622261972517094
mlp,de,4,116,0.4297980462922316,0.4163139649322306
mlp,de,4,117,0.4297980462922316,0.41636314904629623
mlp,de,4,118,0.4297980462922316,0.41644000858516234
mlp,de,4,119,0.4297980462922316,0.41649901170945236
mlp,de,4,120,0.4297980462922316,0.4165509834581061
mlp,de,4,121,0.4297980462922316,0.4166065750921978
mlp,de,4,122,0.4297980462922316,0.4166829937375717
mlp,de,4,123,0.4297980462922316,0.4167474165889956
mlp,de,4,124,0.4297980462922316,0.4167757167370802
mlp,de,4,125,0.4297980462922316,0.41682874044779256
mlp,de,4,126,0.4297980462922316,0.4169031890845072
mlp,de,4,127,0.4297980462922316,0.41699166867554033
mlp,de,4,128,0.4297980462922316,0.4170589226773185
mlp,de,4,129,0.4297980462922316,0.4171140249636878
mlp,de,4,130,0.4297980462922316,0.4171635909533513
mlp,de,4,131,0.4297980462922316,0.41719389381064775
mlp,de,4,132,0.4297980462922316,0.41722407705145503
mlp,de,4,133,0.4297980462922316,0.41729868087085104
mlp,de,4,134,0.4297980462922316,0.4173314255379575
mlp,de,4,135,0.4297980462922316,0.41739470580048177
mlp,de,4,136,0.4297980462922316,0.41748590683350933
mlp,de,4,137,0.4297980462922316,0.41752455367541236
mlp,de,4,138,0.4297980462922316,0.4175754678846911
mlp,de,4,139,0.4297980462922316,0.4176189115254513
mlp,de,4,140,0.4297980462922316,0.41769211886108115
mlp,de,4,141,0.4297980462922316,0.41773411896809726
mlp,de,4,142,0.4297980462922316,0.4177972998637321
mlp,de,4,143,0.4297980462922316,0.41782062829307093
mlp,de,4,144,0.4297980462922316,0.4178777139422442
mlp,de,4,145,0.4297980462922316,0.41793097233507803
mlp,de,4,146,0.4297980462922316,0.41798087268408085
mlp,de,4,147,0.4297980462922316,0.41801321791444707
mlp,de,4,148,0.4297980462922316,0.41805701104327087
mlp,de,4,149,0.4297980462922316,0.41810355052679377
mlp,de,4,150,0.4297980462922316,0.41812629658984213
mlp,de,4,151,0.4297980462922316,0.41815315853161134
mlp,de,4,152,0.4297980462922316,0.41819487854772164
mlp,de,4,153,0.4297980462922316,0.41823141383063006
mlp,de,4,154,0.4297980462922316,0.4182703259491064
mlp,de,4,155,0.4297980462922316,0.4182899086859489
mlp,de,4,156,0.4297980462922316,0.41833394709159377
mlp,de,4,157,0.4297980462922316,0.41837124113341373
mlp,de,4,158,0.4297980462922316,0.41841943085210276
mlp,de,4,159,0.4297980462922316,0.4184687523666474
mlp,de,4,160,0.4297980462922316,0.4184954202990303
mlp,de,4,161,0.4297980462922316,0.41853751783975873
mlp,de,4,162,0.4297980462922316,0.41857638459455976
mlp,de,4,163,0.4297980462922316,0.4186174286404363
mlp,de,4,164,0.4297980462922316,0.4186559539498748
mlp,de,4,165,0.4297980462922316,0.4186695895052711
mlp,de,4,166,0.4297980462922316,0.4187016876762219
mlp,de,4,167,0.4297980462922316,0.41873110352217474
mlp,de,4,168,0.4297980462922316,0.4187631239253718
mlp,de,4,169,0.4297980462922316,0.4187797462092241
mlp,de,4,170,0.4297980462922316,0.41881244143302415
mlp,de,4,171,0.4297980462922316,0.4188347170074857
mlp,de,4,172,0.4297980462922316,0.41888047915365295
mlp,de,4,173,0.4297980462922316,0.4189260379151915
mlp,de,4,174,0.4297980462922316,0.41896154088204773
mlp,de,4,175,0.4297980462922316,0.4190016761723575
mlp,de,4,176,0.4297980462922316,0.4190366660802791
mlp,de,4,177,0.4297980462922316,0.41905067056561107
mlp,de,4,178,0.4297980462922316,0.41908188592458356
mlp,de,4,179,0.4297980462922316,0.41911830098032965
mlp,de,4,180,0.4297980462922316,0.41915952079755514
mlp,de,4,181,0.4297980462922316,0.41918961739239025
mlp,de,4,182,0.4297980462922316,0.4192127715857075
mlp,de,4,183,0.4297980462922316,0.4192422482680954
mlp,de,4,184,0.4297980462922316,0.4192734936258133
mlp,de,4,185,0.4297980462922316,0.419305312038466
mlp,de,4,186,0.4297980462922316,0.4193427111762414
mlp,de,4,187,0.4297980462922316,0.4193761735811981
mlp,de,4,188,0.4297980462922316,0.419407238739221
mlp,de,4,189,0.4297980462922316,0.4194219223956113
mlp,de,4,190,0.4297980462922316,0.41944921230122756
mlp,de,4,191,0.4297980462922316,0.4194742105618283
mlp,de,4,192,0.4297980462922316,0.4194960680038788
mlp,de,4,193,0.4297980462922316,0.4195171122298687
mlp,de,4,194,0.4297980462922316,0.41954219361998807
mlp,de,4,195,0.4297980462922316,0.41957158300837943
mlp,de,4,196,0.4297980462922316,0.4196003832138953
mlp,de,4,197,0.4297980462922316,0.4196170932418274
mlp,de,4,198,0.4297980462922316,0.41964537268651253
mlp,de,4,199,0.4297980462922316,0.4196733679156732
mlp,de,4,200,0.4297980462922316,0.41970356511567813
mlp,de,4,201,0.4297980462922316,0.41972577184455023
mlp,de,4,202,0.4297980462922316,0.4197521164670975
mlp,de,4,203,0.4297980462922316,0.4197730315873733
mlp,de,4,204,0.4297980462922316,0.4198043058812472
mlp,de,4,205,0.4297980462922316,0.4198307064539703
mlp,de,4,206,0.4297980462922316,0.4198487981877857
mlp,de,4,207,0.4297980462922316,0.4198611828260441
mlp,de,4,208,0.4297980462922316,0.4198782140652272
mlp,de,4,209,0.4297980462922316,0.4198844335271026
mlp,de,4,210,0.4297980462922316,0.4199116513717505
mlp,de,4,211,0.4297980462922316,0.4199391450046647
mlp,de,4,212,0.4297980462922316,0.4199601061221571
mlp,de,4,213,0.4297980462922316,0.4199769957817711
mlp,de,4,214,0.4297980462922316,0.42000539757520505
mlp,de,4,215,0.4297980462922316,0.420023967288265
mlp,de,4,216,0.4297980462922316,0.42004722385451887
mlp,de,4,217,0.4297980462922316,0.42004551164827303
mlp,de,4,218,0.4297980462922316,0.42006819918240107
mlp,de,4,219,0.4297980462922316,0.4200728016849244
mlp,de,4,220,0.4297980462922316,0.4200871600151512
mlp,de,4,221,0.4297980462922316,0.42009664096439026
mlp,de,4,222,0.4297980462922316,0.42011970304693574
mlp,de,4,223,0.4297980462922316,0.42014255829466013
mlp,de,4,224,0.4297980462922316,0.42016692268130523
mlp,de,4,225,0.4297980462922316,0.4201847013254726
mlp,de,4,226,0.4297980462922316,0.42019498230534735
mlp,de,4,227,0.4297980462922316,0.42021879375291477
mlp,de,4,228,0.4297980462922316,0.42024289030626455
mlp,de,4,229,0.4297980462922316,0.4202636261306398
mlp,de,4,230,0.4297980462922316,0.42028226564553206
mlp,de,4,231,0.4297980462922316,0.4203028938704393
mlp,de,4,232,0.4297980462922316,0.4203188933119578
mlp,de,4,233,0.4297980462922316,0.4203287760216316
mlp,de,4,234,0.4297980462922316,0.4203513033929202
mlp,de,4,235,0.4297980462922316,0.42036754090026507
mlp,de,4,236,0.4297980462922316,0.4203878475064781
mlp,de,4,237,0.4297980462922316,0.42040470427612603
mlp,de,4,238,0.4297980462922316,0.42042815180726106
mlp,de,4,239,0.4297980462922316,0.4204454010237825
mlp,de,4,240,0.4297980462922316,0.4204578996340366
mlp,de,4,241,0.4297980462922316,0.4204815307041761
mlp,de,4,242,0.4297980462922316,0.4205054323498614
mlp,de,4,243,0.4297980462922316,0.4205241235154961
mlp,de,4,244,0.4297980462922316,0.4205428916738268
mlp,de,4,245,0.4297980462922316,0.4205565367775681
mlp,de,4,246,0.4297980462922316,0.4205727732726019
mlp,de,4,247,0.4297980462922316,0.42058423443577403
mlp,de,4,248,0.4297980462922316,0.4206013321982669
mlp,de,4,249,0.4297980462922316,0.42062186021320025
mlp,de,4,250,0.4297980462922316,0.42063581489738455
mlp,de,4,251,0.4297980462922316,0.42063954587347635
mlp,de,4,252,0.4297980462922316,0.4206518005339587
mlp,de,4,253,0.4297980462922316,0.42065174326298777
mlp,de,4,254,0.4297980462922316,0.42066513844997866
mlp,de,4,255,0.4297980462922316,0.42067325799153926
mlp,de,4,256,0.4297980462922316,0.4206961666247008
mlp,de,4,257,0.4297980462922316,0.4207143802205938
mlp,de,4,258,0.4297980462922316,0.4207354600939157
mlp,de,4,259,0.4297980462922316,0.4207391319324068
mlp,de,4,260,0.4297980462922316,0.42075444340268614
mlp,de,4,261,0.4297980462922316,0.4207746982623465
mlp,de,4,262,0.4297980462922316,0.42079733607870484
mlp,de,4,263,0.4297980462922316,0.42082001596015395
mlp,de,4,264,0.4297980462922316,0.42083666901821964
mlp,de,4,265,0.4297980462922316,0.4208560974999858
mlp,de,4,266,0.4297980462922316,0.42085921918706526
mlp,de,4,267,0.4297980462922316,0.4208711851105545
mlp,de,4,268,0.4297980462922316,0.4208894619906441
mlp,de,4,269,0.4297980462922316,0.4209049189557313
mlp,de,4,270,0.4297980462922316,0.4209229355113566
mlp,de,4,271,0.4297980462922316,0.4209401947194443
mlp,de,4,272,0.4297980462922316,0.42093903721589887
mlp,de,4,273,0.4297980462922316,0.42094317446521023
mlp,de,4,274,0.4297980462922316,0.4209628065607264
mlp,de,4,275,0.4297980462922316,0.4209782742579219
mlp,de,4,276,0.4297980462922316,0.42098222437393634
mlp,de,4,277,0.4297980462922316,0.42099988515590314
mlp,de,4,278,0.4297980462922316,0.42101424310170277
mlp,de,4,279,0.4297980462922316,0.42101665250371495
mlp,de,4,280,0.4297980462922316,0.42101625667545256
mlp,de,4,281,0.4297980462922316,0.4210335449469946
mlp,de,4,282,0.4297980462922316,0.42105385913122445
mlp,de,4,283,0.4297980462922316,0.42106876819562405
mlp,de,4,284,0.4297980462922316,0.4210827774118335
mlp,de,4,285,0.4297980462922316,0.42110270501705444
mlp,de,4,286,0.4297980462922316,0.4211166940000304
mlp,de,4,287,0.4297980462922316,0.42111828144217817
mlp,de,4,288,0.4297980462922316,0.42113807443628193
mlp,de,4,289,0.4297980462922316,0.42115121459182553
mlp,de,4,290,0.4297980462922316,0.4211520804570746
mlp,de,4,291,0.4297980462922316,0.421160541122
mlp,de,4,292,0.4297980462922316,0.4211596687914118
mlp,de,4,293,0.4297980462922316,0.4211740967501421
mlp,de,4,294,0.4297980462922316,0.42118558184471944
mlp,de,4,295,0.4297980462922316,0.42119362259649984
mlp,de,4,296,0.4297980462922316,0.4212036681877919
mlp,de,4,297,0.4297980462922316,0.42121734797191535
mlp,de,4,298,0.4297980462922316,0.42123501541949937
mlp,de,4,299,0.4297980462922316,0.4212473918876226
mlp,de,4,300,0.4297980462922316,0.42125877881777557
mlp,de,4,301,0.4297980462922316,0.4212720937189539
mlp,de,4,302,0.4297980462922316,0.4212822455088091
mlp,de,4,303,0.4297980462922316,0.42129522959389387
mlp,de,4,304,0.4297980462922316,0.4213113941961305
mlp,de,4,305,0.4297980462922316,0.42133178936293475
mlp,de,4,306,0.4297980462922316,0.42133869550058783
mlp,de,4,307,0.4297980462922316,0.4213443061424491
mlp,de,4,308,0.4297980462922316,0.4213369944407997
mlp,de,4,309,0.4297980462922316,0.4213473948295217
mlp,de,4,310,0.4297980462922316,0.4213623555451886
mlp,de,4,311,0.4297980462922316,0.4213729561717066
mlp,de,4,312,0.4297980462922316,0.42137329793594375
mlp,de,4,313,0.4297980462922316,0.4213822062810941
mlp,de,4,314,0.4297980462922316,0.42139053647090935
mlp,de,4,315,0.4297980462922316,0.4213912944246809
mlp,de,4,316,0.4297980462922316,0.4213881871672978
mlp,de,4,317,0.4297980462922316,0.42139937767903624
mlp,de,4,318,0.4297980462922316,0.42141311985292157
mlp,de,4,319,0.4297980462922316,0.4214281548022034
mlp,de,4,320,0.4297980462922316,0.42143773744651014
mlp,de,4,321,0.4297980462922316,0.42144041454628167
mlp,de,4,322,0.4297980462922316,0.42144474960915834
mlp,de,4,323,0.4297980462922316,0.4214514659693478
mlp,de,4,324,0.4297980462922316,0.4214661505455962
mlp,de,4,325,0.4297980462922316,0.4214712325806819
mlp,de,4,326,0.4297980462922316,0.4214711944498651
mlp,de,4,327,0.4297980462922316,0.4214834790717134
mlp,de,4,328,0.4297980462922316,0.42149485999920655
mlp,de,4,329,0.4297980462922316,0.42149544238906644
mlp,de,4,330,0.4297980462922316,0.4215060361820941
mlp,de,4,331,0.4297980462922316,0.4215150650787656
mlp,de,4,332,0.4297980462922316,0.4215306998410231
mlp,de,4,333,0.4297980462922316,0.4215437435681634
mlp,de,4,334,0.4297980462922316,0.4215555535149481
mlp,de,4,335,0.4297980462922316,0.42156284405933064
mlp,de,4,336,0.4297980462922316,0.42157321471867515
mlp,de,4,337,0.4297980462922316,0.4215796079103557
mlp,de,4,338,0.4297980462922316,0.4215846647147957
mlp,de,4,339,0.4297980462922316,0.4215947140639798
mlp,de,4,340,0.4297980462922316,0.42159936089260236
mlp,de,4,341,0.4297980462922316,0.42161433580537555
mlp,de,4,342,0.4297980462922316,0.4216287320985789
mlp,de,4,343,0.4297980462922316,0.421626624484852
mlp,de,4,344,0.4297980462922316,0.421623582197704
mlp,de,4,345,0.4297980462922316,0.42163642682778785
mlp,de,4,346,0.4297980462922316,0.4216435774186303
mlp,de,4,347,0.4297980462922316,0.42164463856106854
mlp,de,4,348,0.4297980462922316,0.42165934403905353
mlp,de,4,349,0.4297980462922316,0.4216556005007376
mlp,de,4,350,0.4297980462922316,0.42166813010437554
mlp,de,4,351,0.4297980462922316,0.4216645439818321
mlp,de,4,352,0.4297980462922316,0.42166505008140265
mlp,de,4,353,0.4297980462922316,0.42167181798700404
mlp,de,4,354,0.4297980462922316,0.42166965415255
mlp,de,4,355,0.4297980462922316,0.4216762600966349
mlp,de,4,356,0.4297980462922316,0.4216869679778081
mlp,de,4,357,0.4297980462922316,0.42169420869910457
mlp,de,4,358,0.4297980462922316,0.4217037320104148
mlp,de,4,359,0.4297980462922316,0.42171904869263405
mlp,de,4,360,0.4297980462922316,0.4217255350039286
mlp,de,4,361,0.4297980462922316,0.4217215763667932
mlp,de,4,362,0.4297980462922316,0.4217355005892601
mlp,de,4,363,0.4297980462922316,0.42174553243548585
mlp,de,4,364,0.4297980462922316,0.42175249750811533
mlp,de,4,365,0.4297980462922316,0.4217598953116118
mlp,de,4,366,0.4297980462922316,0.42176947637379986
mlp,de,4,367,0.4297980462922316,0.4217651970007706
mlp,de,4,368,0.4297980462922316,0.42177712034462084
mlp,de,4,369,0.4297980462922316,0.42178075365520024
mlp,de,4,370,0.4297980462922316,0.4217770472969204
mlp,de,4,371,0.4297980462922316,0.42178631785215637
mlp,de,4,372,0.4297980462922316,0.4217935981831462
mlp,de,4,373,0.4297980462922316,0.42179699647904123
mlp,de,4,374,0.4297980462922316,0.42179904942152296
mlp,de,4,375,0.4297980462922316,0.42179976797314
mlp,de,4,376,0.4297980462922316,0.42180606411581506
mlp,de,4,377,0.4297980462922316,0.421821105193373
mlp,de,4,378,0.4297980462922316,0.42182074900572686
mlp,de,4,379,0.4297980462922316,0.42182170336137664
mlp,de,4,380,0.4297980462922316,0.421830044652763
mlp,de,4,381,0.4297980462922316,0.4218386365412024
mlp,de,4,382,0.4297980462922316,0.42184920100308076
mlp,de,4,383,0.4297980462922316,0.42185958467858475
mlp,de,4,384,0.4297980462922316,0.4218703285119381
mlp,de,4,385,0.4297980462922316,0.4218815984863846
mlp,de,4,386,0.4297980462922316,0.4218836630139121
mlp,de,4,387,0.4297980462922316,0.4218904096236445
mlp,de,4,388,0.4297980462922316,0.42189357303169805
mlp,de,4,389,0.4297980462922316,0.4218994176193261
mlp,de,4,390,0.4297980462922316,0.4219089067559512
mlp,de,4,391,0.4297980462922316,0.4219157079323202
mlp,de,4,392,0.4297980462922316,0.42192510709806214
mlp,de,4,393,0.4297980462922316,0.4219327673328975
mlp,de,4,394,0.4297980462922316,0.42194221819069594
mlp,de,4,395,0.4297980462922316,0.42195176398747053
mlp,de,4,396,0.4297980462922316,0.42196376914444217
mlp,de,4,397,0.4297980462922316,0.4219698626778643
mlp,de,4,398,0.4297980462922316,0.42196790461817807
mlp,de,4,399,0.4297980462922316,0.42197299229052126
mlp,de,4,400,0.4297980462922316,0.42197929631224584
mlp,de,4,401,0.4297980462922316,0.42198832594962965
mlp,de,4,402,0.4297980462922316,0.42199689373242283
mlp,de,4,403,0.4297980462922316,0.42200048721567934
mlp,de,4,404,0.4297980462922316,0.4220032528709584
mlp,de,4,405,0.4297980462922316,0.42200940434777173
mlp,de,4,406,0.4297980462922316,0.42201702540639346
mlp,de,4,407,0.4297980462922316,0.4220223081882425
mlp,de,4,408,0.4297980462922316,0.4220248543999184
mlp,de,4,409,0.4297980462922316,0.42202901788626335
mlp,de,4,410,0.4297980462922316,0.4220385573676833
mlp,de,4,411,0.4297980462922316,0.42204788997987563
mlp,de,4,412,0.4297980462922316,0.4220555805947048
mlp,de,4,413,0.4297980462922316,0.42206268910195294
mlp,de,4,414,0.4297980462922316,0.4220639019228835
mlp,de,4,415,0.4297980462922316,0.42206271731559075
mlp,de,4,416,0.4297980462922316,0.42207002701951524
mlp,de,4,417,0.4297980462922316,0.4220750560137585
mlp,de,4,418,0.4297980462922316,0.4220758227074797
mlp,de,4,419,0.4297980462922316,0.42208186371405537
mlp,de,4,420,0.4297980462922316,0.42208406091323436
mlp,de,4,421,0.4297980462922316,0.42209005365325686
mlp,de,4,422,0.4297980462922316,0.4220974621121105
mlp,de,4,423,0.4297980462922316,0.4221027587365623
mlp,de,4,424,0.4297980462922316,0.42210776138123074
mlp,de,4,425,0.4297980462922316,0.422110776204383
mlp,de,4,426,0.4297980462922316,0.42211560329690545
mlp,de,4,427,0.4297980462922316,0.4221154929994371
mlp,de,4,428,0.4297980462922316,0.4221218224072281
mlp,de,4,429,0.4297980462922316,0.4221268550330216
mlp,de,4,430,0.4297980462922316,0.4221274798678034
mlp,de,4,431,0.4297980462922316,0.42213810243457933
mlp,de,4,432,0.4297980462922316,0.42214214835970876
mlp,de,4,433,0.4297980462922316,0.42214924830180983
mlp,de,4,434,0.4297980462922316,0.4221571997594166
mlp,de,4,435,0.4297980462922316,0.4221643628044669
mlp,de,4,436,0.4297980462922316,0.42216987611619117
mlp,de,4,437,0.4297980462922316,0.42217633267905613
mlp,de,4,438,0.4297980462922316,0.4221846493850929
mlp,de,4,439,0.4297980462922316,0.4221936888797457
mlp,de,4,440,0.4297980462922316,0.42220143090707163
mlp,de,4,441,0.4297980462922316,0.42220688572239057
mlp,de,4,442,0.4297980462922316,0.42220524024929384
mlp,de,4,443,0.4297980462922316,0.42221552671577367
mlp,de,4,444,0.4309034095193211,0.42223509401938525
mlp,de,4,445,0.4309034095193211,0.42224427890616556
mlp,de,4,446,0.4309034095193211,0.42225094290702503
mlp,de,4,447,0.4309034095193211,0.42225497686195046
mlp,de,4,448,0.4309034095193211,0.4222613352933929
mlp,de,4,449,0.4309034095193211,0.4222653281340728
mlp,de,4,450,0.4309034095193211,0.42227273891800415
mlp,de,4,451,0.4309034095193211,0.4222775414115509
mlp,de,4,452,0.4309034095193211,0.4222815966988246
mlp,de,4,453,0.4309034095193211,0.42228428908626336
mlp,de,4,454,0.4309034095193211,0.42229025187261127
mlp,de,4,455,0.4309034095193211,0.422296311507175
mlp,de,4,456,0.4309034095193211,0.4223002900592629
mlp,de,4,457,0.4309034095193211,0.42230521440170626
mlp,de,4,458,0.4309034095193211,0.42231386181340563
mlp,de,4,459,0.4309034095193211,0.4223176532272298
mlp,de,4,460,0.4309034095193211,0.42232491138392164
mlp,de,4,461,0.4309034095193211,0.42233201609003707
mlp,de,4,462,0.4309034095193211,0.42233982602332365
mlp,de,4,463,0.4309034095193211,0.42234401823250134
mlp,de,4,464,0.4309034095193211,0.42235210630811043
mlp,de,4,465,0.4309034095193211,0.42235256370737734
mlp,de,4,466,0.4309034095193211,0.4223581066594825
mlp,de,4,467,0.4309034095193211,0.42236034557579216
mlp,de,4,468,0.4309034095193211,0.42236384459354276
mlp,de,4,469,0.4309034095193211,0.4223685074292834
mlp,de,4,470,0.4309034095193211,0.4223709175160479
mlp,de,4,471,0.4309034095193211,0.4223744911959686
mlp,de,4,472,0.4309034095193211,0.42238331190970785
mlp,de,4,473,0.4309034095193211,0.42238906295038114
mlp,de,4,474,0.4309034095193211,0.42239538784014696
mlp,de,4,475,0.4309034095193211,0.4223978346102097
mlp,de,4,476,0.4309034095193211,0.42240456222847217
mlp,de,4,477,0.4309034095193211,0.4224127632676804
mlp,de,4,478,0.4309034095193211,0.42241827502988005
mlp,de,4,479,0.4309034095193211,0.42242353036257
mlp,de,4,480,0.4309034095193211,0.4224308347781226
mlp,de,4,481,0.4309034095193211,0.4224359264756246
mlp,de,4,482,0.4309034095193211,0.4224423750399407
mlp,de,4,483,0.4309034095193211,0.4224485659293663
mlp,de,4,484,0.4309034095193211,0.42245496173214847
mlp,de,4,485,0.4309034095193211,0.422459051838902
mlp,de,4,486,0.4309034095193211,0.4224631251139404
mlp,de,4,487,0.4309034095193211,0.4224642764327011
mlp,de,4,488,0.4309034095193211,0.4224695696891897
mlp,de,4,489,0.4309034095193211,0.42247327367524984
mlp,de,4,490,0.4309034095193211,0.42248089815483875
mlp,de,4,491,0.4309034095193211,0.42248814879357444
mlp,de,4,492,0.4309034095193211,0.4224933504943987
mlp,de,4,493,0.4309034095193211,0.4224924887414241
mlp,de,4,494,0.4309034095193211,0.42249576413113626
mlp,de,4,495,0.4309034095193211,0.42249991554613575
mlp,de,4,496,0.4309034095193211,0.42249793075669606
mlp,de,4,497,0.4309034095193211,0.4224991059101985
mlp,de,4,498,0.4309034095193211,0.4224996958807008
mlp,de,4,499,0.4309034095193211,0.4224956205843485
mlp,de,4,500,0.4309034095193211,0.42249862511494596
mlp,de,4,501,0.4309034095193211,0.4225016176514093
mlp,de,4,502,0.4309034095193211,0.42250581164904133
mlp,de,4,503,0.4309034095193211,0.42251021384100157
mlp,de,4,504,0.4309034095193211,0.4225163447280297
mlp,de,4,505,0.4309034095193211,0.42252026206714316
mlp,de,4,506,0.4309034095193211,0.4225243860639724
mlp,de,4,507,0.4309034095193211,0.42252838276711224
mlp,de,4,508,0.4309034095193211,0.4225314897391025
mlp,de,4,509,0.4309034095193211,0.4225375186019002
mlp,de,4,510,0.4309034095193211,0.42253779504799843
mlp,de,4,511,0.4309034095193211,0.4225389301104259
mlp,de,4,512,0.4309034095193211,0.42254264052721724
mlp,de,4,513,0.4309034095193211,0.42254882019074447
mlp,de,4,514,0.4309034095193211,0.4225528244403008
mlp,de,4,515,0.4309034095193211,0.4225627086675373
mlp,de,4,516,0.4309034095193211,0.4225666704810938
mlp,de,4,517,0.4309034095193211,0.4225657069139697
mlp,de,4,518,0.4309034095193211,0.4225695389750545
mlp,de,4,519,0.4309034095193211,0.4225687931384879
mlp,de,4,520,0.4309034095193211,0.42257601155290736
mlp,de,4,521,0.4309034095193211,0.42257185299156136
mlp,de,4,522,0.4309034095193211,0.42257384969837897
mlp,de,4,523,0.4309034095193211,0.42257467347977634
mlp,de,4,524,0.4309034095193211,0.4225784445505323
mlp,de,4,525,0.4309034095193211,0.42258441476646774
mlp,de,4,526,0.4309034095193211,0.4225909861486114
mlp,de,4,527,0.4309034095193211,0.4225964838329485
mlp,de,4,528,0.4309034095193211,0.42259935134701354
mlp,de,4,529,0.4309034095193211,0.42260440573833546
mlp,de,4,530,0.4309034095193211,0.422605481644104
mlp,de,4,531,0.4309034095193211,0.42260551193228074
mlp,de,4,532,0.4309034095193211,0.4226092741362853
mlp,de,4,533,0.4309034095193211,0.4226146756215723
mlp,de,4,534,0.4309034095193211,0.42261500939610186
mlp,de,4,535,0.4309034095193211,0.4226187327513665
mlp,de,4,536,0.4309034095193211,0.42262233719503167
mlp,de,4,537,0.4309034095193211,0.42262624366991064
mlp,de,4,538,0.4309034095193211,0.4226281852977277
mlp,de,4,539,0.4309034095193211,0.4226349339872681
mlp,de,4,540,0.4309034095193211,0.4226396098501927
mlp,de,4,541,0.4309034095193211,0.42264752931890487
mlp,de,4,542,0.4309034095193211,0.4226485018400797
mlp,de,4,543,0.4309034095193211,0.42265231696414035
mlp,de,4,544,0.4309034095193211,0.42265531053382505
mlp,de,4,545,0.4309034095193211,0.42265798066359656
mlp,de,4,546,0.4309034095193211,0.42266144720918675
mlp,de,4,547,0.4309034095193211,0.4226666150676604
mlp,de,4,548,0.4309034095193211,0.42266844759387906
mlp,de,4,549,0.4309034095193211,0.4226727808142893
mlp,de,4,550,0.4309034095193211,0.42267629758455916
mlp,de,4,551,0.4309034095193211,0.4226806008295946
mlp,de,4,552,0.4309034095193211,0.4226799060572098
mlp,de,4,553,0.4309034095193211,0.4226842887843182
mlp,de,4,554,0.4309034095193211,0.4226879635594458
mlp,de,4,555,0.4309034095193211,0.42269420684589304
mlp,de,4,556,0.4309034095193211,0.42269894748719616
mlp,de,4,557,0.4309034095193211,0.4227050479141763
mlp,de,4,558,0.4309034095193211,0.4227019249342896
mlp,de,4,559,0.4309034095193211,0.42270365823393397
mlp,de,4,560,0.4309034095193211,0.4227079437623523
mlp,de,4,561,0.4309034095193211,0.42271153051893456
mlp,de,4,562,0.4309034095193211,0.4227122534396276
mlp,de,4,563,0.4309034095193211,0.4227101276963673
mlp,de,4,564,0.4309034095193211,0.4227115303923109
mlp,de,4,565,0.4309034095193211,0.4227150854079087
mlp,de,4,566,0.4309034095193211,0.42271862786161385
mlp,de,4,567,0.4309034095193211,0.4227235125845991
mlp,de,4,568,0.4309034095193211,0.4227250805799613
mlp,de,4,569,0.4309034095193211,0.42271926635401713
mlp,de,4,570,0.4309034095193211,0.42271899535509294
mlp,de,4,571,0.4309034095193211,0.4227231714650633
mlp,de,4,572,0.4309034095193211,0.4227261705770258
mlp,de,4,573,0.4309034095193211,0.42273128442471936
mlp,de,4,574,0.4309034095193211,0.42273474928496385
mlp,de,4,575,0.4309034095193211,0.422737141949267
mlp,de,4,576,0.4309034095193211,0.42274029051282014
mlp,de,4,577,0.4309034095193211,0.4227454421894299
mlp,de,4,578,0.4309034095193211,0.4227477063392037
mlp,de,4,579,0.4309034095193211,0.42275310626086093
mlp,de,4,580,0.4309034095193211,0.42275363739239735
mlp,de,4,581,0.4309034095193211,0.422759391691748
mlp,de,4,582,0.4309034095193211,0.42276551364526155
mlp,de,4,583,0.4309034095193211,0.42276857573944787
mlp,de,4,584,0.4309034095193211,0.42277531757233966
mlp,de,4,585,0.4309034095193211,0.42277316396962455
mlp,de,4,586,0.4309034095193211,0.42277629339026124
mlp,de,4,587,0.4309034095193211,0.4227818550059065
mlp,de,4,588,0.4309034095193211,0.42278580347383554
mlp,de,4,589,0.4309034095193211,0.42278889549588794
mlp,de,4,590,0.4309034095193211,0.4227901028733671
mlp,de,4,591,0.4309034095193211,0.4227955091573145
mlp,de,4,592,0.4309034095193211,0.42280137101508936
mlp,de,4,593,0.4309034095193211,0.4228050641400018
mlp,de,4,594,0.4309034095193211,0.4228109855280433
mlp,de,4,595,0.4309034095193211,0.42281076287356256
mlp,de,4,596,0.4309034095193211,0.42281294369300165
mlp,de,4,597,0.4309034095193211,0.4228080862604005
mlp,de,4,598,0.4309034095193211,0.42281386827160394
mlp,de,4,599,0.4309034095193211,0.42281686182117173
mlp,de,4,600,0.4309034095193211,0.42282057936080153
mlp,de,4,601,0.4309034095193211,0.42282253827348426
mlp,de,4,602,0.4309034095193211,0.422824584091566
mlp,de,4,603,0.4309034095193211,0.42282552020620834
mlp,de,4,604,0.4309034095193211,0.4228301140153092
mlp,de,4,605,0.4309034095193211,0.42283661323991173
mlp,de,4,606,0.4309034095193211,0.4228410810967369
mlp,de,4,607,0.4309034095193211,0.42284417670317564
mlp,de,4,608,0.4309034095193211,0.42284698350885447
mlp,de,4,609,0.4309034095193211,0.4228515966809342
mlp,de,4,610,0.4309034095193211,0.42285484641115817
mlp,de,4,611,0.4309034095193211,0.42285509165004204
mlp,de,4,612,0.4309034095193211,0.4228579542526771
mlp,de,4,613,0.4309034095193211,0.4228622451361054
mlp,de,4,614,0.4309034095193211,0.42286517872860935
mlp,de,4,615,0.4309034095193211,0.4228671119676826
mlp,de,4,616,0.4309034095193211,0.42286814140963225
mlp,de,4,617,0.4309034095193211,0.42287122253205683
mlp,de,4,618,0.4309034095193211,0.4228739401566909
mlp,de,4,619,0.4309034095193211,0.4228760292963714
mlp,de,4,620,0.4309034095193211,0.4228780204285697
mlp,de,4,621,0.4309034095193211,0.4228840037579465
mlp,de,4,622,0.4309034095193211,0.4228894406151845
mlp,de,4,623,0.4309034095193211,0.42289290441130634
mlp,de,4,624,0.4309034095193211,0.4228970636442918
mlp,de,4,625,0.4309034095193211,0.42289891493567483
mlp,de,4,626,0.4309034095193211,0.4229039341798257
mlp,de,4,627,0.4309034095193211,0.42290886810070893
mlp,de,4,628,0.4309034095193211,0.4229123628237145
mlp,de,4,629,0.4309034095193211,0.4229156681198424
mlp,de,4,630,0.4309034095193211,0.42291826343164574
mlp,de,4,631,0.4309034095193211,0.42292356844833084
mlp,de,4,632,0.4309034095193211,0.4229247508391334
mlp,de,4,633,0.4309034095193211,0.4229274084277962
mlp,de,4,634,0.4309034095193211,0.4229301466967327
mlp,de,4,635,0.4309034095193211,0.4229264458006841
mlp,de,4,636,0.4309034095193211,0.42292917697227667
mlp,de,4,637,0.4309034095193211,0.42293319438016047
mlp,de,4,638,0.4309034095193211,0.42293486317561957
mlp,de,4,639,0.4309034095193211,0.42293514948042826
mlp,de,4,640,0.4309034095193211,0.4229377617538382
mlp,de,4,641,0.4309034095193211,0.42294027806086165
mlp,de,4,642,0.4309034095193211,0.42294510778627153
mlp,de,4,643,0.4309034095193211,0.4229484646235373
mlp,de,4,644,0.4309034095193211,0.4229524084141751
mlp,de,4,645,0.4309034095193211,0.4229557435238402
mlp,de,4,646,0.4309034095193211,0.4229606928179792
mlp,de,4,647,0.4309034095193211,0.42296485929786715
mlp,de,4,648,0.4309034095193211,0.42296995323253095
mlp,de,4,649,0.4309034095193211,0.42297094580682654
mlp,de,4,650,0.4309034095193211,0.4229749907838978
mlp,de,4,651,0.4309034095193211,0.42297826046648496
mlp,de,4,652,0.4309034095193211,0.4229809320212987
mlp,de,4,653,0.4309034095193211,0.42298198854107544
mlp,de,4,654,0.4309034095193211,0.4229861641058699
mlp,de,4,655,0.4309034095193211,0.4229885527325111
mlp,de,4,656,0.4309034095193211,0.42299236327071504
mlp,de,4,657,0.4309034095193211,0.4229953209817008
mlp,de,4,658,0.4309034095193211,0.42299667450922174
mlp,de,4,659,0.4309034095193211,0.4229974401749264
mlp,de,4,660,0.4309034095193211,0.42299887106314976
mlp,de,4,661,0.4309034095193211,0.4230021403958326
mlp,de,4,662,0.4309034095193211,0.42300372949003634
mlp,de,4,663,0.4309034095193211,0.42300781558117767
mlp,de,4,664,0.4309034095193211,0.42300315479932366
mlp,de,4,665,0.4309034095193211,0.4230055666033287
mlp,de,4,666,0.4309034095193211,0.4230040744520395
mlp,de,4,667,0.4309034095193211,0.4230086275064952
mlp,de,4,668,0.4309034095193211,0.4230111896123313
mlp,de,4,669,0.4309034095193211,0.423013914190067
mlp,de,4,670,0.4309034095193211,0.42301341358099526
mlp,de,4,671,0.4309034095193211,0.42301488075283145
mlp,de,4,672,0.4309034095193211,0.4230200570708711
mlp,de,4,673,0.4309034095193211,0.42302306944609874
mlp,de,4,674,0.4309034095193211,0.42302156903719457
mlp,de,4,675,0.4309034095193211,0.423020157092366
mlp,de,4,676,0.4309034095193211,0.42302177007190284
mlp,de,4,677,0.4309034095193211,0.4230240284832529
mlp,de,4,678,0.4309034095193211,0.42302163657621866
mlp,de,4,679,0.4309034095193211,0.42302315717148004
mlp,de,4,680,0.4309034095193211,0.4230264659467518
mlp,de,4,681,0.4309034095193211,0.4230304937338705
mlp,de,4,682,0.4309034095193211,0.4230327227966594
mlp,de,4,683,0.4309034095193211,0.4230359200155361
mlp,de,4,684,0.4309034095193211,0.4230379708101152
mlp,de,4,685,0.4309034095193211,0.423038170321043
mlp,de,4,686,0.4309034095193211,0.42303965129835736
mlp,de,4,687,0.4309034095193211,0.423041210075593
mlp,de,4,688,0.4309034095193211,0.4230442895667137
mlp,de,4,689,0.4309034095193211,0.4230471968178492
mlp,de,4,690,0.4309034095193211,0.4230496213358016
mlp,de,4,691,0.4309034095193211,0.4230493329914372
mlp,de,4,692,0.4309034095193211,0.42304871482911716
mlp,de,4,693,0.4309034095193211,0.42304889653325367
mlp,de,4,694,0.4309034095193211,0.42304899583500455
mlp,de,4,695,0.4309034095193211,0.42305282865814364
mlp,de,4,696,0.4309034095193211,0.4230565694291886
mlp,de,4,697,0.4309034095193211,0.42305205936749707
mlp,de,4,698,0.4309034095193211,0.42305570997141634
mlp,de,4,699,0.4309034095193211,0.4230584791904675
mlp,de,4,700,0.4309034095193211,0.4230598212000284
mlp,de,4,701,0.4309034095193211,0.42306123960168124
mlp,de,4,702,0.4309034095193211,0.423064148881662
mlp,de,4,703,0.4309034095193211,0.4230650118838723
mlp,de,4,704,0.4309034095193211,0.4230671222569859
mlp,de,4,705,0.4309034095193211,0.4230708750026025
mlp,de,4,706,0.4309034095193211,0.42307359528459343
mlp,de,4,707,0.4309034095193211,0.42307779240834087
mlp,de,4,708,0.4309034095193211,0.423081355103955
mlp,de,4,709,0.4309034095193211,0.423086774973235
mlp,de,4,710,0.4309034095193211,0.4230900148122859
mlp,de,4,711,0.4309034095193211,0.42309284679447423
mlp,de,4,712,0.4309034095193211,0.42308846062613487
mlp,de,4,713,0.4309034095193211,0.4230911295370213
mlp,de,4,714,0.4309034095193211,0.42309533927900744
mlp,de,4,715,0.4309034095193211,0.4230979911039154
mlp,de,4,716,0.4309034095193211,0.4231008708648967
mlp,de,4,717,0.4309034095193211,0.42310028179271697
mlp,de,4,718,0.4309034095193211,0.42310068399247774
mlp,de,4,719,0.4309034095193211,0.423102467327555
mlp,de,4,720,0.4309034095193211,0.42310103127054155
mlp,de,4,721,0.4309034095193211,0.42309668850170157
mlp,de,4,722,0.4309034095193211,0.42309939029823534
mlp,de,4,723,0.4309034095193211,0.42309933742445066
mlp,de,4,724,0.4309034095193211,0.4230968381416098
mlp,de,4,725,0.4309034095193211,0.4230998399156991
mlp,de,4,726,0.4309034095193211,0.4231012320525359
mlp,de,4,727,0.4309034095193211,0.4231026981949932
mlp,de,4,728,0.4309034095193211,0.42310712081922613
mlp,de,4,729,0.4309034095193211,0.4231091782727837
mlp,de,4,730,0.4309034095193211,0.4231164545452831
mlp,de,4,731,0.4309034095193211,0.4231210589130077
mlp,de,4,732,0.4309034095193211,0.42312173251278545
mlp,de,4,733,0.4309034095193211,0.423123758804668
mlp,de,4,734,0.4309034095193211,0.42312773319563446
mlp,de,4,735,0.4309034095193211,0.42312478719827634
mlp,de,4,736,0.4309034095193211,0.4231252986942143
mlp,de,4,737,0.4309034095193211,0.4231271566349011
mlp,de,4,738,0.4309034095193211,0.42312848912084194
mlp,de,4,739,0.4309034095193211,0.423131833764661
mlp,de,4,740,0.4309034095193211,0.42313367534197954
mlp,de,4,741,0.4309034095193211,0.4231364097881666
mlp,de,4,742,0.4309034095193211,0.42313988202284103
mlp,de,4,743,0.4309034095193211,0.4231389559122603
mlp,de,4,744,0.4309034095193211,0.4231401859725377
mlp,de,4,745,0.4309034095193211,0.42313867135223193
mlp,de,4,746,0.4309034095193211,0.4231399741135015
mlp,de,4,747,0.4309034095193211,0.4231436344707508
mlp,de,4,748,0.4309034095193211,0.4231463300128574
mlp,de,4,749,0.4309034095193211,0.42314305682884606
mlp,de,4,750,0.4309034095193211,0.4231457459530297
mlp,de,4,751,0.4309034095193211,0.4231482780963666
mlp,de,4,752,0.4309034095193211,0.4231488975855342
mlp,de,4,753,0.4309034095193211,0.4231508339824494
mlp,de,4,754,0.4309034095193211,0.42315195739345823
mlp,de,4,755,0.4309034095193211,0.42315585796024185
mlp,de,4,756,0.4309034095193211,0.42315712075561096
mlp,de,4,757,0.4309034095193211,0.42315896169854395
mlp,de,4,758,0.4309034095193211,0.423161453022951
mlp,de,4,759,0.4309034095193211,0.42316379047534286
mlp,de,4,760,0.4309034095193211,0.42316714444566034
mlp,de,4,761,0.4309034095193211,0.4231703416026348
mlp,de,4,762,0.4309034095193211,0.42317157544732853
mlp,de,4,763,0.4309034095193211,0.42317193389036584
mlp,de,4,764,0.4309034095193211,0.423175762360817
mlp,de,4,765,0.4309034095193211,0.4231790050313329
mlp,de,4,766,0.4309034095193211,0.42318281427452326
mlp,de,4,767,0.4309034095193211,0.4231838769493714
mlp,de,4,768,0.4309034095193211,0.4231818527501001
mlp,de,4,769,0.4309034095193211,0.4231829139115214
mlp,de,4,770,0.4309034095193211,0.42318340052153236
mlp,de,4,771,0.4309034095193211,0.42318223340863037
mlp,de,4,772,0.4309034095193211,0.42318529286597145
mlp,de,4,773,0.4309034095193211,0.4231877017828319
mlp,de,4,774,0.4309034095193211,0.42318960846132114
mlp,de,4,775,0.4309034095193211,0.4231889489744188
mlp,de,4,776,0.4309034095193211,0.4231899914188887
mlp,de,4,777,0.4309034095193211,0.423192454176584
mlp,de,4,778,0.4309034095193211,0.42319235823541673
mlp,de,4,779,0.4309034095193211,0.4231943194112443
mlp,de,4,780,0.4309034095193211,0.42319138543839685
mlp,de,4,781,0.4309034095193211,0.4231905831484209
mlp,de,4,782,0.4309034095193211,0.42319161550485906
mlp,de,4,783,0.4309034095193211,0.423195541575683
mlp,de,4,784,0.4309034095193211,0.4231995298755057
mlp,de,4,785,0.4309034095193211,0.4232003333186266
mlp,de,4,786,0.4309034095193211,0.4232014913312737
mlp,de,4,787,0.4309034095193211,0.4232039081836459
mlp,de,4,788,0.4309034095193211,0.4232042855187029
mlp,de,4,789,0.4309034095193211,0.42320746488802863
mlp,de,4,790,0.4309034095193211,0.4232093796339995
mlp,de,4,791,0.4309034095193211,0.4232154845918585
mlp,de,4,792,0.4309034095193211,0.42321647247227673
mlp,de,4,793,0.4309034095193211,0.42321745786119325
mlp,de,4,794,0.4309034095193211,0.42321935037548014
mlp,de,4,795,0.4309034095193211,0.42322032966542683
mlp,de,4,796,0.4309034095193211,0.42322144800913775
mlp,de,4,797,0.4309034095193211,0.42322201186287217
mlp,de,4,798,0.4309034095193211,0.42322264558273703
mlp,de,4,799,0.4309034095193211,0.4232263130945704
mlp,de,4,800,0.4309034095193211,0.4232267978706401
mlp,de,4,801,0.4309034095193211,0.42322790115826636
mlp,de,4,802,0.4309034095193211,0.4232288612389706
mlp,de,4,803,0.4309034095193211,0.4232307891010866
mlp,de,4,804,0.4309034095193211,0.42323188330775097
mlp,de,4,805,0.4309034095193211,0.42323757225008046
mlp,de,4,806,0.4309034095193211,0.42323823865931026
mlp,de,4,807,0.4309034095193211,0.4232413050400504
mlp,de,4,808,0.4309034095193211,0.423244155076481
mlp,de,4,809,0.4309034095193211,0.42324399890450565
mlp,de,4,810,0.4309034095193211,0.42324704681686637
mlp,de,4,811,0.4309034095193211,0.42324926671672114
mlp,de,4,812,0.4309034095193211,0.42325312129951853
mlp,de,4,813,0.4309034095193211,0.42325384563892426
mlp,de,4,814,0.4309034095193211,0.4232547596932783
mlp,de,4,815,0.4309034095193211,0.42325539765450043
mlp,de,4,816,0.4309034095193211,0.42325569894194415
mlp,de,4,817,0.4309034095193211,0.4232577550991613
mlp,de,4,818,0.4309034095193211,0.423259335734194
mlp,de,4,819,0.4309034095193211,0.42326030616767935
mlp,de,4,820,0.4309034095193211,0.42326120565513714
mlp,de,4,821,0.4309034095193211,0.4232633812701724
mlp,de,4,822,0.4309034095193211,0.42326636110794186
mlp,de,4,823,0.4309034095193211,0.42326792168321276
mlp,de,4,824,0.4309034095193211,0.423269945539651
mlp,de,4,825,0.4309034095193211,0.4232717721929582
mlp,de,4,826,0.4309034095193211,0.4232735256336508
mlp,de,4,827,0.4309034095193211,0.42327433373615225
mlp,de,4,828,0.4309034095193211,0.4232722781276501
mlp,de,4,829,0.4309034095193211,0.4232745551141868
mlp,de,4,830,0.4309034095193211,0.42327170121717006
mlp,de,4,831,0.4309034095193211,0.4232733080802814
mlp,de,4,832,0.4309034095193211,0.4232761723798309
mlp,de,4,833,0.4309034095193211,0.4232798292780983
mlp,de,4,834,0.4309034095193211,0.4232833417953594
mlp,de,4,835,0.4309034095193211,0.4232888323303514
mlp,de,4,836,0.4309034095193211,0.4232885599980806
mlp,de,4,837,0.4309034095193211,0.42328703459048994
mlp,de,4,838,0.4309034095193211,0.4232886771159589
mlp,de,4,839,0.4309034095193211,0.42329136538456447
mlp,de,4,840,0.4309034095193211,0.4232922734266765
mlp,de,4,841,0.4309034095193211,0.4232914084130505
mlp,de,4,842,0.4309034095193211,0.4232930379409845
mlp,de,4,843,0.4309034095193211,0.4232964305265084
mlp,de,4,844,0.4309034095193211,0.4232979833392291
mlp,de,4,845,0.4309034095193211,0.4232986271568588
mlp,de,4,846,0.4309034095193211,0.4232992018018657
mlp,de,4,847,0.4309034095193211,0.4233013986119775
mlp,de,4,848,0.4309034095193211,0.4233037237602609
mlp,de,4,849,0.4309034095193211,0.4233064948810444
mlp,de,4,850,0.4309034095193211,0.42330380394660483
mlp,de,4,851,0.4309034095193211,0.42330461955405074
mlp,de,4,852,0.4309034095193211,0.42330608210686976
mlp,de,4,853,0.4309034095193211,0.42330430084706644
mlp,de,4,854,0.4309034095193211,0.4233064736797591
mlp,de,4,855,0.4309034095193211,0.4233085098340507
mlp,de,4,856,0.4309034095193211,0.423309446774968
mlp,de,4,857,0.4309034095193211,0.42330864411206365
mlp,de,4,858,0.4309034095193211,0.4233059095911142
mlp,de,4,859,0.4309034095193211,0.4233074242533629
mlp,de,4,860,0.4309034095193211,0.42331150708998
mlp,de,4,861,0.4309034095193211,0.4233106398308363
mlp,de,4,862,0.4309034095193211,0.4233115677791291
mlp,de,4,863,0.4309034095193211,0.4233124282113186
mlp,de,4,864,0.4309034095193211,0.42331443626385085
mlp,de,4,865,0.4309034095193211,0.42331784816292145
mlp,de,4,866,0.4309034095193211,0.42331799506745027
mlp,de,4,867,0.4309034095193211,0.42331840203903964
mlp,de,4,868,0.4309034095193211,0.4233204586658935
mlp,de,4,869,0.4309034095193211,0.42332365363326896
mlp,de,4,870,0.4309034095193211,0.42332703532904675
mlp,de,4,871,0.4309034095193211,0.4233291396512483
mlp,de,4,872,0.4309034095193211,0.4233311745302585
mlp,de,4,873,0.4309034095193211,0.42333283061271876
mlp,de,4,874,0.4309034095193211,0.4233354891649988
mlp,de,4,875,0.4309034095193211,0.42333674993567605
mlp,de,4,876,0.4309034095193211,0.4233388311571725
mlp,de,4,877,0.4309034095193211,0.42334027719286865
mlp,de,4,878,0.4309034095193211,0.42333926523918813
mlp,de,4,879,0.4309034095193211,0.42334190134847854
mlp,de,4,880,0.4309034095193211,0.4233429683002104
mlp,de,4,881,0.4309034095193211,0.42334377551071944
mlp,de,4,882,0.4309034095193211,0.4233464614885041
mlp,de,4,883,0.4309034095193211,0.42334857922553804
mlp,de,4,884,0.4309034095193211,0.42335075631279
mlp,de,4,885,0.4309034095193211,0.42335217580222495
mlp,de,4,886,0.4309034095193211,0.42335253546772517
mlp,de,4,887,0.4309034095193211,0.42335470073141024
mlp,de,4,888,0.4309034095193211,0.4233577258001519
mlp,de,4,889,0.4309034095193211,0.42335844589023397
mlp,de,4,890,0.4309034095193211,0.42335823936203787
mlp,de,4,891,0.4309034095193211,0.4233555504571842
mlp,de,4,892,0.4309034095193211,0.42335701673574505
mlp,de,4,893,0.4309034095193211,0.4233602739722784
mlp,de,4,894,0.4309034095193211,0.42336160556129804
mlp,de,4,895,0.4309034095193211,0.42336206711719526
mlp,de,4,896,0.4309034095193211,0.4233629024566395
mlp,de,4,897,0.4309034095193211,0.4233637990175786
mlp,de,4,898,0.4309034095193211,0.4233645051276738
mlp,de,4,899,0.4309034095193211,0.423365637938336
mlp,de,4,900,0.4309034095193211,0.4233635821850535
mlp,de,4,901,0.4309034095193211,0.42336538885753194
mlp,de,4,902,0.4309034095193211,0.42336615241839803
mlp,de,4,903,0.4309034095193211,0.42336813884979135
mlp,de,4,904,0.4309034095193211,0.4233649915890359
mlp,de,4,905,0.4309034095193211,0.42336581538977647
mlp,de,4,906,0.4309034095193211,0.42336602707656473
mlp,de,4,907,0.4309034095193211,0.4233681924308469
mlp,de,4,908,0.4309034095193211,0.42336949476798896
mlp,de,4,909,0.4309034095193211,0.4233692804016828
mlp,de,4,910,0.4309034095193211,0.4233725255535893
mlp,de,4,911,0.4309034095193211,0.42337103188541264
mlp,de,4,912,0.4309034095193211,0.4233719670259726
mlp,de,4,913,0.4309034095193211,0.4233738020956036
mlp,de,4,914,0.4309034095193211,0.4233742517397361
mlp,de,4,915,0.4309034095193211,0.4233774118241298
mlp,de,4,916,0.4309034095193211,0.4233803806816527
mlp,de,4,917,0.4309034095193211,0.42338111540365597
mlp,de,4,918,0.4309034095193211,0.4233829916985847
mlp,de,4,919,0.4309034095193211,0.4233861901500951
mlp,de,4,920,0.4309034095193211,0.42338932008358404
mlp,de,4,921,0.4309034095193211,0.42339105957761736
mlp,de,4,922,0.4309034095193211,0.4233935165686453
mlp,de,4,923,0.4309034095193211,0.4233964454621951
mlp,de,4,924,0.4309034095193211,0.4233988304572612
mlp,de,4,925,0.4309034095193211,0.42339959986353365
mlp,de,4,926,0.4309034095193211,0.4234028689841585
mlp,de,4,927,0.4309034095193211,0.4234036323738835
mlp,de,4,928,0.4309034095193211,0.4234048684538211
mlp,de,4,929,0.4309034095193211,0.42340729206722433
mlp,de,4,930,0.4309034095193211,0.423409831956372
mlp,de,4,931,0.4309034095193211,0.4234090464291492
mlp,de,4,932,0.4309034095193211,0.42341015116850383
mlp,de,4,933,0.4309034095193211,0.4234109018438422
mlp,de,4,934,0.4309034095193211,0.4234088724628361
mlp,de,4,935,0.4309034095193211,0.42340850058057844
mlp,de,4,936,0.4309034095193211,0.4234103717337686
mlp,de,4,937,0.4309034095193211,0.42340952989057995
mlp,de,4,938,0.4309034095193211,0.42341015713577446
mlp,de,4,939,0.4309034095193211,0.4234101943139949
mlp,de,4,940,0.4309034095193211,0.4234092949551153
mlp,de,4,941,0.4309034095193211,0.4234105677601181
mlp,de,4,942,0.4309034095193211,0.42341224591970206
mlp,de,4,943,0.4309034095193211,0.42341509283316486
mlp,de,4,944,0.4309034095193211,0.4234174075451034
mlp,de,4,945,0.4309034095193211,0.4234186663778204
mlp,de,4,946,0.4309034095193211,0.42341998223887295
mlp,de,4,947,0.4309034095193211,0.4234209990495109
mlp,de,4,948,0.4309034095193211,0.4234200958827575
mlp,de,4,949,0.4309034095193211,0.42342315412591225
mlp,de,4,950,0.4309034095193211,0.4234228925276698
mlp,de,4,951,0.4309034095193211,0.42342355627975287
mlp,de,4,952,0.4309034095193211,0.4234228938374636
mlp,de,4,953,0.4309034095193211,0.42342587687536765
mlp,de,4,954,0.4309034095193211,0.4234275765700466
mlp,de,4,955,0.4309034095193211,0.4234311274466687
mlp,de,4,956,0.4309034095193211,0.4234327011411684
mlp,de,4,957,0.4309034095193211,0.423433291720836
mlp,de,4,958,0.4309034095193211,0.42343590854082297
mlp,de,4,959,0.4309034095193211,0.4234382239701918
mlp,de,4,960,0.4309034095193211,0.423436062753805
mlp,de,4,961,0.4309034095193211,0.4234356726391309
mlp,de,4,962,0.4309034095193211,0.42343769071411014
mlp,de,4,963,0.4309034095193211,0.4234401119999466
mlp,de,4,964,0.4309034095193211,0.4234381154729591
mlp,de,4,965,0.4309034095193211,0.42343972508810446
mlp,de,4,966,0.4309034095193211,0.42344002321980934
mlp,de,4,967,0.4309034095193211,0.42344060012018503
mlp,de,4,968,0.4309034095193211,0.4234418050833488
mlp,de,4,969,0.4309034095193211,0.4234394226893094
mlp,de,4,970,0.4309034095193211,0.4234403953483029
mlp,de,4,971,0.4309034095193211,0.4234426775418737
mlp,de,4,972,0.4309034095193211,0.42344381749764937
mlp,de,4,973,0.4309034095193211,0.423444050819271
mlp,de,4,974,0.4309034095193211,0.42344461943843303
mlp,de,4,975,0.4309034095193211,0.42344502701771297
mlp,de,4,976,0.4309034095193211,0.4234480333301418
mlp,de,4,977,0.4309034095193211,0.42344769533486876
mlp,de,4,978,0.4309034095193211,0.42344989624035784
mlp,de,4,979,0.4309034095193211,0.42345045598463027
mlp,de,4,980,0.4309034095193211,0.4234515214387075
mlp,de,4,981,0.4309034095193211,0.4234538265217636
mlp,de,4,982,0.4309034095193211,0.42345511602042274
mlp,de,4,983,0.4309034095193211,0.42345690778773615
mlp,de,4,984,0.4309034095193211,0.4234565056076185
mlp,de,4,985,0.4309034095193211,0.42345689698186084
mlp,de,4,986,0.4309034095193211,0.42345862416541535
mlp,de,4,987,0.4309034095193211,0.42346079392908065
mlp,de,4,988,0.4309034095193211,0.4234618970876099
mlp,de,4,989,0.4309034095193211,0.4234633871607148
mlp,de,4,990,0.4309034095193211,0.4234629431508053
mlp,de,4,991,0.4309034095193211,0.4234615934518795
mlp,de,4,992,0.4309034095193211,0.4234633054544145
mlp,de,4,993,0.4309034095193211,0.42346440052903833
mlp,de,4,994,0.4309034095193211,0.4234649938089474
mlp,de,4,995,0.4309034095193211,0.42346564259030456
mlp,de,4,996,0.4309034095193211,0.4234640131208672
mlp,de,4,997,0.4309034095193211,0.42346305443446425
mlp,de,4,998,0.4309034095193211,0.42346464194064126
mlp,de,4,999,0.4309034095193211,0.4234668358979634
mlp,de,4,1000,0.4309034095193211,0.4234690818699821
mlp,de,5,1,0.4119581046511279,0.4119581046511279
mlp,de,5,2,0.4119581046511279,0.41073387667784733
mlp,de,5,3,0.4119581046511279,0.2899319194116817
mlp,de,5,4,0.4119581046511279,0.3161727045961293
mlp,de,5,5,0.4119581046511279,0.26048356922581295
mlp,de,5,6,0.4119581046511279,0.28412449631604436
mlp,de,5,7,0.4119581046511279,0.28409611791260964
mlp,de,5,8,0.420198946472079,0.30110897148254334
mlp,de,5,9,0.42162929190896425,0.31450011819659013
mlp,de,5,10,0.42162929190896425,0.32260803858336884
mlp,de,5,11,0.42162929190896425,0.3313741165470232
mlp,de,5,12,0.42162929190896425,0.3367902721431238
mlp,de,5,13,0.42162929190896425,0.3423877920548784
mlp,de,5,14,0.42162929190896425,0.34539094898211564
mlp,de,5,15,0.42162929190896425,0.349715852571421
mlp,de,5,16,0.42162929190896425,0.35300439075388257
mlp,de,5,17,0.42162929190896425,0.35562380859617937
mlp,de,5,18,0.42162929190896425,0.34615141010995737
mlp,de,5,19,0.42162929190896425,0.3486349995391287
mlp,de,5,20,0.42162929190896425,0.3514974531860321
mlp,de,5,21,0.42162929190896425,0.3542958841210637
mlp,de,5,22,0.42162929190896425,0.3567557097175038
mlp,de,5,23,0.42162929190896425,0.3586625876936393
mlp,de,5,24,0.42162929190896425,0.35984498401773846
mlp,de,5,25,0.42162929190896425,0.35937748331218783
mlp,de,5,26,0.42162929190896425,0.36129961046620224
mlp,de,5,27,0.42162929190896425,0.361138614087032
mlp,de,5,28,0.42162929190896425,0.3629617480154123
mlp,de,5,29,0.42162929190896425,0.3640180883205549
mlp,de,5,30,0.42162929190896425,0.36244373019774534
mlp,de,5,31,0.42162929190896425,0.36385225632292995
mlp,de,5,32,0.42162929190896425,0.36499473306465935
mlp,de,5,33,0.42162929190896425,0.36609441195223047
mlp,de,5,34,0.42162929190896425,0.36732597985465026
mlp,de,5,35,0.42162929190896425,0.36588201884841076
mlp,de,5,36,0.42162929190896425,0.36538967016870416
mlp,de,5,37,0.42162929190896425,0.36683983632124756
mlp,de,5,38,0.42162929190896425,0.3676972183417346
mlp,de,5,39,0.42162929190896425,0.3689739523617903
mlp,de,5,40,0.42162929190896425,0.36958131977115843
mlp,de,5,41,0.42162929190896425,0.37054464752949556
mlp,de,5,42,0.42162929190896425,0.37121319643421635
mlp,de,5,43,0.42174381320433263,0.3723883270567772
mlp,de,5,44,0.42174381320433263,0.3732240451661724
mlp,de,5,45,0.42174381320433263,0.3740379885306074
mlp,de,5,46,0.42174381320433263,0.37482968620079815
mlp,de,5,47,0.42174381320433263,0.37561590622993163
mlp,de,5,48,0.42174381320433263,0.37635785208232636
mlp,de,5,49,0.42174381320433263,0.37692660726816873
mlp,de,5,50,0.4240541207586924,0.37786915753797923
mlp,de,5,51,0.4240541207586924,0.3787688313926739
mlp,de,5,52,0.4240541207586924,0.3791935422134773
mlp,de,5,53,0.4240541207586924,0.37974073798825914
mlp,de,5,54,0.4240541207586924,0.3801499748999862
mlp,de,5,55,0.4240541207586924,0.38053650549773166
mlp,de,5,56,0.4240541207586924,0.3808961355966368
mlp,de,5,57,0.4240541207586924,0.3812747726751406
mlp,de,5,58,0.4240541207586924,0.38180872605487787
mlp,de,5,59,0.4240541207586924,0.38250586749564136
mlp,de,5,60,0.4240541207586924,0.3829809467529064
mlp,de,5,61,0.4240541207586924,0.3834287582239476
mlp,de,5,62,0.4240541207586924,0.38387905267472694
mlp,de,5,63,0.4240541207586924,0.38429051425198824
mlp,de,5,64,0.4240541207586924,0.38486174663453576
mlp,de,5,65,0.4240541207586924,0.3851312216788465
mlp,de,5,66,0.4240541207586924,0.3856975395742756
mlp,de,5,67,0.4240541207586924,0.3861175982574085
mlp,de,5,68,0.4240541207586924,0.38662356027019495
mlp,de,5,69,0.4240541207586924,0.38667981245615257
mlp,de,5,70,0.4240541207586924,0.3870297768603854
mlp,de,5,71,0.4240541207586924,0.38754335849728855
mlp,de,5,72,0.4240541207586924,0.3880136217891882
mlp,de,5,73,0.4240541207586924,0.38820046388160023
mlp,de,5,74,0.4240541207586924,0.38867902699063744
mlp,de,5,75,0.4240541207586924,0.3891471036551985
mlp,de,5,76,0.4240541207586924,0.38950098183360826
mlp,de,5,77,0.4240541207586924,0.38994477875650774
mlp,de,5,78,0.4240541207586924,0.39035245868532603
mlp,de,5,79,0.4240541207586924,0.3906332498760384
mlp,de,5,80,0.4244832491321062,0.3910563748667393
mlp,de,5,81,0.4244832491321062,0.3914446313242517
mlp,de,5,82,0.4244832491321062,0.39181878693633815
mlp,de,5,83,0.4244832491321062,0.3921818263417388
mlp,de,5,84,0.4244832491321062,0.39248040730077055
mlp,de,5,85,0.4244832491321062,0.3928380582680186
mlp,de,5,86,0.4244832491321062,0.3931477755016155
mlp,de,5,87,0.4244832491321062,0.3934745420969947
mlp,de,5,88,0.4244832491321062,0.39379949814264886
mlp,de,5,89,0.4244832491321062,0.3941394377226044
mlp,de,5,90,0.4245426129924268,0.394477250781158
mlp,de,5,91,0.4245426129924268,0.3947682951790339
mlp,de,5,92,0.4245426129924268,0.3950670247997061
mlp,de,5,93,0.4245426129924268,0.3953535506377264
mlp,de,5,94,0.4245426129924268,0.3956207056628664
mlp,de,5,95,0.4245426129924268,0.39584914653272474
mlp,de,5,96,0.4245426129924268,0.3961379815492214
mlp,de,5,97,0.4245426129924268,0.3963569994518591
mlp,de,5,98,0.4245426129924268,0.39662616906508413
mlp,de,5,99,0.4245426129924268,0.3968810464063461
mlp,de,5,100,0.4245426129924268,0.39713115106897523
mlp,de,5,101,0.4245426129924268,0.3973487270751431
mlp,de,5,102,0.4245426129924268,0.3975808201463749
mlp,de,5,103,0.4245426129924268,0.39781319529042997
mlp,de,5,104,0.4245426129924268,0.3980427459728595
mlp,de,5,105,0.4245426129924268,0.39828043010106606
mlp,de,5,106,0.4245426129924268,0.3985188567239826
mlp,de,5,107,0.4245426129924268,0.39874191502151657
mlp,de,5,108,0.4245426129924268,0.39896762995546875
mlp,de,5,109,0.4245426129924268,0.39914897468113136
mlp,de,5,110,0.4245426129924268,0.3993332275114641
mlp,de,5,111,0.4245426129924268,0.399551465134063
mlp,de,5,112,0.4251598999665539,0.39978011187363877
mlp,de,5,113,0.4251598999665539,0.3999724690160503
mlp,de,5,114,0.4251598999665539,0.40012519049928735
mlp,de,5,115,0.4251598999665539,0.4003215262595129
mlp,de,5,116,0.4251598999665539,0.40051805730803736
mlp,de,5,117,0.4251598999665539,0.4007228880073884
mlp,de,5,118,0.4251598999665539,0.40091730550013915
mlp,de,5,119,0.4251598999665539,0.4010982149763446
mlp,de,5,120,0.4251598999665539,0.40127760407736035
mlp,de,5,121,0.4251598999665539,0.4014425320085776
mlp,de,5,122,0.4251598999665539,0.40161113251543107
mlp,de,5,123,0.4251598999665539,0.40175992864481896
mlp,de,5,124,0.4251598999665539,0.40190270682959645
mlp,de,5,125,0.4251598999665539,0.4020754951606285
mlp,de,5,126,0.4251598999665539,0.40222754586375564
mlp,de,5,127,0.4251598999665539,0.4023878543531444
mlp,de,5,128,0.4251598999665539,0.4025225695419527
mlp,de,5,129,0.4251598999665539,0.40268059624536146
mlp,de,5,130,0.4251598999665539,0.40279231819828165
mlp,de,5,131,0.4251598999665539,0.4029118433382768
mlp,de,5,132,0.4251598999665539,0.4030448303054177
mlp,de,5,133,0.4251598999665539,0.4031953147763707
mlp,de,5,134,0.4251598999665539,0.40330132993085843
mlp,de,5,135,0.4251598999665539,0.4034248007827547
mlp,de,5,136,0.4251598999665539,0.403572008626152
mlp,de,5,137,0.4251598999665539,0.40369996003964825
mlp,de,5,138,0.4251598999665539,0.4038102544543343
mlp,de,5,139,0.4251598999665539,0.40395070751001233
mlp,de,5,140,0.4251598999665539,0.4040578107856702
mlp,de,5,141,0.4251598999665539,0.4041992297579923
mlp,de,5,142,0.4251598999665539,0.4043258721526331
mlp,de,5,143,0.4251598999665539,0.40445492566327357
mlp,de,5,144,0.4251598999665539,0.40458370798112964
mlp,de,5,145,0.4251598999665539,0.4046960131395153
mlp,de,5,146,0.4251598999665539,0.4048153924434593
mlp,de,5,147,0.4251598999665539,0.40493084329414764
mlp,de,5,148,0.4251598999665539,0.4050421370253633
mlp,de,5,149,0.4251598999665539,0.40516231319409957
mlp,de,5,150,0.4251598999665539,0.4052775346605962
mlp,de,5,151,0.4251598999665539,0.4053719869530778
mlp,de,5,152,0.4251598999665539,0.4054941569494545
mlp,de,5,153,0.4251598999665539,0.4056061226367015
mlp,de,5,154,0.4251598999665539,0.40570298557494944
mlp,de,5,155,0.4251598999665539,0.4058053681834751
mlp,de,5,156,0.4251598999665539,0.40590534861508143
mlp,de,5,157,0.4251598999665539,0.40600721828282643
mlp,de,5,158,0.4251598999665539,0.40611273276275783
mlp,de,5,159,0.4251598999665539,0.40620756183294654
mlp,de,5,160,0.4251598999665539,0.406309088208124
mlp,de,5,161,0.4251598999665539,0.40641587181061145
mlp,de,5,162,0.4251598999665539,0.40651075326545116
mlp,de,5,163,0.4251598999665539,0.40657756671460626
mlp,de,5,164,0.4251598999665539,0.4066868169235438
mlp,de,5,165,0.4251598999665539,0.4067786707060112
mlp,de,5,166,0.4251598999665539,0.4068555451645613
mlp,de,5,167,0.4251598999665539,0.40696181229731954
mlp,de,5,168,0.4251598999665539,0.4070458261957582
mlp,de,5,169,0.4251598999665539,0.40713730147226407
mlp,de,5,170,0.4251598999665539,0.40720796367814205
mlp,de,5,171,0.4251598999665539,0.40729700342105013
mlp,de,5,172,0.4251598999665539,0.4073669255744426
mlp,de,5,173,0.4251598999665539,0.40744049369363394
mlp,de,5,174,0.4251598999665539,0.40750959673882703
mlp,de,5,175,0.4251598999665539,0.4076038155339371
mlp,de,5,176,0.4251598999665539,0.40769209114196187
mlp,de,5,177,0.4251598999665539,0.40778172680567926
mlp,de,5,178,0.4251598999665539,0.4078610366913274
mlp,de,5,179,0.4253770607691968,0.407958891574444
mlp,de,5,180,0.4253770607691968,0.4080369632537232
mlp,de,5,181,0.4253770607691968,0.40811109121260164
mlp,de,5,182,0.4253770607691968,0.4081850098754697
mlp,de,5,183,0.4253770607691968,0.40825390178683385
mlp,de,5,184,0.4253770607691968,0.40831124738600716
mlp,de,5,185,0.4253770607691968,0.4083793034785653
mlp,de,5,186,0.4253770607691968,0.40844567448980323
mlp,de,5,187,0.4253770607691968,0.40852498944538285
mlp,de,5,188,0.4253770607691968,0.408604929140515
mlp,de,5,189,0.4253770607691968,0.40867349717603924
mlp,de,5,190,0.4253770607691968,0.4087480382687577
mlp,de,5,191,0.4253770607691968,0.4088253744879469
mlp,de,5,192,0.4253770607691968,0.40890006928934125
mlp,de,5,193,0.4253770607691968,0.4089671295056176
mlp,de,5,194,0.4253770607691968,0.40902487848001484
mlp,de,5,195,0.4253770607691968,0.4090999516783326
mlp,de,5,196,0.4253770607691968,0.4091663645906742
mlp,de,5,197,0.4253770607691968,0.4092430424632122
mlp,de,5,198,0.4253770607691968,0.40930778299759646
mlp,de,5,199,0.4253770607691968,0.40938631463775116
mlp,de,5,200,0.4253770607691968,0.40945136073450833
mlp,de,5,201,0.4253770607691968,0.40951795249599116
mlp,de,5,202,0.4253770607691968,0.4095909918672024
mlp,de,5,203,0.4253770607691968,0.40966035072221857
mlp,de,5,204,0.4253770607691968,0.40972006807667183
mlp,de,5,205,0.4253770607691968,0.4097792028227889
mlp,de,5,206,0.4253770607691968,0.4098366806052656
mlp,de,5,207,0.4253770607691968,0.4098998271447652
mlp,de,5,208,0.4253770607691968,0.4099540668839656
mlp,de,5,209,0.4253770607691968,0.41001333208085255
mlp,de,5,210,0.4253770607691968,0.4100560565929301
mlp,de,5,211,0.4253770607691968,0.4101027412850821
mlp,de,5,212,0.4253770607691968,0.41015524667408954
mlp,de,5,213,0.4253770607691968,0.41021853442018713
mlp,de,5,214,0.4253770607691968,0.4102849836215302
mlp,de,5,215,0.4253770607691968,0.4103366673872751
mlp,de,5,216,0.4253770607691968,0.41039120542019175
mlp,de,5,217,0.4253770607691968,0.41044397724328147
mlp,de,5,218,0.4253770607691968,0.4105046509230623
mlp,de,5,219,0.4253770607691968,0.4105564227956998
mlp,de,5,220,0.4253770607691968,0.4106137425846087
mlp,de,5,221,0.4253770607691968,0.4106664756253915
mlp,de,5,222,0.4253770607691968,0.4107214948321098
mlp,de,5,223,0.4253770607691968,0.41076647597898025
mlp,de,5,224,0.4253770607691968,0.41082035914332665
mlp,de,5,225,0.4253770607691968,0.4108774426678095
mlp,de,5,226,0.4253770607691968,0.4109279720651784
mlp,de,5,227,0.4253770607691968,0.41097368870876655
mlp,de,5,228,0.4253770607691968,0.4110257177266779
mlp,de,5,229,0.4253770607691968,0.41107035658583063
mlp,de,5,230,0.4253770607691968,0.41110518403809065
mlp,de,5,231,0.4253770607691968,0.41116051199502734
mlp,de,5,232,0.4253770607691968,0.41120224666004274
mlp,de,5,233,0.4253770607691968,0.4112559680819657
mlp,de,5,234,0.4253770607691968,0.41129854551566725
mlp,de,5,235,0.4253770607691968,0.41134599624969465
mlp,de,5,236,0.4253770607691968,0.41139822016149885
mlp,de,5,237,0.4253770607691968,0.411442288957545
mlp,de,5,238,0.4253770607691968,0.4114841251280132
mlp,de,5,239,0.4253770607691968,0.41153462796268847
mlp,de,5,240,0.4253770607691968,0.4115775782254717
mlp,de,5,241,0.4253770607691968,0.41163095411719164
mlp,de,5,242,0.4253770607691968,0.4116756682814236
mlp,de,5,243,0.4253770607691968,0.41172091031314834
mlp,de,5,244,0.4253770607691968,0.41177224913377425
mlp,de,5,245,0.4253770607691968,0.4118160530687917
mlp,de,5,246,0.4253770607691968,0.41186580131143363
mlp,de,5,247,0.4253770607691968,0.4119189413631613
mlp,de,5,248,0.4253770607691968,0.41196585814240433
mlp,de,5,249,0.4253770607691968,0.4120099601807616
mlp,de,5,250,0.4253770607691968,0.4120567976919109
mlp,de,5,251,0.4253770607691968,0.4121021696050132
mlp,de,5,252,0.4253770607691968,0.41213144509746297
mlp,de,5,253,0.4253770607691968,0.4121735518189245
mlp,de,5,254,0.4253770607691968,0.41221867774323157
mlp,de,5,255,0.4253770607691968,0.41225663934600726
mlp,de,5,256,0.4253770607691968,0.4122957452258963
mlp,de,5,257,0.4253770607691968,0.4123339597678083
mlp,de,5,258,0.4253770607691968,0.4123774469475075
mlp,de,5,259,0.4253770607691968,0.41241486416499945
mlp,de,5,260,0.4253770607691968,0.41246154051265665
mlp,de,5,261,0.4253770607691968,0.41250785918715177
mlp,de,5,262,0.4253770607691968,0.41255171425087667
mlp,de,5,263,0.4253770607691968,0.4125852189732646
mlp,de,5,264,0.4253770607691968,0.41262323543422186
mlp,de,5,265,0.4253770607691968,0.4126611457985853
mlp,de,5,266,0.4253770607691968,0.41269988520604994
mlp,de,5,267,0.4253770607691968,0.41272897223898936
mlp,de,5,268,0.4253770607691968,0.41275967225344196
mlp,de,5,269,0.4253770607691968,0.4127915866371957
mlp,de,5,270,0.4253770607691968,0.4128206005894841
mlp,de,5,271,0.4253770607691968,0.4128584654657126
mlp,de,5,272,0.4253770607691968,0.4128990076591859
mlp,de,5,273,0.4253770607691968,0.41293925284025285
mlp,de,5,274,0.4253770607691968,0.41297578252392736
mlp,de,5,275,0.4253770607691968,0.4130185713434664
mlp,de,5,276,0.4253770607691968,0.41304649069210897
mlp,de,5,277,0.4253770607691968,0.413088022186202
mlp,de,5,278,0.4253770607691968,0.413128851831243
mlp,de,5,279,0.4253770607691968,0.41316761263171536
mlp,de,5,280,0.4253770607691968,0.4132058923797823
mlp,de,5,281,0.4253770607691968,0.41323859345559044
mlp,de,5,282,0.4253770607691968,0.41327439003622163
mlp,de,5,283,0.4253770607691968,0.4133083754379187
mlp,de,5,284,0.4253770607691968,0.41333725130088567
mlp,de,5,285,0.4253770607691968,0.41336884162275395
mlp,de,5,286,0.4253770607691968,0.41341082840298626
mlp,de,5,287,0.4253770607691968,0.41343365383215563
mlp,de,5,288,0.4253770607691968,0.41347493185352646
mlp,de,5,289,0.4253770607691968,0.4135065556879548
mlp,de,5,290,0.4253770607691968,0.41352977533855134
mlp,de,5,291,0.4253770607691968,0.4135608988735258
mlp,de,5,292,0.4253770607691968,0.41359919274004514
mlp,de,5,293,0.4253770607691968,0.4136382650706221
mlp,de,5,294,0.4253770607691968,0.41366804952508224
mlp,de,5,295,0.4253770607691968,0.41369612988007387
mlp,de,5,296,0.4253770607691968,0.41372508803790325
mlp,de,5,297,0.4253770607691968,0.4137641339501897
mlp,de,5,298,0.4253770607691968,0.4137973554877796
mlp,de,5,299,0.4253770607691968,0.4138200057036581
mlp,de,5,300,0.4253770607691968,0.41385761753180644
mlp,de,5,301,0.4253770607691968,0.4138799359724888
mlp,de,5,302,0.4253770607691968,0.4139106870995854
mlp,de,5,303,0.4253770607691968,0.41393175542032756
mlp,de,5,304,0.4253770607691968,0.4139626813208974
mlp,de,5,305,0.4253770607691968,0.4139955836309374
mlp,de,5,306,0.4253770607691968,0.41402068020469185
mlp,de,5,307,0.4253770607691968,0.4140429152607683
mlp,de,5,308,0.4253770607691968,0.4140628584443993
mlp,de,5,309,0.4253770607691968,0.4140941091871944
mlp,de,5,310,0.4253770607691968,0.41412230981817943
mlp,de,5,311,0.4253770607691968,0.41415406408205374
mlp,de,5,312,0.4253770607691968,0.4141801201474129
mlp,de,5,313,0.4253770607691968,0.41420883150910065
mlp,de,5,314,0.4253770607691968,0.4142314328423828
mlp,de,5,315,0.4253770607691968,0.4142612033426769
mlp,de,5,316,0.4253770607691968,0.4142897361522988
mlp,de,5,317,0.4253770607691968,0.4143095649599483
mlp,de,5,318,0.4253770607691968,0.41433741782597255
mlp,de,5,319,0.4253770607691968,0.414364942572438
mlp,de,5,320,0.4253770607691968,0.4143857136813459
mlp,de,5,321,0.4253770607691968,0.41441151981315016
mlp,de,5,322,0.4253770607691968,0.4144285850517336
mlp,de,5,323,0.4253770607691968,0.4144476156496452
mlp,de,5,324,0.4253770607691968,0.41447111581205776
mlp,de,5,325,0.4253770607691968,0.41449402589283796
mlp,de,5,326,0.4253770607691968,0.4145107979808187
mlp,de,5,327,0.4253770607691968,0.41454200069127695
mlp,de,5,328,0.4253770607691968,0.41456981212865723
mlp,de,5,329,0.4253770607691968,0.4145915877103101
mlp,de,5,330,0.4253770607691968,0.4146140731834447
mlp,de,5,331,0.4253770607691968,0.4146371960578077
mlp,de,5,332,0.4253770607691968,0.41465839466968113
mlp,de,5,333,0.4253770607691968,0.4146846128875527
mlp,de,5,334,0.4253770607691968,0.41470620702278993
mlp,de,5,335,0.4253770607691968,0.4147289959362543
mlp,de,5,336,0.4253770607691968,0.41475262833522536
mlp,de,5,337,0.4253770607691968,0.41477328501000393
mlp,de,5,338,0.4253770607691968,0.4147973056422717
mlp,de,5,339,0.4253770607691968,0.4148210195040719
mlp,de,5,340,0.4253770607691968,0.41484930669231757
mlp,de,5,341,0.4253770607691968,0.41487256539461054
mlp,de,5,342,0.4253770607691968,0.41490311848990985
mlp,de,5,343,0.4253770607691968,0.4149310819957129
mlp,de,5,344,0.4253770607691968,0.4149495668057475
mlp,de,5,345,0.4253770607691968,0.4149741914453969
mlp,de,5,346,0.4253770607691968,0.4149994664353469
mlp,de,5,347,0.4253770607691968,0.4150253984798649
mlp,de,5,348,0.4253770607691968,0.4150511814896442
mlp,de,5,349,0.4253770607691968,0.4150701612997019
mlp,de,5,350,0.4253770607691968,0.4150858744675184
mlp,de,5,351,0.4257640164493549,0.4151162965244467
mlp,de,5,352,0.4257640164493549,0.41514528921610167
mlp,de,5,353,0.4257640164493549,0.4151703673936285
mlp,de,5,354,0.4257640164493549,0.41519014677519483
mlp,de,5,355,0.4257640164493549,0.41520841434822187
mlp,de,5,356,0.4257640164493549,0.41523061441780457
mlp,de,5,357,0.4257640164493549,0.4152492930509509
mlp,de,5,358,0.4257640164493549,0.41527573101533555
mlp,de,5,359,0.4257640164493549,0.41529885518553344
mlp,de,5,360,0.4257640164493549,0.4153177941502883
mlp,de,5,361,0.4257640164493549,0.4153396896982775
mlp,de,5,362,0.4257640164493549,0.4153570375886497
mlp,de,5,363,0.4257640164493549,0.4153823620277397
mlp,de,5,364,0.4257640164493549,0.4154014749313291
mlp,de,5,365,0.4257640164493549,0.41542259866883136
mlp,de,5,366,0.4257640164493549,0.41544120414800084
mlp,de,5,367,0.4257640164493549,0.41546255664673437
mlp,de,5,368,0.4257640164493549,0.4154771878580752
mlp,de,5,369,0.4257640164493549,0.41549578479866117
mlp,de,5,370,0.4257640164493549,0.41551069267061863
mlp,de,5,371,0.4257640164493549,0.41552805402257814
mlp,de,5,372,0.4257640164493549,0.4155423518408512
mlp,de,5,373,0.4257640164493549,0.41556028710145176
mlp,de,5,374,0.4257640164493549,0.4155729451260053
mlp,de,5,375,0.4257640164493549,0.4155934907954912
mlp,de,5,376,0.4257640164493549,0.41561377961511586
mlp,de,5,377,0.4257640164493549,0.4156257621141528
mlp,de,5,378,0.4257640164493549,0.4156515592005418
mlp,de,5,379,0.4257640164493549,0.4156677468213706
mlp,de,5,380,0.4257640164493549,0.4156874811096188
mlp,de,5,381,0.4257640164493549,0.415700736503106
mlp,de,5,382,0.4257640164493549,0.41572288538652197
mlp,de,5,383,0.4257640164493549,0.41573685672583127
mlp,de,5,384,0.4257640164493549,0.4157629691209446
mlp,de,5,385,0.4257640164493549,0.41578234345303144
mlp,de,5,386,0.4257640164493549,0.4158016173999779
mlp,de,5,387,0.4257640164493549,0.4158185110473534
mlp,de,5,388,0.4257640164493549,0.4158362566449768
mlp,de,5,389,0.4257640164493549,0.4158519777185054
mlp,de,5,390,0.4257640164493549,0.4158671987150321
mlp,de,5,391,0.4257640164493549,0.41588572669560653
mlp,de,5,392,0.4257640164493549,0.415903032193808
mlp,de,5,393,0.4257640164493549,0.41591800327599837
mlp,de,5,394,0.4257640164493549,0.4159320543433453
mlp,de,5,395,0.4257640164493549,0.4159477121361401
mlp,de,5,396,0.4257640164493549,0.41596733745389763
mlp,de,5,397,0.4257640164493549,0.4159797663885459
mlp,de,5,398,0.4257640164493549,0.41599477138316665
mlp,de,5,399,0.4257640164493549,0.41601288495607697
mlp,de,5,400,0.4257640164493549,0.4160311944597181
mlp,de,5,401,0.4257640164493549,0.41604375254994047
mlp,de,5,402,0.4257640164493549,0.41605583680854574
mlp,de,5,403,0.4257640164493549,0.4160708766241506
mlp,de,5,404,0.4257640164493549,0.41607859594039887
mlp,de,5,405,0.4257640164493549,0.41609241455585416
mlp,de,5,406,0.4257640164493549,0.41610970328630675
mlp,de,5,407,0.4257640164493549,0.41612405721987267
mlp,de,5,408,0.4257640164493549,0.41613834079101913
mlp,de,5,409,0.4257640164493549,0.41615566046383906
mlp,de,5,410,0.4257640164493549,0.41617410845775177
mlp,de,5,411,0.4257640164493549,0.4161872232494716
mlp,de,5,412,0.4257640164493549,0.4162104678931607
mlp,de,5,413,0.4257640164493549,0.4162261902540132
mlp,de,5,414,0.4257640164493549,0.41623881811284574
mlp,de,5,415,0.4257640164493549,0.4162535550941833
mlp,de,5,416,0.4257640164493549,0.41627548659820973
mlp,de,5,417,0.4257640164493549,0.41629174844105066
mlp,de,5,418,0.4257640164493549,0.4163124274624557
mlp,de,5,419,0.4257640164493549,0.4163232494551948
mlp,de,5,420,0.4257640164493549,0.41633429511158104
mlp,de,5,421,0.4257640164493549,0.41634829399822865
mlp,de,5,422,0.4257640164493549,0.41636380235366816
mlp,de,5,423,0.4257640164493549,0.41637792920137645
mlp,de,5,424,0.4257640164493549,0.416389901358474
mlp,de,5,425,0.4257640164493549,0.41641195809986425
mlp,de,5,426,0.4257640164493549,0.41642457478858436
mlp,de,5,427,0.4257640164493549,0.41644243764323474
mlp,de,5,428,0.4257640164493549,0.4164615137339344
mlp,de,5,429,0.4257640164493549,0.41647006773863865
mlp,de,5,430,0.4257640164493549,0.4164897549750333
mlp,de,5,431,0.4257640164493549,0.4165112729830944
mlp,de,5,432,0.4257640164493549,0.41652246133610393
mlp,de,5,433,0.4257640164493549,0.41653527563711945
mlp,de,5,434,0.4257640164493549,0.4165452101227946
mlp,de,5,435,0.4257640164493549,0.41655865914317713
mlp,de,5,436,0.4257640164493549,0.41657508271846366
mlp,de,5,437,0.4257640164493549,0.4165961100267724
mlp,de,5,438,0.4257640164493549,0.4166150228835072
mlp,de,5,439,0.4257640164493549,0.4166293218261792
mlp,de,5,440,0.4257640164493549,0.4166438049219967
mlp,de,5,441,0.4257640164493549,0.41665621552874343
mlp,de,5,442,0.4257640164493549,0.4166721954437646
mlp,de,5,443,0.4257640164493549,0.4166866073616407
mlp,de,5,444,0.4257640164493549,0.4167019556518366
mlp,de,5,445,0.4257640164493549,0.41671412402677016
mlp,de,5,446,0.4257640164493549,0.41672983078448617
mlp,de,5,447,0.4257640164493549,0.4167415129398846
mlp,de,5,448,0.4257640164493549,0.4167616524566468
mlp,de,5,449,0.4257640164493549,0.41678170226509387
mlp,de,5,450,0.4257640164493549,0.41679355822116537
mlp,de,5,451,0.4257640164493549,0.4168053616009352
mlp,de,5,452,0.4257640164493549,0.4168251816337856
mlp,de,5,453,0.4257640164493549,0.4168402786989472
mlp,de,5,454,0.4257640164493549,0.41685543081187476
mlp,de,5,455,0.4257640164493549,0.41686553782945474
mlp,de,5,456,0.4257640164493549,0.41687560051801004
mlp,de,5,457,0.4257640164493549,0.41689505000582483
mlp,de,5,458,0.4257640164493549,0.4169144145613784
mlp,de,5,459,0.4257640164493549,0.41692924010256943
mlp,de,5,460,0.4257640164493549,0.41694424226044524
mlp,de,5,461,0.4257640164493549,0.41695402508376467
mlp,de,5,462,0.4257640164493549,0.41696245109531527
mlp,de,5,463,0.4257640164493549,0.41698146095569116
mlp,de,5,464,0.4257640164493549,0.41699646174329175
mlp,de,5,465,0.4257640164493549,0.41700604811332914
mlp,de,5,466,0.4257640164493549,0.41701606761351473
mlp,de,5,467,0.4257640164493549,0.4170347998380026
mlp,de,5,468,0.4257640164493549,0.4170394038562727
mlp,de,5,469,0.4257640164493549,0.41705800644175905
mlp,de,5,470,0.4257640164493549,0.4170687700078346
mlp,de,5,471,0.4257640164493549,0.4170872312529334
mlp,de,5,472,0.4257640164493549,0.41709917550164444
mlp,de,5,473,0.4257640164493549,0.4171174944042823
mlp,de,5,474,0.4257640164493549,0.41713573601197235
mlp,de,5,475,0.4257640164493549,0.41715390081289316
mlp,de,5,476,0.4257640164493549,0.4171719892911211
mlp,de,5,477,0.4257640164493549,0.4171900019266729
mlp,de,5,478,0.4257640164493549,0.41720089216111333
mlp,de,5,479,0.4257640164493549,0.4172187692473101
mlp,de,5,480,0.4257640164493549,0.4172301248988584
mlp,de,5,481,0.4257640164493549,0.4172478668771339
mlp,de,5,482,0.4257640164493549,0.41726553523724225
mlp,de,5,483,0.4257640164493549,0.4172831304364392
mlp,de,5,484,0.4257640164493549,0.41730065292820145
mlp,de,5,485,0.4257640164493549,0.4173181031622657
mlp,de,5,486,0.4257640164493549,0.41733548158466705
mlp,de,5,487,0.4257640164493549,0.41735278863777725
mlp,de,5,488,0.4257640164493549,0.417370024760342
mlp,de,5,489,0.4257640164493549,0.4173871903875179
mlp,de,5,490,0.4257640164493549,0.41740428595090945
mlp,de,5,491,0.4257640164493549,0.4174213118786048
mlp,de,5,492,0.4257640164493549,0.417438268595212
mlp,de,5,493,0.4257640164493549,0.4174551565218938
mlp,de,5,494,0.4257640164493549,0.41747197607640285
mlp,de,5,495,0.4257640164493549,0.4174887276731159
mlp,de,5,496,0.4257640164493549,0.41750541172306804
mlp,de,5,497,0.4257640164493549,0.4175220286339861
mlp,de,5,498,0.4257640164493549,0.4175385788103222
mlp,de,5,499,0.4257640164493549,0.4175550626532862
mlp,de,5,500,0.4257640164493549,0.4175714805608783
mlp,de,5,501,0.4257640164493549,0.4175878329279212
mlp,de,5,502,0.4257640164493549,0.4176041201460914
mlp,de,5,503,0.4257640164493549,0.41762034260395076
mlp,de,5,504,0.4257640164493549,0.41763650068697733
mlp,de,5,505,0.4257640164493549,0.4176525947775959
mlp,de,5,506,0.4257640164493549,0.4176686252552081
mlp,de,5,507,0.4257640164493549,0.41768459249622214
mlp,de,5,508,0.4257640164493549,0.41770049687408267
mlp,de,5,509,0.4257640164493549,0.4177163387592993
mlp,de,5,510,0.4257640164493549,0.41773211851947595
mlp,de,5,511,0.4257640164493549,0.4177478365193387
mlp,de,5,512,0.4257640164493549,0.41776349312076444
mlp,de,5,513,0.4257640164493549,0.4177790886828085
mlp,de,5,514,0.4257640164493549,0.41779462356173175
mlp,de,5,515,0.4257640164493549,0.41781009811102815
mlp,de,5,516,0.4257640164493549,0.41782551268145124
mlp,de,5,517,0.4257640164493549,0.417840867621041
mlp,de,5,518,0.4257640164493549,0.4178561632751497
mlp,de,5,519,0.4257640164493549,0.41787139998646805
mlp,de,5,520,0.4257640164493549,0.4178865780950505
mlp,de,5,521,0.4257640164493549,0.4179016979383409
mlp,de,5,522,0.4257640164493549,0.41791675985119725
mlp,de,5,523,0.4257640164493549,0.41793176416591654
mlp,de,5,524,0.4257640164493549,0.4179467112122589
mlp,de,5,525,0.4257640164493549,0.41796160131747245
mlp,de,5,526,0.4257640164493549,0.4179764348063163
mlp,de,5,527,0.4257640164493549,0.4179912120010849
mlp,de,5,528,0.4257640164493549,0.4180059332216309
mlp,de,5,529,0.4257640164493549,0.4180205987853884
mlp,de,5,530,0.4257640164493549,0.4180352090073958
mlp,de,5,531,0.4257640164493549,0.4180497642003186
mlp,de,5,532,0.4257640164493549,0.4180642646744709
mlp,de,5,533,0.4257640164493549,0.41807871073783837
mlp,de,5,534,0.4257640164493549,0.41809310269609967
mlp,de,5,535,0.4257640164493549,0.41810744085264784
mlp,de,5,536,0.4257640164493549,0.4181217255086118
mlp,de,5,537,0.4257640164493549,0.41813595696287764
mlp,de,5,538,0.4257640164493549,0.418150135512109
mlp,de,5,539,0.4257640164493549,0.41816426145076807
mlp,de,5,540,0.4257640164493549,0.41817833507113583
mlp,de,5,541,0.4257640164493549,0.4181923566633322
mlp,de,5,542,0.4257640164493549,0.41820632651533596
mlp,de,5,543,0.4257640164493549,0.41822024491300447
mlp,de,5,544,0.4257640164493549,0.41823411214009326
mlp,de,5,545,0.4257640164493549,0.4182479284782754
mlp,de,5,546,0.4257640164493549,0.4182616942071602
mlp,de,5,547,0.4257640164493549,0.4182754096043123
mlp,de,5,548,0.4257640164493549,0.4182890749452704
mlp,de,5,549,0.4257640164493549,0.41830269050356567
mlp,de,5,550,0.4257640164493549,0.41831625655073984
mlp,de,5,551,0.4257640164493549,0.4183297733563634
mlp,de,5,552,0.4257640164493549,0.4183432411880536
mlp,de,5,553,0.4257640164493549,0.41835666031149177
mlp,de,5,554,0.4257640164493549,0.41837003099044096
mlp,de,5,555,0.4257640164493549,0.41838335348676337
mlp,de,5,556,0.4257640164493549,0.41839662806043704
mlp,de,5,557,0.4257640164493549,0.41840985496957334
mlp,de,5,558,0.4257640164493549,0.4184230344704332
mlp,de,5,559,0.4257640164493549,0.41843616681744383
mlp,de,5,560,0.4257640164493549,0.4184492522632151
mlp,de,5,561,0.4257640164493549,0.41846229105855576
mlp,de,5,562,0.4257640164493549,0.4184752834524895
mlp,de,5,563,0.4257640164493549,0.41848822969227084
mlp,de,5,564,0.4257640164493549,0.41850113002340045
mlp,de,5,565,0.4257640164493549,0.41851398468964107
mlp,de,5,566,0.4257640164493549,0.4185267939330328
mlp,de,5,567,0.4257640164493549,0.4185395579939082
mlp,de,5,568,0.4257640164493549,0.4185522771109072
mlp,de,5,569,0.4257640164493549,0.41856495152099227
mlp,de,5,570,0.4257640164493549,0.4185775814594631
mlp,de,5,571,0.4257640164493549,0.4185901671599708
mlp,de,5,572,0.4257640164493549,0.4186027088545327
mlp,de,5,573,0.4257640164493549,0.41861520677354636
mlp,de,5,574,0.4257640164493549,0.4186276611458039
mlp,de,5,575,0.4257640164493549,0.4186400721985057
mlp,de,5,576,0.4257640164493549,0.4186524401572745
mlp,de,5,577,0.4257640164493549,0.4186647652461689
mlp,de,5,578,0.4257640164493549,0.4186770476876969
mlp,de,5,579,0.4257640164493549,0.41868928770282937
mlp,de,5,580,0.4257640164493549,0.41870148551101305
mlp,de,5,581,0.4257640164493549,0.41871364133018396
mlp,de,5,582,0.4257640164493549,0.41872575537678053
mlp,de,5,583,0.4257640164493549,0.41873782786575575
mlp,de,5,584,0.4257640164493549,0.4187498590105907
mlp,de,5,585,0.4257640164493549,0.41876184902330654
mlp,de,5,586,0.4257640164493549,0.4187737981144773
mlp,de,5,587,0.4257640164493549,0.418785706493242
mlp,de,5,588,0.4257640164493549,0.41879757436731696
mlp,de,5,589,0.4257640164493549,0.41880940194300803
mlp,de,5,590,0.4257640164493549,0.4188211894252222
mlp,de,5,591,0.4257640164493549,0.4188329370174796
mlp,de,5,592,0.4257640164493549,0.41884464492192536
mlp,de,5,593,0.4257640164493549,0.41885631333934087
mlp,de,5,594,0.4257640164493549,0.4188679424691557
mlp,de,5,595,0.4257640164493549,0.41887953250945853
mlp,de,5,596,0.4257640164493549,0.4188910836570087
mlp,de,5,597,0.4257640164493549,0.41890259610724717
mlp,de,5,598,0.4257640164493549,0.4189140700543076
mlp,de,5,599,0.4257640164493549,0.4189255056910272
mlp,de,5,600,0.4257640164493549,0.41893690320895766
mlp,de,5,601,0.4257640164493549,0.418948262798376
mlp,de,5,602,0.4257640164493549,0.4189595846482946
mlp,de,5,603,0.4257640164493549,0.4189708689464721
mlp,de,5,604,0.4257640164493549,0.4189821158794239
mlp,de,5,605,0.4257640164493549,0.4189933256324321
mlp,de,5,606,0.4257640164493549,0.4190044983895557
mlp,de,5,607,0.4257640164493549,0.41901563433364103
mlp,de,5,608,0.4257640164493549,0.41902673364633136
mlp,de,5,609,0.4257640164493549,0.4190377965080769
mlp,de,5,610,0.4257640164493549,0.41904882309814456
mlp,de,5,611,0.4257640164493549,0.41905981359462774
mlp,de,5,612,0.4257640164493549,0.4190707681744557
mlp,de,5,613,0.4257640164493549,0.4190816870134033
mlp,de,5,614,0.4257640164493549,0.41909257028610036
mlp,de,5,615,0.4257640164493549,0.4191034181660406
mlp,de,5,616,0.4257640164493549,0.4191142308255914
mlp,de,5,617,0.4257640164493549,0.4191250084360027
mlp,de,5,618,0.4257640164493549,0.4191357511674158
mlp,de,5,619,0.4257640164493549,0.419146459188873
mlp,de,5,620,0.4257640164493549,0.4191571326683253
mlp,de,5,621,0.4257640164493549,0.41916777177264264
mlp,de,5,622,0.4257640164493549,0.41917837666762126
mlp,de,5,623,0.4257640164493549,0.41918894751799324
mlp,de,5,624,0.4257640164493549,0.41919948448743455
mlp,de,5,625,0.4257640164493549,0.41920998773857354
mlp,de,5,626,0.4257640164493549,0.4192204574329998
mlp,de,5,627,0.4257640164493549,0.4192308937312714
mlp,de,5,628,0.4257640164493549,0.41924129679292443
mlp,de,5,629,0.4257640164493549,0.41925166677648
mlp,de,5,630,0.4257640164493549,0.41926200383945283
mlp,de,5,631,0.4257640164493549,0.4192723081383592
mlp,de,5,632,0.4257640164493549,0.41928257982872463
mlp,de,5,633,0.4257640164493549,0.4192928190650922
mlp,de,5,634,0.4257640164493549,0.4193030260010295
mlp,de,5,635,0.4257640164493549,0.4193132007891371
mlp,de,5,636,0.4257640164493549,0.41932334358105566
mlp,de,5,637,0.4257640164493549,0.4193334545274737
mlp,de,5,638,0.4257640164493549,0.419343533778135
mlp,de,5,639,0.4257640164493549,0.41935358148184587
mlp,de,5,640,0.4257640164493549,0.4193635977864826
mlp,de,5,641,0.4257640164493549,0.4193735828389987
mlp,de,5,642,0.4257640164493549,0.4193835367854324
mlp,de,5,643,0.4257640164493549,0.41939345977091275
mlp,de,5,644,0.4257640164493549,0.4194033519396681
mlp,de,5,645,0.4257640164493549,0.41941321343503196
mlp,de,5,646,0.4257640164493549,0.41942304439945044
mlp,de,5,647,0.4257640164493549,0.41943284497448896
mlp,de,5,648,0.4257640164493549,0.419442615300839
mlp,de,5,649,0.4257640164493549,0.4194523555183252
mlp,de,5,650,0.4257640164493549,0.4194620657659114
mlp,de,5,651,0.4257640164493549,0.41947174618170774
mlp,de,5,652,0.4257640164493549,0.41948139690297714
mlp,de,5,653,0.4257640164493549,0.41949101806614164
mlp,de,5,654,0.4257640164493549,0.41950060980678877
mlp,de,5,655,0.4257640164493549,0.41951017225967807
mlp,de,5,656,0.4257640164493549,0.41951970555874774
mlp,de,5,657,0.4257640164493549,0.41952920983712005
mlp,de,5,658,0.4257640164493549,0.41953868522710824
mlp,de,5,659,0.4257640164493549,0.41954813186022244
mlp,de,5,660,0.4257640164493549,0.41955754986717564
mlp,de,5,661,0.4257640164493549,0.4195669393778901
mlp,de,5,662,0.4257640164493549,0.41957630052150247
mlp,de,5,663,0.4257640164493549,0.41958563342637106
mlp,de,5,664,0.4257640164493549,0.41959493822008037
mlp,de,5,665,0.4257640164493549,0.4196042150294477
mlp,de,5,666,0.4257640164493549,0.4196134639805287
mlp,de,5,667,0.4257640164493549,0.4196226851986228
mlp,de,5,668,0.4257640164493549,0.4196318788082797
mlp,de,5,669,0.4257640164493549,0.4196410449333036
mlp,de,5,670,0.4257640164493549,0.41965018369676044
mlp,de,5,671,0.4257640164493549,0.4196592952209819
mlp,de,5,672,0.4257640164493549,0.41966837962757164
mlp,de,5,673,0.4257640164493549,0.41967743703741095
mlp,de,5,674,0.4257640164493549,0.419686467570663
mlp,de,5,675,0.4257640164493549,0.41969547134677954
mlp,de,5,676,0.4257640164493549,0.41970444848450533
mlp,de,5,677,0.4257640164493549,0.4197133991018832
mlp,de,5,678,0.4257640164493549,0.4197223233162601
mlp,de,5,679,0.4257640164493549,0.4197312212442911
mlp,de,5,680,0.4257640164493549,0.4197400930019456
mlp,de,5,681,0.4257640164493549,0.4197489387045116
mlp,de,5,682,0.4257640164493549,0.4197577584666007
mlp,de,5,683,0.4257640164493549,0.4197665524021539
mlp,de,5,684,0.4257640164493549,0.41977532062444506
mlp,de,5,685,0.4257640164493549,0.41978406324608736
mlp,de,5,686,0.4257640164493549,0.41979278037903667
mlp,de,5,687,0.4257640164493549,0.4198014721345976
mlp,de,5,688,0.4257640164493549,0.41981013862342714
mlp,de,5,689,0.4257640164493549,0.4198187799555402
mlp,de,5,690,0.4257640164493549,0.4198273962403139
mlp,de,5,691,0.4257640164493549,0.4198359875864919
mlp,de,5,692,0.4257640164493549,0.4198445541021898
mlp,de,5,693,0.4257640164493549,0.41985309589489844
mlp,de,5,694,0.4257640164493549,0.4198616130714899
mlp,de,5,695,0.4257640164493549,0.41987010573822064
mlp,de,5,696,0.4257640164493549,0.4198785740007366
mlp,de,5,697,0.4257640164493549,0.4198870179640775
mlp,de,5,698,0.4257640164493549,0.41989543773268106
mlp,de,5,699,0.4257640164493549,0.41990383341038734
mlp,de,5,700,0.4257640164493549,0.419912205100443
mlp,de,5,701,0.4257640164493549,0.4199205529055056
mlp,de,5,702,0.4257640164493549,0.4199288769276479
mlp,de,5,703,0.4257640164493549,0.41993717726836155
mlp,de,5,704,0.4257640164493549,0.41994545402856187
mlp,de,5,705,0.4257640164493549,0.41995370730859133
mlp,de,5,706,0.4257640164493549,0.4199619372082242
mlp,de,5,707,0.4257640164493549,0.41997014382666986
mlp,de,5,708,0.4257640164493549,0.41997832726257767
mlp,de,5,709,0.4257640164493549,0.41998648761403995
mlp,de,5,710,0.4257640164493549,0.41999462497859674
mlp,de,5,711,0.4257640164493549,0.4200027394532392
mlp,de,5,712,0.4257640164493549,0.42001083113441345
mlp,de,5,713,0.4257640164493549,0.42001890011802495
mlp,de,5,714,0.4257640164493549,0.42002694649944133
mlp,de,5,715,0.4257640164493549,0.42003497037349713
mlp,de,5,716,0.4257640164493549,0.42004297183449696
mlp,de,5,717,0.4257640164493549,0.42005095097621925
mlp,de,5,718,0.4257640164493549,0.42005890789191996
mlp,de,5,719,0.4257640164493549,0.42006684267433636
mlp,de,5,720,0.4257640164493549,0.42007475541569056
mlp,de,5,721,0.4257640164493549,0.4200826462076929
mlp,de,5,722,0.4257640164493549,0.4200905151415456
mlp,de,5,723,0.4257640164493549,0.4200983623079465
mlp,de,5,724,0.4257640164493549,0.420106187797092
mlp,de,5,725,0.4257640164493549,0.4201139916986814
mlp,de,5,726,0.4257640164493549,0.4201217741019192
mlp,de,5,727,0.4257640164493549,0.42012953509551954
mlp,de,5,728,0.4257640164493549,0.4201372747677089
mlp,de,5,729,0.4257640164493549,0.4201449932062296
mlp,de,5,730,0.4257640164493549,0.4201526904983435
mlp,de,5,731,0.4257640164493549,0.4201603667308346
mlp,de,5,732,0.4257640164493549,0.42016802199001296
mlp,de,5,733,0.4257640164493549,0.4201756563617174
mlp,de,5,734,0.4257640164493549,0.42018326993131905
mlp,de,5,735,0.4257640164493549,0.4201908627837246
mlp,de,5,736,0.4257640164493549,0.420198435003379
mlp,de,5,737,0.4257640164493549,0.42020598667426906
mlp,de,5,738,0.4257640164493549,0.4202135178799263
mlp,de,5,739,0.4257640164493549,0.42022102870343025
mlp,de,5,740,0.4257640164493549,0.4202285192274112
mlp,de,5,741,0.4257640164493549,0.42023598953405356
mlp,de,5,742,0.4257640164493549,0.4202434397050985
mlp,de,5,743,0.4257640164493549,0.4202508698218471
mlp,de,5,744,0.4257640164493549,0.4202582799651637
mlp,de,5,745,0.4257640164493549,0.42026567021547795
mlp,de,5,746,0.4257640164493549,0.4202730406527888
mlp,de,5,747,0.4257640164493549,0.4202803913566664
mlp,de,5,748,0.4257640164493549,0.42028772240625556
mlp,de,5,749,0.4257640164493549,0.42029503388027845
mlp,de,5,750,0.4257640164493549,0.4203023258570372
mlp,de,5,751,0.4257640164493549,0.4203095984144171
mlp,de,5,752,0.4257640164493549,0.4203168516298891
mlp,de,5,753,0.4257640164493549,0.42032408558051243
mlp,de,5,754,0.4257640164493549,0.4203313003429381
mlp,de,5,755,0.4257640164493549,0.42033849599341006
mlp,de,5,756,0.4257640164493549,0.4203456726077699
mlp,de,5,757,0.4257640164493549,0.42035283026145753
mlp,de,5,758,0.4257640164493549,0.42035996902951545
mlp,de,5,759,0.4257640164493549,0.4203670889865903
mlp,de,5,760,0.4257640164493549,0.420374190206936
mlp,de,5,761,0.4257640164493549,0.4203812727644163
mlp,de,5,762,0.4257640164493549,0.4203883367325067
mlp,de,5,763,0.4257640164493549,0.42039538218429817
mlp,de,5,764,0.4257640164493549,0.42040240919249844
mlp,de,5,765,0.4257640164493549,0.4204094178294355
mlp,de,5,766,0.4257640164493549,0.42041640816705944
mlp,de,5,767,0.4257640164493549,0.42042338027694515
mlp,de,5,768,0.4257640164493549,0.42043033423029463
mlp,de,5,769,0.4257640164493549,0.42043727009793963
mlp,de,5,770,0.4257640164493549,0.42044418795034416
mlp,de,5,771,0.4257640164493549,0.4204510878576061
mlp,de,5,772,0.4257640164493549,0.4204579698894607
mlp,de,5,773,0.4257640164493549,0.42046483411528207
mlp,de,5,774,0.4257640164493549,0.4204716806040858
mlp,de,5,775,0.4257640164493549,0.4204785094245313
mlp,de,5,776,0.4257640164493549,0.42048532064492405
mlp,de,5,777,0.4257640164493549,0.42049211433321815
mlp,de,5,778,0.4257640164493549,0.4204988905570177
mlp,de,5,779,0.4257640164493549,0.4205056493835804
mlp,de,5,780,0.4257640164493549,0.4205123908798186
mlp,de,5,781,0.4257640164493549,0.42051911511230206
mlp,de,5,782,0.4257640164493549,0.4205258221472599
mlp,de,5,783,0.4257640164493549,0.4205325120505831
mlp,de,5,784,0.4257640164493549,0.42053918488782643
mlp,de,5,785,0.4257640164493549,0.4205458407242106
mlp,de,5,786,0.4257640164493549,0.4205524796246242
mlp,de,5,787,0.4257640164493549,0.4205591016536265
mlp,de,5,788,0.4257640164493549,0.4205657068754485
mlp,de,5,789,0.4257640164493549,0.4205722953539959
mlp,de,5,790,0.4257640164493549,0.4205788671528507
mlp,de,5,791,0.4257640164493549,0.4205854223352736
mlp,de,5,792,0.4257640164493549,0.42059196096420554
mlp,de,5,793,0.4257640164493549,0.42059848310227005
mlp,de,5,794,0.4257640164493549,0.4206049888117752
mlp,de,5,795,0.4257640164493549,0.4206114781547155
mlp,de,5,796,0.4257640164493549,0.4206179511927742
mlp,de,5,797,0.4257640164493549,0.42062440798732437
mlp,de,5,798,0.4257640164493549,0.4206308485994322
mlp,de,5,799,0.4257640164493549,0.42063727308985766
mlp,de,5,800,0.4257640164493549,0.42064368151905696
mlp,de,5,801,0.4257640164493549,0.4206500739471848
mlp,de,5,802,0.4257640164493549,0.42065645043409516
mlp,de,5,803,0.4257640164493549,0.42066281103934455
mlp,de,5,804,0.4257640164493549,0.42066915582219283
mlp,de,5,805,0.4257640164493549,0.42067548484160544
mlp,de,5,806,0.4257640164493549,0.4206817981562553
mlp,de,5,807,0.4257640164493549,0.42068809582452427
mlp,de,5,808,0.4257640164493549,0.42069437790450553
mlp,de,5,809,0.4257640164493549,0.4207006444540047
mlp,de,5,810,0.4257640164493549,0.4207068955305422
mlp,de,5,811,0.4257640164493549,0.4207131311913545
mlp,de,5,812,0.4257640164493549,0.42071935149339634
mlp,de,5,813,0.4257640164493549,0.42072555649334226
mlp,de,5,814,0.4257640164493549,0.4207317462475879
mlp,de,5,815,0.4257640164493549,0.42073792081225275
mlp,de,5,816,0.4257640164493549,0.4207440802431805
mlp,de,5,817,0.4257640164493549,0.420750224595942
mlp,de,5,818,0.4257640164493549,0.4207563539258362
mlp,de,5,819,0.4257640164493549,0.42076246828789177
mlp,de,5,820,0.4257640164493549,0.4207685677368692
mlp,de,5,821,0.4257640164493549,0.420774652327262
mlp,de,5,822,0.4257640164493549,0.4207807221132986
mlp,de,5,823,0.4257640164493549,0.4207867771489439
mlp,de,5,824,0.4257640164493549,0.42079281748790065
mlp,de,5,825,0.4257640164493549,0.4207988431836115
mlp,de,5,826,0.4257640164493549,0.4208048542892601
mlp,de,5,827,0.4257640164493549,0.4208108508577729
mlp,de,5,828,0.4257640164493549,0.42081683294182076
mlp,de,5,829,0.4257640164493549,0.4208228005938202
mlp,de,5,830,0.4257640164493549,0.42082875386593527
mlp,de,5,831,0.4257640164493549,0.420834692810079
mlp,de,5,832,0.4257640164493549,0.4208406174779146
mlp,de,5,833,0.4257640164493549,0.42084652792085747
mlp,de,5,834,0.4257640164493549,0.42085242419007635
mlp,de,5,835,0.4257640164493549,0.4208583063364946
mlp,de,5,836,0.4257640164493549,0.4208641744107923
mlp,de,5,837,0.4257640164493549,0.4208700284634071
mlp,de,5,838,0.4257640164493549,0.42087586854453596
mlp,de,5,839,0.4257640164493549,0.42088169470413644
mlp,de,5,840,0.4257640164493549,0.4208875069919283
mlp,de,5,841,0.4257640164493549,0.42089330545739495
mlp,de,5,842,0.4257640164493549,0.42089909014978444
mlp,de,5,843,0.4257640164493549,0.4209048611181114
mlp,de,5,844,0.4257640164493549,0.42091061841115784
mlp,de,5,845,0.4257640164493549,0.4209163620774753
mlp,de,5,846,0.4257640164493549,0.4209220921653853
mlp,de,5,847,0.4257640164493549,0.4209278087229814
mlp,de,5,848,0.4257640164493549,0.4209335117981305
mlp,de,5,849,0.4257640164493549,0.4209392014384735
mlp,de,5,850,0.4257640164493549,0.4209448776914274
mlp,de,5,851,0.4257640164493549,0.4209505406041865
mlp,de,5,852,0.4257640164493549,0.42095619022372305
mlp,de,5,853,0.4257640164493549,0.4209618265967895
mlp,de,5,854,0.4257640164493549,0.4209674497699189
mlp,de,5,855,0.4257640164493549,0.42097305978942706
mlp,de,5,856,0.4257640164493549,0.42097865670141293
mlp,de,5,857,0.4257640164493549,0.42098424055176054
mlp,de,5,858,0.4257640164493549,0.4209898113861401
mlp,de,5,859,0.4257640164493549,0.42099536925000874
mlp,de,5,860,0.4257640164493549,0.42100091418861263
mlp,de,5,861,0.4257640164493549,0.4210064462469875
mlp,de,5,862,0.4257640164493549,0.42101196546996006
mlp,de,5,863,0.4257640164493549,0.42101747190214944
mlp,de,5,864,0.4257640164493549,0.4210229655879679
mlp,de,5,865,0.4257640164493549,0.4210284465716228
mlp,de,5,866,0.4257640164493549,0.4210339148971166
mlp,de,5,867,0.4257640164493549,0.4210393706082496
mlp,de,5,868,0.4257640164493549,0.4210448137486195
mlp,de,5,869,0.4257640164493549,0.4210502443616238
mlp,de,5,870,0.4257640164493549,0.4210556624904603
mlp,de,5,871,0.4257640164493549,0.42106106817812833
mlp,de,5,872,0.4257640164493549,0.4210664614674302
mlp,de,5,873,0.4257640164493549,0.42107184240097195
mlp,de,5,874,0.4257640164493549,0.4210772110211646
mlp,de,5,875,0.4257640164493549,0.4210825673702254
mlp,de,5,876,0.4257640164493549,0.42108791149017877
mlp,de,5,877,0.4257640164493549,0.4210932434228574
mlp,de,5,878,0.4257640164493549,0.42109856320990346
mlp,de,5,879,0.4257640164493549,0.42110387089276985
mlp,de,5,880,0.4257640164493549,0.42110916651272046
mlp,de,5,881,0.4257640164493549,0.4211144501108323
mlp,de,5,882,0.4257640164493549,0.4211197217279963
mlp,de,5,883,0.4257640164493549,0.42112498140491733
mlp,de,5,884,0.4257640164493549,0.421130229182117
mlp,de,5,885,0.4257640164493549,0.42113546509993305
mlp,de,5,886,0.4257640164493549,0.42114068919852155
mlp,de,5,887,0.4257640164493549,0.42114590151785736
mlp,de,5,888,0.4257640164493549,0.4211511020977351
mlp,de,5,889,0.4257640164493549,0.4211562909777707
mlp,de,5,890,0.4257640164493549,0.4211614681974017
mlp,de,5,891,0.4257640164493549,0.42116663379588876
mlp,de,5,892,0.4257640164493549,0.4211717878123164
mlp,de,5,893,0.4257640164493549,0.4211769302855941
mlp,de,5,894,0.4257640164493549,0.42118206125445745
mlp,de,5,895,0.4257640164493549,0.42118718075746847
mlp,de,5,896,0.4257640164493549,0.4211922888330175
mlp,de,5,897,0.4257640164493549,0.4211973855193233
mlp,de,5,898,0.4257640164493549,0.4212024708544347
mlp,de,5,899,0.4257640164493549,0.4212075448762311
mlp,de,5,900,0.4257640164493549,0.4212126076224234
mlp,de,5,901,0.4257640164493549,0.4212176591305554
mlp,de,5,902,0.4257640164493549,0.4212226994380042
mlp,de,5,903,0.4257640164493549,0.4212277285819814
mlp,de,5,904,0.4257640164493549,0.42123274659953375
mlp,de,5,905,0.4257640164493549,0.4212377535275446
mlp,de,5,906,0.4257640164493549,0.4212427494027342
mlp,de,5,907,0.4257640164493549,0.42124773426166107
mlp,de,5,908,0.4257640164493549,0.4212527081407224
mlp,de,5,909,0.4257640164493549,0.42125767107615547
mlp,de,5,910,0.4257640164493549,0.4212626231040381
mlp,de,5,911,0.4257640164493549,0.4212675642602898
mlp,de,5,912,0.4257640164493549,0.42127249458067256
mlp,de,5,913,0.4257640164493549,0.42127741410079156
mlp,de,5,914,0.4257640164493549,0.42128232285609635
mlp,de,5,915,0.4257640164493549,0.42128722088188136
mlp,de,5,916,0.4257640164493549,0.4212921082132869
mlp,de,5,917,0.4257640164493549,0.42129698488530004
mlp,de,5,918,0.4257640164493549,0.42130185093275546
mlp,de,5,919,0.4257640164493549,0.4213067063903361
mlp,de,5,920,0.4257640164493549,0.42131155129257414
mlp,de,5,921,0.4257640164493549,0.4213163856738519
mlp,de,5,922,0.4257640164493549,0.4213212095684023
mlp,de,5,923,0.4257640164493549,0.4213260230103101
mlp,de,5,924,0.4257640164493549,0.42133082603351263
mlp,de,5,925,0.4257640164493549,0.42133561867179997
mlp,de,5,926,0.4257640164493549,0.42134040095881675
mlp,de,5,927,0.4257640164493549,0.42134517292806223
mlp,de,5,928,0.4257640164493549,0.4213499346128912
mlp,de,5,929,0.4257640164493549,0.421354686046515
mlp,de,5,930,0.4257640164493549,0.42135942726200193
mlp,de,5,931,0.4257640164493549,0.42136415829227836
mlp,de,5,932,0.4257640164493549,0.4213688791701292
mlp,de,5,933,0.4257640164493549,0.42137358992819923
mlp,de,5,934,0.4257640164493549,0.4213782905989927
mlp,de,5,935,0.4257640164493549,0.42138298121487544
mlp,de,5,936,0.4257640164493549,0.4213876618080747
mlp,de,5,937,0.4257640164493549,0.42139233241068
mlp,de,5,938,0.4257640164493549,0.42139699305464456
mlp,de,5,939,0.4257640164493549,0.4214016437717848
mlp,de,5,940,0.4257640164493549,0.4214062845937822
mlp,de,5,941,0.4257640164493549,0.42141091555218346
mlp,de,5,942,0.4257640164493549,0.4214155366784013
mlp,de,5,943,0.4257640164493549,0.42142014800371513
mlp,de,5,944,0.4257640164493549,0.42142474955927195
mlp,de,5,945,0.4257640164493549,0.42142934137608684
mlp,de,5,946,0.4257640164493549,0.42143392348504377
mlp,de,5,947,0.4257640164493549,0.4214384959168963
mlp,de,5,948,0.4257640164493549,0.4214430587022681
mlp,de,5,949,0.4257640164493549,0.4214476118716538
mlp,de,5,950,0.4257640164493549,0.42145215545541986
mlp,de,5,951,0.4257640164493549,0.4214566894838046
mlp,de,5,952,0.4257640164493549,0.4214612139869197
mlp,de,5,953,0.4257640164493549,0.42146572899475016
mlp,de,5,954,0.4257640164493549,0.4214702345371554
mlp,de,5,955,0.4257640164493549,0.42147473064386975
mlp,de,5,956,0.4257640164493549,0.42147921734450305
mlp,de,5,957,0.4257640164493549,0.4214836946685416
mlp,de,5,958,0.4257640164493549,0.4214881626453483
mlp,de,5,959,0.4257640164493549,0.42149262130416376
mlp,de,5,960,0.4257640164493549,0.4214970706741067
mlp,de,5,961,0.4257640164493549,0.4215015107841745
mlp,de,5,962,0.4257640164493549,0.42150594166324434
mlp,de,5,963,0.4257640164493549,0.42151036334007314
mlp,de,5,964,0.4257640164493549,0.42151477584329855
mlp,de,5,965,0.4257640164493549,0.42151917920143955
mlp,de,5,966,0.4257640164493549,0.42152357344289704
mlp,de,5,967,0.4257640164493549,0.4215279585959544
mlp,de,5,968,0.4257640164493549,0.4215323346887781
mlp,de,5,969,0.4257640164493549,0.42153670174941854
mlp,de,5,970,0.4257640164493549,0.42154105980581025
mlp,de,5,971,0.4257640164493549,0.4215454088857727
mlp,de,5,972,0.4257640164493549,0.421549749017011
mlp,de,5,973,0.4257640164493549,0.42155408022711616
mlp,de,5,974,0.4257640164493549,0.4215584025435661
mlp,de,5,975,0.4257640164493549,0.42156271599372586
mlp,de,5,976,0.4257640164493549,0.4215670206048484
mlp,de,5,977,0.4257640164493549,0.42157131640407514
mlp,de,5,978,0.4257640164493549,0.42157560341843636
mlp,de,5,979,0.4257640164493549,0.42157988167485205
mlp,de,5,980,0.4257640164493549,0.42158415120013215
mlp,de,5,981,0.4257640164493549,0.42158841202097747
mlp,de,5,982,0.4257640164493549,0.42159266416397984
mlp,de,5,983,0.4257640164493549,0.42159690765562313
mlp,de,5,984,0.4257640164493549,0.4216011425222834
mlp,de,5,985,0.4257640164493549,0.4216053687902297
mlp,de,5,986,0.4257640164493549,0.42160958648562435
mlp,de,5,987,0.4257640164493549,0.4216137956345237
mlp,de,5,988,0.4257640164493549,0.4216179962628789
mlp,de,5,989,0.4257640164493549,0.42162218839653554
mlp,de,5,990,0.4257640164493549,0.4216263720612354
mlp,de,5,991,0.4257640164493549,0.42163054728261595
mlp,de,5,992,0.4257640164493549,0.42163471408621145
mlp,de,5,993,0.4257640164493549,0.4216388724974533
mlp,de,5,994,0.4257640164493549,0.4216430225416705
mlp,de,5,995,0.4257640164493549,0.4216471642440903
mlp,de,5,996,0.4257640164493549,0.4216512976298385
mlp,de,5,997,0.4257640164493549,0.4216554227239404
mlp,de,5,998,0.4257640164493549,0.4216595395513205
mlp,de,5,999,0.4257640164493549,0.42166364813680407
mlp,de,5,1000,0.4257640164493549,0.4216677485051166
