model_type,optimizer,seed,row_id,datetime,y_true,y_pred,y_proba
cnn,pso,1,0,2024-05-20 15:25:00,1,0,0.4527653455734253
cnn,pso,1,1,2024-05-20 15:25:00,1,0,0.4574139714241028
cnn,pso,1,2,2024-05-20 15:30:00,1,0,0.48192599415779114
cnn,pso,1,3,2024-05-20 15:30:00,1,0,0.4867449998855591
cnn,pso,1,4,2024-05-20 15:35:00,1,1,0.5026470422744751
cnn,pso,1,5,2024-05-20 15:35:00,1,1,0.5071437954902649
cnn,pso,1,6,2024-05-20 15:40:00,1,0,0.47760671377182007
cnn,pso,1,7,2024-05-20 15:40:00,1,0,0.40689507126808167
cnn,pso,1,8,2024-05-20 15:45:00,1,0,0.4822998344898224
cnn,pso,1,9,2024-05-20 15:45:00,1,0,0.48021548986434937
cnn,pso,1,10,2024-05-20 15:50:00,1,0,0.47763603925704956
cnn,pso,1,11,2024-05-20 15:50:00,1,0,0.3964008688926697
cnn,pso,1,12,2024-05-20 15:55:00,1,0,0.4698702096939087
cnn,pso,1,13,2024-05-20 15:55:00,1,0,0.47826525568962097
cnn,pso,1,14,2024-05-20 16:00:00,1,1,0.516727864742279
cnn,pso,1,15,2024-05-20 16:00:00,1,1,0.5131508708000183
cnn,pso,1,16,2024-05-20 16:05:00,1,1,0.5379523038864136
cnn,pso,1,17,2024-05-20 16:05:00,1,1,0.5305061340332031
cnn,pso,1,18,2024-05-20 16:10:00,1,1,0.5225535035133362
cnn,pso,1,19,2024-05-20 16:10:00,1,1,0.5283138155937195
cnn,pso,1,20,2024-05-20 16:15:00,1,1,0.5260106325149536
cnn,pso,1,21,2024-05-20 16:15:00,1,1,0.5342652797698975
cnn,pso,1,22,2024-05-20 16:20:00,1,1,0.5059443116188049
cnn,pso,1,23,2024-05-20 16:20:00,1,1,0.5041456818580627
cnn,pso,1,24,2024-05-20 16:25:00,1,0,0.474724143743515
cnn,pso,1,25,2024-05-20 16:25:00,1,0,0.4655687212944031
cnn,pso,1,26,2024-05-20 16:30:00,1,0,0.4690417945384979
cnn,pso,1,27,2024-05-20 16:30:00,1,0,0.465595543384552
cnn,pso,1,28,2024-05-20 16:35:00,1,0,0.46052244305610657
cnn,pso,1,29,2024-05-20 16:35:00,1,0,0.42115673422813416
cnn,pso,1,30,2024-05-20 16:40:00,1,0,0.47555777430534363
cnn,pso,1,31,2024-05-20 16:40:00,1,0,0.47695836424827576
cnn,pso,1,32,2024-05-20 16:45:00,1,1,0.5051779747009277
cnn,pso,1,33,2024-05-20 16:45:00,1,1,0.519315242767334
cnn,pso,1,34,2024-05-20 16:50:00,1,1,0.541362464427948
cnn,pso,1,35,2024-05-20 16:50:00,1,1,0.5399115681648254
cnn,pso,1,36,2024-05-20 16:55:00,0,1,0.5612126588821411
cnn,pso,1,37,2024-05-20 16:55:00,0,1,0.5639261603355408
cnn,pso,1,38,2024-05-20 17:00:00,0,1,0.6001304984092712
cnn,pso,1,39,2024-05-20 17:00:00,0,1,0.548807680606842
cnn,pso,1,40,2024-05-20 17:05:00,0,1,0.5065256953239441
cnn,pso,1,41,2024-05-20 17:05:00,0,1,0.528803825378418
cnn,pso,1,42,2024-05-20 17:10:00,0,0,0.48578840494155884
cnn,pso,1,43,2024-05-20 17:10:00,0,0,0.2985304892063141
cnn,pso,1,44,2024-05-20 17:15:00,0,1,0.5088314414024353
cnn,pso,1,45,2024-05-20 17:15:00,0,1,0.5142481327056885
cnn,pso,1,46,2024-05-20 17:20:00,0,1,0.5202276706695557
cnn,pso,1,47,2024-05-20 17:20:00,0,1,0.5140588283538818
cnn,pso,1,48,2024-05-20 17:25:00,0,1,0.5924303531646729
cnn,pso,1,49,2024-05-20 17:25:00,0,1,0.5274645090103149
cnn,pso,1,50,2024-05-20 17:30:00,0,1,0.5644968748092651
cnn,pso,1,51,2024-05-20 17:30:00,0,1,0.5572010278701782
cnn,pso,1,52,2024-05-20 17:35:00,0,1,0.5181218385696411
cnn,pso,1,53,2024-05-20 17:35:00,0,1,0.5208205580711365
cnn,pso,1,54,2024-05-20 17:40:00,0,1,0.5152934789657593
cnn,pso,1,55,2024-05-20 17:40:00,0,1,0.5175467133522034
cnn,pso,1,56,2024-05-20 17:45:00,0,1,0.516726553440094
cnn,pso,1,57,2024-05-20 17:45:00,0,1,0.5066013336181641
cnn,pso,1,58,2024-05-20 17:50:00,0,1,0.6109722852706909
cnn,pso,1,59,2024-05-20 17:50:00,0,1,0.5177143812179565
cnn,pso,1,60,2024-05-20 17:55:00,0,1,0.5645378828048706
cnn,pso,1,61,2024-05-20 17:55:00,0,0,0.48237547278404236
cnn,pso,1,62,2024-05-21 13:30:00,1,0,0.4068354368209839
cnn,pso,1,63,2024-05-21 13:30:00,1,0,0.4070052206516266
cnn,pso,1,64,2024-05-21 13:35:00,1,0,0.43000271916389465
cnn,pso,1,65,2024-05-21 13:35:00,1,0,0.42866623401641846
cnn,pso,1,66,2024-05-21 13:40:00,1,0,0.4817444682121277
cnn,pso,1,67,2024-05-21 13:40:00,1,0,0.47684210538864136
cnn,pso,1,68,2024-05-21 13:45:00,1,1,0.5421768426895142
cnn,pso,1,69,2024-05-21 13:45:00,1,1,0.5542155504226685
cnn,pso,1,70,2024-05-21 13:50:00,1,1,0.5074927806854248
cnn,pso,1,71,2024-05-21 13:50:00,1,0,0.4968726634979248
cnn,pso,1,72,2024-05-21 13:55:00,1,0,0.47316116094589233
cnn,pso,1,73,2024-05-21 13:55:00,1,0,0.46786823868751526
cnn,pso,1,74,2024-05-21 14:00:00,1,1,0.5231487154960632
cnn,pso,1,75,2024-05-21 14:00:00,1,1,0.5169399380683899
cnn,pso,1,76,2024-05-21 14:05:00,1,1,0.5181677341461182
cnn,pso,1,77,2024-05-21 14:05:00,1,1,0.5253677368164062
cnn,pso,1,78,2024-05-21 14:10:00,1,0,0.47885480523109436
cnn,pso,1,79,2024-05-21 14:10:00,1,0,0.49964892864227295
cnn,pso,1,80,2024-05-21 14:15:00,1,1,0.509125292301178
cnn,pso,1,81,2024-05-21 14:15:00,1,1,0.5254148244857788
cnn,pso,1,82,2024-05-21 14:20:00,1,1,0.5671206116676331
cnn,pso,1,83,2024-05-21 14:20:00,1,1,0.5855301022529602
cnn,pso,1,84,2024-05-21 14:25:00,1,1,0.6754764914512634
cnn,pso,1,85,2024-05-21 14:25:00,1,1,0.5691338777542114
cnn,pso,1,86,2024-05-21 14:30:00,1,1,0.5857316851615906
cnn,pso,1,87,2024-05-21 14:30:00,1,1,0.5616990327835083
cnn,pso,1,88,2024-05-21 14:35:00,1,1,0.5368334054946899
cnn,pso,1,89,2024-05-21 14:35:00,1,1,0.5449658632278442
cnn,pso,1,90,2024-05-21 14:40:00,1,1,0.5377224683761597
cnn,pso,1,91,2024-05-21 14:40:00,1,1,0.5385528802871704
cnn,pso,1,92,2024-05-21 14:45:00,1,1,0.5676442384719849
cnn,pso,1,93,2024-05-21 14:45:00,1,1,0.5536422729492188
cnn,pso,1,94,2024-05-21 14:50:00,1,1,0.5529213547706604
cnn,pso,1,95,2024-05-21 14:50:00,1,1,0.5359576940536499
cnn,pso,1,96,2024-05-21 14:55:00,1,1,0.6093515753746033
cnn,pso,1,97,2024-05-21 14:55:00,1,1,0.5697319507598877
cnn,pso,1,98,2024-05-21 15:00:00,1,1,0.5913928747177124
cnn,pso,1,99,2024-05-21 15:00:00,1,1,0.7302748560905457
cnn,pso,1,100,2024-05-21 15:05:00,0,1,0.6193174719810486
cnn,pso,1,101,2024-05-21 15:05:00,0,1,0.5812666416168213
cnn,pso,1,102,2024-05-21 15:10:00,0,1,0.5764557123184204
cnn,pso,1,103,2024-05-21 15:10:00,0,1,0.524394690990448
cnn,pso,1,104,2024-05-21 15:15:00,0,0,0.4735923707485199
cnn,pso,1,105,2024-05-21 15:15:00,0,0,0.44909319281578064
cnn,pso,1,106,2024-05-21 15:20:00,0,0,0.47045016288757324
cnn,pso,1,107,2024-05-21 15:20:00,0,1,0.5014761686325073
cnn,pso,1,108,2024-05-21 15:25:00,0,0,0.48816603422164917
cnn,pso,1,109,2024-05-21 15:25:00,0,0,0.4459039866924286
cnn,pso,1,110,2024-05-21 15:30:00,0,0,0.43893152475357056
cnn,pso,1,111,2024-05-21 15:30:00,0,0,0.3044615685939789
cnn,pso,1,112,2024-05-21 15:35:00,0,0,0.40114057064056396
cnn,pso,1,113,2024-05-21 15:35:00,0,0,0.42050909996032715
cnn,pso,1,114,2024-05-21 15:40:00,0,0,0.4534604251384735
cnn,pso,1,115,2024-05-21 15:40:00,0,0,0.4263206720352173
cnn,pso,1,116,2024-05-21 15:45:00,0,0,0.45347917079925537
cnn,pso,1,117,2024-05-21 15:50:00,0,1,0.520921528339386
cnn,pso,1,118,2024-05-21 15:50:00,0,1,0.5225176215171814
cnn,pso,1,119,2024-05-21 15:55:00,0,1,0.5155496001243591
cnn,pso,1,120,2024-05-21 15:55:00,0,1,0.5214600563049316
cnn,pso,1,121,2024-05-21 16:00:00,0,1,0.5433453917503357
cnn,pso,1,122,2024-05-21 16:00:00,0,1,0.5289917588233948
cnn,pso,1,123,2024-05-21 16:05:00,0,1,0.5848706364631653
cnn,pso,1,124,2024-05-21 16:05:00,0,1,0.5480311512947083
cnn,pso,1,125,2024-05-21 16:10:00,0,1,0.5565305352210999
cnn,pso,1,126,2024-05-21 16:10:00,0,1,0.5298163294792175
cnn,pso,1,127,2024-05-21 16:15:00,0,1,0.5313311219215393
cnn,pso,1,128,2024-05-21 16:15:00,0,1,0.5323540568351746
cnn,pso,1,129,2024-05-21 16:20:00,0,1,0.5125951170921326
cnn,pso,1,130,2024-05-21 16:20:00,0,1,0.5361388921737671
cnn,pso,1,131,2024-05-21 16:25:00,0,1,0.5570123195648193
cnn,pso,1,132,2024-05-21 16:25:00,0,1,0.5384388566017151
cnn,pso,1,133,2024-05-21 16:30:00,0,1,0.5645986199378967
cnn,pso,1,134,2024-05-21 16:30:00,0,1,0.5401343107223511
cnn,pso,1,135,2024-05-21 16:35:00,0,1,0.5307911038398743
cnn,pso,1,136,2024-05-21 16:35:00,0,1,0.5255593657493591
cnn,pso,1,137,2024-05-21 16:40:00,0,1,0.515416145324707
cnn,pso,1,138,2024-05-21 16:40:00,0,1,0.5070581436157227
cnn,pso,1,139,2024-05-21 16:45:00,0,0,0.49476897716522217
cnn,pso,1,140,2024-05-21 16:45:00,0,1,0.513461172580719
cnn,pso,1,141,2024-05-21 16:50:00,0,0,0.47458022832870483
cnn,pso,1,142,2024-05-21 16:50:00,0,0,0.4636070430278778
cnn,pso,1,143,2024-05-21 16:55:00,0,0,0.43691062927246094
cnn,pso,1,144,2024-05-21 16:55:00,0,0,0.4385915994644165
cnn,pso,1,145,2024-05-21 17:00:00,0,0,0.29704272747039795
cnn,pso,1,146,2024-05-21 17:00:00,0,0,0.40158915519714355
cnn,pso,1,147,2024-05-21 17:05:00,0,0,0.37429219484329224
cnn,pso,1,148,2024-05-21 17:05:00,0,0,0.39402469992637634
cnn,pso,1,149,2024-05-21 17:10:00,0,0,0.38735878467559814
cnn,pso,1,150,2024-05-21 17:10:00,0,0,0.3791084885597229
cnn,pso,1,151,2024-05-21 17:15:00,0,0,0.3891713321208954
cnn,pso,1,152,2024-05-21 17:15:00,0,0,0.3786449730396271
cnn,pso,1,153,2024-05-21 17:20:00,0,0,0.4678278863430023
cnn,pso,1,154,2024-05-21 17:20:00,0,0,0.46114644408226013
cnn,pso,1,155,2024-05-21 17:25:00,0,0,0.4456568658351898
cnn,pso,1,156,2024-05-21 17:25:00,0,0,0.46338438987731934
cnn,pso,1,157,2024-05-21 17:30:00,0,0,0.4546363353729248
cnn,pso,1,158,2024-05-21 17:30:00,0,0,0.446757048368454
cnn,pso,1,159,2024-05-21 17:35:00,0,0,0.4791105091571808
cnn,pso,1,160,2024-05-21 17:40:00,0,0,0.469686895608902
cnn,pso,1,161,2024-05-21 17:40:00,0,0,0.48440802097320557
cnn,pso,1,162,2024-05-21 17:45:00,0,0,0.49266430735588074
cnn,pso,1,163,2024-05-21 17:50:00,0,0,0.4656057357788086
cnn,pso,1,164,2024-05-21 17:50:00,0,0,0.44586852192878723
cnn,pso,1,165,2024-05-21 17:55:00,0,0,0.4544124901294708
cnn,pso,1,166,2024-05-21 17:55:00,0,0,0.4625217020511627
cnn,pso,1,167,2024-05-22 11:40:00,1,0,0.37748971581459045
cnn,pso,1,168,2024-05-22 11:45:00,1,0,0.43256261944770813
cnn,pso,1,169,2024-05-22 11:50:00,1,0,0.4953889846801758
cnn,pso,1,170,2024-05-22 11:55:00,1,1,0.5082499980926514
cnn,pso,1,171,2024-05-22 12:00:00,1,1,0.5416938662528992
cnn,pso,1,172,2024-05-22 12:05:00,0,1,0.6056793332099915
cnn,pso,1,173,2024-05-22 12:10:00,0,1,0.6188009977340698
cnn,pso,1,174,2024-05-22 12:15:00,0,1,0.521027147769928
cnn,pso,1,175,2024-05-22 12:20:00,0,0,0.4661322832107544
cnn,pso,1,176,2024-05-22 12:25:00,0,0,0.40328651666641235
cnn,pso,1,177,2024-05-22 12:30:00,0,0,0.4361441433429718
cnn,pso,1,178,2024-05-22 12:35:00,0,1,0.507652997970581
cnn,pso,1,179,2024-05-22 12:40:00,0,0,0.49724119901657104
cnn,pso,1,180,2024-05-22 12:45:00,0,0,0.44906601309776306
cnn,pso,1,181,2024-05-22 12:50:00,0,0,0.48164597153663635
cnn,pso,1,182,2024-05-22 12:55:00,0,1,0.5314451456069946
cnn,pso,1,183,2024-05-22 13:00:00,0,1,0.5794690251350403
cnn,pso,1,184,2024-05-22 13:05:00,0,1,0.5359111428260803
cnn,pso,1,185,2024-05-22 13:10:00,0,1,0.5125997066497803
cnn,pso,1,186,2024-05-22 13:15:00,0,0,0.4905904531478882
cnn,pso,1,187,2024-05-22 13:20:00,0,0,0.45526671409606934
cnn,pso,1,188,2024-05-22 13:25:00,0,0,0.46304240822792053
cnn,pso,1,189,2024-05-22 13:30:00,0,0,0.47089338302612305
cnn,pso,1,190,2024-05-22 13:35:00,0,0,0.4245302677154541
cnn,pso,1,191,2024-05-22 13:40:00,0,0,0.40983980894088745
cnn,pso,1,192,2024-05-22 13:45:00,0,0,0.4050929546356201
cnn,pso,1,193,2024-05-22 13:50:00,0,0,0.481368750333786
cnn,pso,1,194,2024-05-22 13:55:00,0,0,0.41749098896980286
cnn,pso,1,195,2024-05-22 14:00:00,0,0,0.3993692696094513
cnn,pso,1,196,2024-05-22 14:05:00,0,0,0.44178229570388794
cnn,pso,1,197,2024-05-22 14:10:00,0,0,0.4492451846599579
cnn,pso,1,198,2024-05-22 14:15:00,0,0,0.4697836935520172
cnn,pso,1,199,2024-05-22 14:20:00,0,0,0.4438270926475525
cnn,pso,1,200,2024-05-22 14:25:00,0,0,0.4505675435066223
cnn,pso,1,201,2024-05-22 14:30:00,0,0,0.4275469183921814
cnn,pso,1,202,2024-05-22 14:35:00,0,0,0.42155441641807556
cnn,pso,1,203,2024-05-22 14:40:00,0,0,0.41393566131591797
cnn,pso,1,204,2024-05-22 14:45:00,0,0,0.4680255353450775
cnn,pso,1,205,2024-05-22 14:50:00,0,0,0.46241578459739685
cnn,pso,1,206,2024-05-22 14:55:00,0,0,0.4882386028766632
cnn,pso,1,207,2024-05-22 15:00:00,0,0,0.44255155324935913
cnn,pso,1,208,2024-05-22 15:05:00,0,0,0.4266341030597687
cnn,pso,1,209,2024-05-22 15:10:00,0,0,0.4207143783569336
cnn,pso,1,210,2024-05-22 15:15:00,0,0,0.4100821614265442
cnn,pso,1,211,2024-05-22 15:20:00,0,0,0.4144641160964966
cnn,pso,1,212,2024-05-22 15:25:00,0,0,0.36526790261268616
cnn,pso,1,213,2024-05-22 15:30:00,0,0,0.36233654618263245
cnn,pso,1,214,2024-05-22 15:35:00,0,0,0.3542654514312744
cnn,pso,1,215,2024-05-22 15:40:00,0,0,0.4106011688709259
cnn,pso,1,216,2024-05-22 15:45:00,0,0,0.47657233476638794
cnn,pso,1,217,2024-05-22 15:50:00,0,0,0.48381975293159485
cnn,pso,1,218,2024-05-22 15:55:00,0,0,0.489359587430954
cnn,pso,1,219,2024-05-22 16:00:00,0,1,0.5119055509567261
cnn,pso,1,220,2024-05-22 16:05:00,0,1,0.5074511766433716
cnn,pso,1,221,2024-05-22 16:10:00,0,0,0.46573933959007263
cnn,pso,1,222,2024-05-22 16:15:00,0,0,0.41610056161880493
cnn,pso,1,223,2024-05-22 16:20:00,0,0,0.36165931820869446
cnn,pso,1,224,2024-05-22 16:25:00,0,0,0.4189375638961792
cnn,pso,1,225,2024-05-22 16:30:00,0,0,0.44626644253730774
cnn,pso,1,226,2024-05-22 16:35:00,0,0,0.43649110198020935
cnn,pso,1,227,2024-05-22 16:40:00,0,0,0.42929667234420776
cnn,pso,1,228,2024-05-22 16:45:00,0,0,0.41355302929878235
cnn,pso,1,229,2024-05-22 16:50:00,0,0,0.44349318742752075
cnn,pso,1,230,2024-05-22 16:55:00,0,0,0.4997747838497162
cnn,pso,1,231,2024-05-22 17:00:00,0,0,0.486937016248703
cnn,pso,1,232,2024-05-22 17:05:00,0,0,0.4421311020851135
cnn,pso,1,233,2024-05-22 17:10:00,0,0,0.4192366302013397
cnn,pso,1,234,2024-05-22 17:15:00,0,0,0.3874133825302124
cnn,pso,1,235,2024-05-22 17:20:00,0,0,0.4838729798793793
cnn,pso,1,236,2024-05-22 17:25:00,0,0,0.4769289493560791
cnn,pso,1,237,2024-05-22 17:30:00,0,0,0.43354642391204834
cnn,pso,1,238,2024-05-22 17:35:00,0,0,0.4420487880706787
cnn,pso,1,239,2024-05-22 17:40:00,0,0,0.45138251781463623
cnn,pso,1,240,2024-05-22 17:45:00,0,0,0.4534585773944855
cnn,pso,1,241,2024-05-22 17:50:00,0,0,0.47021472454071045
cnn,pso,1,242,2024-05-22 17:55:00,0,0,0.44591063261032104
cnn,pso,1,243,2024-05-23 11:15:00,1,0,0.290881484746933
cnn,pso,1,244,2024-05-23 11:20:00,1,0,0.31287169456481934
cnn,pso,1,245,2024-05-23 11:25:00,1,0,0.347003698348999
cnn,pso,1,246,2024-05-23 11:30:00,1,0,0.3909989893436432
cnn,pso,1,247,2024-05-23 11:35:00,1,0,0.4034508764743805
cnn,pso,1,248,2024-05-23 11:40:00,1,0,0.41782835125923157
cnn,pso,1,249,2024-05-23 11:45:00,1,0,0.46185582876205444
cnn,pso,1,250,2024-05-23 11:50:00,1,0,0.45595476031303406
cnn,pso,1,251,2024-05-23 11:55:00,1,0,0.42829087376594543
cnn,pso,1,252,2024-05-23 12:00:00,1,1,0.5041970014572144
cnn,pso,1,253,2024-05-23 12:05:00,1,1,0.5488601326942444
cnn,pso,1,254,2024-05-23 12:10:00,1,1,0.5265297293663025
cnn,pso,1,255,2024-05-23 12:15:00,1,0,0.47420668601989746
cnn,pso,1,256,2024-05-23 12:20:00,1,0,0.4989032447338104
cnn,pso,1,257,2024-05-23 12:25:00,1,1,0.6131148338317871
cnn,pso,1,258,2024-05-23 12:30:00,1,1,0.5420638918876648
cnn,pso,1,259,2024-05-23 12:35:00,1,1,0.5486494302749634
cnn,pso,1,260,2024-05-23 12:40:00,1,1,0.5442053079605103
cnn,pso,1,261,2024-05-23 12:45:00,1,1,0.5025809407234192
cnn,pso,1,262,2024-05-23 12:50:00,1,1,0.5127038359642029
cnn,pso,1,263,2024-05-23 12:55:00,1,1,0.5583093762397766
cnn,pso,1,264,2024-05-23 13:00:00,1,1,0.5498426556587219
cnn,pso,1,265,2024-05-23 13:05:00,1,1,0.5109232664108276
cnn,pso,1,266,2024-05-23 13:10:00,1,0,0.41920846700668335
cnn,pso,1,267,2024-05-23 13:15:00,1,0,0.46753236651420593
cnn,pso,1,268,2024-05-23 13:20:00,1,1,0.5095054507255554
cnn,pso,1,269,2024-05-23 13:25:00,0,1,0.5426093339920044
cnn,pso,1,270,2024-05-23 13:30:00,0,1,0.5455169081687927
cnn,pso,1,271,2024-05-23 13:35:00,0,1,0.502352774143219
cnn,pso,1,272,2024-05-23 13:40:00,0,0,0.47238045930862427
cnn,pso,1,273,2024-05-23 13:45:00,0,0,0.4407188892364502
cnn,pso,1,274,2024-05-23 13:50:00,0,0,0.4654051661491394
cnn,pso,1,275,2024-05-23 13:55:00,0,0,0.4645824134349823
cnn,pso,1,276,2024-05-23 14:00:00,0,0,0.4919390082359314
cnn,pso,1,277,2024-05-23 14:05:00,0,0,0.4964165687561035
cnn,pso,1,278,2024-05-23 14:10:00,0,1,0.5404298901557922
cnn,pso,1,279,2024-05-23 14:15:00,0,1,0.5141592621803284
cnn,pso,1,280,2024-05-23 14:20:00,0,1,0.5147954225540161
cnn,pso,1,281,2024-05-23 14:25:00,0,1,0.5494691133499146
cnn,pso,1,282,2024-05-23 14:30:00,0,1,0.5556077361106873
cnn,pso,1,283,2024-05-23 14:35:00,0,0,0.48695510625839233
cnn,pso,1,284,2024-05-23 14:40:00,0,0,0.4046916365623474
cnn,pso,1,285,2024-05-23 14:45:00,0,0,0.4077397584915161
cnn,pso,1,286,2024-05-23 14:50:00,0,0,0.4125463664531708
cnn,pso,1,287,2024-05-23 14:55:00,0,0,0.36511102318763733
cnn,pso,1,288,2024-05-23 15:00:00,1,0,0.33366018533706665
cnn,pso,1,289,2024-05-23 15:00:00,1,0,0.334071546792984
cnn,pso,1,290,2024-05-23 15:05:00,1,0,0.4042298495769501
cnn,pso,1,291,2024-05-23 15:05:00,1,0,0.4114322066307068
cnn,pso,1,292,2024-05-23 15:10:00,1,0,0.4567308723926544
cnn,pso,1,293,2024-05-23 15:10:00,1,0,0.4407021701335907
cnn,pso,1,294,2024-05-23 15:15:00,1,0,0.4427116811275482
cnn,pso,1,295,2024-05-23 15:15:00,1,0,0.44752275943756104
cnn,pso,1,296,2024-05-23 15:20:00,1,0,0.45283836126327515
cnn,pso,1,297,2024-05-23 15:20:00,1,0,0.44126513600349426
cnn,pso,1,298,2024-05-23 15:25:00,1,0,0.47827333211898804
cnn,pso,1,299,2024-05-23 15:25:00,1,0,0.4757500886917114
cnn,pso,1,300,2024-05-23 15:30:00,1,0,0.48388671875
cnn,pso,1,301,2024-05-23 15:30:00,1,0,0.49572014808654785
cnn,pso,1,302,2024-05-23 15:35:00,1,1,0.5342893004417419
cnn,pso,1,303,2024-05-23 15:35:00,1,1,0.5275723338127136
cnn,pso,1,304,2024-05-23 15:40:00,1,1,0.5258198380470276
cnn,pso,1,305,2024-05-23 15:40:00,1,1,0.530737578868866
cnn,pso,1,306,2024-05-23 15:45:00,1,0,0.49549585580825806
cnn,pso,1,307,2024-05-23 15:45:00,1,1,0.5024584531784058
cnn,pso,1,308,2024-05-23 15:50:00,1,0,0.4935957193374634
cnn,pso,1,309,2024-05-23 15:50:00,1,0,0.48065122961997986
cnn,pso,1,310,2024-05-23 15:55:00,1,0,0.48720306158065796
cnn,pso,1,311,2024-05-23 15:55:00,1,0,0.496530681848526
cnn,pso,1,312,2024-05-23 16:00:00,1,1,0.503826916217804
cnn,pso,1,313,2024-05-23 16:00:00,1,1,0.5098705291748047
cnn,pso,1,314,2024-05-23 16:05:00,1,1,0.51290363073349
cnn,pso,1,315,2024-05-23 16:05:00,1,1,0.5073355436325073
cnn,pso,1,316,2024-05-23 16:10:00,1,1,0.5231892466545105
cnn,pso,1,317,2024-05-23 16:10:00,1,1,0.5216241478919983
cnn,pso,1,318,2024-05-23 16:15:00,1,1,0.5448642373085022
cnn,pso,1,319,2024-05-23 16:15:00,1,1,0.5448092818260193
cnn,pso,1,320,2024-05-23 16:20:00,1,1,0.5735954642295837
cnn,pso,1,321,2024-05-23 16:20:00,1,1,0.5488620400428772
cnn,pso,1,322,2024-05-23 16:25:00,1,1,0.5428392887115479
cnn,pso,1,323,2024-05-23 16:25:00,1,1,0.5262621641159058
cnn,pso,1,324,2024-05-23 16:30:00,1,1,0.5485419631004333
cnn,pso,1,325,2024-05-23 16:30:00,1,1,0.5282829999923706
cnn,pso,1,326,2024-05-23 16:35:00,1,1,0.501418948173523
cnn,pso,1,327,2024-05-23 16:35:00,1,0,0.4982316195964813
cnn,pso,1,328,2024-05-23 16:40:00,1,1,0.5278878211975098
cnn,pso,1,329,2024-05-23 16:40:00,1,1,0.5281745791435242
cnn,pso,1,330,2024-05-23 16:45:00,1,1,0.5627462863922119
cnn,pso,1,331,2024-05-23 16:45:00,1,1,0.5581431984901428
cnn,pso,1,332,2024-05-23 16:50:00,1,1,0.5101413130760193
cnn,pso,1,333,2024-05-23 16:50:00,1,1,0.5185092687606812
cnn,pso,1,334,2024-05-23 16:55:00,1,1,0.5115745663642883
cnn,pso,1,335,2024-05-23 16:55:00,1,1,0.5172149538993835
cnn,pso,1,336,2024-05-23 17:00:00,1,1,0.540043830871582
cnn,pso,1,337,2024-05-23 17:00:00,1,1,0.543358325958252
cnn,pso,1,338,2024-05-23 17:05:00,1,1,0.5521976351737976
cnn,pso,1,339,2024-05-23 17:05:00,1,1,0.5957620739936829
cnn,pso,1,340,2024-05-23 17:10:00,1,1,0.5699450969696045
cnn,pso,1,341,2024-05-23 17:10:00,1,1,0.5576564073562622
cnn,pso,1,342,2024-05-23 17:15:00,1,1,0.584736168384552
cnn,pso,1,343,2024-05-23 17:15:00,1,1,0.5754476189613342
cnn,pso,1,344,2024-05-23 17:20:00,1,1,0.5567516088485718
cnn,pso,1,345,2024-05-23 17:20:00,1,1,0.5526262521743774
cnn,pso,1,346,2024-05-23 17:25:00,1,1,0.5998307466506958
cnn,pso,1,347,2024-05-23 17:25:00,1,1,0.575387179851532
cnn,pso,1,348,2024-05-23 17:30:00,1,1,0.564521849155426
cnn,pso,1,349,2024-05-23 17:30:00,1,1,0.5506367683410645
cnn,pso,1,350,2024-05-23 17:35:00,1,1,0.5861307978630066
cnn,pso,1,351,2024-05-23 17:35:00,1,1,0.555910050868988
cnn,pso,1,352,2024-05-23 17:40:00,1,1,0.5228542685508728
cnn,pso,1,353,2024-05-23 17:40:00,1,1,0.5313252210617065
cnn,pso,1,354,2024-05-23 17:45:00,1,0,0.49709078669548035
cnn,pso,1,355,2024-05-23 17:45:00,1,1,0.5038051605224609
cnn,pso,1,356,2024-05-23 17:50:00,1,0,0.4793737828731537
cnn,pso,1,357,2024-05-23 17:50:00,1,0,0.47822630405426025
cnn,pso,1,358,2024-05-23 17:55:00,1,0,0.4608563184738159
cnn,pso,1,359,2024-05-23 17:55:00,1,0,0.44810184836387634
cnn,pso,1,360,2024-05-24 10:40:00,0,1,0.5671496391296387
cnn,pso,1,361,2024-05-24 10:40:00,0,1,0.5648694038391113
cnn,pso,1,362,2024-05-24 10:45:00,0,1,0.5773786902427673
cnn,pso,1,363,2024-05-24 10:45:00,0,1,0.5781481266021729
cnn,pso,1,364,2024-05-24 10:50:00,0,0,0.4779280126094818
cnn,pso,1,365,2024-05-24 10:50:00,0,0,0.47784867882728577
cnn,pso,1,366,2024-05-24 10:55:00,0,0,0.46391811966896057
cnn,pso,1,367,2024-05-24 10:55:00,0,0,0.46964871883392334
cnn,pso,1,368,2024-05-24 11:00:00,0,0,0.4372055232524872
cnn,pso,1,369,2024-05-24 11:00:00,0,0,0.45467251539230347
cnn,pso,1,370,2024-05-24 11:05:00,0,1,0.5071179270744324
cnn,pso,1,371,2024-05-24 11:05:00,0,1,0.507077157497406
cnn,pso,1,372,2024-05-24 11:10:00,0,1,0.5620223879814148
cnn,pso,1,373,2024-05-24 11:10:00,0,1,0.5468376874923706
cnn,pso,1,374,2024-05-24 11:15:00,0,1,0.5601140260696411
cnn,pso,1,375,2024-05-24 11:15:00,0,1,0.534608781337738
cnn,pso,1,376,2024-05-24 11:20:00,0,1,0.5256991982460022
cnn,pso,1,377,2024-05-24 11:20:00,1,1,0.5477131605148315
cnn,pso,1,378,2024-05-24 11:25:00,0,1,0.5602027177810669
cnn,pso,1,379,2024-05-24 11:25:00,0,1,0.5774098634719849
cnn,pso,1,380,2024-05-24 11:30:00,0,1,0.5598914623260498
cnn,pso,1,381,2024-05-24 11:30:00,0,1,0.5493764281272888
cnn,pso,1,382,2024-05-24 11:35:00,0,0,0.4850022792816162
cnn,pso,1,383,2024-05-24 11:35:00,0,0,0.4834979474544525
cnn,pso,1,384,2024-05-24 11:40:00,0,0,0.43752968311309814
cnn,pso,1,385,2024-05-24 11:40:00,0,0,0.41745316982269287
cnn,pso,1,386,2024-05-24 11:45:00,0,0,0.45864394307136536
cnn,pso,1,387,2024-05-24 11:45:00,1,0,0.45539572834968567
cnn,pso,1,388,2024-05-24 11:50:00,0,1,0.5353608131408691
cnn,pso,1,389,2024-05-24 11:50:00,0,1,0.5251621603965759
cnn,pso,1,390,2024-05-24 11:55:00,0,1,0.5095986723899841
cnn,pso,1,391,2024-05-24 11:55:00,0,1,0.511393666267395
cnn,pso,1,392,2024-05-24 12:00:00,0,0,0.4827733635902405
cnn,pso,1,393,2024-05-24 12:00:00,0,0,0.4676797091960907
cnn,pso,1,394,2024-05-24 12:05:00,0,1,0.5041275024414062
cnn,pso,1,395,2024-05-24 12:05:00,0,0,0.48615768551826477
cnn,pso,1,396,2024-05-24 12:10:00,0,0,0.4715465307235718
cnn,pso,1,397,2024-05-24 12:10:00,0,0,0.45054125785827637
cnn,pso,1,398,2024-05-24 12:15:00,0,0,0.4739101529121399
cnn,pso,1,399,2024-05-24 12:15:00,0,0,0.4565540850162506
cnn,pso,1,400,2024-05-24 12:20:00,0,0,0.47123125195503235
cnn,pso,1,401,2024-05-24 12:20:00,0,0,0.44484105706214905
cnn,pso,1,402,2024-05-24 12:25:00,0,0,0.4626195430755615
cnn,pso,1,403,2024-05-24 12:25:00,0,0,0.39361706376075745
cnn,pso,1,404,2024-05-24 12:30:00,0,0,0.4637583792209625
cnn,pso,1,405,2024-05-24 12:30:00,0,0,0.47759172320365906
cnn,pso,1,406,2024-05-24 12:35:00,0,0,0.4401654899120331
cnn,pso,1,407,2024-05-24 12:35:00,0,0,0.42856600880622864
cnn,pso,1,408,2024-05-24 12:40:00,0,0,0.40035179257392883
cnn,pso,1,409,2024-05-24 12:40:00,0,0,0.4162617027759552
cnn,pso,1,410,2024-05-24 12:45:00,0,0,0.4084826707839966
cnn,pso,1,411,2024-05-24 12:45:00,0,0,0.3896297514438629
cnn,pso,1,412,2024-05-24 12:50:00,0,0,0.3916512131690979
cnn,pso,1,413,2024-05-24 12:50:00,0,0,0.4118368625640869
cnn,pso,1,414,2024-05-24 12:55:00,0,0,0.4422040283679962
cnn,pso,1,415,2024-05-24 12:55:00,0,0,0.42689448595046997
cnn,pso,1,416,2024-05-24 13:00:00,0,0,0.44681963324546814
cnn,pso,1,417,2024-05-24 13:00:00,0,0,0.4428105354309082
cnn,pso,1,418,2024-05-24 13:05:00,0,0,0.4754340648651123
cnn,pso,1,419,2024-05-24 13:05:00,0,0,0.46262261271476746
cnn,pso,1,420,2024-05-24 13:10:00,0,1,0.5239567160606384
cnn,pso,1,421,2024-05-24 13:10:00,0,1,0.5299637913703918
cnn,pso,1,422,2024-05-24 13:15:00,0,1,0.566756546497345
cnn,pso,1,423,2024-05-24 13:15:00,0,1,0.5493912100791931
cnn,pso,1,424,2024-05-24 13:20:00,0,1,0.7096943259239197
cnn,pso,1,425,2024-05-24 13:20:00,0,1,0.5674925446510315
cnn,pso,1,426,2024-05-24 13:25:00,0,1,0.547137439250946
cnn,pso,1,427,2024-05-24 13:25:00,0,1,0.5827915072441101
cnn,pso,1,428,2024-05-24 13:30:00,0,1,0.509191632270813
cnn,pso,1,429,2024-05-24 13:30:00,0,1,0.5172539949417114
cnn,pso,1,430,2024-05-24 13:35:00,0,1,0.505266010761261
cnn,pso,1,431,2024-05-24 13:35:00,0,1,0.5253674387931824
cnn,pso,1,432,2024-05-24 13:40:00,0,0,0.49056416749954224
cnn,pso,1,433,2024-05-24 13:40:00,0,1,0.5026241540908813
cnn,pso,1,434,2024-05-24 13:45:00,0,0,0.44320452213287354
cnn,pso,1,435,2024-05-24 13:45:00,0,0,0.47537466883659363
cnn,pso,1,436,2024-05-24 13:50:00,0,0,0.4467988908290863
cnn,pso,1,437,2024-05-24 13:50:00,0,0,0.44339731335639954
cnn,pso,1,438,2024-05-24 13:55:00,0,0,0.41607633233070374
cnn,pso,1,439,2024-05-24 13:55:00,0,0,0.40357017517089844
cnn,pso,1,440,2024-05-24 14:00:00,0,0,0.35294580459594727
cnn,pso,1,441,2024-05-24 14:00:00,0,0,0.4023657739162445
cnn,pso,1,442,2024-05-24 14:05:00,0,0,0.38075339794158936
cnn,pso,1,443,2024-05-24 14:05:00,0,0,0.41532784700393677
cnn,pso,1,444,2024-05-24 14:10:00,0,0,0.4410562813282013
cnn,pso,1,445,2024-05-24 14:10:00,0,0,0.46712398529052734
cnn,pso,1,446,2024-05-24 14:15:00,0,0,0.45525139570236206
cnn,pso,1,447,2024-05-24 14:15:00,0,0,0.45247647166252136
cnn,pso,1,448,2024-05-24 14:20:00,0,0,0.4346127212047577
cnn,pso,1,449,2024-05-24 14:20:00,1,0,0.421474426984787
cnn,pso,1,450,2024-05-24 14:25:00,0,0,0.4415989816188812
cnn,pso,1,451,2024-05-24 14:25:00,1,0,0.41327711939811707
cnn,pso,1,452,2024-05-24 14:30:00,0,0,0.4521353244781494
cnn,pso,1,453,2024-05-24 14:30:00,1,0,0.43522077798843384
cnn,pso,1,454,2024-05-24 14:35:00,1,0,0.49823468923568726
cnn,pso,1,455,2024-05-24 14:35:00,0,1,0.5000855922698975
cnn,pso,1,456,2024-05-24 14:40:00,0,1,0.514784574508667
cnn,pso,1,457,2024-05-24 14:40:00,1,1,0.5178098082542419
cnn,pso,1,458,2024-05-24 14:45:00,0,1,0.5172522068023682
cnn,pso,1,459,2024-05-24 14:45:00,1,1,0.5527531504631042
cnn,pso,1,460,2024-05-24 14:50:00,0,1,0.5248216390609741
cnn,pso,1,461,2024-05-24 14:50:00,1,1,0.5283474922180176
cnn,pso,1,462,2024-05-24 14:55:00,0,1,0.5326026678085327
cnn,pso,1,463,2024-05-24 14:55:00,1,1,0.5494429469108582
cnn,pso,1,464,2024-05-24 15:00:00,0,1,0.537061333656311
cnn,pso,1,465,2024-05-24 15:00:00,0,1,0.5185408592224121
cnn,pso,1,466,2024-05-24 15:05:00,0,0,0.4548957645893097
cnn,pso,1,467,2024-05-24 15:05:00,0,0,0.4565376937389374
cnn,pso,1,468,2024-05-24 15:10:00,0,0,0.4146007299423218
cnn,pso,1,469,2024-05-24 15:10:00,0,0,0.4280521869659424
cnn,pso,1,470,2024-05-24 15:15:00,0,0,0.3961525559425354
cnn,pso,1,471,2024-05-24 15:15:00,0,0,0.41532671451568604
cnn,pso,1,472,2024-05-24 15:20:00,0,0,0.3846399486064911
cnn,pso,1,473,2024-05-24 15:20:00,0,0,0.39673417806625366
cnn,pso,1,474,2024-05-24 15:25:00,0,0,0.19521629810333252
cnn,pso,1,475,2024-05-24 15:25:00,0,0,0.35557791590690613
cnn,pso,1,476,2024-05-24 15:30:00,0,0,0.28260916471481323
cnn,pso,1,477,2024-05-24 15:30:00,0,0,0.37268516421318054
cnn,pso,1,478,2024-05-24 15:35:00,0,0,0.3664027750492096
cnn,pso,1,479,2024-05-24 15:35:00,0,0,0.35881975293159485
cnn,pso,1,480,2024-05-24 15:40:00,0,0,0.30760663747787476
cnn,pso,1,481,2024-05-24 15:40:00,0,0,0.31087350845336914
cnn,pso,1,482,2024-05-24 15:45:00,0,0,0.36038467288017273
cnn,pso,1,483,2024-05-24 15:45:00,0,0,0.3717710077762604
cnn,pso,1,484,2024-05-24 15:50:00,0,0,0.4206690192222595
cnn,pso,1,485,2024-05-24 15:50:00,0,0,0.3760306239128113
cnn,pso,1,486,2024-05-24 15:55:00,0,0,0.40780746936798096
cnn,pso,1,487,2024-05-24 15:55:00,0,0,0.41554826498031616
cnn,pso,1,488,2024-05-24 16:00:00,0,0,0.4133363366127014
cnn,pso,1,489,2024-05-24 16:00:00,1,0,0.393476665019989
cnn,pso,1,490,2024-05-24 16:05:00,1,0,0.3190930485725403
cnn,pso,1,491,2024-05-24 16:05:00,0,0,0.3826558589935303
cnn,pso,1,492,2024-05-24 16:10:00,0,0,0.4384371340274811
cnn,pso,1,493,2024-05-24 16:10:00,1,0,0.4118032157421112
cnn,pso,1,494,2024-05-24 16:15:00,1,0,0.45065540075302124
cnn,pso,1,495,2024-05-24 16:15:00,0,0,0.4618765711784363
cnn,pso,1,496,2024-05-24 16:20:00,0,0,0.47427788376808167
cnn,pso,1,497,2024-05-24 16:20:00,1,0,0.4449291229248047
cnn,pso,1,498,2024-05-24 16:25:00,0,1,0.511141300201416
cnn,pso,1,499,2024-05-24 16:25:00,1,1,0.5094220042228699
cnn,pso,1,500,2024-05-24 16:30:00,0,1,0.5325583219528198
cnn,pso,1,501,2024-05-24 16:30:00,1,1,0.5567346215248108
cnn,pso,1,502,2024-05-24 16:35:00,1,1,0.5609830021858215
cnn,pso,1,503,2024-05-24 16:35:00,0,1,0.5529134273529053
cnn,pso,1,504,2024-05-24 16:40:00,1,1,0.5402722358703613
cnn,pso,1,505,2024-05-24 16:40:00,0,1,0.540751576423645
cnn,pso,1,506,2024-05-24 16:45:00,1,1,0.5340079069137573
cnn,pso,1,507,2024-05-24 16:45:00,0,1,0.5276653170585632
cnn,pso,1,508,2024-05-24 16:50:00,0,1,0.5190069079399109
cnn,pso,1,509,2024-05-24 16:50:00,1,1,0.6093865036964417
cnn,pso,1,510,2024-05-24 16:55:00,0,0,0.462908536195755
cnn,pso,1,511,2024-05-24 16:55:00,1,0,0.46625179052352905
cnn,pso,1,512,2024-05-24 17:00:00,0,0,0.4430786967277527
cnn,pso,1,513,2024-05-24 17:00:00,1,0,0.42561742663383484
cnn,pso,1,514,2024-05-24 17:05:00,1,0,0.4011639654636383
cnn,pso,1,515,2024-05-24 17:05:00,0,0,0.43059778213500977
cnn,pso,1,516,2024-05-24 17:10:00,1,0,0.4077605903148651
cnn,pso,1,517,2024-05-24 17:10:00,0,0,0.4257391691207886
cnn,pso,1,518,2024-05-24 17:15:00,1,0,0.29272177815437317
cnn,pso,1,519,2024-05-24 17:15:00,0,0,0.40068307518959045
cnn,pso,1,520,2024-05-24 17:20:00,0,0,0.4426161050796509
cnn,pso,1,521,2024-05-24 17:20:00,1,0,0.42201268672943115
cnn,pso,1,522,2024-05-24 17:25:00,1,0,0.4633582532405853
cnn,pso,1,523,2024-05-24 17:25:00,0,0,0.47380438446998596
cnn,pso,1,524,2024-05-24 17:30:00,0,1,0.5048182606697083
cnn,pso,1,525,2024-05-24 17:30:00,1,0,0.4991390109062195
cnn,pso,1,526,2024-05-24 17:35:00,0,1,0.5067257881164551
cnn,pso,1,527,2024-05-24 17:35:00,1,1,0.5432975888252258
cnn,pso,1,528,2024-05-24 17:40:00,0,0,0.49886924028396606
cnn,pso,1,529,2024-05-24 17:40:00,1,1,0.507736325263977
cnn,pso,1,530,2024-05-24 17:45:00,0,0,0.49228110909461975
cnn,pso,1,531,2024-05-24 17:45:00,1,0,0.48734307289123535
cnn,pso,1,532,2024-05-24 17:50:00,1,0,0.466825008392334
cnn,pso,1,533,2024-05-24 17:50:00,0,0,0.49890413880348206
cnn,pso,1,534,2024-05-24 17:55:00,0,0,0.4496538043022156
cnn,pso,1,535,2024-05-24 17:55:00,0,0,0.44001251459121704
cnn,pso,1,536,2024-05-27 10:40:00,0,0,0.4212237298488617
cnn,pso,1,537,2024-05-27 10:45:00,0,1,0.5314481258392334
cnn,pso,1,538,2024-05-27 10:50:00,0,0,0.4790005385875702
cnn,pso,1,539,2024-05-27 10:55:00,0,0,0.425983726978302
cnn,pso,1,540,2024-05-27 11:00:00,0,0,0.4646289050579071
cnn,pso,1,541,2024-05-27 11:05:00,0,0,0.4124365448951721
cnn,pso,1,542,2024-05-27 11:10:00,0,0,0.3923712372779846
cnn,pso,1,543,2024-05-27 11:15:00,0,0,0.39541295170783997
cnn,pso,1,544,2024-05-27 11:20:00,0,0,0.4733833074569702
cnn,pso,1,545,2024-05-27 11:25:00,0,0,0.460202693939209
cnn,pso,1,546,2024-05-27 11:30:00,1,0,0.4244709610939026
cnn,pso,1,547,2024-05-27 11:30:00,1,0,0.4345606863498688
cnn,pso,1,548,2024-05-27 11:35:00,1,0,0.42131975293159485
cnn,pso,1,549,2024-05-27 11:35:00,1,0,0.41652894020080566
cnn,pso,1,550,2024-05-27 11:40:00,1,0,0.49282586574554443
cnn,pso,1,551,2024-05-27 11:40:00,1,0,0.48916754126548767
cnn,pso,1,552,2024-05-27 11:45:00,1,1,0.504352867603302
cnn,pso,1,553,2024-05-27 11:45:00,1,1,0.5086520910263062
cnn,pso,1,554,2024-05-27 11:50:00,1,1,0.5017086863517761
cnn,pso,1,555,2024-05-27 11:50:00,1,0,0.49686190485954285
cnn,pso,1,556,2024-05-27 11:55:00,1,1,0.5277919769287109
cnn,pso,1,557,2024-05-27 11:55:00,1,1,0.5253474116325378
cnn,pso,1,558,2024-05-27 12:00:00,1,0,0.49894043803215027
cnn,pso,1,559,2024-05-27 12:00:00,1,1,0.5099064111709595
cnn,pso,1,560,2024-05-27 12:05:00,1,1,0.5466693043708801
cnn,pso,1,561,2024-05-27 12:05:00,1,1,0.5372652411460876
cnn,pso,1,562,2024-05-27 12:10:00,1,1,0.5615265965461731
cnn,pso,1,563,2024-05-27 12:10:00,1,1,0.556119978427887
cnn,pso,1,564,2024-05-27 12:15:00,1,1,0.5666530132293701
cnn,pso,1,565,2024-05-27 12:15:00,1,1,0.538693904876709
cnn,pso,1,566,2024-05-27 12:20:00,1,1,0.5830050110816956
cnn,pso,1,567,2024-05-27 12:20:00,1,1,0.5552679300308228
cnn,pso,1,568,2024-05-27 12:25:00,1,1,0.5472699403762817
cnn,pso,1,569,2024-05-27 12:30:00,1,1,0.5977617502212524
cnn,pso,1,570,2024-05-27 12:30:00,1,1,0.5547410845756531
cnn,pso,1,571,2024-05-27 12:35:00,1,1,0.5507983565330505
cnn,pso,1,572,2024-05-27 12:35:00,1,1,0.5339827537536621
cnn,pso,1,573,2024-05-27 12:40:00,1,1,0.5488693118095398
cnn,pso,1,574,2024-05-27 12:40:00,1,1,0.5552428364753723
cnn,pso,1,575,2024-05-27 12:45:00,1,1,0.5294665694236755
cnn,pso,1,576,2024-05-27 12:45:00,1,1,0.5225605964660645
cnn,pso,1,577,2024-05-27 12:50:00,1,0,0.4925474524497986
cnn,pso,1,578,2024-05-27 12:50:00,1,0,0.4485738277435303
cnn,pso,1,579,2024-05-27 12:55:00,1,1,0.5175958871841431
cnn,pso,1,580,2024-05-27 12:55:00,1,1,0.5169302821159363
cnn,pso,1,581,2024-05-27 13:00:00,1,1,0.5125367641448975
cnn,pso,1,582,2024-05-27 13:05:00,1,0,0.47814837098121643
cnn,pso,1,583,2024-05-27 13:05:00,1,0,0.4797561764717102
cnn,pso,1,584,2024-05-27 13:10:00,1,0,0.4787513315677643
cnn,pso,1,585,2024-05-27 13:10:00,1,0,0.48684871196746826
cnn,pso,1,586,2024-05-27 13:15:00,1,1,0.5222605466842651
cnn,pso,1,587,2024-05-27 13:15:00,1,1,0.517392635345459
cnn,pso,1,588,2024-05-27 13:20:00,1,1,0.5078769326210022
cnn,pso,1,589,2024-05-27 13:20:00,1,1,0.5085461139678955
cnn,pso,1,590,2024-05-27 13:25:00,1,1,0.51936274766922
cnn,pso,1,591,2024-05-27 13:25:00,1,1,0.5253705978393555
cnn,pso,1,592,2024-05-27 13:30:00,1,1,0.5240615010261536
cnn,pso,1,593,2024-05-27 13:35:00,1,1,0.5259001851081848
cnn,pso,1,594,2024-05-27 13:40:00,1,1,0.5473887324333191
cnn,pso,1,595,2024-05-27 13:40:00,1,1,0.5378016829490662
cnn,pso,1,596,2024-05-27 13:45:00,1,1,0.5583874583244324
cnn,pso,1,597,2024-05-27 13:45:00,1,1,0.5442231893539429
cnn,pso,1,598,2024-05-27 13:50:00,1,1,0.5275982618331909
cnn,pso,1,599,2024-05-27 13:50:00,1,1,0.5274857878684998
cnn,pso,1,600,2024-05-27 13:55:00,1,1,0.5200816988945007
cnn,pso,1,601,2024-05-27 13:55:00,1,1,0.5281278491020203
cnn,pso,1,602,2024-05-27 14:00:00,1,1,0.5395737886428833
cnn,pso,1,603,2024-05-27 14:00:00,1,1,0.542034387588501
cnn,pso,1,604,2024-05-27 14:05:00,1,1,0.593856155872345
cnn,pso,1,605,2024-05-27 14:05:00,0,1,0.5683717727661133
cnn,pso,1,606,2024-05-27 14:10:00,0,1,0.5467180013656616
cnn,pso,1,607,2024-05-27 14:10:00,0,1,0.5972707867622375
cnn,pso,1,608,2024-05-27 14:15:00,0,1,0.5001171231269836
cnn,pso,1,609,2024-05-27 14:15:00,0,1,0.506820797920227
cnn,pso,1,610,2024-05-27 14:20:00,0,0,0.4507421851158142
cnn,pso,1,611,2024-05-27 14:20:00,0,0,0.454476922750473
cnn,pso,1,612,2024-05-27 14:25:00,0,0,0.41083845496177673
cnn,pso,1,613,2024-05-27 14:25:00,0,0,0.42562952637672424
cnn,pso,1,614,2024-05-27 14:30:00,0,0,0.4004735052585602
cnn,pso,1,615,2024-05-27 14:30:00,1,0,0.41517674922943115
cnn,pso,1,616,2024-05-27 14:35:00,0,0,0.27117279171943665
cnn,pso,1,617,2024-05-27 14:35:00,1,0,0.39281532168388367
cnn,pso,1,618,2024-05-27 14:40:00,1,0,0.4418368339538574
cnn,pso,1,619,2024-05-27 14:40:00,0,0,0.3792729675769806
cnn,pso,1,620,2024-05-27 14:45:00,0,0,0.4995412230491638
cnn,pso,1,621,2024-05-27 14:45:00,1,0,0.49739202857017517
cnn,pso,1,622,2024-05-27 14:50:00,0,0,0.48320356011390686
cnn,pso,1,623,2024-05-27 14:50:00,1,0,0.4789179563522339
cnn,pso,1,624,2024-05-27 14:55:00,0,0,0.47281521558761597
cnn,pso,1,625,2024-05-27 14:55:00,1,0,0.47797662019729614
cnn,pso,1,626,2024-05-27 15:00:00,1,0,0.4983160197734833
cnn,pso,1,627,2024-05-27 15:00:00,0,1,0.5102991461753845
cnn,pso,1,628,2024-05-27 15:05:00,0,0,0.49590054154396057
cnn,pso,1,629,2024-05-27 15:05:00,1,0,0.48856669664382935
cnn,pso,1,630,2024-05-27 15:10:00,1,0,0.466993510723114
cnn,pso,1,631,2024-05-27 15:10:00,1,0,0.48743435740470886
cnn,pso,1,632,2024-05-27 15:15:00,1,1,0.5015630125999451
cnn,pso,1,633,2024-05-27 15:15:00,1,1,0.5078490972518921
cnn,pso,1,634,2024-05-27 15:20:00,1,1,0.5311154723167419
cnn,pso,1,635,2024-05-27 15:20:00,1,1,0.5341895222663879
cnn,pso,1,636,2024-05-27 15:25:00,1,1,0.5635963678359985
cnn,pso,1,637,2024-05-27 15:25:00,1,1,0.6592957973480225
cnn,pso,1,638,2024-05-27 15:30:00,1,1,0.53926020860672
cnn,pso,1,639,2024-05-27 15:30:00,1,1,0.5683124661445618
cnn,pso,1,640,2024-05-27 15:35:00,1,1,0.514476478099823
cnn,pso,1,641,2024-05-27 15:35:00,1,1,0.5281926393508911
cnn,pso,1,642,2024-05-27 15:40:00,1,0,0.49957549571990967
cnn,pso,1,643,2024-05-27 15:40:00,1,0,0.4857863485813141
cnn,pso,1,644,2024-05-27 15:45:00,1,0,0.4741967022418976
cnn,pso,1,645,2024-05-27 15:45:00,1,0,0.45461368560791016
cnn,pso,1,646,2024-05-27 15:50:00,1,0,0.47064632177352905
cnn,pso,1,647,2024-05-27 15:50:00,1,0,0.3911735415458679
cnn,pso,1,648,2024-05-27 15:55:00,1,0,0.47433850169181824
cnn,pso,1,649,2024-05-27 15:55:00,1,0,0.4461934268474579
cnn,pso,1,650,2024-05-27 16:00:00,1,1,0.5345852971076965
cnn,pso,1,651,2024-05-27 16:00:00,1,1,0.5649045705795288
cnn,pso,1,652,2024-05-27 16:05:00,1,1,0.5684861540794373
cnn,pso,1,653,2024-05-27 16:05:00,1,1,0.5817518830299377
cnn,pso,1,654,2024-05-27 16:10:00,1,1,0.5430186986923218
cnn,pso,1,655,2024-05-27 16:10:00,1,1,0.576716423034668
cnn,pso,1,656,2024-05-27 16:15:00,1,1,0.5808320641517639
cnn,pso,1,657,2024-05-27 16:15:00,1,1,0.5449613332748413
cnn,pso,1,658,2024-05-27 16:20:00,1,1,0.5498603582382202
cnn,pso,1,659,2024-05-27 16:20:00,0,1,0.5945004224777222
cnn,pso,1,660,2024-05-27 16:25:00,1,1,0.5313805937767029
cnn,pso,1,661,2024-05-27 16:25:00,0,1,0.5449955463409424
cnn,pso,1,662,2024-05-27 16:30:00,0,1,0.5229036211967468
cnn,pso,1,663,2024-05-27 16:30:00,1,1,0.5342832207679749
cnn,pso,1,664,2024-05-27 16:35:00,0,1,0.5383000373840332
cnn,pso,1,665,2024-05-27 16:35:00,1,1,0.5295815467834473
cnn,pso,1,666,2024-05-27 16:40:00,0,0,0.49936577677726746
cnn,pso,1,667,2024-05-27 16:40:00,1,1,0.5060029625892639
cnn,pso,1,668,2024-05-27 16:45:00,1,1,0.5067258477210999
cnn,pso,1,669,2024-05-27 16:45:00,0,1,0.5280949473381042
cnn,pso,1,670,2024-05-27 16:50:00,1,1,0.5218772292137146
cnn,pso,1,671,2024-05-27 16:50:00,0,1,0.5422915816307068
cnn,pso,1,672,2024-05-27 16:55:00,0,1,0.5245838761329651
cnn,pso,1,673,2024-05-27 16:55:00,1,1,0.5242294669151306
cnn,pso,1,674,2024-05-27 17:00:00,0,1,0.5473063588142395
cnn,pso,1,675,2024-05-27 17:00:00,1,1,0.523283064365387
cnn,pso,1,676,2024-05-27 17:05:00,0,0,0.4904707670211792
cnn,pso,1,677,2024-05-27 17:05:00,1,1,0.5006542801856995
cnn,pso,1,678,2024-05-27 17:10:00,1,0,0.4733544588088989
cnn,pso,1,679,2024-05-27 17:10:00,0,0,0.41150936484336853
cnn,pso,1,680,2024-05-27 17:15:00,1,1,0.5026643872261047
cnn,pso,1,681,2024-05-27 17:15:00,1,0,0.47209346294403076
cnn,pso,1,682,2024-05-27 17:20:00,1,0,0.49130135774612427
cnn,pso,1,683,2024-05-27 17:20:00,1,0,0.49259153008461
cnn,pso,1,684,2024-05-27 17:25:00,1,1,0.514037549495697
cnn,pso,1,685,2024-05-27 17:25:00,1,0,0.4887319505214691
cnn,pso,1,686,2024-05-27 17:30:00,1,1,0.5172237753868103
cnn,pso,1,687,2024-05-27 17:30:00,1,1,0.5327788591384888
cnn,pso,1,688,2024-05-27 17:35:00,1,1,0.5160580277442932
cnn,pso,1,689,2024-05-27 17:35:00,1,1,0.5188897252082825
cnn,pso,1,690,2024-05-27 17:40:00,1,1,0.530855655670166
cnn,pso,1,691,2024-05-27 17:40:00,1,1,0.6002682447433472
cnn,pso,1,692,2024-05-27 17:45:00,1,1,0.5318461656570435
cnn,pso,1,693,2024-05-27 17:45:00,1,1,0.5399380922317505
cnn,pso,1,694,2024-05-27 17:50:00,1,1,0.5310439467430115
cnn,pso,1,695,2024-05-27 17:50:00,1,1,0.5269659757614136
cnn,pso,1,696,2024-05-27 17:55:00,1,0,0.4981236755847931
cnn,pso,1,697,2024-05-27 17:55:00,0,0,0.4938916862010956
cnn,pso,1,698,2024-05-28 10:40:00,0,0,0.27304747700691223
cnn,pso,1,699,2024-05-28 10:45:00,0,0,0.3047168552875519
cnn,pso,1,700,2024-05-28 10:50:00,0,0,0.31485339999198914
cnn,pso,1,701,2024-05-28 10:55:00,0,0,0.31799712777137756
cnn,pso,1,702,2024-05-28 11:00:00,0,0,0.33810752630233765
cnn,pso,1,703,2024-05-28 11:05:00,0,0,0.4091176986694336
cnn,pso,1,704,2024-05-28 11:10:00,0,0,0.401620090007782
cnn,pso,1,705,2024-05-28 11:15:00,0,0,0.4003283977508545
cnn,pso,1,706,2024-05-28 11:20:00,0,0,0.43946242332458496
cnn,pso,1,707,2024-05-28 11:25:00,0,0,0.4316587448120117
cnn,pso,1,708,2024-05-28 11:30:00,0,0,0.40761396288871765
cnn,pso,1,709,2024-05-28 11:35:00,1,0,0.37725263833999634
cnn,pso,1,710,2024-05-28 11:40:00,1,0,0.43893131613731384
cnn,pso,1,711,2024-05-28 11:45:00,1,0,0.4919721782207489
cnn,pso,1,712,2024-05-28 11:50:00,1,1,0.5059342384338379
cnn,pso,1,713,2024-05-28 11:55:00,1,0,0.4685018062591553
cnn,pso,1,714,2024-05-28 12:00:00,1,0,0.4483790099620819
cnn,pso,1,715,2024-05-28 12:05:00,1,0,0.4420131742954254
cnn,pso,1,716,2024-05-28 12:10:00,1,0,0.4910547733306885
cnn,pso,1,717,2024-05-28 12:15:00,1,1,0.5037120580673218
cnn,pso,1,718,2024-05-28 12:20:00,1,1,0.5532640218734741
cnn,pso,1,719,2024-05-28 12:25:00,1,1,0.5627853870391846
cnn,pso,1,720,2024-05-28 12:30:00,1,1,0.5419921278953552
cnn,pso,1,721,2024-05-28 12:35:00,1,1,0.5414421558380127
cnn,pso,1,722,2024-05-28 12:40:00,1,1,0.5362862944602966
cnn,pso,1,723,2024-05-28 12:45:00,1,1,0.5408618450164795
cnn,pso,1,724,2024-05-28 12:50:00,1,1,0.5461028218269348
cnn,pso,1,725,2024-05-28 12:55:00,1,1,0.5524622201919556
cnn,pso,1,726,2024-05-28 13:00:00,0,1,0.5693777203559875
cnn,pso,1,727,2024-05-28 13:00:00,0,1,0.556943416595459
cnn,pso,1,728,2024-05-28 13:05:00,0,1,0.5173797607421875
cnn,pso,1,729,2024-05-28 13:05:00,0,1,0.5222837924957275
cnn,pso,1,730,2024-05-28 13:10:00,0,0,0.4973106384277344
cnn,pso,1,731,2024-05-28 13:10:00,0,1,0.501952588558197
cnn,pso,1,732,2024-05-28 13:15:00,0,0,0.4300638437271118
cnn,pso,1,733,2024-05-28 13:15:00,0,0,0.43909159302711487
cnn,pso,1,734,2024-05-28 13:20:00,0,0,0.3835248351097107
cnn,pso,1,735,2024-05-28 13:20:00,0,0,0.36906272172927856
cnn,pso,1,736,2024-05-28 13:25:00,0,0,0.394762247800827
cnn,pso,1,737,2024-05-28 13:25:00,0,0,0.36200398206710815
cnn,pso,1,738,2024-05-28 13:30:00,0,0,0.4357929527759552
cnn,pso,1,739,2024-05-28 13:30:00,0,0,0.4066559672355652
cnn,pso,1,740,2024-05-28 13:35:00,0,0,0.4516095817089081
cnn,pso,1,741,2024-05-28 13:35:00,0,0,0.4363234341144562
cnn,pso,1,742,2024-05-28 13:40:00,0,0,0.4061221182346344
cnn,pso,1,743,2024-05-28 13:40:00,0,0,0.45271530747413635
cnn,pso,1,744,2024-05-28 13:45:00,0,0,0.4424980580806732
cnn,pso,1,745,2024-05-28 13:45:00,0,0,0.43560630083084106
cnn,pso,1,746,2024-05-28 13:50:00,0,0,0.3807900846004486
cnn,pso,1,747,2024-05-28 13:50:00,0,0,0.3821827173233032
cnn,pso,1,748,2024-05-28 13:55:00,0,0,0.29647570848464966
cnn,pso,1,749,2024-05-28 13:55:00,0,0,0.29576796293258667
cnn,pso,1,750,2024-05-28 14:00:00,0,0,0.2741393744945526
cnn,pso,1,751,2024-05-28 14:00:00,0,0,0.27597182989120483
cnn,pso,1,752,2024-05-28 14:05:00,0,0,0.3279516100883484
cnn,pso,1,753,2024-05-28 14:05:00,0,0,0.32658398151397705
cnn,pso,1,754,2024-05-28 14:10:00,0,0,0.3676695227622986
cnn,pso,1,755,2024-05-28 14:10:00,0,0,0.3608441948890686
cnn,pso,1,756,2024-05-28 14:15:00,0,0,0.4014795422554016
cnn,pso,1,757,2024-05-28 14:15:00,0,0,0.40585339069366455
cnn,pso,1,758,2024-05-28 14:20:00,0,0,0.4457550048828125
cnn,pso,1,759,2024-05-28 14:20:00,0,0,0.44575929641723633
cnn,pso,1,760,2024-05-28 14:25:00,0,0,0.4883819818496704
cnn,pso,1,761,2024-05-28 14:25:00,0,0,0.4842468500137329
cnn,pso,1,762,2024-05-28 14:30:00,0,0,0.4929894506931305
cnn,pso,1,763,2024-05-28 14:30:00,0,0,0.49227041006088257
cnn,pso,1,764,2024-05-28 14:35:00,0,0,0.48714444041252136
cnn,pso,1,765,2024-05-28 14:35:00,0,0,0.48205918073654175
cnn,pso,1,766,2024-05-28 14:40:00,0,0,0.4513016939163208
cnn,pso,1,767,2024-05-28 14:40:00,0,0,0.44998475909233093
cnn,pso,1,768,2024-05-28 14:45:00,0,0,0.3985613286495209
cnn,pso,1,769,2024-05-28 14:45:00,0,0,0.40105754137039185
cnn,pso,1,770,2024-05-28 14:50:00,0,0,0.35613152384757996
cnn,pso,1,771,2024-05-28 14:50:00,0,0,0.3589302599430084
cnn,pso,1,772,2024-05-28 14:55:00,0,0,0.3007051646709442
cnn,pso,1,773,2024-05-28 14:55:00,0,0,0.31021904945373535
cnn,pso,1,774,2024-05-28 15:00:00,0,0,0.34409603476524353
cnn,pso,1,775,2024-05-28 15:00:00,0,0,0.34684517979621887
cnn,pso,1,776,2024-05-28 15:05:00,0,0,0.41612952947616577
cnn,pso,1,777,2024-05-28 15:05:00,0,0,0.41755610704421997
cnn,pso,1,778,2024-05-28 15:10:00,0,0,0.43635594844818115
cnn,pso,1,779,2024-05-28 15:10:00,0,0,0.4305543303489685
cnn,pso,1,780,2024-05-28 15:15:00,0,0,0.3998952805995941
cnn,pso,1,781,2024-05-28 15:15:00,0,0,0.3987933099269867
cnn,pso,1,782,2024-05-28 15:20:00,0,0,0.3814992904663086
cnn,pso,1,783,2024-05-28 15:20:00,0,0,0.3844360411167145
cnn,pso,1,784,2024-05-28 15:25:00,0,0,0.3894128203392029
cnn,pso,1,785,2024-05-28 15:25:00,0,0,0.3954624533653259
cnn,pso,1,786,2024-05-28 15:30:00,0,0,0.3618624210357666
cnn,pso,1,787,2024-05-28 15:30:00,0,0,0.3566054403781891
cnn,pso,1,788,2024-05-28 15:35:00,0,0,0.3565353453159332
cnn,pso,1,789,2024-05-28 15:35:00,0,0,0.3547806441783905
cnn,pso,1,790,2024-05-28 15:40:00,0,0,0.33570975065231323
cnn,pso,1,791,2024-05-28 15:40:00,0,0,0.35140952467918396
cnn,pso,1,792,2024-05-28 15:45:00,0,0,0.3814510107040405
cnn,pso,1,793,2024-05-28 15:45:00,0,0,0.34731799364089966
cnn,pso,1,794,2024-05-28 15:50:00,0,0,0.4209764003753662
cnn,pso,1,795,2024-05-28 15:50:00,0,0,0.4120902419090271
cnn,pso,1,796,2024-05-28 15:55:00,0,0,0.4795338809490204
cnn,pso,1,797,2024-05-28 15:55:00,0,0,0.47090935707092285
cnn,pso,1,798,2024-05-28 16:00:00,0,0,0.4539717435836792
cnn,pso,1,799,2024-05-28 16:00:00,0,0,0.46629413962364197
cnn,pso,1,800,2024-05-28 16:05:00,0,0,0.45403778553009033
cnn,pso,1,801,2024-05-28 16:05:00,0,0,0.43632444739341736
cnn,pso,1,802,2024-05-28 16:10:00,1,0,0.4201856553554535
cnn,pso,1,803,2024-05-28 16:10:00,1,0,0.415035218000412
cnn,pso,1,804,2024-05-28 16:15:00,1,0,0.42784732580184937
cnn,pso,1,805,2024-05-28 16:15:00,1,0,0.4167872965335846
cnn,pso,1,806,2024-05-28 16:20:00,1,0,0.4572749435901642
cnn,pso,1,807,2024-05-28 16:20:00,1,0,0.44303765892982483
cnn,pso,1,808,2024-05-28 16:25:00,1,0,0.48446038365364075
cnn,pso,1,809,2024-05-28 16:25:00,1,0,0.47426432371139526
cnn,pso,1,810,2024-05-28 16:30:00,1,1,0.5051518678665161
cnn,pso,1,811,2024-05-28 16:30:00,1,1,0.5073023438453674
cnn,pso,1,812,2024-05-28 16:35:00,1,1,0.5345512628555298
cnn,pso,1,813,2024-05-28 16:35:00,1,1,0.5300644040107727
cnn,pso,1,814,2024-05-28 16:40:00,1,0,0.49530312418937683
cnn,pso,1,815,2024-05-28 16:40:00,1,1,0.5045209527015686
cnn,pso,1,816,2024-05-28 16:45:00,1,1,0.537624716758728
cnn,pso,1,817,2024-05-28 16:45:00,1,1,0.5298089981079102
cnn,pso,1,818,2024-05-28 16:50:00,1,1,0.5576334595680237
cnn,pso,1,819,2024-05-28 16:50:00,0,1,0.5798760652542114
cnn,pso,1,820,2024-05-28 16:55:00,0,1,0.5715416669845581
cnn,pso,1,821,2024-05-28 16:55:00,0,1,0.5640912055969238
cnn,pso,1,822,2024-05-28 17:00:00,0,1,0.5463118553161621
cnn,pso,1,823,2024-05-28 17:00:00,0,1,0.550772488117218
cnn,pso,1,824,2024-05-28 17:05:00,0,1,0.5105074048042297
cnn,pso,1,825,2024-05-28 17:05:00,0,1,0.5044854283332825
cnn,pso,1,826,2024-05-28 17:10:00,0,0,0.47221264243125916
cnn,pso,1,827,2024-05-28 17:10:00,0,0,0.46765759587287903
cnn,pso,1,828,2024-05-28 17:15:00,0,0,0.4899428188800812
cnn,pso,1,829,2024-05-28 17:15:00,0,0,0.4802256226539612
cnn,pso,1,830,2024-05-28 17:20:00,0,0,0.44922590255737305
cnn,pso,1,831,2024-05-28 17:20:00,0,0,0.47916316986083984
cnn,pso,1,832,2024-05-28 17:25:00,0,0,0.45763474702835083
cnn,pso,1,833,2024-05-28 17:25:00,0,0,0.44244012236595154
cnn,pso,1,834,2024-05-28 17:30:00,0,0,0.4447464346885681
cnn,pso,1,835,2024-05-28 17:30:00,0,0,0.40814271569252014
cnn,pso,1,836,2024-05-28 17:35:00,0,0,0.43195778131484985
cnn,pso,1,837,2024-05-28 17:35:00,0,0,0.426420122385025
cnn,pso,1,838,2024-05-28 17:40:00,0,0,0.3765864372253418
cnn,pso,1,839,2024-05-28 17:40:00,0,0,0.3233323097229004
cnn,pso,1,840,2024-05-28 17:45:00,0,0,0.4531073272228241
cnn,pso,1,841,2024-05-28 17:45:00,0,0,0.4422670900821686
cnn,pso,1,842,2024-05-28 17:50:00,0,0,0.44362813234329224
cnn,pso,1,843,2024-05-28 17:50:00,0,0,0.41804054379463196
cnn,pso,1,844,2024-05-28 17:55:00,1,0,0.4050427973270416
cnn,pso,1,845,2024-05-28 17:55:00,1,0,0.44103413820266724
cnn,pso,1,846,2024-05-29 10:40:00,1,0,0.4196174740791321
cnn,pso,1,847,2024-05-29 10:40:00,1,0,0.432567834854126
cnn,pso,1,848,2024-05-29 10:45:00,1,0,0.4873000383377075
cnn,pso,1,849,2024-05-29 10:45:00,1,0,0.49037742614746094
cnn,pso,1,850,2024-05-29 10:50:00,1,1,0.5113435387611389
cnn,pso,1,851,2024-05-29 10:50:00,1,1,0.5110977292060852
cnn,pso,1,852,2024-05-29 10:55:00,1,1,0.5577773451805115
cnn,pso,1,853,2024-05-29 10:55:00,1,1,0.557043194770813
cnn,pso,1,854,2024-05-29 11:00:00,1,1,0.5804997682571411
cnn,pso,1,855,2024-05-29 11:00:00,1,1,0.5844873785972595
cnn,pso,1,856,2024-05-29 11:05:00,1,1,0.6103945970535278
cnn,pso,1,857,2024-05-29 11:05:00,1,1,0.6054372787475586
cnn,pso,1,858,2024-05-29 11:10:00,1,1,0.5997087359428406
cnn,pso,1,859,2024-05-29 11:10:00,1,1,0.5888630747795105
cnn,pso,1,860,2024-05-29 11:15:00,1,1,0.5679841041564941
cnn,pso,1,861,2024-05-29 11:15:00,1,1,0.5611913204193115
cnn,pso,1,862,2024-05-29 11:20:00,1,1,0.5372058749198914
cnn,pso,1,863,2024-05-29 11:20:00,1,1,0.533527672290802
cnn,pso,1,864,2024-05-29 11:25:00,1,1,0.5583621263504028
cnn,pso,1,865,2024-05-29 11:25:00,1,1,0.5716304183006287
cnn,pso,1,866,2024-05-29 11:30:00,1,1,0.5338461399078369
cnn,pso,1,867,2024-05-29 11:30:00,1,1,0.5412364602088928
cnn,pso,1,868,2024-05-29 11:35:00,1,1,0.5611584782600403
cnn,pso,1,869,2024-05-29 11:35:00,1,1,0.5522319078445435
cnn,pso,1,870,2024-05-29 11:40:00,1,1,0.5440417528152466
cnn,pso,1,871,2024-05-29 11:40:00,1,1,0.5471985340118408
cnn,pso,1,872,2024-05-29 11:45:00,0,1,0.5736297965049744
cnn,pso,1,873,2024-05-29 11:45:00,0,1,0.5694758892059326
cnn,pso,1,874,2024-05-29 11:50:00,0,1,0.5710384249687195
cnn,pso,1,875,2024-05-29 11:50:00,0,1,0.573850691318512
cnn,pso,1,876,2024-05-29 11:55:00,0,1,0.5484300255775452
cnn,pso,1,877,2024-05-29 11:55:00,0,1,0.5448517799377441
cnn,pso,1,878,2024-05-29 12:00:00,0,1,0.5661796927452087
cnn,pso,1,879,2024-05-29 12:00:00,0,1,0.5506225824356079
cnn,pso,1,880,2024-05-29 12:05:00,0,1,0.5343531966209412
cnn,pso,1,881,2024-05-29 12:05:00,0,1,0.5252543687820435
cnn,pso,1,882,2024-05-29 12:10:00,0,0,0.44449418783187866
cnn,pso,1,883,2024-05-29 12:10:00,0,0,0.45273855328559875
cnn,pso,1,884,2024-05-29 12:15:00,0,0,0.40913254022598267
cnn,pso,1,885,2024-05-29 12:15:00,1,0,0.4181913733482361
cnn,pso,1,886,2024-05-29 12:20:00,0,0,0.4454924166202545
cnn,pso,1,887,2024-05-29 12:20:00,1,0,0.4473783075809479
cnn,pso,1,888,2024-05-29 12:25:00,0,0,0.45376116037368774
cnn,pso,1,889,2024-05-29 12:25:00,1,0,0.45923104882240295
cnn,pso,1,890,2024-05-29 12:30:00,0,0,0.44340288639068604
cnn,pso,1,891,2024-05-29 12:30:00,1,0,0.4310232102870941
cnn,pso,1,892,2024-05-29 12:35:00,1,1,0.5020657181739807
cnn,pso,1,893,2024-05-29 12:35:00,0,0,0.49859845638275146
cnn,pso,1,894,2024-05-29 12:40:00,1,1,0.5349552631378174
cnn,pso,1,895,2024-05-29 12:40:00,0,1,0.5371475219726562
cnn,pso,1,896,2024-05-29 12:45:00,0,1,0.5710530877113342
cnn,pso,1,897,2024-05-29 12:45:00,1,1,0.5826737284660339
cnn,pso,1,898,2024-05-29 12:50:00,1,1,0.5675618052482605
cnn,pso,1,899,2024-05-29 12:50:00,0,1,0.576027512550354
cnn,pso,1,900,2024-05-29 12:55:00,1,1,0.5487663149833679
cnn,pso,1,901,2024-05-29 12:55:00,0,1,0.5528567433357239
cnn,pso,1,902,2024-05-29 13:00:00,0,1,0.5241314768791199
cnn,pso,1,903,2024-05-29 13:00:00,1,1,0.5127036571502686
cnn,pso,1,904,2024-05-29 13:05:00,1,0,0.4865652620792389
cnn,pso,1,905,2024-05-29 13:05:00,0,1,0.5016917586326599
cnn,pso,1,906,2024-05-29 13:10:00,0,0,0.48129382729530334
cnn,pso,1,907,2024-05-29 13:10:00,1,0,0.46862128376960754
cnn,pso,1,908,2024-05-29 13:15:00,1,0,0.49522772431373596
cnn,pso,1,909,2024-05-29 13:15:00,0,0,0.49481135606765747
cnn,pso,1,910,2024-05-29 13:20:00,1,1,0.5031835436820984
cnn,pso,1,911,2024-05-29 13:20:00,0,0,0.4924740493297577
cnn,pso,1,912,2024-05-29 13:25:00,1,1,0.5192147493362427
cnn,pso,1,913,2024-05-29 13:25:00,0,0,0.49880266189575195
cnn,pso,1,914,2024-05-29 13:30:00,1,1,0.5261490345001221
cnn,pso,1,915,2024-05-29 13:30:00,0,1,0.522180438041687
cnn,pso,1,916,2024-05-29 13:35:00,0,1,0.5412285923957825
cnn,pso,1,917,2024-05-29 13:35:00,0,1,0.5753595232963562
cnn,pso,1,918,2024-05-29 13:40:00,0,0,0.49301934242248535
cnn,pso,1,919,2024-05-29 13:40:00,0,0,0.4990742802619934
cnn,pso,1,920,2024-05-29 13:45:00,0,0,0.4580940902233124
cnn,pso,1,921,2024-05-29 13:45:00,0,0,0.4869251251220703
cnn,pso,1,922,2024-05-29 13:50:00,0,1,0.5017815232276917
cnn,pso,1,923,2024-05-29 13:50:00,0,1,0.5061344504356384
cnn,pso,1,924,2024-05-29 13:55:00,0,0,0.4920838177204132
cnn,pso,1,925,2024-05-29 13:55:00,0,0,0.49299630522727966
cnn,pso,1,926,2024-05-29 14:00:00,0,0,0.4617067575454712
cnn,pso,1,927,2024-05-29 14:00:00,0,0,0.46347692608833313
cnn,pso,1,928,2024-05-29 14:05:00,0,0,0.4448908865451813
cnn,pso,1,929,2024-05-29 14:05:00,0,0,0.4349839985370636
cnn,pso,1,930,2024-05-29 14:10:00,0,0,0.43366310000419617
cnn,pso,1,931,2024-05-29 14:10:00,0,0,0.4261322617530823
cnn,pso,1,932,2024-05-29 14:15:00,0,0,0.4143219292163849
cnn,pso,1,933,2024-05-29 14:15:00,0,0,0.3986373543739319
cnn,pso,1,934,2024-05-29 14:20:00,0,0,0.37378206849098206
cnn,pso,1,935,2024-05-29 14:20:00,0,0,0.35066723823547363
cnn,pso,1,936,2024-05-29 14:25:00,0,0,0.37795794010162354
cnn,pso,1,937,2024-05-29 14:25:00,0,0,0.380294531583786
cnn,pso,1,938,2024-05-29 14:30:00,0,0,0.33583641052246094
cnn,pso,1,939,2024-05-29 14:30:00,0,0,0.33204424381256104
cnn,pso,1,940,2024-05-29 14:35:00,0,0,0.36052972078323364
cnn,pso,1,941,2024-05-29 14:35:00,0,0,0.35503414273262024
cnn,pso,1,942,2024-05-29 14:40:00,0,0,0.3613758683204651
cnn,pso,1,943,2024-05-29 14:40:00,0,0,0.35944947600364685
cnn,pso,1,944,2024-05-29 14:45:00,1,0,0.36063772439956665
cnn,pso,1,945,2024-05-29 14:45:00,1,0,0.370788037776947
cnn,pso,1,946,2024-05-29 14:50:00,1,0,0.4345381259918213
cnn,pso,1,947,2024-05-29 14:50:00,1,0,0.42816317081451416
cnn,pso,1,948,2024-05-29 14:55:00,1,0,0.4837002158164978
cnn,pso,1,949,2024-05-29 14:55:00,1,0,0.47855839133262634
cnn,pso,1,950,2024-05-29 15:00:00,1,1,0.5373701453208923
cnn,pso,1,951,2024-05-29 15:00:00,1,1,0.5319353938102722
cnn,pso,1,952,2024-05-29 15:05:00,1,1,0.5773007869720459
cnn,pso,1,953,2024-05-29 15:05:00,1,1,0.5732207298278809
cnn,pso,1,954,2024-05-29 15:10:00,1,1,0.5952025651931763
cnn,pso,1,955,2024-05-29 15:10:00,1,1,0.585758626461029
cnn,pso,1,956,2024-05-29 15:15:00,1,1,0.5531630516052246
cnn,pso,1,957,2024-05-29 15:15:00,1,1,0.5592167973518372
cnn,pso,1,958,2024-05-29 15:20:00,1,1,0.5685931444168091
cnn,pso,1,959,2024-05-29 15:20:00,1,1,0.5663090348243713
cnn,pso,1,960,2024-05-29 15:25:00,1,1,0.5930323004722595
cnn,pso,1,961,2024-05-29 15:25:00,1,1,0.5746608972549438
cnn,pso,1,962,2024-05-29 15:30:00,1,1,0.5500812530517578
cnn,pso,1,963,2024-05-29 15:30:00,1,1,0.5487945079803467
cnn,pso,1,964,2024-05-29 15:35:00,1,1,0.5054713487625122
cnn,pso,1,965,2024-05-29 15:35:00,1,0,0.4918413460254669
cnn,pso,1,966,2024-05-29 15:40:00,1,1,0.5034584999084473
cnn,pso,1,967,2024-05-29 15:40:00,1,0,0.4897406995296478
cnn,pso,1,968,2024-05-29 15:45:00,1,0,0.4627171754837036
cnn,pso,1,969,2024-05-29 15:45:00,1,0,0.4536142349243164
cnn,pso,1,970,2024-05-29 15:50:00,1,0,0.4746258854866028
cnn,pso,1,971,2024-05-29 15:50:00,1,0,0.4751717448234558
cnn,pso,1,972,2024-05-29 15:55:00,1,1,0.5044220089912415
cnn,pso,1,973,2024-05-29 15:55:00,1,0,0.4899104833602905
cnn,pso,1,974,2024-05-29 16:00:00,1,1,0.5113946795463562
cnn,pso,1,975,2024-05-29 16:00:00,1,1,0.5166397094726562
cnn,pso,1,976,2024-05-29 16:05:00,1,1,0.5125086307525635
cnn,pso,1,977,2024-05-29 16:05:00,1,1,0.5165787935256958
cnn,pso,1,978,2024-05-29 16:10:00,1,1,0.5243467688560486
cnn,pso,1,979,2024-05-29 16:10:00,1,1,0.5237938165664673
cnn,pso,1,980,2024-05-29 16:15:00,1,1,0.5556030869483948
cnn,pso,1,981,2024-05-29 16:15:00,1,1,0.5446826815605164
cnn,pso,1,982,2024-05-29 16:20:00,0,1,0.590074360370636
cnn,pso,1,983,2024-05-29 16:20:00,0,1,0.586024284362793
cnn,pso,1,984,2024-05-29 16:25:00,0,1,0.5906244516372681
cnn,pso,1,985,2024-05-29 16:25:00,0,1,0.5920132994651794
cnn,pso,1,986,2024-05-29 16:30:00,0,1,0.5686473250389099
cnn,pso,1,987,2024-05-29 16:30:00,0,1,0.5784960985183716
cnn,pso,1,988,2024-05-29 16:35:00,0,1,0.5650902986526489
cnn,pso,1,989,2024-05-29 16:35:00,0,1,0.5799496173858643
cnn,pso,1,990,2024-05-29 16:40:00,0,1,0.5030733346939087
cnn,pso,1,991,2024-05-29 16:40:00,0,0,0.4988052248954773
cnn,pso,1,992,2024-05-29 16:45:00,0,0,0.452230840921402
cnn,pso,1,993,2024-05-29 16:45:00,0,0,0.4286773204803467
cnn,pso,1,994,2024-05-29 16:50:00,0,0,0.4150615930557251
cnn,pso,1,995,2024-05-29 16:50:00,0,0,0.4228181838989258
cnn,pso,1,996,2024-05-29 16:55:00,0,0,0.416126012802124
cnn,pso,1,997,2024-05-29 16:55:00,0,0,0.40344905853271484
cnn,pso,1,998,2024-05-29 17:00:00,0,0,0.36678144335746765
cnn,pso,1,999,2024-05-29 17:00:00,0,0,0.3951084017753601
cnn,pso,1,1000,2024-05-29 17:05:00,0,0,0.36217445135116577
cnn,pso,1,1001,2024-05-29 17:05:00,0,0,0.35398751497268677
cnn,pso,1,1002,2024-05-29 17:10:00,0,0,0.36000779271125793
cnn,pso,1,1003,2024-05-29 17:10:00,0,0,0.3727920353412628
cnn,pso,1,1004,2024-05-29 17:15:00,0,0,0.46196526288986206
cnn,pso,1,1005,2024-05-29 17:15:00,0,0,0.46675023436546326
cnn,pso,1,1006,2024-05-29 17:20:00,0,0,0.49035128951072693
cnn,pso,1,1007,2024-05-29 17:20:00,0,0,0.477011114358902
cnn,pso,1,1008,2024-05-29 17:25:00,0,0,0.4779382646083832
cnn,pso,1,1009,2024-05-29 17:25:00,0,0,0.4547484517097473
cnn,pso,1,1010,2024-05-29 17:30:00,0,0,0.4426439702510834
cnn,pso,1,1011,2024-05-29 17:30:00,0,0,0.4651665985584259
cnn,pso,1,1012,2024-05-29 17:35:00,0,0,0.48808810114860535
cnn,pso,1,1013,2024-05-29 17:35:00,0,0,0.4916995167732239
cnn,pso,1,1014,2024-05-29 17:40:00,0,0,0.49070215225219727
cnn,pso,1,1015,2024-05-29 17:40:00,0,0,0.490692138671875
cnn,pso,1,1016,2024-05-29 17:45:00,0,1,0.5065392851829529
cnn,pso,1,1017,2024-05-29 17:45:00,0,1,0.5121504068374634
cnn,pso,1,1018,2024-05-29 17:50:00,0,0,0.49566513299942017
cnn,pso,1,1019,2024-05-29 17:50:00,0,1,0.5172814130783081
cnn,pso,1,1020,2024-05-29 17:55:00,0,1,0.5013229250907898
cnn,pso,1,1021,2024-05-29 17:55:00,0,1,0.5086168646812439
cnn,pso,1,1022,2024-05-31 12:35:00,1,0,0.44830334186553955
cnn,pso,1,1023,2024-05-31 12:40:00,1,0,0.4367921054363251
cnn,pso,1,1024,2024-05-31 12:45:00,1,1,0.5081659555435181
cnn,pso,1,1025,2024-05-31 12:50:00,1,1,0.5323612689971924
cnn,pso,1,1026,2024-05-31 12:55:00,1,0,0.4957020878791809
cnn,pso,1,1027,2024-05-31 13:00:00,1,0,0.47711917757987976
cnn,pso,1,1028,2024-05-31 13:05:00,1,0,0.4914581775665283
cnn,pso,1,1029,2024-05-31 13:10:00,1,0,0.48973920941352844
cnn,pso,1,1030,2024-05-31 13:15:00,1,0,0.46383941173553467
cnn,pso,1,1031,2024-05-31 13:20:00,1,0,0.44874751567840576
cnn,pso,1,1032,2024-05-31 13:25:00,1,0,0.43302783370018005
cnn,pso,1,1033,2024-05-31 13:25:00,1,0,0.43939483165740967
cnn,pso,1,1034,2024-05-31 13:30:00,1,0,0.46649014949798584
cnn,pso,1,1035,2024-05-31 13:30:00,1,0,0.4690595269203186
cnn,pso,1,1036,2024-05-31 13:35:00,1,1,0.5054659247398376
cnn,pso,1,1037,2024-05-31 13:35:00,1,1,0.5116990804672241
cnn,pso,1,1038,2024-05-31 13:40:00,1,1,0.513118326663971
cnn,pso,1,1039,2024-05-31 13:40:00,1,1,0.5144686102867126
cnn,pso,1,1040,2024-05-31 13:45:00,1,1,0.5289726257324219
cnn,pso,1,1041,2024-05-31 13:45:00,1,1,0.5333467125892639
cnn,pso,1,1042,2024-05-31 13:50:00,1,1,0.5455505847930908
cnn,pso,1,1043,2024-05-31 13:50:00,1,1,0.5457943677902222
cnn,pso,1,1044,2024-05-31 13:55:00,1,1,0.5625430345535278
cnn,pso,1,1045,2024-05-31 13:55:00,1,1,0.5530045032501221
cnn,pso,1,1046,2024-05-31 14:00:00,1,1,0.5432989597320557
cnn,pso,1,1047,2024-05-31 14:00:00,1,1,0.5457044243812561
cnn,pso,1,1048,2024-05-31 14:05:00,1,1,0.5829752683639526
cnn,pso,1,1049,2024-05-31 14:05:00,1,1,0.5547513961791992
cnn,pso,1,1050,2024-05-31 14:10:00,1,1,0.5818492770195007
cnn,pso,1,1051,2024-05-31 14:10:00,1,1,0.5696682333946228
cnn,pso,1,1052,2024-05-31 14:15:00,1,1,0.5165587663650513
cnn,pso,1,1053,2024-05-31 14:15:00,1,1,0.5349611639976501
cnn,pso,1,1054,2024-05-31 14:20:00,1,1,0.5143463015556335
cnn,pso,1,1055,2024-05-31 14:20:00,1,1,0.5208445191383362
cnn,pso,1,1056,2024-05-31 14:25:00,1,1,0.5171744227409363
cnn,pso,1,1057,2024-05-31 14:25:00,1,1,0.5218612551689148
cnn,pso,1,1058,2024-05-31 14:30:00,1,1,0.54033362865448
cnn,pso,1,1059,2024-05-31 14:30:00,1,1,0.5293659567832947
cnn,pso,1,1060,2024-05-31 14:35:00,1,1,0.5475015640258789
cnn,pso,1,1061,2024-05-31 14:35:00,1,1,0.5421238541603088
cnn,pso,1,1062,2024-05-31 14:40:00,1,1,0.5519822239875793
cnn,pso,1,1063,2024-05-31 14:40:00,1,1,0.5361663699150085
cnn,pso,1,1064,2024-05-31 14:45:00,1,1,0.5544061660766602
cnn,pso,1,1065,2024-05-31 14:45:00,1,1,0.5338524580001831
cnn,pso,1,1066,2024-05-31 14:50:00,1,1,0.5030863285064697
cnn,pso,1,1067,2024-05-31 14:50:00,1,1,0.5138500332832336
cnn,pso,1,1068,2024-05-31 14:55:00,1,1,0.502202570438385
cnn,pso,1,1069,2024-05-31 14:55:00,1,1,0.5022646188735962
cnn,pso,1,1070,2024-05-31 15:00:00,1,0,0.487504780292511
cnn,pso,1,1071,2024-05-31 15:00:00,1,0,0.49916157126426697
cnn,pso,1,1072,2024-05-31 15:05:00,0,1,0.5309456586837769
cnn,pso,1,1073,2024-05-31 15:05:00,0,1,0.5302846431732178
cnn,pso,1,1074,2024-05-31 15:10:00,0,1,0.5257792472839355
cnn,pso,1,1075,2024-05-31 15:10:00,0,1,0.5322746634483337
cnn,pso,1,1076,2024-05-31 15:15:00,0,1,0.5212838649749756
cnn,pso,1,1077,2024-05-31 15:15:00,0,1,0.5409389734268188
cnn,pso,1,1078,2024-05-31 15:20:00,0,1,0.5020720362663269
cnn,pso,1,1079,2024-05-31 15:20:00,0,0,0.4997853934764862
cnn,pso,1,1080,2024-05-31 15:25:00,0,1,0.5117868781089783
cnn,pso,1,1081,2024-05-31 15:25:00,0,1,0.5173110365867615
cnn,pso,1,1082,2024-05-31 15:30:00,0,0,0.46567702293395996
cnn,pso,1,1083,2024-05-31 15:30:00,0,1,0.5077678561210632
cnn,pso,1,1084,2024-05-31 15:35:00,0,0,0.4936118721961975
cnn,pso,1,1085,2024-05-31 15:35:00,0,0,0.48925238847732544
cnn,pso,1,1086,2024-05-31 15:40:00,0,0,0.4584667384624481
cnn,pso,1,1087,2024-05-31 15:40:00,0,0,0.4595291018486023
cnn,pso,1,1088,2024-05-31 15:45:00,0,0,0.4573291838169098
cnn,pso,1,1089,2024-05-31 15:45:00,0,0,0.4448814392089844
cnn,pso,1,1090,2024-05-31 15:50:00,0,0,0.45590269565582275
cnn,pso,1,1091,2024-05-31 15:50:00,0,0,0.45267465710639954
cnn,pso,1,1092,2024-05-31 15:55:00,0,0,0.4279516935348511
cnn,pso,1,1093,2024-05-31 15:55:00,0,0,0.44610896706581116
cnn,pso,1,1094,2024-05-31 16:00:00,1,0,0.4188503623008728
cnn,pso,1,1095,2024-05-31 16:00:00,1,0,0.4143359363079071
cnn,pso,1,1096,2024-05-31 16:05:00,1,0,0.4273422956466675
cnn,pso,1,1097,2024-05-31 16:05:00,1,0,0.42464739084243774
cnn,pso,1,1098,2024-05-31 16:10:00,1,0,0.48408666253089905
cnn,pso,1,1099,2024-05-31 16:10:00,1,0,0.4872702658176422
cnn,pso,1,1100,2024-05-31 16:15:00,1,1,0.5127485990524292
cnn,pso,1,1101,2024-05-31 16:15:00,1,1,0.5105982422828674
cnn,pso,1,1102,2024-05-31 16:20:00,1,1,0.5174285769462585
cnn,pso,1,1103,2024-05-31 16:20:00,1,0,0.49782711267471313
cnn,pso,1,1104,2024-05-31 16:25:00,1,1,0.5126043558120728
cnn,pso,1,1105,2024-05-31 16:25:00,1,1,0.5061591267585754
cnn,pso,1,1106,2024-05-31 16:30:00,1,0,0.4802244007587433
cnn,pso,1,1107,2024-05-31 16:30:00,1,0,0.49384766817092896
cnn,pso,1,1108,2024-05-31 16:35:00,1,1,0.5027241706848145
cnn,pso,1,1109,2024-05-31 16:35:00,1,1,0.5127527117729187
cnn,pso,1,1110,2024-05-31 16:40:00,1,1,0.5542973279953003
cnn,pso,1,1111,2024-05-31 16:40:00,1,1,0.5476110577583313
cnn,pso,1,1112,2024-05-31 16:45:00,1,1,0.5427559018135071
cnn,pso,1,1113,2024-05-31 16:45:00,1,1,0.5649188160896301
cnn,pso,1,1114,2024-05-31 16:50:00,1,1,0.5775741338729858
cnn,pso,1,1115,2024-05-31 16:50:00,1,1,0.5800547003746033
cnn,pso,1,1116,2024-05-31 16:55:00,0,1,0.6000210046768188
cnn,pso,1,1117,2024-05-31 16:55:00,0,1,0.5966221690177917
cnn,pso,1,1118,2024-05-31 17:00:00,0,1,0.5509143471717834
cnn,pso,1,1119,2024-05-31 17:00:00,0,1,0.5513389110565186
cnn,pso,1,1120,2024-05-31 17:05:00,0,1,0.5041283369064331
cnn,pso,1,1121,2024-05-31 17:05:00,0,1,0.5139554142951965
cnn,pso,1,1122,2024-05-31 17:10:00,0,1,0.5006375312805176
cnn,pso,1,1123,2024-05-31 17:10:00,0,0,0.4973704218864441
cnn,pso,1,1124,2024-05-31 17:15:00,0,1,0.5304692387580872
cnn,pso,1,1125,2024-05-31 17:15:00,0,1,0.5225767493247986
cnn,pso,1,1126,2024-05-31 17:20:00,0,1,0.5106624960899353
cnn,pso,1,1127,2024-05-31 17:20:00,0,1,0.5132185816764832
cnn,pso,1,1128,2024-05-31 17:25:00,0,0,0.4952796697616577
cnn,pso,1,1129,2024-05-31 17:25:00,0,0,0.49553409218788147
cnn,pso,1,1130,2024-05-31 17:30:00,0,1,0.505668580532074
cnn,pso,1,1131,2024-05-31 17:30:00,0,1,0.5231345295906067
cnn,pso,1,1132,2024-05-31 17:35:00,0,1,0.5033355951309204
cnn,pso,1,1133,2024-05-31 17:35:00,0,1,0.5184811949729919
cnn,pso,1,1134,2024-05-31 17:40:00,0,1,0.5136082172393799
cnn,pso,1,1135,2024-05-31 17:40:00,0,1,0.546398937702179
cnn,pso,1,1136,2024-05-31 17:45:00,0,1,0.5028150081634521
cnn,pso,1,1137,2024-05-31 17:45:00,0,0,0.4963604509830475
cnn,pso,1,1138,2024-05-31 17:50:00,0,1,0.5174511075019836
cnn,pso,1,1139,2024-05-31 17:50:00,0,1,0.5259327292442322
cnn,pso,1,1140,2024-05-31 17:55:00,0,1,0.5200793147087097
cnn,pso,1,1141,2024-05-31 17:55:00,0,1,0.5463747978210449
cnn,pso,1,1142,2024-06-03 10:50:00,1,0,0.3268895745277405
cnn,pso,1,1143,2024-06-03 10:50:00,1,0,0.32500654458999634
cnn,pso,1,1144,2024-06-03 10:55:00,1,0,0.38656169176101685
cnn,pso,1,1145,2024-06-03 10:55:00,1,0,0.3705286383628845
cnn,pso,1,1146,2024-06-03 11:00:00,1,0,0.40068843960762024
cnn,pso,1,1147,2024-06-03 11:00:00,1,0,0.39695456624031067
cnn,pso,1,1148,2024-06-03 11:05:00,1,0,0.42676660418510437
cnn,pso,1,1149,2024-06-03 11:05:00,1,0,0.42729392647743225
cnn,pso,1,1150,2024-06-03 11:10:00,1,0,0.47775670886039734
cnn,pso,1,1151,2024-06-03 11:10:00,1,0,0.47245991230010986
cnn,pso,1,1152,2024-06-03 11:15:00,1,1,0.5773019194602966
cnn,pso,1,1153,2024-06-03 11:15:00,1,1,0.579859733581543
cnn,pso,1,1154,2024-06-03 11:20:00,1,1,0.5898974537849426
cnn,pso,1,1155,2024-06-03 11:20:00,1,1,0.5947372913360596
cnn,pso,1,1156,2024-06-03 11:25:00,1,1,0.6402768492698669
cnn,pso,1,1157,2024-06-03 11:25:00,1,1,0.6342151761054993
cnn,pso,1,1158,2024-06-03 11:30:00,1,1,0.6904460787773132
cnn,pso,1,1159,2024-06-03 11:30:00,1,1,0.7092686891555786
cnn,pso,1,1160,2024-06-03 11:35:00,1,1,0.6625861525535583
cnn,pso,1,1161,2024-06-03 11:35:00,1,1,0.6512465476989746
cnn,pso,1,1162,2024-06-03 11:40:00,0,1,0.6508687734603882
cnn,pso,1,1163,2024-06-03 11:40:00,0,1,0.6596382856369019
cnn,pso,1,1164,2024-06-03 11:45:00,0,1,0.6131510734558105
cnn,pso,1,1165,2024-06-03 11:45:00,0,1,0.6155458688735962
cnn,pso,1,1166,2024-06-03 11:50:00,0,1,0.5582232475280762
cnn,pso,1,1167,2024-06-03 11:50:00,0,1,0.5644884705543518
cnn,pso,1,1168,2024-06-03 11:55:00,0,1,0.5277104377746582
cnn,pso,1,1169,2024-06-03 11:55:00,0,1,0.5389850735664368
cnn,pso,1,1170,2024-06-03 12:00:00,0,1,0.540905237197876
cnn,pso,1,1171,2024-06-03 12:00:00,0,1,0.5373609066009521
cnn,pso,1,1172,2024-06-03 12:05:00,0,1,0.5295678973197937
cnn,pso,1,1173,2024-06-03 12:05:00,0,1,0.54456627368927
cnn,pso,1,1174,2024-06-03 12:10:00,0,1,0.518142819404602
cnn,pso,1,1175,2024-06-03 12:10:00,0,1,0.5189014077186584
cnn,pso,1,1176,2024-06-03 12:15:00,0,1,0.5424638390541077
cnn,pso,1,1177,2024-06-03 12:15:00,0,1,0.5490249395370483
cnn,pso,1,1178,2024-06-03 12:20:00,0,1,0.5394901633262634
cnn,pso,1,1179,2024-06-03 12:20:00,0,1,0.5476399064064026
cnn,pso,1,1180,2024-06-03 12:25:00,0,0,0.4508500397205353
cnn,pso,1,1181,2024-06-03 12:25:00,0,0,0.44018420577049255
cnn,pso,1,1182,2024-06-03 12:30:00,0,0,0.36938098073005676
cnn,pso,1,1183,2024-06-03 12:30:00,0,0,0.37320154905319214
cnn,pso,1,1184,2024-06-03 12:35:00,0,0,0.3713826835155487
cnn,pso,1,1185,2024-06-03 12:35:00,0,0,0.37596383690834045
cnn,pso,1,1186,2024-06-03 12:40:00,0,0,0.39908555150032043
cnn,pso,1,1187,2024-06-03 12:40:00,0,0,0.38957780599594116
cnn,pso,1,1188,2024-06-03 12:45:00,0,0,0.36421382427215576
cnn,pso,1,1189,2024-06-03 12:45:00,0,0,0.3969358503818512
cnn,pso,1,1190,2024-06-03 12:50:00,0,0,0.41468334197998047
cnn,pso,1,1191,2024-06-03 12:50:00,0,0,0.4247452914714813
cnn,pso,1,1192,2024-06-03 12:55:00,0,0,0.4004945456981659
cnn,pso,1,1193,2024-06-03 12:55:00,0,0,0.4263532757759094
cnn,pso,1,1194,2024-06-03 13:00:00,0,0,0.422749400138855
cnn,pso,1,1195,2024-06-03 13:00:00,0,0,0.4603431820869446
cnn,pso,1,1196,2024-06-03 13:05:00,0,0,0.4451640844345093
cnn,pso,1,1197,2024-06-03 13:05:00,0,0,0.4173077940940857
cnn,pso,1,1198,2024-06-03 13:10:00,0,0,0.39053136110305786
cnn,pso,1,1199,2024-06-03 13:10:00,0,0,0.388191819190979
cnn,pso,1,1200,2024-06-03 13:15:00,0,0,0.32438087463378906
cnn,pso,1,1201,2024-06-03 13:15:00,0,0,0.31043675541877747
cnn,pso,1,1202,2024-06-03 13:20:00,0,0,0.338271826505661
cnn,pso,1,1203,2024-06-03 13:20:00,0,0,0.338135302066803
cnn,pso,1,1204,2024-06-03 13:25:00,0,0,0.3748279809951782
cnn,pso,1,1205,2024-06-03 13:25:00,0,0,0.3664509057998657
cnn,pso,1,1206,2024-06-03 13:30:00,0,0,0.3606448471546173
cnn,pso,1,1207,2024-06-03 13:30:00,0,0,0.38875555992126465
cnn,pso,1,1208,2024-06-03 13:35:00,0,0,0.42272093892097473
cnn,pso,1,1209,2024-06-03 13:35:00,0,0,0.42106807231903076
cnn,pso,1,1210,2024-06-03 13:40:00,0,0,0.42398321628570557
cnn,pso,1,1211,2024-06-03 13:40:00,0,0,0.4302917420864105
cnn,pso,1,1212,2024-06-03 13:45:00,0,0,0.47182929515838623
cnn,pso,1,1213,2024-06-03 13:45:00,0,0,0.46660178899765015
cnn,pso,1,1214,2024-06-03 13:50:00,0,0,0.4654802680015564
cnn,pso,1,1215,2024-06-03 13:50:00,0,0,0.4646958112716675
cnn,pso,1,1216,2024-06-03 13:55:00,0,0,0.4632439613342285
cnn,pso,1,1217,2024-06-03 13:55:00,0,0,0.4695931375026703
cnn,pso,1,1218,2024-06-03 14:00:00,1,0,0.4613450765609741
cnn,pso,1,1219,2024-06-03 14:00:00,1,0,0.4437589645385742
cnn,pso,1,1220,2024-06-03 14:05:00,1,1,0.5005274415016174
cnn,pso,1,1221,2024-06-03 14:05:00,1,1,0.5001822710037231
cnn,pso,1,1222,2024-06-03 14:10:00,1,1,0.5295416712760925
cnn,pso,1,1223,2024-06-03 14:10:00,1,1,0.5321800112724304
cnn,pso,1,1224,2024-06-03 14:15:00,1,1,0.5812867283821106
cnn,pso,1,1225,2024-06-03 14:15:00,1,1,0.5802164077758789
cnn,pso,1,1226,2024-06-03 14:20:00,1,1,0.6249447464942932
cnn,pso,1,1227,2024-06-03 14:20:00,1,1,0.631074845790863
cnn,pso,1,1228,2024-06-03 14:25:00,1,1,0.6404901146888733
cnn,pso,1,1229,2024-06-03 14:25:00,1,1,0.6345338821411133
cnn,pso,1,1230,2024-06-03 14:30:00,1,1,0.665922224521637
cnn,pso,1,1231,2024-06-03 14:30:00,1,1,0.6693145036697388
cnn,pso,1,1232,2024-06-03 14:35:00,1,1,0.6325564384460449
cnn,pso,1,1233,2024-06-03 14:35:00,1,1,0.6390343904495239
cnn,pso,1,1234,2024-06-03 14:40:00,1,1,0.6356008648872375
cnn,pso,1,1235,2024-06-03 14:40:00,1,1,0.6246793866157532
cnn,pso,1,1236,2024-06-03 14:45:00,1,1,0.5934814214706421
cnn,pso,1,1237,2024-06-03 14:45:00,1,1,0.578400731086731
cnn,pso,1,1238,2024-06-03 14:50:00,1,1,0.515356183052063
cnn,pso,1,1239,2024-06-03 14:50:00,1,1,0.5159392356872559
cnn,pso,1,1240,2024-06-03 14:55:00,1,0,0.47949784994125366
cnn,pso,1,1241,2024-06-03 14:55:00,1,0,0.46742191910743713
cnn,pso,1,1242,2024-06-03 15:00:00,1,1,0.5036351084709167
cnn,pso,1,1243,2024-06-03 15:00:00,1,1,0.5074028968811035
cnn,pso,1,1244,2024-06-03 15:05:00,1,1,0.517836332321167
cnn,pso,1,1245,2024-06-03 15:05:00,1,1,0.5146292448043823
cnn,pso,1,1246,2024-06-03 15:10:00,1,0,0.491870641708374
cnn,pso,1,1247,2024-06-03 15:10:00,1,0,0.48716527223587036
cnn,pso,1,1248,2024-06-03 15:15:00,1,1,0.5273118019104004
cnn,pso,1,1249,2024-06-03 15:15:00,1,1,0.526818037033081
cnn,pso,1,1250,2024-06-03 15:20:00,1,1,0.5498402714729309
cnn,pso,1,1251,2024-06-03 15:20:00,1,1,0.5559587478637695
cnn,pso,1,1252,2024-06-03 15:25:00,1,1,0.5744056701660156
cnn,pso,1,1253,2024-06-03 15:25:00,1,1,0.5600359439849854
cnn,pso,1,1254,2024-06-03 15:30:00,1,1,0.5833998918533325
cnn,pso,1,1255,2024-06-03 15:30:00,1,1,0.6008574366569519
cnn,pso,1,1256,2024-06-03 15:35:00,0,1,0.6011925339698792
cnn,pso,1,1257,2024-06-03 15:35:00,0,1,0.6200442314147949
cnn,pso,1,1258,2024-06-03 15:40:00,0,1,0.5436899065971375
cnn,pso,1,1259,2024-06-03 15:40:00,0,1,0.5427192449569702
cnn,pso,1,1260,2024-06-03 15:45:00,0,1,0.5312274694442749
cnn,pso,1,1261,2024-06-03 15:45:00,0,1,0.5421184301376343
cnn,pso,1,1262,2024-06-03 15:50:00,0,1,0.5247386693954468
cnn,pso,1,1263,2024-06-03 15:50:00,0,1,0.5293731093406677
cnn,pso,1,1264,2024-06-03 15:55:00,0,1,0.5356526970863342
cnn,pso,1,1265,2024-06-03 15:55:00,0,1,0.5344223380088806
cnn,pso,1,1266,2024-06-03 16:00:00,0,1,0.5296773910522461
cnn,pso,1,1267,2024-06-03 16:00:00,0,1,0.5269051790237427
cnn,pso,1,1268,2024-06-03 16:05:00,0,0,0.4997591972351074
cnn,pso,1,1269,2024-06-03 16:05:00,0,0,0.4932976961135864
cnn,pso,1,1270,2024-06-03 16:10:00,0,1,0.5172563195228577
cnn,pso,1,1271,2024-06-03 16:10:00,0,1,0.5089409351348877
cnn,pso,1,1272,2024-06-03 16:15:00,0,0,0.48372188210487366
cnn,pso,1,1273,2024-06-03 16:15:00,0,0,0.48028886318206787
cnn,pso,1,1274,2024-06-03 16:20:00,0,0,0.47338929772377014
cnn,pso,1,1275,2024-06-03 16:20:00,0,0,0.4601224362850189
cnn,pso,1,1276,2024-06-03 16:25:00,0,0,0.4469371438026428
cnn,pso,1,1277,2024-06-03 16:25:00,0,0,0.45675012469291687
cnn,pso,1,1278,2024-06-03 16:30:00,0,0,0.43985599279403687
cnn,pso,1,1279,2024-06-03 16:30:00,0,0,0.41514939069747925
cnn,pso,1,1280,2024-06-03 16:35:00,0,0,0.4191759526729584
cnn,pso,1,1281,2024-06-03 16:35:00,0,0,0.3375695049762726
cnn,pso,1,1282,2024-06-03 16:40:00,0,0,0.450872004032135
cnn,pso,1,1283,2024-06-03 16:40:00,0,0,0.44719037413597107
cnn,pso,1,1284,2024-06-03 16:45:00,0,0,0.44685128331184387
cnn,pso,1,1285,2024-06-03 16:45:00,0,0,0.4770523011684418
cnn,pso,1,1286,2024-06-03 16:50:00,0,0,0.455360472202301
cnn,pso,1,1287,2024-06-03 16:50:00,0,0,0.45116955041885376
cnn,pso,1,1288,2024-06-03 16:55:00,0,0,0.415080189704895
cnn,pso,1,1289,2024-06-03 16:55:00,0,0,0.39951086044311523
cnn,pso,1,1290,2024-06-03 17:00:00,0,0,0.3569577634334564
cnn,pso,1,1291,2024-06-03 17:00:00,0,0,0.3665671646595001
cnn,pso,1,1292,2024-06-03 17:05:00,0,0,0.38432055711746216
cnn,pso,1,1293,2024-06-03 17:05:00,0,0,0.3893997371196747
cnn,pso,1,1294,2024-06-03 17:10:00,0,0,0.37795290350914
cnn,pso,1,1295,2024-06-03 17:10:00,0,0,0.384171724319458
cnn,pso,1,1296,2024-06-03 17:15:00,0,0,0.41115033626556396
cnn,pso,1,1297,2024-06-03 17:15:00,0,0,0.4047030806541443
cnn,pso,1,1298,2024-06-03 17:20:00,0,0,0.3823513984680176
cnn,pso,1,1299,2024-06-03 17:20:00,0,0,0.372097373008728
cnn,pso,1,1300,2024-06-03 17:25:00,0,0,0.3313363492488861
cnn,pso,1,1301,2024-06-03 17:25:00,0,0,0.18819084763526917
cnn,pso,1,1302,2024-06-03 17:30:00,0,0,0.4030550718307495
cnn,pso,1,1303,2024-06-03 17:30:00,0,0,0.40481096506118774
cnn,pso,1,1304,2024-06-03 17:35:00,0,0,0.38687440752983093
cnn,pso,1,1305,2024-06-03 17:35:00,0,0,0.39768412709236145
cnn,pso,1,1306,2024-06-03 17:40:00,0,0,0.35150083899497986
cnn,pso,1,1307,2024-06-03 17:40:00,0,0,0.391838401556015
cnn,pso,1,1308,2024-06-03 17:45:00,0,0,0.417907178401947
cnn,pso,1,1309,2024-06-03 17:45:00,0,0,0.4053818881511688
cnn,pso,1,1310,2024-06-03 17:50:00,0,0,0.4559379816055298
cnn,pso,1,1311,2024-06-03 17:50:00,0,0,0.4408276379108429
cnn,pso,1,1312,2024-06-03 17:55:00,0,0,0.46494579315185547
cnn,pso,1,1313,2024-06-03 17:55:00,0,0,0.47476136684417725
cnn,pso,1,1314,2024-06-04 11:15:00,1,0,0.4017966687679291
cnn,pso,1,1315,2024-06-04 11:20:00,1,0,0.4038465917110443
cnn,pso,1,1316,2024-06-04 11:20:00,1,0,0.3982870578765869
cnn,pso,1,1317,2024-06-04 11:25:00,1,0,0.462801992893219
cnn,pso,1,1318,2024-06-04 11:25:00,1,0,0.4560549855232239
cnn,pso,1,1319,2024-06-04 11:30:00,1,1,0.5067348480224609
cnn,pso,1,1320,2024-06-04 11:30:00,1,1,0.5129228830337524
cnn,pso,1,1321,2024-06-04 11:35:00,1,1,0.5224679708480835
cnn,pso,1,1322,2024-06-04 11:35:00,1,1,0.5095975995063782
cnn,pso,1,1323,2024-06-04 11:40:00,1,1,0.5442776083946228
cnn,pso,1,1324,2024-06-04 11:40:00,1,1,0.5574572682380676
cnn,pso,1,1325,2024-06-04 11:45:00,1,1,0.5495897531509399
cnn,pso,1,1326,2024-06-04 11:45:00,1,1,0.5433494448661804
cnn,pso,1,1327,2024-06-04 11:50:00,1,1,0.5694588422775269
cnn,pso,1,1328,2024-06-04 11:50:00,1,1,0.5683180093765259
cnn,pso,1,1329,2024-06-04 11:55:00,1,1,0.5376459360122681
cnn,pso,1,1330,2024-06-04 11:55:00,1,1,0.5469133853912354
cnn,pso,1,1331,2024-06-04 12:00:00,1,1,0.5486475825309753
cnn,pso,1,1332,2024-06-04 12:00:00,1,1,0.5460445284843445
cnn,pso,1,1333,2024-06-04 12:05:00,1,1,0.5105199813842773
cnn,pso,1,1334,2024-06-04 12:05:00,1,1,0.5157683491706848
cnn,pso,1,1335,2024-06-04 12:10:00,1,1,0.5461021661758423
cnn,pso,1,1336,2024-06-04 12:10:00,1,1,0.5347508788108826
cnn,pso,1,1337,2024-06-04 12:15:00,1,1,0.5988956689834595
cnn,pso,1,1338,2024-06-04 12:15:00,1,1,0.5914144515991211
cnn,pso,1,1339,2024-06-04 12:20:00,1,1,0.6311428546905518
cnn,pso,1,1340,2024-06-04 12:20:00,1,1,0.6268395185470581
cnn,pso,1,1341,2024-06-04 12:25:00,1,1,0.6083610653877258
cnn,pso,1,1342,2024-06-04 12:25:00,1,1,0.618284285068512
cnn,pso,1,1343,2024-06-04 12:30:00,1,1,0.5527790188789368
cnn,pso,1,1344,2024-06-04 12:30:00,1,1,0.5460995435714722
cnn,pso,1,1345,2024-06-04 12:35:00,1,1,0.5519291162490845
cnn,pso,1,1346,2024-06-04 12:35:00,1,1,0.5625290870666504
cnn,pso,1,1347,2024-06-04 12:40:00,1,1,0.5357840657234192
cnn,pso,1,1348,2024-06-04 12:40:00,1,1,0.5329170823097229
cnn,pso,1,1349,2024-06-04 12:45:00,1,1,0.5150460600852966
cnn,pso,1,1350,2024-06-04 12:45:00,1,1,0.5177280902862549
cnn,pso,1,1351,2024-06-04 12:50:00,1,1,0.5320265293121338
cnn,pso,1,1352,2024-06-04 12:50:00,1,1,0.5433478355407715
cnn,pso,1,1353,2024-06-04 12:55:00,1,0,0.454978346824646
cnn,pso,1,1354,2024-06-04 12:55:00,1,0,0.45905983448028564
cnn,pso,1,1355,2024-06-04 13:00:00,1,0,0.44746530055999756
cnn,pso,1,1356,2024-06-04 13:00:00,1,0,0.4357317388057709
cnn,pso,1,1357,2024-06-04 13:05:00,1,0,0.4364940822124481
cnn,pso,1,1358,2024-06-04 13:05:00,1,0,0.3731847405433655
cnn,pso,1,1359,2024-06-04 13:10:00,1,1,0.5063907504081726
cnn,pso,1,1360,2024-06-04 13:10:00,1,1,0.5122714042663574
cnn,pso,1,1361,2024-06-04 13:15:00,1,1,0.5452563762664795
cnn,pso,1,1362,2024-06-04 13:15:00,1,1,0.5682134628295898
cnn,pso,1,1363,2024-06-04 13:20:00,1,1,0.5598387718200684
cnn,pso,1,1364,2024-06-04 13:20:00,1,1,0.5326833724975586
cnn,pso,1,1365,2024-06-04 13:25:00,1,1,0.5276429653167725
cnn,pso,1,1366,2024-06-04 13:25:00,1,1,0.5240163803100586
cnn,pso,1,1367,2024-06-04 13:30:00,1,1,0.5128128528594971
cnn,pso,1,1368,2024-06-04 13:30:00,1,1,0.5155325531959534
cnn,pso,1,1369,2024-06-04 13:35:00,1,0,0.48047932982444763
cnn,pso,1,1370,2024-06-04 13:35:00,1,0,0.4707372784614563
cnn,pso,1,1371,2024-06-04 13:40:00,1,1,0.5080702304840088
cnn,pso,1,1372,2024-06-04 13:40:00,1,0,0.4962693750858307
cnn,pso,1,1373,2024-06-04 13:45:00,1,1,0.5402473211288452
cnn,pso,1,1374,2024-06-04 13:45:00,1,1,0.5418153405189514
cnn,pso,1,1375,2024-06-04 13:50:00,1,1,0.5352151393890381
cnn,pso,1,1376,2024-06-04 13:50:00,1,1,0.5454159379005432
cnn,pso,1,1377,2024-06-04 13:55:00,1,1,0.5705422163009644
cnn,pso,1,1378,2024-06-04 13:55:00,1,1,0.5692290663719177
cnn,pso,1,1379,2024-06-04 14:00:00,1,1,0.5765829086303711
cnn,pso,1,1380,2024-06-04 14:00:00,1,1,0.5678436756134033
cnn,pso,1,1381,2024-06-04 14:05:00,1,1,0.5347070693969727
cnn,pso,1,1382,2024-06-04 14:05:00,1,1,0.5256752967834473
cnn,pso,1,1383,2024-06-04 14:10:00,1,1,0.5098395943641663
cnn,pso,1,1384,2024-06-04 14:10:00,1,0,0.49307650327682495
cnn,pso,1,1385,2024-06-04 14:15:00,1,0,0.48873668909072876
cnn,pso,1,1386,2024-06-04 14:15:00,1,0,0.49262651801109314
cnn,pso,1,1387,2024-06-04 14:20:00,1,1,0.5014440417289734
cnn,pso,1,1388,2024-06-04 14:20:00,1,1,0.5007019639015198
cnn,pso,1,1389,2024-06-04 14:25:00,1,1,0.5245449542999268
cnn,pso,1,1390,2024-06-04 14:25:00,1,1,0.5233780145645142
cnn,pso,1,1391,2024-06-04 14:30:00,1,1,0.5415735840797424
cnn,pso,1,1392,2024-06-04 14:30:00,1,1,0.5377554893493652
cnn,pso,1,1393,2024-06-04 14:35:00,1,1,0.5402036309242249
cnn,pso,1,1394,2024-06-04 14:35:00,1,1,0.5510715842247009
cnn,pso,1,1395,2024-06-04 14:40:00,1,1,0.576676070690155
cnn,pso,1,1396,2024-06-04 14:40:00,1,1,0.5619555115699768
cnn,pso,1,1397,2024-06-04 14:45:00,1,1,0.5936017036437988
cnn,pso,1,1398,2024-06-04 14:45:00,1,1,0.575770914554596
cnn,pso,1,1399,2024-06-04 14:50:00,1,1,0.5563091039657593
cnn,pso,1,1400,2024-06-04 14:50:00,1,1,0.557246208190918
cnn,pso,1,1401,2024-06-04 14:55:00,1,1,0.5365981459617615
cnn,pso,1,1402,2024-06-04 14:55:00,1,1,0.5342810750007629
cnn,pso,1,1403,2024-06-04 15:00:00,1,1,0.5356245040893555
cnn,pso,1,1404,2024-06-04 15:00:00,1,1,0.5371249914169312
cnn,pso,1,1405,2024-06-04 15:05:00,1,1,0.527230978012085
cnn,pso,1,1406,2024-06-04 15:05:00,1,1,0.5414263606071472
cnn,pso,1,1407,2024-06-04 15:10:00,1,0,0.46288803219795227
cnn,pso,1,1408,2024-06-04 15:10:00,1,0,0.48298877477645874
cnn,pso,1,1409,2024-06-04 15:15:00,1,1,0.5082054138183594
cnn,pso,1,1410,2024-06-04 15:15:00,1,1,0.515955924987793
cnn,pso,1,1411,2024-06-04 15:20:00,1,1,0.5599983334541321
cnn,pso,1,1412,2024-06-04 15:20:00,1,1,0.5533345341682434
cnn,pso,1,1413,2024-06-04 15:25:00,1,1,0.6003237366676331
cnn,pso,1,1414,2024-06-04 15:25:00,1,1,0.5980731248855591
cnn,pso,1,1415,2024-06-04 15:30:00,1,1,0.5631294250488281
cnn,pso,1,1416,2024-06-04 15:30:00,1,1,0.5642583966255188
cnn,pso,1,1417,2024-06-04 15:35:00,1,1,0.5306373238563538
cnn,pso,1,1418,2024-06-04 15:35:00,1,1,0.5244946479797363
cnn,pso,1,1419,2024-06-04 15:40:00,1,0,0.4951436519622803
cnn,pso,1,1420,2024-06-04 15:40:00,1,0,0.49493172764778137
cnn,pso,1,1421,2024-06-04 15:45:00,1,1,0.5476244688034058
cnn,pso,1,1422,2024-06-04 15:45:00,1,1,0.5227483510971069
cnn,pso,1,1423,2024-06-04 15:50:00,1,0,0.49621155858039856
cnn,pso,1,1424,2024-06-04 15:50:00,1,1,0.5254988074302673
cnn,pso,1,1425,2024-06-04 15:55:00,1,0,0.4508661925792694
cnn,pso,1,1426,2024-06-04 15:55:00,1,0,0.4553492069244385
cnn,pso,1,1427,2024-06-04 16:00:00,1,0,0.4138571619987488
cnn,pso,1,1428,2024-06-04 16:00:00,1,0,0.40493595600128174
cnn,pso,1,1429,2024-06-04 16:05:00,1,0,0.41605091094970703
cnn,pso,1,1430,2024-06-04 16:05:00,1,0,0.4028480052947998
cnn,pso,1,1431,2024-06-04 16:10:00,1,0,0.48005643486976624
cnn,pso,1,1432,2024-06-04 16:10:00,1,0,0.4814947843551636
cnn,pso,1,1433,2024-06-04 16:15:00,1,1,0.5327111482620239
cnn,pso,1,1434,2024-06-04 16:15:00,1,1,0.5228391289710999
cnn,pso,1,1435,2024-06-04 16:20:00,1,1,0.5293098092079163
cnn,pso,1,1436,2024-06-04 16:20:00,1,1,0.5349666476249695
cnn,pso,1,1437,2024-06-04 16:25:00,1,1,0.5384016633033752
cnn,pso,1,1438,2024-06-04 16:25:00,1,1,0.5398151874542236
cnn,pso,1,1439,2024-06-04 16:30:00,1,1,0.5546453595161438
cnn,pso,1,1440,2024-06-04 16:30:00,1,1,0.5520289540290833
cnn,pso,1,1441,2024-06-04 16:35:00,1,1,0.523209273815155
cnn,pso,1,1442,2024-06-04 16:35:00,1,1,0.5234982967376709
cnn,pso,1,1443,2024-06-04 16:40:00,1,1,0.5395044088363647
cnn,pso,1,1444,2024-06-04 16:40:00,1,1,0.5635111331939697
cnn,pso,1,1445,2024-06-04 16:45:00,1,1,0.5247223377227783
cnn,pso,1,1446,2024-06-04 16:45:00,1,1,0.5607849955558777
cnn,pso,1,1447,2024-06-04 16:50:00,1,1,0.5316966772079468
cnn,pso,1,1448,2024-06-04 16:50:00,1,1,0.5442954301834106
cnn,pso,1,1449,2024-06-04 16:55:00,0,1,0.5442875027656555
cnn,pso,1,1450,2024-06-04 16:55:00,0,1,0.551312267780304
cnn,pso,1,1451,2024-06-04 17:00:00,0,1,0.5339368581771851
cnn,pso,1,1452,2024-06-04 17:00:00,0,1,0.5288327932357788
cnn,pso,1,1453,2024-06-04 17:05:00,0,1,0.5073882341384888
cnn,pso,1,1454,2024-06-04 17:05:00,0,1,0.5266455411911011
cnn,pso,1,1455,2024-06-04 17:10:00,0,0,0.48208585381507874
cnn,pso,1,1456,2024-06-04 17:10:00,0,0,0.4941166341304779
cnn,pso,1,1457,2024-06-04 17:15:00,0,0,0.41502946615219116
cnn,pso,1,1458,2024-06-04 17:15:00,0,0,0.4780053198337555
cnn,pso,1,1459,2024-06-04 17:20:00,0,0,0.4804340898990631
cnn,pso,1,1460,2024-06-04 17:20:00,0,0,0.3529565930366516
cnn,pso,1,1461,2024-06-04 17:25:00,0,0,0.470302015542984
cnn,pso,1,1462,2024-06-04 17:25:00,0,0,0.4354577660560608
cnn,pso,1,1463,2024-06-04 17:30:00,0,0,0.49542906880378723
cnn,pso,1,1464,2024-06-04 17:30:00,0,1,0.5076016783714294
cnn,pso,1,1465,2024-06-04 17:35:00,0,1,0.5022686123847961
cnn,pso,1,1466,2024-06-04 17:35:00,0,0,0.49795275926589966
cnn,pso,1,1467,2024-06-04 17:40:00,0,0,0.49660035967826843
cnn,pso,1,1468,2024-06-04 17:40:00,0,0,0.49453526735305786
cnn,pso,1,1469,2024-06-04 17:45:00,0,1,0.5013838410377502
cnn,pso,1,1470,2024-06-04 17:45:00,0,0,0.4955827295780182
cnn,pso,1,1471,2024-06-04 17:50:00,0,1,0.5075379014015198
cnn,pso,1,1472,2024-06-04 17:50:00,0,1,0.5168260931968689
cnn,pso,1,1473,2024-06-04 17:55:00,0,1,0.5402165055274963
cnn,pso,1,1474,2024-06-04 17:55:00,0,1,0.5544399619102478
cnn,pso,1,1475,2024-06-05 11:10:00,1,0,0.35044676065444946
cnn,pso,1,1476,2024-06-05 11:10:00,1,0,0.3392150104045868
cnn,pso,1,1477,2024-06-05 11:15:00,1,0,0.3558189272880554
cnn,pso,1,1478,2024-06-05 11:15:00,1,0,0.3530902564525604
cnn,pso,1,1479,2024-06-05 11:20:00,1,0,0.46834877133369446
cnn,pso,1,1480,2024-06-05 11:20:00,1,0,0.4684337079524994
cnn,pso,1,1481,2024-06-05 11:25:00,1,1,0.5350064635276794
cnn,pso,1,1482,2024-06-05 11:25:00,1,1,0.5388058423995972
cnn,pso,1,1483,2024-06-05 11:30:00,1,1,0.5911911129951477
cnn,pso,1,1484,2024-06-05 11:30:00,1,1,0.5897216200828552
cnn,pso,1,1485,2024-06-05 11:35:00,1,1,0.6507943868637085
cnn,pso,1,1486,2024-06-05 11:35:00,1,1,0.6513388156890869
cnn,pso,1,1487,2024-06-05 11:40:00,1,1,0.7217510342597961
cnn,pso,1,1488,2024-06-05 11:40:00,0,1,0.7100813984870911
cnn,pso,1,1489,2024-06-05 11:45:00,0,1,0.6150285601615906
cnn,pso,1,1490,2024-06-05 11:45:00,1,1,0.6159549355506897
cnn,pso,1,1491,2024-06-05 11:50:00,1,1,0.6107470989227295
cnn,pso,1,1492,2024-06-05 11:50:00,0,1,0.6007179617881775
cnn,pso,1,1493,2024-06-05 11:55:00,1,1,0.5600718855857849
cnn,pso,1,1494,2024-06-05 11:55:00,0,1,0.5584989786148071
cnn,pso,1,1495,2024-06-05 12:00:00,1,1,0.5511196851730347
cnn,pso,1,1496,2024-06-05 12:00:00,0,1,0.5557010769844055
cnn,pso,1,1497,2024-06-05 12:05:00,0,1,0.5277772545814514
cnn,pso,1,1498,2024-06-05 12:05:00,1,1,0.522844672203064
cnn,pso,1,1499,2024-06-05 12:10:00,1,0,0.475493460893631
cnn,pso,1,1500,2024-06-05 12:10:00,0,0,0.48758888244628906
cnn,pso,1,1501,2024-06-05 12:15:00,0,1,0.5499076247215271
cnn,pso,1,1502,2024-06-05 12:15:00,1,1,0.5466614961624146
cnn,pso,1,1503,2024-06-05 12:20:00,0,1,0.5808488130569458
cnn,pso,1,1504,2024-06-05 12:20:00,1,1,0.5796288847923279
cnn,pso,1,1505,2024-06-05 12:25:00,0,1,0.5937182903289795
cnn,pso,1,1506,2024-06-05 12:25:00,0,1,0.5874303579330444
cnn,pso,1,1507,2024-06-05 12:30:00,0,1,0.6025288701057434
cnn,pso,1,1508,2024-06-05 12:30:00,0,1,0.5700634717941284
cnn,pso,1,1509,2024-06-05 12:35:00,0,1,0.5358139872550964
cnn,pso,1,1510,2024-06-05 12:35:00,0,1,0.5495494604110718
cnn,pso,1,1511,2024-06-05 12:40:00,0,1,0.5223929286003113
cnn,pso,1,1512,2024-06-05 12:40:00,0,1,0.518113911151886
cnn,pso,1,1513,2024-06-05 12:45:00,0,0,0.4989326298236847
cnn,pso,1,1514,2024-06-05 12:45:00,0,0,0.4779537320137024
cnn,pso,1,1515,2024-06-05 12:50:00,0,0,0.4126935601234436
cnn,pso,1,1516,2024-06-05 12:50:00,0,0,0.4639943540096283
cnn,pso,1,1517,2024-06-05 12:55:00,0,0,0.48022645711898804
cnn,pso,1,1518,2024-06-05 12:55:00,0,0,0.47190096974372864
cnn,pso,1,1519,2024-06-05 13:00:00,0,0,0.46354255080223083
cnn,pso,1,1520,2024-06-05 13:00:00,0,0,0.46526670455932617
cnn,pso,1,1521,2024-06-05 13:05:00,0,0,0.4285949468612671
cnn,pso,1,1522,2024-06-05 13:05:00,0,0,0.43199265003204346
cnn,pso,1,1523,2024-06-05 13:10:00,0,0,0.4044899046421051
cnn,pso,1,1524,2024-06-05 13:10:00,0,0,0.421770304441452
cnn,pso,1,1525,2024-06-05 13:15:00,0,0,0.42429888248443604
cnn,pso,1,1526,2024-06-05 13:15:00,0,0,0.43671250343322754
cnn,pso,1,1527,2024-06-05 13:20:00,0,0,0.43368959426879883
cnn,pso,1,1528,2024-06-05 13:20:00,0,0,0.4149439334869385
cnn,pso,1,1529,2024-06-05 13:25:00,0,0,0.4021739065647125
cnn,pso,1,1530,2024-06-05 13:25:00,0,0,0.4048888087272644
cnn,pso,1,1531,2024-06-05 13:30:00,0,0,0.3875599503517151
cnn,pso,1,1532,2024-06-05 13:30:00,0,0,0.39273905754089355
cnn,pso,1,1533,2024-06-05 13:35:00,0,0,0.42884913086891174
cnn,pso,1,1534,2024-06-05 13:35:00,0,0,0.41667476296424866
cnn,pso,1,1535,2024-06-05 13:40:00,0,0,0.4195127785205841
cnn,pso,1,1536,2024-06-05 13:40:00,0,0,0.43941065669059753
cnn,pso,1,1537,2024-06-05 13:45:00,0,0,0.3204193711280823
cnn,pso,1,1538,2024-06-05 13:45:00,0,0,0.42713385820388794
cnn,pso,1,1539,2024-06-05 13:50:00,0,0,0.4874028265476227
cnn,pso,1,1540,2024-06-05 13:50:00,0,1,0.5013518333435059
cnn,pso,1,1541,2024-06-05 13:55:00,0,0,0.4887947738170624
cnn,pso,1,1542,2024-06-05 13:55:00,0,0,0.4792448580265045
cnn,pso,1,1543,2024-06-05 14:00:00,0,1,0.5100261569023132
cnn,pso,1,1544,2024-06-05 14:00:00,0,0,0.48763808608055115
cnn,pso,1,1545,2024-06-05 14:05:00,0,0,0.46810802817344666
cnn,pso,1,1546,2024-06-05 14:05:00,0,0,0.4325365722179413
cnn,pso,1,1547,2024-06-05 14:10:00,0,0,0.44004926085472107
cnn,pso,1,1548,2024-06-05 14:10:00,0,0,0.4285672903060913
cnn,pso,1,1549,2024-06-05 14:15:00,0,0,0.4369550943374634
cnn,pso,1,1550,2024-06-05 14:15:00,0,0,0.3939357399940491
cnn,pso,1,1551,2024-06-05 14:20:00,0,0,0.46497970819473267
cnn,pso,1,1552,2024-06-05 14:20:00,0,0,0.4752265512943268
cnn,pso,1,1553,2024-06-05 14:25:00,0,1,0.5007293224334717
cnn,pso,1,1554,2024-06-05 14:25:00,0,1,0.5097019672393799
cnn,pso,1,1555,2024-06-05 14:30:00,0,1,0.5573751926422119
cnn,pso,1,1556,2024-06-05 14:30:00,0,1,0.5442123413085938
cnn,pso,1,1557,2024-06-05 14:35:00,0,1,0.5498985648155212
cnn,pso,1,1558,2024-06-05 14:35:00,0,1,0.5446249842643738
cnn,pso,1,1559,2024-06-05 14:40:00,0,1,0.5735297799110413
cnn,pso,1,1560,2024-06-05 14:40:00,0,1,0.54998379945755
cnn,pso,1,1561,2024-06-05 14:45:00,0,1,0.5094795823097229
cnn,pso,1,1562,2024-06-05 14:45:00,0,1,0.5257086157798767
cnn,pso,1,1563,2024-06-05 14:50:00,0,0,0.42379018664360046
cnn,pso,1,1564,2024-06-05 14:50:00,0,0,0.420661598443985
cnn,pso,1,1565,2024-06-05 14:55:00,0,0,0.3896408677101135
cnn,pso,1,1566,2024-06-05 14:55:00,0,0,0.3745168447494507
cnn,pso,1,1567,2024-06-05 15:00:00,0,0,0.41806700825691223
cnn,pso,1,1568,2024-06-05 15:00:00,0,0,0.4323825538158417
cnn,pso,1,1569,2024-06-05 15:05:00,0,0,0.4090658128261566
cnn,pso,1,1570,2024-06-05 15:05:00,0,0,0.4008939862251282
cnn,pso,1,1571,2024-06-05 15:10:00,0,0,0.36133989691734314
cnn,pso,1,1572,2024-06-05 15:10:00,0,0,0.3464057743549347
cnn,pso,1,1573,2024-06-05 15:15:00,0,0,0.3382343649864197
cnn,pso,1,1574,2024-06-05 15:15:00,0,0,0.350736528635025
cnn,pso,1,1575,2024-06-05 15:20:00,0,0,0.37836310267448425
cnn,pso,1,1576,2024-06-05 15:20:00,0,0,0.36483126878738403
cnn,pso,1,1577,2024-06-05 15:25:00,0,0,0.360729843378067
cnn,pso,1,1578,2024-06-05 15:25:00,0,0,0.36830857396125793
cnn,pso,1,1579,2024-06-05 15:30:00,0,0,0.39668774604797363
cnn,pso,1,1580,2024-06-05 15:30:00,0,0,0.39048150181770325
cnn,pso,1,1581,2024-06-05 15:35:00,1,0,0.3473106622695923
cnn,pso,1,1582,2024-06-05 15:35:00,0,0,0.37308183312416077
cnn,pso,1,1583,2024-06-05 15:40:00,0,0,0.4180017411708832
cnn,pso,1,1584,2024-06-05 15:40:00,1,0,0.401963472366333
cnn,pso,1,1585,2024-06-05 15:45:00,1,0,0.4297877550125122
cnn,pso,1,1586,2024-06-05 15:45:00,0,0,0.4321615397930145
cnn,pso,1,1587,2024-06-05 15:50:00,1,0,0.4731781482696533
cnn,pso,1,1588,2024-06-05 15:50:00,0,0,0.4898417294025421
cnn,pso,1,1589,2024-06-05 15:55:00,1,1,0.5328879356384277
cnn,pso,1,1590,2024-06-05 15:55:00,0,1,0.5239874124526978
cnn,pso,1,1591,2024-06-05 16:00:00,0,1,0.5484829545021057
cnn,pso,1,1592,2024-06-05 16:00:00,1,1,0.5990840196609497
cnn,pso,1,1593,2024-06-05 16:05:00,0,0,0.4977819323539734
cnn,pso,1,1594,2024-06-05 16:05:00,1,0,0.4804183542728424
cnn,pso,1,1595,2024-06-05 16:10:00,1,0,0.4419410228729248
cnn,pso,1,1596,2024-06-05 16:10:00,1,0,0.45322102308273315
cnn,pso,1,1597,2024-06-05 16:15:00,1,0,0.4553532004356384
cnn,pso,1,1598,2024-06-05 16:15:00,1,0,0.44746288657188416
cnn,pso,1,1599,2024-06-05 16:20:00,1,0,0.4937739968299866
cnn,pso,1,1600,2024-06-05 16:20:00,1,0,0.48550617694854736
cnn,pso,1,1601,2024-06-05 16:25:00,1,0,0.49652329087257385
cnn,pso,1,1602,2024-06-05 16:25:00,1,0,0.49237194657325745
cnn,pso,1,1603,2024-06-05 16:30:00,1,0,0.47184088826179504
cnn,pso,1,1604,2024-06-05 16:30:00,1,0,0.4813600778579712
cnn,pso,1,1605,2024-06-05 16:35:00,1,0,0.4949358403682709
cnn,pso,1,1606,2024-06-05 16:35:00,1,1,0.5074727535247803
cnn,pso,1,1607,2024-06-05 16:40:00,1,1,0.5162339210510254
cnn,pso,1,1608,2024-06-05 16:40:00,1,1,0.5238494873046875
cnn,pso,1,1609,2024-06-05 16:45:00,1,1,0.5013140439987183
cnn,pso,1,1610,2024-06-05 16:45:00,1,0,0.49225708842277527
cnn,pso,1,1611,2024-06-05 16:50:00,1,1,0.5227268934249878
cnn,pso,1,1612,2024-06-05 16:50:00,1,1,0.5234942436218262
cnn,pso,1,1613,2024-06-05 16:55:00,0,1,0.5456684231758118
cnn,pso,1,1614,2024-06-05 16:55:00,1,1,0.5430861711502075
cnn,pso,1,1615,2024-06-05 17:00:00,1,1,0.5399098992347717
cnn,pso,1,1616,2024-06-05 17:00:00,0,1,0.5532748103141785
cnn,pso,1,1617,2024-06-05 17:05:00,0,0,0.4886436462402344
cnn,pso,1,1618,2024-06-05 17:05:00,0,0,0.49282389879226685
cnn,pso,1,1619,2024-06-05 17:10:00,1,0,0.4550189673900604
cnn,pso,1,1620,2024-06-05 17:10:00,1,0,0.4632532298564911
cnn,pso,1,1621,2024-06-05 17:15:00,1,1,0.5091349482536316
cnn,pso,1,1622,2024-06-05 17:15:00,1,1,0.508206307888031
cnn,pso,1,1623,2024-06-05 17:20:00,1,1,0.5234072208404541
cnn,pso,1,1624,2024-06-05 17:20:00,1,1,0.5246049165725708
cnn,pso,1,1625,2024-06-05 17:25:00,1,1,0.5351159572601318
cnn,pso,1,1626,2024-06-05 17:30:00,1,1,0.5348041653633118
cnn,pso,1,1627,2024-06-05 17:30:00,1,1,0.5523215532302856
cnn,pso,1,1628,2024-06-05 17:35:00,1,0,0.48870036005973816
cnn,pso,1,1629,2024-06-05 17:35:00,1,0,0.49369698762893677
cnn,pso,1,1630,2024-06-05 17:40:00,1,0,0.4756101965904236
cnn,pso,1,1631,2024-06-05 17:40:00,1,0,0.3271629214286804
cnn,pso,1,1632,2024-06-05 17:45:00,1,1,0.5085014700889587
cnn,pso,1,1633,2024-06-05 17:45:00,1,1,0.5153859257698059
cnn,pso,1,1634,2024-06-05 17:50:00,1,1,0.5071709156036377
cnn,pso,1,1635,2024-06-05 17:50:00,1,1,0.51439368724823
cnn,pso,1,1636,2024-06-05 17:55:00,1,1,0.5014808177947998
cnn,pso,1,1637,2024-06-05 17:55:00,1,1,0.513361930847168
cnn,pso,1,1638,2024-06-06 12:40:00,0,1,0.6718926429748535
cnn,pso,1,1639,2024-06-06 12:40:00,0,1,0.6644322276115417
cnn,pso,1,1640,2024-06-06 12:45:00,0,1,0.586305558681488
cnn,pso,1,1641,2024-06-06 12:45:00,0,1,0.5855727195739746
cnn,pso,1,1642,2024-06-06 12:50:00,0,1,0.573093593120575
cnn,pso,1,1643,2024-06-06 12:50:00,0,1,0.5701882243156433
cnn,pso,1,1644,2024-06-06 12:55:00,0,1,0.640328049659729
cnn,pso,1,1645,2024-06-06 12:55:00,0,1,0.5953290462493896
cnn,pso,1,1646,2024-06-06 13:00:00,0,0,0.4544171988964081
cnn,pso,1,1647,2024-06-06 13:00:00,0,0,0.4609701335430145
cnn,pso,1,1648,2024-06-06 13:05:00,0,0,0.3936558663845062
cnn,pso,1,1649,2024-06-06 13:05:00,0,0,0.36257344484329224
cnn,pso,1,1650,2024-06-06 13:10:00,0,0,0.3896271884441376
cnn,pso,1,1651,2024-06-06 13:10:00,0,0,0.4031344950199127
cnn,pso,1,1652,2024-06-06 13:15:00,0,0,0.4479577839374542
cnn,pso,1,1653,2024-06-06 13:15:00,0,0,0.4426458477973938
cnn,pso,1,1654,2024-06-06 13:20:00,0,0,0.4320757985115051
cnn,pso,1,1655,2024-06-06 13:20:00,0,0,0.4445115625858307
cnn,pso,1,1656,2024-06-06 13:25:00,0,0,0.4455203711986542
cnn,pso,1,1657,2024-06-06 13:25:00,0,0,0.4504493176937103
cnn,pso,1,1658,2024-06-06 13:30:00,0,0,0.4229208528995514
cnn,pso,1,1659,2024-06-06 13:30:00,0,0,0.42245370149612427
cnn,pso,1,1660,2024-06-06 13:35:00,0,0,0.390999972820282
cnn,pso,1,1661,2024-06-06 13:35:00,0,0,0.4039791524410248
cnn,pso,1,1662,2024-06-06 13:40:00,1,0,0.37650126218795776
cnn,pso,1,1663,2024-06-06 13:40:00,0,0,0.37015992403030396
cnn,pso,1,1664,2024-06-06 13:45:00,1,0,0.3834642171859741
cnn,pso,1,1665,2024-06-06 13:45:00,1,0,0.35900285840034485
cnn,pso,1,1666,2024-06-06 13:50:00,1,0,0.4296519160270691
cnn,pso,1,1667,2024-06-06 13:50:00,1,0,0.4264586567878723
cnn,pso,1,1668,2024-06-06 13:55:00,1,0,0.4678979814052582
cnn,pso,1,1669,2024-06-06 13:55:00,1,0,0.46789267659187317
cnn,pso,1,1670,2024-06-06 14:00:00,1,1,0.5273230671882629
cnn,pso,1,1671,2024-06-06 14:00:00,1,1,0.532043993473053
cnn,pso,1,1672,2024-06-06 14:05:00,1,1,0.5359238386154175
cnn,pso,1,1673,2024-06-06 14:05:00,1,1,0.5528655648231506
cnn,pso,1,1674,2024-06-06 14:10:00,1,1,0.5679792165756226
cnn,pso,1,1675,2024-06-06 14:10:00,1,1,0.5252223610877991
cnn,pso,1,1676,2024-06-06 14:15:00,1,1,0.5332976579666138
cnn,pso,1,1677,2024-06-06 14:15:00,1,1,0.5414832830429077
cnn,pso,1,1678,2024-06-06 14:20:00,1,1,0.5788015723228455
cnn,pso,1,1679,2024-06-06 14:20:00,1,1,0.5828061103820801
cnn,pso,1,1680,2024-06-06 14:25:00,1,1,0.6026984453201294
cnn,pso,1,1681,2024-06-06 14:25:00,1,1,0.6079160571098328
cnn,pso,1,1682,2024-06-06 14:30:00,1,1,0.6258569955825806
cnn,pso,1,1683,2024-06-06 14:30:00,1,1,0.6157755255699158
cnn,pso,1,1684,2024-06-06 14:35:00,1,1,0.6391612887382507
cnn,pso,1,1685,2024-06-06 14:35:00,1,1,0.6417484879493713
cnn,pso,1,1686,2024-06-06 14:40:00,1,1,0.6096099615097046
cnn,pso,1,1687,2024-06-06 14:40:00,0,1,0.6319441199302673
cnn,pso,1,1688,2024-06-06 14:45:00,0,1,0.5326319336891174
cnn,pso,1,1689,2024-06-06 14:45:00,1,1,0.5173980593681335
cnn,pso,1,1690,2024-06-06 14:50:00,0,0,0.44285672903060913
cnn,pso,1,1691,2024-06-06 14:50:00,1,0,0.4451911747455597
cnn,pso,1,1692,2024-06-06 14:55:00,0,0,0.40020960569381714
cnn,pso,1,1693,2024-06-06 14:55:00,1,0,0.4262411892414093
cnn,pso,1,1694,2024-06-06 15:00:00,1,0,0.42133212089538574
cnn,pso,1,1695,2024-06-06 15:00:00,0,0,0.4100923538208008
cnn,pso,1,1696,2024-06-06 15:05:00,1,0,0.3605470061302185
cnn,pso,1,1697,2024-06-06 15:05:00,1,0,0.3702092170715332
cnn,pso,1,1698,2024-06-06 15:10:00,1,0,0.3495650887489319
cnn,pso,1,1699,2024-06-06 15:10:00,1,0,0.3432970941066742
cnn,pso,1,1700,2024-06-06 15:15:00,1,0,0.44093143939971924
cnn,pso,1,1701,2024-06-06 15:15:00,1,0,0.44320768117904663
cnn,pso,1,1702,2024-06-06 15:20:00,1,0,0.48945438861846924
cnn,pso,1,1703,2024-06-06 15:20:00,1,0,0.49417856335639954
cnn,pso,1,1704,2024-06-06 15:25:00,1,1,0.5151785612106323
cnn,pso,1,1705,2024-06-06 15:25:00,1,1,0.5129023790359497
cnn,pso,1,1706,2024-06-06 15:30:00,1,1,0.5270485877990723
cnn,pso,1,1707,2024-06-06 15:30:00,1,1,0.5252566337585449
cnn,pso,1,1708,2024-06-06 15:35:00,1,1,0.5503576993942261
cnn,pso,1,1709,2024-06-06 15:35:00,1,1,0.5440708994865417
cnn,pso,1,1710,2024-06-06 15:40:00,1,1,0.5596277117729187
cnn,pso,1,1711,2024-06-06 15:40:00,1,1,0.5675543546676636
cnn,pso,1,1712,2024-06-06 15:45:00,1,1,0.5858654975891113
cnn,pso,1,1713,2024-06-06 15:45:00,1,1,0.6152617335319519
cnn,pso,1,1714,2024-06-06 15:50:00,1,1,0.5243359208106995
cnn,pso,1,1715,2024-06-06 15:50:00,1,1,0.5191253423690796
cnn,pso,1,1716,2024-06-06 15:55:00,1,0,0.45872053503990173
cnn,pso,1,1717,2024-06-06 15:55:00,1,0,0.46565699577331543
cnn,pso,1,1718,2024-06-06 16:00:00,1,0,0.4115101993083954
cnn,pso,1,1719,2024-06-06 16:00:00,1,0,0.41079482436180115
cnn,pso,1,1720,2024-06-06 16:05:00,1,0,0.421075701713562
cnn,pso,1,1721,2024-06-06 16:05:00,1,0,0.4134679436683655
cnn,pso,1,1722,2024-06-06 16:10:00,1,0,0.4192027747631073
cnn,pso,1,1723,2024-06-06 16:10:00,1,0,0.4059676229953766
cnn,pso,1,1724,2024-06-06 16:15:00,1,0,0.4163190722465515
cnn,pso,1,1725,2024-06-06 16:15:00,1,0,0.43040037155151367
cnn,pso,1,1726,2024-06-06 16:20:00,1,0,0.3858136236667633
cnn,pso,1,1727,2024-06-06 16:20:00,1,0,0.42050081491470337
cnn,pso,1,1728,2024-06-06 16:25:00,1,0,0.4197528064250946
cnn,pso,1,1729,2024-06-06 16:25:00,1,0,0.4286191761493683
cnn,pso,1,1730,2024-06-06 16:30:00,1,0,0.4151321351528168
cnn,pso,1,1731,2024-06-06 16:30:00,1,0,0.42118775844573975
cnn,pso,1,1732,2024-06-06 16:35:00,1,0,0.4514714181423187
cnn,pso,1,1733,2024-06-06 16:35:00,1,0,0.4524438679218292
cnn,pso,1,1734,2024-06-06 16:40:00,1,1,0.5194483995437622
cnn,pso,1,1735,2024-06-06 16:40:00,1,1,0.5241037011146545
cnn,pso,1,1736,2024-06-06 16:45:00,1,1,0.5608837008476257
cnn,pso,1,1737,2024-06-06 16:45:00,1,1,0.559592604637146
cnn,pso,1,1738,2024-06-06 16:50:00,1,1,0.5881531238555908
cnn,pso,1,1739,2024-06-06 16:50:00,1,1,0.6021509766578674
cnn,pso,1,1740,2024-06-06 16:55:00,0,1,0.6136295199394226
cnn,pso,1,1741,2024-06-06 16:55:00,0,1,0.6005110740661621
cnn,pso,1,1742,2024-06-06 17:00:00,0,1,0.6110109686851501
cnn,pso,1,1743,2024-06-06 17:00:00,0,1,0.5771393775939941
cnn,pso,1,1744,2024-06-06 17:05:00,0,1,0.578835666179657
cnn,pso,1,1745,2024-06-06 17:05:00,0,1,0.5350641012191772
cnn,pso,1,1746,2024-06-06 17:10:00,0,1,0.5427988767623901
cnn,pso,1,1747,2024-06-06 17:10:00,0,1,0.5321254730224609
cnn,pso,1,1748,2024-06-06 17:15:00,0,1,0.5582201480865479
cnn,pso,1,1749,2024-06-06 17:15:00,0,1,0.5380733609199524
cnn,pso,1,1750,2024-06-06 17:20:00,0,1,0.5463685989379883
cnn,pso,1,1751,2024-06-06 17:20:00,0,1,0.5342335104942322
cnn,pso,1,1752,2024-06-06 17:25:00,0,1,0.5091987252235413
cnn,pso,1,1753,2024-06-06 17:25:00,0,1,0.5305894613265991
cnn,pso,1,1754,2024-06-06 17:30:00,0,1,0.5247589945793152
cnn,pso,1,1755,2024-06-06 17:30:00,0,1,0.5179784297943115
cnn,pso,1,1756,2024-06-06 17:35:00,0,1,0.5417292714118958
cnn,pso,1,1757,2024-06-06 17:35:00,0,1,0.5369697213172913
cnn,pso,1,1758,2024-06-06 17:40:00,0,0,0.49960649013519287
cnn,pso,1,1759,2024-06-06 17:40:00,0,1,0.5069251656532288
cnn,pso,1,1760,2024-06-06 17:45:00,0,0,0.48580867052078247
cnn,pso,1,1761,2024-06-06 17:45:00,0,0,0.499847948551178
cnn,pso,1,1762,2024-06-06 17:50:00,0,1,0.5196762681007385
cnn,pso,1,1763,2024-06-06 17:50:00,0,1,0.5189228653907776
cnn,pso,1,1764,2024-06-06 17:55:00,0,0,0.4937562048435211
cnn,pso,1,1765,2024-06-06 17:55:00,1,1,0.5015846490859985
cnn,pso,1,1766,2024-06-07 17:10:00,1,0,0.4469711482524872
cnn,pso,1,1767,2024-06-07 17:15:00,1,0,0.38761699199676514
cnn,pso,1,1768,2024-06-07 17:20:00,1,1,0.51529860496521
cnn,pso,1,1769,2024-06-07 17:25:00,1,1,0.5152620673179626
cnn,pso,1,1770,2024-06-07 17:30:00,1,1,0.5240145325660706
cnn,pso,1,1771,2024-06-07 17:35:00,1,0,0.49162349104881287
cnn,pso,1,1772,2024-06-07 17:40:00,1,0,0.45679792761802673
cnn,pso,1,1773,2024-06-07 17:45:00,1,0,0.4169809818267822
cnn,pso,1,1774,2024-06-07 17:50:00,1,0,0.4484937787055969
cnn,pso,1,1775,2024-06-07 17:55:00,1,0,0.448394775390625
cnn,pso,1,1776,2024-06-10 10:40:00,1,1,0.6191790699958801
cnn,pso,1,1777,2024-06-10 10:45:00,1,1,0.650657594203949
cnn,pso,1,1778,2024-06-10 10:50:00,1,1,0.6295358538627625
cnn,pso,1,1779,2024-06-10 10:55:00,1,1,0.564430832862854
cnn,pso,1,1780,2024-06-10 11:00:00,1,1,0.5336949825286865
cnn,pso,1,1781,2024-06-10 11:05:00,1,1,0.5128924250602722
cnn,pso,1,1782,2024-06-10 11:10:00,1,1,0.5276174545288086
cnn,pso,1,1783,2024-06-10 11:15:00,1,1,0.5665223598480225
cnn,pso,1,1784,2024-06-10 11:20:00,1,1,0.5904988050460815
cnn,pso,1,1785,2024-06-10 11:25:00,1,1,0.576619565486908
cnn,pso,1,1786,2024-06-10 11:30:00,1,1,0.5329846143722534
cnn,pso,1,1787,2024-06-10 11:35:00,1,1,0.5331271290779114
cnn,pso,1,1788,2024-06-10 11:40:00,1,1,0.5461630821228027
cnn,pso,1,1789,2024-06-10 11:45:00,1,1,0.552985668182373
cnn,pso,1,1790,2024-06-10 11:50:00,0,1,0.5724161863327026
cnn,pso,1,1791,2024-06-10 11:50:00,0,1,0.568413496017456
cnn,pso,1,1792,2024-06-10 11:55:00,0,1,0.5090667009353638
cnn,pso,1,1793,2024-06-10 11:55:00,0,1,0.5130994915962219
cnn,pso,1,1794,2024-06-10 12:00:00,0,0,0.48837730288505554
cnn,pso,1,1795,2024-06-10 12:00:00,0,0,0.4882572889328003
cnn,pso,1,1796,2024-06-10 12:05:00,0,0,0.46895095705986023
cnn,pso,1,1797,2024-06-10 12:05:00,0,0,0.4806506335735321
cnn,pso,1,1798,2024-06-10 12:10:00,0,0,0.44626617431640625
cnn,pso,1,1799,2024-06-10 12:10:00,0,0,0.4395711123943329
cnn,pso,1,1800,2024-06-10 12:15:00,0,0,0.4576084017753601
cnn,pso,1,1801,2024-06-10 12:15:00,0,0,0.45910707116127014
cnn,pso,1,1802,2024-06-10 12:20:00,0,0,0.4600884020328522
cnn,pso,1,1803,2024-06-10 12:20:00,0,0,0.4566725492477417
cnn,pso,1,1804,2024-06-10 12:25:00,0,0,0.44971519708633423
cnn,pso,1,1805,2024-06-10 12:25:00,0,0,0.449653297662735
cnn,pso,1,1806,2024-06-10 12:30:00,0,0,0.4240802824497223
cnn,pso,1,1807,2024-06-10 12:30:00,0,0,0.4232071042060852
cnn,pso,1,1808,2024-06-10 12:35:00,0,0,0.44147467613220215
cnn,pso,1,1809,2024-06-10 12:35:00,0,0,0.43547317385673523
cnn,pso,1,1810,2024-06-10 12:40:00,0,0,0.45841702818870544
cnn,pso,1,1811,2024-06-10 12:40:00,0,0,0.4565400183200836
cnn,pso,1,1812,2024-06-10 12:45:00,0,0,0.46952757239341736
cnn,pso,1,1813,2024-06-10 12:45:00,0,0,0.46727079153060913
cnn,pso,1,1814,2024-06-10 12:50:00,1,0,0.43475133180618286
cnn,pso,1,1815,2024-06-10 12:50:00,0,0,0.4375486671924591
cnn,pso,1,1816,2024-06-10 12:55:00,1,0,0.46049413084983826
cnn,pso,1,1817,2024-06-10 12:55:00,0,0,0.45693662762641907
cnn,pso,1,1818,2024-06-10 13:00:00,1,0,0.48492762446403503
cnn,pso,1,1819,2024-06-10 13:00:00,0,0,0.47920045256614685
cnn,pso,1,1820,2024-06-10 13:05:00,1,1,0.5107296705245972
cnn,pso,1,1821,2024-06-10 13:05:00,0,1,0.509101152420044
cnn,pso,1,1822,2024-06-10 13:10:00,0,1,0.539901614189148
cnn,pso,1,1823,2024-06-10 13:10:00,0,1,0.5382058620452881
cnn,pso,1,1824,2024-06-10 13:15:00,0,1,0.5279399752616882
cnn,pso,1,1825,2024-06-10 13:15:00,0,1,0.5262330174446106
cnn,pso,1,1826,2024-06-10 13:20:00,0,1,0.5091802477836609
cnn,pso,1,1827,2024-06-10 13:20:00,0,1,0.5088110566139221
cnn,pso,1,1828,2024-06-10 13:25:00,0,0,0.47807586193084717
cnn,pso,1,1829,2024-06-10 13:25:00,0,0,0.4834144711494446
cnn,pso,1,1830,2024-06-10 13:30:00,0,0,0.44763368368148804
cnn,pso,1,1831,2024-06-10 13:30:00,0,0,0.45408597588539124
cnn,pso,1,1832,2024-06-10 13:35:00,0,0,0.4657619893550873
cnn,pso,1,1833,2024-06-10 13:35:00,0,0,0.4681582748889923
cnn,pso,1,1834,2024-06-10 13:40:00,0,0,0.4995030462741852
cnn,pso,1,1835,2024-06-10 13:40:00,0,0,0.49810686707496643
cnn,pso,1,1836,2024-06-10 13:45:00,0,0,0.4732067584991455
cnn,pso,1,1837,2024-06-10 13:45:00,0,0,0.4740830659866333
cnn,pso,1,1838,2024-06-10 13:50:00,0,0,0.4810634255409241
cnn,pso,1,1839,2024-06-10 13:50:00,0,0,0.4806867241859436
cnn,pso,1,1840,2024-06-10 13:55:00,0,0,0.48918724060058594
cnn,pso,1,1841,2024-06-10 13:55:00,0,0,0.49175554513931274
cnn,pso,1,1842,2024-06-10 14:00:00,0,1,0.5029425621032715
cnn,pso,1,1843,2024-06-10 14:00:00,0,1,0.5012699961662292
cnn,pso,1,1844,2024-06-10 14:05:00,0,1,0.5048621892929077
cnn,pso,1,1845,2024-06-10 14:05:00,0,1,0.5069689750671387
cnn,pso,1,1846,2024-06-10 14:10:00,0,0,0.4704035520553589
cnn,pso,1,1847,2024-06-10 14:10:00,0,0,0.4719732999801636
cnn,pso,1,1848,2024-06-10 14:15:00,0,0,0.4532196521759033
cnn,pso,1,1849,2024-06-10 14:15:00,0,0,0.45016950368881226
cnn,pso,1,1850,2024-06-10 14:20:00,0,0,0.431995153427124
cnn,pso,1,1851,2024-06-10 14:20:00,0,0,0.42549532651901245
cnn,pso,1,1852,2024-06-10 14:25:00,0,0,0.4478569030761719
cnn,pso,1,1853,2024-06-10 14:25:00,0,0,0.4530509412288666
cnn,pso,1,1854,2024-06-10 14:30:00,0,0,0.46995317935943604
cnn,pso,1,1855,2024-06-10 14:30:00,0,0,0.4723922908306122
cnn,pso,1,1856,2024-06-10 14:35:00,0,0,0.48274746537208557
cnn,pso,1,1857,2024-06-10 14:35:00,0,0,0.490474671125412
cnn,pso,1,1858,2024-06-10 14:40:00,0,0,0.4927913546562195
cnn,pso,1,1859,2024-06-10 14:40:00,0,0,0.4943777620792389
cnn,pso,1,1860,2024-06-10 14:45:00,0,1,0.5296413898468018
cnn,pso,1,1861,2024-06-10 14:45:00,0,1,0.5289447903633118
cnn,pso,1,1862,2024-06-10 14:50:00,0,1,0.5185269117355347
cnn,pso,1,1863,2024-06-10 14:50:00,0,1,0.5232242941856384
cnn,pso,1,1864,2024-06-10 14:55:00,0,0,0.45390596985816956
cnn,pso,1,1865,2024-06-10 14:55:00,0,0,0.45483967661857605
cnn,pso,1,1866,2024-06-10 15:00:00,0,0,0.38945433497428894
cnn,pso,1,1867,2024-06-10 15:00:00,0,0,0.39303848147392273
cnn,pso,1,1868,2024-06-10 15:05:00,0,0,0.38903385400772095
cnn,pso,1,1869,2024-06-10 15:05:00,0,0,0.3950458765029907
cnn,pso,1,1870,2024-06-10 15:10:00,0,0,0.3934347927570343
cnn,pso,1,1871,2024-06-10 15:10:00,0,0,0.3974584639072418
cnn,pso,1,1872,2024-06-10 15:15:00,0,0,0.41477829217910767
cnn,pso,1,1873,2024-06-10 15:15:00,0,0,0.41781046986579895
cnn,pso,1,1874,2024-06-10 15:20:00,1,0,0.4172022044658661
cnn,pso,1,1875,2024-06-10 15:20:00,1,0,0.41308850049972534
cnn,pso,1,1876,2024-06-10 15:25:00,1,0,0.4376668334007263
cnn,pso,1,1877,2024-06-10 15:25:00,1,0,0.4439513385295868
cnn,pso,1,1878,2024-06-10 15:30:00,1,0,0.46515658497810364
cnn,pso,1,1879,2024-06-10 15:30:00,1,0,0.4672307074069977
cnn,pso,1,1880,2024-06-10 15:35:00,1,1,0.5531273484230042
cnn,pso,1,1881,2024-06-10 15:35:00,1,1,0.5525627732276917
cnn,pso,1,1882,2024-06-10 15:40:00,0,1,0.596326470375061
cnn,pso,1,1883,2024-06-10 15:40:00,0,1,0.5948934555053711
cnn,pso,1,1884,2024-06-10 15:45:00,0,1,0.5816797018051147
cnn,pso,1,1885,2024-06-10 15:45:00,0,1,0.5851367115974426
cnn,pso,1,1886,2024-06-10 15:50:00,0,1,0.5727154016494751
cnn,pso,1,1887,2024-06-10 15:50:00,0,1,0.5752456188201904
cnn,pso,1,1888,2024-06-10 15:55:00,0,1,0.5372344851493835
cnn,pso,1,1889,2024-06-10 15:55:00,0,1,0.5345336198806763
cnn,pso,1,1890,2024-06-10 16:00:00,0,1,0.5348702073097229
cnn,pso,1,1891,2024-06-10 16:00:00,0,1,0.5332434773445129
cnn,pso,1,1892,2024-06-10 16:05:00,0,0,0.4747872054576874
cnn,pso,1,1893,2024-06-10 16:05:00,0,0,0.4740087687969208
cnn,pso,1,1894,2024-06-10 16:10:00,0,1,0.5040544271469116
cnn,pso,1,1895,2024-06-10 16:10:00,0,1,0.5039671063423157
cnn,pso,1,1896,2024-06-10 16:15:00,0,1,0.5091701745986938
cnn,pso,1,1897,2024-06-10 16:15:00,0,1,0.5090599656105042
cnn,pso,1,1898,2024-06-10 16:20:00,0,1,0.5132755041122437
cnn,pso,1,1899,2024-06-10 16:20:00,0,1,0.5144921541213989
cnn,pso,1,1900,2024-06-10 16:25:00,0,0,0.4916078746318817
cnn,pso,1,1901,2024-06-10 16:25:00,0,0,0.48506391048431396
cnn,pso,1,1902,2024-06-10 16:30:00,0,0,0.4445309638977051
cnn,pso,1,1903,2024-06-10 16:30:00,0,0,0.44162946939468384
cnn,pso,1,1904,2024-06-10 16:35:00,0,0,0.4398113489151001
cnn,pso,1,1905,2024-06-10 16:35:00,0,0,0.43011197447776794
cnn,pso,1,1906,2024-06-10 16:40:00,0,0,0.4923679232597351
cnn,pso,1,1907,2024-06-10 16:40:00,0,0,0.49420952796936035
cnn,pso,1,1908,2024-06-10 16:45:00,0,0,0.46596285700798035
cnn,pso,1,1909,2024-06-10 16:45:00,0,0,0.47390544414520264
cnn,pso,1,1910,2024-06-10 16:50:00,0,0,0.45041623711586
cnn,pso,1,1911,2024-06-10 16:50:00,0,0,0.4329555034637451
cnn,pso,1,1912,2024-06-10 16:55:00,0,0,0.45600956678390503
cnn,pso,1,1913,2024-06-10 16:55:00,0,0,0.44780436158180237
cnn,pso,1,1914,2024-06-10 17:00:00,0,0,0.4614395797252655
cnn,pso,1,1915,2024-06-10 17:00:00,1,0,0.4585619568824768
cnn,pso,1,1916,2024-06-10 17:05:00,1,0,0.45997291803359985
cnn,pso,1,1917,2024-06-10 17:05:00,0,0,0.4660685658454895
cnn,pso,1,1918,2024-06-10 17:10:00,1,0,0.49067941308021545
cnn,pso,1,1919,2024-06-10 17:10:00,0,0,0.48836052417755127
cnn,pso,1,1920,2024-06-10 17:15:00,1,0,0.4811868965625763
cnn,pso,1,1921,2024-06-10 17:15:00,1,0,0.4767768979072571
cnn,pso,1,1922,2024-06-10 17:20:00,1,0,0.4790574312210083
cnn,pso,1,1923,2024-06-10 17:20:00,1,0,0.47937339544296265
cnn,pso,1,1924,2024-06-10 17:25:00,1,1,0.505169689655304
cnn,pso,1,1925,2024-06-10 17:25:00,1,1,0.5061367750167847
cnn,pso,1,1926,2024-06-10 17:30:00,1,1,0.5394313335418701
cnn,pso,1,1927,2024-06-10 17:30:00,1,1,0.5359010100364685
cnn,pso,1,1928,2024-06-10 17:35:00,1,1,0.5544178485870361
cnn,pso,1,1929,2024-06-10 17:35:00,1,1,0.559698760509491
cnn,pso,1,1930,2024-06-10 17:40:00,1,1,0.5425736308097839
cnn,pso,1,1931,2024-06-10 17:40:00,1,1,0.5416203141212463
cnn,pso,1,1932,2024-06-10 17:45:00,1,1,0.5415521264076233
cnn,pso,1,1933,2024-06-10 17:45:00,1,1,0.5388633012771606
cnn,pso,1,1934,2024-06-10 17:50:00,1,1,0.5163679718971252
cnn,pso,1,1935,2024-06-10 17:50:00,1,1,0.5173686742782593
cnn,pso,1,1936,2024-06-10 17:55:00,0,1,0.5196155309677124
cnn,pso,1,1937,2024-06-10 17:55:00,0,1,0.5194392800331116
cnn,pso,1,1938,2024-06-12 10:40:00,0,0,0.19786320626735687
cnn,pso,1,1939,2024-06-12 10:40:00,0,0,0.19583003222942352
cnn,pso,1,1940,2024-06-12 10:45:00,0,0,0.19209997355937958
cnn,pso,1,1941,2024-06-12 10:45:00,0,0,0.19383718073368073
cnn,pso,1,1942,2024-06-12 10:50:00,0,0,0.1874266117811203
cnn,pso,1,1943,2024-06-12 10:50:00,0,0,0.1901269406080246
cnn,pso,1,1944,2024-06-12 10:55:00,0,0,0.1980595737695694
cnn,pso,1,1945,2024-06-12 10:55:00,0,0,0.1995970457792282
cnn,pso,1,1946,2024-06-12 11:00:00,1,0,0.18970604240894318
cnn,pso,1,1947,2024-06-12 11:00:00,0,0,0.1886923760175705
cnn,pso,1,1948,2024-06-12 11:05:00,0,0,0.21739308536052704
cnn,pso,1,1949,2024-06-12 11:05:00,1,0,0.21999512612819672
cnn,pso,1,1950,2024-06-12 11:10:00,1,0,0.24609610438346863
cnn,pso,1,1951,2024-06-12 11:10:00,1,0,0.2405470758676529
cnn,pso,1,1952,2024-06-12 11:15:00,1,0,0.31994614005088806
cnn,pso,1,1953,2024-06-12 11:15:00,1,0,0.3208731412887573
cnn,pso,1,1954,2024-06-12 11:20:00,1,0,0.40862998366355896
cnn,pso,1,1955,2024-06-12 11:20:00,1,0,0.41614943742752075
cnn,pso,1,1956,2024-06-12 11:25:00,1,0,0.4762376546859741
cnn,pso,1,1957,2024-06-12 11:25:00,1,0,0.4803749918937683
cnn,pso,1,1958,2024-06-12 11:30:00,1,0,0.47449690103530884
cnn,pso,1,1959,2024-06-12 11:30:00,1,0,0.4813968539237976
cnn,pso,1,1960,2024-06-12 11:35:00,1,0,0.4398038387298584
cnn,pso,1,1961,2024-06-12 11:35:00,1,0,0.44958510994911194
cnn,pso,1,1962,2024-06-12 11:40:00,1,0,0.4361571967601776
cnn,pso,1,1963,2024-06-12 11:40:00,1,0,0.44185376167297363
cnn,pso,1,1964,2024-06-12 11:45:00,1,0,0.42366501688957214
cnn,pso,1,1965,2024-06-12 11:45:00,1,0,0.42721834778785706
cnn,pso,1,1966,2024-06-12 11:50:00,1,0,0.4392894506454468
cnn,pso,1,1967,2024-06-12 11:50:00,1,0,0.442619651556015
cnn,pso,1,1968,2024-06-12 11:55:00,1,0,0.4427042007446289
cnn,pso,1,1969,2024-06-12 11:55:00,1,0,0.43982693552970886
cnn,pso,1,1970,2024-06-12 12:00:00,1,0,0.41838720440864563
cnn,pso,1,1971,2024-06-12 12:00:00,1,0,0.4196370840072632
cnn,pso,1,1972,2024-06-12 12:05:00,1,0,0.40386977791786194
cnn,pso,1,1973,2024-06-12 12:05:00,1,0,0.403553307056427
cnn,pso,1,1974,2024-06-12 12:10:00,1,0,0.3863544762134552
cnn,pso,1,1975,2024-06-12 12:10:00,1,0,0.38762858510017395
cnn,pso,1,1976,2024-06-12 12:15:00,1,0,0.39891818165779114
cnn,pso,1,1977,2024-06-12 12:15:00,1,0,0.40282654762268066
cnn,pso,1,1978,2024-06-12 12:20:00,1,0,0.467678040266037
cnn,pso,1,1979,2024-06-12 12:20:00,1,0,0.4674079120159149
cnn,pso,1,1980,2024-06-12 12:25:00,1,1,0.5283196568489075
cnn,pso,1,1981,2024-06-12 12:25:00,1,1,0.5366595983505249
cnn,pso,1,1982,2024-06-12 12:30:00,1,1,0.5387197136878967
cnn,pso,1,1983,2024-06-12 12:30:00,1,1,0.5490699410438538
cnn,pso,1,1984,2024-06-12 12:35:00,1,1,0.5476870536804199
cnn,pso,1,1985,2024-06-12 12:35:00,1,1,0.5525041222572327
cnn,pso,1,1986,2024-06-12 12:40:00,1,1,0.5620583295822144
cnn,pso,1,1987,2024-06-12 12:40:00,1,1,0.5687400698661804
cnn,pso,1,1988,2024-06-12 12:45:00,1,1,0.5642252564430237
cnn,pso,1,1989,2024-06-12 12:45:00,1,1,0.5609379410743713
cnn,pso,1,1990,2024-06-12 12:50:00,1,1,0.5584849119186401
cnn,pso,1,1991,2024-06-12 12:50:00,1,1,0.5609415173530579
cnn,pso,1,1992,2024-06-12 12:55:00,1,1,0.5501446723937988
cnn,pso,1,1993,2024-06-12 12:55:00,1,1,0.55730140209198
cnn,pso,1,1994,2024-06-12 13:00:00,1,1,0.5501923561096191
cnn,pso,1,1995,2024-06-12 13:00:00,1,1,0.5453299880027771
cnn,pso,1,1996,2024-06-12 13:05:00,1,0,0.49499043822288513
cnn,pso,1,1997,2024-06-12 13:05:00,1,1,0.5008448362350464
cnn,pso,1,1998,2024-06-12 13:10:00,1,0,0.4534623920917511
cnn,pso,1,1999,2024-06-12 13:10:00,1,0,0.4473893642425537
cnn,pso,1,2000,2024-06-12 13:15:00,1,0,0.47604575753211975
cnn,pso,1,2001,2024-06-12 13:15:00,1,0,0.4789835810661316
cnn,pso,1,2002,2024-06-12 13:20:00,1,1,0.5113619565963745
cnn,pso,1,2003,2024-06-12 13:20:00,1,1,0.5050954818725586
cnn,pso,1,2004,2024-06-12 13:25:00,1,1,0.5519648790359497
cnn,pso,1,2005,2024-06-12 13:25:00,1,1,0.5481653213500977
cnn,pso,1,2006,2024-06-12 13:30:00,1,1,0.5909808278083801
cnn,pso,1,2007,2024-06-12 13:30:00,1,1,0.593056857585907
cnn,pso,1,2008,2024-06-12 13:35:00,1,1,0.6102450489997864
cnn,pso,1,2009,2024-06-12 13:35:00,1,1,0.6087245345115662
cnn,pso,1,2010,2024-06-12 13:40:00,1,1,0.6220191717147827
cnn,pso,1,2011,2024-06-12 13:40:00,1,1,0.6167466044425964
cnn,pso,1,2012,2024-06-12 13:45:00,1,1,0.5704684257507324
cnn,pso,1,2013,2024-06-12 13:45:00,1,1,0.5841107964515686
cnn,pso,1,2014,2024-06-12 13:50:00,0,1,0.5820895433425903
cnn,pso,1,2015,2024-06-12 13:50:00,1,1,0.5885480046272278
cnn,pso,1,2016,2024-06-12 13:55:00,1,1,0.5330689549446106
cnn,pso,1,2017,2024-06-12 13:55:00,0,1,0.5363491773605347
cnn,pso,1,2018,2024-06-12 14:00:00,0,0,0.4527266323566437
cnn,pso,1,2019,2024-06-12 14:00:00,1,0,0.43740999698638916
cnn,pso,1,2020,2024-06-12 14:05:00,0,0,0.4001634120941162
cnn,pso,1,2021,2024-06-12 14:05:00,1,0,0.3697957992553711
cnn,pso,1,2022,2024-06-12 14:10:00,0,0,0.4179988503456116
cnn,pso,1,2023,2024-06-12 14:10:00,1,0,0.38746553659439087
cnn,pso,1,2024,2024-06-12 14:15:00,1,0,0.384175181388855
cnn,pso,1,2025,2024-06-12 14:15:00,0,0,0.4288742244243622
cnn,pso,1,2026,2024-06-12 14:20:00,1,0,0.4756653606891632
cnn,pso,1,2027,2024-06-12 14:20:00,0,0,0.4891081750392914
cnn,pso,1,2028,2024-06-12 14:25:00,1,0,0.4885996878147125
cnn,pso,1,2029,2024-06-12 14:25:00,0,0,0.4890618622303009
cnn,pso,1,2030,2024-06-12 14:30:00,0,1,0.5327296257019043
cnn,pso,1,2031,2024-06-12 14:30:00,1,1,0.5306161046028137
cnn,pso,1,2032,2024-06-12 14:35:00,0,1,0.5573960542678833
cnn,pso,1,2033,2024-06-12 14:35:00,1,1,0.5648122429847717
cnn,pso,1,2034,2024-06-12 14:40:00,1,1,0.5862957239151001
cnn,pso,1,2035,2024-06-12 14:40:00,0,1,0.5660386085510254
cnn,pso,1,2036,2024-06-12 14:45:00,0,1,0.5918848514556885
cnn,pso,1,2037,2024-06-12 14:45:00,0,1,0.5715550780296326
cnn,pso,1,2038,2024-06-12 14:50:00,0,1,0.5425600409507751
cnn,pso,1,2039,2024-06-12 14:50:00,0,1,0.5427725911140442
cnn,pso,1,2040,2024-06-12 14:55:00,0,1,0.538776159286499
cnn,pso,1,2041,2024-06-12 14:55:00,0,1,0.5284221768379211
cnn,pso,1,2042,2024-06-12 15:00:00,0,0,0.4397040903568268
cnn,pso,1,2043,2024-06-12 15:00:00,0,0,0.47213035821914673
cnn,pso,1,2044,2024-06-12 15:05:00,0,0,0.4600299894809723
cnn,pso,1,2045,2024-06-12 15:05:00,0,0,0.44557106494903564
cnn,pso,1,2046,2024-06-12 15:10:00,0,0,0.3997109830379486
cnn,pso,1,2047,2024-06-12 15:10:00,0,0,0.43545034527778625
cnn,pso,1,2048,2024-06-12 15:15:00,0,0,0.48134955763816833
cnn,pso,1,2049,2024-06-12 15:15:00,0,0,0.4632187485694885
cnn,pso,1,2050,2024-06-12 15:20:00,0,0,0.45944011211395264
cnn,pso,1,2051,2024-06-12 15:20:00,0,0,0.48226454854011536
cnn,pso,1,2052,2024-06-12 15:25:00,0,0,0.4807018041610718
cnn,pso,1,2053,2024-06-12 15:25:00,0,0,0.4948354661464691
cnn,pso,1,2054,2024-06-12 15:30:00,0,0,0.44644367694854736
cnn,pso,1,2055,2024-06-12 15:30:00,0,0,0.48423442244529724
cnn,pso,1,2056,2024-06-12 15:35:00,0,0,0.44190436601638794
cnn,pso,1,2057,2024-06-12 15:35:00,0,0,0.4666748344898224
cnn,pso,1,2058,2024-06-12 15:40:00,0,0,0.43299949169158936
cnn,pso,1,2059,2024-06-12 15:40:00,0,0,0.349938303232193
cnn,pso,1,2060,2024-06-12 15:45:00,1,0,0.37205439805984497
cnn,pso,1,2061,2024-06-12 15:45:00,1,0,0.2595420777797699
cnn,pso,1,2062,2024-06-12 15:50:00,1,0,0.36103034019470215
cnn,pso,1,2063,2024-06-12 15:50:00,1,0,0.25795045495033264
cnn,pso,1,2064,2024-06-12 15:55:00,1,0,0.33453214168548584
cnn,pso,1,2065,2024-06-12 15:55:00,1,0,0.4077567458152771
cnn,pso,1,2066,2024-06-12 16:00:00,1,0,0.40948715806007385
cnn,pso,1,2067,2024-06-12 16:00:00,1,0,0.4476383328437805
cnn,pso,1,2068,2024-06-12 16:05:00,1,0,0.4273306727409363
cnn,pso,1,2069,2024-06-12 16:05:00,1,0,0.46488767862319946
cnn,pso,1,2070,2024-06-12 16:10:00,1,0,0.49476557970046997
cnn,pso,1,2071,2024-06-12 16:10:00,1,0,0.48657435178756714
cnn,pso,1,2072,2024-06-12 16:15:00,0,1,0.5611515045166016
cnn,pso,1,2073,2024-06-12 16:15:00,1,1,0.5191234946250916
cnn,pso,1,2074,2024-06-12 16:20:00,1,1,0.5029515027999878
cnn,pso,1,2075,2024-06-12 16:20:00,0,0,0.4931689202785492
cnn,pso,1,2076,2024-06-12 16:25:00,0,0,0.443030446767807
cnn,pso,1,2077,2024-06-12 16:25:00,1,0,0.481594979763031
cnn,pso,1,2078,2024-06-12 16:30:00,0,0,0.47318774461746216
cnn,pso,1,2079,2024-06-12 16:30:00,1,0,0.4900676906108856
cnn,pso,1,2080,2024-06-12 16:35:00,1,1,0.5114340782165527
cnn,pso,1,2081,2024-06-12 16:35:00,0,0,0.49985918402671814
cnn,pso,1,2082,2024-06-12 16:40:00,1,1,0.5106379389762878
cnn,pso,1,2083,2024-06-12 16:40:00,0,1,0.5056604743003845
cnn,pso,1,2084,2024-06-12 16:45:00,0,1,0.546356201171875
cnn,pso,1,2085,2024-06-12 16:45:00,1,1,0.5264419317245483
cnn,pso,1,2086,2024-06-12 16:50:00,0,1,0.5637155175209045
cnn,pso,1,2087,2024-06-12 16:50:00,1,1,0.5488182902336121
cnn,pso,1,2088,2024-06-12 16:55:00,0,1,0.5506842732429504
cnn,pso,1,2089,2024-06-12 17:00:00,0,1,0.5542073249816895
cnn,pso,1,2090,2024-06-12 17:05:00,0,0,0.4977959096431732
cnn,pso,1,2091,2024-06-12 17:10:00,0,1,0.5039178729057312
cnn,pso,1,2092,2024-06-12 17:15:00,0,0,0.48493218421936035
cnn,pso,1,2093,2024-06-12 17:20:00,0,1,0.5031183362007141
cnn,pso,1,2094,2024-06-12 17:25:00,0,0,0.4752058982849121
cnn,pso,1,2095,2024-06-12 17:30:00,0,0,0.4330577850341797
cnn,pso,1,2096,2024-06-12 17:35:00,0,0,0.3926754295825958
cnn,pso,1,2097,2024-06-12 17:40:00,0,0,0.3626611530780792
cnn,pso,1,2098,2024-06-12 17:45:00,0,0,0.41791045665740967
cnn,pso,1,2099,2024-06-12 17:50:00,0,0,0.41470712423324585
cnn,pso,1,2100,2024-06-12 17:55:00,0,0,0.402254194021225
cnn,pso,1,2101,2024-06-13 12:10:00,1,0,0.4018506407737732
cnn,pso,1,2102,2024-06-13 12:15:00,1,0,0.4902184307575226
cnn,pso,1,2103,2024-06-13 12:20:00,1,1,0.5818465352058411
cnn,pso,1,2104,2024-06-13 12:25:00,1,1,0.6502261757850647
cnn,pso,1,2105,2024-06-13 12:30:00,1,1,0.6582721471786499
cnn,pso,1,2106,2024-06-13 12:35:00,1,1,0.6024097800254822
cnn,pso,1,2107,2024-06-13 12:40:00,1,1,0.5821958780288696
cnn,pso,1,2108,2024-06-13 12:45:00,1,1,0.571399450302124
cnn,pso,1,2109,2024-06-13 12:50:00,1,1,0.5811593532562256
cnn,pso,1,2110,2024-06-13 12:55:00,1,1,0.5885732173919678
cnn,pso,1,2111,2024-06-13 13:00:00,1,1,0.5765527486801147
cnn,pso,1,2112,2024-06-13 13:05:00,1,1,0.6037095785140991
cnn,pso,1,2113,2024-06-13 13:10:00,1,1,0.5778746604919434
cnn,pso,1,2114,2024-06-13 13:15:00,1,1,0.5320723652839661
cnn,pso,1,2115,2024-06-13 13:20:00,1,1,0.5154597759246826
cnn,pso,1,2116,2024-06-13 13:25:00,1,0,0.4649690091609955
cnn,pso,1,2117,2024-06-13 13:30:00,1,0,0.4910295903682709
cnn,pso,1,2118,2024-06-13 13:35:00,1,0,0.48751550912857056
cnn,pso,1,2119,2024-06-13 13:40:00,1,0,0.4455373287200928
cnn,pso,1,2120,2024-06-13 13:45:00,1,0,0.47002682089805603
cnn,pso,1,2121,2024-06-13 13:50:00,1,1,0.5551648736000061
cnn,pso,1,2122,2024-06-13 13:55:00,1,1,0.5764076709747314
cnn,pso,1,2123,2024-06-13 14:00:00,1,1,0.5717158913612366
cnn,pso,1,2124,2024-06-13 14:05:00,1,1,0.5724710822105408
cnn,pso,1,2125,2024-06-13 14:10:00,0,1,0.5781362056732178
cnn,pso,1,2126,2024-06-13 14:15:00,0,1,0.5192543864250183
cnn,pso,1,2127,2024-06-13 14:20:00,0,0,0.4983564019203186
cnn,pso,1,2128,2024-06-13 14:25:00,0,0,0.4612724184989929
cnn,pso,1,2129,2024-06-13 14:30:00,0,0,0.41805499792099
cnn,pso,1,2130,2024-06-13 14:35:00,0,0,0.42991507053375244
cnn,pso,1,2131,2024-06-13 14:40:00,0,0,0.4661998450756073
cnn,pso,1,2132,2024-06-13 14:45:00,0,0,0.44617369771003723
cnn,pso,1,2133,2024-06-13 14:50:00,0,0,0.4580940008163452
cnn,pso,1,2134,2024-06-13 14:55:00,0,0,0.49886128306388855
cnn,pso,1,2135,2024-06-13 15:00:00,0,1,0.5185106992721558
cnn,pso,1,2136,2024-06-13 15:05:00,0,1,0.5501360297203064
cnn,pso,1,2137,2024-06-13 15:10:00,0,1,0.5224719643592834
cnn,pso,1,2138,2024-06-13 15:15:00,0,0,0.47609931230545044
cnn,pso,1,2139,2024-06-13 15:20:00,0,0,0.485960990190506
cnn,pso,1,2140,2024-06-13 15:25:00,0,0,0.4939950406551361
cnn,pso,1,2141,2024-06-13 15:30:00,0,1,0.5167961716651917
cnn,pso,1,2142,2024-06-13 15:35:00,0,0,0.48154011368751526
cnn,pso,1,2143,2024-06-13 15:40:00,0,1,0.5259461998939514
cnn,pso,1,2144,2024-06-13 15:45:00,0,1,0.5671730041503906
cnn,pso,1,2145,2024-06-13 15:50:00,0,1,0.5375209450721741
cnn,pso,1,2146,2024-06-13 15:55:00,0,1,0.5338466763496399
cnn,pso,1,2147,2024-06-13 16:00:00,0,1,0.521386444568634
cnn,pso,1,2148,2024-06-13 16:05:00,0,1,0.5037219524383545
cnn,pso,1,2149,2024-06-13 16:10:00,0,0,0.4694308936595917
cnn,pso,1,2150,2024-06-13 16:15:00,0,0,0.47815075516700745
cnn,pso,1,2151,2024-06-13 16:20:00,0,0,0.49991893768310547
cnn,pso,1,2152,2024-06-13 16:25:00,0,0,0.4908982217311859
cnn,pso,1,2153,2024-06-13 16:30:00,0,0,0.43758976459503174
cnn,pso,1,2154,2024-06-13 16:35:00,0,0,0.47536832094192505
cnn,pso,1,2155,2024-06-13 16:40:00,0,0,0.4711902141571045
cnn,pso,1,2156,2024-06-13 16:45:00,0,0,0.448923796415329
cnn,pso,1,2157,2024-06-13 16:50:00,0,0,0.4623545706272125
cnn,pso,1,2158,2024-06-13 16:55:00,0,0,0.4326498508453369
cnn,pso,1,2159,2024-06-13 17:00:00,0,0,0.3997592031955719
cnn,pso,1,2160,2024-06-13 17:05:00,0,0,0.34571927785873413
cnn,pso,1,2161,2024-06-13 17:10:00,0,0,0.3291061222553253
cnn,pso,1,2162,2024-06-13 17:15:00,0,0,0.3647795021533966
cnn,pso,1,2163,2024-06-13 17:20:00,0,0,0.3723715841770172
cnn,pso,1,2164,2024-06-13 17:25:00,0,0,0.39793968200683594
cnn,pso,1,2165,2024-06-13 17:30:00,0,0,0.4212033152580261
cnn,pso,1,2166,2024-06-13 17:35:00,0,0,0.39581921696662903
cnn,pso,1,2167,2024-06-13 17:40:00,0,0,0.4365944564342499
cnn,pso,1,2168,2024-06-13 17:45:00,0,0,0.47815489768981934
cnn,pso,1,2169,2024-06-13 17:50:00,0,0,0.4810152053833008
cnn,pso,1,2170,2024-06-13 17:55:00,0,0,0.47728607058525085
cnn,pso,1,2171,2024-06-14 11:05:00,1,0,0.4116685688495636
cnn,pso,1,2172,2024-06-14 11:10:00,1,0,0.4388468265533447
cnn,pso,1,2173,2024-06-14 11:15:00,1,0,0.4745740592479706
cnn,pso,1,2174,2024-06-14 11:20:00,1,1,0.5406684875488281
cnn,pso,1,2175,2024-06-14 11:25:00,1,1,0.5948499441146851
cnn,pso,1,2176,2024-06-14 11:30:00,1,1,0.5638715028762817
cnn,pso,1,2177,2024-06-14 11:35:00,1,1,0.5401792526245117
cnn,pso,1,2178,2024-06-14 11:40:00,1,1,0.5335773825645447
cnn,pso,1,2179,2024-06-14 11:45:00,1,1,0.530887246131897
cnn,pso,1,2180,2024-06-14 11:50:00,1,1,0.6047554612159729
cnn,pso,1,2181,2024-06-14 11:55:00,1,1,0.6719726324081421
cnn,pso,1,2182,2024-06-14 12:00:00,1,1,0.7069529891014099
cnn,pso,1,2183,2024-06-14 12:05:00,0,1,0.7400662899017334
cnn,pso,1,2184,2024-06-14 12:10:00,0,1,0.745642364025116
cnn,pso,1,2185,2024-06-14 12:15:00,0,1,0.7463254928588867
cnn,pso,1,2186,2024-06-14 12:20:00,0,1,0.7374582290649414
cnn,pso,1,2187,2024-06-14 12:25:00,0,1,0.6144189834594727
cnn,pso,1,2188,2024-06-14 12:30:00,0,1,0.5360992550849915
cnn,pso,1,2189,2024-06-14 12:35:00,0,0,0.48746949434280396
cnn,pso,1,2190,2024-06-14 12:40:00,0,0,0.42956188321113586
cnn,pso,1,2191,2024-06-14 12:45:00,0,0,0.37496158480644226
cnn,pso,1,2192,2024-06-14 12:50:00,0,0,0.43440598249435425
cnn,pso,1,2193,2024-06-14 12:55:00,0,0,0.48609036207199097
cnn,pso,1,2194,2024-06-14 13:00:00,0,1,0.5145478248596191
cnn,pso,1,2195,2024-06-14 13:05:00,0,1,0.5106658339500427
cnn,pso,1,2196,2024-06-14 13:10:00,0,1,0.5254122018814087
cnn,pso,1,2197,2024-06-14 13:15:00,0,1,0.5040633082389832
cnn,pso,1,2198,2024-06-14 13:20:00,0,0,0.4864531457424164
cnn,pso,1,2199,2024-06-14 13:25:00,0,0,0.45356398820877075
cnn,pso,1,2200,2024-06-14 13:30:00,0,0,0.4318394660949707
cnn,pso,1,2201,2024-06-14 13:35:00,0,0,0.44697877764701843
cnn,pso,1,2202,2024-06-14 13:40:00,0,1,0.5147902369499207
cnn,pso,1,2203,2024-06-14 13:45:00,0,1,0.5034218430519104
cnn,pso,1,2204,2024-06-14 13:50:00,0,0,0.46475571393966675
cnn,pso,1,2205,2024-06-14 13:55:00,0,0,0.4386545717716217
cnn,pso,1,2206,2024-06-14 14:00:00,0,0,0.4327205419540405
cnn,pso,1,2207,2024-06-14 14:05:00,0,0,0.4575733542442322
cnn,pso,1,2208,2024-06-14 14:10:00,0,1,0.5105890035629272
cnn,pso,1,2209,2024-06-14 14:15:00,0,0,0.46727433800697327
cnn,pso,1,2210,2024-06-14 14:20:00,0,0,0.3987433612346649
cnn,pso,1,2211,2024-06-14 14:25:00,0,0,0.39031413197517395
cnn,pso,1,2212,2024-06-14 14:30:00,0,0,0.4288402795791626
cnn,pso,1,2213,2024-06-14 14:35:00,0,0,0.40416523814201355
cnn,pso,1,2214,2024-06-14 14:40:00,0,0,0.3668077290058136
cnn,pso,1,2215,2024-06-14 14:45:00,0,0,0.3521575331687927
cnn,pso,1,2216,2024-06-14 14:50:00,0,0,0.35387110710144043
cnn,pso,1,2217,2024-06-14 14:55:00,0,0,0.3767654299736023
cnn,pso,1,2218,2024-06-14 15:00:00,0,0,0.3808082938194275
cnn,pso,1,2219,2024-06-14 15:05:00,1,0,0.3898887634277344
cnn,pso,1,2220,2024-06-14 15:10:00,1,0,0.41738638281822205
cnn,pso,1,2221,2024-06-14 15:15:00,1,1,0.5127547979354858
cnn,pso,1,2222,2024-06-14 15:20:00,1,1,0.5307559370994568
cnn,pso,1,2223,2024-06-14 15:25:00,1,1,0.5527154803276062
cnn,pso,1,2224,2024-06-14 15:30:00,1,1,0.577717661857605
cnn,pso,1,2225,2024-06-14 15:35:00,1,1,0.5986438393592834
cnn,pso,1,2226,2024-06-14 15:40:00,1,1,0.5571012496948242
cnn,pso,1,2227,2024-06-14 15:45:00,1,1,0.5999118089675903
cnn,pso,1,2228,2024-06-14 15:50:00,1,1,0.5957106947898865
cnn,pso,1,2229,2024-06-14 15:55:00,1,1,0.5587158799171448
cnn,pso,1,2230,2024-06-14 16:00:00,1,1,0.5458930134773254
cnn,pso,1,2231,2024-06-14 16:05:00,0,1,0.5718461275100708
cnn,pso,1,2232,2024-06-14 16:10:00,0,1,0.5400258898735046
cnn,pso,1,2233,2024-06-14 16:15:00,0,1,0.5350688695907593
cnn,pso,1,2234,2024-06-14 16:20:00,0,1,0.5131930112838745
cnn,pso,1,2235,2024-06-14 16:25:00,0,1,0.52643221616745
cnn,pso,1,2236,2024-06-14 16:30:00,0,1,0.5121340751647949
cnn,pso,1,2237,2024-06-14 16:35:00,0,0,0.4976024031639099
cnn,pso,1,2238,2024-06-14 16:40:00,0,0,0.46231216192245483
cnn,pso,1,2239,2024-06-14 16:45:00,0,0,0.48871850967407227
cnn,pso,1,2240,2024-06-14 16:50:00,0,1,0.5173725485801697
cnn,pso,1,2241,2024-06-14 16:55:00,0,1,0.5277207493782043
cnn,pso,1,2242,2024-06-14 17:00:00,0,1,0.526833176612854
cnn,pso,1,2243,2024-06-14 17:05:00,0,0,0.4868510961532593
cnn,pso,1,2244,2024-06-14 17:10:00,0,0,0.46710994839668274
cnn,pso,1,2245,2024-06-14 17:15:00,0,0,0.45184090733528137
cnn,pso,1,2246,2024-06-14 17:20:00,0,0,0.4524626135826111
cnn,pso,1,2247,2024-06-14 17:25:00,0,0,0.48593053221702576
cnn,pso,1,2248,2024-06-14 17:30:00,0,1,0.5013198256492615
cnn,pso,1,2249,2024-06-14 17:35:00,0,1,0.5213202834129333
cnn,pso,1,2250,2024-06-14 17:40:00,0,1,0.5202826261520386
cnn,pso,1,2251,2024-06-14 17:45:00,0,1,0.5287125110626221
cnn,pso,1,2252,2024-06-14 17:50:00,0,1,0.5228607058525085
cnn,pso,1,2253,2024-06-14 17:55:00,1,1,0.5420271754264832
cnn,pso,1,2254,2024-06-18 10:40:00,1,1,0.6529502868652344
cnn,pso,1,2255,2024-06-18 10:45:00,1,1,0.7115763425827026
cnn,pso,1,2256,2024-06-18 10:50:00,1,1,0.7286261916160583
cnn,pso,1,2257,2024-06-18 10:55:00,0,1,0.7074254155158997
cnn,pso,1,2258,2024-06-18 11:00:00,0,1,0.653191328048706
cnn,pso,1,2259,2024-06-18 11:05:00,0,1,0.5893650054931641
cnn,pso,1,2260,2024-06-18 11:10:00,0,0,0.4631393253803253
cnn,pso,1,2261,2024-06-18 11:15:00,0,0,0.4163588285446167
cnn,pso,1,2262,2024-06-18 11:20:00,1,0,0.396616131067276
cnn,pso,1,2263,2024-06-18 11:25:00,1,0,0.4546694755554199
cnn,pso,1,2264,2024-06-18 11:30:00,1,0,0.471799373626709
cnn,pso,1,2265,2024-06-18 11:35:00,1,1,0.5447245240211487
cnn,pso,1,2266,2024-06-18 11:40:00,1,1,0.5338653922080994
cnn,pso,1,2267,2024-06-18 11:45:00,1,0,0.49337220191955566
cnn,pso,1,2268,2024-06-18 11:50:00,1,0,0.45856010913848877
cnn,pso,1,2269,2024-06-18 11:55:00,1,0,0.48880821466445923
cnn,pso,1,2270,2024-06-18 12:00:00,1,0,0.45793965458869934
cnn,pso,1,2271,2024-06-18 12:05:00,1,0,0.4476796090602875
cnn,pso,1,2272,2024-06-18 12:10:00,1,0,0.44340044260025024
cnn,pso,1,2273,2024-06-18 12:15:00,1,1,0.5228500366210938
cnn,pso,1,2274,2024-06-18 12:20:00,1,1,0.5314556956291199
cnn,pso,1,2275,2024-06-18 12:25:00,1,1,0.5348779559135437
cnn,pso,1,2276,2024-06-18 12:30:00,1,1,0.5501375794410706
cnn,pso,1,2277,2024-06-18 12:35:00,1,1,0.5623815655708313
cnn,pso,1,2278,2024-06-18 12:40:00,1,1,0.533112645149231
cnn,pso,1,2279,2024-06-18 12:45:00,1,1,0.5134802460670471
cnn,pso,1,2280,2024-06-18 12:50:00,1,0,0.4813946485519409
cnn,pso,1,2281,2024-06-18 12:55:00,1,0,0.44361504912376404
cnn,pso,1,2282,2024-06-18 13:00:00,1,0,0.47915545105934143
cnn,pso,1,2283,2024-06-18 13:05:00,1,1,0.5164679884910583
cnn,pso,1,2284,2024-06-18 13:10:00,1,1,0.5144509077072144
cnn,pso,1,2285,2024-06-18 13:15:00,1,0,0.4804944097995758
cnn,pso,1,2286,2024-06-18 13:20:00,1,0,0.4842613637447357
cnn,pso,1,2287,2024-06-18 13:25:00,1,0,0.458956778049469
cnn,pso,1,2288,2024-06-18 13:30:00,1,0,0.44852063059806824
cnn,pso,1,2289,2024-06-18 13:35:00,1,0,0.4930499494075775
cnn,pso,1,2290,2024-06-18 13:40:00,1,1,0.5114452242851257
cnn,pso,1,2291,2024-06-18 13:45:00,1,1,0.5249170064926147
cnn,pso,1,2292,2024-06-18 13:50:00,1,1,0.5538939833641052
cnn,pso,1,2293,2024-06-18 13:55:00,1,1,0.5695740580558777
cnn,pso,1,2294,2024-06-18 14:00:00,1,1,0.5650285482406616
cnn,pso,1,2295,2024-06-18 14:05:00,1,1,0.5731532573699951
cnn,pso,1,2296,2024-06-18 14:10:00,1,1,0.5255734324455261
cnn,pso,1,2297,2024-06-18 14:15:00,1,1,0.557132363319397
cnn,pso,1,2298,2024-06-18 14:20:00,1,1,0.5865408778190613
cnn,pso,1,2299,2024-06-18 14:25:00,1,1,0.5818231701850891
cnn,pso,1,2300,2024-06-18 14:30:00,1,1,0.5561515688896179
cnn,pso,1,2301,2024-06-18 14:35:00,1,1,0.5560308694839478
cnn,pso,1,2302,2024-06-18 14:40:00,1,1,0.5539486408233643
cnn,pso,1,2303,2024-06-18 14:45:00,1,1,0.523529052734375
cnn,pso,1,2304,2024-06-18 14:50:00,1,0,0.47182974219322205
cnn,pso,1,2305,2024-06-18 14:55:00,1,0,0.43406111001968384
cnn,pso,1,2306,2024-06-18 15:00:00,1,0,0.4300570785999298
cnn,pso,1,2307,2024-06-18 15:05:00,1,0,0.45949235558509827
cnn,pso,1,2308,2024-06-18 15:10:00,1,0,0.45368969440460205
cnn,pso,1,2309,2024-06-18 15:15:00,1,0,0.4249991774559021
cnn,pso,1,2310,2024-06-18 15:20:00,1,0,0.4325365126132965
cnn,pso,1,2311,2024-06-18 15:25:00,1,0,0.47561168670654297
cnn,pso,1,2312,2024-06-18 15:30:00,0,1,0.5289875864982605
cnn,pso,1,2313,2024-06-18 15:35:00,0,0,0.48253729939460754
cnn,pso,1,2314,2024-06-18 15:40:00,0,0,0.4377423822879791
cnn,pso,1,2315,2024-06-18 15:45:00,0,0,0.3936392366886139
cnn,pso,1,2316,2024-06-18 15:50:00,0,0,0.4236583411693573
cnn,pso,1,2317,2024-06-18 15:55:00,0,0,0.4091445803642273
cnn,pso,1,2318,2024-06-18 16:00:00,0,0,0.37147393822669983
cnn,pso,1,2319,2024-06-18 16:05:00,1,0,0.3305961489677429
cnn,pso,1,2320,2024-06-18 16:10:00,1,0,0.3364996016025543
cnn,pso,1,2321,2024-06-18 16:15:00,1,0,0.3580913543701172
cnn,pso,1,2322,2024-06-18 16:20:00,1,0,0.40493205189704895
cnn,pso,1,2323,2024-06-18 16:25:00,1,0,0.44225209951400757
cnn,pso,1,2324,2024-06-18 16:30:00,1,0,0.4914242625236511
cnn,pso,1,2325,2024-06-18 16:35:00,1,1,0.5236237049102783
cnn,pso,1,2326,2024-06-18 16:40:00,1,1,0.551149308681488
cnn,pso,1,2327,2024-06-18 16:45:00,1,1,0.5466752648353577
cnn,pso,1,2328,2024-06-18 16:50:00,1,1,0.549738347530365
cnn,pso,1,2329,2024-06-18 16:55:00,0,1,0.5558610558509827
cnn,pso,1,2330,2024-06-18 17:00:00,0,1,0.5665380954742432
cnn,pso,1,2331,2024-06-18 17:05:00,0,1,0.5221637487411499
cnn,pso,1,2332,2024-06-18 17:10:00,0,1,0.5038477182388306
cnn,pso,1,2333,2024-06-18 17:15:00,0,0,0.49915099143981934
cnn,pso,1,2334,2024-06-18 17:20:00,0,1,0.522280216217041
cnn,pso,1,2335,2024-06-18 17:25:00,0,1,0.5444992780685425
cnn,pso,1,2336,2024-06-18 17:30:00,0,1,0.526289701461792
cnn,pso,1,2337,2024-06-18 17:35:00,0,1,0.5028282999992371
cnn,pso,1,2338,2024-06-18 17:40:00,0,1,0.5331984162330627
cnn,pso,1,2339,2024-06-18 17:45:00,0,1,0.5589739680290222
cnn,pso,1,2340,2024-06-18 17:50:00,0,1,0.5791344046592712
cnn,pso,1,2341,2024-06-18 17:55:00,0,1,0.5598265528678894
cnn,pso,1,2342,2024-06-19 10:55:00,1,0,0.396159827709198
cnn,pso,1,2343,2024-06-19 11:00:00,1,0,0.4987452030181885
cnn,pso,1,2344,2024-06-19 11:05:00,1,0,0.49495336413383484
cnn,pso,1,2345,2024-06-19 11:10:00,1,0,0.46291568875312805
cnn,pso,1,2346,2024-06-19 11:15:00,1,0,0.4541429877281189
cnn,pso,1,2347,2024-06-19 11:20:00,1,0,0.4711803197860718
cnn,pso,1,2348,2024-06-19 11:25:00,1,1,0.5098703503608704
cnn,pso,1,2349,2024-06-19 11:30:00,1,1,0.5249826312065125
cnn,pso,1,2350,2024-06-19 11:35:00,1,1,0.5491536259651184
cnn,pso,1,2351,2024-06-19 11:40:00,1,1,0.5694169402122498
cnn,pso,1,2352,2024-06-19 11:45:00,1,1,0.5299023985862732
cnn,pso,1,2353,2024-06-19 11:50:00,1,1,0.5175144076347351
cnn,pso,1,2354,2024-06-19 11:55:00,1,1,0.5134906768798828
cnn,pso,1,2355,2024-06-19 12:00:00,1,1,0.5079158544540405
cnn,pso,1,2356,2024-06-19 12:05:00,1,0,0.4924214482307434
cnn,pso,1,2357,2024-06-19 12:10:00,1,0,0.4844401478767395
cnn,pso,1,2358,2024-06-19 12:15:00,1,0,0.4776453375816345
cnn,pso,1,2359,2024-06-19 12:20:00,1,0,0.46890556812286377
cnn,pso,1,2360,2024-06-19 12:25:00,1,0,0.49933794140815735
cnn,pso,1,2361,2024-06-19 12:30:00,1,1,0.5307195782661438
cnn,pso,1,2362,2024-06-19 12:35:00,1,1,0.5473918318748474
cnn,pso,1,2363,2024-06-19 12:40:00,1,1,0.5601235628128052
cnn,pso,1,2364,2024-06-19 12:45:00,1,1,0.6121830940246582
cnn,pso,1,2365,2024-06-19 12:50:00,1,1,0.6286846399307251
cnn,pso,1,2366,2024-06-19 12:55:00,1,1,0.6218781471252441
cnn,pso,1,2367,2024-06-19 13:00:00,1,1,0.6035619378089905
cnn,pso,1,2368,2024-06-19 13:05:00,1,1,0.5764880776405334
cnn,pso,1,2369,2024-06-19 13:10:00,1,1,0.591130256652832
cnn,pso,1,2370,2024-06-19 13:15:00,1,1,0.5463544130325317
cnn,pso,1,2371,2024-06-19 13:20:00,1,1,0.5139998197555542
cnn,pso,1,2372,2024-06-19 13:25:00,1,1,0.5238845944404602
cnn,pso,1,2373,2024-06-19 13:30:00,1,1,0.5592543482780457
cnn,pso,1,2374,2024-06-19 13:35:00,1,1,0.5702100992202759
cnn,pso,1,2375,2024-06-19 13:40:00,1,1,0.5706830024719238
cnn,pso,1,2376,2024-06-19 13:45:00,1,1,0.5795314908027649
cnn,pso,1,2377,2024-06-19 13:50:00,1,1,0.5751785635948181
cnn,pso,1,2378,2024-06-19 13:55:00,1,1,0.5638012290000916
cnn,pso,1,2379,2024-06-19 14:00:00,1,1,0.5310531258583069
cnn,pso,1,2380,2024-06-19 14:05:00,0,1,0.5522199273109436
cnn,pso,1,2381,2024-06-19 14:10:00,0,1,0.5142098069190979
cnn,pso,1,2382,2024-06-19 14:15:00,0,0,0.48176997900009155
cnn,pso,1,2383,2024-06-19 14:20:00,0,0,0.49734190106391907
cnn,pso,1,2384,2024-06-19 14:25:00,0,0,0.4522683322429657
cnn,pso,1,2385,2024-06-19 14:30:00,1,0,0.4288356304168701
cnn,pso,1,2386,2024-06-19 14:35:00,1,0,0.43062421679496765
cnn,pso,1,2387,2024-06-19 14:40:00,1,0,0.46559301018714905
cnn,pso,1,2388,2024-06-19 14:45:00,1,0,0.4921465218067169
cnn,pso,1,2389,2024-06-19 14:50:00,1,1,0.5237295627593994
cnn,pso,1,2390,2024-06-19 14:55:00,1,1,0.5315701961517334
cnn,pso,1,2391,2024-06-19 15:00:00,1,1,0.5396837592124939
cnn,pso,1,2392,2024-06-19 15:05:00,1,1,0.5562064051628113
cnn,pso,1,2393,2024-06-19 15:10:00,1,1,0.5447675585746765
cnn,pso,1,2394,2024-06-19 15:15:00,1,1,0.544754147529602
cnn,pso,1,2395,2024-06-19 15:20:00,1,1,0.5492075681686401
cnn,pso,1,2396,2024-06-19 15:25:00,1,1,0.5389159321784973
cnn,pso,1,2397,2024-06-19 15:30:00,1,1,0.5260158777236938
cnn,pso,1,2398,2024-06-19 15:35:00,1,0,0.49060311913490295
cnn,pso,1,2399,2024-06-19 15:40:00,1,1,0.5347198247909546
cnn,pso,1,2400,2024-06-19 15:45:00,1,1,0.5880939364433289
cnn,pso,1,2401,2024-06-19 15:50:00,1,1,0.6291311383247375
cnn,pso,1,2402,2024-06-19 15:55:00,1,1,0.640460729598999
cnn,pso,1,2403,2024-06-19 16:00:00,1,1,0.6199128031730652
cnn,pso,1,2404,2024-06-19 16:05:00,1,1,0.5756551623344421
cnn,pso,1,2405,2024-06-19 16:10:00,1,1,0.5499550700187683
cnn,pso,1,2406,2024-06-19 16:15:00,1,1,0.5289608836174011
cnn,pso,1,2407,2024-06-19 16:20:00,1,1,0.5558995604515076
cnn,pso,1,2408,2024-06-19 16:25:00,1,1,0.5945692658424377
cnn,pso,1,2409,2024-06-19 16:30:00,1,1,0.5854130387306213
cnn,pso,1,2410,2024-06-19 16:35:00,1,1,0.5994319319725037
cnn,pso,1,2411,2024-06-19 16:40:00,1,1,0.6497424244880676
cnn,pso,1,2412,2024-06-19 16:45:00,1,1,0.6445857286453247
cnn,pso,1,2413,2024-06-19 16:50:00,1,1,0.636110782623291
cnn,pso,1,2414,2024-06-19 16:55:00,1,1,0.5545217990875244
cnn,pso,1,2415,2024-06-19 17:00:00,1,1,0.5242050886154175
cnn,pso,1,2416,2024-06-19 17:05:00,1,1,0.502984881401062
cnn,pso,1,2417,2024-06-19 17:10:00,1,0,0.4684588313102722
cnn,pso,1,2418,2024-06-19 17:15:00,1,0,0.48345524072647095
cnn,pso,1,2419,2024-06-19 17:20:00,1,1,0.5187186002731323
cnn,pso,1,2420,2024-06-19 17:25:00,1,1,0.5356017351150513
cnn,pso,1,2421,2024-06-19 17:30:00,1,1,0.5218299031257629
cnn,pso,1,2422,2024-06-19 17:35:00,1,1,0.5320713520050049
cnn,pso,1,2423,2024-06-19 17:40:00,1,1,0.5567817091941833
cnn,pso,1,2424,2024-06-19 17:45:00,1,1,0.5451979041099548
cnn,pso,1,2425,2024-06-19 17:50:00,1,1,0.5186219215393066
cnn,pso,1,2426,2024-06-19 17:55:00,1,1,0.5261160135269165
cnn,pso,1,2427,2024-06-20 10:50:00,0,1,0.6890169382095337
cnn,pso,1,2428,2024-06-20 10:55:00,0,1,0.6295416951179504
cnn,pso,1,2429,2024-06-20 11:00:00,0,1,0.5885016322135925
cnn,pso,1,2430,2024-06-20 11:05:00,0,1,0.5137186646461487
cnn,pso,1,2431,2024-06-20 11:10:00,0,1,0.5149916410446167
cnn,pso,1,2432,2024-06-20 11:15:00,0,1,0.546238362789154
cnn,pso,1,2433,2024-06-20 11:20:00,0,1,0.5343002676963806
cnn,pso,1,2434,2024-06-20 11:25:00,0,1,0.5022725462913513
cnn,pso,1,2435,2024-06-20 11:30:00,0,0,0.4479618966579437
cnn,pso,1,2436,2024-06-20 11:35:00,0,0,0.38857439160346985
cnn,pso,1,2437,2024-06-20 11:40:00,0,0,0.35199594497680664
cnn,pso,1,2438,2024-06-20 11:45:00,0,0,0.3110290467739105
cnn,pso,1,2439,2024-06-20 11:50:00,0,0,0.27064019441604614
cnn,pso,1,2440,2024-06-20 11:55:00,0,0,0.3052557706832886
cnn,pso,1,2441,2024-06-20 12:00:00,0,0,0.29784727096557617
cnn,pso,1,2442,2024-06-20 12:05:00,0,0,0.2680996358394623
cnn,pso,1,2443,2024-06-20 12:10:00,0,0,0.3173827528953552
cnn,pso,1,2444,2024-06-20 12:15:00,0,0,0.3365929424762726
cnn,pso,1,2445,2024-06-20 12:20:00,0,0,0.36993253231048584
cnn,pso,1,2446,2024-06-20 12:25:00,0,0,0.3767757713794708
cnn,pso,1,2447,2024-06-20 12:30:00,0,0,0.3908992111682892
cnn,pso,1,2448,2024-06-20 12:35:00,0,0,0.3631296455860138
cnn,pso,1,2449,2024-06-20 12:40:00,0,0,0.38439613580703735
cnn,pso,1,2450,2024-06-20 12:45:00,0,0,0.4565015733242035
cnn,pso,1,2451,2024-06-20 12:50:00,0,0,0.4504516124725342
cnn,pso,1,2452,2024-06-20 12:55:00,0,0,0.43103063106536865
cnn,pso,1,2453,2024-06-20 13:00:00,0,0,0.4193725287914276
cnn,pso,1,2454,2024-06-20 13:05:00,0,0,0.37636736035346985
cnn,pso,1,2455,2024-06-20 13:10:00,0,0,0.3958951234817505
cnn,pso,1,2456,2024-06-20 13:15:00,0,0,0.426811158657074
cnn,pso,1,2457,2024-06-20 13:20:00,0,0,0.41983479261398315
cnn,pso,1,2458,2024-06-20 13:25:00,0,0,0.38224735856056213
cnn,pso,1,2459,2024-06-20 13:30:00,0,0,0.38473668694496155
cnn,pso,1,2460,2024-06-20 13:35:00,1,0,0.3859080672264099
cnn,pso,1,2461,2024-06-20 13:40:00,1,0,0.40755918622016907
cnn,pso,1,2462,2024-06-20 13:45:00,1,0,0.486657053232193
cnn,pso,1,2463,2024-06-20 13:50:00,1,0,0.49902841448783875
cnn,pso,1,2464,2024-06-20 13:55:00,1,1,0.5041738152503967
cnn,pso,1,2465,2024-06-20 14:00:00,1,1,0.503959596157074
cnn,pso,1,2466,2024-06-20 14:05:00,1,1,0.5221249461174011
cnn,pso,1,2467,2024-06-20 14:10:00,1,1,0.5728864073753357
cnn,pso,1,2468,2024-06-20 14:15:00,1,1,0.5973025560379028
cnn,pso,1,2469,2024-06-20 14:20:00,1,1,0.5790371298789978
cnn,pso,1,2470,2024-06-20 14:25:00,1,1,0.5485554337501526
cnn,pso,1,2471,2024-06-20 14:30:00,1,0,0.49120819568634033
cnn,pso,1,2472,2024-06-20 14:35:00,1,0,0.44300416111946106
cnn,pso,1,2473,2024-06-20 14:40:00,1,0,0.44618356227874756
cnn,pso,1,2474,2024-06-20 14:45:00,1,0,0.47636324167251587
cnn,pso,1,2475,2024-06-20 14:50:00,1,0,0.48172008991241455
cnn,pso,1,2476,2024-06-20 14:55:00,1,1,0.5241715312004089
cnn,pso,1,2477,2024-06-20 15:00:00,1,1,0.543131947517395
cnn,pso,1,2478,2024-06-20 15:05:00,1,1,0.5600783228874207
cnn,pso,1,2479,2024-06-20 15:10:00,1,1,0.5552622675895691
cnn,pso,1,2480,2024-06-20 15:15:00,1,1,0.5706793665885925
cnn,pso,1,2481,2024-06-20 15:20:00,1,1,0.5908027291297913
cnn,pso,1,2482,2024-06-20 15:25:00,1,1,0.5785941481590271
cnn,pso,1,2483,2024-06-20 15:30:00,1,1,0.5313369035720825
cnn,pso,1,2484,2024-06-20 15:35:00,1,1,0.5306041836738586
cnn,pso,1,2485,2024-06-20 15:40:00,1,1,0.5651402473449707
cnn,pso,1,2486,2024-06-20 15:45:00,1,1,0.5963802337646484
cnn,pso,1,2487,2024-06-20 15:50:00,0,1,0.6172152161598206
cnn,pso,1,2488,2024-06-20 15:55:00,0,1,0.620826244354248
cnn,pso,1,2489,2024-06-20 16:00:00,0,1,0.586089551448822
cnn,pso,1,2490,2024-06-20 16:05:00,0,1,0.5433318018913269
cnn,pso,1,2491,2024-06-20 16:10:00,0,0,0.47352471947669983
cnn,pso,1,2492,2024-06-20 16:15:00,0,0,0.40190625190734863
cnn,pso,1,2493,2024-06-20 16:20:00,0,0,0.34599432349205017
cnn,pso,1,2494,2024-06-20 16:25:00,0,0,0.37529700994491577
cnn,pso,1,2495,2024-06-20 16:30:00,0,0,0.4007122814655304
cnn,pso,1,2496,2024-06-20 16:35:00,0,0,0.41100212931632996
cnn,pso,1,2497,2024-06-20 16:40:00,0,0,0.45017609000205994
cnn,pso,1,2498,2024-06-20 16:45:00,0,0,0.4804379940032959
cnn,pso,1,2499,2024-06-20 16:50:00,0,0,0.48879820108413696
cnn,pso,1,2500,2024-06-20 16:55:00,0,1,0.5020925402641296
cnn,pso,1,2501,2024-06-20 17:00:00,0,0,0.4810330271720886
cnn,pso,1,2502,2024-06-20 17:05:00,0,0,0.46090826392173767
cnn,pso,1,2503,2024-06-20 17:10:00,0,0,0.4929705560207367
cnn,pso,1,2504,2024-06-20 17:15:00,0,1,0.5211862325668335
cnn,pso,1,2505,2024-06-20 17:20:00,0,1,0.5045178532600403
cnn,pso,1,2506,2024-06-20 17:25:00,0,0,0.48169973492622375
cnn,pso,1,2507,2024-06-20 17:30:00,0,0,0.4703550934791565
cnn,pso,1,2508,2024-06-20 17:35:00,0,0,0.4914586842060089
cnn,pso,1,2509,2024-06-20 17:40:00,0,0,0.4956519603729248
cnn,pso,1,2510,2024-06-20 17:45:00,0,0,0.4913943111896515
cnn,pso,1,2511,2024-06-20 17:50:00,0,0,0.49327245354652405
cnn,pso,1,2512,2024-06-20 17:55:00,1,0,0.48792359232902527
cnn,pso,1,2513,2024-06-21 10:40:00,1,1,0.6202343106269836
cnn,pso,1,2514,2024-06-21 10:45:00,1,1,0.6403322815895081
cnn,pso,1,2515,2024-06-21 10:50:00,1,1,0.693105936050415
cnn,pso,1,2516,2024-06-21 10:55:00,1,1,0.7367352843284607
cnn,pso,1,2517,2024-06-21 11:00:00,1,1,0.6676219701766968
cnn,pso,1,2518,2024-06-21 11:05:00,1,1,0.6721798181533813
cnn,pso,1,2519,2024-06-21 11:10:00,1,1,0.590056836605072
cnn,pso,1,2520,2024-06-21 11:15:00,1,1,0.5964270830154419
cnn,pso,1,2521,2024-06-21 11:20:00,1,1,0.5818747878074646
cnn,pso,1,2522,2024-06-21 11:25:00,0,1,0.5962773561477661
cnn,pso,1,2523,2024-06-21 11:30:00,0,1,0.5727015137672424
cnn,pso,1,2524,2024-06-21 11:35:00,0,1,0.5609001517295837
cnn,pso,1,2525,2024-06-21 11:40:00,0,1,0.5206508040428162
cnn,pso,1,2526,2024-06-21 11:45:00,0,0,0.46455246210098267
cnn,pso,1,2527,2024-06-21 11:50:00,0,1,0.5098963975906372
cnn,pso,1,2528,2024-06-21 11:55:00,0,0,0.49358421564102173
cnn,pso,1,2529,2024-06-21 12:00:00,0,1,0.5127750039100647
cnn,pso,1,2530,2024-06-21 12:05:00,0,1,0.5163071155548096
cnn,pso,1,2531,2024-06-21 12:10:00,0,1,0.5334579944610596
cnn,pso,1,2532,2024-06-21 12:15:00,1,0,0.40554213523864746
cnn,pso,1,2533,2024-06-21 12:20:00,1,0,0.4022170901298523
cnn,pso,1,2534,2024-06-21 12:25:00,1,0,0.3795425593852997
cnn,pso,1,2535,2024-06-21 12:30:00,1,0,0.365343302488327
cnn,pso,1,2536,2024-06-21 12:35:00,1,0,0.4171290993690491
cnn,pso,1,2537,2024-06-21 12:40:00,1,0,0.4178152084350586
cnn,pso,1,2538,2024-06-21 12:45:00,1,0,0.48145708441734314
cnn,pso,1,2539,2024-06-21 12:50:00,1,0,0.4752303957939148
cnn,pso,1,2540,2024-06-21 12:55:00,1,0,0.46293193101882935
cnn,pso,1,2541,2024-06-21 13:00:00,1,0,0.4699070155620575
cnn,pso,1,2542,2024-06-21 13:05:00,1,0,0.4851132929325104
cnn,pso,1,2543,2024-06-21 13:10:00,1,1,0.5055614709854126
cnn,pso,1,2544,2024-06-21 13:15:00,1,1,0.5253337025642395
cnn,pso,1,2545,2024-06-21 13:20:00,1,1,0.5465798377990723
cnn,pso,1,2546,2024-06-21 13:25:00,1,1,0.5664307475090027
cnn,pso,1,2547,2024-06-21 13:30:00,1,1,0.567633867263794
cnn,pso,1,2548,2024-06-21 13:35:00,1,1,0.5407974720001221
cnn,pso,1,2549,2024-06-21 13:40:00,1,1,0.5652788877487183
cnn,pso,1,2550,2024-06-21 13:45:00,1,1,0.5573580265045166
cnn,pso,1,2551,2024-06-21 13:50:00,0,1,0.5741652250289917
cnn,pso,1,2552,2024-06-21 13:55:00,0,1,0.5571144223213196
cnn,pso,1,2553,2024-06-21 14:00:00,0,1,0.5479192137718201
cnn,pso,1,2554,2024-06-21 14:05:00,0,1,0.5336034297943115
cnn,pso,1,2555,2024-06-21 14:10:00,0,1,0.5232180953025818
cnn,pso,1,2556,2024-06-21 14:15:00,0,1,0.5319370031356812
cnn,pso,1,2557,2024-06-21 14:20:00,0,1,0.5103036761283875
cnn,pso,1,2558,2024-06-21 14:25:00,0,0,0.4894854724407196
cnn,pso,1,2559,2024-06-21 14:30:00,0,0,0.4643573462963104
cnn,pso,1,2560,2024-06-21 14:35:00,0,0,0.4424045979976654
cnn,pso,1,2561,2024-06-21 14:40:00,0,0,0.4491492211818695
cnn,pso,1,2562,2024-06-21 14:45:00,0,0,0.43677976727485657
cnn,pso,1,2563,2024-06-21 14:50:00,0,0,0.47217699885368347
cnn,pso,1,2564,2024-06-21 14:55:00,0,0,0.45970606803894043
cnn,pso,1,2565,2024-06-21 15:00:00,1,0,0.42420923709869385
cnn,pso,1,2566,2024-06-21 15:05:00,1,0,0.4644872844219208
cnn,pso,1,2567,2024-06-21 15:10:00,1,0,0.4836466908454895
cnn,pso,1,2568,2024-06-21 15:15:00,1,1,0.5099144577980042
cnn,pso,1,2569,2024-06-21 15:20:00,1,1,0.5387436151504517
cnn,pso,1,2570,2024-06-21 15:25:00,1,1,0.5588077902793884
cnn,pso,1,2571,2024-06-21 15:30:00,1,1,0.5829814076423645
cnn,pso,1,2572,2024-06-21 15:35:00,1,1,0.5992994904518127
cnn,pso,1,2573,2024-06-21 15:40:00,1,1,0.5683557391166687
cnn,pso,1,2574,2024-06-21 15:45:00,1,1,0.5490152835845947
cnn,pso,1,2575,2024-06-21 15:50:00,1,1,0.5619708299636841
cnn,pso,1,2576,2024-06-21 15:55:00,1,1,0.5636096596717834
cnn,pso,1,2577,2024-06-21 16:00:00,1,1,0.5767276883125305
cnn,pso,1,2578,2024-06-21 16:05:00,1,1,0.5683465003967285
cnn,pso,1,2579,2024-06-21 16:10:00,1,1,0.5601157546043396
cnn,pso,1,2580,2024-06-21 16:15:00,1,1,0.5641153454780579
cnn,pso,1,2581,2024-06-21 16:20:00,1,1,0.5527132153511047
cnn,pso,1,2582,2024-06-21 16:25:00,1,1,0.5628724694252014
cnn,pso,1,2583,2024-06-21 16:30:00,1,1,0.5617901086807251
cnn,pso,1,2584,2024-06-21 16:35:00,1,1,0.5769765377044678
cnn,pso,1,2585,2024-06-21 16:40:00,1,1,0.5258409380912781
cnn,pso,1,2586,2024-06-21 16:45:00,1,0,0.4855591952800751
cnn,pso,1,2587,2024-06-21 16:50:00,1,1,0.5075947642326355
cnn,pso,1,2588,2024-06-21 16:55:00,1,1,0.5206518173217773
cnn,pso,1,2589,2024-06-21 17:00:00,1,0,0.48902446031570435
cnn,pso,1,2590,2024-06-21 17:05:00,1,0,0.4691813588142395
cnn,pso,1,2591,2024-06-21 17:10:00,1,0,0.46677491068840027
cnn,pso,1,2592,2024-06-21 17:15:00,1,1,0.5116350054740906
cnn,pso,1,2593,2024-06-21 17:20:00,1,1,0.5077388882637024
cnn,pso,1,2594,2024-06-21 17:25:00,1,0,0.4852350056171417
cnn,pso,1,2595,2024-06-21 17:30:00,1,1,0.5056657195091248
cnn,pso,1,2596,2024-06-21 17:35:00,1,1,0.5119419097900391
cnn,pso,1,2597,2024-06-21 17:40:00,1,1,0.5183326601982117
cnn,pso,1,2598,2024-06-21 17:45:00,1,1,0.5035380721092224
cnn,pso,1,2599,2024-06-21 17:50:00,1,1,0.5191285610198975
cnn,pso,1,2600,2024-06-21 17:55:00,1,1,0.5323466658592224
cnn,pso,1,2601,2024-06-24 10:50:00,0,1,0.6946442723274231
cnn,pso,1,2602,2024-06-24 10:55:00,0,1,0.6522186398506165
cnn,pso,1,2603,2024-06-24 11:00:00,0,1,0.5710570216178894
cnn,pso,1,2604,2024-06-24 11:05:00,0,1,0.5503481030464172
cnn,pso,1,2605,2024-06-24 11:10:00,0,1,0.5645235180854797
cnn,pso,1,2606,2024-06-24 11:15:00,0,1,0.5353035926818848
cnn,pso,1,2607,2024-06-24 11:20:00,0,1,0.5299631357192993
cnn,pso,1,2608,2024-06-24 11:25:00,0,1,0.509480893611908
cnn,pso,1,2609,2024-06-24 11:30:00,0,0,0.4617469310760498
cnn,pso,1,2610,2024-06-24 11:35:00,0,0,0.47635090351104736
cnn,pso,1,2611,2024-06-24 11:40:00,0,0,0.495430052280426
cnn,pso,1,2612,2024-06-24 11:45:00,0,0,0.4643267095088959
cnn,pso,1,2613,2024-06-24 11:50:00,0,0,0.48429977893829346
cnn,pso,1,2614,2024-06-24 11:55:00,0,1,0.5017119646072388
cnn,pso,1,2615,2024-06-24 12:00:00,0,1,0.507133424282074
cnn,pso,1,2616,2024-06-24 12:05:00,0,1,0.503745973110199
cnn,pso,1,2617,2024-06-24 12:10:00,0,0,0.464470773935318
cnn,pso,1,2618,2024-06-24 12:15:00,0,0,0.4446686804294586
cnn,pso,1,2619,2024-06-24 12:20:00,0,0,0.4212654232978821
cnn,pso,1,2620,2024-06-24 12:25:00,0,0,0.42550888657569885
cnn,pso,1,2621,2024-06-24 12:30:00,0,0,0.406380295753479
cnn,pso,1,2622,2024-06-24 12:35:00,0,0,0.42353153228759766
cnn,pso,1,2623,2024-06-24 12:40:00,0,0,0.4570784866809845
cnn,pso,1,2624,2024-06-24 12:45:00,1,0,0.4471595585346222
cnn,pso,1,2625,2024-06-24 12:50:00,1,0,0.47011321783065796
cnn,pso,1,2626,2024-06-24 12:55:00,1,1,0.510723352432251
cnn,pso,1,2627,2024-06-24 13:00:00,1,0,0.47926512360572815
cnn,pso,1,2628,2024-06-24 13:05:00,1,0,0.4984370470046997
cnn,pso,1,2629,2024-06-24 13:10:00,1,1,0.5368137359619141
cnn,pso,1,2630,2024-06-24 13:15:00,1,1,0.5497812628746033
cnn,pso,1,2631,2024-06-24 13:20:00,1,1,0.5737146735191345
cnn,pso,1,2632,2024-06-24 13:25:00,1,1,0.5599225163459778
cnn,pso,1,2633,2024-06-24 13:30:00,1,1,0.5311536192893982
cnn,pso,1,2634,2024-06-24 13:35:00,1,1,0.516240656375885
cnn,pso,1,2635,2024-06-24 13:40:00,1,0,0.49623221158981323
cnn,pso,1,2636,2024-06-24 13:45:00,1,1,0.5020296573638916
cnn,pso,1,2637,2024-06-24 13:50:00,1,0,0.480524480342865
cnn,pso,1,2638,2024-06-24 13:55:00,1,0,0.4952550232410431
cnn,pso,1,2639,2024-06-24 14:00:00,1,1,0.510118842124939
cnn,pso,1,2640,2024-06-24 14:05:00,1,0,0.4856959283351898
cnn,pso,1,2641,2024-06-24 14:10:00,1,0,0.4539846181869507
cnn,pso,1,2642,2024-06-24 14:15:00,1,0,0.45195272564888
cnn,pso,1,2643,2024-06-24 14:20:00,1,0,0.4755755662918091
cnn,pso,1,2644,2024-06-24 14:25:00,1,1,0.523841917514801
cnn,pso,1,2645,2024-06-24 14:30:00,1,1,0.5320448279380798
cnn,pso,1,2646,2024-06-24 14:35:00,0,1,0.5557297468185425
cnn,pso,1,2647,2024-06-24 14:40:00,0,1,0.5321376919746399
cnn,pso,1,2648,2024-06-24 14:45:00,0,1,0.5019021034240723
cnn,pso,1,2649,2024-06-24 14:50:00,0,0,0.47133684158325195
cnn,pso,1,2650,2024-06-24 14:55:00,0,0,0.4965327978134155
cnn,pso,1,2651,2024-06-24 15:00:00,0,0,0.49897801876068115
cnn,pso,1,2652,2024-06-24 15:05:00,0,1,0.5178708434104919
cnn,pso,1,2653,2024-06-24 15:10:00,0,1,0.5219177007675171
cnn,pso,1,2654,2024-06-24 15:15:00,0,1,0.503121018409729
cnn,pso,1,2655,2024-06-24 15:20:00,0,0,0.49264204502105713
cnn,pso,1,2656,2024-06-24 15:25:00,0,0,0.4695785641670227
cnn,pso,1,2657,2024-06-24 15:30:00,1,0,0.43542784452438354
cnn,pso,1,2658,2024-06-24 15:35:00,1,0,0.45437443256378174
cnn,pso,1,2659,2024-06-24 15:40:00,1,0,0.4920114278793335
cnn,pso,1,2660,2024-06-24 15:45:00,1,1,0.5309251546859741
cnn,pso,1,2661,2024-06-24 15:50:00,1,0,0.4842439293861389
cnn,pso,1,2662,2024-06-24 15:55:00,1,0,0.4666039049625397
cnn,pso,1,2663,2024-06-24 16:00:00,1,0,0.46650630235671997
cnn,pso,1,2664,2024-06-24 16:05:00,1,0,0.47521039843559265
cnn,pso,1,2665,2024-06-24 16:10:00,1,0,0.48681047558784485
cnn,pso,1,2666,2024-06-24 16:15:00,1,0,0.4961281418800354
cnn,pso,1,2667,2024-06-24 16:20:00,1,1,0.5260235071182251
cnn,pso,1,2668,2024-06-24 16:25:00,1,0,0.4901939034461975
cnn,pso,1,2669,2024-06-24 16:30:00,1,1,0.5218132138252258
cnn,pso,1,2670,2024-06-24 16:35:00,1,1,0.5513452887535095
cnn,pso,1,2671,2024-06-24 16:40:00,1,1,0.5616894364356995
cnn,pso,1,2672,2024-06-24 16:45:00,1,1,0.5733094811439514
cnn,pso,1,2673,2024-06-24 16:50:00,1,1,0.5658469200134277
cnn,pso,1,2674,2024-06-24 16:55:00,1,1,0.5173774361610413
cnn,pso,1,2675,2024-06-24 17:00:00,1,1,0.5033127665519714
cnn,pso,1,2676,2024-06-24 17:05:00,1,0,0.49390995502471924
cnn,pso,1,2677,2024-06-24 17:10:00,1,0,0.4670746326446533
cnn,pso,1,2678,2024-06-24 17:15:00,0,1,0.5001336932182312
cnn,pso,1,2679,2024-06-24 17:20:00,0,1,0.5014867782592773
cnn,pso,1,2680,2024-06-24 17:25:00,0,0,0.4921816289424896
cnn,pso,1,2681,2024-06-24 17:30:00,0,1,0.5117813348770142
cnn,pso,1,2682,2024-06-24 17:35:00,0,1,0.5305359959602356
cnn,pso,1,2683,2024-06-24 17:40:00,0,1,0.5442466139793396
cnn,pso,1,2684,2024-06-24 17:45:00,0,1,0.530029296875
cnn,pso,1,2685,2024-06-24 17:50:00,0,1,0.5416374802589417
cnn,pso,1,2686,2024-06-24 17:55:00,0,1,0.532152533531189
cnn,pso,1,2687,2024-06-25 12:35:00,1,0,0.37700605392456055
cnn,pso,1,2688,2024-06-25 12:40:00,1,0,0.39046329259872437
cnn,pso,1,2689,2024-06-25 12:45:00,1,0,0.43957045674324036
cnn,pso,1,2690,2024-06-25 12:50:00,1,0,0.46243950724601746
cnn,pso,1,2691,2024-06-25 12:55:00,1,0,0.47704586386680603
cnn,pso,1,2692,2024-06-25 13:00:00,1,1,0.5166091322898865
cnn,pso,1,2693,2024-06-25 13:05:00,1,0,0.49277040362358093
cnn,pso,1,2694,2024-06-25 13:10:00,1,0,0.4525090754032135
cnn,pso,1,2695,2024-06-25 13:15:00,1,0,0.46818211674690247
cnn,pso,1,2696,2024-06-25 13:20:00,1,1,0.5175799131393433
cnn,pso,1,2697,2024-06-25 13:25:00,1,1,0.5367117524147034
cnn,pso,1,2698,2024-06-25 13:30:00,1,1,0.5130549073219299
cnn,pso,1,2699,2024-06-25 13:35:00,1,1,0.5364149808883667
cnn,pso,1,2700,2024-06-25 13:40:00,1,1,0.5402010679244995
cnn,pso,1,2701,2024-06-25 13:45:00,1,1,0.5451822876930237
cnn,pso,1,2702,2024-06-25 13:50:00,1,1,0.5642237663269043
cnn,pso,1,2703,2024-06-25 13:55:00,1,1,0.5459206104278564
cnn,pso,1,2704,2024-06-25 14:00:00,1,1,0.537326991558075
cnn,pso,1,2705,2024-06-25 14:05:00,1,1,0.5412991642951965
cnn,pso,1,2706,2024-06-25 14:10:00,1,1,0.5615801811218262
cnn,pso,1,2707,2024-06-25 14:15:00,1,1,0.5299882292747498
cnn,pso,1,2708,2024-06-25 14:20:00,1,0,0.4679674208164215
cnn,pso,1,2709,2024-06-25 14:25:00,1,1,0.5016725659370422
cnn,pso,1,2710,2024-06-25 14:30:00,1,1,0.5396307110786438
cnn,pso,1,2711,2024-06-25 14:35:00,1,1,0.5200989246368408
cnn,pso,1,2712,2024-06-25 14:40:00,1,1,0.5384100675582886
cnn,pso,1,2713,2024-06-25 14:45:00,1,1,0.5428974628448486
cnn,pso,1,2714,2024-06-25 14:50:00,0,1,0.5862035155296326
cnn,pso,1,2715,2024-06-25 14:55:00,0,1,0.5865148305892944
cnn,pso,1,2716,2024-06-25 15:00:00,0,1,0.5708080530166626
cnn,pso,1,2717,2024-06-25 15:05:00,0,1,0.5596798658370972
cnn,pso,1,2718,2024-06-25 15:10:00,0,1,0.560585618019104
cnn,pso,1,2719,2024-06-25 15:15:00,0,1,0.534910261631012
cnn,pso,1,2720,2024-06-25 15:20:00,0,0,0.49038222432136536
cnn,pso,1,2721,2024-06-25 15:25:00,0,1,0.5024643540382385
cnn,pso,1,2722,2024-06-25 15:30:00,0,1,0.5002316832542419
cnn,pso,1,2723,2024-06-25 15:35:00,0,0,0.49455031752586365
cnn,pso,1,2724,2024-06-25 15:40:00,0,0,0.4910677671432495
cnn,pso,1,2725,2024-06-25 15:45:00,0,1,0.5167585015296936
cnn,pso,1,2726,2024-06-25 15:50:00,0,0,0.48617345094680786
cnn,pso,1,2727,2024-06-25 15:55:00,0,0,0.47535839676856995
cnn,pso,1,2728,2024-06-25 16:00:00,0,0,0.4881029725074768
cnn,pso,1,2729,2024-06-25 16:05:00,0,0,0.45460766553878784
cnn,pso,1,2730,2024-06-25 16:10:00,0,0,0.4644572138786316
cnn,pso,1,2731,2024-06-25 16:15:00,0,0,0.4823582172393799
cnn,pso,1,2732,2024-06-25 16:20:00,0,0,0.4705915153026581
cnn,pso,1,2733,2024-06-25 16:25:00,0,0,0.49152618646621704
cnn,pso,1,2734,2024-06-25 16:30:00,0,0,0.4786294996738434
cnn,pso,1,2735,2024-06-25 16:35:00,0,0,0.4448850452899933
cnn,pso,1,2736,2024-06-25 16:40:00,1,0,0.42800644040107727
cnn,pso,1,2737,2024-06-25 16:45:00,1,0,0.44185590744018555
cnn,pso,1,2738,2024-06-25 16:50:00,1,0,0.441592276096344
cnn,pso,1,2739,2024-06-25 16:55:00,1,0,0.4613845646381378
cnn,pso,1,2740,2024-06-25 17:00:00,1,0,0.4999593496322632
cnn,pso,1,2741,2024-06-25 17:05:00,1,1,0.5341635942459106
cnn,pso,1,2742,2024-06-25 17:10:00,1,1,0.560492992401123
cnn,pso,1,2743,2024-06-25 17:15:00,1,1,0.5402567982673645
cnn,pso,1,2744,2024-06-25 17:20:00,1,1,0.5620231628417969
cnn,pso,1,2745,2024-06-25 17:25:00,1,1,0.5443344712257385
cnn,pso,1,2746,2024-06-25 17:30:00,0,1,0.5402836203575134
cnn,pso,1,2747,2024-06-25 17:35:00,0,1,0.5522986054420471
cnn,pso,1,2748,2024-06-25 17:40:00,0,1,0.5329286456108093
cnn,pso,1,2749,2024-06-25 17:45:00,0,1,0.5289342999458313
cnn,pso,1,2750,2024-06-25 17:50:00,0,1,0.5376776456832886
cnn,pso,1,2751,2024-06-25 17:55:00,0,1,0.5343007445335388
cnn,pso,1,2752,2024-06-26 10:40:00,1,0,0.3651966452598572
cnn,pso,1,2753,2024-06-26 10:45:00,1,0,0.3704652786254883
cnn,pso,1,2754,2024-06-26 10:50:00,1,0,0.4221121072769165
cnn,pso,1,2755,2024-06-26 10:55:00,1,0,0.48762816190719604
cnn,pso,1,2756,2024-06-26 11:00:00,1,1,0.542478621006012
cnn,pso,1,2757,2024-06-26 11:05:00,1,1,0.5176553726196289
cnn,pso,1,2758,2024-06-26 11:10:00,1,1,0.5182473659515381
cnn,pso,1,2759,2024-06-26 11:15:00,1,1,0.5880305767059326
cnn,pso,1,2760,2024-06-26 11:20:00,1,1,0.6095632314682007
cnn,pso,1,2761,2024-06-26 11:25:00,1,1,0.547751247882843
cnn,pso,1,2762,2024-06-26 11:30:00,1,1,0.5034727454185486
cnn,pso,1,2763,2024-06-26 11:35:00,1,1,0.5194992423057556
cnn,pso,1,2764,2024-06-26 11:40:00,1,0,0.48531705141067505
cnn,pso,1,2765,2024-06-26 11:45:00,1,0,0.48365816473960876
cnn,pso,1,2766,2024-06-26 11:50:00,1,1,0.5145146250724792
cnn,pso,1,2767,2024-06-26 11:55:00,1,1,0.5015178918838501
cnn,pso,1,2768,2024-06-26 12:00:00,1,1,0.524465799331665
cnn,pso,1,2769,2024-06-26 12:05:00,1,1,0.5506450533866882
cnn,pso,1,2770,2024-06-26 12:10:00,1,0,0.4712674617767334
cnn,pso,1,2771,2024-06-26 12:15:00,1,0,0.4565468430519104
cnn,pso,1,2772,2024-06-26 12:20:00,1,1,0.5040464997291565
cnn,pso,1,2773,2024-06-26 12:25:00,1,1,0.5290139317512512
cnn,pso,1,2774,2024-06-26 12:30:00,1,1,0.5253767371177673
cnn,pso,1,2775,2024-06-26 12:35:00,1,1,0.5521841645240784
cnn,pso,1,2776,2024-06-26 12:40:00,1,1,0.5499359369277954
cnn,pso,1,2777,2024-06-26 12:45:00,1,1,0.5494211912155151
cnn,pso,1,2778,2024-06-26 12:50:00,1,1,0.5837949514389038
cnn,pso,1,2779,2024-06-26 12:55:00,1,1,0.6175398230552673
cnn,pso,1,2780,2024-06-26 13:00:00,1,1,0.6277408599853516
cnn,pso,1,2781,2024-06-26 13:05:00,1,1,0.6637027859687805
cnn,pso,1,2782,2024-06-26 13:10:00,1,1,0.6210528016090393
cnn,pso,1,2783,2024-06-26 13:15:00,1,1,0.6156517863273621
cnn,pso,1,2784,2024-06-26 13:20:00,1,1,0.6313144564628601
cnn,pso,1,2785,2024-06-26 13:25:00,1,1,0.608534038066864
cnn,pso,1,2786,2024-06-26 13:30:00,1,1,0.5803086161613464
cnn,pso,1,2787,2024-06-26 13:35:00,1,1,0.5659862160682678
cnn,pso,1,2788,2024-06-26 13:40:00,1,1,0.5683470964431763
cnn,pso,1,2789,2024-06-26 13:45:00,1,1,0.5651588439941406
cnn,pso,1,2790,2024-06-26 13:50:00,1,1,0.579442024230957
cnn,pso,1,2791,2024-06-26 13:55:00,1,1,0.5545512437820435
cnn,pso,1,2792,2024-06-26 14:00:00,1,1,0.5493743419647217
cnn,pso,1,2793,2024-06-26 14:05:00,1,1,0.5133676528930664
cnn,pso,1,2794,2024-06-26 14:10:00,1,0,0.4595743715763092
cnn,pso,1,2795,2024-06-26 14:15:00,1,0,0.468759149312973
cnn,pso,1,2796,2024-06-26 14:20:00,1,1,0.516806423664093
cnn,pso,1,2797,2024-06-26 14:25:00,1,1,0.5313912630081177
cnn,pso,1,2798,2024-06-26 14:30:00,1,1,0.5497562885284424
cnn,pso,1,2799,2024-06-26 14:35:00,1,1,0.5342485904693604
cnn,pso,1,2800,2024-06-26 14:40:00,1,1,0.5227712392807007
cnn,pso,1,2801,2024-06-26 14:45:00,1,1,0.5166316628456116
cnn,pso,1,2802,2024-06-26 14:50:00,1,0,0.4978043735027313
cnn,pso,1,2803,2024-06-26 14:55:00,1,1,0.5274567008018494
cnn,pso,1,2804,2024-06-26 15:00:00,1,1,0.5632657408714294
cnn,pso,1,2805,2024-06-26 15:05:00,1,1,0.5891909003257751
cnn,pso,1,2806,2024-06-26 15:10:00,0,1,0.6110844612121582
cnn,pso,1,2807,2024-06-26 15:15:00,0,1,0.5784218311309814
cnn,pso,1,2808,2024-06-26 15:20:00,0,1,0.5739365220069885
cnn,pso,1,2809,2024-06-26 15:25:00,0,1,0.5350196361541748
cnn,pso,1,2810,2024-06-26 15:30:00,0,1,0.5100731253623962
cnn,pso,1,2811,2024-06-26 15:35:00,0,1,0.5061874985694885
cnn,pso,1,2812,2024-06-26 15:40:00,0,0,0.4804002046585083
cnn,pso,1,2813,2024-06-26 15:45:00,0,0,0.45262813568115234
cnn,pso,1,2814,2024-06-26 15:50:00,0,0,0.4053482711315155
cnn,pso,1,2815,2024-06-26 15:55:00,0,0,0.36569827795028687
cnn,pso,1,2816,2024-06-26 16:00:00,0,0,0.38005557656288147
cnn,pso,1,2817,2024-06-26 16:05:00,0,0,0.38621944189071655
cnn,pso,1,2818,2024-06-26 16:10:00,1,0,0.39499810338020325
cnn,pso,1,2819,2024-06-26 16:15:00,1,0,0.4506533741950989
cnn,pso,1,2820,2024-06-26 16:20:00,1,1,0.5079149007797241
cnn,pso,1,2821,2024-06-26 16:25:00,1,1,0.5470761060714722
cnn,pso,1,2822,2024-06-26 16:30:00,1,1,0.5675438046455383
cnn,pso,1,2823,2024-06-26 16:35:00,1,1,0.5633901357650757
cnn,pso,1,2824,2024-06-26 16:40:00,1,1,0.5673975348472595
cnn,pso,1,2825,2024-06-26 16:45:00,1,1,0.5718578696250916
cnn,pso,1,2826,2024-06-26 16:50:00,0,1,0.6137354373931885
cnn,pso,1,2827,2024-06-26 16:55:00,0,1,0.6636011004447937
cnn,pso,1,2828,2024-06-26 17:00:00,0,1,0.6255391240119934
cnn,pso,1,2829,2024-06-26 17:05:00,0,1,0.6324801445007324
cnn,pso,1,2830,2024-06-26 17:10:00,0,1,0.5546541810035706
cnn,pso,1,2831,2024-06-26 17:15:00,0,1,0.5199329853057861
cnn,pso,1,2832,2024-06-26 17:20:00,0,1,0.5017220973968506
cnn,pso,1,2833,2024-06-26 17:25:00,0,0,0.49705055356025696
cnn,pso,1,2834,2024-06-26 17:30:00,1,0,0.4673154652118683
cnn,pso,1,2835,2024-06-26 17:35:00,1,0,0.47792235016822815
cnn,pso,1,2836,2024-06-26 17:40:00,1,1,0.5105095505714417
cnn,pso,1,2837,2024-06-26 17:45:00,1,1,0.5245481133460999
cnn,pso,1,2838,2024-06-26 17:50:00,1,1,0.5478109121322632
cnn,pso,1,2839,2024-06-26 17:55:00,1,1,0.5635038018226624
cnn,pso,1,2840,2024-06-27 10:55:00,0,1,0.5967380404472351
cnn,pso,1,2841,2024-06-27 11:00:00,0,1,0.5816251635551453
cnn,pso,1,2842,2024-06-27 11:05:00,0,1,0.5465652942657471
cnn,pso,1,2843,2024-06-27 11:10:00,0,1,0.5563725233078003
cnn,pso,1,2844,2024-06-27 11:15:00,0,1,0.5110424757003784
cnn,pso,1,2845,2024-06-27 11:20:00,0,0,0.41115257143974304
cnn,pso,1,2846,2024-06-27 11:25:00,0,0,0.3720935583114624
cnn,pso,1,2847,2024-06-27 11:30:00,0,0,0.3817579746246338
cnn,pso,1,2848,2024-06-27 11:35:00,0,0,0.43023428320884705
cnn,pso,1,2849,2024-06-27 11:40:00,0,0,0.4267936050891876
cnn,pso,1,2850,2024-06-27 11:45:00,0,0,0.4191766381263733
cnn,pso,1,2851,2024-06-27 11:50:00,0,0,0.37691518664360046
cnn,pso,1,2852,2024-06-27 11:55:00,0,0,0.3305162787437439
cnn,pso,1,2853,2024-06-27 12:00:00,1,0,0.3116782009601593
cnn,pso,1,2854,2024-06-27 12:05:00,1,0,0.3530571758747101
cnn,pso,1,2855,2024-06-27 12:10:00,1,0,0.3771473467350006
cnn,pso,1,2856,2024-06-27 12:15:00,1,0,0.398576021194458
cnn,pso,1,2857,2024-06-27 12:20:00,1,0,0.4323902726173401
cnn,pso,1,2858,2024-06-27 12:25:00,1,0,0.4955638647079468
cnn,pso,1,2859,2024-06-27 12:30:00,1,1,0.5530557632446289
cnn,pso,1,2860,2024-06-27 12:35:00,1,1,0.5974704623222351
cnn,pso,1,2861,2024-06-27 12:40:00,1,1,0.628207802772522
cnn,pso,1,2862,2024-06-27 12:45:00,1,1,0.6351709961891174
cnn,pso,1,2863,2024-06-27 12:50:00,1,1,0.6183610558509827
cnn,pso,1,2864,2024-06-27 12:55:00,0,1,0.6204352974891663
cnn,pso,1,2865,2024-06-27 13:00:00,0,1,0.5730834007263184
cnn,pso,1,2866,2024-06-27 13:05:00,0,1,0.5283628702163696
cnn,pso,1,2867,2024-06-27 13:10:00,0,1,0.5089237093925476
cnn,pso,1,2868,2024-06-27 13:15:00,0,0,0.4867975413799286
cnn,pso,1,2869,2024-06-27 13:20:00,0,1,0.5071268677711487
cnn,pso,1,2870,2024-06-27 13:25:00,0,0,0.47931650280952454
cnn,pso,1,2871,2024-06-27 13:30:00,0,0,0.4669521749019623
cnn,pso,1,2872,2024-06-27 13:35:00,0,0,0.4579871594905853
cnn,pso,1,2873,2024-06-27 13:40:00,0,0,0.4922419488430023
cnn,pso,1,2874,2024-06-27 13:45:00,0,1,0.5355094075202942
cnn,pso,1,2875,2024-06-27 13:50:00,0,1,0.5268136858940125
cnn,pso,1,2876,2024-06-27 13:55:00,0,1,0.5185174942016602
cnn,pso,1,2877,2024-06-27 14:00:00,0,1,0.516745924949646
cnn,pso,1,2878,2024-06-27 14:05:00,0,0,0.47290006279945374
cnn,pso,1,2879,2024-06-27 14:10:00,1,0,0.4230775833129883
cnn,pso,1,2880,2024-06-27 14:15:00,1,0,0.4519096314907074
cnn,pso,1,2881,2024-06-27 14:20:00,1,1,0.5499199628829956
cnn,pso,1,2882,2024-06-27 14:25:00,1,1,0.6073235273361206
cnn,pso,1,2883,2024-06-27 14:30:00,1,1,0.5784110426902771
cnn,pso,1,2884,2024-06-27 14:35:00,1,1,0.5890173316001892
cnn,pso,1,2885,2024-06-27 14:40:00,1,1,0.5986981987953186
cnn,pso,1,2886,2024-06-27 14:45:00,1,1,0.6090424656867981
cnn,pso,1,2887,2024-06-27 14:50:00,1,1,0.6199857592582703
cnn,pso,1,2888,2024-06-27 14:55:00,1,1,0.6245434880256653
cnn,pso,1,2889,2024-06-27 15:00:00,1,1,0.5815340876579285
cnn,pso,1,2890,2024-06-27 15:05:00,1,1,0.526565670967102
cnn,pso,1,2891,2024-06-27 15:10:00,1,1,0.5188107490539551
cnn,pso,1,2892,2024-06-27 15:15:00,1,1,0.5306709408760071
cnn,pso,1,2893,2024-06-27 15:20:00,1,1,0.5318382978439331
cnn,pso,1,2894,2024-06-27 15:25:00,1,1,0.5258298516273499
cnn,pso,1,2895,2024-06-27 15:30:00,1,1,0.5527331233024597
cnn,pso,1,2896,2024-06-27 15:35:00,1,1,0.5779680013656616
cnn,pso,1,2897,2024-06-27 15:40:00,1,1,0.5667460560798645
cnn,pso,1,2898,2024-06-27 15:45:00,1,1,0.5851641893386841
cnn,pso,1,2899,2024-06-27 15:50:00,1,1,0.6260295510292053
cnn,pso,1,2900,2024-06-27 15:55:00,1,1,0.6617388725280762
cnn,pso,1,2901,2024-06-27 16:00:00,1,1,0.6507693529129028
cnn,pso,1,2902,2024-06-27 16:05:00,1,1,0.6248226165771484
cnn,pso,1,2903,2024-06-27 16:10:00,1,1,0.6184216737747192
cnn,pso,1,2904,2024-06-27 16:15:00,1,1,0.5586063861846924
cnn,pso,1,2905,2024-06-27 16:20:00,1,1,0.5252881646156311
cnn,pso,1,2906,2024-06-27 16:25:00,1,1,0.5145847201347351
cnn,pso,1,2907,2024-06-27 16:30:00,1,0,0.48136934638023376
cnn,pso,1,2908,2024-06-27 16:35:00,1,0,0.47643205523490906
cnn,pso,1,2909,2024-06-27 16:40:00,1,1,0.5193968415260315
cnn,pso,1,2910,2024-06-27 16:45:00,1,1,0.5565832853317261
cnn,pso,1,2911,2024-06-27 16:50:00,1,1,0.5467764139175415
cnn,pso,1,2912,2024-06-27 16:55:00,1,1,0.5565618276596069
cnn,pso,1,2913,2024-06-27 17:00:00,1,1,0.5457990169525146
cnn,pso,1,2914,2024-06-27 17:05:00,1,1,0.5703561902046204
cnn,pso,1,2915,2024-06-27 17:10:00,1,1,0.5456392168998718
cnn,pso,1,2916,2024-06-27 17:15:00,1,1,0.5102514624595642
cnn,pso,1,2917,2024-06-27 17:20:00,1,1,0.5100665092468262
cnn,pso,1,2918,2024-06-27 17:25:00,1,1,0.5204921364784241
cnn,pso,1,2919,2024-06-27 17:30:00,1,1,0.5188201665878296
cnn,pso,1,2920,2024-06-27 17:35:00,1,1,0.5067172050476074
cnn,pso,1,2921,2024-06-27 17:40:00,1,1,0.5113745331764221
cnn,pso,1,2922,2024-06-27 17:45:00,1,1,0.5282526016235352
cnn,pso,1,2923,2024-06-27 17:50:00,1,1,0.5469796061515808
cnn,pso,1,2924,2024-06-27 17:55:00,0,1,0.5718589425086975
cnn,pso,1,2925,2024-06-28 10:40:00,0,0,0.36644500494003296
cnn,pso,1,2926,2024-06-28 10:45:00,0,0,0.30430880188941956
cnn,pso,1,2927,2024-06-28 10:50:00,0,0,0.2558816075325012
cnn,pso,1,2928,2024-06-28 10:55:00,0,0,0.24358783662319183
cnn,pso,1,2929,2024-06-28 11:00:00,1,0,0.25715139508247375
cnn,pso,1,2930,2024-06-28 11:05:00,1,0,0.23007184267044067
cnn,pso,1,2931,2024-06-28 11:10:00,1,0,0.28146469593048096
cnn,pso,1,2932,2024-06-28 11:15:00,1,0,0.3510948419570923
cnn,pso,1,2933,2024-06-28 11:20:00,1,0,0.49424296617507935
cnn,pso,1,2934,2024-06-28 11:25:00,1,1,0.5484585165977478
cnn,pso,1,2935,2024-06-28 11:30:00,1,1,0.5970491170883179
cnn,pso,1,2936,2024-06-28 11:35:00,1,1,0.6183529496192932
cnn,pso,1,2937,2024-06-28 11:40:00,1,1,0.6167501211166382
cnn,pso,1,2938,2024-06-28 11:45:00,1,1,0.6406964659690857
cnn,pso,1,2939,2024-06-28 11:50:00,1,1,0.6358683705329895
cnn,pso,1,2940,2024-06-28 11:55:00,1,1,0.6701850295066833
cnn,pso,1,2941,2024-06-28 12:00:00,1,1,0.65130215883255
cnn,pso,1,2942,2024-06-28 12:05:00,1,1,0.603127658367157
cnn,pso,1,2943,2024-06-28 12:10:00,1,1,0.5822350382804871
cnn,pso,1,2944,2024-06-28 12:15:00,1,1,0.5922498106956482
cnn,pso,1,2945,2024-06-28 12:20:00,1,1,0.5786217451095581
cnn,pso,1,2946,2024-06-28 12:25:00,1,1,0.519535481929779
cnn,pso,1,2947,2024-06-28 12:30:00,1,1,0.5109072327613831
cnn,pso,1,2948,2024-06-28 12:35:00,0,1,0.5534346103668213
cnn,pso,1,2949,2024-06-28 12:40:00,0,1,0.5605105757713318
cnn,pso,1,2950,2024-06-28 12:45:00,0,1,0.5207321047782898
cnn,pso,1,2951,2024-06-28 12:50:00,0,0,0.4995671212673187
cnn,pso,1,2952,2024-06-28 12:55:00,0,0,0.44899982213974
cnn,pso,1,2953,2024-06-28 13:00:00,0,0,0.40999549627304077
cnn,pso,1,2954,2024-06-28 13:05:00,0,0,0.3933263421058655
cnn,pso,1,2955,2024-06-28 13:10:00,0,0,0.3617086410522461
cnn,pso,1,2956,2024-06-28 13:15:00,0,0,0.3891144096851349
cnn,pso,1,2957,2024-06-28 13:20:00,0,0,0.41217485070228577
cnn,pso,1,2958,2024-06-28 13:25:00,0,0,0.4128049612045288
cnn,pso,1,2959,2024-06-28 13:30:00,0,0,0.42401501536369324
cnn,pso,1,2960,2024-06-28 13:35:00,1,0,0.4130743443965912
cnn,pso,1,2961,2024-06-28 13:40:00,1,0,0.45225125551223755
cnn,pso,1,2962,2024-06-28 13:45:00,1,0,0.4540436863899231
cnn,pso,1,2963,2024-06-28 13:50:00,1,0,0.44115862250328064
cnn,pso,1,2964,2024-06-28 13:55:00,1,0,0.4953194856643677
cnn,pso,1,2965,2024-06-28 14:00:00,1,1,0.5132286548614502
cnn,pso,1,2966,2024-06-28 14:05:00,1,1,0.5237651467323303
cnn,pso,1,2967,2024-06-28 14:10:00,1,1,0.511382520198822
cnn,pso,1,2968,2024-06-28 14:15:00,1,1,0.5155469179153442
cnn,pso,1,2969,2024-06-28 14:20:00,1,1,0.5435858964920044
cnn,pso,1,2970,2024-06-28 14:25:00,1,1,0.571258544921875
cnn,pso,1,2971,2024-06-28 14:30:00,1,1,0.5506475567817688
cnn,pso,1,2972,2024-06-28 14:35:00,1,1,0.5673490762710571
cnn,pso,1,2973,2024-06-28 14:40:00,1,1,0.6017379760742188
cnn,pso,1,2974,2024-06-28 14:45:00,0,1,0.6123233437538147
cnn,pso,1,2975,2024-06-28 14:50:00,0,1,0.6011769771575928
cnn,pso,1,2976,2024-06-28 14:55:00,0,1,0.5249277949333191
cnn,pso,1,2977,2024-06-28 15:00:00,0,0,0.4743533134460449
cnn,pso,1,2978,2024-06-28 15:05:00,0,0,0.4740356504917145
cnn,pso,1,2979,2024-06-28 15:10:00,0,0,0.47023653984069824
cnn,pso,1,2980,2024-06-28 15:15:00,0,0,0.49214524030685425
cnn,pso,1,2981,2024-06-28 15:20:00,0,0,0.46573683619499207
cnn,pso,1,2982,2024-06-28 15:25:00,0,0,0.46052417159080505
cnn,pso,1,2983,2024-06-28 15:30:00,0,0,0.4301639497280121
cnn,pso,1,2984,2024-06-28 15:35:00,0,0,0.38620373606681824
cnn,pso,1,2985,2024-06-28 15:40:00,0,0,0.360852986574173
cnn,pso,1,2986,2024-06-28 15:45:00,0,0,0.38883212208747864
cnn,pso,1,2987,2024-06-28 15:50:00,0,0,0.41289639472961426
cnn,pso,1,2988,2024-06-28 15:55:00,0,0,0.46589747071266174
cnn,pso,1,2989,2024-06-28 16:00:00,0,0,0.4574996829032898
cnn,pso,1,2990,2024-06-28 16:05:00,0,0,0.4477043151855469
cnn,pso,1,2991,2024-06-28 16:10:00,0,0,0.42084991931915283
cnn,pso,1,2992,2024-06-28 16:15:00,1,0,0.4155617356300354
cnn,pso,1,2993,2024-06-28 16:20:00,1,0,0.45751893520355225
cnn,pso,1,2994,2024-06-28 16:25:00,1,1,0.5081052184104919
cnn,pso,1,2995,2024-06-28 16:30:00,1,1,0.5122446417808533
cnn,pso,1,2996,2024-06-28 16:35:00,1,1,0.5081629753112793
cnn,pso,1,2997,2024-06-28 16:40:00,1,1,0.5216311812400818
cnn,pso,1,2998,2024-06-28 16:45:00,1,1,0.5436133742332458
cnn,pso,1,2999,2024-06-28 16:50:00,1,1,0.5686907172203064
cnn,pso,1,3000,2024-06-28 16:55:00,0,1,0.5890198945999146
cnn,pso,1,3001,2024-06-28 17:00:00,0,1,0.5696995258331299
cnn,pso,1,3002,2024-06-28 17:05:00,0,1,0.5361924767494202
cnn,pso,1,3003,2024-06-28 17:10:00,0,1,0.5403774976730347
cnn,pso,1,3004,2024-06-28 17:15:00,0,1,0.5074283480644226
cnn,pso,1,3005,2024-06-28 17:20:00,0,0,0.46349573135375977
cnn,pso,1,3006,2024-06-28 17:25:00,0,0,0.4513055682182312
cnn,pso,1,3007,2024-06-28 17:30:00,0,0,0.4816448986530304
cnn,pso,1,3008,2024-06-28 17:35:00,0,0,0.47139912843704224
cnn,pso,1,3009,2024-06-28 17:40:00,0,0,0.4826233685016632
cnn,pso,1,3010,2024-06-28 17:45:00,0,1,0.5201930403709412
cnn,pso,1,3011,2024-06-28 17:50:00,0,1,0.5261344313621521
cnn,pso,2,0,2024-05-20 15:25:00,1,0,0.41221195459365845
cnn,pso,2,1,2024-05-20 15:25:00,1,0,0.41720983386039734
cnn,pso,2,2,2024-05-20 15:30:00,1,0,0.4714394211769104
cnn,pso,2,3,2024-05-20 15:30:00,1,0,0.4791363477706909
cnn,pso,2,4,2024-05-20 15:35:00,1,1,0.5168421268463135
cnn,pso,2,5,2024-05-20 15:35:00,1,1,0.5283786654472351
cnn,pso,2,6,2024-05-20 15:40:00,1,0,0.46003860235214233
cnn,pso,2,7,2024-05-20 15:40:00,1,0,0.3460751175880432
cnn,pso,2,8,2024-05-20 15:45:00,1,0,0.4740588665008545
cnn,pso,2,9,2024-05-20 15:45:00,1,0,0.4607638716697693
cnn,pso,2,10,2024-05-20 15:50:00,1,0,0.4594920873641968
cnn,pso,2,11,2024-05-20 15:50:00,1,0,0.30910760164260864
cnn,pso,2,12,2024-05-20 15:55:00,1,0,0.44635123014450073
cnn,pso,2,13,2024-05-20 15:55:00,1,0,0.4572928845882416
cnn,pso,2,14,2024-05-20 16:00:00,1,1,0.5431891083717346
cnn,pso,2,15,2024-05-20 16:00:00,1,1,0.5273734927177429
cnn,pso,2,16,2024-05-20 16:05:00,1,1,0.5850589871406555
cnn,pso,2,17,2024-05-20 16:05:00,1,1,0.565464973449707
cnn,pso,2,18,2024-05-20 16:10:00,1,1,0.5564247965812683
cnn,pso,2,19,2024-05-20 16:10:00,1,1,0.5596060752868652
cnn,pso,2,20,2024-05-20 16:15:00,1,1,0.5639593601226807
cnn,pso,2,21,2024-05-20 16:15:00,1,1,0.572084903717041
cnn,pso,2,22,2024-05-20 16:20:00,1,1,0.5135700106620789
cnn,pso,2,23,2024-05-20 16:20:00,1,1,0.5091765522956848
cnn,pso,2,24,2024-05-20 16:25:00,1,0,0.45203709602355957
cnn,pso,2,25,2024-05-20 16:25:00,1,0,0.4329166114330292
cnn,pso,2,26,2024-05-20 16:30:00,1,0,0.4391666352748871
cnn,pso,2,27,2024-05-20 16:30:00,1,0,0.43416598439216614
cnn,pso,2,28,2024-05-20 16:35:00,1,0,0.42452555894851685
cnn,pso,2,29,2024-05-20 16:35:00,1,0,0.36127570271492004
cnn,pso,2,30,2024-05-20 16:40:00,1,0,0.4529522657394409
cnn,pso,2,31,2024-05-20 16:40:00,1,0,0.4516613185405731
cnn,pso,2,32,2024-05-20 16:45:00,1,1,0.5111331343650818
cnn,pso,2,33,2024-05-20 16:45:00,1,1,0.5410248041152954
cnn,pso,2,34,2024-05-20 16:50:00,1,1,0.5850468873977661
cnn,pso,2,35,2024-05-20 16:50:00,1,1,0.584762692451477
cnn,pso,2,36,2024-05-20 16:55:00,0,1,0.6200011372566223
cnn,pso,2,37,2024-05-20 16:55:00,0,1,0.632156491279602
cnn,pso,2,38,2024-05-20 17:00:00,0,1,0.7101117372512817
cnn,pso,2,39,2024-05-20 17:00:00,0,1,0.6023951768875122
cnn,pso,2,40,2024-05-20 17:05:00,0,1,0.513248860836029
cnn,pso,2,41,2024-05-20 17:05:00,0,1,0.5613008737564087
cnn,pso,2,42,2024-05-20 17:10:00,0,0,0.4730708599090576
cnn,pso,2,43,2024-05-20 17:10:00,0,0,0.19064484536647797
cnn,pso,2,44,2024-05-20 17:15:00,0,1,0.5199851393699646
cnn,pso,2,45,2024-05-20 17:15:00,0,1,0.5294838547706604
cnn,pso,2,46,2024-05-20 17:20:00,0,1,0.5438790917396545
cnn,pso,2,47,2024-05-20 17:20:00,0,1,0.5317468047142029
cnn,pso,2,48,2024-05-20 17:25:00,0,1,0.7040796279907227
cnn,pso,2,49,2024-05-20 17:25:00,0,1,0.558567225933075
cnn,pso,2,50,2024-05-20 17:30:00,0,1,0.6368373036384583
cnn,pso,2,51,2024-05-20 17:30:00,0,1,0.6218486428260803
cnn,pso,2,52,2024-05-20 17:35:00,0,1,0.5374098420143127
cnn,pso,2,53,2024-05-20 17:35:00,0,1,0.5428739786148071
cnn,pso,2,54,2024-05-20 17:40:00,0,1,0.5312182307243347
cnn,pso,2,55,2024-05-20 17:40:00,0,1,0.555687665939331
cnn,pso,2,56,2024-05-20 17:45:00,0,1,0.5345288515090942
cnn,pso,2,57,2024-05-20 17:45:00,0,1,0.5124478340148926
cnn,pso,2,58,2024-05-20 17:50:00,0,1,0.7542443871498108
cnn,pso,2,59,2024-05-20 17:50:00,0,1,0.5374177098274231
cnn,pso,2,60,2024-05-20 17:55:00,0,1,0.6478114724159241
cnn,pso,2,61,2024-05-20 17:55:00,0,0,0.4672999382019043
cnn,pso,2,62,2024-05-21 13:30:00,1,0,0.32479754090309143
cnn,pso,2,63,2024-05-21 13:30:00,1,0,0.3240620791912079
cnn,pso,2,64,2024-05-21 13:35:00,1,0,0.36191025376319885
cnn,pso,2,65,2024-05-21 13:35:00,1,0,0.365969181060791
cnn,pso,2,66,2024-05-21 13:40:00,1,0,0.4705475866794586
cnn,pso,2,67,2024-05-21 13:40:00,1,0,0.4616292715072632
cnn,pso,2,68,2024-05-21 13:45:00,1,1,0.5977688431739807
cnn,pso,2,69,2024-05-21 13:45:00,1,1,0.6189088821411133
cnn,pso,2,70,2024-05-21 13:50:00,1,1,0.5222538113594055
cnn,pso,2,71,2024-05-21 13:50:00,1,0,0.4998500943183899
cnn,pso,2,72,2024-05-21 13:55:00,1,0,0.44272565841674805
cnn,pso,2,73,2024-05-21 13:55:00,1,0,0.4332940876483917
cnn,pso,2,74,2024-05-21 14:00:00,1,1,0.551446259021759
cnn,pso,2,75,2024-05-21 14:00:00,1,1,0.5389934182167053
cnn,pso,2,76,2024-05-21 14:05:00,1,1,0.5443280935287476
cnn,pso,2,77,2024-05-21 14:05:00,1,1,0.5557888746261597
cnn,pso,2,78,2024-05-21 14:10:00,1,0,0.45775511860847473
cnn,pso,2,79,2024-05-21 14:10:00,1,0,0.49934467673301697
cnn,pso,2,80,2024-05-21 14:15:00,1,1,0.5198785662651062
cnn,pso,2,81,2024-05-21 14:15:00,1,1,0.5525789856910706
cnn,pso,2,82,2024-05-21 14:20:00,1,1,0.6319407820701599
cnn,pso,2,83,2024-05-21 14:20:00,1,1,0.6824540495872498
cnn,pso,2,84,2024-05-21 14:25:00,1,1,0.841209352016449
cnn,pso,2,85,2024-05-21 14:25:00,1,1,0.6427715420722961
cnn,pso,2,86,2024-05-21 14:30:00,1,1,0.6722007393836975
cnn,pso,2,87,2024-05-21 14:30:00,1,1,0.6257931590080261
cnn,pso,2,88,2024-05-21 14:35:00,1,1,0.571821928024292
cnn,pso,2,89,2024-05-21 14:35:00,1,1,0.5945364832878113
cnn,pso,2,90,2024-05-21 14:40:00,1,1,0.5788336396217346
cnn,pso,2,91,2024-05-21 14:40:00,1,1,0.5832095742225647
cnn,pso,2,92,2024-05-21 14:45:00,1,1,0.6439152956008911
cnn,pso,2,93,2024-05-21 14:45:00,1,1,0.6087580323219299
cnn,pso,2,94,2024-05-21 14:50:00,1,1,0.6047993302345276
cnn,pso,2,95,2024-05-21 14:50:00,1,1,0.5859870910644531
cnn,pso,2,96,2024-05-21 14:55:00,1,1,0.7128822207450867
cnn,pso,2,97,2024-05-21 14:55:00,1,1,0.6415947079658508
cnn,pso,2,98,2024-05-21 15:00:00,1,1,0.6794649362564087
cnn,pso,2,99,2024-05-21 15:00:00,1,1,0.9083290100097656
cnn,pso,2,100,2024-05-21 15:05:00,0,1,0.7334045171737671
cnn,pso,2,101,2024-05-21 15:05:00,0,1,0.6623172163963318
cnn,pso,2,102,2024-05-21 15:10:00,0,1,0.6568778157234192
cnn,pso,2,103,2024-05-21 15:10:00,0,1,0.5466150641441345
cnn,pso,2,104,2024-05-21 15:15:00,0,0,0.4540448784828186
cnn,pso,2,105,2024-05-21 15:15:00,0,0,0.40991148352622986
cnn,pso,2,106,2024-05-21 15:20:00,0,0,0.4378949999809265
cnn,pso,2,107,2024-05-21 15:20:00,0,1,0.5072643756866455
cnn,pso,2,108,2024-05-21 15:25:00,0,0,0.47974658012390137
cnn,pso,2,109,2024-05-21 15:25:00,0,0,0.4036824405193329
cnn,pso,2,110,2024-05-21 15:30:00,0,0,0.3852149248123169
cnn,pso,2,111,2024-05-21 15:30:00,0,0,0.19842280447483063
cnn,pso,2,112,2024-05-21 15:35:00,0,0,0.3150007724761963
cnn,pso,2,113,2024-05-21 15:35:00,0,0,0.34857603907585144
cnn,pso,2,114,2024-05-21 15:40:00,0,0,0.4108102023601532
cnn,pso,2,115,2024-05-21 15:40:00,0,0,0.36387714743614197
cnn,pso,2,116,2024-05-21 15:45:00,0,0,0.41324129700660706
cnn,pso,2,117,2024-05-21 15:50:00,0,1,0.5463337898254395
cnn,pso,2,118,2024-05-21 15:50:00,0,1,0.5514307022094727
cnn,pso,2,119,2024-05-21 15:55:00,0,1,0.5351619720458984
cnn,pso,2,120,2024-05-21 15:55:00,0,1,0.5489323735237122
cnn,pso,2,121,2024-05-21 16:00:00,0,1,0.5925394892692566
cnn,pso,2,122,2024-05-21 16:00:00,0,1,0.563355028629303
cnn,pso,2,123,2024-05-21 16:05:00,0,1,0.6911836266517639
cnn,pso,2,124,2024-05-21 16:05:00,0,1,0.5991256237030029
cnn,pso,2,125,2024-05-21 16:10:00,0,1,0.6160003542900085
cnn,pso,2,126,2024-05-21 16:10:00,0,1,0.5718923807144165
cnn,pso,2,127,2024-05-21 16:15:00,0,1,0.5665689706802368
cnn,pso,2,128,2024-05-21 16:15:00,0,1,0.5773822069168091
cnn,pso,2,129,2024-05-21 16:20:00,0,1,0.531714677810669
cnn,pso,2,130,2024-05-21 16:20:00,0,1,0.5755000114440918
cnn,pso,2,131,2024-05-21 16:25:00,0,1,0.6271793842315674
cnn,pso,2,132,2024-05-21 16:25:00,0,1,0.5769069790840149
cnn,pso,2,133,2024-05-21 16:30:00,0,1,0.6363389492034912
cnn,pso,2,134,2024-05-21 16:30:00,0,1,0.5808030962944031
cnn,pso,2,135,2024-05-21 16:35:00,0,1,0.5612015724182129
cnn,pso,2,136,2024-05-21 16:35:00,0,1,0.5605892539024353
cnn,pso,2,137,2024-05-21 16:40:00,0,1,0.533713698387146
cnn,pso,2,138,2024-05-21 16:40:00,0,1,0.5205998420715332
cnn,pso,2,139,2024-05-21 16:45:00,0,0,0.491676390171051
cnn,pso,2,140,2024-05-21 16:45:00,0,1,0.5298915505409241
cnn,pso,2,141,2024-05-21 16:50:00,0,0,0.4546102285385132
cnn,pso,2,142,2024-05-21 16:50:00,0,0,0.4348391890525818
cnn,pso,2,143,2024-05-21 16:55:00,0,0,0.380273699760437
cnn,pso,2,144,2024-05-21 16:55:00,0,0,0.38226965069770813
cnn,pso,2,145,2024-05-21 17:00:00,0,0,0.19358918070793152
cnn,pso,2,146,2024-05-21 17:00:00,0,0,0.31425878405570984
cnn,pso,2,147,2024-05-21 17:05:00,0,0,0.27873918414115906
cnn,pso,2,148,2024-05-21 17:05:00,0,0,0.3021547198295593
cnn,pso,2,149,2024-05-21 17:10:00,0,0,0.29370206594467163
cnn,pso,2,150,2024-05-21 17:10:00,0,0,0.28156954050064087
cnn,pso,2,151,2024-05-21 17:15:00,0,0,0.3013327121734619
cnn,pso,2,152,2024-05-21 17:15:00,0,0,0.28677019476890564
cnn,pso,2,153,2024-05-21 17:20:00,0,0,0.4372178316116333
cnn,pso,2,154,2024-05-21 17:20:00,0,0,0.4215979278087616
cnn,pso,2,155,2024-05-21 17:25:00,0,0,0.3947238028049469
cnn,pso,2,156,2024-05-21 17:25:00,0,0,0.430085688829422
cnn,pso,2,157,2024-05-21 17:30:00,0,0,0.4127748906612396
cnn,pso,2,158,2024-05-21 17:30:00,0,0,0.3965543806552887
cnn,pso,2,159,2024-05-21 17:35:00,0,0,0.458692342042923
cnn,pso,2,160,2024-05-21 17:40:00,0,0,0.4443565011024475
cnn,pso,2,161,2024-05-21 17:40:00,0,0,0.4715503454208374
cnn,pso,2,162,2024-05-21 17:45:00,0,0,0.48980236053466797
cnn,pso,2,163,2024-05-21 17:50:00,0,0,0.43260717391967773
cnn,pso,2,164,2024-05-21 17:50:00,0,0,0.3973064720630646
cnn,pso,2,165,2024-05-21 17:55:00,0,0,0.41513368487358093
cnn,pso,2,166,2024-05-21 17:55:00,0,0,0.42680907249450684
cnn,pso,2,167,2024-05-22 11:40:00,1,0,0.2768324613571167
cnn,pso,2,168,2024-05-22 11:45:00,1,0,0.3725016713142395
cnn,pso,2,169,2024-05-22 11:50:00,1,0,0.4929340183734894
cnn,pso,2,170,2024-05-22 11:55:00,1,1,0.5251820087432861
cnn,pso,2,171,2024-05-22 12:00:00,1,1,0.592744767665863
cnn,pso,2,172,2024-05-22 12:05:00,0,1,0.7116562128067017
cnn,pso,2,173,2024-05-22 12:10:00,0,1,0.7334083914756775
cnn,pso,2,174,2024-05-22 12:15:00,0,1,0.5479516386985779
cnn,pso,2,175,2024-05-22 12:20:00,0,0,0.43417516350746155
cnn,pso,2,176,2024-05-22 12:25:00,0,0,0.32300716638565063
cnn,pso,2,177,2024-05-22 12:30:00,0,0,0.37694472074508667
cnn,pso,2,178,2024-05-22 12:35:00,0,1,0.5161272883415222
cnn,pso,2,179,2024-05-22 12:40:00,0,0,0.49800658226013184
cnn,pso,2,180,2024-05-22 12:45:00,0,0,0.4028187692165375
cnn,pso,2,181,2024-05-22 12:50:00,0,0,0.46352681517601013
cnn,pso,2,182,2024-05-22 12:55:00,0,1,0.5643497705459595
cnn,pso,2,183,2024-05-22 13:00:00,0,1,0.6644178032875061
cnn,pso,2,184,2024-05-22 13:05:00,0,1,0.5772295594215393
cnn,pso,2,185,2024-05-22 13:10:00,0,1,0.5291152596473694
cnn,pso,2,186,2024-05-22 13:15:00,0,0,0.4894467890262604
cnn,pso,2,187,2024-05-22 13:20:00,0,0,0.4186636209487915
cnn,pso,2,188,2024-05-22 13:25:00,0,0,0.43081122636795044
cnn,pso,2,189,2024-05-22 13:30:00,0,0,0.446413516998291
cnn,pso,2,190,2024-05-22 13:35:00,0,0,0.36261942982673645
cnn,pso,2,191,2024-05-22 13:40:00,0,0,0.3422698974609375
cnn,pso,2,192,2024-05-22 13:45:00,0,0,0.3311607539653778
cnn,pso,2,193,2024-05-22 13:50:00,0,0,0.465218722820282
cnn,pso,2,194,2024-05-22 13:55:00,0,0,0.33966130018234253
cnn,pso,2,195,2024-05-22 14:00:00,0,0,0.30959242582321167
cnn,pso,2,196,2024-05-22 14:05:00,0,0,0.39064204692840576
cnn,pso,2,197,2024-05-22 14:10:00,0,0,0.40286722779273987
cnn,pso,2,198,2024-05-22 14:15:00,0,0,0.44052308797836304
cnn,pso,2,199,2024-05-22 14:20:00,0,0,0.394500195980072
cnn,pso,2,200,2024-05-22 14:25:00,0,0,0.4076380133628845
cnn,pso,2,201,2024-05-22 14:30:00,0,0,0.35978373885154724
cnn,pso,2,202,2024-05-22 14:35:00,0,0,0.34713518619537354
cnn,pso,2,203,2024-05-22 14:40:00,0,0,0.3387412130832672
cnn,pso,2,204,2024-05-22 14:45:00,0,0,0.4344947338104248
cnn,pso,2,205,2024-05-22 14:50:00,0,0,0.42867398262023926
cnn,pso,2,206,2024-05-22 14:55:00,0,0,0.4761991500854492
cnn,pso,2,207,2024-05-22 15:00:00,0,0,0.38685816526412964
cnn,pso,2,208,2024-05-22 15:05:00,0,0,0.36141860485076904
cnn,pso,2,209,2024-05-22 15:10:00,0,0,0.34628650546073914
cnn,pso,2,210,2024-05-22 15:15:00,0,0,0.32724738121032715
cnn,pso,2,211,2024-05-22 15:20:00,0,0,0.3349857032299042
cnn,pso,2,212,2024-05-22 15:25:00,0,0,0.25251060724258423
cnn,pso,2,213,2024-05-22 15:30:00,0,0,0.2517881691455841
cnn,pso,2,214,2024-05-22 15:35:00,0,0,0.24475084245204926
cnn,pso,2,215,2024-05-22 15:40:00,0,0,0.3282819986343384
cnn,pso,2,216,2024-05-22 15:45:00,0,0,0.460286945104599
cnn,pso,2,217,2024-05-22 15:50:00,0,0,0.47289544343948364
cnn,pso,2,218,2024-05-22 15:55:00,0,0,0.48011964559555054
cnn,pso,2,219,2024-05-22 16:00:00,0,1,0.537135899066925
cnn,pso,2,220,2024-05-22 16:05:00,0,1,0.5180462002754211
cnn,pso,2,221,2024-05-22 16:10:00,0,0,0.43629685044288635
cnn,pso,2,222,2024-05-22 16:15:00,0,0,0.3367588222026825
cnn,pso,2,223,2024-05-22 16:20:00,0,0,0.25009945034980774
cnn,pso,2,224,2024-05-22 16:25:00,0,0,0.3442908823490143
cnn,pso,2,225,2024-05-22 16:30:00,0,0,0.39405202865600586
cnn,pso,2,226,2024-05-22 16:35:00,0,0,0.38238683342933655
cnn,pso,2,227,2024-05-22 16:40:00,0,0,0.3662434220314026
cnn,pso,2,228,2024-05-22 16:45:00,0,0,0.3383307456970215
cnn,pso,2,229,2024-05-22 16:50:00,0,0,0.392836332321167
cnn,pso,2,230,2024-05-22 16:55:00,0,1,0.5034152269363403
cnn,pso,2,231,2024-05-22 17:00:00,0,0,0.4740782678127289
cnn,pso,2,232,2024-05-22 17:05:00,0,0,0.3871723711490631
cnn,pso,2,233,2024-05-22 17:10:00,0,0,0.34404149651527405
cnn,pso,2,234,2024-05-22 17:15:00,0,0,0.29556480050086975
cnn,pso,2,235,2024-05-22 17:20:00,0,0,0.47172465920448303
cnn,pso,2,236,2024-05-22 17:25:00,0,0,0.45687466859817505
cnn,pso,2,237,2024-05-22 17:30:00,0,0,0.3728356957435608
cnn,pso,2,238,2024-05-22 17:35:00,0,0,0.38929036259651184
cnn,pso,2,239,2024-05-22 17:40:00,0,0,0.41165977716445923
cnn,pso,2,240,2024-05-22 17:45:00,0,0,0.4134407639503479
cnn,pso,2,241,2024-05-22 17:50:00,0,0,0.44457054138183594
cnn,pso,2,242,2024-05-22 17:55:00,0,0,0.39612412452697754
cnn,pso,2,243,2024-05-23 11:15:00,1,0,0.16045041382312775
cnn,pso,2,244,2024-05-23 11:20:00,1,0,0.18618331849575043
cnn,pso,2,245,2024-05-23 11:25:00,1,0,0.23389993607997894
cnn,pso,2,246,2024-05-23 11:30:00,1,0,0.30358952283859253
cnn,pso,2,247,2024-05-23 11:35:00,1,0,0.32225143909454346
cnn,pso,2,248,2024-05-23 11:40:00,1,0,0.3457990288734436
cnn,pso,2,249,2024-05-23 11:45:00,1,0,0.43289437890052795
cnn,pso,2,250,2024-05-23 11:50:00,1,0,0.42305663228034973
cnn,pso,2,251,2024-05-23 11:55:00,1,0,0.3683266043663025
cnn,pso,2,252,2024-05-23 12:00:00,1,1,0.5075848698616028
cnn,pso,2,253,2024-05-23 12:05:00,1,1,0.612372636795044
cnn,pso,2,254,2024-05-23 12:10:00,1,1,0.5576374530792236
cnn,pso,2,255,2024-05-23 12:15:00,1,0,0.4522053301334381
cnn,pso,2,256,2024-05-23 12:20:00,1,0,0.4972398281097412
cnn,pso,2,257,2024-05-23 12:25:00,1,1,0.7484687566757202
cnn,pso,2,258,2024-05-23 12:30:00,1,1,0.59654301404953
cnn,pso,2,259,2024-05-23 12:35:00,1,1,0.5957467555999756
cnn,pso,2,260,2024-05-23 12:40:00,1,1,0.5909941792488098
cnn,pso,2,261,2024-05-23 12:45:00,1,1,0.5050176978111267
cnn,pso,2,262,2024-05-23 12:50:00,1,1,0.5266643166542053
cnn,pso,2,263,2024-05-23 12:55:00,1,1,0.6327006816864014
cnn,pso,2,264,2024-05-23 13:00:00,1,1,0.6054273843765259
cnn,pso,2,265,2024-05-23 13:05:00,1,1,0.5215807557106018
cnn,pso,2,266,2024-05-23 13:10:00,1,0,0.35317301750183105
cnn,pso,2,267,2024-05-23 13:15:00,1,0,0.43814441561698914
cnn,pso,2,268,2024-05-23 13:20:00,1,1,0.5212181806564331
cnn,pso,2,269,2024-05-23 13:25:00,0,1,0.5908238887786865
cnn,pso,2,270,2024-05-23 13:30:00,0,1,0.5946452617645264
cnn,pso,2,271,2024-05-23 13:35:00,0,1,0.5125548839569092
cnn,pso,2,272,2024-05-23 13:40:00,0,0,0.4479474127292633
cnn,pso,2,273,2024-05-23 13:45:00,0,0,0.3834588825702667
cnn,pso,2,274,2024-05-23 13:50:00,0,0,0.4316999912261963
cnn,pso,2,275,2024-05-23 13:55:00,0,0,0.43113964796066284
cnn,pso,2,276,2024-05-23 14:00:00,0,0,0.48400935530662537
cnn,pso,2,277,2024-05-23 14:05:00,0,0,0.49281713366508484
cnn,pso,2,278,2024-05-23 14:10:00,0,1,0.5872920155525208
cnn,pso,2,279,2024-05-23 14:15:00,0,1,0.5325042605400085
cnn,pso,2,280,2024-05-23 14:20:00,0,1,0.5304678678512573
cnn,pso,2,281,2024-05-23 14:25:00,0,1,0.6051628589630127
cnn,pso,2,282,2024-05-23 14:30:00,0,1,0.6111061573028564
cnn,pso,2,283,2024-05-23 14:35:00,0,0,0.4742058217525482
cnn,pso,2,284,2024-05-23 14:40:00,0,0,0.318694144487381
cnn,pso,2,285,2024-05-23 14:45:00,0,0,0.3237743079662323
cnn,pso,2,286,2024-05-23 14:50:00,0,0,0.3325224816799164
cnn,pso,2,287,2024-05-23 14:55:00,0,0,0.2560631036758423
cnn,pso,2,288,2024-05-23 15:00:00,1,0,0.20891325175762177
cnn,pso,2,289,2024-05-23 15:00:00,1,0,0.20938491821289062
cnn,pso,2,290,2024-05-23 15:05:00,1,0,0.31909340620040894
cnn,pso,2,291,2024-05-23 15:05:00,1,0,0.33288171887397766
cnn,pso,2,292,2024-05-23 15:10:00,1,0,0.41901564598083496
cnn,pso,2,293,2024-05-23 15:10:00,1,0,0.38189566135406494
cnn,pso,2,294,2024-05-23 15:15:00,1,0,0.3911474645137787
cnn,pso,2,295,2024-05-23 15:15:00,1,0,0.40060901641845703
cnn,pso,2,296,2024-05-23 15:20:00,1,0,0.41168633103370667
cnn,pso,2,297,2024-05-23 15:20:00,1,0,0.3878912031650543
cnn,pso,2,298,2024-05-23 15:25:00,1,0,0.4611298739910126
cnn,pso,2,299,2024-05-23 15:25:00,1,0,0.45534828305244446
cnn,pso,2,300,2024-05-23 15:30:00,1,0,0.4733114242553711
cnn,pso,2,301,2024-05-23 15:30:00,1,0,0.4967539310455322
cnn,pso,2,302,2024-05-23 15:35:00,1,1,0.5724015831947327
cnn,pso,2,303,2024-05-23 15:35:00,1,1,0.5566288232803345
cnn,pso,2,304,2024-05-23 15:40:00,1,1,0.553336501121521
cnn,pso,2,305,2024-05-23 15:40:00,1,1,0.5760309100151062
cnn,pso,2,306,2024-05-23 15:45:00,1,0,0.49174222350120544
cnn,pso,2,307,2024-05-23 15:45:00,1,1,0.5047085881233215
cnn,pso,2,308,2024-05-23 15:50:00,1,0,0.4885857105255127
cnn,pso,2,309,2024-05-23 15:50:00,1,0,0.46475091576576233
cnn,pso,2,310,2024-05-23 15:55:00,1,0,0.48163920640945435
cnn,pso,2,311,2024-05-23 15:55:00,1,0,0.4987969696521759
cnn,pso,2,312,2024-05-23 16:00:00,1,1,0.509812593460083
cnn,pso,2,313,2024-05-23 16:00:00,1,1,0.5226055979728699
cnn,pso,2,314,2024-05-23 16:05:00,1,1,0.5271677374839783
cnn,pso,2,315,2024-05-23 16:05:00,1,1,0.5157439112663269
cnn,pso,2,316,2024-05-23 16:10:00,1,1,0.5503107309341431
cnn,pso,2,317,2024-05-23 16:10:00,1,1,0.5470043420791626
cnn,pso,2,318,2024-05-23 16:15:00,1,1,0.5939000844955444
cnn,pso,2,319,2024-05-23 16:15:00,1,1,0.5941267013549805
cnn,pso,2,320,2024-05-23 16:20:00,1,1,0.6578024625778198
cnn,pso,2,321,2024-05-23 16:20:00,1,1,0.5997899174690247
cnn,pso,2,322,2024-05-23 16:25:00,1,1,0.5871097445487976
cnn,pso,2,323,2024-05-23 16:25:00,1,1,0.5628430843353271
cnn,pso,2,324,2024-05-23 16:30:00,1,1,0.5993066430091858
cnn,pso,2,325,2024-05-23 16:30:00,1,1,0.5581417679786682
cnn,pso,2,326,2024-05-23 16:35:00,1,1,0.5084524750709534
cnn,pso,2,327,2024-05-23 16:35:00,1,1,0.5063568353652954
cnn,pso,2,328,2024-05-23 16:40:00,1,1,0.5558204650878906
cnn,pso,2,329,2024-05-23 16:40:00,1,1,0.5570612549781799
cnn,pso,2,330,2024-05-23 16:45:00,1,1,0.6324375867843628
cnn,pso,2,331,2024-05-23 16:45:00,1,1,0.6200224161148071
cnn,pso,2,332,2024-05-23 16:50:00,1,1,0.5196574330329895
cnn,pso,2,333,2024-05-23 16:50:00,1,1,0.5403000712394714
cnn,pso,2,334,2024-05-23 16:55:00,1,1,0.5290646553039551
cnn,pso,2,335,2024-05-23 16:55:00,1,1,0.5399032235145569
cnn,pso,2,336,2024-05-23 17:00:00,1,1,0.5814946293830872
cnn,pso,2,337,2024-05-23 17:00:00,1,1,0.5890339612960815
cnn,pso,2,338,2024-05-23 17:05:00,1,1,0.60694420337677
cnn,pso,2,339,2024-05-23 17:05:00,1,1,0.6993373036384583
cnn,pso,2,340,2024-05-23 17:10:00,1,1,0.6476322412490845
cnn,pso,2,341,2024-05-23 17:10:00,1,1,0.6192328929901123
cnn,pso,2,342,2024-05-23 17:15:00,1,1,0.6807668805122375
cnn,pso,2,343,2024-05-23 17:15:00,1,1,0.6543660759925842
cnn,pso,2,344,2024-05-23 17:20:00,1,1,0.6166173815727234
cnn,pso,2,345,2024-05-23 17:20:00,1,1,0.6067103147506714
cnn,pso,2,346,2024-05-23 17:25:00,1,1,0.7126867175102234
cnn,pso,2,347,2024-05-23 17:25:00,1,1,0.6540849208831787
cnn,pso,2,348,2024-05-23 17:30:00,1,1,0.6317226886749268
cnn,pso,2,349,2024-05-23 17:30:00,1,1,0.6046843528747559
cnn,pso,2,350,2024-05-23 17:35:00,1,1,0.6811262369155884
cnn,pso,2,351,2024-05-23 17:35:00,1,1,0.6118341088294983
cnn,pso,2,352,2024-05-23 17:40:00,1,1,0.5501409769058228
cnn,pso,2,353,2024-05-23 17:40:00,1,1,0.5629636645317078
cnn,pso,2,354,2024-05-23 17:45:00,1,0,0.49376097321510315
cnn,pso,2,355,2024-05-23 17:45:00,1,1,0.505995512008667
cnn,pso,2,356,2024-05-23 17:50:00,1,0,0.462090402841568
cnn,pso,2,357,2024-05-23 17:50:00,1,0,0.46031850576400757
cnn,pso,2,358,2024-05-23 17:55:00,1,0,0.42813655734062195
cnn,pso,2,359,2024-05-23 17:55:00,1,0,0.4042500853538513
cnn,pso,2,360,2024-05-24 10:40:00,0,1,0.6488341689109802
cnn,pso,2,361,2024-05-24 10:40:00,0,1,0.6414626240730286
cnn,pso,2,362,2024-05-24 10:45:00,0,1,0.6539297103881836
cnn,pso,2,363,2024-05-24 10:45:00,0,1,0.6574268341064453
cnn,pso,2,364,2024-05-24 10:50:00,0,0,0.4557165503501892
cnn,pso,2,365,2024-05-24 10:50:00,0,0,0.4581795632839203
cnn,pso,2,366,2024-05-24 10:55:00,0,0,0.4302647113800049
cnn,pso,2,367,2024-05-24 10:55:00,0,0,0.4418819844722748
cnn,pso,2,368,2024-05-24 11:00:00,0,0,0.383302241563797
cnn,pso,2,369,2024-05-24 11:00:00,0,0,0.41122740507125854
cnn,pso,2,370,2024-05-24 11:05:00,0,1,0.5160444974899292
cnn,pso,2,371,2024-05-24 11:05:00,0,1,0.516563892364502
cnn,pso,2,372,2024-05-24 11:10:00,0,1,0.6362425088882446
cnn,pso,2,373,2024-05-24 11:10:00,0,1,0.6053481101989746
cnn,pso,2,374,2024-05-24 11:15:00,0,1,0.6234534978866577
cnn,pso,2,375,2024-05-24 11:15:00,0,1,0.5744083523750305
cnn,pso,2,376,2024-05-24 11:20:00,0,1,0.5562361478805542
cnn,pso,2,377,2024-05-24 11:20:00,1,1,0.600088894367218
cnn,pso,2,378,2024-05-24 11:25:00,0,1,0.6253175139427185
cnn,pso,2,379,2024-05-24 11:25:00,0,1,0.6545464992523193
cnn,pso,2,380,2024-05-24 11:30:00,0,1,0.6290366649627686
cnn,pso,2,381,2024-05-24 11:30:00,0,1,0.6060872673988342
cnn,pso,2,382,2024-05-24 11:35:00,0,0,0.4707892835140228
cnn,pso,2,383,2024-05-24 11:35:00,0,0,0.4683207869529724
cnn,pso,2,384,2024-05-24 11:40:00,0,0,0.3844975531101227
cnn,pso,2,385,2024-05-24 11:40:00,0,0,0.3497614562511444
cnn,pso,2,386,2024-05-24 11:45:00,0,0,0.4215776324272156
cnn,pso,2,387,2024-05-24 11:45:00,1,0,0.4166601896286011
cnn,pso,2,388,2024-05-24 11:50:00,0,1,0.5760930776596069
cnn,pso,2,389,2024-05-24 11:50:00,0,1,0.5559861660003662
cnn,pso,2,390,2024-05-24 11:55:00,0,1,0.5219271779060364
cnn,pso,2,391,2024-05-24 11:55:00,0,1,0.5245163440704346
cnn,pso,2,392,2024-05-24 12:00:00,0,0,0.46893617510795593
cnn,pso,2,393,2024-05-24 12:00:00,0,0,0.4391017258167267
cnn,pso,2,394,2024-05-24 12:05:00,0,1,0.5110519528388977
cnn,pso,2,395,2024-05-24 12:05:00,0,0,0.47551804780960083
cnn,pso,2,396,2024-05-24 12:10:00,0,0,0.44493967294692993
cnn,pso,2,397,2024-05-24 12:10:00,0,0,0.40679699182510376
cnn,pso,2,398,2024-05-24 12:15:00,0,0,0.4533770978450775
cnn,pso,2,399,2024-05-24 12:15:00,0,0,0.41901227831840515
cnn,pso,2,400,2024-05-24 12:20:00,0,0,0.4442703127861023
cnn,pso,2,401,2024-05-24 12:20:00,0,0,0.3995327949523926
cnn,pso,2,402,2024-05-24 12:25:00,0,0,0.42914843559265137
cnn,pso,2,403,2024-05-24 12:25:00,0,0,0.3151068687438965
cnn,pso,2,404,2024-05-24 12:30:00,0,0,0.4308958351612091
cnn,pso,2,405,2024-05-24 12:30:00,0,0,0.4566037952899933
cnn,pso,2,406,2024-05-24 12:35:00,0,0,0.3833794593811035
cnn,pso,2,407,2024-05-24 12:35:00,0,0,0.3639882206916809
cnn,pso,2,408,2024-05-24 12:40:00,0,0,0.3130476772785187
cnn,pso,2,409,2024-05-24 12:40:00,0,0,0.3389969766139984
cnn,pso,2,410,2024-05-24 12:45:00,0,0,0.32589998841285706
cnn,pso,2,411,2024-05-24 12:45:00,0,0,0.29738420248031616
cnn,pso,2,412,2024-05-24 12:50:00,0,0,0.3001101315021515
cnn,pso,2,413,2024-05-24 12:50:00,0,0,0.33727577328681946
cnn,pso,2,414,2024-05-24 12:55:00,0,0,0.38663649559020996
cnn,pso,2,415,2024-05-24 12:55:00,0,0,0.35954612493515015
cnn,pso,2,416,2024-05-24 13:00:00,0,0,0.39478468894958496
cnn,pso,2,417,2024-05-24 13:00:00,0,0,0.38736823201179504
cnn,pso,2,418,2024-05-24 13:05:00,0,0,0.4515058398246765
cnn,pso,2,419,2024-05-24 13:05:00,0,0,0.4254395663738251
cnn,pso,2,420,2024-05-24 13:10:00,0,1,0.5528066754341125
cnn,pso,2,421,2024-05-24 13:10:00,0,1,0.566455602645874
cnn,pso,2,422,2024-05-24 13:15:00,0,1,0.6527348160743713
cnn,pso,2,423,2024-05-24 13:15:00,0,1,0.6103599071502686
cnn,pso,2,424,2024-05-24 13:20:00,0,1,0.8999485969543457
cnn,pso,2,425,2024-05-24 13:20:00,0,1,0.6446130871772766
cnn,pso,2,426,2024-05-24 13:25:00,0,1,0.5992019772529602
cnn,pso,2,427,2024-05-24 13:25:00,0,1,0.6730685234069824
cnn,pso,2,428,2024-05-24 13:30:00,0,1,0.5198174118995667
cnn,pso,2,429,2024-05-24 13:30:00,0,1,0.5348890423774719
cnn,pso,2,430,2024-05-24 13:35:00,0,1,0.5114801526069641
cnn,pso,2,431,2024-05-24 13:35:00,0,1,0.5491297841072083
cnn,pso,2,432,2024-05-24 13:40:00,0,0,0.4771359860897064
cnn,pso,2,433,2024-05-24 13:40:00,0,1,0.5056838393211365
cnn,pso,2,434,2024-05-24 13:45:00,0,0,0.4070906639099121
cnn,pso,2,435,2024-05-24 13:45:00,0,0,0.45347288250923157
cnn,pso,2,436,2024-05-24 13:50:00,0,0,0.3970687687397003
cnn,pso,2,437,2024-05-24 13:50:00,0,0,0.39583298563957214
cnn,pso,2,438,2024-05-24 13:55:00,0,0,0.33816683292388916
cnn,pso,2,439,2024-05-24 13:55:00,0,0,0.31808748841285706
cnn,pso,2,440,2024-05-24 14:00:00,0,0,0.25014472007751465
cnn,pso,2,441,2024-05-24 14:00:00,0,0,0.31528761982917786
cnn,pso,2,442,2024-05-24 14:05:00,0,0,0.29232192039489746
cnn,pso,2,443,2024-05-24 14:05:00,0,0,0.34012895822525024
cnn,pso,2,444,2024-05-24 14:10:00,0,0,0.38421347737312317
cnn,pso,2,445,2024-05-24 14:10:00,0,0,0.43476778268814087
cnn,pso,2,446,2024-05-24 14:15:00,0,0,0.411975622177124
cnn,pso,2,447,2024-05-24 14:15:00,0,0,0.4080997407436371
cnn,pso,2,448,2024-05-24 14:20:00,0,0,0.3715592622756958
cnn,pso,2,449,2024-05-24 14:20:00,1,0,0.34712210297584534
cnn,pso,2,450,2024-05-24 14:25:00,0,0,0.3874758183956146
cnn,pso,2,451,2024-05-24 14:25:00,1,0,0.3353827893733978
cnn,pso,2,452,2024-05-24 14:30:00,0,0,0.40401604771614075
cnn,pso,2,453,2024-05-24 14:30:00,1,0,0.37531793117523193
cnn,pso,2,454,2024-05-24 14:35:00,1,0,0.49963638186454773
cnn,pso,2,455,2024-05-24 14:35:00,0,1,0.5010102391242981
cnn,pso,2,456,2024-05-24 14:40:00,0,1,0.5338935256004333
cnn,pso,2,457,2024-05-24 14:40:00,1,1,0.5407884120941162
cnn,pso,2,458,2024-05-24 14:45:00,0,1,0.5359455943107605
cnn,pso,2,459,2024-05-24 14:45:00,1,1,0.6256610155105591
cnn,pso,2,460,2024-05-24 14:50:00,0,1,0.5513372421264648
cnn,pso,2,461,2024-05-24 14:50:00,1,1,0.5585194230079651
cnn,pso,2,462,2024-05-24 14:55:00,0,1,0.5718353390693665
cnn,pso,2,463,2024-05-24 14:55:00,1,1,0.6092113852500916
cnn,pso,2,464,2024-05-24 15:00:00,0,1,0.5766539573669434
cnn,pso,2,465,2024-05-24 15:00:00,0,1,0.537341296672821
cnn,pso,2,466,2024-05-24 15:05:00,0,0,0.41149407625198364
cnn,pso,2,467,2024-05-24 15:05:00,0,0,0.4147084355354309
cnn,pso,2,468,2024-05-24 15:10:00,0,0,0.3413037657737732
cnn,pso,2,469,2024-05-24 15:10:00,0,0,0.3644610643386841
cnn,pso,2,470,2024-05-24 15:15:00,0,0,0.3138534426689148
cnn,pso,2,471,2024-05-24 15:15:00,0,0,0.33901578187942505
cnn,pso,2,472,2024-05-24 15:20:00,0,0,0.2838144302368164
cnn,pso,2,473,2024-05-24 15:20:00,0,0,0.30279380083084106
cnn,pso,2,474,2024-05-24 15:25:00,0,0,0.0998213067650795
cnn,pso,2,475,2024-05-24 15:25:00,0,0,0.24355940520763397
cnn,pso,2,476,2024-05-24 15:30:00,0,0,0.1692548245191574
cnn,pso,2,477,2024-05-24 15:30:00,0,0,0.26968759298324585
cnn,pso,2,478,2024-05-24 15:35:00,0,0,0.2543523907661438
cnn,pso,2,479,2024-05-24 15:35:00,0,0,0.2428228259086609
cnn,pso,2,480,2024-05-24 15:40:00,0,0,0.17613740265369415
cnn,pso,2,481,2024-05-24 15:40:00,0,0,0.17997553944587708
cnn,pso,2,482,2024-05-24 15:45:00,0,0,0.24947752058506012
cnn,pso,2,483,2024-05-24 15:45:00,0,0,0.26498857140541077
cnn,pso,2,484,2024-05-24 15:50:00,0,0,0.34796378016471863
cnn,pso,2,485,2024-05-24 15:50:00,0,0,0.2727365791797638
cnn,pso,2,486,2024-05-24 15:55:00,0,0,0.330264687538147
cnn,pso,2,487,2024-05-24 15:55:00,0,0,0.34427955746650696
cnn,pso,2,488,2024-05-24 16:00:00,0,0,0.33684465289115906
cnn,pso,2,489,2024-05-24 16:00:00,1,0,0.3038589358329773
cnn,pso,2,490,2024-05-24 16:05:00,1,0,0.20708781480789185
cnn,pso,2,491,2024-05-24 16:05:00,0,0,0.29215678572654724
cnn,pso,2,492,2024-05-24 16:10:00,0,0,0.3847695291042328
cnn,pso,2,493,2024-05-24 16:10:00,1,0,0.3343760073184967
cnn,pso,2,494,2024-05-24 16:15:00,1,0,0.4112868905067444
cnn,pso,2,495,2024-05-24 16:15:00,0,0,0.42670923471450806
cnn,pso,2,496,2024-05-24 16:20:00,0,0,0.454224556684494
cnn,pso,2,497,2024-05-24 16:20:00,1,0,0.390928715467453
cnn,pso,2,498,2024-05-24 16:25:00,0,1,0.5243026614189148
cnn,pso,2,499,2024-05-24 16:25:00,1,1,0.5198683738708496
cnn,pso,2,500,2024-05-24 16:30:00,0,1,0.5709749460220337
cnn,pso,2,501,2024-05-24 16:30:00,1,1,0.6244210004806519
cnn,pso,2,502,2024-05-24 16:35:00,1,1,0.6274271607398987
cnn,pso,2,503,2024-05-24 16:35:00,0,1,0.6082531213760376
cnn,pso,2,504,2024-05-24 16:40:00,1,1,0.588641881942749
cnn,pso,2,505,2024-05-24 16:40:00,0,1,0.5897060036659241
cnn,pso,2,506,2024-05-24 16:45:00,1,1,0.5792095065116882
cnn,pso,2,507,2024-05-24 16:45:00,0,1,0.5588011741638184
cnn,pso,2,508,2024-05-24 16:50:00,0,1,0.5399665832519531
cnn,pso,2,509,2024-05-24 16:50:00,1,1,0.7456268668174744
cnn,pso,2,510,2024-05-24 16:55:00,0,0,0.4290652275085449
cnn,pso,2,511,2024-05-24 16:55:00,1,0,0.4341079890727997
cnn,pso,2,512,2024-05-24 17:00:00,0,0,0.3916740417480469
cnn,pso,2,513,2024-05-24 17:00:00,1,0,0.36639782786369324
cnn,pso,2,514,2024-05-24 17:05:00,1,0,0.3268066346645355
cnn,pso,2,515,2024-05-24 17:05:00,0,0,0.37013423442840576
cnn,pso,2,516,2024-05-24 17:10:00,1,0,0.3371751010417938
cnn,pso,2,517,2024-05-24 17:10:00,0,0,0.3592543601989746
cnn,pso,2,518,2024-05-24 17:15:00,1,0,0.18046531081199646
cnn,pso,2,519,2024-05-24 17:15:00,0,0,0.3240759074687958
cnn,pso,2,520,2024-05-24 17:20:00,0,0,0.3905579447746277
cnn,pso,2,521,2024-05-24 17:20:00,1,0,0.3590453565120697
cnn,pso,2,522,2024-05-24 17:25:00,1,0,0.4288870692253113
cnn,pso,2,523,2024-05-24 17:25:00,0,0,0.4500266909599304
cnn,pso,2,524,2024-05-24 17:30:00,0,1,0.5123440623283386
cnn,pso,2,525,2024-05-24 17:30:00,1,1,0.5001227855682373
cnn,pso,2,526,2024-05-24 17:35:00,0,1,0.5168556571006775
cnn,pso,2,527,2024-05-24 17:35:00,1,1,0.6106825470924377
cnn,pso,2,528,2024-05-24 17:40:00,0,1,0.5015000700950623
cnn,pso,2,529,2024-05-24 17:40:00,1,1,0.5217412114143372
cnn,pso,2,530,2024-05-24 17:45:00,0,0,0.4882238805294037
cnn,pso,2,531,2024-05-24 17:45:00,1,0,0.4800328016281128
cnn,pso,2,532,2024-05-24 17:50:00,1,0,0.438434898853302
cnn,pso,2,533,2024-05-24 17:50:00,0,1,0.5051391124725342
cnn,pso,2,534,2024-05-24 17:55:00,0,0,0.4004589021205902
cnn,pso,2,535,2024-05-24 17:55:00,0,0,0.3827097713947296
cnn,pso,2,536,2024-05-27 10:40:00,0,0,0.35061919689178467
cnn,pso,2,537,2024-05-27 10:45:00,0,1,0.571641743183136
cnn,pso,2,538,2024-05-27 10:50:00,0,0,0.4608900845050812
cnn,pso,2,539,2024-05-27 10:55:00,0,0,0.36036232113838196
cnn,pso,2,540,2024-05-27 11:00:00,0,0,0.43078848719596863
cnn,pso,2,541,2024-05-27 11:05:00,0,0,0.3310818672180176
cnn,pso,2,542,2024-05-27 11:10:00,0,0,0.30360767245292664
cnn,pso,2,543,2024-05-27 11:15:00,0,0,0.3029835820198059
cnn,pso,2,544,2024-05-27 11:20:00,0,0,0.4481629431247711
cnn,pso,2,545,2024-05-27 11:25:00,0,0,0.42366060614585876
cnn,pso,2,546,2024-05-27 11:30:00,1,0,0.3529931902885437
cnn,pso,2,547,2024-05-27 11:30:00,1,0,0.3725399076938629
cnn,pso,2,548,2024-05-27 11:35:00,1,0,0.3519984185695648
cnn,pso,2,549,2024-05-27 11:35:00,1,0,0.3466271162033081
cnn,pso,2,550,2024-05-27 11:40:00,1,0,0.4898727238178253
cnn,pso,2,551,2024-05-27 11:40:00,1,0,0.4810520112514496
cnn,pso,2,552,2024-05-27 11:45:00,1,1,0.515407145023346
cnn,pso,2,553,2024-05-27 11:45:00,1,1,0.5226620435714722
cnn,pso,2,554,2024-05-27 11:50:00,1,1,0.5039278268814087
cnn,pso,2,555,2024-05-27 11:50:00,1,0,0.49362000823020935
cnn,pso,2,556,2024-05-27 11:55:00,1,1,0.560085654258728
cnn,pso,2,557,2024-05-27 11:55:00,1,1,0.5583773255348206
cnn,pso,2,558,2024-05-27 12:00:00,1,1,0.5027258396148682
cnn,pso,2,559,2024-05-27 12:00:00,1,1,0.5217218399047852
cnn,pso,2,560,2024-05-27 12:05:00,1,1,0.5956149697303772
cnn,pso,2,561,2024-05-27 12:05:00,1,1,0.5796971321105957
cnn,pso,2,562,2024-05-27 12:10:00,1,1,0.6267882585525513
cnn,pso,2,563,2024-05-27 12:10:00,1,1,0.6136887073516846
cnn,pso,2,564,2024-05-27 12:15:00,1,1,0.6305808424949646
cnn,pso,2,565,2024-05-27 12:15:00,1,1,0.5929299592971802
cnn,pso,2,566,2024-05-27 12:20:00,1,1,0.6738172173500061
cnn,pso,2,567,2024-05-27 12:20:00,1,1,0.6138180494308472
cnn,pso,2,568,2024-05-27 12:25:00,1,1,0.5954343676567078
cnn,pso,2,569,2024-05-27 12:30:00,1,1,0.703305184841156
cnn,pso,2,570,2024-05-27 12:30:00,1,1,0.6098377704620361
cnn,pso,2,571,2024-05-27 12:35:00,1,1,0.6032395362854004
cnn,pso,2,572,2024-05-27 12:35:00,1,1,0.5798993110656738
cnn,pso,2,573,2024-05-27 12:40:00,1,1,0.6009600758552551
cnn,pso,2,574,2024-05-27 12:40:00,1,1,0.6112468838691711
cnn,pso,2,575,2024-05-27 12:45:00,1,1,0.5569959878921509
cnn,pso,2,576,2024-05-27 12:45:00,1,1,0.5452558398246765
cnn,pso,2,577,2024-05-27 12:50:00,1,0,0.4924864172935486
cnn,pso,2,578,2024-05-27 12:50:00,1,0,0.4127143323421478
cnn,pso,2,579,2024-05-27 12:55:00,1,1,0.5365367531776428
cnn,pso,2,580,2024-05-27 12:55:00,1,1,0.5418660640716553
cnn,pso,2,581,2024-05-27 13:00:00,1,1,0.5243351459503174
cnn,pso,2,582,2024-05-27 13:05:00,1,0,0.45976966619491577
cnn,pso,2,583,2024-05-27 13:05:00,1,0,0.4652988016605377
cnn,pso,2,584,2024-05-27 13:10:00,1,0,0.4631046950817108
cnn,pso,2,585,2024-05-27 13:10:00,1,0,0.47682029008865356
cnn,pso,2,586,2024-05-27 13:15:00,1,1,0.5460466146469116
cnn,pso,2,587,2024-05-27 13:15:00,1,1,0.5366591811180115
cnn,pso,2,588,2024-05-27 13:20:00,1,1,0.5188692212104797
cnn,pso,2,589,2024-05-27 13:20:00,1,1,0.5184676051139832
cnn,pso,2,590,2024-05-27 13:25:00,1,1,0.5409613847732544
cnn,pso,2,591,2024-05-27 13:25:00,1,1,0.5559597015380859
cnn,pso,2,592,2024-05-27 13:30:00,1,1,0.5499955415725708
cnn,pso,2,593,2024-05-27 13:35:00,1,1,0.55621737241745
cnn,pso,2,594,2024-05-27 13:40:00,1,1,0.5995506644248962
cnn,pso,2,595,2024-05-27 13:40:00,1,1,0.5758892893791199
cnn,pso,2,596,2024-05-27 13:45:00,1,1,0.6203573346138
cnn,pso,2,597,2024-05-27 13:45:00,1,1,0.5902055501937866
cnn,pso,2,598,2024-05-27 13:50:00,1,1,0.5558729767799377
cnn,pso,2,599,2024-05-27 13:50:00,1,1,0.5558321475982666
cnn,pso,2,600,2024-05-27 13:55:00,1,1,0.5449748635292053
cnn,pso,2,601,2024-05-27 13:55:00,1,1,0.5579517483711243
cnn,pso,2,602,2024-05-27 14:00:00,1,1,0.5838778018951416
cnn,pso,2,603,2024-05-27 14:00:00,1,1,0.5889549851417542
cnn,pso,2,604,2024-05-27 14:05:00,1,1,0.6948725581169128
cnn,pso,2,605,2024-05-27 14:05:00,0,1,0.6384199857711792
cnn,pso,2,606,2024-05-27 14:10:00,0,1,0.5930025577545166
cnn,pso,2,607,2024-05-27 14:10:00,0,1,0.7041488289833069
cnn,pso,2,608,2024-05-27 14:15:00,0,0,0.499570369720459
cnn,pso,2,609,2024-05-27 14:15:00,0,1,0.5181937217712402
cnn,pso,2,610,2024-05-27 14:20:00,0,0,0.40748924016952515
cnn,pso,2,611,2024-05-27 14:20:00,0,0,0.4123896658420563
cnn,pso,2,612,2024-05-27 14:25:00,0,0,0.3375747501850128
cnn,pso,2,613,2024-05-27 14:25:00,0,0,0.3619353473186493
cnn,pso,2,614,2024-05-27 14:30:00,0,0,0.31499671936035156
cnn,pso,2,615,2024-05-27 14:30:00,1,0,0.3378652036190033
cnn,pso,2,616,2024-05-27 14:35:00,0,0,0.16405102610588074
cnn,pso,2,617,2024-05-27 14:35:00,1,0,0.31281691789627075
cnn,pso,2,618,2024-05-27 14:40:00,1,0,0.38780274987220764
cnn,pso,2,619,2024-05-27 14:40:00,0,0,0.28815656900405884
cnn,pso,2,620,2024-05-27 14:45:00,0,0,0.4989980459213257
cnn,pso,2,621,2024-05-27 14:45:00,1,0,0.4947703182697296
cnn,pso,2,622,2024-05-27 14:50:00,0,0,0.46427860856056213
cnn,pso,2,623,2024-05-27 14:50:00,1,0,0.45923084020614624
cnn,pso,2,624,2024-05-27 14:55:00,0,0,0.4540878236293793
cnn,pso,2,625,2024-05-27 14:55:00,1,0,0.459797203540802
cnn,pso,2,626,2024-05-27 15:00:00,1,1,0.5009568333625793
cnn,pso,2,627,2024-05-27 15:00:00,0,1,0.5291101336479187
cnn,pso,2,628,2024-05-27 15:05:00,0,1,0.5243004560470581
cnn,pso,2,629,2024-05-27 15:05:00,1,0,0.48187604546546936
cnn,pso,2,630,2024-05-27 15:10:00,1,0,0.44879150390625
cnn,pso,2,631,2024-05-27 15:10:00,1,0,0.4806027114391327
cnn,pso,2,632,2024-05-27 15:15:00,1,1,0.5055022239685059
cnn,pso,2,633,2024-05-27 15:15:00,1,1,0.5201085209846497
cnn,pso,2,634,2024-05-27 15:20:00,1,1,0.5680091381072998
cnn,pso,2,635,2024-05-27 15:20:00,1,1,0.5736732482910156
cnn,pso,2,636,2024-05-27 15:25:00,1,1,0.6376205682754517
cnn,pso,2,637,2024-05-27 15:25:00,1,1,0.832227885723114
cnn,pso,2,638,2024-05-27 15:30:00,1,1,0.5884171724319458
cnn,pso,2,639,2024-05-27 15:30:00,1,1,0.6465358138084412
cnn,pso,2,640,2024-05-27 15:35:00,1,1,0.5309954285621643
cnn,pso,2,641,2024-05-27 15:35:00,1,1,0.5602317452430725
cnn,pso,2,642,2024-05-27 15:40:00,1,1,0.5009891986846924
cnn,pso,2,643,2024-05-27 15:40:00,1,0,0.47065064311027527
cnn,pso,2,644,2024-05-27 15:45:00,1,0,0.45026063919067383
cnn,pso,2,645,2024-05-27 15:45:00,1,0,0.41437214612960815
cnn,pso,2,646,2024-05-27 15:50:00,1,0,0.4479961693286896
cnn,pso,2,647,2024-05-27 15:50:00,1,0,0.31927797198295593
cnn,pso,2,648,2024-05-27 15:55:00,1,0,0.4508645832538605
cnn,pso,2,649,2024-05-27 15:55:00,1,0,0.4055291712284088
cnn,pso,2,650,2024-05-27 16:00:00,1,1,0.5720191597938538
cnn,pso,2,651,2024-05-27 16:00:00,1,1,0.6435722708702087
cnn,pso,2,652,2024-05-27 16:05:00,1,1,0.6427780985832214
cnn,pso,2,653,2024-05-27 16:05:00,1,1,0.6695320010185242
cnn,pso,2,654,2024-05-27 16:10:00,1,1,0.6032160520553589
cnn,pso,2,655,2024-05-27 16:10:00,1,1,0.6600586771965027
cnn,pso,2,656,2024-05-27 16:15:00,1,1,0.6642163991928101
cnn,pso,2,657,2024-05-27 16:15:00,1,1,0.5905283093452454
cnn,pso,2,658,2024-05-27 16:20:00,1,1,0.6033377051353455
cnn,pso,2,659,2024-05-27 16:20:00,0,1,0.6991183757781982
cnn,pso,2,660,2024-05-27 16:25:00,1,1,0.5636078715324402
cnn,pso,2,661,2024-05-27 16:25:00,0,1,0.594792902469635
cnn,pso,2,662,2024-05-27 16:30:00,0,1,0.5503011345863342
cnn,pso,2,663,2024-05-27 16:30:00,1,1,0.5700573921203613
cnn,pso,2,664,2024-05-27 16:35:00,0,1,0.5769228935241699
cnn,pso,2,665,2024-05-27 16:35:00,1,1,0.5601011514663696
cnn,pso,2,666,2024-05-27 16:40:00,0,1,0.5011550784111023
cnn,pso,2,667,2024-05-27 16:40:00,1,1,0.5150351524353027
cnn,pso,2,668,2024-05-27 16:45:00,1,1,0.5149110555648804
cnn,pso,2,669,2024-05-27 16:45:00,0,1,0.5568798184394836
cnn,pso,2,670,2024-05-27 16:50:00,1,1,0.5448797345161438
cnn,pso,2,671,2024-05-27 16:50:00,0,1,0.5915330052375793
cnn,pso,2,672,2024-05-27 16:55:00,0,1,0.5535851120948792
cnn,pso,2,673,2024-05-27 16:55:00,1,1,0.5502495765686035
cnn,pso,2,674,2024-05-27 17:00:00,0,1,0.6022326350212097
cnn,pso,2,675,2024-05-27 17:00:00,1,1,0.5478167533874512
cnn,pso,2,676,2024-05-27 17:05:00,0,0,0.48325315117836
cnn,pso,2,677,2024-05-27 17:05:00,1,1,0.500615656375885
cnn,pso,2,678,2024-05-27 17:10:00,1,0,0.4513203799724579
cnn,pso,2,679,2024-05-27 17:10:00,0,0,0.35788020491600037
cnn,pso,2,680,2024-05-27 17:15:00,1,1,0.5072581171989441
cnn,pso,2,681,2024-05-27 17:15:00,1,0,0.45338475704193115
cnn,pso,2,682,2024-05-27 17:20:00,1,0,0.4844951927661896
cnn,pso,2,683,2024-05-27 17:20:00,1,0,0.48696714639663696
cnn,pso,2,684,2024-05-27 17:25:00,1,1,0.5320485830307007
cnn,pso,2,685,2024-05-27 17:25:00,1,0,0.48012852668762207
cnn,pso,2,686,2024-05-27 17:30:00,1,1,0.5379408597946167
cnn,pso,2,687,2024-05-27 17:30:00,1,1,0.5742968320846558
cnn,pso,2,688,2024-05-27 17:35:00,1,1,0.5355822443962097
cnn,pso,2,689,2024-05-27 17:35:00,1,1,0.5405619740486145
cnn,pso,2,690,2024-05-27 17:40:00,1,1,0.5684012770652771
cnn,pso,2,691,2024-05-27 17:40:00,1,1,0.7229185104370117
cnn,pso,2,692,2024-05-27 17:45:00,1,1,0.5675729513168335
cnn,pso,2,693,2024-05-27 17:45:00,1,1,0.5901309847831726
cnn,pso,2,694,2024-05-27 17:50:00,1,1,0.5692242383956909
cnn,pso,2,695,2024-05-27 17:50:00,1,1,0.5594943761825562
cnn,pso,2,696,2024-05-27 17:55:00,1,0,0.495659738779068
cnn,pso,2,697,2024-05-27 17:55:00,0,0,0.4877661466598511
cnn,pso,2,698,2024-05-28 10:40:00,0,0,0.1401498168706894
cnn,pso,2,699,2024-05-28 10:45:00,0,0,0.17308978736400604
cnn,pso,2,700,2024-05-28 10:50:00,0,0,0.18767184019088745
cnn,pso,2,701,2024-05-28 10:55:00,0,0,0.19201162457466125
cnn,pso,2,702,2024-05-28 11:00:00,0,0,0.2185552567243576
cnn,pso,2,703,2024-05-28 11:05:00,0,0,0.33812928199768066
cnn,pso,2,704,2024-05-28 11:10:00,0,0,0.32147929072380066
cnn,pso,2,705,2024-05-28 11:15:00,0,0,0.3183806240558624
cnn,pso,2,706,2024-05-28 11:20:00,0,0,0.3845828175544739
cnn,pso,2,707,2024-05-28 11:25:00,0,0,0.37420278787612915
cnn,pso,2,708,2024-05-28 11:30:00,0,0,0.32554861903190613
cnn,pso,2,709,2024-05-28 11:35:00,1,0,0.27627691626548767
cnn,pso,2,710,2024-05-28 11:40:00,1,0,0.3870503902435303
cnn,pso,2,711,2024-05-28 11:45:00,1,0,0.48871880769729614
cnn,pso,2,712,2024-05-28 11:50:00,1,1,0.5172125697135925
cnn,pso,2,713,2024-05-28 11:55:00,1,0,0.4411714971065521
cnn,pso,2,714,2024-05-28 12:00:00,1,0,0.40081772208213806
cnn,pso,2,715,2024-05-28 12:05:00,1,0,0.3912002146244049
cnn,pso,2,716,2024-05-28 12:10:00,1,0,0.4846220910549164
cnn,pso,2,717,2024-05-28 12:15:00,1,1,0.5081928968429565
cnn,pso,2,718,2024-05-28 12:20:00,1,1,0.6159758567810059
cnn,pso,2,719,2024-05-28 12:25:00,1,1,0.6336054801940918
cnn,pso,2,720,2024-05-28 12:30:00,1,1,0.5857958197593689
cnn,pso,2,721,2024-05-28 12:35:00,1,1,0.5828790068626404
cnn,pso,2,722,2024-05-28 12:40:00,1,1,0.5755272507667542
cnn,pso,2,723,2024-05-28 12:45:00,1,1,0.5851855278015137
cnn,pso,2,724,2024-05-28 12:50:00,1,1,0.5928718447685242
cnn,pso,2,725,2024-05-28 12:55:00,1,1,0.6091792583465576
cnn,pso,2,726,2024-05-28 13:00:00,0,1,0.6413000226020813
cnn,pso,2,727,2024-05-28 13:00:00,0,1,0.6154146194458008
cnn,pso,2,728,2024-05-28 13:05:00,0,1,0.5366982221603394
cnn,pso,2,729,2024-05-28 13:05:00,0,1,0.5439168810844421
cnn,pso,2,730,2024-05-28 13:10:00,0,1,0.5008167624473572
cnn,pso,2,731,2024-05-28 13:10:00,0,1,0.5122072100639343
cnn,pso,2,732,2024-05-28 13:15:00,0,0,0.36397385597229004
cnn,pso,2,733,2024-05-28 13:15:00,0,0,0.38276800513267517
cnn,pso,2,734,2024-05-28 13:20:00,0,0,0.2910071313381195
cnn,pso,2,735,2024-05-28 13:20:00,0,0,0.273931622505188
cnn,pso,2,736,2024-05-28 13:25:00,0,0,0.3021784722805023
cnn,pso,2,737,2024-05-28 13:25:00,0,0,0.26284778118133545
cnn,pso,2,738,2024-05-28 13:30:00,0,0,0.3758784234523773
cnn,pso,2,739,2024-05-28 13:30:00,0,0,0.3304482698440552
cnn,pso,2,740,2024-05-28 13:35:00,0,0,0.4037645757198334
cnn,pso,2,741,2024-05-28 13:35:00,0,0,0.3757060766220093
cnn,pso,2,742,2024-05-28 13:40:00,0,0,0.32999345660209656
cnn,pso,2,743,2024-05-28 13:40:00,0,0,0.40655291080474854
cnn,pso,2,744,2024-05-28 13:45:00,0,0,0.38877466320991516
cnn,pso,2,745,2024-05-28 13:45:00,0,0,0.37783151865005493
cnn,pso,2,746,2024-05-28 13:50:00,0,0,0.277590811252594
cnn,pso,2,747,2024-05-28 13:50:00,0,0,0.2796686589717865
cnn,pso,2,748,2024-05-28 13:55:00,0,0,0.16518917679786682
cnn,pso,2,749,2024-05-28 13:55:00,0,0,0.16429917514324188
cnn,pso,2,750,2024-05-28 14:00:00,0,0,0.14288528263568878
cnn,pso,2,751,2024-05-28 14:00:00,0,0,0.14481274783611298
cnn,pso,2,752,2024-05-28 14:05:00,0,0,0.2029811441898346
cnn,pso,2,753,2024-05-28 14:05:00,0,0,0.20117522776126862
cnn,pso,2,754,2024-05-28 14:10:00,0,0,0.25947245955467224
cnn,pso,2,755,2024-05-28 14:10:00,0,0,0.2510725259780884
cnn,pso,2,756,2024-05-28 14:15:00,0,0,0.30930572748184204
cnn,pso,2,757,2024-05-28 14:15:00,0,0,0.3199326992034912
cnn,pso,2,758,2024-05-28 14:20:00,0,0,0.3971441090106964
cnn,pso,2,759,2024-05-28 14:20:00,0,0,0.39852285385131836
cnn,pso,2,760,2024-05-28 14:25:00,0,0,0.48626312613487244
cnn,pso,2,761,2024-05-28 14:25:00,0,0,0.4769107401371002
cnn,pso,2,762,2024-05-28 14:30:00,0,0,0.4915836751461029
cnn,pso,2,763,2024-05-28 14:30:00,0,0,0.4891144335269928
cnn,pso,2,764,2024-05-28 14:35:00,0,0,0.4972131848335266
cnn,pso,2,765,2024-05-28 14:35:00,0,0,0.4842663109302521
cnn,pso,2,766,2024-05-28 14:40:00,0,0,0.41003236174583435
cnn,pso,2,767,2024-05-28 14:40:00,0,0,0.4055861234664917
cnn,pso,2,768,2024-05-28 14:45:00,0,0,0.30685022473335266
cnn,pso,2,769,2024-05-28 14:45:00,0,0,0.31083881855010986
cnn,pso,2,770,2024-05-28 14:50:00,0,0,0.24007916450500488
cnn,pso,2,771,2024-05-28 14:50:00,0,0,0.2441600263118744
cnn,pso,2,772,2024-05-28 14:55:00,0,0,0.17013102769851685
cnn,pso,2,773,2024-05-28 14:55:00,0,0,0.1815968006849289
cnn,pso,2,774,2024-05-28 15:00:00,0,0,0.22475528717041016
cnn,pso,2,775,2024-05-28 15:00:00,0,0,0.22816374897956848
cnn,pso,2,776,2024-05-28 15:05:00,0,0,0.34107109904289246
cnn,pso,2,777,2024-05-28 15:05:00,0,0,0.3481025993824005
cnn,pso,2,778,2024-05-28 15:10:00,0,0,0.37985384464263916
cnn,pso,2,779,2024-05-28 15:10:00,0,0,0.3707549571990967
cnn,pso,2,780,2024-05-28 15:15:00,0,0,0.31200528144836426
cnn,pso,2,781,2024-05-28 15:15:00,0,0,0.3107834458351135
cnn,pso,2,782,2024-05-28 15:20:00,0,0,0.28054937720298767
cnn,pso,2,783,2024-05-28 15:20:00,0,0,0.2857523560523987
cnn,pso,2,784,2024-05-28 15:25:00,0,0,0.2962149679660797
cnn,pso,2,785,2024-05-28 15:25:00,0,0,0.3057033121585846
cnn,pso,2,786,2024-05-28 15:30:00,0,0,0.2512384355068207
cnn,pso,2,787,2024-05-28 15:30:00,0,0,0.24620072543621063
cnn,pso,2,788,2024-05-28 15:35:00,0,0,0.24094626307487488
cnn,pso,2,789,2024-05-28 15:35:00,0,0,0.23871371150016785
cnn,pso,2,790,2024-05-28 15:40:00,0,0,0.21491889655590057
cnn,pso,2,791,2024-05-28 15:40:00,0,0,0.23552390933036804
cnn,pso,2,792,2024-05-28 15:45:00,0,0,0.2806645631790161
cnn,pso,2,793,2024-05-28 15:45:00,0,0,0.22943291068077087
cnn,pso,2,794,2024-05-28 15:50:00,0,0,0.34704041481018066
cnn,pso,2,795,2024-05-28 15:50:00,0,0,0.32970094680786133
cnn,pso,2,796,2024-05-28 15:55:00,0,0,0.4646737277507782
cnn,pso,2,797,2024-05-28 15:55:00,0,0,0.44685420393943787
cnn,pso,2,798,2024-05-28 16:00:00,0,0,0.41470101475715637
cnn,pso,2,799,2024-05-28 16:00:00,0,0,0.43841686844825745
cnn,pso,2,800,2024-05-28 16:05:00,0,0,0.40670862793922424
cnn,pso,2,801,2024-05-28 16:05:00,0,0,0.38221684098243713
cnn,pso,2,802,2024-05-28 16:10:00,1,0,0.3462989330291748
cnn,pso,2,803,2024-05-28 16:10:00,1,0,0.33811789751052856
cnn,pso,2,804,2024-05-28 16:15:00,1,0,0.3610216975212097
cnn,pso,2,805,2024-05-28 16:15:00,1,0,0.3408854901790619
cnn,pso,2,806,2024-05-28 16:20:00,1,0,0.41312891244888306
cnn,pso,2,807,2024-05-28 16:20:00,1,0,0.3868017792701721
cnn,pso,2,808,2024-05-28 16:25:00,1,0,0.47184088826179504
cnn,pso,2,809,2024-05-28 16:25:00,1,0,0.44971588253974915
cnn,pso,2,810,2024-05-28 16:30:00,1,1,0.5157811641693115
cnn,pso,2,811,2024-05-28 16:30:00,1,1,0.517431914806366
cnn,pso,2,812,2024-05-28 16:35:00,1,1,0.5779255628585815
cnn,pso,2,813,2024-05-28 16:35:00,1,1,0.5673695206642151
cnn,pso,2,814,2024-05-28 16:40:00,1,0,0.491935133934021
cnn,pso,2,815,2024-05-28 16:40:00,1,1,0.5096185803413391
cnn,pso,2,816,2024-05-28 16:45:00,1,1,0.5752668976783752
cnn,pso,2,817,2024-05-28 16:45:00,1,1,0.5623724460601807
cnn,pso,2,818,2024-05-28 16:50:00,1,1,0.6210627555847168
cnn,pso,2,819,2024-05-28 16:50:00,0,1,0.6575191617012024
cnn,pso,2,820,2024-05-28 16:55:00,0,1,0.6429107189178467
cnn,pso,2,821,2024-05-28 16:55:00,0,1,0.6322119235992432
cnn,pso,2,822,2024-05-28 17:00:00,0,1,0.5975551605224609
cnn,pso,2,823,2024-05-28 17:00:00,0,1,0.6065635681152344
cnn,pso,2,824,2024-05-28 17:05:00,0,1,0.5190362334251404
cnn,pso,2,825,2024-05-28 17:05:00,0,1,0.5071170330047607
cnn,pso,2,826,2024-05-28 17:10:00,0,0,0.44746947288513184
cnn,pso,2,827,2024-05-28 17:10:00,0,0,0.4396194815635681
cnn,pso,2,828,2024-05-28 17:15:00,0,0,0.4834642708301544
cnn,pso,2,829,2024-05-28 17:15:00,0,0,0.46450135111808777
cnn,pso,2,830,2024-05-28 17:20:00,0,0,0.4097751975059509
cnn,pso,2,831,2024-05-28 17:20:00,0,0,0.46337175369262695
cnn,pso,2,832,2024-05-28 17:25:00,0,0,0.4222876727581024
cnn,pso,2,833,2024-05-28 17:25:00,0,0,0.3971003293991089
cnn,pso,2,834,2024-05-28 17:30:00,0,0,0.39822646975517273
cnn,pso,2,835,2024-05-28 17:30:00,0,0,0.3386782109737396
cnn,pso,2,836,2024-05-28 17:35:00,0,0,0.36865320801734924
cnn,pso,2,837,2024-05-28 17:35:00,0,0,0.3603261411190033
cnn,pso,2,838,2024-05-28 17:40:00,0,0,0.2879899740219116
cnn,pso,2,839,2024-05-28 17:40:00,0,0,0.22236472368240356
cnn,pso,2,840,2024-05-28 17:45:00,0,0,0.40842878818511963
cnn,pso,2,841,2024-05-28 17:45:00,0,0,0.38960322737693787
cnn,pso,2,842,2024-05-28 17:50:00,0,0,0.39217889308929443
cnn,pso,2,843,2024-05-28 17:50:00,0,0,0.34827277064323425
cnn,pso,2,844,2024-05-28 17:55:00,1,0,0.3307526707649231
cnn,pso,2,845,2024-05-28 17:55:00,1,0,0.38613519072532654
cnn,pso,2,846,2024-05-29 10:40:00,1,0,0.3483247756958008
cnn,pso,2,847,2024-05-29 10:40:00,1,0,0.37234756350517273
cnn,pso,2,848,2024-05-29 10:45:00,1,0,0.48121824860572815
cnn,pso,2,849,2024-05-29 10:45:00,1,0,0.48547422885894775
cnn,pso,2,850,2024-05-29 10:50:00,1,1,0.5298172235488892
cnn,pso,2,851,2024-05-29 10:50:00,1,1,0.528939425945282
cnn,pso,2,852,2024-05-29 10:55:00,1,1,0.6187103986740112
cnn,pso,2,853,2024-05-29 10:55:00,1,1,0.6189400553703308
cnn,pso,2,854,2024-05-29 11:00:00,1,1,0.6618215441703796
cnn,pso,2,855,2024-05-29 11:00:00,1,1,0.6677287817001343
cnn,pso,2,856,2024-05-29 11:05:00,1,1,0.7101726531982422
cnn,pso,2,857,2024-05-29 11:05:00,1,1,0.7056294083595276
cnn,pso,2,858,2024-05-29 11:10:00,1,1,0.6959748268127441
cnn,pso,2,859,2024-05-29 11:10:00,1,1,0.6766815781593323
cnn,pso,2,860,2024-05-29 11:15:00,1,1,0.6334887742996216
cnn,pso,2,861,2024-05-29 11:15:00,1,1,0.6221429109573364
cnn,pso,2,862,2024-05-29 11:20:00,1,1,0.5826777219772339
cnn,pso,2,863,2024-05-29 11:20:00,1,1,0.5754181742668152
cnn,pso,2,864,2024-05-29 11:25:00,1,1,0.6212972402572632
cnn,pso,2,865,2024-05-29 11:25:00,1,1,0.6412403583526611
cnn,pso,2,866,2024-05-29 11:30:00,1,1,0.5690145492553711
cnn,pso,2,867,2024-05-29 11:30:00,1,1,0.5809164643287659
cnn,pso,2,868,2024-05-29 11:35:00,1,1,0.6251783967018127
cnn,pso,2,869,2024-05-29 11:35:00,1,1,0.6104718446731567
cnn,pso,2,870,2024-05-29 11:40:00,1,1,0.5877596735954285
cnn,pso,2,871,2024-05-29 11:40:00,1,1,0.5947170853614807
cnn,pso,2,872,2024-05-29 11:45:00,0,1,0.6477879881858826
cnn,pso,2,873,2024-05-29 11:45:00,0,1,0.6431317329406738
cnn,pso,2,874,2024-05-29 11:50:00,0,1,0.6413379311561584
cnn,pso,2,875,2024-05-29 11:50:00,0,1,0.6473450660705566
cnn,pso,2,876,2024-05-29 11:55:00,0,1,0.6000615358352661
cnn,pso,2,877,2024-05-29 11:55:00,0,1,0.5879883170127869
cnn,pso,2,878,2024-05-29 12:00:00,0,1,0.6326974630355835
cnn,pso,2,879,2024-05-29 12:00:00,0,1,0.6052774786949158
cnn,pso,2,880,2024-05-29 12:05:00,0,1,0.5669394135475159
cnn,pso,2,881,2024-05-29 12:05:00,0,1,0.5499371290206909
cnn,pso,2,882,2024-05-29 12:10:00,0,0,0.39313623309135437
cnn,pso,2,883,2024-05-29 12:10:00,0,0,0.4106921851634979
cnn,pso,2,884,2024-05-29 12:15:00,0,0,0.33067744970321655
cnn,pso,2,885,2024-05-29 12:15:00,1,0,0.3472400903701782
cnn,pso,2,886,2024-05-29 12:20:00,0,0,0.3955976665019989
cnn,pso,2,887,2024-05-29 12:20:00,1,0,0.40262794494628906
cnn,pso,2,888,2024-05-29 12:25:00,0,0,0.4156932234764099
cnn,pso,2,889,2024-05-29 12:25:00,1,0,0.42371097207069397
cnn,pso,2,890,2024-05-29 12:30:00,0,0,0.39301154017448425
cnn,pso,2,891,2024-05-29 12:30:00,1,0,0.375087171792984
cnn,pso,2,892,2024-05-29 12:35:00,1,1,0.5046231746673584
cnn,pso,2,893,2024-05-29 12:35:00,0,0,0.4992855191230774
cnn,pso,2,894,2024-05-29 12:40:00,1,1,0.572450578212738
cnn,pso,2,895,2024-05-29 12:40:00,0,1,0.5771076083183289
cnn,pso,2,896,2024-05-29 12:45:00,0,1,0.6476063132286072
cnn,pso,2,897,2024-05-29 12:45:00,1,1,0.6782747507095337
cnn,pso,2,898,2024-05-29 12:50:00,1,1,0.6372758746147156
cnn,pso,2,899,2024-05-29 12:50:00,0,1,0.6546436548233032
cnn,pso,2,900,2024-05-29 12:55:00,1,1,0.6031729578971863
cnn,pso,2,901,2024-05-29 12:55:00,0,1,0.6103728413581848
cnn,pso,2,902,2024-05-29 13:00:00,0,1,0.5496509075164795
cnn,pso,2,903,2024-05-29 13:00:00,1,1,0.5297767519950867
cnn,pso,2,904,2024-05-29 13:05:00,1,0,0.47002866864204407
cnn,pso,2,905,2024-05-29 13:05:00,0,1,0.5027968883514404
cnn,pso,2,906,2024-05-29 13:10:00,0,0,0.4672248959541321
cnn,pso,2,907,2024-05-29 13:10:00,1,0,0.43888962268829346
cnn,pso,2,908,2024-05-29 13:15:00,1,0,0.4889630973339081
cnn,pso,2,909,2024-05-29 13:15:00,0,0,0.4913662075996399
cnn,pso,2,910,2024-05-29 13:20:00,1,1,0.5079481601715088
cnn,pso,2,911,2024-05-29 13:20:00,0,0,0.4905874729156494
cnn,pso,2,912,2024-05-29 13:25:00,1,1,0.5438177585601807
cnn,pso,2,913,2024-05-29 13:25:00,0,1,0.5025643706321716
cnn,pso,2,914,2024-05-29 13:30:00,1,1,0.5551972985267639
cnn,pso,2,915,2024-05-29 13:30:00,0,1,0.5474054217338562
cnn,pso,2,916,2024-05-29 13:35:00,0,1,0.5866478085517883
cnn,pso,2,917,2024-05-29 13:35:00,0,1,0.6665802001953125
cnn,pso,2,918,2024-05-29 13:40:00,0,0,0.48746415972709656
cnn,pso,2,919,2024-05-29 13:40:00,0,0,0.49975693225860596
cnn,pso,2,920,2024-05-29 13:45:00,0,0,0.4224873483181
cnn,pso,2,921,2024-05-29 13:45:00,0,0,0.4756840467453003
cnn,pso,2,922,2024-05-29 13:50:00,0,1,0.504803478717804
cnn,pso,2,923,2024-05-29 13:50:00,0,1,0.5140193104743958
cnn,pso,2,924,2024-05-29 13:55:00,0,0,0.48566415905952454
cnn,pso,2,925,2024-05-29 13:55:00,0,0,0.4886912405490875
cnn,pso,2,926,2024-05-29 14:00:00,0,0,0.4248131215572357
cnn,pso,2,927,2024-05-29 14:00:00,0,0,0.42747464776039124
cnn,pso,2,928,2024-05-29 14:05:00,0,0,0.39259135723114014
cnn,pso,2,929,2024-05-29 14:05:00,0,0,0.37554699182510376
cnn,pso,2,930,2024-05-29 14:10:00,0,0,0.3693143129348755
cnn,pso,2,931,2024-05-29 14:10:00,0,0,0.35738903284072876
cnn,pso,2,932,2024-05-29 14:15:00,0,0,0.33212268352508545
cnn,pso,2,933,2024-05-29 14:15:00,0,0,0.30706408619880676
cnn,pso,2,934,2024-05-29 14:20:00,0,0,0.2758728265762329
cnn,pso,2,935,2024-05-29 14:20:00,0,0,0.25044891238212585
cnn,pso,2,936,2024-05-29 14:25:00,0,0,0.2768363952636719
cnn,pso,2,937,2024-05-29 14:25:00,0,0,0.28083258867263794
cnn,pso,2,938,2024-05-29 14:30:00,0,0,0.21948686242103577
cnn,pso,2,939,2024-05-29 14:30:00,0,0,0.2205851525068283
cnn,pso,2,940,2024-05-29 14:35:00,0,0,0.2503397762775421
cnn,pso,2,941,2024-05-29 14:35:00,0,0,0.24138520658016205
cnn,pso,2,942,2024-05-29 14:40:00,0,0,0.2481434941291809
cnn,pso,2,943,2024-05-29 14:40:00,0,0,0.2462100237607956
cnn,pso,2,944,2024-05-29 14:45:00,1,0,0.24949313700199127
cnn,pso,2,945,2024-05-29 14:45:00,1,0,0.26415354013442993
cnn,pso,2,946,2024-05-29 14:50:00,1,0,0.3779326379299164
cnn,pso,2,947,2024-05-29 14:50:00,1,0,0.361913800239563
cnn,pso,2,948,2024-05-29 14:55:00,1,0,0.4744304120540619
cnn,pso,2,949,2024-05-29 14:55:00,1,0,0.4645819067955017
cnn,pso,2,950,2024-05-29 15:00:00,1,1,0.5819681882858276
cnn,pso,2,951,2024-05-29 15:00:00,1,1,0.5700358748435974
cnn,pso,2,952,2024-05-29 15:05:00,1,1,0.6631715297698975
cnn,pso,2,953,2024-05-29 15:05:00,1,1,0.6546633243560791
cnn,pso,2,954,2024-05-29 15:10:00,1,1,0.692313551902771
cnn,pso,2,955,2024-05-29 15:10:00,1,1,0.6759824156761169
cnn,pso,2,956,2024-05-29 15:15:00,1,1,0.6082565188407898
cnn,pso,2,957,2024-05-29 15:15:00,1,1,0.6222030520439148
cnn,pso,2,958,2024-05-29 15:20:00,1,1,0.6364029049873352
cnn,pso,2,959,2024-05-29 15:20:00,1,1,0.630708634853363
cnn,pso,2,960,2024-05-29 15:25:00,1,1,0.691702127456665
cnn,pso,2,961,2024-05-29 15:25:00,1,1,0.6502367854118347
cnn,pso,2,962,2024-05-29 15:30:00,1,1,0.5988327264785767
cnn,pso,2,963,2024-05-29 15:30:00,1,1,0.5990386009216309
cnn,pso,2,964,2024-05-29 15:35:00,1,1,0.5087859630584717
cnn,pso,2,965,2024-05-29 15:35:00,1,0,0.4832548201084137
cnn,pso,2,966,2024-05-29 15:40:00,1,1,0.5110245943069458
cnn,pso,2,967,2024-05-29 15:40:00,1,0,0.4825521409511566
cnn,pso,2,968,2024-05-29 15:45:00,1,0,0.4288681447505951
cnn,pso,2,969,2024-05-29 15:45:00,1,0,0.4155753552913666
cnn,pso,2,970,2024-05-29 15:50:00,1,0,0.4551076889038086
cnn,pso,2,971,2024-05-29 15:50:00,1,0,0.4536873400211334
cnn,pso,2,972,2024-05-29 15:55:00,1,1,0.5127584934234619
cnn,pso,2,973,2024-05-29 15:55:00,1,0,0.48378971219062805
cnn,pso,2,974,2024-05-29 16:00:00,1,1,0.5226070880889893
cnn,pso,2,975,2024-05-29 16:00:00,1,1,0.5359765887260437
cnn,pso,2,976,2024-05-29 16:05:00,1,1,0.5272201895713806
cnn,pso,2,977,2024-05-29 16:05:00,1,1,0.5362979173660278
cnn,pso,2,978,2024-05-29 16:10:00,1,1,0.5510810613632202
cnn,pso,2,979,2024-05-29 16:10:00,1,1,0.5501545667648315
cnn,pso,2,980,2024-05-29 16:15:00,1,1,0.6145544648170471
cnn,pso,2,981,2024-05-29 16:15:00,1,1,0.5943230390548706
cnn,pso,2,982,2024-05-29 16:20:00,0,1,0.6739898324012756
cnn,pso,2,983,2024-05-29 16:20:00,0,1,0.6726478934288025
cnn,pso,2,984,2024-05-29 16:25:00,0,1,0.6768641471862793
cnn,pso,2,985,2024-05-29 16:25:00,0,1,0.6761826276779175
cnn,pso,2,986,2024-05-29 16:30:00,0,1,0.6344170570373535
cnn,pso,2,987,2024-05-29 16:30:00,0,1,0.6586833000183105
cnn,pso,2,988,2024-05-29 16:35:00,0,1,0.6292935013771057
cnn,pso,2,989,2024-05-29 16:35:00,0,1,0.6678683161735535
cnn,pso,2,990,2024-05-29 16:40:00,0,1,0.5045742392539978
cnn,pso,2,991,2024-05-29 16:40:00,0,1,0.5034208297729492
cnn,pso,2,992,2024-05-29 16:45:00,0,0,0.41473886370658875
cnn,pso,2,993,2024-05-29 16:45:00,0,0,0.3722521662712097
cnn,pso,2,994,2024-05-29 16:50:00,0,0,0.3401426374912262
cnn,pso,2,995,2024-05-29 16:50:00,0,0,0.3542324900627136
cnn,pso,2,996,2024-05-29 16:55:00,0,0,0.34573978185653687
cnn,pso,2,997,2024-05-29 16:55:00,0,0,0.3257848918437958
cnn,pso,2,998,2024-05-29 17:00:00,0,0,0.26740849018096924
cnn,pso,2,999,2024-05-29 17:00:00,0,0,0.3063933551311493
cnn,pso,2,1000,2024-05-29 17:05:00,0,0,0.2523813545703888
cnn,pso,2,1001,2024-05-29 17:05:00,0,0,0.23763282597064972
cnn,pso,2,1002,2024-05-29 17:10:00,0,0,0.25296178460121155
cnn,pso,2,1003,2024-05-29 17:10:00,0,0,0.27041763067245483
cnn,pso,2,1004,2024-05-29 17:15:00,0,0,0.42874467372894287
cnn,pso,2,1005,2024-05-29 17:15:00,0,0,0.4384100139141083
cnn,pso,2,1006,2024-05-29 17:20:00,0,0,0.48111382126808167
cnn,pso,2,1007,2024-05-29 17:20:00,0,0,0.4501221477985382
cnn,pso,2,1008,2024-05-29 17:25:00,0,0,0.45574745535850525
cnn,pso,2,1009,2024-05-29 17:25:00,0,0,0.41581591963768005
cnn,pso,2,1010,2024-05-29 17:30:00,0,0,0.3933992385864258
cnn,pso,2,1011,2024-05-29 17:30:00,0,0,0.4331173002719879
cnn,pso,2,1012,2024-05-29 17:35:00,0,0,0.4789867401123047
cnn,pso,2,1013,2024-05-29 17:35:00,0,0,0.485047310590744
cnn,pso,2,1014,2024-05-29 17:40:00,0,0,0.49042752385139465
cnn,pso,2,1015,2024-05-29 17:40:00,0,0,0.48986998200416565
cnn,pso,2,1016,2024-05-29 17:45:00,0,1,0.5203956961631775
cnn,pso,2,1017,2024-05-29 17:45:00,0,1,0.5271819233894348
cnn,pso,2,1018,2024-05-29 17:50:00,0,0,0.49262312054634094
cnn,pso,2,1019,2024-05-29 17:50:00,0,1,0.5438306331634521
cnn,pso,2,1020,2024-05-29 17:55:00,0,1,0.5036363005638123
cnn,pso,2,1021,2024-05-29 17:55:00,0,1,0.518761932849884
cnn,pso,2,1022,2024-05-31 12:35:00,1,0,0.4020691215991974
cnn,pso,2,1023,2024-05-31 12:40:00,1,0,0.38465559482574463
cnn,pso,2,1024,2024-05-31 12:45:00,1,1,0.5180059671401978
cnn,pso,2,1025,2024-05-31 12:50:00,1,1,0.5701926946640015
cnn,pso,2,1026,2024-05-31 12:55:00,1,0,0.4918515086174011
cnn,pso,2,1027,2024-05-31 13:00:00,1,0,0.45831117033958435
cnn,pso,2,1028,2024-05-31 13:05:00,1,0,0.48463883996009827
cnn,pso,2,1029,2024-05-31 13:10:00,1,0,0.48176324367523193
cnn,pso,2,1030,2024-05-31 13:15:00,1,0,0.43822169303894043
cnn,pso,2,1031,2024-05-31 13:20:00,1,0,0.39738747477531433
cnn,pso,2,1032,2024-05-31 13:25:00,1,0,0.3707081079483032
cnn,pso,2,1033,2024-05-31 13:25:00,1,0,0.3821829557418823
cnn,pso,2,1034,2024-05-31 13:30:00,1,0,0.4330487549304962
cnn,pso,2,1035,2024-05-31 13:30:00,1,0,0.43950155377388
cnn,pso,2,1036,2024-05-31 13:35:00,1,1,0.5147311687469482
cnn,pso,2,1037,2024-05-31 13:35:00,1,1,0.5252224802970886
cnn,pso,2,1038,2024-05-31 13:40:00,1,1,0.5286896228790283
cnn,pso,2,1039,2024-05-31 13:40:00,1,1,0.5311269164085388
cnn,pso,2,1040,2024-05-31 13:45:00,1,1,0.5611973404884338
cnn,pso,2,1041,2024-05-31 13:45:00,1,1,0.5724667906761169
cnn,pso,2,1042,2024-05-31 13:50:00,1,1,0.5920870900154114
cnn,pso,2,1043,2024-05-31 13:50:00,1,1,0.59029221534729
cnn,pso,2,1044,2024-05-31 13:55:00,1,1,0.6384716033935547
cnn,pso,2,1045,2024-05-31 13:55:00,1,1,0.6089560985565186
cnn,pso,2,1046,2024-05-31 14:00:00,1,1,0.5874367356300354
cnn,pso,2,1047,2024-05-31 14:00:00,1,1,0.5916208624839783
cnn,pso,2,1048,2024-05-31 14:05:00,1,1,0.676916778087616
cnn,pso,2,1049,2024-05-31 14:05:00,1,1,0.6101953387260437
cnn,pso,2,1050,2024-05-31 14:10:00,1,1,0.6717002987861633
cnn,pso,2,1051,2024-05-31 14:10:00,1,1,0.6399750709533691
cnn,pso,2,1052,2024-05-31 14:15:00,1,1,0.531758189201355
cnn,pso,2,1053,2024-05-31 14:15:00,1,1,0.5692127346992493
cnn,pso,2,1054,2024-05-31 14:20:00,1,1,0.535797655582428
cnn,pso,2,1055,2024-05-31 14:20:00,1,1,0.5467525124549866
cnn,pso,2,1056,2024-05-31 14:25:00,1,1,0.5392300486564636
cnn,pso,2,1057,2024-05-31 14:25:00,1,1,0.5450464487075806
cnn,pso,2,1058,2024-05-31 14:30:00,1,1,0.58290696144104
cnn,pso,2,1059,2024-05-31 14:30:00,1,1,0.5641849040985107
cnn,pso,2,1060,2024-05-31 14:35:00,1,1,0.5986413359642029
cnn,pso,2,1061,2024-05-31 14:35:00,1,1,0.5858575105667114
cnn,pso,2,1062,2024-05-31 14:40:00,1,1,0.6115893721580505
cnn,pso,2,1063,2024-05-31 14:40:00,1,1,0.5760779976844788
cnn,pso,2,1064,2024-05-31 14:45:00,1,1,0.6149582266807556
cnn,pso,2,1065,2024-05-31 14:45:00,1,1,0.5691129565238953
cnn,pso,2,1066,2024-05-31 14:50:00,1,1,0.5050126910209656
cnn,pso,2,1067,2024-05-31 14:50:00,1,1,0.5256472826004028
cnn,pso,2,1068,2024-05-31 14:55:00,1,1,0.5033782124519348
cnn,pso,2,1069,2024-05-31 14:55:00,1,1,0.5023573040962219
cnn,pso,2,1070,2024-05-31 15:00:00,1,0,0.47525349259376526
cnn,pso,2,1071,2024-05-31 15:00:00,1,1,0.5011459589004517
cnn,pso,2,1072,2024-05-31 15:05:00,0,1,0.5653107166290283
cnn,pso,2,1073,2024-05-31 15:05:00,0,1,0.5625775456428528
cnn,pso,2,1074,2024-05-31 15:10:00,0,1,0.5538378357887268
cnn,pso,2,1075,2024-05-31 15:10:00,0,1,0.5697154998779297
cnn,pso,2,1076,2024-05-31 15:15:00,0,1,0.546217143535614
cnn,pso,2,1077,2024-05-31 15:15:00,0,1,0.5884929895401001
cnn,pso,2,1078,2024-05-31 15:20:00,0,1,0.5090141892433167
cnn,pso,2,1079,2024-05-31 15:20:00,0,1,0.5050581097602844
cnn,pso,2,1080,2024-05-31 15:25:00,0,1,0.5246703624725342
cnn,pso,2,1081,2024-05-31 15:25:00,0,1,0.536287248134613
cnn,pso,2,1082,2024-05-31 15:30:00,0,0,0.4298340082168579
cnn,pso,2,1083,2024-05-31 15:30:00,0,1,0.5175918936729431
cnn,pso,2,1084,2024-05-31 15:35:00,0,0,0.4893365204334259
cnn,pso,2,1085,2024-05-31 15:35:00,0,0,0.4803430438041687
cnn,pso,2,1086,2024-05-31 15:40:00,0,0,0.4195558428764343
cnn,pso,2,1087,2024-05-31 15:40:00,0,0,0.42099684476852417
cnn,pso,2,1088,2024-05-31 15:45:00,0,0,0.4201870858669281
cnn,pso,2,1089,2024-05-31 15:45:00,0,0,0.4014231264591217
cnn,pso,2,1090,2024-05-31 15:50:00,0,0,0.4205591082572937
cnn,pso,2,1091,2024-05-31 15:50:00,0,0,0.4121888279914856
cnn,pso,2,1092,2024-05-31 15:55:00,0,0,0.3671833574771881
cnn,pso,2,1093,2024-05-31 15:55:00,0,0,0.39499133825302124
cnn,pso,2,1094,2024-05-31 16:00:00,1,0,0.342638224363327
cnn,pso,2,1095,2024-05-31 16:00:00,1,0,0.33628225326538086
cnn,pso,2,1096,2024-05-31 16:05:00,1,0,0.3635968565940857
cnn,pso,2,1097,2024-05-31 16:05:00,1,0,0.3556749224662781
cnn,pso,2,1098,2024-05-31 16:10:00,1,0,0.4709323048591614
cnn,pso,2,1099,2024-05-31 16:10:00,1,0,0.47762879729270935
cnn,pso,2,1100,2024-05-31 16:15:00,1,1,0.529143214225769
cnn,pso,2,1101,2024-05-31 16:15:00,1,1,0.5240660309791565
cnn,pso,2,1102,2024-05-31 16:20:00,1,1,0.5385660529136658
cnn,pso,2,1103,2024-05-31 16:20:00,1,0,0.4971407651901245
cnn,pso,2,1104,2024-05-31 16:25:00,1,1,0.5301689505577087
cnn,pso,2,1105,2024-05-31 16:25:00,1,1,0.5153723955154419
cnn,pso,2,1106,2024-05-31 16:30:00,1,0,0.4616929888725281
cnn,pso,2,1107,2024-05-31 16:30:00,1,0,0.4882603585720062
cnn,pso,2,1108,2024-05-31 16:35:00,1,1,0.5108173489570618
cnn,pso,2,1109,2024-05-31 16:35:00,1,1,0.5275818705558777
cnn,pso,2,1110,2024-05-31 16:40:00,1,1,0.6092234253883362
cnn,pso,2,1111,2024-05-31 16:40:00,1,1,0.5951516032218933
cnn,pso,2,1112,2024-05-31 16:45:00,1,1,0.5851662755012512
cnn,pso,2,1113,2024-05-31 16:45:00,1,1,0.6310012936592102
cnn,pso,2,1114,2024-05-31 16:50:00,1,1,0.651495635509491
cnn,pso,2,1115,2024-05-31 16:50:00,1,1,0.6647194027900696
cnn,pso,2,1116,2024-05-31 16:55:00,0,1,0.6943392157554626
cnn,pso,2,1117,2024-05-31 16:55:00,0,1,0.6886051893234253
cnn,pso,2,1118,2024-05-31 17:00:00,0,1,0.601988673210144
cnn,pso,2,1119,2024-05-31 17:00:00,0,1,0.6074568629264832
cnn,pso,2,1120,2024-05-31 17:05:00,0,1,0.5137609243392944
cnn,pso,2,1121,2024-05-31 17:05:00,0,1,0.528541088104248
cnn,pso,2,1122,2024-05-31 17:10:00,0,1,0.5007731318473816
cnn,pso,2,1123,2024-05-31 17:10:00,0,0,0.4942927062511444
cnn,pso,2,1124,2024-05-31 17:15:00,0,1,0.5584927201271057
cnn,pso,2,1125,2024-05-31 17:15:00,0,1,0.5504989624023438
cnn,pso,2,1126,2024-05-31 17:20:00,0,1,0.5226922631263733
cnn,pso,2,1127,2024-05-31 17:20:00,0,1,0.527904748916626
cnn,pso,2,1128,2024-05-31 17:25:00,0,0,0.4975346326828003
cnn,pso,2,1129,2024-05-31 17:25:00,0,0,0.49741294980049133
cnn,pso,2,1130,2024-05-31 17:30:00,0,1,0.5151784420013428
cnn,pso,2,1131,2024-05-31 17:30:00,0,1,0.5472896695137024
cnn,pso,2,1132,2024-05-31 17:35:00,0,1,0.5089644193649292
cnn,pso,2,1133,2024-05-31 17:35:00,0,1,0.5424970388412476
cnn,pso,2,1134,2024-05-31 17:40:00,0,1,0.5283646583557129
cnn,pso,2,1135,2024-05-31 17:40:00,0,1,0.6034919023513794
cnn,pso,2,1136,2024-05-31 17:45:00,0,1,0.5080582499504089
cnn,pso,2,1137,2024-05-31 17:45:00,0,0,0.49204790592193604
cnn,pso,2,1138,2024-05-31 17:50:00,0,1,0.5364121198654175
cnn,pso,2,1139,2024-05-31 17:50:00,0,1,0.553257405757904
cnn,pso,2,1140,2024-05-31 17:55:00,0,1,0.5448348522186279
cnn,pso,2,1141,2024-05-31 17:55:00,0,1,0.6003047227859497
cnn,pso,2,1142,2024-06-03 10:50:00,1,0,0.1996048390865326
cnn,pso,2,1143,2024-06-03 10:50:00,1,0,0.19663074612617493
cnn,pso,2,1144,2024-06-03 10:55:00,1,0,0.2919507622718811
cnn,pso,2,1145,2024-06-03 10:55:00,1,0,0.26441046595573425
cnn,pso,2,1146,2024-06-03 11:00:00,1,0,0.3137814998626709
cnn,pso,2,1147,2024-06-03 11:00:00,1,0,0.3074132204055786
cnn,pso,2,1148,2024-06-03 11:05:00,1,0,0.36579498648643494
cnn,pso,2,1149,2024-06-03 11:05:00,1,0,0.3669315278530121
cnn,pso,2,1150,2024-06-03 11:10:00,1,0,0.46215271949768066
cnn,pso,2,1151,2024-06-03 11:10:00,1,0,0.45139533281326294
cnn,pso,2,1152,2024-06-03 11:15:00,1,1,0.6746194958686829
cnn,pso,2,1153,2024-06-03 11:15:00,1,1,0.6787561774253845
cnn,pso,2,1154,2024-06-03 11:20:00,1,1,0.6928383708000183
cnn,pso,2,1155,2024-06-03 11:20:00,1,1,0.7004798054695129
cnn,pso,2,1156,2024-06-03 11:25:00,1,1,0.779018759727478
cnn,pso,2,1157,2024-06-03 11:25:00,1,1,0.7713298797607422
cnn,pso,2,1158,2024-06-03 11:30:00,1,1,0.8262037634849548
cnn,pso,2,1159,2024-06-03 11:30:00,1,1,0.8512463569641113
cnn,pso,2,1160,2024-06-03 11:35:00,1,1,0.7901738882064819
cnn,pso,2,1161,2024-06-03 11:35:00,1,1,0.7780811190605164
cnn,pso,2,1162,2024-06-03 11:40:00,0,1,0.7897136211395264
cnn,pso,2,1163,2024-06-03 11:40:00,0,1,0.7974376082420349
cnn,pso,2,1164,2024-06-03 11:45:00,0,1,0.7307338714599609
cnn,pso,2,1165,2024-06-03 11:45:00,0,1,0.7358183264732361
cnn,pso,2,1166,2024-06-03 11:50:00,0,1,0.6242800951004028
cnn,pso,2,1167,2024-06-03 11:50:00,0,1,0.642697811126709
cnn,pso,2,1168,2024-06-03 11:55:00,0,1,0.5554412603378296
cnn,pso,2,1169,2024-06-03 11:55:00,0,1,0.5861390233039856
cnn,pso,2,1170,2024-06-03 12:00:00,0,1,0.5857285261154175
cnn,pso,2,1171,2024-06-03 12:00:00,0,1,0.5794085264205933
cnn,pso,2,1172,2024-06-03 12:05:00,0,1,0.5633051991462708
cnn,pso,2,1173,2024-06-03 12:05:00,0,1,0.6011836528778076
cnn,pso,2,1174,2024-06-03 12:10:00,0,1,0.5632137656211853
cnn,pso,2,1175,2024-06-03 12:10:00,0,1,0.5515618920326233
cnn,pso,2,1176,2024-06-03 12:15:00,0,1,0.5863251686096191
cnn,pso,2,1177,2024-06-03 12:15:00,0,1,0.6085608005523682
cnn,pso,2,1178,2024-06-03 12:20:00,0,1,0.5820894837379456
cnn,pso,2,1179,2024-06-03 12:20:00,0,1,0.598178505897522
cnn,pso,2,1180,2024-06-03 12:25:00,0,0,0.4041827321052551
cnn,pso,2,1181,2024-06-03 12:25:00,0,0,0.38295164704322815
cnn,pso,2,1182,2024-06-03 12:30:00,0,0,0.26220327615737915
cnn,pso,2,1183,2024-06-03 12:30:00,0,0,0.2695985436439514
cnn,pso,2,1184,2024-06-03 12:35:00,0,0,0.2683323919773102
cnn,pso,2,1185,2024-06-03 12:35:00,0,0,0.27222326397895813
cnn,pso,2,1186,2024-06-03 12:40:00,0,0,0.3151744306087494
cnn,pso,2,1187,2024-06-03 12:40:00,0,0,0.29424139857292175
cnn,pso,2,1188,2024-06-03 12:45:00,0,0,0.25485652685165405
cnn,pso,2,1189,2024-06-03 12:45:00,0,0,0.3039229214191437
cnn,pso,2,1190,2024-06-03 12:50:00,0,0,0.33644282817840576
cnn,pso,2,1191,2024-06-03 12:50:00,0,0,0.35633373260498047
cnn,pso,2,1192,2024-06-03 12:55:00,0,0,0.3167521059513092
cnn,pso,2,1193,2024-06-03 12:55:00,0,0,0.35566410422325134
cnn,pso,2,1194,2024-06-03 13:00:00,0,0,0.35421088337898254
cnn,pso,2,1195,2024-06-03 13:00:00,0,0,0.4193377196788788
cnn,pso,2,1196,2024-06-03 13:05:00,0,0,0.3947441279888153
cnn,pso,2,1197,2024-06-03 13:05:00,0,0,0.3473791778087616
cnn,pso,2,1198,2024-06-03 13:10:00,0,0,0.29375892877578735
cnn,pso,2,1199,2024-06-03 13:10:00,0,0,0.29011866450309753
cnn,pso,2,1200,2024-06-03 13:15:00,0,0,0.1991107165813446
cnn,pso,2,1201,2024-06-03 13:15:00,0,0,0.18159964680671692
cnn,pso,2,1202,2024-06-03 13:20:00,0,0,0.21578794717788696
cnn,pso,2,1203,2024-06-03 13:20:00,0,0,0.21873785555362701
cnn,pso,2,1204,2024-06-03 13:25:00,0,0,0.2742592692375183
cnn,pso,2,1205,2024-06-03 13:25:00,0,0,0.25940489768981934
cnn,pso,2,1206,2024-06-03 13:30:00,0,0,0.25216418504714966
cnn,pso,2,1207,2024-06-03 13:30:00,0,0,0.2975749373435974
cnn,pso,2,1208,2024-06-03 13:35:00,0,0,0.3520585000514984
cnn,pso,2,1209,2024-06-03 13:35:00,0,0,0.35112234950065613
cnn,pso,2,1210,2024-06-03 13:40:00,0,0,0.35702750086784363
cnn,pso,2,1211,2024-06-03 13:40:00,0,0,0.3672870397567749
cnn,pso,2,1212,2024-06-03 13:45:00,0,0,0.44849827885627747
cnn,pso,2,1213,2024-06-03 13:45:00,0,0,0.43826454877853394
cnn,pso,2,1214,2024-06-03 13:50:00,0,0,0.43207862973213196
cnn,pso,2,1215,2024-06-03 13:50:00,0,0,0.4285045862197876
cnn,pso,2,1216,2024-06-03 13:55:00,0,0,0.4340364336967468
cnn,pso,2,1217,2024-06-03 13:55:00,0,0,0.4437721073627472
cnn,pso,2,1218,2024-06-03 14:00:00,1,0,0.42850467562675476
cnn,pso,2,1219,2024-06-03 14:00:00,1,0,0.3965771794319153
cnn,pso,2,1220,2024-06-03 14:05:00,1,1,0.5052679181098938
cnn,pso,2,1221,2024-06-03 14:05:00,1,1,0.503682017326355
cnn,pso,2,1222,2024-06-03 14:10:00,1,1,0.5633781552314758
cnn,pso,2,1223,2024-06-03 14:10:00,1,1,0.5695444941520691
cnn,pso,2,1224,2024-06-03 14:15:00,1,1,0.6684902906417847
cnn,pso,2,1225,2024-06-03 14:15:00,1,1,0.6689673066139221
cnn,pso,2,1226,2024-06-03 14:20:00,1,1,0.7362236976623535
cnn,pso,2,1227,2024-06-03 14:20:00,1,1,0.7493640184402466
cnn,pso,2,1228,2024-06-03 14:25:00,1,1,0.7694291472434998
cnn,pso,2,1229,2024-06-03 14:25:00,1,1,0.7643012404441833
cnn,pso,2,1230,2024-06-03 14:30:00,1,1,0.8059936761856079
cnn,pso,2,1231,2024-06-03 14:30:00,1,1,0.8089582324028015
cnn,pso,2,1232,2024-06-03 14:35:00,1,1,0.7565515041351318
cnn,pso,2,1233,2024-06-03 14:35:00,1,1,0.7643450498580933
cnn,pso,2,1234,2024-06-03 14:40:00,1,1,0.7509216666221619
cnn,pso,2,1235,2024-06-03 14:40:00,1,1,0.7327473163604736
cnn,pso,2,1236,2024-06-03 14:45:00,1,1,0.6771501898765564
cnn,pso,2,1237,2024-06-03 14:45:00,1,1,0.6548408269882202
cnn,pso,2,1238,2024-06-03 14:50:00,1,1,0.5335736274719238
cnn,pso,2,1239,2024-06-03 14:50:00,1,1,0.5457941889762878
cnn,pso,2,1240,2024-06-03 14:55:00,1,0,0.4736456871032715
cnn,pso,2,1241,2024-06-03 14:55:00,1,0,0.4495488107204437
cnn,pso,2,1242,2024-06-03 15:00:00,1,1,0.5112085342407227
cnn,pso,2,1243,2024-06-03 15:00:00,1,1,0.5186499953269958
cnn,pso,2,1244,2024-06-03 15:05:00,1,1,0.541848361492157
cnn,pso,2,1245,2024-06-03 15:05:00,1,1,0.5327856540679932
cnn,pso,2,1246,2024-06-03 15:10:00,1,0,0.49181273579597473
cnn,pso,2,1247,2024-06-03 15:10:00,1,0,0.4823470115661621
cnn,pso,2,1248,2024-06-03 15:15:00,1,1,0.5606564283370972
cnn,pso,2,1249,2024-06-03 15:15:00,1,1,0.560842752456665
cnn,pso,2,1250,2024-06-03 15:20:00,1,1,0.6082338094711304
cnn,pso,2,1251,2024-06-03 15:20:00,1,1,0.6214244961738586
cnn,pso,2,1252,2024-06-03 15:25:00,1,1,0.649835467338562
cnn,pso,2,1253,2024-06-03 15:25:00,1,1,0.6204732060432434
cnn,pso,2,1254,2024-06-03 15:30:00,1,1,0.6656126379966736
cnn,pso,2,1255,2024-06-03 15:30:00,1,1,0.6999472975730896
cnn,pso,2,1256,2024-06-03 15:35:00,0,1,0.7041563391685486
cnn,pso,2,1257,2024-06-03 15:35:00,0,1,0.7277671098709106
cnn,pso,2,1258,2024-06-03 15:40:00,0,1,0.5932287573814392
cnn,pso,2,1259,2024-06-03 15:40:00,0,1,0.5917083024978638
cnn,pso,2,1260,2024-06-03 15:45:00,0,1,0.5619471669197083
cnn,pso,2,1261,2024-06-03 15:45:00,0,1,0.5860214829444885
cnn,pso,2,1262,2024-06-03 15:50:00,0,1,0.5431696772575378
cnn,pso,2,1263,2024-06-03 15:50:00,0,1,0.5602042078971863
cnn,pso,2,1264,2024-06-03 15:55:00,0,1,0.5712943077087402
cnn,pso,2,1265,2024-06-03 15:55:00,0,1,0.5693227052688599
cnn,pso,2,1266,2024-06-03 16:00:00,0,1,0.5595718622207642
cnn,pso,2,1267,2024-06-03 16:00:00,0,1,0.5532628297805786
cnn,pso,2,1268,2024-06-03 16:05:00,0,1,0.5064157247543335
cnn,pso,2,1269,2024-06-03 16:05:00,0,0,0.4933508336544037
cnn,pso,2,1270,2024-06-03 16:10:00,0,1,0.5429509878158569
cnn,pso,2,1271,2024-06-03 16:10:00,0,1,0.522377610206604
cnn,pso,2,1272,2024-06-03 16:15:00,0,0,0.47330302000045776
cnn,pso,2,1273,2024-06-03 16:15:00,0,0,0.46659204363822937
cnn,pso,2,1274,2024-06-03 16:20:00,0,0,0.45189139246940613
cnn,pso,2,1275,2024-06-03 16:20:00,0,0,0.42769935727119446
cnn,pso,2,1276,2024-06-03 16:25:00,0,0,0.4002448320388794
cnn,pso,2,1277,2024-06-03 16:25:00,0,0,0.4172039031982422
cnn,pso,2,1278,2024-06-03 16:30:00,0,0,0.3891736567020416
cnn,pso,2,1279,2024-06-03 16:30:00,0,0,0.34903672337532043
cnn,pso,2,1280,2024-06-03 16:35:00,0,0,0.3547517657279968
cnn,pso,2,1281,2024-06-03 16:35:00,0,0,0.2365242838859558
cnn,pso,2,1282,2024-06-03 16:40:00,0,0,0.41065096855163574
cnn,pso,2,1283,2024-06-03 16:40:00,0,0,0.40526244044303894
cnn,pso,2,1284,2024-06-03 16:45:00,0,0,0.39591240882873535
cnn,pso,2,1285,2024-06-03 16:45:00,0,0,0.45443251729011536
cnn,pso,2,1286,2024-06-03 16:50:00,0,0,0.41492095589637756
cnn,pso,2,1287,2024-06-03 16:50:00,0,0,0.40881454944610596
cnn,pso,2,1288,2024-06-03 16:55:00,0,0,0.33422166109085083
cnn,pso,2,1289,2024-06-03 16:55:00,0,0,0.3074214458465576
cnn,pso,2,1290,2024-06-03 17:00:00,0,0,0.24177923798561096
cnn,pso,2,1291,2024-06-03 17:00:00,0,0,0.2545694410800934
cnn,pso,2,1292,2024-06-03 17:05:00,0,0,0.2878018021583557
cnn,pso,2,1293,2024-06-03 17:05:00,0,0,0.2931882441043854
cnn,pso,2,1294,2024-06-03 17:10:00,0,0,0.2815152406692505
cnn,pso,2,1295,2024-06-03 17:10:00,0,0,0.289247065782547
cnn,pso,2,1296,2024-06-03 17:15:00,0,0,0.33244478702545166
cnn,pso,2,1297,2024-06-03 17:15:00,0,0,0.3206820785999298
cnn,pso,2,1298,2024-06-03 17:20:00,0,0,0.28253114223480225
cnn,pso,2,1299,2024-06-03 17:20:00,0,0,0.2693222761154175
cnn,pso,2,1300,2024-06-03 17:25:00,0,0,0.2205139845609665
cnn,pso,2,1301,2024-06-03 17:25:00,0,0,0.09427999705076218
cnn,pso,2,1302,2024-06-03 17:30:00,0,0,0.3202997148036957
cnn,pso,2,1303,2024-06-03 17:30:00,0,0,0.3236837089061737
cnn,pso,2,1304,2024-06-03 17:35:00,0,0,0.29403766989707947
cnn,pso,2,1305,2024-06-03 17:35:00,0,0,0.3126823902130127
cnn,pso,2,1306,2024-06-03 17:40:00,0,0,0.24589861929416656
cnn,pso,2,1307,2024-06-03 17:40:00,0,0,0.30095767974853516
cnn,pso,2,1308,2024-06-03 17:45:00,0,0,0.34400713443756104
cnn,pso,2,1309,2024-06-03 17:45:00,0,0,0.32323387265205383
cnn,pso,2,1310,2024-06-03 17:50:00,0,0,0.41330286860466003
cnn,pso,2,1311,2024-06-03 17:50:00,0,0,0.38589152693748474
cnn,pso,2,1312,2024-06-03 17:55:00,0,0,0.4303794205188751
cnn,pso,2,1313,2024-06-03 17:55:00,0,0,0.4530459940433502
cnn,pso,2,1314,2024-06-04 11:15:00,1,0,0.31357985734939575
cnn,pso,2,1315,2024-06-04 11:20:00,1,0,0.3150007426738739
cnn,pso,2,1316,2024-06-04 11:20:00,1,0,0.30496448278427124
cnn,pso,2,1317,2024-06-04 11:25:00,1,0,0.4304126501083374
cnn,pso,2,1318,2024-06-04 11:25:00,1,0,0.4169842004776001
cnn,pso,2,1319,2024-06-04 11:30:00,1,1,0.5152812600135803
cnn,pso,2,1320,2024-06-04 11:30:00,1,1,0.5278578996658325
cnn,pso,2,1321,2024-06-04 11:35:00,1,1,0.5510318279266357
cnn,pso,2,1322,2024-06-04 11:35:00,1,1,0.5231079459190369
cnn,pso,2,1323,2024-06-04 11:40:00,1,1,0.592863142490387
cnn,pso,2,1324,2024-06-04 11:40:00,1,1,0.6156604886054993
cnn,pso,2,1325,2024-06-04 11:45:00,1,1,0.6021689772605896
cnn,pso,2,1326,2024-06-04 11:45:00,1,1,0.5895674228668213
cnn,pso,2,1327,2024-06-04 11:50:00,1,1,0.6412206888198853
cnn,pso,2,1328,2024-06-04 11:50:00,1,1,0.6346718072891235
cnn,pso,2,1329,2024-06-04 11:55:00,1,1,0.5815471410751343
cnn,pso,2,1330,2024-06-04 11:55:00,1,1,0.5989135503768921
cnn,pso,2,1331,2024-06-04 12:00:00,1,1,0.5996019840240479
cnn,pso,2,1332,2024-06-04 12:00:00,1,1,0.5916387438774109
cnn,pso,2,1333,2024-06-04 12:05:00,1,1,0.5193981528282166
cnn,pso,2,1334,2024-06-04 12:05:00,1,1,0.5319045186042786
cnn,pso,2,1335,2024-06-04 12:10:00,1,1,0.5934960842132568
cnn,pso,2,1336,2024-06-04 12:10:00,1,1,0.57441645860672
cnn,pso,2,1337,2024-06-04 12:15:00,1,1,0.6992724537849426
cnn,pso,2,1338,2024-06-04 12:15:00,1,1,0.6889849305152893
cnn,pso,2,1339,2024-06-04 12:20:00,1,1,0.7520377039909363
cnn,pso,2,1340,2024-06-04 12:20:00,1,1,0.7464920878410339
cnn,pso,2,1341,2024-06-04 12:25:00,1,1,0.7066020965576172
cnn,pso,2,1342,2024-06-04 12:25:00,1,1,0.7268384099006653
cnn,pso,2,1343,2024-06-04 12:30:00,1,1,0.6050245761871338
cnn,pso,2,1344,2024-06-04 12:30:00,1,1,0.597834050655365
cnn,pso,2,1345,2024-06-04 12:35:00,1,1,0.6135247945785522
cnn,pso,2,1346,2024-06-04 12:35:00,1,1,0.6327860355377197
cnn,pso,2,1347,2024-06-04 12:40:00,1,1,0.569550096988678
cnn,pso,2,1348,2024-06-04 12:40:00,1,1,0.5651789307594299
cnn,pso,2,1349,2024-06-04 12:45:00,1,1,0.538642406463623
cnn,pso,2,1350,2024-06-04 12:45:00,1,1,0.5419144034385681
cnn,pso,2,1351,2024-06-04 12:50:00,1,1,0.5635824799537659
cnn,pso,2,1352,2024-06-04 12:50:00,1,1,0.5872255563735962
cnn,pso,2,1353,2024-06-04 12:55:00,1,0,0.4151501953601837
cnn,pso,2,1354,2024-06-04 12:55:00,1,0,0.4215489327907562
cnn,pso,2,1355,2024-06-04 13:00:00,1,0,0.40660738945007324
cnn,pso,2,1356,2024-06-04 13:00:00,1,0,0.38713690638542175
cnn,pso,2,1357,2024-06-04 13:05:00,1,0,0.37809133529663086
cnn,pso,2,1358,2024-06-04 13:05:00,1,0,0.2869529724121094
cnn,pso,2,1359,2024-06-04 13:10:00,1,1,0.5143847465515137
cnn,pso,2,1360,2024-06-04 13:10:00,1,1,0.5272945165634155
cnn,pso,2,1361,2024-06-04 13:15:00,1,1,0.5919553637504578
cnn,pso,2,1362,2024-06-04 13:15:00,1,1,0.6444819569587708
cnn,pso,2,1363,2024-06-04 13:20:00,1,1,0.6277095675468445
cnn,pso,2,1364,2024-06-04 13:20:00,1,1,0.571868896484375
cnn,pso,2,1365,2024-06-04 13:25:00,1,1,0.5591738820075989
cnn,pso,2,1366,2024-06-04 13:25:00,1,1,0.5511561036109924
cnn,pso,2,1367,2024-06-04 13:30:00,1,1,0.5256313681602478
cnn,pso,2,1368,2024-06-04 13:30:00,1,1,0.5327712297439575
cnn,pso,2,1369,2024-06-04 13:35:00,1,0,0.4645044207572937
cnn,pso,2,1370,2024-06-04 13:35:00,1,0,0.44655922055244446
cnn,pso,2,1371,2024-06-04 13:40:00,1,1,0.5181440711021423
cnn,pso,2,1372,2024-06-04 13:40:00,1,0,0.4948495328426361
cnn,pso,2,1373,2024-06-04 13:45:00,1,1,0.5845688581466675
cnn,pso,2,1374,2024-06-04 13:45:00,1,1,0.5879616737365723
cnn,pso,2,1375,2024-06-04 13:50:00,1,1,0.574504554271698
cnn,pso,2,1376,2024-06-04 13:50:00,1,1,0.5993795394897461
cnn,pso,2,1377,2024-06-04 13:55:00,1,1,0.6449772715568542
cnn,pso,2,1378,2024-06-04 13:55:00,1,1,0.6366289258003235
cnn,pso,2,1379,2024-06-04 14:00:00,1,1,0.6550111770629883
cnn,pso,2,1380,2024-06-04 14:00:00,1,1,0.6347204446792603
cnn,pso,2,1381,2024-06-04 14:05:00,1,1,0.5693201422691345
cnn,pso,2,1382,2024-06-04 14:05:00,1,1,0.5531228184700012
cnn,pso,2,1383,2024-06-04 14:10:00,1,1,0.5229743719100952
cnn,pso,2,1384,2024-06-04 14:10:00,1,0,0.48606055974960327
cnn,pso,2,1385,2024-06-04 14:15:00,1,0,0.4796393811702728
cnn,pso,2,1386,2024-06-04 14:15:00,1,0,0.4876197278499603
cnn,pso,2,1387,2024-06-04 14:20:00,1,1,0.5058034062385559
cnn,pso,2,1388,2024-06-04 14:20:00,1,1,0.5016010403633118
cnn,pso,2,1389,2024-06-04 14:25:00,1,1,0.5534098148345947
cnn,pso,2,1390,2024-06-04 14:25:00,1,1,0.5513705611228943
cnn,pso,2,1391,2024-06-04 14:30:00,1,1,0.5857445001602173
cnn,pso,2,1392,2024-06-04 14:30:00,1,1,0.5777260065078735
cnn,pso,2,1393,2024-06-04 14:35:00,1,1,0.5840518474578857
cnn,pso,2,1394,2024-06-04 14:35:00,1,1,0.6038715243339539
cnn,pso,2,1395,2024-06-04 14:40:00,1,1,0.6591051816940308
cnn,pso,2,1396,2024-06-04 14:40:00,1,1,0.6321878433227539
cnn,pso,2,1397,2024-06-04 14:45:00,1,1,0.6857762336730957
cnn,pso,2,1398,2024-06-04 14:45:00,1,1,0.6551506519317627
cnn,pso,2,1399,2024-06-04 14:50:00,1,1,0.6133068799972534
cnn,pso,2,1400,2024-06-04 14:50:00,1,1,0.6165798902511597
cnn,pso,2,1401,2024-06-04 14:55:00,1,1,0.5754468441009521
cnn,pso,2,1402,2024-06-04 14:55:00,1,1,0.5710163116455078
cnn,pso,2,1403,2024-06-04 15:00:00,1,1,0.5753306746482849
cnn,pso,2,1404,2024-06-04 15:00:00,1,1,0.5788911581039429
cnn,pso,2,1405,2024-06-04 15:05:00,1,1,0.5513508319854736
cnn,pso,2,1406,2024-06-04 15:05:00,1,1,0.5939167141914368
cnn,pso,2,1407,2024-06-04 15:10:00,1,0,0.435987651348114
cnn,pso,2,1408,2024-06-04 15:10:00,1,0,0.47165539860725403
cnn,pso,2,1409,2024-06-04 15:15:00,1,1,0.5216693878173828
cnn,pso,2,1410,2024-06-04 15:15:00,1,1,0.5366390347480774
cnn,pso,2,1411,2024-06-04 15:20:00,1,1,0.6262364983558655
cnn,pso,2,1412,2024-06-04 15:20:00,1,1,0.614296555519104
cnn,pso,2,1413,2024-06-04 15:25:00,1,1,0.7079333066940308
cnn,pso,2,1414,2024-06-04 15:25:00,1,1,0.7064704895019531
cnn,pso,2,1415,2024-06-04 15:30:00,1,1,0.6353877186775208
cnn,pso,2,1416,2024-06-04 15:30:00,1,1,0.6318750977516174
cnn,pso,2,1417,2024-06-04 15:35:00,1,1,0.5670644044876099
cnn,pso,2,1418,2024-06-04 15:35:00,1,1,0.5542939305305481
cnn,pso,2,1419,2024-06-04 15:40:00,1,0,0.49564218521118164
cnn,pso,2,1420,2024-06-04 15:40:00,1,0,0.49287763237953186
cnn,pso,2,1421,2024-06-04 15:45:00,1,1,0.5994881987571716
cnn,pso,2,1422,2024-06-04 15:45:00,1,1,0.5486190915107727
cnn,pso,2,1423,2024-06-04 15:50:00,1,0,0.4919109046459198
cnn,pso,2,1424,2024-06-04 15:50:00,1,1,0.5511105060577393
cnn,pso,2,1425,2024-06-04 15:55:00,1,0,0.4115365445613861
cnn,pso,2,1426,2024-06-04 15:55:00,1,0,0.4205116331577301
cnn,pso,2,1427,2024-06-04 16:00:00,1,0,0.33588752150535583
cnn,pso,2,1428,2024-06-04 16:00:00,1,0,0.3213596045970917
cnn,pso,2,1429,2024-06-04 16:05:00,1,0,0.3396168351173401
cnn,pso,2,1430,2024-06-04 16:05:00,1,0,0.319961816072464
cnn,pso,2,1431,2024-06-04 16:10:00,1,0,0.46129554510116577
cnn,pso,2,1432,2024-06-04 16:10:00,1,0,0.4653167724609375
cnn,pso,2,1433,2024-06-04 16:15:00,1,1,0.5729284286499023
cnn,pso,2,1434,2024-06-04 16:15:00,1,1,0.5524325966835022
cnn,pso,2,1435,2024-06-04 16:20:00,1,1,0.5650430917739868
cnn,pso,2,1436,2024-06-04 16:20:00,1,1,0.5764373540878296
cnn,pso,2,1437,2024-06-04 16:25:00,1,1,0.5782572627067566
cnn,pso,2,1438,2024-06-04 16:25:00,1,1,0.5795841813087463
cnn,pso,2,1439,2024-06-04 16:30:00,1,1,0.6143918633460999
cnn,pso,2,1440,2024-06-04 16:30:00,1,1,0.6033349633216858
cnn,pso,2,1441,2024-06-04 16:35:00,1,1,0.5492887496948242
cnn,pso,2,1442,2024-06-04 16:35:00,1,1,0.549721896648407
cnn,pso,2,1443,2024-06-04 16:40:00,1,1,0.5810400247573853
cnn,pso,2,1444,2024-06-04 16:40:00,1,1,0.6291065216064453
cnn,pso,2,1445,2024-06-04 16:45:00,1,1,0.5496469736099243
cnn,pso,2,1446,2024-06-04 16:45:00,1,1,0.6242040991783142
cnn,pso,2,1447,2024-06-04 16:50:00,1,1,0.5650336146354675
cnn,pso,2,1448,2024-06-04 16:50:00,1,1,0.592108964920044
cnn,pso,2,1449,2024-06-04 16:55:00,0,1,0.5905010104179382
cnn,pso,2,1450,2024-06-04 16:55:00,0,1,0.6027587652206421
cnn,pso,2,1451,2024-06-04 17:00:00,0,1,0.5697132349014282
cnn,pso,2,1452,2024-06-04 17:00:00,0,1,0.5618588924407959
cnn,pso,2,1453,2024-06-04 17:05:00,0,1,0.5126439332962036
cnn,pso,2,1454,2024-06-04 17:05:00,0,1,0.5523035526275635
cnn,pso,2,1455,2024-06-04 17:10:00,0,0,0.46893858909606934
cnn,pso,2,1456,2024-06-04 17:10:00,0,0,0.4901925325393677
cnn,pso,2,1457,2024-06-04 17:15:00,0,0,0.3606049418449402
cnn,pso,2,1458,2024-06-04 17:15:00,0,0,0.4599606692790985
cnn,pso,2,1459,2024-06-04 17:20:00,0,0,0.46639901399612427
cnn,pso,2,1460,2024-06-04 17:20:00,0,0,0.26154884696006775
cnn,pso,2,1461,2024-06-04 17:25:00,0,0,0.44589829444885254
cnn,pso,2,1462,2024-06-04 17:25:00,0,0,0.3863844871520996
cnn,pso,2,1463,2024-06-04 17:30:00,0,0,0.4908347725868225
cnn,pso,2,1464,2024-06-04 17:30:00,0,1,0.5182419419288635
cnn,pso,2,1465,2024-06-04 17:35:00,0,1,0.5061137080192566
cnn,pso,2,1466,2024-06-04 17:35:00,0,0,0.49868181347846985
cnn,pso,2,1467,2024-06-04 17:40:00,0,0,0.49447837471961975
cnn,pso,2,1468,2024-06-04 17:40:00,0,0,0.4886666536331177
cnn,pso,2,1469,2024-06-04 17:45:00,0,1,0.5051789283752441
cnn,pso,2,1470,2024-06-04 17:45:00,0,0,0.49407413601875305
cnn,pso,2,1471,2024-06-04 17:50:00,0,1,0.5163227319717407
cnn,pso,2,1472,2024-06-04 17:50:00,0,1,0.5386852025985718
cnn,pso,2,1473,2024-06-04 17:55:00,0,1,0.586130678653717
cnn,pso,2,1474,2024-06-04 17:55:00,0,1,0.6078782677650452
cnn,pso,2,1475,2024-06-05 11:10:00,1,0,0.23068867623806
cnn,pso,2,1476,2024-06-05 11:10:00,1,0,0.21522442996501923
cnn,pso,2,1477,2024-06-05 11:15:00,1,0,0.23861023783683777
cnn,pso,2,1478,2024-06-05 11:15:00,1,0,0.23561546206474304
cnn,pso,2,1479,2024-06-05 11:20:00,1,0,0.4464483857154846
cnn,pso,2,1480,2024-06-05 11:20:00,1,0,0.4460749924182892
cnn,pso,2,1481,2024-06-05 11:25:00,1,1,0.5799918174743652
cnn,pso,2,1482,2024-06-05 11:25:00,1,1,0.5880656838417053
cnn,pso,2,1483,2024-06-05 11:30:00,1,1,0.7021369338035583
cnn,pso,2,1484,2024-06-05 11:30:00,1,1,0.6984167695045471
cnn,pso,2,1485,2024-06-05 11:35:00,1,1,0.8049248456954956
cnn,pso,2,1486,2024-06-05 11:35:00,1,1,0.8040210604667664
cnn,pso,2,1487,2024-06-05 11:40:00,1,1,0.8619136214256287
cnn,pso,2,1488,2024-06-05 11:40:00,0,1,0.8548713326454163
cnn,pso,2,1489,2024-06-05 11:45:00,0,1,0.7384783029556274
cnn,pso,2,1490,2024-06-05 11:45:00,1,1,0.7387359738349915
cnn,pso,2,1491,2024-06-05 11:50:00,1,1,0.7074177861213684
cnn,pso,2,1492,2024-06-05 11:50:00,0,1,0.6955057382583618
cnn,pso,2,1493,2024-06-05 11:55:00,1,1,0.6187466979026794
cnn,pso,2,1494,2024-06-05 11:55:00,0,1,0.6170257329940796
cnn,pso,2,1495,2024-06-05 12:00:00,1,1,0.6082046627998352
cnn,pso,2,1496,2024-06-05 12:00:00,0,1,0.6212783455848694
cnn,pso,2,1497,2024-06-05 12:05:00,0,1,0.5549458265304565
cnn,pso,2,1498,2024-06-05 12:05:00,1,1,0.5428225994110107
cnn,pso,2,1499,2024-06-05 12:10:00,1,0,0.4653792381286621
cnn,pso,2,1500,2024-06-05 12:10:00,0,0,0.48807287216186523
cnn,pso,2,1501,2024-06-05 12:15:00,0,1,0.6108290553092957
cnn,pso,2,1502,2024-06-05 12:15:00,1,1,0.6033614873886108
cnn,pso,2,1503,2024-06-05 12:20:00,0,1,0.6653255224227905
cnn,pso,2,1504,2024-06-05 12:20:00,1,1,0.6637746095657349
cnn,pso,2,1505,2024-06-05 12:25:00,0,1,0.6824833750724792
cnn,pso,2,1506,2024-06-05 12:25:00,0,1,0.6726722717285156
cnn,pso,2,1507,2024-06-05 12:30:00,0,1,0.7068035006523132
cnn,pso,2,1508,2024-06-05 12:30:00,0,1,0.6386677026748657
cnn,pso,2,1509,2024-06-05 12:35:00,0,1,0.5703071355819702
cnn,pso,2,1510,2024-06-05 12:35:00,0,1,0.600104808807373
cnn,pso,2,1511,2024-06-05 12:40:00,0,1,0.5530702471733093
cnn,pso,2,1512,2024-06-05 12:40:00,0,1,0.5390182137489319
cnn,pso,2,1513,2024-06-05 12:45:00,0,0,0.4985291361808777
cnn,pso,2,1514,2024-06-05 12:45:00,0,0,0.45945510268211365
cnn,pso,2,1515,2024-06-05 12:50:00,0,0,0.3534521758556366
cnn,pso,2,1516,2024-06-05 12:50:00,0,0,0.43391555547714233
cnn,pso,2,1517,2024-06-05 12:55:00,0,0,0.46413150429725647
cnn,pso,2,1518,2024-06-05 12:55:00,0,0,0.4492451846599579
cnn,pso,2,1519,2024-06-05 13:00:00,0,0,0.43310266733169556
cnn,pso,2,1520,2024-06-05 13:00:00,0,0,0.4392841160297394
cnn,pso,2,1521,2024-06-05 13:05:00,0,0,0.3670167326927185
cnn,pso,2,1522,2024-06-05 13:05:00,0,0,0.37095576524734497
cnn,pso,2,1523,2024-06-05 13:10:00,0,0,0.3201634883880615
cnn,pso,2,1524,2024-06-05 13:10:00,0,0,0.3521650731563568
cnn,pso,2,1525,2024-06-05 13:15:00,0,0,0.3564041554927826
cnn,pso,2,1526,2024-06-05 13:15:00,0,0,0.377642959356308
cnn,pso,2,1527,2024-06-05 13:20:00,0,0,0.3734457790851593
cnn,pso,2,1528,2024-06-05 13:20:00,0,0,0.34248873591423035
cnn,pso,2,1529,2024-06-05 13:25:00,0,0,0.31271103024482727
cnn,pso,2,1530,2024-06-05 13:25:00,0,0,0.3174873888492584
cnn,pso,2,1531,2024-06-05 13:30:00,0,0,0.28928107023239136
cnn,pso,2,1532,2024-06-05 13:30:00,0,0,0.2970672845840454
cnn,pso,2,1533,2024-06-05 13:35:00,0,0,0.362850159406662
cnn,pso,2,1534,2024-06-05 13:35:00,0,0,0.33984923362731934
cnn,pso,2,1535,2024-06-05 13:40:00,0,0,0.34939128160476685
cnn,pso,2,1536,2024-06-05 13:40:00,0,0,0.3857708275318146
cnn,pso,2,1537,2024-06-05 13:45:00,0,0,0.21364076435565948
cnn,pso,2,1538,2024-06-05 13:45:00,0,0,0.36328110098838806
cnn,pso,2,1539,2024-06-05 13:50:00,0,0,0.4790344536304474
cnn,pso,2,1540,2024-06-05 13:50:00,0,1,0.5030277967453003
cnn,pso,2,1541,2024-06-05 13:55:00,0,0,0.4808177947998047
cnn,pso,2,1542,2024-06-05 13:55:00,0,0,0.4604509770870209
cnn,pso,2,1543,2024-06-05 14:00:00,0,1,0.5210240483283997
cnn,pso,2,1544,2024-06-05 14:00:00,0,0,0.47942015528678894
cnn,pso,2,1545,2024-06-05 14:05:00,0,0,0.4359651207923889
cnn,pso,2,1546,2024-06-05 14:05:00,0,0,0.3764365315437317
cnn,pso,2,1547,2024-06-05 14:10:00,0,0,0.38196077942848206
cnn,pso,2,1548,2024-06-05 14:10:00,0,0,0.3618807792663574
cnn,pso,2,1549,2024-06-05 14:15:00,0,0,0.37831974029541016
cnn,pso,2,1550,2024-06-05 14:15:00,0,0,0.3154711425304413
cnn,pso,2,1551,2024-06-05 14:20:00,0,0,0.4304405152797699
cnn,pso,2,1552,2024-06-05 14:20:00,0,0,0.45199987292289734
cnn,pso,2,1553,2024-06-05 14:25:00,0,1,0.5008658766746521
cnn,pso,2,1554,2024-06-05 14:25:00,0,1,0.5212603807449341
cnn,pso,2,1555,2024-06-05 14:30:00,0,1,0.6216765642166138
cnn,pso,2,1556,2024-06-05 14:30:00,0,1,0.592705488204956
cnn,pso,2,1557,2024-06-05 14:35:00,0,1,0.6049970388412476
cnn,pso,2,1558,2024-06-05 14:35:00,0,1,0.5962041616439819
cnn,pso,2,1559,2024-06-05 14:40:00,0,1,0.6512282490730286
cnn,pso,2,1560,2024-06-05 14:40:00,0,1,0.6053377985954285
cnn,pso,2,1561,2024-06-05 14:45:00,0,1,0.5187432765960693
cnn,pso,2,1562,2024-06-05 14:45:00,0,1,0.5536562204360962
cnn,pso,2,1563,2024-06-05 14:50:00,0,0,0.3530876934528351
cnn,pso,2,1564,2024-06-05 14:50:00,0,0,0.34671396017074585
cnn,pso,2,1565,2024-06-05 14:55:00,0,0,0.29324105381965637
cnn,pso,2,1566,2024-06-05 14:55:00,0,0,0.27523887157440186
cnn,pso,2,1567,2024-06-05 15:00:00,0,0,0.3447541892528534
cnn,pso,2,1568,2024-06-05 15:00:00,0,0,0.3700525164604187
cnn,pso,2,1569,2024-06-05 15:05:00,0,0,0.324050635099411
cnn,pso,2,1570,2024-06-05 15:05:00,0,0,0.30913156270980835
cnn,pso,2,1571,2024-06-05 15:10:00,0,0,0.24550220370292664
cnn,pso,2,1572,2024-06-05 15:10:00,0,0,0.22678445279598236
cnn,pso,2,1573,2024-06-05 15:15:00,0,0,0.21447442471981049
cnn,pso,2,1574,2024-06-05 15:15:00,0,0,0.23042456805706024
cnn,pso,2,1575,2024-06-05 15:20:00,0,0,0.27492576837539673
cnn,pso,2,1576,2024-06-05 15:20:00,0,0,0.25504717230796814
cnn,pso,2,1577,2024-06-05 15:25:00,0,0,0.2544211447238922
cnn,pso,2,1578,2024-06-05 15:25:00,0,0,0.26462575793266296
cnn,pso,2,1579,2024-06-05 15:30:00,0,0,0.30574697256088257
cnn,pso,2,1580,2024-06-05 15:30:00,0,0,0.29506367444992065
cnn,pso,2,1581,2024-06-05 15:35:00,1,0,0.2354011833667755
cnn,pso,2,1582,2024-06-05 15:35:00,0,0,0.2721974849700928
cnn,pso,2,1583,2024-06-05 15:40:00,0,0,0.3429911434650421
cnn,pso,2,1584,2024-06-05 15:40:00,1,0,0.3119346499443054
cnn,pso,2,1585,2024-06-05 15:45:00,1,0,0.3701545298099518
cnn,pso,2,1586,2024-06-05 15:45:00,0,0,0.3730592727661133
cnn,pso,2,1587,2024-06-05 15:50:00,1,0,0.4520581364631653
cnn,pso,2,1588,2024-06-05 15:50:00,0,0,0.4821988046169281
cnn,pso,2,1589,2024-06-05 15:55:00,1,1,0.5725913643836975
cnn,pso,2,1590,2024-06-05 15:55:00,0,1,0.5543991327285767
cnn,pso,2,1591,2024-06-05 16:00:00,0,1,0.6047602891921997
cnn,pso,2,1592,2024-06-05 16:00:00,1,1,0.7278709411621094
cnn,pso,2,1593,2024-06-05 16:05:00,0,1,0.5035121440887451
cnn,pso,2,1594,2024-06-05 16:05:00,1,0,0.4712531268596649
cnn,pso,2,1595,2024-06-05 16:10:00,1,0,0.38986295461654663
cnn,pso,2,1596,2024-06-05 16:10:00,1,0,0.4141790270805359
cnn,pso,2,1597,2024-06-05 16:15:00,1,0,0.41085389256477356
cnn,pso,2,1598,2024-06-05 16:15:00,1,0,0.3979605734348297
cnn,pso,2,1599,2024-06-05 16:20:00,1,0,0.48926711082458496
cnn,pso,2,1600,2024-06-05 16:20:00,1,0,0.4701178967952728
cnn,pso,2,1601,2024-06-05 16:25:00,1,0,0.4943690299987793
cnn,pso,2,1602,2024-06-05 16:25:00,1,0,0.48742207884788513
cnn,pso,2,1603,2024-06-05 16:30:00,1,0,0.4438120126724243
cnn,pso,2,1604,2024-06-05 16:30:00,1,0,0.4628203511238098
cnn,pso,2,1605,2024-06-05 16:35:00,1,0,0.4905691146850586
cnn,pso,2,1606,2024-06-05 16:35:00,1,1,0.5157951712608337
cnn,pso,2,1607,2024-06-05 16:40:00,1,1,0.5340314507484436
cnn,pso,2,1608,2024-06-05 16:40:00,1,1,0.5529555678367615
cnn,pso,2,1609,2024-06-05 16:45:00,1,1,0.504612386226654
cnn,pso,2,1610,2024-06-05 16:45:00,1,0,0.4873007833957672
cnn,pso,2,1611,2024-06-05 16:50:00,1,1,0.5521271228790283
cnn,pso,2,1612,2024-06-05 16:50:00,1,1,0.5505862832069397
cnn,pso,2,1613,2024-06-05 16:55:00,0,1,0.5945760607719421
cnn,pso,2,1614,2024-06-05 16:55:00,1,1,0.5866593718528748
cnn,pso,2,1615,2024-06-05 17:00:00,1,1,0.5826475620269775
cnn,pso,2,1616,2024-06-05 17:00:00,0,1,0.6173715591430664
cnn,pso,2,1617,2024-06-05 17:05:00,0,0,0.47798359394073486
cnn,pso,2,1618,2024-06-05 17:05:00,0,0,0.4872535765171051
cnn,pso,2,1619,2024-06-05 17:10:00,1,0,0.41239988803863525
cnn,pso,2,1620,2024-06-05 17:10:00,1,0,0.4333069622516632
cnn,pso,2,1621,2024-06-05 17:15:00,1,1,0.5196881294250488
cnn,pso,2,1622,2024-06-05 17:15:00,1,1,0.5179944634437561
cnn,pso,2,1623,2024-06-05 17:20:00,1,1,0.5511452555656433
cnn,pso,2,1624,2024-06-05 17:20:00,1,1,0.5537670254707336
cnn,pso,2,1625,2024-06-05 17:25:00,1,1,0.5743733644485474
cnn,pso,2,1626,2024-06-05 17:30:00,1,1,0.5746603608131409
cnn,pso,2,1627,2024-06-05 17:30:00,1,1,0.6163591742515564
cnn,pso,2,1628,2024-06-05 17:35:00,1,0,0.48076164722442627
cnn,pso,2,1629,2024-06-05 17:35:00,1,0,0.48911693692207336
cnn,pso,2,1630,2024-06-05 17:40:00,1,0,0.4568205177783966
cnn,pso,2,1631,2024-06-05 17:40:00,1,0,0.22507180273532867
cnn,pso,2,1632,2024-06-05 17:45:00,1,1,0.518397331237793
cnn,pso,2,1633,2024-06-05 17:45:00,1,1,0.5334312915802002
cnn,pso,2,1634,2024-06-05 17:50:00,1,1,0.5149320960044861
cnn,pso,2,1635,2024-06-05 17:50:00,1,1,0.5332404375076294
cnn,pso,2,1636,2024-06-05 17:55:00,1,1,0.5055946707725525
cnn,pso,2,1637,2024-06-05 17:55:00,1,1,0.5309789180755615
cnn,pso,2,1638,2024-06-06 12:40:00,0,1,0.8038001656532288
cnn,pso,2,1639,2024-06-06 12:40:00,0,1,0.7969005107879639
cnn,pso,2,1640,2024-06-06 12:45:00,0,1,0.6789370179176331
cnn,pso,2,1641,2024-06-06 12:45:00,0,1,0.6805408596992493
cnn,pso,2,1642,2024-06-06 12:50:00,0,1,0.6579768061637878
cnn,pso,2,1643,2024-06-06 12:50:00,0,1,0.651323676109314
cnn,pso,2,1644,2024-06-06 12:55:00,0,1,0.7735268473625183
cnn,pso,2,1645,2024-06-06 12:55:00,0,1,0.6821256279945374
cnn,pso,2,1646,2024-06-06 13:00:00,0,0,0.4139619767665863
cnn,pso,2,1647,2024-06-06 13:00:00,0,0,0.4270736873149872
cnn,pso,2,1648,2024-06-06 13:05:00,0,0,0.31631043553352356
cnn,pso,2,1649,2024-06-06 13:05:00,0,0,0.2727590799331665
cnn,pso,2,1650,2024-06-06 13:10:00,0,0,0.31340909004211426
cnn,pso,2,1651,2024-06-06 13:10:00,0,0,0.3308959901332855
cnn,pso,2,1652,2024-06-06 13:15:00,0,0,0.4066491425037384
cnn,pso,2,1653,2024-06-06 13:15:00,0,0,0.3977836072444916
cnn,pso,2,1654,2024-06-06 13:20:00,0,0,0.3745132386684418
cnn,pso,2,1655,2024-06-06 13:20:00,0,0,0.3970092236995697
cnn,pso,2,1656,2024-06-06 13:25:00,0,0,0.39875972270965576
cnn,pso,2,1657,2024-06-06 13:25:00,0,0,0.4074453115463257
cnn,pso,2,1658,2024-06-06 13:30:00,0,0,0.35509783029556274
cnn,pso,2,1659,2024-06-06 13:30:00,0,0,0.3541649281978607
cnn,pso,2,1660,2024-06-06 13:35:00,0,0,0.2958686351776123
cnn,pso,2,1661,2024-06-06 13:35:00,0,0,0.31620386242866516
cnn,pso,2,1662,2024-06-06 13:40:00,1,0,0.27589792013168335
cnn,pso,2,1663,2024-06-06 13:40:00,0,0,0.26775968074798584
cnn,pso,2,1664,2024-06-06 13:45:00,1,0,0.2836982011795044
cnn,pso,2,1665,2024-06-06 13:45:00,1,0,0.2513324022293091
cnn,pso,2,1666,2024-06-06 13:50:00,1,0,0.3649410307407379
cnn,pso,2,1667,2024-06-06 13:50:00,1,0,0.35802823305130005
cnn,pso,2,1668,2024-06-06 13:55:00,1,0,0.43932533264160156
cnn,pso,2,1669,2024-06-06 13:55:00,1,0,0.4365292191505432
cnn,pso,2,1670,2024-06-06 14:00:00,1,1,0.5611315369606018
cnn,pso,2,1671,2024-06-06 14:00:00,1,1,0.570955216884613
cnn,pso,2,1672,2024-06-06 14:05:00,1,1,0.5785320401191711
cnn,pso,2,1673,2024-06-06 14:05:00,1,1,0.6186188459396362
cnn,pso,2,1674,2024-06-06 14:10:00,1,1,0.6698787808418274
cnn,pso,2,1675,2024-06-06 14:10:00,1,1,0.5580149292945862
cnn,pso,2,1676,2024-06-06 14:15:00,1,1,0.5696681141853333
cnn,pso,2,1677,2024-06-06 14:15:00,1,1,0.5860925912857056
cnn,pso,2,1678,2024-06-06 14:20:00,1,1,0.6748163104057312
cnn,pso,2,1679,2024-06-06 14:20:00,1,1,0.6812641024589539
cnn,pso,2,1680,2024-06-06 14:25:00,1,1,0.7010354399681091
cnn,pso,2,1681,2024-06-06 14:25:00,1,1,0.7131567597389221
cnn,pso,2,1682,2024-06-06 14:30:00,1,1,0.7412073016166687
cnn,pso,2,1683,2024-06-06 14:30:00,1,1,0.7202230095863342
cnn,pso,2,1684,2024-06-06 14:35:00,1,1,0.7606801986694336
cnn,pso,2,1685,2024-06-06 14:35:00,1,1,0.7635571360588074
cnn,pso,2,1686,2024-06-06 14:40:00,1,1,0.7095946669578552
cnn,pso,2,1687,2024-06-06 14:40:00,0,1,0.7456791400909424
cnn,pso,2,1688,2024-06-06 14:45:00,0,1,0.568124532699585
cnn,pso,2,1689,2024-06-06 14:45:00,1,1,0.5321237444877625
cnn,pso,2,1690,2024-06-06 14:50:00,0,0,0.3922773599624634
cnn,pso,2,1691,2024-06-06 14:50:00,1,0,0.39446040987968445
cnn,pso,2,1692,2024-06-06 14:55:00,0,0,0.32624635100364685
cnn,pso,2,1693,2024-06-06 14:55:00,1,0,0.36534756422042847
cnn,pso,2,1694,2024-06-06 15:00:00,1,0,0.3514971137046814
cnn,pso,2,1695,2024-06-06 15:00:00,0,0,0.33587536215782166
cnn,pso,2,1696,2024-06-06 15:05:00,1,0,0.24736662209033966
cnn,pso,2,1697,2024-06-06 15:05:00,1,0,0.261008083820343
cnn,pso,2,1698,2024-06-06 15:10:00,1,0,0.23285430669784546
cnn,pso,2,1699,2024-06-06 15:10:00,1,0,0.22420617938041687
cnn,pso,2,1700,2024-06-06 15:15:00,1,0,0.38716331124305725
cnn,pso,2,1701,2024-06-06 15:15:00,1,0,0.39163437485694885
cnn,pso,2,1702,2024-06-06 15:20:00,1,0,0.48341992497444153
cnn,pso,2,1703,2024-06-06 15:20:00,1,0,0.4947478473186493
cnn,pso,2,1704,2024-06-06 15:25:00,1,1,0.5368328094482422
cnn,pso,2,1705,2024-06-06 15:25:00,1,1,0.5317466259002686
cnn,pso,2,1706,2024-06-06 15:30:00,1,1,0.5573164820671082
cnn,pso,2,1707,2024-06-06 15:30:00,1,1,0.5542227029800415
cnn,pso,2,1708,2024-06-06 15:35:00,1,1,0.6105902194976807
cnn,pso,2,1709,2024-06-06 15:35:00,1,1,0.5913806557655334
cnn,pso,2,1710,2024-06-06 15:40:00,1,1,0.624670147895813
cnn,pso,2,1711,2024-06-06 15:40:00,1,1,0.6407212018966675
cnn,pso,2,1712,2024-06-06 15:45:00,1,1,0.6715174317359924
cnn,pso,2,1713,2024-06-06 15:45:00,1,1,0.7459396719932556
cnn,pso,2,1714,2024-06-06 15:50:00,1,1,0.5507197380065918
cnn,pso,2,1715,2024-06-06 15:50:00,1,1,0.5392616391181946
cnn,pso,2,1716,2024-06-06 15:55:00,1,0,0.4204636514186859
cnn,pso,2,1717,2024-06-06 15:55:00,1,0,0.43764814734458923
cnn,pso,2,1718,2024-06-06 16:00:00,1,0,0.3338700532913208
cnn,pso,2,1719,2024-06-06 16:00:00,1,0,0.3331044614315033
cnn,pso,2,1720,2024-06-06 16:05:00,1,0,0.3483344316482544
cnn,pso,2,1721,2024-06-06 16:05:00,1,0,0.34049493074417114
cnn,pso,2,1722,2024-06-06 16:10:00,1,0,0.34582996368408203
cnn,pso,2,1723,2024-06-06 16:10:00,1,0,0.32734525203704834
cnn,pso,2,1724,2024-06-06 16:15:00,1,0,0.34094294905662537
cnn,pso,2,1725,2024-06-06 16:15:00,1,0,0.36489444971084595
cnn,pso,2,1726,2024-06-06 16:20:00,1,0,0.2971719205379486
cnn,pso,2,1727,2024-06-06 16:20:00,1,0,0.34909695386886597
cnn,pso,2,1728,2024-06-06 16:25:00,1,0,0.3469989001750946
cnn,pso,2,1729,2024-06-06 16:25:00,1,0,0.36299145221710205
cnn,pso,2,1730,2024-06-06 16:30:00,1,0,0.3409377336502075
cnn,pso,2,1731,2024-06-06 16:30:00,1,0,0.3497125506401062
cnn,pso,2,1732,2024-06-06 16:35:00,1,0,0.4030696451663971
cnn,pso,2,1733,2024-06-06 16:35:00,1,0,0.4048598110675812
cnn,pso,2,1734,2024-06-06 16:40:00,1,1,0.5504918098449707
cnn,pso,2,1735,2024-06-06 16:40:00,1,1,0.5607591271400452
cnn,pso,2,1736,2024-06-06 16:45:00,1,1,0.6247897148132324
cnn,pso,2,1737,2024-06-06 16:45:00,1,1,0.6172922253608704
cnn,pso,2,1738,2024-06-06 16:50:00,1,1,0.6793227195739746
cnn,pso,2,1739,2024-06-06 16:50:00,1,1,0.7031671404838562
cnn,pso,2,1740,2024-06-06 16:55:00,0,1,0.7218164205551147
cnn,pso,2,1741,2024-06-06 16:55:00,0,1,0.6996259093284607
cnn,pso,2,1742,2024-06-06 17:00:00,0,1,0.733837366104126
cnn,pso,2,1743,2024-06-06 17:00:00,0,1,0.6535276770591736
cnn,pso,2,1744,2024-06-06 17:05:00,0,1,0.6521722674369812
cnn,pso,2,1745,2024-06-06 17:05:00,0,1,0.5692866444587708
cnn,pso,2,1746,2024-06-06 17:10:00,0,1,0.5890964269638062
cnn,pso,2,1747,2024-06-06 17:10:00,0,1,0.5635210275650024
cnn,pso,2,1748,2024-06-06 17:15:00,0,1,0.6194835901260376
cnn,pso,2,1749,2024-06-06 17:15:00,0,1,0.576518177986145
cnn,pso,2,1750,2024-06-06 17:20:00,0,1,0.5937644243240356
cnn,pso,2,1751,2024-06-06 17:20:00,0,1,0.5708033442497253
cnn,pso,2,1752,2024-06-06 17:25:00,0,1,0.5189363956451416
cnn,pso,2,1753,2024-06-06 17:25:00,0,1,0.5589911341667175
cnn,pso,2,1754,2024-06-06 17:30:00,0,1,0.5564563870429993
cnn,pso,2,1755,2024-06-06 17:30:00,0,1,0.5407355427742004
cnn,pso,2,1756,2024-06-06 17:35:00,0,1,0.5847111940383911
cnn,pso,2,1757,2024-06-06 17:35:00,0,1,0.576674222946167
cnn,pso,2,1758,2024-06-06 17:40:00,0,1,0.507985532283783
cnn,pso,2,1759,2024-06-06 17:40:00,0,1,0.5138617157936096
cnn,pso,2,1760,2024-06-06 17:45:00,0,0,0.4744246006011963
cnn,pso,2,1761,2024-06-06 17:45:00,0,0,0.499838650226593
cnn,pso,2,1762,2024-06-06 17:50:00,0,1,0.5412151217460632
cnn,pso,2,1763,2024-06-06 17:50:00,0,1,0.5401604771614075
cnn,pso,2,1764,2024-06-06 17:55:00,0,0,0.489972859621048
cnn,pso,2,1765,2024-06-06 17:55:00,1,1,0.5038704872131348
cnn,pso,2,1766,2024-06-07 17:10:00,1,0,0.39947330951690674
cnn,pso,2,1767,2024-06-07 17:15:00,1,0,0.29821303486824036
cnn,pso,2,1768,2024-06-07 17:20:00,1,1,0.5380406379699707
cnn,pso,2,1769,2024-06-07 17:25:00,1,1,0.5344347953796387
cnn,pso,2,1770,2024-06-07 17:30:00,1,1,0.551566481590271
cnn,pso,2,1771,2024-06-07 17:35:00,1,0,0.4824560880661011
cnn,pso,2,1772,2024-06-07 17:40:00,1,0,0.41697874665260315
cnn,pso,2,1773,2024-06-07 17:45:00,1,0,0.34375184774398804
cnn,pso,2,1774,2024-06-07 17:50:00,1,0,0.4023003578186035
cnn,pso,2,1775,2024-06-07 17:55:00,1,0,0.399475634098053
cnn,pso,2,1776,2024-06-10 10:40:00,1,1,0.7447046637535095
cnn,pso,2,1777,2024-06-10 10:45:00,1,1,0.7924377918243408
cnn,pso,2,1778,2024-06-10 10:50:00,1,1,0.757172703742981
cnn,pso,2,1779,2024-06-10 10:55:00,1,1,0.6390522718429565
cnn,pso,2,1780,2024-06-10 11:00:00,1,1,0.5674921870231628
cnn,pso,2,1781,2024-06-10 11:05:00,1,1,0.5256562232971191
cnn,pso,2,1782,2024-06-10 11:10:00,1,1,0.559939444065094
cnn,pso,2,1783,2024-06-10 11:15:00,1,1,0.6402747631072998
cnn,pso,2,1784,2024-06-10 11:20:00,1,1,0.6885552406311035
cnn,pso,2,1785,2024-06-10 11:25:00,1,1,0.6567606329917908
cnn,pso,2,1786,2024-06-10 11:30:00,1,1,0.5781281590461731
cnn,pso,2,1787,2024-06-10 11:35:00,1,1,0.5631401538848877
cnn,pso,2,1788,2024-06-10 11:40:00,1,1,0.5981787443161011
cnn,pso,2,1789,2024-06-10 11:45:00,1,1,0.6130428314208984
cnn,pso,2,1790,2024-06-10 11:50:00,0,1,0.655705451965332
cnn,pso,2,1791,2024-06-10 11:50:00,0,1,0.6477477550506592
cnn,pso,2,1792,2024-06-10 11:55:00,0,1,0.5161764025688171
cnn,pso,2,1793,2024-06-10 11:55:00,0,1,0.5251556038856506
cnn,pso,2,1794,2024-06-10 12:00:00,0,0,0.48062798380851746
cnn,pso,2,1795,2024-06-10 12:00:00,0,0,0.4808081090450287
cnn,pso,2,1796,2024-06-10 12:05:00,0,0,0.4431919455528259
cnn,pso,2,1797,2024-06-10 12:05:00,0,0,0.4667844772338867
cnn,pso,2,1798,2024-06-10 12:10:00,0,0,0.39827120304107666
cnn,pso,2,1799,2024-06-10 12:10:00,0,0,0.3862612843513489
cnn,pso,2,1800,2024-06-10 12:15:00,0,0,0.4209674000740051
cnn,pso,2,1801,2024-06-10 12:15:00,0,0,0.42314767837524414
cnn,pso,2,1802,2024-06-10 12:20:00,0,0,0.42462393641471863
cnn,pso,2,1803,2024-06-10 12:20:00,0,0,0.4179319739341736
cnn,pso,2,1804,2024-06-10 12:25:00,0,0,0.40387195348739624
cnn,pso,2,1805,2024-06-10 12:25:00,0,0,0.4046834111213684
cnn,pso,2,1806,2024-06-10 12:30:00,0,0,0.3531147539615631
cnn,pso,2,1807,2024-06-10 12:30:00,0,0,0.35106903314590454
cnn,pso,2,1808,2024-06-10 12:35:00,0,0,0.3840427100658417
cnn,pso,2,1809,2024-06-10 12:35:00,0,0,0.37364983558654785
cnn,pso,2,1810,2024-06-10 12:40:00,0,0,0.426233172416687
cnn,pso,2,1811,2024-06-10 12:40:00,0,0,0.4223177433013916
cnn,pso,2,1812,2024-06-10 12:45:00,0,0,0.439023494720459
cnn,pso,2,1813,2024-06-10 12:45:00,0,0,0.43521878123283386
cnn,pso,2,1814,2024-06-10 12:50:00,1,0,0.37255510687828064
cnn,pso,2,1815,2024-06-10 12:50:00,0,0,0.3775634169578552
cnn,pso,2,1816,2024-06-10 12:55:00,1,0,0.4235477149486542
cnn,pso,2,1817,2024-06-10 12:55:00,0,0,0.4159014821052551
cnn,pso,2,1818,2024-06-10 13:00:00,1,0,0.4719896614551544
cnn,pso,2,1819,2024-06-10 13:00:00,0,0,0.4607282280921936
cnn,pso,2,1820,2024-06-10 13:05:00,1,1,0.5253056287765503
cnn,pso,2,1821,2024-06-10 13:05:00,0,1,0.5222305059432983
cnn,pso,2,1822,2024-06-10 13:10:00,0,1,0.584042489528656
cnn,pso,2,1823,2024-06-10 13:10:00,0,1,0.5822939276695251
cnn,pso,2,1824,2024-06-10 13:15:00,0,1,0.563798725605011
cnn,pso,2,1825,2024-06-10 13:15:00,0,1,0.560053825378418
cnn,pso,2,1826,2024-06-10 13:20:00,0,1,0.5188502073287964
cnn,pso,2,1827,2024-06-10 13:20:00,0,1,0.5181631445884705
cnn,pso,2,1828,2024-06-10 13:25:00,0,0,0.4574071764945984
cnn,pso,2,1829,2024-06-10 13:25:00,0,0,0.46805837750434875
cnn,pso,2,1830,2024-06-10 13:30:00,0,0,0.39953455328941345
cnn,pso,2,1831,2024-06-10 13:30:00,0,0,0.4107876420021057
cnn,pso,2,1832,2024-06-10 13:35:00,0,0,0.4327995777130127
cnn,pso,2,1833,2024-06-10 13:35:00,0,0,0.4384293854236603
cnn,pso,2,1834,2024-06-10 13:40:00,0,1,0.5006077289581299
cnn,pso,2,1835,2024-06-10 13:40:00,0,0,0.49766987562179565
cnn,pso,2,1836,2024-06-10 13:45:00,0,0,0.4478212893009186
cnn,pso,2,1837,2024-06-10 13:45:00,0,0,0.44933220744132996
cnn,pso,2,1838,2024-06-10 13:50:00,0,0,0.46734753251075745
cnn,pso,2,1839,2024-06-10 13:50:00,0,0,0.4658719599246979
cnn,pso,2,1840,2024-06-10 13:55:00,0,0,0.4786733090877533
cnn,pso,2,1841,2024-06-10 13:55:00,0,0,0.48381108045578003
cnn,pso,2,1842,2024-06-10 14:00:00,0,1,0.5063527822494507
cnn,pso,2,1843,2024-06-10 14:00:00,0,1,0.5038740634918213
cnn,pso,2,1844,2024-06-10 14:05:00,0,1,0.5132803320884705
cnn,pso,2,1845,2024-06-10 14:05:00,0,1,0.5179510116577148
cnn,pso,2,1846,2024-06-10 14:10:00,0,0,0.4400981664657593
cnn,pso,2,1847,2024-06-10 14:10:00,0,0,0.4433229863643646
cnn,pso,2,1848,2024-06-10 14:15:00,0,0,0.40726804733276367
cnn,pso,2,1849,2024-06-10 14:15:00,0,0,0.4013330936431885
cnn,pso,2,1850,2024-06-10 14:20:00,0,0,0.3686022162437439
cnn,pso,2,1851,2024-06-10 14:20:00,0,0,0.35734879970550537
cnn,pso,2,1852,2024-06-10 14:25:00,0,0,0.3966241776943207
cnn,pso,2,1853,2024-06-10 14:25:00,0,0,0.40687158703804016
cnn,pso,2,1854,2024-06-10 14:30:00,0,0,0.4414597749710083
cnn,pso,2,1855,2024-06-10 14:30:00,0,0,0.4468788504600525
cnn,pso,2,1856,2024-06-10 14:35:00,0,0,0.4679224193096161
cnn,pso,2,1857,2024-06-10 14:35:00,0,0,0.480713814496994
cnn,pso,2,1858,2024-06-10 14:40:00,0,0,0.48635590076446533
cnn,pso,2,1859,2024-06-10 14:40:00,0,0,0.48965397477149963
cnn,pso,2,1860,2024-06-10 14:45:00,0,1,0.5642392039299011
cnn,pso,2,1861,2024-06-10 14:45:00,0,1,0.562563419342041
cnn,pso,2,1862,2024-06-10 14:50:00,0,1,0.5412432551383972
cnn,pso,2,1863,2024-06-10 14:50:00,0,1,0.5488716959953308
cnn,pso,2,1864,2024-06-10 14:55:00,0,0,0.40979114174842834
cnn,pso,2,1865,2024-06-10 14:55:00,0,0,0.41017764806747437
cnn,pso,2,1866,2024-06-10 15:00:00,0,0,0.2931772768497467
cnn,pso,2,1867,2024-06-10 15:00:00,0,0,0.2980910837650299
cnn,pso,2,1868,2024-06-10 15:05:00,0,0,0.29101264476776123
cnn,pso,2,1869,2024-06-10 15:05:00,0,0,0.29972344636917114
cnn,pso,2,1870,2024-06-10 15:10:00,0,0,0.29978734254837036
cnn,pso,2,1871,2024-06-10 15:10:00,0,0,0.3073853552341461
cnn,pso,2,1872,2024-06-10 15:15:00,0,0,0.3367824852466583
cnn,pso,2,1873,2024-06-10 15:15:00,0,0,0.3417084217071533
cnn,pso,2,1874,2024-06-10 15:20:00,1,0,0.34089532494544983
cnn,pso,2,1875,2024-06-10 15:20:00,1,0,0.3340861201286316
cnn,pso,2,1876,2024-06-10 15:25:00,1,0,0.3800489604473114
cnn,pso,2,1877,2024-06-10 15:25:00,1,0,0.39252936840057373
cnn,pso,2,1878,2024-06-10 15:30:00,1,0,0.432175874710083
cnn,pso,2,1879,2024-06-10 15:30:00,1,0,0.4365788698196411
cnn,pso,2,1880,2024-06-10 15:35:00,1,1,0.6235238313674927
cnn,pso,2,1881,2024-06-10 15:35:00,1,1,0.6225141286849976
cnn,pso,2,1882,2024-06-10 15:40:00,0,1,0.6976789236068726
cnn,pso,2,1883,2024-06-10 15:40:00,0,1,0.6941837072372437
cnn,pso,2,1884,2024-06-10 15:45:00,0,1,0.6645653247833252
cnn,pso,2,1885,2024-06-10 15:45:00,0,1,0.6715013384819031
cnn,pso,2,1886,2024-06-10 15:50:00,0,1,0.641817033290863
cnn,pso,2,1887,2024-06-10 15:50:00,0,1,0.6465949416160583
cnn,pso,2,1888,2024-06-10 15:55:00,0,1,0.575653076171875
cnn,pso,2,1889,2024-06-10 15:55:00,0,1,0.5706433057785034
cnn,pso,2,1890,2024-06-10 16:00:00,0,1,0.5708782076835632
cnn,pso,2,1891,2024-06-10 16:00:00,0,1,0.5668250918388367
cnn,pso,2,1892,2024-06-10 16:05:00,0,0,0.45167142152786255
cnn,pso,2,1893,2024-06-10 16:05:00,0,0,0.4502675533294678
cnn,pso,2,1894,2024-06-10 16:10:00,0,1,0.5122942924499512
cnn,pso,2,1895,2024-06-10 16:10:00,0,1,0.5119572877883911
cnn,pso,2,1896,2024-06-10 16:15:00,0,1,0.5206323862075806
cnn,pso,2,1897,2024-06-10 16:15:00,0,1,0.5211228728294373
cnn,pso,2,1898,2024-06-10 16:20:00,0,1,0.5285221934318542
cnn,pso,2,1899,2024-06-10 16:20:00,0,1,0.5329460501670837
cnn,pso,2,1900,2024-06-10 16:25:00,0,0,0.4868045449256897
cnn,pso,2,1901,2024-06-10 16:25:00,0,0,0.47291266918182373
cnn,pso,2,1902,2024-06-10 16:30:00,0,0,0.3918406665325165
cnn,pso,2,1903,2024-06-10 16:30:00,0,0,0.38707107305526733
cnn,pso,2,1904,2024-06-10 16:35:00,0,0,0.38837939500808716
cnn,pso,2,1905,2024-06-10 16:35:00,0,0,0.37397000193595886
cnn,pso,2,1906,2024-06-10 16:40:00,0,0,0.4860243797302246
cnn,pso,2,1907,2024-06-10 16:40:00,0,0,0.4892304837703705
cnn,pso,2,1908,2024-06-10 16:45:00,0,0,0.4334689974784851
cnn,pso,2,1909,2024-06-10 16:45:00,0,0,0.44787272810935974
cnn,pso,2,1910,2024-06-10 16:50:00,0,0,0.40463224053382874
cnn,pso,2,1911,2024-06-10 16:50:00,0,0,0.37432464957237244
cnn,pso,2,1912,2024-06-10 16:55:00,0,0,0.4142533838748932
cnn,pso,2,1913,2024-06-10 16:55:00,0,0,0.39882639050483704
cnn,pso,2,1914,2024-06-10 17:00:00,0,0,0.429495632648468
cnn,pso,2,1915,2024-06-10 17:00:00,1,0,0.4246479570865631
cnn,pso,2,1916,2024-06-10 17:05:00,1,0,0.42596301436424255
cnn,pso,2,1917,2024-06-10 17:05:00,0,0,0.43681615591049194
cnn,pso,2,1918,2024-06-10 17:10:00,1,0,0.48210835456848145
cnn,pso,2,1919,2024-06-10 17:10:00,0,0,0.47654226422309875
cnn,pso,2,1920,2024-06-10 17:15:00,1,0,0.46475496888160706
cnn,pso,2,1921,2024-06-10 17:15:00,1,0,0.45743846893310547
cnn,pso,2,1922,2024-06-10 17:20:00,1,0,0.4607428014278412
cnn,pso,2,1923,2024-06-10 17:20:00,1,0,0.46112769842147827
cnn,pso,2,1924,2024-06-10 17:25:00,1,1,0.5134291052818298
cnn,pso,2,1925,2024-06-10 17:25:00,1,1,0.5142220258712769
cnn,pso,2,1926,2024-06-10 17:30:00,1,1,0.5818392038345337
cnn,pso,2,1927,2024-06-10 17:30:00,1,1,0.5750296711921692
cnn,pso,2,1928,2024-06-10 17:35:00,1,1,0.6150289177894592
cnn,pso,2,1929,2024-06-10 17:35:00,1,1,0.6251799464225769
cnn,pso,2,1930,2024-06-10 17:40:00,1,1,0.5884010195732117
cnn,pso,2,1931,2024-06-10 17:40:00,1,1,0.5853872895240784
cnn,pso,2,1932,2024-06-10 17:45:00,1,1,0.5863885879516602
cnn,pso,2,1933,2024-06-10 17:45:00,1,1,0.5855933427810669
cnn,pso,2,1934,2024-06-10 17:50:00,1,1,0.5327831506729126
cnn,pso,2,1935,2024-06-10 17:50:00,1,1,0.5354001522064209
cnn,pso,2,1936,2024-06-10 17:55:00,0,1,0.5409181118011475
cnn,pso,2,1937,2024-06-10 17:55:00,0,1,0.5398218035697937
cnn,pso,2,1938,2024-06-12 10:40:00,0,0,0.0857132077217102
cnn,pso,2,1939,2024-06-12 10:40:00,0,0,0.0843433290719986
cnn,pso,2,1940,2024-06-12 10:45:00,0,0,0.08167562633752823
cnn,pso,2,1941,2024-06-12 10:45:00,0,0,0.08291345089673996
cnn,pso,2,1942,2024-06-12 10:50:00,0,0,0.07766281813383102
cnn,pso,2,1943,2024-06-12 10:50:00,0,0,0.07955697178840637
cnn,pso,2,1944,2024-06-12 10:55:00,0,0,0.08563787490129471
cnn,pso,2,1945,2024-06-12 10:55:00,0,0,0.08669618517160416
cnn,pso,2,1946,2024-06-12 11:00:00,1,0,0.07924796640872955
cnn,pso,2,1947,2024-06-12 11:00:00,0,0,0.07866896688938141
cnn,pso,2,1948,2024-06-12 11:05:00,0,0,0.10110274702310562
cnn,pso,2,1949,2024-06-12 11:05:00,1,0,0.1032116562128067
cnn,pso,2,1950,2024-06-12 11:10:00,1,0,0.12670205533504486
cnn,pso,2,1951,2024-06-12 11:10:00,1,0,0.12129554897546768
cnn,pso,2,1952,2024-06-12 11:15:00,1,0,0.21856456995010376
cnn,pso,2,1953,2024-06-12 11:15:00,1,0,0.2193184494972229
cnn,pso,2,1954,2024-06-12 11:20:00,1,0,0.3459283709526062
cnn,pso,2,1955,2024-06-12 11:20:00,1,0,0.35832759737968445
cnn,pso,2,1956,2024-06-12 11:25:00,1,0,0.47040078043937683
cnn,pso,2,1957,2024-06-12 11:25:00,1,0,0.47994527220726013
cnn,pso,2,1958,2024-06-12 11:30:00,1,0,0.460263192653656
cnn,pso,2,1959,2024-06-12 11:30:00,1,0,0.4742436110973358
cnn,pso,2,1960,2024-06-12 11:35:00,1,0,0.3993634879589081
cnn,pso,2,1961,2024-06-12 11:35:00,1,0,0.4163685142993927
cnn,pso,2,1962,2024-06-12 11:40:00,1,0,0.38696524500846863
cnn,pso,2,1963,2024-06-12 11:40:00,1,0,0.39852723479270935
cnn,pso,2,1964,2024-06-12 11:45:00,1,0,0.3595266342163086
cnn,pso,2,1965,2024-06-12 11:45:00,1,0,0.36660659313201904
cnn,pso,2,1966,2024-06-12 11:50:00,1,0,0.3819575309753418
cnn,pso,2,1967,2024-06-12 11:50:00,1,0,0.3887799382209778
cnn,pso,2,1968,2024-06-12 11:55:00,1,0,0.39021798968315125
cnn,pso,2,1969,2024-06-12 11:55:00,1,0,0.38454023003578186
cnn,pso,2,1970,2024-06-12 12:00:00,1,0,0.3456660807132721
cnn,pso,2,1971,2024-06-12 12:00:00,1,0,0.3476485013961792
cnn,pso,2,1972,2024-06-12 12:05:00,1,0,0.31777700781822205
cnn,pso,2,1973,2024-06-12 12:05:00,1,0,0.3172951638698578
cnn,pso,2,1974,2024-06-12 12:10:00,1,0,0.28667429089546204
cnn,pso,2,1975,2024-06-12 12:10:00,1,0,0.2885211110115051
cnn,pso,2,1976,2024-06-12 12:15:00,1,0,0.31071728467941284
cnn,pso,2,1977,2024-06-12 12:15:00,1,0,0.3172469735145569
cnn,pso,2,1978,2024-06-12 12:20:00,1,0,0.43900758028030396
cnn,pso,2,1979,2024-06-12 12:20:00,1,0,0.43918439745903015
cnn,pso,2,1980,2024-06-12 12:25:00,1,1,0.5712071061134338
cnn,pso,2,1981,2024-06-12 12:25:00,1,1,0.5890442728996277
cnn,pso,2,1982,2024-06-12 12:30:00,1,1,0.5831800699234009
cnn,pso,2,1983,2024-06-12 12:30:00,1,1,0.6051656603813171
cnn,pso,2,1984,2024-06-12 12:35:00,1,1,0.6015422940254211
cnn,pso,2,1985,2024-06-12 12:35:00,1,1,0.6098702549934387
cnn,pso,2,1986,2024-06-12 12:40:00,1,1,0.6255613565444946
cnn,pso,2,1987,2024-06-12 12:40:00,1,1,0.6378595232963562
cnn,pso,2,1988,2024-06-12 12:45:00,1,1,0.6248606443405151
cnn,pso,2,1989,2024-06-12 12:45:00,1,1,0.618698239326477
cnn,pso,2,1990,2024-06-12 12:50:00,1,1,0.6201651692390442
cnn,pso,2,1991,2024-06-12 12:50:00,1,1,0.6256474256515503
cnn,pso,2,1992,2024-06-12 12:55:00,1,1,0.6026235818862915
cnn,pso,2,1993,2024-06-12 12:55:00,1,1,0.6174697279930115
cnn,pso,2,1994,2024-06-12 13:00:00,1,1,0.6052788496017456
cnn,pso,2,1995,2024-06-12 13:00:00,1,1,0.5962149500846863
cnn,pso,2,1996,2024-06-12 13:05:00,1,0,0.4895101487636566
cnn,pso,2,1997,2024-06-12 13:05:00,1,1,0.5007299780845642
cnn,pso,2,1998,2024-06-12 13:10:00,1,0,0.4155121147632599
cnn,pso,2,1999,2024-06-12 13:10:00,1,0,0.40245258808135986
cnn,pso,2,2000,2024-06-12 13:15:00,1,0,0.45527809858322144
cnn,pso,2,2001,2024-06-12 13:15:00,1,0,0.46216729283332825
cnn,pso,2,2002,2024-06-12 13:20:00,1,1,0.5262376070022583
cnn,pso,2,2003,2024-06-12 13:20:00,1,1,0.5102031230926514
cnn,pso,2,2004,2024-06-12 13:25:00,1,1,0.6090974807739258
cnn,pso,2,2005,2024-06-12 13:25:00,1,1,0.6032037138938904
cnn,pso,2,2006,2024-06-12 13:30:00,1,1,0.678572416305542
cnn,pso,2,2007,2024-06-12 13:30:00,1,1,0.6863617897033691
cnn,pso,2,2008,2024-06-12 13:35:00,1,1,0.7195130586624146
cnn,pso,2,2009,2024-06-12 13:35:00,1,1,0.7126944661140442
cnn,pso,2,2010,2024-06-12 13:40:00,1,1,0.7336506247520447
cnn,pso,2,2011,2024-06-12 13:40:00,1,1,0.7258778214454651
cnn,pso,2,2012,2024-06-12 13:45:00,1,1,0.6474909782409668
cnn,pso,2,2013,2024-06-12 13:45:00,1,1,0.6709451675415039
cnn,pso,2,2014,2024-06-12 13:50:00,0,1,0.673778772354126
cnn,pso,2,2015,2024-06-12 13:50:00,1,1,0.6866356134414673
cnn,pso,2,2016,2024-06-12 13:55:00,1,1,0.5665541291236877
cnn,pso,2,2017,2024-06-12 13:55:00,0,1,0.5756280422210693
cnn,pso,2,2018,2024-06-12 14:00:00,0,0,0.40805307030677795
cnn,pso,2,2019,2024-06-12 14:00:00,1,0,0.37712669372558594
cnn,pso,2,2020,2024-06-12 14:05:00,0,0,0.3151921331882477
cnn,pso,2,2021,2024-06-12 14:05:00,1,0,0.26751455664634705
cnn,pso,2,2022,2024-06-12 14:10:00,0,0,0.3492729365825653
cnn,pso,2,2023,2024-06-12 14:10:00,1,0,0.2953789234161377
cnn,pso,2,2024,2024-06-12 14:15:00,1,0,0.2873018682003021
cnn,pso,2,2025,2024-06-12 14:15:00,0,0,0.36715978384017944
cnn,pso,2,2026,2024-06-12 14:20:00,1,0,0.4550774395465851
cnn,pso,2,2027,2024-06-12 14:20:00,0,0,0.4801311790943146
cnn,pso,2,2028,2024-06-12 14:25:00,1,0,0.47756946086883545
cnn,pso,2,2029,2024-06-12 14:25:00,0,0,0.4786459505558014
cnn,pso,2,2030,2024-06-12 14:30:00,0,1,0.5687949061393738
cnn,pso,2,2031,2024-06-12 14:30:00,1,1,0.5664797425270081
cnn,pso,2,2032,2024-06-12 14:35:00,0,1,0.6232953071594238
cnn,pso,2,2033,2024-06-12 14:35:00,1,1,0.6368653178215027
cnn,pso,2,2034,2024-06-12 14:40:00,1,1,0.6707760691642761
cnn,pso,2,2035,2024-06-12 14:40:00,0,1,0.6360310912132263
cnn,pso,2,2036,2024-06-12 14:45:00,0,1,0.6824130415916443
cnn,pso,2,2037,2024-06-12 14:45:00,0,1,0.6456159353256226
cnn,pso,2,2038,2024-06-12 14:50:00,0,1,0.5905746221542358
cnn,pso,2,2039,2024-06-12 14:50:00,0,1,0.5934624671936035
cnn,pso,2,2040,2024-06-12 14:55:00,0,1,0.5832551717758179
cnn,pso,2,2041,2024-06-12 14:55:00,0,1,0.5575326085090637
cnn,pso,2,2042,2024-06-12 15:00:00,0,0,0.3807571828365326
cnn,pso,2,2043,2024-06-12 15:00:00,0,0,0.44639307260513306
cnn,pso,2,2044,2024-06-12 15:05:00,0,0,0.4235959053039551
cnn,pso,2,2045,2024-06-12 15:05:00,0,0,0.394459992647171
cnn,pso,2,2046,2024-06-12 15:10:00,0,0,0.308411568403244
cnn,pso,2,2047,2024-06-12 15:10:00,0,0,0.37988796830177307
cnn,pso,2,2048,2024-06-12 15:15:00,0,0,0.46412086486816406
cnn,pso,2,2049,2024-06-12 15:15:00,0,0,0.42973315715789795
cnn,pso,2,2050,2024-06-12 15:20:00,0,0,0.4188554286956787
cnn,pso,2,2051,2024-06-12 15:20:00,0,0,0.46845898032188416
cnn,pso,2,2052,2024-06-12 15:25:00,0,0,0.46352922916412354
cnn,pso,2,2053,2024-06-12 15:25:00,0,0,0.48963505029678345
cnn,pso,2,2054,2024-06-12 15:30:00,0,0,0.3938799500465393
cnn,pso,2,2055,2024-06-12 15:30:00,0,0,0.473336398601532
cnn,pso,2,2056,2024-06-12 15:35:00,0,0,0.3885515332221985
cnn,pso,2,2057,2024-06-12 15:35:00,0,0,0.43495652079582214
cnn,pso,2,2058,2024-06-12 15:40:00,0,0,0.368854284286499
cnn,pso,2,2059,2024-06-12 15:40:00,0,0,0.23108752071857452
cnn,pso,2,2060,2024-06-12 15:45:00,1,0,0.26411449909210205
cnn,pso,2,2061,2024-06-12 15:45:00,1,0,0.13013319671154022
cnn,pso,2,2062,2024-06-12 15:50:00,1,0,0.24743697047233582
cnn,pso,2,2063,2024-06-12 15:50:00,1,0,0.12811698019504547
cnn,pso,2,2064,2024-06-12 15:55:00,1,0,0.21284206211566925
cnn,pso,2,2065,2024-06-12 15:55:00,1,0,0.3269180655479431
cnn,pso,2,2066,2024-06-12 16:00:00,1,0,0.3418113887310028
cnn,pso,2,2067,2024-06-12 16:00:00,1,0,0.3949427902698517
cnn,pso,2,2068,2024-06-12 16:05:00,1,0,0.3725131154060364
cnn,pso,2,2069,2024-06-12 16:05:00,1,0,0.4297139644622803
cnn,pso,2,2070,2024-06-12 16:10:00,1,0,0.49105626344680786
cnn,pso,2,2071,2024-06-12 16:10:00,1,0,0.4774591624736786
cnn,pso,2,2072,2024-06-12 16:15:00,0,1,0.6407748460769653
cnn,pso,2,2073,2024-06-12 16:15:00,1,1,0.5412978529930115
cnn,pso,2,2074,2024-06-12 16:20:00,1,1,0.5161991119384766
cnn,pso,2,2075,2024-06-12 16:20:00,0,0,0.49387621879577637
cnn,pso,2,2076,2024-06-12 16:25:00,0,0,0.3902354836463928
cnn,pso,2,2077,2024-06-12 16:25:00,1,0,0.46853920817375183
cnn,pso,2,2078,2024-06-12 16:30:00,0,0,0.4479493796825409
cnn,pso,2,2079,2024-06-12 16:30:00,1,0,0.4844929575920105
cnn,pso,2,2080,2024-06-12 16:35:00,1,1,0.5274065732955933
cnn,pso,2,2081,2024-06-12 16:35:00,0,1,0.505740761756897
cnn,pso,2,2082,2024-06-12 16:40:00,1,1,0.5253673195838928
cnn,pso,2,2083,2024-06-12 16:40:00,0,1,0.510633647441864
cnn,pso,2,2084,2024-06-12 16:45:00,0,1,0.5976423025131226
cnn,pso,2,2085,2024-06-12 16:45:00,1,1,0.5636228919029236
cnn,pso,2,2086,2024-06-12 16:50:00,0,1,0.6353303790092468
cnn,pso,2,2087,2024-06-12 16:50:00,1,1,0.6188796758651733
cnn,pso,2,2088,2024-06-12 16:55:00,0,1,0.6077899932861328
cnn,pso,2,2089,2024-06-12 17:00:00,0,1,0.6115885376930237
cnn,pso,2,2090,2024-06-12 17:05:00,0,0,0.4942682385444641
cnn,pso,2,2091,2024-06-12 17:10:00,0,1,0.5088218450546265
cnn,pso,2,2092,2024-06-12 17:15:00,0,0,0.47090503573417664
cnn,pso,2,2093,2024-06-12 17:20:00,0,1,0.5064617991447449
cnn,pso,2,2094,2024-06-12 17:25:00,0,0,0.45337238907814026
cnn,pso,2,2095,2024-06-12 17:30:00,0,0,0.3733155429363251
cnn,pso,2,2096,2024-06-12 17:35:00,0,0,0.2974548637866974
cnn,pso,2,2097,2024-06-12 17:40:00,0,0,0.2532940208911896
cnn,pso,2,2098,2024-06-12 17:45:00,0,0,0.3436940610408783
cnn,pso,2,2099,2024-06-12 17:50:00,0,0,0.336466908454895
cnn,pso,2,2100,2024-06-12 17:55:00,0,0,0.31640341877937317
cnn,pso,2,2101,2024-06-13 12:10:00,1,0,0.31427979469299316
cnn,pso,2,2102,2024-06-13 12:15:00,1,0,0.48160597681999207
cnn,pso,2,2103,2024-06-13 12:20:00,1,1,0.6818654537200928
cnn,pso,2,2104,2024-06-13 12:25:00,1,1,0.8069747090339661
cnn,pso,2,2105,2024-06-13 12:30:00,1,1,0.8160231709480286
cnn,pso,2,2106,2024-06-13 12:35:00,1,1,0.7186980843544006
cnn,pso,2,2107,2024-06-13 12:40:00,1,1,0.6737649440765381
cnn,pso,2,2108,2024-06-13 12:45:00,1,1,0.6503862738609314
cnn,pso,2,2109,2024-06-13 12:50:00,1,1,0.6643288731575012
cnn,pso,2,2110,2024-06-13 12:55:00,1,1,0.6805281639099121
cnn,pso,2,2111,2024-06-13 13:00:00,1,1,0.6623217463493347
cnn,pso,2,2112,2024-06-13 13:05:00,1,1,0.7070797681808472
cnn,pso,2,2113,2024-06-13 13:10:00,1,1,0.6603721976280212
cnn,pso,2,2114,2024-06-13 13:15:00,1,1,0.5695995688438416
cnn,pso,2,2115,2024-06-13 13:20:00,1,1,0.5299297571182251
cnn,pso,2,2116,2024-06-13 13:25:00,1,0,0.4365338087081909
cnn,pso,2,2117,2024-06-13 13:30:00,1,0,0.48823195695877075
cnn,pso,2,2118,2024-06-13 13:35:00,1,0,0.48325058817863464
cnn,pso,2,2119,2024-06-13 13:40:00,1,0,0.3981264531612396
cnn,pso,2,2120,2024-06-13 13:45:00,1,0,0.44378429651260376
cnn,pso,2,2121,2024-06-13 13:50:00,1,1,0.6258245706558228
cnn,pso,2,2122,2024-06-13 13:55:00,1,1,0.660805881023407
cnn,pso,2,2123,2024-06-13 14:00:00,1,1,0.6537131071090698
cnn,pso,2,2124,2024-06-13 14:05:00,1,1,0.6446330547332764
cnn,pso,2,2125,2024-06-13 14:10:00,0,1,0.655321478843689
cnn,pso,2,2126,2024-06-13 14:15:00,0,1,0.5360875725746155
cnn,pso,2,2127,2024-06-13 14:20:00,0,1,0.5017399787902832
cnn,pso,2,2128,2024-06-13 14:25:00,0,0,0.4278787076473236
cnn,pso,2,2129,2024-06-13 14:30:00,0,0,0.3456403613090515
cnn,pso,2,2130,2024-06-13 14:35:00,0,0,0.3710032105445862
cnn,pso,2,2131,2024-06-13 14:40:00,0,0,0.4346848726272583
cnn,pso,2,2132,2024-06-13 14:45:00,0,0,0.3965708613395691
cnn,pso,2,2133,2024-06-13 14:50:00,0,0,0.4201868772506714
cnn,pso,2,2134,2024-06-13 14:55:00,0,1,0.5005322694778442
cnn,pso,2,2135,2024-06-13 15:00:00,0,1,0.5422618389129639
cnn,pso,2,2136,2024-06-13 15:05:00,0,1,0.6069819927215576
cnn,pso,2,2137,2024-06-13 15:10:00,0,1,0.5502532124519348
cnn,pso,2,2138,2024-06-13 15:15:00,0,0,0.4541281461715698
cnn,pso,2,2139,2024-06-13 15:20:00,0,0,0.4725097417831421
cnn,pso,2,2140,2024-06-13 15:25:00,0,0,0.49149295687675476
cnn,pso,2,2141,2024-06-13 15:30:00,0,1,0.5368373394012451
cnn,pso,2,2142,2024-06-13 15:35:00,0,0,0.4659162759780884
cnn,pso,2,2143,2024-06-13 15:40:00,0,1,0.5553590059280396
cnn,pso,2,2144,2024-06-13 15:45:00,0,1,0.6390275359153748
cnn,pso,2,2145,2024-06-13 15:50:00,0,1,0.5828164219856262
cnn,pso,2,2146,2024-06-13 15:55:00,0,1,0.5720691680908203
cnn,pso,2,2147,2024-06-13 16:00:00,0,1,0.5433982014656067
cnn,pso,2,2148,2024-06-13 16:05:00,0,1,0.5069698095321655
cnn,pso,2,2149,2024-06-13 16:10:00,0,0,0.44340747594833374
cnn,pso,2,2150,2024-06-13 16:15:00,0,0,0.45906713604927063
cnn,pso,2,2151,2024-06-13 16:20:00,0,1,0.5024033784866333
cnn,pso,2,2152,2024-06-13 16:25:00,0,0,0.485734760761261
cnn,pso,2,2153,2024-06-13 16:30:00,0,0,0.3819493353366852
cnn,pso,2,2154,2024-06-13 16:35:00,0,0,0.45165500044822693
cnn,pso,2,2155,2024-06-13 16:40:00,0,0,0.4440552294254303
cnn,pso,2,2156,2024-06-13 16:45:00,0,0,0.40035274624824524
cnn,pso,2,2157,2024-06-13 16:50:00,0,0,0.42689770460128784
cnn,pso,2,2158,2024-06-13 16:55:00,0,0,0.36749571561813354
cnn,pso,2,2159,2024-06-13 17:00:00,0,0,0.3081133961677551
cnn,pso,2,2160,2024-06-13 17:05:00,0,0,0.22433315217494965
cnn,pso,2,2161,2024-06-13 17:10:00,0,0,0.20236839354038239
cnn,pso,2,2162,2024-06-13 17:15:00,0,0,0.25427526235580444
cnn,pso,2,2163,2024-06-13 17:20:00,0,0,0.2664640247821808
cnn,pso,2,2164,2024-06-13 17:25:00,0,0,0.3068852722644806
cnn,pso,2,2165,2024-06-13 17:30:00,0,0,0.35334065556526184
cnn,pso,2,2166,2024-06-13 17:35:00,0,0,0.3087708353996277
cnn,pso,2,2167,2024-06-13 17:40:00,0,0,0.3767254650592804
cnn,pso,2,2168,2024-06-13 17:45:00,0,0,0.4631466865539551
cnn,pso,2,2169,2024-06-13 17:50:00,0,0,0.4666089415550232
cnn,pso,2,2170,2024-06-13 17:55:00,0,0,0.4555763304233551
cnn,pso,2,2171,2024-06-14 11:05:00,1,0,0.33422601222991943
cnn,pso,2,2172,2024-06-14 11:10:00,1,0,0.38496673107147217
cnn,pso,2,2173,2024-06-14 11:15:00,1,0,0.4540357291698456
cnn,pso,2,2174,2024-06-14 11:20:00,1,1,0.5947524309158325
cnn,pso,2,2175,2024-06-14 11:25:00,1,1,0.6991927027702332
cnn,pso,2,2176,2024-06-14 11:30:00,1,1,0.6338997483253479
cnn,pso,2,2177,2024-06-14 11:35:00,1,1,0.5849763751029968
cnn,pso,2,2178,2024-06-14 11:40:00,1,1,0.5719165802001953
cnn,pso,2,2179,2024-06-14 11:45:00,1,1,0.5629673600196838
cnn,pso,2,2180,2024-06-14 11:50:00,1,1,0.7296168804168701
cnn,pso,2,2181,2024-06-14 11:55:00,1,1,0.8337082862854004
cnn,pso,2,2182,2024-06-14 12:00:00,1,1,0.8728107810020447
cnn,pso,2,2183,2024-06-14 12:05:00,0,1,0.8937721848487854
cnn,pso,2,2184,2024-06-14 12:10:00,0,1,0.8920776844024658
cnn,pso,2,2185,2024-06-14 12:15:00,0,1,0.8830276131629944
cnn,pso,2,2186,2024-06-14 12:20:00,0,1,0.8681338429450989
cnn,pso,2,2187,2024-06-14 12:25:00,0,1,0.7295688390731812
cnn,pso,2,2188,2024-06-14 12:30:00,0,1,0.5717459321022034
cnn,pso,2,2189,2024-06-14 12:35:00,0,0,0.48064926266670227
cnn,pso,2,2190,2024-06-14 12:40:00,0,0,0.3738269507884979
cnn,pso,2,2191,2024-06-14 12:45:00,0,0,0.2820902168750763
cnn,pso,2,2192,2024-06-14 12:50:00,0,0,0.38157179951667786
cnn,pso,2,2193,2024-06-14 12:55:00,0,0,0.47459059953689575
cnn,pso,2,2194,2024-06-14 13:00:00,0,1,0.5331682562828064
cnn,pso,2,2195,2024-06-14 13:05:00,0,1,0.525363028049469
cnn,pso,2,2196,2024-06-14 13:10:00,0,1,0.5564143061637878
cnn,pso,2,2197,2024-06-14 13:15:00,0,1,0.5133296251296997
cnn,pso,2,2198,2024-06-14 13:20:00,0,0,0.47660940885543823
cnn,pso,2,2199,2024-06-14 13:25:00,0,0,0.4096108078956604
cnn,pso,2,2200,2024-06-14 13:30:00,0,0,0.3705568313598633
cnn,pso,2,2201,2024-06-14 13:35:00,0,0,0.3980322778224945
cnn,pso,2,2202,2024-06-14 13:40:00,0,1,0.533191978931427
cnn,pso,2,2203,2024-06-14 13:45:00,0,1,0.5073438882827759
cnn,pso,2,2204,2024-06-14 13:50:00,0,0,0.4326530694961548
cnn,pso,2,2205,2024-06-14 13:55:00,0,0,0.38442328572273254
cnn,pso,2,2206,2024-06-14 14:00:00,0,0,0.36920085549354553
cnn,pso,2,2207,2024-06-14 14:05:00,0,0,0.41674908995628357
cnn,pso,2,2208,2024-06-14 14:10:00,0,1,0.5251068472862244
cnn,pso,2,2209,2024-06-14 14:15:00,0,0,0.43467065691947937
cnn,pso,2,2210,2024-06-14 14:20:00,0,0,0.306713730096817
cnn,pso,2,2211,2024-06-14 14:25:00,0,0,0.29401224851608276
cnn,pso,2,2212,2024-06-14 14:30:00,0,0,0.3618551194667816
cnn,pso,2,2213,2024-06-14 14:35:00,0,0,0.31600189208984375
cnn,pso,2,2214,2024-06-14 14:40:00,0,0,0.2552756667137146
cnn,pso,2,2215,2024-06-14 14:45:00,0,0,0.23337872326374054
cnn,pso,2,2216,2024-06-14 14:50:00,0,0,0.23881478607654572
cnn,pso,2,2217,2024-06-14 14:55:00,0,0,0.2734032869338989
cnn,pso,2,2218,2024-06-14 15:00:00,0,0,0.28108862042427063
cnn,pso,2,2219,2024-06-14 15:05:00,1,0,0.29638075828552246
cnn,pso,2,2220,2024-06-14 15:10:00,1,0,0.3419133722782135
cnn,pso,2,2221,2024-06-14 15:15:00,1,1,0.5293354392051697
cnn,pso,2,2222,2024-06-14 15:20:00,1,1,0.5641332864761353
cnn,pso,2,2223,2024-06-14 15:25:00,1,1,0.6125401854515076
cnn,pso,2,2224,2024-06-14 15:30:00,1,1,0.6620430946350098
cnn,pso,2,2225,2024-06-14 15:35:00,1,1,0.697631299495697
cnn,pso,2,2226,2024-06-14 15:40:00,1,1,0.6193625330924988
cnn,pso,2,2227,2024-06-14 15:45:00,1,1,0.713955819606781
cnn,pso,2,2228,2024-06-14 15:50:00,1,1,0.693626344203949
cnn,pso,2,2229,2024-06-14 15:55:00,1,1,0.6238842606544495
cnn,pso,2,2230,2024-06-14 16:00:00,1,1,0.6015399098396301
cnn,pso,2,2231,2024-06-14 16:05:00,0,1,0.6484217047691345
cnn,pso,2,2232,2024-06-14 16:10:00,0,1,0.5826743245124817
cnn,pso,2,2233,2024-06-14 16:15:00,0,1,0.5738115310668945
cnn,pso,2,2234,2024-06-14 16:20:00,0,1,0.5267585515975952
cnn,pso,2,2235,2024-06-14 16:25:00,0,1,0.5596997737884521
cnn,pso,2,2236,2024-06-14 16:30:00,0,1,0.5252344608306885
cnn,pso,2,2237,2024-06-14 16:35:00,0,0,0.4950464069843292
cnn,pso,2,2238,2024-06-14 16:40:00,0,0,0.43422284722328186
cnn,pso,2,2239,2024-06-14 16:45:00,0,0,0.48197293281555176
cnn,pso,2,2240,2024-06-14 16:50:00,0,1,0.5393266677856445
cnn,pso,2,2241,2024-06-14 16:55:00,0,1,0.5584325790405273
cnn,pso,2,2242,2024-06-14 17:00:00,0,1,0.557317852973938
cnn,pso,2,2243,2024-06-14 17:05:00,0,0,0.47547921538352966
cnn,pso,2,2244,2024-06-14 17:10:00,0,0,0.4399447739124298
cnn,pso,2,2245,2024-06-14 17:15:00,0,0,0.4084085524082184
cnn,pso,2,2246,2024-06-14 17:20:00,0,0,0.41184866428375244
cnn,pso,2,2247,2024-06-14 17:25:00,0,0,0.4756474494934082
cnn,pso,2,2248,2024-06-14 17:30:00,0,1,0.5067555904388428
cnn,pso,2,2249,2024-06-14 17:35:00,0,1,0.5460383296012878
cnn,pso,2,2250,2024-06-14 17:40:00,0,1,0.5457007884979248
cnn,pso,2,2251,2024-06-14 17:45:00,0,1,0.5605268478393555
cnn,pso,2,2252,2024-06-14 17:50:00,0,1,0.5465036034584045
cnn,pso,2,2253,2024-06-14 17:55:00,1,1,0.5937999486923218
cnn,pso,2,2254,2024-06-18 10:40:00,1,1,0.8149067163467407
cnn,pso,2,2255,2024-06-18 10:45:00,1,1,0.874977171421051
cnn,pso,2,2256,2024-06-18 10:50:00,1,1,0.878791332244873
cnn,pso,2,2257,2024-06-18 10:55:00,0,1,0.8615590929985046
cnn,pso,2,2258,2024-06-18 11:00:00,0,1,0.7988389134407043
cnn,pso,2,2259,2024-06-18 11:05:00,0,1,0.6820375323295593
cnn,pso,2,2260,2024-06-18 11:10:00,0,0,0.4279642701148987
cnn,pso,2,2261,2024-06-18 11:15:00,0,0,0.35368871688842773
cnn,pso,2,2262,2024-06-18 11:20:00,1,0,0.30917203426361084
cnn,pso,2,2263,2024-06-18 11:25:00,1,0,0.42049843072891235
cnn,pso,2,2264,2024-06-18 11:30:00,1,0,0.45105698704719543
cnn,pso,2,2265,2024-06-18 11:35:00,1,1,0.599652111530304
cnn,pso,2,2266,2024-06-18 11:40:00,1,1,0.5752431750297546
cnn,pso,2,2267,2024-06-18 11:45:00,1,0,0.4869273900985718
cnn,pso,2,2268,2024-06-18 11:50:00,1,0,0.41962435841560364
cnn,pso,2,2269,2024-06-18 11:55:00,1,0,0.48143908381462097
cnn,pso,2,2270,2024-06-18 12:00:00,1,0,0.4199588894844055
cnn,pso,2,2271,2024-06-18 12:05:00,1,0,0.39689216017723083
cnn,pso,2,2272,2024-06-18 12:10:00,1,0,0.39090561866760254
cnn,pso,2,2273,2024-06-18 12:15:00,1,1,0.5516989827156067
cnn,pso,2,2274,2024-06-18 12:20:00,1,1,0.5703630447387695
cnn,pso,2,2275,2024-06-18 12:25:00,1,1,0.5739905834197998
cnn,pso,2,2276,2024-06-18 12:30:00,1,1,0.5995982885360718
cnn,pso,2,2277,2024-06-18 12:35:00,1,1,0.6254075765609741
cnn,pso,2,2278,2024-06-18 12:40:00,1,1,0.5704352259635925
cnn,pso,2,2279,2024-06-18 12:45:00,1,1,0.5277718305587769
cnn,pso,2,2280,2024-06-18 12:50:00,1,0,0.4658472239971161
cnn,pso,2,2281,2024-06-18 12:55:00,1,0,0.39170899987220764
cnn,pso,2,2282,2024-06-18 13:00:00,1,0,0.46156778931617737
cnn,pso,2,2283,2024-06-18 13:05:00,1,1,0.5352849364280701
cnn,pso,2,2284,2024-06-18 13:10:00,1,1,0.533073902130127
cnn,pso,2,2285,2024-06-18 13:15:00,1,0,0.46394407749176025
cnn,pso,2,2286,2024-06-18 13:20:00,1,0,0.4701204299926758
cnn,pso,2,2287,2024-06-18 13:25:00,1,0,0.42184847593307495
cnn,pso,2,2288,2024-06-18 13:30:00,1,0,0.3994656801223755
cnn,pso,2,2289,2024-06-18 13:35:00,1,0,0.4878096580505371
cnn,pso,2,2290,2024-06-18 13:40:00,1,1,0.5254665613174438
cnn,pso,2,2291,2024-06-18 13:45:00,1,1,0.5546897649765015
cnn,pso,2,2292,2024-06-18 13:50:00,1,1,0.612958550453186
cnn,pso,2,2293,2024-06-18 13:55:00,1,1,0.645302951335907
cnn,pso,2,2294,2024-06-18 14:00:00,1,1,0.6384997367858887
cnn,pso,2,2295,2024-06-18 14:05:00,1,1,0.6464509963989258
cnn,pso,2,2296,2024-06-18 14:10:00,1,1,0.552477240562439
cnn,pso,2,2297,2024-06-18 14:15:00,1,1,0.6215566396713257
cnn,pso,2,2298,2024-06-18 14:20:00,1,1,0.6806932687759399
cnn,pso,2,2299,2024-06-18 14:25:00,1,1,0.6665355563163757
cnn,pso,2,2300,2024-06-18 14:30:00,1,1,0.6227823495864868
cnn,pso,2,2301,2024-06-18 14:35:00,1,1,0.6155138611793518
cnn,pso,2,2302,2024-06-18 14:40:00,1,1,0.6064102649688721
cnn,pso,2,2303,2024-06-18 14:45:00,1,1,0.5450114011764526
cnn,pso,2,2304,2024-06-18 14:50:00,1,0,0.45049577951431274
cnn,pso,2,2305,2024-06-18 14:55:00,1,0,0.3766973912715912
cnn,pso,2,2306,2024-06-18 15:00:00,1,0,0.37317997217178345
cnn,pso,2,2307,2024-06-18 15:05:00,1,0,0.4234267771244049
cnn,pso,2,2308,2024-06-18 15:10:00,1,0,0.4079091548919678
cnn,pso,2,2309,2024-06-18 15:15:00,1,0,0.3550698161125183
cnn,pso,2,2310,2024-06-18 15:20:00,1,0,0.37090498208999634
cnn,pso,2,2311,2024-06-18 15:25:00,1,0,0.45345747470855713
cnn,pso,2,2312,2024-06-18 15:30:00,0,1,0.5645049810409546
cnn,pso,2,2313,2024-06-18 15:35:00,0,0,0.4663203954696655
cnn,pso,2,2314,2024-06-18 15:40:00,0,0,0.3768415153026581
cnn,pso,2,2315,2024-06-18 15:45:00,0,0,0.3014400899410248
cnn,pso,2,2316,2024-06-18 15:50:00,0,0,0.3512479364871979
cnn,pso,2,2317,2024-06-18 15:55:00,0,0,0.3268422782421112
cnn,pso,2,2318,2024-06-18 16:00:00,0,0,0.262774795293808
cnn,pso,2,2319,2024-06-18 16:05:00,1,0,0.20224125683307648
cnn,pso,2,2320,2024-06-18 16:10:00,1,0,0.21179798245429993
cnn,pso,2,2321,2024-06-18 16:15:00,1,0,0.2469029277563095
cnn,pso,2,2322,2024-06-18 16:20:00,1,0,0.3199317455291748
cnn,pso,2,2323,2024-06-18 16:25:00,1,0,0.3868788778781891
cnn,pso,2,2324,2024-06-18 16:30:00,1,0,0.48457562923431396
cnn,pso,2,2325,2024-06-18 16:35:00,1,1,0.5512617230415344
cnn,pso,2,2326,2024-06-18 16:40:00,1,1,0.6109660863876343
cnn,pso,2,2327,2024-06-18 16:45:00,1,1,0.5979313850402832
cnn,pso,2,2328,2024-06-18 16:50:00,1,1,0.6025439500808716
cnn,pso,2,2329,2024-06-18 16:55:00,0,1,0.61603182554245
cnn,pso,2,2330,2024-06-18 17:00:00,0,1,0.635089635848999
cnn,pso,2,2331,2024-06-18 17:05:00,0,1,0.5480313897132874
cnn,pso,2,2332,2024-06-18 17:10:00,0,1,0.5076714158058167
cnn,pso,2,2333,2024-06-18 17:15:00,0,1,0.5013079643249512
cnn,pso,2,2334,2024-06-18 17:20:00,0,1,0.5469980835914612
cnn,pso,2,2335,2024-06-18 17:25:00,0,1,0.593895673751831
cnn,pso,2,2336,2024-06-18 17:30:00,0,1,0.5582150816917419
cnn,pso,2,2337,2024-06-18 17:35:00,0,1,0.511637270450592
cnn,pso,2,2338,2024-06-18 17:40:00,0,1,0.5693061947822571
cnn,pso,2,2339,2024-06-18 17:45:00,0,1,0.6224034428596497
cnn,pso,2,2340,2024-06-18 17:50:00,0,1,0.659943699836731
cnn,pso,2,2341,2024-06-18 17:55:00,0,1,0.6203477382659912
cnn,pso,2,2342,2024-06-19 10:55:00,1,0,0.30537551641464233
cnn,pso,2,2343,2024-06-19 11:00:00,1,0,0.4969136416912079
cnn,pso,2,2344,2024-06-19 11:05:00,1,0,0.49390098452568054
cnn,pso,2,2345,2024-06-19 11:10:00,1,0,0.4279235303401947
cnn,pso,2,2346,2024-06-19 11:15:00,1,0,0.41122543811798096
cnn,pso,2,2347,2024-06-19 11:20:00,1,0,0.4422958493232727
cnn,pso,2,2348,2024-06-19 11:25:00,1,1,0.5228822827339172
cnn,pso,2,2349,2024-06-19 11:30:00,1,1,0.5550940632820129
cnn,pso,2,2350,2024-06-19 11:35:00,1,1,0.6044110655784607
cnn,pso,2,2351,2024-06-19 11:40:00,1,1,0.6417710781097412
cnn,pso,2,2352,2024-06-19 11:45:00,1,1,0.5656217932701111
cnn,pso,2,2353,2024-06-19 11:50:00,1,1,0.5356958508491516
cnn,pso,2,2354,2024-06-19 11:55:00,1,1,0.5299323797225952
cnn,pso,2,2355,2024-06-19 12:00:00,1,1,0.5160235166549683
cnn,pso,2,2356,2024-06-19 12:05:00,1,0,0.48763683438301086
cnn,pso,2,2357,2024-06-19 12:10:00,1,0,0.4731057584285736
cnn,pso,2,2358,2024-06-19 12:15:00,1,0,0.460261732339859
cnn,pso,2,2359,2024-06-19 12:20:00,1,0,0.44099894165992737
cnn,pso,2,2360,2024-06-19 12:25:00,1,0,0.4996235966682434
cnn,pso,2,2361,2024-06-19 12:30:00,1,1,0.5666192770004272
cnn,pso,2,2362,2024-06-19 12:35:00,1,1,0.5940272212028503
cnn,pso,2,2363,2024-06-19 12:40:00,1,1,0.622734785079956
cnn,pso,2,2364,2024-06-19 12:45:00,1,1,0.7413309812545776
cnn,pso,2,2365,2024-06-19 12:50:00,1,1,0.7604783177375793
cnn,pso,2,2366,2024-06-19 12:55:00,1,1,0.7311743497848511
cnn,pso,2,2367,2024-06-19 13:00:00,1,1,0.693425178527832
cnn,pso,2,2368,2024-06-19 13:05:00,1,1,0.6604607105255127
cnn,pso,2,2369,2024-06-19 13:10:00,1,1,0.6785647869110107
cnn,pso,2,2370,2024-06-19 13:15:00,1,1,0.5972433090209961
cnn,pso,2,2371,2024-06-19 13:20:00,1,1,0.5299655199050903
cnn,pso,2,2372,2024-06-19 13:25:00,1,1,0.5543332695960999
cnn,pso,2,2373,2024-06-19 13:30:00,1,1,0.6263582110404968
cnn,pso,2,2374,2024-06-19 13:35:00,1,1,0.6414339542388916
cnn,pso,2,2375,2024-06-19 13:40:00,1,1,0.6470075249671936
cnn,pso,2,2376,2024-06-19 13:45:00,1,1,0.6583693623542786
cnn,pso,2,2377,2024-06-19 13:50:00,1,1,0.6516591310501099
cnn,pso,2,2378,2024-06-19 13:55:00,1,1,0.6320303678512573
cnn,pso,2,2379,2024-06-19 14:00:00,1,1,0.5655128955841064
cnn,pso,2,2380,2024-06-19 14:05:00,0,1,0.6143792271614075
cnn,pso,2,2381,2024-06-19 14:10:00,0,1,0.5276836156845093
cnn,pso,2,2382,2024-06-19 14:15:00,0,0,0.4699484407901764
cnn,pso,2,2383,2024-06-19 14:20:00,0,0,0.4978466331958771
cnn,pso,2,2384,2024-06-19 14:25:00,0,0,0.4107981324195862
cnn,pso,2,2385,2024-06-19 14:30:00,1,0,0.3640718162059784
cnn,pso,2,2386,2024-06-19 14:35:00,1,0,0.3675059974193573
cnn,pso,2,2387,2024-06-19 14:40:00,1,0,0.43531617522239685
cnn,pso,2,2388,2024-06-19 14:45:00,1,0,0.48410576581954956
cnn,pso,2,2389,2024-06-19 14:50:00,1,1,0.5549623370170593
cnn,pso,2,2390,2024-06-19 14:55:00,1,1,0.5680782198905945
cnn,pso,2,2391,2024-06-19 15:00:00,1,1,0.5805442929267883
cnn,pso,2,2392,2024-06-19 15:05:00,1,1,0.6129069328308105
cnn,pso,2,2393,2024-06-19 15:10:00,1,1,0.5892660021781921
cnn,pso,2,2394,2024-06-19 15:15:00,1,1,0.5902449488639832
cnn,pso,2,2395,2024-06-19 15:20:00,1,1,0.6000733375549316
cnn,pso,2,2396,2024-06-19 15:25:00,1,1,0.5783215761184692
cnn,pso,2,2397,2024-06-19 15:30:00,1,1,0.5536431074142456
cnn,pso,2,2398,2024-06-19 15:35:00,1,0,0.4840667247772217
cnn,pso,2,2399,2024-06-19 15:40:00,1,1,0.5750750303268433
cnn,pso,2,2400,2024-06-19 15:45:00,1,1,0.6938673853874207
cnn,pso,2,2401,2024-06-19 15:50:00,1,1,0.7473689317703247
cnn,pso,2,2402,2024-06-19 15:55:00,1,1,0.7608778476715088
cnn,pso,2,2403,2024-06-19 16:00:00,1,1,0.7243525981903076
cnn,pso,2,2404,2024-06-19 16:05:00,1,1,0.6546542048454285
cnn,pso,2,2405,2024-06-19 16:10:00,1,1,0.6037874817848206
cnn,pso,2,2406,2024-06-19 16:15:00,1,1,0.5541870594024658
cnn,pso,2,2407,2024-06-19 16:20:00,1,1,0.6224966049194336
cnn,pso,2,2408,2024-06-19 16:25:00,1,1,0.701310396194458
cnn,pso,2,2409,2024-06-19 16:30:00,1,1,0.6780647039413452
cnn,pso,2,2410,2024-06-19 16:35:00,1,1,0.7139278054237366
cnn,pso,2,2411,2024-06-19 16:40:00,1,1,0.7737855315208435
cnn,pso,2,2412,2024-06-19 16:45:00,1,1,0.7660156488418579
cnn,pso,2,2413,2024-06-19 16:50:00,1,1,0.7460953593254089
cnn,pso,2,2414,2024-06-19 16:55:00,1,1,0.6152901649475098
cnn,pso,2,2415,2024-06-19 17:00:00,1,1,0.5499662756919861
cnn,pso,2,2416,2024-06-19 17:05:00,1,1,0.512462317943573
cnn,pso,2,2417,2024-06-19 17:10:00,1,0,0.4437194764614105
cnn,pso,2,2418,2024-06-19 17:15:00,1,0,0.47462040185928345
cnn,pso,2,2419,2024-06-19 17:20:00,1,1,0.5411003828048706
cnn,pso,2,2420,2024-06-19 17:25:00,1,1,0.5752831101417542
cnn,pso,2,2421,2024-06-19 17:30:00,1,1,0.5452356934547424
cnn,pso,2,2422,2024-06-19 17:35:00,1,1,0.5688261389732361
cnn,pso,2,2423,2024-06-19 17:40:00,1,1,0.6159240007400513
cnn,pso,2,2424,2024-06-19 17:45:00,1,1,0.5937020778656006
cnn,pso,2,2425,2024-06-19 17:50:00,1,1,0.5432947874069214
cnn,pso,2,2426,2024-06-19 17:55:00,1,1,0.5530371069908142
cnn,pso,2,2427,2024-06-20 10:50:00,0,1,0.8259657621383667
cnn,pso,2,2428,2024-06-20 10:55:00,0,1,0.7533142566680908
cnn,pso,2,2429,2024-06-20 11:00:00,0,1,0.682853639125824
cnn,pso,2,2430,2024-06-20 11:05:00,0,1,0.5246031284332275
cnn,pso,2,2431,2024-06-20 11:10:00,0,1,0.5353395342826843
cnn,pso,2,2432,2024-06-20 11:15:00,0,1,0.5999525785446167
cnn,pso,2,2433,2024-06-20 11:20:00,0,1,0.5733782052993774
cnn,pso,2,2434,2024-06-20 11:25:00,0,1,0.5089269280433655
cnn,pso,2,2435,2024-06-20 11:30:00,0,0,0.3991648852825165
cnn,pso,2,2436,2024-06-20 11:35:00,0,0,0.29213517904281616
cnn,pso,2,2437,2024-06-20 11:40:00,0,0,0.2377675324678421
cnn,pso,2,2438,2024-06-20 11:45:00,0,0,0.18043012917041779
cnn,pso,2,2439,2024-06-20 11:50:00,0,0,0.13703401386737823
cnn,pso,2,2440,2024-06-20 11:55:00,0,0,0.17342756688594818
cnn,pso,2,2441,2024-06-20 12:00:00,0,0,0.1655200719833374
cnn,pso,2,2442,2024-06-20 12:05:00,0,0,0.13575176894664764
cnn,pso,2,2443,2024-06-20 12:10:00,0,0,0.19200819730758667
cnn,pso,2,2444,2024-06-20 12:15:00,0,0,0.2188454270362854
cnn,pso,2,2445,2024-06-20 12:20:00,0,0,0.2707420885562897
cnn,pso,2,2446,2024-06-20 12:25:00,0,0,0.2810736298561096
cnn,pso,2,2447,2024-06-20 12:30:00,0,0,0.2934187054634094
cnn,pso,2,2448,2024-06-20 12:35:00,0,0,0.25284555554389954
cnn,pso,2,2449,2024-06-20 12:40:00,0,0,0.28983640670776367
cnn,pso,2,2450,2024-06-20 12:45:00,0,0,0.4238331913948059
cnn,pso,2,2451,2024-06-20 12:50:00,0,0,0.40859273076057434
cnn,pso,2,2452,2024-06-20 12:55:00,0,0,0.36768513917922974
cnn,pso,2,2453,2024-06-20 13:00:00,0,0,0.3498900234699249
cnn,pso,2,2454,2024-06-20 13:05:00,0,0,0.2707233726978302
cnn,pso,2,2455,2024-06-20 13:10:00,0,0,0.3036295175552368
cnn,pso,2,2456,2024-06-20 13:15:00,0,0,0.35911479592323303
cnn,pso,2,2457,2024-06-20 13:20:00,0,0,0.34749239683151245
cnn,pso,2,2458,2024-06-20 13:25:00,0,0,0.2790754735469818
cnn,pso,2,2459,2024-06-20 13:30:00,0,0,0.28556665778160095
cnn,pso,2,2460,2024-06-20 13:35:00,1,0,0.2873460352420807
cnn,pso,2,2461,2024-06-20 13:40:00,1,0,0.3268430233001709
cnn,pso,2,2462,2024-06-20 13:45:00,1,0,0.4784099757671356
cnn,pso,2,2463,2024-06-20 13:50:00,1,1,0.5047526955604553
cnn,pso,2,2464,2024-06-20 13:55:00,1,1,0.5138463377952576
cnn,pso,2,2465,2024-06-20 14:00:00,1,1,0.5118589401245117
cnn,pso,2,2466,2024-06-20 14:05:00,1,1,0.5445857048034668
cnn,pso,2,2467,2024-06-20 14:10:00,1,1,0.6531516909599304
cnn,pso,2,2468,2024-06-20 14:15:00,1,1,0.695472002029419
cnn,pso,2,2469,2024-06-20 14:20:00,1,1,0.6645375490188599
cnn,pso,2,2470,2024-06-20 14:25:00,1,1,0.6047985553741455
cnn,pso,2,2471,2024-06-20 14:30:00,1,0,0.481803297996521
cnn,pso,2,2472,2024-06-20 14:35:00,1,0,0.39143598079681396
cnn,pso,2,2473,2024-06-20 14:40:00,1,0,0.39748114347457886
cnn,pso,2,2474,2024-06-20 14:45:00,1,0,0.45544755458831787
cnn,pso,2,2475,2024-06-20 14:50:00,1,0,0.4675440490245819
cnn,pso,2,2476,2024-06-20 14:55:00,1,1,0.5522443652153015
cnn,pso,2,2477,2024-06-20 15:00:00,1,1,0.5954903364181519
cnn,pso,2,2478,2024-06-20 15:05:00,1,1,0.6252662539482117
cnn,pso,2,2479,2024-06-20 15:10:00,1,1,0.6160721778869629
cnn,pso,2,2480,2024-06-20 15:15:00,1,1,0.6418206691741943
cnn,pso,2,2481,2024-06-20 15:20:00,1,1,0.6767354011535645
cnn,pso,2,2482,2024-06-20 15:25:00,1,1,0.6565813422203064
cnn,pso,2,2483,2024-06-20 15:30:00,1,1,0.5637522339820862
cnn,pso,2,2484,2024-06-20 15:35:00,1,1,0.5683661103248596
cnn,pso,2,2485,2024-06-20 15:40:00,1,1,0.632064938545227
cnn,pso,2,2486,2024-06-20 15:45:00,1,1,0.6924886107444763
cnn,pso,2,2487,2024-06-20 15:50:00,0,1,0.72883141040802
cnn,pso,2,2488,2024-06-20 15:55:00,0,1,0.7336111664772034
cnn,pso,2,2489,2024-06-20 16:00:00,0,1,0.6731693148612976
cnn,pso,2,2490,2024-06-20 16:05:00,0,1,0.5918288230895996
cnn,pso,2,2491,2024-06-20 16:10:00,0,0,0.4493290185928345
cnn,pso,2,2492,2024-06-20 16:15:00,0,0,0.3163367807865143
cnn,pso,2,2493,2024-06-20 16:20:00,0,0,0.23067231476306915
cnn,pso,2,2494,2024-06-20 16:25:00,0,0,0.2729935646057129
cnn,pso,2,2495,2024-06-20 16:30:00,0,0,0.31633278727531433
cnn,pso,2,2496,2024-06-20 16:35:00,0,0,0.33418217301368713
cnn,pso,2,2497,2024-06-20 16:40:00,0,0,0.40324461460113525
cnn,pso,2,2498,2024-06-20 16:45:00,0,0,0.4612887501716614
cnn,pso,2,2499,2024-06-20 16:50:00,0,0,0.48289841413497925
cnn,pso,2,2500,2024-06-20 16:55:00,0,1,0.5044900178909302
cnn,pso,2,2501,2024-06-20 17:00:00,0,0,0.4645416736602783
cnn,pso,2,2502,2024-06-20 17:05:00,0,0,0.42478102445602417
cnn,pso,2,2503,2024-06-20 17:10:00,0,0,0.4890560507774353
cnn,pso,2,2504,2024-06-20 17:15:00,0,1,0.543510377407074
cnn,pso,2,2505,2024-06-20 17:20:00,0,1,0.5098675489425659
cnn,pso,2,2506,2024-06-20 17:25:00,0,0,0.4636203646659851
cnn,pso,2,2507,2024-06-20 17:30:00,0,0,0.4494227170944214
cnn,pso,2,2508,2024-06-20 17:35:00,0,0,0.4831310212612152
cnn,pso,2,2509,2024-06-20 17:40:00,0,0,0.49490049481391907
cnn,pso,2,2510,2024-06-20 17:45:00,0,0,0.48351889848709106
cnn,pso,2,2511,2024-06-20 17:50:00,0,0,0.4873460829257965
cnn,pso,2,2512,2024-06-20 17:55:00,1,0,0.4761953055858612
cnn,pso,2,2513,2024-06-21 10:40:00,1,1,0.747358500957489
cnn,pso,2,2514,2024-06-21 10:45:00,1,1,0.7924696803092957
cnn,pso,2,2515,2024-06-21 10:50:00,1,1,0.8505849242210388
cnn,pso,2,2516,2024-06-21 10:55:00,1,1,0.8803735971450806
cnn,pso,2,2517,2024-06-21 11:00:00,1,1,0.8218823671340942
cnn,pso,2,2518,2024-06-21 11:05:00,1,1,0.8115609288215637
cnn,pso,2,2519,2024-06-21 11:10:00,1,1,0.6927267909049988
cnn,pso,2,2520,2024-06-21 11:15:00,1,1,0.6986114382743835
cnn,pso,2,2521,2024-06-21 11:20:00,1,1,0.6634246706962585
cnn,pso,2,2522,2024-06-21 11:25:00,0,1,0.7084338665008545
cnn,pso,2,2523,2024-06-21 11:30:00,0,1,0.6578934788703918
cnn,pso,2,2524,2024-06-21 11:35:00,0,1,0.630689799785614
cnn,pso,2,2525,2024-06-21 11:40:00,0,1,0.5421855449676514
cnn,pso,2,2526,2024-06-21 11:45:00,0,0,0.4354345202445984
cnn,pso,2,2527,2024-06-21 11:50:00,0,1,0.5250638723373413
cnn,pso,2,2528,2024-06-21 11:55:00,0,0,0.4893297851085663
cnn,pso,2,2529,2024-06-21 12:00:00,0,1,0.5283412337303162
cnn,pso,2,2530,2024-06-21 12:05:00,0,1,0.5363629460334778
cnn,pso,2,2531,2024-06-21 12:10:00,0,1,0.5717659592628479
cnn,pso,2,2532,2024-06-21 12:15:00,1,0,0.3165573477745056
cnn,pso,2,2533,2024-06-21 12:20:00,1,0,0.31270870566368103
cnn,pso,2,2534,2024-06-21 12:25:00,1,0,0.27804723381996155
cnn,pso,2,2535,2024-06-21 12:30:00,1,0,0.25760579109191895
cnn,pso,2,2536,2024-06-21 12:35:00,1,0,0.3404902517795563
cnn,pso,2,2537,2024-06-21 12:40:00,1,0,0.34668388962745667
cnn,pso,2,2538,2024-06-21 12:45:00,1,0,0.4705278277397156
cnn,pso,2,2539,2024-06-21 12:50:00,1,0,0.45445162057876587
cnn,pso,2,2540,2024-06-21 12:55:00,1,0,0.4350515305995941
cnn,pso,2,2541,2024-06-21 13:00:00,1,0,0.43865296244621277
cnn,pso,2,2542,2024-06-21 13:05:00,1,0,0.4723736643791199
cnn,pso,2,2543,2024-06-21 13:10:00,1,1,0.5131955742835999
cnn,pso,2,2544,2024-06-21 13:15:00,1,1,0.555365264415741
cnn,pso,2,2545,2024-06-21 13:20:00,1,1,0.5942807197570801
cnn,pso,2,2546,2024-06-21 13:25:00,1,1,0.6388117074966431
cnn,pso,2,2547,2024-06-21 13:30:00,1,1,0.6363035440444946
cnn,pso,2,2548,2024-06-21 13:35:00,1,1,0.5838848352432251
cnn,pso,2,2549,2024-06-21 13:40:00,1,1,0.6286724805831909
cnn,pso,2,2550,2024-06-21 13:45:00,1,1,0.6159731149673462
cnn,pso,2,2551,2024-06-21 13:50:00,0,1,0.6506862044334412
cnn,pso,2,2552,2024-06-21 13:55:00,0,1,0.6203854084014893
cnn,pso,2,2553,2024-06-21 14:00:00,0,1,0.6021812558174133
cnn,pso,2,2554,2024-06-21 14:05:00,0,1,0.5668260455131531
cnn,pso,2,2555,2024-06-21 14:10:00,0,1,0.5538913011550903
cnn,pso,2,2556,2024-06-21 14:15:00,0,1,0.562777578830719
cnn,pso,2,2557,2024-06-21 14:20:00,0,1,0.5217050909996033
cnn,pso,2,2558,2024-06-21 14:25:00,0,0,0.4834200441837311
cnn,pso,2,2559,2024-06-21 14:30:00,0,0,0.4332369565963745
cnn,pso,2,2560,2024-06-21 14:35:00,0,0,0.3965824842453003
cnn,pso,2,2561,2024-06-21 14:40:00,0,0,0.4013771712779999
cnn,pso,2,2562,2024-06-21 14:45:00,0,0,0.3777029514312744
cnn,pso,2,2563,2024-06-21 14:50:00,0,0,0.4457543194293976
cnn,pso,2,2564,2024-06-21 14:55:00,0,0,0.4245277941226959
cnn,pso,2,2565,2024-06-21 15:00:00,1,0,0.3561457395553589
cnn,pso,2,2566,2024-06-21 15:05:00,1,0,0.4295160472393036
cnn,pso,2,2567,2024-06-21 15:10:00,1,0,0.46839240193367004
cnn,pso,2,2568,2024-06-21 15:15:00,1,1,0.5219724178314209
cnn,pso,2,2569,2024-06-21 15:20:00,1,1,0.5836247801780701
cnn,pso,2,2570,2024-06-21 15:25:00,1,1,0.624944269657135
cnn,pso,2,2571,2024-06-21 15:30:00,1,1,0.6641144156455994
cnn,pso,2,2572,2024-06-21 15:35:00,1,1,0.6909860372543335
cnn,pso,2,2573,2024-06-21 15:40:00,1,1,0.6420026421546936
cnn,pso,2,2574,2024-06-21 15:45:00,1,1,0.6032180786132812
cnn,pso,2,2575,2024-06-21 15:50:00,1,1,0.6283828616142273
cnn,pso,2,2576,2024-06-21 15:55:00,1,1,0.6280559301376343
cnn,pso,2,2577,2024-06-21 16:00:00,1,1,0.65427565574646
cnn,pso,2,2578,2024-06-21 16:05:00,1,1,0.6390923857688904
cnn,pso,2,2579,2024-06-21 16:10:00,1,1,0.6217718124389648
cnn,pso,2,2580,2024-06-21 16:15:00,1,1,0.6256853938102722
cnn,pso,2,2581,2024-06-21 16:20:00,1,1,0.6127625107765198
cnn,pso,2,2582,2024-06-21 16:25:00,1,1,0.6245082020759583
cnn,pso,2,2583,2024-06-21 16:30:00,1,1,0.6260198950767517
cnn,pso,2,2584,2024-06-21 16:35:00,1,1,0.6524027585983276
cnn,pso,2,2585,2024-06-21 16:40:00,1,1,0.5592113733291626
cnn,pso,2,2586,2024-06-21 16:45:00,1,0,0.47373902797698975
cnn,pso,2,2587,2024-06-21 16:50:00,1,1,0.5169391632080078
cnn,pso,2,2588,2024-06-21 16:55:00,1,1,0.5431806445121765
cnn,pso,2,2589,2024-06-21 17:00:00,1,0,0.4814009666442871
cnn,pso,2,2590,2024-06-21 17:05:00,1,0,0.44166281819343567
cnn,pso,2,2591,2024-06-21 17:10:00,1,0,0.4399071931838989
cnn,pso,2,2592,2024-06-21 17:15:00,1,1,0.5257000923156738
cnn,pso,2,2593,2024-06-21 17:20:00,1,1,0.5169833898544312
cnn,pso,2,2594,2024-06-21 17:25:00,1,0,0.4734118580818176
cnn,pso,2,2595,2024-06-21 17:30:00,1,1,0.511938214302063
cnn,pso,2,2596,2024-06-21 17:35:00,1,1,0.526240348815918
cnn,pso,2,2597,2024-06-21 17:40:00,1,1,0.5414040684700012
cnn,pso,2,2598,2024-06-21 17:45:00,1,1,0.5092440247535706
cnn,pso,2,2599,2024-06-21 17:50:00,1,1,0.5415661334991455
cnn,pso,2,2600,2024-06-21 17:55:00,1,1,0.5707902908325195
cnn,pso,2,2601,2024-06-24 10:50:00,0,1,0.8403750061988831
cnn,pso,2,2602,2024-06-24 10:55:00,0,1,0.7872596383094788
cnn,pso,2,2603,2024-06-24 11:00:00,0,1,0.6433753371238708
cnn,pso,2,2604,2024-06-24 11:05:00,0,1,0.6089741587638855
cnn,pso,2,2605,2024-06-24 11:10:00,0,1,0.6452175974845886
cnn,pso,2,2606,2024-06-24 11:15:00,0,1,0.5721821188926697
cnn,pso,2,2607,2024-06-24 11:20:00,0,1,0.5686681270599365
cnn,pso,2,2608,2024-06-24 11:25:00,0,1,0.5250685214996338
cnn,pso,2,2609,2024-06-24 11:30:00,0,0,0.4317118227481842
cnn,pso,2,2610,2024-06-24 11:35:00,0,0,0.462797075510025
cnn,pso,2,2611,2024-06-24 11:40:00,0,0,0.49319419264793396
cnn,pso,2,2612,2024-06-24 11:45:00,0,0,0.43524444103240967
cnn,pso,2,2613,2024-06-24 11:50:00,0,0,0.47123363614082336
cnn,pso,2,2614,2024-06-24 11:55:00,0,1,0.5068316459655762
cnn,pso,2,2615,2024-06-24 12:00:00,0,1,0.5161487460136414
cnn,pso,2,2616,2024-06-24 12:05:00,0,1,0.5096689462661743
cnn,pso,2,2617,2024-06-24 12:10:00,0,0,0.4308174252510071
cnn,pso,2,2618,2024-06-24 12:15:00,0,0,0.3946172893047333
cnn,pso,2,2619,2024-06-24 12:20:00,0,0,0.35133135318756104
cnn,pso,2,2620,2024-06-24 12:25:00,0,0,0.3574998378753662
cnn,pso,2,2621,2024-06-24 12:30:00,0,0,0.3249214291572571
cnn,pso,2,2622,2024-06-24 12:35:00,0,0,0.3538844883441925
cnn,pso,2,2623,2024-06-24 12:40:00,0,0,0.4144987463951111
cnn,pso,2,2624,2024-06-24 12:45:00,1,0,0.39693158864974976
cnn,pso,2,2625,2024-06-24 12:50:00,1,0,0.441390722990036
cnn,pso,2,2626,2024-06-24 12:55:00,1,1,0.5258384943008423
cnn,pso,2,2627,2024-06-24 13:00:00,1,0,0.46539732813835144
cnn,pso,2,2628,2024-06-24 13:05:00,1,0,0.4964293837547302
cnn,pso,2,2629,2024-06-24 13:10:00,1,1,0.5824456214904785
cnn,pso,2,2630,2024-06-24 13:15:00,1,1,0.6050237417221069
cnn,pso,2,2631,2024-06-24 13:20:00,1,1,0.6448336243629456
cnn,pso,2,2632,2024-06-24 13:25:00,1,1,0.6246940493583679
cnn,pso,2,2633,2024-06-24 13:30:00,1,1,0.562126874923706
cnn,pso,2,2634,2024-06-24 13:35:00,1,1,0.5351482033729553
cnn,pso,2,2635,2024-06-24 13:40:00,1,0,0.49408677220344543
cnn,pso,2,2636,2024-06-24 13:45:00,1,1,0.5061562061309814
cnn,pso,2,2637,2024-06-24 13:50:00,1,0,0.4646824896335602
cnn,pso,2,2638,2024-06-24 13:55:00,1,0,0.4938434064388275
cnn,pso,2,2639,2024-06-24 14:00:00,1,1,0.5252401828765869
cnn,pso,2,2640,2024-06-24 14:05:00,1,0,0.47372597455978394
cnn,pso,2,2641,2024-06-24 14:10:00,1,0,0.4117908477783203
cnn,pso,2,2642,2024-06-24 14:15:00,1,0,0.40845856070518494
cnn,pso,2,2643,2024-06-24 14:20:00,1,0,0.45378658175468445
cnn,pso,2,2644,2024-06-24 14:25:00,1,1,0.5508331060409546
cnn,pso,2,2645,2024-06-24 14:30:00,1,1,0.5706230998039246
cnn,pso,2,2646,2024-06-24 14:35:00,0,1,0.6166437268257141
cnn,pso,2,2647,2024-06-24 14:40:00,0,1,0.5687357187271118
cnn,pso,2,2648,2024-06-24 14:45:00,0,1,0.5062378644943237
cnn,pso,2,2649,2024-06-24 14:50:00,0,0,0.4446991980075836
cnn,pso,2,2650,2024-06-24 14:55:00,0,0,0.4946879744529724
cnn,pso,2,2651,2024-06-24 15:00:00,0,0,0.4984593391418457
cnn,pso,2,2652,2024-06-24 15:05:00,0,1,0.5392254590988159
cnn,pso,2,2653,2024-06-24 15:10:00,0,1,0.5481672883033752
cnn,pso,2,2654,2024-06-24 15:15:00,0,1,0.5111473798751831
cnn,pso,2,2655,2024-06-24 15:20:00,0,0,0.4881330728530884
cnn,pso,2,2656,2024-06-24 15:25:00,0,0,0.44259998202323914
cnn,pso,2,2657,2024-06-24 15:30:00,1,0,0.3739190101623535
cnn,pso,2,2658,2024-06-24 15:35:00,1,0,0.41260552406311035
cnn,pso,2,2659,2024-06-24 15:40:00,1,0,0.4856427311897278
cnn,pso,2,2660,2024-06-24 15:45:00,1,1,0.5678045153617859
cnn,pso,2,2661,2024-06-24 15:50:00,1,0,0.47187182307243347
cnn,pso,2,2662,2024-06-24 15:55:00,1,0,0.43655869364738464
cnn,pso,2,2663,2024-06-24 16:00:00,1,0,0.43442070484161377
cnn,pso,2,2664,2024-06-24 16:05:00,1,0,0.4522742033004761
cnn,pso,2,2665,2024-06-24 16:10:00,1,0,0.4735833406448364
cnn,pso,2,2666,2024-06-24 16:15:00,1,0,0.49210667610168457
cnn,pso,2,2667,2024-06-24 16:20:00,1,1,0.5545430183410645
cnn,pso,2,2668,2024-06-24 16:25:00,1,0,0.4846941828727722
cnn,pso,2,2669,2024-06-24 16:30:00,1,1,0.5453901886940002
cnn,pso,2,2670,2024-06-24 16:35:00,1,1,0.6065989136695862
cnn,pso,2,2671,2024-06-24 16:40:00,1,1,0.631059467792511
cnn,pso,2,2672,2024-06-24 16:45:00,1,1,0.6451895833015442
cnn,pso,2,2673,2024-06-24 16:50:00,1,1,0.6316176056861877
cnn,pso,2,2674,2024-06-24 16:55:00,1,1,0.5391929745674133
cnn,pso,2,2675,2024-06-24 17:00:00,1,1,0.5133106708526611
cnn,pso,2,2676,2024-06-24 17:05:00,1,0,0.48904964327812195
cnn,pso,2,2677,2024-06-24 17:10:00,1,0,0.4395200312137604
cnn,pso,2,2678,2024-06-24 17:15:00,0,1,0.5007274150848389
cnn,pso,2,2679,2024-06-24 17:20:00,0,1,0.5049178600311279
cnn,pso,2,2680,2024-06-24 17:25:00,0,0,0.48533013463020325
cnn,pso,2,2681,2024-06-24 17:30:00,0,1,0.5246008634567261
cnn,pso,2,2682,2024-06-24 17:35:00,0,1,0.5648720860481262
cnn,pso,2,2683,2024-06-24 17:40:00,0,1,0.5955632328987122
cnn,pso,2,2684,2024-06-24 17:45:00,0,1,0.5652563571929932
cnn,pso,2,2685,2024-06-24 17:50:00,0,1,0.5906930565834045
cnn,pso,2,2686,2024-06-24 17:55:00,0,1,0.5661370754241943
cnn,pso,2,2687,2024-06-25 12:35:00,1,0,0.273810476064682
cnn,pso,2,2688,2024-06-25 12:40:00,1,0,0.2960125207901001
cnn,pso,2,2689,2024-06-25 12:45:00,1,0,0.3840067386627197
cnn,pso,2,2690,2024-06-25 12:50:00,1,0,0.4287503957748413
cnn,pso,2,2691,2024-06-25 12:55:00,1,0,0.4581233561038971
cnn,pso,2,2692,2024-06-25 13:00:00,1,1,0.5380131602287292
cnn,pso,2,2693,2024-06-25 13:05:00,1,0,0.49286386370658875
cnn,pso,2,2694,2024-06-25 13:10:00,1,0,0.4109528660774231
cnn,pso,2,2695,2024-06-25 13:15:00,1,0,0.4426563084125519
cnn,pso,2,2696,2024-06-25 13:20:00,1,1,0.5389864444732666
cnn,pso,2,2697,2024-06-25 13:25:00,1,1,0.5799300670623779
cnn,pso,2,2698,2024-06-25 13:30:00,1,1,0.5265510082244873
cnn,pso,2,2699,2024-06-25 13:35:00,1,1,0.577078104019165
cnn,pso,2,2700,2024-06-25 13:40:00,1,1,0.5799285173416138
cnn,pso,2,2701,2024-06-25 13:45:00,1,1,0.5910775661468506
cnn,pso,2,2702,2024-06-25 13:50:00,1,1,0.6300011277198792
cnn,pso,2,2703,2024-06-25 13:55:00,1,1,0.5926193594932556
cnn,pso,2,2704,2024-06-25 14:00:00,1,1,0.5748172402381897
cnn,pso,2,2705,2024-06-25 14:05:00,1,1,0.583359956741333
cnn,pso,2,2706,2024-06-25 14:10:00,1,1,0.6266354322433472
cnn,pso,2,2707,2024-06-25 14:15:00,1,1,0.5656927227973938
cnn,pso,2,2708,2024-06-25 14:20:00,1,0,0.43883153796195984
cnn,pso,2,2709,2024-06-25 14:25:00,1,1,0.5065521001815796
cnn,pso,2,2710,2024-06-25 14:30:00,1,1,0.583288848400116
cnn,pso,2,2711,2024-06-25 14:35:00,1,1,0.5428245663642883
cnn,pso,2,2712,2024-06-25 14:40:00,1,1,0.5819783806800842
cnn,pso,2,2713,2024-06-25 14:45:00,1,1,0.5870962142944336
cnn,pso,2,2714,2024-06-25 14:50:00,0,1,0.6797981858253479
cnn,pso,2,2715,2024-06-25 14:55:00,0,1,0.6767090559005737
cnn,pso,2,2716,2024-06-25 15:00:00,0,1,0.6392363905906677
cnn,pso,2,2717,2024-06-25 15:05:00,0,1,0.6175370216369629
cnn,pso,2,2718,2024-06-25 15:10:00,0,1,0.6250976324081421
cnn,pso,2,2719,2024-06-25 15:15:00,0,1,0.5705398321151733
cnn,pso,2,2720,2024-06-25 15:20:00,0,0,0.48616060614585876
cnn,pso,2,2721,2024-06-25 15:25:00,0,1,0.5100454688072205
cnn,pso,2,2722,2024-06-25 15:30:00,0,1,0.5067829489707947
cnn,pso,2,2723,2024-06-25 15:35:00,0,0,0.49436017870903015
cnn,pso,2,2724,2024-06-25 15:40:00,0,0,0.4871136248111725
cnn,pso,2,2725,2024-06-25 15:45:00,0,1,0.535551130771637
cnn,pso,2,2726,2024-06-25 15:50:00,0,0,0.4747961461544037
cnn,pso,2,2727,2024-06-25 15:55:00,0,0,0.4534000754356384
cnn,pso,2,2728,2024-06-25 16:00:00,0,0,0.47881394624710083
cnn,pso,2,2729,2024-06-25 16:05:00,0,0,0.4122484624385834
cnn,pso,2,2730,2024-06-25 16:10:00,0,0,0.431246280670166
cnn,pso,2,2731,2024-06-25 16:15:00,0,0,0.4654364585876465
cnn,pso,2,2732,2024-06-25 16:20:00,0,0,0.44223132729530334
cnn,pso,2,2733,2024-06-25 16:25:00,0,0,0.4837150573730469
cnn,pso,2,2734,2024-06-25 16:30:00,0,0,0.4602789580821991
cnn,pso,2,2735,2024-06-25 16:35:00,0,0,0.39618954062461853
cnn,pso,2,2736,2024-06-25 16:40:00,1,0,0.3613989055156708
cnn,pso,2,2737,2024-06-25 16:45:00,1,0,0.39036208391189575
cnn,pso,2,2738,2024-06-25 16:50:00,1,0,0.38929492235183716
cnn,pso,2,2739,2024-06-25 16:55:00,1,0,0.4249771535396576
cnn,pso,2,2740,2024-06-25 17:00:00,1,1,0.5023747086524963
cnn,pso,2,2741,2024-06-25 17:05:00,1,1,0.5750964283943176
cnn,pso,2,2742,2024-06-25 17:10:00,1,1,0.6322391033172607
cnn,pso,2,2743,2024-06-25 17:15:00,1,1,0.5833080410957336
cnn,pso,2,2744,2024-06-25 17:20:00,1,1,0.6344636678695679
cnn,pso,2,2745,2024-06-25 17:25:00,1,1,0.5941295027732849
cnn,pso,2,2746,2024-06-25 17:30:00,0,1,0.5824357867240906
cnn,pso,2,2747,2024-06-25 17:35:00,0,1,0.6111551523208618
cnn,pso,2,2748,2024-06-25 17:40:00,0,1,0.5672404170036316
cnn,pso,2,2749,2024-06-25 17:45:00,0,1,0.557080090045929
cnn,pso,2,2750,2024-06-25 17:50:00,0,1,0.5771812200546265
cnn,pso,2,2751,2024-06-25 17:55:00,0,1,0.569582462310791
cnn,pso,2,2752,2024-06-26 10:40:00,1,0,0.2531280517578125
cnn,pso,2,2753,2024-06-26 10:45:00,1,0,0.2594798505306244
cnn,pso,2,2754,2024-06-26 10:50:00,1,0,0.3494454324245453
cnn,pso,2,2755,2024-06-26 10:55:00,1,0,0.47869062423706055
cnn,pso,2,2756,2024-06-26 11:00:00,1,1,0.5991251468658447
cnn,pso,2,2757,2024-06-26 11:05:00,1,1,0.5426335334777832
cnn,pso,2,2758,2024-06-26 11:10:00,1,1,0.5413597226142883
cnn,pso,2,2759,2024-06-26 11:15:00,1,1,0.6917007565498352
cnn,pso,2,2760,2024-06-26 11:20:00,1,1,0.7220127582550049
cnn,pso,2,2761,2024-06-26 11:25:00,1,1,0.6017893552780151
cnn,pso,2,2762,2024-06-26 11:30:00,1,1,0.5068480968475342
cnn,pso,2,2763,2024-06-26 11:35:00,1,1,0.5428969860076904
cnn,pso,2,2764,2024-06-26 11:40:00,1,0,0.47391435503959656
cnn,pso,2,2765,2024-06-26 11:45:00,1,0,0.4719703197479248
cnn,pso,2,2766,2024-06-26 11:50:00,1,1,0.5312104225158691
cnn,pso,2,2767,2024-06-26 11:55:00,1,1,0.5019300580024719
cnn,pso,2,2768,2024-06-26 12:00:00,1,1,0.5523235201835632
cnn,pso,2,2769,2024-06-26 12:05:00,1,1,0.6066381335258484
cnn,pso,2,2770,2024-06-26 12:10:00,1,0,0.4437684416770935
cnn,pso,2,2771,2024-06-26 12:15:00,1,0,0.4155954420566559
cnn,pso,2,2772,2024-06-26 12:20:00,1,1,0.5092448592185974
cnn,pso,2,2773,2024-06-26 12:25:00,1,1,0.56137615442276
cnn,pso,2,2774,2024-06-26 12:30:00,1,1,0.5558339357376099
cnn,pso,2,2775,2024-06-26 12:35:00,1,1,0.6082292199134827
cnn,pso,2,2776,2024-06-26 12:40:00,1,1,0.6021372079849243
cnn,pso,2,2777,2024-06-26 12:45:00,1,1,0.6002371311187744
cnn,pso,2,2778,2024-06-26 12:50:00,1,1,0.6710227131843567
cnn,pso,2,2779,2024-06-26 12:55:00,1,1,0.725732684135437
cnn,pso,2,2780,2024-06-26 13:00:00,1,1,0.7509855628013611
cnn,pso,2,2781,2024-06-26 13:05:00,1,1,0.7938275337219238
cnn,pso,2,2782,2024-06-26 13:10:00,1,1,0.732110321521759
cnn,pso,2,2783,2024-06-26 13:15:00,1,1,0.7213764786720276
cnn,pso,2,2784,2024-06-26 13:20:00,1,1,0.7423833608627319
cnn,pso,2,2785,2024-06-26 13:25:00,1,1,0.705421507358551
cnn,pso,2,2786,2024-06-26 13:30:00,1,1,0.6676025390625
cnn,pso,2,2787,2024-06-26 13:35:00,1,1,0.6363327503204346
cnn,pso,2,2788,2024-06-26 13:40:00,1,1,0.6386292576789856
cnn,pso,2,2789,2024-06-26 13:45:00,1,1,0.6389561295509338
cnn,pso,2,2790,2024-06-26 13:50:00,1,1,0.6591233015060425
cnn,pso,2,2791,2024-06-26 13:55:00,1,1,0.6126099824905396
cnn,pso,2,2792,2024-06-26 14:00:00,1,1,0.6087865829467773
cnn,pso,2,2793,2024-06-26 14:05:00,1,1,0.5286206007003784
cnn,pso,2,2794,2024-06-26 14:10:00,1,0,0.4268869161605835
cnn,pso,2,2795,2024-06-26 14:15:00,1,0,0.4434066414833069
cnn,pso,2,2796,2024-06-26 14:20:00,1,1,0.5377453565597534
cnn,pso,2,2797,2024-06-26 14:25:00,1,1,0.5673300623893738
cnn,pso,2,2798,2024-06-26 14:30:00,1,1,0.6030921936035156
cnn,pso,2,2799,2024-06-26 14:35:00,1,1,0.5745797157287598
cnn,pso,2,2800,2024-06-26 14:40:00,1,1,0.5457488298416138
cnn,pso,2,2801,2024-06-26 14:45:00,1,1,0.5353440642356873
cnn,pso,2,2802,2024-06-26 14:50:00,1,0,0.49901703000068665
cnn,pso,2,2803,2024-06-26 14:55:00,1,1,0.5588676333427429
cnn,pso,2,2804,2024-06-26 15:00:00,1,1,0.6290081739425659
cnn,pso,2,2805,2024-06-26 15:05:00,1,1,0.6800925135612488
cnn,pso,2,2806,2024-06-26 15:10:00,0,1,0.7200577259063721
cnn,pso,2,2807,2024-06-26 15:15:00,0,1,0.6545364856719971
cnn,pso,2,2808,2024-06-26 15:20:00,0,1,0.6449441313743591
cnn,pso,2,2809,2024-06-26 15:25:00,0,1,0.5724661946296692
cnn,pso,2,2810,2024-06-26 15:30:00,0,1,0.522149384021759
cnn,pso,2,2811,2024-06-26 15:35:00,0,1,0.5149072408676147
cnn,pso,2,2812,2024-06-26 15:40:00,0,0,0.4688754677772522
cnn,pso,2,2813,2024-06-26 15:45:00,0,0,0.410713255405426
cnn,pso,2,2814,2024-06-26 15:50:00,0,0,0.31972789764404297
cnn,pso,2,2815,2024-06-26 15:55:00,0,0,0.2545151114463806
cnn,pso,2,2816,2024-06-26 16:00:00,0,0,0.27679893374443054
cnn,pso,2,2817,2024-06-26 16:05:00,0,0,0.2935180962085724
cnn,pso,2,2818,2024-06-26 16:10:00,1,0,0.30155786871910095
cnn,pso,2,2819,2024-06-26 16:15:00,1,0,0.40636566281318665
cnn,pso,2,2820,2024-06-26 16:20:00,1,1,0.521859347820282
cnn,pso,2,2821,2024-06-26 16:25:00,1,1,0.6035130620002747
cnn,pso,2,2822,2024-06-26 16:30:00,1,1,0.6412353515625
cnn,pso,2,2823,2024-06-26 16:35:00,1,1,0.6318620443344116
cnn,pso,2,2824,2024-06-26 16:40:00,1,1,0.6379529237747192
cnn,pso,2,2825,2024-06-26 16:45:00,1,1,0.6470734477043152
cnn,pso,2,2826,2024-06-26 16:50:00,0,1,0.7434144020080566
cnn,pso,2,2827,2024-06-26 16:55:00,0,1,0.7950001358985901
cnn,pso,2,2828,2024-06-26 17:00:00,0,1,0.7401639819145203
cnn,pso,2,2829,2024-06-26 17:05:00,0,1,0.7420378923416138
cnn,pso,2,2830,2024-06-26 17:10:00,0,1,0.6125090718269348
cnn,pso,2,2831,2024-06-26 17:15:00,0,1,0.5406458377838135
cnn,pso,2,2832,2024-06-26 17:20:00,0,1,0.5056024193763733
cnn,pso,2,2833,2024-06-26 17:25:00,0,1,0.5002732872962952
cnn,pso,2,2834,2024-06-26 17:30:00,1,0,0.4459497034549713
cnn,pso,2,2835,2024-06-26 17:35:00,1,0,0.4604461193084717
cnn,pso,2,2836,2024-06-26 17:40:00,1,1,0.5245082378387451
cnn,pso,2,2837,2024-06-26 17:45:00,1,1,0.5511857271194458
cnn,pso,2,2838,2024-06-26 17:50:00,1,1,0.5963775515556335
cnn,pso,2,2839,2024-06-26 17:55:00,1,1,0.628825843334198
cnn,pso,2,2840,2024-06-27 10:55:00,0,1,0.7009141445159912
cnn,pso,2,2841,2024-06-27 11:00:00,0,1,0.6742786765098572
cnn,pso,2,2842,2024-06-27 11:05:00,0,1,0.6018081903457642
cnn,pso,2,2843,2024-06-27 11:10:00,0,1,0.6201283931732178
cnn,pso,2,2844,2024-06-27 11:15:00,0,1,0.5211246609687805
cnn,pso,2,2845,2024-06-27 11:20:00,0,0,0.32903406023979187
cnn,pso,2,2846,2024-06-27 11:25:00,0,0,0.2700119614601135
cnn,pso,2,2847,2024-06-27 11:30:00,0,0,0.2815448045730591
cnn,pso,2,2848,2024-06-27 11:35:00,0,0,0.3639453053474426
cnn,pso,2,2849,2024-06-27 11:40:00,0,0,0.35598763823509216
cnn,pso,2,2850,2024-06-27 11:45:00,0,0,0.3457813858985901
cnn,pso,2,2851,2024-06-27 11:50:00,0,0,0.2708136737346649
cnn,pso,2,2852,2024-06-27 11:55:00,0,0,0.2050611972808838
cnn,pso,2,2853,2024-06-27 12:00:00,1,0,0.18003125488758087
cnn,pso,2,2854,2024-06-27 12:05:00,1,0,0.23680299520492554
cnn,pso,2,2855,2024-06-27 12:10:00,1,0,0.2759460508823395
cnn,pso,2,2856,2024-06-27 12:15:00,1,0,0.31173455715179443
cnn,pso,2,2857,2024-06-27 12:20:00,1,0,0.37300002574920654
cnn,pso,2,2858,2024-06-27 12:25:00,1,0,0.49621817469596863
cnn,pso,2,2859,2024-06-27 12:30:00,1,1,0.6170375347137451
cnn,pso,2,2860,2024-06-27 12:35:00,1,1,0.6986238360404968
cnn,pso,2,2861,2024-06-27 12:40:00,1,1,0.7474325895309448
cnn,pso,2,2862,2024-06-27 12:45:00,1,1,0.7478718757629395
cnn,pso,2,2863,2024-06-27 12:50:00,1,1,0.7262675166130066
cnn,pso,2,2864,2024-06-27 12:55:00,0,1,0.7303828597068787
cnn,pso,2,2865,2024-06-27 13:00:00,0,1,0.6497499346733093
cnn,pso,2,2866,2024-06-27 13:05:00,0,1,0.5553081035614014
cnn,pso,2,2867,2024-06-27 13:10:00,0,1,0.5235824584960938
cnn,pso,2,2868,2024-06-27 13:15:00,0,0,0.4776909351348877
cnn,pso,2,2869,2024-06-27 13:20:00,0,1,0.5173301696777344
cnn,pso,2,2870,2024-06-27 13:25:00,0,0,0.46351155638694763
cnn,pso,2,2871,2024-06-27 13:30:00,0,0,0.43904200196266174
cnn,pso,2,2872,2024-06-27 13:35:00,0,0,0.4241083860397339
cnn,pso,2,2873,2024-06-27 13:40:00,0,0,0.48611631989479065
cnn,pso,2,2874,2024-06-27 13:45:00,0,1,0.5752987265586853
cnn,pso,2,2875,2024-06-27 13:50:00,0,1,0.5557764768600464
cnn,pso,2,2876,2024-06-27 13:55:00,0,1,0.5395985245704651
cnn,pso,2,2877,2024-06-27 14:00:00,0,1,0.5340220928192139
cnn,pso,2,2878,2024-06-27 14:05:00,0,0,0.44732677936553955
cnn,pso,2,2879,2024-06-27 14:10:00,1,0,0.3505118191242218
cnn,pso,2,2880,2024-06-27 14:15:00,1,0,0.40397030115127563
cnn,pso,2,2881,2024-06-27 14:20:00,1,1,0.6134079694747925
cnn,pso,2,2882,2024-06-27 14:25:00,1,1,0.715522825717926
cnn,pso,2,2883,2024-06-27 14:30:00,1,1,0.6546105742454529
cnn,pso,2,2884,2024-06-27 14:35:00,1,1,0.6799227595329285
cnn,pso,2,2885,2024-06-27 14:40:00,1,1,0.6954453587532043
cnn,pso,2,2886,2024-06-27 14:45:00,1,1,0.7117902636528015
cnn,pso,2,2887,2024-06-27 14:50:00,1,1,0.7324115633964539
cnn,pso,2,2888,2024-06-27 14:55:00,1,1,0.7331253290176392
cnn,pso,2,2889,2024-06-27 15:00:00,1,1,0.6701524257659912
cnn,pso,2,2890,2024-06-27 15:05:00,1,1,0.5529564619064331
cnn,pso,2,2891,2024-06-27 15:10:00,1,1,0.5422438383102417
cnn,pso,2,2892,2024-06-27 15:15:00,1,1,0.5679991245269775
cnn,pso,2,2893,2024-06-27 15:20:00,1,1,0.565184473991394
cnn,pso,2,2894,2024-06-27 15:25:00,1,1,0.5542102456092834
cnn,pso,2,2895,2024-06-27 15:30:00,1,1,0.6112200021743774
cnn,pso,2,2896,2024-06-27 15:35:00,1,1,0.6573264598846436
cnn,pso,2,2897,2024-06-27 15:40:00,1,1,0.631664514541626
cnn,pso,2,2898,2024-06-27 15:45:00,1,1,0.6761229038238525
cnn,pso,2,2899,2024-06-27 15:50:00,1,1,0.7524951100349426
cnn,pso,2,2900,2024-06-27 15:55:00,1,1,0.7947811484336853
cnn,pso,2,2901,2024-06-27 16:00:00,1,1,0.7771271467208862
cnn,pso,2,2902,2024-06-27 16:05:00,1,1,0.7365553975105286
cnn,pso,2,2903,2024-06-27 16:10:00,1,1,0.7250699400901794
cnn,pso,2,2904,2024-06-27 16:15:00,1,1,0.6222875714302063
cnn,pso,2,2905,2024-06-27 16:20:00,1,1,0.5493482947349548
cnn,pso,2,2906,2024-06-27 16:25:00,1,1,0.532525897026062
cnn,pso,2,2907,2024-06-27 16:30:00,1,0,0.47162696719169617
cnn,pso,2,2908,2024-06-27 16:35:00,1,0,0.4612776041030884
cnn,pso,2,2909,2024-06-27 16:40:00,1,1,0.5430728793144226
cnn,pso,2,2910,2024-06-27 16:45:00,1,1,0.6174415349960327
cnn,pso,2,2911,2024-06-27 16:50:00,1,1,0.5955736041069031
cnn,pso,2,2912,2024-06-27 16:55:00,1,1,0.6139498949050903
cnn,pso,2,2913,2024-06-27 17:00:00,1,1,0.5983484983444214
cnn,pso,2,2914,2024-06-27 17:05:00,1,1,0.6406379342079163
cnn,pso,2,2915,2024-06-27 17:10:00,1,1,0.590126633644104
cnn,pso,2,2916,2024-06-27 17:15:00,1,1,0.5223038196563721
cnn,pso,2,2917,2024-06-27 17:20:00,1,1,0.521077036857605
cnn,pso,2,2918,2024-06-27 17:25:00,1,1,0.5503489375114441
cnn,pso,2,2919,2024-06-27 17:30:00,1,1,0.5451972484588623
cnn,pso,2,2920,2024-06-27 17:35:00,1,1,0.5153372883796692
cnn,pso,2,2921,2024-06-27 17:40:00,1,1,0.530971109867096
cnn,pso,2,2922,2024-06-27 17:45:00,1,1,0.5608845353126526
cnn,pso,2,2923,2024-06-27 17:50:00,1,1,0.597832977771759
cnn,pso,2,2924,2024-06-27 17:55:00,0,1,0.6460422277450562
cnn,pso,2,2925,2024-06-28 10:40:00,0,0,0.2552996277809143
cnn,pso,2,2926,2024-06-28 10:45:00,0,0,0.1730811893939972
cnn,pso,2,2927,2024-06-28 10:50:00,0,0,0.12569385766983032
cnn,pso,2,2928,2024-06-28 10:55:00,0,0,0.1136176735162735
cnn,pso,2,2929,2024-06-28 11:00:00,1,0,0.12795163691043854
cnn,pso,2,2930,2024-06-28 11:05:00,1,0,0.10199850797653198
cnn,pso,2,2931,2024-06-28 11:10:00,1,0,0.15103106200695038
cnn,pso,2,2932,2024-06-28 11:15:00,1,0,0.24621137976646423
cnn,pso,2,2933,2024-06-28 11:20:00,1,0,0.490785151720047
cnn,pso,2,2934,2024-06-28 11:25:00,1,1,0.6186733245849609
cnn,pso,2,2935,2024-06-28 11:30:00,1,1,0.7042320966720581
cnn,pso,2,2936,2024-06-28 11:35:00,1,1,0.7365521192550659
cnn,pso,2,2937,2024-06-28 11:40:00,1,1,0.7357859015464783
cnn,pso,2,2938,2024-06-28 11:45:00,1,1,0.7641879916191101
cnn,pso,2,2939,2024-06-28 11:50:00,1,1,0.7735458612442017
cnn,pso,2,2940,2024-06-28 11:55:00,1,1,0.8023490905761719
cnn,pso,2,2941,2024-06-28 12:00:00,1,1,0.7785613536834717
cnn,pso,2,2942,2024-06-28 12:05:00,1,1,0.7113292217254639
cnn,pso,2,2943,2024-06-28 12:10:00,1,1,0.6692012548446655
cnn,pso,2,2944,2024-06-28 12:15:00,1,1,0.6881095170974731
cnn,pso,2,2945,2024-06-28 12:20:00,1,1,0.6660640835762024
cnn,pso,2,2946,2024-06-28 12:25:00,1,1,0.5387186408042908
cnn,pso,2,2947,2024-06-28 12:30:00,1,1,0.530214250087738
cnn,pso,2,2948,2024-06-28 12:35:00,0,1,0.6176162958145142
cnn,pso,2,2949,2024-06-28 12:40:00,0,1,0.6235824227333069
cnn,pso,2,2950,2024-06-28 12:45:00,0,1,0.5463137030601501
cnn,pso,2,2951,2024-06-28 12:50:00,0,0,0.4986046254634857
cnn,pso,2,2952,2024-06-28 12:55:00,0,0,0.40252453088760376
cnn,pso,2,2953,2024-06-28 13:00:00,0,0,0.3350309431552887
cnn,pso,2,2954,2024-06-28 13:05:00,0,0,0.3004429340362549
cnn,pso,2,2955,2024-06-28 13:10:00,0,0,0.25124141573905945
cnn,pso,2,2956,2024-06-28 13:15:00,0,0,0.292975515127182
cnn,pso,2,2957,2024-06-28 13:20:00,0,0,0.33316871523857117
cnn,pso,2,2958,2024-06-28 13:25:00,0,0,0.3320034444332123
cnn,pso,2,2959,2024-06-28 13:30:00,0,0,0.3549578785896301
cnn,pso,2,2960,2024-06-28 13:35:00,1,0,0.3331020772457123
cnn,pso,2,2961,2024-06-28 13:40:00,1,0,0.4085577428340912
cnn,pso,2,2962,2024-06-28 13:45:00,1,0,0.4132760465145111
cnn,pso,2,2963,2024-06-28 13:50:00,1,0,0.38467976450920105
cnn,pso,2,2964,2024-06-28 13:55:00,1,0,0.49157553911209106
cnn,pso,2,2965,2024-06-28 14:00:00,1,1,0.5318774580955505
cnn,pso,2,2966,2024-06-28 14:05:00,1,1,0.5502786040306091
cnn,pso,2,2967,2024-06-28 14:10:00,1,1,0.5246283411979675
cnn,pso,2,2968,2024-06-28 14:15:00,1,1,0.5315385460853577
cnn,pso,2,2969,2024-06-28 14:20:00,1,1,0.5911908149719238
cnn,pso,2,2970,2024-06-28 14:25:00,1,1,0.6472482681274414
cnn,pso,2,2971,2024-06-28 14:30:00,1,1,0.6029788255691528
cnn,pso,2,2972,2024-06-28 14:35:00,1,1,0.6393923759460449
cnn,pso,2,2973,2024-06-28 14:40:00,1,1,0.6966444849967957
cnn,pso,2,2974,2024-06-28 14:45:00,0,1,0.7128530740737915
cnn,pso,2,2975,2024-06-28 14:50:00,0,1,0.6938663125038147
cnn,pso,2,2976,2024-06-28 14:55:00,0,1,0.5506404042243958
cnn,pso,2,2977,2024-06-28 15:00:00,0,0,0.4542117416858673
cnn,pso,2,2978,2024-06-28 15:05:00,0,0,0.4546707570552826
cnn,pso,2,2979,2024-06-28 15:10:00,0,0,0.44760602712631226
cnn,pso,2,2980,2024-06-28 15:15:00,0,0,0.48860323429107666
cnn,pso,2,2981,2024-06-28 15:20:00,0,0,0.4355655908584595
cnn,pso,2,2982,2024-06-28 15:25:00,0,0,0.4270293116569519
cnn,pso,2,2983,2024-06-28 15:30:00,0,0,0.3650016784667969
cnn,pso,2,2984,2024-06-28 15:35:00,0,0,0.28876441717147827
cnn,pso,2,2985,2024-06-28 15:40:00,0,0,0.24814023077487946
cnn,pso,2,2986,2024-06-28 15:45:00,0,0,0.29041022062301636
cnn,pso,2,2987,2024-06-28 15:50:00,0,0,0.3344479203224182
cnn,pso,2,2988,2024-06-28 15:55:00,0,0,0.4337861239910126
cnn,pso,2,2989,2024-06-28 16:00:00,0,0,0.41812217235565186
cnn,pso,2,2990,2024-06-28 16:05:00,0,0,0.3993441164493561
cnn,pso,2,2991,2024-06-28 16:10:00,0,0,0.3476993441581726
cnn,pso,2,2992,2024-06-28 16:15:00,1,0,0.33872392773628235
cnn,pso,2,2993,2024-06-28 16:20:00,1,0,0.41942301392555237
cnn,pso,2,2994,2024-06-28 16:25:00,1,1,0.5191020369529724
cnn,pso,2,2995,2024-06-28 16:30:00,1,1,0.5286301374435425
cnn,pso,2,2996,2024-06-28 16:35:00,1,1,0.5183752775192261
cnn,pso,2,2997,2024-06-28 16:40:00,1,1,0.5485655665397644
cnn,pso,2,2998,2024-06-28 16:45:00,1,1,0.5949611067771912
cnn,pso,2,2999,2024-06-28 16:50:00,1,1,0.6400721669197083
cnn,pso,2,3000,2024-06-28 16:55:00,0,1,0.6736648678779602
cnn,pso,2,3001,2024-06-28 17:00:00,0,1,0.6434141397476196
cnn,pso,2,3002,2024-06-28 17:05:00,0,1,0.5737584829330444
cnn,pso,2,3003,2024-06-28 17:10:00,0,1,0.5833886861801147
cnn,pso,2,3004,2024-06-28 17:15:00,0,1,0.5147021412849426
cnn,pso,2,3005,2024-06-28 17:20:00,0,0,0.4335551857948303
cnn,pso,2,3006,2024-06-28 17:25:00,0,0,0.4121477007865906
cnn,pso,2,3007,2024-06-28 17:30:00,0,0,0.46773529052734375
cnn,pso,2,3008,2024-06-28 17:35:00,0,0,0.4454886317253113
cnn,pso,2,3009,2024-06-28 17:40:00,0,0,0.46660032868385315
cnn,pso,2,3010,2024-06-28 17:45:00,0,1,0.543090283870697
cnn,pso,2,3011,2024-06-28 17:50:00,0,1,0.5556772351264954
cnn,pso,3,0,2024-05-20 15:25:00,1,0,0.39290109276771545
cnn,pso,3,1,2024-05-20 15:25:00,1,0,0.40977904200553894
cnn,pso,3,2,2024-05-20 15:30:00,1,0,0.4568907916545868
cnn,pso,3,3,2024-05-20 15:30:00,1,0,0.4636934697628021
cnn,pso,3,4,2024-05-20 15:35:00,1,1,0.5165485739707947
cnn,pso,3,5,2024-05-20 15:35:00,1,1,0.5324082970619202
cnn,pso,3,6,2024-05-20 15:40:00,1,0,0.4487868845462799
cnn,pso,3,7,2024-05-20 15:40:00,1,0,0.31747496128082275
cnn,pso,3,8,2024-05-20 15:45:00,1,0,0.4758489429950714
cnn,pso,3,9,2024-05-20 15:45:00,1,0,0.45380106568336487
cnn,pso,3,10,2024-05-20 15:50:00,1,0,0.45359450578689575
cnn,pso,3,11,2024-05-20 15:50:00,1,0,0.27797871828079224
cnn,pso,3,12,2024-05-20 15:55:00,1,0,0.43489766120910645
cnn,pso,3,13,2024-05-20 15:55:00,1,0,0.4509463608264923
cnn,pso,3,14,2024-05-20 16:00:00,1,1,0.5494040846824646
cnn,pso,3,15,2024-05-20 16:00:00,1,1,0.5301042199134827
cnn,pso,3,16,2024-05-20 16:05:00,1,1,0.5985000729560852
cnn,pso,3,17,2024-05-20 16:05:00,1,1,0.5739513635635376
cnn,pso,3,18,2024-05-20 16:10:00,1,1,0.5625234246253967
cnn,pso,3,19,2024-05-20 16:10:00,1,1,0.5647721290588379
cnn,pso,3,20,2024-05-20 16:15:00,1,1,0.5714061856269836
cnn,pso,3,21,2024-05-20 16:15:00,1,1,0.5785605907440186
cnn,pso,3,22,2024-05-20 16:20:00,1,1,0.5164704918861389
cnn,pso,3,23,2024-05-20 16:20:00,1,1,0.5110414624214172
cnn,pso,3,24,2024-05-20 16:25:00,1,0,0.44545432925224304
cnn,pso,3,25,2024-05-20 16:25:00,1,0,0.41982898116111755
cnn,pso,3,26,2024-05-20 16:30:00,1,0,0.4304995834827423
cnn,pso,3,27,2024-05-20 16:30:00,1,0,0.4246608316898346
cnn,pso,3,28,2024-05-20 16:35:00,1,0,0.41377443075180054
cnn,pso,3,29,2024-05-20 16:35:00,1,0,0.33772847056388855
cnn,pso,3,30,2024-05-20 16:40:00,1,0,0.44478288292884827
cnn,pso,3,31,2024-05-20 16:40:00,1,0,0.4412311911582947
cnn,pso,3,32,2024-05-20 16:45:00,1,1,0.5144465565681458
cnn,pso,3,33,2024-05-20 16:45:00,1,1,0.5429564118385315
cnn,pso,3,34,2024-05-20 16:50:00,1,1,0.5974317789077759
cnn,pso,3,35,2024-05-20 16:50:00,1,1,0.5914798974990845
cnn,pso,3,36,2024-05-20 16:55:00,0,1,0.6414073705673218
cnn,pso,3,37,2024-05-20 16:55:00,0,1,0.6489499807357788
cnn,pso,3,38,2024-05-20 17:00:00,0,1,0.7203435897827148
cnn,pso,3,39,2024-05-20 17:00:00,0,1,0.610654890537262
cnn,pso,3,40,2024-05-20 17:05:00,0,1,0.5126413106918335
cnn,pso,3,41,2024-05-20 17:05:00,0,1,0.5600636601448059
cnn,pso,3,42,2024-05-20 17:10:00,0,0,0.46610406041145325
cnn,pso,3,43,2024-05-20 17:10:00,0,0,0.20056836307048798
cnn,pso,3,44,2024-05-20 17:15:00,0,1,0.5280572772026062
cnn,pso,3,45,2024-05-20 17:15:00,0,1,0.5318807363510132
cnn,pso,3,46,2024-05-20 17:20:00,0,1,0.5489088296890259
cnn,pso,3,47,2024-05-20 17:20:00,0,1,0.5418401956558228
cnn,pso,3,48,2024-05-20 17:25:00,0,1,0.7266274690628052
cnn,pso,3,49,2024-05-20 17:25:00,0,1,0.5655049681663513
cnn,pso,3,50,2024-05-20 17:30:00,0,1,0.6524496674537659
cnn,pso,3,51,2024-05-20 17:30:00,0,1,0.6372000575065613
cnn,pso,3,52,2024-05-20 17:35:00,0,1,0.5433249473571777
cnn,pso,3,53,2024-05-20 17:35:00,0,1,0.5478467345237732
cnn,pso,3,54,2024-05-20 17:40:00,0,1,0.533506453037262
cnn,pso,3,55,2024-05-20 17:40:00,0,1,0.5686284899711609
cnn,pso,3,56,2024-05-20 17:45:00,0,1,0.539437472820282
cnn,pso,3,57,2024-05-20 17:45:00,0,1,0.5129954218864441
cnn,pso,3,58,2024-05-20 17:50:00,0,1,0.7539160251617432
cnn,pso,3,59,2024-05-20 17:50:00,0,1,0.5414112210273743
cnn,pso,3,60,2024-05-20 17:55:00,0,1,0.660156786441803
cnn,pso,3,61,2024-05-20 17:55:00,0,0,0.45937100052833557
cnn,pso,3,62,2024-05-21 13:30:00,1,0,0.3120547831058502
cnn,pso,3,63,2024-05-21 13:30:00,1,0,0.30892953276634216
cnn,pso,3,64,2024-05-21 13:35:00,1,0,0.34366047382354736
cnn,pso,3,65,2024-05-21 13:35:00,1,0,0.34527701139450073
cnn,pso,3,66,2024-05-21 13:40:00,1,0,0.45872578024864197
cnn,pso,3,67,2024-05-21 13:40:00,1,0,0.4469769299030304
cnn,pso,3,68,2024-05-21 13:45:00,1,1,0.6168388724327087
cnn,pso,3,69,2024-05-21 13:45:00,1,1,0.6414597630500793
cnn,pso,3,70,2024-05-21 13:50:00,1,1,0.522617518901825
cnn,pso,3,71,2024-05-21 13:50:00,1,0,0.4960559606552124
cnn,pso,3,72,2024-05-21 13:55:00,1,0,0.43768683075904846
cnn,pso,3,73,2024-05-21 13:55:00,1,0,0.41748327016830444
cnn,pso,3,74,2024-05-21 14:00:00,1,1,0.5617804527282715
cnn,pso,3,75,2024-05-21 14:00:00,1,1,0.5466650128364563
cnn,pso,3,76,2024-05-21 14:05:00,1,1,0.5499378442764282
cnn,pso,3,77,2024-05-21 14:05:00,1,1,0.562267541885376
cnn,pso,3,78,2024-05-21 14:10:00,1,0,0.446638822555542
cnn,pso,3,79,2024-05-21 14:10:00,1,0,0.4963923692703247
cnn,pso,3,80,2024-05-21 14:15:00,1,1,0.5195117592811584
cnn,pso,3,81,2024-05-21 14:15:00,1,1,0.560688853263855
cnn,pso,3,82,2024-05-21 14:20:00,1,1,0.6547410488128662
cnn,pso,3,83,2024-05-21 14:20:00,1,1,0.7001609802246094
cnn,pso,3,84,2024-05-21 14:25:00,1,1,0.8439034819602966
cnn,pso,3,85,2024-05-21 14:25:00,1,1,0.6584174036979675
cnn,pso,3,86,2024-05-21 14:30:00,1,1,0.6879309415817261
cnn,pso,3,87,2024-05-21 14:30:00,1,1,0.6384726166725159
cnn,pso,3,88,2024-05-21 14:35:00,1,1,0.5803025960922241
cnn,pso,3,89,2024-05-21 14:35:00,1,1,0.6042551398277283
cnn,pso,3,90,2024-05-21 14:40:00,1,1,0.5879685282707214
cnn,pso,3,91,2024-05-21 14:40:00,1,1,0.5920342803001404
cnn,pso,3,92,2024-05-21 14:45:00,1,1,0.6555531620979309
cnn,pso,3,93,2024-05-21 14:45:00,1,1,0.6192665696144104
cnn,pso,3,94,2024-05-21 14:50:00,1,1,0.6154859066009521
cnn,pso,3,95,2024-05-21 14:50:00,1,1,0.5967424511909485
cnn,pso,3,96,2024-05-21 14:55:00,1,1,0.7263668179512024
cnn,pso,3,97,2024-05-21 14:55:00,1,1,0.6621984243392944
cnn,pso,3,98,2024-05-21 15:00:00,1,1,0.6926245093345642
cnn,pso,3,99,2024-05-21 15:00:00,1,1,0.8893734812736511
cnn,pso,3,100,2024-05-21 15:05:00,0,1,0.7495962381362915
cnn,pso,3,101,2024-05-21 15:05:00,0,1,0.6745673418045044
cnn,pso,3,102,2024-05-21 15:10:00,0,1,0.6775686144828796
cnn,pso,3,103,2024-05-21 15:10:00,0,1,0.5569260716438293
cnn,pso,3,104,2024-05-21 15:15:00,0,0,0.44879505038261414
cnn,pso,3,105,2024-05-21 15:15:00,0,0,0.37858980894088745
cnn,pso,3,106,2024-05-21 15:20:00,0,0,0.42604196071624756
cnn,pso,3,107,2024-05-21 15:20:00,0,1,0.5057409405708313
cnn,pso,3,108,2024-05-21 15:25:00,0,0,0.474960595369339
cnn,pso,3,109,2024-05-21 15:25:00,0,0,0.3884570896625519
cnn,pso,3,110,2024-05-21 15:30:00,0,0,0.36551395058631897
cnn,pso,3,111,2024-05-21 15:30:00,0,0,0.18803207576274872
cnn,pso,3,112,2024-05-21 15:35:00,0,0,0.29225754737854004
cnn,pso,3,113,2024-05-21 15:35:00,0,0,0.3269466161727905
cnn,pso,3,114,2024-05-21 15:40:00,0,0,0.4003334641456604
cnn,pso,3,115,2024-05-21 15:40:00,0,0,0.3459714651107788
cnn,pso,3,116,2024-05-21 15:45:00,0,0,0.40193378925323486
cnn,pso,3,117,2024-05-21 15:50:00,0,1,0.5518553853034973
cnn,pso,3,118,2024-05-21 15:50:00,0,1,0.5618988871574402
cnn,pso,3,119,2024-05-21 15:55:00,0,1,0.5399183630943298
cnn,pso,3,120,2024-05-21 15:55:00,0,1,0.555109977722168
cnn,pso,3,121,2024-05-21 16:00:00,0,1,0.5998539328575134
cnn,pso,3,122,2024-05-21 16:00:00,0,1,0.5700262784957886
cnn,pso,3,123,2024-05-21 16:05:00,0,1,0.7122277021408081
cnn,pso,3,124,2024-05-21 16:05:00,0,1,0.6156079173088074
cnn,pso,3,125,2024-05-21 16:10:00,0,1,0.6290149092674255
cnn,pso,3,126,2024-05-21 16:10:00,0,1,0.5806159973144531
cnn,pso,3,127,2024-05-21 16:15:00,0,1,0.572275698184967
cnn,pso,3,128,2024-05-21 16:15:00,0,1,0.5872161984443665
cnn,pso,3,129,2024-05-21 16:20:00,0,1,0.5211181044578552
cnn,pso,3,130,2024-05-21 16:20:00,0,1,0.585719108581543
cnn,pso,3,131,2024-05-21 16:25:00,0,1,0.6463233232498169
cnn,pso,3,132,2024-05-21 16:25:00,0,1,0.5870148539543152
cnn,pso,3,133,2024-05-21 16:30:00,0,1,0.6533598303794861
cnn,pso,3,134,2024-05-21 16:30:00,0,1,0.591683566570282
cnn,pso,3,135,2024-05-21 16:35:00,0,1,0.5696006417274475
cnn,pso,3,136,2024-05-21 16:35:00,0,1,0.5654232501983643
cnn,pso,3,137,2024-05-21 16:40:00,0,1,0.5411285758018494
cnn,pso,3,138,2024-05-21 16:40:00,0,1,0.5180479288101196
cnn,pso,3,139,2024-05-21 16:45:00,0,0,0.4890156686306
cnn,pso,3,140,2024-05-21 16:45:00,0,1,0.5381417274475098
cnn,pso,3,141,2024-05-21 16:50:00,0,0,0.4444860816001892
cnn,pso,3,142,2024-05-21 16:50:00,0,0,0.4179675281047821
cnn,pso,3,143,2024-05-21 16:55:00,0,0,0.36189281940460205
cnn,pso,3,144,2024-05-21 16:55:00,0,0,0.3619486689567566
cnn,pso,3,145,2024-05-21 17:00:00,0,0,0.17987769842147827
cnn,pso,3,146,2024-05-21 17:00:00,0,0,0.2947096526622772
cnn,pso,3,147,2024-05-21 17:05:00,0,0,0.2548225522041321
cnn,pso,3,148,2024-05-21 17:05:00,0,0,0.2813364863395691
cnn,pso,3,149,2024-05-21 17:10:00,0,0,0.27413973212242126
cnn,pso,3,150,2024-05-21 17:10:00,0,0,0.25860822200775146
cnn,pso,3,151,2024-05-21 17:15:00,0,0,0.27824366092681885
cnn,pso,3,152,2024-05-21 17:15:00,0,0,0.26335063576698303
cnn,pso,3,153,2024-05-21 17:20:00,0,0,0.4295709431171417
cnn,pso,3,154,2024-05-21 17:20:00,0,0,0.41308289766311646
cnn,pso,3,155,2024-05-21 17:25:00,0,0,0.37888002395629883
cnn,pso,3,156,2024-05-21 17:25:00,0,0,0.4194432497024536
cnn,pso,3,157,2024-05-21 17:30:00,0,0,0.40265345573425293
cnn,pso,3,158,2024-05-21 17:30:00,0,0,0.3774782121181488
cnn,pso,3,159,2024-05-21 17:35:00,0,0,0.4523966312408447
cnn,pso,3,160,2024-05-21 17:40:00,0,0,0.4348488450050354
cnn,pso,3,161,2024-05-21 17:40:00,0,0,0.46537864208221436
cnn,pso,3,162,2024-05-21 17:45:00,0,0,0.48955869674682617
cnn,pso,3,163,2024-05-21 17:50:00,0,0,0.4239674508571625
cnn,pso,3,164,2024-05-21 17:50:00,0,0,0.38954389095306396
cnn,pso,3,165,2024-05-21 17:55:00,0,0,0.40583372116088867
cnn,pso,3,166,2024-05-21 17:55:00,0,0,0.4204167425632477
cnn,pso,3,167,2024-05-22 11:40:00,1,0,0.26445770263671875
cnn,pso,3,168,2024-05-22 11:45:00,1,0,0.3539591133594513
cnn,pso,3,169,2024-05-22 11:50:00,1,0,0.4806113541126251
cnn,pso,3,170,2024-05-22 11:55:00,1,1,0.5292605757713318
cnn,pso,3,171,2024-05-22 12:00:00,1,1,0.611701250076294
cnn,pso,3,172,2024-05-22 12:05:00,0,1,0.7259721159934998
cnn,pso,3,173,2024-05-22 12:10:00,0,1,0.7468925714492798
cnn,pso,3,174,2024-05-22 12:15:00,0,1,0.5541113018989563
cnn,pso,3,175,2024-05-22 12:20:00,0,0,0.42185962200164795
cnn,pso,3,176,2024-05-22 12:25:00,0,0,0.2987339496612549
cnn,pso,3,177,2024-05-22 12:30:00,0,0,0.3645019829273224
cnn,pso,3,178,2024-05-22 12:35:00,0,1,0.520517885684967
cnn,pso,3,179,2024-05-22 12:40:00,0,1,0.5052682757377625
cnn,pso,3,180,2024-05-22 12:45:00,0,0,0.3828407824039459
cnn,pso,3,181,2024-05-22 12:50:00,0,0,0.4612937271595001
cnn,pso,3,182,2024-05-22 12:55:00,0,1,0.5758320689201355
cnn,pso,3,183,2024-05-22 13:00:00,0,1,0.6784034371376038
cnn,pso,3,184,2024-05-22 13:05:00,0,1,0.5866134166717529
cnn,pso,3,185,2024-05-22 13:10:00,0,1,0.5238922238349915
cnn,pso,3,186,2024-05-22 13:15:00,0,0,0.473395973443985
cnn,pso,3,187,2024-05-22 13:20:00,0,0,0.4005296528339386
cnn,pso,3,188,2024-05-22 13:25:00,0,0,0.42092129588127136
cnn,pso,3,189,2024-05-22 13:30:00,0,0,0.4366194009780884
cnn,pso,3,190,2024-05-22 13:35:00,0,0,0.3394845128059387
cnn,pso,3,191,2024-05-22 13:40:00,0,0,0.3196084797382355
cnn,pso,3,192,2024-05-22 13:45:00,0,0,0.312086284160614
cnn,pso,3,193,2024-05-22 13:50:00,0,0,0.46193045377731323
cnn,pso,3,194,2024-05-22 13:55:00,0,0,0.3158641755580902
cnn,pso,3,195,2024-05-22 14:00:00,0,0,0.2935902178287506
cnn,pso,3,196,2024-05-22 14:05:00,0,0,0.3818194270133972
cnn,pso,3,197,2024-05-22 14:10:00,0,0,0.3903068006038666
cnn,pso,3,198,2024-05-22 14:15:00,0,0,0.4345950782299042
cnn,pso,3,199,2024-05-22 14:20:00,0,0,0.3755035996437073
cnn,pso,3,200,2024-05-22 14:25:00,0,0,0.39879104495048523
cnn,pso,3,201,2024-05-22 14:30:00,0,0,0.3441075384616852
cnn,pso,3,202,2024-05-22 14:35:00,0,0,0.3343386650085449
cnn,pso,3,203,2024-05-22 14:40:00,0,0,0.3229386508464813
cnn,pso,3,204,2024-05-22 14:45:00,0,0,0.4253767430782318
cnn,pso,3,205,2024-05-22 14:50:00,0,0,0.41762492060661316
cnn,pso,3,206,2024-05-22 14:55:00,0,0,0.4709397554397583
cnn,pso,3,207,2024-05-22 15:00:00,0,0,0.36843839287757874
cnn,pso,3,208,2024-05-22 15:05:00,0,0,0.35069167613983154
cnn,pso,3,209,2024-05-22 15:10:00,0,0,0.33705395460128784
cnn,pso,3,210,2024-05-22 15:15:00,0,0,0.3093400299549103
cnn,pso,3,211,2024-05-22 15:20:00,0,0,0.315786212682724
cnn,pso,3,212,2024-05-22 15:25:00,0,0,0.23463046550750732
cnn,pso,3,213,2024-05-22 15:30:00,0,0,0.23842784762382507
cnn,pso,3,214,2024-05-22 15:35:00,0,0,0.21833133697509766
cnn,pso,3,215,2024-05-22 15:40:00,0,0,0.3129444420337677
cnn,pso,3,216,2024-05-22 15:45:00,0,0,0.444130539894104
cnn,pso,3,217,2024-05-22 15:50:00,0,0,0.46858087182044983
cnn,pso,3,218,2024-05-22 15:55:00,0,0,0.4726470410823822
cnn,pso,3,219,2024-05-22 16:00:00,0,1,0.5455107092857361
cnn,pso,3,220,2024-05-22 16:05:00,0,1,0.5208869576454163
cnn,pso,3,221,2024-05-22 16:10:00,0,0,0.430499404668808
cnn,pso,3,222,2024-05-22 16:15:00,0,0,0.31333351135253906
cnn,pso,3,223,2024-05-22 16:20:00,0,0,0.23394371569156647
cnn,pso,3,224,2024-05-22 16:25:00,0,0,0.32755640149116516
cnn,pso,3,225,2024-05-22 16:30:00,0,0,0.3825382888317108
cnn,pso,3,226,2024-05-22 16:35:00,0,0,0.3675076961517334
cnn,pso,3,227,2024-05-22 16:40:00,0,0,0.3524380028247833
cnn,pso,3,228,2024-05-22 16:45:00,0,0,0.32205313444137573
cnn,pso,3,229,2024-05-22 16:50:00,0,0,0.38084903359413147
cnn,pso,3,230,2024-05-22 16:55:00,0,0,0.49743154644966125
cnn,pso,3,231,2024-05-22 17:00:00,0,0,0.46763554215431213
cnn,pso,3,232,2024-05-22 17:05:00,0,0,0.37730613350868225
cnn,pso,3,233,2024-05-22 17:10:00,0,0,0.33093154430389404
cnn,pso,3,234,2024-05-22 17:15:00,0,0,0.27813541889190674
cnn,pso,3,235,2024-05-22 17:20:00,0,0,0.4609462022781372
cnn,pso,3,236,2024-05-22 17:25:00,0,0,0.45275411009788513
cnn,pso,3,237,2024-05-22 17:30:00,0,0,0.3603722155094147
cnn,pso,3,238,2024-05-22 17:35:00,0,0,0.374783456325531
cnn,pso,3,239,2024-05-22 17:40:00,0,0,0.4071318805217743
cnn,pso,3,240,2024-05-22 17:45:00,0,0,0.39275923371315
cnn,pso,3,241,2024-05-22 17:50:00,0,0,0.43851473927497864
cnn,pso,3,242,2024-05-22 17:55:00,0,0,0.38104140758514404
cnn,pso,3,243,2024-05-23 11:15:00,1,0,0.16871686279773712
cnn,pso,3,244,2024-05-23 11:20:00,1,0,0.17949728667736053
cnn,pso,3,245,2024-05-23 11:25:00,1,0,0.21304991841316223
cnn,pso,3,246,2024-05-23 11:30:00,1,0,0.2761639952659607
cnn,pso,3,247,2024-05-23 11:35:00,1,0,0.3019481897354126
cnn,pso,3,248,2024-05-23 11:40:00,1,0,0.3192822337150574
cnn,pso,3,249,2024-05-23 11:45:00,1,0,0.41117435693740845
cnn,pso,3,250,2024-05-23 11:50:00,1,0,0.404938668012619
cnn,pso,3,251,2024-05-23 11:55:00,1,0,0.3505999445915222
cnn,pso,3,252,2024-05-23 12:00:00,1,1,0.5076614618301392
cnn,pso,3,253,2024-05-23 12:05:00,1,1,0.6280558705329895
cnn,pso,3,254,2024-05-23 12:10:00,1,1,0.5651461482048035
cnn,pso,3,255,2024-05-23 12:15:00,1,0,0.44752904772758484
cnn,pso,3,256,2024-05-23 12:20:00,1,0,0.49459561705589294
cnn,pso,3,257,2024-05-23 12:25:00,1,1,0.7667425870895386
cnn,pso,3,258,2024-05-23 12:30:00,1,1,0.6068399548530579
cnn,pso,3,259,2024-05-23 12:35:00,1,1,0.6138747334480286
cnn,pso,3,260,2024-05-23 12:40:00,1,1,0.5989279747009277
cnn,pso,3,261,2024-05-23 12:45:00,1,1,0.5038821697235107
cnn,pso,3,262,2024-05-23 12:50:00,1,1,0.5281264781951904
cnn,pso,3,263,2024-05-23 12:55:00,1,1,0.648700475692749
cnn,pso,3,264,2024-05-23 13:00:00,1,1,0.6164330840110779
cnn,pso,3,265,2024-05-23 13:05:00,1,1,0.5233498811721802
cnn,pso,3,266,2024-05-23 13:10:00,1,0,0.324626088142395
cnn,pso,3,267,2024-05-23 13:15:00,1,0,0.4275466501712799
cnn,pso,3,268,2024-05-23 13:20:00,1,1,0.522087812423706
cnn,pso,3,269,2024-05-23 13:25:00,0,1,0.5993145108222961
cnn,pso,3,270,2024-05-23 13:30:00,0,1,0.6030916571617126
cnn,pso,3,271,2024-05-23 13:35:00,0,1,0.502082884311676
cnn,pso,3,272,2024-05-23 13:40:00,0,0,0.4398901164531708
cnn,pso,3,273,2024-05-23 13:45:00,0,0,0.3688381016254425
cnn,pso,3,274,2024-05-23 13:50:00,0,0,0.42330828309059143
cnn,pso,3,275,2024-05-23 13:55:00,0,0,0.4209930896759033
cnn,pso,3,276,2024-05-23 14:00:00,0,0,0.47512707114219666
cnn,pso,3,277,2024-05-23 14:05:00,0,0,0.49367374181747437
cnn,pso,3,278,2024-05-23 14:10:00,0,1,0.5945403575897217
cnn,pso,3,279,2024-05-23 14:15:00,0,1,0.5430498123168945
cnn,pso,3,280,2024-05-23 14:20:00,0,1,0.5334879159927368
cnn,pso,3,281,2024-05-23 14:25:00,0,1,0.6203270554542542
cnn,pso,3,282,2024-05-23 14:30:00,0,1,0.627156674861908
cnn,pso,3,283,2024-05-23 14:35:00,0,0,0.46832162141799927
cnn,pso,3,284,2024-05-23 14:40:00,0,0,0.2936950922012329
cnn,pso,3,285,2024-05-23 14:45:00,0,0,0.3071883022785187
cnn,pso,3,286,2024-05-23 14:50:00,0,0,0.3132421672344208
cnn,pso,3,287,2024-05-23 14:55:00,0,0,0.23765651881694794
cnn,pso,3,288,2024-05-23 15:00:00,1,0,0.19735682010650635
cnn,pso,3,289,2024-05-23 15:00:00,1,0,0.19736899435520172
cnn,pso,3,290,2024-05-23 15:05:00,1,0,0.30120956897735596
cnn,pso,3,291,2024-05-23 15:05:00,1,0,0.3129257559776306
cnn,pso,3,292,2024-05-23 15:10:00,1,0,0.4031302034854889
cnn,pso,3,293,2024-05-23 15:10:00,1,0,0.3688448369503021
cnn,pso,3,294,2024-05-23 15:15:00,1,0,0.3813728988170624
cnn,pso,3,295,2024-05-23 15:15:00,1,0,0.3902367949485779
cnn,pso,3,296,2024-05-23 15:20:00,1,0,0.39539846777915955
cnn,pso,3,297,2024-05-23 15:20:00,1,0,0.3722683787345886
cnn,pso,3,298,2024-05-23 15:25:00,1,0,0.45386701822280884
cnn,pso,3,299,2024-05-23 15:25:00,1,0,0.44236600399017334
cnn,pso,3,300,2024-05-23 15:30:00,1,0,0.4655689299106598
cnn,pso,3,301,2024-05-23 15:30:00,1,0,0.49154403805732727
cnn,pso,3,302,2024-05-23 15:35:00,1,1,0.586782693862915
cnn,pso,3,303,2024-05-23 15:35:00,1,1,0.5672589540481567
cnn,pso,3,304,2024-05-23 15:40:00,1,1,0.5617132782936096
cnn,pso,3,305,2024-05-23 15:40:00,1,1,0.5891721844673157
cnn,pso,3,306,2024-05-23 15:45:00,1,0,0.48969462513923645
cnn,pso,3,307,2024-05-23 15:45:00,1,1,0.5029594302177429
cnn,pso,3,308,2024-05-23 15:50:00,1,0,0.4869711697101593
cnn,pso,3,309,2024-05-23 15:50:00,1,0,0.4614819288253784
cnn,pso,3,310,2024-05-23 15:55:00,1,0,0.4860832095146179
cnn,pso,3,311,2024-05-23 15:55:00,1,1,0.5037534832954407
cnn,pso,3,312,2024-05-23 16:00:00,1,1,0.5145097970962524
cnn,pso,3,313,2024-05-23 16:00:00,1,1,0.5252114534378052
cnn,pso,3,314,2024-05-23 16:05:00,1,1,0.5297160148620605
cnn,pso,3,315,2024-05-23 16:05:00,1,1,0.5174234509468079
cnn,pso,3,316,2024-05-23 16:10:00,1,1,0.5557794570922852
cnn,pso,3,317,2024-05-23 16:10:00,1,1,0.5514237880706787
cnn,pso,3,318,2024-05-23 16:15:00,1,1,0.6040250658988953
cnn,pso,3,319,2024-05-23 16:15:00,1,1,0.6029983162879944
cnn,pso,3,320,2024-05-23 16:20:00,1,1,0.6693745851516724
cnn,pso,3,321,2024-05-23 16:20:00,1,1,0.6148974895477295
cnn,pso,3,322,2024-05-23 16:25:00,1,1,0.5952838659286499
cnn,pso,3,323,2024-05-23 16:25:00,1,1,0.568207859992981
cnn,pso,3,324,2024-05-23 16:30:00,1,1,0.6108201146125793
cnn,pso,3,325,2024-05-23 16:30:00,1,1,0.562272846698761
cnn,pso,3,326,2024-05-23 16:35:00,1,1,0.5011696815490723
cnn,pso,3,327,2024-05-23 16:35:00,1,0,0.491279661655426
cnn,pso,3,328,2024-05-23 16:40:00,1,1,0.5641190409660339
cnn,pso,3,329,2024-05-23 16:40:00,1,1,0.5643369555473328
cnn,pso,3,330,2024-05-23 16:45:00,1,1,0.6459646224975586
cnn,pso,3,331,2024-05-23 16:45:00,1,1,0.6310800909996033
cnn,pso,3,332,2024-05-23 16:50:00,1,1,0.5224146246910095
cnn,pso,3,333,2024-05-23 16:50:00,1,1,0.5472285151481628
cnn,pso,3,334,2024-05-23 16:55:00,1,1,0.5275445580482483
cnn,pso,3,335,2024-05-23 16:55:00,1,1,0.5416338443756104
cnn,pso,3,336,2024-05-23 17:00:00,1,1,0.5936188697814941
cnn,pso,3,337,2024-05-23 17:00:00,1,1,0.6035037636756897
cnn,pso,3,338,2024-05-23 17:05:00,1,1,0.6161754131317139
cnn,pso,3,339,2024-05-23 17:05:00,1,1,0.7133125066757202
cnn,pso,3,340,2024-05-23 17:10:00,1,1,0.6785945892333984
cnn,pso,3,341,2024-05-23 17:10:00,1,1,0.6339996457099915
cnn,pso,3,342,2024-05-23 17:15:00,1,1,0.6930516958236694
cnn,pso,3,343,2024-05-23 17:15:00,1,1,0.6689646244049072
cnn,pso,3,344,2024-05-23 17:20:00,1,1,0.6332206130027771
cnn,pso,3,345,2024-05-23 17:20:00,1,1,0.6236248016357422
cnn,pso,3,346,2024-05-23 17:25:00,1,1,0.725320041179657
cnn,pso,3,347,2024-05-23 17:25:00,1,1,0.6691781878471375
cnn,pso,3,348,2024-05-23 17:30:00,1,1,0.6485386490821838
cnn,pso,3,349,2024-05-23 17:30:00,1,1,0.616039514541626
cnn,pso,3,350,2024-05-23 17:35:00,1,1,0.6938790082931519
cnn,pso,3,351,2024-05-23 17:35:00,1,1,0.6205850839614868
cnn,pso,3,352,2024-05-23 17:40:00,1,1,0.5523428320884705
cnn,pso,3,353,2024-05-23 17:40:00,1,1,0.5713462829589844
cnn,pso,3,354,2024-05-23 17:45:00,1,0,0.4915412664413452
cnn,pso,3,355,2024-05-23 17:45:00,1,1,0.5058948993682861
cnn,pso,3,356,2024-05-23 17:50:00,1,0,0.4540458917617798
cnn,pso,3,357,2024-05-23 17:50:00,1,0,0.4499827027320862
cnn,pso,3,358,2024-05-23 17:55:00,1,0,0.4171138405799866
cnn,pso,3,359,2024-05-23 17:55:00,1,0,0.3863566517829895
cnn,pso,3,360,2024-05-24 10:40:00,0,1,0.6750935912132263
cnn,pso,3,361,2024-05-24 10:40:00,0,1,0.6664344072341919
cnn,pso,3,362,2024-05-24 10:45:00,0,1,0.6769194602966309
cnn,pso,3,363,2024-05-24 10:45:00,0,1,0.6804404258728027
cnn,pso,3,364,2024-05-24 10:50:00,0,0,0.4463568925857544
cnn,pso,3,365,2024-05-24 10:50:00,0,0,0.4506576359272003
cnn,pso,3,366,2024-05-24 10:55:00,0,0,0.4208758473396301
cnn,pso,3,367,2024-05-24 10:55:00,0,0,0.4331085681915283
cnn,pso,3,368,2024-05-24 11:00:00,0,0,0.3670245409011841
cnn,pso,3,369,2024-05-24 11:00:00,0,0,0.39421090483665466
cnn,pso,3,370,2024-05-24 11:05:00,0,1,0.5152879953384399
cnn,pso,3,371,2024-05-24 11:05:00,0,1,0.5137107372283936
cnn,pso,3,372,2024-05-24 11:10:00,0,1,0.6509451866149902
cnn,pso,3,373,2024-05-24 11:10:00,0,1,0.6178743243217468
cnn,pso,3,374,2024-05-24 11:15:00,0,1,0.6393750309944153
cnn,pso,3,375,2024-05-24 11:15:00,0,1,0.5851355791091919
cnn,pso,3,376,2024-05-24 11:20:00,0,1,0.5621016025543213
cnn,pso,3,377,2024-05-24 11:20:00,1,1,0.6127910614013672
cnn,pso,3,378,2024-05-24 11:25:00,0,1,0.6398874521255493
cnn,pso,3,379,2024-05-24 11:25:00,0,1,0.6781830191612244
cnn,pso,3,380,2024-05-24 11:30:00,0,1,0.639831006526947
cnn,pso,3,381,2024-05-24 11:30:00,0,1,0.6178324818611145
cnn,pso,3,382,2024-05-24 11:35:00,0,0,0.4650963544845581
cnn,pso,3,383,2024-05-24 11:35:00,0,0,0.4637891352176666
cnn,pso,3,384,2024-05-24 11:40:00,0,0,0.3717409372329712
cnn,pso,3,385,2024-05-24 11:40:00,0,0,0.32962024211883545
cnn,pso,3,386,2024-05-24 11:45:00,0,0,0.41167640686035156
cnn,pso,3,387,2024-05-24 11:45:00,1,0,0.401035875082016
cnn,pso,3,388,2024-05-24 11:50:00,0,1,0.5911599397659302
cnn,pso,3,389,2024-05-24 11:50:00,0,1,0.5675098896026611
cnn,pso,3,390,2024-05-24 11:55:00,0,1,0.5238147377967834
cnn,pso,3,391,2024-05-24 11:55:00,0,1,0.5270264148712158
cnn,pso,3,392,2024-05-24 12:00:00,0,0,0.4605007469654083
cnn,pso,3,393,2024-05-24 12:00:00,0,0,0.4297653138637543
cnn,pso,3,394,2024-05-24 12:05:00,0,1,0.5211312770843506
cnn,pso,3,395,2024-05-24 12:05:00,0,0,0.4708704650402069
cnn,pso,3,396,2024-05-24 12:10:00,0,0,0.43843525648117065
cnn,pso,3,397,2024-05-24 12:10:00,0,0,0.3874778747558594
cnn,pso,3,398,2024-05-24 12:15:00,0,0,0.44274893403053284
cnn,pso,3,399,2024-05-24 12:15:00,0,0,0.4091993272304535
cnn,pso,3,400,2024-05-24 12:20:00,0,0,0.4341388940811157
cnn,pso,3,401,2024-05-24 12:20:00,0,0,0.37792590260505676
cnn,pso,3,402,2024-05-24 12:25:00,0,0,0.41850724816322327
cnn,pso,3,403,2024-05-24 12:25:00,0,0,0.29558253288269043
cnn,pso,3,404,2024-05-24 12:30:00,0,0,0.41451510787010193
cnn,pso,3,405,2024-05-24 12:30:00,0,0,0.446318119764328
cnn,pso,3,406,2024-05-24 12:35:00,0,0,0.3653721809387207
cnn,pso,3,407,2024-05-24 12:35:00,0,0,0.34697213768959045
cnn,pso,3,408,2024-05-24 12:40:00,0,0,0.2961404621601105
cnn,pso,3,409,2024-05-24 12:40:00,0,0,0.324405312538147
cnn,pso,3,410,2024-05-24 12:45:00,0,0,0.3102297782897949
cnn,pso,3,411,2024-05-24 12:45:00,0,0,0.27926942706108093
cnn,pso,3,412,2024-05-24 12:50:00,0,0,0.27203866839408875
cnn,pso,3,413,2024-05-24 12:50:00,0,0,0.32201334834098816
cnn,pso,3,414,2024-05-24 12:55:00,0,0,0.37673455476760864
cnn,pso,3,415,2024-05-24 12:55:00,0,0,0.3441188633441925
cnn,pso,3,416,2024-05-24 13:00:00,0,0,0.38689157366752625
cnn,pso,3,417,2024-05-24 13:00:00,0,0,0.3777092397212982
cnn,pso,3,418,2024-05-24 13:05:00,0,0,0.4454624354839325
cnn,pso,3,419,2024-05-24 13:05:00,0,0,0.4112863540649414
cnn,pso,3,420,2024-05-24 13:10:00,0,1,0.5600853562355042
cnn,pso,3,421,2024-05-24 13:10:00,0,1,0.5766246914863586
cnn,pso,3,422,2024-05-24 13:15:00,0,1,0.6651294231414795
cnn,pso,3,423,2024-05-24 13:15:00,0,1,0.6212680339813232
cnn,pso,3,424,2024-05-24 13:20:00,0,1,0.8729786276817322
cnn,pso,3,425,2024-05-24 13:20:00,0,1,0.6560123562812805
cnn,pso,3,426,2024-05-24 13:25:00,0,1,0.6104299426078796
cnn,pso,3,427,2024-05-24 13:25:00,0,1,0.6857759356498718
cnn,pso,3,428,2024-05-24 13:30:00,0,1,0.5210997462272644
cnn,pso,3,429,2024-05-24 13:30:00,0,1,0.5368341207504272
cnn,pso,3,430,2024-05-24 13:35:00,0,1,0.5100510120391846
cnn,pso,3,431,2024-05-24 13:35:00,0,1,0.5533234477043152
cnn,pso,3,432,2024-05-24 13:40:00,0,0,0.47095611691474915
cnn,pso,3,433,2024-05-24 13:40:00,0,1,0.5068321228027344
cnn,pso,3,434,2024-05-24 13:45:00,0,0,0.388407438993454
cnn,pso,3,435,2024-05-24 13:45:00,0,0,0.44561779499053955
cnn,pso,3,436,2024-05-24 13:50:00,0,0,0.38320642709732056
cnn,pso,3,437,2024-05-24 13:50:00,0,0,0.37955501675605774
cnn,pso,3,438,2024-05-24 13:55:00,0,0,0.3177783489227295
cnn,pso,3,439,2024-05-24 13:55:00,0,0,0.2978239059448242
cnn,pso,3,440,2024-05-24 14:00:00,0,0,0.22128574550151825
cnn,pso,3,441,2024-05-24 14:00:00,0,0,0.2951934039592743
cnn,pso,3,442,2024-05-24 14:05:00,0,0,0.27081459760665894
cnn,pso,3,443,2024-05-24 14:05:00,0,0,0.3240157961845398
cnn,pso,3,444,2024-05-24 14:10:00,0,0,0.36209025979042053
cnn,pso,3,445,2024-05-24 14:10:00,0,0,0.42808762192726135
cnn,pso,3,446,2024-05-24 14:15:00,0,0,0.4029383659362793
cnn,pso,3,447,2024-05-24 14:15:00,0,0,0.3993854820728302
cnn,pso,3,448,2024-05-24 14:20:00,0,0,0.3547928035259247
cnn,pso,3,449,2024-05-24 14:20:00,1,0,0.3304843306541443
cnn,pso,3,450,2024-05-24 14:25:00,0,0,0.3747665584087372
cnn,pso,3,451,2024-05-24 14:25:00,1,0,0.31163617968559265
cnn,pso,3,452,2024-05-24 14:30:00,0,0,0.39792266488075256
cnn,pso,3,453,2024-05-24 14:30:00,1,0,0.3631870150566101
cnn,pso,3,454,2024-05-24 14:35:00,1,0,0.49123379588127136
cnn,pso,3,455,2024-05-24 14:35:00,0,0,0.4975515604019165
cnn,pso,3,456,2024-05-24 14:40:00,0,1,0.5364845991134644
cnn,pso,3,457,2024-05-24 14:40:00,1,1,0.5447518229484558
cnn,pso,3,458,2024-05-24 14:45:00,0,1,0.5382979512214661
cnn,pso,3,459,2024-05-24 14:45:00,1,1,0.6554307341575623
cnn,pso,3,460,2024-05-24 14:50:00,0,1,0.5575977563858032
cnn,pso,3,461,2024-05-24 14:50:00,1,1,0.5650486946105957
cnn,pso,3,462,2024-05-24 14:55:00,0,1,0.5784608721733093
cnn,pso,3,463,2024-05-24 14:55:00,1,1,0.6245031952857971
cnn,pso,3,464,2024-05-24 15:00:00,0,1,0.5905829071998596
cnn,pso,3,465,2024-05-24 15:00:00,0,1,0.5429345965385437
cnn,pso,3,466,2024-05-24 15:05:00,0,0,0.3977070748806
cnn,pso,3,467,2024-05-24 15:05:00,0,0,0.39741337299346924
cnn,pso,3,468,2024-05-24 15:10:00,0,0,0.3257175087928772
cnn,pso,3,469,2024-05-24 15:10:00,0,0,0.35428959131240845
cnn,pso,3,470,2024-05-24 15:15:00,0,0,0.28884825110435486
cnn,pso,3,471,2024-05-24 15:15:00,0,0,0.32029223442077637
cnn,pso,3,472,2024-05-24 15:20:00,0,0,0.2613362967967987
cnn,pso,3,473,2024-05-24 15:20:00,0,0,0.28023460507392883
cnn,pso,3,474,2024-05-24 15:25:00,0,0,0.12378040701150894
cnn,pso,3,475,2024-05-24 15:25:00,0,0,0.2260584533214569
cnn,pso,3,476,2024-05-24 15:30:00,0,0,0.15872332453727722
cnn,pso,3,477,2024-05-24 15:30:00,0,0,0.25281020998954773
cnn,pso,3,478,2024-05-24 15:35:00,0,0,0.23585093021392822
cnn,pso,3,479,2024-05-24 15:35:00,0,0,0.2256881445646286
cnn,pso,3,480,2024-05-24 15:40:00,0,0,0.16895924508571625
cnn,pso,3,481,2024-05-24 15:40:00,0,0,0.1720777302980423
cnn,pso,3,482,2024-05-24 15:45:00,0,0,0.2350880652666092
cnn,pso,3,483,2024-05-24 15:45:00,0,0,0.24820105731487274
cnn,pso,3,484,2024-05-24 15:50:00,0,0,0.32561370730400085
cnn,pso,3,485,2024-05-24 15:50:00,0,0,0.24981744587421417
cnn,pso,3,486,2024-05-24 15:55:00,0,0,0.3100506067276001
cnn,pso,3,487,2024-05-24 15:55:00,0,0,0.324893593788147
cnn,pso,3,488,2024-05-24 16:00:00,0,0,0.31712186336517334
cnn,pso,3,489,2024-05-24 16:00:00,1,0,0.2887641191482544
cnn,pso,3,490,2024-05-24 16:05:00,1,0,0.1857473999261856
cnn,pso,3,491,2024-05-24 16:05:00,0,0,0.2725445032119751
cnn,pso,3,492,2024-05-24 16:10:00,0,0,0.36920246481895447
cnn,pso,3,493,2024-05-24 16:10:00,1,0,0.3101831376552582
cnn,pso,3,494,2024-05-24 16:15:00,1,0,0.3954663872718811
cnn,pso,3,495,2024-05-24 16:15:00,0,0,0.41256117820739746
cnn,pso,3,496,2024-05-24 16:20:00,0,0,0.44531211256980896
cnn,pso,3,497,2024-05-24 16:20:00,1,0,0.37810155749320984
cnn,pso,3,498,2024-05-24 16:25:00,0,1,0.5280474424362183
cnn,pso,3,499,2024-05-24 16:25:00,1,1,0.5203500986099243
cnn,pso,3,500,2024-05-24 16:30:00,0,1,0.578718364238739
cnn,pso,3,501,2024-05-24 16:30:00,1,1,0.6436468958854675
cnn,pso,3,502,2024-05-24 16:35:00,1,1,0.6363406777381897
cnn,pso,3,503,2024-05-24 16:35:00,0,1,0.6255255341529846
cnn,pso,3,504,2024-05-24 16:40:00,1,1,0.5977035760879517
cnn,pso,3,505,2024-05-24 16:40:00,0,1,0.601191520690918
cnn,pso,3,506,2024-05-24 16:45:00,1,1,0.5855381488800049
cnn,pso,3,507,2024-05-24 16:45:00,0,1,0.5638790130615234
cnn,pso,3,508,2024-05-24 16:50:00,0,1,0.5430367588996887
cnn,pso,3,509,2024-05-24 16:50:00,1,1,0.7527696490287781
cnn,pso,3,510,2024-05-24 16:55:00,0,0,0.4164907932281494
cnn,pso,3,511,2024-05-24 16:55:00,1,0,0.42542627453804016
cnn,pso,3,512,2024-05-24 17:00:00,0,0,0.37919577956199646
cnn,pso,3,513,2024-05-24 17:00:00,1,0,0.3462357521057129
cnn,pso,3,514,2024-05-24 17:05:00,1,0,0.3020824193954468
cnn,pso,3,515,2024-05-24 17:05:00,0,0,0.35457879304885864
cnn,pso,3,516,2024-05-24 17:10:00,1,0,0.31631770730018616
cnn,pso,3,517,2024-05-24 17:10:00,0,0,0.34312984347343445
cnn,pso,3,518,2024-05-24 17:15:00,1,0,0.17694582045078278
cnn,pso,3,519,2024-05-24 17:15:00,0,0,0.301133394241333
cnn,pso,3,520,2024-05-24 17:20:00,0,0,0.37088847160339355
cnn,pso,3,521,2024-05-24 17:20:00,1,0,0.33746886253356934
cnn,pso,3,522,2024-05-24 17:25:00,1,0,0.4183773398399353
cnn,pso,3,523,2024-05-24 17:25:00,0,0,0.44261613488197327
cnn,pso,3,524,2024-05-24 17:30:00,0,1,0.5121800303459167
cnn,pso,3,525,2024-05-24 17:30:00,1,0,0.49858352541923523
cnn,pso,3,526,2024-05-24 17:35:00,0,1,0.5189964175224304
cnn,pso,3,527,2024-05-24 17:35:00,1,1,0.6397219300270081
cnn,pso,3,528,2024-05-24 17:40:00,0,1,0.5019236207008362
cnn,pso,3,529,2024-05-24 17:40:00,1,1,0.52912437915802
cnn,pso,3,530,2024-05-24 17:45:00,0,0,0.4819631278514862
cnn,pso,3,531,2024-05-24 17:45:00,1,0,0.4682801067829132
cnn,pso,3,532,2024-05-24 17:50:00,1,0,0.42721042037010193
cnn,pso,3,533,2024-05-24 17:50:00,0,1,0.5097154974937439
cnn,pso,3,534,2024-05-24 17:55:00,0,0,0.38300803303718567
cnn,pso,3,535,2024-05-24 17:55:00,0,0,0.3668830096721649
cnn,pso,3,536,2024-05-27 10:40:00,0,0,0.3341338336467743
cnn,pso,3,537,2024-05-27 10:45:00,0,1,0.5846201181411743
cnn,pso,3,538,2024-05-27 10:50:00,0,0,0.4567151665687561
cnn,pso,3,539,2024-05-27 10:55:00,0,0,0.3469974100589752
cnn,pso,3,540,2024-05-27 11:00:00,0,0,0.42586085200309753
cnn,pso,3,541,2024-05-27 11:05:00,0,0,0.31048616766929626
cnn,pso,3,542,2024-05-27 11:10:00,0,0,0.2884708344936371
cnn,pso,3,543,2024-05-27 11:15:00,0,0,0.28875452280044556
cnn,pso,3,544,2024-05-27 11:20:00,0,0,0.4393956661224365
cnn,pso,3,545,2024-05-27 11:25:00,0,0,0.41131511330604553
cnn,pso,3,546,2024-05-27 11:30:00,1,0,0.3384377360343933
cnn,pso,3,547,2024-05-27 11:30:00,1,0,0.3588721752166748
cnn,pso,3,548,2024-05-27 11:35:00,1,0,0.34065213799476624
cnn,pso,3,549,2024-05-27 11:35:00,1,0,0.32948291301727295
cnn,pso,3,550,2024-05-27 11:40:00,1,0,0.48101019859313965
cnn,pso,3,551,2024-05-27 11:40:00,1,0,0.47272002696990967
cnn,pso,3,552,2024-05-27 11:45:00,1,1,0.5228241682052612
cnn,pso,3,553,2024-05-27 11:45:00,1,1,0.5232166051864624
cnn,pso,3,554,2024-05-27 11:50:00,1,0,0.49937689304351807
cnn,pso,3,555,2024-05-27 11:50:00,1,0,0.4865127205848694
cnn,pso,3,556,2024-05-27 11:55:00,1,1,0.5663226842880249
cnn,pso,3,557,2024-05-27 11:55:00,1,1,0.5653931498527527
cnn,pso,3,558,2024-05-27 12:00:00,1,0,0.4889323115348816
cnn,pso,3,559,2024-05-27 12:00:00,1,1,0.5169231295585632
cnn,pso,3,560,2024-05-27 12:05:00,1,1,0.6107318997383118
cnn,pso,3,561,2024-05-27 12:05:00,1,1,0.5916005969047546
cnn,pso,3,562,2024-05-27 12:10:00,1,1,0.6416814923286438
cnn,pso,3,563,2024-05-27 12:10:00,1,1,0.632311999797821
cnn,pso,3,564,2024-05-27 12:15:00,1,1,0.6516175866127014
cnn,pso,3,565,2024-05-27 12:15:00,1,1,0.6064740419387817
cnn,pso,3,566,2024-05-27 12:20:00,1,1,0.6883836984634399
cnn,pso,3,567,2024-05-27 12:20:00,1,1,0.6265766620635986
cnn,pso,3,568,2024-05-27 12:25:00,1,1,0.6045930981636047
cnn,pso,3,569,2024-05-27 12:30:00,1,1,0.7158231139183044
cnn,pso,3,570,2024-05-27 12:30:00,1,1,0.6185230016708374
cnn,pso,3,571,2024-05-27 12:35:00,1,1,0.6116166114807129
cnn,pso,3,572,2024-05-27 12:35:00,1,1,0.5891861319541931
cnn,pso,3,573,2024-05-27 12:40:00,1,1,0.6129005551338196
cnn,pso,3,574,2024-05-27 12:40:00,1,1,0.625850260257721
cnn,pso,3,575,2024-05-27 12:45:00,1,1,0.5638276934623718
cnn,pso,3,576,2024-05-27 12:45:00,1,1,0.5523461699485779
cnn,pso,3,577,2024-05-27 12:50:00,1,0,0.4843454957008362
cnn,pso,3,578,2024-05-27 12:50:00,1,0,0.383513480424881
cnn,pso,3,579,2024-05-27 12:55:00,1,1,0.5428854823112488
cnn,pso,3,580,2024-05-27 12:55:00,1,1,0.5475951433181763
cnn,pso,3,581,2024-05-27 13:00:00,1,1,0.5263416171073914
cnn,pso,3,582,2024-05-27 13:05:00,1,0,0.45169612765312195
cnn,pso,3,583,2024-05-27 13:05:00,1,0,0.46130114793777466
cnn,pso,3,584,2024-05-27 13:10:00,1,0,0.45163941383361816
cnn,pso,3,585,2024-05-27 13:10:00,1,0,0.4723304212093353
cnn,pso,3,586,2024-05-27 13:15:00,1,1,0.5546872615814209
cnn,pso,3,587,2024-05-27 13:15:00,1,1,0.5424531698226929
cnn,pso,3,588,2024-05-27 13:20:00,1,1,0.5186986923217773
cnn,pso,3,589,2024-05-27 13:20:00,1,1,0.5196962952613831
cnn,pso,3,590,2024-05-27 13:25:00,1,1,0.544661819934845
cnn,pso,3,591,2024-05-27 13:25:00,1,1,0.5655933022499084
cnn,pso,3,592,2024-05-27 13:30:00,1,1,0.553718090057373
cnn,pso,3,593,2024-05-27 13:35:00,1,1,0.5609459280967712
cnn,pso,3,594,2024-05-27 13:40:00,1,1,0.6114949584007263
cnn,pso,3,595,2024-05-27 13:40:00,1,1,0.5891283750534058
cnn,pso,3,596,2024-05-27 13:45:00,1,1,0.6336497664451599
cnn,pso,3,597,2024-05-27 13:45:00,1,1,0.6037404537200928
cnn,pso,3,598,2024-05-27 13:50:00,1,1,0.559143602848053
cnn,pso,3,599,2024-05-27 13:50:00,1,1,0.5594037175178528
cnn,pso,3,600,2024-05-27 13:55:00,1,1,0.5493291020393372
cnn,pso,3,601,2024-05-27 13:55:00,1,1,0.5628144145011902
cnn,pso,3,602,2024-05-27 14:00:00,1,1,0.5971657037734985
cnn,pso,3,603,2024-05-27 14:00:00,1,1,0.6018422842025757
cnn,pso,3,604,2024-05-27 14:05:00,1,1,0.7079117298126221
cnn,pso,3,605,2024-05-27 14:05:00,0,1,0.6498020887374878
cnn,pso,3,606,2024-05-27 14:10:00,0,1,0.6038248538970947
cnn,pso,3,607,2024-05-27 14:10:00,0,1,0.7169804573059082
cnn,pso,3,608,2024-05-27 14:15:00,0,1,0.5007442235946655
cnn,pso,3,609,2024-05-27 14:15:00,0,1,0.5208107829093933
cnn,pso,3,610,2024-05-27 14:20:00,0,0,0.38967588543891907
cnn,pso,3,611,2024-05-27 14:20:00,0,0,0.3974968492984772
cnn,pso,3,612,2024-05-27 14:25:00,0,0,0.3175657391548157
cnn,pso,3,613,2024-05-27 14:25:00,0,0,0.34597596526145935
cnn,pso,3,614,2024-05-27 14:30:00,0,0,0.29425472021102905
cnn,pso,3,615,2024-05-27 14:30:00,1,0,0.3181215524673462
cnn,pso,3,616,2024-05-27 14:35:00,0,0,0.16497358679771423
cnn,pso,3,617,2024-05-27 14:35:00,1,0,0.2913804352283478
cnn,pso,3,618,2024-05-27 14:40:00,1,0,0.3700532913208008
cnn,pso,3,619,2024-05-27 14:40:00,0,0,0.2637259364128113
cnn,pso,3,620,2024-05-27 14:45:00,0,1,0.5103776454925537
cnn,pso,3,621,2024-05-27 14:45:00,1,0,0.4997633695602417
cnn,pso,3,622,2024-05-27 14:50:00,0,0,0.4612671434879303
cnn,pso,3,623,2024-05-27 14:50:00,1,0,0.45531025528907776
cnn,pso,3,624,2024-05-27 14:55:00,0,0,0.4390154182910919
cnn,pso,3,625,2024-05-27 14:55:00,1,0,0.4540301263332367
cnn,pso,3,626,2024-05-27 15:00:00,1,1,0.5022136569023132
cnn,pso,3,627,2024-05-27 15:00:00,0,1,0.5374355912208557
cnn,pso,3,628,2024-05-27 15:05:00,0,1,0.5522042512893677
cnn,pso,3,629,2024-05-27 15:05:00,1,0,0.4789866507053375
cnn,pso,3,630,2024-05-27 15:10:00,1,0,0.4463390111923218
cnn,pso,3,631,2024-05-27 15:10:00,1,0,0.48303744196891785
cnn,pso,3,632,2024-05-27 15:15:00,1,1,0.506140410900116
cnn,pso,3,633,2024-05-27 15:15:00,1,1,0.5320065021514893
cnn,pso,3,634,2024-05-27 15:20:00,1,1,0.5755673050880432
cnn,pso,3,635,2024-05-27 15:20:00,1,1,0.5817925333976746
cnn,pso,3,636,2024-05-27 15:25:00,1,1,0.6507489085197449
cnn,pso,3,637,2024-05-27 15:25:00,1,1,0.8292478322982788
cnn,pso,3,638,2024-05-27 15:30:00,1,1,0.5940430760383606
cnn,pso,3,639,2024-05-27 15:30:00,1,1,0.6758270263671875
cnn,pso,3,640,2024-05-27 15:35:00,1,1,0.5303531289100647
cnn,pso,3,641,2024-05-27 15:35:00,1,1,0.5724217891693115
cnn,pso,3,642,2024-05-27 15:40:00,1,0,0.49731695652008057
cnn,pso,3,643,2024-05-27 15:40:00,1,0,0.46573406457901
cnn,pso,3,644,2024-05-27 15:45:00,1,0,0.4396941363811493
cnn,pso,3,645,2024-05-27 15:45:00,1,0,0.3943316638469696
cnn,pso,3,646,2024-05-27 15:50:00,1,0,0.4384669363498688
cnn,pso,3,647,2024-05-27 15:50:00,1,0,0.2961065173149109
cnn,pso,3,648,2024-05-27 15:55:00,1,0,0.43891891837120056
cnn,pso,3,649,2024-05-27 15:55:00,1,0,0.38762298226356506
cnn,pso,3,650,2024-05-27 16:00:00,1,1,0.5860823392868042
cnn,pso,3,651,2024-05-27 16:00:00,1,1,0.666379988193512
cnn,pso,3,652,2024-05-27 16:05:00,1,1,0.6547946333885193
cnn,pso,3,653,2024-05-27 16:05:00,1,1,0.6860992908477783
cnn,pso,3,654,2024-05-27 16:10:00,1,1,0.6189089417457581
cnn,pso,3,655,2024-05-27 16:10:00,1,1,0.6750445365905762
cnn,pso,3,656,2024-05-27 16:15:00,1,1,0.6955581307411194
cnn,pso,3,657,2024-05-27 16:15:00,1,1,0.6013566851615906
cnn,pso,3,658,2024-05-27 16:20:00,1,1,0.610432505607605
cnn,pso,3,659,2024-05-27 16:20:00,0,1,0.7093289494514465
cnn,pso,3,660,2024-05-27 16:25:00,1,1,0.5672891736030579
cnn,pso,3,661,2024-05-27 16:25:00,0,1,0.5998743772506714
cnn,pso,3,662,2024-05-27 16:30:00,0,1,0.5527203679084778
cnn,pso,3,663,2024-05-27 16:30:00,1,1,0.5754067301750183
cnn,pso,3,664,2024-05-27 16:35:00,0,1,0.5864286422729492
cnn,pso,3,665,2024-05-27 16:35:00,1,1,0.5648245215415955
cnn,pso,3,666,2024-05-27 16:40:00,0,1,0.5015336275100708
cnn,pso,3,667,2024-05-27 16:40:00,1,1,0.5194762945175171
cnn,pso,3,668,2024-05-27 16:45:00,1,1,0.5177215933799744
cnn,pso,3,669,2024-05-27 16:45:00,0,1,0.5671711564064026
cnn,pso,3,670,2024-05-27 16:50:00,1,1,0.5498573184013367
cnn,pso,3,671,2024-05-27 16:50:00,0,1,0.6036708950996399
cnn,pso,3,672,2024-05-27 16:55:00,0,1,0.5608475208282471
cnn,pso,3,673,2024-05-27 16:55:00,1,1,0.5546836853027344
cnn,pso,3,674,2024-05-27 17:00:00,0,1,0.6169722080230713
cnn,pso,3,675,2024-05-27 17:00:00,1,1,0.5518544316291809
cnn,pso,3,676,2024-05-27 17:05:00,0,0,0.48091942071914673
cnn,pso,3,677,2024-05-27 17:05:00,1,0,0.49887019395828247
cnn,pso,3,678,2024-05-27 17:10:00,1,0,0.44103047251701355
cnn,pso,3,679,2024-05-27 17:10:00,0,0,0.3329290449619293
cnn,pso,3,680,2024-05-27 17:15:00,1,1,0.5163559913635254
cnn,pso,3,681,2024-05-27 17:15:00,1,0,0.44408032298088074
cnn,pso,3,682,2024-05-27 17:20:00,1,0,0.47996482253074646
cnn,pso,3,683,2024-05-27 17:20:00,1,0,0.4811306893825531
cnn,pso,3,684,2024-05-27 17:25:00,1,1,0.542816698551178
cnn,pso,3,685,2024-05-27 17:25:00,1,0,0.475869357585907
cnn,pso,3,686,2024-05-27 17:30:00,1,1,0.5421123504638672
cnn,pso,3,687,2024-05-27 17:30:00,1,1,0.5854889154434204
cnn,pso,3,688,2024-05-27 17:35:00,1,1,0.5414266586303711
cnn,pso,3,689,2024-05-27 17:35:00,1,1,0.5449174046516418
cnn,pso,3,690,2024-05-27 17:40:00,1,1,0.5783646702766418
cnn,pso,3,691,2024-05-27 17:40:00,1,1,0.7423801422119141
cnn,pso,3,692,2024-05-27 17:45:00,1,1,0.5740354657173157
cnn,pso,3,693,2024-05-27 17:45:00,1,1,0.6012688875198364
cnn,pso,3,694,2024-05-27 17:50:00,1,1,0.5737038254737854
cnn,pso,3,695,2024-05-27 17:50:00,1,1,0.5642469525337219
cnn,pso,3,696,2024-05-27 17:55:00,1,0,0.4935937523841858
cnn,pso,3,697,2024-05-27 17:55:00,0,0,0.4851568937301636
cnn,pso,3,698,2024-05-28 10:40:00,0,0,0.14008542895317078
cnn,pso,3,699,2024-05-28 10:45:00,0,0,0.17258040606975555
cnn,pso,3,700,2024-05-28 10:50:00,0,0,0.1843794584274292
cnn,pso,3,701,2024-05-28 10:55:00,0,0,0.18203487992286682
cnn,pso,3,702,2024-05-28 11:00:00,0,0,0.2042260766029358
cnn,pso,3,703,2024-05-28 11:05:00,0,0,0.3093729019165039
cnn,pso,3,704,2024-05-28 11:10:00,0,0,0.2995223104953766
cnn,pso,3,705,2024-05-28 11:15:00,0,0,0.29461556673049927
cnn,pso,3,706,2024-05-28 11:20:00,0,0,0.36049702763557434
cnn,pso,3,707,2024-05-28 11:25:00,0,0,0.35558444261550903
cnn,pso,3,708,2024-05-28 11:30:00,0,0,0.3057144284248352
cnn,pso,3,709,2024-05-28 11:35:00,1,0,0.2624600827693939
cnn,pso,3,710,2024-05-28 11:40:00,1,0,0.3645906448364258
cnn,pso,3,711,2024-05-28 11:45:00,1,0,0.4777891933917999
cnn,pso,3,712,2024-05-28 11:50:00,1,1,0.5126202702522278
cnn,pso,3,713,2024-05-28 11:55:00,1,0,0.42871299386024475
cnn,pso,3,714,2024-05-28 12:00:00,1,0,0.39207133650779724
cnn,pso,3,715,2024-05-28 12:05:00,1,0,0.3815920948982239
cnn,pso,3,716,2024-05-28 12:10:00,1,0,0.4757705330848694
cnn,pso,3,717,2024-05-28 12:15:00,1,1,0.5034553408622742
cnn,pso,3,718,2024-05-28 12:20:00,1,1,0.6384081244468689
cnn,pso,3,719,2024-05-28 12:25:00,1,1,0.6466476321220398
cnn,pso,3,720,2024-05-28 12:30:00,1,1,0.5955216288566589
cnn,pso,3,721,2024-05-28 12:35:00,1,1,0.5937510132789612
cnn,pso,3,722,2024-05-28 12:40:00,1,1,0.5821419954299927
cnn,pso,3,723,2024-05-28 12:45:00,1,1,0.5943235158920288
cnn,pso,3,724,2024-05-28 12:50:00,1,1,0.6005996465682983
cnn,pso,3,725,2024-05-28 12:55:00,1,1,0.6198196411132812
cnn,pso,3,726,2024-05-28 13:00:00,0,1,0.6543269753456116
cnn,pso,3,727,2024-05-28 13:00:00,0,1,0.6337081789970398
cnn,pso,3,728,2024-05-28 13:05:00,0,1,0.5433429479598999
cnn,pso,3,729,2024-05-28 13:05:00,0,1,0.5491703152656555
cnn,pso,3,730,2024-05-28 13:10:00,0,0,0.4945002794265747
cnn,pso,3,731,2024-05-28 13:10:00,0,1,0.5021655559539795
cnn,pso,3,732,2024-05-28 13:15:00,0,0,0.3400043547153473
cnn,pso,3,733,2024-05-28 13:15:00,0,0,0.3608422875404358
cnn,pso,3,734,2024-05-28 13:20:00,0,0,0.27513763308525085
cnn,pso,3,735,2024-05-28 13:20:00,0,0,0.25495392084121704
cnn,pso,3,736,2024-05-28 13:25:00,0,0,0.280748188495636
cnn,pso,3,737,2024-05-28 13:25:00,0,0,0.23744826018810272
cnn,pso,3,738,2024-05-28 13:30:00,0,0,0.36020803451538086
cnn,pso,3,739,2024-05-28 13:30:00,0,0,0.3080117404460907
cnn,pso,3,740,2024-05-28 13:35:00,0,0,0.38719674944877625
cnn,pso,3,741,2024-05-28 13:35:00,0,0,0.35755592584609985
cnn,pso,3,742,2024-05-28 13:40:00,0,0,0.30274343490600586
cnn,pso,3,743,2024-05-28 13:40:00,0,0,0.39710327982902527
cnn,pso,3,744,2024-05-28 13:45:00,0,0,0.3777998983860016
cnn,pso,3,745,2024-05-28 13:45:00,0,0,0.36564308404922485
cnn,pso,3,746,2024-05-28 13:50:00,0,0,0.25548189878463745
cnn,pso,3,747,2024-05-28 13:50:00,0,0,0.25690096616744995
cnn,pso,3,748,2024-05-28 13:55:00,0,0,0.16354133188724518
cnn,pso,3,749,2024-05-28 13:55:00,0,0,0.16167773306369781
cnn,pso,3,750,2024-05-28 14:00:00,0,0,0.1493770331144333
cnn,pso,3,751,2024-05-28 14:00:00,0,0,0.1510857790708542
cnn,pso,3,752,2024-05-28 14:05:00,0,0,0.19480076432228088
cnn,pso,3,753,2024-05-28 14:05:00,0,0,0.1921451985836029
cnn,pso,3,754,2024-05-28 14:10:00,0,0,0.24356837570667267
cnn,pso,3,755,2024-05-28 14:10:00,0,0,0.23394492268562317
cnn,pso,3,756,2024-05-28 14:15:00,0,0,0.2891550064086914
cnn,pso,3,757,2024-05-28 14:15:00,0,0,0.29910147190093994
cnn,pso,3,758,2024-05-28 14:20:00,0,0,0.37348049879074097
cnn,pso,3,759,2024-05-28 14:20:00,0,0,0.37223368883132935
cnn,pso,3,760,2024-05-28 14:25:00,0,0,0.48760032653808594
cnn,pso,3,761,2024-05-28 14:25:00,0,0,0.46288278698921204
cnn,pso,3,762,2024-05-28 14:30:00,0,0,0.4845886826515198
cnn,pso,3,763,2024-05-28 14:30:00,0,0,0.4797559082508087
cnn,pso,3,764,2024-05-28 14:35:00,0,1,0.5015074014663696
cnn,pso,3,765,2024-05-28 14:35:00,0,0,0.4833182096481323
cnn,pso,3,766,2024-05-28 14:40:00,0,0,0.39932137727737427
cnn,pso,3,767,2024-05-28 14:40:00,0,0,0.3933573365211487
cnn,pso,3,768,2024-05-28 14:45:00,0,0,0.29088565707206726
cnn,pso,3,769,2024-05-28 14:45:00,0,0,0.2918664515018463
cnn,pso,3,770,2024-05-28 14:50:00,0,0,0.22073955833911896
cnn,pso,3,771,2024-05-28 14:50:00,0,0,0.224676251411438
cnn,pso,3,772,2024-05-28 14:55:00,0,0,0.16251184046268463
cnn,pso,3,773,2024-05-28 14:55:00,0,0,0.17262409627437592
cnn,pso,3,774,2024-05-28 15:00:00,0,0,0.21234548091888428
cnn,pso,3,775,2024-05-28 15:00:00,0,0,0.21523652970790863
cnn,pso,3,776,2024-05-28 15:05:00,0,0,0.3249416947364807
cnn,pso,3,777,2024-05-28 15:05:00,0,0,0.32771754264831543
cnn,pso,3,778,2024-05-28 15:10:00,0,0,0.3597280979156494
cnn,pso,3,779,2024-05-28 15:10:00,0,0,0.3515293002128601
cnn,pso,3,780,2024-05-28 15:15:00,0,0,0.2950582802295685
cnn,pso,3,781,2024-05-28 15:15:00,0,0,0.2934032380580902
cnn,pso,3,782,2024-05-28 15:20:00,0,0,0.26764431595802307
cnn,pso,3,783,2024-05-28 15:20:00,0,0,0.27053844928741455
cnn,pso,3,784,2024-05-28 15:25:00,0,0,0.2824816405773163
cnn,pso,3,785,2024-05-28 15:25:00,0,0,0.2916642427444458
cnn,pso,3,786,2024-05-28 15:30:00,0,0,0.2401934117078781
cnn,pso,3,787,2024-05-28 15:30:00,0,0,0.23695915937423706
cnn,pso,3,788,2024-05-28 15:35:00,0,0,0.22586055099964142
cnn,pso,3,789,2024-05-28 15:35:00,0,0,0.22323118150234222
cnn,pso,3,790,2024-05-28 15:40:00,0,0,0.20449653267860413
cnn,pso,3,791,2024-05-28 15:40:00,0,0,0.2231529802083969
cnn,pso,3,792,2024-05-28 15:45:00,0,0,0.26367905735969543
cnn,pso,3,793,2024-05-28 15:45:00,0,0,0.21450971066951752
cnn,pso,3,794,2024-05-28 15:50:00,0,0,0.3260866701602936
cnn,pso,3,795,2024-05-28 15:50:00,0,0,0.3085044324398041
cnn,pso,3,796,2024-05-28 15:55:00,0,0,0.4521348476409912
cnn,pso,3,797,2024-05-28 15:55:00,0,0,0.4328754246234894
cnn,pso,3,798,2024-05-28 16:00:00,0,0,0.4033370912075043
cnn,pso,3,799,2024-05-28 16:00:00,0,0,0.42460060119628906
cnn,pso,3,800,2024-05-28 16:05:00,0,0,0.3929460942745209
cnn,pso,3,801,2024-05-28 16:05:00,0,0,0.3652438521385193
cnn,pso,3,802,2024-05-28 16:10:00,1,0,0.3303075432777405
cnn,pso,3,803,2024-05-28 16:10:00,1,0,0.32252344489097595
cnn,pso,3,804,2024-05-28 16:15:00,1,0,0.34475186467170715
cnn,pso,3,805,2024-05-28 16:15:00,1,0,0.3283810317516327
cnn,pso,3,806,2024-05-28 16:20:00,1,0,0.39924800395965576
cnn,pso,3,807,2024-05-28 16:20:00,1,0,0.3728109300136566
cnn,pso,3,808,2024-05-28 16:25:00,1,0,0.4687400758266449
cnn,pso,3,809,2024-05-28 16:25:00,1,0,0.4461975693702698
cnn,pso,3,810,2024-05-28 16:30:00,1,1,0.5126715302467346
cnn,pso,3,811,2024-05-28 16:30:00,1,1,0.5140891671180725
cnn,pso,3,812,2024-05-28 16:35:00,1,1,0.5904941558837891
cnn,pso,3,813,2024-05-28 16:35:00,1,1,0.5795616507530212
cnn,pso,3,814,2024-05-28 16:40:00,1,0,0.4865696132183075
cnn,pso,3,815,2024-05-28 16:40:00,1,1,0.5089862942695618
cnn,pso,3,816,2024-05-28 16:45:00,1,1,0.5894805192947388
cnn,pso,3,817,2024-05-28 16:45:00,1,1,0.5687378644943237
cnn,pso,3,818,2024-05-28 16:50:00,1,1,0.6344820857048035
cnn,pso,3,819,2024-05-28 16:50:00,0,1,0.6822158694267273
cnn,pso,3,820,2024-05-28 16:55:00,0,1,0.6646373271942139
cnn,pso,3,821,2024-05-28 16:55:00,0,1,0.6500467658042908
cnn,pso,3,822,2024-05-28 17:00:00,0,1,0.6075121164321899
cnn,pso,3,823,2024-05-28 17:00:00,0,1,0.614661693572998
cnn,pso,3,824,2024-05-28 17:05:00,0,1,0.5233010053634644
cnn,pso,3,825,2024-05-28 17:05:00,0,1,0.5083588361740112
cnn,pso,3,826,2024-05-28 17:10:00,0,0,0.4390302002429962
cnn,pso,3,827,2024-05-28 17:10:00,0,0,0.42678549885749817
cnn,pso,3,828,2024-05-28 17:15:00,0,0,0.481057733297348
cnn,pso,3,829,2024-05-28 17:15:00,0,0,0.45803114771842957
cnn,pso,3,830,2024-05-28 17:20:00,0,0,0.39293575286865234
cnn,pso,3,831,2024-05-28 17:20:00,0,0,0.4569211006164551
cnn,pso,3,832,2024-05-28 17:25:00,0,0,0.41014713048934937
cnn,pso,3,833,2024-05-28 17:25:00,0,0,0.3814848065376282
cnn,pso,3,834,2024-05-28 17:30:00,0,0,0.38146141171455383
cnn,pso,3,835,2024-05-28 17:30:00,0,0,0.31370851397514343
cnn,pso,3,836,2024-05-28 17:35:00,0,0,0.34903684258461
cnn,pso,3,837,2024-05-28 17:35:00,0,0,0.3413238227367401
cnn,pso,3,838,2024-05-28 17:40:00,0,0,0.2613162398338318
cnn,pso,3,839,2024-05-28 17:40:00,0,0,0.203579381108284
cnn,pso,3,840,2024-05-28 17:45:00,0,0,0.39944711327552795
cnn,pso,3,841,2024-05-28 17:45:00,0,0,0.3770613670349121
cnn,pso,3,842,2024-05-28 17:50:00,0,0,0.3786375820636749
cnn,pso,3,843,2024-05-28 17:50:00,0,0,0.31933873891830444
cnn,pso,3,844,2024-05-28 17:55:00,1,0,0.3045770823955536
cnn,pso,3,845,2024-05-28 17:55:00,1,0,0.3712591230869293
cnn,pso,3,846,2024-05-29 10:40:00,1,0,0.3392067849636078
cnn,pso,3,847,2024-05-29 10:40:00,1,0,0.3565797209739685
cnn,pso,3,848,2024-05-29 10:45:00,1,0,0.4659985601902008
cnn,pso,3,849,2024-05-29 10:45:00,1,0,0.472413569688797
cnn,pso,3,850,2024-05-29 10:50:00,1,1,0.5283159613609314
cnn,pso,3,851,2024-05-29 10:50:00,1,1,0.5282909870147705
cnn,pso,3,852,2024-05-29 10:55:00,1,1,0.6416332125663757
cnn,pso,3,853,2024-05-29 10:55:00,1,1,0.6426793336868286
cnn,pso,3,854,2024-05-29 11:00:00,1,1,0.6879839897155762
cnn,pso,3,855,2024-05-29 11:00:00,1,1,0.6937993168830872
cnn,pso,3,856,2024-05-29 11:05:00,1,1,0.7387234568595886
cnn,pso,3,857,2024-05-29 11:05:00,1,1,0.7331016659736633
cnn,pso,3,858,2024-05-29 11:10:00,1,1,0.7136743068695068
cnn,pso,3,859,2024-05-29 11:10:00,1,1,0.6999027729034424
cnn,pso,3,860,2024-05-29 11:15:00,1,1,0.6494167447090149
cnn,pso,3,861,2024-05-29 11:15:00,1,1,0.6383917331695557
cnn,pso,3,862,2024-05-29 11:20:00,1,1,0.5926757454872131
cnn,pso,3,863,2024-05-29 11:20:00,1,1,0.5848867893218994
cnn,pso,3,864,2024-05-29 11:25:00,1,1,0.6385381817817688
cnn,pso,3,865,2024-05-29 11:25:00,1,1,0.6575049757957458
cnn,pso,3,866,2024-05-29 11:30:00,1,1,0.5803098678588867
cnn,pso,3,867,2024-05-29 11:30:00,1,1,0.5902372598648071
cnn,pso,3,868,2024-05-29 11:35:00,1,1,0.6442826390266418
cnn,pso,3,869,2024-05-29 11:35:00,1,1,0.628068745136261
cnn,pso,3,870,2024-05-29 11:40:00,1,1,0.5963760614395142
cnn,pso,3,871,2024-05-29 11:40:00,1,1,0.6039369702339172
cnn,pso,3,872,2024-05-29 11:45:00,0,1,0.6672592759132385
cnn,pso,3,873,2024-05-29 11:45:00,0,1,0.6641198396682739
cnn,pso,3,874,2024-05-29 11:50:00,0,1,0.6493152976036072
cnn,pso,3,875,2024-05-29 11:50:00,0,1,0.6664997339248657
cnn,pso,3,876,2024-05-29 11:55:00,0,1,0.616197943687439
cnn,pso,3,877,2024-05-29 11:55:00,0,1,0.5961964726448059
cnn,pso,3,878,2024-05-29 12:00:00,0,1,0.6429144740104675
cnn,pso,3,879,2024-05-29 12:00:00,0,1,0.6220075488090515
cnn,pso,3,880,2024-05-29 12:05:00,0,1,0.5729774832725525
cnn,pso,3,881,2024-05-29 12:05:00,0,1,0.5596341490745544
cnn,pso,3,882,2024-05-29 12:10:00,0,0,0.37206390500068665
cnn,pso,3,883,2024-05-29 12:10:00,0,0,0.39390963315963745
cnn,pso,3,884,2024-05-29 12:15:00,0,0,0.3065011501312256
cnn,pso,3,885,2024-05-29 12:15:00,1,0,0.3246724605560303
cnn,pso,3,886,2024-05-29 12:20:00,0,0,0.3811057209968567
cnn,pso,3,887,2024-05-29 12:20:00,1,0,0.3907584249973297
cnn,pso,3,888,2024-05-29 12:25:00,0,0,0.41098111867904663
cnn,pso,3,889,2024-05-29 12:25:00,1,0,0.41128602623939514
cnn,pso,3,890,2024-05-29 12:30:00,0,0,0.37646639347076416
cnn,pso,3,891,2024-05-29 12:30:00,1,0,0.3567717373371124
cnn,pso,3,892,2024-05-29 12:35:00,1,1,0.5005987286567688
cnn,pso,3,893,2024-05-29 12:35:00,0,0,0.4971940219402313
cnn,pso,3,894,2024-05-29 12:40:00,1,1,0.5824093222618103
cnn,pso,3,895,2024-05-29 12:40:00,0,1,0.5903338193893433
cnn,pso,3,896,2024-05-29 12:45:00,0,1,0.6574693918228149
cnn,pso,3,897,2024-05-29 12:45:00,1,1,0.690655529499054
cnn,pso,3,898,2024-05-29 12:50:00,1,1,0.6503322720527649
cnn,pso,3,899,2024-05-29 12:50:00,0,1,0.6693553328514099
cnn,pso,3,900,2024-05-29 12:55:00,1,1,0.6109188795089722
cnn,pso,3,901,2024-05-29 12:55:00,0,1,0.6229048371315002
cnn,pso,3,902,2024-05-29 13:00:00,0,1,0.5527097582817078
cnn,pso,3,903,2024-05-29 13:00:00,1,1,0.5245332717895508
cnn,pso,3,904,2024-05-29 13:05:00,1,0,0.46430090069770813
cnn,pso,3,905,2024-05-29 13:05:00,0,1,0.5013183355331421
cnn,pso,3,906,2024-05-29 13:10:00,0,0,0.4626893699169159
cnn,pso,3,907,2024-05-29 13:10:00,1,0,0.4297233819961548
cnn,pso,3,908,2024-05-29 13:15:00,1,0,0.48519015312194824
cnn,pso,3,909,2024-05-29 13:15:00,0,0,0.4889727830886841
cnn,pso,3,910,2024-05-29 13:20:00,1,1,0.5087699890136719
cnn,pso,3,911,2024-05-29 13:20:00,0,0,0.48958075046539307
cnn,pso,3,912,2024-05-29 13:25:00,1,1,0.5458409190177917
cnn,pso,3,913,2024-05-29 13:25:00,0,1,0.5075281262397766
cnn,pso,3,914,2024-05-29 13:30:00,1,1,0.5619124174118042
cnn,pso,3,915,2024-05-29 13:30:00,0,1,0.5529215931892395
cnn,pso,3,916,2024-05-29 13:35:00,0,1,0.5962634682655334
cnn,pso,3,917,2024-05-29 13:35:00,0,1,0.6787448525428772
cnn,pso,3,918,2024-05-29 13:40:00,0,0,0.48200711607933044
cnn,pso,3,919,2024-05-29 13:40:00,0,0,0.4968406558036804
cnn,pso,3,920,2024-05-29 13:45:00,0,0,0.40348872542381287
cnn,pso,3,921,2024-05-29 13:45:00,0,0,0.47108229994773865
cnn,pso,3,922,2024-05-29 13:50:00,0,1,0.5059676170349121
cnn,pso,3,923,2024-05-29 13:50:00,0,1,0.5175731778144836
cnn,pso,3,924,2024-05-29 13:55:00,0,0,0.4823801517486572
cnn,pso,3,925,2024-05-29 13:55:00,0,0,0.4869396686553955
cnn,pso,3,926,2024-05-29 14:00:00,0,0,0.4143425524234772
cnn,pso,3,927,2024-05-29 14:00:00,0,0,0.4146963059902191
cnn,pso,3,928,2024-05-29 14:05:00,0,0,0.37767690420150757
cnn,pso,3,929,2024-05-29 14:05:00,0,0,0.360964834690094
cnn,pso,3,930,2024-05-29 14:10:00,0,0,0.3504215478897095
cnn,pso,3,931,2024-05-29 14:10:00,0,0,0.33851754665374756
cnn,pso,3,932,2024-05-29 14:15:00,0,0,0.31282946467399597
cnn,pso,3,933,2024-05-29 14:15:00,0,0,0.2886970639228821
cnn,pso,3,934,2024-05-29 14:20:00,0,0,0.25846341252326965
cnn,pso,3,935,2024-05-29 14:20:00,0,0,0.2263571172952652
cnn,pso,3,936,2024-05-29 14:25:00,0,0,0.2594060003757477
cnn,pso,3,937,2024-05-29 14:25:00,0,0,0.26442497968673706
cnn,pso,3,938,2024-05-29 14:30:00,0,0,0.2011694461107254
cnn,pso,3,939,2024-05-29 14:30:00,0,0,0.19764766097068787
cnn,pso,3,940,2024-05-29 14:35:00,0,0,0.2369239777326584
cnn,pso,3,941,2024-05-29 14:35:00,0,0,0.22801706194877625
cnn,pso,3,942,2024-05-29 14:40:00,0,0,0.2344178706407547
cnn,pso,3,943,2024-05-29 14:40:00,0,0,0.2326023429632187
cnn,pso,3,944,2024-05-29 14:45:00,1,0,0.236991286277771
cnn,pso,3,945,2024-05-29 14:45:00,1,0,0.24931037425994873
cnn,pso,3,946,2024-05-29 14:50:00,1,0,0.35612696409225464
cnn,pso,3,947,2024-05-29 14:50:00,1,0,0.34056007862091064
cnn,pso,3,948,2024-05-29 14:55:00,1,0,0.45703649520874023
cnn,pso,3,949,2024-05-29 14:55:00,1,0,0.44785168766975403
cnn,pso,3,950,2024-05-29 15:00:00,1,1,0.5960435271263123
cnn,pso,3,951,2024-05-29 15:00:00,1,1,0.5818436145782471
cnn,pso,3,952,2024-05-29 15:05:00,1,1,0.6737767457962036
cnn,pso,3,953,2024-05-29 15:05:00,1,1,0.6695625185966492
cnn,pso,3,954,2024-05-29 15:10:00,1,1,0.7059038877487183
cnn,pso,3,955,2024-05-29 15:10:00,1,1,0.6962449550628662
cnn,pso,3,956,2024-05-29 15:15:00,1,1,0.6225112676620483
cnn,pso,3,957,2024-05-29 15:15:00,1,1,0.6336971521377563
cnn,pso,3,958,2024-05-29 15:20:00,1,1,0.6584237217903137
cnn,pso,3,959,2024-05-29 15:20:00,1,1,0.6515281796455383
cnn,pso,3,960,2024-05-29 15:25:00,1,1,0.7047967314720154
cnn,pso,3,961,2024-05-29 15:25:00,1,1,0.6630215048789978
cnn,pso,3,962,2024-05-29 15:30:00,1,1,0.6118975877761841
cnn,pso,3,963,2024-05-29 15:30:00,1,1,0.6136012077331543
cnn,pso,3,964,2024-05-29 15:35:00,1,1,0.5127742886543274
cnn,pso,3,965,2024-05-29 15:35:00,1,0,0.4783419370651245
cnn,pso,3,966,2024-05-29 15:40:00,1,1,0.5100582242012024
cnn,pso,3,967,2024-05-29 15:40:00,1,0,0.48086559772491455
cnn,pso,3,968,2024-05-29 15:45:00,1,0,0.4173221290111542
cnn,pso,3,969,2024-05-29 15:45:00,1,0,0.39791378378868103
cnn,pso,3,970,2024-05-29 15:50:00,1,0,0.44318100810050964
cnn,pso,3,971,2024-05-29 15:50:00,1,0,0.4437949061393738
cnn,pso,3,972,2024-05-29 15:55:00,1,1,0.5197057723999023
cnn,pso,3,973,2024-05-29 15:55:00,1,0,0.4826124906539917
cnn,pso,3,974,2024-05-29 16:00:00,1,1,0.5210385918617249
cnn,pso,3,975,2024-05-29 16:00:00,1,1,0.5395647287368774
cnn,pso,3,976,2024-05-29 16:05:00,1,1,0.5295650362968445
cnn,pso,3,977,2024-05-29 16:05:00,1,1,0.5379038453102112
cnn,pso,3,978,2024-05-29 16:10:00,1,1,0.555546760559082
cnn,pso,3,979,2024-05-29 16:10:00,1,1,0.5569358468055725
cnn,pso,3,980,2024-05-29 16:15:00,1,1,0.6251371502876282
cnn,pso,3,981,2024-05-29 16:15:00,1,1,0.6080288290977478
cnn,pso,3,982,2024-05-29 16:20:00,0,1,0.7004515528678894
cnn,pso,3,983,2024-05-29 16:20:00,0,1,0.698880672454834
cnn,pso,3,984,2024-05-29 16:25:00,0,1,0.701570451259613
cnn,pso,3,985,2024-05-29 16:25:00,0,1,0.7026990652084351
cnn,pso,3,986,2024-05-29 16:30:00,0,1,0.653596818447113
cnn,pso,3,987,2024-05-29 16:30:00,0,1,0.6833015084266663
cnn,pso,3,988,2024-05-29 16:35:00,0,1,0.6408982276916504
cnn,pso,3,989,2024-05-29 16:35:00,0,1,0.6790241599082947
cnn,pso,3,990,2024-05-29 16:40:00,0,1,0.5079706311225891
cnn,pso,3,991,2024-05-29 16:40:00,0,0,0.49840378761291504
cnn,pso,3,992,2024-05-29 16:45:00,0,0,0.4046512544155121
cnn,pso,3,993,2024-05-29 16:45:00,0,0,0.3569325804710388
cnn,pso,3,994,2024-05-29 16:50:00,0,0,0.31832289695739746
cnn,pso,3,995,2024-05-29 16:50:00,0,0,0.3332042992115021
cnn,pso,3,996,2024-05-29 16:55:00,0,0,0.33017903566360474
cnn,pso,3,997,2024-05-29 16:55:00,0,0,0.30529218912124634
cnn,pso,3,998,2024-05-29 17:00:00,0,0,0.24639348685741425
cnn,pso,3,999,2024-05-29 17:00:00,0,0,0.2847605049610138
cnn,pso,3,1000,2024-05-29 17:05:00,0,0,0.233673557639122
cnn,pso,3,1001,2024-05-29 17:05:00,0,0,0.2194591462612152
cnn,pso,3,1002,2024-05-29 17:10:00,0,0,0.23552653193473816
cnn,pso,3,1003,2024-05-29 17:10:00,0,0,0.2557149827480316
cnn,pso,3,1004,2024-05-29 17:15:00,0,0,0.4176989495754242
cnn,pso,3,1005,2024-05-29 17:15:00,0,0,0.42761242389678955
cnn,pso,3,1006,2024-05-29 17:20:00,0,0,0.48176389932632446
cnn,pso,3,1007,2024-05-29 17:20:00,0,0,0.4462164640426636
cnn,pso,3,1008,2024-05-29 17:25:00,0,0,0.4467902183532715
cnn,pso,3,1009,2024-05-29 17:25:00,0,0,0.4047272205352783
cnn,pso,3,1010,2024-05-29 17:30:00,0,0,0.38381466269493103
cnn,pso,3,1011,2024-05-29 17:30:00,0,0,0.42527875304222107
cnn,pso,3,1012,2024-05-29 17:35:00,0,0,0.47121456265449524
cnn,pso,3,1013,2024-05-29 17:35:00,0,0,0.47984087467193604
cnn,pso,3,1014,2024-05-29 17:40:00,0,0,0.49496889114379883
cnn,pso,3,1015,2024-05-29 17:40:00,0,0,0.49771612882614136
cnn,pso,3,1016,2024-05-29 17:45:00,0,1,0.524695634841919
cnn,pso,3,1017,2024-05-29 17:45:00,0,1,0.5309582352638245
cnn,pso,3,1018,2024-05-29 17:50:00,0,0,0.48976895213127136
cnn,pso,3,1019,2024-05-29 17:50:00,0,1,0.5529807209968567
cnn,pso,3,1020,2024-05-29 17:55:00,0,0,0.499889999628067
cnn,pso,3,1021,2024-05-29 17:55:00,0,1,0.5192703008651733
cnn,pso,3,1022,2024-05-31 12:35:00,1,0,0.3923673629760742
cnn,pso,3,1023,2024-05-31 12:40:00,1,0,0.36713501811027527
cnn,pso,3,1024,2024-05-31 12:45:00,1,1,0.5153775811195374
cnn,pso,3,1025,2024-05-31 12:50:00,1,1,0.5789128541946411
cnn,pso,3,1026,2024-05-31 12:55:00,1,0,0.48946136236190796
cnn,pso,3,1027,2024-05-31 13:00:00,1,0,0.4544709324836731
cnn,pso,3,1028,2024-05-31 13:05:00,1,0,0.481774240732193
cnn,pso,3,1029,2024-05-31 13:10:00,1,0,0.4792124330997467
cnn,pso,3,1030,2024-05-31 13:15:00,1,0,0.4255664646625519
cnn,pso,3,1031,2024-05-31 13:20:00,1,0,0.38344255089759827
cnn,pso,3,1032,2024-05-31 13:25:00,1,0,0.36180344223976135
cnn,pso,3,1033,2024-05-31 13:25:00,1,0,0.3725145757198334
cnn,pso,3,1034,2024-05-31 13:30:00,1,0,0.4253573417663574
cnn,pso,3,1035,2024-05-31 13:30:00,1,0,0.43293073773384094
cnn,pso,3,1036,2024-05-31 13:35:00,1,1,0.5142970085144043
cnn,pso,3,1037,2024-05-31 13:35:00,1,1,0.5286070704460144
cnn,pso,3,1038,2024-05-31 13:40:00,1,1,0.5346444845199585
cnn,pso,3,1039,2024-05-31 13:40:00,1,1,0.5399104952812195
cnn,pso,3,1040,2024-05-31 13:45:00,1,1,0.5678311586380005
cnn,pso,3,1041,2024-05-31 13:45:00,1,1,0.5778946280479431
cnn,pso,3,1042,2024-05-31 13:50:00,1,1,0.607111930847168
cnn,pso,3,1043,2024-05-31 13:50:00,1,1,0.6074634790420532
cnn,pso,3,1044,2024-05-31 13:55:00,1,1,0.6482454538345337
cnn,pso,3,1045,2024-05-31 13:55:00,1,1,0.6191160678863525
cnn,pso,3,1046,2024-05-31 14:00:00,1,1,0.6011665463447571
cnn,pso,3,1047,2024-05-31 14:00:00,1,1,0.6034201979637146
cnn,pso,3,1048,2024-05-31 14:05:00,1,1,0.6891797184944153
cnn,pso,3,1049,2024-05-31 14:05:00,1,1,0.6253262758255005
cnn,pso,3,1050,2024-05-31 14:10:00,1,1,0.6863046288490295
cnn,pso,3,1051,2024-05-31 14:10:00,1,1,0.6501191854476929
cnn,pso,3,1052,2024-05-31 14:15:00,1,1,0.5362072587013245
cnn,pso,3,1053,2024-05-31 14:15:00,1,1,0.5734187960624695
cnn,pso,3,1054,2024-05-31 14:20:00,1,1,0.5329933762550354
cnn,pso,3,1055,2024-05-31 14:20:00,1,1,0.5509631633758545
cnn,pso,3,1056,2024-05-31 14:25:00,1,1,0.5437408089637756
cnn,pso,3,1057,2024-05-31 14:25:00,1,1,0.5504141449928284
cnn,pso,3,1058,2024-05-31 14:30:00,1,1,0.5909366607666016
cnn,pso,3,1059,2024-05-31 14:30:00,1,1,0.5723463892936707
cnn,pso,3,1060,2024-05-31 14:35:00,1,1,0.6082505583763123
cnn,pso,3,1061,2024-05-31 14:35:00,1,1,0.5917661786079407
cnn,pso,3,1062,2024-05-31 14:40:00,1,1,0.630173921585083
cnn,pso,3,1063,2024-05-31 14:40:00,1,1,0.5879904627799988
cnn,pso,3,1064,2024-05-31 14:45:00,1,1,0.6287519335746765
cnn,pso,3,1065,2024-05-31 14:45:00,1,1,0.5744220614433289
cnn,pso,3,1066,2024-05-31 14:50:00,1,1,0.5054072737693787
cnn,pso,3,1067,2024-05-31 14:50:00,1,1,0.5282777547836304
cnn,pso,3,1068,2024-05-31 14:55:00,1,1,0.5029863119125366
cnn,pso,3,1069,2024-05-31 14:55:00,1,1,0.5025649666786194
cnn,pso,3,1070,2024-05-31 15:00:00,1,0,0.4675484299659729
cnn,pso,3,1071,2024-05-31 15:00:00,1,1,0.5020095109939575
cnn,pso,3,1072,2024-05-31 15:05:00,0,1,0.5737677216529846
cnn,pso,3,1073,2024-05-31 15:05:00,0,1,0.572652280330658
cnn,pso,3,1074,2024-05-31 15:10:00,0,1,0.5584561824798584
cnn,pso,3,1075,2024-05-31 15:10:00,0,1,0.5783983469009399
cnn,pso,3,1076,2024-05-31 15:15:00,0,1,0.5515754818916321
cnn,pso,3,1077,2024-05-31 15:15:00,0,1,0.6005815863609314
cnn,pso,3,1078,2024-05-31 15:20:00,0,1,0.5039856433868408
cnn,pso,3,1079,2024-05-31 15:20:00,0,0,0.4987802505493164
cnn,pso,3,1080,2024-05-31 15:25:00,0,1,0.5285573601722717
cnn,pso,3,1081,2024-05-31 15:25:00,0,1,0.5387712717056274
cnn,pso,3,1082,2024-05-31 15:30:00,0,0,0.4094812273979187
cnn,pso,3,1083,2024-05-31 15:30:00,0,1,0.5171129703521729
cnn,pso,3,1084,2024-05-31 15:35:00,0,0,0.4870881140232086
cnn,pso,3,1085,2024-05-31 15:35:00,0,0,0.4749774932861328
cnn,pso,3,1086,2024-05-31 15:40:00,0,0,0.40629127621650696
cnn,pso,3,1087,2024-05-31 15:40:00,0,0,0.40821442008018494
cnn,pso,3,1088,2024-05-31 15:45:00,0,0,0.4043068289756775
cnn,pso,3,1089,2024-05-31 15:45:00,0,0,0.38538679480552673
cnn,pso,3,1090,2024-05-31 15:50:00,0,0,0.4067300260066986
cnn,pso,3,1091,2024-05-31 15:50:00,0,0,0.3980342149734497
cnn,pso,3,1092,2024-05-31 15:55:00,0,0,0.3498069941997528
cnn,pso,3,1093,2024-05-31 15:55:00,0,0,0.3838548958301544
cnn,pso,3,1094,2024-05-31 16:00:00,1,0,0.32670220732688904
cnn,pso,3,1095,2024-05-31 16:00:00,1,0,0.3191106915473938
cnn,pso,3,1096,2024-05-31 16:05:00,1,0,0.34892895817756653
cnn,pso,3,1097,2024-05-31 16:05:00,1,0,0.34122633934020996
cnn,pso,3,1098,2024-05-31 16:10:00,1,0,0.4637307822704315
cnn,pso,3,1099,2024-05-31 16:10:00,1,0,0.47448670864105225
cnn,pso,3,1100,2024-05-31 16:15:00,1,1,0.5339383482933044
cnn,pso,3,1101,2024-05-31 16:15:00,1,1,0.5273548364639282
cnn,pso,3,1102,2024-05-31 16:20:00,1,1,0.5432654619216919
cnn,pso,3,1103,2024-05-31 16:20:00,1,0,0.4975525140762329
cnn,pso,3,1104,2024-05-31 16:25:00,1,1,0.534091591835022
cnn,pso,3,1105,2024-05-31 16:25:00,1,1,0.5199055671691895
cnn,pso,3,1106,2024-05-31 16:30:00,1,0,0.4558332860469818
cnn,pso,3,1107,2024-05-31 16:30:00,1,0,0.48688602447509766
cnn,pso,3,1108,2024-05-31 16:35:00,1,1,0.5140911340713501
cnn,pso,3,1109,2024-05-31 16:35:00,1,1,0.5321924090385437
cnn,pso,3,1110,2024-05-31 16:40:00,1,1,0.6283220052719116
cnn,pso,3,1111,2024-05-31 16:40:00,1,1,0.6125490665435791
cnn,pso,3,1112,2024-05-31 16:45:00,1,1,0.6000161170959473
cnn,pso,3,1113,2024-05-31 16:45:00,1,1,0.6509515047073364
cnn,pso,3,1114,2024-05-31 16:50:00,1,1,0.6764935255050659
cnn,pso,3,1115,2024-05-31 16:50:00,1,1,0.6884651780128479
cnn,pso,3,1116,2024-05-31 16:55:00,0,1,0.7203242182731628
cnn,pso,3,1117,2024-05-31 16:55:00,0,1,0.714156448841095
cnn,pso,3,1118,2024-05-31 17:00:00,0,1,0.6126207709312439
cnn,pso,3,1119,2024-05-31 17:00:00,0,1,0.6238414645195007
cnn,pso,3,1120,2024-05-31 17:05:00,0,1,0.5083934664726257
cnn,pso,3,1121,2024-05-31 17:05:00,0,1,0.534160852432251
cnn,pso,3,1122,2024-05-31 17:10:00,0,1,0.5012836456298828
cnn,pso,3,1123,2024-05-31 17:10:00,0,0,0.4945682883262634
cnn,pso,3,1124,2024-05-31 17:15:00,0,1,0.5693944096565247
cnn,pso,3,1125,2024-05-31 17:15:00,0,1,0.5590148568153381
cnn,pso,3,1126,2024-05-31 17:20:00,0,1,0.5300379991531372
cnn,pso,3,1127,2024-05-31 17:20:00,0,1,0.5312169194221497
cnn,pso,3,1128,2024-05-31 17:25:00,0,0,0.49002188444137573
cnn,pso,3,1129,2024-05-31 17:25:00,0,0,0.48900106549263
cnn,pso,3,1130,2024-05-31 17:30:00,0,1,0.5147726535797119
cnn,pso,3,1131,2024-05-31 17:30:00,0,1,0.5618314743041992
cnn,pso,3,1132,2024-05-31 17:35:00,0,1,0.5104449987411499
cnn,pso,3,1133,2024-05-31 17:35:00,0,1,0.548283576965332
cnn,pso,3,1134,2024-05-31 17:40:00,0,1,0.5322281718254089
cnn,pso,3,1135,2024-05-31 17:40:00,0,1,0.6119385361671448
cnn,pso,3,1136,2024-05-31 17:45:00,0,1,0.5064959526062012
cnn,pso,3,1137,2024-05-31 17:45:00,0,0,0.4898770749568939
cnn,pso,3,1138,2024-05-31 17:50:00,0,1,0.5385501384735107
cnn,pso,3,1139,2024-05-31 17:50:00,0,1,0.5619723200798035
cnn,pso,3,1140,2024-05-31 17:55:00,0,1,0.5515009164810181
cnn,pso,3,1141,2024-05-31 17:55:00,0,1,0.6217896938323975
cnn,pso,3,1142,2024-06-03 10:50:00,1,0,0.188949316740036
cnn,pso,3,1143,2024-06-03 10:50:00,1,0,0.18753421306610107
cnn,pso,3,1144,2024-06-03 10:55:00,1,0,0.26964300870895386
cnn,pso,3,1145,2024-06-03 10:55:00,1,0,0.2464429885149002
cnn,pso,3,1146,2024-06-03 11:00:00,1,0,0.29373428225517273
cnn,pso,3,1147,2024-06-03 11:00:00,1,0,0.28792649507522583
cnn,pso,3,1148,2024-06-03 11:05:00,1,0,0.3440808951854706
cnn,pso,3,1149,2024-06-03 11:05:00,1,0,0.3441540002822876
cnn,pso,3,1150,2024-06-03 11:10:00,1,0,0.4499032497406006
cnn,pso,3,1151,2024-06-03 11:10:00,1,0,0.4368721842765808
cnn,pso,3,1152,2024-06-03 11:15:00,1,1,0.7027736306190491
cnn,pso,3,1153,2024-06-03 11:15:00,1,1,0.7072376608848572
cnn,pso,3,1154,2024-06-03 11:20:00,1,1,0.7203214168548584
cnn,pso,3,1155,2024-06-03 11:20:00,1,1,0.7275424003601074
cnn,pso,3,1156,2024-06-03 11:25:00,1,1,0.8044604659080505
cnn,pso,3,1157,2024-06-03 11:25:00,1,1,0.7971492409706116
cnn,pso,3,1158,2024-06-03 11:30:00,1,1,0.848994255065918
cnn,pso,3,1159,2024-06-03 11:30:00,1,1,0.8613340258598328
cnn,pso,3,1160,2024-06-03 11:35:00,1,1,0.8126872181892395
cnn,pso,3,1161,2024-06-03 11:35:00,1,1,0.8004205822944641
cnn,pso,3,1162,2024-06-03 11:40:00,0,1,0.8097241520881653
cnn,pso,3,1163,2024-06-03 11:40:00,0,1,0.8170722723007202
cnn,pso,3,1164,2024-06-03 11:45:00,0,1,0.7551538348197937
cnn,pso,3,1165,2024-06-03 11:45:00,0,1,0.7595362067222595
cnn,pso,3,1166,2024-06-03 11:50:00,0,1,0.6482657194137573
cnn,pso,3,1167,2024-06-03 11:50:00,0,1,0.669708788394928
cnn,pso,3,1168,2024-06-03 11:55:00,0,1,0.576999843120575
cnn,pso,3,1169,2024-06-03 11:55:00,0,1,0.6034205555915833
cnn,pso,3,1170,2024-06-03 12:00:00,0,1,0.6075289845466614
cnn,pso,3,1171,2024-06-03 12:00:00,0,1,0.5999181270599365
cnn,pso,3,1172,2024-06-03 12:05:00,0,1,0.5842143893241882
cnn,pso,3,1173,2024-06-03 12:05:00,0,1,0.6221969723701477
cnn,pso,3,1174,2024-06-03 12:10:00,0,1,0.563089907169342
cnn,pso,3,1175,2024-06-03 12:10:00,0,1,0.5584114789962769
cnn,pso,3,1176,2024-06-03 12:15:00,0,1,0.6000348329544067
cnn,pso,3,1177,2024-06-03 12:15:00,0,1,0.6269698143005371
cnn,pso,3,1178,2024-06-03 12:20:00,0,1,0.5932310819625854
cnn,pso,3,1179,2024-06-03 12:20:00,0,1,0.6031823754310608
cnn,pso,3,1180,2024-06-03 12:25:00,0,0,0.3846990168094635
cnn,pso,3,1181,2024-06-03 12:25:00,0,0,0.3616967797279358
cnn,pso,3,1182,2024-06-03 12:30:00,0,0,0.2378087043762207
cnn,pso,3,1183,2024-06-03 12:30:00,0,0,0.24658694863319397
cnn,pso,3,1184,2024-06-03 12:35:00,0,0,0.24566687643527985
cnn,pso,3,1185,2024-06-03 12:35:00,0,0,0.24949747323989868
cnn,pso,3,1186,2024-06-03 12:40:00,0,0,0.30101439356803894
cnn,pso,3,1187,2024-06-03 12:40:00,0,0,0.2773943841457367
cnn,pso,3,1188,2024-06-03 12:45:00,0,0,0.2361690104007721
cnn,pso,3,1189,2024-06-03 12:45:00,0,0,0.285878986120224
cnn,pso,3,1190,2024-06-03 12:50:00,0,0,0.32100027799606323
cnn,pso,3,1191,2024-06-03 12:50:00,0,0,0.3409407436847687
cnn,pso,3,1192,2024-06-03 12:55:00,0,0,0.29240259528160095
cnn,pso,3,1193,2024-06-03 12:55:00,0,0,0.3417283594608307
cnn,pso,3,1194,2024-06-03 13:00:00,0,0,0.32728540897369385
cnn,pso,3,1195,2024-06-03 13:00:00,0,0,0.4097326099872589
cnn,pso,3,1196,2024-06-03 13:05:00,0,0,0.38238927721977234
cnn,pso,3,1197,2024-06-03 13:05:00,0,0,0.3360995650291443
cnn,pso,3,1198,2024-06-03 13:10:00,0,0,0.270596981048584
cnn,pso,3,1199,2024-06-03 13:10:00,0,0,0.2660886347293854
cnn,pso,3,1200,2024-06-03 13:15:00,0,0,0.18767642974853516
cnn,pso,3,1201,2024-06-03 13:15:00,0,0,0.17298489809036255
cnn,pso,3,1202,2024-06-03 13:20:00,0,0,0.20522010326385498
cnn,pso,3,1203,2024-06-03 13:20:00,0,0,0.20555900037288666
cnn,pso,3,1204,2024-06-03 13:25:00,0,0,0.2576694190502167
cnn,pso,3,1205,2024-06-03 13:25:00,0,0,0.24147450923919678
cnn,pso,3,1206,2024-06-03 13:30:00,0,0,0.22835776209831238
cnn,pso,3,1207,2024-06-03 13:30:00,0,0,0.27931058406829834
cnn,pso,3,1208,2024-06-03 13:35:00,0,0,0.3359048366546631
cnn,pso,3,1209,2024-06-03 13:35:00,0,0,0.332233726978302
cnn,pso,3,1210,2024-06-03 13:40:00,0,0,0.33786341547966003
cnn,pso,3,1211,2024-06-03 13:40:00,0,0,0.34897372126579285
cnn,pso,3,1212,2024-06-03 13:45:00,0,0,0.4323933720588684
cnn,pso,3,1213,2024-06-03 13:45:00,0,0,0.4226280450820923
cnn,pso,3,1214,2024-06-03 13:50:00,0,0,0.41921669244766235
cnn,pso,3,1215,2024-06-03 13:50:00,0,0,0.41801291704177856
cnn,pso,3,1216,2024-06-03 13:55:00,0,0,0.43383529782295227
cnn,pso,3,1217,2024-06-03 13:55:00,0,0,0.43697139620780945
cnn,pso,3,1218,2024-06-03 14:00:00,1,0,0.4163283109664917
cnn,pso,3,1219,2024-06-03 14:00:00,1,0,0.3872188925743103
cnn,pso,3,1220,2024-06-03 14:05:00,1,1,0.5028248429298401
cnn,pso,3,1221,2024-06-03 14:05:00,1,0,0.4996706545352936
cnn,pso,3,1222,2024-06-03 14:10:00,1,1,0.577367901802063
cnn,pso,3,1223,2024-06-03 14:10:00,1,1,0.5848206877708435
cnn,pso,3,1224,2024-06-03 14:15:00,1,1,0.6957345008850098
cnn,pso,3,1225,2024-06-03 14:15:00,1,1,0.6963156461715698
cnn,pso,3,1226,2024-06-03 14:20:00,1,1,0.7642245888710022
cnn,pso,3,1227,2024-06-03 14:20:00,1,1,0.7740246057510376
cnn,pso,3,1228,2024-06-03 14:25:00,1,1,0.7960032820701599
cnn,pso,3,1229,2024-06-03 14:25:00,1,1,0.7904561758041382
cnn,pso,3,1230,2024-06-03 14:30:00,1,1,0.8256704807281494
cnn,pso,3,1231,2024-06-03 14:30:00,1,1,0.8286970257759094
cnn,pso,3,1232,2024-06-03 14:35:00,1,1,0.7770593166351318
cnn,pso,3,1233,2024-06-03 14:35:00,1,1,0.78510981798172
cnn,pso,3,1234,2024-06-03 14:40:00,1,1,0.7613726854324341
cnn,pso,3,1235,2024-06-03 14:40:00,1,1,0.7552787661552429
cnn,pso,3,1236,2024-06-03 14:45:00,1,1,0.6925011277198792
cnn,pso,3,1237,2024-06-03 14:45:00,1,1,0.6747543811798096
cnn,pso,3,1238,2024-06-03 14:50:00,1,1,0.5455354452133179
cnn,pso,3,1239,2024-06-03 14:50:00,1,1,0.550602376461029
cnn,pso,3,1240,2024-06-03 14:55:00,1,0,0.4669020175933838
cnn,pso,3,1241,2024-06-03 14:55:00,1,0,0.4431483745574951
cnn,pso,3,1242,2024-06-03 15:00:00,1,1,0.5214757323265076
cnn,pso,3,1243,2024-06-03 15:00:00,1,1,0.5305107831954956
cnn,pso,3,1244,2024-06-03 15:05:00,1,1,0.552707314491272
cnn,pso,3,1245,2024-06-03 15:05:00,1,1,0.5448054671287537
cnn,pso,3,1246,2024-06-03 15:10:00,1,0,0.49253177642822266
cnn,pso,3,1247,2024-06-03 15:10:00,1,0,0.4803106486797333
cnn,pso,3,1248,2024-06-03 15:15:00,1,1,0.5707535743713379
cnn,pso,3,1249,2024-06-03 15:15:00,1,1,0.5709725618362427
cnn,pso,3,1250,2024-06-03 15:20:00,1,1,0.6137097477912903
cnn,pso,3,1251,2024-06-03 15:20:00,1,1,0.6257801651954651
cnn,pso,3,1252,2024-06-03 15:25:00,1,1,0.6697167158126831
cnn,pso,3,1253,2024-06-03 15:25:00,1,1,0.6382809281349182
cnn,pso,3,1254,2024-06-03 15:30:00,1,1,0.6895840764045715
cnn,pso,3,1255,2024-06-03 15:30:00,1,1,0.7153841257095337
cnn,pso,3,1256,2024-06-03 15:35:00,0,1,0.7296085953712463
cnn,pso,3,1257,2024-06-03 15:35:00,0,1,0.754067599773407
cnn,pso,3,1258,2024-06-03 15:40:00,0,1,0.6089107394218445
cnn,pso,3,1259,2024-06-03 15:40:00,0,1,0.6076305508613586
cnn,pso,3,1260,2024-06-03 15:45:00,0,1,0.5701989531517029
cnn,pso,3,1261,2024-06-03 15:45:00,0,1,0.5967208743095398
cnn,pso,3,1262,2024-06-03 15:50:00,0,1,0.5478965640068054
cnn,pso,3,1263,2024-06-03 15:50:00,0,1,0.5682650208473206
cnn,pso,3,1264,2024-06-03 15:55:00,0,1,0.5816648602485657
cnn,pso,3,1265,2024-06-03 15:55:00,0,1,0.5809392333030701
cnn,pso,3,1266,2024-06-03 16:00:00,0,1,0.5641454458236694
cnn,pso,3,1267,2024-06-03 16:00:00,0,1,0.5573976039886475
cnn,pso,3,1268,2024-06-03 16:05:00,0,1,0.5044657588005066
cnn,pso,3,1269,2024-06-03 16:05:00,0,0,0.4949909746646881
cnn,pso,3,1270,2024-06-03 16:10:00,0,1,0.5467709302902222
cnn,pso,3,1271,2024-06-03 16:10:00,0,1,0.5249600410461426
cnn,pso,3,1272,2024-06-03 16:15:00,0,0,0.46940067410469055
cnn,pso,3,1273,2024-06-03 16:15:00,0,0,0.46367716789245605
cnn,pso,3,1274,2024-06-03 16:20:00,0,0,0.4445088803768158
cnn,pso,3,1275,2024-06-03 16:20:00,0,0,0.41789767146110535
cnn,pso,3,1276,2024-06-03 16:25:00,0,0,0.38596510887145996
cnn,pso,3,1277,2024-06-03 16:25:00,0,0,0.404849112033844
cnn,pso,3,1278,2024-06-03 16:30:00,0,0,0.3753630816936493
cnn,pso,3,1279,2024-06-03 16:30:00,0,0,0.3256817162036896
cnn,pso,3,1280,2024-06-03 16:35:00,0,0,0.3338881731033325
cnn,pso,3,1281,2024-06-03 16:35:00,0,0,0.21628420054912567
cnn,pso,3,1282,2024-06-03 16:40:00,0,0,0.40282583236694336
cnn,pso,3,1283,2024-06-03 16:40:00,0,0,0.3983895480632782
cnn,pso,3,1284,2024-06-03 16:45:00,0,0,0.3708256483078003
cnn,pso,3,1285,2024-06-03 16:45:00,0,0,0.44904467463493347
cnn,pso,3,1286,2024-06-03 16:50:00,0,0,0.4053890109062195
cnn,pso,3,1287,2024-06-03 16:50:00,0,0,0.39773303270339966
cnn,pso,3,1288,2024-06-03 16:55:00,0,0,0.3129282593727112
cnn,pso,3,1289,2024-06-03 16:55:00,0,0,0.28604307770729065
cnn,pso,3,1290,2024-06-03 17:00:00,0,0,0.22674115002155304
cnn,pso,3,1291,2024-06-03 17:00:00,0,0,0.23903095722198486
cnn,pso,3,1292,2024-06-03 17:05:00,0,0,0.2713108956813812
cnn,pso,3,1293,2024-06-03 17:05:00,0,0,0.2796618938446045
cnn,pso,3,1294,2024-06-03 17:10:00,0,0,0.25707244873046875
cnn,pso,3,1295,2024-06-03 17:10:00,0,0,0.26387307047843933
cnn,pso,3,1296,2024-06-03 17:15:00,0,0,0.3174399137496948
cnn,pso,3,1297,2024-06-03 17:15:00,0,0,0.3059176504611969
cnn,pso,3,1298,2024-06-03 17:20:00,0,0,0.26771706342697144
cnn,pso,3,1299,2024-06-03 17:20:00,0,0,0.25296783447265625
cnn,pso,3,1300,2024-06-03 17:25:00,0,0,0.1971757560968399
cnn,pso,3,1301,2024-06-03 17:25:00,0,0,0.1316448301076889
cnn,pso,3,1302,2024-06-03 17:30:00,0,0,0.30522722005844116
cnn,pso,3,1303,2024-06-03 17:30:00,0,0,0.3076341450214386
cnn,pso,3,1304,2024-06-03 17:35:00,0,0,0.2788776159286499
cnn,pso,3,1305,2024-06-03 17:35:00,0,0,0.2989197373390198
cnn,pso,3,1306,2024-06-03 17:40:00,0,0,0.22055160999298096
cnn,pso,3,1307,2024-06-03 17:40:00,0,0,0.2855423092842102
cnn,pso,3,1308,2024-06-03 17:45:00,0,0,0.3288169503211975
cnn,pso,3,1309,2024-06-03 17:45:00,0,0,0.2977325916290283
cnn,pso,3,1310,2024-06-03 17:50:00,0,0,0.39721909165382385
cnn,pso,3,1311,2024-06-03 17:50:00,0,0,0.3699781596660614
cnn,pso,3,1312,2024-06-03 17:55:00,0,0,0.41662144660949707
cnn,pso,3,1313,2024-06-03 17:55:00,0,0,0.4409234821796417
cnn,pso,3,1314,2024-06-04 11:15:00,1,0,0.2936592102050781
cnn,pso,3,1315,2024-06-04 11:20:00,1,0,0.295218825340271
cnn,pso,3,1316,2024-06-04 11:20:00,1,0,0.2874130308628082
cnn,pso,3,1317,2024-06-04 11:25:00,1,0,0.421563982963562
cnn,pso,3,1318,2024-06-04 11:25:00,1,0,0.40668630599975586
cnn,pso,3,1319,2024-06-04 11:30:00,1,1,0.5248679518699646
cnn,pso,3,1320,2024-06-04 11:30:00,1,1,0.5412539839744568
cnn,pso,3,1321,2024-06-04 11:35:00,1,1,0.5552769899368286
cnn,pso,3,1322,2024-06-04 11:35:00,1,1,0.5197557806968689
cnn,pso,3,1323,2024-06-04 11:40:00,1,1,0.6091598272323608
cnn,pso,3,1324,2024-06-04 11:40:00,1,1,0.6371702551841736
cnn,pso,3,1325,2024-06-04 11:45:00,1,1,0.6160928606987
cnn,pso,3,1326,2024-06-04 11:45:00,1,1,0.6053062081336975
cnn,pso,3,1327,2024-06-04 11:50:00,1,1,0.6565259099006653
cnn,pso,3,1328,2024-06-04 11:50:00,1,1,0.6572303175926208
cnn,pso,3,1329,2024-06-04 11:55:00,1,1,0.5887854695320129
cnn,pso,3,1330,2024-06-04 11:55:00,1,1,0.6125744581222534
cnn,pso,3,1331,2024-06-04 12:00:00,1,1,0.6079116463661194
cnn,pso,3,1332,2024-06-04 12:00:00,1,1,0.6050214767456055
cnn,pso,3,1333,2024-06-04 12:05:00,1,1,0.5217655301094055
cnn,pso,3,1334,2024-06-04 12:05:00,1,1,0.5373607873916626
cnn,pso,3,1335,2024-06-04 12:10:00,1,1,0.608595073223114
cnn,pso,3,1336,2024-06-04 12:10:00,1,1,0.5842306613922119
cnn,pso,3,1337,2024-06-04 12:15:00,1,1,0.7268054485321045
cnn,pso,3,1338,2024-06-04 12:15:00,1,1,0.7160460948944092
cnn,pso,3,1339,2024-06-04 12:20:00,1,1,0.7745610475540161
cnn,pso,3,1340,2024-06-04 12:20:00,1,1,0.7692787051200867
cnn,pso,3,1341,2024-06-04 12:25:00,1,1,0.7324571013450623
cnn,pso,3,1342,2024-06-04 12:25:00,1,1,0.744061291217804
cnn,pso,3,1343,2024-06-04 12:30:00,1,1,0.6181496977806091
cnn,pso,3,1344,2024-06-04 12:30:00,1,1,0.6143942475318909
cnn,pso,3,1345,2024-06-04 12:35:00,1,1,0.6320703625679016
cnn,pso,3,1346,2024-06-04 12:35:00,1,1,0.6524397134780884
cnn,pso,3,1347,2024-06-04 12:40:00,1,1,0.5817102193832397
cnn,pso,3,1348,2024-06-04 12:40:00,1,1,0.5778030157089233
cnn,pso,3,1349,2024-06-04 12:45:00,1,1,0.5408047437667847
cnn,pso,3,1350,2024-06-04 12:45:00,1,1,0.5491292476654053
cnn,pso,3,1351,2024-06-04 12:50:00,1,1,0.5715867877006531
cnn,pso,3,1352,2024-06-04 12:50:00,1,1,0.595486044883728
cnn,pso,3,1353,2024-06-04 12:55:00,1,0,0.3985941410064697
cnn,pso,3,1354,2024-06-04 12:55:00,1,0,0.4059543013572693
cnn,pso,3,1355,2024-06-04 13:00:00,1,0,0.39458563923835754
cnn,pso,3,1356,2024-06-04 13:00:00,1,0,0.37142011523246765
cnn,pso,3,1357,2024-06-04 13:05:00,1,0,0.3605985939502716
cnn,pso,3,1358,2024-06-04 13:05:00,1,0,0.2620989680290222
cnn,pso,3,1359,2024-06-04 13:10:00,1,1,0.5157943367958069
cnn,pso,3,1360,2024-06-04 13:10:00,1,1,0.5300121903419495
cnn,pso,3,1361,2024-06-04 13:15:00,1,1,0.6097291111946106
cnn,pso,3,1362,2024-06-04 13:15:00,1,1,0.6567946076393127
cnn,pso,3,1363,2024-06-04 13:20:00,1,1,0.6379508972167969
cnn,pso,3,1364,2024-06-04 13:20:00,1,1,0.5791906714439392
cnn,pso,3,1365,2024-06-04 13:25:00,1,1,0.561589777469635
cnn,pso,3,1366,2024-06-04 13:25:00,1,1,0.5556291937828064
cnn,pso,3,1367,2024-06-04 13:30:00,1,1,0.5286520719528198
cnn,pso,3,1368,2024-06-04 13:30:00,1,1,0.5350484848022461
cnn,pso,3,1369,2024-06-04 13:35:00,1,0,0.45849189162254333
cnn,pso,3,1370,2024-06-04 13:35:00,1,0,0.4374803900718689
cnn,pso,3,1371,2024-06-04 13:40:00,1,1,0.518310010433197
cnn,pso,3,1372,2024-06-04 13:40:00,1,0,0.490080326795578
cnn,pso,3,1373,2024-06-04 13:45:00,1,1,0.5956689715385437
cnn,pso,3,1374,2024-06-04 13:45:00,1,1,0.5959839820861816
cnn,pso,3,1375,2024-06-04 13:50:00,1,1,0.5823625922203064
cnn,pso,3,1376,2024-06-04 13:50:00,1,1,0.6118294596672058
cnn,pso,3,1377,2024-06-04 13:55:00,1,1,0.6620582938194275
cnn,pso,3,1378,2024-06-04 13:55:00,1,1,0.6594112515449524
cnn,pso,3,1379,2024-06-04 14:00:00,1,1,0.6740139722824097
cnn,pso,3,1380,2024-06-04 14:00:00,1,1,0.6550191640853882
cnn,pso,3,1381,2024-06-04 14:05:00,1,1,0.5765545964241028
cnn,pso,3,1382,2024-06-04 14:05:00,1,1,0.5602914094924927
cnn,pso,3,1383,2024-06-04 14:10:00,1,1,0.521062970161438
cnn,pso,3,1384,2024-06-04 14:10:00,1,0,0.48353150486946106
cnn,pso,3,1385,2024-06-04 14:15:00,1,0,0.4755770266056061
cnn,pso,3,1386,2024-06-04 14:15:00,1,0,0.484813392162323
cnn,pso,3,1387,2024-06-04 14:20:00,1,1,0.5080060362815857
cnn,pso,3,1388,2024-06-04 14:20:00,1,1,0.5018848776817322
cnn,pso,3,1389,2024-06-04 14:25:00,1,1,0.557736337184906
cnn,pso,3,1390,2024-06-04 14:25:00,1,1,0.5564239621162415
cnn,pso,3,1391,2024-06-04 14:30:00,1,1,0.5969622731208801
cnn,pso,3,1392,2024-06-04 14:30:00,1,1,0.5898500680923462
cnn,pso,3,1393,2024-06-04 14:35:00,1,1,0.596714973449707
cnn,pso,3,1394,2024-06-04 14:35:00,1,1,0.619911253452301
cnn,pso,3,1395,2024-06-04 14:40:00,1,1,0.6824262738227844
cnn,pso,3,1396,2024-06-04 14:40:00,1,1,0.6504989266395569
cnn,pso,3,1397,2024-06-04 14:45:00,1,1,0.7064113020896912
cnn,pso,3,1398,2024-06-04 14:45:00,1,1,0.6734366416931152
cnn,pso,3,1399,2024-06-04 14:50:00,1,1,0.6246340274810791
cnn,pso,3,1400,2024-06-04 14:50:00,1,1,0.630469560623169
cnn,pso,3,1401,2024-06-04 14:55:00,1,1,0.5812099575996399
cnn,pso,3,1402,2024-06-04 14:55:00,1,1,0.5804964303970337
cnn,pso,3,1403,2024-06-04 15:00:00,1,1,0.582583487033844
cnn,pso,3,1404,2024-06-04 15:00:00,1,1,0.5894295573234558
cnn,pso,3,1405,2024-06-04 15:05:00,1,1,0.5553131103515625
cnn,pso,3,1406,2024-06-04 15:05:00,1,1,0.6136196255683899
cnn,pso,3,1407,2024-06-04 15:10:00,1,0,0.4197333753108978
cnn,pso,3,1408,2024-06-04 15:10:00,1,0,0.46766045689582825
cnn,pso,3,1409,2024-06-04 15:15:00,1,1,0.5230976343154907
cnn,pso,3,1410,2024-06-04 15:15:00,1,1,0.5409844517707825
cnn,pso,3,1411,2024-06-04 15:20:00,1,1,0.6449287533760071
cnn,pso,3,1412,2024-06-04 15:20:00,1,1,0.6283531785011292
cnn,pso,3,1413,2024-06-04 15:25:00,1,1,0.7348942756652832
cnn,pso,3,1414,2024-06-04 15:25:00,1,1,0.7346165180206299
cnn,pso,3,1415,2024-06-04 15:30:00,1,1,0.6537396311759949
cnn,pso,3,1416,2024-06-04 15:30:00,1,1,0.6490556597709656
cnn,pso,3,1417,2024-06-04 15:35:00,1,1,0.5750384330749512
cnn,pso,3,1418,2024-06-04 15:35:00,1,1,0.5575490593910217
cnn,pso,3,1419,2024-06-04 15:40:00,1,0,0.48943349719047546
cnn,pso,3,1420,2024-06-04 15:40:00,1,0,0.4887215495109558
cnn,pso,3,1421,2024-06-04 15:45:00,1,1,0.6089382767677307
cnn,pso,3,1422,2024-06-04 15:45:00,1,1,0.5571635365486145
cnn,pso,3,1423,2024-06-04 15:50:00,1,0,0.48981964588165283
cnn,pso,3,1424,2024-06-04 15:50:00,1,1,0.5540915727615356
cnn,pso,3,1425,2024-06-04 15:55:00,1,0,0.394532710313797
cnn,pso,3,1426,2024-06-04 15:55:00,1,0,0.41003790497779846
cnn,pso,3,1427,2024-06-04 16:00:00,1,0,0.31096163392066956
cnn,pso,3,1428,2024-06-04 16:00:00,1,0,0.2963757812976837
cnn,pso,3,1429,2024-06-04 16:05:00,1,0,0.32388433814048767
cnn,pso,3,1430,2024-06-04 16:05:00,1,0,0.3053513169288635
cnn,pso,3,1431,2024-06-04 16:10:00,1,0,0.4558413326740265
cnn,pso,3,1432,2024-06-04 16:10:00,1,0,0.46006399393081665
cnn,pso,3,1433,2024-06-04 16:15:00,1,1,0.5866289138793945
cnn,pso,3,1434,2024-06-04 16:15:00,1,1,0.5617347955703735
cnn,pso,3,1435,2024-06-04 16:20:00,1,1,0.5714736580848694
cnn,pso,3,1436,2024-06-04 16:20:00,1,1,0.5820627212524414
cnn,pso,3,1437,2024-06-04 16:25:00,1,1,0.5910207033157349
cnn,pso,3,1438,2024-06-04 16:25:00,1,1,0.5936239361763
cnn,pso,3,1439,2024-06-04 16:30:00,1,1,0.6257036328315735
cnn,pso,3,1440,2024-06-04 16:30:00,1,1,0.6210808157920837
cnn,pso,3,1441,2024-06-04 16:35:00,1,1,0.554269015789032
cnn,pso,3,1442,2024-06-04 16:35:00,1,1,0.5546203851699829
cnn,pso,3,1443,2024-06-04 16:40:00,1,1,0.5940651893615723
cnn,pso,3,1444,2024-06-04 16:40:00,1,1,0.6411747932434082
cnn,pso,3,1445,2024-06-04 16:45:00,1,1,0.5538194179534912
cnn,pso,3,1446,2024-06-04 16:45:00,1,1,0.6453448534011841
cnn,pso,3,1447,2024-06-04 16:50:00,1,1,0.5744152665138245
cnn,pso,3,1448,2024-06-04 16:50:00,1,1,0.6034349203109741
cnn,pso,3,1449,2024-06-04 16:55:00,0,1,0.6020606160163879
cnn,pso,3,1450,2024-06-04 16:55:00,0,1,0.6187798380851746
cnn,pso,3,1451,2024-06-04 17:00:00,0,1,0.5809580683708191
cnn,pso,3,1452,2024-06-04 17:00:00,0,1,0.5682889223098755
cnn,pso,3,1453,2024-06-04 17:05:00,0,1,0.5153443813323975
cnn,pso,3,1454,2024-06-04 17:05:00,0,1,0.5566484928131104
cnn,pso,3,1455,2024-06-04 17:10:00,0,0,0.4645616412162781
cnn,pso,3,1456,2024-06-04 17:10:00,0,0,0.48936963081359863
cnn,pso,3,1457,2024-06-04 17:15:00,0,0,0.33905908465385437
cnn,pso,3,1458,2024-06-04 17:15:00,0,0,0.454151451587677
cnn,pso,3,1459,2024-06-04 17:20:00,0,0,0.4600907266139984
cnn,pso,3,1460,2024-06-04 17:20:00,0,0,0.2562693953514099
cnn,pso,3,1461,2024-06-04 17:25:00,0,0,0.4376917779445648
cnn,pso,3,1462,2024-06-04 17:25:00,0,0,0.3684822618961334
cnn,pso,3,1463,2024-06-04 17:30:00,0,0,0.48461589217185974
cnn,pso,3,1464,2024-06-04 17:30:00,0,1,0.5153399705886841
cnn,pso,3,1465,2024-06-04 17:35:00,0,1,0.5068174004554749
cnn,pso,3,1466,2024-06-04 17:35:00,0,1,0.5034636855125427
cnn,pso,3,1467,2024-06-04 17:40:00,0,0,0.4920864701271057
cnn,pso,3,1468,2024-06-04 17:40:00,0,0,0.48336219787597656
cnn,pso,3,1469,2024-06-04 17:45:00,0,1,0.5102774500846863
cnn,pso,3,1470,2024-06-04 17:45:00,0,0,0.4956154227256775
cnn,pso,3,1471,2024-06-04 17:50:00,0,1,0.5152949094772339
cnn,pso,3,1472,2024-06-04 17:50:00,0,1,0.5465352535247803
cnn,pso,3,1473,2024-06-04 17:55:00,0,1,0.600453794002533
cnn,pso,3,1474,2024-06-04 17:55:00,0,1,0.6269704699516296
cnn,pso,3,1475,2024-06-05 11:10:00,1,0,0.21230635046958923
cnn,pso,3,1476,2024-06-05 11:10:00,1,0,0.20200476050376892
cnn,pso,3,1477,2024-06-05 11:15:00,1,0,0.22428099811077118
cnn,pso,3,1478,2024-06-05 11:15:00,1,0,0.22261503338813782
cnn,pso,3,1479,2024-06-05 11:20:00,1,0,0.43190521001815796
cnn,pso,3,1480,2024-06-05 11:20:00,1,0,0.4321102499961853
cnn,pso,3,1481,2024-06-05 11:25:00,1,1,0.595703661441803
cnn,pso,3,1482,2024-06-05 11:25:00,1,1,0.6042704582214355
cnn,pso,3,1483,2024-06-05 11:30:00,1,1,0.7303802967071533
cnn,pso,3,1484,2024-06-05 11:30:00,1,1,0.7267611622810364
cnn,pso,3,1485,2024-06-05 11:35:00,1,1,0.8239134550094604
cnn,pso,3,1486,2024-06-05 11:35:00,1,1,0.8237398266792297
cnn,pso,3,1487,2024-06-05 11:40:00,1,1,0.876862645149231
cnn,pso,3,1488,2024-06-05 11:40:00,0,1,0.8687095046043396
cnn,pso,3,1489,2024-06-05 11:45:00,0,1,0.760884165763855
cnn,pso,3,1490,2024-06-05 11:45:00,1,1,0.7608068585395813
cnn,pso,3,1491,2024-06-05 11:50:00,1,1,0.7265762686729431
cnn,pso,3,1492,2024-06-05 11:50:00,0,1,0.7131863832473755
cnn,pso,3,1493,2024-06-05 11:55:00,1,1,0.632908821105957
cnn,pso,3,1494,2024-06-05 11:55:00,0,1,0.6330174207687378
cnn,pso,3,1495,2024-06-05 12:00:00,1,1,0.6289498209953308
cnn,pso,3,1496,2024-06-05 12:00:00,0,1,0.6430781483650208
cnn,pso,3,1497,2024-06-05 12:05:00,0,1,0.5733546614646912
cnn,pso,3,1498,2024-06-05 12:05:00,1,1,0.5586816072463989
cnn,pso,3,1499,2024-06-05 12:10:00,1,0,0.4557913839817047
cnn,pso,3,1500,2024-06-05 12:10:00,0,0,0.48658913373947144
cnn,pso,3,1501,2024-06-05 12:15:00,0,1,0.6299975514411926
cnn,pso,3,1502,2024-06-05 12:15:00,1,1,0.6227657794952393
cnn,pso,3,1503,2024-06-05 12:20:00,0,1,0.6886950731277466
cnn,pso,3,1504,2024-06-05 12:20:00,1,1,0.6870675086975098
cnn,pso,3,1505,2024-06-05 12:25:00,0,1,0.7089436054229736
cnn,pso,3,1506,2024-06-05 12:25:00,0,1,0.6963523626327515
cnn,pso,3,1507,2024-06-05 12:30:00,0,1,0.7293171882629395
cnn,pso,3,1508,2024-06-05 12:30:00,0,1,0.6599816083908081
cnn,pso,3,1509,2024-06-05 12:35:00,0,1,0.5822983980178833
cnn,pso,3,1510,2024-06-05 12:35:00,0,1,0.6127913594245911
cnn,pso,3,1511,2024-06-05 12:40:00,0,1,0.5566370487213135
cnn,pso,3,1512,2024-06-05 12:40:00,0,1,0.547286868095398
cnn,pso,3,1513,2024-06-05 12:45:00,0,1,0.5008688569068909
cnn,pso,3,1514,2024-06-05 12:45:00,0,0,0.45380523800849915
cnn,pso,3,1515,2024-06-05 12:50:00,0,0,0.33509916067123413
cnn,pso,3,1516,2024-06-05 12:50:00,0,0,0.4220776855945587
cnn,pso,3,1517,2024-06-05 12:55:00,0,0,0.4554133415222168
cnn,pso,3,1518,2024-06-05 12:55:00,0,0,0.4407370388507843
cnn,pso,3,1519,2024-06-05 13:00:00,0,0,0.4204874634742737
cnn,pso,3,1520,2024-06-05 13:00:00,0,0,0.42955201864242554
cnn,pso,3,1521,2024-06-05 13:05:00,0,0,0.34699907898902893
cnn,pso,3,1522,2024-06-05 13:05:00,0,0,0.3517911732196808
cnn,pso,3,1523,2024-06-05 13:10:00,0,0,0.2989552915096283
cnn,pso,3,1524,2024-06-05 13:10:00,0,0,0.3329508900642395
cnn,pso,3,1525,2024-06-05 13:15:00,0,0,0.341219037771225
cnn,pso,3,1526,2024-06-05 13:15:00,0,0,0.3646705746650696
cnn,pso,3,1527,2024-06-05 13:20:00,0,0,0.3617078959941864
cnn,pso,3,1528,2024-06-05 13:20:00,0,0,0.3263787627220154
cnn,pso,3,1529,2024-06-05 13:25:00,0,0,0.29111942648887634
cnn,pso,3,1530,2024-06-05 13:25:00,0,0,0.294834166765213
cnn,pso,3,1531,2024-06-05 13:30:00,0,0,0.27406466007232666
cnn,pso,3,1532,2024-06-05 13:30:00,0,0,0.28054502606391907
cnn,pso,3,1533,2024-06-05 13:35:00,0,0,0.3481079638004303
cnn,pso,3,1534,2024-06-05 13:35:00,0,0,0.3280240297317505
cnn,pso,3,1535,2024-06-05 13:40:00,0,0,0.33383408188819885
cnn,pso,3,1536,2024-06-05 13:40:00,0,0,0.3706778883934021
cnn,pso,3,1537,2024-06-05 13:45:00,0,0,0.19237858057022095
cnn,pso,3,1538,2024-06-05 13:45:00,0,0,0.35001254081726074
cnn,pso,3,1539,2024-06-05 13:50:00,0,0,0.4700804352760315
cnn,pso,3,1540,2024-06-05 13:50:00,0,1,0.5006056427955627
cnn,pso,3,1541,2024-06-05 13:55:00,0,0,0.4739479124546051
cnn,pso,3,1542,2024-06-05 13:55:00,0,0,0.45081689953804016
cnn,pso,3,1543,2024-06-05 14:00:00,0,1,0.5227381587028503
cnn,pso,3,1544,2024-06-05 14:00:00,0,0,0.47425633668899536
cnn,pso,3,1545,2024-06-05 14:05:00,0,0,0.4290609359741211
cnn,pso,3,1546,2024-06-05 14:05:00,0,0,0.3604293763637543
cnn,pso,3,1547,2024-06-05 14:10:00,0,0,0.3659963309764862
cnn,pso,3,1548,2024-06-05 14:10:00,0,0,0.3458852469921112
cnn,pso,3,1549,2024-06-05 14:15:00,0,0,0.3664053976535797
cnn,pso,3,1550,2024-06-05 14:15:00,0,0,0.28912287950515747
cnn,pso,3,1551,2024-06-05 14:20:00,0,0,0.4224667549133301
cnn,pso,3,1552,2024-06-05 14:20:00,0,0,0.4482915997505188
cnn,pso,3,1553,2024-06-05 14:25:00,0,1,0.500652551651001
cnn,pso,3,1554,2024-06-05 14:25:00,0,1,0.5235083103179932
cnn,pso,3,1555,2024-06-05 14:30:00,0,1,0.6332795023918152
cnn,pso,3,1556,2024-06-05 14:30:00,0,1,0.6076177358627319
cnn,pso,3,1557,2024-06-05 14:35:00,0,1,0.6158220767974854
cnn,pso,3,1558,2024-06-05 14:35:00,0,1,0.6074351668357849
cnn,pso,3,1559,2024-06-05 14:40:00,0,1,0.668502926826477
cnn,pso,3,1560,2024-06-05 14:40:00,0,1,0.6217753887176514
cnn,pso,3,1561,2024-06-05 14:45:00,0,1,0.5234750509262085
cnn,pso,3,1562,2024-06-05 14:45:00,0,1,0.5586531758308411
cnn,pso,3,1563,2024-06-05 14:50:00,0,0,0.328327476978302
cnn,pso,3,1564,2024-06-05 14:50:00,0,0,0.321163147687912
cnn,pso,3,1565,2024-06-05 14:55:00,0,0,0.27771833539009094
cnn,pso,3,1566,2024-06-05 14:55:00,0,0,0.259814977645874
cnn,pso,3,1567,2024-06-05 15:00:00,0,0,0.32600510120391846
cnn,pso,3,1568,2024-06-05 15:00:00,0,0,0.35452380776405334
cnn,pso,3,1569,2024-06-05 15:05:00,0,0,0.30419936776161194
cnn,pso,3,1570,2024-06-05 15:05:00,0,0,0.2884153425693512
cnn,pso,3,1571,2024-06-05 15:10:00,0,0,0.22705253958702087
cnn,pso,3,1572,2024-06-05 15:10:00,0,0,0.2113036960363388
cnn,pso,3,1573,2024-06-05 15:15:00,0,0,0.20300042629241943
cnn,pso,3,1574,2024-06-05 15:15:00,0,0,0.21656788885593414
cnn,pso,3,1575,2024-06-05 15:20:00,0,0,0.25802865624427795
cnn,pso,3,1576,2024-06-05 15:20:00,0,0,0.24028222262859344
cnn,pso,3,1577,2024-06-05 15:25:00,0,0,0.23866420984268188
cnn,pso,3,1578,2024-06-05 15:25:00,0,0,0.2509501576423645
cnn,pso,3,1579,2024-06-05 15:30:00,0,0,0.28629088401794434
cnn,pso,3,1580,2024-06-05 15:30:00,0,0,0.27753332257270813
cnn,pso,3,1581,2024-06-05 15:35:00,1,0,0.21559754014015198
cnn,pso,3,1582,2024-06-05 15:35:00,0,0,0.25817999243736267
cnn,pso,3,1583,2024-06-05 15:40:00,0,0,0.32451725006103516
cnn,pso,3,1584,2024-06-05 15:40:00,1,0,0.2962769865989685
cnn,pso,3,1585,2024-06-05 15:45:00,1,0,0.35947856307029724
cnn,pso,3,1586,2024-06-05 15:45:00,0,0,0.3608168065547943
cnn,pso,3,1587,2024-06-05 15:50:00,1,0,0.43489623069763184
cnn,pso,3,1588,2024-06-05 15:50:00,0,0,0.4678545594215393
cnn,pso,3,1589,2024-06-05 15:55:00,1,1,0.5798501372337341
cnn,pso,3,1590,2024-06-05 15:55:00,0,1,0.5578726530075073
cnn,pso,3,1591,2024-06-05 16:00:00,0,1,0.6148342490196228
cnn,pso,3,1592,2024-06-05 16:00:00,1,1,0.7423219084739685
cnn,pso,3,1593,2024-06-05 16:05:00,0,1,0.5024991631507874
cnn,pso,3,1594,2024-06-05 16:05:00,1,0,0.45811590552330017
cnn,pso,3,1595,2024-06-05 16:10:00,1,0,0.37885424494743347
cnn,pso,3,1596,2024-06-05 16:10:00,1,0,0.4077955186367035
cnn,pso,3,1597,2024-06-05 16:15:00,1,0,0.40291139483451843
cnn,pso,3,1598,2024-06-05 16:15:00,1,0,0.38765448331832886
cnn,pso,3,1599,2024-06-05 16:20:00,1,0,0.4839657247066498
cnn,pso,3,1600,2024-06-05 16:20:00,1,0,0.4651028513908386
cnn,pso,3,1601,2024-06-05 16:25:00,1,0,0.4983888566493988
cnn,pso,3,1602,2024-06-05 16:25:00,1,0,0.49164924025535583
cnn,pso,3,1603,2024-06-05 16:30:00,1,0,0.4401840269565582
cnn,pso,3,1604,2024-06-05 16:30:00,1,0,0.4599410891532898
cnn,pso,3,1605,2024-06-05 16:35:00,1,0,0.4864698350429535
cnn,pso,3,1606,2024-06-05 16:35:00,1,1,0.5155106782913208
cnn,pso,3,1607,2024-06-05 16:40:00,1,1,0.5375133752822876
cnn,pso,3,1608,2024-06-05 16:40:00,1,1,0.5616301894187927
cnn,pso,3,1609,2024-06-05 16:45:00,1,0,0.49899208545684814
cnn,pso,3,1610,2024-06-05 16:45:00,1,0,0.474204421043396
cnn,pso,3,1611,2024-06-05 16:50:00,1,1,0.5572637319564819
cnn,pso,3,1612,2024-06-05 16:50:00,1,1,0.5573763847351074
cnn,pso,3,1613,2024-06-05 16:55:00,0,1,0.6086474657058716
cnn,pso,3,1614,2024-06-05 16:55:00,1,1,0.6015815734863281
cnn,pso,3,1615,2024-06-05 17:00:00,1,1,0.5901849269866943
cnn,pso,3,1616,2024-06-05 17:00:00,0,1,0.6249992251396179
cnn,pso,3,1617,2024-06-05 17:05:00,0,0,0.4738447368144989
cnn,pso,3,1618,2024-06-05 17:05:00,0,0,0.4847657084465027
cnn,pso,3,1619,2024-06-05 17:10:00,1,0,0.4002532362937927
cnn,pso,3,1620,2024-06-05 17:10:00,1,0,0.423073410987854
cnn,pso,3,1621,2024-06-05 17:15:00,1,1,0.5205979943275452
cnn,pso,3,1622,2024-06-05 17:15:00,1,1,0.5170342922210693
cnn,pso,3,1623,2024-06-05 17:20:00,1,1,0.5565195083618164
cnn,pso,3,1624,2024-06-05 17:20:00,1,1,0.5629938244819641
cnn,pso,3,1625,2024-06-05 17:25:00,1,1,0.5822830200195312
cnn,pso,3,1626,2024-06-05 17:30:00,1,1,0.5831314921379089
cnn,pso,3,1627,2024-06-05 17:30:00,1,1,0.6296490430831909
cnn,pso,3,1628,2024-06-05 17:35:00,1,0,0.4768466353416443
cnn,pso,3,1629,2024-06-05 17:35:00,1,0,0.4860842823982239
cnn,pso,3,1630,2024-06-05 17:40:00,1,0,0.44858357310295105
cnn,pso,3,1631,2024-06-05 17:40:00,1,0,0.21249040961265564
cnn,pso,3,1632,2024-06-05 17:45:00,1,1,0.5174739956855774
cnn,pso,3,1633,2024-06-05 17:45:00,1,1,0.5365092158317566
cnn,pso,3,1634,2024-06-05 17:50:00,1,1,0.5160454511642456
cnn,pso,3,1635,2024-06-05 17:50:00,1,1,0.5423958897590637
cnn,pso,3,1636,2024-06-05 17:55:00,1,1,0.5009002685546875
cnn,pso,3,1637,2024-06-05 17:55:00,1,1,0.5419602990150452
cnn,pso,3,1638,2024-06-06 12:40:00,0,1,0.8248049020767212
cnn,pso,3,1639,2024-06-06 12:40:00,0,1,0.8169628977775574
cnn,pso,3,1640,2024-06-06 12:45:00,0,1,0.7055694460868835
cnn,pso,3,1641,2024-06-06 12:45:00,0,1,0.7093006372451782
cnn,pso,3,1642,2024-06-06 12:50:00,0,1,0.6859828233718872
cnn,pso,3,1643,2024-06-06 12:50:00,0,1,0.6807175874710083
cnn,pso,3,1644,2024-06-06 12:55:00,0,1,0.7971349358558655
cnn,pso,3,1645,2024-06-06 12:55:00,0,1,0.7066404819488525
cnn,pso,3,1646,2024-06-06 13:00:00,0,0,0.3956699073314667
cnn,pso,3,1647,2024-06-06 13:00:00,0,0,0.4140811264514923
cnn,pso,3,1648,2024-06-06 13:05:00,0,0,0.30171167850494385
cnn,pso,3,1649,2024-06-06 13:05:00,0,0,0.2585473656654358
cnn,pso,3,1650,2024-06-06 13:10:00,0,0,0.2984158992767334
cnn,pso,3,1651,2024-06-06 13:10:00,0,0,0.3113461136817932
cnn,pso,3,1652,2024-06-06 13:15:00,0,0,0.39182624220848083
cnn,pso,3,1653,2024-06-06 13:15:00,0,0,0.38146817684173584
cnn,pso,3,1654,2024-06-06 13:20:00,0,0,0.3545549809932709
cnn,pso,3,1655,2024-06-06 13:20:00,0,0,0.38053596019744873
cnn,pso,3,1656,2024-06-06 13:25:00,0,0,0.381586492061615
cnn,pso,3,1657,2024-06-06 13:25:00,0,0,0.39419135451316833
cnn,pso,3,1658,2024-06-06 13:30:00,0,0,0.3356923460960388
cnn,pso,3,1659,2024-06-06 13:30:00,0,0,0.3342808485031128
cnn,pso,3,1660,2024-06-06 13:35:00,0,0,0.2776155471801758
cnn,pso,3,1661,2024-06-06 13:35:00,0,0,0.29960498213768005
cnn,pso,3,1662,2024-06-06 13:40:00,1,0,0.25894585251808167
cnn,pso,3,1663,2024-06-06 13:40:00,0,0,0.25241103768348694
cnn,pso,3,1664,2024-06-06 13:45:00,1,0,0.2686932384967804
cnn,pso,3,1665,2024-06-06 13:45:00,1,0,0.23414771258831024
cnn,pso,3,1666,2024-06-06 13:50:00,1,0,0.3488798439502716
cnn,pso,3,1667,2024-06-06 13:50:00,1,0,0.34378013014793396
cnn,pso,3,1668,2024-06-06 13:55:00,1,0,0.42884665727615356
cnn,pso,3,1669,2024-06-06 13:55:00,1,0,0.427171915769577
cnn,pso,3,1670,2024-06-06 14:00:00,1,1,0.5734091401100159
cnn,pso,3,1671,2024-06-06 14:00:00,1,1,0.5823368430137634
cnn,pso,3,1672,2024-06-06 14:05:00,1,1,0.5863426327705383
cnn,pso,3,1673,2024-06-06 14:05:00,1,1,0.6328153610229492
cnn,pso,3,1674,2024-06-06 14:10:00,1,1,0.6902363896369934
cnn,pso,3,1675,2024-06-06 14:10:00,1,1,0.5676639080047607
cnn,pso,3,1676,2024-06-06 14:15:00,1,1,0.5808741450309753
cnn,pso,3,1677,2024-06-06 14:15:00,1,1,0.5984379649162292
cnn,pso,3,1678,2024-06-06 14:20:00,1,1,0.7022067904472351
cnn,pso,3,1679,2024-06-06 14:20:00,1,1,0.7086424231529236
cnn,pso,3,1680,2024-06-06 14:25:00,1,1,0.7269178628921509
cnn,pso,3,1681,2024-06-06 14:25:00,1,1,0.7334994077682495
cnn,pso,3,1682,2024-06-06 14:30:00,1,1,0.7584062814712524
cnn,pso,3,1683,2024-06-06 14:30:00,1,1,0.747191309928894
cnn,pso,3,1684,2024-06-06 14:35:00,1,1,0.7745131850242615
cnn,pso,3,1685,2024-06-06 14:35:00,1,1,0.7774451375007629
cnn,pso,3,1686,2024-06-06 14:40:00,1,1,0.7301396727561951
cnn,pso,3,1687,2024-06-06 14:40:00,0,1,0.7580684423446655
cnn,pso,3,1688,2024-06-06 14:45:00,0,1,0.5805556774139404
cnn,pso,3,1689,2024-06-06 14:45:00,1,1,0.5428762435913086
cnn,pso,3,1690,2024-06-06 14:50:00,0,0,0.3765335977077484
cnn,pso,3,1691,2024-06-06 14:50:00,1,0,0.37832126021385193
cnn,pso,3,1692,2024-06-06 14:55:00,0,0,0.30529817938804626
cnn,pso,3,1693,2024-06-06 14:55:00,1,0,0.349115252494812
cnn,pso,3,1694,2024-06-06 15:00:00,1,0,0.32999610900878906
cnn,pso,3,1695,2024-06-06 15:00:00,0,0,0.32144054770469666
cnn,pso,3,1696,2024-06-06 15:05:00,1,0,0.22419144213199615
cnn,pso,3,1697,2024-06-06 15:05:00,1,0,0.23671580851078033
cnn,pso,3,1698,2024-06-06 15:10:00,1,0,0.21925289928913116
cnn,pso,3,1699,2024-06-06 15:10:00,1,0,0.21029216051101685
cnn,pso,3,1700,2024-06-06 15:15:00,1,0,0.37250179052352905
cnn,pso,3,1701,2024-06-06 15:15:00,1,0,0.3772600591182709
cnn,pso,3,1702,2024-06-06 15:20:00,1,0,0.48748281598091125
cnn,pso,3,1703,2024-06-06 15:20:00,1,0,0.49645304679870605
cnn,pso,3,1704,2024-06-06 15:25:00,1,1,0.538239598274231
cnn,pso,3,1705,2024-06-06 15:25:00,1,1,0.5320548415184021
cnn,pso,3,1706,2024-06-06 15:30:00,1,1,0.5680694580078125
cnn,pso,3,1707,2024-06-06 15:30:00,1,1,0.5619590878486633
cnn,pso,3,1708,2024-06-06 15:35:00,1,1,0.6223264932632446
cnn,pso,3,1709,2024-06-06 15:35:00,1,1,0.603214681148529
cnn,pso,3,1710,2024-06-06 15:40:00,1,1,0.6432604193687439
cnn,pso,3,1711,2024-06-06 15:40:00,1,1,0.6594003438949585
cnn,pso,3,1712,2024-06-06 15:45:00,1,1,0.6873300075531006
cnn,pso,3,1713,2024-06-06 15:45:00,1,1,0.7509539127349854
cnn,pso,3,1714,2024-06-06 15:50:00,1,1,0.5565721988677979
cnn,pso,3,1715,2024-06-06 15:50:00,1,1,0.5443524122238159
cnn,pso,3,1716,2024-06-06 15:55:00,1,0,0.408272385597229
cnn,pso,3,1717,2024-06-06 15:55:00,1,0,0.42879173159599304
cnn,pso,3,1718,2024-06-06 16:00:00,1,0,0.31139376759529114
cnn,pso,3,1719,2024-06-06 16:00:00,1,0,0.3105642795562744
cnn,pso,3,1720,2024-06-06 16:05:00,1,0,0.3329845070838928
cnn,pso,3,1721,2024-06-06 16:05:00,1,0,0.3268425464630127
cnn,pso,3,1722,2024-06-06 16:10:00,1,0,0.32749953866004944
cnn,pso,3,1723,2024-06-06 16:10:00,1,0,0.30338555574417114
cnn,pso,3,1724,2024-06-06 16:15:00,1,0,0.32208776473999023
cnn,pso,3,1725,2024-06-06 16:15:00,1,0,0.3484579026699066
cnn,pso,3,1726,2024-06-06 16:20:00,1,0,0.2739666998386383
cnn,pso,3,1727,2024-06-06 16:20:00,1,0,0.3336067199707031
cnn,pso,3,1728,2024-06-06 16:25:00,1,0,0.3327934741973877
cnn,pso,3,1729,2024-06-06 16:25:00,1,0,0.35083964467048645
cnn,pso,3,1730,2024-06-06 16:30:00,1,0,0.3234642744064331
cnn,pso,3,1731,2024-06-06 16:30:00,1,0,0.3379368185997009
cnn,pso,3,1732,2024-06-06 16:35:00,1,0,0.39249515533447266
cnn,pso,3,1733,2024-06-06 16:35:00,1,0,0.39609748125076294
cnn,pso,3,1734,2024-06-06 16:40:00,1,1,0.5588980317115784
cnn,pso,3,1735,2024-06-06 16:40:00,1,1,0.5704190731048584
cnn,pso,3,1736,2024-06-06 16:45:00,1,1,0.6483743786811829
cnn,pso,3,1737,2024-06-06 16:45:00,1,1,0.6404425501823425
cnn,pso,3,1738,2024-06-06 16:50:00,1,1,0.7017343044281006
cnn,pso,3,1739,2024-06-06 16:50:00,1,1,0.7159188985824585
cnn,pso,3,1740,2024-06-06 16:55:00,0,1,0.7347436547279358
cnn,pso,3,1741,2024-06-06 16:55:00,0,1,0.7178845405578613
cnn,pso,3,1742,2024-06-06 17:00:00,0,1,0.7440422773361206
cnn,pso,3,1743,2024-06-06 17:00:00,0,1,0.6687676310539246
cnn,pso,3,1744,2024-06-06 17:05:00,0,1,0.6834119558334351
cnn,pso,3,1745,2024-06-06 17:05:00,0,1,0.5757102370262146
cnn,pso,3,1746,2024-06-06 17:10:00,0,1,0.6042624115943909
cnn,pso,3,1747,2024-06-06 17:10:00,0,1,0.5695180296897888
cnn,pso,3,1748,2024-06-06 17:15:00,0,1,0.6304540038108826
cnn,pso,3,1749,2024-06-06 17:15:00,0,1,0.5819997191429138
cnn,pso,3,1750,2024-06-06 17:20:00,0,1,0.6035444736480713
cnn,pso,3,1751,2024-06-06 17:20:00,0,1,0.5776513814926147
cnn,pso,3,1752,2024-06-06 17:25:00,0,1,0.5234420895576477
cnn,pso,3,1753,2024-06-06 17:25:00,0,1,0.5657081604003906
cnn,pso,3,1754,2024-06-06 17:30:00,0,1,0.5637215971946716
cnn,pso,3,1755,2024-06-06 17:30:00,0,1,0.5463387966156006
cnn,pso,3,1756,2024-06-06 17:35:00,0,1,0.5908105969429016
cnn,pso,3,1757,2024-06-06 17:35:00,0,1,0.5830577611923218
cnn,pso,3,1758,2024-06-06 17:40:00,0,1,0.5010825395584106
cnn,pso,3,1759,2024-06-06 17:40:00,0,1,0.5173170566558838
cnn,pso,3,1760,2024-06-06 17:45:00,0,0,0.46732109785079956
cnn,pso,3,1761,2024-06-06 17:45:00,0,0,0.4998740255832672
cnn,pso,3,1762,2024-06-06 17:50:00,0,1,0.5457310676574707
cnn,pso,3,1763,2024-06-06 17:50:00,0,1,0.5463302135467529
cnn,pso,3,1764,2024-06-06 17:55:00,0,0,0.4899752736091614
cnn,pso,3,1765,2024-06-06 17:55:00,1,1,0.504220187664032
cnn,pso,3,1766,2024-06-07 17:10:00,1,0,0.38400569558143616
cnn,pso,3,1767,2024-06-07 17:15:00,1,0,0.2662859857082367
cnn,pso,3,1768,2024-06-07 17:20:00,1,1,0.5447906255722046
cnn,pso,3,1769,2024-06-07 17:25:00,1,1,0.5413029789924622
cnn,pso,3,1770,2024-06-07 17:30:00,1,1,0.5595515966415405
cnn,pso,3,1771,2024-06-07 17:35:00,1,0,0.47568121552467346
cnn,pso,3,1772,2024-06-07 17:40:00,1,0,0.40705999732017517
cnn,pso,3,1773,2024-06-07 17:45:00,1,0,0.3279188871383667
cnn,pso,3,1774,2024-06-07 17:50:00,1,0,0.39349234104156494
cnn,pso,3,1775,2024-06-07 17:55:00,1,0,0.3901768922805786
cnn,pso,3,1776,2024-06-10 10:40:00,1,1,0.7725160121917725
cnn,pso,3,1777,2024-06-10 10:45:00,1,1,0.8145971298217773
cnn,pso,3,1778,2024-06-10 10:50:00,1,1,0.7796196341514587
cnn,pso,3,1779,2024-06-10 10:55:00,1,1,0.6623677611351013
cnn,pso,3,1780,2024-06-10 11:00:00,1,1,0.5843388438224792
cnn,pso,3,1781,2024-06-10 11:05:00,1,1,0.5376100540161133
cnn,pso,3,1782,2024-06-10 11:10:00,1,1,0.5771946907043457
cnn,pso,3,1783,2024-06-10 11:15:00,1,1,0.6628528833389282
cnn,pso,3,1784,2024-06-10 11:20:00,1,1,0.7139196991920471
cnn,pso,3,1785,2024-06-10 11:25:00,1,1,0.6753131151199341
cnn,pso,3,1786,2024-06-10 11:30:00,1,1,0.5878946781158447
cnn,pso,3,1787,2024-06-10 11:35:00,1,1,0.5732041001319885
cnn,pso,3,1788,2024-06-10 11:40:00,1,1,0.6147192120552063
cnn,pso,3,1789,2024-06-10 11:45:00,1,1,0.6232795119285583
cnn,pso,3,1790,2024-06-10 11:50:00,0,1,0.6789973974227905
cnn,pso,3,1791,2024-06-10 11:50:00,0,1,0.6701812744140625
cnn,pso,3,1792,2024-06-10 11:55:00,0,1,0.5239543318748474
cnn,pso,3,1793,2024-06-10 11:55:00,0,1,0.5351513624191284
cnn,pso,3,1794,2024-06-10 12:00:00,0,0,0.4809266924858093
cnn,pso,3,1795,2024-06-10 12:00:00,0,0,0.4813764691352844
cnn,pso,3,1796,2024-06-10 12:05:00,0,0,0.4346500635147095
cnn,pso,3,1797,2024-06-10 12:05:00,0,0,0.4621362090110779
cnn,pso,3,1798,2024-06-10 12:10:00,0,0,0.3807072937488556
cnn,pso,3,1799,2024-06-10 12:10:00,0,0,0.3669487237930298
cnn,pso,3,1800,2024-06-10 12:15:00,0,0,0.4129387438297272
cnn,pso,3,1801,2024-06-10 12:15:00,0,0,0.4142651855945587
cnn,pso,3,1802,2024-06-10 12:20:00,0,0,0.41194942593574524
cnn,pso,3,1803,2024-06-10 12:20:00,0,0,0.4042222499847412
cnn,pso,3,1804,2024-06-10 12:25:00,0,0,0.39390814304351807
cnn,pso,3,1805,2024-06-10 12:25:00,0,0,0.39713507890701294
cnn,pso,3,1806,2024-06-10 12:30:00,0,0,0.3320227563381195
cnn,pso,3,1807,2024-06-10 12:30:00,0,0,0.33030158281326294
cnn,pso,3,1808,2024-06-10 12:35:00,0,0,0.3689437806606293
cnn,pso,3,1809,2024-06-10 12:35:00,0,0,0.35735172033309937
cnn,pso,3,1810,2024-06-10 12:40:00,0,0,0.4243371784687042
cnn,pso,3,1811,2024-06-10 12:40:00,0,0,0.42006149888038635
cnn,pso,3,1812,2024-06-10 12:45:00,0,0,0.43164899945259094
cnn,pso,3,1813,2024-06-10 12:45:00,0,0,0.4278299808502197
cnn,pso,3,1814,2024-06-10 12:50:00,1,0,0.35753417015075684
cnn,pso,3,1815,2024-06-10 12:50:00,0,0,0.36257675290107727
cnn,pso,3,1816,2024-06-10 12:55:00,1,0,0.4109400808811188
cnn,pso,3,1817,2024-06-10 12:55:00,0,0,0.4031611680984497
cnn,pso,3,1818,2024-06-10 13:00:00,1,0,0.4672437906265259
cnn,pso,3,1819,2024-06-10 13:00:00,0,0,0.4567124843597412
cnn,pso,3,1820,2024-06-10 13:05:00,1,1,0.5272300243377686
cnn,pso,3,1821,2024-06-10 13:05:00,0,1,0.5232429504394531
cnn,pso,3,1822,2024-06-10 13:10:00,0,1,0.5991690158843994
cnn,pso,3,1823,2024-06-10 13:10:00,0,1,0.5952521562576294
cnn,pso,3,1824,2024-06-10 13:15:00,0,1,0.5696789622306824
cnn,pso,3,1825,2024-06-10 13:15:00,0,1,0.5653194785118103
cnn,pso,3,1826,2024-06-10 13:20:00,0,1,0.5179564356803894
cnn,pso,3,1827,2024-06-10 13:20:00,0,1,0.5162579417228699
cnn,pso,3,1828,2024-06-10 13:25:00,0,0,0.45238062739372253
cnn,pso,3,1829,2024-06-10 13:25:00,0,0,0.4632650911808014
cnn,pso,3,1830,2024-06-10 13:30:00,0,0,0.3859807550907135
cnn,pso,3,1831,2024-06-10 13:30:00,0,0,0.3973729908466339
cnn,pso,3,1832,2024-06-10 13:35:00,0,0,0.4255707859992981
cnn,pso,3,1833,2024-06-10 13:35:00,0,0,0.43175116181373596
cnn,pso,3,1834,2024-06-10 13:40:00,0,1,0.5061983466148376
cnn,pso,3,1835,2024-06-10 13:40:00,0,1,0.5034725069999695
cnn,pso,3,1836,2024-06-10 13:45:00,0,0,0.4415636360645294
cnn,pso,3,1837,2024-06-10 13:45:00,0,0,0.4444299340248108
cnn,pso,3,1838,2024-06-10 13:50:00,0,0,0.46766364574432373
cnn,pso,3,1839,2024-06-10 13:50:00,0,0,0.4661710262298584
cnn,pso,3,1840,2024-06-10 13:55:00,0,0,0.4749484062194824
cnn,pso,3,1841,2024-06-10 13:55:00,0,0,0.4814641773700714
cnn,pso,3,1842,2024-06-10 14:00:00,0,1,0.5058905482292175
cnn,pso,3,1843,2024-06-10 14:00:00,0,1,0.5030434131622314
cnn,pso,3,1844,2024-06-10 14:05:00,0,1,0.5190132856369019
cnn,pso,3,1845,2024-06-10 14:05:00,0,1,0.5244619846343994
cnn,pso,3,1846,2024-06-10 14:10:00,0,0,0.4316628575325012
cnn,pso,3,1847,2024-06-10 14:10:00,0,0,0.4351833462715149
cnn,pso,3,1848,2024-06-10 14:15:00,0,0,0.39625367522239685
cnn,pso,3,1849,2024-06-10 14:15:00,0,0,0.3899538516998291
cnn,pso,3,1850,2024-06-10 14:20:00,0,0,0.3507170081138611
cnn,pso,3,1851,2024-06-10 14:20:00,0,0,0.3389514684677124
cnn,pso,3,1852,2024-06-10 14:25:00,0,0,0.3826514482498169
cnn,pso,3,1853,2024-06-10 14:25:00,0,0,0.39461207389831543
cnn,pso,3,1854,2024-06-10 14:30:00,0,0,0.437543660402298
cnn,pso,3,1855,2024-06-10 14:30:00,0,0,0.4433199465274811
cnn,pso,3,1856,2024-06-10 14:35:00,0,0,0.465921550989151
cnn,pso,3,1857,2024-06-10 14:35:00,0,0,0.4796961545944214
cnn,pso,3,1858,2024-06-10 14:40:00,0,0,0.48230957984924316
cnn,pso,3,1859,2024-06-10 14:40:00,0,0,0.4870399832725525
cnn,pso,3,1860,2024-06-10 14:45:00,0,1,0.5779012441635132
cnn,pso,3,1861,2024-06-10 14:45:00,0,1,0.5756946802139282
cnn,pso,3,1862,2024-06-10 14:50:00,0,1,0.5464731454849243
cnn,pso,3,1863,2024-06-10 14:50:00,0,1,0.5554381608963013
cnn,pso,3,1864,2024-06-10 14:55:00,0,0,0.39479684829711914
cnn,pso,3,1865,2024-06-10 14:55:00,0,0,0.3972129225730896
cnn,pso,3,1866,2024-06-10 15:00:00,0,0,0.26707538962364197
cnn,pso,3,1867,2024-06-10 15:00:00,0,0,0.27344265580177307
cnn,pso,3,1868,2024-06-10 15:05:00,0,0,0.27332061529159546
cnn,pso,3,1869,2024-06-10 15:05:00,0,0,0.279977411031723
cnn,pso,3,1870,2024-06-10 15:10:00,0,0,0.2846716642379761
cnn,pso,3,1871,2024-06-10 15:10:00,0,0,0.29223790764808655
cnn,pso,3,1872,2024-06-10 15:15:00,0,0,0.3215625286102295
cnn,pso,3,1873,2024-06-10 15:15:00,0,0,0.32611992955207825
cnn,pso,3,1874,2024-06-10 15:20:00,1,0,0.32288244366645813
cnn,pso,3,1875,2024-06-10 15:20:00,1,0,0.3170004189014435
cnn,pso,3,1876,2024-06-10 15:25:00,1,0,0.36603182554244995
cnn,pso,3,1877,2024-06-10 15:25:00,1,0,0.3778436779975891
cnn,pso,3,1878,2024-06-10 15:30:00,1,0,0.4210659861564636
cnn,pso,3,1879,2024-06-10 15:30:00,1,0,0.42276379466056824
cnn,pso,3,1880,2024-06-10 15:35:00,1,1,0.644843339920044
cnn,pso,3,1881,2024-06-10 15:35:00,1,1,0.6437973976135254
cnn,pso,3,1882,2024-06-10 15:40:00,0,1,0.7247177362442017
cnn,pso,3,1883,2024-06-10 15:40:00,0,1,0.7208327651023865
cnn,pso,3,1884,2024-06-10 15:45:00,0,1,0.6881767511367798
cnn,pso,3,1885,2024-06-10 15:45:00,0,1,0.6957098245620728
cnn,pso,3,1886,2024-06-10 15:50:00,0,1,0.6619409322738647
cnn,pso,3,1887,2024-06-10 15:50:00,0,1,0.6659451723098755
cnn,pso,3,1888,2024-06-10 15:55:00,0,1,0.58292555809021
cnn,pso,3,1889,2024-06-10 15:55:00,0,1,0.5777360796928406
cnn,pso,3,1890,2024-06-10 16:00:00,0,1,0.5752303004264832
cnn,pso,3,1891,2024-06-10 16:00:00,0,1,0.572170615196228
cnn,pso,3,1892,2024-06-10 16:05:00,0,0,0.44114217162132263
cnn,pso,3,1893,2024-06-10 16:05:00,0,0,0.4398317337036133
cnn,pso,3,1894,2024-06-10 16:10:00,0,1,0.5089333057403564
cnn,pso,3,1895,2024-06-10 16:10:00,0,1,0.5089119076728821
cnn,pso,3,1896,2024-06-10 16:15:00,0,1,0.5239560008049011
cnn,pso,3,1897,2024-06-10 16:15:00,0,1,0.5232848525047302
cnn,pso,3,1898,2024-06-10 16:20:00,0,1,0.5327692627906799
cnn,pso,3,1899,2024-06-10 16:20:00,0,1,0.5366410613059998
cnn,pso,3,1900,2024-06-10 16:25:00,0,0,0.4845423400402069
cnn,pso,3,1901,2024-06-10 16:25:00,0,0,0.4659602642059326
cnn,pso,3,1902,2024-06-10 16:30:00,0,0,0.37648552656173706
cnn,pso,3,1903,2024-06-10 16:30:00,0,0,0.37130555510520935
cnn,pso,3,1904,2024-06-10 16:35:00,0,0,0.37469857931137085
cnn,pso,3,1905,2024-06-10 16:35:00,0,0,0.3572617769241333
cnn,pso,3,1906,2024-06-10 16:40:00,0,0,0.4804058074951172
cnn,pso,3,1907,2024-06-10 16:40:00,0,0,0.48671117424964905
cnn,pso,3,1908,2024-06-10 16:45:00,0,0,0.42275118827819824
cnn,pso,3,1909,2024-06-10 16:45:00,0,0,0.44030094146728516
cnn,pso,3,1910,2024-06-10 16:50:00,0,0,0.39328867197036743
cnn,pso,3,1911,2024-06-10 16:50:00,0,0,0.3536011278629303
cnn,pso,3,1912,2024-06-10 16:55:00,0,0,0.40429240465164185
cnn,pso,3,1913,2024-06-10 16:55:00,0,0,0.38786667585372925
cnn,pso,3,1914,2024-06-10 17:00:00,0,0,0.423505961894989
cnn,pso,3,1915,2024-06-10 17:00:00,1,0,0.4180351793766022
cnn,pso,3,1916,2024-06-10 17:05:00,1,0,0.4132351875305176
cnn,pso,3,1917,2024-06-10 17:05:00,0,0,0.42649611830711365
cnn,pso,3,1918,2024-06-10 17:10:00,1,0,0.47861355543136597
cnn,pso,3,1919,2024-06-10 17:10:00,0,0,0.47302567958831787
cnn,pso,3,1920,2024-06-10 17:15:00,1,0,0.46141287684440613
cnn,pso,3,1921,2024-06-10 17:15:00,1,0,0.4534381628036499
cnn,pso,3,1922,2024-06-10 17:20:00,1,0,0.4521428048610687
cnn,pso,3,1923,2024-06-10 17:20:00,1,0,0.45211267471313477
cnn,pso,3,1924,2024-06-10 17:25:00,1,1,0.5144680142402649
cnn,pso,3,1925,2024-06-10 17:25:00,1,1,0.5143505930900574
cnn,pso,3,1926,2024-06-10 17:30:00,1,1,0.5958820581436157
cnn,pso,3,1927,2024-06-10 17:30:00,1,1,0.5877729654312134
cnn,pso,3,1928,2024-06-10 17:35:00,1,1,0.6266793608665466
cnn,pso,3,1929,2024-06-10 17:35:00,1,1,0.6375824213027954
cnn,pso,3,1930,2024-06-10 17:40:00,1,1,0.5980340242385864
cnn,pso,3,1931,2024-06-10 17:40:00,1,1,0.5954891443252563
cnn,pso,3,1932,2024-06-10 17:45:00,1,1,0.593341588973999
cnn,pso,3,1933,2024-06-10 17:45:00,1,1,0.5922582149505615
cnn,pso,3,1934,2024-06-10 17:50:00,1,1,0.5352563261985779
cnn,pso,3,1935,2024-06-10 17:50:00,1,1,0.5371360778808594
cnn,pso,3,1936,2024-06-10 17:55:00,0,1,0.5438276529312134
cnn,pso,3,1937,2024-06-10 17:55:00,0,1,0.5438396334648132
cnn,pso,3,1938,2024-06-12 10:40:00,0,0,0.14346159994602203
cnn,pso,3,1939,2024-06-12 10:40:00,0,0,0.14353668689727783
cnn,pso,3,1940,2024-06-12 10:45:00,0,0,0.15105044841766357
cnn,pso,3,1941,2024-06-12 10:45:00,0,0,0.1520337164402008
cnn,pso,3,1942,2024-06-12 10:50:00,0,0,0.13730910420417786
cnn,pso,3,1943,2024-06-12 10:50:00,0,0,0.1385563313961029
cnn,pso,3,1944,2024-06-12 10:55:00,0,0,0.15202696621418
cnn,pso,3,1945,2024-06-12 10:55:00,0,0,0.1516520082950592
cnn,pso,3,1946,2024-06-12 11:00:00,1,0,0.1279076784849167
cnn,pso,3,1947,2024-06-12 11:00:00,0,0,0.12856604158878326
cnn,pso,3,1948,2024-06-12 11:05:00,0,0,0.13278046250343323
cnn,pso,3,1949,2024-06-12 11:05:00,1,0,0.1329452246427536
cnn,pso,3,1950,2024-06-12 11:10:00,1,0,0.15082409977912903
cnn,pso,3,1951,2024-06-12 11:10:00,1,0,0.14854905009269714
cnn,pso,3,1952,2024-06-12 11:15:00,1,0,0.20454071462154388
cnn,pso,3,1953,2024-06-12 11:15:00,1,0,0.20482632517814636
cnn,pso,3,1954,2024-06-12 11:20:00,1,0,0.3089960217475891
cnn,pso,3,1955,2024-06-12 11:20:00,1,0,0.3177339732646942
cnn,pso,3,1956,2024-06-12 11:25:00,1,0,0.44126442074775696
cnn,pso,3,1957,2024-06-12 11:25:00,1,0,0.4524279534816742
cnn,pso,3,1958,2024-06-12 11:30:00,1,0,0.4344260096549988
cnn,pso,3,1959,2024-06-12 11:30:00,1,0,0.4487825632095337
cnn,pso,3,1960,2024-06-12 11:35:00,1,0,0.37212783098220825
cnn,pso,3,1961,2024-06-12 11:35:00,1,0,0.39027222990989685
cnn,pso,3,1962,2024-06-12 11:40:00,1,0,0.35956165194511414
cnn,pso,3,1963,2024-06-12 11:40:00,1,0,0.3720744252204895
cnn,pso,3,1964,2024-06-12 11:45:00,1,0,0.33257007598876953
cnn,pso,3,1965,2024-06-12 11:45:00,1,0,0.3398831784725189
cnn,pso,3,1966,2024-06-12 11:50:00,1,0,0.36206281185150146
cnn,pso,3,1967,2024-06-12 11:50:00,1,0,0.37070730328559875
cnn,pso,3,1968,2024-06-12 11:55:00,1,0,0.37133580446243286
cnn,pso,3,1969,2024-06-12 11:55:00,1,0,0.36613741517066956
cnn,pso,3,1970,2024-06-12 12:00:00,1,0,0.32650843262672424
cnn,pso,3,1971,2024-06-12 12:00:00,1,0,0.3302181661128998
cnn,pso,3,1972,2024-06-12 12:05:00,1,0,0.3007585406303406
cnn,pso,3,1973,2024-06-12 12:05:00,1,0,0.29963767528533936
cnn,pso,3,1974,2024-06-12 12:10:00,1,0,0.26899707317352295
cnn,pso,3,1975,2024-06-12 12:10:00,1,0,0.2709658741950989
cnn,pso,3,1976,2024-06-12 12:15:00,1,0,0.2933254539966583
cnn,pso,3,1977,2024-06-12 12:15:00,1,0,0.2990474998950958
cnn,pso,3,1978,2024-06-12 12:20:00,1,0,0.42550188302993774
cnn,pso,3,1979,2024-06-12 12:20:00,1,0,0.4243606626987457
cnn,pso,3,1980,2024-06-12 12:25:00,1,1,0.5853195190429688
cnn,pso,3,1981,2024-06-12 12:25:00,1,1,0.6067845225334167
cnn,pso,3,1982,2024-06-12 12:30:00,1,1,0.5927315354347229
cnn,pso,3,1983,2024-06-12 12:30:00,1,1,0.6186040043830872
cnn,pso,3,1984,2024-06-12 12:35:00,1,1,0.6189641356468201
cnn,pso,3,1985,2024-06-12 12:35:00,1,1,0.6280699968338013
cnn,pso,3,1986,2024-06-12 12:40:00,1,1,0.6457993388175964
cnn,pso,3,1987,2024-06-12 12:40:00,1,1,0.6598471403121948
cnn,pso,3,1988,2024-06-12 12:45:00,1,1,0.6451037526130676
cnn,pso,3,1989,2024-06-12 12:45:00,1,1,0.6368895173072815
cnn,pso,3,1990,2024-06-12 12:50:00,1,1,0.6371937990188599
cnn,pso,3,1991,2024-06-12 12:50:00,1,1,0.643125057220459
cnn,pso,3,1992,2024-06-12 12:55:00,1,1,0.6096433401107788
cnn,pso,3,1993,2024-06-12 12:55:00,1,1,0.6247212886810303
cnn,pso,3,1994,2024-06-12 13:00:00,1,1,0.6187576651573181
cnn,pso,3,1995,2024-06-12 13:00:00,1,1,0.6085873246192932
cnn,pso,3,1996,2024-06-12 13:05:00,1,0,0.4866001605987549
cnn,pso,3,1997,2024-06-12 13:05:00,1,1,0.5011792182922363
cnn,pso,3,1998,2024-06-12 13:10:00,1,0,0.4041644334793091
cnn,pso,3,1999,2024-06-12 13:10:00,1,0,0.3905196189880371
cnn,pso,3,2000,2024-06-12 13:15:00,1,0,0.4497842788696289
cnn,pso,3,2001,2024-06-12 13:15:00,1,0,0.4569537043571472
cnn,pso,3,2002,2024-06-12 13:20:00,1,1,0.5271376371383667
cnn,pso,3,2003,2024-06-12 13:20:00,1,1,0.509679913520813
cnn,pso,3,2004,2024-06-12 13:25:00,1,1,0.6290913820266724
cnn,pso,3,2005,2024-06-12 13:25:00,1,1,0.6225000023841858
cnn,pso,3,2006,2024-06-12 13:30:00,1,1,0.7042531371116638
cnn,pso,3,2007,2024-06-12 13:30:00,1,1,0.7125100493431091
cnn,pso,3,2008,2024-06-12 13:35:00,1,1,0.7442870140075684
cnn,pso,3,2009,2024-06-12 13:35:00,1,1,0.7380635738372803
cnn,pso,3,2010,2024-06-12 13:40:00,1,1,0.7554726600646973
cnn,pso,3,2011,2024-06-12 13:40:00,1,1,0.7434932589530945
cnn,pso,3,2012,2024-06-12 13:45:00,1,1,0.6658181548118591
cnn,pso,3,2013,2024-06-12 13:45:00,1,1,0.691834568977356
cnn,pso,3,2014,2024-06-12 13:50:00,0,1,0.6964201927185059
cnn,pso,3,2015,2024-06-12 13:50:00,1,1,0.7095081806182861
cnn,pso,3,2016,2024-06-12 13:55:00,1,1,0.5826506018638611
cnn,pso,3,2017,2024-06-12 13:55:00,0,1,0.591053307056427
cnn,pso,3,2018,2024-06-12 14:00:00,0,0,0.39056628942489624
cnn,pso,3,2019,2024-06-12 14:00:00,1,0,0.35615408420562744
cnn,pso,3,2020,2024-06-12 14:05:00,0,0,0.2946827709674835
cnn,pso,3,2021,2024-06-12 14:05:00,1,0,0.24325762689113617
cnn,pso,3,2022,2024-06-12 14:10:00,0,0,0.3266274631023407
cnn,pso,3,2023,2024-06-12 14:10:00,1,0,0.27127987146377563
cnn,pso,3,2024,2024-06-12 14:15:00,1,0,0.2677752375602722
cnn,pso,3,2025,2024-06-12 14:15:00,0,0,0.34810253977775574
cnn,pso,3,2026,2024-06-12 14:20:00,1,0,0.44816020131111145
cnn,pso,3,2027,2024-06-12 14:20:00,0,0,0.4732416570186615
cnn,pso,3,2028,2024-06-12 14:25:00,1,0,0.4789697825908661
cnn,pso,3,2029,2024-06-12 14:25:00,0,0,0.47982338070869446
cnn,pso,3,2030,2024-06-12 14:30:00,0,1,0.5817821621894836
cnn,pso,3,2031,2024-06-12 14:30:00,1,1,0.5797281265258789
cnn,pso,3,2032,2024-06-12 14:35:00,0,1,0.6344183683395386
cnn,pso,3,2033,2024-06-12 14:35:00,1,1,0.65781569480896
cnn,pso,3,2034,2024-06-12 14:40:00,1,1,0.6965215802192688
cnn,pso,3,2035,2024-06-12 14:40:00,0,1,0.65236496925354
cnn,pso,3,2036,2024-06-12 14:45:00,0,1,0.7001516222953796
cnn,pso,3,2037,2024-06-12 14:45:00,0,1,0.6643221378326416
cnn,pso,3,2038,2024-06-12 14:50:00,0,1,0.602603018283844
cnn,pso,3,2039,2024-06-12 14:50:00,0,1,0.6055688858032227
cnn,pso,3,2040,2024-06-12 14:55:00,0,1,0.596254825592041
cnn,pso,3,2041,2024-06-12 14:55:00,0,1,0.5643657445907593
cnn,pso,3,2042,2024-06-12 15:00:00,0,0,0.3600074350833893
cnn,pso,3,2043,2024-06-12 15:00:00,0,0,0.4377545416355133
cnn,pso,3,2044,2024-06-12 15:05:00,0,0,0.40953391790390015
cnn,pso,3,2045,2024-06-12 15:05:00,0,0,0.37587782740592957
cnn,pso,3,2046,2024-06-12 15:10:00,0,0,0.28385069966316223
cnn,pso,3,2047,2024-06-12 15:10:00,0,0,0.3623936176300049
cnn,pso,3,2048,2024-06-12 15:15:00,0,0,0.4583778381347656
cnn,pso,3,2049,2024-06-12 15:15:00,0,0,0.4189656972885132
cnn,pso,3,2050,2024-06-12 15:20:00,0,0,0.4091576039791107
cnn,pso,3,2051,2024-06-12 15:20:00,0,0,0.46958544850349426
cnn,pso,3,2052,2024-06-12 15:25:00,0,0,0.4583026170730591
cnn,pso,3,2053,2024-06-12 15:25:00,0,0,0.48208844661712646
cnn,pso,3,2054,2024-06-12 15:30:00,0,0,0.377045214176178
cnn,pso,3,2055,2024-06-12 15:30:00,0,0,0.4727030396461487
cnn,pso,3,2056,2024-06-12 15:35:00,0,0,0.3740012049674988
cnn,pso,3,2057,2024-06-12 15:35:00,0,0,0.42454198002815247
cnn,pso,3,2058,2024-06-12 15:40:00,0,0,0.34708908200263977
cnn,pso,3,2059,2024-06-12 15:40:00,0,0,0.21756239235401154
cnn,pso,3,2060,2024-06-12 15:45:00,1,0,0.24052920937538147
cnn,pso,3,2061,2024-06-12 15:45:00,1,0,0.15148019790649414
cnn,pso,3,2062,2024-06-12 15:50:00,1,0,0.23284561932086945
cnn,pso,3,2063,2024-06-12 15:50:00,1,0,0.14184081554412842
cnn,pso,3,2064,2024-06-12 15:55:00,1,0,0.20631228387355804
cnn,pso,3,2065,2024-06-12 15:55:00,1,0,0.3106954097747803
cnn,pso,3,2066,2024-06-12 16:00:00,1,0,0.3173140287399292
cnn,pso,3,2067,2024-06-12 16:00:00,1,0,0.38275763392448425
cnn,pso,3,2068,2024-06-12 16:05:00,1,0,0.3469832241535187
cnn,pso,3,2069,2024-06-12 16:05:00,1,0,0.42002877593040466
cnn,pso,3,2070,2024-06-12 16:10:00,1,0,0.47852006554603577
cnn,pso,3,2071,2024-06-12 16:10:00,1,0,0.47300589084625244
cnn,pso,3,2072,2024-06-12 16:15:00,0,1,0.6651561856269836
cnn,pso,3,2073,2024-06-12 16:15:00,1,1,0.5445278882980347
cnn,pso,3,2074,2024-06-12 16:20:00,1,1,0.5205122232437134
cnn,pso,3,2075,2024-06-12 16:20:00,0,0,0.4872422516345978
cnn,pso,3,2076,2024-06-12 16:25:00,0,0,0.3716430366039276
cnn,pso,3,2077,2024-06-12 16:25:00,1,0,0.4647751748561859
cnn,pso,3,2078,2024-06-12 16:30:00,0,0,0.43831130862236023
cnn,pso,3,2079,2024-06-12 16:30:00,1,0,0.4801042377948761
cnn,pso,3,2080,2024-06-12 16:35:00,1,1,0.5315396189689636
cnn,pso,3,2081,2024-06-12 16:35:00,0,1,0.5064719319343567
cnn,pso,3,2082,2024-06-12 16:40:00,1,1,0.5306793451309204
cnn,pso,3,2083,2024-06-12 16:40:00,0,1,0.5106400847434998
cnn,pso,3,2084,2024-06-12 16:45:00,0,1,0.6144164204597473
cnn,pso,3,2085,2024-06-12 16:45:00,1,1,0.5720052719116211
cnn,pso,3,2086,2024-06-12 16:50:00,0,1,0.6554995179176331
cnn,pso,3,2087,2024-06-12 16:50:00,1,1,0.6343979835510254
cnn,pso,3,2088,2024-06-12 16:55:00,0,1,0.6238717436790466
cnn,pso,3,2089,2024-06-12 17:00:00,0,1,0.627677857875824
cnn,pso,3,2090,2024-06-12 17:05:00,0,0,0.49329501390457153
cnn,pso,3,2091,2024-06-12 17:10:00,0,1,0.5096542835235596
cnn,pso,3,2092,2024-06-12 17:15:00,0,0,0.4645736813545227
cnn,pso,3,2093,2024-06-12 17:20:00,0,1,0.5075085759162903
cnn,pso,3,2094,2024-06-12 17:25:00,0,0,0.4469764530658722
cnn,pso,3,2095,2024-06-12 17:30:00,0,0,0.3540552258491516
cnn,pso,3,2096,2024-06-12 17:35:00,0,0,0.2724109888076782
cnn,pso,3,2097,2024-06-12 17:40:00,0,0,0.2348579466342926
cnn,pso,3,2098,2024-06-12 17:45:00,0,0,0.32843419909477234
cnn,pso,3,2099,2024-06-12 17:50:00,0,0,0.3209957778453827
cnn,pso,3,2100,2024-06-12 17:55:00,0,0,0.30148378014564514
cnn,pso,3,2101,2024-06-13 12:10:00,1,0,0.2982739806175232
cnn,pso,3,2102,2024-06-13 12:15:00,1,0,0.47265732288360596
cnn,pso,3,2103,2024-06-13 12:20:00,1,1,0.7105329632759094
cnn,pso,3,2104,2024-06-13 12:25:00,1,1,0.8243576288223267
cnn,pso,3,2105,2024-06-13 12:30:00,1,1,0.8312532305717468
cnn,pso,3,2106,2024-06-13 12:35:00,1,1,0.7434945106506348
cnn,pso,3,2107,2024-06-13 12:40:00,1,1,0.6944953799247742
cnn,pso,3,2108,2024-06-13 12:45:00,1,1,0.671277642250061
cnn,pso,3,2109,2024-06-13 12:50:00,1,1,0.687573254108429
cnn,pso,3,2110,2024-06-13 12:55:00,1,1,0.7062781453132629
cnn,pso,3,2111,2024-06-13 13:00:00,1,1,0.6892964243888855
cnn,pso,3,2112,2024-06-13 13:05:00,1,1,0.73471599817276
cnn,pso,3,2113,2024-06-13 13:10:00,1,1,0.6804913282394409
cnn,pso,3,2114,2024-06-13 13:15:00,1,1,0.5834193229675293
cnn,pso,3,2115,2024-06-13 13:20:00,1,1,0.5416035056114197
cnn,pso,3,2116,2024-06-13 13:25:00,1,0,0.4213387370109558
cnn,pso,3,2117,2024-06-13 13:30:00,1,0,0.48700034618377686
cnn,pso,3,2118,2024-06-13 13:35:00,1,0,0.4800749123096466
cnn,pso,3,2119,2024-06-13 13:40:00,1,0,0.3798505365848541
cnn,pso,3,2120,2024-06-13 13:45:00,1,0,0.4361555576324463
cnn,pso,3,2121,2024-06-13 13:50:00,1,1,0.648578405380249
cnn,pso,3,2122,2024-06-13 13:55:00,1,1,0.683412492275238
cnn,pso,3,2123,2024-06-13 14:00:00,1,1,0.6773471236228943
cnn,pso,3,2124,2024-06-13 14:05:00,1,1,0.663689911365509
cnn,pso,3,2125,2024-06-13 14:10:00,0,1,0.6768799424171448
cnn,pso,3,2126,2024-06-13 14:15:00,0,1,0.5452690720558167
cnn,pso,3,2127,2024-06-13 14:20:00,0,0,0.49677005410194397
cnn,pso,3,2128,2024-06-13 14:25:00,0,0,0.41391661763191223
cnn,pso,3,2129,2024-06-13 14:30:00,0,0,0.32704904675483704
cnn,pso,3,2130,2024-06-13 14:35:00,0,0,0.3600921034812927
cnn,pso,3,2131,2024-06-13 14:40:00,0,0,0.4226788580417633
cnn,pso,3,2132,2024-06-13 14:45:00,0,0,0.3816813826560974
cnn,pso,3,2133,2024-06-13 14:50:00,0,0,0.40963488817214966
cnn,pso,3,2134,2024-06-13 14:55:00,0,0,0.4969637393951416
cnn,pso,3,2135,2024-06-13 15:00:00,0,1,0.5515026450157166
cnn,pso,3,2136,2024-06-13 15:05:00,0,1,0.6280244588851929
cnn,pso,3,2137,2024-06-13 15:10:00,0,1,0.5544654726982117
cnn,pso,3,2138,2024-06-13 15:15:00,0,0,0.4474673569202423
cnn,pso,3,2139,2024-06-13 15:20:00,0,0,0.46700525283813477
cnn,pso,3,2140,2024-06-13 15:25:00,0,0,0.49546992778778076
cnn,pso,3,2141,2024-06-13 15:30:00,0,1,0.5424630045890808
cnn,pso,3,2142,2024-06-13 15:35:00,0,0,0.46173766255378723
cnn,pso,3,2143,2024-06-13 15:40:00,0,1,0.5641127228736877
cnn,pso,3,2144,2024-06-13 15:45:00,0,1,0.6531223654747009
cnn,pso,3,2145,2024-06-13 15:50:00,0,1,0.5875484943389893
cnn,pso,3,2146,2024-06-13 15:55:00,0,1,0.5772444009780884
cnn,pso,3,2147,2024-06-13 16:00:00,0,1,0.5482656359672546
cnn,pso,3,2148,2024-06-13 16:05:00,0,1,0.508485734462738
cnn,pso,3,2149,2024-06-13 16:10:00,0,0,0.4346024692058563
cnn,pso,3,2150,2024-06-13 16:15:00,0,0,0.45247164368629456
cnn,pso,3,2151,2024-06-13 16:20:00,0,1,0.5059285163879395
cnn,pso,3,2152,2024-06-13 16:25:00,0,0,0.4865122139453888
cnn,pso,3,2153,2024-06-13 16:30:00,0,0,0.3646427094936371
cnn,pso,3,2154,2024-06-13 16:35:00,0,0,0.4476763606071472
cnn,pso,3,2155,2024-06-13 16:40:00,0,0,0.436783105134964
cnn,pso,3,2156,2024-06-13 16:45:00,0,0,0.38940802216529846
cnn,pso,3,2157,2024-06-13 16:50:00,0,0,0.41484835743904114
cnn,pso,3,2158,2024-06-13 16:55:00,0,0,0.3493577539920807
cnn,pso,3,2159,2024-06-13 17:00:00,0,0,0.28534841537475586
cnn,pso,3,2160,2024-06-13 17:05:00,0,0,0.20682506263256073
cnn,pso,3,2161,2024-06-13 17:10:00,0,0,0.19268476963043213
cnn,pso,3,2162,2024-06-13 17:15:00,0,0,0.2422606348991394
cnn,pso,3,2163,2024-06-13 17:20:00,0,0,0.24735291302204132
cnn,pso,3,2164,2024-06-13 17:25:00,0,0,0.29013168811798096
cnn,pso,3,2165,2024-06-13 17:30:00,0,0,0.33933234214782715
cnn,pso,3,2166,2024-06-13 17:35:00,0,0,0.29437580704689026
cnn,pso,3,2167,2024-06-13 17:40:00,0,0,0.36042624711990356
cnn,pso,3,2168,2024-06-13 17:45:00,0,0,0.45354124903678894
cnn,pso,3,2169,2024-06-13 17:50:00,0,0,0.4572988748550415
cnn,pso,3,2170,2024-06-13 17:55:00,0,0,0.4453616738319397
cnn,pso,3,2171,2024-06-14 11:05:00,1,0,0.32119160890579224
cnn,pso,3,2172,2024-06-14 11:10:00,1,0,0.36433640122413635
cnn,pso,3,2173,2024-06-14 11:15:00,1,0,0.4460773169994354
cnn,pso,3,2174,2024-06-14 11:20:00,1,1,0.6133736371994019
cnn,pso,3,2175,2024-06-14 11:25:00,1,1,0.7273938059806824
cnn,pso,3,2176,2024-06-14 11:30:00,1,1,0.6548578143119812
cnn,pso,3,2177,2024-06-14 11:35:00,1,1,0.5928133726119995
cnn,pso,3,2178,2024-06-14 11:40:00,1,1,0.5789145231246948
cnn,pso,3,2179,2024-06-14 11:45:00,1,1,0.5684606432914734
cnn,pso,3,2180,2024-06-14 11:50:00,1,1,0.7583091259002686
cnn,pso,3,2181,2024-06-14 11:55:00,1,1,0.8465259075164795
cnn,pso,3,2182,2024-06-14 12:00:00,1,1,0.8746993541717529
cnn,pso,3,2183,2024-06-14 12:05:00,0,1,0.8932052850723267
cnn,pso,3,2184,2024-06-14 12:10:00,0,1,0.8931401371955872
cnn,pso,3,2185,2024-06-14 12:15:00,0,1,0.8918184041976929
cnn,pso,3,2186,2024-06-14 12:20:00,0,1,0.8764081597328186
cnn,pso,3,2187,2024-06-14 12:25:00,0,1,0.7576003074645996
cnn,pso,3,2188,2024-06-14 12:30:00,0,1,0.608521580696106
cnn,pso,3,2189,2024-06-14 12:35:00,0,1,0.502303421497345
cnn,pso,3,2190,2024-06-14 12:40:00,0,0,0.3546305298805237
cnn,pso,3,2191,2024-06-14 12:45:00,0,0,0.25702473521232605
cnn,pso,3,2192,2024-06-14 12:50:00,0,0,0.3636271059513092
cnn,pso,3,2193,2024-06-14 12:55:00,0,0,0.47156593203544617
cnn,pso,3,2194,2024-06-14 13:00:00,0,1,0.5391920804977417
cnn,pso,3,2195,2024-06-14 13:05:00,0,1,0.5304760932922363
cnn,pso,3,2196,2024-06-14 13:10:00,0,1,0.5603258609771729
cnn,pso,3,2197,2024-06-14 13:15:00,0,1,0.5101829767227173
cnn,pso,3,2198,2024-06-14 13:20:00,0,0,0.4743836224079132
cnn,pso,3,2199,2024-06-14 13:25:00,0,0,0.3969603180885315
cnn,pso,3,2200,2024-06-14 13:30:00,0,0,0.35124966502189636
cnn,pso,3,2201,2024-06-14 13:35:00,0,0,0.3836097717285156
cnn,pso,3,2202,2024-06-14 13:40:00,0,1,0.5372981429100037
cnn,pso,3,2203,2024-06-14 13:45:00,0,1,0.5119926929473877
cnn,pso,3,2204,2024-06-14 13:50:00,0,0,0.42473405599594116
cnn,pso,3,2205,2024-06-14 13:55:00,0,0,0.37212124466896057
cnn,pso,3,2206,2024-06-14 14:00:00,0,0,0.3507770001888275
cnn,pso,3,2207,2024-06-14 14:05:00,0,0,0.40645498037338257
cnn,pso,3,2208,2024-06-14 14:10:00,0,1,0.528139591217041
cnn,pso,3,2209,2024-06-14 14:15:00,0,0,0.4260976314544678
cnn,pso,3,2210,2024-06-14 14:20:00,0,0,0.28197991847991943
cnn,pso,3,2211,2024-06-14 14:25:00,0,0,0.27919507026672363
cnn,pso,3,2212,2024-06-14 14:30:00,0,0,0.3457435965538025
cnn,pso,3,2213,2024-06-14 14:35:00,0,0,0.2979305386543274
cnn,pso,3,2214,2024-06-14 14:40:00,0,0,0.23595330119132996
cnn,pso,3,2215,2024-06-14 14:45:00,0,0,0.2189190834760666
cnn,pso,3,2216,2024-06-14 14:50:00,0,0,0.22463789582252502
cnn,pso,3,2217,2024-06-14 14:55:00,0,0,0.2552148103713989
cnn,pso,3,2218,2024-06-14 15:00:00,0,0,0.2641356885433197
cnn,pso,3,2219,2024-06-14 15:05:00,1,0,0.2784881293773651
cnn,pso,3,2220,2024-06-14 15:10:00,1,0,0.3217301666736603
cnn,pso,3,2221,2024-06-14 15:15:00,1,1,0.5306491851806641
cnn,pso,3,2222,2024-06-14 15:20:00,1,1,0.5757588744163513
cnn,pso,3,2223,2024-06-14 15:25:00,1,1,0.6250970959663391
cnn,pso,3,2224,2024-06-14 15:30:00,1,1,0.6897136569023132
cnn,pso,3,2225,2024-06-14 15:35:00,1,1,0.7226715087890625
cnn,pso,3,2226,2024-06-14 15:40:00,1,1,0.6348777413368225
cnn,pso,3,2227,2024-06-14 15:45:00,1,1,0.7420848608016968
cnn,pso,3,2228,2024-06-14 15:50:00,1,1,0.717456042766571
cnn,pso,3,2229,2024-06-14 15:55:00,1,1,0.640846312046051
cnn,pso,3,2230,2024-06-14 16:00:00,1,1,0.6157768964767456
cnn,pso,3,2231,2024-06-14 16:05:00,0,1,0.6701071858406067
cnn,pso,3,2232,2024-06-14 16:10:00,0,1,0.5979992747306824
cnn,pso,3,2233,2024-06-14 16:15:00,0,1,0.587899923324585
cnn,pso,3,2234,2024-06-14 16:20:00,0,1,0.5360449552536011
cnn,pso,3,2235,2024-06-14 16:25:00,0,1,0.5686325430870056
cnn,pso,3,2236,2024-06-14 16:30:00,0,1,0.5333019495010376
cnn,pso,3,2237,2024-06-14 16:35:00,0,0,0.49253153800964355
cnn,pso,3,2238,2024-06-14 16:40:00,0,0,0.4258582592010498
cnn,pso,3,2239,2024-06-14 16:45:00,0,0,0.4785833954811096
cnn,pso,3,2240,2024-06-14 16:50:00,0,1,0.5414087772369385
cnn,pso,3,2241,2024-06-14 16:55:00,0,1,0.5651748776435852
cnn,pso,3,2242,2024-06-14 17:00:00,0,1,0.5612190365791321
cnn,pso,3,2243,2024-06-14 17:05:00,0,0,0.4697674810886383
cnn,pso,3,2244,2024-06-14 17:10:00,0,0,0.431684672832489
cnn,pso,3,2245,2024-06-14 17:15:00,0,0,0.39536842703819275
cnn,pso,3,2246,2024-06-14 17:20:00,0,0,0.3974904417991638
cnn,pso,3,2247,2024-06-14 17:25:00,0,0,0.47879189252853394
cnn,pso,3,2248,2024-06-14 17:30:00,0,1,0.5159357786178589
cnn,pso,3,2249,2024-06-14 17:35:00,0,1,0.550475001335144
cnn,pso,3,2250,2024-06-14 17:40:00,0,1,0.5502700209617615
cnn,pso,3,2251,2024-06-14 17:45:00,0,1,0.5661476850509644
cnn,pso,3,2252,2024-06-14 17:50:00,0,1,0.5521577596664429
cnn,pso,3,2253,2024-06-14 17:55:00,1,1,0.6011559367179871
cnn,pso,3,2254,2024-06-18 10:40:00,1,1,0.828913688659668
cnn,pso,3,2255,2024-06-18 10:45:00,1,1,0.8782944679260254
cnn,pso,3,2256,2024-06-18 10:50:00,1,1,0.883478045463562
cnn,pso,3,2257,2024-06-18 10:55:00,0,1,0.8671563863754272
cnn,pso,3,2258,2024-06-18 11:00:00,0,1,0.8180279731750488
cnn,pso,3,2259,2024-06-18 11:05:00,0,1,0.7089694738388062
cnn,pso,3,2260,2024-06-18 11:10:00,0,0,0.4273737370967865
cnn,pso,3,2261,2024-06-18 11:15:00,0,0,0.34237903356552124
cnn,pso,3,2262,2024-06-18 11:20:00,1,0,0.28417834639549255
cnn,pso,3,2263,2024-06-18 11:25:00,1,0,0.40689337253570557
cnn,pso,3,2264,2024-06-18 11:30:00,1,0,0.44312602281570435
cnn,pso,3,2265,2024-06-18 11:35:00,1,1,0.6192197203636169
cnn,pso,3,2266,2024-06-18 11:40:00,1,1,0.5840054154396057
cnn,pso,3,2267,2024-06-18 11:45:00,1,0,0.4848942160606384
cnn,pso,3,2268,2024-06-18 11:50:00,1,0,0.40783873200416565
cnn,pso,3,2269,2024-06-18 11:55:00,1,0,0.47633522748947144
cnn,pso,3,2270,2024-06-18 12:00:00,1,0,0.40695491433143616
cnn,pso,3,2271,2024-06-18 12:05:00,1,0,0.38291460275650024
cnn,pso,3,2272,2024-06-18 12:10:00,1,0,0.3767485022544861
cnn,pso,3,2273,2024-06-18 12:15:00,1,1,0.5607424378395081
cnn,pso,3,2274,2024-06-18 12:20:00,1,1,0.5788525342941284
cnn,pso,3,2275,2024-06-18 12:25:00,1,1,0.5832968354225159
cnn,pso,3,2276,2024-06-18 12:30:00,1,1,0.6170490384101868
cnn,pso,3,2277,2024-06-18 12:35:00,1,1,0.6453104019165039
cnn,pso,3,2278,2024-06-18 12:40:00,1,1,0.5793559551239014
cnn,pso,3,2279,2024-06-18 12:45:00,1,1,0.5310001969337463
cnn,pso,3,2280,2024-06-18 12:50:00,1,0,0.4604629874229431
cnn,pso,3,2281,2024-06-18 12:55:00,1,0,0.37517249584198
cnn,pso,3,2282,2024-06-18 13:00:00,1,0,0.4550468325614929
cnn,pso,3,2283,2024-06-18 13:05:00,1,1,0.5415934920310974
cnn,pso,3,2284,2024-06-18 13:10:00,1,1,0.5367557406425476
cnn,pso,3,2285,2024-06-18 13:15:00,1,0,0.45799005031585693
cnn,pso,3,2286,2024-06-18 13:20:00,1,0,0.4645615816116333
cnn,pso,3,2287,2024-06-18 13:25:00,1,0,0.41170790791511536
cnn,pso,3,2288,2024-06-18 13:30:00,1,0,0.3869541585445404
cnn,pso,3,2289,2024-06-18 13:35:00,1,0,0.48598915338516235
cnn,pso,3,2290,2024-06-18 13:40:00,1,1,0.5314391851425171
cnn,pso,3,2291,2024-06-18 13:45:00,1,1,0.5598325729370117
cnn,pso,3,2292,2024-06-18 13:50:00,1,1,0.6326016783714294
cnn,pso,3,2293,2024-06-18 13:55:00,1,1,0.6649704575538635
cnn,pso,3,2294,2024-06-18 14:00:00,1,1,0.658178985118866
cnn,pso,3,2295,2024-06-18 14:05:00,1,1,0.6635953187942505
cnn,pso,3,2296,2024-06-18 14:10:00,1,1,0.5606476068496704
cnn,pso,3,2297,2024-06-18 14:15:00,1,1,0.6382459402084351
cnn,pso,3,2298,2024-06-18 14:20:00,1,1,0.7053741216659546
cnn,pso,3,2299,2024-06-18 14:25:00,1,1,0.6858710646629333
cnn,pso,3,2300,2024-06-18 14:30:00,1,1,0.6397173404693604
cnn,pso,3,2301,2024-06-18 14:35:00,1,1,0.6328592896461487
cnn,pso,3,2302,2024-06-18 14:40:00,1,1,0.6230592727661133
cnn,pso,3,2303,2024-06-18 14:45:00,1,1,0.5547521710395813
cnn,pso,3,2304,2024-06-18 14:50:00,1,0,0.44540664553642273
cnn,pso,3,2305,2024-06-18 14:55:00,1,0,0.35716351866722107
cnn,pso,3,2306,2024-06-18 15:00:00,1,0,0.361235111951828
cnn,pso,3,2307,2024-06-18 15:05:00,1,0,0.4092620313167572
cnn,pso,3,2308,2024-06-18 15:10:00,1,0,0.39223936200141907
cnn,pso,3,2309,2024-06-18 15:15:00,1,0,0.33744192123413086
cnn,pso,3,2310,2024-06-18 15:20:00,1,0,0.35575491189956665
cnn,pso,3,2311,2024-06-18 15:25:00,1,0,0.4491162598133087
cnn,pso,3,2312,2024-06-18 15:30:00,0,1,0.5778235197067261
cnn,pso,3,2313,2024-06-18 15:35:00,0,0,0.4612768888473511
cnn,pso,3,2314,2024-06-18 15:40:00,0,0,0.36374980211257935
cnn,pso,3,2315,2024-06-18 15:45:00,0,0,0.2859579622745514
cnn,pso,3,2316,2024-06-18 15:50:00,0,0,0.33629584312438965
cnn,pso,3,2317,2024-06-18 15:55:00,0,0,0.31051936745643616
cnn,pso,3,2318,2024-06-18 16:00:00,0,0,0.24135978519916534
cnn,pso,3,2319,2024-06-18 16:05:00,1,0,0.19002245366573334
cnn,pso,3,2320,2024-06-18 16:10:00,1,0,0.2004343718290329
cnn,pso,3,2321,2024-06-18 16:15:00,1,0,0.23272953927516937
cnn,pso,3,2322,2024-06-18 16:20:00,1,0,0.29846858978271484
cnn,pso,3,2323,2024-06-18 16:25:00,1,0,0.3699761927127838
cnn,pso,3,2324,2024-06-18 16:30:00,1,0,0.4721134901046753
cnn,pso,3,2325,2024-06-18 16:35:00,1,1,0.5617724657058716
cnn,pso,3,2326,2024-06-18 16:40:00,1,1,0.6296818256378174
cnn,pso,3,2327,2024-06-18 16:45:00,1,1,0.6115536689758301
cnn,pso,3,2328,2024-06-18 16:50:00,1,1,0.6158720850944519
cnn,pso,3,2329,2024-06-18 16:55:00,0,1,0.6333837509155273
cnn,pso,3,2330,2024-06-18 17:00:00,0,1,0.648385226726532
cnn,pso,3,2331,2024-06-18 17:05:00,0,1,0.554873526096344
cnn,pso,3,2332,2024-06-18 17:10:00,0,1,0.5103456974029541
cnn,pso,3,2333,2024-06-18 17:15:00,0,1,0.502692699432373
cnn,pso,3,2334,2024-06-18 17:20:00,0,1,0.5512735843658447
cnn,pso,3,2335,2024-06-18 17:25:00,0,1,0.6044114828109741
cnn,pso,3,2336,2024-06-18 17:30:00,0,1,0.5663980841636658
cnn,pso,3,2337,2024-06-18 17:35:00,0,1,0.5083136558532715
cnn,pso,3,2338,2024-06-18 17:40:00,0,1,0.5783411264419556
cnn,pso,3,2339,2024-06-18 17:45:00,0,1,0.6378999352455139
cnn,pso,3,2340,2024-06-18 17:50:00,0,1,0.6726235747337341
cnn,pso,3,2341,2024-06-18 17:55:00,0,1,0.6351374387741089
cnn,pso,3,2342,2024-06-19 10:55:00,1,0,0.2901107966899872
cnn,pso,3,2343,2024-06-19 11:00:00,1,0,0.4937780797481537
cnn,pso,3,2344,2024-06-19 11:05:00,1,0,0.489056259393692
cnn,pso,3,2345,2024-06-19 11:10:00,1,0,0.41571560502052307
cnn,pso,3,2346,2024-06-19 11:15:00,1,0,0.39953845739364624
cnn,pso,3,2347,2024-06-19 11:20:00,1,0,0.4384553134441376
cnn,pso,3,2348,2024-06-19 11:25:00,1,1,0.5267048478126526
cnn,pso,3,2349,2024-06-19 11:30:00,1,1,0.5610433220863342
cnn,pso,3,2350,2024-06-19 11:35:00,1,1,0.6213098168373108
cnn,pso,3,2351,2024-06-19 11:40:00,1,1,0.6609567403793335
cnn,pso,3,2352,2024-06-19 11:45:00,1,1,0.5741546750068665
cnn,pso,3,2353,2024-06-19 11:50:00,1,1,0.5404335260391235
cnn,pso,3,2354,2024-06-19 11:55:00,1,1,0.532088577747345
cnn,pso,3,2355,2024-06-19 12:00:00,1,1,0.5193101167678833
cnn,pso,3,2356,2024-06-19 12:05:00,1,0,0.48511457443237305
cnn,pso,3,2357,2024-06-19 12:10:00,1,0,0.46820980310440063
cnn,pso,3,2358,2024-06-19 12:15:00,1,0,0.45334357023239136
cnn,pso,3,2359,2024-06-19 12:20:00,1,0,0.4321194887161255
cnn,pso,3,2360,2024-06-19 12:25:00,1,0,0.4957156777381897
cnn,pso,3,2361,2024-06-19 12:30:00,1,1,0.5733720660209656
cnn,pso,3,2362,2024-06-19 12:35:00,1,1,0.6114230751991272
cnn,pso,3,2363,2024-06-19 12:40:00,1,1,0.6399959921836853
cnn,pso,3,2364,2024-06-19 12:45:00,1,1,0.7695211172103882
cnn,pso,3,2365,2024-06-19 12:50:00,1,1,0.7825362086296082
cnn,pso,3,2366,2024-06-19 12:55:00,1,1,0.7549400329589844
cnn,pso,3,2367,2024-06-19 13:00:00,1,1,0.7136036157608032
cnn,pso,3,2368,2024-06-19 13:05:00,1,1,0.681624174118042
cnn,pso,3,2369,2024-06-19 13:10:00,1,1,0.7007752060890198
cnn,pso,3,2370,2024-06-19 13:15:00,1,1,0.615046501159668
cnn,pso,3,2371,2024-06-19 13:20:00,1,1,0.5449061393737793
cnn,pso,3,2372,2024-06-19 13:25:00,1,1,0.5695048570632935
cnn,pso,3,2373,2024-06-19 13:30:00,1,1,0.6469728350639343
cnn,pso,3,2374,2024-06-19 13:35:00,1,1,0.6621963381767273
cnn,pso,3,2375,2024-06-19 13:40:00,1,1,0.6676453948020935
cnn,pso,3,2376,2024-06-19 13:45:00,1,1,0.6795610189437866
cnn,pso,3,2377,2024-06-19 13:50:00,1,1,0.670082151889801
cnn,pso,3,2378,2024-06-19 13:55:00,1,1,0.6516976952552795
cnn,pso,3,2379,2024-06-19 14:00:00,1,1,0.5762420296669006
cnn,pso,3,2380,2024-06-19 14:05:00,0,1,0.6332705616950989
cnn,pso,3,2381,2024-06-19 14:10:00,0,1,0.5383191704750061
cnn,pso,3,2382,2024-06-19 14:15:00,0,0,0.4677765965461731
cnn,pso,3,2383,2024-06-19 14:20:00,0,0,0.4971071183681488
cnn,pso,3,2384,2024-06-19 14:25:00,0,0,0.39405712485313416
cnn,pso,3,2385,2024-06-19 14:30:00,1,0,0.34599944949150085
cnn,pso,3,2386,2024-06-19 14:35:00,1,0,0.353580117225647
cnn,pso,3,2387,2024-06-19 14:40:00,1,0,0.4268203675746918
cnn,pso,3,2388,2024-06-19 14:45:00,1,0,0.48575207591056824
cnn,pso,3,2389,2024-06-19 14:50:00,1,1,0.5613360404968262
cnn,pso,3,2390,2024-06-19 14:55:00,1,1,0.5753722190856934
cnn,pso,3,2391,2024-06-19 15:00:00,1,1,0.5946317315101624
cnn,pso,3,2392,2024-06-19 15:05:00,1,1,0.6318092942237854
cnn,pso,3,2393,2024-06-19 15:10:00,1,1,0.60299152135849
cnn,pso,3,2394,2024-06-19 15:15:00,1,1,0.6032241582870483
cnn,pso,3,2395,2024-06-19 15:20:00,1,1,0.611425518989563
cnn,pso,3,2396,2024-06-19 15:25:00,1,1,0.5908805727958679
cnn,pso,3,2397,2024-06-19 15:30:00,1,1,0.5609152913093567
cnn,pso,3,2398,2024-06-19 15:35:00,1,0,0.4822891056537628
cnn,pso,3,2399,2024-06-19 15:40:00,1,1,0.5859285593032837
cnn,pso,3,2400,2024-06-19 15:45:00,1,1,0.721114456653595
cnn,pso,3,2401,2024-06-19 15:50:00,1,1,0.772397518157959
cnn,pso,3,2402,2024-06-19 15:55:00,1,1,0.7841272950172424
cnn,pso,3,2403,2024-06-19 16:00:00,1,1,0.7488642334938049
cnn,pso,3,2404,2024-06-19 16:05:00,1,1,0.6762771010398865
cnn,pso,3,2405,2024-06-19 16:10:00,1,1,0.6171837449073792
cnn,pso,3,2406,2024-06-19 16:15:00,1,1,0.5659540295600891
cnn,pso,3,2407,2024-06-19 16:20:00,1,1,0.6426914930343628
cnn,pso,3,2408,2024-06-19 16:25:00,1,1,0.726423442363739
cnn,pso,3,2409,2024-06-19 16:30:00,1,1,0.7018060088157654
cnn,pso,3,2410,2024-06-19 16:35:00,1,1,0.7388662099838257
cnn,pso,3,2411,2024-06-19 16:40:00,1,1,0.7963181138038635
cnn,pso,3,2412,2024-06-19 16:45:00,1,1,0.7891759872436523
cnn,pso,3,2413,2024-06-19 16:50:00,1,1,0.7682438492774963
cnn,pso,3,2414,2024-06-19 16:55:00,1,1,0.6371951699256897
cnn,pso,3,2415,2024-06-19 17:00:00,1,1,0.5663660764694214
cnn,pso,3,2416,2024-06-19 17:05:00,1,1,0.5180882215499878
cnn,pso,3,2417,2024-06-19 17:10:00,1,0,0.4349217116832733
cnn,pso,3,2418,2024-06-19 17:15:00,1,0,0.4743344187736511
cnn,pso,3,2419,2024-06-19 17:20:00,1,1,0.5521022081375122
cnn,pso,3,2420,2024-06-19 17:25:00,1,1,0.5803776383399963
cnn,pso,3,2421,2024-06-19 17:30:00,1,1,0.5496186017990112
cnn,pso,3,2422,2024-06-19 17:35:00,1,1,0.5775787234306335
cnn,pso,3,2423,2024-06-19 17:40:00,1,1,0.6334280967712402
cnn,pso,3,2424,2024-06-19 17:45:00,1,1,0.6018800139427185
cnn,pso,3,2425,2024-06-19 17:50:00,1,1,0.5477613806724548
cnn,pso,3,2426,2024-06-19 17:55:00,1,1,0.5609303116798401
cnn,pso,3,2427,2024-06-20 10:50:00,0,1,0.8469755053520203
cnn,pso,3,2428,2024-06-20 10:55:00,0,1,0.7758784294128418
cnn,pso,3,2429,2024-06-20 11:00:00,0,1,0.7055479884147644
cnn,pso,3,2430,2024-06-20 11:05:00,0,1,0.5327797532081604
cnn,pso,3,2431,2024-06-20 11:10:00,0,1,0.5430993437767029
cnn,pso,3,2432,2024-06-20 11:15:00,0,1,0.6211732625961304
cnn,pso,3,2433,2024-06-20 11:20:00,0,1,0.5843217968940735
cnn,pso,3,2434,2024-06-20 11:25:00,0,1,0.5158543586730957
cnn,pso,3,2435,2024-06-20 11:30:00,0,0,0.38137921690940857
cnn,pso,3,2436,2024-06-20 11:35:00,0,0,0.2659319043159485
cnn,pso,3,2437,2024-06-20 11:40:00,0,0,0.2175258994102478
cnn,pso,3,2438,2024-06-20 11:45:00,0,0,0.17795610427856445
cnn,pso,3,2439,2024-06-20 11:50:00,0,0,0.14158906042575836
cnn,pso,3,2440,2024-06-20 11:55:00,0,0,0.1698889434337616
cnn,pso,3,2441,2024-06-20 12:00:00,0,0,0.1684817373752594
cnn,pso,3,2442,2024-06-20 12:05:00,0,0,0.1461484283208847
cnn,pso,3,2443,2024-06-20 12:10:00,0,0,0.18479357659816742
cnn,pso,3,2444,2024-06-20 12:15:00,0,0,0.20999343693256378
cnn,pso,3,2445,2024-06-20 12:20:00,0,0,0.24471576511859894
cnn,pso,3,2446,2024-06-20 12:25:00,0,0,0.25872230529785156
cnn,pso,3,2447,2024-06-20 12:30:00,0,0,0.2708494961261749
cnn,pso,3,2448,2024-06-20 12:35:00,0,0,0.2402695268392563
cnn,pso,3,2449,2024-06-20 12:40:00,0,0,0.2658239006996155
cnn,pso,3,2450,2024-06-20 12:45:00,0,0,0.40664589405059814
cnn,pso,3,2451,2024-06-20 12:50:00,0,0,0.3909824788570404
cnn,pso,3,2452,2024-06-20 12:55:00,0,0,0.3465718626976013
cnn,pso,3,2453,2024-06-20 13:00:00,0,0,0.33347779512405396
cnn,pso,3,2454,2024-06-20 13:05:00,0,0,0.2541031241416931
cnn,pso,3,2455,2024-06-20 13:10:00,0,0,0.2836405634880066
cnn,pso,3,2456,2024-06-20 13:15:00,0,0,0.34033089876174927
cnn,pso,3,2457,2024-06-20 13:20:00,0,0,0.33119285106658936
cnn,pso,3,2458,2024-06-20 13:25:00,0,0,0.26274845004081726
cnn,pso,3,2459,2024-06-20 13:30:00,0,0,0.2666783630847931
cnn,pso,3,2460,2024-06-20 13:35:00,1,0,0.2702440321445465
cnn,pso,3,2461,2024-06-20 13:40:00,1,0,0.3057617247104645
cnn,pso,3,2462,2024-06-20 13:45:00,1,0,0.46197277307510376
cnn,pso,3,2463,2024-06-20 13:50:00,1,1,0.5041225552558899
cnn,pso,3,2464,2024-06-20 13:55:00,1,1,0.5113532543182373
cnn,pso,3,2465,2024-06-20 14:00:00,1,1,0.5101644992828369
cnn,pso,3,2466,2024-06-20 14:05:00,1,1,0.5535924434661865
cnn,pso,3,2467,2024-06-20 14:10:00,1,1,0.679905116558075
cnn,pso,3,2468,2024-06-20 14:15:00,1,1,0.720948338508606
cnn,pso,3,2469,2024-06-20 14:20:00,1,1,0.6876639127731323
cnn,pso,3,2470,2024-06-20 14:25:00,1,1,0.6206830143928528
cnn,pso,3,2471,2024-06-20 14:30:00,1,0,0.48002171516418457
cnn,pso,3,2472,2024-06-20 14:35:00,1,0,0.3749765455722809
cnn,pso,3,2473,2024-06-20 14:40:00,1,0,0.3796897232532501
cnn,pso,3,2474,2024-06-20 14:45:00,1,0,0.4511595368385315
cnn,pso,3,2475,2024-06-20 14:50:00,1,0,0.46994781494140625
cnn,pso,3,2476,2024-06-20 14:55:00,1,1,0.5622239708900452
cnn,pso,3,2477,2024-06-20 15:00:00,1,1,0.6049188375473022
cnn,pso,3,2478,2024-06-20 15:05:00,1,1,0.6423388719558716
cnn,pso,3,2479,2024-06-20 15:10:00,1,1,0.6308106780052185
cnn,pso,3,2480,2024-06-20 15:15:00,1,1,0.6638468503952026
cnn,pso,3,2481,2024-06-20 15:20:00,1,1,0.7013700604438782
cnn,pso,3,2482,2024-06-20 15:25:00,1,1,0.6753531694412231
cnn,pso,3,2483,2024-06-20 15:30:00,1,1,0.5720430016517639
cnn,pso,3,2484,2024-06-20 15:35:00,1,1,0.5806522965431213
cnn,pso,3,2485,2024-06-20 15:40:00,1,1,0.6487863659858704
cnn,pso,3,2486,2024-06-20 15:45:00,1,1,0.7170988321304321
cnn,pso,3,2487,2024-06-20 15:50:00,0,1,0.7551575899124146
cnn,pso,3,2488,2024-06-20 15:55:00,0,1,0.7536499500274658
cnn,pso,3,2489,2024-06-20 16:00:00,0,1,0.6959361433982849
cnn,pso,3,2490,2024-06-20 16:05:00,0,1,0.6070935726165771
cnn,pso,3,2491,2024-06-20 16:10:00,0,0,0.44200006127357483
cnn,pso,3,2492,2024-06-20 16:15:00,0,0,0.29008644819259644
cnn,pso,3,2493,2024-06-20 16:20:00,0,0,0.2103615552186966
cnn,pso,3,2494,2024-06-20 16:25:00,0,0,0.2563953399658203
cnn,pso,3,2495,2024-06-20 16:30:00,0,0,0.29973405599594116
cnn,pso,3,2496,2024-06-20 16:35:00,0,0,0.31938356161117554
cnn,pso,3,2497,2024-06-20 16:40:00,0,0,0.39150920510292053
cnn,pso,3,2498,2024-06-20 16:45:00,0,0,0.4577615261077881
cnn,pso,3,2499,2024-06-20 16:50:00,0,0,0.4802182614803314
cnn,pso,3,2500,2024-06-20 16:55:00,0,1,0.5025686621665955
cnn,pso,3,2501,2024-06-20 17:00:00,0,0,0.45851975679397583
cnn,pso,3,2502,2024-06-20 17:05:00,0,0,0.4190387725830078
cnn,pso,3,2503,2024-06-20 17:10:00,0,0,0.48654013872146606
cnn,pso,3,2504,2024-06-20 17:15:00,0,1,0.5497847199440002
cnn,pso,3,2505,2024-06-20 17:20:00,0,1,0.5088879466056824
cnn,pso,3,2506,2024-06-20 17:25:00,0,0,0.4600222110748291
cnn,pso,3,2507,2024-06-20 17:30:00,0,0,0.44668498635292053
cnn,pso,3,2508,2024-06-20 17:35:00,0,0,0.479602575302124
cnn,pso,3,2509,2024-06-20 17:40:00,0,0,0.49814096093177795
cnn,pso,3,2510,2024-06-20 17:45:00,0,0,0.48000720143318176
cnn,pso,3,2511,2024-06-20 17:50:00,0,0,0.48186928033828735
cnn,pso,3,2512,2024-06-20 17:55:00,1,0,0.47238343954086304
cnn,pso,3,2513,2024-06-21 10:40:00,1,1,0.77091383934021
cnn,pso,3,2514,2024-06-21 10:45:00,1,1,0.8087859153747559
cnn,pso,3,2515,2024-06-21 10:50:00,1,1,0.8588423728942871
cnn,pso,3,2516,2024-06-21 10:55:00,1,1,0.8872743248939514
cnn,pso,3,2517,2024-06-21 11:00:00,1,1,0.8367219567298889
cnn,pso,3,2518,2024-06-21 11:05:00,1,1,0.8338273167610168
cnn,pso,3,2519,2024-06-21 11:10:00,1,1,0.72597736120224
cnn,pso,3,2520,2024-06-21 11:15:00,1,1,0.7291407585144043
cnn,pso,3,2521,2024-06-21 11:20:00,1,1,0.6934835910797119
cnn,pso,3,2522,2024-06-21 11:25:00,0,1,0.7373777031898499
cnn,pso,3,2523,2024-06-21 11:30:00,0,1,0.6897614002227783
cnn,pso,3,2524,2024-06-21 11:35:00,0,1,0.6589712500572205
cnn,pso,3,2525,2024-06-21 11:40:00,0,1,0.5624581575393677
cnn,pso,3,2526,2024-06-21 11:45:00,0,0,0.4223586916923523
cnn,pso,3,2527,2024-06-21 11:50:00,0,1,0.5332159399986267
cnn,pso,3,2528,2024-06-21 11:55:00,0,0,0.4844331443309784
cnn,pso,3,2529,2024-06-21 12:00:00,0,1,0.5379141569137573
cnn,pso,3,2530,2024-06-21 12:05:00,0,1,0.5476229786872864
cnn,pso,3,2531,2024-06-21 12:10:00,0,1,0.5756385326385498
cnn,pso,3,2532,2024-06-21 12:15:00,1,0,0.29187077283859253
cnn,pso,3,2533,2024-06-21 12:20:00,1,0,0.2879178822040558
cnn,pso,3,2534,2024-06-21 12:25:00,1,0,0.25609084963798523
cnn,pso,3,2535,2024-06-21 12:30:00,1,0,0.23939353227615356
cnn,pso,3,2536,2024-06-21 12:35:00,1,0,0.3263797461986542
cnn,pso,3,2537,2024-06-21 12:40:00,1,0,0.3288068473339081
cnn,pso,3,2538,2024-06-21 12:45:00,1,0,0.45897001028060913
cnn,pso,3,2539,2024-06-21 12:50:00,1,0,0.44318050146102905
cnn,pso,3,2540,2024-06-21 12:55:00,1,0,0.4315982758998871
cnn,pso,3,2541,2024-06-21 13:00:00,1,0,0.43052592873573303
cnn,pso,3,2542,2024-06-21 13:05:00,1,0,0.4648199677467346
cnn,pso,3,2543,2024-06-21 13:10:00,1,1,0.5108991861343384
cnn,pso,3,2544,2024-06-21 13:15:00,1,1,0.5595861077308655
cnn,pso,3,2545,2024-06-21 13:20:00,1,1,0.6109360456466675
cnn,pso,3,2546,2024-06-21 13:25:00,1,1,0.6536193490028381
cnn,pso,3,2547,2024-06-21 13:30:00,1,1,0.6485193371772766
cnn,pso,3,2548,2024-06-21 13:35:00,1,1,0.5922626256942749
cnn,pso,3,2549,2024-06-21 13:40:00,1,1,0.6490394473075867
cnn,pso,3,2550,2024-06-21 13:45:00,1,1,0.6275470852851868
cnn,pso,3,2551,2024-06-21 13:50:00,0,1,0.6724731922149658
cnn,pso,3,2552,2024-06-21 13:55:00,0,1,0.6360775828361511
cnn,pso,3,2553,2024-06-21 14:00:00,0,1,0.617816150188446
cnn,pso,3,2554,2024-06-21 14:05:00,0,1,0.5740985870361328
cnn,pso,3,2555,2024-06-21 14:10:00,0,1,0.5613346695899963
cnn,pso,3,2556,2024-06-21 14:15:00,0,1,0.5674399733543396
cnn,pso,3,2557,2024-06-21 14:20:00,0,1,0.529466450214386
cnn,pso,3,2558,2024-06-21 14:25:00,0,0,0.4796237647533417
cnn,pso,3,2559,2024-06-21 14:30:00,0,0,0.42071881890296936
cnn,pso,3,2560,2024-06-21 14:35:00,0,0,0.38075491786003113
cnn,pso,3,2561,2024-06-21 14:40:00,0,0,0.3861931562423706
cnn,pso,3,2562,2024-06-21 14:45:00,0,0,0.3603391647338867
cnn,pso,3,2563,2024-06-21 14:50:00,0,0,0.4411296546459198
cnn,pso,3,2564,2024-06-21 14:55:00,0,0,0.41803017258644104
cnn,pso,3,2565,2024-06-21 15:00:00,1,0,0.34014078974723816
cnn,pso,3,2566,2024-06-21 15:05:00,1,0,0.4231378436088562
cnn,pso,3,2567,2024-06-21 15:10:00,1,0,0.4666275382041931
cnn,pso,3,2568,2024-06-21 15:15:00,1,1,0.5235192775726318
cnn,pso,3,2569,2024-06-21 15:20:00,1,1,0.592099130153656
cnn,pso,3,2570,2024-06-21 15:25:00,1,1,0.6441745162010193
cnn,pso,3,2571,2024-06-21 15:30:00,1,1,0.6896432638168335
cnn,pso,3,2572,2024-06-21 15:35:00,1,1,0.7178446054458618
cnn,pso,3,2573,2024-06-21 15:40:00,1,1,0.6624451875686646
cnn,pso,3,2574,2024-06-21 15:45:00,1,1,0.6159268021583557
cnn,pso,3,2575,2024-06-21 15:50:00,1,1,0.6475632190704346
cnn,pso,3,2576,2024-06-21 15:55:00,1,1,0.6479105949401855
cnn,pso,3,2577,2024-06-21 16:00:00,1,1,0.6757838726043701
cnn,pso,3,2578,2024-06-21 16:05:00,1,1,0.6528395414352417
cnn,pso,3,2579,2024-06-21 16:10:00,1,1,0.6356790065765381
cnn,pso,3,2580,2024-06-21 16:15:00,1,1,0.6341015696525574
cnn,pso,3,2581,2024-06-21 16:20:00,1,1,0.6298812031745911
cnn,pso,3,2582,2024-06-21 16:25:00,1,1,0.6377585530281067
cnn,pso,3,2583,2024-06-21 16:30:00,1,1,0.6456283926963806
cnn,pso,3,2584,2024-06-21 16:35:00,1,1,0.6652073264122009
cnn,pso,3,2585,2024-06-21 16:40:00,1,1,0.566977322101593
cnn,pso,3,2586,2024-06-21 16:45:00,1,0,0.4709062874317169
cnn,pso,3,2587,2024-06-21 16:50:00,1,1,0.5221165418624878
cnn,pso,3,2588,2024-06-21 16:55:00,1,1,0.5495287775993347
cnn,pso,3,2589,2024-06-21 17:00:00,1,0,0.47566163539886475
cnn,pso,3,2590,2024-06-21 17:05:00,1,0,0.4329172372817993
cnn,pso,3,2591,2024-06-21 17:10:00,1,0,0.43053874373435974
cnn,pso,3,2592,2024-06-21 17:15:00,1,1,0.5256954431533813
cnn,pso,3,2593,2024-06-21 17:20:00,1,1,0.5201542377471924
cnn,pso,3,2594,2024-06-21 17:25:00,1,0,0.4700404107570648
cnn,pso,3,2595,2024-06-21 17:30:00,1,1,0.5130650401115417
cnn,pso,3,2596,2024-06-21 17:35:00,1,1,0.5293732285499573
cnn,pso,3,2597,2024-06-21 17:40:00,1,1,0.5506611466407776
cnn,pso,3,2598,2024-06-21 17:45:00,1,1,0.5070011019706726
cnn,pso,3,2599,2024-06-21 17:50:00,1,1,0.5488033294677734
cnn,pso,3,2600,2024-06-21 17:55:00,1,1,0.5779117941856384
cnn,pso,3,2601,2024-06-24 10:50:00,0,1,0.8555498123168945
cnn,pso,3,2602,2024-06-24 10:55:00,0,1,0.8125030994415283
cnn,pso,3,2603,2024-06-24 11:00:00,0,1,0.6764828562736511
cnn,pso,3,2604,2024-06-24 11:05:00,0,1,0.635230541229248
cnn,pso,3,2605,2024-06-24 11:10:00,0,1,0.675369143486023
cnn,pso,3,2606,2024-06-24 11:15:00,0,1,0.602352499961853
cnn,pso,3,2607,2024-06-24 11:20:00,0,1,0.5857890248298645
cnn,pso,3,2608,2024-06-24 11:25:00,0,1,0.5385510921478271
cnn,pso,3,2609,2024-06-24 11:30:00,0,0,0.4189339578151703
cnn,pso,3,2610,2024-06-24 11:35:00,0,0,0.45675188302993774
cnn,pso,3,2611,2024-06-24 11:40:00,0,0,0.49001163244247437
cnn,pso,3,2612,2024-06-24 11:45:00,0,0,0.4210203289985657
cnn,pso,3,2613,2024-06-24 11:50:00,0,0,0.46429020166397095
cnn,pso,3,2614,2024-06-24 11:55:00,0,1,0.5026835799217224
cnn,pso,3,2615,2024-06-24 12:00:00,0,1,0.5185939073562622
cnn,pso,3,2616,2024-06-24 12:05:00,0,1,0.5145993232727051
cnn,pso,3,2617,2024-06-24 12:10:00,0,0,0.4190182387828827
cnn,pso,3,2618,2024-06-24 12:15:00,0,0,0.3824038505554199
cnn,pso,3,2619,2024-06-24 12:20:00,0,0,0.3337566554546356
cnn,pso,3,2620,2024-06-24 12:25:00,0,0,0.34185951948165894
cnn,pso,3,2621,2024-06-24 12:30:00,0,0,0.30639752745628357
cnn,pso,3,2622,2024-06-24 12:35:00,0,0,0.34070804715156555
cnn,pso,3,2623,2024-06-24 12:40:00,0,0,0.4052341878414154
cnn,pso,3,2624,2024-06-24 12:45:00,1,0,0.3845541477203369
cnn,pso,3,2625,2024-06-24 12:50:00,1,0,0.43005746603012085
cnn,pso,3,2626,2024-06-24 12:55:00,1,1,0.5278422236442566
cnn,pso,3,2627,2024-06-24 13:00:00,1,0,0.46343427896499634
cnn,pso,3,2628,2024-06-24 13:05:00,1,0,0.4944045841693878
cnn,pso,3,2629,2024-06-24 13:10:00,1,1,0.59476238489151
cnn,pso,3,2630,2024-06-24 13:15:00,1,1,0.6171345114707947
cnn,pso,3,2631,2024-06-24 13:20:00,1,1,0.6691945791244507
cnn,pso,3,2632,2024-06-24 13:25:00,1,1,0.6406517624855042
cnn,pso,3,2633,2024-06-24 13:30:00,1,1,0.5698887705802917
cnn,pso,3,2634,2024-06-24 13:35:00,1,1,0.5372323989868164
cnn,pso,3,2635,2024-06-24 13:40:00,1,0,0.4903934597969055
cnn,pso,3,2636,2024-06-24 13:45:00,1,1,0.5078573226928711
cnn,pso,3,2637,2024-06-24 13:50:00,1,0,0.4568762481212616
cnn,pso,3,2638,2024-06-24 13:55:00,1,0,0.4943434000015259
cnn,pso,3,2639,2024-06-24 14:00:00,1,1,0.5223636031150818
cnn,pso,3,2640,2024-06-24 14:05:00,1,0,0.46991875767707825
cnn,pso,3,2641,2024-06-24 14:10:00,1,0,0.3987758159637451
cnn,pso,3,2642,2024-06-24 14:15:00,1,0,0.3974900543689728
cnn,pso,3,2643,2024-06-24 14:20:00,1,0,0.4471021890640259
cnn,pso,3,2644,2024-06-24 14:25:00,1,1,0.5609139204025269
cnn,pso,3,2645,2024-06-24 14:30:00,1,1,0.5777792930603027
cnn,pso,3,2646,2024-06-24 14:35:00,0,1,0.6378557682037354
cnn,pso,3,2647,2024-06-24 14:40:00,0,1,0.5758819580078125
cnn,pso,3,2648,2024-06-24 14:45:00,0,1,0.5011835694313049
cnn,pso,3,2649,2024-06-24 14:50:00,0,0,0.43664243817329407
cnn,pso,3,2650,2024-06-24 14:55:00,0,0,0.4909447431564331
cnn,pso,3,2651,2024-06-24 15:00:00,0,0,0.4964560568332672
cnn,pso,3,2652,2024-06-24 15:05:00,0,1,0.5410242676734924
cnn,pso,3,2653,2024-06-24 15:10:00,0,1,0.5523405075073242
cnn,pso,3,2654,2024-06-24 15:15:00,0,1,0.5049703121185303
cnn,pso,3,2655,2024-06-24 15:20:00,0,0,0.4874671697616577
cnn,pso,3,2656,2024-06-24 15:25:00,0,0,0.4331668019294739
cnn,pso,3,2657,2024-06-24 15:30:00,1,0,0.35893169045448303
cnn,pso,3,2658,2024-06-24 15:35:00,1,0,0.40283218026161194
cnn,pso,3,2659,2024-06-24 15:40:00,1,0,0.481076717376709
cnn,pso,3,2660,2024-06-24 15:45:00,1,1,0.5725192427635193
cnn,pso,3,2661,2024-06-24 15:50:00,1,0,0.46949824690818787
cnn,pso,3,2662,2024-06-24 15:55:00,1,0,0.42869290709495544
cnn,pso,3,2663,2024-06-24 16:00:00,1,0,0.4276112914085388
cnn,pso,3,2664,2024-06-24 16:05:00,1,0,0.4444339871406555
cnn,pso,3,2665,2024-06-24 16:10:00,1,0,0.4703104794025421
cnn,pso,3,2666,2024-06-24 16:15:00,1,0,0.4899732768535614
cnn,pso,3,2667,2024-06-24 16:20:00,1,1,0.5627703070640564
cnn,pso,3,2668,2024-06-24 16:25:00,1,0,0.4842534363269806
cnn,pso,3,2669,2024-06-24 16:30:00,1,1,0.5516539812088013
cnn,pso,3,2670,2024-06-24 16:35:00,1,1,0.6164982318878174
cnn,pso,3,2671,2024-06-24 16:40:00,1,1,0.654744565486908
cnn,pso,3,2672,2024-06-24 16:45:00,1,1,0.6670086979866028
cnn,pso,3,2673,2024-06-24 16:50:00,1,1,0.6415058374404907
cnn,pso,3,2674,2024-06-24 16:55:00,1,1,0.5407214164733887
cnn,pso,3,2675,2024-06-24 17:00:00,1,1,0.5087124705314636
cnn,pso,3,2676,2024-06-24 17:05:00,1,0,0.488165020942688
cnn,pso,3,2677,2024-06-24 17:10:00,1,0,0.42896753549575806
cnn,pso,3,2678,2024-06-24 17:15:00,0,0,0.49793675541877747
cnn,pso,3,2679,2024-06-24 17:20:00,0,0,0.4995728135108948
cnn,pso,3,2680,2024-06-24 17:25:00,0,0,0.48124757409095764
cnn,pso,3,2681,2024-06-24 17:30:00,0,1,0.5263956785202026
cnn,pso,3,2682,2024-06-24 17:35:00,0,1,0.5717563629150391
cnn,pso,3,2683,2024-06-24 17:40:00,0,1,0.6038638949394226
cnn,pso,3,2684,2024-06-24 17:45:00,0,1,0.57053142786026
cnn,pso,3,2685,2024-06-24 17:50:00,0,1,0.6023573279380798
cnn,pso,3,2686,2024-06-24 17:55:00,0,1,0.5702919363975525
cnn,pso,3,2687,2024-06-25 12:35:00,1,0,0.259105920791626
cnn,pso,3,2688,2024-06-25 12:40:00,1,0,0.280937522649765
cnn,pso,3,2689,2024-06-25 12:45:00,1,0,0.3654879033565521
cnn,pso,3,2690,2024-06-25 12:50:00,1,0,0.41175955533981323
cnn,pso,3,2691,2024-06-25 12:55:00,1,0,0.44598761200904846
cnn,pso,3,2692,2024-06-25 13:00:00,1,1,0.5447417497634888
cnn,pso,3,2693,2024-06-25 13:05:00,1,0,0.4906981289386749
cnn,pso,3,2694,2024-06-25 13:10:00,1,0,0.40481114387512207
cnn,pso,3,2695,2024-06-25 13:15:00,1,0,0.4393937289714813
cnn,pso,3,2696,2024-06-25 13:20:00,1,1,0.5457003712654114
cnn,pso,3,2697,2024-06-25 13:25:00,1,1,0.587274432182312
cnn,pso,3,2698,2024-06-25 13:30:00,1,1,0.5306957364082336
cnn,pso,3,2699,2024-06-25 13:35:00,1,1,0.5914903879165649
cnn,pso,3,2700,2024-06-25 13:40:00,1,1,0.5931175351142883
cnn,pso,3,2701,2024-06-25 13:45:00,1,1,0.6047179698944092
cnn,pso,3,2702,2024-06-25 13:50:00,1,1,0.6407603025436401
cnn,pso,3,2703,2024-06-25 13:55:00,1,1,0.606414258480072
cnn,pso,3,2704,2024-06-25 14:00:00,1,1,0.5830702781677246
cnn,pso,3,2705,2024-06-25 14:05:00,1,1,0.5946376919746399
cnn,pso,3,2706,2024-06-25 14:10:00,1,1,0.6432830691337585
cnn,pso,3,2707,2024-06-25 14:15:00,1,1,0.5781153440475464
cnn,pso,3,2708,2024-06-25 14:20:00,1,0,0.42613208293914795
cnn,pso,3,2709,2024-06-25 14:25:00,1,1,0.5045721530914307
cnn,pso,3,2710,2024-06-25 14:30:00,1,1,0.5950731635093689
cnn,pso,3,2711,2024-06-25 14:35:00,1,1,0.5449769496917725
cnn,pso,3,2712,2024-06-25 14:40:00,1,1,0.5943973660469055
cnn,pso,3,2713,2024-06-25 14:45:00,1,1,0.6007648706436157
cnn,pso,3,2714,2024-06-25 14:50:00,0,1,0.7072662115097046
cnn,pso,3,2715,2024-06-25 14:55:00,0,1,0.6981046199798584
cnn,pso,3,2716,2024-06-25 15:00:00,0,1,0.6518706679344177
cnn,pso,3,2717,2024-06-25 15:05:00,0,1,0.6350492238998413
cnn,pso,3,2718,2024-06-25 15:10:00,0,1,0.644219160079956
cnn,pso,3,2719,2024-06-25 15:15:00,0,1,0.5800637602806091
cnn,pso,3,2720,2024-06-25 15:20:00,0,0,0.48393502831459045
cnn,pso,3,2721,2024-06-25 15:25:00,0,1,0.5120463967323303
cnn,pso,3,2722,2024-06-25 15:30:00,0,1,0.5088796615600586
cnn,pso,3,2723,2024-06-25 15:35:00,0,0,0.49408698081970215
cnn,pso,3,2724,2024-06-25 15:40:00,0,0,0.4833073914051056
cnn,pso,3,2725,2024-06-25 15:45:00,0,1,0.5383334755897522
cnn,pso,3,2726,2024-06-25 15:50:00,0,0,0.47057175636291504
cnn,pso,3,2727,2024-06-25 15:55:00,0,0,0.44267407059669495
cnn,pso,3,2728,2024-06-25 16:00:00,0,0,0.4709038734436035
cnn,pso,3,2729,2024-06-25 16:05:00,0,0,0.3972001373767853
cnn,pso,3,2730,2024-06-25 16:10:00,0,0,0.4241282045841217
cnn,pso,3,2731,2024-06-25 16:15:00,0,0,0.46092069149017334
cnn,pso,3,2732,2024-06-25 16:20:00,0,0,0.4354827404022217
cnn,pso,3,2733,2024-06-25 16:25:00,0,0,0.4822879433631897
cnn,pso,3,2734,2024-06-25 16:30:00,0,0,0.4559704065322876
cnn,pso,3,2735,2024-06-25 16:35:00,0,0,0.3828293979167938
cnn,pso,3,2736,2024-06-25 16:40:00,1,0,0.34736937284469604
cnn,pso,3,2737,2024-06-25 16:45:00,1,0,0.3783756494522095
cnn,pso,3,2738,2024-06-25 16:50:00,1,0,0.37643903493881226
cnn,pso,3,2739,2024-06-25 16:55:00,1,0,0.41571128368377686
cnn,pso,3,2740,2024-06-25 17:00:00,1,1,0.5002120137214661
cnn,pso,3,2741,2024-06-25 17:05:00,1,1,0.5814384818077087
cnn,pso,3,2742,2024-06-25 17:10:00,1,1,0.6452219486236572
cnn,pso,3,2743,2024-06-25 17:15:00,1,1,0.5925894975662231
cnn,pso,3,2744,2024-06-25 17:20:00,1,1,0.641381561756134
cnn,pso,3,2745,2024-06-25 17:25:00,1,1,0.6018972396850586
cnn,pso,3,2746,2024-06-25 17:30:00,0,1,0.5933308601379395
cnn,pso,3,2747,2024-06-25 17:35:00,0,1,0.6263571381568909
cnn,pso,3,2748,2024-06-25 17:40:00,0,1,0.5719285011291504
cnn,pso,3,2749,2024-06-25 17:45:00,0,1,0.5617212057113647
cnn,pso,3,2750,2024-06-25 17:50:00,0,1,0.5856536626815796
cnn,pso,3,2751,2024-06-25 17:55:00,0,1,0.5746853947639465
cnn,pso,3,2752,2024-06-26 10:40:00,1,0,0.23075874149799347
cnn,pso,3,2753,2024-06-26 10:45:00,1,0,0.2400745451450348
cnn,pso,3,2754,2024-06-26 10:50:00,1,0,0.3341187834739685
cnn,pso,3,2755,2024-06-26 10:55:00,1,0,0.4746411442756653
cnn,pso,3,2756,2024-06-26 11:00:00,1,1,0.6170880794525146
cnn,pso,3,2757,2024-06-26 11:05:00,1,1,0.5498725175857544
cnn,pso,3,2758,2024-06-26 11:10:00,1,1,0.5480830073356628
cnn,pso,3,2759,2024-06-26 11:15:00,1,1,0.7210626602172852
cnn,pso,3,2760,2024-06-26 11:20:00,1,1,0.7450979948043823
cnn,pso,3,2761,2024-06-26 11:25:00,1,1,0.6171057224273682
cnn,pso,3,2762,2024-06-26 11:30:00,1,1,0.5085576176643372
cnn,pso,3,2763,2024-06-26 11:35:00,1,1,0.5515572428703308
cnn,pso,3,2764,2024-06-26 11:40:00,1,0,0.4699937403202057
cnn,pso,3,2765,2024-06-26 11:45:00,1,0,0.4681556820869446
cnn,pso,3,2766,2024-06-26 11:50:00,1,1,0.535624086856842
cnn,pso,3,2767,2024-06-26 11:55:00,1,1,0.5008013248443604
cnn,pso,3,2768,2024-06-26 12:00:00,1,1,0.559169352054596
cnn,pso,3,2769,2024-06-26 12:05:00,1,1,0.621073842048645
cnn,pso,3,2770,2024-06-26 12:10:00,1,0,0.4322195053100586
cnn,pso,3,2771,2024-06-26 12:15:00,1,0,0.4018769860267639
cnn,pso,3,2772,2024-06-26 12:20:00,1,1,0.5088244080543518
cnn,pso,3,2773,2024-06-26 12:25:00,1,1,0.5695726275444031
cnn,pso,3,2774,2024-06-26 12:30:00,1,1,0.5584366917610168
cnn,pso,3,2775,2024-06-26 12:35:00,1,1,0.626602828502655
cnn,pso,3,2776,2024-06-26 12:40:00,1,1,0.617142379283905
cnn,pso,3,2777,2024-06-26 12:45:00,1,1,0.613819420337677
cnn,pso,3,2778,2024-06-26 12:50:00,1,1,0.695659875869751
cnn,pso,3,2779,2024-06-26 12:55:00,1,1,0.7519293427467346
cnn,pso,3,2780,2024-06-26 13:00:00,1,1,0.7756255865097046
cnn,pso,3,2781,2024-06-26 13:05:00,1,1,0.8138895034790039
cnn,pso,3,2782,2024-06-26 13:10:00,1,1,0.7573807835578918
cnn,pso,3,2783,2024-06-26 13:15:00,1,1,0.7434607744216919
cnn,pso,3,2784,2024-06-26 13:20:00,1,1,0.758030891418457
cnn,pso,3,2785,2024-06-26 13:25:00,1,1,0.7307278513908386
cnn,pso,3,2786,2024-06-26 13:30:00,1,1,0.6944060325622559
cnn,pso,3,2787,2024-06-26 13:35:00,1,1,0.6601200699806213
cnn,pso,3,2788,2024-06-26 13:40:00,1,1,0.6620039343833923
cnn,pso,3,2789,2024-06-26 13:45:00,1,1,0.6624435782432556
cnn,pso,3,2790,2024-06-26 13:50:00,1,1,0.6753637790679932
cnn,pso,3,2791,2024-06-26 13:55:00,1,1,0.6324869394302368
cnn,pso,3,2792,2024-06-26 14:00:00,1,1,0.6268410086631775
cnn,pso,3,2793,2024-06-26 14:05:00,1,1,0.5390253067016602
cnn,pso,3,2794,2024-06-26 14:10:00,1,0,0.41407811641693115
cnn,pso,3,2795,2024-06-26 14:15:00,1,0,0.4284323751926422
cnn,pso,3,2796,2024-06-26 14:20:00,1,1,0.5423356294631958
cnn,pso,3,2797,2024-06-26 14:25:00,1,1,0.5773067474365234
cnn,pso,3,2798,2024-06-26 14:30:00,1,1,0.6186633110046387
cnn,pso,3,2799,2024-06-26 14:35:00,1,1,0.5811307430267334
cnn,pso,3,2800,2024-06-26 14:40:00,1,1,0.550827145576477
cnn,pso,3,2801,2024-06-26 14:45:00,1,1,0.5389120578765869
cnn,pso,3,2802,2024-06-26 14:50:00,1,0,0.49371564388275146
cnn,pso,3,2803,2024-06-26 14:55:00,1,1,0.5664001107215881
cnn,pso,3,2804,2024-06-26 15:00:00,1,1,0.6467316746711731
cnn,pso,3,2805,2024-06-26 15:05:00,1,1,0.7074034214019775
cnn,pso,3,2806,2024-06-26 15:10:00,0,1,0.7413670420646667
cnn,pso,3,2807,2024-06-26 15:15:00,0,1,0.6737146973609924
cnn,pso,3,2808,2024-06-26 15:20:00,0,1,0.6620604991912842
cnn,pso,3,2809,2024-06-26 15:25:00,0,1,0.5820974707603455
cnn,pso,3,2810,2024-06-26 15:30:00,0,1,0.5274386405944824
cnn,pso,3,2811,2024-06-26 15:35:00,0,1,0.5217317342758179
cnn,pso,3,2812,2024-06-26 15:40:00,0,0,0.46587449312210083
cnn,pso,3,2813,2024-06-26 15:45:00,0,0,0.397421658039093
cnn,pso,3,2814,2024-06-26 15:50:00,0,0,0.29411447048187256
cnn,pso,3,2815,2024-06-26 15:55:00,0,0,0.230696439743042
cnn,pso,3,2816,2024-06-26 16:00:00,0,0,0.2614782154560089
cnn,pso,3,2817,2024-06-26 16:05:00,0,0,0.27592897415161133
cnn,pso,3,2818,2024-06-26 16:10:00,1,0,0.2852683961391449
cnn,pso,3,2819,2024-06-26 16:15:00,1,0,0.392840176820755
cnn,pso,3,2820,2024-06-26 16:20:00,1,1,0.5227415561676025
cnn,pso,3,2821,2024-06-26 16:25:00,1,1,0.6218043565750122
cnn,pso,3,2822,2024-06-26 16:30:00,1,1,0.6562482714653015
cnn,pso,3,2823,2024-06-26 16:35:00,1,1,0.647638201713562
cnn,pso,3,2824,2024-06-26 16:40:00,1,1,0.6554775834083557
cnn,pso,3,2825,2024-06-26 16:45:00,1,1,0.6594581604003906
cnn,pso,3,2826,2024-06-26 16:50:00,0,1,0.7710965275764465
cnn,pso,3,2827,2024-06-26 16:55:00,0,1,0.81690913438797
cnn,pso,3,2828,2024-06-26 17:00:00,0,1,0.764167845249176
cnn,pso,3,2829,2024-06-26 17:05:00,0,1,0.7686936855316162
cnn,pso,3,2830,2024-06-26 17:10:00,0,1,0.6302385926246643
cnn,pso,3,2831,2024-06-26 17:15:00,0,1,0.5532909631729126
cnn,pso,3,2832,2024-06-26 17:20:00,0,1,0.5139081478118896
cnn,pso,3,2833,2024-06-26 17:25:00,0,1,0.5041329264640808
cnn,pso,3,2834,2024-06-26 17:30:00,1,0,0.43998658657073975
cnn,pso,3,2835,2024-06-26 17:35:00,1,0,0.4554026126861572
cnn,pso,3,2836,2024-06-26 17:40:00,1,1,0.5302801132202148
cnn,pso,3,2837,2024-06-26 17:45:00,1,1,0.5547966361045837
cnn,pso,3,2838,2024-06-26 17:50:00,1,1,0.6119650602340698
cnn,pso,3,2839,2024-06-26 17:55:00,1,1,0.6474227905273438
cnn,pso,3,2840,2024-06-27 10:55:00,0,1,0.7261611223220825
cnn,pso,3,2841,2024-06-27 11:00:00,0,1,0.7007759213447571
cnn,pso,3,2842,2024-06-27 11:05:00,0,1,0.6238422989845276
cnn,pso,3,2843,2024-06-27 11:10:00,0,1,0.6419209241867065
cnn,pso,3,2844,2024-06-27 11:15:00,0,1,0.5319481492042542
cnn,pso,3,2845,2024-06-27 11:20:00,0,0,0.3038562536239624
cnn,pso,3,2846,2024-06-27 11:25:00,0,0,0.24720095098018646
cnn,pso,3,2847,2024-06-27 11:30:00,0,0,0.2574022114276886
cnn,pso,3,2848,2024-06-27 11:35:00,0,0,0.3469242751598358
cnn,pso,3,2849,2024-06-27 11:40:00,0,0,0.3390377461910248
cnn,pso,3,2850,2024-06-27 11:45:00,0,0,0.3297828733921051
cnn,pso,3,2851,2024-06-27 11:50:00,0,0,0.2490648329257965
cnn,pso,3,2852,2024-06-27 11:55:00,0,0,0.19163094460964203
cnn,pso,3,2853,2024-06-27 12:00:00,1,0,0.17199808359146118
cnn,pso,3,2854,2024-06-27 12:05:00,1,0,0.22188107669353485
cnn,pso,3,2855,2024-06-27 12:10:00,1,0,0.25747454166412354
cnn,pso,3,2856,2024-06-27 12:15:00,1,0,0.28968945145606995
cnn,pso,3,2857,2024-06-27 12:20:00,1,0,0.347906231880188
cnn,pso,3,2858,2024-06-27 12:25:00,1,0,0.4832788407802582
cnn,pso,3,2859,2024-06-27 12:30:00,1,1,0.6388752460479736
cnn,pso,3,2860,2024-06-27 12:35:00,1,1,0.7274948954582214
cnn,pso,3,2861,2024-06-27 12:40:00,1,1,0.7725614309310913
cnn,pso,3,2862,2024-06-27 12:45:00,1,1,0.7772824764251709
cnn,pso,3,2863,2024-06-27 12:50:00,1,1,0.7509098649024963
cnn,pso,3,2864,2024-06-27 12:55:00,0,1,0.7550106644630432
cnn,pso,3,2865,2024-06-27 13:00:00,0,1,0.6697612404823303
cnn,pso,3,2866,2024-06-27 13:05:00,0,1,0.568085789680481
cnn,pso,3,2867,2024-06-27 13:10:00,0,1,0.530515730381012
cnn,pso,3,2868,2024-06-27 13:15:00,0,0,0.47476041316986084
cnn,pso,3,2869,2024-06-27 13:20:00,0,1,0.5240007042884827
cnn,pso,3,2870,2024-06-27 13:25:00,0,0,0.4532968997955322
cnn,pso,3,2871,2024-06-27 13:30:00,0,0,0.4276169240474701
cnn,pso,3,2872,2024-06-27 13:35:00,0,0,0.4130823016166687
cnn,pso,3,2873,2024-06-27 13:40:00,0,0,0.48157748579978943
cnn,pso,3,2874,2024-06-27 13:45:00,0,1,0.5855198502540588
cnn,pso,3,2875,2024-06-27 13:50:00,0,1,0.5640807747840881
cnn,pso,3,2876,2024-06-27 13:55:00,0,1,0.5423827767372131
cnn,pso,3,2877,2024-06-27 14:00:00,0,1,0.5376118421554565
cnn,pso,3,2878,2024-06-27 14:05:00,0,0,0.43706947565078735
cnn,pso,3,2879,2024-06-27 14:10:00,1,0,0.32601678371429443
cnn,pso,3,2880,2024-06-27 14:15:00,1,0,0.3906792998313904
cnn,pso,3,2881,2024-06-27 14:20:00,1,1,0.6353105902671814
cnn,pso,3,2882,2024-06-27 14:25:00,1,1,0.7382162809371948
cnn,pso,3,2883,2024-06-27 14:30:00,1,1,0.6782596707344055
cnn,pso,3,2884,2024-06-27 14:35:00,1,1,0.704382061958313
cnn,pso,3,2885,2024-06-27 14:40:00,1,1,0.7170081734657288
cnn,pso,3,2886,2024-06-27 14:45:00,1,1,0.7369938492774963
cnn,pso,3,2887,2024-06-27 14:50:00,1,1,0.7576636672019958
cnn,pso,3,2888,2024-06-27 14:55:00,1,1,0.7547404766082764
cnn,pso,3,2889,2024-06-27 15:00:00,1,1,0.6940376162528992
cnn,pso,3,2890,2024-06-27 15:05:00,1,1,0.5690875053405762
cnn,pso,3,2891,2024-06-27 15:10:00,1,1,0.5528157949447632
cnn,pso,3,2892,2024-06-27 15:15:00,1,1,0.5810366272926331
cnn,pso,3,2893,2024-06-27 15:20:00,1,1,0.5784081816673279
cnn,pso,3,2894,2024-06-27 15:25:00,1,1,0.5670570731163025
cnn,pso,3,2895,2024-06-27 15:30:00,1,1,0.6294499039649963
cnn,pso,3,2896,2024-06-27 15:35:00,1,1,0.6733750104904175
cnn,pso,3,2897,2024-06-27 15:40:00,1,1,0.6470732092857361
cnn,pso,3,2898,2024-06-27 15:45:00,1,1,0.7008783221244812
cnn,pso,3,2899,2024-06-27 15:50:00,1,1,0.7772793173789978
cnn,pso,3,2900,2024-06-27 15:55:00,1,1,0.8170374631881714
cnn,pso,3,2901,2024-06-27 16:00:00,1,1,0.8003678321838379
cnn,pso,3,2902,2024-06-27 16:05:00,1,1,0.7600690722465515
cnn,pso,3,2903,2024-06-27 16:10:00,1,1,0.7525399923324585
cnn,pso,3,2904,2024-06-27 16:15:00,1,1,0.6425098180770874
cnn,pso,3,2905,2024-06-27 16:20:00,1,1,0.5670291781425476
cnn,pso,3,2906,2024-06-27 16:25:00,1,1,0.548468828201294
cnn,pso,3,2907,2024-06-27 16:30:00,1,0,0.47505006194114685
cnn,pso,3,2908,2024-06-27 16:35:00,1,0,0.4552496075630188
cnn,pso,3,2909,2024-06-27 16:40:00,1,1,0.5561400651931763
cnn,pso,3,2910,2024-06-27 16:45:00,1,1,0.6335650086402893
cnn,pso,3,2911,2024-06-27 16:50:00,1,1,0.6080096364021301
cnn,pso,3,2912,2024-06-27 16:55:00,1,1,0.6321649551391602
cnn,pso,3,2913,2024-06-27 17:00:00,1,1,0.6105684638023376
cnn,pso,3,2914,2024-06-27 17:05:00,1,1,0.6562038660049438
cnn,pso,3,2915,2024-06-27 17:10:00,1,1,0.602903425693512
cnn,pso,3,2916,2024-06-27 17:15:00,1,1,0.52766352891922
cnn,pso,3,2917,2024-06-27 17:20:00,1,1,0.5282496213912964
cnn,pso,3,2918,2024-06-27 17:25:00,1,1,0.5576363801956177
cnn,pso,3,2919,2024-06-27 17:30:00,1,1,0.5497255325317383
cnn,pso,3,2920,2024-06-27 17:35:00,1,1,0.5199937224388123
cnn,pso,3,2921,2024-06-27 17:40:00,1,1,0.5322588086128235
cnn,pso,3,2922,2024-06-27 17:45:00,1,1,0.5700032711029053
cnn,pso,3,2923,2024-06-27 17:50:00,1,1,0.6088362336158752
cnn,pso,3,2924,2024-06-27 17:55:00,0,1,0.6592329144477844
cnn,pso,3,2925,2024-06-28 10:40:00,0,0,0.23222880065441132
cnn,pso,3,2926,2024-06-28 10:45:00,0,0,0.16904252767562866
cnn,pso,3,2927,2024-06-28 10:50:00,0,0,0.13810428977012634
cnn,pso,3,2928,2024-06-28 10:55:00,0,0,0.12808024883270264
cnn,pso,3,2929,2024-06-28 11:00:00,1,0,0.147975891828537
cnn,pso,3,2930,2024-06-28 11:05:00,1,0,0.11221829801797867
cnn,pso,3,2931,2024-06-28 11:10:00,1,0,0.15281321108341217
cnn,pso,3,2932,2024-06-28 11:15:00,1,0,0.22354036569595337
cnn,pso,3,2933,2024-06-28 11:20:00,1,0,0.4768027365207672
cnn,pso,3,2934,2024-06-28 11:25:00,1,1,0.6368598937988281
cnn,pso,3,2935,2024-06-28 11:30:00,1,1,0.7335618138313293
cnn,pso,3,2936,2024-06-28 11:35:00,1,1,0.7645158171653748
cnn,pso,3,2937,2024-06-28 11:40:00,1,1,0.7651553153991699
cnn,pso,3,2938,2024-06-28 11:45:00,1,1,0.7889925241470337
cnn,pso,3,2939,2024-06-28 11:50:00,1,1,0.7970138192176819
cnn,pso,3,2940,2024-06-28 11:55:00,1,1,0.823776125907898
cnn,pso,3,2941,2024-06-28 12:00:00,1,1,0.8014335036277771
cnn,pso,3,2942,2024-06-28 12:05:00,1,1,0.7368922829627991
cnn,pso,3,2943,2024-06-28 12:10:00,1,1,0.694482147693634
cnn,pso,3,2944,2024-06-28 12:15:00,1,1,0.7150129675865173
cnn,pso,3,2945,2024-06-28 12:20:00,1,1,0.6930869817733765
cnn,pso,3,2946,2024-06-28 12:25:00,1,1,0.5579327344894409
cnn,pso,3,2947,2024-06-28 12:30:00,1,1,0.5370860695838928
cnn,pso,3,2948,2024-06-28 12:35:00,0,1,0.6392418146133423
cnn,pso,3,2949,2024-06-28 12:40:00,0,1,0.6432406902313232
cnn,pso,3,2950,2024-06-28 12:45:00,0,1,0.5563503503799438
cnn,pso,3,2951,2024-06-28 12:50:00,0,0,0.49629005789756775
cnn,pso,3,2952,2024-06-28 12:55:00,0,0,0.3837803602218628
cnn,pso,3,2953,2024-06-28 13:00:00,0,0,0.31051814556121826
cnn,pso,3,2954,2024-06-28 13:05:00,0,0,0.27434706687927246
cnn,pso,3,2955,2024-06-28 13:10:00,0,0,0.22794535756111145
cnn,pso,3,2956,2024-06-28 13:15:00,0,0,0.27508479356765747
cnn,pso,3,2957,2024-06-28 13:20:00,0,0,0.31754887104034424
cnn,pso,3,2958,2024-06-28 13:25:00,0,0,0.3151994049549103
cnn,pso,3,2959,2024-06-28 13:30:00,0,0,0.34340688586235046
cnn,pso,3,2960,2024-06-28 13:35:00,1,0,0.31422555446624756
cnn,pso,3,2961,2024-06-28 13:40:00,1,0,0.3942205607891083
cnn,pso,3,2962,2024-06-28 13:45:00,1,0,0.396553099155426
cnn,pso,3,2963,2024-06-28 13:50:00,1,0,0.37080660462379456
cnn,pso,3,2964,2024-06-28 13:55:00,1,0,0.4837745428085327
cnn,pso,3,2965,2024-06-28 14:00:00,1,1,0.5355806350708008
cnn,pso,3,2966,2024-06-28 14:05:00,1,1,0.5605018138885498
cnn,pso,3,2967,2024-06-28 14:10:00,1,1,0.5291343331336975
cnn,pso,3,2968,2024-06-28 14:15:00,1,1,0.5369744300842285
cnn,pso,3,2969,2024-06-28 14:20:00,1,1,0.6082008481025696
cnn,pso,3,2970,2024-06-28 14:25:00,1,1,0.6615250110626221
cnn,pso,3,2971,2024-06-28 14:30:00,1,1,0.6158571243286133
cnn,pso,3,2972,2024-06-28 14:35:00,1,1,0.6603886485099792
cnn,pso,3,2973,2024-06-28 14:40:00,1,1,0.7224669456481934
cnn,pso,3,2974,2024-06-28 14:45:00,0,1,0.7409160137176514
cnn,pso,3,2975,2024-06-28 14:50:00,0,1,0.7162532806396484
cnn,pso,3,2976,2024-06-28 14:55:00,0,1,0.5614737272262573
cnn,pso,3,2977,2024-06-28 15:00:00,0,0,0.44537225365638733
cnn,pso,3,2978,2024-06-28 15:05:00,0,0,0.4480487108230591
cnn,pso,3,2979,2024-06-28 15:10:00,0,0,0.4391718804836273
cnn,pso,3,2980,2024-06-28 15:15:00,0,0,0.49104827642440796
cnn,pso,3,2981,2024-06-28 15:20:00,0,0,0.424715131521225
cnn,pso,3,2982,2024-06-28 15:25:00,0,0,0.41768819093704224
cnn,pso,3,2983,2024-06-28 15:30:00,0,0,0.34488433599472046
cnn,pso,3,2984,2024-06-28 15:35:00,0,0,0.26954296231269836
cnn,pso,3,2985,2024-06-28 15:40:00,0,0,0.23084361851215363
cnn,pso,3,2986,2024-06-28 15:45:00,0,0,0.2708130478858948
cnn,pso,3,2987,2024-06-28 15:50:00,0,0,0.31650376319885254
cnn,pso,3,2988,2024-06-28 15:55:00,0,0,0.42099085450172424
cnn,pso,3,2989,2024-06-28 16:00:00,0,0,0.40879032015800476
cnn,pso,3,2990,2024-06-28 16:05:00,0,0,0.38952696323394775
cnn,pso,3,2991,2024-06-28 16:10:00,0,0,0.3316248655319214
cnn,pso,3,2992,2024-06-28 16:15:00,1,0,0.3238384425640106
cnn,pso,3,2993,2024-06-28 16:20:00,1,0,0.40434712171554565
cnn,pso,3,2994,2024-06-28 16:25:00,1,1,0.5155640244483948
cnn,pso,3,2995,2024-06-28 16:30:00,1,1,0.5301689505577087
cnn,pso,3,2996,2024-06-28 16:35:00,1,1,0.5206804871559143
cnn,pso,3,2997,2024-06-28 16:40:00,1,1,0.5560446381568909
cnn,pso,3,2998,2024-06-28 16:45:00,1,1,0.6068546772003174
cnn,pso,3,2999,2024-06-28 16:50:00,1,1,0.6611234545707703
cnn,pso,3,3000,2024-06-28 16:55:00,0,1,0.700273334980011
cnn,pso,3,3001,2024-06-28 17:00:00,0,1,0.6599310636520386
cnn,pso,3,3002,2024-06-28 17:05:00,0,1,0.5831849575042725
cnn,pso,3,3003,2024-06-28 17:10:00,0,1,0.5956826210021973
cnn,pso,3,3004,2024-06-28 17:15:00,0,1,0.519239604473114
cnn,pso,3,3005,2024-06-28 17:20:00,0,0,0.42533257603645325
cnn,pso,3,3006,2024-06-28 17:25:00,0,0,0.3987336754798889
cnn,pso,3,3007,2024-06-28 17:30:00,0,0,0.4613055884838104
cnn,pso,3,3008,2024-06-28 17:35:00,0,0,0.43478140234947205
cnn,pso,3,3009,2024-06-28 17:40:00,0,0,0.4609590768814087
cnn,pso,3,3010,2024-06-28 17:45:00,0,1,0.5489081740379333
cnn,pso,3,3011,2024-06-28 17:50:00,0,1,0.5610418319702148
