model_type,optimizer,seed,row_id,datetime,y_true,y_pred,y_proba
cnn,random_search,1,0,2024-05-20 15:25:00,1,0,0.44353219866752625
cnn,random_search,1,1,2024-05-20 15:25:00,1,0,0.4497085213661194
cnn,random_search,1,2,2024-05-20 15:30:00,1,0,0.4896007180213928
cnn,random_search,1,3,2024-05-20 15:30:00,1,0,0.4931296110153198
cnn,random_search,1,4,2024-05-20 15:35:00,1,1,0.526565670967102
cnn,random_search,1,5,2024-05-20 15:35:00,1,1,0.5343385934829712
cnn,random_search,1,6,2024-05-20 15:40:00,1,0,0.4756212532520294
cnn,random_search,1,7,2024-05-20 15:40:00,1,0,0.3709283173084259
cnn,random_search,1,8,2024-05-20 15:45:00,1,0,0.49177441000938416
cnn,random_search,1,9,2024-05-20 15:45:00,1,0,0.4740607738494873
cnn,random_search,1,10,2024-05-20 15:50:00,1,0,0.47486773133277893
cnn,random_search,1,11,2024-05-20 15:50:00,1,0,0.34092509746551514
cnn,random_search,1,12,2024-05-20 15:55:00,1,0,0.4539073407649994
cnn,random_search,1,13,2024-05-20 15:55:00,1,0,0.46864327788352966
cnn,random_search,1,14,2024-05-20 16:00:00,1,1,0.5422454476356506
cnn,random_search,1,15,2024-05-20 16:00:00,1,1,0.5340890288352966
cnn,random_search,1,16,2024-05-20 16:05:00,1,1,0.5884286165237427
cnn,random_search,1,17,2024-05-20 16:05:00,1,1,0.5703475475311279
cnn,random_search,1,18,2024-05-20 16:10:00,1,1,0.5570648312568665
cnn,random_search,1,19,2024-05-20 16:10:00,1,1,0.5647230744361877
cnn,random_search,1,20,2024-05-20 16:15:00,1,1,0.5663057565689087
cnn,random_search,1,21,2024-05-20 16:15:00,1,1,0.5776346325874329
cnn,random_search,1,22,2024-05-20 16:20:00,1,1,0.517754316329956
cnn,random_search,1,23,2024-05-20 16:20:00,1,1,0.5137802362442017
cnn,random_search,1,24,2024-05-20 16:25:00,1,0,0.4564390182495117
cnn,random_search,1,25,2024-05-20 16:25:00,1,0,0.4428158700466156
cnn,random_search,1,26,2024-05-20 16:30:00,1,0,0.4466865062713623
cnn,random_search,1,27,2024-05-20 16:30:00,1,0,0.4444688558578491
cnn,random_search,1,28,2024-05-20 16:35:00,1,0,0.4301375448703766
cnn,random_search,1,29,2024-05-20 16:35:00,1,0,0.3824731707572937
cnn,random_search,1,30,2024-05-20 16:40:00,1,0,0.46002236008644104
cnn,random_search,1,31,2024-05-20 16:40:00,1,0,0.46483317017555237
cnn,random_search,1,32,2024-05-20 16:45:00,1,1,0.514337420463562
cnn,random_search,1,33,2024-05-20 16:45:00,1,1,0.5468412637710571
cnn,random_search,1,34,2024-05-20 16:50:00,1,1,0.589041531085968
cnn,random_search,1,35,2024-05-20 16:50:00,1,1,0.5896003246307373
cnn,random_search,1,36,2024-05-20 16:55:00,0,1,0.6172725558280945
cnn,random_search,1,37,2024-05-20 16:55:00,0,1,0.6320441961288452
cnn,random_search,1,38,2024-05-20 17:00:00,0,1,0.7112568616867065
cnn,random_search,1,39,2024-05-20 17:00:00,0,1,0.6028056144714355
cnn,random_search,1,40,2024-05-20 17:05:00,0,1,0.5179460644721985
cnn,random_search,1,41,2024-05-20 17:05:00,0,1,0.584356963634491
cnn,random_search,1,42,2024-05-20 17:10:00,0,0,0.4815137982368469
cnn,random_search,1,43,2024-05-20 17:10:00,0,0,0.3038966655731201
cnn,random_search,1,44,2024-05-20 17:15:00,0,1,0.5286566019058228
cnn,random_search,1,45,2024-05-20 17:15:00,0,1,0.5321217179298401
cnn,random_search,1,46,2024-05-20 17:20:00,0,1,0.5451148152351379
cnn,random_search,1,47,2024-05-20 17:20:00,0,1,0.5373663306236267
cnn,random_search,1,48,2024-05-20 17:25:00,0,1,0.7170546650886536
cnn,random_search,1,49,2024-05-20 17:25:00,0,1,0.5619186162948608
cnn,random_search,1,50,2024-05-20 17:30:00,0,1,0.6483801603317261
cnn,random_search,1,51,2024-05-20 17:30:00,0,1,0.6355330348014832
cnn,random_search,1,52,2024-05-20 17:35:00,0,1,0.5387199521064758
cnn,random_search,1,53,2024-05-20 17:35:00,0,1,0.5494756102561951
cnn,random_search,1,54,2024-05-20 17:40:00,0,1,0.5337042212486267
cnn,random_search,1,55,2024-05-20 17:40:00,0,1,0.5577253699302673
cnn,random_search,1,56,2024-05-20 17:45:00,0,1,0.5424483418464661
cnn,random_search,1,57,2024-05-20 17:45:00,0,1,0.5184796452522278
cnn,random_search,1,58,2024-05-20 17:50:00,0,1,0.726577639579773
cnn,random_search,1,59,2024-05-20 17:50:00,0,1,0.538261353969574
cnn,random_search,1,60,2024-05-20 17:55:00,0,1,0.6581676006317139
cnn,random_search,1,61,2024-05-20 17:55:00,0,0,0.47234535217285156
cnn,random_search,1,62,2024-05-21 13:30:00,1,0,0.36634352803230286
cnn,random_search,1,63,2024-05-21 13:30:00,1,0,0.3683604598045349
cnn,random_search,1,64,2024-05-21 13:35:00,1,0,0.38789793848991394
cnn,random_search,1,65,2024-05-21 13:35:00,1,0,0.39190006256103516
cnn,random_search,1,66,2024-05-21 13:40:00,1,0,0.49033603072166443
cnn,random_search,1,67,2024-05-21 13:40:00,1,0,0.47832077741622925
cnn,random_search,1,68,2024-05-21 13:45:00,1,1,0.6054252982139587
cnn,random_search,1,69,2024-05-21 13:45:00,1,1,0.623790979385376
cnn,random_search,1,70,2024-05-21 13:50:00,1,1,0.5243974924087524
cnn,random_search,1,71,2024-05-21 13:50:00,1,1,0.5079760551452637
cnn,random_search,1,72,2024-05-21 13:55:00,1,0,0.4546130895614624
cnn,random_search,1,73,2024-05-21 13:55:00,1,0,0.4419596493244171
cnn,random_search,1,74,2024-05-21 14:00:00,1,1,0.5547951459884644
cnn,random_search,1,75,2024-05-21 14:00:00,1,1,0.5445843935012817
cnn,random_search,1,76,2024-05-21 14:05:00,1,1,0.5436521172523499
cnn,random_search,1,77,2024-05-21 14:05:00,1,1,0.5564050674438477
cnn,random_search,1,78,2024-05-21 14:10:00,1,0,0.4628604054450989
cnn,random_search,1,79,2024-05-21 14:10:00,1,1,0.5048003196716309
cnn,random_search,1,80,2024-05-21 14:15:00,1,1,0.5257960557937622
cnn,random_search,1,81,2024-05-21 14:15:00,1,1,0.5564861297607422
cnn,random_search,1,82,2024-05-21 14:20:00,1,1,0.6274886131286621
cnn,random_search,1,83,2024-05-21 14:20:00,1,1,0.6931565403938293
cnn,random_search,1,84,2024-05-21 14:25:00,1,1,0.8166214227676392
cnn,random_search,1,85,2024-05-21 14:25:00,1,1,0.6398266553878784
cnn,random_search,1,86,2024-05-21 14:30:00,1,1,0.669133186340332
cnn,random_search,1,87,2024-05-21 14:30:00,1,1,0.6260346174240112
cnn,random_search,1,88,2024-05-21 14:35:00,1,1,0.571875810623169
cnn,random_search,1,89,2024-05-21 14:35:00,1,1,0.5934324264526367
cnn,random_search,1,90,2024-05-21 14:40:00,1,1,0.5756063461303711
cnn,random_search,1,91,2024-05-21 14:40:00,1,1,0.5826734304428101
cnn,random_search,1,92,2024-05-21 14:45:00,1,1,0.6477680802345276
cnn,random_search,1,93,2024-05-21 14:45:00,1,1,0.6096312403678894
cnn,random_search,1,94,2024-05-21 14:50:00,1,1,0.6068136096000671
cnn,random_search,1,95,2024-05-21 14:50:00,1,1,0.5925483107566833
cnn,random_search,1,96,2024-05-21 14:55:00,1,1,0.7080872058868408
cnn,random_search,1,97,2024-05-21 14:55:00,1,1,0.6306909322738647
cnn,random_search,1,98,2024-05-21 15:00:00,1,1,0.6769887208938599
cnn,random_search,1,99,2024-05-21 15:00:00,1,1,0.832813024520874
cnn,random_search,1,100,2024-05-21 15:05:00,0,1,0.7274450659751892
cnn,random_search,1,101,2024-05-21 15:05:00,0,1,0.6591020822525024
cnn,random_search,1,102,2024-05-21 15:10:00,0,1,0.6604183912277222
cnn,random_search,1,103,2024-05-21 15:10:00,0,1,0.5568293333053589
cnn,random_search,1,104,2024-05-21 15:15:00,0,0,0.4644091725349426
cnn,random_search,1,105,2024-05-21 15:15:00,0,0,0.429527223110199
cnn,random_search,1,106,2024-05-21 15:20:00,0,0,0.4614561200141907
cnn,random_search,1,107,2024-05-21 15:20:00,0,1,0.5133165717124939
cnn,random_search,1,108,2024-05-21 15:25:00,0,0,0.48686131834983826
cnn,random_search,1,109,2024-05-21 15:25:00,0,0,0.4304084777832031
cnn,random_search,1,110,2024-05-21 15:30:00,0,0,0.3944701552391052
cnn,random_search,1,111,2024-05-21 15:30:00,0,0,0.28072208166122437
cnn,random_search,1,112,2024-05-21 15:35:00,0,0,0.33771955966949463
cnn,random_search,1,113,2024-05-21 15:35:00,0,0,0.36094123125076294
cnn,random_search,1,114,2024-05-21 15:40:00,0,0,0.41685208678245544
cnn,random_search,1,115,2024-05-21 15:40:00,0,0,0.3771044909954071
cnn,random_search,1,116,2024-05-21 15:45:00,0,0,0.42692410945892334
cnn,random_search,1,117,2024-05-21 15:50:00,0,1,0.5537937879562378
cnn,random_search,1,118,2024-05-21 15:50:00,0,1,0.5567668676376343
cnn,random_search,1,119,2024-05-21 15:55:00,0,1,0.5364494323730469
cnn,random_search,1,120,2024-05-21 15:55:00,0,1,0.5500916838645935
cnn,random_search,1,121,2024-05-21 16:00:00,0,1,0.5981711745262146
cnn,random_search,1,122,2024-05-21 16:00:00,0,1,0.5640677213668823
cnn,random_search,1,123,2024-05-21 16:05:00,0,1,0.6992026567459106
cnn,random_search,1,124,2024-05-21 16:05:00,0,1,0.5985727310180664
cnn,random_search,1,125,2024-05-21 16:10:00,0,1,0.6176268458366394
cnn,random_search,1,126,2024-05-21 16:10:00,0,1,0.5766991376876831
cnn,random_search,1,127,2024-05-21 16:15:00,0,1,0.5688859820365906
cnn,random_search,1,128,2024-05-21 16:15:00,0,1,0.5836422443389893
cnn,random_search,1,129,2024-05-21 16:20:00,0,1,0.5393227934837341
cnn,random_search,1,130,2024-05-21 16:20:00,0,1,0.5721796751022339
cnn,random_search,1,131,2024-05-21 16:25:00,0,1,0.636307954788208
cnn,random_search,1,132,2024-05-21 16:25:00,0,1,0.5794401168823242
cnn,random_search,1,133,2024-05-21 16:30:00,0,1,0.6484951972961426
cnn,random_search,1,134,2024-05-21 16:30:00,0,1,0.5819711089134216
cnn,random_search,1,135,2024-05-21 16:35:00,0,1,0.5638982057571411
cnn,random_search,1,136,2024-05-21 16:35:00,0,1,0.5665416717529297
cnn,random_search,1,137,2024-05-21 16:40:00,0,1,0.5406075119972229
cnn,random_search,1,138,2024-05-21 16:40:00,0,1,0.5241820216178894
cnn,random_search,1,139,2024-05-21 16:45:00,0,0,0.4994727075099945
cnn,random_search,1,140,2024-05-21 16:45:00,0,1,0.5365923047065735
cnn,random_search,1,141,2024-05-21 16:50:00,0,0,0.4587901532649994
cnn,random_search,1,142,2024-05-21 16:50:00,0,0,0.43995001912117004
cnn,random_search,1,143,2024-05-21 16:55:00,0,0,0.3892665207386017
cnn,random_search,1,144,2024-05-21 16:55:00,0,0,0.39620307087898254
cnn,random_search,1,145,2024-05-21 17:00:00,0,0,0.26505246758461
cnn,random_search,1,146,2024-05-21 17:00:00,0,0,0.3342593312263489
cnn,random_search,1,147,2024-05-21 17:05:00,0,0,0.30369123816490173
cnn,random_search,1,148,2024-05-21 17:05:00,0,0,0.32871121168136597
cnn,random_search,1,149,2024-05-21 17:10:00,0,0,0.32515987753868103
cnn,random_search,1,150,2024-05-21 17:10:00,0,0,0.3134025037288666
cnn,random_search,1,151,2024-05-21 17:15:00,0,0,0.325403094291687
cnn,random_search,1,152,2024-05-21 17:15:00,0,0,0.31582918763160706
cnn,random_search,1,153,2024-05-21 17:20:00,0,0,0.4508151710033417
cnn,random_search,1,154,2024-05-21 17:20:00,0,0,0.4344032406806946
cnn,random_search,1,155,2024-05-21 17:25:00,0,0,0.4137958288192749
cnn,random_search,1,156,2024-05-21 17:25:00,0,0,0.4456062912940979
cnn,random_search,1,157,2024-05-21 17:30:00,0,0,0.42774251103401184
cnn,random_search,1,158,2024-05-21 17:30:00,0,0,0.4128601849079132
cnn,random_search,1,159,2024-05-21 17:35:00,0,0,0.4672972857952118
cnn,random_search,1,160,2024-05-21 17:40:00,0,0,0.452813059091568
cnn,random_search,1,161,2024-05-21 17:40:00,0,0,0.48266100883483887
cnn,random_search,1,162,2024-05-21 17:45:00,0,0,0.49962013959884644
cnn,random_search,1,163,2024-05-21 17:50:00,0,0,0.44480425119400024
cnn,random_search,1,164,2024-05-21 17:50:00,0,0,0.4096573293209076
cnn,random_search,1,165,2024-05-21 17:55:00,0,0,0.4244035482406616
cnn,random_search,1,166,2024-05-21 17:55:00,0,0,0.4336196184158325
cnn,random_search,1,167,2024-05-22 11:40:00,1,0,0.30938926339149475
cnn,random_search,1,168,2024-05-22 11:45:00,1,0,0.39969849586486816
cnn,random_search,1,169,2024-05-22 11:50:00,1,1,0.5073832869529724
cnn,random_search,1,170,2024-05-22 11:55:00,1,1,0.5294394493103027
cnn,random_search,1,171,2024-05-22 12:00:00,1,1,0.5955033302307129
cnn,random_search,1,172,2024-05-22 12:05:00,0,1,0.7086271643638611
cnn,random_search,1,173,2024-05-22 12:10:00,0,1,0.7273390889167786
cnn,random_search,1,174,2024-05-22 12:15:00,0,1,0.5488177537918091
cnn,random_search,1,175,2024-05-22 12:20:00,0,0,0.43761587142944336
cnn,random_search,1,176,2024-05-22 12:25:00,0,0,0.34486493468284607
cnn,random_search,1,177,2024-05-22 12:30:00,0,0,0.3834059238433838
cnn,random_search,1,178,2024-05-22 12:35:00,0,1,0.522783100605011
cnn,random_search,1,179,2024-05-22 12:40:00,0,1,0.5044959783554077
cnn,random_search,1,180,2024-05-22 12:45:00,0,0,0.4156782329082489
cnn,random_search,1,181,2024-05-22 12:50:00,0,0,0.4675385355949402
cnn,random_search,1,182,2024-05-22 12:55:00,0,1,0.5683061480522156
cnn,random_search,1,183,2024-05-22 13:00:00,0,1,0.666867733001709
cnn,random_search,1,184,2024-05-22 13:05:00,0,1,0.5780919790267944
cnn,random_search,1,185,2024-05-22 13:10:00,0,1,0.5348292589187622
cnn,random_search,1,186,2024-05-22 13:15:00,0,0,0.49148470163345337
cnn,random_search,1,187,2024-05-22 13:20:00,0,0,0.4291327893733978
cnn,random_search,1,188,2024-05-22 13:25:00,0,0,0.43656620383262634
cnn,random_search,1,189,2024-05-22 13:30:00,0,0,0.4506901800632477
cnn,random_search,1,190,2024-05-22 13:35:00,0,0,0.3871050477027893
cnn,random_search,1,191,2024-05-22 13:40:00,0,0,0.35748356580734253
cnn,random_search,1,192,2024-05-22 13:45:00,0,0,0.3446202278137207
cnn,random_search,1,193,2024-05-22 13:50:00,0,0,0.4717009961605072
cnn,random_search,1,194,2024-05-22 13:55:00,0,0,0.36721280217170715
cnn,random_search,1,195,2024-05-22 14:00:00,0,0,0.3335808217525482
cnn,random_search,1,196,2024-05-22 14:05:00,0,0,0.4142308235168457
cnn,random_search,1,197,2024-05-22 14:10:00,0,0,0.418387770652771
cnn,random_search,1,198,2024-05-22 14:15:00,0,0,0.4493904411792755
cnn,random_search,1,199,2024-05-22 14:20:00,0,0,0.4022506773471832
cnn,random_search,1,200,2024-05-22 14:25:00,0,0,0.42489808797836304
cnn,random_search,1,201,2024-05-22 14:30:00,0,0,0.38242805004119873
cnn,random_search,1,202,2024-05-22 14:35:00,0,0,0.3607504367828369
cnn,random_search,1,203,2024-05-22 14:40:00,0,0,0.364920437335968
cnn,random_search,1,204,2024-05-22 14:45:00,0,0,0.4485331177711487
cnn,random_search,1,205,2024-05-22 14:50:00,0,0,0.4439806044101715
cnn,random_search,1,206,2024-05-22 14:55:00,0,0,0.4840225279331207
cnn,random_search,1,207,2024-05-22 15:00:00,0,0,0.40282273292541504
cnn,random_search,1,208,2024-05-22 15:05:00,0,0,0.38272443413734436
cnn,random_search,1,209,2024-05-22 15:10:00,0,0,0.3608061671257019
cnn,random_search,1,210,2024-05-22 15:15:00,0,0,0.3578515350818634
cnn,random_search,1,211,2024-05-22 15:20:00,0,0,0.35313430428504944
cnn,random_search,1,212,2024-05-22 15:25:00,0,0,0.30076831579208374
cnn,random_search,1,213,2024-05-22 15:30:00,0,0,0.29553982615470886
cnn,random_search,1,214,2024-05-22 15:35:00,0,0,0.289689302444458
cnn,random_search,1,215,2024-05-22 15:40:00,0,0,0.35276877880096436
cnn,random_search,1,216,2024-05-22 15:45:00,0,0,0.47511646151542664
cnn,random_search,1,217,2024-05-22 15:50:00,0,0,0.4913492798805237
cnn,random_search,1,218,2024-05-22 15:55:00,0,0,0.4937147796154022
cnn,random_search,1,219,2024-05-22 16:00:00,0,1,0.5411128997802734
cnn,random_search,1,220,2024-05-22 16:05:00,0,1,0.5265012979507446
cnn,random_search,1,221,2024-05-22 16:10:00,0,0,0.4516502320766449
cnn,random_search,1,222,2024-05-22 16:15:00,0,0,0.358410507440567
cnn,random_search,1,223,2024-05-22 16:20:00,0,0,0.2869669497013092
cnn,random_search,1,224,2024-05-22 16:25:00,0,0,0.3606085181236267
cnn,random_search,1,225,2024-05-22 16:30:00,0,0,0.41085085272789
cnn,random_search,1,226,2024-05-22 16:35:00,0,0,0.40170130133628845
cnn,random_search,1,227,2024-05-22 16:40:00,0,0,0.3829593360424042
cnn,random_search,1,228,2024-05-22 16:45:00,0,0,0.3636443018913269
cnn,random_search,1,229,2024-05-22 16:50:00,0,0,0.40824538469314575
cnn,random_search,1,230,2024-05-22 16:55:00,0,1,0.5111620426177979
cnn,random_search,1,231,2024-05-22 17:00:00,0,0,0.48351556062698364
cnn,random_search,1,232,2024-05-22 17:05:00,0,0,0.39971864223480225
cnn,random_search,1,233,2024-05-22 17:10:00,0,0,0.35838595032691956
cnn,random_search,1,234,2024-05-22 17:15:00,0,0,0.32403627038002014
cnn,random_search,1,235,2024-05-22 17:20:00,0,0,0.48385581374168396
cnn,random_search,1,236,2024-05-22 17:25:00,0,0,0.4710550010204315
cnn,random_search,1,237,2024-05-22 17:30:00,0,0,0.38423624634742737
cnn,random_search,1,238,2024-05-22 17:35:00,0,0,0.401201456785202
cnn,random_search,1,239,2024-05-22 17:40:00,0,0,0.43141716718673706
cnn,random_search,1,240,2024-05-22 17:45:00,0,0,0.42534467577934265
cnn,random_search,1,241,2024-05-22 17:50:00,0,0,0.45773375034332275
cnn,random_search,1,242,2024-05-22 17:55:00,0,0,0.40479978919029236
cnn,random_search,1,243,2024-05-23 11:15:00,1,0,0.2800300717353821
cnn,random_search,1,244,2024-05-23 11:20:00,1,0,0.2685333788394928
cnn,random_search,1,245,2024-05-23 11:25:00,1,0,0.2967131733894348
cnn,random_search,1,246,2024-05-23 11:30:00,1,0,0.34823769330978394
cnn,random_search,1,247,2024-05-23 11:35:00,1,0,0.37569111585617065
cnn,random_search,1,248,2024-05-23 11:40:00,1,0,0.38469287753105164
cnn,random_search,1,249,2024-05-23 11:45:00,1,0,0.4572600722312927
cnn,random_search,1,250,2024-05-23 11:50:00,1,0,0.451705664396286
cnn,random_search,1,251,2024-05-23 11:55:00,1,0,0.39866089820861816
cnn,random_search,1,252,2024-05-23 12:00:00,1,1,0.5244857668876648
cnn,random_search,1,253,2024-05-23 12:05:00,1,1,0.6079951524734497
cnn,random_search,1,254,2024-05-23 12:10:00,1,1,0.5660256147384644
cnn,random_search,1,255,2024-05-23 12:15:00,1,0,0.46235761046409607
cnn,random_search,1,256,2024-05-23 12:20:00,1,1,0.5049172043800354
cnn,random_search,1,257,2024-05-23 12:25:00,1,1,0.7395208477973938
cnn,random_search,1,258,2024-05-23 12:30:00,1,1,0.5966089367866516
cnn,random_search,1,259,2024-05-23 12:35:00,1,1,0.5965915322303772
cnn,random_search,1,260,2024-05-23 12:40:00,1,1,0.5929917097091675
cnn,random_search,1,261,2024-05-23 12:45:00,1,1,0.5105363726615906
cnn,random_search,1,262,2024-05-23 12:50:00,1,1,0.5285190343856812
cnn,random_search,1,263,2024-05-23 12:55:00,1,1,0.6357523798942566
cnn,random_search,1,264,2024-05-23 13:00:00,1,1,0.6073355078697205
cnn,random_search,1,265,2024-05-23 13:05:00,1,1,0.5262880325317383
cnn,random_search,1,266,2024-05-23 13:10:00,1,0,0.375212699174881
cnn,random_search,1,267,2024-05-23 13:15:00,1,0,0.44248688220977783
cnn,random_search,1,268,2024-05-23 13:20:00,1,1,0.5254603624343872
cnn,random_search,1,269,2024-05-23 13:25:00,0,1,0.5919896960258484
cnn,random_search,1,270,2024-05-23 13:30:00,0,1,0.5973935127258301
cnn,random_search,1,271,2024-05-23 13:35:00,0,1,0.5155234336853027
cnn,random_search,1,272,2024-05-23 13:40:00,0,0,0.45608386397361755
cnn,random_search,1,273,2024-05-23 13:45:00,0,0,0.390510231256485
cnn,random_search,1,274,2024-05-23 13:50:00,0,0,0.4373895823955536
cnn,random_search,1,275,2024-05-23 13:55:00,0,0,0.4389553964138031
cnn,random_search,1,276,2024-05-23 14:00:00,0,0,0.4896681010723114
cnn,random_search,1,277,2024-05-23 14:05:00,0,0,0.4986497461795807
cnn,random_search,1,278,2024-05-23 14:10:00,0,1,0.5927128195762634
cnn,random_search,1,279,2024-05-23 14:15:00,0,1,0.5367816090583801
cnn,random_search,1,280,2024-05-23 14:20:00,0,1,0.5336493253707886
cnn,random_search,1,281,2024-05-23 14:25:00,0,1,0.6031119227409363
cnn,random_search,1,282,2024-05-23 14:30:00,0,1,0.6087961792945862
cnn,random_search,1,283,2024-05-23 14:35:00,0,0,0.48041418194770813
cnn,random_search,1,284,2024-05-23 14:40:00,0,0,0.33581212162971497
cnn,random_search,1,285,2024-05-23 14:45:00,0,0,0.3396700322628021
cnn,random_search,1,286,2024-05-23 14:50:00,0,0,0.3527475893497467
cnn,random_search,1,287,2024-05-23 14:55:00,0,0,0.29292815923690796
cnn,random_search,1,288,2024-05-23 15:00:00,1,0,0.2531346380710602
cnn,random_search,1,289,2024-05-23 15:00:00,1,0,0.2533813416957855
cnn,random_search,1,290,2024-05-23 15:05:00,1,0,0.3451456129550934
cnn,random_search,1,291,2024-05-23 15:05:00,1,0,0.35739248991012573
cnn,random_search,1,292,2024-05-23 15:10:00,1,0,0.43895503878593445
cnn,random_search,1,293,2024-05-23 15:10:00,1,0,0.4037209749221802
cnn,random_search,1,294,2024-05-23 15:15:00,1,0,0.41877806186676025
cnn,random_search,1,295,2024-05-23 15:15:00,1,0,0.4279840886592865
cnn,random_search,1,296,2024-05-23 15:20:00,1,0,0.4319574236869812
cnn,random_search,1,297,2024-05-23 15:20:00,1,0,0.4083046019077301
cnn,random_search,1,298,2024-05-23 15:25:00,1,0,0.48033174872398376
cnn,random_search,1,299,2024-05-23 15:25:00,1,0,0.46781110763549805
cnn,random_search,1,300,2024-05-23 15:30:00,1,0,0.48769474029541016
cnn,random_search,1,301,2024-05-23 15:30:00,1,1,0.5060400366783142
cnn,random_search,1,302,2024-05-23 15:35:00,1,1,0.5802093744277954
cnn,random_search,1,303,2024-05-23 15:35:00,1,1,0.5652327537536621
cnn,random_search,1,304,2024-05-23 15:40:00,1,1,0.5591033101081848
cnn,random_search,1,305,2024-05-23 15:40:00,1,1,0.5840122103691101
cnn,random_search,1,306,2024-05-23 15:45:00,1,0,0.4978557229042053
cnn,random_search,1,307,2024-05-23 15:45:00,1,1,0.5101781487464905
cnn,random_search,1,308,2024-05-23 15:50:00,1,0,0.494496613740921
cnn,random_search,1,309,2024-05-23 15:50:00,1,0,0.4708004891872406
cnn,random_search,1,310,2024-05-23 15:55:00,1,0,0.49225926399230957
cnn,random_search,1,311,2024-05-23 15:55:00,1,1,0.5063875317573547
cnn,random_search,1,312,2024-05-23 16:00:00,1,1,0.5155225992202759
cnn,random_search,1,313,2024-05-23 16:00:00,1,1,0.5235056281089783
cnn,random_search,1,314,2024-05-23 16:05:00,1,1,0.5318500995635986
cnn,random_search,1,315,2024-05-23 16:05:00,1,1,0.5179967880249023
cnn,random_search,1,316,2024-05-23 16:10:00,1,1,0.5526003241539001
cnn,random_search,1,317,2024-05-23 16:10:00,1,1,0.5482539534568787
cnn,random_search,1,318,2024-05-23 16:15:00,1,1,0.5973646640777588
cnn,random_search,1,319,2024-05-23 16:15:00,1,1,0.5960437059402466
cnn,random_search,1,320,2024-05-23 16:20:00,1,1,0.6690536737442017
cnn,random_search,1,321,2024-05-23 16:20:00,1,1,0.6000528335571289
cnn,random_search,1,322,2024-05-23 16:25:00,1,1,0.5897799134254456
cnn,random_search,1,323,2024-05-23 16:25:00,1,1,0.5681232810020447
cnn,random_search,1,324,2024-05-23 16:30:00,1,1,0.6003488898277283
cnn,random_search,1,325,2024-05-23 16:30:00,1,1,0.5614194869995117
cnn,random_search,1,326,2024-05-23 16:35:00,1,1,0.5131338834762573
cnn,random_search,1,327,2024-05-23 16:35:00,1,1,0.5128780007362366
cnn,random_search,1,328,2024-05-23 16:40:00,1,1,0.5565436482429504
cnn,random_search,1,329,2024-05-23 16:40:00,1,1,0.5591641068458557
cnn,random_search,1,330,2024-05-23 16:45:00,1,1,0.6434422135353088
cnn,random_search,1,331,2024-05-23 16:45:00,1,1,0.6210557818412781
cnn,random_search,1,332,2024-05-23 16:50:00,1,1,0.5262535214424133
cnn,random_search,1,333,2024-05-23 16:50:00,1,1,0.5411250591278076
cnn,random_search,1,334,2024-05-23 16:55:00,1,1,0.5341250896453857
cnn,random_search,1,335,2024-05-23 16:55:00,1,1,0.5437419414520264
cnn,random_search,1,336,2024-05-23 17:00:00,1,1,0.5810749530792236
cnn,random_search,1,337,2024-05-23 17:00:00,1,1,0.5893775820732117
cnn,random_search,1,338,2024-05-23 17:05:00,1,1,0.6084463000297546
cnn,random_search,1,339,2024-05-23 17:05:00,1,1,0.705926239490509
cnn,random_search,1,340,2024-05-23 17:10:00,1,1,0.6589522957801819
cnn,random_search,1,341,2024-05-23 17:10:00,1,1,0.6180013418197632
cnn,random_search,1,342,2024-05-23 17:15:00,1,1,0.6897624731063843
cnn,random_search,1,343,2024-05-23 17:15:00,1,1,0.6589414477348328
cnn,random_search,1,344,2024-05-23 17:20:00,1,1,0.6085265874862671
cnn,random_search,1,345,2024-05-23 17:20:00,1,1,0.6027102470397949
cnn,random_search,1,346,2024-05-23 17:25:00,1,1,0.7160474061965942
cnn,random_search,1,347,2024-05-23 17:25:00,1,1,0.6496613621711731
cnn,random_search,1,348,2024-05-23 17:30:00,1,1,0.6268812417984009
cnn,random_search,1,349,2024-05-23 17:30:00,1,1,0.6067384481430054
cnn,random_search,1,350,2024-05-23 17:35:00,1,1,0.6864299178123474
cnn,random_search,1,351,2024-05-23 17:35:00,1,1,0.6165246367454529
cnn,random_search,1,352,2024-05-23 17:40:00,1,1,0.5585067868232727
cnn,random_search,1,353,2024-05-23 17:40:00,1,1,0.564370334148407
cnn,random_search,1,354,2024-05-23 17:45:00,1,1,0.5029338002204895
cnn,random_search,1,355,2024-05-23 17:45:00,1,1,0.515110433101654
cnn,random_search,1,356,2024-05-23 17:50:00,1,0,0.4681532680988312
cnn,random_search,1,357,2024-05-23 17:50:00,1,0,0.4657333195209503
cnn,random_search,1,358,2024-05-23 17:55:00,1,0,0.4335557222366333
cnn,random_search,1,359,2024-05-23 17:55:00,1,0,0.4112401306629181
cnn,random_search,1,360,2024-05-24 10:40:00,0,1,0.6358238458633423
cnn,random_search,1,361,2024-05-24 10:40:00,0,1,0.6302791237831116
cnn,random_search,1,362,2024-05-24 10:45:00,0,1,0.6459755897521973
cnn,random_search,1,363,2024-05-24 10:45:00,0,1,0.6446549892425537
cnn,random_search,1,364,2024-05-24 10:50:00,0,0,0.4604315161705017
cnn,random_search,1,365,2024-05-24 10:50:00,0,0,0.4635765254497528
cnn,random_search,1,366,2024-05-24 10:55:00,0,0,0.4390885829925537
cnn,random_search,1,367,2024-05-24 10:55:00,0,0,0.4502384066581726
cnn,random_search,1,368,2024-05-24 11:00:00,0,0,0.40031030774116516
cnn,random_search,1,369,2024-05-24 11:00:00,0,0,0.42189469933509827
cnn,random_search,1,370,2024-05-24 11:05:00,0,1,0.5213668346405029
cnn,random_search,1,371,2024-05-24 11:05:00,0,1,0.5221443176269531
cnn,random_search,1,372,2024-05-24 11:10:00,0,1,0.6300751566886902
cnn,random_search,1,373,2024-05-24 11:10:00,0,1,0.6020585298538208
cnn,random_search,1,374,2024-05-24 11:15:00,0,1,0.6223734021186829
cnn,random_search,1,375,2024-05-24 11:15:00,0,1,0.5727571249008179
cnn,random_search,1,376,2024-05-24 11:20:00,0,1,0.5584717392921448
cnn,random_search,1,377,2024-05-24 11:20:00,1,1,0.597762405872345
cnn,random_search,1,378,2024-05-24 11:25:00,0,1,0.6241090297698975
cnn,random_search,1,379,2024-05-24 11:25:00,0,1,0.6401795744895935
cnn,random_search,1,380,2024-05-24 11:30:00,0,1,0.6287084817886353
cnn,random_search,1,381,2024-05-24 11:30:00,0,1,0.6089734435081482
cnn,random_search,1,382,2024-05-24 11:35:00,0,0,0.47889187932014465
cnn,random_search,1,383,2024-05-24 11:35:00,0,0,0.47730886936187744
cnn,random_search,1,384,2024-05-24 11:40:00,0,0,0.3956242501735687
cnn,random_search,1,385,2024-05-24 11:40:00,0,0,0.36479657888412476
cnn,random_search,1,386,2024-05-24 11:45:00,0,0,0.425230473279953
cnn,random_search,1,387,2024-05-24 11:45:00,1,0,0.423714280128479
cnn,random_search,1,388,2024-05-24 11:50:00,0,1,0.575617253780365
cnn,random_search,1,389,2024-05-24 11:50:00,0,1,0.5567286610603333
cnn,random_search,1,390,2024-05-24 11:55:00,0,1,0.5253369212150574
cnn,random_search,1,391,2024-05-24 11:55:00,0,1,0.5281717777252197
cnn,random_search,1,392,2024-05-24 12:00:00,0,0,0.47266706824302673
cnn,random_search,1,393,2024-05-24 12:00:00,0,0,0.44700297713279724
cnn,random_search,1,394,2024-05-24 12:05:00,0,1,0.5222208499908447
cnn,random_search,1,395,2024-05-24 12:05:00,0,0,0.4781855344772339
cnn,random_search,1,396,2024-05-24 12:10:00,0,0,0.449240505695343
cnn,random_search,1,397,2024-05-24 12:10:00,0,0,0.41118353605270386
cnn,random_search,1,398,2024-05-24 12:15:00,0,0,0.45947161316871643
cnn,random_search,1,399,2024-05-24 12:15:00,0,0,0.4302785098552704
cnn,random_search,1,400,2024-05-24 12:20:00,0,0,0.44754475355148315
cnn,random_search,1,401,2024-05-24 12:20:00,0,0,0.4072128236293793
cnn,random_search,1,402,2024-05-24 12:25:00,0,0,0.43879246711730957
cnn,random_search,1,403,2024-05-24 12:25:00,0,0,0.36373457312583923
cnn,random_search,1,404,2024-05-24 12:30:00,0,0,0.433982253074646
cnn,random_search,1,405,2024-05-24 12:30:00,0,0,0.4595330059528351
cnn,random_search,1,406,2024-05-24 12:35:00,0,0,0.3997548520565033
cnn,random_search,1,407,2024-05-24 12:35:00,0,0,0.3794495761394501
cnn,random_search,1,408,2024-05-24 12:40:00,0,0,0.33272868394851685
cnn,random_search,1,409,2024-05-24 12:40:00,0,0,0.35379475355148315
cnn,random_search,1,410,2024-05-24 12:45:00,0,0,0.34373533725738525
cnn,random_search,1,411,2024-05-24 12:45:00,0,0,0.3279978036880493
cnn,random_search,1,412,2024-05-24 12:50:00,0,0,0.33617085218429565
cnn,random_search,1,413,2024-05-24 12:50:00,0,0,0.36140701174736023
cnn,random_search,1,414,2024-05-24 12:55:00,0,0,0.3985251188278198
cnn,random_search,1,415,2024-05-24 12:55:00,0,0,0.3752109706401825
cnn,random_search,1,416,2024-05-24 13:00:00,0,0,0.4052048325538635
cnn,random_search,1,417,2024-05-24 13:00:00,0,0,0.3993346095085144
cnn,random_search,1,418,2024-05-24 13:05:00,0,0,0.4610692858695984
cnn,random_search,1,419,2024-05-24 13:05:00,0,0,0.4384338855743408
cnn,random_search,1,420,2024-05-24 13:10:00,0,1,0.5591280460357666
cnn,random_search,1,421,2024-05-24 13:10:00,0,1,0.5688481330871582
cnn,random_search,1,422,2024-05-24 13:15:00,0,1,0.6531951427459717
cnn,random_search,1,423,2024-05-24 13:15:00,0,1,0.6110567450523376
cnn,random_search,1,424,2024-05-24 13:20:00,0,1,0.8008208274841309
cnn,random_search,1,425,2024-05-24 13:20:00,0,1,0.6543925404548645
cnn,random_search,1,426,2024-05-24 13:25:00,0,1,0.6003103256225586
cnn,random_search,1,427,2024-05-24 13:25:00,0,1,0.6742038130760193
cnn,random_search,1,428,2024-05-24 13:30:00,0,1,0.5233959555625916
cnn,random_search,1,429,2024-05-24 13:30:00,0,1,0.5368684530258179
cnn,random_search,1,430,2024-05-24 13:35:00,0,1,0.5151051878929138
cnn,random_search,1,431,2024-05-24 13:35:00,0,1,0.5718497633934021
cnn,random_search,1,432,2024-05-24 13:40:00,0,0,0.48782026767730713
cnn,random_search,1,433,2024-05-24 13:40:00,0,1,0.5107916593551636
cnn,random_search,1,434,2024-05-24 13:45:00,0,0,0.42426183819770813
cnn,random_search,1,435,2024-05-24 13:45:00,0,0,0.46195587515830994
cnn,random_search,1,436,2024-05-24 13:50:00,0,0,0.40598058700561523
cnn,random_search,1,437,2024-05-24 13:50:00,0,0,0.40339216589927673
cnn,random_search,1,438,2024-05-24 13:55:00,0,0,0.35429227352142334
cnn,random_search,1,439,2024-05-24 13:55:00,0,0,0.3356037139892578
cnn,random_search,1,440,2024-05-24 14:00:00,0,0,0.29841962456703186
cnn,random_search,1,441,2024-05-24 14:00:00,0,0,0.3396874666213989
cnn,random_search,1,442,2024-05-24 14:05:00,0,0,0.31573426723480225
cnn,random_search,1,443,2024-05-24 14:05:00,0,0,0.3631516396999359
cnn,random_search,1,444,2024-05-24 14:10:00,0,0,0.405023992061615
cnn,random_search,1,445,2024-05-24 14:10:00,0,0,0.44695156812667847
cnn,random_search,1,446,2024-05-24 14:15:00,0,0,0.4302695691585541
cnn,random_search,1,447,2024-05-24 14:15:00,0,0,0.42709261178970337
cnn,random_search,1,448,2024-05-24 14:20:00,0,0,0.3897080719470978
cnn,random_search,1,449,2024-05-24 14:20:00,1,0,0.36774104833602905
cnn,random_search,1,450,2024-05-24 14:25:00,0,0,0.40304672718048096
cnn,random_search,1,451,2024-05-24 14:25:00,1,0,0.364223450422287
cnn,random_search,1,452,2024-05-24 14:30:00,0,0,0.4147023856639862
cnn,random_search,1,453,2024-05-24 14:30:00,1,0,0.38687148690223694
cnn,random_search,1,454,2024-05-24 14:35:00,1,1,0.5072374939918518
cnn,random_search,1,455,2024-05-24 14:35:00,0,1,0.5123079419136047
cnn,random_search,1,456,2024-05-24 14:40:00,0,1,0.5374066233634949
cnn,random_search,1,457,2024-05-24 14:40:00,1,1,0.545401930809021
cnn,random_search,1,458,2024-05-24 14:45:00,0,1,0.5462905168533325
cnn,random_search,1,459,2024-05-24 14:45:00,1,1,0.6544276475906372
cnn,random_search,1,460,2024-05-24 14:50:00,0,1,0.5572941899299622
cnn,random_search,1,461,2024-05-24 14:50:00,1,1,0.5669127702713013
cnn,random_search,1,462,2024-05-24 14:55:00,0,1,0.5747278332710266
cnn,random_search,1,463,2024-05-24 14:55:00,1,1,0.6259378790855408
cnn,random_search,1,464,2024-05-24 15:00:00,0,1,0.5884723663330078
cnn,random_search,1,465,2024-05-24 15:00:00,0,1,0.5411155819892883
cnn,random_search,1,466,2024-05-24 15:05:00,0,0,0.4189419150352478
cnn,random_search,1,467,2024-05-24 15:05:00,0,0,0.42410650849342346
cnn,random_search,1,468,2024-05-24 15:10:00,0,0,0.35487231612205505
cnn,random_search,1,469,2024-05-24 15:10:00,0,0,0.37135735154151917
cnn,random_search,1,470,2024-05-24 15:15:00,0,0,0.33413174748420715
cnn,random_search,1,471,2024-05-24 15:15:00,0,0,0.3594711720943451
cnn,random_search,1,472,2024-05-24 15:20:00,0,0,0.3166913688182831
cnn,random_search,1,473,2024-05-24 15:20:00,0,0,0.33188268542289734
cnn,random_search,1,474,2024-05-24 15:25:00,0,0,0.24037939310073853
cnn,random_search,1,475,2024-05-24 15:25:00,0,0,0.27922144532203674
cnn,random_search,1,476,2024-05-24 15:30:00,0,0,0.2522851824760437
cnn,random_search,1,477,2024-05-24 15:30:00,0,0,0.2988591492176056
cnn,random_search,1,478,2024-05-24 15:35:00,0,0,0.3070424795150757
cnn,random_search,1,479,2024-05-24 15:35:00,0,0,0.2950611412525177
cnn,random_search,1,480,2024-05-24 15:40:00,0,0,0.23344829678535461
cnn,random_search,1,481,2024-05-24 15:40:00,0,0,0.24060802161693573
cnn,random_search,1,482,2024-05-24 15:45:00,0,0,0.29314273595809937
cnn,random_search,1,483,2024-05-24 15:45:00,0,0,0.3087520897388458
cnn,random_search,1,484,2024-05-24 15:50:00,0,0,0.3796551525592804
cnn,random_search,1,485,2024-05-24 15:50:00,0,0,0.3134286105632782
cnn,random_search,1,486,2024-05-24 15:55:00,0,0,0.3642364740371704
cnn,random_search,1,487,2024-05-24 15:55:00,0,0,0.3778780698776245
cnn,random_search,1,488,2024-05-24 16:00:00,0,0,0.3699464499950409
cnn,random_search,1,489,2024-05-24 16:00:00,1,0,0.34508785605430603
cnn,random_search,1,490,2024-05-24 16:05:00,1,0,0.2701774835586548
cnn,random_search,1,491,2024-05-24 16:05:00,0,0,0.31884968280792236
cnn,random_search,1,492,2024-05-24 16:10:00,0,0,0.41252401471138
cnn,random_search,1,493,2024-05-24 16:10:00,1,0,0.3613172173500061
cnn,random_search,1,494,2024-05-24 16:15:00,1,0,0.4272693693637848
cnn,random_search,1,495,2024-05-24 16:15:00,0,0,0.4482518136501312
cnn,random_search,1,496,2024-05-24 16:20:00,0,0,0.46961432695388794
cnn,random_search,1,497,2024-05-24 16:20:00,1,0,0.4131016433238983
cnn,random_search,1,498,2024-05-24 16:25:00,0,1,0.5360414385795593
cnn,random_search,1,499,2024-05-24 16:25:00,1,1,0.5324686169624329
cnn,random_search,1,500,2024-05-24 16:30:00,0,1,0.5816839933395386
cnn,random_search,1,501,2024-05-24 16:30:00,1,1,0.645525336265564
cnn,random_search,1,502,2024-05-24 16:35:00,1,1,0.6364123821258545
cnn,random_search,1,503,2024-05-24 16:35:00,0,1,0.6109809279441833
cnn,random_search,1,504,2024-05-24 16:40:00,1,1,0.588546633720398
cnn,random_search,1,505,2024-05-24 16:40:00,0,1,0.5877394676208496
cnn,random_search,1,506,2024-05-24 16:45:00,1,1,0.5796962976455688
cnn,random_search,1,507,2024-05-24 16:45:00,0,1,0.5581657886505127
cnn,random_search,1,508,2024-05-24 16:50:00,0,1,0.5408427119255066
cnn,random_search,1,509,2024-05-24 16:50:00,1,1,0.7207836508750916
cnn,random_search,1,510,2024-05-24 16:55:00,0,0,0.43723049759864807
cnn,random_search,1,511,2024-05-24 16:55:00,1,0,0.44345882534980774
cnn,random_search,1,512,2024-05-24 17:00:00,0,0,0.39865443110466003
cnn,random_search,1,513,2024-05-24 17:00:00,1,0,0.3792744278907776
cnn,random_search,1,514,2024-05-24 17:05:00,1,0,0.3486995995044708
cnn,random_search,1,515,2024-05-24 17:05:00,0,0,0.378566712141037
cnn,random_search,1,516,2024-05-24 17:10:00,1,0,0.35161617398262024
cnn,random_search,1,517,2024-05-24 17:10:00,0,0,0.3716375231742859
cnn,random_search,1,518,2024-05-24 17:15:00,1,0,0.2921616733074188
cnn,random_search,1,519,2024-05-24 17:15:00,0,0,0.353564977645874
cnn,random_search,1,520,2024-05-24 17:20:00,0,0,0.40514302253723145
cnn,random_search,1,521,2024-05-24 17:20:00,1,0,0.38384750485420227
cnn,random_search,1,522,2024-05-24 17:25:00,1,0,0.4420922100543976
cnn,random_search,1,523,2024-05-24 17:25:00,0,0,0.46032699942588806
cnn,random_search,1,524,2024-05-24 17:30:00,0,1,0.5195531249046326
cnn,random_search,1,525,2024-05-24 17:30:00,1,1,0.5063732266426086
cnn,random_search,1,526,2024-05-24 17:35:00,0,1,0.5215792059898376
cnn,random_search,1,527,2024-05-24 17:35:00,1,1,0.6474118232727051
cnn,random_search,1,528,2024-05-24 17:40:00,0,1,0.5075314044952393
cnn,random_search,1,529,2024-05-24 17:40:00,1,1,0.5262057781219482
cnn,random_search,1,530,2024-05-24 17:45:00,0,0,0.49512776732444763
cnn,random_search,1,531,2024-05-24 17:45:00,1,0,0.4883488714694977
cnn,random_search,1,532,2024-05-24 17:50:00,1,0,0.44998762011528015
cnn,random_search,1,533,2024-05-24 17:50:00,0,1,0.5118725299835205
cnn,random_search,1,534,2024-05-24 17:55:00,0,0,0.41141754388809204
cnn,random_search,1,535,2024-05-24 17:55:00,0,0,0.3946690857410431
cnn,random_search,1,536,2024-05-27 10:40:00,0,0,0.3641384541988373
cnn,random_search,1,537,2024-05-27 10:45:00,0,1,0.5749351978302002
cnn,random_search,1,538,2024-05-27 10:50:00,0,0,0.47186487913131714
cnn,random_search,1,539,2024-05-27 10:55:00,0,0,0.36921176314353943
cnn,random_search,1,540,2024-05-27 11:00:00,0,0,0.4372888505458832
cnn,random_search,1,541,2024-05-27 11:05:00,0,0,0.35493671894073486
cnn,random_search,1,542,2024-05-27 11:10:00,0,0,0.33493906259536743
cnn,random_search,1,543,2024-05-27 11:15:00,0,0,0.32827630639076233
cnn,random_search,1,544,2024-05-27 11:20:00,0,0,0.4631071388721466
cnn,random_search,1,545,2024-05-27 11:25:00,0,0,0.438192754983902
cnn,random_search,1,546,2024-05-27 11:30:00,1,0,0.3696157932281494
cnn,random_search,1,547,2024-05-27 11:30:00,1,0,0.38928982615470886
cnn,random_search,1,548,2024-05-27 11:35:00,1,0,0.3723900318145752
cnn,random_search,1,549,2024-05-27 11:35:00,1,0,0.36286860704421997
cnn,random_search,1,550,2024-05-27 11:40:00,1,0,0.4999523162841797
cnn,random_search,1,551,2024-05-27 11:40:00,1,0,0.4908798336982727
cnn,random_search,1,552,2024-05-27 11:45:00,1,1,0.5244397521018982
cnn,random_search,1,553,2024-05-27 11:45:00,1,1,0.5269550681114197
cnn,random_search,1,554,2024-05-27 11:50:00,1,1,0.5117111802101135
cnn,random_search,1,555,2024-05-27 11:50:00,1,1,0.5015691518783569
cnn,random_search,1,556,2024-05-27 11:55:00,1,1,0.5620809197425842
cnn,random_search,1,557,2024-05-27 11:55:00,1,1,0.5571672320365906
cnn,random_search,1,558,2024-05-27 12:00:00,1,1,0.5095117688179016
cnn,random_search,1,559,2024-05-27 12:00:00,1,1,0.5302414894104004
cnn,random_search,1,560,2024-05-27 12:05:00,1,1,0.5975968241691589
cnn,random_search,1,561,2024-05-27 12:05:00,1,1,0.5800753831863403
cnn,random_search,1,562,2024-05-27 12:10:00,1,1,0.6280216574668884
cnn,random_search,1,563,2024-05-27 12:10:00,1,1,0.6108589172363281
cnn,random_search,1,564,2024-05-27 12:15:00,1,1,0.6247852444648743
cnn,random_search,1,565,2024-05-27 12:15:00,1,1,0.597466766834259
cnn,random_search,1,566,2024-05-27 12:20:00,1,1,0.6743322014808655
cnn,random_search,1,567,2024-05-27 12:20:00,1,1,0.6136988401412964
cnn,random_search,1,568,2024-05-27 12:25:00,1,1,0.5959530472755432
cnn,random_search,1,569,2024-05-27 12:30:00,1,1,0.7101751565933228
cnn,random_search,1,570,2024-05-27 12:30:00,1,1,0.6118819713592529
cnn,random_search,1,571,2024-05-27 12:35:00,1,1,0.6068090796470642
cnn,random_search,1,572,2024-05-27 12:35:00,1,1,0.5875833630561829
cnn,random_search,1,573,2024-05-27 12:40:00,1,1,0.6007508039474487
cnn,random_search,1,574,2024-05-27 12:40:00,1,1,0.6108146905899048
cnn,random_search,1,575,2024-05-27 12:45:00,1,1,0.5609847903251648
cnn,random_search,1,576,2024-05-27 12:45:00,1,1,0.5491860508918762
cnn,random_search,1,577,2024-05-27 12:50:00,1,0,0.49903246760368347
cnn,random_search,1,578,2024-05-27 12:50:00,1,0,0.4272422790527344
cnn,random_search,1,579,2024-05-27 12:55:00,1,1,0.5399758219718933
cnn,random_search,1,580,2024-05-27 12:55:00,1,1,0.542183518409729
cnn,random_search,1,581,2024-05-27 13:00:00,1,1,0.5308641195297241
cnn,random_search,1,582,2024-05-27 13:05:00,1,0,0.46908146142959595
cnn,random_search,1,583,2024-05-27 13:05:00,1,0,0.4743025600910187
cnn,random_search,1,584,2024-05-27 13:10:00,1,0,0.4671991169452667
cnn,random_search,1,585,2024-05-27 13:10:00,1,0,0.4800291955471039
cnn,random_search,1,586,2024-05-27 13:15:00,1,1,0.5600454211235046
cnn,random_search,1,587,2024-05-27 13:15:00,1,1,0.5383297204971313
cnn,random_search,1,588,2024-05-27 13:20:00,1,1,0.5227815508842468
cnn,random_search,1,589,2024-05-27 13:20:00,1,1,0.5238187909126282
cnn,random_search,1,590,2024-05-27 13:25:00,1,1,0.5452581644058228
cnn,random_search,1,591,2024-05-27 13:25:00,1,1,0.5621465444564819
cnn,random_search,1,592,2024-05-27 13:30:00,1,1,0.5522828698158264
cnn,random_search,1,593,2024-05-27 13:35:00,1,1,0.5613940954208374
cnn,random_search,1,594,2024-05-27 13:40:00,1,1,0.6007035970687866
cnn,random_search,1,595,2024-05-27 13:40:00,1,1,0.5763025283813477
cnn,random_search,1,596,2024-05-27 13:45:00,1,1,0.6210302114486694
cnn,random_search,1,597,2024-05-27 13:45:00,1,1,0.5915479063987732
cnn,random_search,1,598,2024-05-27 13:50:00,1,1,0.5589787364006042
cnn,random_search,1,599,2024-05-27 13:50:00,1,1,0.558274507522583
cnn,random_search,1,600,2024-05-27 13:55:00,1,1,0.5492634177207947
cnn,random_search,1,601,2024-05-27 13:55:00,1,1,0.5594879984855652
cnn,random_search,1,602,2024-05-27 14:00:00,1,1,0.580122709274292
cnn,random_search,1,603,2024-05-27 14:00:00,1,1,0.5867838263511658
cnn,random_search,1,604,2024-05-27 14:05:00,1,1,0.703851044178009
cnn,random_search,1,605,2024-05-27 14:05:00,0,1,0.6392726302146912
cnn,random_search,1,606,2024-05-27 14:10:00,0,1,0.5954927802085876
cnn,random_search,1,607,2024-05-27 14:10:00,0,1,0.7125464081764221
cnn,random_search,1,608,2024-05-27 14:15:00,0,1,0.5098087787628174
cnn,random_search,1,609,2024-05-27 14:15:00,0,1,0.5199175477027893
cnn,random_search,1,610,2024-05-27 14:20:00,0,0,0.41548964381217957
cnn,random_search,1,611,2024-05-27 14:20:00,0,0,0.42120105028152466
cnn,random_search,1,612,2024-05-27 14:25:00,0,0,0.35361674427986145
cnn,random_search,1,613,2024-05-27 14:25:00,0,0,0.371222585439682
cnn,random_search,1,614,2024-05-27 14:30:00,0,0,0.34028300642967224
cnn,random_search,1,615,2024-05-27 14:30:00,1,0,0.35370683670043945
cnn,random_search,1,616,2024-05-27 14:35:00,0,0,0.27083927392959595
cnn,random_search,1,617,2024-05-27 14:35:00,1,0,0.3321792781352997
cnn,random_search,1,618,2024-05-27 14:40:00,1,0,0.39524102210998535
cnn,random_search,1,619,2024-05-27 14:40:00,0,0,0.32303354144096375
cnn,random_search,1,620,2024-05-27 14:45:00,0,1,0.5101364254951477
cnn,random_search,1,621,2024-05-27 14:45:00,1,1,0.5042927861213684
cnn,random_search,1,622,2024-05-27 14:50:00,0,0,0.47344252467155457
cnn,random_search,1,623,2024-05-27 14:50:00,1,0,0.46986284852027893
cnn,random_search,1,624,2024-05-27 14:55:00,0,0,0.4606732726097107
cnn,random_search,1,625,2024-05-27 14:55:00,1,0,0.4664934277534485
cnn,random_search,1,626,2024-05-27 15:00:00,1,1,0.5082645416259766
cnn,random_search,1,627,2024-05-27 15:00:00,0,1,0.5352349281311035
cnn,random_search,1,628,2024-05-27 15:05:00,0,1,0.5650041103363037
cnn,random_search,1,629,2024-05-27 15:05:00,1,0,0.4906429052352905
cnn,random_search,1,630,2024-05-27 15:10:00,1,0,0.46424826979637146
cnn,random_search,1,631,2024-05-27 15:10:00,1,0,0.4886607229709625
cnn,random_search,1,632,2024-05-27 15:15:00,1,1,0.5103098750114441
cnn,random_search,1,633,2024-05-27 15:15:00,1,1,0.528325080871582
cnn,random_search,1,634,2024-05-27 15:20:00,1,1,0.570560872554779
cnn,random_search,1,635,2024-05-27 15:20:00,1,1,0.5783786773681641
cnn,random_search,1,636,2024-05-27 15:25:00,1,1,0.6447345614433289
cnn,random_search,1,637,2024-05-27 15:25:00,1,1,0.797359824180603
cnn,random_search,1,638,2024-05-27 15:30:00,1,1,0.5951570868492126
cnn,random_search,1,639,2024-05-27 15:30:00,1,1,0.6616880893707275
cnn,random_search,1,640,2024-05-27 15:35:00,1,1,0.5367964506149292
cnn,random_search,1,641,2024-05-27 15:35:00,1,1,0.5748550295829773
cnn,random_search,1,642,2024-05-27 15:40:00,1,1,0.5051531195640564
cnn,random_search,1,643,2024-05-27 15:40:00,1,0,0.47920751571655273
cnn,random_search,1,644,2024-05-27 15:45:00,1,0,0.45753970742225647
cnn,random_search,1,645,2024-05-27 15:45:00,1,0,0.42637407779693604
cnn,random_search,1,646,2024-05-27 15:50:00,1,0,0.45106256008148193
cnn,random_search,1,647,2024-05-27 15:50:00,1,0,0.3587297201156616
cnn,random_search,1,648,2024-05-27 15:55:00,1,0,0.45700153708457947
cnn,random_search,1,649,2024-05-27 15:55:00,1,0,0.4209980368614197
cnn,random_search,1,650,2024-05-27 16:00:00,1,1,0.5719336271286011
cnn,random_search,1,651,2024-05-27 16:00:00,1,1,0.653030514717102
cnn,random_search,1,652,2024-05-27 16:05:00,1,1,0.6415897011756897
cnn,random_search,1,653,2024-05-27 16:05:00,1,1,0.6691495776176453
cnn,random_search,1,654,2024-05-27 16:10:00,1,1,0.6058210730552673
cnn,random_search,1,655,2024-05-27 16:10:00,1,1,0.6628249883651733
cnn,random_search,1,656,2024-05-27 16:15:00,1,1,0.6781585216522217
cnn,random_search,1,657,2024-05-27 16:15:00,1,1,0.5912819504737854
cnn,random_search,1,658,2024-05-27 16:20:00,1,1,0.6045405864715576
cnn,random_search,1,659,2024-05-27 16:20:00,0,1,0.6992806792259216
cnn,random_search,1,660,2024-05-27 16:25:00,1,1,0.565966784954071
cnn,random_search,1,661,2024-05-27 16:25:00,0,1,0.596961498260498
cnn,random_search,1,662,2024-05-27 16:30:00,0,1,0.5584048628807068
cnn,random_search,1,663,2024-05-27 16:30:00,1,1,0.5770410895347595
cnn,random_search,1,664,2024-05-27 16:35:00,0,1,0.5875042080879211
cnn,random_search,1,665,2024-05-27 16:35:00,1,1,0.5614616274833679
cnn,random_search,1,666,2024-05-27 16:40:00,0,1,0.5112260580062866
cnn,random_search,1,667,2024-05-27 16:40:00,1,1,0.5206249952316284
cnn,random_search,1,668,2024-05-27 16:45:00,1,1,0.5224556922912598
cnn,random_search,1,669,2024-05-27 16:45:00,0,1,0.5769621133804321
cnn,random_search,1,670,2024-05-27 16:50:00,1,1,0.5472763180732727
cnn,random_search,1,671,2024-05-27 16:50:00,0,1,0.6071658730506897
cnn,random_search,1,672,2024-05-27 16:55:00,0,1,0.555860161781311
cnn,random_search,1,673,2024-05-27 16:55:00,1,1,0.552588701248169
cnn,random_search,1,674,2024-05-27 17:00:00,0,1,0.6120187640190125
cnn,random_search,1,675,2024-05-27 17:00:00,1,1,0.5511773824691772
cnn,random_search,1,676,2024-05-27 17:05:00,0,0,0.48968639969825745
cnn,random_search,1,677,2024-05-27 17:05:00,1,1,0.5058752298355103
cnn,random_search,1,678,2024-05-27 17:10:00,1,0,0.4603533148765564
cnn,random_search,1,679,2024-05-27 17:10:00,0,0,0.38531258702278137
cnn,random_search,1,680,2024-05-27 17:15:00,1,1,0.5193827152252197
cnn,random_search,1,681,2024-05-27 17:15:00,1,0,0.46110355854034424
cnn,random_search,1,682,2024-05-27 17:20:00,1,0,0.48866552114486694
cnn,random_search,1,683,2024-05-27 17:20:00,1,0,0.48958683013916016
cnn,random_search,1,684,2024-05-27 17:25:00,1,1,0.5367051959037781
cnn,random_search,1,685,2024-05-27 17:25:00,1,0,0.48898521065711975
cnn,random_search,1,686,2024-05-27 17:30:00,1,1,0.5420892238616943
cnn,random_search,1,687,2024-05-27 17:30:00,1,1,0.5833621621131897
cnn,random_search,1,688,2024-05-27 17:35:00,1,1,0.5407074093818665
cnn,random_search,1,689,2024-05-27 17:35:00,1,1,0.544164776802063
cnn,random_search,1,690,2024-05-27 17:40:00,1,1,0.5768014192581177
cnn,random_search,1,691,2024-05-27 17:40:00,1,1,0.7147701978683472
cnn,random_search,1,692,2024-05-27 17:45:00,1,1,0.5709211230278015
cnn,random_search,1,693,2024-05-27 17:45:00,1,1,0.594587504863739
cnn,random_search,1,694,2024-05-27 17:50:00,1,1,0.5723470449447632
cnn,random_search,1,695,2024-05-27 17:50:00,1,1,0.5634803175926208
cnn,random_search,1,696,2024-05-27 17:55:00,1,1,0.5006138682365417
cnn,random_search,1,697,2024-05-27 17:55:00,0,0,0.49383074045181274
cnn,random_search,1,698,2024-05-28 10:40:00,0,0,0.22059227526187897
cnn,random_search,1,699,2024-05-28 10:45:00,0,0,0.2664775848388672
cnn,random_search,1,700,2024-05-28 10:50:00,0,0,0.26987069845199585
cnn,random_search,1,701,2024-05-28 10:55:00,0,0,0.2594658434391022
cnn,random_search,1,702,2024-05-28 11:00:00,0,0,0.2836386263370514
cnn,random_search,1,703,2024-05-28 11:05:00,0,0,0.37653979659080505
cnn,random_search,1,704,2024-05-28 11:10:00,0,0,0.3673863708972931
cnn,random_search,1,705,2024-05-28 11:15:00,0,0,0.36019739508628845
cnn,random_search,1,706,2024-05-28 11:20:00,0,0,0.41673240065574646
cnn,random_search,1,707,2024-05-28 11:25:00,0,0,0.408623069524765
cnn,random_search,1,708,2024-05-28 11:30:00,0,0,0.3647444546222687
cnn,random_search,1,709,2024-05-28 11:35:00,1,0,0.31671735644340515
cnn,random_search,1,710,2024-05-28 11:40:00,1,0,0.41055792570114136
cnn,random_search,1,711,2024-05-28 11:45:00,1,1,0.5027706027030945
cnn,random_search,1,712,2024-05-28 11:50:00,1,1,0.5225814580917358
cnn,random_search,1,713,2024-05-28 11:55:00,1,0,0.45626404881477356
cnn,random_search,1,714,2024-05-28 12:00:00,1,0,0.42409175634384155
cnn,random_search,1,715,2024-05-28 12:05:00,1,0,0.4131985008716583
cnn,random_search,1,716,2024-05-28 12:10:00,1,0,0.49442142248153687
cnn,random_search,1,717,2024-05-28 12:15:00,1,1,0.5153255462646484
cnn,random_search,1,718,2024-05-28 12:20:00,1,1,0.6113691329956055
cnn,random_search,1,719,2024-05-28 12:25:00,1,1,0.631567120552063
cnn,random_search,1,720,2024-05-28 12:30:00,1,1,0.5854256749153137
cnn,random_search,1,721,2024-05-28 12:35:00,1,1,0.5845752358436584
cnn,random_search,1,722,2024-05-28 12:40:00,1,1,0.5784008502960205
cnn,random_search,1,723,2024-05-28 12:45:00,1,1,0.587681233882904
cnn,random_search,1,724,2024-05-28 12:50:00,1,1,0.5959397554397583
cnn,random_search,1,725,2024-05-28 12:55:00,1,1,0.6099784970283508
cnn,random_search,1,726,2024-05-28 13:00:00,0,1,0.6394357681274414
cnn,random_search,1,727,2024-05-28 13:00:00,0,1,0.6128765344619751
cnn,random_search,1,728,2024-05-28 13:05:00,0,1,0.5399715304374695
cnn,random_search,1,729,2024-05-28 13:05:00,0,1,0.5509275794029236
cnn,random_search,1,730,2024-05-28 13:10:00,0,1,0.506046712398529
cnn,random_search,1,731,2024-05-28 13:10:00,0,1,0.515360414981842
cnn,random_search,1,732,2024-05-28 13:15:00,0,0,0.3777785003185272
cnn,random_search,1,733,2024-05-28 13:15:00,0,0,0.3920817971229553
cnn,random_search,1,734,2024-05-28 13:20:00,0,0,0.3074490427970886
cnn,random_search,1,735,2024-05-28 13:20:00,0,0,0.2968485951423645
cnn,random_search,1,736,2024-05-28 13:25:00,0,0,0.32719945907592773
cnn,random_search,1,737,2024-05-28 13:25:00,0,0,0.2936786711215973
cnn,random_search,1,738,2024-05-28 13:30:00,0,0,0.38826772570610046
cnn,random_search,1,739,2024-05-28 13:30:00,0,0,0.35426539182662964
cnn,random_search,1,740,2024-05-28 13:35:00,0,0,0.4156757593154907
cnn,random_search,1,741,2024-05-28 13:35:00,0,0,0.39413294196128845
cnn,random_search,1,742,2024-05-28 13:40:00,0,0,0.3564460277557373
cnn,random_search,1,743,2024-05-28 13:40:00,0,0,0.41573986411094666
cnn,random_search,1,744,2024-05-28 13:45:00,0,0,0.40069815516471863
cnn,random_search,1,745,2024-05-28 13:45:00,0,0,0.3911617398262024
cnn,random_search,1,746,2024-05-28 13:50:00,0,0,0.3246000111103058
cnn,random_search,1,747,2024-05-28 13:50:00,0,0,0.3239990472793579
cnn,random_search,1,748,2024-05-28 13:55:00,0,0,0.2636408507823944
cnn,random_search,1,749,2024-05-28 13:55:00,0,0,0.26070713996887207
cnn,random_search,1,750,2024-05-28 14:00:00,0,0,0.25502434372901917
cnn,random_search,1,751,2024-05-28 14:00:00,0,0,0.25641170144081116
cnn,random_search,1,752,2024-05-28 14:05:00,0,0,0.27624329924583435
cnn,random_search,1,753,2024-05-28 14:05:00,0,0,0.2699347138404846
cnn,random_search,1,754,2024-05-28 14:10:00,0,0,0.3070478141307831
cnn,random_search,1,755,2024-05-28 14:10:00,0,0,0.3038771152496338
cnn,random_search,1,756,2024-05-28 14:15:00,0,0,0.3513968288898468
cnn,random_search,1,757,2024-05-28 14:15:00,0,0,0.3598793148994446
cnn,random_search,1,758,2024-05-28 14:20:00,0,0,0.424460768699646
cnn,random_search,1,759,2024-05-28 14:20:00,0,0,0.42620617151260376
cnn,random_search,1,760,2024-05-28 14:25:00,0,1,0.5095811486244202
cnn,random_search,1,761,2024-05-28 14:25:00,0,0,0.49558764696121216
cnn,random_search,1,762,2024-05-28 14:30:00,0,1,0.5044953227043152
cnn,random_search,1,763,2024-05-28 14:30:00,0,1,0.5020637512207031
cnn,random_search,1,764,2024-05-28 14:35:00,0,1,0.5151033401489258
cnn,random_search,1,765,2024-05-28 14:35:00,0,1,0.5026544332504272
cnn,random_search,1,766,2024-05-28 14:40:00,0,0,0.4349088966846466
cnn,random_search,1,767,2024-05-28 14:40:00,0,0,0.4295373260974884
cnn,random_search,1,768,2024-05-28 14:45:00,0,0,0.33430275321006775
cnn,random_search,1,769,2024-05-28 14:45:00,0,0,0.3415606617927551
cnn,random_search,1,770,2024-05-28 14:50:00,0,0,0.2993338704109192
cnn,random_search,1,771,2024-05-28 14:50:00,0,0,0.30264121294021606
cnn,random_search,1,772,2024-05-28 14:55:00,0,0,0.23198054730892181
cnn,random_search,1,773,2024-05-28 14:55:00,0,0,0.24352166056632996
cnn,random_search,1,774,2024-05-28 15:00:00,0,0,0.2671249210834503
cnn,random_search,1,775,2024-05-28 15:00:00,0,0,0.27234959602355957
cnn,random_search,1,776,2024-05-28 15:05:00,0,0,0.37086620926856995
cnn,random_search,1,777,2024-05-28 15:05:00,0,0,0.37924718856811523
cnn,random_search,1,778,2024-05-28 15:10:00,0,0,0.4066164195537567
cnn,random_search,1,779,2024-05-28 15:10:00,0,0,0.4007558822631836
cnn,random_search,1,780,2024-05-28 15:15:00,0,0,0.34811756014823914
cnn,random_search,1,781,2024-05-28 15:15:00,0,0,0.3486770987510681
cnn,random_search,1,782,2024-05-28 15:20:00,0,0,0.30950817465782166
cnn,random_search,1,783,2024-05-28 15:20:00,0,0,0.3171098530292511
cnn,random_search,1,784,2024-05-28 15:25:00,0,0,0.3390800356864929
cnn,random_search,1,785,2024-05-28 15:25:00,0,0,0.35018789768218994
cnn,random_search,1,786,2024-05-28 15:30:00,0,0,0.30301061272621155
cnn,random_search,1,787,2024-05-28 15:30:00,0,0,0.2938697636127472
cnn,random_search,1,788,2024-05-28 15:35:00,0,0,0.29095175862312317
cnn,random_search,1,789,2024-05-28 15:35:00,0,0,0.28998345136642456
cnn,random_search,1,790,2024-05-28 15:40:00,0,0,0.2629184126853943
cnn,random_search,1,791,2024-05-28 15:40:00,0,0,0.288234144449234
cnn,random_search,1,792,2024-05-28 15:45:00,0,0,0.31573060154914856
cnn,random_search,1,793,2024-05-28 15:45:00,0,0,0.27250373363494873
cnn,random_search,1,794,2024-05-28 15:50:00,0,0,0.3761739134788513
cnn,random_search,1,795,2024-05-28 15:50:00,0,0,0.36067909002304077
cnn,random_search,1,796,2024-05-28 15:55:00,0,0,0.4874405562877655
cnn,random_search,1,797,2024-05-28 15:55:00,0,0,0.4716562330722809
cnn,random_search,1,798,2024-05-28 16:00:00,0,0,0.44189128279685974
cnn,random_search,1,799,2024-05-28 16:00:00,0,0,0.4617447853088379
cnn,random_search,1,800,2024-05-28 16:05:00,0,0,0.42895904183387756
cnn,random_search,1,801,2024-05-28 16:05:00,0,0,0.396381676197052
cnn,random_search,1,802,2024-05-28 16:10:00,1,0,0.3809834420681
cnn,random_search,1,803,2024-05-28 16:10:00,1,0,0.3726092278957367
cnn,random_search,1,804,2024-05-28 16:15:00,1,0,0.3821852505207062
cnn,random_search,1,805,2024-05-28 16:15:00,1,0,0.3625488877296448
cnn,random_search,1,806,2024-05-28 16:20:00,1,0,0.4321414828300476
cnn,random_search,1,807,2024-05-28 16:20:00,1,0,0.4042460322380066
cnn,random_search,1,808,2024-05-28 16:25:00,1,0,0.4872986376285553
cnn,random_search,1,809,2024-05-28 16:25:00,1,0,0.46760043501853943
cnn,random_search,1,810,2024-05-28 16:30:00,1,1,0.5253543853759766
cnn,random_search,1,811,2024-05-28 16:30:00,1,1,0.5244539976119995
cnn,random_search,1,812,2024-05-28 16:35:00,1,1,0.5770314335823059
cnn,random_search,1,813,2024-05-28 16:35:00,1,1,0.5676382184028625
cnn,random_search,1,814,2024-05-28 16:40:00,1,1,0.5015866160392761
cnn,random_search,1,815,2024-05-28 16:40:00,1,1,0.5172563195228577
cnn,random_search,1,816,2024-05-28 16:45:00,1,1,0.5780333876609802
cnn,random_search,1,817,2024-05-28 16:45:00,1,1,0.5698040723800659
cnn,random_search,1,818,2024-05-28 16:50:00,1,1,0.6218219995498657
cnn,random_search,1,819,2024-05-28 16:50:00,0,1,0.6503251791000366
cnn,random_search,1,820,2024-05-28 16:55:00,0,1,0.6367043852806091
cnn,random_search,1,821,2024-05-28 16:55:00,0,1,0.6290061473846436
cnn,random_search,1,822,2024-05-28 17:00:00,0,1,0.5983008146286011
cnn,random_search,1,823,2024-05-28 17:00:00,0,1,0.6072108149528503
cnn,random_search,1,824,2024-05-28 17:05:00,0,1,0.5276429057121277
cnn,random_search,1,825,2024-05-28 17:05:00,0,1,0.5159598588943481
cnn,random_search,1,826,2024-05-28 17:10:00,0,0,0.45754531025886536
cnn,random_search,1,827,2024-05-28 17:10:00,0,0,0.44766557216644287
cnn,random_search,1,828,2024-05-28 17:15:00,0,0,0.48883500695228577
cnn,random_search,1,829,2024-05-28 17:15:00,0,0,0.46956774592399597
cnn,random_search,1,830,2024-05-28 17:20:00,0,0,0.4209456443786621
cnn,random_search,1,831,2024-05-28 17:20:00,0,0,0.4669928252696991
cnn,random_search,1,832,2024-05-28 17:25:00,0,0,0.4261058568954468
cnn,random_search,1,833,2024-05-28 17:25:00,0,0,0.4050493538379669
cnn,random_search,1,834,2024-05-28 17:30:00,0,0,0.4039953649044037
cnn,random_search,1,835,2024-05-28 17:30:00,0,0,0.36453700065612793
cnn,random_search,1,836,2024-05-28 17:35:00,0,0,0.38363102078437805
cnn,random_search,1,837,2024-05-28 17:35:00,0,0,0.3810948431491852
cnn,random_search,1,838,2024-05-28 17:40:00,0,0,0.31803619861602783
cnn,random_search,1,839,2024-05-28 17:40:00,0,0,0.288285493850708
cnn,random_search,1,840,2024-05-28 17:45:00,0,0,0.4168359637260437
cnn,random_search,1,841,2024-05-28 17:45:00,0,0,0.4027189314365387
cnn,random_search,1,842,2024-05-28 17:50:00,0,0,0.4085215628147125
cnn,random_search,1,843,2024-05-28 17:50:00,0,0,0.37282702326774597
cnn,random_search,1,844,2024-05-28 17:55:00,1,0,0.3517313301563263
cnn,random_search,1,845,2024-05-28 17:55:00,1,0,0.39498549699783325
cnn,random_search,1,846,2024-05-29 10:40:00,1,0,0.38628339767456055
cnn,random_search,1,847,2024-05-29 10:40:00,1,0,0.4027247428894043
cnn,random_search,1,848,2024-05-29 10:45:00,1,0,0.49674251675605774
cnn,random_search,1,849,2024-05-29 10:45:00,1,1,0.501408576965332
cnn,random_search,1,850,2024-05-29 10:50:00,1,1,0.5348795056343079
cnn,random_search,1,851,2024-05-29 10:50:00,1,1,0.5326533317565918
cnn,random_search,1,852,2024-05-29 10:55:00,1,1,0.6229062676429749
cnn,random_search,1,853,2024-05-29 10:55:00,1,1,0.6200497150421143
cnn,random_search,1,854,2024-05-29 11:00:00,1,1,0.6497424244880676
cnn,random_search,1,855,2024-05-29 11:00:00,1,1,0.6589267253875732
cnn,random_search,1,856,2024-05-29 11:05:00,1,1,0.6883948445320129
cnn,random_search,1,857,2024-05-29 11:05:00,1,1,0.68095463514328
cnn,random_search,1,858,2024-05-29 11:10:00,1,1,0.6893975138664246
cnn,random_search,1,859,2024-05-29 11:10:00,1,1,0.6682178974151611
cnn,random_search,1,860,2024-05-29 11:15:00,1,1,0.6335777640342712
cnn,random_search,1,861,2024-05-29 11:15:00,1,1,0.6168765425682068
cnn,random_search,1,862,2024-05-29 11:20:00,1,1,0.5814825296401978
cnn,random_search,1,863,2024-05-29 11:20:00,1,1,0.5761250853538513
cnn,random_search,1,864,2024-05-29 11:25:00,1,1,0.6127126216888428
cnn,random_search,1,865,2024-05-29 11:25:00,1,1,0.6380732655525208
cnn,random_search,1,866,2024-05-29 11:30:00,1,1,0.5728361010551453
cnn,random_search,1,867,2024-05-29 11:30:00,1,1,0.5854259133338928
cnn,random_search,1,868,2024-05-29 11:35:00,1,1,0.6200729012489319
cnn,random_search,1,869,2024-05-29 11:35:00,1,1,0.6025168895721436
cnn,random_search,1,870,2024-05-29 11:40:00,1,1,0.5924543142318726
cnn,random_search,1,871,2024-05-29 11:40:00,1,1,0.5982773900032043
cnn,random_search,1,872,2024-05-29 11:45:00,0,1,0.6422713398933411
cnn,random_search,1,873,2024-05-29 11:45:00,0,1,0.6301051378250122
cnn,random_search,1,874,2024-05-29 11:50:00,0,1,0.6421071887016296
cnn,random_search,1,875,2024-05-29 11:50:00,0,1,0.6421704292297363
cnn,random_search,1,876,2024-05-29 11:55:00,0,1,0.5965173840522766
cnn,random_search,1,877,2024-05-29 11:55:00,0,1,0.5905007719993591
cnn,random_search,1,878,2024-05-29 12:00:00,0,1,0.6341496706008911
cnn,random_search,1,879,2024-05-29 12:00:00,0,1,0.6002404689788818
cnn,random_search,1,880,2024-05-29 12:05:00,0,1,0.5731220245361328
cnn,random_search,1,881,2024-05-29 12:05:00,0,1,0.5562368035316467
cnn,random_search,1,882,2024-05-29 12:10:00,0,0,0.4013535976409912
cnn,random_search,1,883,2024-05-29 12:10:00,0,0,0.41687896847724915
cnn,random_search,1,884,2024-05-29 12:15:00,0,0,0.3465734124183655
cnn,random_search,1,885,2024-05-29 12:15:00,1,0,0.35911816358566284
cnn,random_search,1,886,2024-05-29 12:20:00,0,0,0.4019855856895447
cnn,random_search,1,887,2024-05-29 12:20:00,1,0,0.4059154987335205
cnn,random_search,1,888,2024-05-29 12:25:00,0,0,0.4317860007286072
cnn,random_search,1,889,2024-05-29 12:25:00,1,0,0.43420231342315674
cnn,random_search,1,890,2024-05-29 12:30:00,0,0,0.40517082810401917
cnn,random_search,1,891,2024-05-29 12:30:00,1,0,0.3895127475261688
cnn,random_search,1,892,2024-05-29 12:35:00,1,1,0.5102719664573669
cnn,random_search,1,893,2024-05-29 12:35:00,0,1,0.5055833458900452
cnn,random_search,1,894,2024-05-29 12:40:00,1,1,0.5773022174835205
cnn,random_search,1,895,2024-05-29 12:40:00,0,1,0.5809854865074158
cnn,random_search,1,896,2024-05-29 12:45:00,0,1,0.6542590260505676
cnn,random_search,1,897,2024-05-29 12:45:00,1,1,0.6901128888130188
cnn,random_search,1,898,2024-05-29 12:50:00,1,1,0.6404606103897095
cnn,random_search,1,899,2024-05-29 12:50:00,0,1,0.653965175151825
cnn,random_search,1,900,2024-05-29 12:55:00,1,1,0.6031303405761719
cnn,random_search,1,901,2024-05-29 12:55:00,0,1,0.6105189919471741
cnn,random_search,1,902,2024-05-29 13:00:00,0,1,0.5513051152229309
cnn,random_search,1,903,2024-05-29 13:00:00,1,1,0.535086452960968
cnn,random_search,1,904,2024-05-29 13:05:00,1,0,0.48336800932884216
cnn,random_search,1,905,2024-05-29 13:05:00,0,1,0.5102831125259399
cnn,random_search,1,906,2024-05-29 13:10:00,0,0,0.4739251136779785
cnn,random_search,1,907,2024-05-29 13:10:00,1,0,0.447213351726532
cnn,random_search,1,908,2024-05-29 13:15:00,1,0,0.4977845847606659
cnn,random_search,1,909,2024-05-29 13:15:00,0,0,0.4976199269294739
cnn,random_search,1,910,2024-05-29 13:20:00,1,1,0.51645427942276
cnn,random_search,1,911,2024-05-29 13:20:00,0,0,0.49695563316345215
cnn,random_search,1,912,2024-05-29 13:25:00,1,1,0.5600376725196838
cnn,random_search,1,913,2024-05-29 13:25:00,0,1,0.5104284882545471
cnn,random_search,1,914,2024-05-29 13:30:00,1,1,0.5589293241500854
cnn,random_search,1,915,2024-05-29 13:30:00,0,1,0.5517337918281555
cnn,random_search,1,916,2024-05-29 13:35:00,0,1,0.5888320207595825
cnn,random_search,1,917,2024-05-29 13:35:00,0,1,0.6741319298744202
cnn,random_search,1,918,2024-05-29 13:40:00,0,0,0.4927022159099579
cnn,random_search,1,919,2024-05-29 13:40:00,0,1,0.50420081615448
cnn,random_search,1,920,2024-05-29 13:45:00,0,0,0.4355193078517914
cnn,random_search,1,921,2024-05-29 13:45:00,0,0,0.48152077198028564
cnn,random_search,1,922,2024-05-29 13:50:00,0,1,0.5090261697769165
cnn,random_search,1,923,2024-05-29 13:50:00,0,1,0.5188507437705994
cnn,random_search,1,924,2024-05-29 13:55:00,0,0,0.48882144689559937
cnn,random_search,1,925,2024-05-29 13:55:00,0,0,0.4943245053291321
cnn,random_search,1,926,2024-05-29 14:00:00,0,0,0.42970040440559387
cnn,random_search,1,927,2024-05-29 14:00:00,0,0,0.43236681818962097
cnn,random_search,1,928,2024-05-29 14:05:00,0,0,0.40166354179382324
cnn,random_search,1,929,2024-05-29 14:05:00,0,0,0.385520875453949
cnn,random_search,1,930,2024-05-29 14:10:00,0,0,0.3841085731983185
cnn,random_search,1,931,2024-05-29 14:10:00,0,0,0.37316396832466125
cnn,random_search,1,932,2024-05-29 14:15:00,0,0,0.35050341486930847
cnn,random_search,1,933,2024-05-29 14:15:00,0,0,0.32972845435142517
cnn,random_search,1,934,2024-05-29 14:20:00,0,0,0.29932141304016113
cnn,random_search,1,935,2024-05-29 14:20:00,0,0,0.28929898142814636
cnn,random_search,1,936,2024-05-29 14:25:00,0,0,0.31307533383369446
cnn,random_search,1,937,2024-05-29 14:25:00,0,0,0.3162913918495178
cnn,random_search,1,938,2024-05-29 14:30:00,0,0,0.26323381066322327
cnn,random_search,1,939,2024-05-29 14:30:00,0,0,0.2656255066394806
cnn,random_search,1,940,2024-05-29 14:35:00,0,0,0.29250407218933105
cnn,random_search,1,941,2024-05-29 14:35:00,0,0,0.28590214252471924
cnn,random_search,1,942,2024-05-29 14:40:00,0,0,0.29135382175445557
cnn,random_search,1,943,2024-05-29 14:40:00,0,0,0.2904057800769806
cnn,random_search,1,944,2024-05-29 14:45:00,1,0,0.2948840260505676
cnn,random_search,1,945,2024-05-29 14:45:00,1,0,0.3069700002670288
cnn,random_search,1,946,2024-05-29 14:50:00,1,0,0.40338465571403503
cnn,random_search,1,947,2024-05-29 14:50:00,1,0,0.38923707604408264
cnn,random_search,1,948,2024-05-29 14:55:00,1,0,0.4896646738052368
cnn,random_search,1,949,2024-05-29 14:55:00,1,0,0.4806876480579376
cnn,random_search,1,950,2024-05-29 15:00:00,1,1,0.591319739818573
cnn,random_search,1,951,2024-05-29 15:00:00,1,1,0.5799848437309265
cnn,random_search,1,952,2024-05-29 15:05:00,1,1,0.6701636910438538
cnn,random_search,1,953,2024-05-29 15:05:00,1,1,0.6582621932029724
cnn,random_search,1,954,2024-05-29 15:10:00,1,1,0.6925623416900635
cnn,random_search,1,955,2024-05-29 15:10:00,1,1,0.6715749502182007
cnn,random_search,1,956,2024-05-29 15:15:00,1,1,0.6085200309753418
cnn,random_search,1,957,2024-05-29 15:15:00,1,1,0.6194989085197449
cnn,random_search,1,958,2024-05-29 15:20:00,1,1,0.6254705786705017
cnn,random_search,1,959,2024-05-29 15:20:00,1,1,0.6216098666191101
cnn,random_search,1,960,2024-05-29 15:25:00,1,1,0.6859021782875061
cnn,random_search,1,961,2024-05-29 15:25:00,1,1,0.6491075754165649
cnn,random_search,1,962,2024-05-29 15:30:00,1,1,0.6003050804138184
cnn,random_search,1,963,2024-05-29 15:30:00,1,1,0.5956124663352966
cnn,random_search,1,964,2024-05-29 15:35:00,1,1,0.5202738046646118
cnn,random_search,1,965,2024-05-29 15:35:00,1,0,0.49080008268356323
cnn,random_search,1,966,2024-05-29 15:40:00,1,1,0.5167295336723328
cnn,random_search,1,967,2024-05-29 15:40:00,1,0,0.4884730875492096
cnn,random_search,1,968,2024-05-29 15:45:00,1,0,0.43565633893013
cnn,random_search,1,969,2024-05-29 15:45:00,1,0,0.4253033697605133
cnn,random_search,1,970,2024-05-29 15:50:00,1,0,0.4593733847141266
cnn,random_search,1,971,2024-05-29 15:50:00,1,0,0.4578542113304138
cnn,random_search,1,972,2024-05-29 15:55:00,1,1,0.5174142718315125
cnn,random_search,1,973,2024-05-29 15:55:00,1,0,0.49133479595184326
cnn,random_search,1,974,2024-05-29 16:00:00,1,1,0.5318957567214966
cnn,random_search,1,975,2024-05-29 16:00:00,1,1,0.5417852997779846
cnn,random_search,1,976,2024-05-29 16:05:00,1,1,0.5294078588485718
cnn,random_search,1,977,2024-05-29 16:05:00,1,1,0.5380434989929199
cnn,random_search,1,978,2024-05-29 16:10:00,1,1,0.5538814067840576
cnn,random_search,1,979,2024-05-29 16:10:00,1,1,0.5514534711837769
cnn,random_search,1,980,2024-05-29 16:15:00,1,1,0.6177539229393005
cnn,random_search,1,981,2024-05-29 16:15:00,1,1,0.5929932594299316
cnn,random_search,1,982,2024-05-29 16:20:00,0,1,0.662085235118866
cnn,random_search,1,983,2024-05-29 16:20:00,0,1,0.654962956905365
cnn,random_search,1,984,2024-05-29 16:25:00,0,1,0.6650487184524536
cnn,random_search,1,985,2024-05-29 16:25:00,0,1,0.6653950810432434
cnn,random_search,1,986,2024-05-29 16:30:00,0,1,0.6289288401603699
cnn,random_search,1,987,2024-05-29 16:30:00,0,1,0.6560236215591431
cnn,random_search,1,988,2024-05-29 16:35:00,0,1,0.6292359828948975
cnn,random_search,1,989,2024-05-29 16:35:00,0,1,0.6747408509254456
cnn,random_search,1,990,2024-05-29 16:40:00,0,1,0.518114447593689
cnn,random_search,1,991,2024-05-29 16:40:00,0,1,0.5099056363105774
cnn,random_search,1,992,2024-05-29 16:45:00,0,0,0.42631617188453674
cnn,random_search,1,993,2024-05-29 16:45:00,0,0,0.38418304920196533
cnn,random_search,1,994,2024-05-29 16:50:00,0,0,0.3508497476577759
cnn,random_search,1,995,2024-05-29 16:50:00,0,0,0.3623928725719452
cnn,random_search,1,996,2024-05-29 16:55:00,0,0,0.3543113172054291
cnn,random_search,1,997,2024-05-29 16:55:00,0,0,0.3394492566585541
cnn,random_search,1,998,2024-05-29 17:00:00,0,0,0.29014822840690613
cnn,random_search,1,999,2024-05-29 17:00:00,0,0,0.32760414481163025
cnn,random_search,1,1000,2024-05-29 17:05:00,0,0,0.2870689630508423
cnn,random_search,1,1001,2024-05-29 17:05:00,0,0,0.27531006932258606
cnn,random_search,1,1002,2024-05-29 17:10:00,0,0,0.28232428431510925
cnn,random_search,1,1003,2024-05-29 17:10:00,0,0,0.293351411819458
cnn,random_search,1,1004,2024-05-29 17:15:00,0,0,0.44416120648384094
cnn,random_search,1,1005,2024-05-29 17:15:00,0,0,0.4531382620334625
cnn,random_search,1,1006,2024-05-29 17:20:00,0,0,0.4931570291519165
cnn,random_search,1,1007,2024-05-29 17:20:00,0,0,0.4637559652328491
cnn,random_search,1,1008,2024-05-29 17:25:00,0,0,0.46858474612236023
cnn,random_search,1,1009,2024-05-29 17:25:00,0,0,0.4260174036026001
cnn,random_search,1,1010,2024-05-29 17:30:00,0,0,0.4110395312309265
cnn,random_search,1,1011,2024-05-29 17:30:00,0,0,0.4436957538127899
cnn,random_search,1,1012,2024-05-29 17:35:00,0,0,0.4885813295841217
cnn,random_search,1,1013,2024-05-29 17:35:00,0,0,0.4931565225124359
cnn,random_search,1,1014,2024-05-29 17:40:00,0,1,0.5026065111160278
cnn,random_search,1,1015,2024-05-29 17:40:00,0,1,0.5034739375114441
cnn,random_search,1,1016,2024-05-29 17:45:00,0,1,0.5252746343612671
cnn,random_search,1,1017,2024-05-29 17:45:00,0,1,0.5380746722221375
cnn,random_search,1,1018,2024-05-29 17:50:00,0,0,0.4981686472892761
cnn,random_search,1,1019,2024-05-29 17:50:00,0,1,0.5508437156677246
cnn,random_search,1,1020,2024-05-29 17:55:00,0,1,0.5078513026237488
cnn,random_search,1,1021,2024-05-29 17:55:00,0,1,0.5241327881813049
cnn,random_search,1,1022,2024-05-31 12:35:00,1,0,0.42023682594299316
cnn,random_search,1,1023,2024-05-31 12:40:00,1,0,0.3977220952510834
cnn,random_search,1,1024,2024-05-31 12:45:00,1,1,0.5245166420936584
cnn,random_search,1,1025,2024-05-31 12:50:00,1,1,0.5750203132629395
cnn,random_search,1,1026,2024-05-31 12:55:00,1,0,0.4976784884929657
cnn,random_search,1,1027,2024-05-31 13:00:00,1,0,0.46469226479530334
cnn,random_search,1,1028,2024-05-31 13:05:00,1,0,0.4901602268218994
cnn,random_search,1,1029,2024-05-31 13:10:00,1,0,0.4875674545764923
cnn,random_search,1,1030,2024-05-31 13:15:00,1,0,0.44514599442481995
cnn,random_search,1,1031,2024-05-31 13:20:00,1,0,0.4064543843269348
cnn,random_search,1,1032,2024-05-31 13:25:00,1,0,0.3782100975513458
cnn,random_search,1,1033,2024-05-31 13:25:00,1,0,0.3885147273540497
cnn,random_search,1,1034,2024-05-31 13:30:00,1,0,0.4410349726676941
cnn,random_search,1,1035,2024-05-31 13:30:00,1,0,0.4474860727787018
cnn,random_search,1,1036,2024-05-31 13:35:00,1,1,0.520649254322052
cnn,random_search,1,1037,2024-05-31 13:35:00,1,1,0.5329459309577942
cnn,random_search,1,1038,2024-05-31 13:40:00,1,1,0.5304596424102783
cnn,random_search,1,1039,2024-05-31 13:40:00,1,1,0.5346395373344421
cnn,random_search,1,1040,2024-05-31 13:45:00,1,1,0.5665493011474609
cnn,random_search,1,1041,2024-05-31 13:45:00,1,1,0.5812674164772034
cnn,random_search,1,1042,2024-05-31 13:50:00,1,1,0.5955125689506531
cnn,random_search,1,1043,2024-05-31 13:50:00,1,1,0.5896886587142944
cnn,random_search,1,1044,2024-05-31 13:55:00,1,1,0.6380458474159241
cnn,random_search,1,1045,2024-05-31 13:55:00,1,1,0.6108659505844116
cnn,random_search,1,1046,2024-05-31 14:00:00,1,1,0.5883341431617737
cnn,random_search,1,1047,2024-05-31 14:00:00,1,1,0.5950973033905029
cnn,random_search,1,1048,2024-05-31 14:05:00,1,1,0.6852222084999084
cnn,random_search,1,1049,2024-05-31 14:05:00,1,1,0.6111637949943542
cnn,random_search,1,1050,2024-05-31 14:10:00,1,1,0.67255038022995
cnn,random_search,1,1051,2024-05-31 14:10:00,1,1,0.6403698921203613
cnn,random_search,1,1052,2024-05-31 14:15:00,1,1,0.5396279692649841
cnn,random_search,1,1053,2024-05-31 14:15:00,1,1,0.5726926922798157
cnn,random_search,1,1054,2024-05-31 14:20:00,1,1,0.5383412837982178
cnn,random_search,1,1055,2024-05-31 14:20:00,1,1,0.5491290092468262
cnn,random_search,1,1056,2024-05-31 14:25:00,1,1,0.5392941832542419
cnn,random_search,1,1057,2024-05-31 14:25:00,1,1,0.5487954020500183
cnn,random_search,1,1058,2024-05-31 14:30:00,1,1,0.5908050537109375
cnn,random_search,1,1059,2024-05-31 14:30:00,1,1,0.5663636922836304
cnn,random_search,1,1060,2024-05-31 14:35:00,1,1,0.5988106727600098
cnn,random_search,1,1061,2024-05-31 14:35:00,1,1,0.5878210663795471
cnn,random_search,1,1062,2024-05-31 14:40:00,1,1,0.6144647598266602
cnn,random_search,1,1063,2024-05-31 14:40:00,1,1,0.5760747194290161
cnn,random_search,1,1064,2024-05-31 14:45:00,1,1,0.6252983808517456
cnn,random_search,1,1065,2024-05-31 14:45:00,1,1,0.5723638534545898
cnn,random_search,1,1066,2024-05-31 14:50:00,1,1,0.5124489068984985
cnn,random_search,1,1067,2024-05-31 14:50:00,1,1,0.5345052480697632
cnn,random_search,1,1068,2024-05-31 14:55:00,1,1,0.50932776927948
cnn,random_search,1,1069,2024-05-31 14:55:00,1,1,0.5100498795509338
cnn,random_search,1,1070,2024-05-31 15:00:00,1,0,0.4853559136390686
cnn,random_search,1,1071,2024-05-31 15:00:00,1,1,0.5069377422332764
cnn,random_search,1,1072,2024-05-31 15:05:00,0,1,0.5658202171325684
cnn,random_search,1,1073,2024-05-31 15:05:00,0,1,0.561488151550293
cnn,random_search,1,1074,2024-05-31 15:10:00,0,1,0.557933509349823
cnn,random_search,1,1075,2024-05-31 15:10:00,0,1,0.5696707367897034
cnn,random_search,1,1076,2024-05-31 15:15:00,0,1,0.5470181703567505
cnn,random_search,1,1077,2024-05-31 15:15:00,0,1,0.600685179233551
cnn,random_search,1,1078,2024-05-31 15:20:00,0,1,0.5119336247444153
cnn,random_search,1,1079,2024-05-31 15:20:00,0,1,0.5077248811721802
cnn,random_search,1,1080,2024-05-31 15:25:00,0,1,0.5296532511711121
cnn,random_search,1,1081,2024-05-31 15:25:00,0,1,0.5395557880401611
cnn,random_search,1,1082,2024-05-31 15:30:00,0,0,0.44934549927711487
cnn,random_search,1,1083,2024-05-31 15:30:00,0,1,0.519840657711029
cnn,random_search,1,1084,2024-05-31 15:35:00,0,0,0.49432557821273804
cnn,random_search,1,1085,2024-05-31 15:35:00,0,0,0.48547229170799255
cnn,random_search,1,1086,2024-05-31 15:40:00,0,0,0.4247773587703705
cnn,random_search,1,1087,2024-05-31 15:40:00,0,0,0.42722442746162415
cnn,random_search,1,1088,2024-05-31 15:45:00,0,0,0.42889082431793213
cnn,random_search,1,1089,2024-05-31 15:45:00,0,0,0.4084904193878174
cnn,random_search,1,1090,2024-05-31 15:50:00,0,0,0.4281908869743347
cnn,random_search,1,1091,2024-05-31 15:50:00,0,0,0.41907086968421936
cnn,random_search,1,1092,2024-05-31 15:55:00,0,0,0.3780083954334259
cnn,random_search,1,1093,2024-05-31 15:55:00,0,0,0.4028395414352417
cnn,random_search,1,1094,2024-05-31 16:00:00,1,0,0.3588225543498993
cnn,random_search,1,1095,2024-05-31 16:00:00,1,0,0.3534388542175293
cnn,random_search,1,1096,2024-05-31 16:05:00,1,0,0.37395238876342773
cnn,random_search,1,1097,2024-05-31 16:05:00,1,0,0.3732951581478119
cnn,random_search,1,1098,2024-05-31 16:10:00,1,0,0.4805317521095276
cnn,random_search,1,1099,2024-05-31 16:10:00,1,0,0.4836588501930237
cnn,random_search,1,1100,2024-05-31 16:15:00,1,1,0.5296197533607483
cnn,random_search,1,1101,2024-05-31 16:15:00,1,1,0.5254672169685364
cnn,random_search,1,1102,2024-05-31 16:20:00,1,1,0.5467532873153687
cnn,random_search,1,1103,2024-05-31 16:20:00,1,1,0.5058497190475464
cnn,random_search,1,1104,2024-05-31 16:25:00,1,1,0.5297408699989319
cnn,random_search,1,1105,2024-05-31 16:25:00,1,1,0.5203858613967896
cnn,random_search,1,1106,2024-05-31 16:30:00,1,0,0.46715599298477173
cnn,random_search,1,1107,2024-05-31 16:30:00,1,0,0.49412301182746887
cnn,random_search,1,1108,2024-05-31 16:35:00,1,1,0.5157887935638428
cnn,random_search,1,1109,2024-05-31 16:35:00,1,1,0.5297256112098694
cnn,random_search,1,1110,2024-05-31 16:40:00,1,1,0.6051301956176758
cnn,random_search,1,1111,2024-05-31 16:40:00,1,1,0.5957267880439758
cnn,random_search,1,1112,2024-05-31 16:45:00,1,1,0.5842966437339783
cnn,random_search,1,1113,2024-05-31 16:45:00,1,1,0.6236873865127563
cnn,random_search,1,1114,2024-05-31 16:50:00,1,1,0.6419497728347778
cnn,random_search,1,1115,2024-05-31 16:50:00,1,1,0.6484967470169067
cnn,random_search,1,1116,2024-05-31 16:55:00,0,1,0.6841686964035034
cnn,random_search,1,1117,2024-05-31 16:55:00,0,1,0.6677693128585815
cnn,random_search,1,1118,2024-05-31 17:00:00,0,1,0.6038731336593628
cnn,random_search,1,1119,2024-05-31 17:00:00,0,1,0.603972315788269
cnn,random_search,1,1120,2024-05-31 17:05:00,0,1,0.5178999900817871
cnn,random_search,1,1121,2024-05-31 17:05:00,0,1,0.5335466265678406
cnn,random_search,1,1122,2024-05-31 17:10:00,0,1,0.5108378529548645
cnn,random_search,1,1123,2024-05-31 17:10:00,0,1,0.506971001625061
cnn,random_search,1,1124,2024-05-31 17:15:00,0,1,0.5771899819374084
cnn,random_search,1,1125,2024-05-31 17:15:00,0,1,0.5502213835716248
cnn,random_search,1,1126,2024-05-31 17:20:00,0,1,0.5293930172920227
cnn,random_search,1,1127,2024-05-31 17:20:00,0,1,0.5341829657554626
cnn,random_search,1,1128,2024-05-31 17:25:00,0,1,0.5034153461456299
cnn,random_search,1,1129,2024-05-31 17:25:00,0,1,0.5019073486328125
cnn,random_search,1,1130,2024-05-31 17:30:00,0,1,0.5233755707740784
cnn,random_search,1,1131,2024-05-31 17:30:00,0,1,0.5686682462692261
cnn,random_search,1,1132,2024-05-31 17:35:00,0,1,0.5159972906112671
cnn,random_search,1,1133,2024-05-31 17:35:00,0,1,0.5448203086853027
cnn,random_search,1,1134,2024-05-31 17:40:00,0,1,0.5293921828269958
cnn,random_search,1,1135,2024-05-31 17:40:00,0,1,0.6129058003425598
cnn,random_search,1,1136,2024-05-31 17:45:00,0,1,0.5107927918434143
cnn,random_search,1,1137,2024-05-31 17:45:00,0,0,0.4988415837287903
cnn,random_search,1,1138,2024-05-31 17:50:00,0,1,0.5387206673622131
cnn,random_search,1,1139,2024-05-31 17:50:00,0,1,0.5549878478050232
cnn,random_search,1,1140,2024-05-31 17:55:00,0,1,0.5469885468482971
cnn,random_search,1,1141,2024-05-31 17:55:00,0,1,0.6117047071456909
cnn,random_search,1,1142,2024-06-03 10:50:00,1,0,0.2649988532066345
cnn,random_search,1,1143,2024-06-03 10:50:00,1,0,0.2534346282482147
cnn,random_search,1,1144,2024-06-03 10:55:00,1,0,0.3322122395038605
cnn,random_search,1,1145,2024-06-03 10:55:00,1,0,0.314145565032959
cnn,random_search,1,1146,2024-06-03 11:00:00,1,0,0.3653998374938965
cnn,random_search,1,1147,2024-06-03 11:00:00,1,0,0.36161988973617554
cnn,random_search,1,1148,2024-06-03 11:05:00,1,0,0.3999824523925781
cnn,random_search,1,1149,2024-06-03 11:05:00,1,0,0.39935746788978577
cnn,random_search,1,1150,2024-06-03 11:10:00,1,0,0.48741039633750916
cnn,random_search,1,1151,2024-06-03 11:10:00,1,0,0.4771813750267029
cnn,random_search,1,1152,2024-06-03 11:15:00,1,1,0.6652870178222656
cnn,random_search,1,1153,2024-06-03 11:15:00,1,1,0.6691036224365234
cnn,random_search,1,1154,2024-06-03 11:20:00,1,1,0.6724302768707275
cnn,random_search,1,1155,2024-06-03 11:20:00,1,1,0.6788976788520813
cnn,random_search,1,1156,2024-06-03 11:25:00,1,1,0.7244258522987366
cnn,random_search,1,1157,2024-06-03 11:25:00,1,1,0.7197046279907227
cnn,random_search,1,1158,2024-06-03 11:30:00,1,1,0.7776762843132019
cnn,random_search,1,1159,2024-06-03 11:30:00,1,1,0.8073424100875854
cnn,random_search,1,1160,2024-06-03 11:35:00,1,1,0.7454417943954468
cnn,random_search,1,1161,2024-06-03 11:35:00,1,1,0.7348936796188354
cnn,random_search,1,1162,2024-06-03 11:40:00,0,1,0.7275586724281311
cnn,random_search,1,1163,2024-06-03 11:40:00,0,1,0.7342195510864258
cnn,random_search,1,1164,2024-06-03 11:45:00,0,1,0.6985753178596497
cnn,random_search,1,1165,2024-06-03 11:45:00,0,1,0.7007139325141907
cnn,random_search,1,1166,2024-06-03 11:50:00,0,1,0.6226497292518616
cnn,random_search,1,1167,2024-06-03 11:50:00,0,1,0.6364221572875977
cnn,random_search,1,1168,2024-06-03 11:55:00,0,1,0.5684008002281189
cnn,random_search,1,1169,2024-06-03 11:55:00,0,1,0.5878393650054932
cnn,random_search,1,1170,2024-06-03 12:00:00,0,1,0.5866901278495789
cnn,random_search,1,1171,2024-06-03 12:00:00,0,1,0.5823475122451782
cnn,random_search,1,1172,2024-06-03 12:05:00,0,1,0.5697505474090576
cnn,random_search,1,1173,2024-06-03 12:05:00,0,1,0.5996421575546265
cnn,random_search,1,1174,2024-06-03 12:10:00,0,1,0.5677725672721863
cnn,random_search,1,1175,2024-06-03 12:10:00,0,1,0.5553867220878601
cnn,random_search,1,1176,2024-06-03 12:15:00,0,1,0.5890197157859802
cnn,random_search,1,1177,2024-06-03 12:15:00,0,1,0.602348804473877
cnn,random_search,1,1178,2024-06-03 12:20:00,0,1,0.589388370513916
cnn,random_search,1,1179,2024-06-03 12:20:00,0,1,0.6030887961387634
cnn,random_search,1,1180,2024-06-03 12:25:00,0,0,0.41120094060897827
cnn,random_search,1,1181,2024-06-03 12:25:00,0,0,0.39087843894958496
cnn,random_search,1,1182,2024-06-03 12:30:00,0,0,0.2912372946739197
cnn,random_search,1,1183,2024-06-03 12:30:00,0,0,0.2945953607559204
cnn,random_search,1,1184,2024-06-03 12:35:00,0,0,0.29986482858657837
cnn,random_search,1,1185,2024-06-03 12:35:00,0,0,0.30216819047927856
cnn,random_search,1,1186,2024-06-03 12:40:00,0,0,0.32707303762435913
cnn,random_search,1,1187,2024-06-03 12:40:00,0,0,0.31831851601600647
cnn,random_search,1,1188,2024-06-03 12:45:00,0,0,0.2866182327270508
cnn,random_search,1,1189,2024-06-03 12:45:00,0,0,0.3294629454612732
cnn,random_search,1,1190,2024-06-03 12:50:00,0,0,0.3549041450023651
cnn,random_search,1,1191,2024-06-03 12:50:00,0,0,0.3765842914581299
cnn,random_search,1,1192,2024-06-03 12:55:00,0,0,0.3439670503139496
cnn,random_search,1,1193,2024-06-03 12:55:00,0,0,0.3737531304359436
cnn,random_search,1,1194,2024-06-03 13:00:00,0,0,0.37547916173934937
cnn,random_search,1,1195,2024-06-03 13:00:00,0,0,0.4349190890789032
cnn,random_search,1,1196,2024-06-03 13:05:00,0,0,0.41441863775253296
cnn,random_search,1,1197,2024-06-03 13:05:00,0,0,0.3672487139701843
cnn,random_search,1,1198,2024-06-03 13:10:00,0,0,0.3354823887348175
cnn,random_search,1,1199,2024-06-03 13:10:00,0,0,0.3327881097793579
cnn,random_search,1,1200,2024-06-03 13:15:00,0,0,0.25435328483581543
cnn,random_search,1,1201,2024-06-03 13:15:00,0,0,0.236375093460083
cnn,random_search,1,1202,2024-06-03 13:20:00,0,0,0.26129332184791565
cnn,random_search,1,1203,2024-06-03 13:20:00,0,0,0.26208925247192383
cnn,random_search,1,1204,2024-06-03 13:25:00,0,0,0.3089238107204437
cnn,random_search,1,1205,2024-06-03 13:25:00,0,0,0.29925182461738586
cnn,random_search,1,1206,2024-06-03 13:30:00,0,0,0.29623258113861084
cnn,random_search,1,1207,2024-06-03 13:30:00,0,0,0.3302271068096161
cnn,random_search,1,1208,2024-06-03 13:35:00,0,0,0.3765451908111572
cnn,random_search,1,1209,2024-06-03 13:35:00,0,0,0.3755512833595276
cnn,random_search,1,1210,2024-06-03 13:40:00,0,0,0.38517147302627563
cnn,random_search,1,1211,2024-06-03 13:40:00,0,0,0.3944510519504547
cnn,random_search,1,1212,2024-06-03 13:45:00,0,0,0.46709001064300537
cnn,random_search,1,1213,2024-06-03 13:45:00,0,0,0.46088987588882446
cnn,random_search,1,1214,2024-06-03 13:50:00,0,0,0.4523375928401947
cnn,random_search,1,1215,2024-06-03 13:50:00,0,0,0.44838589429855347
cnn,random_search,1,1216,2024-06-03 13:55:00,0,0,0.4530959725379944
cnn,random_search,1,1217,2024-06-03 13:55:00,0,0,0.4635672867298126
cnn,random_search,1,1218,2024-06-03 14:00:00,1,0,0.4451232850551605
cnn,random_search,1,1219,2024-06-03 14:00:00,1,0,0.41497835516929626
cnn,random_search,1,1220,2024-06-03 14:05:00,1,1,0.5126956105232239
cnn,random_search,1,1221,2024-06-03 14:05:00,1,1,0.5116503238677979
cnn,random_search,1,1222,2024-06-03 14:10:00,1,1,0.5701340436935425
cnn,random_search,1,1223,2024-06-03 14:10:00,1,1,0.574830949306488
cnn,random_search,1,1224,2024-06-03 14:15:00,1,1,0.654097855091095
cnn,random_search,1,1225,2024-06-03 14:15:00,1,1,0.6535338759422302
cnn,random_search,1,1226,2024-06-03 14:20:00,1,1,0.7139348983764648
cnn,random_search,1,1227,2024-06-03 14:20:00,1,1,0.7292674779891968
cnn,random_search,1,1228,2024-06-03 14:25:00,1,1,0.7205222249031067
cnn,random_search,1,1229,2024-06-03 14:25:00,1,1,0.7163808345794678
cnn,random_search,1,1230,2024-06-03 14:30:00,1,1,0.7452093958854675
cnn,random_search,1,1231,2024-06-03 14:30:00,1,1,0.7479578852653503
cnn,random_search,1,1232,2024-06-03 14:35:00,1,1,0.7212995290756226
cnn,random_search,1,1233,2024-06-03 14:35:00,1,1,0.7257630228996277
cnn,random_search,1,1234,2024-06-03 14:40:00,1,1,0.7329390048980713
cnn,random_search,1,1235,2024-06-03 14:40:00,1,1,0.7116810083389282
cnn,random_search,1,1236,2024-06-03 14:45:00,1,1,0.6697207093238831
cnn,random_search,1,1237,2024-06-03 14:45:00,1,1,0.6461341977119446
cnn,random_search,1,1238,2024-06-03 14:50:00,1,1,0.5445513129234314
cnn,random_search,1,1239,2024-06-03 14:50:00,1,1,0.5469959378242493
cnn,random_search,1,1240,2024-06-03 14:55:00,1,0,0.4889136850833893
cnn,random_search,1,1241,2024-06-03 14:55:00,1,0,0.4684949517250061
cnn,random_search,1,1242,2024-06-03 15:00:00,1,1,0.5248736143112183
cnn,random_search,1,1243,2024-06-03 15:00:00,1,1,0.5308408737182617
cnn,random_search,1,1244,2024-06-03 15:05:00,1,1,0.5511093735694885
cnn,random_search,1,1245,2024-06-03 15:05:00,1,1,0.5419605374336243
cnn,random_search,1,1246,2024-06-03 15:10:00,1,1,0.5031644701957703
cnn,random_search,1,1247,2024-06-03 15:10:00,1,0,0.4924052953720093
cnn,random_search,1,1248,2024-06-03 15:15:00,1,1,0.5604904294013977
cnn,random_search,1,1249,2024-06-03 15:15:00,1,1,0.5608078837394714
cnn,random_search,1,1250,2024-06-03 15:20:00,1,1,0.6090469360351562
cnn,random_search,1,1251,2024-06-03 15:20:00,1,1,0.620719313621521
cnn,random_search,1,1252,2024-06-03 15:25:00,1,1,0.6473367214202881
cnn,random_search,1,1253,2024-06-03 15:25:00,1,1,0.6176394820213318
cnn,random_search,1,1254,2024-06-03 15:30:00,1,1,0.6495742201805115
cnn,random_search,1,1255,2024-06-03 15:30:00,1,1,0.6930429339408875
cnn,random_search,1,1256,2024-06-03 15:35:00,0,1,0.6785032153129578
cnn,random_search,1,1257,2024-06-03 15:35:00,0,1,0.7021443843841553
cnn,random_search,1,1258,2024-06-03 15:40:00,0,1,0.5971494317054749
cnn,random_search,1,1259,2024-06-03 15:40:00,0,1,0.5954260230064392
cnn,random_search,1,1260,2024-06-03 15:45:00,0,1,0.5632489323616028
cnn,random_search,1,1261,2024-06-03 15:45:00,0,1,0.5810949206352234
cnn,random_search,1,1262,2024-06-03 15:50:00,0,1,0.5586086511611938
cnn,random_search,1,1263,2024-06-03 15:50:00,0,1,0.5589823126792908
cnn,random_search,1,1264,2024-06-03 15:55:00,0,1,0.5725797414779663
cnn,random_search,1,1265,2024-06-03 15:55:00,0,1,0.5689203143119812
cnn,random_search,1,1266,2024-06-03 16:00:00,0,1,0.5665484070777893
cnn,random_search,1,1267,2024-06-03 16:00:00,0,1,0.5617805123329163
cnn,random_search,1,1268,2024-06-03 16:05:00,0,1,0.5148253440856934
cnn,random_search,1,1269,2024-06-03 16:05:00,0,1,0.5036324262619019
cnn,random_search,1,1270,2024-06-03 16:10:00,0,1,0.5482603311538696
cnn,random_search,1,1271,2024-06-03 16:10:00,0,1,0.5283888578414917
cnn,random_search,1,1272,2024-06-03 16:15:00,0,0,0.48004060983657837
cnn,random_search,1,1273,2024-06-03 16:15:00,0,0,0.47416889667510986
cnn,random_search,1,1274,2024-06-03 16:20:00,0,0,0.4562768042087555
cnn,random_search,1,1275,2024-06-03 16:20:00,0,0,0.434089332818985
cnn,random_search,1,1276,2024-06-03 16:25:00,0,0,0.4099237024784088
cnn,random_search,1,1277,2024-06-03 16:25:00,0,0,0.42338061332702637
cnn,random_search,1,1278,2024-06-03 16:30:00,0,0,0.39399510622024536
cnn,random_search,1,1279,2024-06-03 16:30:00,0,0,0.3668406903743744
cnn,random_search,1,1280,2024-06-03 16:35:00,0,0,0.36799106001853943
cnn,random_search,1,1281,2024-06-03 16:35:00,0,0,0.2999720573425293
cnn,random_search,1,1282,2024-06-03 16:40:00,0,0,0.4292713701725006
cnn,random_search,1,1283,2024-06-03 16:40:00,0,0,0.4241064190864563
cnn,random_search,1,1284,2024-06-03 16:45:00,0,0,0.4151032865047455
cnn,random_search,1,1285,2024-06-03 16:45:00,0,0,0.4596623480319977
cnn,random_search,1,1286,2024-06-03 16:50:00,0,0,0.42855170369148254
cnn,random_search,1,1287,2024-06-03 16:50:00,0,0,0.4230046272277832
cnn,random_search,1,1288,2024-06-03 16:55:00,0,0,0.35440951585769653
cnn,random_search,1,1289,2024-06-03 16:55:00,0,0,0.3342469334602356
cnn,random_search,1,1290,2024-06-03 17:00:00,0,0,0.28097426891326904
cnn,random_search,1,1291,2024-06-03 17:00:00,0,0,0.2873462736606598
cnn,random_search,1,1292,2024-06-03 17:05:00,0,0,0.31331098079681396
cnn,random_search,1,1293,2024-06-03 17:05:00,0,0,0.3162615895271301
cnn,random_search,1,1294,2024-06-03 17:10:00,0,0,0.3134712278842926
cnn,random_search,1,1295,2024-06-03 17:10:00,0,0,0.32569420337677
cnn,random_search,1,1296,2024-06-03 17:15:00,0,0,0.3625706136226654
cnn,random_search,1,1297,2024-06-03 17:15:00,0,0,0.3515482544898987
cnn,random_search,1,1298,2024-06-03 17:20:00,0,0,0.3197242021560669
cnn,random_search,1,1299,2024-06-03 17:20:00,0,0,0.30356910824775696
cnn,random_search,1,1300,2024-06-03 17:25:00,0,0,0.26887091994285583
cnn,random_search,1,1301,2024-06-03 17:25:00,0,0,0.25131285190582275
cnn,random_search,1,1302,2024-06-03 17:30:00,0,0,0.3451106548309326
cnn,random_search,1,1303,2024-06-03 17:30:00,0,0,0.3492056131362915
cnn,random_search,1,1304,2024-06-03 17:35:00,0,0,0.3257056772708893
cnn,random_search,1,1305,2024-06-03 17:35:00,0,0,0.34254708886146545
cnn,random_search,1,1306,2024-06-03 17:40:00,0,0,0.28616899251937866
cnn,random_search,1,1307,2024-06-03 17:40:00,0,0,0.32795026898384094
cnn,random_search,1,1308,2024-06-03 17:45:00,0,0,0.36740344762802124
cnn,random_search,1,1309,2024-06-03 17:45:00,0,0,0.35214972496032715
cnn,random_search,1,1310,2024-06-03 17:50:00,0,0,0.43107086420059204
cnn,random_search,1,1311,2024-06-03 17:50:00,0,0,0.4083541929721832
cnn,random_search,1,1312,2024-06-03 17:55:00,0,0,0.4474717080593109
cnn,random_search,1,1313,2024-06-03 17:55:00,0,0,0.46540334820747375
cnn,random_search,1,1314,2024-06-04 11:15:00,1,0,0.35390010476112366
cnn,random_search,1,1315,2024-06-04 11:20:00,1,0,0.34277743101119995
cnn,random_search,1,1316,2024-06-04 11:20:00,1,0,0.3299219608306885
cnn,random_search,1,1317,2024-06-04 11:25:00,1,0,0.4494975507259369
cnn,random_search,1,1318,2024-06-04 11:25:00,1,0,0.4371303915977478
cnn,random_search,1,1319,2024-06-04 11:30:00,1,1,0.5211706757545471
cnn,random_search,1,1320,2024-06-04 11:30:00,1,1,0.5319236516952515
cnn,random_search,1,1321,2024-06-04 11:35:00,1,1,0.5613595843315125
cnn,random_search,1,1322,2024-06-04 11:35:00,1,1,0.5336524248123169
cnn,random_search,1,1323,2024-06-04 11:40:00,1,1,0.5931045413017273
cnn,random_search,1,1324,2024-06-04 11:40:00,1,1,0.6164737939834595
cnn,random_search,1,1325,2024-06-04 11:45:00,1,1,0.6037430763244629
cnn,random_search,1,1326,2024-06-04 11:45:00,1,1,0.5859594345092773
cnn,random_search,1,1327,2024-06-04 11:50:00,1,1,0.6407865881919861
cnn,random_search,1,1328,2024-06-04 11:50:00,1,1,0.624951958656311
cnn,random_search,1,1329,2024-06-04 11:55:00,1,1,0.5837752819061279
cnn,random_search,1,1330,2024-06-04 11:55:00,1,1,0.5978301763534546
cnn,random_search,1,1331,2024-06-04 12:00:00,1,1,0.6007117629051208
cnn,random_search,1,1332,2024-06-04 12:00:00,1,1,0.591472864151001
cnn,random_search,1,1333,2024-06-04 12:05:00,1,1,0.5275606513023376
cnn,random_search,1,1334,2024-06-04 12:05:00,1,1,0.5366952419281006
cnn,random_search,1,1335,2024-06-04 12:10:00,1,1,0.5919239521026611
cnn,random_search,1,1336,2024-06-04 12:10:00,1,1,0.5723714232444763
cnn,random_search,1,1337,2024-06-04 12:15:00,1,1,0.674691915512085
cnn,random_search,1,1338,2024-06-04 12:15:00,1,1,0.6660821437835693
cnn,random_search,1,1339,2024-06-04 12:20:00,1,1,0.7234765887260437
cnn,random_search,1,1340,2024-06-04 12:20:00,1,1,0.7175793647766113
cnn,random_search,1,1341,2024-06-04 12:25:00,1,1,0.6906055808067322
cnn,random_search,1,1342,2024-06-04 12:25:00,1,1,0.7147178053855896
cnn,random_search,1,1343,2024-06-04 12:30:00,1,1,0.6059545278549194
cnn,random_search,1,1344,2024-06-04 12:30:00,1,1,0.5978875756263733
cnn,random_search,1,1345,2024-06-04 12:35:00,1,1,0.6077105402946472
cnn,random_search,1,1346,2024-06-04 12:35:00,1,1,0.6223033666610718
cnn,random_search,1,1347,2024-06-04 12:40:00,1,1,0.5792725682258606
cnn,random_search,1,1348,2024-06-04 12:40:00,1,1,0.5737537145614624
cnn,random_search,1,1349,2024-06-04 12:45:00,1,1,0.5405285954475403
cnn,random_search,1,1350,2024-06-04 12:45:00,1,1,0.5420960783958435
cnn,random_search,1,1351,2024-06-04 12:50:00,1,1,0.5696499347686768
cnn,random_search,1,1352,2024-06-04 12:50:00,1,1,0.5924448370933533
cnn,random_search,1,1353,2024-06-04 12:55:00,1,0,0.4190308153629303
cnn,random_search,1,1354,2024-06-04 12:55:00,1,0,0.42465144395828247
cnn,random_search,1,1355,2024-06-04 13:00:00,1,0,0.4106307327747345
cnn,random_search,1,1356,2024-06-04 13:00:00,1,0,0.3927083909511566
cnn,random_search,1,1357,2024-06-04 13:05:00,1,0,0.3843859136104584
cnn,random_search,1,1358,2024-06-04 13:05:00,1,0,0.3186390697956085
cnn,random_search,1,1359,2024-06-04 13:10:00,1,1,0.5200728178024292
cnn,random_search,1,1360,2024-06-04 13:10:00,1,1,0.5331095457077026
cnn,random_search,1,1361,2024-06-04 13:15:00,1,1,0.5919420719146729
cnn,random_search,1,1362,2024-06-04 13:15:00,1,1,0.6503044962882996
cnn,random_search,1,1363,2024-06-04 13:20:00,1,1,0.6248947381973267
cnn,random_search,1,1364,2024-06-04 13:20:00,1,1,0.5723716020584106
cnn,random_search,1,1365,2024-06-04 13:25:00,1,1,0.5664411187171936
cnn,random_search,1,1366,2024-06-04 13:25:00,1,1,0.5562556385993958
cnn,random_search,1,1367,2024-06-04 13:30:00,1,1,0.5312469005584717
cnn,random_search,1,1368,2024-06-04 13:30:00,1,1,0.5337643027305603
cnn,random_search,1,1369,2024-06-04 13:35:00,1,0,0.4717300832271576
cnn,random_search,1,1370,2024-06-04 13:35:00,1,0,0.4585823118686676
cnn,random_search,1,1371,2024-06-04 13:40:00,1,1,0.5208551287651062
cnn,random_search,1,1372,2024-06-04 13:40:00,1,0,0.4992319345474243
cnn,random_search,1,1373,2024-06-04 13:45:00,1,1,0.5850740671157837
cnn,random_search,1,1374,2024-06-04 13:45:00,1,1,0.5915388464927673
cnn,random_search,1,1375,2024-06-04 13:50:00,1,1,0.5808069109916687
cnn,random_search,1,1376,2024-06-04 13:50:00,1,1,0.600599467754364
cnn,random_search,1,1377,2024-06-04 13:55:00,1,1,0.641480565071106
cnn,random_search,1,1378,2024-06-04 13:55:00,1,1,0.6302185654640198
cnn,random_search,1,1379,2024-06-04 14:00:00,1,1,0.650040864944458
cnn,random_search,1,1380,2024-06-04 14:00:00,1,1,0.626732349395752
cnn,random_search,1,1381,2024-06-04 14:05:00,1,1,0.572313129901886
cnn,random_search,1,1382,2024-06-04 14:05:00,1,1,0.5553663969039917
cnn,random_search,1,1383,2024-06-04 14:10:00,1,1,0.5268101692199707
cnn,random_search,1,1384,2024-06-04 14:10:00,1,0,0.4972514510154724
cnn,random_search,1,1385,2024-06-04 14:15:00,1,0,0.48924222588539124
cnn,random_search,1,1386,2024-06-04 14:15:00,1,0,0.4954059422016144
cnn,random_search,1,1387,2024-06-04 14:20:00,1,1,0.5117658376693726
cnn,random_search,1,1388,2024-06-04 14:20:00,1,1,0.5102712512016296
cnn,random_search,1,1389,2024-06-04 14:25:00,1,1,0.5591377019882202
cnn,random_search,1,1390,2024-06-04 14:25:00,1,1,0.5563147068023682
cnn,random_search,1,1391,2024-06-04 14:30:00,1,1,0.5865970849990845
cnn,random_search,1,1392,2024-06-04 14:30:00,1,1,0.5774386525154114
cnn,random_search,1,1393,2024-06-04 14:35:00,1,1,0.579845130443573
cnn,random_search,1,1394,2024-06-04 14:35:00,1,1,0.6026759743690491
cnn,random_search,1,1395,2024-06-04 14:40:00,1,1,0.6436941623687744
cnn,random_search,1,1396,2024-06-04 14:40:00,1,1,0.6256351470947266
cnn,random_search,1,1397,2024-06-04 14:45:00,1,1,0.6783906817436218
cnn,random_search,1,1398,2024-06-04 14:45:00,1,1,0.6487786769866943
cnn,random_search,1,1399,2024-06-04 14:50:00,1,1,0.6141771078109741
cnn,random_search,1,1400,2024-06-04 14:50:00,1,1,0.6160659790039062
cnn,random_search,1,1401,2024-06-04 14:55:00,1,1,0.5726903676986694
cnn,random_search,1,1402,2024-06-04 14:55:00,1,1,0.5690240859985352
cnn,random_search,1,1403,2024-06-04 15:00:00,1,1,0.5712471604347229
cnn,random_search,1,1404,2024-06-04 15:00:00,1,1,0.5763389468193054
cnn,random_search,1,1405,2024-06-04 15:05:00,1,1,0.5585665106773376
cnn,random_search,1,1406,2024-06-04 15:05:00,1,1,0.6038781404495239
cnn,random_search,1,1407,2024-06-04 15:10:00,1,0,0.4459669589996338
cnn,random_search,1,1408,2024-06-04 15:10:00,1,0,0.48120632767677307
cnn,random_search,1,1409,2024-06-04 15:15:00,1,1,0.527016282081604
cnn,random_search,1,1410,2024-06-04 15:15:00,1,1,0.5390672087669373
cnn,random_search,1,1411,2024-06-04 15:20:00,1,1,0.6191718578338623
cnn,random_search,1,1412,2024-06-04 15:20:00,1,1,0.6107566356658936
cnn,random_search,1,1413,2024-06-04 15:25:00,1,1,0.679716169834137
cnn,random_search,1,1414,2024-06-04 15:25:00,1,1,0.6779654622077942
cnn,random_search,1,1415,2024-06-04 15:30:00,1,1,0.6271530389785767
cnn,random_search,1,1416,2024-06-04 15:30:00,1,1,0.6272159218788147
cnn,random_search,1,1417,2024-06-04 15:35:00,1,1,0.5656599402427673
cnn,random_search,1,1418,2024-06-04 15:35:00,1,1,0.551371157169342
cnn,random_search,1,1419,2024-06-04 15:40:00,1,1,0.5032172799110413
cnn,random_search,1,1420,2024-06-04 15:40:00,1,1,0.5035465359687805
cnn,random_search,1,1421,2024-06-04 15:45:00,1,1,0.6078130602836609
cnn,random_search,1,1422,2024-06-04 15:45:00,1,1,0.5504869222640991
cnn,random_search,1,1423,2024-06-04 15:50:00,1,0,0.49991336464881897
cnn,random_search,1,1424,2024-06-04 15:50:00,1,1,0.5566954612731934
cnn,random_search,1,1425,2024-06-04 15:55:00,1,0,0.4199649393558502
cnn,random_search,1,1426,2024-06-04 15:55:00,1,0,0.4256174862384796
cnn,random_search,1,1427,2024-06-04 16:00:00,1,0,0.3507673144340515
cnn,random_search,1,1428,2024-06-04 16:00:00,1,0,0.3389860689640045
cnn,random_search,1,1429,2024-06-04 16:05:00,1,0,0.3514437973499298
cnn,random_search,1,1430,2024-06-04 16:05:00,1,0,0.33282801508903503
cnn,random_search,1,1431,2024-06-04 16:10:00,1,0,0.46970367431640625
cnn,random_search,1,1432,2024-06-04 16:10:00,1,0,0.4729785621166229
cnn,random_search,1,1433,2024-06-04 16:15:00,1,1,0.5747644901275635
cnn,random_search,1,1434,2024-06-04 16:15:00,1,1,0.5524611473083496
cnn,random_search,1,1435,2024-06-04 16:20:00,1,1,0.5694201588630676
cnn,random_search,1,1436,2024-06-04 16:20:00,1,1,0.5828524827957153
cnn,random_search,1,1437,2024-06-04 16:25:00,1,1,0.5816657543182373
cnn,random_search,1,1438,2024-06-04 16:25:00,1,1,0.5813561677932739
cnn,random_search,1,1439,2024-06-04 16:30:00,1,1,0.6201133131980896
cnn,random_search,1,1440,2024-06-04 16:30:00,1,1,0.6033845543861389
cnn,random_search,1,1441,2024-06-04 16:35:00,1,1,0.5513882040977478
cnn,random_search,1,1442,2024-06-04 16:35:00,1,1,0.5504325032234192
cnn,random_search,1,1443,2024-06-04 16:40:00,1,1,0.5766175389289856
cnn,random_search,1,1444,2024-06-04 16:40:00,1,1,0.6315343379974365
cnn,random_search,1,1445,2024-06-04 16:45:00,1,1,0.5524564385414124
cnn,random_search,1,1446,2024-06-04 16:45:00,1,1,0.6317179799079895
cnn,random_search,1,1447,2024-06-04 16:50:00,1,1,0.5656717419624329
cnn,random_search,1,1448,2024-06-04 16:50:00,1,1,0.5926142334938049
cnn,random_search,1,1449,2024-06-04 16:55:00,0,1,0.5911510586738586
cnn,random_search,1,1450,2024-06-04 16:55:00,0,1,0.6026390790939331
cnn,random_search,1,1451,2024-06-04 17:00:00,0,1,0.5693609714508057
cnn,random_search,1,1452,2024-06-04 17:00:00,0,1,0.5586525201797485
cnn,random_search,1,1453,2024-06-04 17:05:00,0,1,0.5226032137870789
cnn,random_search,1,1454,2024-06-04 17:05:00,0,1,0.5555129647254944
cnn,random_search,1,1455,2024-06-04 17:10:00,0,0,0.47564172744750977
cnn,random_search,1,1456,2024-06-04 17:10:00,0,0,0.4974166750907898
cnn,random_search,1,1457,2024-06-04 17:15:00,0,0,0.383437842130661
cnn,random_search,1,1458,2024-06-04 17:15:00,0,0,0.4681553542613983
cnn,random_search,1,1459,2024-06-04 17:20:00,0,0,0.475702166557312
cnn,random_search,1,1460,2024-06-04 17:20:00,0,0,0.35718846321105957
cnn,random_search,1,1461,2024-06-04 17:25:00,0,0,0.44918960332870483
cnn,random_search,1,1462,2024-06-04 17:25:00,0,0,0.39654746651649475
cnn,random_search,1,1463,2024-06-04 17:30:00,0,0,0.49418240785598755
cnn,random_search,1,1464,2024-06-04 17:30:00,0,1,0.5239477157592773
cnn,random_search,1,1465,2024-06-04 17:35:00,0,1,0.5099408030509949
cnn,random_search,1,1466,2024-06-04 17:35:00,0,1,0.504277765750885
cnn,random_search,1,1467,2024-06-04 17:40:00,0,0,0.49733179807662964
cnn,random_search,1,1468,2024-06-04 17:40:00,0,0,0.4951995015144348
cnn,random_search,1,1469,2024-06-04 17:45:00,0,1,0.5121086835861206
cnn,random_search,1,1470,2024-06-04 17:45:00,0,0,0.49995672702789307
cnn,random_search,1,1471,2024-06-04 17:50:00,0,1,0.5206126570701599
cnn,random_search,1,1472,2024-06-04 17:50:00,0,1,0.5400115251541138
cnn,random_search,1,1473,2024-06-04 17:55:00,0,1,0.5823982954025269
cnn,random_search,1,1474,2024-06-04 17:55:00,0,1,0.6060001850128174
cnn,random_search,1,1475,2024-06-05 11:10:00,1,0,0.28299835324287415
cnn,random_search,1,1476,2024-06-05 11:10:00,1,0,0.25947806239128113
cnn,random_search,1,1477,2024-06-05 11:15:00,1,0,0.2809937596321106
cnn,random_search,1,1478,2024-06-05 11:15:00,1,0,0.2771490812301636
cnn,random_search,1,1479,2024-06-05 11:20:00,1,0,0.46595534682273865
cnn,random_search,1,1480,2024-06-05 11:20:00,1,0,0.4650734066963196
cnn,random_search,1,1481,2024-06-05 11:25:00,1,1,0.5765619277954102
cnn,random_search,1,1482,2024-06-05 11:25:00,1,1,0.5837402939796448
cnn,random_search,1,1483,2024-06-05 11:30:00,1,1,0.6784397959709167
cnn,random_search,1,1484,2024-06-05 11:30:00,1,1,0.6759172081947327
cnn,random_search,1,1485,2024-06-05 11:35:00,1,1,0.7367150187492371
cnn,random_search,1,1486,2024-06-05 11:35:00,1,1,0.737246572971344
cnn,random_search,1,1487,2024-06-05 11:40:00,1,1,0.7902442812919617
cnn,random_search,1,1488,2024-06-05 11:40:00,0,1,0.7825628519058228
cnn,random_search,1,1489,2024-06-05 11:45:00,0,1,0.7015554308891296
cnn,random_search,1,1490,2024-06-05 11:45:00,1,1,0.702066957950592
cnn,random_search,1,1491,2024-06-05 11:50:00,1,1,0.6941232085227966
cnn,random_search,1,1492,2024-06-05 11:50:00,0,1,0.6828223466873169
cnn,random_search,1,1493,2024-06-05 11:55:00,1,1,0.6188802719116211
cnn,random_search,1,1494,2024-06-05 11:55:00,0,1,0.6186418533325195
cnn,random_search,1,1495,2024-06-05 12:00:00,1,1,0.6046250462532043
cnn,random_search,1,1496,2024-06-05 12:00:00,0,1,0.6153748035430908
cnn,random_search,1,1497,2024-06-05 12:05:00,0,1,0.5680294036865234
cnn,random_search,1,1498,2024-06-05 12:05:00,1,1,0.5589407682418823
cnn,random_search,1,1499,2024-06-05 12:10:00,1,0,0.48260849714279175
cnn,random_search,1,1500,2024-06-05 12:10:00,0,1,0.5049037337303162
cnn,random_search,1,1501,2024-06-05 12:15:00,0,1,0.6065073609352112
cnn,random_search,1,1502,2024-06-05 12:15:00,1,1,0.6007150411605835
cnn,random_search,1,1503,2024-06-05 12:20:00,0,1,0.6498132348060608
cnn,random_search,1,1504,2024-06-05 12:20:00,1,1,0.6517870426177979
cnn,random_search,1,1505,2024-06-05 12:25:00,0,1,0.6712257862091064
cnn,random_search,1,1506,2024-06-05 12:25:00,0,1,0.662681519985199
cnn,random_search,1,1507,2024-06-05 12:30:00,0,1,0.70786052942276
cnn,random_search,1,1508,2024-06-05 12:30:00,0,1,0.6342096924781799
cnn,random_search,1,1509,2024-06-05 12:35:00,0,1,0.5805485844612122
cnn,random_search,1,1510,2024-06-05 12:35:00,0,1,0.6054214835166931
cnn,random_search,1,1511,2024-06-05 12:40:00,0,1,0.5533186197280884
cnn,random_search,1,1512,2024-06-05 12:40:00,0,1,0.5434026718139648
cnn,random_search,1,1513,2024-06-05 12:45:00,0,1,0.5115832686424255
cnn,random_search,1,1514,2024-06-05 12:45:00,0,0,0.47047510743141174
cnn,random_search,1,1515,2024-06-05 12:50:00,0,0,0.3745183050632477
cnn,random_search,1,1516,2024-06-05 12:50:00,0,0,0.43907350301742554
cnn,random_search,1,1517,2024-06-05 12:55:00,0,0,0.4704744219779968
cnn,random_search,1,1518,2024-06-05 12:55:00,0,0,0.4530917704105377
cnn,random_search,1,1519,2024-06-05 13:00:00,0,0,0.44096696376800537
cnn,random_search,1,1520,2024-06-05 13:00:00,0,0,0.45176756381988525
cnn,random_search,1,1521,2024-06-05 13:05:00,0,0,0.3833737075328827
cnn,random_search,1,1522,2024-06-05 13:05:00,0,0,0.38428688049316406
cnn,random_search,1,1523,2024-06-05 13:10:00,0,0,0.3438125550746918
cnn,random_search,1,1524,2024-06-05 13:10:00,0,0,0.3693108558654785
cnn,random_search,1,1525,2024-06-05 13:15:00,0,0,0.36726024746894836
cnn,random_search,1,1526,2024-06-05 13:15:00,0,0,0.38807082176208496
cnn,random_search,1,1527,2024-06-05 13:20:00,0,0,0.3821120262145996
cnn,random_search,1,1528,2024-06-05 13:20:00,0,0,0.3553512692451477
cnn,random_search,1,1529,2024-06-05 13:25:00,0,0,0.3422798812389374
cnn,random_search,1,1530,2024-06-05 13:25:00,0,0,0.346757173538208
cnn,random_search,1,1531,2024-06-05 13:30:00,0,0,0.31598448753356934
cnn,random_search,1,1532,2024-06-05 13:30:00,0,0,0.324363112449646
cnn,random_search,1,1533,2024-06-05 13:35:00,0,0,0.3787532150745392
cnn,random_search,1,1534,2024-06-05 13:35:00,0,0,0.3567053973674774
cnn,random_search,1,1535,2024-06-05 13:40:00,0,0,0.37494444847106934
cnn,random_search,1,1536,2024-06-05 13:40:00,0,0,0.40584760904312134
cnn,random_search,1,1537,2024-06-05 13:45:00,0,0,0.28250622749328613
cnn,random_search,1,1538,2024-06-05 13:45:00,0,0,0.38236403465270996
cnn,random_search,1,1539,2024-06-05 13:50:00,0,0,0.4939197301864624
cnn,random_search,1,1540,2024-06-05 13:50:00,0,1,0.5168405175209045
cnn,random_search,1,1541,2024-06-05 13:55:00,0,0,0.49320927262306213
cnn,random_search,1,1542,2024-06-05 13:55:00,0,0,0.47524014115333557
cnn,random_search,1,1543,2024-06-05 14:00:00,0,1,0.5326954126358032
cnn,random_search,1,1544,2024-06-05 14:00:00,0,0,0.49148714542388916
cnn,random_search,1,1545,2024-06-05 14:05:00,0,0,0.44667887687683105
cnn,random_search,1,1546,2024-06-05 14:05:00,0,0,0.39095765352249146
cnn,random_search,1,1547,2024-06-05 14:10:00,0,0,0.40006494522094727
cnn,random_search,1,1548,2024-06-05 14:10:00,0,0,0.3844422399997711
cnn,random_search,1,1549,2024-06-05 14:15:00,0,0,0.38870006799697876
cnn,random_search,1,1550,2024-06-05 14:15:00,0,0,0.3405896723270416
cnn,random_search,1,1551,2024-06-05 14:20:00,0,0,0.4406784474849701
cnn,random_search,1,1552,2024-06-05 14:20:00,0,0,0.45983439683914185
cnn,random_search,1,1553,2024-06-05 14:25:00,0,1,0.5100019574165344
cnn,random_search,1,1554,2024-06-05 14:25:00,0,1,0.5297971367835999
cnn,random_search,1,1555,2024-06-05 14:30:00,0,1,0.626163899898529
cnn,random_search,1,1556,2024-06-05 14:30:00,0,1,0.595983624458313
cnn,random_search,1,1557,2024-06-05 14:35:00,0,1,0.6059363484382629
cnn,random_search,1,1558,2024-06-05 14:35:00,0,1,0.596808671951294
cnn,random_search,1,1559,2024-06-05 14:40:00,0,1,0.6491226553916931
cnn,random_search,1,1560,2024-06-05 14:40:00,0,1,0.5990486145019531
cnn,random_search,1,1561,2024-06-05 14:45:00,0,1,0.5252611041069031
cnn,random_search,1,1562,2024-06-05 14:45:00,0,1,0.5530396103858948
cnn,random_search,1,1563,2024-06-05 14:50:00,0,0,0.36487478017807007
cnn,random_search,1,1564,2024-06-05 14:50:00,0,0,0.36435645818710327
cnn,random_search,1,1565,2024-06-05 14:55:00,0,0,0.31245726346969604
cnn,random_search,1,1566,2024-06-05 14:55:00,0,0,0.2951921224594116
cnn,random_search,1,1567,2024-06-05 15:00:00,0,0,0.3640759587287903
cnn,random_search,1,1568,2024-06-05 15:00:00,0,0,0.3874410092830658
cnn,random_search,1,1569,2024-06-05 15:05:00,0,0,0.3483048379421234
cnn,random_search,1,1570,2024-06-05 15:05:00,0,0,0.335151731967926
cnn,random_search,1,1571,2024-06-05 15:10:00,0,0,0.2892017662525177
cnn,random_search,1,1572,2024-06-05 15:10:00,0,0,0.26980599761009216
cnn,random_search,1,1573,2024-06-05 15:15:00,0,0,0.2572494149208069
cnn,random_search,1,1574,2024-06-05 15:15:00,0,0,0.2710084915161133
cnn,random_search,1,1575,2024-06-05 15:20:00,0,0,0.30720871686935425
cnn,random_search,1,1576,2024-06-05 15:20:00,0,0,0.2893469035625458
cnn,random_search,1,1577,2024-06-05 15:25:00,0,0,0.2948961555957794
cnn,random_search,1,1578,2024-06-05 15:25:00,0,0,0.3131781220436096
cnn,random_search,1,1579,2024-06-05 15:30:00,0,0,0.333526074886322
cnn,random_search,1,1580,2024-06-05 15:30:00,0,0,0.32450801134109497
cnn,random_search,1,1581,2024-06-05 15:35:00,1,0,0.2767617404460907
cnn,random_search,1,1582,2024-06-05 15:35:00,0,0,0.3145633637905121
cnn,random_search,1,1583,2024-06-05 15:40:00,0,0,0.368327796459198
cnn,random_search,1,1584,2024-06-05 15:40:00,1,0,0.33777302503585815
cnn,random_search,1,1585,2024-06-05 15:45:00,1,0,0.40571799874305725
cnn,random_search,1,1586,2024-06-05 15:45:00,0,0,0.40764835476875305
cnn,random_search,1,1587,2024-06-05 15:50:00,1,0,0.4695529341697693
cnn,random_search,1,1588,2024-06-05 15:50:00,0,0,0.4977303445339203
cnn,random_search,1,1589,2024-06-05 15:55:00,1,1,0.5836367607116699
cnn,random_search,1,1590,2024-06-05 15:55:00,0,1,0.5592136979103088
cnn,random_search,1,1591,2024-06-05 16:00:00,0,1,0.620118260383606
cnn,random_search,1,1592,2024-06-05 16:00:00,1,1,0.7284951210021973
cnn,random_search,1,1593,2024-06-05 16:05:00,0,1,0.510204017162323
cnn,random_search,1,1594,2024-06-05 16:05:00,1,0,0.49326369166374207
cnn,random_search,1,1595,2024-06-05 16:10:00,1,0,0.40979546308517456
cnn,random_search,1,1596,2024-06-05 16:10:00,1,0,0.42976346611976624
cnn,random_search,1,1597,2024-06-05 16:15:00,1,0,0.4209579825401306
cnn,random_search,1,1598,2024-06-05 16:15:00,1,0,0.4061386287212372
cnn,random_search,1,1599,2024-06-05 16:20:00,1,0,0.4958938658237457
cnn,random_search,1,1600,2024-06-05 16:20:00,1,0,0.4776883125305176
cnn,random_search,1,1601,2024-06-05 16:25:00,1,1,0.5035073757171631
cnn,random_search,1,1602,2024-06-05 16:25:00,1,0,0.497069776058197
cnn,random_search,1,1603,2024-06-05 16:30:00,1,0,0.45025306940078735
cnn,random_search,1,1604,2024-06-05 16:30:00,1,0,0.4676881432533264
cnn,random_search,1,1605,2024-06-05 16:35:00,1,0,0.4969237744808197
cnn,random_search,1,1606,2024-06-05 16:35:00,1,1,0.5220577716827393
cnn,random_search,1,1607,2024-06-05 16:40:00,1,1,0.5392410159111023
cnn,random_search,1,1608,2024-06-05 16:40:00,1,1,0.5594826340675354
cnn,random_search,1,1609,2024-06-05 16:45:00,1,1,0.5098267197608948
cnn,random_search,1,1610,2024-06-05 16:45:00,1,0,0.49152156710624695
cnn,random_search,1,1611,2024-06-05 16:50:00,1,1,0.5516281127929688
cnn,random_search,1,1612,2024-06-05 16:50:00,1,1,0.552396297454834
cnn,random_search,1,1613,2024-06-05 16:55:00,0,1,0.5953821539878845
cnn,random_search,1,1614,2024-06-05 16:55:00,1,1,0.5844877362251282
cnn,random_search,1,1615,2024-06-05 17:00:00,1,1,0.584033191204071
cnn,random_search,1,1616,2024-06-05 17:00:00,0,1,0.6251578330993652
cnn,random_search,1,1617,2024-06-05 17:05:00,0,0,0.4836479723453522
cnn,random_search,1,1618,2024-06-05 17:05:00,0,0,0.49352383613586426
cnn,random_search,1,1619,2024-06-05 17:10:00,1,0,0.4228389859199524
cnn,random_search,1,1620,2024-06-05 17:10:00,1,0,0.437800794839859
cnn,random_search,1,1621,2024-06-05 17:15:00,1,1,0.5240718126296997
cnn,random_search,1,1622,2024-06-05 17:15:00,1,1,0.5226975679397583
cnn,random_search,1,1623,2024-06-05 17:20:00,1,1,0.555790364742279
cnn,random_search,1,1624,2024-06-05 17:20:00,1,1,0.5608317852020264
cnn,random_search,1,1625,2024-06-05 17:25:00,1,1,0.5782666802406311
cnn,random_search,1,1626,2024-06-05 17:30:00,1,1,0.580663800239563
cnn,random_search,1,1627,2024-06-05 17:30:00,1,1,0.6281086802482605
cnn,random_search,1,1628,2024-06-05 17:35:00,1,0,0.4840344786643982
cnn,random_search,1,1629,2024-06-05 17:35:00,1,0,0.4934106171131134
cnn,random_search,1,1630,2024-06-05 17:40:00,1,0,0.4607805609703064
cnn,random_search,1,1631,2024-06-05 17:40:00,1,0,0.3137936294078827
cnn,random_search,1,1632,2024-06-05 17:45:00,1,1,0.5230647325515747
cnn,random_search,1,1633,2024-06-05 17:45:00,1,1,0.5384594202041626
cnn,random_search,1,1634,2024-06-05 17:50:00,1,1,0.5170559287071228
cnn,random_search,1,1635,2024-06-05 17:50:00,1,1,0.5374026298522949
cnn,random_search,1,1636,2024-06-05 17:55:00,1,1,0.5087329149246216
cnn,random_search,1,1637,2024-06-05 17:55:00,1,1,0.5361022353172302
cnn,random_search,1,1638,2024-06-06 12:40:00,0,1,0.7597931027412415
cnn,random_search,1,1639,2024-06-06 12:40:00,0,1,0.7498748302459717
cnn,random_search,1,1640,2024-06-06 12:45:00,0,1,0.6703304052352905
cnn,random_search,1,1641,2024-06-06 12:45:00,0,1,0.6703248620033264
cnn,random_search,1,1642,2024-06-06 12:50:00,0,1,0.6476267576217651
cnn,random_search,1,1643,2024-06-06 12:50:00,0,1,0.6452887654304504
cnn,random_search,1,1644,2024-06-06 12:55:00,0,1,0.7629609107971191
cnn,random_search,1,1645,2024-06-06 12:55:00,0,1,0.6740797758102417
cnn,random_search,1,1646,2024-06-06 13:00:00,0,0,0.4240764081478119
cnn,random_search,1,1647,2024-06-06 13:00:00,0,0,0.4419853091239929
cnn,random_search,1,1648,2024-06-06 13:05:00,0,0,0.34041717648506165
cnn,random_search,1,1649,2024-06-06 13:05:00,0,0,0.30674055218696594
cnn,random_search,1,1650,2024-06-06 13:10:00,0,0,0.33633652329444885
cnn,random_search,1,1651,2024-06-06 13:10:00,0,0,0.35152703523635864
cnn,random_search,1,1652,2024-06-06 13:15:00,0,0,0.4114767909049988
cnn,random_search,1,1653,2024-06-06 13:15:00,0,0,0.40489867329597473
cnn,random_search,1,1654,2024-06-06 13:20:00,0,0,0.38946372270584106
cnn,random_search,1,1655,2024-06-06 13:20:00,0,0,0.4061344861984253
cnn,random_search,1,1656,2024-06-06 13:25:00,0,0,0.40778976678848267
cnn,random_search,1,1657,2024-06-06 13:25:00,0,0,0.4115963280200958
cnn,random_search,1,1658,2024-06-06 13:30:00,0,0,0.3719559907913208
cnn,random_search,1,1659,2024-06-06 13:30:00,0,0,0.3717228174209595
cnn,random_search,1,1660,2024-06-06 13:35:00,0,0,0.31944260001182556
cnn,random_search,1,1661,2024-06-06 13:35:00,0,0,0.3346080780029297
cnn,random_search,1,1662,2024-06-06 13:40:00,1,0,0.3111811876296997
cnn,random_search,1,1663,2024-06-06 13:40:00,0,0,0.307253897190094
cnn,random_search,1,1664,2024-06-06 13:45:00,1,0,0.3135872781276703
cnn,random_search,1,1665,2024-06-06 13:45:00,1,0,0.2896350920200348
cnn,random_search,1,1666,2024-06-06 13:50:00,1,0,0.38106971979141235
cnn,random_search,1,1667,2024-06-06 13:50:00,1,0,0.3748227655887604
cnn,random_search,1,1668,2024-06-06 13:55:00,1,0,0.4537193179130554
cnn,random_search,1,1669,2024-06-06 13:55:00,1,0,0.45164769887924194
cnn,random_search,1,1670,2024-06-06 14:00:00,1,1,0.5708445906639099
cnn,random_search,1,1671,2024-06-06 14:00:00,1,1,0.5795004367828369
cnn,random_search,1,1672,2024-06-06 14:05:00,1,1,0.5824682712554932
cnn,random_search,1,1673,2024-06-06 14:05:00,1,1,0.6269182562828064
cnn,random_search,1,1674,2024-06-06 14:10:00,1,1,0.6833916306495667
cnn,random_search,1,1675,2024-06-06 14:10:00,1,1,0.5644453167915344
cnn,random_search,1,1676,2024-06-06 14:15:00,1,1,0.5721416473388672
cnn,random_search,1,1677,2024-06-06 14:15:00,1,1,0.5880106687545776
cnn,random_search,1,1678,2024-06-06 14:20:00,1,1,0.6552924513816833
cnn,random_search,1,1679,2024-06-06 14:20:00,1,1,0.6599275469779968
cnn,random_search,1,1680,2024-06-06 14:25:00,1,1,0.6870437264442444
cnn,random_search,1,1681,2024-06-06 14:25:00,1,1,0.7012558579444885
cnn,random_search,1,1682,2024-06-06 14:30:00,1,1,0.7264344096183777
cnn,random_search,1,1683,2024-06-06 14:30:00,1,1,0.7062123417854309
cnn,random_search,1,1684,2024-06-06 14:35:00,1,1,0.7507584095001221
cnn,random_search,1,1685,2024-06-06 14:35:00,1,1,0.7530296444892883
cnn,random_search,1,1686,2024-06-06 14:40:00,1,1,0.6991931200027466
cnn,random_search,1,1687,2024-06-06 14:40:00,0,1,0.7356070876121521
cnn,random_search,1,1688,2024-06-06 14:45:00,0,1,0.5717812776565552
cnn,random_search,1,1689,2024-06-06 14:45:00,1,1,0.5470793843269348
cnn,random_search,1,1690,2024-06-06 14:50:00,0,0,0.4015490710735321
cnn,random_search,1,1691,2024-06-06 14:50:00,1,0,0.401516318321228
cnn,random_search,1,1692,2024-06-06 14:55:00,0,0,0.35017067193984985
cnn,random_search,1,1693,2024-06-06 14:55:00,1,0,0.3803854286670685
cnn,random_search,1,1694,2024-06-06 15:00:00,1,0,0.35942283272743225
cnn,random_search,1,1695,2024-06-06 15:00:00,0,0,0.34605973958969116
cnn,random_search,1,1696,2024-06-06 15:05:00,1,0,0.28479617834091187
cnn,random_search,1,1697,2024-06-06 15:05:00,1,0,0.3013547360897064
cnn,random_search,1,1698,2024-06-06 15:10:00,1,0,0.267200767993927
cnn,random_search,1,1699,2024-06-06 15:10:00,1,0,0.26019543409347534
cnn,random_search,1,1700,2024-06-06 15:15:00,1,0,0.40426427125930786
cnn,random_search,1,1701,2024-06-06 15:15:00,1,0,0.40839046239852905
cnn,random_search,1,1702,2024-06-06 15:20:00,1,0,0.49233120679855347
cnn,random_search,1,1703,2024-06-06 15:20:00,1,1,0.5033106803894043
cnn,random_search,1,1704,2024-06-06 15:25:00,1,1,0.5458441376686096
cnn,random_search,1,1705,2024-06-06 15:25:00,1,1,0.5353201031684875
cnn,random_search,1,1706,2024-06-06 15:30:00,1,1,0.5643155574798584
cnn,random_search,1,1707,2024-06-06 15:30:00,1,1,0.559764564037323
cnn,random_search,1,1708,2024-06-06 15:35:00,1,1,0.6226268410682678
cnn,random_search,1,1709,2024-06-06 15:35:00,1,1,0.5983373522758484
cnn,random_search,1,1710,2024-06-06 15:40:00,1,1,0.6228897571563721
cnn,random_search,1,1711,2024-06-06 15:40:00,1,1,0.6390026211738586
cnn,random_search,1,1712,2024-06-06 15:45:00,1,1,0.6718621850013733
cnn,random_search,1,1713,2024-06-06 15:45:00,1,1,0.7372292280197144
cnn,random_search,1,1714,2024-06-06 15:50:00,1,1,0.555480420589447
cnn,random_search,1,1715,2024-06-06 15:50:00,1,1,0.5437737107276917
cnn,random_search,1,1716,2024-06-06 15:55:00,1,0,0.4279074966907501
cnn,random_search,1,1717,2024-06-06 15:55:00,1,0,0.44591233134269714
cnn,random_search,1,1718,2024-06-06 16:00:00,1,0,0.3508003354072571
cnn,random_search,1,1719,2024-06-06 16:00:00,1,0,0.34944647550582886
cnn,random_search,1,1720,2024-06-06 16:05:00,1,0,0.3609129786491394
cnn,random_search,1,1721,2024-06-06 16:05:00,1,0,0.3489442467689514
cnn,random_search,1,1722,2024-06-06 16:10:00,1,0,0.3637470006942749
cnn,random_search,1,1723,2024-06-06 16:10:00,1,0,0.34800127148628235
cnn,random_search,1,1724,2024-06-06 16:15:00,1,0,0.3666037619113922
cnn,random_search,1,1725,2024-06-06 16:15:00,1,0,0.38279861211776733
cnn,random_search,1,1726,2024-06-06 16:20:00,1,0,0.32536786794662476
cnn,random_search,1,1727,2024-06-06 16:20:00,1,0,0.36416754126548767
cnn,random_search,1,1728,2024-06-06 16:25:00,1,0,0.3614805042743683
cnn,random_search,1,1729,2024-06-06 16:25:00,1,0,0.3762226700782776
cnn,random_search,1,1730,2024-06-06 16:30:00,1,0,0.3578248918056488
cnn,random_search,1,1731,2024-06-06 16:30:00,1,0,0.3637741804122925
cnn,random_search,1,1732,2024-06-06 16:35:00,1,0,0.41695618629455566
cnn,random_search,1,1733,2024-06-06 16:35:00,1,0,0.41857048869132996
cnn,random_search,1,1734,2024-06-06 16:40:00,1,1,0.5540419816970825
cnn,random_search,1,1735,2024-06-06 16:40:00,1,1,0.5644651651382446
cnn,random_search,1,1736,2024-06-06 16:45:00,1,1,0.6231004595756531
cnn,random_search,1,1737,2024-06-06 16:45:00,1,1,0.6197792291641235
cnn,random_search,1,1738,2024-06-06 16:50:00,1,1,0.6720592975616455
cnn,random_search,1,1739,2024-06-06 16:50:00,1,1,0.7044584155082703
cnn,random_search,1,1740,2024-06-06 16:55:00,0,1,0.7198178172111511
cnn,random_search,1,1741,2024-06-06 16:55:00,0,1,0.6922329664230347
cnn,random_search,1,1742,2024-06-06 17:00:00,0,1,0.7319287657737732
cnn,random_search,1,1743,2024-06-06 17:00:00,0,1,0.6526931524276733
cnn,random_search,1,1744,2024-06-06 17:05:00,0,1,0.6707099080085754
cnn,random_search,1,1745,2024-06-06 17:05:00,0,1,0.5692625641822815
cnn,random_search,1,1746,2024-06-06 17:10:00,0,1,0.5949074625968933
cnn,random_search,1,1747,2024-06-06 17:10:00,0,1,0.5614637136459351
cnn,random_search,1,1748,2024-06-06 17:15:00,0,1,0.623528778553009
cnn,random_search,1,1749,2024-06-06 17:15:00,0,1,0.5798550844192505
cnn,random_search,1,1750,2024-06-06 17:20:00,0,1,0.6096985340118408
cnn,random_search,1,1751,2024-06-06 17:20:00,0,1,0.5725641250610352
cnn,random_search,1,1752,2024-06-06 17:25:00,0,1,0.5282406806945801
cnn,random_search,1,1753,2024-06-06 17:25:00,0,1,0.5698956251144409
cnn,random_search,1,1754,2024-06-06 17:30:00,0,1,0.5589227080345154
cnn,random_search,1,1755,2024-06-06 17:30:00,0,1,0.5428664088249207
cnn,random_search,1,1756,2024-06-06 17:35:00,0,1,0.5876298546791077
cnn,random_search,1,1757,2024-06-06 17:35:00,0,1,0.5814052224159241
cnn,random_search,1,1758,2024-06-06 17:40:00,0,1,0.508942186832428
cnn,random_search,1,1759,2024-06-06 17:40:00,0,1,0.519411563873291
cnn,random_search,1,1760,2024-06-06 17:45:00,0,0,0.4820062220096588
cnn,random_search,1,1761,2024-06-06 17:45:00,0,1,0.5063444375991821
cnn,random_search,1,1762,2024-06-06 17:50:00,0,1,0.5476588010787964
cnn,random_search,1,1763,2024-06-06 17:50:00,0,1,0.5407918691635132
cnn,random_search,1,1764,2024-06-06 17:55:00,0,0,0.4973781108856201
cnn,random_search,1,1765,2024-06-06 17:55:00,1,1,0.509001612663269
cnn,random_search,1,1766,2024-06-07 17:10:00,1,0,0.41888993978500366
cnn,random_search,1,1767,2024-06-07 17:15:00,1,0,0.3348345160484314
cnn,random_search,1,1768,2024-06-07 17:20:00,1,1,0.5474990606307983
cnn,random_search,1,1769,2024-06-07 17:25:00,1,1,0.5420021414756775
cnn,random_search,1,1770,2024-06-07 17:30:00,1,1,0.5622767806053162
cnn,random_search,1,1771,2024-06-07 17:35:00,1,0,0.48648902773857117
cnn,random_search,1,1772,2024-06-07 17:40:00,1,0,0.42900606989860535
cnn,random_search,1,1773,2024-06-07 17:45:00,1,0,0.3649103045463562
cnn,random_search,1,1774,2024-06-07 17:50:00,1,0,0.4234333634376526
cnn,random_search,1,1775,2024-06-07 17:55:00,1,0,0.40902265906333923
cnn,random_search,1,1776,2024-06-10 10:40:00,1,1,0.7020757794380188
cnn,random_search,1,1777,2024-06-10 10:45:00,1,1,0.7284624576568604
cnn,random_search,1,1778,2024-06-10 10:50:00,1,1,0.7093520760536194
cnn,random_search,1,1779,2024-06-10 10:55:00,1,1,0.6334730386734009
cnn,random_search,1,1780,2024-06-10 11:00:00,1,1,0.5782687664031982
cnn,random_search,1,1781,2024-06-10 11:05:00,1,1,0.540701150894165
cnn,random_search,1,1782,2024-06-10 11:10:00,1,1,0.5640497803688049
cnn,random_search,1,1783,2024-06-10 11:15:00,1,1,0.6310602426528931
cnn,random_search,1,1784,2024-06-10 11:20:00,1,1,0.6647563576698303
cnn,random_search,1,1785,2024-06-10 11:25:00,1,1,0.6532018780708313
cnn,random_search,1,1786,2024-06-10 11:30:00,1,1,0.5803335309028625
cnn,random_search,1,1787,2024-06-10 11:35:00,1,1,0.5757250785827637
cnn,random_search,1,1788,2024-06-10 11:40:00,1,1,0.5951082110404968
cnn,random_search,1,1789,2024-06-10 11:45:00,1,1,0.6164281368255615
cnn,random_search,1,1790,2024-06-10 11:50:00,0,1,0.6399152278900146
cnn,random_search,1,1791,2024-06-10 11:50:00,0,1,0.6340790390968323
cnn,random_search,1,1792,2024-06-10 11:55:00,0,1,0.5318701267242432
cnn,random_search,1,1793,2024-06-10 11:55:00,0,1,0.5383286476135254
cnn,random_search,1,1794,2024-06-10 12:00:00,0,0,0.49295029044151306
cnn,random_search,1,1795,2024-06-10 12:00:00,0,0,0.49291253089904785
cnn,random_search,1,1796,2024-06-10 12:05:00,0,0,0.4484994411468506
cnn,random_search,1,1797,2024-06-10 12:05:00,0,0,0.4748561978340149
cnn,random_search,1,1798,2024-06-10 12:10:00,0,0,0.4042154550552368
cnn,random_search,1,1799,2024-06-10 12:10:00,0,0,0.39270463585853577
cnn,random_search,1,1800,2024-06-10 12:15:00,0,0,0.42386341094970703
cnn,random_search,1,1801,2024-06-10 12:15:00,0,0,0.42689356207847595
cnn,random_search,1,1802,2024-06-10 12:20:00,0,0,0.4327659606933594
cnn,random_search,1,1803,2024-06-10 12:20:00,0,0,0.4255448281764984
cnn,random_search,1,1804,2024-06-10 12:25:00,0,0,0.4090723693370819
cnn,random_search,1,1805,2024-06-10 12:25:00,0,0,0.40803274512290955
cnn,random_search,1,1806,2024-06-10 12:30:00,0,0,0.3762762248516083
cnn,random_search,1,1807,2024-06-10 12:30:00,0,0,0.37548694014549255
cnn,random_search,1,1808,2024-06-10 12:35:00,0,0,0.3988204300403595
cnn,random_search,1,1809,2024-06-10 12:35:00,0,0,0.3915190100669861
cnn,random_search,1,1810,2024-06-10 12:40:00,0,0,0.4488241672515869
cnn,random_search,1,1811,2024-06-10 12:40:00,0,0,0.44596514105796814
cnn,random_search,1,1812,2024-06-10 12:45:00,0,0,0.4490900933742523
cnn,random_search,1,1813,2024-06-10 12:45:00,0,0,0.4408540427684784
cnn,random_search,1,1814,2024-06-10 12:50:00,1,0,0.39717456698417664
cnn,random_search,1,1815,2024-06-10 12:50:00,0,0,0.39941728115081787
cnn,random_search,1,1816,2024-06-10 12:55:00,1,0,0.43498241901397705
cnn,random_search,1,1817,2024-06-10 12:55:00,0,0,0.42613503336906433
cnn,random_search,1,1818,2024-06-10 13:00:00,1,0,0.4786871671676636
cnn,random_search,1,1819,2024-06-10 13:00:00,0,0,0.4679083824157715
cnn,random_search,1,1820,2024-06-10 13:05:00,1,1,0.5268097519874573
cnn,random_search,1,1821,2024-06-10 13:05:00,0,1,0.5243423581123352
cnn,random_search,1,1822,2024-06-10 13:10:00,0,1,0.5870590806007385
cnn,random_search,1,1823,2024-06-10 13:10:00,0,1,0.5858309864997864
cnn,random_search,1,1824,2024-06-10 13:15:00,0,1,0.5633857250213623
cnn,random_search,1,1825,2024-06-10 13:15:00,0,1,0.5595080256462097
cnn,random_search,1,1826,2024-06-10 13:20:00,0,1,0.5244801044464111
cnn,random_search,1,1827,2024-06-10 13:20:00,0,1,0.5246992707252502
cnn,random_search,1,1828,2024-06-10 13:25:00,0,0,0.46362602710723877
cnn,random_search,1,1829,2024-06-10 13:25:00,0,0,0.47427070140838623
cnn,random_search,1,1830,2024-06-10 13:30:00,0,0,0.4125238060951233
cnn,random_search,1,1831,2024-06-10 13:30:00,0,0,0.4216751456260681
cnn,random_search,1,1832,2024-06-10 13:35:00,0,0,0.4377448558807373
cnn,random_search,1,1833,2024-06-10 13:35:00,0,0,0.44222918152809143
cnn,random_search,1,1834,2024-06-10 13:40:00,0,1,0.5058713555335999
cnn,random_search,1,1835,2024-06-10 13:40:00,0,1,0.503368079662323
cnn,random_search,1,1836,2024-06-10 13:45:00,0,0,0.4521823227405548
cnn,random_search,1,1837,2024-06-10 13:45:00,0,0,0.4533577859401703
cnn,random_search,1,1838,2024-06-10 13:50:00,0,0,0.47786954045295715
cnn,random_search,1,1839,2024-06-10 13:50:00,0,0,0.4759129285812378
cnn,random_search,1,1840,2024-06-10 13:55:00,0,0,0.4818361699581146
cnn,random_search,1,1841,2024-06-10 13:55:00,0,0,0.4874328374862671
cnn,random_search,1,1842,2024-06-10 14:00:00,0,1,0.5115826725959778
cnn,random_search,1,1843,2024-06-10 14:00:00,0,1,0.5082383155822754
cnn,random_search,1,1844,2024-06-10 14:05:00,0,1,0.5192059874534607
cnn,random_search,1,1845,2024-06-10 14:05:00,0,1,0.523259162902832
cnn,random_search,1,1846,2024-06-10 14:10:00,0,0,0.44530603289604187
cnn,random_search,1,1847,2024-06-10 14:10:00,0,0,0.44824856519699097
cnn,random_search,1,1848,2024-06-10 14:15:00,0,0,0.41273680329322815
cnn,random_search,1,1849,2024-06-10 14:15:00,0,0,0.4074943959712982
cnn,random_search,1,1850,2024-06-10 14:20:00,0,0,0.38726165890693665
cnn,random_search,1,1851,2024-06-10 14:20:00,0,0,0.38145291805267334
cnn,random_search,1,1852,2024-06-10 14:25:00,0,0,0.4091748893260956
cnn,random_search,1,1853,2024-06-10 14:25:00,0,0,0.416157990694046
cnn,random_search,1,1854,2024-06-10 14:30:00,0,0,0.4480023682117462
cnn,random_search,1,1855,2024-06-10 14:30:00,0,0,0.45438888669013977
cnn,random_search,1,1856,2024-06-10 14:35:00,0,0,0.47895535826683044
cnn,random_search,1,1857,2024-06-10 14:35:00,0,0,0.49128344655036926
cnn,random_search,1,1858,2024-06-10 14:40:00,0,0,0.4916791617870331
cnn,random_search,1,1859,2024-06-10 14:40:00,0,0,0.4953129291534424
cnn,random_search,1,1860,2024-06-10 14:45:00,0,1,0.5665826797485352
cnn,random_search,1,1861,2024-06-10 14:45:00,0,1,0.5654057860374451
cnn,random_search,1,1862,2024-06-10 14:50:00,0,1,0.5406370162963867
cnn,random_search,1,1863,2024-06-10 14:50:00,0,1,0.5515016317367554
cnn,random_search,1,1864,2024-06-10 14:55:00,0,0,0.42137664556503296
cnn,random_search,1,1865,2024-06-10 14:55:00,0,0,0.41957709193229675
cnn,random_search,1,1866,2024-06-10 15:00:00,0,0,0.32667282223701477
cnn,random_search,1,1867,2024-06-10 15:00:00,0,0,0.3268646001815796
cnn,random_search,1,1868,2024-06-10 15:05:00,0,0,0.3172357380390167
cnn,random_search,1,1869,2024-06-10 15:05:00,0,0,0.32728540897369385
cnn,random_search,1,1870,2024-06-10 15:10:00,0,0,0.325053870677948
cnn,random_search,1,1871,2024-06-10 15:10:00,0,0,0.331892728805542
cnn,random_search,1,1872,2024-06-10 15:15:00,0,0,0.36261188983917236
cnn,random_search,1,1873,2024-06-10 15:15:00,0,0,0.3674989640712738
cnn,random_search,1,1874,2024-06-10 15:20:00,1,0,0.3571399748325348
cnn,random_search,1,1875,2024-06-10 15:20:00,1,0,0.35124173760414124
cnn,random_search,1,1876,2024-06-10 15:25:00,1,0,0.3976811468601227
cnn,random_search,1,1877,2024-06-10 15:25:00,1,0,0.41105201840400696
cnn,random_search,1,1878,2024-06-10 15:30:00,1,0,0.4476374685764313
cnn,random_search,1,1879,2024-06-10 15:30:00,1,0,0.4523979425430298
cnn,random_search,1,1880,2024-06-10 15:35:00,1,1,0.6214661002159119
cnn,random_search,1,1881,2024-06-10 15:35:00,1,1,0.620668888092041
cnn,random_search,1,1882,2024-06-10 15:40:00,0,1,0.6768971681594849
cnn,random_search,1,1883,2024-06-10 15:40:00,0,1,0.6747292876243591
cnn,random_search,1,1884,2024-06-10 15:45:00,0,1,0.6507700681686401
cnn,random_search,1,1885,2024-06-10 15:45:00,0,1,0.6553435921669006
cnn,random_search,1,1886,2024-06-10 15:50:00,0,1,0.6373291611671448
cnn,random_search,1,1887,2024-06-10 15:50:00,0,1,0.6446974873542786
cnn,random_search,1,1888,2024-06-10 15:55:00,0,1,0.5779561996459961
cnn,random_search,1,1889,2024-06-10 15:55:00,0,1,0.5745911598205566
cnn,random_search,1,1890,2024-06-10 16:00:00,0,1,0.5737453699111938
cnn,random_search,1,1891,2024-06-10 16:00:00,0,1,0.5696545243263245
cnn,random_search,1,1892,2024-06-10 16:05:00,0,0,0.4558483958244324
cnn,random_search,1,1893,2024-06-10 16:05:00,0,0,0.45543742179870605
cnn,random_search,1,1894,2024-06-10 16:10:00,0,1,0.518103837966919
cnn,random_search,1,1895,2024-06-10 16:10:00,0,1,0.5176960825920105
cnn,random_search,1,1896,2024-06-10 16:15:00,0,1,0.5278159379959106
cnn,random_search,1,1897,2024-06-10 16:15:00,0,1,0.5285048484802246
cnn,random_search,1,1898,2024-06-10 16:20:00,0,1,0.5347322225570679
cnn,random_search,1,1899,2024-06-10 16:20:00,0,1,0.5386536121368408
cnn,random_search,1,1900,2024-06-10 16:25:00,0,0,0.49190589785575867
cnn,random_search,1,1901,2024-06-10 16:25:00,0,0,0.4773411452770233
cnn,random_search,1,1902,2024-06-10 16:30:00,0,0,0.39986884593963623
cnn,random_search,1,1903,2024-06-10 16:30:00,0,0,0.3959778845310211
cnn,random_search,1,1904,2024-06-10 16:35:00,0,0,0.39476555585861206
cnn,random_search,1,1905,2024-06-10 16:35:00,0,0,0.38230687379837036
cnn,random_search,1,1906,2024-06-10 16:40:00,0,0,0.48855793476104736
cnn,random_search,1,1907,2024-06-10 16:40:00,0,0,0.49306225776672363
cnn,random_search,1,1908,2024-06-10 16:45:00,0,0,0.44435828924179077
cnn,random_search,1,1909,2024-06-10 16:45:00,0,0,0.4533400535583496
cnn,random_search,1,1910,2024-06-10 16:50:00,0,0,0.4104243814945221
cnn,random_search,1,1911,2024-06-10 16:50:00,0,0,0.38445931673049927
cnn,random_search,1,1912,2024-06-10 16:55:00,0,0,0.4189877510070801
cnn,random_search,1,1913,2024-06-10 16:55:00,0,0,0.4056805968284607
cnn,random_search,1,1914,2024-06-10 17:00:00,0,0,0.44493740797042847
cnn,random_search,1,1915,2024-06-10 17:00:00,1,0,0.4403479993343353
cnn,random_search,1,1916,2024-06-10 17:05:00,1,0,0.43420782685279846
cnn,random_search,1,1917,2024-06-10 17:05:00,0,0,0.44411513209342957
cnn,random_search,1,1918,2024-06-10 17:10:00,1,0,0.48835769295692444
cnn,random_search,1,1919,2024-06-10 17:10:00,0,0,0.48316943645477295
cnn,random_search,1,1920,2024-06-10 17:15:00,1,0,0.473978191614151
cnn,random_search,1,1921,2024-06-10 17:15:00,1,0,0.46703240275382996
cnn,random_search,1,1922,2024-06-10 17:20:00,1,0,0.4649261236190796
cnn,random_search,1,1923,2024-06-10 17:20:00,1,0,0.464933842420578
cnn,random_search,1,1924,2024-06-10 17:25:00,1,1,0.5187093019485474
cnn,random_search,1,1925,2024-06-10 17:25:00,1,1,0.519837498664856
cnn,random_search,1,1926,2024-06-10 17:30:00,1,1,0.5828176736831665
cnn,random_search,1,1927,2024-06-10 17:30:00,1,1,0.5770145654678345
cnn,random_search,1,1928,2024-06-10 17:35:00,1,1,0.6178927421569824
cnn,random_search,1,1929,2024-06-10 17:35:00,1,1,0.6280971765518188
cnn,random_search,1,1930,2024-06-10 17:40:00,1,1,0.5915399789810181
cnn,random_search,1,1931,2024-06-10 17:40:00,1,1,0.5880555510520935
cnn,random_search,1,1932,2024-06-10 17:45:00,1,1,0.5891631841659546
cnn,random_search,1,1933,2024-06-10 17:45:00,1,1,0.5875377655029297
cnn,random_search,1,1934,2024-06-10 17:50:00,1,1,0.5351244211196899
cnn,random_search,1,1935,2024-06-10 17:50:00,1,1,0.5377220511436462
cnn,random_search,1,1936,2024-06-10 17:55:00,0,1,0.5415061116218567
cnn,random_search,1,1937,2024-06-10 17:55:00,0,1,0.540429413318634
cnn,random_search,1,1938,2024-06-12 10:40:00,0,0,0.26796403527259827
cnn,random_search,1,1939,2024-06-12 10:40:00,0,0,0.26739248633384705
cnn,random_search,1,1940,2024-06-12 10:45:00,0,0,0.27945083379745483
cnn,random_search,1,1941,2024-06-12 10:45:00,0,0,0.2818174362182617
cnn,random_search,1,1942,2024-06-12 10:50:00,0,0,0.2560189366340637
cnn,random_search,1,1943,2024-06-12 10:50:00,0,0,0.2588464617729187
cnn,random_search,1,1944,2024-06-12 10:55:00,0,0,0.28342384099960327
cnn,random_search,1,1945,2024-06-12 10:55:00,0,0,0.2833336889743805
cnn,random_search,1,1946,2024-06-12 11:00:00,1,0,0.24147772789001465
cnn,random_search,1,1947,2024-06-12 11:00:00,0,0,0.24235767126083374
cnn,random_search,1,1948,2024-06-12 11:05:00,0,0,0.25082144141197205
cnn,random_search,1,1949,2024-06-12 11:05:00,1,0,0.2505949139595032
cnn,random_search,1,1950,2024-06-12 11:10:00,1,0,0.2760993540287018
cnn,random_search,1,1951,2024-06-12 11:10:00,1,0,0.273699015378952
cnn,random_search,1,1952,2024-06-12 11:15:00,1,0,0.3296451270580292
cnn,random_search,1,1953,2024-06-12 11:15:00,1,0,0.32838761806488037
cnn,random_search,1,1954,2024-06-12 11:20:00,1,0,0.42200377583503723
cnn,random_search,1,1955,2024-06-12 11:20:00,1,0,0.4317702651023865
cnn,random_search,1,1956,2024-06-12 11:25:00,1,1,0.5115126967430115
cnn,random_search,1,1957,2024-06-12 11:25:00,1,1,0.5192084908485413
cnn,random_search,1,1958,2024-06-12 11:30:00,1,0,0.49425485730171204
cnn,random_search,1,1959,2024-06-12 11:30:00,1,1,0.5050981640815735
cnn,random_search,1,1960,2024-06-12 11:35:00,1,0,0.4388783872127533
cnn,random_search,1,1961,2024-06-12 11:35:00,1,0,0.45174965262413025
cnn,random_search,1,1962,2024-06-12 11:40:00,1,0,0.42391517758369446
cnn,random_search,1,1963,2024-06-12 11:40:00,1,0,0.43331700563430786
cnn,random_search,1,1964,2024-06-12 11:45:00,1,0,0.39346837997436523
cnn,random_search,1,1965,2024-06-12 11:45:00,1,0,0.4001125991344452
cnn,random_search,1,1966,2024-06-12 11:50:00,1,0,0.4107781648635864
cnn,random_search,1,1967,2024-06-12 11:50:00,1,0,0.41517090797424316
cnn,random_search,1,1968,2024-06-12 11:55:00,1,0,0.4159822463989258
cnn,random_search,1,1969,2024-06-12 11:55:00,1,0,0.40970897674560547
cnn,random_search,1,1970,2024-06-12 12:00:00,1,0,0.3758978843688965
cnn,random_search,1,1971,2024-06-12 12:00:00,1,0,0.3787889778614044
cnn,random_search,1,1972,2024-06-12 12:05:00,1,0,0.3504542112350464
cnn,random_search,1,1973,2024-06-12 12:05:00,1,0,0.3490203022956848
cnn,random_search,1,1974,2024-06-12 12:10:00,1,0,0.33062341809272766
cnn,random_search,1,1975,2024-06-12 12:10:00,1,0,0.3326548635959625
cnn,random_search,1,1976,2024-06-12 12:15:00,1,0,0.34636950492858887
cnn,random_search,1,1977,2024-06-12 12:15:00,1,0,0.3513391315937042
cnn,random_search,1,1978,2024-06-12 12:20:00,1,0,0.4641020894050598
cnn,random_search,1,1979,2024-06-12 12:20:00,1,0,0.463811457157135
cnn,random_search,1,1980,2024-06-12 12:25:00,1,1,0.5801211595535278
cnn,random_search,1,1981,2024-06-12 12:25:00,1,1,0.5981956124305725
cnn,random_search,1,1982,2024-06-12 12:30:00,1,1,0.5901433825492859
cnn,random_search,1,1983,2024-06-12 12:30:00,1,1,0.6109204292297363
cnn,random_search,1,1984,2024-06-12 12:35:00,1,1,0.5987372994422913
cnn,random_search,1,1985,2024-06-12 12:35:00,1,1,0.6072216033935547
cnn,random_search,1,1986,2024-06-12 12:40:00,1,1,0.6245698928833008
cnn,random_search,1,1987,2024-06-12 12:40:00,1,1,0.6365315914154053
cnn,random_search,1,1988,2024-06-12 12:45:00,1,1,0.618651270866394
cnn,random_search,1,1989,2024-06-12 12:45:00,1,1,0.6165581345558167
cnn,random_search,1,1990,2024-06-12 12:50:00,1,1,0.6186507940292358
cnn,random_search,1,1991,2024-06-12 12:50:00,1,1,0.622421383857727
cnn,random_search,1,1992,2024-06-12 12:55:00,1,1,0.6044074892997742
cnn,random_search,1,1993,2024-06-12 12:55:00,1,1,0.6175411343574524
cnn,random_search,1,1994,2024-06-12 13:00:00,1,1,0.5990204215049744
cnn,random_search,1,1995,2024-06-12 13:00:00,1,1,0.5908409357070923
cnn,random_search,1,1996,2024-06-12 13:05:00,1,0,0.49723175168037415
cnn,random_search,1,1997,2024-06-12 13:05:00,1,1,0.5110201239585876
cnn,random_search,1,1998,2024-06-12 13:10:00,1,0,0.42271897196769714
cnn,random_search,1,1999,2024-06-12 13:10:00,1,0,0.41102078557014465
cnn,random_search,1,2000,2024-06-12 13:15:00,1,0,0.4576455354690552
cnn,random_search,1,2001,2024-06-12 13:15:00,1,0,0.465623140335083
cnn,random_search,1,2002,2024-06-12 13:20:00,1,1,0.5329599976539612
cnn,random_search,1,2003,2024-06-12 13:20:00,1,1,0.5181474089622498
cnn,random_search,1,2004,2024-06-12 13:25:00,1,1,0.6032443046569824
cnn,random_search,1,2005,2024-06-12 13:25:00,1,1,0.597801148891449
cnn,random_search,1,2006,2024-06-12 13:30:00,1,1,0.6646699905395508
cnn,random_search,1,2007,2024-06-12 13:30:00,1,1,0.6674588322639465
cnn,random_search,1,2008,2024-06-12 13:35:00,1,1,0.6937808394432068
cnn,random_search,1,2009,2024-06-12 13:35:00,1,1,0.6900261640548706
cnn,random_search,1,2010,2024-06-12 13:40:00,1,1,0.7173897624015808
cnn,random_search,1,2011,2024-06-12 13:40:00,1,1,0.7138807773590088
cnn,random_search,1,2012,2024-06-12 13:45:00,1,1,0.6332783699035645
cnn,random_search,1,2013,2024-06-12 13:45:00,1,1,0.6515742540359497
cnn,random_search,1,2014,2024-06-12 13:50:00,0,1,0.6527876853942871
cnn,random_search,1,2015,2024-06-12 13:50:00,1,1,0.6620901226997375
cnn,random_search,1,2016,2024-06-12 13:55:00,1,1,0.5768421292304993
cnn,random_search,1,2017,2024-06-12 13:55:00,0,1,0.5824878811836243
cnn,random_search,1,2018,2024-06-12 14:00:00,0,0,0.4128744602203369
cnn,random_search,1,2019,2024-06-12 14:00:00,1,0,0.38614025712013245
cnn,random_search,1,2020,2024-06-12 14:05:00,0,0,0.3305204510688782
cnn,random_search,1,2021,2024-06-12 14:05:00,1,0,0.29209330677986145
cnn,random_search,1,2022,2024-06-12 14:10:00,0,0,0.36672288179397583
cnn,random_search,1,2023,2024-06-12 14:10:00,1,0,0.3220794200897217
cnn,random_search,1,2024,2024-06-12 14:15:00,1,0,0.3116026520729065
cnn,random_search,1,2025,2024-06-12 14:15:00,0,0,0.38269075751304626
cnn,random_search,1,2026,2024-06-12 14:20:00,1,0,0.46376416087150574
cnn,random_search,1,2027,2024-06-12 14:20:00,0,0,0.4855177104473114
cnn,random_search,1,2028,2024-06-12 14:25:00,1,0,0.4873128831386566
cnn,random_search,1,2029,2024-06-12 14:25:00,0,0,0.4862954318523407
cnn,random_search,1,2030,2024-06-12 14:30:00,0,1,0.5729203224182129
cnn,random_search,1,2031,2024-06-12 14:30:00,1,1,0.5722913146018982
cnn,random_search,1,2032,2024-06-12 14:35:00,0,1,0.6214574575424194
cnn,random_search,1,2033,2024-06-12 14:35:00,1,1,0.6283746361732483
cnn,random_search,1,2034,2024-06-12 14:40:00,1,1,0.6630716323852539
cnn,random_search,1,2035,2024-06-12 14:40:00,0,1,0.6354909539222717
cnn,random_search,1,2036,2024-06-12 14:45:00,0,1,0.6782874464988708
cnn,random_search,1,2037,2024-06-12 14:45:00,0,1,0.6433116793632507
cnn,random_search,1,2038,2024-06-12 14:50:00,0,1,0.5856476426124573
cnn,random_search,1,2039,2024-06-12 14:50:00,0,1,0.5907712578773499
cnn,random_search,1,2040,2024-06-12 14:55:00,0,1,0.5811819434165955
cnn,random_search,1,2041,2024-06-12 14:55:00,0,1,0.5636942386627197
cnn,random_search,1,2042,2024-06-12 15:00:00,0,0,0.3879815340042114
cnn,random_search,1,2043,2024-06-12 15:00:00,0,0,0.44859346747398376
cnn,random_search,1,2044,2024-06-12 15:05:00,0,0,0.42693620920181274
cnn,random_search,1,2045,2024-06-12 15:05:00,0,0,0.39588677883148193
cnn,random_search,1,2046,2024-06-12 15:10:00,0,0,0.34065860509872437
cnn,random_search,1,2047,2024-06-12 15:10:00,0,0,0.39745330810546875
cnn,random_search,1,2048,2024-06-12 15:15:00,0,0,0.46733972430229187
cnn,random_search,1,2049,2024-06-12 15:15:00,0,0,0.4348791241645813
cnn,random_search,1,2050,2024-06-12 15:20:00,0,0,0.4346884489059448
cnn,random_search,1,2051,2024-06-12 15:20:00,0,0,0.4773915708065033
cnn,random_search,1,2052,2024-06-12 15:25:00,0,0,0.47047531604766846
cnn,random_search,1,2053,2024-06-12 15:25:00,0,0,0.4941540062427521
cnn,random_search,1,2054,2024-06-12 15:30:00,0,0,0.4138815701007843
cnn,random_search,1,2055,2024-06-12 15:30:00,0,0,0.4837407171726227
cnn,random_search,1,2056,2024-06-12 15:35:00,0,0,0.3978814482688904
cnn,random_search,1,2057,2024-06-12 15:35:00,0,0,0.43926718831062317
cnn,random_search,1,2058,2024-06-12 15:40:00,0,0,0.38511064648628235
cnn,random_search,1,2059,2024-06-12 15:40:00,0,0,0.3068189322948456
cnn,random_search,1,2060,2024-06-12 15:45:00,1,0,0.30548882484436035
cnn,random_search,1,2061,2024-06-12 15:45:00,1,0,0.2687084674835205
cnn,random_search,1,2062,2024-06-12 15:50:00,1,0,0.28326287865638733
cnn,random_search,1,2063,2024-06-12 15:50:00,1,0,0.24711857736110687
cnn,random_search,1,2064,2024-06-12 15:55:00,1,0,0.29965317249298096
cnn,random_search,1,2065,2024-06-12 15:55:00,1,0,0.3518078923225403
cnn,random_search,1,2066,2024-06-12 16:00:00,1,0,0.3879668414592743
cnn,random_search,1,2067,2024-06-12 16:00:00,1,0,0.4157724380493164
cnn,random_search,1,2068,2024-06-12 16:05:00,1,0,0.40951722860336304
cnn,random_search,1,2069,2024-06-12 16:05:00,1,0,0.4452129602432251
cnn,random_search,1,2070,2024-06-12 16:10:00,1,1,0.5186313390731812
cnn,random_search,1,2071,2024-06-12 16:10:00,1,0,0.4883606433868408
cnn,random_search,1,2072,2024-06-12 16:15:00,0,1,0.6448712944984436
cnn,random_search,1,2073,2024-06-12 16:15:00,1,1,0.5535838603973389
cnn,random_search,1,2074,2024-06-12 16:20:00,1,1,0.5232551693916321
cnn,random_search,1,2075,2024-06-12 16:20:00,0,1,0.503809928894043
cnn,random_search,1,2076,2024-06-12 16:25:00,0,0,0.41517215967178345
cnn,random_search,1,2077,2024-06-12 16:25:00,1,0,0.48150143027305603
cnn,random_search,1,2078,2024-06-12 16:30:00,0,0,0.46174052357673645
cnn,random_search,1,2079,2024-06-12 16:30:00,1,0,0.4944002628326416
cnn,random_search,1,2080,2024-06-12 16:35:00,1,1,0.5304568409919739
cnn,random_search,1,2081,2024-06-12 16:35:00,0,1,0.5131837725639343
cnn,random_search,1,2082,2024-06-12 16:40:00,1,1,0.534497857093811
cnn,random_search,1,2083,2024-06-12 16:40:00,0,1,0.5189228057861328
cnn,random_search,1,2084,2024-06-12 16:45:00,0,1,0.5979169011116028
cnn,random_search,1,2085,2024-06-12 16:45:00,1,1,0.5736368894577026
cnn,random_search,1,2086,2024-06-12 16:50:00,0,1,0.6266842484474182
cnn,random_search,1,2087,2024-06-12 16:50:00,1,1,0.6306571960449219
cnn,random_search,1,2088,2024-06-12 16:55:00,0,1,0.6006949543952942
cnn,random_search,1,2089,2024-06-12 17:00:00,0,1,0.6084124445915222
cnn,random_search,1,2090,2024-06-12 17:05:00,0,1,0.5019487142562866
cnn,random_search,1,2091,2024-06-12 17:10:00,0,1,0.5133408904075623
cnn,random_search,1,2092,2024-06-12 17:15:00,0,0,0.47731366753578186
cnn,random_search,1,2093,2024-06-12 17:20:00,0,1,0.5128631591796875
cnn,random_search,1,2094,2024-06-12 17:25:00,0,0,0.45582324266433716
cnn,random_search,1,2095,2024-06-12 17:30:00,0,0,0.38929691910743713
cnn,random_search,1,2096,2024-06-12 17:35:00,0,0,0.326434850692749
cnn,random_search,1,2097,2024-06-12 17:40:00,0,0,0.2894148826599121
cnn,random_search,1,2098,2024-06-12 17:45:00,0,0,0.36147013306617737
cnn,random_search,1,2099,2024-06-12 17:50:00,0,0,0.3646526336669922
cnn,random_search,1,2100,2024-06-12 17:55:00,0,0,0.34857887029647827
cnn,random_search,1,2101,2024-06-13 12:10:00,1,0,0.3496664762496948
cnn,random_search,1,2102,2024-06-13 12:15:00,1,0,0.49578964710235596
cnn,random_search,1,2103,2024-06-13 12:20:00,1,1,0.6647055745124817
cnn,random_search,1,2104,2024-06-13 12:25:00,1,1,0.7365034818649292
cnn,random_search,1,2105,2024-06-13 12:30:00,1,1,0.7416281700134277
cnn,random_search,1,2106,2024-06-13 12:35:00,1,1,0.6885026097297668
cnn,random_search,1,2107,2024-06-13 12:40:00,1,1,0.655312180519104
cnn,random_search,1,2108,2024-06-13 12:45:00,1,1,0.6408862471580505
cnn,random_search,1,2109,2024-06-13 12:50:00,1,1,0.6540417671203613
cnn,random_search,1,2110,2024-06-13 12:55:00,1,1,0.6672345995903015
cnn,random_search,1,2111,2024-06-13 13:00:00,1,1,0.6484069228172302
cnn,random_search,1,2112,2024-06-13 13:05:00,1,1,0.6866692900657654
cnn,random_search,1,2113,2024-06-13 13:10:00,1,1,0.6592633128166199
cnn,random_search,1,2114,2024-06-13 13:15:00,1,1,0.5728313326835632
cnn,random_search,1,2115,2024-06-13 13:20:00,1,1,0.5449374318122864
cnn,random_search,1,2116,2024-06-13 13:25:00,1,0,0.44250088930130005
cnn,random_search,1,2117,2024-06-13 13:30:00,1,0,0.49695420265197754
cnn,random_search,1,2118,2024-06-13 13:35:00,1,0,0.4917241930961609
cnn,random_search,1,2119,2024-06-13 13:40:00,1,0,0.40311840176582336
cnn,random_search,1,2120,2024-06-13 13:45:00,1,0,0.4465716779232025
cnn,random_search,1,2121,2024-06-13 13:50:00,1,1,0.616452157497406
cnn,random_search,1,2122,2024-06-13 13:55:00,1,1,0.6479765176773071
cnn,random_search,1,2123,2024-06-13 14:00:00,1,1,0.6375519037246704
cnn,random_search,1,2124,2024-06-13 14:05:00,1,1,0.6379101872444153
cnn,random_search,1,2125,2024-06-13 14:10:00,0,1,0.644018828868866
cnn,random_search,1,2126,2024-06-13 14:15:00,0,1,0.5482105612754822
cnn,random_search,1,2127,2024-06-13 14:20:00,0,1,0.5078909397125244
cnn,random_search,1,2128,2024-06-13 14:25:00,0,0,0.4334985613822937
cnn,random_search,1,2129,2024-06-13 14:30:00,0,0,0.35629886388778687
cnn,random_search,1,2130,2024-06-13 14:35:00,0,0,0.37577107548713684
cnn,random_search,1,2131,2024-06-13 14:40:00,0,0,0.43948331475257874
cnn,random_search,1,2132,2024-06-13 14:45:00,0,0,0.41264641284942627
cnn,random_search,1,2133,2024-06-13 14:50:00,0,0,0.43030259013175964
cnn,random_search,1,2134,2024-06-13 14:55:00,0,1,0.5064665675163269
cnn,random_search,1,2135,2024-06-13 15:00:00,0,1,0.5439228415489197
cnn,random_search,1,2136,2024-06-13 15:05:00,0,1,0.6024988889694214
cnn,random_search,1,2137,2024-06-13 15:10:00,0,1,0.5522734522819519
cnn,random_search,1,2138,2024-06-13 15:15:00,0,0,0.46155789494514465
cnn,random_search,1,2139,2024-06-13 15:20:00,0,0,0.47600287199020386
cnn,random_search,1,2140,2024-06-13 15:25:00,0,1,0.5009788870811462
cnn,random_search,1,2141,2024-06-13 15:30:00,0,1,0.5380961298942566
cnn,random_search,1,2142,2024-06-13 15:35:00,0,0,0.47417664527893066
cnn,random_search,1,2143,2024-06-13 15:40:00,0,1,0.5587490200996399
cnn,random_search,1,2144,2024-06-13 15:45:00,0,1,0.6428966522216797
cnn,random_search,1,2145,2024-06-13 15:50:00,0,1,0.5837903022766113
cnn,random_search,1,2146,2024-06-13 15:55:00,0,1,0.5748621821403503
cnn,random_search,1,2147,2024-06-13 16:00:00,0,1,0.5440558195114136
cnn,random_search,1,2148,2024-06-13 16:05:00,0,1,0.5134724974632263
cnn,random_search,1,2149,2024-06-13 16:10:00,0,0,0.45420801639556885
cnn,random_search,1,2150,2024-06-13 16:15:00,0,0,0.462147980928421
cnn,random_search,1,2151,2024-06-13 16:20:00,0,1,0.509895920753479
cnn,random_search,1,2152,2024-06-13 16:25:00,0,0,0.49162590503692627
cnn,random_search,1,2153,2024-06-13 16:30:00,0,0,0.39549633860588074
cnn,random_search,1,2154,2024-06-13 16:35:00,0,0,0.45492249727249146
cnn,random_search,1,2155,2024-06-13 16:40:00,0,0,0.4552193284034729
cnn,random_search,1,2156,2024-06-13 16:45:00,0,0,0.41188523173332214
cnn,random_search,1,2157,2024-06-13 16:50:00,0,0,0.4312223494052887
cnn,random_search,1,2158,2024-06-13 16:55:00,0,0,0.38499730825424194
cnn,random_search,1,2159,2024-06-13 17:00:00,0,0,0.337660014629364
cnn,random_search,1,2160,2024-06-13 17:05:00,0,0,0.27885305881500244
cnn,random_search,1,2161,2024-06-13 17:10:00,0,0,0.24874109029769897
cnn,random_search,1,2162,2024-06-13 17:15:00,0,0,0.2867562472820282
cnn,random_search,1,2163,2024-06-13 17:20:00,0,0,0.3037756681442261
cnn,random_search,1,2164,2024-06-13 17:25:00,0,0,0.33666354417800903
cnn,random_search,1,2165,2024-06-13 17:30:00,0,0,0.38677313923835754
cnn,random_search,1,2166,2024-06-13 17:35:00,0,0,0.3352334797382355
cnn,random_search,1,2167,2024-06-13 17:40:00,0,0,0.3995334208011627
cnn,random_search,1,2168,2024-06-13 17:45:00,0,0,0.4815228283405304
cnn,random_search,1,2169,2024-06-13 17:50:00,0,0,0.4832696318626404
cnn,random_search,1,2170,2024-06-13 17:55:00,0,0,0.469652384519577
cnn,random_search,1,2171,2024-06-14 11:05:00,1,0,0.3751237094402313
cnn,random_search,1,2172,2024-06-14 11:10:00,1,0,0.4100385904312134
cnn,random_search,1,2173,2024-06-14 11:15:00,1,0,0.4754866063594818
cnn,random_search,1,2174,2024-06-14 11:20:00,1,1,0.6023035645484924
cnn,random_search,1,2175,2024-06-14 11:25:00,1,1,0.6783581376075745
cnn,random_search,1,2176,2024-06-14 11:30:00,1,1,0.6227321624755859
cnn,random_search,1,2177,2024-06-14 11:35:00,1,1,0.5848047137260437
cnn,random_search,1,2178,2024-06-14 11:40:00,1,1,0.5698382258415222
cnn,random_search,1,2179,2024-06-14 11:45:00,1,1,0.5630793571472168
cnn,random_search,1,2180,2024-06-14 11:50:00,1,1,0.6927112936973572
cnn,random_search,1,2181,2024-06-14 11:55:00,1,1,0.7451433539390564
cnn,random_search,1,2182,2024-06-14 12:00:00,1,1,0.7579511404037476
cnn,random_search,1,2183,2024-06-14 12:05:00,0,1,0.7704825401306152
cnn,random_search,1,2184,2024-06-14 12:10:00,0,1,0.7774209380149841
cnn,random_search,1,2185,2024-06-14 12:15:00,0,1,0.794946551322937
cnn,random_search,1,2186,2024-06-14 12:20:00,0,1,0.8059733510017395
cnn,random_search,1,2187,2024-06-14 12:25:00,0,1,0.7017549872398376
cnn,random_search,1,2188,2024-06-14 12:30:00,0,1,0.602724552154541
cnn,random_search,1,2189,2024-06-14 12:35:00,0,1,0.5248397588729858
cnn,random_search,1,2190,2024-06-14 12:40:00,0,0,0.39003923535346985
cnn,random_search,1,2191,2024-06-14 12:45:00,0,0,0.30448347330093384
cnn,random_search,1,2192,2024-06-14 12:50:00,0,0,0.3872544467449188
cnn,random_search,1,2193,2024-06-14 12:55:00,0,0,0.48194047808647156
cnn,random_search,1,2194,2024-06-14 13:00:00,0,1,0.5389884114265442
cnn,random_search,1,2195,2024-06-14 13:05:00,0,1,0.5276623368263245
cnn,random_search,1,2196,2024-06-14 13:10:00,0,1,0.5591559410095215
cnn,random_search,1,2197,2024-06-14 13:15:00,0,1,0.5159147381782532
cnn,random_search,1,2198,2024-06-14 13:20:00,0,0,0.4855453670024872
cnn,random_search,1,2199,2024-06-14 13:25:00,0,0,0.41748371720314026
cnn,random_search,1,2200,2024-06-14 13:30:00,0,0,0.38364240527153015
cnn,random_search,1,2201,2024-06-14 13:35:00,0,0,0.409867525100708
cnn,random_search,1,2202,2024-06-14 13:40:00,0,1,0.5408474206924438
cnn,random_search,1,2203,2024-06-14 13:45:00,0,1,0.5135295987129211
cnn,random_search,1,2204,2024-06-14 13:50:00,0,0,0.43649762868881226
cnn,random_search,1,2205,2024-06-14 13:55:00,0,0,0.3950926661491394
cnn,random_search,1,2206,2024-06-14 14:00:00,0,0,0.3886168897151947
cnn,random_search,1,2207,2024-06-14 14:05:00,0,0,0.4279623329639435
cnn,random_search,1,2208,2024-06-14 14:10:00,0,1,0.5296001434326172
cnn,random_search,1,2209,2024-06-14 14:15:00,0,0,0.448504775762558
cnn,random_search,1,2210,2024-06-14 14:20:00,0,0,0.3394361436367035
cnn,random_search,1,2211,2024-06-14 14:25:00,0,0,0.3164714276790619
cnn,random_search,1,2212,2024-06-14 14:30:00,0,0,0.3825462758541107
cnn,random_search,1,2213,2024-06-14 14:35:00,0,0,0.35268348455429077
cnn,random_search,1,2214,2024-06-14 14:40:00,0,0,0.3055229187011719
cnn,random_search,1,2215,2024-06-14 14:45:00,0,0,0.29316481947898865
cnn,random_search,1,2216,2024-06-14 14:50:00,0,0,0.2800244390964508
cnn,random_search,1,2217,2024-06-14 14:55:00,0,0,0.3169187605381012
cnn,random_search,1,2218,2024-06-14 15:00:00,0,0,0.32778164744377136
cnn,random_search,1,2219,2024-06-14 15:05:00,1,0,0.3393741548061371
cnn,random_search,1,2220,2024-06-14 15:10:00,1,0,0.3701935410499573
cnn,random_search,1,2221,2024-06-14 15:15:00,1,1,0.5465604066848755
cnn,random_search,1,2222,2024-06-14 15:20:00,1,1,0.5756789445877075
cnn,random_search,1,2223,2024-06-14 15:25:00,1,1,0.618128776550293
cnn,random_search,1,2224,2024-06-14 15:30:00,1,1,0.6484577655792236
cnn,random_search,1,2225,2024-06-14 15:35:00,1,1,0.681110680103302
cnn,random_search,1,2226,2024-06-14 15:40:00,1,1,0.6102261543273926
cnn,random_search,1,2227,2024-06-14 15:45:00,1,1,0.6819695234298706
cnn,random_search,1,2228,2024-06-14 15:50:00,1,1,0.6711755394935608
cnn,random_search,1,2229,2024-06-14 15:55:00,1,1,0.615128219127655
cnn,random_search,1,2230,2024-06-14 16:00:00,1,1,0.5973941087722778
cnn,random_search,1,2231,2024-06-14 16:05:00,0,1,0.6353030204772949
cnn,random_search,1,2232,2024-06-14 16:10:00,0,1,0.5882208943367004
cnn,random_search,1,2233,2024-06-14 16:15:00,0,1,0.5718026757240295
cnn,random_search,1,2234,2024-06-14 16:20:00,0,1,0.5374479293823242
cnn,random_search,1,2235,2024-06-14 16:25:00,0,1,0.5617333650588989
cnn,random_search,1,2236,2024-06-14 16:30:00,0,1,0.5309450030326843
cnn,random_search,1,2237,2024-06-14 16:35:00,0,1,0.5040680170059204
cnn,random_search,1,2238,2024-06-14 16:40:00,0,0,0.4401869773864746
cnn,random_search,1,2239,2024-06-14 16:45:00,0,0,0.4871913194656372
cnn,random_search,1,2240,2024-06-14 16:50:00,0,1,0.5415812134742737
cnn,random_search,1,2241,2024-06-14 16:55:00,0,1,0.5625703930854797
cnn,random_search,1,2242,2024-06-14 17:00:00,0,1,0.5594599843025208
cnn,random_search,1,2243,2024-06-14 17:05:00,0,0,0.47994399070739746
cnn,random_search,1,2244,2024-06-14 17:10:00,0,0,0.44526171684265137
cnn,random_search,1,2245,2024-06-14 17:15:00,0,0,0.4176326096057892
cnn,random_search,1,2246,2024-06-14 17:20:00,0,0,0.41831138730049133
cnn,random_search,1,2247,2024-06-14 17:25:00,0,0,0.48413941264152527
cnn,random_search,1,2248,2024-06-14 17:30:00,0,1,0.5123159885406494
cnn,random_search,1,2249,2024-06-14 17:35:00,0,1,0.5515173673629761
cnn,random_search,1,2250,2024-06-14 17:40:00,0,1,0.5467185974121094
cnn,random_search,1,2251,2024-06-14 17:45:00,0,1,0.5654082298278809
cnn,random_search,1,2252,2024-06-14 17:50:00,0,1,0.550581157207489
cnn,random_search,1,2253,2024-06-14 17:55:00,1,1,0.59530109167099
cnn,random_search,1,2254,2024-06-18 10:40:00,1,1,0.7353900074958801
cnn,random_search,1,2255,2024-06-18 10:45:00,1,1,0.7643247246742249
cnn,random_search,1,2256,2024-06-18 10:50:00,1,1,0.7757251262664795
cnn,random_search,1,2257,2024-06-18 10:55:00,0,1,0.7551910281181335
cnn,random_search,1,2258,2024-06-18 11:00:00,0,1,0.7345592379570007
cnn,random_search,1,2259,2024-06-18 11:05:00,0,1,0.6699365377426147
cnn,random_search,1,2260,2024-06-18 11:10:00,0,0,0.46422499418258667
cnn,random_search,1,2261,2024-06-18 11:15:00,0,0,0.37974509596824646
cnn,random_search,1,2262,2024-06-18 11:20:00,1,0,0.3284173309803009
cnn,random_search,1,2263,2024-06-18 11:25:00,1,0,0.4239952266216278
cnn,random_search,1,2264,2024-06-18 11:30:00,1,0,0.458877831697464
cnn,random_search,1,2265,2024-06-18 11:35:00,1,1,0.5974687933921814
cnn,random_search,1,2266,2024-06-18 11:40:00,1,1,0.5785587430000305
cnn,random_search,1,2267,2024-06-18 11:45:00,1,0,0.4947168529033661
cnn,random_search,1,2268,2024-06-18 11:50:00,1,0,0.4275892376899719
cnn,random_search,1,2269,2024-06-18 11:55:00,1,0,0.48571428656578064
cnn,random_search,1,2270,2024-06-18 12:00:00,1,0,0.4313086271286011
cnn,random_search,1,2271,2024-06-18 12:05:00,1,0,0.4029290974140167
cnn,random_search,1,2272,2024-06-18 12:10:00,1,0,0.40262606739997864
cnn,random_search,1,2273,2024-06-18 12:15:00,1,1,0.5579606294631958
cnn,random_search,1,2274,2024-06-18 12:20:00,1,1,0.5717114806175232
cnn,random_search,1,2275,2024-06-18 12:25:00,1,1,0.5760936737060547
cnn,random_search,1,2276,2024-06-18 12:30:00,1,1,0.5959587693214417
cnn,random_search,1,2277,2024-06-18 12:35:00,1,1,0.6222041845321655
cnn,random_search,1,2278,2024-06-18 12:40:00,1,1,0.5670484900474548
cnn,random_search,1,2279,2024-06-18 12:45:00,1,1,0.530977725982666
cnn,random_search,1,2280,2024-06-18 12:50:00,1,0,0.4742618501186371
cnn,random_search,1,2281,2024-06-18 12:55:00,1,0,0.39900335669517517
cnn,random_search,1,2282,2024-06-18 13:00:00,1,0,0.46404314041137695
cnn,random_search,1,2283,2024-06-18 13:05:00,1,1,0.5390618443489075
cnn,random_search,1,2284,2024-06-18 13:10:00,1,1,0.5354303121566772
cnn,random_search,1,2285,2024-06-18 13:15:00,1,0,0.4712546467781067
cnn,random_search,1,2286,2024-06-18 13:20:00,1,0,0.4732237160205841
cnn,random_search,1,2287,2024-06-18 13:25:00,1,0,0.43171876668930054
cnn,random_search,1,2288,2024-06-18 13:30:00,1,0,0.4099631905555725
cnn,random_search,1,2289,2024-06-18 13:35:00,1,0,0.4920095205307007
cnn,random_search,1,2290,2024-06-18 13:40:00,1,1,0.5269551277160645
cnn,random_search,1,2291,2024-06-18 13:45:00,1,1,0.5588859915733337
cnn,random_search,1,2292,2024-06-18 13:50:00,1,1,0.6064338684082031
cnn,random_search,1,2293,2024-06-18 13:55:00,1,1,0.6360177993774414
cnn,random_search,1,2294,2024-06-18 14:00:00,1,1,0.629084587097168
cnn,random_search,1,2295,2024-06-18 14:05:00,1,1,0.6453299522399902
cnn,random_search,1,2296,2024-06-18 14:10:00,1,1,0.5573307871818542
cnn,random_search,1,2297,2024-06-18 14:15:00,1,1,0.6122362017631531
cnn,random_search,1,2298,2024-06-18 14:20:00,1,1,0.6595613360404968
cnn,random_search,1,2299,2024-06-18 14:25:00,1,1,0.6575435400009155
cnn,random_search,1,2300,2024-06-18 14:30:00,1,1,0.6143004298210144
cnn,random_search,1,2301,2024-06-18 14:35:00,1,1,0.6084798574447632
cnn,random_search,1,2302,2024-06-18 14:40:00,1,1,0.6057835221290588
cnn,random_search,1,2303,2024-06-18 14:45:00,1,1,0.5556351542472839
cnn,random_search,1,2304,2024-06-18 14:50:00,1,0,0.4605904221534729
cnn,random_search,1,2305,2024-06-18 14:55:00,1,0,0.38421958684921265
cnn,random_search,1,2306,2024-06-18 15:00:00,1,0,0.3780209422111511
cnn,random_search,1,2307,2024-06-18 15:05:00,1,0,0.4290373921394348
cnn,random_search,1,2308,2024-06-18 15:10:00,1,0,0.4212157130241394
cnn,random_search,1,2309,2024-06-18 15:15:00,1,0,0.3693353533744812
cnn,random_search,1,2310,2024-06-18 15:20:00,1,0,0.3887493908405304
cnn,random_search,1,2311,2024-06-18 15:25:00,1,0,0.46811503171920776
cnn,random_search,1,2312,2024-06-18 15:30:00,0,1,0.5704644322395325
cnn,random_search,1,2313,2024-06-18 15:35:00,0,0,0.4758336842060089
cnn,random_search,1,2314,2024-06-18 15:40:00,0,0,0.38606616854667664
cnn,random_search,1,2315,2024-06-18 15:45:00,0,0,0.32530486583709717
cnn,random_search,1,2316,2024-06-18 15:50:00,0,0,0.36652451753616333
cnn,random_search,1,2317,2024-06-18 15:55:00,0,0,0.3623596429824829
cnn,random_search,1,2318,2024-06-18 16:00:00,0,0,0.31391215324401855
cnn,random_search,1,2319,2024-06-18 16:05:00,1,0,0.2598765790462494
cnn,random_search,1,2320,2024-06-18 16:10:00,1,0,0.26647090911865234
cnn,random_search,1,2321,2024-06-18 16:15:00,1,0,0.3013156056404114
cnn,random_search,1,2322,2024-06-18 16:20:00,1,0,0.35399335622787476
cnn,random_search,1,2323,2024-06-18 16:25:00,1,0,0.4186469316482544
cnn,random_search,1,2324,2024-06-18 16:30:00,1,1,0.5037614703178406
cnn,random_search,1,2325,2024-06-18 16:35:00,1,1,0.562496542930603
cnn,random_search,1,2326,2024-06-18 16:40:00,1,1,0.6141679883003235
cnn,random_search,1,2327,2024-06-18 16:45:00,1,1,0.5974452495574951
cnn,random_search,1,2328,2024-06-18 16:50:00,1,1,0.6037418842315674
cnn,random_search,1,2329,2024-06-18 16:55:00,0,1,0.6137585043907166
cnn,random_search,1,2330,2024-06-18 17:00:00,0,1,0.6351601481437683
cnn,random_search,1,2331,2024-06-18 17:05:00,0,1,0.5476053953170776
cnn,random_search,1,2332,2024-06-18 17:10:00,0,1,0.5143701434135437
cnn,random_search,1,2333,2024-06-18 17:15:00,0,1,0.5088217854499817
cnn,random_search,1,2334,2024-06-18 17:20:00,0,1,0.5493645071983337
cnn,random_search,1,2335,2024-06-18 17:25:00,0,1,0.6009116172790527
cnn,random_search,1,2336,2024-06-18 17:30:00,0,1,0.5584893822669983
cnn,random_search,1,2337,2024-06-18 17:35:00,0,1,0.5152507424354553
cnn,random_search,1,2338,2024-06-18 17:40:00,0,1,0.568766176700592
cnn,random_search,1,2339,2024-06-18 17:45:00,0,1,0.619995653629303
cnn,random_search,1,2340,2024-06-18 17:50:00,0,1,0.6581788659095764
cnn,random_search,1,2341,2024-06-18 17:55:00,0,1,0.620665967464447
cnn,random_search,1,2342,2024-06-19 10:55:00,1,0,0.3407621383666992
cnn,random_search,1,2343,2024-06-19 11:00:00,1,1,0.5143123269081116
cnn,random_search,1,2344,2024-06-19 11:05:00,1,1,0.5053636431694031
cnn,random_search,1,2345,2024-06-19 11:10:00,1,0,0.4408252239227295
cnn,random_search,1,2346,2024-06-19 11:15:00,1,0,0.42925265431404114
cnn,random_search,1,2347,2024-06-19 11:20:00,1,0,0.4521390497684479
cnn,random_search,1,2348,2024-06-19 11:25:00,1,1,0.5308939814567566
cnn,random_search,1,2349,2024-06-19 11:30:00,1,1,0.5560996532440186
cnn,random_search,1,2350,2024-06-19 11:35:00,1,1,0.6002815365791321
cnn,random_search,1,2351,2024-06-19 11:40:00,1,1,0.6388477683067322
cnn,random_search,1,2352,2024-06-19 11:45:00,1,1,0.5645360946655273
cnn,random_search,1,2353,2024-06-19 11:50:00,1,1,0.5424038767814636
cnn,random_search,1,2354,2024-06-19 11:55:00,1,1,0.5319098234176636
cnn,random_search,1,2355,2024-06-19 12:00:00,1,1,0.5224428772926331
cnn,random_search,1,2356,2024-06-19 12:05:00,1,0,0.49341920018196106
cnn,random_search,1,2357,2024-06-19 12:10:00,1,0,0.4765530526638031
cnn,random_search,1,2358,2024-06-19 12:15:00,1,0,0.46751758456230164
cnn,random_search,1,2359,2024-06-19 12:20:00,1,0,0.4511592984199524
cnn,random_search,1,2360,2024-06-19 12:25:00,1,1,0.5019962191581726
cnn,random_search,1,2361,2024-06-19 12:30:00,1,1,0.5690287351608276
cnn,random_search,1,2362,2024-06-19 12:35:00,1,1,0.5931791663169861
cnn,random_search,1,2363,2024-06-19 12:40:00,1,1,0.622793972492218
cnn,random_search,1,2364,2024-06-19 12:45:00,1,1,0.6998835206031799
cnn,random_search,1,2365,2024-06-19 12:50:00,1,1,0.7181286811828613
cnn,random_search,1,2366,2024-06-19 12:55:00,1,1,0.703644871711731
cnn,random_search,1,2367,2024-06-19 13:00:00,1,1,0.6860076189041138
cnn,random_search,1,2368,2024-06-19 13:05:00,1,1,0.6443084478378296
cnn,random_search,1,2369,2024-06-19 13:10:00,1,1,0.6700994372367859
cnn,random_search,1,2370,2024-06-19 13:15:00,1,1,0.5971419811248779
cnn,random_search,1,2371,2024-06-19 13:20:00,1,1,0.5410818457603455
cnn,random_search,1,2372,2024-06-19 13:25:00,1,1,0.5596675276756287
cnn,random_search,1,2373,2024-06-19 13:30:00,1,1,0.6160554885864258
cnn,random_search,1,2374,2024-06-19 13:35:00,1,1,0.6379485726356506
cnn,random_search,1,2375,2024-06-19 13:40:00,1,1,0.6333128213882446
cnn,random_search,1,2376,2024-06-19 13:45:00,1,1,0.6523069739341736
cnn,random_search,1,2377,2024-06-19 13:50:00,1,1,0.6461145877838135
cnn,random_search,1,2378,2024-06-19 13:55:00,1,1,0.6241981983184814
cnn,random_search,1,2379,2024-06-19 14:00:00,1,1,0.5652676224708557
cnn,random_search,1,2380,2024-06-19 14:05:00,0,1,0.6078945398330688
cnn,random_search,1,2381,2024-06-19 14:10:00,0,1,0.539866030216217
cnn,random_search,1,2382,2024-06-19 14:15:00,0,0,0.48248130083084106
cnn,random_search,1,2383,2024-06-19 14:20:00,0,1,0.5062494874000549
cnn,random_search,1,2384,2024-06-19 14:25:00,0,0,0.41485464572906494
cnn,random_search,1,2385,2024-06-19 14:30:00,1,0,0.37203699350357056
cnn,random_search,1,2386,2024-06-19 14:35:00,1,0,0.37613847851753235
cnn,random_search,1,2387,2024-06-19 14:40:00,1,0,0.4466365575790405
cnn,random_search,1,2388,2024-06-19 14:45:00,1,0,0.49203169345855713
cnn,random_search,1,2389,2024-06-19 14:50:00,1,1,0.5577859878540039
cnn,random_search,1,2390,2024-06-19 14:55:00,1,1,0.5714682936668396
cnn,random_search,1,2391,2024-06-19 15:00:00,1,1,0.5820480585098267
cnn,random_search,1,2392,2024-06-19 15:05:00,1,1,0.6116623878479004
cnn,random_search,1,2393,2024-06-19 15:10:00,1,1,0.5876250863075256
cnn,random_search,1,2394,2024-06-19 15:15:00,1,1,0.591477632522583
cnn,random_search,1,2395,2024-06-19 15:20:00,1,1,0.6017111539840698
cnn,random_search,1,2396,2024-06-19 15:25:00,1,1,0.5775352120399475
cnn,random_search,1,2397,2024-06-19 15:30:00,1,1,0.5511459708213806
cnn,random_search,1,2398,2024-06-19 15:35:00,1,0,0.4909023344516754
cnn,random_search,1,2399,2024-06-19 15:40:00,1,1,0.5743627548217773
cnn,random_search,1,2400,2024-06-19 15:45:00,1,1,0.6687606573104858
cnn,random_search,1,2401,2024-06-19 15:50:00,1,1,0.7147582173347473
cnn,random_search,1,2402,2024-06-19 15:55:00,1,1,0.7363483309745789
cnn,random_search,1,2403,2024-06-19 16:00:00,1,1,0.7094169855117798
cnn,random_search,1,2404,2024-06-19 16:05:00,1,1,0.6432874202728271
cnn,random_search,1,2405,2024-06-19 16:10:00,1,1,0.5966043472290039
cnn,random_search,1,2406,2024-06-19 16:15:00,1,1,0.566277265548706
cnn,random_search,1,2407,2024-06-19 16:20:00,1,1,0.6131964921951294
cnn,random_search,1,2408,2024-06-19 16:25:00,1,1,0.6769518852233887
cnn,random_search,1,2409,2024-06-19 16:30:00,1,1,0.6567531824111938
cnn,random_search,1,2410,2024-06-19 16:35:00,1,1,0.6845381259918213
cnn,random_search,1,2411,2024-06-19 16:40:00,1,1,0.742364227771759
cnn,random_search,1,2412,2024-06-19 16:45:00,1,1,0.732468843460083
cnn,random_search,1,2413,2024-06-19 16:50:00,1,1,0.7293371558189392
cnn,random_search,1,2414,2024-06-19 16:55:00,1,1,0.6147956848144531
cnn,random_search,1,2415,2024-06-19 17:00:00,1,1,0.5602380633354187
cnn,random_search,1,2416,2024-06-19 17:05:00,1,1,0.5224636197090149
cnn,random_search,1,2417,2024-06-19 17:10:00,1,0,0.4549832344055176
cnn,random_search,1,2418,2024-06-19 17:15:00,1,0,0.48767632246017456
cnn,random_search,1,2419,2024-06-19 17:20:00,1,1,0.54644376039505
cnn,random_search,1,2420,2024-06-19 17:25:00,1,1,0.5833135843276978
cnn,random_search,1,2421,2024-06-19 17:30:00,1,1,0.5493327379226685
cnn,random_search,1,2422,2024-06-19 17:35:00,1,1,0.5678924322128296
cnn,random_search,1,2423,2024-06-19 17:40:00,1,1,0.6077426075935364
cnn,random_search,1,2424,2024-06-19 17:45:00,1,1,0.5956992506980896
cnn,random_search,1,2425,2024-06-19 17:50:00,1,1,0.5456369519233704
cnn,random_search,1,2426,2024-06-19 17:55:00,1,1,0.5526546835899353
cnn,random_search,1,2427,2024-06-20 10:50:00,0,1,0.7674285769462585
cnn,random_search,1,2428,2024-06-20 10:55:00,0,1,0.7105457782745361
cnn,random_search,1,2429,2024-06-20 11:00:00,0,1,0.6684601902961731
cnn,random_search,1,2430,2024-06-20 11:05:00,0,1,0.5443979501724243
cnn,random_search,1,2431,2024-06-20 11:10:00,0,1,0.5418017506599426
cnn,random_search,1,2432,2024-06-20 11:15:00,0,1,0.5993397235870361
cnn,random_search,1,2433,2024-06-20 11:20:00,0,1,0.5830575227737427
cnn,random_search,1,2434,2024-06-20 11:25:00,0,1,0.5231540203094482
cnn,random_search,1,2435,2024-06-20 11:30:00,0,0,0.4001961052417755
cnn,random_search,1,2436,2024-06-20 11:35:00,0,0,0.3129599988460541
cnn,random_search,1,2437,2024-06-20 11:40:00,0,0,0.2728096842765808
cnn,random_search,1,2438,2024-06-20 11:45:00,0,0,0.27772030234336853
cnn,random_search,1,2439,2024-06-20 11:50:00,0,0,0.2306692898273468
cnn,random_search,1,2440,2024-06-20 11:55:00,0,0,0.25202807784080505
cnn,random_search,1,2441,2024-06-20 12:00:00,0,0,0.2690894305706024
cnn,random_search,1,2442,2024-06-20 12:05:00,0,0,0.24931007623672485
cnn,random_search,1,2443,2024-06-20 12:10:00,0,0,0.27408304810523987
cnn,random_search,1,2444,2024-06-20 12:15:00,0,0,0.2972458600997925
cnn,random_search,1,2445,2024-06-20 12:20:00,0,0,0.32342082262039185
cnn,random_search,1,2446,2024-06-20 12:25:00,0,0,0.3376138508319855
cnn,random_search,1,2447,2024-06-20 12:30:00,0,0,0.3389385938644409
cnn,random_search,1,2448,2024-06-20 12:35:00,0,0,0.3250297009944916
cnn,random_search,1,2449,2024-06-20 12:40:00,0,0,0.335672527551651
cnn,random_search,1,2450,2024-06-20 12:45:00,0,0,0.4593377113342285
cnn,random_search,1,2451,2024-06-20 12:50:00,0,0,0.4399445354938507
cnn,random_search,1,2452,2024-06-20 12:55:00,0,0,0.39677974581718445
cnn,random_search,1,2453,2024-06-20 13:00:00,0,0,0.3829360902309418
cnn,random_search,1,2454,2024-06-20 13:05:00,0,0,0.32284289598464966
cnn,random_search,1,2455,2024-06-20 13:10:00,0,0,0.3325827717781067
cnn,random_search,1,2456,2024-06-20 13:15:00,0,0,0.3837232291698456
cnn,random_search,1,2457,2024-06-20 13:20:00,0,0,0.38211730122566223
cnn,random_search,1,2458,2024-06-20 13:25:00,0,0,0.3328664302825928
cnn,random_search,1,2459,2024-06-20 13:30:00,0,0,0.3155278265476227
cnn,random_search,1,2460,2024-06-20 13:35:00,1,0,0.3336813449859619
cnn,random_search,1,2461,2024-06-20 13:40:00,1,0,0.3611266016960144
cnn,random_search,1,2462,2024-06-20 13:45:00,1,0,0.49649935960769653
cnn,random_search,1,2463,2024-06-20 13:50:00,1,1,0.5141558051109314
cnn,random_search,1,2464,2024-06-20 13:55:00,1,1,0.5199435949325562
cnn,random_search,1,2465,2024-06-20 14:00:00,1,1,0.5179696679115295
cnn,random_search,1,2466,2024-06-20 14:05:00,1,1,0.5514848232269287
cnn,random_search,1,2467,2024-06-20 14:10:00,1,1,0.6411502361297607
cnn,random_search,1,2468,2024-06-20 14:15:00,1,1,0.6737977266311646
cnn,random_search,1,2469,2024-06-20 14:20:00,1,1,0.6462948322296143
cnn,random_search,1,2470,2024-06-20 14:25:00,1,1,0.6025864481925964
cnn,random_search,1,2471,2024-06-20 14:30:00,1,0,0.49241670966148376
cnn,random_search,1,2472,2024-06-20 14:35:00,1,0,0.39915066957473755
cnn,random_search,1,2473,2024-06-20 14:40:00,1,0,0.40994781255722046
cnn,random_search,1,2474,2024-06-20 14:45:00,1,0,0.45801571011543274
cnn,random_search,1,2475,2024-06-20 14:50:00,1,0,0.4795507788658142
cnn,random_search,1,2476,2024-06-20 14:55:00,1,1,0.5564039945602417
cnn,random_search,1,2477,2024-06-20 15:00:00,1,1,0.5943133234977722
cnn,random_search,1,2478,2024-06-20 15:05:00,1,1,0.6223611235618591
cnn,random_search,1,2479,2024-06-20 15:10:00,1,1,0.6150709986686707
cnn,random_search,1,2480,2024-06-20 15:15:00,1,1,0.6289844512939453
cnn,random_search,1,2481,2024-06-20 15:20:00,1,1,0.6653369069099426
cnn,random_search,1,2482,2024-06-20 15:25:00,1,1,0.6520168781280518
cnn,random_search,1,2483,2024-06-20 15:30:00,1,1,0.5650919675827026
cnn,random_search,1,2484,2024-06-20 15:35:00,1,1,0.5674636363983154
cnn,random_search,1,2485,2024-06-20 15:40:00,1,1,0.6282870173454285
cnn,random_search,1,2486,2024-06-20 15:45:00,1,1,0.6731030941009521
cnn,random_search,1,2487,2024-06-20 15:50:00,0,1,0.6943405270576477
cnn,random_search,1,2488,2024-06-20 15:55:00,0,1,0.713379442691803
cnn,random_search,1,2489,2024-06-20 16:00:00,0,1,0.6620358824729919
cnn,random_search,1,2490,2024-06-20 16:05:00,0,1,0.5939686298370361
cnn,random_search,1,2491,2024-06-20 16:10:00,0,0,0.46263453364372253
cnn,random_search,1,2492,2024-06-20 16:15:00,0,0,0.3296631872653961
cnn,random_search,1,2493,2024-06-20 16:20:00,0,0,0.26513782143592834
cnn,random_search,1,2494,2024-06-20 16:25:00,0,0,0.29668936133384705
cnn,random_search,1,2495,2024-06-20 16:30:00,0,0,0.3353458344936371
cnn,random_search,1,2496,2024-06-20 16:35:00,0,0,0.3495732247829437
cnn,random_search,1,2497,2024-06-20 16:40:00,0,0,0.4191075265407562
cnn,random_search,1,2498,2024-06-20 16:45:00,0,0,0.47805848717689514
cnn,random_search,1,2499,2024-06-20 16:50:00,0,0,0.4953530728816986
cnn,random_search,1,2500,2024-06-20 16:55:00,0,1,0.5152508616447449
cnn,random_search,1,2501,2024-06-20 17:00:00,0,0,0.4763847589492798
cnn,random_search,1,2502,2024-06-20 17:05:00,0,0,0.434121698141098
cnn,random_search,1,2503,2024-06-20 17:10:00,0,0,0.49802201986312866
cnn,random_search,1,2504,2024-06-20 17:15:00,0,1,0.5514403581619263
cnn,random_search,1,2505,2024-06-20 17:20:00,0,1,0.5131856799125671
cnn,random_search,1,2506,2024-06-20 17:25:00,0,0,0.46738484501838684
cnn,random_search,1,2507,2024-06-20 17:30:00,0,0,0.4619949162006378
cnn,random_search,1,2508,2024-06-20 17:35:00,0,0,0.4886026084423065
cnn,random_search,1,2509,2024-06-20 17:40:00,0,1,0.5026056170463562
cnn,random_search,1,2510,2024-06-20 17:45:00,0,0,0.48773857951164246
cnn,random_search,1,2511,2024-06-20 17:50:00,0,0,0.4892982840538025
cnn,random_search,1,2512,2024-06-20 17:55:00,1,0,0.47988682985305786
cnn,random_search,1,2513,2024-06-21 10:40:00,1,1,0.7104175090789795
cnn,random_search,1,2514,2024-06-21 10:45:00,1,1,0.7200130820274353
cnn,random_search,1,2515,2024-06-21 10:50:00,1,1,0.7552327513694763
cnn,random_search,1,2516,2024-06-21 10:55:00,1,1,0.7856735587120056
cnn,random_search,1,2517,2024-06-21 11:00:00,1,1,0.7438149452209473
cnn,random_search,1,2518,2024-06-21 11:05:00,1,1,0.7532745003700256
cnn,random_search,1,2519,2024-06-21 11:10:00,1,1,0.6792486310005188
cnn,random_search,1,2520,2024-06-21 11:15:00,1,1,0.6797154545783997
cnn,random_search,1,2521,2024-06-21 11:20:00,1,1,0.6614639163017273
cnn,random_search,1,2522,2024-06-21 11:25:00,0,1,0.6814470887184143
cnn,random_search,1,2523,2024-06-21 11:30:00,0,1,0.6525263786315918
cnn,random_search,1,2524,2024-06-21 11:35:00,0,1,0.6274189352989197
cnn,random_search,1,2525,2024-06-21 11:40:00,0,1,0.560901939868927
cnn,random_search,1,2526,2024-06-21 11:45:00,0,0,0.4470725953578949
cnn,random_search,1,2527,2024-06-21 11:50:00,0,1,0.5313423871994019
cnn,random_search,1,2528,2024-06-21 11:55:00,0,0,0.4981502890586853
cnn,random_search,1,2529,2024-06-21 12:00:00,0,1,0.5325701236724854
cnn,random_search,1,2530,2024-06-21 12:05:00,0,1,0.5408257246017456
cnn,random_search,1,2531,2024-06-21 12:10:00,0,1,0.5744118094444275
cnn,random_search,1,2532,2024-06-21 12:15:00,1,0,0.34666797518730164
cnn,random_search,1,2533,2024-06-21 12:20:00,1,0,0.33283185958862305
cnn,random_search,1,2534,2024-06-21 12:25:00,1,0,0.3114984333515167
cnn,random_search,1,2535,2024-06-21 12:30:00,1,0,0.2952876091003418
cnn,random_search,1,2536,2024-06-21 12:35:00,1,0,0.372450590133667
cnn,random_search,1,2537,2024-06-21 12:40:00,1,0,0.36770471930503845
cnn,random_search,1,2538,2024-06-21 12:45:00,1,0,0.4826180338859558
cnn,random_search,1,2539,2024-06-21 12:50:00,1,0,0.46867722272872925
cnn,random_search,1,2540,2024-06-21 12:55:00,1,0,0.4533669054508209
cnn,random_search,1,2541,2024-06-21 13:00:00,1,0,0.4515054225921631
cnn,random_search,1,2542,2024-06-21 13:05:00,1,0,0.48392659425735474
cnn,random_search,1,2543,2024-06-21 13:10:00,1,1,0.518408477306366
cnn,random_search,1,2544,2024-06-21 13:15:00,1,1,0.5620171427726746
cnn,random_search,1,2545,2024-06-21 13:20:00,1,1,0.5958950519561768
cnn,random_search,1,2546,2024-06-21 13:25:00,1,1,0.6361193060874939
cnn,random_search,1,2547,2024-06-21 13:30:00,1,1,0.6382052302360535
cnn,random_search,1,2548,2024-06-21 13:35:00,1,1,0.5839637517929077
cnn,random_search,1,2549,2024-06-21 13:40:00,1,1,0.6222748756408691
cnn,random_search,1,2550,2024-06-21 13:45:00,1,1,0.6165362596511841
cnn,random_search,1,2551,2024-06-21 13:50:00,0,1,0.6357445120811462
cnn,random_search,1,2552,2024-06-21 13:55:00,0,1,0.618334949016571
cnn,random_search,1,2553,2024-06-21 14:00:00,0,1,0.5958185195922852
cnn,random_search,1,2554,2024-06-21 14:05:00,0,1,0.5739771127700806
cnn,random_search,1,2555,2024-06-21 14:10:00,0,1,0.5561240315437317
cnn,random_search,1,2556,2024-06-21 14:15:00,0,1,0.5690901875495911
cnn,random_search,1,2557,2024-06-21 14:20:00,0,1,0.527459979057312
cnn,random_search,1,2558,2024-06-21 14:25:00,0,0,0.4924812316894531
cnn,random_search,1,2559,2024-06-21 14:30:00,0,0,0.4364570379257202
cnn,random_search,1,2560,2024-06-21 14:35:00,0,0,0.40329480171203613
cnn,random_search,1,2561,2024-06-21 14:40:00,0,0,0.410111665725708
cnn,random_search,1,2562,2024-06-21 14:45:00,0,0,0.3910229802131653
cnn,random_search,1,2563,2024-06-21 14:50:00,0,0,0.45074257254600525
cnn,random_search,1,2564,2024-06-21 14:55:00,0,0,0.442335307598114
cnn,random_search,1,2565,2024-06-21 15:00:00,1,0,0.37459006905555725
cnn,random_search,1,2566,2024-06-21 15:05:00,1,0,0.43825677037239075
cnn,random_search,1,2567,2024-06-21 15:10:00,1,0,0.48107805848121643
cnn,random_search,1,2568,2024-06-21 15:15:00,1,1,0.5301213264465332
cnn,random_search,1,2569,2024-06-21 15:20:00,1,1,0.5887629389762878
cnn,random_search,1,2570,2024-06-21 15:25:00,1,1,0.6169556379318237
cnn,random_search,1,2571,2024-06-21 15:30:00,1,1,0.6493720412254333
cnn,random_search,1,2572,2024-06-21 15:35:00,1,1,0.6752302050590515
cnn,random_search,1,2573,2024-06-21 15:40:00,1,1,0.6299338936805725
cnn,random_search,1,2574,2024-06-21 15:45:00,1,1,0.6064642667770386
cnn,random_search,1,2575,2024-06-21 15:50:00,1,1,0.6182731986045837
cnn,random_search,1,2576,2024-06-21 15:55:00,1,1,0.623447835445404
cnn,random_search,1,2577,2024-06-21 16:00:00,1,1,0.6416957974433899
cnn,random_search,1,2578,2024-06-21 16:05:00,1,1,0.6384171843528748
cnn,random_search,1,2579,2024-06-21 16:10:00,1,1,0.6229097843170166
cnn,random_search,1,2580,2024-06-21 16:15:00,1,1,0.6281642317771912
cnn,random_search,1,2581,2024-06-21 16:20:00,1,1,0.6048378944396973
cnn,random_search,1,2582,2024-06-21 16:25:00,1,1,0.6225212216377258
cnn,random_search,1,2583,2024-06-21 16:30:00,1,1,0.6226284503936768
cnn,random_search,1,2584,2024-06-21 16:35:00,1,1,0.6568040251731873
cnn,random_search,1,2585,2024-06-21 16:40:00,1,1,0.5593583583831787
cnn,random_search,1,2586,2024-06-21 16:45:00,1,0,0.48403382301330566
cnn,random_search,1,2587,2024-06-21 16:50:00,1,1,0.5220915079116821
cnn,random_search,1,2588,2024-06-21 16:55:00,1,1,0.5465719699859619
cnn,random_search,1,2589,2024-06-21 17:00:00,1,0,0.4851747155189514
cnn,random_search,1,2590,2024-06-21 17:05:00,1,0,0.44543877243995667
cnn,random_search,1,2591,2024-06-21 17:10:00,1,0,0.44288310408592224
cnn,random_search,1,2592,2024-06-21 17:15:00,1,1,0.530475914478302
cnn,random_search,1,2593,2024-06-21 17:20:00,1,1,0.5198778510093689
cnn,random_search,1,2594,2024-06-21 17:25:00,1,0,0.480812668800354
cnn,random_search,1,2595,2024-06-21 17:30:00,1,1,0.5152614116668701
cnn,random_search,1,2596,2024-06-21 17:35:00,1,1,0.528540849685669
cnn,random_search,1,2597,2024-06-21 17:40:00,1,1,0.5450706481933594
cnn,random_search,1,2598,2024-06-21 17:45:00,1,1,0.5123943090438843
cnn,random_search,1,2599,2024-06-21 17:50:00,1,1,0.5470825433731079
cnn,random_search,1,2600,2024-06-21 17:55:00,1,1,0.5741104483604431
cnn,random_search,1,2601,2024-06-24 10:50:00,0,1,0.7615132927894592
cnn,random_search,1,2602,2024-06-24 10:55:00,0,1,0.7380593419075012
cnn,random_search,1,2603,2024-06-24 11:00:00,0,1,0.6476565599441528
cnn,random_search,1,2604,2024-06-24 11:05:00,0,1,0.609713613986969
cnn,random_search,1,2605,2024-06-24 11:10:00,0,1,0.6397668123245239
cnn,random_search,1,2606,2024-06-24 11:15:00,0,1,0.5892713069915771
cnn,random_search,1,2607,2024-06-24 11:20:00,0,1,0.5720984935760498
cnn,random_search,1,2608,2024-06-24 11:25:00,0,1,0.5359360575675964
cnn,random_search,1,2609,2024-06-24 11:30:00,0,0,0.44014227390289307
cnn,random_search,1,2610,2024-06-24 11:35:00,0,0,0.47232675552368164
cnn,random_search,1,2611,2024-06-24 11:40:00,0,1,0.5008663535118103
cnn,random_search,1,2612,2024-06-24 11:45:00,0,0,0.44269582629203796
cnn,random_search,1,2613,2024-06-24 11:50:00,0,0,0.47496211528778076
cnn,random_search,1,2614,2024-06-24 11:55:00,0,1,0.511003315448761
cnn,random_search,1,2615,2024-06-24 12:00:00,0,1,0.5178582072257996
cnn,random_search,1,2616,2024-06-24 12:05:00,0,1,0.5155608654022217
cnn,random_search,1,2617,2024-06-24 12:10:00,0,0,0.43645602464675903
cnn,random_search,1,2618,2024-06-24 12:15:00,0,0,0.40102970600128174
cnn,random_search,1,2619,2024-06-24 12:20:00,0,0,0.37065762281417847
cnn,random_search,1,2620,2024-06-24 12:25:00,0,0,0.374985009431839
cnn,random_search,1,2621,2024-06-24 12:30:00,0,0,0.34962305426597595
cnn,random_search,1,2622,2024-06-24 12:35:00,0,0,0.36842358112335205
cnn,random_search,1,2623,2024-06-24 12:40:00,0,0,0.42706894874572754
cnn,random_search,1,2624,2024-06-24 12:45:00,1,0,0.4143047034740448
cnn,random_search,1,2625,2024-06-24 12:50:00,1,0,0.4536462128162384
cnn,random_search,1,2626,2024-06-24 12:55:00,1,1,0.5274304747581482
cnn,random_search,1,2627,2024-06-24 13:00:00,1,0,0.47844168543815613
cnn,random_search,1,2628,2024-06-24 13:05:00,1,1,0.5049812197685242
cnn,random_search,1,2629,2024-06-24 13:10:00,1,1,0.582974374294281
cnn,random_search,1,2630,2024-06-24 13:15:00,1,1,0.6071515083312988
cnn,random_search,1,2631,2024-06-24 13:20:00,1,1,0.6347289085388184
cnn,random_search,1,2632,2024-06-24 13:25:00,1,1,0.6225045323371887
cnn,random_search,1,2633,2024-06-24 13:30:00,1,1,0.5622090101242065
cnn,random_search,1,2634,2024-06-24 13:35:00,1,1,0.535554826259613
cnn,random_search,1,2635,2024-06-24 13:40:00,1,1,0.5018239617347717
cnn,random_search,1,2636,2024-06-24 13:45:00,1,1,0.5115469098091125
cnn,random_search,1,2637,2024-06-24 13:50:00,1,0,0.469705194234848
cnn,random_search,1,2638,2024-06-24 13:55:00,1,0,0.4994465410709381
cnn,random_search,1,2639,2024-06-24 14:00:00,1,1,0.5320318341255188
cnn,random_search,1,2640,2024-06-24 14:05:00,1,0,0.4810340106487274
cnn,random_search,1,2641,2024-06-24 14:10:00,1,0,0.4174661338329315
cnn,random_search,1,2642,2024-06-24 14:15:00,1,0,0.41530469059944153
cnn,random_search,1,2643,2024-06-24 14:20:00,1,0,0.46266788244247437
cnn,random_search,1,2644,2024-06-24 14:25:00,1,1,0.5541740655899048
cnn,random_search,1,2645,2024-06-24 14:30:00,1,1,0.5704604983329773
cnn,random_search,1,2646,2024-06-24 14:35:00,0,1,0.6090438961982727
cnn,random_search,1,2647,2024-06-24 14:40:00,0,1,0.5700793266296387
cnn,random_search,1,2648,2024-06-24 14:45:00,0,1,0.5111021995544434
cnn,random_search,1,2649,2024-06-24 14:50:00,0,0,0.4508662223815918
cnn,random_search,1,2650,2024-06-24 14:55:00,0,0,0.4979833960533142
cnn,random_search,1,2651,2024-06-24 15:00:00,0,1,0.5025348663330078
cnn,random_search,1,2652,2024-06-24 15:05:00,0,1,0.5462000370025635
cnn,random_search,1,2653,2024-06-24 15:10:00,0,1,0.5504047274589539
cnn,random_search,1,2654,2024-06-24 15:15:00,0,1,0.5157486796379089
cnn,random_search,1,2655,2024-06-24 15:20:00,0,0,0.4942817687988281
cnn,random_search,1,2656,2024-06-24 15:25:00,0,0,0.45047181844711304
cnn,random_search,1,2657,2024-06-24 15:30:00,1,0,0.38408371806144714
cnn,random_search,1,2658,2024-06-24 15:35:00,1,0,0.4169308543205261
cnn,random_search,1,2659,2024-06-24 15:40:00,1,0,0.48963552713394165
cnn,random_search,1,2660,2024-06-24 15:45:00,1,1,0.5739690661430359
cnn,random_search,1,2661,2024-06-24 15:50:00,1,0,0.48097047209739685
cnn,random_search,1,2662,2024-06-24 15:55:00,1,0,0.44069889187812805
cnn,random_search,1,2663,2024-06-24 16:00:00,1,0,0.44041240215301514
cnn,random_search,1,2664,2024-06-24 16:05:00,1,0,0.45710209012031555
cnn,random_search,1,2665,2024-06-24 16:10:00,1,0,0.47757789492607117
cnn,random_search,1,2666,2024-06-24 16:15:00,1,0,0.4976245164871216
cnn,random_search,1,2667,2024-06-24 16:20:00,1,1,0.5579589605331421
cnn,random_search,1,2668,2024-06-24 16:25:00,1,0,0.4922599792480469
cnn,random_search,1,2669,2024-06-24 16:30:00,1,1,0.5486884117126465
cnn,random_search,1,2670,2024-06-24 16:35:00,1,1,0.6096475720405579
cnn,random_search,1,2671,2024-06-24 16:40:00,1,1,0.6213935613632202
cnn,random_search,1,2672,2024-06-24 16:45:00,1,1,0.6384074687957764
cnn,random_search,1,2673,2024-06-24 16:50:00,1,1,0.6321991682052612
cnn,random_search,1,2674,2024-06-24 16:55:00,1,1,0.5410424470901489
cnn,random_search,1,2675,2024-06-24 17:00:00,1,1,0.5175594091415405
cnn,random_search,1,2676,2024-06-24 17:05:00,1,0,0.49801865220069885
cnn,random_search,1,2677,2024-06-24 17:10:00,1,0,0.4471542239189148
cnn,random_search,1,2678,2024-06-24 17:15:00,0,1,0.5080086588859558
cnn,random_search,1,2679,2024-06-24 17:20:00,0,1,0.5112949013710022
cnn,random_search,1,2680,2024-06-24 17:25:00,0,0,0.49266523122787476
cnn,random_search,1,2681,2024-06-24 17:30:00,0,1,0.527021050453186
cnn,random_search,1,2682,2024-06-24 17:35:00,0,1,0.5669816136360168
cnn,random_search,1,2683,2024-06-24 17:40:00,0,1,0.6023397445678711
cnn,random_search,1,2684,2024-06-24 17:45:00,0,1,0.5674988031387329
cnn,random_search,1,2685,2024-06-24 17:50:00,0,1,0.5988718867301941
cnn,random_search,1,2686,2024-06-24 17:55:00,0,1,0.5683448910713196
cnn,random_search,1,2687,2024-06-25 12:35:00,1,0,0.3124617636203766
cnn,random_search,1,2688,2024-06-25 12:40:00,1,0,0.3218701183795929
cnn,random_search,1,2689,2024-06-25 12:45:00,1,0,0.4068361818790436
cnn,random_search,1,2690,2024-06-25 12:50:00,1,0,0.44729262590408325
cnn,random_search,1,2691,2024-06-25 12:55:00,1,0,0.47598937153816223
cnn,random_search,1,2692,2024-06-25 13:00:00,1,1,0.5487648844718933
cnn,random_search,1,2693,2024-06-25 13:05:00,1,1,0.5024785399436951
cnn,random_search,1,2694,2024-06-25 13:10:00,1,0,0.42600584030151367
cnn,random_search,1,2695,2024-06-25 13:15:00,1,0,0.4587554633617401
cnn,random_search,1,2696,2024-06-25 13:20:00,1,1,0.5448340773582458
cnn,random_search,1,2697,2024-06-25 13:25:00,1,1,0.5852577090263367
cnn,random_search,1,2698,2024-06-25 13:30:00,1,1,0.530290961265564
cnn,random_search,1,2699,2024-06-25 13:35:00,1,1,0.5758106708526611
cnn,random_search,1,2700,2024-06-25 13:40:00,1,1,0.5797548294067383
cnn,random_search,1,2701,2024-06-25 13:45:00,1,1,0.5875027179718018
cnn,random_search,1,2702,2024-06-25 13:50:00,1,1,0.6303954720497131
cnn,random_search,1,2703,2024-06-25 13:55:00,1,1,0.5906687378883362
cnn,random_search,1,2704,2024-06-25 14:00:00,1,1,0.5773045420646667
cnn,random_search,1,2705,2024-06-25 14:05:00,1,1,0.5846685171127319
cnn,random_search,1,2706,2024-06-25 14:10:00,1,1,0.6218153238296509
cnn,random_search,1,2707,2024-06-25 14:15:00,1,1,0.566698431968689
cnn,random_search,1,2708,2024-06-25 14:20:00,1,0,0.4421231746673584
cnn,random_search,1,2709,2024-06-25 14:25:00,1,1,0.5124177932739258
cnn,random_search,1,2710,2024-06-25 14:30:00,1,1,0.580537736415863
cnn,random_search,1,2711,2024-06-25 14:35:00,1,1,0.548237681388855
cnn,random_search,1,2712,2024-06-25 14:40:00,1,1,0.577961802482605
cnn,random_search,1,2713,2024-06-25 14:45:00,1,1,0.5855706930160522
cnn,random_search,1,2714,2024-06-25 14:50:00,0,1,0.6588653922080994
cnn,random_search,1,2715,2024-06-25 14:55:00,0,1,0.6639487743377686
cnn,random_search,1,2716,2024-06-25 15:00:00,0,1,0.6392041444778442
cnn,random_search,1,2717,2024-06-25 15:05:00,0,1,0.6125917434692383
cnn,random_search,1,2718,2024-06-25 15:10:00,0,1,0.6172144412994385
cnn,random_search,1,2719,2024-06-25 15:15:00,0,1,0.5722054243087769
cnn,random_search,1,2720,2024-06-25 15:20:00,0,0,0.49815160036087036
cnn,random_search,1,2721,2024-06-25 15:25:00,0,1,0.5164660215377808
cnn,random_search,1,2722,2024-06-25 15:30:00,0,1,0.518126904964447
cnn,random_search,1,2723,2024-06-25 15:35:00,0,1,0.5015624761581421
cnn,random_search,1,2724,2024-06-25 15:40:00,0,0,0.49450862407684326
cnn,random_search,1,2725,2024-06-25 15:45:00,0,1,0.5397627353668213
cnn,random_search,1,2726,2024-06-25 15:50:00,0,0,0.47778648138046265
cnn,random_search,1,2727,2024-06-25 15:55:00,0,0,0.4561781883239746
cnn,random_search,1,2728,2024-06-25 16:00:00,0,0,0.48048901557922363
cnn,random_search,1,2729,2024-06-25 16:05:00,0,0,0.4206455647945404
cnn,random_search,1,2730,2024-06-25 16:10:00,0,0,0.43468615412712097
cnn,random_search,1,2731,2024-06-25 16:15:00,0,0,0.4682449400424957
cnn,random_search,1,2732,2024-06-25 16:20:00,0,0,0.44898560643196106
cnn,random_search,1,2733,2024-06-25 16:25:00,0,0,0.49061885476112366
cnn,random_search,1,2734,2024-06-25 16:30:00,0,0,0.4692457616329193
cnn,random_search,1,2735,2024-06-25 16:35:00,0,0,0.404869943857193
cnn,random_search,1,2736,2024-06-25 16:40:00,1,0,0.37851211428642273
cnn,random_search,1,2737,2024-06-25 16:45:00,1,0,0.40491917729377747
cnn,random_search,1,2738,2024-06-25 16:50:00,1,0,0.40280115604400635
cnn,random_search,1,2739,2024-06-25 16:55:00,1,0,0.43557459115982056
cnn,random_search,1,2740,2024-06-25 17:00:00,1,1,0.5082928538322449
cnn,random_search,1,2741,2024-06-25 17:05:00,1,1,0.5818597674369812
cnn,random_search,1,2742,2024-06-25 17:10:00,1,1,0.634040117263794
cnn,random_search,1,2743,2024-06-25 17:15:00,1,1,0.5885381102561951
cnn,random_search,1,2744,2024-06-25 17:20:00,1,1,0.6404056549072266
cnn,random_search,1,2745,2024-06-25 17:25:00,1,1,0.5949458479881287
cnn,random_search,1,2746,2024-06-25 17:30:00,0,1,0.5842190980911255
cnn,random_search,1,2747,2024-06-25 17:35:00,0,1,0.6201330423355103
cnn,random_search,1,2748,2024-06-25 17:40:00,0,1,0.5688502192497253
cnn,random_search,1,2749,2024-06-25 17:45:00,0,1,0.5613805651664734
cnn,random_search,1,2750,2024-06-25 17:50:00,0,1,0.5825916528701782
cnn,random_search,1,2751,2024-06-25 17:55:00,0,1,0.572455644607544
cnn,random_search,1,2752,2024-06-26 10:40:00,1,0,0.3029322624206543
cnn,random_search,1,2753,2024-06-26 10:45:00,1,0,0.3039741516113281
cnn,random_search,1,2754,2024-06-26 10:50:00,1,0,0.3794572055339813
cnn,random_search,1,2755,2024-06-26 10:55:00,1,0,0.49584853649139404
cnn,random_search,1,2756,2024-06-26 11:00:00,1,1,0.6041620969772339
cnn,random_search,1,2757,2024-06-26 11:05:00,1,1,0.5417410731315613
cnn,random_search,1,2758,2024-06-26 11:10:00,1,1,0.5408836007118225
cnn,random_search,1,2759,2024-06-26 11:15:00,1,1,0.6683831214904785
cnn,random_search,1,2760,2024-06-26 11:20:00,1,1,0.6983913779258728
cnn,random_search,1,2761,2024-06-26 11:25:00,1,1,0.6030846238136292
cnn,random_search,1,2762,2024-06-26 11:30:00,1,1,0.5161907076835632
cnn,random_search,1,2763,2024-06-26 11:35:00,1,1,0.5454027056694031
cnn,random_search,1,2764,2024-06-26 11:40:00,1,0,0.4796826243400574
cnn,random_search,1,2765,2024-06-26 11:45:00,1,0,0.4767185151576996
cnn,random_search,1,2766,2024-06-26 11:50:00,1,1,0.5374442338943481
cnn,random_search,1,2767,2024-06-26 11:55:00,1,1,0.5138992071151733
cnn,random_search,1,2768,2024-06-26 12:00:00,1,1,0.5537521839141846
cnn,random_search,1,2769,2024-06-26 12:05:00,1,1,0.6044681668281555
cnn,random_search,1,2770,2024-06-26 12:10:00,1,0,0.4520667791366577
cnn,random_search,1,2771,2024-06-26 12:15:00,1,0,0.42060860991477966
cnn,random_search,1,2772,2024-06-26 12:20:00,1,1,0.5124752521514893
cnn,random_search,1,2773,2024-06-26 12:25:00,1,1,0.5634926557540894
cnn,random_search,1,2774,2024-06-26 12:30:00,1,1,0.5569316148757935
cnn,random_search,1,2775,2024-06-26 12:35:00,1,1,0.6014899015426636
cnn,random_search,1,2776,2024-06-26 12:40:00,1,1,0.5999611020088196
cnn,random_search,1,2777,2024-06-26 12:45:00,1,1,0.5978593230247498
cnn,random_search,1,2778,2024-06-26 12:50:00,1,1,0.6521698236465454
cnn,random_search,1,2779,2024-06-26 12:55:00,1,1,0.6974499225616455
cnn,random_search,1,2780,2024-06-26 13:00:00,1,1,0.7098084092140198
cnn,random_search,1,2781,2024-06-26 13:05:00,1,1,0.761511504650116
cnn,random_search,1,2782,2024-06-26 13:10:00,1,1,0.7038252949714661
cnn,random_search,1,2783,2024-06-26 13:15:00,1,1,0.7031136751174927
cnn,random_search,1,2784,2024-06-26 13:20:00,1,1,0.7273341417312622
cnn,random_search,1,2785,2024-06-26 13:25:00,1,1,0.6944218277931213
cnn,random_search,1,2786,2024-06-26 13:30:00,1,1,0.6582503318786621
cnn,random_search,1,2787,2024-06-26 13:35:00,1,1,0.627421498298645
cnn,random_search,1,2788,2024-06-26 13:40:00,1,1,0.6361973881721497
cnn,random_search,1,2789,2024-06-26 13:45:00,1,1,0.6292629241943359
cnn,random_search,1,2790,2024-06-26 13:50:00,1,1,0.657265841960907
cnn,random_search,1,2791,2024-06-26 13:55:00,1,1,0.6130021214485168
cnn,random_search,1,2792,2024-06-26 14:00:00,1,1,0.6021848917007446
cnn,random_search,1,2793,2024-06-26 14:05:00,1,1,0.5374601483345032
cnn,random_search,1,2794,2024-06-26 14:10:00,1,0,0.43589138984680176
cnn,random_search,1,2795,2024-06-26 14:15:00,1,0,0.44851920008659363
cnn,random_search,1,2796,2024-06-26 14:20:00,1,1,0.5430748462677002
cnn,random_search,1,2797,2024-06-26 14:25:00,1,1,0.5677240490913391
cnn,random_search,1,2798,2024-06-26 14:30:00,1,1,0.5984060764312744
cnn,random_search,1,2799,2024-06-26 14:35:00,1,1,0.5777044296264648
cnn,random_search,1,2800,2024-06-26 14:40:00,1,1,0.5484560132026672
cnn,random_search,1,2801,2024-06-26 14:45:00,1,1,0.5361641049385071
cnn,random_search,1,2802,2024-06-26 14:50:00,1,1,0.5046734809875488
cnn,random_search,1,2803,2024-06-26 14:55:00,1,1,0.5601205229759216
cnn,random_search,1,2804,2024-06-26 15:00:00,1,1,0.6259013414382935
cnn,random_search,1,2805,2024-06-26 15:05:00,1,1,0.6599360704421997
cnn,random_search,1,2806,2024-06-26 15:10:00,0,1,0.7023157477378845
cnn,random_search,1,2807,2024-06-26 15:15:00,0,1,0.6502112150192261
cnn,random_search,1,2808,2024-06-26 15:20:00,0,1,0.6408921480178833
cnn,random_search,1,2809,2024-06-26 15:25:00,0,1,0.5710066556930542
cnn,random_search,1,2810,2024-06-26 15:30:00,0,1,0.5283045768737793
cnn,random_search,1,2811,2024-06-26 15:35:00,0,1,0.5219359993934631
cnn,random_search,1,2812,2024-06-26 15:40:00,0,0,0.4786168336868286
cnn,random_search,1,2813,2024-06-26 15:45:00,0,0,0.41710320115089417
cnn,random_search,1,2814,2024-06-26 15:50:00,0,0,0.33709993958473206
cnn,random_search,1,2815,2024-06-26 15:55:00,0,0,0.29847952723503113
cnn,random_search,1,2816,2024-06-26 16:00:00,0,0,0.30313634872436523
cnn,random_search,1,2817,2024-06-26 16:05:00,0,0,0.3272571861743927
cnn,random_search,1,2818,2024-06-26 16:10:00,1,0,0.3325154483318329
cnn,random_search,1,2819,2024-06-26 16:15:00,1,0,0.4250960946083069
cnn,random_search,1,2820,2024-06-26 16:20:00,1,1,0.5262961983680725
cnn,random_search,1,2821,2024-06-26 16:25:00,1,1,0.6078940033912659
cnn,random_search,1,2822,2024-06-26 16:30:00,1,1,0.6435008645057678
cnn,random_search,1,2823,2024-06-26 16:35:00,1,1,0.6320194602012634
cnn,random_search,1,2824,2024-06-26 16:40:00,1,1,0.6365618109703064
cnn,random_search,1,2825,2024-06-26 16:45:00,1,1,0.64533931016922
cnn,random_search,1,2826,2024-06-26 16:50:00,0,1,0.7007851600646973
cnn,random_search,1,2827,2024-06-26 16:55:00,0,1,0.7526369690895081
cnn,random_search,1,2828,2024-06-26 17:00:00,0,1,0.7039976716041565
cnn,random_search,1,2829,2024-06-26 17:05:00,0,1,0.7224797606468201
cnn,random_search,1,2830,2024-06-26 17:10:00,0,1,0.6138358116149902
cnn,random_search,1,2831,2024-06-26 17:15:00,0,1,0.5504004955291748
cnn,random_search,1,2832,2024-06-26 17:20:00,0,1,0.5211706161499023
cnn,random_search,1,2833,2024-06-26 17:25:00,0,1,0.5149487257003784
cnn,random_search,1,2834,2024-06-26 17:30:00,1,0,0.46316075325012207
cnn,random_search,1,2835,2024-06-26 17:35:00,1,0,0.4760325849056244
cnn,random_search,1,2836,2024-06-26 17:40:00,1,1,0.5342293977737427
cnn,random_search,1,2837,2024-06-26 17:45:00,1,1,0.5567036271095276
cnn,random_search,1,2838,2024-06-26 17:50:00,1,1,0.5946473479270935
cnn,random_search,1,2839,2024-06-26 17:55:00,1,1,0.6272844076156616
cnn,random_search,1,2840,2024-06-27 10:55:00,0,1,0.6762814521789551
cnn,random_search,1,2841,2024-06-27 11:00:00,0,1,0.6591977477073669
cnn,random_search,1,2842,2024-06-27 11:05:00,0,1,0.6011618971824646
cnn,random_search,1,2843,2024-06-27 11:10:00,0,1,0.6163301467895508
cnn,random_search,1,2844,2024-06-27 11:15:00,0,1,0.5388664603233337
cnn,random_search,1,2845,2024-06-27 11:20:00,0,0,0.34492433071136475
cnn,random_search,1,2846,2024-06-27 11:25:00,0,0,0.29281488060951233
cnn,random_search,1,2847,2024-06-27 11:30:00,0,0,0.30702149868011475
cnn,random_search,1,2848,2024-06-27 11:35:00,0,0,0.3815465271472931
cnn,random_search,1,2849,2024-06-27 11:40:00,0,0,0.3777645528316498
cnn,random_search,1,2850,2024-06-27 11:45:00,0,0,0.36979973316192627
cnn,random_search,1,2851,2024-06-27 11:50:00,0,0,0.32127395272254944
cnn,random_search,1,2852,2024-06-27 11:55:00,0,0,0.2796148359775543
cnn,random_search,1,2853,2024-06-27 12:00:00,1,0,0.2507287263870239
cnn,random_search,1,2854,2024-06-27 12:05:00,1,0,0.28927767276763916
cnn,random_search,1,2855,2024-06-27 12:10:00,1,0,0.3243858814239502
cnn,random_search,1,2856,2024-06-27 12:15:00,1,0,0.3490588963031769
cnn,random_search,1,2857,2024-06-27 12:20:00,1,0,0.4015933573246002
cnn,random_search,1,2858,2024-06-27 12:25:00,1,1,0.5118166208267212
cnn,random_search,1,2859,2024-06-27 12:30:00,1,1,0.6234515309333801
cnn,random_search,1,2860,2024-06-27 12:35:00,1,1,0.6793367862701416
cnn,random_search,1,2861,2024-06-27 12:40:00,1,1,0.7256221175193787
cnn,random_search,1,2862,2024-06-27 12:45:00,1,1,0.7216241359710693
cnn,random_search,1,2863,2024-06-27 12:50:00,1,1,0.7023597359657288
cnn,random_search,1,2864,2024-06-27 12:55:00,0,1,0.6993309259414673
cnn,random_search,1,2865,2024-06-27 13:00:00,0,1,0.6454806327819824
cnn,random_search,1,2866,2024-06-27 13:05:00,0,1,0.5642279982566833
cnn,random_search,1,2867,2024-06-27 13:10:00,0,1,0.5299953818321228
cnn,random_search,1,2868,2024-06-27 13:15:00,0,0,0.4884811043739319
cnn,random_search,1,2869,2024-06-27 13:20:00,0,1,0.5250928401947021
cnn,random_search,1,2870,2024-06-27 13:25:00,0,0,0.46764424443244934
cnn,random_search,1,2871,2024-06-27 13:30:00,0,0,0.4471500813961029
cnn,random_search,1,2872,2024-06-27 13:35:00,0,0,0.42875486612319946
cnn,random_search,1,2873,2024-06-27 13:40:00,0,0,0.4885195791721344
cnn,random_search,1,2874,2024-06-27 13:45:00,0,1,0.5775465965270996
cnn,random_search,1,2875,2024-06-27 13:50:00,0,1,0.5562664866447449
cnn,random_search,1,2876,2024-06-27 13:55:00,0,1,0.5421475768089294
cnn,random_search,1,2877,2024-06-27 14:00:00,0,1,0.5365440845489502
cnn,random_search,1,2878,2024-06-27 14:05:00,0,0,0.4522141218185425
cnn,random_search,1,2879,2024-06-27 14:10:00,1,0,0.36591213941574097
cnn,random_search,1,2880,2024-06-27 14:15:00,1,0,0.4095096290111542
cnn,random_search,1,2881,2024-06-27 14:20:00,1,1,0.6089355945587158
cnn,random_search,1,2882,2024-06-27 14:25:00,1,1,0.7003225684165955
cnn,random_search,1,2883,2024-06-27 14:30:00,1,1,0.6424767374992371
cnn,random_search,1,2884,2024-06-27 14:35:00,1,1,0.6595710515975952
cnn,random_search,1,2885,2024-06-27 14:40:00,1,1,0.6824755668640137
cnn,random_search,1,2886,2024-06-27 14:45:00,1,1,0.684445858001709
cnn,random_search,1,2887,2024-06-27 14:50:00,1,1,0.696928083896637
cnn,random_search,1,2888,2024-06-27 14:55:00,1,1,0.7173680067062378
cnn,random_search,1,2889,2024-06-27 15:00:00,1,1,0.652306079864502
cnn,random_search,1,2890,2024-06-27 15:05:00,1,1,0.5629541277885437
cnn,random_search,1,2891,2024-06-27 15:10:00,1,1,0.5481055974960327
cnn,random_search,1,2892,2024-06-27 15:15:00,1,1,0.565773606300354
cnn,random_search,1,2893,2024-06-27 15:20:00,1,1,0.5682880878448486
cnn,random_search,1,2894,2024-06-27 15:25:00,1,1,0.5585356950759888
cnn,random_search,1,2895,2024-06-27 15:30:00,1,1,0.6041155457496643
cnn,random_search,1,2896,2024-06-27 15:35:00,1,1,0.6537914872169495
cnn,random_search,1,2897,2024-06-27 15:40:00,1,1,0.6324906945228577
cnn,random_search,1,2898,2024-06-27 15:45:00,1,1,0.6552243232727051
cnn,random_search,1,2899,2024-06-27 15:50:00,1,1,0.7090744972229004
cnn,random_search,1,2900,2024-06-27 15:55:00,1,1,0.7425068020820618
cnn,random_search,1,2901,2024-06-27 16:00:00,1,1,0.7311012744903564
cnn,random_search,1,2902,2024-06-27 16:05:00,1,1,0.7119727730751038
cnn,random_search,1,2903,2024-06-27 16:10:00,1,1,0.7014122009277344
cnn,random_search,1,2904,2024-06-27 16:15:00,1,1,0.6210318803787231
cnn,random_search,1,2905,2024-06-27 16:20:00,1,1,0.5634040236473083
cnn,random_search,1,2906,2024-06-27 16:25:00,1,1,0.541666567325592
cnn,random_search,1,2907,2024-06-27 16:30:00,1,0,0.48737603425979614
cnn,random_search,1,2908,2024-06-27 16:35:00,1,0,0.4758581817150116
cnn,random_search,1,2909,2024-06-27 16:40:00,1,1,0.5469744205474854
cnn,random_search,1,2910,2024-06-27 16:45:00,1,1,0.6139170527458191
cnn,random_search,1,2911,2024-06-27 16:50:00,1,1,0.5967741012573242
cnn,random_search,1,2912,2024-06-27 16:55:00,1,1,0.6112766265869141
cnn,random_search,1,2913,2024-06-27 17:00:00,1,1,0.5939967036247253
cnn,random_search,1,2914,2024-06-27 17:05:00,1,1,0.6403239369392395
cnn,random_search,1,2915,2024-06-27 17:10:00,1,1,0.5899208784103394
cnn,random_search,1,2916,2024-06-27 17:15:00,1,1,0.5272670388221741
cnn,random_search,1,2917,2024-06-27 17:20:00,1,1,0.5274488925933838
cnn,random_search,1,2918,2024-06-27 17:25:00,1,1,0.5509114861488342
cnn,random_search,1,2919,2024-06-27 17:30:00,1,1,0.5471825003623962
cnn,random_search,1,2920,2024-06-27 17:35:00,1,1,0.5222302079200745
cnn,random_search,1,2921,2024-06-27 17:40:00,1,1,0.5334751605987549
cnn,random_search,1,2922,2024-06-27 17:45:00,1,1,0.5616738200187683
cnn,random_search,1,2923,2024-06-27 17:50:00,1,1,0.5987669825553894
cnn,random_search,1,2924,2024-06-27 17:55:00,0,1,0.6478402614593506
cnn,random_search,1,2925,2024-06-28 10:40:00,0,0,0.3036203682422638
cnn,random_search,1,2926,2024-06-28 10:45:00,0,0,0.2673259675502777
cnn,random_search,1,2927,2024-06-28 10:50:00,0,0,0.2458966225385666
cnn,random_search,1,2928,2024-06-28 10:55:00,0,0,0.23020152747631073
cnn,random_search,1,2929,2024-06-28 11:00:00,1,0,0.2654338777065277
cnn,random_search,1,2930,2024-06-28 11:05:00,1,0,0.19456855952739716
cnn,random_search,1,2931,2024-06-28 11:10:00,1,0,0.2438281774520874
cnn,random_search,1,2932,2024-06-28 11:15:00,1,0,0.3127565085887909
cnn,random_search,1,2933,2024-06-28 11:20:00,1,1,0.5326161980628967
cnn,random_search,1,2934,2024-06-28 11:25:00,1,1,0.6214304566383362
cnn,random_search,1,2935,2024-06-28 11:30:00,1,1,0.6918923258781433
cnn,random_search,1,2936,2024-06-28 11:35:00,1,1,0.7164507508277893
cnn,random_search,1,2937,2024-06-28 11:40:00,1,1,0.6986641883850098
cnn,random_search,1,2938,2024-06-28 11:45:00,1,1,0.7303436398506165
cnn,random_search,1,2939,2024-06-28 11:50:00,1,1,0.7174773812294006
cnn,random_search,1,2940,2024-06-28 11:55:00,1,1,0.7483646273612976
cnn,random_search,1,2941,2024-06-28 12:00:00,1,1,0.7313010692596436
cnn,random_search,1,2942,2024-06-28 12:05:00,1,1,0.6836050748825073
cnn,random_search,1,2943,2024-06-28 12:10:00,1,1,0.6550591588020325
cnn,random_search,1,2944,2024-06-28 12:15:00,1,1,0.6710047125816345
cnn,random_search,1,2945,2024-06-28 12:20:00,1,1,0.6520838141441345
cnn,random_search,1,2946,2024-06-28 12:25:00,1,1,0.5562366843223572
cnn,random_search,1,2947,2024-06-28 12:30:00,1,1,0.5381592512130737
cnn,random_search,1,2948,2024-06-28 12:35:00,0,1,0.6109393239021301
cnn,random_search,1,2949,2024-06-28 12:40:00,0,1,0.6233189702033997
cnn,random_search,1,2950,2024-06-28 12:45:00,0,1,0.5493382215499878
cnn,random_search,1,2951,2024-06-28 12:50:00,0,1,0.5092599987983704
cnn,random_search,1,2952,2024-06-28 12:55:00,0,0,0.40588849782943726
cnn,random_search,1,2953,2024-06-28 13:00:00,0,0,0.3526473939418793
cnn,random_search,1,2954,2024-06-28 13:05:00,0,0,0.3297727406024933
cnn,random_search,1,2955,2024-06-28 13:10:00,0,0,0.2892453968524933
cnn,random_search,1,2956,2024-06-28 13:15:00,0,0,0.3204375207424164
cnn,random_search,1,2957,2024-06-28 13:20:00,0,0,0.34983813762664795
cnn,random_search,1,2958,2024-06-28 13:25:00,0,0,0.3630126416683197
cnn,random_search,1,2959,2024-06-28 13:30:00,0,0,0.38650569319725037
cnn,random_search,1,2960,2024-06-28 13:35:00,1,0,0.3643898069858551
cnn,random_search,1,2961,2024-06-28 13:40:00,1,0,0.4267839193344116
cnn,random_search,1,2962,2024-06-28 13:45:00,1,0,0.43184709548950195
cnn,random_search,1,2963,2024-06-28 13:50:00,1,0,0.4016234576702118
cnn,random_search,1,2964,2024-06-28 13:55:00,1,1,0.5045878291130066
cnn,random_search,1,2965,2024-06-28 14:00:00,1,1,0.5327436327934265
cnn,random_search,1,2966,2024-06-28 14:05:00,1,1,0.5573267936706543
cnn,random_search,1,2967,2024-06-28 14:10:00,1,1,0.5296982526779175
cnn,random_search,1,2968,2024-06-28 14:15:00,1,1,0.5352205038070679
cnn,random_search,1,2969,2024-06-28 14:20:00,1,1,0.5876294374465942
cnn,random_search,1,2970,2024-06-28 14:25:00,1,1,0.6449039578437805
cnn,random_search,1,2971,2024-06-28 14:30:00,1,1,0.6039690971374512
cnn,random_search,1,2972,2024-06-28 14:35:00,1,1,0.6275507807731628
cnn,random_search,1,2973,2024-06-28 14:40:00,1,1,0.6818886399269104
cnn,random_search,1,2974,2024-06-28 14:45:00,0,1,0.6988251805305481
cnn,random_search,1,2975,2024-06-28 14:50:00,0,1,0.6868476867675781
cnn,random_search,1,2976,2024-06-28 14:55:00,0,1,0.5573720932006836
cnn,random_search,1,2977,2024-06-28 15:00:00,0,0,0.4677811861038208
cnn,random_search,1,2978,2024-06-28 15:05:00,0,0,0.4638266861438751
cnn,random_search,1,2979,2024-06-28 15:10:00,0,0,0.4549325108528137
cnn,random_search,1,2980,2024-06-28 15:15:00,0,0,0.4976719319820404
cnn,random_search,1,2981,2024-06-28 15:20:00,0,0,0.4390093982219696
cnn,random_search,1,2982,2024-06-28 15:25:00,0,0,0.4294525384902954
cnn,random_search,1,2983,2024-06-28 15:30:00,0,0,0.37800705432891846
cnn,random_search,1,2984,2024-06-28 15:35:00,0,0,0.3136036694049835
cnn,random_search,1,2985,2024-06-28 15:40:00,0,0,0.28599709272384644
cnn,random_search,1,2986,2024-06-28 15:45:00,0,0,0.317668616771698
cnn,random_search,1,2987,2024-06-28 15:50:00,0,0,0.3539299964904785
cnn,random_search,1,2988,2024-06-28 15:55:00,0,0,0.4527099132537842
cnn,random_search,1,2989,2024-06-28 16:00:00,0,0,0.4400346577167511
cnn,random_search,1,2990,2024-06-28 16:05:00,0,0,0.4227469861507416
cnn,random_search,1,2991,2024-06-28 16:10:00,0,0,0.373415470123291
cnn,random_search,1,2992,2024-06-28 16:15:00,1,0,0.3715030252933502
cnn,random_search,1,2993,2024-06-28 16:20:00,1,0,0.43590208888053894
cnn,random_search,1,2994,2024-06-28 16:25:00,1,1,0.5294991135597229
cnn,random_search,1,2995,2024-06-28 16:30:00,1,1,0.5383859276771545
cnn,random_search,1,2996,2024-06-28 16:35:00,1,1,0.5252658724784851
cnn,random_search,1,2997,2024-06-28 16:40:00,1,1,0.5501242280006409
cnn,random_search,1,2998,2024-06-28 16:45:00,1,1,0.5954630970954895
cnn,random_search,1,2999,2024-06-28 16:50:00,1,1,0.6333045959472656
cnn,random_search,1,3000,2024-06-28 16:55:00,0,1,0.6572291254997253
cnn,random_search,1,3001,2024-06-28 17:00:00,0,1,0.639241635799408
cnn,random_search,1,3002,2024-06-28 17:05:00,0,1,0.5717362761497498
cnn,random_search,1,3003,2024-06-28 17:10:00,0,1,0.5804178714752197
cnn,random_search,1,3004,2024-06-28 17:15:00,0,1,0.5231780409812927
cnn,random_search,1,3005,2024-06-28 17:20:00,0,0,0.44366881251335144
cnn,random_search,1,3006,2024-06-28 17:25:00,0,0,0.41890111565589905
cnn,random_search,1,3007,2024-06-28 17:30:00,0,0,0.472204327583313
cnn,random_search,1,3008,2024-06-28 17:35:00,0,0,0.45509105920791626
cnn,random_search,1,3009,2024-06-28 17:40:00,0,0,0.4764419198036194
cnn,random_search,1,3010,2024-06-28 17:45:00,0,1,0.547511637210846
cnn,random_search,1,3011,2024-06-28 17:50:00,0,1,0.5602947473526001
cnn,random_search,2,0,2024-05-20 15:25:00,1,0,0.47728395462036133
cnn,random_search,2,1,2024-05-20 15:25:00,1,0,0.4789201319217682
cnn,random_search,2,2,2024-05-20 15:30:00,1,0,0.49225056171417236
cnn,random_search,2,3,2024-05-20 15:30:00,1,0,0.49572423100471497
cnn,random_search,2,4,2024-05-20 15:35:00,1,1,0.5087000727653503
cnn,random_search,2,5,2024-05-20 15:35:00,1,1,0.5132486820220947
cnn,random_search,2,6,2024-05-20 15:40:00,1,0,0.48624154925346375
cnn,random_search,2,7,2024-05-20 15:40:00,1,0,0.448611319065094
cnn,random_search,2,8,2024-05-20 15:45:00,1,1,0.5068588852882385
cnn,random_search,2,9,2024-05-20 15:45:00,1,0,0.4877984821796417
cnn,random_search,2,10,2024-05-20 15:50:00,1,0,0.48207321763038635
cnn,random_search,2,11,2024-05-20 15:50:00,1,0,0.4256618320941925
cnn,random_search,2,12,2024-05-20 15:55:00,1,0,0.4749142527580261
cnn,random_search,2,13,2024-05-20 15:55:00,1,0,0.4816395342350006
cnn,random_search,2,14,2024-05-20 16:00:00,1,1,0.5115951299667358
cnn,random_search,2,15,2024-05-20 16:00:00,1,1,0.5123810172080994
cnn,random_search,2,16,2024-05-20 16:05:00,1,1,0.522891104221344
cnn,random_search,2,17,2024-05-20 16:05:00,1,1,0.5198781490325928
cnn,random_search,2,18,2024-05-20 16:10:00,1,1,0.5177114605903625
cnn,random_search,2,19,2024-05-20 16:10:00,1,1,0.5234275460243225
cnn,random_search,2,20,2024-05-20 16:15:00,1,1,0.5219384431838989
cnn,random_search,2,21,2024-05-20 16:15:00,1,1,0.5294668674468994
cnn,random_search,2,22,2024-05-20 16:20:00,1,1,0.5049081444740295
cnn,random_search,2,23,2024-05-20 16:20:00,1,1,0.503581702709198
cnn,random_search,2,24,2024-05-20 16:25:00,1,0,0.4798387289047241
cnn,random_search,2,25,2024-05-20 16:25:00,1,0,0.4752013087272644
cnn,random_search,2,26,2024-05-20 16:30:00,1,0,0.4787326455116272
cnn,random_search,2,27,2024-05-20 16:30:00,1,0,0.4801759123802185
cnn,random_search,2,28,2024-05-20 16:35:00,1,0,0.4656999111175537
cnn,random_search,2,29,2024-05-20 16:35:00,1,0,0.4365822374820709
cnn,random_search,2,30,2024-05-20 16:40:00,1,0,0.4823663830757141
cnn,random_search,2,31,2024-05-20 16:40:00,1,0,0.48124298453330994
cnn,random_search,2,32,2024-05-20 16:45:00,1,1,0.5037675499916077
cnn,random_search,2,33,2024-05-20 16:45:00,1,1,0.5173508524894714
cnn,random_search,2,34,2024-05-20 16:50:00,1,1,0.5380759239196777
cnn,random_search,2,35,2024-05-20 16:50:00,1,1,0.5344457626342773
cnn,random_search,2,36,2024-05-20 16:55:00,0,1,0.5528693795204163
cnn,random_search,2,37,2024-05-20 16:55:00,0,1,0.5597349405288696
cnn,random_search,2,38,2024-05-20 17:00:00,0,1,0.5804152488708496
cnn,random_search,2,39,2024-05-20 17:00:00,0,1,0.5377622246742249
cnn,random_search,2,40,2024-05-20 17:05:00,0,1,0.5066840648651123
cnn,random_search,2,41,2024-05-20 17:05:00,0,1,0.5408148765563965
cnn,random_search,2,42,2024-05-20 17:10:00,0,0,0.4899079203605652
cnn,random_search,2,43,2024-05-20 17:10:00,0,0,0.39228203892707825
cnn,random_search,2,44,2024-05-20 17:15:00,0,1,0.5083829760551453
cnn,random_search,2,45,2024-05-20 17:15:00,0,1,0.509171724319458
cnn,random_search,2,46,2024-05-20 17:20:00,0,1,0.51754230260849
cnn,random_search,2,47,2024-05-20 17:20:00,0,1,0.510802686214447
cnn,random_search,2,48,2024-05-20 17:25:00,0,1,0.5725973844528198
cnn,random_search,2,49,2024-05-20 17:25:00,0,1,0.5215009450912476
cnn,random_search,2,50,2024-05-20 17:30:00,0,1,0.5543460845947266
cnn,random_search,2,51,2024-05-20 17:30:00,0,1,0.5393611192703247
cnn,random_search,2,52,2024-05-20 17:35:00,0,1,0.5155258178710938
cnn,random_search,2,53,2024-05-20 17:35:00,0,1,0.5162628293037415
cnn,random_search,2,54,2024-05-20 17:40:00,0,1,0.5135919451713562
cnn,random_search,2,55,2024-05-20 17:40:00,0,1,0.5237677693367004
cnn,random_search,2,56,2024-05-20 17:45:00,0,1,0.5153329968452454
cnn,random_search,2,57,2024-05-20 17:45:00,0,1,0.5066221356391907
cnn,random_search,2,58,2024-05-20 17:50:00,0,1,0.6304012537002563
cnn,random_search,2,59,2024-05-20 17:50:00,0,1,0.5148865580558777
cnn,random_search,2,60,2024-05-20 17:55:00,0,1,0.558095395565033
cnn,random_search,2,61,2024-05-20 17:55:00,0,0,0.4889412224292755
cnn,random_search,2,62,2024-05-21 13:30:00,1,0,0.4485584497451782
cnn,random_search,2,63,2024-05-21 13:30:00,1,0,0.45186811685562134
cnn,random_search,2,64,2024-05-21 13:35:00,1,0,0.4485163390636444
cnn,random_search,2,65,2024-05-21 13:35:00,1,0,0.45510903000831604
cnn,random_search,2,66,2024-05-21 13:40:00,1,0,0.4922676980495453
cnn,random_search,2,67,2024-05-21 13:40:00,1,0,0.4848582446575165
cnn,random_search,2,68,2024-05-21 13:45:00,1,1,0.5452465415000916
cnn,random_search,2,69,2024-05-21 13:45:00,1,1,0.5554608702659607
cnn,random_search,2,70,2024-05-21 13:50:00,1,1,0.5071069002151489
cnn,random_search,2,71,2024-05-21 13:50:00,1,1,0.5013492703437805
cnn,random_search,2,72,2024-05-21 13:55:00,1,0,0.4793838858604431
cnn,random_search,2,73,2024-05-21 13:55:00,1,0,0.4715959429740906
cnn,random_search,2,74,2024-05-21 14:00:00,1,1,0.5200470685958862
cnn,random_search,2,75,2024-05-21 14:00:00,1,1,0.5158846378326416
cnn,random_search,2,76,2024-05-21 14:05:00,1,1,0.5115088224411011
cnn,random_search,2,77,2024-05-21 14:05:00,1,1,0.518877387046814
cnn,random_search,2,78,2024-05-21 14:10:00,1,0,0.4820712208747864
cnn,random_search,2,79,2024-05-21 14:10:00,1,0,0.4999561309814453
cnn,random_search,2,80,2024-05-21 14:15:00,1,1,0.5061978101730347
cnn,random_search,2,81,2024-05-21 14:15:00,1,1,0.5192945003509521
cnn,random_search,2,82,2024-05-21 14:20:00,1,1,0.5579676032066345
cnn,random_search,2,83,2024-05-21 14:20:00,1,1,0.556786835193634
cnn,random_search,2,84,2024-05-21 14:25:00,1,1,0.6339827179908752
cnn,random_search,2,85,2024-05-21 14:25:00,1,1,0.5584346055984497
cnn,random_search,2,86,2024-05-21 14:30:00,1,1,0.5824315547943115
cnn,random_search,2,87,2024-05-21 14:30:00,1,1,0.5524910688400269
cnn,random_search,2,88,2024-05-21 14:35:00,1,1,0.5313848257064819
cnn,random_search,2,89,2024-05-21 14:35:00,1,1,0.5333460569381714
cnn,random_search,2,90,2024-05-21 14:40:00,1,1,0.531349241733551
cnn,random_search,2,91,2024-05-21 14:40:00,1,1,0.5286741256713867
cnn,random_search,2,92,2024-05-21 14:45:00,1,1,0.5508601665496826
cnn,random_search,2,93,2024-05-21 14:45:00,1,1,0.5509607791900635
cnn,random_search,2,94,2024-05-21 14:50:00,1,1,0.5500532984733582
cnn,random_search,2,95,2024-05-21 14:50:00,1,1,0.5356319546699524
cnn,random_search,2,96,2024-05-21 14:55:00,1,1,0.5883596539497375
cnn,random_search,2,97,2024-05-21 14:55:00,1,1,0.5625934600830078
cnn,random_search,2,98,2024-05-21 15:00:00,1,1,0.5774552822113037
cnn,random_search,2,99,2024-05-21 15:00:00,1,1,0.7018263339996338
cnn,random_search,2,100,2024-05-21 15:05:00,0,1,0.6000413298606873
cnn,random_search,2,101,2024-05-21 15:05:00,0,1,0.5778270959854126
cnn,random_search,2,102,2024-05-21 15:10:00,0,1,0.5686327815055847
cnn,random_search,2,103,2024-05-21 15:10:00,0,1,0.5276817679405212
cnn,random_search,2,104,2024-05-21 15:15:00,0,0,0.48736193776130676
cnn,random_search,2,105,2024-05-21 15:15:00,0,0,0.46963047981262207
cnn,random_search,2,106,2024-05-21 15:20:00,0,0,0.48421710729599
cnn,random_search,2,107,2024-05-21 15:20:00,0,0,0.4994850754737854
cnn,random_search,2,108,2024-05-21 15:25:00,0,0,0.49714934825897217
cnn,random_search,2,109,2024-05-21 15:25:00,0,0,0.46377766132354736
cnn,random_search,2,110,2024-05-21 15:30:00,0,0,0.4583355784416199
cnn,random_search,2,111,2024-05-21 15:30:00,0,0,0.3526878356933594
cnn,random_search,2,112,2024-05-21 15:35:00,0,0,0.4322700798511505
cnn,random_search,2,113,2024-05-21 15:35:00,0,0,0.4420348107814789
cnn,random_search,2,114,2024-05-21 15:40:00,0,0,0.462255597114563
cnn,random_search,2,115,2024-05-21 15:40:00,0,0,0.4450376331806183
cnn,random_search,2,116,2024-05-21 15:45:00,0,0,0.4728095531463623
cnn,random_search,2,117,2024-05-21 15:50:00,0,1,0.5215834379196167
cnn,random_search,2,118,2024-05-21 15:50:00,0,1,0.5226472020149231
cnn,random_search,2,119,2024-05-21 15:55:00,0,1,0.5100117325782776
cnn,random_search,2,120,2024-05-21 15:55:00,0,1,0.5137678980827332
cnn,random_search,2,121,2024-05-21 16:00:00,0,1,0.5399888753890991
cnn,random_search,2,122,2024-05-21 16:00:00,0,1,0.5192569494247437
cnn,random_search,2,123,2024-05-21 16:05:00,0,1,0.5893930792808533
cnn,random_search,2,124,2024-05-21 16:05:00,0,1,0.5434866547584534
cnn,random_search,2,125,2024-05-21 16:10:00,0,1,0.5476841330528259
cnn,random_search,2,126,2024-05-21 16:10:00,0,1,0.5273908972740173
cnn,random_search,2,127,2024-05-21 16:15:00,0,1,0.5273279547691345
cnn,random_search,2,128,2024-05-21 16:15:00,0,1,0.5304806232452393
cnn,random_search,2,129,2024-05-21 16:20:00,0,1,0.5103039145469666
cnn,random_search,2,130,2024-05-21 16:20:00,0,1,0.5282135605812073
cnn,random_search,2,131,2024-05-21 16:25:00,0,1,0.5578101277351379
cnn,random_search,2,132,2024-05-21 16:25:00,0,1,0.5345748066902161
cnn,random_search,2,133,2024-05-21 16:30:00,0,1,0.5478125214576721
cnn,random_search,2,134,2024-05-21 16:30:00,0,1,0.5369304418563843
cnn,random_search,2,135,2024-05-21 16:35:00,0,1,0.5281844139099121
cnn,random_search,2,136,2024-05-21 16:35:00,0,1,0.523849606513977
cnn,random_search,2,137,2024-05-21 16:40:00,0,1,0.51222163438797
cnn,random_search,2,138,2024-05-21 16:40:00,0,1,0.5042967200279236
cnn,random_search,2,139,2024-05-21 16:45:00,0,1,0.5005780458450317
cnn,random_search,2,140,2024-05-21 16:45:00,0,1,0.5107395052909851
cnn,random_search,2,141,2024-05-21 16:50:00,0,0,0.47628122568130493
cnn,random_search,2,142,2024-05-21 16:50:00,0,0,0.46802037954330444
cnn,random_search,2,143,2024-05-21 16:55:00,0,0,0.455925315618515
cnn,random_search,2,144,2024-05-21 16:55:00,0,0,0.46069836616516113
cnn,random_search,2,145,2024-05-21 17:00:00,0,0,0.34578487277030945
cnn,random_search,2,146,2024-05-21 17:00:00,0,0,0.42852699756622314
cnn,random_search,2,147,2024-05-21 17:05:00,0,0,0.40907859802246094
cnn,random_search,2,148,2024-05-21 17:05:00,0,0,0.42839130759239197
cnn,random_search,2,149,2024-05-21 17:10:00,0,0,0.42736828327178955
cnn,random_search,2,150,2024-05-21 17:10:00,0,0,0.4210693836212158
cnn,random_search,2,151,2024-05-21 17:15:00,0,0,0.41728144884109497
cnn,random_search,2,152,2024-05-21 17:15:00,0,0,0.4046664535999298
cnn,random_search,2,153,2024-05-21 17:20:00,0,0,0.4751284718513489
cnn,random_search,2,154,2024-05-21 17:20:00,0,0,0.4682098627090454
cnn,random_search,2,155,2024-05-21 17:25:00,0,0,0.46272826194763184
cnn,random_search,2,156,2024-05-21 17:25:00,0,0,0.4762630760669708
cnn,random_search,2,157,2024-05-21 17:30:00,0,0,0.467298299074173
cnn,random_search,2,158,2024-05-21 17:30:00,0,0,0.4604343771934509
cnn,random_search,2,159,2024-05-21 17:35:00,0,0,0.483764111995697
cnn,random_search,2,160,2024-05-21 17:40:00,0,0,0.4740108549594879
cnn,random_search,2,161,2024-05-21 17:40:00,0,0,0.4863164722919464
cnn,random_search,2,162,2024-05-21 17:45:00,0,0,0.49407413601875305
cnn,random_search,2,163,2024-05-21 17:50:00,0,0,0.4782410264015198
cnn,random_search,2,164,2024-05-21 17:50:00,0,0,0.46042537689208984
cnn,random_search,2,165,2024-05-21 17:55:00,0,0,0.4646669328212738
cnn,random_search,2,166,2024-05-21 17:55:00,0,0,0.471096396446228
cnn,random_search,2,167,2024-05-22 11:40:00,1,0,0.41288307309150696
cnn,random_search,2,168,2024-05-22 11:45:00,1,0,0.45418572425842285
cnn,random_search,2,169,2024-05-22 11:50:00,1,1,0.5045726895332336
cnn,random_search,2,170,2024-05-22 11:55:00,1,1,0.5107587575912476
cnn,random_search,2,171,2024-05-22 12:00:00,1,1,0.5382823348045349
cnn,random_search,2,172,2024-05-22 12:05:00,0,1,0.5884392261505127
cnn,random_search,2,173,2024-05-22 12:10:00,0,1,0.5910803079605103
cnn,random_search,2,174,2024-05-22 12:15:00,0,1,0.5174041390419006
cnn,random_search,2,175,2024-05-22 12:20:00,0,0,0.4716324806213379
cnn,random_search,2,176,2024-05-22 12:25:00,0,0,0.426842600107193
cnn,random_search,2,177,2024-05-22 12:30:00,0,0,0.44748255610466003
cnn,random_search,2,178,2024-05-22 12:35:00,0,1,0.5082350373268127
cnn,random_search,2,179,2024-05-22 12:40:00,0,1,0.5020520687103271
cnn,random_search,2,180,2024-05-22 12:45:00,0,0,0.45650285482406616
cnn,random_search,2,181,2024-05-22 12:50:00,0,0,0.48269379138946533
cnn,random_search,2,182,2024-05-22 12:55:00,0,1,0.5286127924919128
cnn,random_search,2,183,2024-05-22 13:00:00,0,1,0.560640811920166
cnn,random_search,2,184,2024-05-22 13:05:00,0,1,0.5304543972015381
cnn,random_search,2,185,2024-05-22 13:10:00,0,1,0.5092320442199707
cnn,random_search,2,186,2024-05-22 13:15:00,0,0,0.4966159462928772
cnn,random_search,2,187,2024-05-22 13:20:00,0,0,0.46590399742126465
cnn,random_search,2,188,2024-05-22 13:25:00,0,0,0.46712926030158997
cnn,random_search,2,189,2024-05-22 13:30:00,0,0,0.4755154550075531
cnn,random_search,2,190,2024-05-22 13:35:00,0,0,0.4402881860733032
cnn,random_search,2,191,2024-05-22 13:40:00,0,0,0.4312710464000702
cnn,random_search,2,192,2024-05-22 13:45:00,0,0,0.4303169846534729
cnn,random_search,2,193,2024-05-22 13:50:00,0,0,0.4853227734565735
cnn,random_search,2,194,2024-05-22 13:55:00,0,0,0.4489831030368805
cnn,random_search,2,195,2024-05-22 14:00:00,0,0,0.427192747592926
cnn,random_search,2,196,2024-05-22 14:05:00,0,0,0.4681321680545807
cnn,random_search,2,197,2024-05-22 14:10:00,0,0,0.46417728066444397
cnn,random_search,2,198,2024-05-22 14:15:00,0,0,0.4754805266857147
cnn,random_search,2,199,2024-05-22 14:20:00,0,0,0.4518466591835022
cnn,random_search,2,200,2024-05-22 14:25:00,0,0,0.4682440459728241
cnn,random_search,2,201,2024-05-22 14:30:00,0,0,0.4539593756198883
cnn,random_search,2,202,2024-05-22 14:35:00,0,0,0.43918052315711975
cnn,random_search,2,203,2024-05-22 14:40:00,0,0,0.4452185332775116
cnn,random_search,2,204,2024-05-22 14:45:00,0,0,0.47375696897506714
cnn,random_search,2,205,2024-05-22 14:50:00,0,0,0.47545474767684937
cnn,random_search,2,206,2024-05-22 14:55:00,0,0,0.4947027862071991
cnn,random_search,2,207,2024-05-22 15:00:00,0,0,0.4621671438217163
cnn,random_search,2,208,2024-05-22 15:05:00,0,0,0.45149946212768555
cnn,random_search,2,209,2024-05-22 15:10:00,0,0,0.43802517652511597
cnn,random_search,2,210,2024-05-22 15:15:00,0,0,0.4441194534301758
cnn,random_search,2,211,2024-05-22 15:20:00,0,0,0.43659546971321106
cnn,random_search,2,212,2024-05-22 15:25:00,0,0,0.41299593448638916
cnn,random_search,2,213,2024-05-22 15:30:00,0,0,0.4051602780818939
cnn,random_search,2,214,2024-05-22 15:35:00,0,0,0.38958144187927246
cnn,random_search,2,215,2024-05-22 15:40:00,0,0,0.4320935904979706
cnn,random_search,2,216,2024-05-22 15:45:00,0,0,0.49044084548950195
cnn,random_search,2,217,2024-05-22 15:50:00,0,0,0.49728989601135254
cnn,random_search,2,218,2024-05-22 15:55:00,0,0,0.497883141040802
cnn,random_search,2,219,2024-05-22 16:00:00,0,1,0.5156390070915222
cnn,random_search,2,220,2024-05-22 16:05:00,0,1,0.509989857673645
cnn,random_search,2,221,2024-05-22 16:10:00,0,0,0.48045632243156433
cnn,random_search,2,222,2024-05-22 16:15:00,0,0,0.4416889548301697
cnn,random_search,2,223,2024-05-22 16:20:00,0,0,0.4035426080226898
cnn,random_search,2,224,2024-05-22 16:25:00,0,0,0.4384802281856537
cnn,random_search,2,225,2024-05-22 16:30:00,0,0,0.45871639251708984
cnn,random_search,2,226,2024-05-22 16:35:00,0,0,0.46178779006004333
cnn,random_search,2,227,2024-05-22 16:40:00,0,0,0.449415385723114
cnn,random_search,2,228,2024-05-22 16:45:00,0,0,0.4417745769023895
cnn,random_search,2,229,2024-05-22 16:50:00,0,0,0.4574803113937378
cnn,random_search,2,230,2024-05-22 16:55:00,0,1,0.5024306774139404
cnn,random_search,2,231,2024-05-22 17:00:00,0,0,0.49117201566696167
cnn,random_search,2,232,2024-05-22 17:05:00,0,0,0.45793434977531433
cnn,random_search,2,233,2024-05-22 17:10:00,0,0,0.4386158585548401
cnn,random_search,2,234,2024-05-22 17:15:00,0,0,0.42301127314567566
cnn,random_search,2,235,2024-05-22 17:20:00,0,0,0.49106258153915405
cnn,random_search,2,236,2024-05-22 17:25:00,0,0,0.4896891415119171
cnn,random_search,2,237,2024-05-22 17:30:00,0,0,0.45134034752845764
cnn,random_search,2,238,2024-05-22 17:35:00,0,0,0.45287370681762695
cnn,random_search,2,239,2024-05-22 17:40:00,0,0,0.4752470850944519
cnn,random_search,2,240,2024-05-22 17:45:00,0,0,0.464652419090271
cnn,random_search,2,241,2024-05-22 17:50:00,0,0,0.48070913553237915
cnn,random_search,2,242,2024-05-22 17:55:00,0,0,0.45363831520080566
cnn,random_search,2,243,2024-05-23 11:15:00,1,0,0.3861202299594879
cnn,random_search,2,244,2024-05-23 11:20:00,1,0,0.3876310884952545
cnn,random_search,2,245,2024-05-23 11:25:00,1,0,0.4046621024608612
cnn,random_search,2,246,2024-05-23 11:30:00,1,0,0.43525049090385437
cnn,random_search,2,247,2024-05-23 11:35:00,1,0,0.4439822733402252
cnn,random_search,2,248,2024-05-23 11:40:00,1,0,0.4488736391067505
cnn,random_search,2,249,2024-05-23 11:45:00,1,0,0.4761403799057007
cnn,random_search,2,250,2024-05-23 11:50:00,1,0,0.4821106195449829
cnn,random_search,2,251,2024-05-23 11:55:00,1,0,0.45727741718292236
cnn,random_search,2,252,2024-05-23 12:00:00,1,1,0.5134880542755127
cnn,random_search,2,253,2024-05-23 12:05:00,1,1,0.5341331362724304
cnn,random_search,2,254,2024-05-23 12:10:00,1,1,0.5230005979537964
cnn,random_search,2,255,2024-05-23 12:15:00,1,0,0.47913387417793274
cnn,random_search,2,256,2024-05-23 12:20:00,1,1,0.5007234811782837
cnn,random_search,2,257,2024-05-23 12:25:00,1,1,0.607847273349762
cnn,random_search,2,258,2024-05-23 12:30:00,1,1,0.5316582918167114
cnn,random_search,2,259,2024-05-23 12:35:00,1,1,0.5417807698249817
cnn,random_search,2,260,2024-05-23 12:40:00,1,1,0.5334230661392212
cnn,random_search,2,261,2024-05-23 12:45:00,1,1,0.5029312372207642
cnn,random_search,2,262,2024-05-23 12:50:00,1,1,0.5083420872688293
cnn,random_search,2,263,2024-05-23 12:55:00,1,1,0.552376925945282
cnn,random_search,2,264,2024-05-23 13:00:00,1,1,0.534644603729248
cnn,random_search,2,265,2024-05-23 13:05:00,1,1,0.5106601119041443
cnn,random_search,2,266,2024-05-23 13:10:00,1,0,0.43366771936416626
cnn,random_search,2,267,2024-05-23 13:15:00,1,0,0.46917515993118286
cnn,random_search,2,268,2024-05-23 13:20:00,1,1,0.5065096616744995
cnn,random_search,2,269,2024-05-23 13:25:00,0,1,0.53387850522995
cnn,random_search,2,270,2024-05-23 13:30:00,0,1,0.5368155241012573
cnn,random_search,2,271,2024-05-23 13:35:00,0,1,0.5031242370605469
cnn,random_search,2,272,2024-05-23 13:40:00,0,0,0.48387691378593445
cnn,random_search,2,273,2024-05-23 13:45:00,0,0,0.4521685838699341
cnn,random_search,2,274,2024-05-23 13:50:00,0,0,0.47277235984802246
cnn,random_search,2,275,2024-05-23 13:55:00,0,0,0.47456035017967224
cnn,random_search,2,276,2024-05-23 14:00:00,0,0,0.4933098554611206
cnn,random_search,2,277,2024-05-23 14:05:00,0,0,0.4989832043647766
cnn,random_search,2,278,2024-05-23 14:10:00,0,1,0.5336536169052124
cnn,random_search,2,279,2024-05-23 14:15:00,0,1,0.5105363726615906
cnn,random_search,2,280,2024-05-23 14:20:00,0,1,0.5108306407928467
cnn,random_search,2,281,2024-05-23 14:25:00,0,1,0.5430079102516174
cnn,random_search,2,282,2024-05-23 14:30:00,0,1,0.5444068312644958
cnn,random_search,2,283,2024-05-23 14:35:00,0,0,0.49230527877807617
cnn,random_search,2,284,2024-05-23 14:40:00,0,0,0.43015503883361816
cnn,random_search,2,285,2024-05-23 14:45:00,0,0,0.4290606677532196
cnn,random_search,2,286,2024-05-23 14:50:00,0,0,0.43893271684646606
cnn,random_search,2,287,2024-05-23 14:55:00,0,0,0.40711769461631775
cnn,random_search,2,288,2024-05-23 15:00:00,1,0,0.3759474754333496
cnn,random_search,2,289,2024-05-23 15:00:00,1,0,0.3770565092563629
cnn,random_search,2,290,2024-05-23 15:05:00,1,0,0.4314870238304138
cnn,random_search,2,291,2024-05-23 15:05:00,1,0,0.4395689070224762
cnn,random_search,2,292,2024-05-23 15:10:00,1,0,0.4730142056941986
cnn,random_search,2,293,2024-05-23 15:10:00,1,0,0.4542042911052704
cnn,random_search,2,294,2024-05-23 15:15:00,1,0,0.4717049300670624
cnn,random_search,2,295,2024-05-23 15:15:00,1,0,0.4765559136867523
cnn,random_search,2,296,2024-05-23 15:20:00,1,0,0.4728536903858185
cnn,random_search,2,297,2024-05-23 15:20:00,1,0,0.4596598148345947
cnn,random_search,2,298,2024-05-23 15:25:00,1,0,0.49234122037887573
cnn,random_search,2,299,2024-05-23 15:25:00,1,0,0.4799761176109314
cnn,random_search,2,300,2024-05-23 15:30:00,1,0,0.49243855476379395
cnn,random_search,2,301,2024-05-23 15:30:00,1,0,0.49890443682670593
cnn,random_search,2,302,2024-05-23 15:35:00,1,1,0.533951461315155
cnn,random_search,2,303,2024-05-23 15:35:00,1,1,0.5274665951728821
cnn,random_search,2,304,2024-05-23 15:40:00,1,1,0.523150622844696
cnn,random_search,2,305,2024-05-23 15:40:00,1,1,0.5372477173805237
cnn,random_search,2,306,2024-05-23 15:45:00,1,0,0.4957481026649475
cnn,random_search,2,307,2024-05-23 15:45:00,1,1,0.5020369291305542
cnn,random_search,2,308,2024-05-23 15:50:00,1,0,0.494189977645874
cnn,random_search,2,309,2024-05-23 15:50:00,1,0,0.48543983697891235
cnn,random_search,2,310,2024-05-23 15:55:00,1,0,0.4970114529132843
cnn,random_search,2,311,2024-05-23 15:55:00,1,1,0.5018855333328247
cnn,random_search,2,312,2024-05-23 16:00:00,1,1,0.5043209195137024
cnn,random_search,2,313,2024-05-23 16:00:00,1,1,0.5051839351654053
cnn,random_search,2,314,2024-05-23 16:05:00,1,1,0.5109241008758545
cnn,random_search,2,315,2024-05-23 16:05:00,1,1,0.5041089057922363
cnn,random_search,2,316,2024-05-23 16:10:00,1,1,0.5151582956314087
cnn,random_search,2,317,2024-05-23 16:10:00,1,1,0.5161256790161133
cnn,random_search,2,318,2024-05-23 16:15:00,1,1,0.5334157347679138
cnn,random_search,2,319,2024-05-23 16:15:00,1,1,0.5339441895484924
cnn,random_search,2,320,2024-05-23 16:20:00,1,1,0.5607360601425171
cnn,random_search,2,321,2024-05-23 16:20:00,1,1,0.5444811582565308
cnn,random_search,2,322,2024-05-23 16:25:00,1,1,0.5364777445793152
cnn,random_search,2,323,2024-05-23 16:25:00,1,1,0.5235051512718201
cnn,random_search,2,324,2024-05-23 16:30:00,1,1,0.5458311438560486
cnn,random_search,2,325,2024-05-23 16:30:00,1,1,0.5240674614906311
cnn,random_search,2,326,2024-05-23 16:35:00,1,0,0.4998131990432739
cnn,random_search,2,327,2024-05-23 16:35:00,1,0,0.49961400032043457
cnn,random_search,2,328,2024-05-23 16:40:00,1,1,0.5236514210700989
cnn,random_search,2,329,2024-05-23 16:40:00,1,1,0.5251689553260803
cnn,random_search,2,330,2024-05-23 16:45:00,1,1,0.5498737692832947
cnn,random_search,2,331,2024-05-23 16:45:00,1,1,0.549446165561676
cnn,random_search,2,332,2024-05-23 16:50:00,1,1,0.5110533237457275
cnn,random_search,2,333,2024-05-23 16:50:00,1,1,0.5155559778213501
cnn,random_search,2,334,2024-05-23 16:55:00,1,1,0.5071908831596375
cnn,random_search,2,335,2024-05-23 16:55:00,1,1,0.5114893913269043
cnn,random_search,2,336,2024-05-23 17:00:00,1,1,0.5362483263015747
cnn,random_search,2,337,2024-05-23 17:00:00,1,1,0.5386399626731873
cnn,random_search,2,338,2024-05-23 17:05:00,1,1,0.5456644892692566
cnn,random_search,2,339,2024-05-23 17:05:00,1,1,0.5707061886787415
cnn,random_search,2,340,2024-05-23 17:10:00,1,1,0.5690304040908813
cnn,random_search,2,341,2024-05-23 17:10:00,1,1,0.5547757148742676
cnn,random_search,2,342,2024-05-23 17:15:00,1,1,0.571903645992279
cnn,random_search,2,343,2024-05-23 17:15:00,1,1,0.5602028965950012
cnn,random_search,2,344,2024-05-23 17:20:00,1,1,0.547417938709259
cnn,random_search,2,345,2024-05-23 17:20:00,1,1,0.5453416705131531
cnn,random_search,2,346,2024-05-23 17:25:00,1,1,0.5901913642883301
cnn,random_search,2,347,2024-05-23 17:25:00,1,1,0.5685017108917236
cnn,random_search,2,348,2024-05-23 17:30:00,1,1,0.5596675872802734
cnn,random_search,2,349,2024-05-23 17:30:00,1,1,0.54310542345047
cnn,random_search,2,350,2024-05-23 17:35:00,1,1,0.56839519739151
cnn,random_search,2,351,2024-05-23 17:35:00,1,1,0.5461008548736572
cnn,random_search,2,352,2024-05-23 17:40:00,1,1,0.5220751166343689
cnn,random_search,2,353,2024-05-23 17:40:00,1,1,0.5311925411224365
cnn,random_search,2,354,2024-05-23 17:45:00,1,1,0.5039128661155701
cnn,random_search,2,355,2024-05-23 17:45:00,1,1,0.5075882077217102
cnn,random_search,2,356,2024-05-23 17:50:00,1,0,0.4889032542705536
cnn,random_search,2,357,2024-05-23 17:50:00,1,0,0.48787009716033936
cnn,random_search,2,358,2024-05-23 17:55:00,1,0,0.46463897824287415
cnn,random_search,2,359,2024-05-23 17:55:00,1,0,0.4520593285560608
cnn,random_search,2,360,2024-05-24 10:40:00,0,1,0.5611827373504639
cnn,random_search,2,361,2024-05-24 10:40:00,0,1,0.5584599375724792
cnn,random_search,2,362,2024-05-24 10:45:00,0,1,0.5695456862449646
cnn,random_search,2,363,2024-05-24 10:45:00,0,1,0.5702688694000244
cnn,random_search,2,364,2024-05-24 10:50:00,0,0,0.4824061095714569
cnn,random_search,2,365,2024-05-24 10:50:00,0,0,0.48288074135780334
cnn,random_search,2,366,2024-05-24 10:55:00,0,0,0.4697266221046448
cnn,random_search,2,367,2024-05-24 10:55:00,0,0,0.4750458300113678
cnn,random_search,2,368,2024-05-24 11:00:00,0,0,0.4639623463153839
cnn,random_search,2,369,2024-05-24 11:00:00,0,0,0.4713616371154785
cnn,random_search,2,370,2024-05-24 11:05:00,0,1,0.5044758915901184
cnn,random_search,2,371,2024-05-24 11:05:00,0,1,0.504094660282135
cnn,random_search,2,372,2024-05-24 11:10:00,0,1,0.5560133457183838
cnn,random_search,2,373,2024-05-24 11:10:00,0,1,0.5437687039375305
cnn,random_search,2,374,2024-05-24 11:15:00,0,1,0.5489075183868408
cnn,random_search,2,375,2024-05-24 11:15:00,0,1,0.5323938131332397
cnn,random_search,2,376,2024-05-24 11:20:00,0,1,0.5184729099273682
cnn,random_search,2,377,2024-05-24 11:20:00,1,1,0.5378687381744385
cnn,random_search,2,378,2024-05-24 11:25:00,0,1,0.5542238354682922
cnn,random_search,2,379,2024-05-24 11:25:00,0,1,0.5660390257835388
cnn,random_search,2,380,2024-05-24 11:30:00,0,1,0.5549999475479126
cnn,random_search,2,381,2024-05-24 11:30:00,0,1,0.5467424392700195
cnn,random_search,2,382,2024-05-24 11:35:00,0,0,0.49332866072654724
cnn,random_search,2,383,2024-05-24 11:35:00,0,0,0.4926314949989319
cnn,random_search,2,384,2024-05-24 11:40:00,0,0,0.45196789503097534
cnn,random_search,2,385,2024-05-24 11:40:00,0,0,0.42912256717681885
cnn,random_search,2,386,2024-05-24 11:45:00,0,0,0.46522077918052673
cnn,random_search,2,387,2024-05-24 11:45:00,1,0,0.4599542021751404
cnn,random_search,2,388,2024-05-24 11:50:00,0,1,0.5306236743927002
cnn,random_search,2,389,2024-05-24 11:50:00,0,1,0.522366464138031
cnn,random_search,2,390,2024-05-24 11:55:00,0,1,0.508796215057373
cnn,random_search,2,391,2024-05-24 11:55:00,0,1,0.5120348930358887
cnn,random_search,2,392,2024-05-24 12:00:00,0,0,0.4833289086818695
cnn,random_search,2,393,2024-05-24 12:00:00,0,0,0.479442298412323
cnn,random_search,2,394,2024-05-24 12:05:00,0,1,0.5075008869171143
cnn,random_search,2,395,2024-05-24 12:05:00,0,0,0.48921534419059753
cnn,random_search,2,396,2024-05-24 12:10:00,0,0,0.47473353147506714
cnn,random_search,2,397,2024-05-24 12:10:00,0,0,0.45432737469673157
cnn,random_search,2,398,2024-05-24 12:15:00,0,0,0.4786642789840698
cnn,random_search,2,399,2024-05-24 12:15:00,0,0,0.47313424944877625
cnn,random_search,2,400,2024-05-24 12:20:00,0,0,0.4725145697593689
cnn,random_search,2,401,2024-05-24 12:20:00,0,0,0.45134079456329346
cnn,random_search,2,402,2024-05-24 12:25:00,0,0,0.4766709506511688
cnn,random_search,2,403,2024-05-24 12:25:00,0,0,0.42229151725769043
cnn,random_search,2,404,2024-05-24 12:30:00,0,0,0.46577268838882446
cnn,random_search,2,405,2024-05-24 12:30:00,0,0,0.47846880555152893
cnn,random_search,2,406,2024-05-24 12:35:00,0,0,0.4620051980018616
cnn,random_search,2,407,2024-05-24 12:35:00,0,0,0.45189255475997925
cnn,random_search,2,408,2024-05-24 12:40:00,0,0,0.4284348487854004
cnn,random_search,2,409,2024-05-24 12:40:00,0,0,0.43708449602127075
cnn,random_search,2,410,2024-05-24 12:45:00,0,0,0.43265387415885925
cnn,random_search,2,411,2024-05-24 12:45:00,0,0,0.42877256870269775
cnn,random_search,2,412,2024-05-24 12:50:00,0,0,0.4240404963493347
cnn,random_search,2,413,2024-05-24 12:50:00,0,0,0.44493401050567627
cnn,random_search,2,414,2024-05-24 12:55:00,0,0,0.45423623919487
cnn,random_search,2,415,2024-05-24 12:55:00,0,0,0.44310998916625977
cnn,random_search,2,416,2024-05-24 13:00:00,0,0,0.45564302802085876
cnn,random_search,2,417,2024-05-24 13:00:00,0,0,0.45448037981987
cnn,random_search,2,418,2024-05-24 13:05:00,0,0,0.48031002283096313
cnn,random_search,2,419,2024-05-24 13:05:00,0,0,0.46902066469192505
cnn,random_search,2,420,2024-05-24 13:10:00,0,1,0.5211865305900574
cnn,random_search,2,421,2024-05-24 13:10:00,0,1,0.5214517712593079
cnn,random_search,2,422,2024-05-24 13:15:00,0,1,0.5523583292961121
cnn,random_search,2,423,2024-05-24 13:15:00,0,1,0.5364834666252136
cnn,random_search,2,424,2024-05-24 13:20:00,0,1,0.7166121602058411
cnn,random_search,2,425,2024-05-24 13:20:00,0,1,0.5603195428848267
cnn,random_search,2,426,2024-05-24 13:25:00,0,1,0.5360723733901978
cnn,random_search,2,427,2024-05-24 13:25:00,0,1,0.5633354783058167
cnn,random_search,2,428,2024-05-24 13:30:00,0,1,0.5088706016540527
cnn,random_search,2,429,2024-05-24 13:30:00,0,1,0.513221263885498
cnn,random_search,2,430,2024-05-24 13:35:00,0,1,0.504364550113678
cnn,random_search,2,431,2024-05-24 13:35:00,0,1,0.5394996404647827
cnn,random_search,2,432,2024-05-24 13:40:00,0,0,0.49439549446105957
cnn,random_search,2,433,2024-05-24 13:40:00,0,1,0.5028353333473206
cnn,random_search,2,434,2024-05-24 13:45:00,0,0,0.4596969485282898
cnn,random_search,2,435,2024-05-24 13:45:00,0,0,0.48657530546188354
cnn,random_search,2,436,2024-05-24 13:50:00,0,0,0.4610181450843811
cnn,random_search,2,437,2024-05-24 13:50:00,0,0,0.4520435333251953
cnn,random_search,2,438,2024-05-24 13:55:00,0,0,0.4384779632091522
cnn,random_search,2,439,2024-05-24 13:55:00,0,0,0.4286995232105255
cnn,random_search,2,440,2024-05-24 14:00:00,0,0,0.3846905827522278
cnn,random_search,2,441,2024-05-24 14:00:00,0,0,0.43303051590919495
cnn,random_search,2,442,2024-05-24 14:05:00,0,0,0.4109589755535126
cnn,random_search,2,443,2024-05-24 14:05:00,0,0,0.4428586959838867
cnn,random_search,2,444,2024-05-24 14:10:00,0,0,0.4528281092643738
cnn,random_search,2,445,2024-05-24 14:10:00,0,0,0.4729063808917999
cnn,random_search,2,446,2024-05-24 14:15:00,0,0,0.47412487864494324
cnn,random_search,2,447,2024-05-24 14:15:00,0,0,0.4720037877559662
cnn,random_search,2,448,2024-05-24 14:20:00,0,0,0.45592957735061646
cnn,random_search,2,449,2024-05-24 14:20:00,1,0,0.44572457671165466
cnn,random_search,2,450,2024-05-24 14:25:00,0,0,0.4577322006225586
cnn,random_search,2,451,2024-05-24 14:25:00,1,0,0.44353732466697693
cnn,random_search,2,452,2024-05-24 14:30:00,0,0,0.4611647129058838
cnn,random_search,2,453,2024-05-24 14:30:00,1,0,0.4472254514694214
cnn,random_search,2,454,2024-05-24 14:35:00,1,1,0.5022832155227661
cnn,random_search,2,455,2024-05-24 14:35:00,0,1,0.5069136619567871
cnn,random_search,2,456,2024-05-24 14:40:00,0,1,0.5137031674385071
cnn,random_search,2,457,2024-05-24 14:40:00,1,1,0.5159574151039124
cnn,random_search,2,458,2024-05-24 14:45:00,0,1,0.5205774307250977
cnn,random_search,2,459,2024-05-24 14:45:00,1,1,0.5650789141654968
cnn,random_search,2,460,2024-05-24 14:50:00,0,1,0.5240376591682434
cnn,random_search,2,461,2024-05-24 14:50:00,1,1,0.5302435159683228
cnn,random_search,2,462,2024-05-24 14:55:00,0,1,0.5275655388832092
cnn,random_search,2,463,2024-05-24 14:55:00,1,1,0.551284909248352
cnn,random_search,2,464,2024-05-24 15:00:00,0,1,0.5397551655769348
cnn,random_search,2,465,2024-05-24 15:00:00,0,1,0.516241729259491
cnn,random_search,2,466,2024-05-24 15:05:00,0,0,0.46645990014076233
cnn,random_search,2,467,2024-05-24 15:05:00,0,0,0.4713435173034668
cnn,random_search,2,468,2024-05-24 15:10:00,0,0,0.4321083724498749
cnn,random_search,2,469,2024-05-24 15:10:00,0,0,0.4421476423740387
cnn,random_search,2,470,2024-05-24 15:15:00,0,0,0.423984169960022
cnn,random_search,2,471,2024-05-24 15:15:00,0,0,0.44341713190078735
cnn,random_search,2,472,2024-05-24 15:20:00,0,0,0.4216531813144684
cnn,random_search,2,473,2024-05-24 15:20:00,0,0,0.42919546365737915
cnn,random_search,2,474,2024-05-24 15:25:00,0,0,0.27927520871162415
cnn,random_search,2,475,2024-05-24 15:25:00,0,0,0.39969757199287415
cnn,random_search,2,476,2024-05-24 15:30:00,0,0,0.33206772804260254
cnn,random_search,2,477,2024-05-24 15:30:00,0,0,0.4074423909187317
cnn,random_search,2,478,2024-05-24 15:35:00,0,0,0.41609737277030945
cnn,random_search,2,479,2024-05-24 15:35:00,0,0,0.40891745686531067
cnn,random_search,2,480,2024-05-24 15:40:00,0,0,0.36038699746131897
cnn,random_search,2,481,2024-05-24 15:40:00,0,0,0.3671824634075165
cnn,random_search,2,482,2024-05-24 15:45:00,0,0,0.40057501196861267
cnn,random_search,2,483,2024-05-24 15:45:00,0,0,0.4156697392463684
cnn,random_search,2,484,2024-05-24 15:50:00,0,0,0.44719722867012024
cnn,random_search,2,485,2024-05-24 15:50:00,0,0,0.4086623191833496
cnn,random_search,2,486,2024-05-24 15:55:00,0,0,0.44034427404403687
cnn,random_search,2,487,2024-05-24 15:55:00,0,0,0.4475674033164978
cnn,random_search,2,488,2024-05-24 16:00:00,0,0,0.44584161043167114
cnn,random_search,2,489,2024-05-24 16:00:00,1,0,0.4328845739364624
cnn,random_search,2,490,2024-05-24 16:05:00,1,0,0.35897499322891235
cnn,random_search,2,491,2024-05-24 16:05:00,0,0,0.41108229756355286
cnn,random_search,2,492,2024-05-24 16:10:00,0,0,0.4599986970424652
cnn,random_search,2,493,2024-05-24 16:10:00,1,0,0.4308873414993286
cnn,random_search,2,494,2024-05-24 16:15:00,1,0,0.45849519968032837
cnn,random_search,2,495,2024-05-24 16:15:00,0,0,0.4702101945877075
cnn,random_search,2,496,2024-05-24 16:20:00,0,0,0.476742684841156
cnn,random_search,2,497,2024-05-24 16:20:00,1,0,0.4583899676799774
cnn,random_search,2,498,2024-05-24 16:25:00,0,1,0.5183175206184387
cnn,random_search,2,499,2024-05-24 16:25:00,1,1,0.5182550549507141
cnn,random_search,2,500,2024-05-24 16:30:00,0,1,0.5285650491714478
cnn,random_search,2,501,2024-05-24 16:30:00,1,1,0.5544939637184143
cnn,random_search,2,502,2024-05-24 16:35:00,1,1,0.5550416707992554
cnn,random_search,2,503,2024-05-24 16:35:00,0,1,0.5492278337478638
cnn,random_search,2,504,2024-05-24 16:40:00,1,1,0.5304234623908997
cnn,random_search,2,505,2024-05-24 16:40:00,0,1,0.533004641532898
cnn,random_search,2,506,2024-05-24 16:45:00,1,1,0.5323982238769531
cnn,random_search,2,507,2024-05-24 16:45:00,0,1,0.5208127498626709
cnn,random_search,2,508,2024-05-24 16:50:00,0,1,0.5160757899284363
cnn,random_search,2,509,2024-05-24 16:50:00,1,1,0.6491297483444214
cnn,random_search,2,510,2024-05-24 16:55:00,0,0,0.47702378034591675
cnn,random_search,2,511,2024-05-24 16:55:00,1,0,0.4779305160045624
cnn,random_search,2,512,2024-05-24 17:00:00,0,0,0.45879843831062317
cnn,random_search,2,513,2024-05-24 17:00:00,1,0,0.4366644024848938
cnn,random_search,2,514,2024-05-24 17:05:00,1,0,0.4190340042114258
cnn,random_search,2,515,2024-05-24 17:05:00,0,0,0.4453742504119873
cnn,random_search,2,516,2024-05-24 17:10:00,1,0,0.43273162841796875
cnn,random_search,2,517,2024-05-24 17:10:00,0,0,0.4466080069541931
cnn,random_search,2,518,2024-05-24 17:15:00,1,0,0.35144445300102234
cnn,random_search,2,519,2024-05-24 17:15:00,0,0,0.42330434918403625
cnn,random_search,2,520,2024-05-24 17:20:00,0,0,0.4515986740589142
cnn,random_search,2,521,2024-05-24 17:20:00,1,0,0.4381312429904938
cnn,random_search,2,522,2024-05-24 17:25:00,1,0,0.4778349697589874
cnn,random_search,2,523,2024-05-24 17:25:00,0,0,0.48328161239624023
cnn,random_search,2,524,2024-05-24 17:30:00,0,1,0.510039746761322
cnn,random_search,2,525,2024-05-24 17:30:00,1,1,0.5043481588363647
cnn,random_search,2,526,2024-05-24 17:35:00,0,1,0.5062211155891418
cnn,random_search,2,527,2024-05-24 17:35:00,1,1,0.5632601976394653
cnn,random_search,2,528,2024-05-24 17:40:00,0,0,0.49896159768104553
cnn,random_search,2,529,2024-05-24 17:40:00,1,1,0.5083858966827393
cnn,random_search,2,530,2024-05-24 17:45:00,0,0,0.49717339873313904
cnn,random_search,2,531,2024-05-24 17:45:00,1,0,0.49715107679367065
cnn,random_search,2,532,2024-05-24 17:50:00,1,0,0.4833092987537384
cnn,random_search,2,533,2024-05-24 17:50:00,0,1,0.5018256306648254
cnn,random_search,2,534,2024-05-24 17:55:00,0,0,0.46505746245384216
cnn,random_search,2,535,2024-05-24 17:55:00,0,0,0.4574487805366516
cnn,random_search,2,536,2024-05-27 10:40:00,0,0,0.4431433081626892
cnn,random_search,2,537,2024-05-27 10:45:00,0,1,0.5315170288085938
cnn,random_search,2,538,2024-05-27 10:50:00,0,0,0.49250295758247375
cnn,random_search,2,539,2024-05-27 10:55:00,0,0,0.44284069538116455
cnn,random_search,2,540,2024-05-27 11:00:00,0,0,0.4698827564716339
cnn,random_search,2,541,2024-05-27 11:05:00,0,0,0.44127196073532104
cnn,random_search,2,542,2024-05-27 11:10:00,0,0,0.43170663714408875
cnn,random_search,2,543,2024-05-27 11:15:00,0,0,0.4239708185195923
cnn,random_search,2,544,2024-05-27 11:20:00,0,0,0.4825703799724579
cnn,random_search,2,545,2024-05-27 11:25:00,0,0,0.47405022382736206
cnn,random_search,2,546,2024-05-27 11:30:00,1,0,0.4447842240333557
cnn,random_search,2,547,2024-05-27 11:30:00,1,0,0.4534202814102173
cnn,random_search,2,548,2024-05-27 11:35:00,1,0,0.4460517466068268
cnn,random_search,2,549,2024-05-27 11:35:00,1,0,0.4369695782661438
cnn,random_search,2,550,2024-05-27 11:40:00,1,0,0.49835771322250366
cnn,random_search,2,551,2024-05-27 11:40:00,1,0,0.495482861995697
cnn,random_search,2,552,2024-05-27 11:45:00,1,1,0.5085951685905457
cnn,random_search,2,553,2024-05-27 11:45:00,1,1,0.5085606575012207
cnn,random_search,2,554,2024-05-27 11:50:00,1,1,0.5056618452072144
cnn,random_search,2,555,2024-05-27 11:50:00,1,1,0.5023412704467773
cnn,random_search,2,556,2024-05-27 11:55:00,1,1,0.5190792083740234
cnn,random_search,2,557,2024-05-27 11:55:00,1,1,0.5161282420158386
cnn,random_search,2,558,2024-05-27 12:00:00,1,1,0.5041673183441162
cnn,random_search,2,559,2024-05-27 12:00:00,1,1,0.5094760656356812
cnn,random_search,2,560,2024-05-27 12:05:00,1,1,0.5430743098258972
cnn,random_search,2,561,2024-05-27 12:05:00,1,1,0.5312274098396301
cnn,random_search,2,562,2024-05-27 12:10:00,1,1,0.5591176748275757
cnn,random_search,2,563,2024-05-27 12:10:00,1,1,0.5496852397918701
cnn,random_search,2,564,2024-05-27 12:15:00,1,1,0.5546709299087524
cnn,random_search,2,565,2024-05-27 12:15:00,1,1,0.5368627905845642
cnn,random_search,2,566,2024-05-27 12:20:00,1,1,0.5608081221580505
cnn,random_search,2,567,2024-05-27 12:20:00,1,1,0.5504295229911804
cnn,random_search,2,568,2024-05-27 12:25:00,1,1,0.5424246191978455
cnn,random_search,2,569,2024-05-27 12:30:00,1,1,0.5829006433486938
cnn,random_search,2,570,2024-05-27 12:30:00,1,1,0.5463714003562927
cnn,random_search,2,571,2024-05-27 12:35:00,1,1,0.5398587584495544
cnn,random_search,2,572,2024-05-27 12:35:00,1,1,0.5332898497581482
cnn,random_search,2,573,2024-05-27 12:40:00,1,1,0.5473244190216064
cnn,random_search,2,574,2024-05-27 12:40:00,1,1,0.5521045923233032
cnn,random_search,2,575,2024-05-27 12:45:00,1,1,0.529737651348114
cnn,random_search,2,576,2024-05-27 12:45:00,1,1,0.5241066217422485
cnn,random_search,2,577,2024-05-27 12:50:00,1,0,0.4943687319755554
cnn,random_search,2,578,2024-05-27 12:50:00,1,0,0.4691463112831116
cnn,random_search,2,579,2024-05-27 12:55:00,1,1,0.5184217095375061
cnn,random_search,2,580,2024-05-27 12:55:00,1,1,0.515578031539917
cnn,random_search,2,581,2024-05-27 13:00:00,1,1,0.5131433606147766
cnn,random_search,2,582,2024-05-27 13:05:00,1,0,0.4901689887046814
cnn,random_search,2,583,2024-05-27 13:05:00,1,0,0.489644318819046
cnn,random_search,2,584,2024-05-27 13:10:00,1,0,0.4808468520641327
cnn,random_search,2,585,2024-05-27 13:10:00,1,0,0.486682653427124
cnn,random_search,2,586,2024-05-27 13:15:00,1,1,0.521382212638855
cnn,random_search,2,587,2024-05-27 13:15:00,1,1,0.5151368975639343
cnn,random_search,2,588,2024-05-27 13:20:00,1,1,0.5046151280403137
cnn,random_search,2,589,2024-05-27 13:20:00,1,1,0.509655773639679
cnn,random_search,2,590,2024-05-27 13:25:00,1,1,0.5148761868476868
cnn,random_search,2,591,2024-05-27 13:25:00,1,1,0.5237902402877808
cnn,random_search,2,592,2024-05-27 13:30:00,1,1,0.5179457068443298
cnn,random_search,2,593,2024-05-27 13:35:00,1,1,0.5204388499259949
cnn,random_search,2,594,2024-05-27 13:40:00,1,1,0.5438643097877502
cnn,random_search,2,595,2024-05-27 13:40:00,1,1,0.5325713753700256
cnn,random_search,2,596,2024-05-27 13:45:00,1,1,0.5569956302642822
cnn,random_search,2,597,2024-05-27 13:45:00,1,1,0.5404520630836487
cnn,random_search,2,598,2024-05-27 13:50:00,1,1,0.5236809849739075
cnn,random_search,2,599,2024-05-27 13:50:00,1,1,0.5248205065727234
cnn,random_search,2,600,2024-05-27 13:55:00,1,1,0.5169880986213684
cnn,random_search,2,601,2024-05-27 13:55:00,1,1,0.5239580273628235
cnn,random_search,2,602,2024-05-27 14:00:00,1,1,0.534949779510498
cnn,random_search,2,603,2024-05-27 14:00:00,1,1,0.5386384725570679
cnn,random_search,2,604,2024-05-27 14:05:00,1,1,0.5719720125198364
cnn,random_search,2,605,2024-05-27 14:05:00,0,1,0.5572181940078735
cnn,random_search,2,606,2024-05-27 14:10:00,0,1,0.5426791906356812
cnn,random_search,2,607,2024-05-27 14:10:00,0,1,0.5800266861915588
cnn,random_search,2,608,2024-05-27 14:15:00,0,1,0.5026655197143555
cnn,random_search,2,609,2024-05-27 14:15:00,0,1,0.5063965320587158
cnn,random_search,2,610,2024-05-27 14:20:00,0,0,0.4689021706581116
cnn,random_search,2,611,2024-05-27 14:20:00,0,0,0.47189369797706604
cnn,random_search,2,612,2024-05-27 14:25:00,0,0,0.4408728778362274
cnn,random_search,2,613,2024-05-27 14:25:00,0,0,0.44738101959228516
cnn,random_search,2,614,2024-05-27 14:30:00,0,0,0.43620720505714417
cnn,random_search,2,615,2024-05-27 14:30:00,1,0,0.4388682246208191
cnn,random_search,2,616,2024-05-27 14:35:00,0,0,0.3360118865966797
cnn,random_search,2,617,2024-05-27 14:35:00,1,0,0.42085468769073486
cnn,random_search,2,618,2024-05-27 14:40:00,1,0,0.45102056860923767
cnn,random_search,2,619,2024-05-27 14:40:00,0,0,0.40397706627845764
cnn,random_search,2,620,2024-05-27 14:45:00,0,1,0.5052620768547058
cnn,random_search,2,621,2024-05-27 14:45:00,1,1,0.5029252171516418
cnn,random_search,2,622,2024-05-27 14:50:00,0,0,0.4909132719039917
cnn,random_search,2,623,2024-05-27 14:50:00,1,0,0.4876667261123657
cnn,random_search,2,624,2024-05-27 14:55:00,0,0,0.48295846581459045
cnn,random_search,2,625,2024-05-27 14:55:00,1,0,0.48159998655319214
cnn,random_search,2,626,2024-05-27 15:00:00,1,0,0.4997958242893219
cnn,random_search,2,627,2024-05-27 15:00:00,0,1,0.5124697089195251
cnn,random_search,2,628,2024-05-27 15:05:00,0,1,0.5329852104187012
cnn,random_search,2,629,2024-05-27 15:05:00,1,0,0.4936853051185608
cnn,random_search,2,630,2024-05-27 15:10:00,1,0,0.4910615384578705
cnn,random_search,2,631,2024-05-27 15:10:00,1,0,0.4916909635066986
cnn,random_search,2,632,2024-05-27 15:15:00,1,1,0.5008389353752136
cnn,random_search,2,633,2024-05-27 15:15:00,1,1,0.5097634792327881
cnn,random_search,2,634,2024-05-27 15:20:00,1,1,0.524494469165802
cnn,random_search,2,635,2024-05-27 15:20:00,1,1,0.5244604349136353
cnn,random_search,2,636,2024-05-27 15:25:00,1,1,0.5459602475166321
cnn,random_search,2,637,2024-05-27 15:25:00,1,1,0.6432130336761475
cnn,random_search,2,638,2024-05-27 15:30:00,1,1,0.5347722768783569
cnn,random_search,2,639,2024-05-27 15:30:00,1,1,0.5689098238945007
cnn,random_search,2,640,2024-05-27 15:35:00,1,1,0.5100075006484985
cnn,random_search,2,641,2024-05-27 15:35:00,1,1,0.5334345102310181
cnn,random_search,2,642,2024-05-27 15:40:00,1,0,0.4995656907558441
cnn,random_search,2,643,2024-05-27 15:40:00,1,0,0.49157923460006714
cnn,random_search,2,644,2024-05-27 15:45:00,1,0,0.4842202365398407
cnn,random_search,2,645,2024-05-27 15:45:00,1,0,0.4616295099258423
cnn,random_search,2,646,2024-05-27 15:50:00,1,0,0.4778185784816742
cnn,random_search,2,647,2024-05-27 15:50:00,1,0,0.42349374294281006
cnn,random_search,2,648,2024-05-27 15:55:00,1,0,0.4757159650325775
cnn,random_search,2,649,2024-05-27 15:55:00,1,0,0.4590091109275818
cnn,random_search,2,650,2024-05-27 16:00:00,1,1,0.5288816690444946
cnn,random_search,2,651,2024-05-27 16:00:00,1,1,0.5464997887611389
cnn,random_search,2,652,2024-05-27 16:05:00,1,1,0.5544654726982117
cnn,random_search,2,653,2024-05-27 16:05:00,1,1,0.5580136179924011
cnn,random_search,2,654,2024-05-27 16:10:00,1,1,0.5410684943199158
cnn,random_search,2,655,2024-05-27 16:10:00,1,1,0.5570734143257141
cnn,random_search,2,656,2024-05-27 16:15:00,1,1,0.5826619863510132
cnn,random_search,2,657,2024-05-27 16:15:00,1,1,0.5391535758972168
cnn,random_search,2,658,2024-05-27 16:20:00,1,1,0.5418898463249207
cnn,random_search,2,659,2024-05-27 16:20:00,0,1,0.5764438509941101
cnn,random_search,2,660,2024-05-27 16:25:00,1,1,0.5285471677780151
cnn,random_search,2,661,2024-05-27 16:25:00,0,1,0.5397699475288391
cnn,random_search,2,662,2024-05-27 16:30:00,0,1,0.5214826464653015
cnn,random_search,2,663,2024-05-27 16:30:00,1,1,0.5288927555084229
cnn,random_search,2,664,2024-05-27 16:35:00,0,1,0.5308854579925537
cnn,random_search,2,665,2024-05-27 16:35:00,1,1,0.5265578031539917
cnn,random_search,2,666,2024-05-27 16:40:00,0,1,0.5063895583152771
cnn,random_search,2,667,2024-05-27 16:40:00,1,1,0.5075477957725525
cnn,random_search,2,668,2024-05-27 16:45:00,1,1,0.5095232725143433
cnn,random_search,2,669,2024-05-27 16:45:00,0,1,0.5278306603431702
cnn,random_search,2,670,2024-05-27 16:50:00,1,1,0.5200565457344055
cnn,random_search,2,671,2024-05-27 16:50:00,0,1,0.5345264077186584
cnn,random_search,2,672,2024-05-27 16:55:00,0,1,0.5219323635101318
cnn,random_search,2,673,2024-05-27 16:55:00,1,1,0.5203561782836914
cnn,random_search,2,674,2024-05-27 17:00:00,0,1,0.5381905436515808
cnn,random_search,2,675,2024-05-27 17:00:00,1,1,0.5184404850006104
cnn,random_search,2,676,2024-05-27 17:05:00,0,0,0.49441927671432495
cnn,random_search,2,677,2024-05-27 17:05:00,1,1,0.5016669034957886
cnn,random_search,2,678,2024-05-27 17:10:00,1,0,0.4787677228450775
cnn,random_search,2,679,2024-05-27 17:10:00,0,0,0.4425690472126007
cnn,random_search,2,680,2024-05-27 17:15:00,1,1,0.5064122080802917
cnn,random_search,2,681,2024-05-27 17:15:00,1,0,0.4784271717071533
cnn,random_search,2,682,2024-05-27 17:20:00,1,0,0.49327516555786133
cnn,random_search,2,683,2024-05-27 17:20:00,1,0,0.4913385212421417
cnn,random_search,2,684,2024-05-27 17:25:00,1,1,0.5106551051139832
cnn,random_search,2,685,2024-05-27 17:25:00,1,0,0.49151137471199036
cnn,random_search,2,686,2024-05-27 17:30:00,1,1,0.511673092842102
cnn,random_search,2,687,2024-05-27 17:30:00,1,1,0.5228474736213684
cnn,random_search,2,688,2024-05-27 17:35:00,1,1,0.5111228823661804
cnn,random_search,2,689,2024-05-27 17:35:00,1,1,0.5163058638572693
cnn,random_search,2,690,2024-05-27 17:40:00,1,1,0.5279422998428345
cnn,random_search,2,691,2024-05-27 17:40:00,1,1,0.600615382194519
cnn,random_search,2,692,2024-05-27 17:45:00,1,1,0.5239516496658325
cnn,random_search,2,693,2024-05-27 17:45:00,1,1,0.532440721988678
cnn,random_search,2,694,2024-05-27 17:50:00,1,1,0.5249695777893066
cnn,random_search,2,695,2024-05-27 17:50:00,1,1,0.5200982093811035
cnn,random_search,2,696,2024-05-27 17:55:00,1,0,0.499258428812027
cnn,random_search,2,697,2024-05-27 17:55:00,0,0,0.4970545172691345
cnn,random_search,2,698,2024-05-28 10:40:00,0,0,0.34749993681907654
cnn,random_search,2,699,2024-05-28 10:45:00,0,0,0.38642236590385437
cnn,random_search,2,700,2024-05-28 10:50:00,0,0,0.39037051796913147
cnn,random_search,2,701,2024-05-28 10:55:00,0,0,0.37477609515190125
cnn,random_search,2,702,2024-05-28 11:00:00,0,0,0.39546459913253784
cnn,random_search,2,703,2024-05-28 11:05:00,0,0,0.45208626985549927
cnn,random_search,2,704,2024-05-28 11:10:00,0,0,0.44966641068458557
cnn,random_search,2,705,2024-05-28 11:15:00,0,0,0.43948110938072205
cnn,random_search,2,706,2024-05-28 11:20:00,0,0,0.46163156628608704
cnn,random_search,2,707,2024-05-28 11:25:00,0,0,0.4631402790546417
cnn,random_search,2,708,2024-05-28 11:30:00,0,0,0.4475816786289215
cnn,random_search,2,709,2024-05-28 11:35:00,1,0,0.4162948727607727
cnn,random_search,2,710,2024-05-28 11:40:00,1,0,0.4646488130092621
cnn,random_search,2,711,2024-05-28 11:45:00,1,1,0.5000381469726562
cnn,random_search,2,712,2024-05-28 11:50:00,1,1,0.5091826319694519
cnn,random_search,2,713,2024-05-28 11:55:00,1,0,0.4821217656135559
cnn,random_search,2,714,2024-05-28 12:00:00,1,0,0.4734937250614166
cnn,random_search,2,715,2024-05-28 12:05:00,1,0,0.4644375443458557
cnn,random_search,2,716,2024-05-28 12:10:00,1,0,0.4956079125404358
cnn,random_search,2,717,2024-05-28 12:15:00,1,1,0.5066270232200623
cnn,random_search,2,718,2024-05-28 12:20:00,1,1,0.5469805002212524
cnn,random_search,2,719,2024-05-28 12:25:00,1,1,0.5487698912620544
cnn,random_search,2,720,2024-05-28 12:30:00,1,1,0.5310108661651611
cnn,random_search,2,721,2024-05-28 12:35:00,1,1,0.5374030470848083
cnn,random_search,2,722,2024-05-28 12:40:00,1,1,0.529090166091919
cnn,random_search,2,723,2024-05-28 12:45:00,1,1,0.5352932214736938
cnn,random_search,2,724,2024-05-28 12:50:00,1,1,0.5362995266914368
cnn,random_search,2,725,2024-05-28 12:55:00,1,1,0.5430058836936951
cnn,random_search,2,726,2024-05-28 13:00:00,0,1,0.5638798475265503
cnn,random_search,2,727,2024-05-28 13:00:00,0,1,0.5518313050270081
cnn,random_search,2,728,2024-05-28 13:05:00,0,1,0.5166559815406799
cnn,random_search,2,729,2024-05-28 13:05:00,0,1,0.5232481360435486
cnn,random_search,2,730,2024-05-28 13:10:00,0,0,0.4977147579193115
cnn,random_search,2,731,2024-05-28 13:10:00,0,1,0.5035390853881836
cnn,random_search,2,732,2024-05-28 13:15:00,0,0,0.4523576498031616
cnn,random_search,2,733,2024-05-28 13:15:00,0,0,0.45801985263824463
cnn,random_search,2,734,2024-05-28 13:20:00,0,0,0.4122452139854431
cnn,random_search,2,735,2024-05-28 13:20:00,0,0,0.39530235528945923
cnn,random_search,2,736,2024-05-28 13:25:00,0,0,0.42630717158317566
cnn,random_search,2,737,2024-05-28 13:25:00,0,0,0.4001275897026062
cnn,random_search,2,738,2024-05-28 13:30:00,0,0,0.4517526626586914
cnn,random_search,2,739,2024-05-28 13:30:00,0,0,0.4297502636909485
cnn,random_search,2,740,2024-05-28 13:35:00,0,0,0.46196743845939636
cnn,random_search,2,741,2024-05-28 13:35:00,0,0,0.44996166229248047
cnn,random_search,2,742,2024-05-28 13:40:00,0,0,0.4215642213821411
cnn,random_search,2,743,2024-05-28 13:40:00,0,0,0.46206530928611755
cnn,random_search,2,744,2024-05-28 13:45:00,0,0,0.4574424624443054
cnn,random_search,2,745,2024-05-28 13:45:00,0,0,0.45363983511924744
cnn,random_search,2,746,2024-05-28 13:50:00,0,0,0.4241613745689392
cnn,random_search,2,747,2024-05-28 13:50:00,0,0,0.4240906536579132
cnn,random_search,2,748,2024-05-28 13:55:00,0,0,0.3734174966812134
cnn,random_search,2,749,2024-05-28 13:55:00,0,0,0.37238484621047974
cnn,random_search,2,750,2024-05-28 14:00:00,0,0,0.3614574074745178
cnn,random_search,2,751,2024-05-28 14:00:00,0,0,0.3623288869857788
cnn,random_search,2,752,2024-05-28 14:05:00,0,0,0.39188629388809204
cnn,random_search,2,753,2024-05-28 14:05:00,0,0,0.3881477117538452
cnn,random_search,2,754,2024-05-28 14:10:00,0,0,0.40708616375923157
cnn,random_search,2,755,2024-05-28 14:10:00,0,0,0.40662315487861633
cnn,random_search,2,756,2024-05-28 14:15:00,0,0,0.4288524091243744
cnn,random_search,2,757,2024-05-28 14:15:00,0,0,0.43222716450691223
cnn,random_search,2,758,2024-05-28 14:20:00,0,0,0.462350070476532
cnn,random_search,2,759,2024-05-28 14:20:00,0,0,0.4649381637573242
cnn,random_search,2,760,2024-05-28 14:25:00,0,1,0.5017181634902954
cnn,random_search,2,761,2024-05-28 14:25:00,0,0,0.49474644660949707
cnn,random_search,2,762,2024-05-28 14:30:00,0,1,0.5007383823394775
cnn,random_search,2,763,2024-05-28 14:30:00,0,1,0.5002078413963318
cnn,random_search,2,764,2024-05-28 14:35:00,0,1,0.5036969184875488
cnn,random_search,2,765,2024-05-28 14:35:00,0,0,0.4994708001613617
cnn,random_search,2,766,2024-05-28 14:40:00,0,0,0.4742145538330078
cnn,random_search,2,767,2024-05-28 14:40:00,0,0,0.47367018461227417
cnn,random_search,2,768,2024-05-28 14:45:00,0,0,0.42889639735221863
cnn,random_search,2,769,2024-05-28 14:45:00,0,0,0.4340879023075104
cnn,random_search,2,770,2024-05-28 14:50:00,0,0,0.41019174456596375
cnn,random_search,2,771,2024-05-28 14:50:00,0,0,0.41182029247283936
cnn,random_search,2,772,2024-05-28 14:55:00,0,0,0.3639073967933655
cnn,random_search,2,773,2024-05-28 14:55:00,0,0,0.3708529770374298
cnn,random_search,2,774,2024-05-28 15:00:00,0,0,0.3829941749572754
cnn,random_search,2,775,2024-05-28 15:00:00,0,0,0.3880077600479126
cnn,random_search,2,776,2024-05-28 15:05:00,0,0,0.4418277144432068
cnn,random_search,2,777,2024-05-28 15:05:00,0,0,0.4495556652545929
cnn,random_search,2,778,2024-05-28 15:10:00,0,0,0.46093106269836426
cnn,random_search,2,779,2024-05-28 15:10:00,0,0,0.46143633127212524
cnn,random_search,2,780,2024-05-28 15:15:00,0,0,0.4361131191253662
cnn,random_search,2,781,2024-05-28 15:15:00,0,0,0.43785572052001953
cnn,random_search,2,782,2024-05-28 15:20:00,0,0,0.4112216830253601
cnn,random_search,2,783,2024-05-28 15:20:00,0,0,0.41467514634132385
cnn,random_search,2,784,2024-05-28 15:25:00,0,0,0.4324755370616913
cnn,random_search,2,785,2024-05-28 15:25:00,0,0,0.44062528014183044
cnn,random_search,2,786,2024-05-28 15:30:00,0,0,0.4120709002017975
cnn,random_search,2,787,2024-05-28 15:30:00,0,0,0.4047277271747589
cnn,random_search,2,788,2024-05-28 15:35:00,0,0,0.40424638986587524
cnn,random_search,2,789,2024-05-28 15:35:00,0,0,0.4033026397228241
cnn,random_search,2,790,2024-05-28 15:40:00,0,0,0.3827321231365204
cnn,random_search,2,791,2024-05-28 15:40:00,0,0,0.3988390564918518
cnn,random_search,2,792,2024-05-28 15:45:00,0,0,0.41147303581237793
cnn,random_search,2,793,2024-05-28 15:45:00,0,0,0.38613954186439514
cnn,random_search,2,794,2024-05-28 15:50:00,0,0,0.4433639943599701
cnn,random_search,2,795,2024-05-28 15:50:00,0,0,0.4336845576763153
cnn,random_search,2,796,2024-05-28 15:55:00,0,0,0.4909959137439728
cnn,random_search,2,797,2024-05-28 15:55:00,0,0,0.4840971529483795
cnn,random_search,2,798,2024-05-28 16:00:00,0,0,0.48162388801574707
cnn,random_search,2,799,2024-05-28 16:00:00,0,0,0.48509517312049866
cnn,random_search,2,800,2024-05-28 16:05:00,0,0,0.4668356478214264
cnn,random_search,2,801,2024-05-28 16:05:00,0,0,0.45245295763015747
cnn,random_search,2,802,2024-05-28 16:10:00,1,0,0.4570551812648773
cnn,random_search,2,803,2024-05-28 16:10:00,1,0,0.45218056440353394
cnn,random_search,2,804,2024-05-28 16:15:00,1,0,0.44951900839805603
cnn,random_search,2,805,2024-05-28 16:15:00,1,0,0.4378904104232788
cnn,random_search,2,806,2024-05-28 16:20:00,1,0,0.46665799617767334
cnn,random_search,2,807,2024-05-28 16:20:00,1,0,0.4536948502063751
cnn,random_search,2,808,2024-05-28 16:25:00,1,0,0.4966137111186981
cnn,random_search,2,809,2024-05-28 16:25:00,1,0,0.4885813295841217
cnn,random_search,2,810,2024-05-28 16:30:00,1,1,0.5151877999305725
cnn,random_search,2,811,2024-05-28 16:30:00,1,1,0.5114319324493408
cnn,random_search,2,812,2024-05-28 16:35:00,1,1,0.5217283368110657
cnn,random_search,2,813,2024-05-28 16:35:00,1,1,0.519294261932373
cnn,random_search,2,814,2024-05-28 16:40:00,1,1,0.5008205771446228
cnn,random_search,2,815,2024-05-28 16:40:00,1,1,0.5065843462944031
cnn,random_search,2,816,2024-05-28 16:45:00,1,1,0.5325212478637695
cnn,random_search,2,817,2024-05-28 16:45:00,1,1,0.5293073654174805
cnn,random_search,2,818,2024-05-28 16:50:00,1,1,0.5468970537185669
cnn,random_search,2,819,2024-05-28 16:50:00,0,1,0.5710980296134949
cnn,random_search,2,820,2024-05-28 16:55:00,0,1,0.5636903047561646
cnn,random_search,2,821,2024-05-28 16:55:00,0,1,0.5569747090339661
cnn,random_search,2,822,2024-05-28 17:00:00,0,1,0.5423662066459656
cnn,random_search,2,823,2024-05-28 17:00:00,0,1,0.5410491824150085
cnn,random_search,2,824,2024-05-28 17:05:00,0,1,0.5110240578651428
cnn,random_search,2,825,2024-05-28 17:05:00,0,1,0.5053444504737854
cnn,random_search,2,826,2024-05-28 17:10:00,0,0,0.4773707985877991
cnn,random_search,2,827,2024-05-28 17:10:00,0,0,0.4725463092327118
cnn,random_search,2,828,2024-05-28 17:15:00,0,0,0.4930315315723419
cnn,random_search,2,829,2024-05-28 17:15:00,0,0,0.4829886555671692
cnn,random_search,2,830,2024-05-28 17:20:00,0,0,0.45818087458610535
cnn,random_search,2,831,2024-05-28 17:20:00,0,0,0.48300328850746155
cnn,random_search,2,832,2024-05-28 17:25:00,0,0,0.4667297303676605
cnn,random_search,2,833,2024-05-28 17:25:00,0,0,0.4594150483608246
cnn,random_search,2,834,2024-05-28 17:30:00,0,0,0.4618249237537384
cnn,random_search,2,835,2024-05-28 17:30:00,0,0,0.4309917390346527
cnn,random_search,2,836,2024-05-28 17:35:00,0,0,0.45427197217941284
cnn,random_search,2,837,2024-05-28 17:35:00,0,0,0.4539584815502167
cnn,random_search,2,838,2024-05-28 17:40:00,0,0,0.4025595188140869
cnn,random_search,2,839,2024-05-28 17:40:00,0,0,0.3660607933998108
cnn,random_search,2,840,2024-05-28 17:45:00,0,0,0.4629348814487457
cnn,random_search,2,841,2024-05-28 17:45:00,0,0,0.4590964615345001
cnn,random_search,2,842,2024-05-28 17:50:00,0,0,0.46317198872566223
cnn,random_search,2,843,2024-05-28 17:50:00,0,0,0.43156763911247253
cnn,random_search,2,844,2024-05-28 17:55:00,1,0,0.4231203496456146
cnn,random_search,2,845,2024-05-28 17:55:00,1,0,0.4500533938407898
cnn,random_search,2,846,2024-05-29 10:40:00,1,0,0.45721322298049927
cnn,random_search,2,847,2024-05-29 10:40:00,1,0,0.4629490375518799
cnn,random_search,2,848,2024-05-29 10:45:00,1,0,0.49709710478782654
cnn,random_search,2,849,2024-05-29 10:45:00,1,1,0.5005200505256653
cnn,random_search,2,850,2024-05-29 10:50:00,1,1,0.5144690871238708
cnn,random_search,2,851,2024-05-29 10:50:00,1,1,0.5128251314163208
cnn,random_search,2,852,2024-05-29 10:55:00,1,1,0.5544152855873108
cnn,random_search,2,853,2024-05-29 10:55:00,1,1,0.5529342293739319
cnn,random_search,2,854,2024-05-29 11:00:00,1,1,0.569754958152771
cnn,random_search,2,855,2024-05-29 11:00:00,1,1,0.5749009847640991
cnn,random_search,2,856,2024-05-29 11:05:00,1,1,0.5952431559562683
cnn,random_search,2,857,2024-05-29 11:05:00,1,1,0.5910212397575378
cnn,random_search,2,858,2024-05-29 11:10:00,1,1,0.5840541124343872
cnn,random_search,2,859,2024-05-29 11:10:00,1,1,0.5795296430587769
cnn,random_search,2,860,2024-05-29 11:15:00,1,1,0.5612685084342957
cnn,random_search,2,861,2024-05-29 11:15:00,1,1,0.5532033443450928
cnn,random_search,2,862,2024-05-29 11:20:00,1,1,0.529151439666748
cnn,random_search,2,863,2024-05-29 11:20:00,1,1,0.5261195302009583
cnn,random_search,2,864,2024-05-29 11:25:00,1,1,0.5497838854789734
cnn,random_search,2,865,2024-05-29 11:25:00,1,1,0.5660715699195862
cnn,random_search,2,866,2024-05-29 11:30:00,1,1,0.5350154638290405
cnn,random_search,2,867,2024-05-29 11:30:00,1,1,0.5436156392097473
cnn,random_search,2,868,2024-05-29 11:35:00,1,1,0.5575081706047058
cnn,random_search,2,869,2024-05-29 11:35:00,1,1,0.5459457635879517
cnn,random_search,2,870,2024-05-29 11:40:00,1,1,0.5481231212615967
cnn,random_search,2,871,2024-05-29 11:40:00,1,1,0.5504611134529114
cnn,random_search,2,872,2024-05-29 11:45:00,0,1,0.5703105926513672
cnn,random_search,2,873,2024-05-29 11:45:00,0,1,0.5606623291969299
cnn,random_search,2,874,2024-05-29 11:50:00,0,1,0.5646027326583862
cnn,random_search,2,875,2024-05-29 11:50:00,0,1,0.569595217704773
cnn,random_search,2,876,2024-05-29 11:55:00,0,1,0.5433740019798279
cnn,random_search,2,877,2024-05-29 11:55:00,0,1,0.5446588397026062
cnn,random_search,2,878,2024-05-29 12:00:00,0,1,0.5562030076980591
cnn,random_search,2,879,2024-05-29 12:00:00,0,1,0.5444782972335815
cnn,random_search,2,880,2024-05-29 12:05:00,0,1,0.5372045040130615
cnn,random_search,2,881,2024-05-29 12:05:00,0,1,0.5281966328620911
cnn,random_search,2,882,2024-05-29 12:10:00,0,0,0.4624488651752472
cnn,random_search,2,883,2024-05-29 12:10:00,0,0,0.4690111577510834
cnn,random_search,2,884,2024-05-29 12:15:00,0,0,0.43726304173469543
cnn,random_search,2,885,2024-05-29 12:15:00,1,0,0.44218510389328003
cnn,random_search,2,886,2024-05-29 12:20:00,0,0,0.45740726590156555
cnn,random_search,2,887,2024-05-29 12:20:00,1,0,0.45766231417655945
cnn,random_search,2,888,2024-05-29 12:25:00,0,0,0.4783168435096741
cnn,random_search,2,889,2024-05-29 12:25:00,1,0,0.4758784770965576
cnn,random_search,2,890,2024-05-29 12:30:00,0,0,0.4627659320831299
cnn,random_search,2,891,2024-05-29 12:30:00,1,0,0.44734108448028564
cnn,random_search,2,892,2024-05-29 12:35:00,1,1,0.503734290599823
cnn,random_search,2,893,2024-05-29 12:35:00,0,1,0.5014105439186096
cnn,random_search,2,894,2024-05-29 12:40:00,1,1,0.5328709483146667
cnn,random_search,2,895,2024-05-29 12:40:00,0,1,0.5340104699134827
cnn,random_search,2,896,2024-05-29 12:45:00,0,1,0.5636605024337769
cnn,random_search,2,897,2024-05-29 12:45:00,1,1,0.5708932280540466
cnn,random_search,2,898,2024-05-29 12:50:00,1,1,0.5623458623886108
cnn,random_search,2,899,2024-05-29 12:50:00,0,1,0.5706048607826233
cnn,random_search,2,900,2024-05-29 12:55:00,1,1,0.5387141108512878
cnn,random_search,2,901,2024-05-29 12:55:00,0,1,0.546197235584259
cnn,random_search,2,902,2024-05-29 13:00:00,0,1,0.5163840651512146
cnn,random_search,2,903,2024-05-29 13:00:00,1,1,0.5090628862380981
cnn,random_search,2,904,2024-05-29 13:05:00,1,0,0.49436962604522705
cnn,random_search,2,905,2024-05-29 13:05:00,0,1,0.5037710666656494
cnn,random_search,2,906,2024-05-29 13:10:00,0,0,0.48684272170066833
cnn,random_search,2,907,2024-05-29 13:10:00,1,0,0.48093974590301514
cnn,random_search,2,908,2024-05-29 13:15:00,1,0,0.49529772996902466
cnn,random_search,2,909,2024-05-29 13:15:00,0,0,0.49476489424705505
cnn,random_search,2,910,2024-05-29 13:20:00,1,1,0.5078428387641907
cnn,random_search,2,911,2024-05-29 13:20:00,0,0,0.4987311363220215
cnn,random_search,2,912,2024-05-29 13:25:00,1,1,0.5232674479484558
cnn,random_search,2,913,2024-05-29 13:25:00,0,1,0.5051950812339783
cnn,random_search,2,914,2024-05-29 13:30:00,1,1,0.52037113904953
cnn,random_search,2,915,2024-05-29 13:30:00,0,1,0.5171314477920532
cnn,random_search,2,916,2024-05-29 13:35:00,0,1,0.5298498868942261
cnn,random_search,2,917,2024-05-29 13:35:00,0,1,0.5603553652763367
cnn,random_search,2,918,2024-05-29 13:40:00,0,0,0.4941686689853668
cnn,random_search,2,919,2024-05-29 13:40:00,0,0,0.49815964698791504
cnn,random_search,2,920,2024-05-29 13:45:00,0,0,0.4708367884159088
cnn,random_search,2,921,2024-05-29 13:45:00,0,0,0.4935692846775055
cnn,random_search,2,922,2024-05-29 13:50:00,0,1,0.5017716288566589
cnn,random_search,2,923,2024-05-29 13:50:00,0,1,0.5050147175788879
cnn,random_search,2,924,2024-05-29 13:55:00,0,0,0.4935375154018402
cnn,random_search,2,925,2024-05-29 13:55:00,0,0,0.4969855844974518
cnn,random_search,2,926,2024-05-29 14:00:00,0,0,0.4690685570240021
cnn,random_search,2,927,2024-05-29 14:00:00,0,0,0.47185802459716797
cnn,random_search,2,928,2024-05-29 14:05:00,0,0,0.4595182240009308
cnn,random_search,2,929,2024-05-29 14:05:00,0,0,0.4521986246109009
cnn,random_search,2,930,2024-05-29 14:10:00,0,0,0.4536626935005188
cnn,random_search,2,931,2024-05-29 14:10:00,0,0,0.448506623506546
cnn,random_search,2,932,2024-05-29 14:15:00,0,0,0.4359055459499359
cnn,random_search,2,933,2024-05-29 14:15:00,0,0,0.42578741908073425
cnn,random_search,2,934,2024-05-29 14:20:00,0,0,0.40806910395622253
cnn,random_search,2,935,2024-05-29 14:20:00,0,0,0.3808007538318634
cnn,random_search,2,936,2024-05-29 14:25:00,0,0,0.4185098111629486
cnn,random_search,2,937,2024-05-29 14:25:00,0,0,0.41989409923553467
cnn,random_search,2,938,2024-05-29 14:30:00,0,0,0.3808380961418152
cnn,random_search,2,939,2024-05-29 14:30:00,0,0,0.3709218502044678
cnn,random_search,2,940,2024-05-29 14:35:00,0,0,0.4053264558315277
cnn,random_search,2,941,2024-05-29 14:35:00,0,0,0.40035125613212585
cnn,random_search,2,942,2024-05-29 14:40:00,0,0,0.40333569049835205
cnn,random_search,2,943,2024-05-29 14:40:00,0,0,0.40293046832084656
cnn,random_search,2,944,2024-05-29 14:45:00,1,0,0.4037023186683655
cnn,random_search,2,945,2024-05-29 14:45:00,1,0,0.4117288589477539
cnn,random_search,2,946,2024-05-29 14:50:00,1,0,0.45997822284698486
cnn,random_search,2,947,2024-05-29 14:50:00,1,0,0.4515696167945862
cnn,random_search,2,948,2024-05-29 14:55:00,1,0,0.49535495042800903
cnn,random_search,2,949,2024-05-29 14:55:00,1,0,0.48950809240341187
cnn,random_search,2,950,2024-05-29 15:00:00,1,1,0.5365962386131287
cnn,random_search,2,951,2024-05-29 15:00:00,1,1,0.5322351455688477
cnn,random_search,2,952,2024-05-29 15:05:00,1,1,0.5665193200111389
cnn,random_search,2,953,2024-05-29 15:05:00,1,1,0.5646992325782776
cnn,random_search,2,954,2024-05-29 15:10:00,1,1,0.5850822329521179
cnn,random_search,2,955,2024-05-29 15:10:00,1,1,0.5772310495376587
cnn,random_search,2,956,2024-05-29 15:15:00,1,1,0.5442140102386475
cnn,random_search,2,957,2024-05-29 15:15:00,1,1,0.5498278737068176
cnn,random_search,2,958,2024-05-29 15:20:00,1,1,0.555595874786377
cnn,random_search,2,959,2024-05-29 15:20:00,1,1,0.5552283525466919
cnn,random_search,2,960,2024-05-29 15:25:00,1,1,0.5700226426124573
cnn,random_search,2,961,2024-05-29 15:25:00,1,1,0.5608314275741577
cnn,random_search,2,962,2024-05-29 15:30:00,1,1,0.5460264086723328
cnn,random_search,2,963,2024-05-29 15:30:00,1,1,0.5427187085151672
cnn,random_search,2,964,2024-05-29 15:35:00,1,1,0.5082858204841614
cnn,random_search,2,965,2024-05-29 15:35:00,1,0,0.49820390343666077
cnn,random_search,2,966,2024-05-29 15:40:00,1,1,0.5020706057548523
cnn,random_search,2,967,2024-05-29 15:40:00,1,0,0.4935644268989563
cnn,random_search,2,968,2024-05-29 15:45:00,1,0,0.4736153185367584
cnn,random_search,2,969,2024-05-29 15:45:00,1,0,0.4595729112625122
cnn,random_search,2,970,2024-05-29 15:50:00,1,0,0.47726184129714966
cnn,random_search,2,971,2024-05-29 15:50:00,1,0,0.4765208959579468
cnn,random_search,2,972,2024-05-29 15:55:00,1,1,0.5053531527519226
cnn,random_search,2,973,2024-05-29 15:55:00,1,0,0.49687737226486206
cnn,random_search,2,974,2024-05-29 16:00:00,1,1,0.5147543549537659
cnn,random_search,2,975,2024-05-29 16:00:00,1,1,0.5162809491157532
cnn,random_search,2,976,2024-05-29 16:05:00,1,1,0.5110374689102173
cnn,random_search,2,977,2024-05-29 16:05:00,1,1,0.5128374695777893
cnn,random_search,2,978,2024-05-29 16:10:00,1,1,0.519170343875885
cnn,random_search,2,979,2024-05-29 16:10:00,1,1,0.5201498866081238
cnn,random_search,2,980,2024-05-29 16:15:00,1,1,0.5476542711257935
cnn,random_search,2,981,2024-05-29 16:15:00,1,1,0.5396242737770081
cnn,random_search,2,982,2024-05-29 16:20:00,0,1,0.5800479054450989
cnn,random_search,2,983,2024-05-29 16:20:00,0,1,0.5755788683891296
cnn,random_search,2,984,2024-05-29 16:25:00,0,1,0.5817424654960632
cnn,random_search,2,985,2024-05-29 16:25:00,0,1,0.5803659558296204
cnn,random_search,2,986,2024-05-29 16:30:00,0,1,0.558595597743988
cnn,random_search,2,987,2024-05-29 16:30:00,0,1,0.5747408866882324
cnn,random_search,2,988,2024-05-29 16:35:00,0,1,0.5593550801277161
cnn,random_search,2,989,2024-05-29 16:35:00,0,1,0.5739271640777588
cnn,random_search,2,990,2024-05-29 16:40:00,0,1,0.5061131119728088
cnn,random_search,2,991,2024-05-29 16:40:00,0,0,0.49824604392051697
cnn,random_search,2,992,2024-05-29 16:45:00,0,0,0.4727742671966553
cnn,random_search,2,993,2024-05-29 16:45:00,0,0,0.450269877910614
cnn,random_search,2,994,2024-05-29 16:50:00,0,0,0.4364050626754761
cnn,random_search,2,995,2024-05-29 16:50:00,0,0,0.4411514699459076
cnn,random_search,2,996,2024-05-29 16:55:00,0,0,0.43387576937675476
cnn,random_search,2,997,2024-05-29 16:55:00,0,0,0.42329928278923035
cnn,random_search,2,998,2024-05-29 17:00:00,0,0,0.40262138843536377
cnn,random_search,2,999,2024-05-29 17:00:00,0,0,0.42499467730522156
cnn,random_search,2,1000,2024-05-29 17:05:00,0,0,0.4039573669433594
cnn,random_search,2,1001,2024-05-29 17:05:00,0,0,0.3939948081970215
cnn,random_search,2,1002,2024-05-29 17:10:00,0,0,0.39400723576545715
cnn,random_search,2,1003,2024-05-29 17:10:00,0,0,0.40179121494293213
cnn,random_search,2,1004,2024-05-29 17:15:00,0,0,0.4749113917350769
cnn,random_search,2,1005,2024-05-29 17:15:00,0,0,0.4789235293865204
cnn,random_search,2,1006,2024-05-29 17:20:00,0,0,0.49994075298309326
cnn,random_search,2,1007,2024-05-29 17:20:00,0,0,0.4879493713378906
cnn,random_search,2,1008,2024-05-29 17:25:00,0,0,0.48248594999313354
cnn,random_search,2,1009,2024-05-29 17:25:00,0,0,0.46387797594070435
cnn,random_search,2,1010,2024-05-29 17:30:00,0,0,0.46035993099212646
cnn,random_search,2,1011,2024-05-29 17:30:00,0,0,0.4708940386772156
cnn,random_search,2,1012,2024-05-29 17:35:00,0,0,0.4910995066165924
cnn,random_search,2,1013,2024-05-29 17:35:00,0,0,0.49351024627685547
cnn,random_search,2,1014,2024-05-29 17:40:00,0,0,0.4955183267593384
cnn,random_search,2,1015,2024-05-29 17:40:00,0,0,0.4958733916282654
cnn,random_search,2,1016,2024-05-29 17:45:00,0,1,0.5080543756484985
cnn,random_search,2,1017,2024-05-29 17:45:00,0,1,0.5157756209373474
cnn,random_search,2,1018,2024-05-29 17:50:00,0,0,0.4944463074207306
cnn,random_search,2,1019,2024-05-29 17:50:00,0,1,0.5201085805892944
cnn,random_search,2,1020,2024-05-29 17:55:00,0,1,0.5028488636016846
cnn,random_search,2,1021,2024-05-29 17:55:00,0,1,0.5088621973991394
cnn,random_search,2,1022,2024-05-31 12:35:00,1,0,0.46596428751945496
cnn,random_search,2,1023,2024-05-31 12:40:00,1,0,0.448501855134964
cnn,random_search,2,1024,2024-05-31 12:45:00,1,1,0.5110687017440796
cnn,random_search,2,1025,2024-05-31 12:50:00,1,1,0.5222938656806946
cnn,random_search,2,1026,2024-05-31 12:55:00,1,0,0.49564146995544434
cnn,random_search,2,1027,2024-05-31 13:00:00,1,0,0.48303577303886414
cnn,random_search,2,1028,2024-05-31 13:05:00,1,0,0.49136587977409363
cnn,random_search,2,1029,2024-05-31 13:10:00,1,0,0.4912059009075165
cnn,random_search,2,1030,2024-05-31 13:15:00,1,0,0.4711054861545563
cnn,random_search,2,1031,2024-05-31 13:20:00,1,0,0.46073371171951294
cnn,random_search,2,1032,2024-05-31 13:25:00,1,0,0.44395825266838074
cnn,random_search,2,1033,2024-05-31 13:25:00,1,0,0.44922199845314026
cnn,random_search,2,1034,2024-05-31 13:30:00,1,0,0.4732833802700043
cnn,random_search,2,1035,2024-05-31 13:30:00,1,0,0.47539567947387695
cnn,random_search,2,1036,2024-05-31 13:35:00,1,1,0.5103814005851746
cnn,random_search,2,1037,2024-05-31 13:35:00,1,1,0.514339804649353
cnn,random_search,2,1038,2024-05-31 13:40:00,1,1,0.5080388784408569
cnn,random_search,2,1039,2024-05-31 13:40:00,1,1,0.5097697377204895
cnn,random_search,2,1040,2024-05-31 13:45:00,1,1,0.5265470147132874
cnn,random_search,2,1041,2024-05-31 13:45:00,1,1,0.5284727215766907
cnn,random_search,2,1042,2024-05-31 13:50:00,1,1,0.5420075058937073
cnn,random_search,2,1043,2024-05-31 13:50:00,1,1,0.5379889011383057
cnn,random_search,2,1044,2024-05-31 13:55:00,1,1,0.5475088953971863
cnn,random_search,2,1045,2024-05-31 13:55:00,1,1,0.5412003993988037
cnn,random_search,2,1046,2024-05-31 14:00:00,1,1,0.5385484099388123
cnn,random_search,2,1047,2024-05-31 14:00:00,1,1,0.5435196757316589
cnn,random_search,2,1048,2024-05-31 14:05:00,1,1,0.5723761320114136
cnn,random_search,2,1049,2024-05-31 14:05:00,1,1,0.5503940582275391
cnn,random_search,2,1050,2024-05-31 14:10:00,1,1,0.5598950386047363
cnn,random_search,2,1051,2024-05-31 14:10:00,1,1,0.5541901588439941
cnn,random_search,2,1052,2024-05-31 14:15:00,1,1,0.5175561308860779
cnn,random_search,2,1053,2024-05-31 14:15:00,1,1,0.5295441746711731
cnn,random_search,2,1054,2024-05-31 14:20:00,1,1,0.5099369883537292
cnn,random_search,2,1055,2024-05-31 14:20:00,1,1,0.514409601688385
cnn,random_search,2,1056,2024-05-31 14:25:00,1,1,0.5130200982093811
cnn,random_search,2,1057,2024-05-31 14:25:00,1,1,0.5220835208892822
cnn,random_search,2,1058,2024-05-31 14:30:00,1,1,0.5304149389266968
cnn,random_search,2,1059,2024-05-31 14:30:00,1,1,0.5239270329475403
cnn,random_search,2,1060,2024-05-31 14:35:00,1,1,0.5426575541496277
cnn,random_search,2,1061,2024-05-31 14:35:00,1,1,0.5335337519645691
cnn,random_search,2,1062,2024-05-31 14:40:00,1,1,0.5506274104118347
cnn,random_search,2,1063,2024-05-31 14:40:00,1,1,0.5320500135421753
cnn,random_search,2,1064,2024-05-31 14:45:00,1,1,0.5446919202804565
cnn,random_search,2,1065,2024-05-31 14:45:00,1,1,0.528765082359314
cnn,random_search,2,1066,2024-05-31 14:50:00,1,1,0.5050141215324402
cnn,random_search,2,1067,2024-05-31 14:50:00,1,1,0.5136999487876892
cnn,random_search,2,1068,2024-05-31 14:55:00,1,1,0.5030294060707092
cnn,random_search,2,1069,2024-05-31 14:55:00,1,1,0.5033996105194092
cnn,random_search,2,1070,2024-05-31 15:00:00,1,0,0.4910072088241577
cnn,random_search,2,1071,2024-05-31 15:00:00,1,0,0.49961644411087036
cnn,random_search,2,1072,2024-05-31 15:05:00,0,1,0.5282418131828308
cnn,random_search,2,1073,2024-05-31 15:05:00,0,1,0.5265843868255615
cnn,random_search,2,1074,2024-05-31 15:10:00,0,1,0.5199582576751709
cnn,random_search,2,1075,2024-05-31 15:10:00,0,1,0.5304548740386963
cnn,random_search,2,1076,2024-05-31 15:15:00,0,1,0.5186720490455627
cnn,random_search,2,1077,2024-05-31 15:15:00,0,1,0.5339543223381042
cnn,random_search,2,1078,2024-05-31 15:20:00,0,1,0.5009207129478455
cnn,random_search,2,1079,2024-05-31 15:20:00,0,0,0.49974149465560913
cnn,random_search,2,1080,2024-05-31 15:25:00,0,1,0.5088216066360474
cnn,random_search,2,1081,2024-05-31 15:25:00,0,1,0.5137106776237488
cnn,random_search,2,1082,2024-05-31 15:30:00,0,0,0.4774806797504425
cnn,random_search,2,1083,2024-05-31 15:30:00,0,1,0.5040874481201172
cnn,random_search,2,1084,2024-05-31 15:35:00,0,0,0.4960996210575104
cnn,random_search,2,1085,2024-05-31 15:35:00,0,0,0.4930517077445984
cnn,random_search,2,1086,2024-05-31 15:40:00,0,0,0.4684017598628998
cnn,random_search,2,1087,2024-05-31 15:40:00,0,0,0.4704038202762604
cnn,random_search,2,1088,2024-05-31 15:45:00,0,0,0.4617902338504791
cnn,random_search,2,1089,2024-05-31 15:45:00,0,0,0.45676499605178833
cnn,random_search,2,1090,2024-05-31 15:50:00,0,0,0.46521055698394775
cnn,random_search,2,1091,2024-05-31 15:50:00,0,0,0.464928537607193
cnn,random_search,2,1092,2024-05-31 15:55:00,0,0,0.4385053813457489
cnn,random_search,2,1093,2024-05-31 15:55:00,0,0,0.4578205645084381
cnn,random_search,2,1094,2024-05-31 16:00:00,1,0,0.4402332603931427
cnn,random_search,2,1095,2024-05-31 16:00:00,1,0,0.4382045865058899
cnn,random_search,2,1096,2024-05-31 16:05:00,1,0,0.44452178478240967
cnn,random_search,2,1097,2024-05-31 16:05:00,1,0,0.44689705967903137
cnn,random_search,2,1098,2024-05-31 16:10:00,1,0,0.48925936222076416
cnn,random_search,2,1099,2024-05-31 16:10:00,1,0,0.49117058515548706
cnn,random_search,2,1100,2024-05-31 16:15:00,1,1,0.5093638896942139
cnn,random_search,2,1101,2024-05-31 16:15:00,1,1,0.5088733434677124
cnn,random_search,2,1102,2024-05-31 16:20:00,1,1,0.517437756061554
cnn,random_search,2,1103,2024-05-31 16:20:00,1,0,0.49830925464630127
cnn,random_search,2,1104,2024-05-31 16:25:00,1,1,0.5092738270759583
cnn,random_search,2,1105,2024-05-31 16:25:00,1,1,0.506055474281311
cnn,random_search,2,1106,2024-05-31 16:30:00,1,0,0.48336008191108704
cnn,random_search,2,1107,2024-05-31 16:30:00,1,0,0.4946214556694031
cnn,random_search,2,1108,2024-05-31 16:35:00,1,1,0.5034677982330322
cnn,random_search,2,1109,2024-05-31 16:35:00,1,1,0.510312557220459
cnn,random_search,2,1110,2024-05-31 16:40:00,1,1,0.5465428233146667
cnn,random_search,2,1111,2024-05-31 16:40:00,1,1,0.5419179797172546
cnn,random_search,2,1112,2024-05-31 16:45:00,1,1,0.536626935005188
cnn,random_search,2,1113,2024-05-31 16:45:00,1,1,0.552162766456604
cnn,random_search,2,1114,2024-05-31 16:50:00,1,1,0.5666174292564392
cnn,random_search,2,1115,2024-05-31 16:50:00,1,1,0.5663630366325378
cnn,random_search,2,1116,2024-05-31 16:55:00,0,1,0.5910605788230896
cnn,random_search,2,1117,2024-05-31 16:55:00,0,1,0.583106517791748
cnn,random_search,2,1118,2024-05-31 17:00:00,0,1,0.547653317451477
cnn,random_search,2,1119,2024-05-31 17:00:00,0,1,0.5467045903205872
cnn,random_search,2,1120,2024-05-31 17:05:00,0,1,0.5055446028709412
cnn,random_search,2,1121,2024-05-31 17:05:00,0,1,0.5130946636199951
cnn,random_search,2,1122,2024-05-31 17:10:00,0,1,0.5021213293075562
cnn,random_search,2,1123,2024-05-31 17:10:00,0,1,0.5002564191818237
cnn,random_search,2,1124,2024-05-31 17:15:00,0,1,0.5291110277175903
cnn,random_search,2,1125,2024-05-31 17:15:00,0,1,0.518214225769043
cnn,random_search,2,1126,2024-05-31 17:20:00,0,1,0.5135789513587952
cnn,random_search,2,1127,2024-05-31 17:20:00,0,1,0.5153886079788208
cnn,random_search,2,1128,2024-05-31 17:25:00,0,0,0.49683746695518494
cnn,random_search,2,1129,2024-05-31 17:25:00,0,0,0.49708831310272217
cnn,random_search,2,1130,2024-05-31 17:30:00,0,1,0.5075634717941284
cnn,random_search,2,1131,2024-05-31 17:30:00,0,1,0.5266460180282593
cnn,random_search,2,1132,2024-05-31 17:35:00,0,1,0.5064629912376404
cnn,random_search,2,1133,2024-05-31 17:35:00,0,1,0.5131891369819641
cnn,random_search,2,1134,2024-05-31 17:40:00,0,1,0.5097997784614563
cnn,random_search,2,1135,2024-05-31 17:40:00,0,1,0.5386167168617249
cnn,random_search,2,1136,2024-05-31 17:45:00,0,1,0.5008929371833801
cnn,random_search,2,1137,2024-05-31 17:45:00,0,0,0.4994857907295227
cnn,random_search,2,1138,2024-05-31 17:50:00,0,1,0.5140981674194336
cnn,random_search,2,1139,2024-05-31 17:50:00,0,1,0.5220955610275269
cnn,random_search,2,1140,2024-05-31 17:55:00,0,1,0.5186275243759155
cnn,random_search,2,1141,2024-05-31 17:55:00,0,1,0.5439239144325256
cnn,random_search,2,1142,2024-06-03 10:50:00,1,0,0.3840472400188446
cnn,random_search,2,1143,2024-06-03 10:50:00,1,0,0.3758179545402527
cnn,random_search,2,1144,2024-06-03 10:55:00,1,0,0.4291211664676666
cnn,random_search,2,1145,2024-06-03 10:55:00,1,0,0.4198683202266693
cnn,random_search,2,1146,2024-06-03 11:00:00,1,0,0.44981127977371216
cnn,random_search,2,1147,2024-06-03 11:00:00,1,0,0.44827330112457275
cnn,random_search,2,1148,2024-06-03 11:05:00,1,0,0.46261024475097656
cnn,random_search,2,1149,2024-06-03 11:05:00,1,0,0.4621579051017761
cnn,random_search,2,1150,2024-06-03 11:10:00,1,0,0.4919919967651367
cnn,random_search,2,1151,2024-06-03 11:10:00,1,0,0.48908522725105286
cnn,random_search,2,1152,2024-06-03 11:15:00,1,1,0.5752412676811218
cnn,random_search,2,1153,2024-06-03 11:15:00,1,1,0.5782584547996521
cnn,random_search,2,1154,2024-06-03 11:20:00,1,1,0.581257164478302
cnn,random_search,2,1155,2024-06-03 11:20:00,1,1,0.5855532884597778
cnn,random_search,2,1156,2024-06-03 11:25:00,1,1,0.6252428293228149
cnn,random_search,2,1157,2024-06-03 11:25:00,1,1,0.6209671497344971
cnn,random_search,2,1158,2024-06-03 11:30:00,1,1,0.6690468192100525
cnn,random_search,2,1159,2024-06-03 11:30:00,1,1,0.6786769032478333
cnn,random_search,2,1160,2024-06-03 11:35:00,1,1,0.644341766834259
cnn,random_search,2,1161,2024-06-03 11:35:00,1,1,0.6362648606300354
cnn,random_search,2,1162,2024-06-03 11:40:00,0,1,0.6327826976776123
cnn,random_search,2,1163,2024-06-03 11:40:00,0,1,0.6386914253234863
cnn,random_search,2,1164,2024-06-03 11:45:00,0,1,0.6056779623031616
cnn,random_search,2,1165,2024-06-03 11:45:00,0,1,0.6072685718536377
cnn,random_search,2,1166,2024-06-03 11:50:00,0,1,0.5541201233863831
cnn,random_search,2,1167,2024-06-03 11:50:00,0,1,0.5607692003250122
cnn,random_search,2,1168,2024-06-03 11:55:00,0,1,0.5324138402938843
cnn,random_search,2,1169,2024-06-03 11:55:00,0,1,0.5335925817489624
cnn,random_search,2,1170,2024-06-03 12:00:00,0,1,0.5444536805152893
cnn,random_search,2,1171,2024-06-03 12:00:00,0,1,0.5376193523406982
cnn,random_search,2,1172,2024-06-03 12:05:00,0,1,0.5320000052452087
cnn,random_search,2,1173,2024-06-03 12:05:00,0,1,0.5423445701599121
cnn,random_search,2,1174,2024-06-03 12:10:00,0,1,0.5260561108589172
cnn,random_search,2,1175,2024-06-03 12:10:00,0,1,0.5188344717025757
cnn,random_search,2,1176,2024-06-03 12:15:00,0,1,0.5506895184516907
cnn,random_search,2,1177,2024-06-03 12:15:00,0,1,0.544265866279602
cnn,random_search,2,1178,2024-06-03 12:20:00,0,1,0.5482316613197327
cnn,random_search,2,1179,2024-06-03 12:20:00,0,1,0.5527914762496948
cnn,random_search,2,1180,2024-06-03 12:25:00,0,0,0.46547845005989075
cnn,random_search,2,1181,2024-06-03 12:25:00,0,0,0.4567251205444336
cnn,random_search,2,1182,2024-06-03 12:30:00,0,0,0.4047231674194336
cnn,random_search,2,1183,2024-06-03 12:30:00,0,0,0.4067569971084595
cnn,random_search,2,1184,2024-06-03 12:35:00,0,0,0.4118305742740631
cnn,random_search,2,1185,2024-06-03 12:35:00,0,0,0.41470012068748474
cnn,random_search,2,1186,2024-06-03 12:40:00,0,0,0.41799241304397583
cnn,random_search,2,1187,2024-06-03 12:40:00,0,0,0.4177401065826416
cnn,random_search,2,1188,2024-06-03 12:45:00,0,0,0.40043362975120544
cnn,random_search,2,1189,2024-06-03 12:45:00,0,0,0.4260248839855194
cnn,random_search,2,1190,2024-06-03 12:50:00,0,0,0.4361855983734131
cnn,random_search,2,1191,2024-06-03 12:50:00,0,0,0.44557926058769226
cnn,random_search,2,1192,2024-06-03 12:55:00,0,0,0.4170834720134735
cnn,random_search,2,1193,2024-06-03 12:55:00,0,0,0.4442737400531769
cnn,random_search,2,1194,2024-06-03 13:00:00,0,0,0.43868738412857056
cnn,random_search,2,1195,2024-06-03 13:00:00,0,0,0.46734464168548584
cnn,random_search,2,1196,2024-06-03 13:05:00,0,0,0.46488499641418457
cnn,random_search,2,1197,2024-06-03 13:05:00,0,0,0.4397958517074585
cnn,random_search,2,1198,2024-06-03 13:10:00,0,0,0.4338494837284088
cnn,random_search,2,1199,2024-06-03 13:10:00,0,0,0.4320283532142639
cnn,random_search,2,1200,2024-06-03 13:15:00,0,0,0.38085228204727173
cnn,random_search,2,1201,2024-06-03 13:15:00,0,0,0.3663886785507202
cnn,random_search,2,1202,2024-06-03 13:20:00,0,0,0.3820202350616455
cnn,random_search,2,1203,2024-06-03 13:20:00,0,0,0.3840470612049103
cnn,random_search,2,1204,2024-06-03 13:25:00,0,0,0.4128892719745636
cnn,random_search,2,1205,2024-06-03 13:25:00,0,0,0.4063033163547516
cnn,random_search,2,1206,2024-06-03 13:30:00,0,0,0.40147265791893005
cnn,random_search,2,1207,2024-06-03 13:30:00,0,0,0.4234020709991455
cnn,random_search,2,1208,2024-06-03 13:35:00,0,0,0.44448330998420715
cnn,random_search,2,1209,2024-06-03 13:35:00,0,0,0.44632476568222046
cnn,random_search,2,1210,2024-06-03 13:40:00,0,0,0.4492809772491455
cnn,random_search,2,1211,2024-06-03 13:40:00,0,0,0.45238131284713745
cnn,random_search,2,1212,2024-06-03 13:45:00,0,0,0.4815269708633423
cnn,random_search,2,1213,2024-06-03 13:45:00,0,0,0.48164069652557373
cnn,random_search,2,1214,2024-06-03 13:50:00,0,0,0.47754961252212524
cnn,random_search,2,1215,2024-06-03 13:50:00,0,0,0.47426244616508484
cnn,random_search,2,1216,2024-06-03 13:55:00,0,0,0.47469398379325867
cnn,random_search,2,1217,2024-06-03 13:55:00,0,0,0.47631412744522095
cnn,random_search,2,1218,2024-06-03 14:00:00,1,0,0.4752368927001953
cnn,random_search,2,1219,2024-06-03 14:00:00,1,0,0.4620518684387207
cnn,random_search,2,1220,2024-06-03 14:05:00,1,1,0.5030200481414795
cnn,random_search,2,1221,2024-06-03 14:05:00,1,1,0.5022218823432922
cnn,random_search,2,1222,2024-06-03 14:10:00,1,1,0.5279920697212219
cnn,random_search,2,1223,2024-06-03 14:10:00,1,1,0.5297096371650696
cnn,random_search,2,1224,2024-06-03 14:15:00,1,1,0.5718247890472412
cnn,random_search,2,1225,2024-06-03 14:15:00,1,1,0.5710415244102478
cnn,random_search,2,1226,2024-06-03 14:20:00,1,1,0.6120052337646484
cnn,random_search,2,1227,2024-06-03 14:20:00,1,1,0.619438648223877
cnn,random_search,2,1228,2024-06-03 14:25:00,1,1,0.6221375465393066
cnn,random_search,2,1229,2024-06-03 14:25:00,1,1,0.6186704039573669
cnn,random_search,2,1230,2024-06-03 14:30:00,1,1,0.6493257880210876
cnn,random_search,2,1231,2024-06-03 14:30:00,1,1,0.6518439054489136
cnn,random_search,2,1232,2024-06-03 14:35:00,1,1,0.6244568228721619
cnn,random_search,2,1233,2024-06-03 14:35:00,1,1,0.6283078789710999
cnn,random_search,2,1234,2024-06-03 14:40:00,1,1,0.6253814697265625
cnn,random_search,2,1235,2024-06-03 14:40:00,1,1,0.6157208681106567
cnn,random_search,2,1236,2024-06-03 14:45:00,1,1,0.5900925397872925
cnn,random_search,2,1237,2024-06-03 14:45:00,1,1,0.5745071172714233
cnn,random_search,2,1238,2024-06-03 14:50:00,1,1,0.5161025524139404
cnn,random_search,2,1239,2024-06-03 14:50:00,1,1,0.5144816637039185
cnn,random_search,2,1240,2024-06-03 14:55:00,1,0,0.48535916209220886
cnn,random_search,2,1241,2024-06-03 14:55:00,1,0,0.4770165979862213
cnn,random_search,2,1242,2024-06-03 15:00:00,1,1,0.5112636089324951
cnn,random_search,2,1243,2024-06-03 15:00:00,1,1,0.5154384970664978
cnn,random_search,2,1244,2024-06-03 15:05:00,1,1,0.521979570388794
cnn,random_search,2,1245,2024-06-03 15:05:00,1,1,0.5171634554862976
cnn,random_search,2,1246,2024-06-03 15:10:00,1,1,0.5029260516166687
cnn,random_search,2,1247,2024-06-03 15:10:00,1,0,0.4977368414402008
cnn,random_search,2,1248,2024-06-03 15:15:00,1,1,0.5225387215614319
cnn,random_search,2,1249,2024-06-03 15:15:00,1,1,0.5232556462287903
cnn,random_search,2,1250,2024-06-03 15:20:00,1,1,0.5488340854644775
cnn,random_search,2,1251,2024-06-03 15:20:00,1,1,0.5527446866035461
cnn,random_search,2,1252,2024-06-03 15:25:00,1,1,0.569621741771698
cnn,random_search,2,1253,2024-06-03 15:25:00,1,1,0.5547738075256348
cnn,random_search,2,1254,2024-06-03 15:30:00,1,1,0.5719223618507385
cnn,random_search,2,1255,2024-06-03 15:30:00,1,1,0.5902910232543945
cnn,random_search,2,1256,2024-06-03 15:35:00,0,1,0.591264009475708
cnn,random_search,2,1257,2024-06-03 15:35:00,0,1,0.6082141995429993
cnn,random_search,2,1258,2024-06-03 15:40:00,0,1,0.5454024076461792
cnn,random_search,2,1259,2024-06-03 15:40:00,0,1,0.5439485907554626
cnn,random_search,2,1260,2024-06-03 15:45:00,0,1,0.5298721790313721
cnn,random_search,2,1261,2024-06-03 15:45:00,0,1,0.5335219502449036
cnn,random_search,2,1262,2024-06-03 15:50:00,0,1,0.525609016418457
cnn,random_search,2,1263,2024-06-03 15:50:00,0,1,0.5259519219398499
cnn,random_search,2,1264,2024-06-03 15:55:00,0,1,0.5357300639152527
cnn,random_search,2,1265,2024-06-03 15:55:00,0,1,0.5332765579223633
cnn,random_search,2,1266,2024-06-03 16:00:00,0,1,0.5300279855728149
cnn,random_search,2,1267,2024-06-03 16:00:00,0,1,0.5280407071113586
cnn,random_search,2,1268,2024-06-03 16:05:00,0,1,0.50166916847229
cnn,random_search,2,1269,2024-06-03 16:05:00,0,0,0.4973379969596863
cnn,random_search,2,1270,2024-06-03 16:10:00,0,1,0.515243649482727
cnn,random_search,2,1271,2024-06-03 16:10:00,0,1,0.5077201128005981
cnn,random_search,2,1272,2024-06-03 16:15:00,0,0,0.49084025621414185
cnn,random_search,2,1273,2024-06-03 16:15:00,0,0,0.48665857315063477
cnn,random_search,2,1274,2024-06-03 16:20:00,0,0,0.4761209785938263
cnn,random_search,2,1275,2024-06-03 16:20:00,0,0,0.47371870279312134
cnn,random_search,2,1276,2024-06-03 16:25:00,0,0,0.46485522389411926
cnn,random_search,2,1277,2024-06-03 16:25:00,0,0,0.4685622453689575
cnn,random_search,2,1278,2024-06-03 16:30:00,0,0,0.45418164134025574
cnn,random_search,2,1279,2024-06-03 16:30:00,0,0,0.4270816445350647
cnn,random_search,2,1280,2024-06-03 16:35:00,0,0,0.4327138364315033
cnn,random_search,2,1281,2024-06-03 16:35:00,0,0,0.37572601437568665
cnn,random_search,2,1282,2024-06-03 16:40:00,0,0,0.47478586435317993
cnn,random_search,2,1283,2024-06-03 16:40:00,0,0,0.4749445915222168
cnn,random_search,2,1284,2024-06-03 16:45:00,0,0,0.4631858170032501
cnn,random_search,2,1285,2024-06-03 16:45:00,0,0,0.47935500741004944
cnn,random_search,2,1286,2024-06-03 16:50:00,0,0,0.4711206257343292
cnn,random_search,2,1287,2024-06-03 16:50:00,0,0,0.4717927873134613
cnn,random_search,2,1288,2024-06-03 16:55:00,0,0,0.4391484260559082
cnn,random_search,2,1289,2024-06-03 16:55:00,0,0,0.4299038052558899
cnn,random_search,2,1290,2024-06-03 17:00:00,0,0,0.39887386560440063
cnn,random_search,2,1291,2024-06-03 17:00:00,0,0,0.40206754207611084
cnn,random_search,2,1292,2024-06-03 17:05:00,0,0,0.4163593053817749
cnn,random_search,2,1293,2024-06-03 17:05:00,0,0,0.4159015715122223
cnn,random_search,2,1294,2024-06-03 17:10:00,0,0,0.41089507937431335
cnn,random_search,2,1295,2024-06-03 17:10:00,0,0,0.420714408159256
cnn,random_search,2,1296,2024-06-03 17:15:00,0,0,0.43987831473350525
cnn,random_search,2,1297,2024-06-03 17:15:00,0,0,0.43484774231910706
cnn,random_search,2,1298,2024-06-03 17:20:00,0,0,0.41943156719207764
cnn,random_search,2,1299,2024-06-03 17:20:00,0,0,0.41095975041389465
cnn,random_search,2,1300,2024-06-03 17:25:00,0,0,0.36489182710647583
cnn,random_search,2,1301,2024-06-03 17:25:00,0,0,0.28140363097190857
cnn,random_search,2,1302,2024-06-03 17:30:00,0,0,0.4310113191604614
cnn,random_search,2,1303,2024-06-03 17:30:00,0,0,0.43269580602645874
cnn,random_search,2,1304,2024-06-03 17:35:00,0,0,0.42004239559173584
cnn,random_search,2,1305,2024-06-03 17:35:00,0,0,0.4305851459503174
cnn,random_search,2,1306,2024-06-03 17:40:00,0,0,0.3833431601524353
cnn,random_search,2,1307,2024-06-03 17:40:00,0,0,0.4206790626049042
cnn,random_search,2,1308,2024-06-03 17:45:00,0,0,0.4400769770145416
cnn,random_search,2,1309,2024-06-03 17:45:00,0,0,0.42934921383857727
cnn,random_search,2,1310,2024-06-03 17:50:00,0,0,0.4641164243221283
cnn,random_search,2,1311,2024-06-03 17:50:00,0,0,0.4567163586616516
cnn,random_search,2,1312,2024-06-03 17:55:00,0,0,0.47078609466552734
cnn,random_search,2,1313,2024-06-03 17:55:00,0,0,0.4784736633300781
cnn,random_search,2,1314,2024-06-04 11:15:00,1,0,0.4455321729183197
cnn,random_search,2,1315,2024-06-04 11:20:00,1,0,0.43314623832702637
cnn,random_search,2,1316,2024-06-04 11:20:00,1,0,0.42456579208374023
cnn,random_search,2,1317,2024-06-04 11:25:00,1,0,0.4788224995136261
cnn,random_search,2,1318,2024-06-04 11:25:00,1,0,0.4744968116283417
cnn,random_search,2,1319,2024-06-04 11:30:00,1,1,0.5080198645591736
cnn,random_search,2,1320,2024-06-04 11:30:00,1,1,0.5107637643814087
cnn,random_search,2,1321,2024-06-04 11:35:00,1,1,0.5202292203903198
cnn,random_search,2,1322,2024-06-04 11:35:00,1,1,0.5105316042900085
cnn,random_search,2,1323,2024-06-04 11:40:00,1,1,0.5386303067207336
cnn,random_search,2,1324,2024-06-04 11:40:00,1,1,0.5508997440338135
cnn,random_search,2,1325,2024-06-04 11:45:00,1,1,0.54166579246521
cnn,random_search,2,1326,2024-06-04 11:45:00,1,1,0.5362606048583984
cnn,random_search,2,1327,2024-06-04 11:50:00,1,1,0.5641471743583679
cnn,random_search,2,1328,2024-06-04 11:50:00,1,1,0.5567271113395691
cnn,random_search,2,1329,2024-06-04 11:55:00,1,1,0.5325593948364258
cnn,random_search,2,1330,2024-06-04 11:55:00,1,1,0.5411568880081177
cnn,random_search,2,1331,2024-06-04 12:00:00,1,1,0.5414416790008545
cnn,random_search,2,1332,2024-06-04 12:00:00,1,1,0.5397462248802185
cnn,random_search,2,1333,2024-06-04 12:05:00,1,1,0.511120617389679
cnn,random_search,2,1334,2024-06-04 12:05:00,1,1,0.5156052708625793
cnn,random_search,2,1335,2024-06-04 12:10:00,1,1,0.5406407117843628
cnn,random_search,2,1336,2024-06-04 12:10:00,1,1,0.5273751616477966
cnn,random_search,2,1337,2024-06-04 12:15:00,1,1,0.5881109237670898
cnn,random_search,2,1338,2024-06-04 12:15:00,1,1,0.5817468166351318
cnn,random_search,2,1339,2024-06-04 12:20:00,1,1,0.6227323412895203
cnn,random_search,2,1340,2024-06-04 12:20:00,1,1,0.6187675595283508
cnn,random_search,2,1341,2024-06-04 12:25:00,1,1,0.598652720451355
cnn,random_search,2,1342,2024-06-04 12:25:00,1,1,0.6090140342712402
cnn,random_search,2,1343,2024-06-04 12:30:00,1,1,0.5525433421134949
cnn,random_search,2,1344,2024-06-04 12:30:00,1,1,0.544906735420227
cnn,random_search,2,1345,2024-06-04 12:35:00,1,1,0.5461204648017883
cnn,random_search,2,1346,2024-06-04 12:35:00,1,1,0.5537848472595215
cnn,random_search,2,1347,2024-06-04 12:40:00,1,1,0.5402648448944092
cnn,random_search,2,1348,2024-06-04 12:40:00,1,1,0.5369694828987122
cnn,random_search,2,1349,2024-06-04 12:45:00,1,1,0.511072039604187
cnn,random_search,2,1350,2024-06-04 12:45:00,1,1,0.5144335627555847
cnn,random_search,2,1351,2024-06-04 12:50:00,1,1,0.5388601422309875
cnn,random_search,2,1352,2024-06-04 12:50:00,1,1,0.5460782051086426
cnn,random_search,2,1353,2024-06-04 12:55:00,1,0,0.4668754041194916
cnn,random_search,2,1354,2024-06-04 12:55:00,1,0,0.46890509128570557
cnn,random_search,2,1355,2024-06-04 13:00:00,1,0,0.4579700529575348
cnn,random_search,2,1356,2024-06-04 13:00:00,1,0,0.4516209363937378
cnn,random_search,2,1357,2024-06-04 13:05:00,1,0,0.4498387277126312
cnn,random_search,2,1358,2024-06-04 13:05:00,1,0,0.40136802196502686
cnn,random_search,2,1359,2024-06-04 13:10:00,1,1,0.5051800608634949
cnn,random_search,2,1360,2024-06-04 13:10:00,1,1,0.509976327419281
cnn,random_search,2,1361,2024-06-04 13:15:00,1,1,0.5383352637290955
cnn,random_search,2,1362,2024-06-04 13:15:00,1,1,0.5569947361946106
cnn,random_search,2,1363,2024-06-04 13:20:00,1,1,0.5442725419998169
cnn,random_search,2,1364,2024-06-04 13:20:00,1,1,0.5291236042976379
cnn,random_search,2,1365,2024-06-04 13:25:00,1,1,0.5179230570793152
cnn,random_search,2,1366,2024-06-04 13:25:00,1,1,0.5161833167076111
cnn,random_search,2,1367,2024-06-04 13:30:00,1,1,0.5137358903884888
cnn,random_search,2,1368,2024-06-04 13:30:00,1,1,0.5113640427589417
cnn,random_search,2,1369,2024-06-04 13:35:00,1,0,0.48734861612319946
cnn,random_search,2,1370,2024-06-04 13:35:00,1,0,0.4803038239479065
cnn,random_search,2,1371,2024-06-04 13:40:00,1,1,0.5045016407966614
cnn,random_search,2,1372,2024-06-04 13:40:00,1,0,0.4973444938659668
cnn,random_search,2,1373,2024-06-04 13:45:00,1,1,0.5359597206115723
cnn,random_search,2,1374,2024-06-04 13:45:00,1,1,0.5331088304519653
cnn,random_search,2,1375,2024-06-04 13:50:00,1,1,0.526275098323822
cnn,random_search,2,1376,2024-06-04 13:50:00,1,1,0.5462066531181335
cnn,random_search,2,1377,2024-06-04 13:55:00,1,1,0.563430666923523
cnn,random_search,2,1378,2024-06-04 13:55:00,1,1,0.5599286556243896
cnn,random_search,2,1379,2024-06-04 14:00:00,1,1,0.569987416267395
cnn,random_search,2,1380,2024-06-04 14:00:00,1,1,0.55961012840271
cnn,random_search,2,1381,2024-06-04 14:05:00,1,1,0.5328350067138672
cnn,random_search,2,1382,2024-06-04 14:05:00,1,1,0.5245065093040466
cnn,random_search,2,1383,2024-06-04 14:10:00,1,1,0.5100513696670532
cnn,random_search,2,1384,2024-06-04 14:10:00,1,0,0.49900585412979126
cnn,random_search,2,1385,2024-06-04 14:15:00,1,0,0.4920005798339844
cnn,random_search,2,1386,2024-06-04 14:15:00,1,0,0.49401548504829407
cnn,random_search,2,1387,2024-06-04 14:20:00,1,1,0.5018392205238342
cnn,random_search,2,1388,2024-06-04 14:20:00,1,1,0.5048214197158813
cnn,random_search,2,1389,2024-06-04 14:25:00,1,1,0.5182315111160278
cnn,random_search,2,1390,2024-06-04 14:25:00,1,1,0.5177098512649536
cnn,random_search,2,1391,2024-06-04 14:30:00,1,1,0.5386677980422974
cnn,random_search,2,1392,2024-06-04 14:30:00,1,1,0.5348777770996094
cnn,random_search,2,1393,2024-06-04 14:35:00,1,1,0.5337522625923157
cnn,random_search,2,1394,2024-06-04 14:35:00,1,1,0.5472314953804016
cnn,random_search,2,1395,2024-06-04 14:40:00,1,1,0.5695295929908752
cnn,random_search,2,1396,2024-06-04 14:40:00,1,1,0.5586851835250854
cnn,random_search,2,1397,2024-06-04 14:45:00,1,1,0.586280345916748
cnn,random_search,2,1398,2024-06-04 14:45:00,1,1,0.5707533955574036
cnn,random_search,2,1399,2024-06-04 14:50:00,1,1,0.5539960861206055
cnn,random_search,2,1400,2024-06-04 14:50:00,1,1,0.5540207028388977
cnn,random_search,2,1401,2024-06-04 14:55:00,1,1,0.5258520245552063
cnn,random_search,2,1402,2024-06-04 14:55:00,1,1,0.5278499722480774
cnn,random_search,2,1403,2024-06-04 15:00:00,1,1,0.5260379910469055
cnn,random_search,2,1404,2024-06-04 15:00:00,1,1,0.5287224054336548
cnn,random_search,2,1405,2024-06-04 15:05:00,1,1,0.5291347503662109
cnn,random_search,2,1406,2024-06-04 15:05:00,1,1,0.5455787777900696
cnn,random_search,2,1407,2024-06-04 15:10:00,1,0,0.4706987142562866
cnn,random_search,2,1408,2024-06-04 15:10:00,1,0,0.48656079173088074
cnn,random_search,2,1409,2024-06-04 15:15:00,1,1,0.5070157647132874
cnn,random_search,2,1410,2024-06-04 15:15:00,1,1,0.5117703080177307
cnn,random_search,2,1411,2024-06-04 15:20:00,1,1,0.556835949420929
cnn,random_search,2,1412,2024-06-04 15:20:00,1,1,0.5527018308639526
cnn,random_search,2,1413,2024-06-04 15:25:00,1,1,0.5926461815834045
cnn,random_search,2,1414,2024-06-04 15:25:00,1,1,0.5894211530685425
cnn,random_search,2,1415,2024-06-04 15:30:00,1,1,0.5592015981674194
cnn,random_search,2,1416,2024-06-04 15:30:00,1,1,0.5606070160865784
cnn,random_search,2,1417,2024-06-04 15:35:00,1,1,0.5232348442077637
cnn,random_search,2,1418,2024-06-04 15:35:00,1,1,0.5177057981491089
cnn,random_search,2,1419,2024-06-04 15:40:00,1,0,0.49655067920684814
cnn,random_search,2,1420,2024-06-04 15:40:00,1,0,0.4961405098438263
cnn,random_search,2,1421,2024-06-04 15:45:00,1,1,0.5376829504966736
cnn,random_search,2,1422,2024-06-04 15:45:00,1,1,0.5197630524635315
cnn,random_search,2,1423,2024-06-04 15:50:00,1,1,0.5001446008682251
cnn,random_search,2,1424,2024-06-04 15:50:00,1,1,0.5259265899658203
cnn,random_search,2,1425,2024-06-04 15:55:00,1,0,0.4563022553920746
cnn,random_search,2,1426,2024-06-04 15:55:00,1,0,0.46631547808647156
cnn,random_search,2,1427,2024-06-04 16:00:00,1,0,0.43844112753868103
cnn,random_search,2,1428,2024-06-04 16:00:00,1,0,0.43324610590934753
cnn,random_search,2,1429,2024-06-04 16:05:00,1,0,0.4317662715911865
cnn,random_search,2,1430,2024-06-04 16:05:00,1,0,0.4215576648712158
cnn,random_search,2,1431,2024-06-04 16:10:00,1,0,0.48453158140182495
cnn,random_search,2,1432,2024-06-04 16:10:00,1,0,0.4859999418258667
cnn,random_search,2,1433,2024-06-04 16:15:00,1,1,0.5209808349609375
cnn,random_search,2,1434,2024-06-04 16:15:00,1,1,0.5145317912101746
cnn,random_search,2,1435,2024-06-04 16:20:00,1,1,0.5232489705085754
cnn,random_search,2,1436,2024-06-04 16:20:00,1,1,0.5302449464797974
cnn,random_search,2,1437,2024-06-04 16:25:00,1,1,0.5350324511528015
cnn,random_search,2,1438,2024-06-04 16:25:00,1,1,0.5333797335624695
cnn,random_search,2,1439,2024-06-04 16:30:00,1,1,0.5512273907661438
cnn,random_search,2,1440,2024-06-04 16:30:00,1,1,0.5461564064025879
cnn,random_search,2,1441,2024-06-04 16:35:00,1,1,0.5203105807304382
cnn,random_search,2,1442,2024-06-04 16:35:00,1,1,0.5216264128684998
cnn,random_search,2,1443,2024-06-04 16:40:00,1,1,0.5320205688476562
cnn,random_search,2,1444,2024-06-04 16:40:00,1,1,0.5531226396560669
cnn,random_search,2,1445,2024-06-04 16:45:00,1,1,0.5219433903694153
cnn,random_search,2,1446,2024-06-04 16:45:00,1,1,0.5600497722625732
cnn,random_search,2,1447,2024-06-04 16:50:00,1,1,0.5286645889282227
cnn,random_search,2,1448,2024-06-04 16:50:00,1,1,0.5347474217414856
cnn,random_search,2,1449,2024-06-04 16:55:00,0,1,0.5407862663269043
cnn,random_search,2,1450,2024-06-04 16:55:00,0,1,0.5462343096733093
cnn,random_search,2,1451,2024-06-04 17:00:00,0,1,0.5294435620307922
cnn,random_search,2,1452,2024-06-04 17:00:00,0,1,0.5224283337593079
cnn,random_search,2,1453,2024-06-04 17:05:00,0,1,0.5096995234489441
cnn,random_search,2,1454,2024-06-04 17:05:00,0,1,0.5253973603248596
cnn,random_search,2,1455,2024-06-04 17:10:00,0,0,0.491064190864563
cnn,random_search,2,1456,2024-06-04 17:10:00,0,0,0.49820971488952637
cnn,random_search,2,1457,2024-06-04 17:15:00,0,0,0.44014641642570496
cnn,random_search,2,1458,2024-06-04 17:15:00,0,0,0.48558902740478516
cnn,random_search,2,1459,2024-06-04 17:20:00,0,0,0.4862303137779236
cnn,random_search,2,1460,2024-06-04 17:20:00,0,0,0.41937509179115295
cnn,random_search,2,1461,2024-06-04 17:25:00,0,0,0.47460126876831055
cnn,random_search,2,1462,2024-06-04 17:25:00,0,0,0.4516562521457672
cnn,random_search,2,1463,2024-06-04 17:30:00,0,0,0.4943750202655792
cnn,random_search,2,1464,2024-06-04 17:30:00,0,1,0.5046936869621277
cnn,random_search,2,1465,2024-06-04 17:35:00,0,1,0.5021751523017883
cnn,random_search,2,1466,2024-06-04 17:35:00,0,1,0.5013155341148376
cnn,random_search,2,1467,2024-06-04 17:40:00,0,0,0.4947354793548584
cnn,random_search,2,1468,2024-06-04 17:40:00,0,0,0.49536803364753723
cnn,random_search,2,1469,2024-06-04 17:45:00,0,1,0.5027828216552734
cnn,random_search,2,1470,2024-06-04 17:45:00,0,0,0.49952229857444763
cnn,random_search,2,1471,2024-06-04 17:50:00,0,1,0.5051180720329285
cnn,random_search,2,1472,2024-06-04 17:50:00,0,1,0.5113649964332581
cnn,random_search,2,1473,2024-06-04 17:55:00,0,1,0.5357051491737366
cnn,random_search,2,1474,2024-06-04 17:55:00,0,1,0.5478032827377319
cnn,random_search,2,1475,2024-06-05 11:10:00,1,0,0.3995558023452759
cnn,random_search,2,1476,2024-06-05 11:10:00,1,0,0.3822133541107178
cnn,random_search,2,1477,2024-06-05 11:15:00,1,0,0.3965654671192169
cnn,random_search,2,1478,2024-06-05 11:15:00,1,0,0.39259180426597595
cnn,random_search,2,1479,2024-06-05 11:20:00,1,0,0.485337495803833
cnn,random_search,2,1480,2024-06-05 11:20:00,1,0,0.48492252826690674
cnn,random_search,2,1481,2024-06-05 11:25:00,1,1,0.5229580402374268
cnn,random_search,2,1482,2024-06-05 11:25:00,1,1,0.5253967642784119
cnn,random_search,2,1483,2024-06-05 11:30:00,1,1,0.5856083631515503
cnn,random_search,2,1484,2024-06-05 11:30:00,1,1,0.5837437510490417
cnn,random_search,2,1485,2024-06-05 11:35:00,1,1,0.6409233808517456
cnn,random_search,2,1486,2024-06-05 11:35:00,1,1,0.6407077312469482
cnn,random_search,2,1487,2024-06-05 11:40:00,1,1,0.6952826976776123
cnn,random_search,2,1488,2024-06-05 11:40:00,0,1,0.6871232986450195
cnn,random_search,2,1489,2024-06-05 11:45:00,0,1,0.6072161197662354
cnn,random_search,2,1490,2024-06-05 11:45:00,1,1,0.6074800491333008
cnn,random_search,2,1491,2024-06-05 11:50:00,1,1,0.6037973165512085
cnn,random_search,2,1492,2024-06-05 11:50:00,0,1,0.5967298746109009
cnn,random_search,2,1493,2024-06-05 11:55:00,1,1,0.5617833733558655
cnn,random_search,2,1494,2024-06-05 11:55:00,0,1,0.5615915060043335
cnn,random_search,2,1495,2024-06-05 12:00:00,1,1,0.5458453297615051
cnn,random_search,2,1496,2024-06-05 12:00:00,0,1,0.5503624677658081
cnn,random_search,2,1497,2024-06-05 12:05:00,0,1,0.53537917137146
cnn,random_search,2,1498,2024-06-05 12:05:00,1,1,0.5328772068023682
cnn,random_search,2,1499,2024-06-05 12:10:00,1,0,0.48248258233070374
cnn,random_search,2,1500,2024-06-05 12:10:00,0,0,0.492359459400177
cnn,random_search,2,1501,2024-06-05 12:15:00,0,1,0.5450892448425293
cnn,random_search,2,1502,2024-06-05 12:15:00,1,1,0.5437523126602173
cnn,random_search,2,1503,2024-06-05 12:20:00,0,1,0.5721831321716309
cnn,random_search,2,1504,2024-06-05 12:20:00,1,1,0.5722888112068176
cnn,random_search,2,1505,2024-06-05 12:25:00,0,1,0.584916889667511
cnn,random_search,2,1506,2024-06-05 12:25:00,0,1,0.5809040665626526
cnn,random_search,2,1507,2024-06-05 12:30:00,0,1,0.5919703245162964
cnn,random_search,2,1508,2024-06-05 12:30:00,0,1,0.5640160441398621
cnn,random_search,2,1509,2024-06-05 12:35:00,0,1,0.5399266481399536
cnn,random_search,2,1510,2024-06-05 12:35:00,0,1,0.552379310131073
cnn,random_search,2,1511,2024-06-05 12:40:00,0,1,0.5157066583633423
cnn,random_search,2,1512,2024-06-05 12:40:00,0,1,0.5152047276496887
cnn,random_search,2,1513,2024-06-05 12:45:00,0,1,0.5017037391662598
cnn,random_search,2,1514,2024-06-05 12:45:00,0,0,0.4914793074131012
cnn,random_search,2,1515,2024-06-05 12:50:00,0,0,0.4387674927711487
cnn,random_search,2,1516,2024-06-05 12:50:00,0,0,0.4755150079727173
cnn,random_search,2,1517,2024-06-05 12:55:00,0,0,0.4812760651111603
cnn,random_search,2,1518,2024-06-05 12:55:00,0,0,0.47725099325180054
cnn,random_search,2,1519,2024-06-05 13:00:00,0,0,0.47779378294944763
cnn,random_search,2,1520,2024-06-05 13:00:00,0,0,0.47949522733688354
cnn,random_search,2,1521,2024-06-05 13:05:00,0,0,0.45391279458999634
cnn,random_search,2,1522,2024-06-05 13:05:00,0,0,0.45416730642318726
cnn,random_search,2,1523,2024-06-05 13:10:00,0,0,0.4369991719722748
cnn,random_search,2,1524,2024-06-05 13:10:00,0,0,0.4473574161529541
cnn,random_search,2,1525,2024-06-05 13:15:00,0,0,0.4425874948501587
cnn,random_search,2,1526,2024-06-05 13:15:00,0,0,0.45180249214172363
cnn,random_search,2,1527,2024-06-05 13:20:00,0,0,0.4489516615867615
cnn,random_search,2,1528,2024-06-05 13:20:00,0,0,0.4344053864479065
cnn,random_search,2,1529,2024-06-05 13:25:00,0,0,0.4355870187282562
cnn,random_search,2,1530,2024-06-05 13:25:00,0,0,0.4382445812225342
cnn,random_search,2,1531,2024-06-05 13:30:00,0,0,0.41716864705085754
cnn,random_search,2,1532,2024-06-05 13:30:00,0,0,0.42299991846084595
cnn,random_search,2,1533,2024-06-05 13:35:00,0,0,0.44567424058914185
cnn,random_search,2,1534,2024-06-05 13:35:00,0,0,0.4339892566204071
cnn,random_search,2,1535,2024-06-05 13:40:00,0,0,0.44829341769218445
cnn,random_search,2,1536,2024-06-05 13:40:00,0,0,0.4595649540424347
cnn,random_search,2,1537,2024-06-05 13:45:00,0,0,0.3638916015625
cnn,random_search,2,1538,2024-06-05 13:45:00,0,0,0.44911789894104004
cnn,random_search,2,1539,2024-06-05 13:50:00,0,0,0.4941343069076538
cnn,random_search,2,1540,2024-06-05 13:50:00,0,1,0.5084250569343567
cnn,random_search,2,1541,2024-06-05 13:55:00,0,0,0.4946267306804657
cnn,random_search,2,1542,2024-06-05 13:55:00,0,0,0.48520317673683167
cnn,random_search,2,1543,2024-06-05 14:00:00,0,1,0.5168300867080688
cnn,random_search,2,1544,2024-06-05 14:00:00,0,0,0.49494224786758423
cnn,random_search,2,1545,2024-06-05 14:05:00,0,0,0.47689056396484375
cnn,random_search,2,1546,2024-06-05 14:05:00,0,0,0.45000723004341125
cnn,random_search,2,1547,2024-06-05 14:10:00,0,0,0.4613819122314453
cnn,random_search,2,1548,2024-06-05 14:10:00,0,0,0.45537638664245605
cnn,random_search,2,1549,2024-06-05 14:15:00,0,0,0.4501422941684723
cnn,random_search,2,1550,2024-06-05 14:15:00,0,0,0.4129554331302643
cnn,random_search,2,1551,2024-06-05 14:20:00,0,0,0.47301185131073
cnn,random_search,2,1552,2024-06-05 14:20:00,0,0,0.4812866151332855
cnn,random_search,2,1553,2024-06-05 14:25:00,0,1,0.5056111812591553
cnn,random_search,2,1554,2024-06-05 14:25:00,0,1,0.5146107077598572
cnn,random_search,2,1555,2024-06-05 14:30:00,0,1,0.5500274300575256
cnn,random_search,2,1556,2024-06-05 14:30:00,0,1,0.5390990972518921
cnn,random_search,2,1557,2024-06-05 14:35:00,0,1,0.5355743169784546
cnn,random_search,2,1558,2024-06-05 14:35:00,0,1,0.5352821350097656
cnn,random_search,2,1559,2024-06-05 14:40:00,0,1,0.5666947364807129
cnn,random_search,2,1560,2024-06-05 14:40:00,0,1,0.5435032844543457
cnn,random_search,2,1561,2024-06-05 14:45:00,0,1,0.5085159540176392
cnn,random_search,2,1562,2024-06-05 14:45:00,0,1,0.521313488483429
cnn,random_search,2,1563,2024-06-05 14:50:00,0,0,0.4437611997127533
cnn,random_search,2,1564,2024-06-05 14:50:00,0,0,0.4461266100406647
cnn,random_search,2,1565,2024-06-05 14:55:00,0,0,0.4153468608856201
cnn,random_search,2,1566,2024-06-05 14:55:00,0,0,0.4061504304409027
cnn,random_search,2,1567,2024-06-05 15:00:00,0,0,0.4445633292198181
cnn,random_search,2,1568,2024-06-05 15:00:00,0,0,0.4546102285385132
cnn,random_search,2,1569,2024-06-05 15:05:00,0,0,0.43750715255737305
cnn,random_search,2,1570,2024-06-05 15:05:00,0,0,0.43052980303764343
cnn,random_search,2,1571,2024-06-05 15:10:00,0,0,0.4042913019657135
cnn,random_search,2,1572,2024-06-05 15:10:00,0,0,0.39001959562301636
cnn,random_search,2,1573,2024-06-05 15:15:00,0,0,0.3773062825202942
cnn,random_search,2,1574,2024-06-05 15:15:00,0,0,0.3876178562641144
cnn,random_search,2,1575,2024-06-05 15:20:00,0,0,0.4105783700942993
cnn,random_search,2,1576,2024-06-05 15:20:00,0,0,0.398069828748703
cnn,random_search,2,1577,2024-06-05 15:25:00,0,0,0.4085983633995056
cnn,random_search,2,1578,2024-06-05 15:25:00,0,0,0.4160238206386566
cnn,random_search,2,1579,2024-06-05 15:30:00,0,0,0.42549246549606323
cnn,random_search,2,1580,2024-06-05 15:30:00,0,0,0.4190070331096649
cnn,random_search,2,1581,2024-06-05 15:35:00,1,0,0.38775888085365295
cnn,random_search,2,1582,2024-06-05 15:35:00,0,0,0.4161158800125122
cnn,random_search,2,1583,2024-06-05 15:40:00,0,0,0.44090160727500916
cnn,random_search,2,1584,2024-06-05 15:40:00,1,0,0.4229769706726074
cnn,random_search,2,1585,2024-06-05 15:45:00,1,0,0.4628968834877014
cnn,random_search,2,1586,2024-06-05 15:45:00,0,0,0.46395155787467957
cnn,random_search,2,1587,2024-06-05 15:50:00,1,0,0.4840047061443329
cnn,random_search,2,1588,2024-06-05 15:50:00,0,0,0.49965572357177734
cnn,random_search,2,1589,2024-06-05 15:55:00,1,1,0.5334331393241882
cnn,random_search,2,1590,2024-06-05 15:55:00,0,1,0.523780345916748
cnn,random_search,2,1591,2024-06-05 16:00:00,0,1,0.5483373999595642
cnn,random_search,2,1592,2024-06-05 16:00:00,1,1,0.606100857257843
cnn,random_search,2,1593,2024-06-05 16:05:00,0,1,0.501876175403595
cnn,random_search,2,1594,2024-06-05 16:05:00,1,1,0.5004011392593384
cnn,random_search,2,1595,2024-06-05 16:10:00,1,0,0.4654528796672821
cnn,random_search,2,1596,2024-06-05 16:10:00,1,0,0.4687711000442505
cnn,random_search,2,1597,2024-06-05 16:15:00,1,0,0.4661790132522583
cnn,random_search,2,1598,2024-06-05 16:15:00,1,0,0.4586736857891083
cnn,random_search,2,1599,2024-06-05 16:20:00,1,0,0.4962265193462372
cnn,random_search,2,1600,2024-06-05 16:20:00,1,0,0.4871392548084259
cnn,random_search,2,1601,2024-06-05 16:25:00,1,1,0.5016709566116333
cnn,random_search,2,1602,2024-06-05 16:25:00,1,0,0.499427855014801
cnn,random_search,2,1603,2024-06-05 16:30:00,1,0,0.47553378343582153
cnn,random_search,2,1604,2024-06-05 16:30:00,1,0,0.48274967074394226
cnn,random_search,2,1605,2024-06-05 16:35:00,1,0,0.49767830967903137
cnn,random_search,2,1606,2024-06-05 16:35:00,1,1,0.5095528960227966
cnn,random_search,2,1607,2024-06-05 16:40:00,1,1,0.5137686133384705
cnn,random_search,2,1608,2024-06-05 16:40:00,1,1,0.5162419080734253
cnn,random_search,2,1609,2024-06-05 16:45:00,1,1,0.5024273991584778
cnn,random_search,2,1610,2024-06-05 16:45:00,1,0,0.4956090748310089
cnn,random_search,2,1611,2024-06-05 16:50:00,1,1,0.5154516100883484
cnn,random_search,2,1612,2024-06-05 16:50:00,1,1,0.5182459354400635
cnn,random_search,2,1613,2024-06-05 16:55:00,0,1,0.5412386655807495
cnn,random_search,2,1614,2024-06-05 16:55:00,1,1,0.5365052819252014
cnn,random_search,2,1615,2024-06-05 17:00:00,1,1,0.5289904475212097
cnn,random_search,2,1616,2024-06-05 17:00:00,0,1,0.5424309372901917
cnn,random_search,2,1617,2024-06-05 17:05:00,0,0,0.49355554580688477
cnn,random_search,2,1618,2024-06-05 17:05:00,0,0,0.4967641532421112
cnn,random_search,2,1619,2024-06-05 17:10:00,1,0,0.4696767032146454
cnn,random_search,2,1620,2024-06-05 17:10:00,1,0,0.47434931993484497
cnn,random_search,2,1621,2024-06-05 17:15:00,1,1,0.5058808326721191
cnn,random_search,2,1622,2024-06-05 17:15:00,1,1,0.5048533082008362
cnn,random_search,2,1623,2024-06-05 17:20:00,1,1,0.5150346755981445
cnn,random_search,2,1624,2024-06-05 17:20:00,1,1,0.5167798399925232
cnn,random_search,2,1625,2024-06-05 17:25:00,1,1,0.5266352295875549
cnn,random_search,2,1626,2024-06-05 17:30:00,1,1,0.5266473293304443
cnn,random_search,2,1627,2024-06-05 17:30:00,1,1,0.5362973213195801
cnn,random_search,2,1628,2024-06-05 17:35:00,1,0,0.4904657304286957
cnn,random_search,2,1629,2024-06-05 17:35:00,1,0,0.4931798279285431
cnn,random_search,2,1630,2024-06-05 17:40:00,1,0,0.48190516233444214
cnn,random_search,2,1631,2024-06-05 17:40:00,1,0,0.3827987015247345
cnn,random_search,2,1632,2024-06-05 17:45:00,1,1,0.5050848126411438
cnn,random_search,2,1633,2024-06-05 17:45:00,1,1,0.5112989544868469
cnn,random_search,2,1634,2024-06-05 17:50:00,1,1,0.5044752955436707
cnn,random_search,2,1635,2024-06-05 17:50:00,1,1,0.5112391114234924
cnn,random_search,2,1636,2024-06-05 17:55:00,1,1,0.500149130821228
cnn,random_search,2,1637,2024-06-05 17:55:00,1,1,0.5105136036872864
cnn,random_search,2,1638,2024-06-06 12:40:00,0,1,0.661677896976471
cnn,random_search,2,1639,2024-06-06 12:40:00,0,1,0.6543059349060059
cnn,random_search,2,1640,2024-06-06 12:45:00,0,1,0.5922922492027283
cnn,random_search,2,1641,2024-06-06 12:45:00,0,1,0.5900126099586487
cnn,random_search,2,1642,2024-06-06 12:50:00,0,1,0.5675805807113647
cnn,random_search,2,1643,2024-06-06 12:50:00,0,1,0.5684483647346497
cnn,random_search,2,1644,2024-06-06 12:55:00,0,1,0.632719099521637
cnn,random_search,2,1645,2024-06-06 12:55:00,0,1,0.5985897779464722
cnn,random_search,2,1646,2024-06-06 13:00:00,0,0,0.46599826216697693
cnn,random_search,2,1647,2024-06-06 13:00:00,0,0,0.4752931296825409
cnn,random_search,2,1648,2024-06-06 13:05:00,0,0,0.4347218871116638
cnn,random_search,2,1649,2024-06-06 13:05:00,0,0,0.40451356768608093
cnn,random_search,2,1650,2024-06-06 13:10:00,0,0,0.4278256297111511
cnn,random_search,2,1651,2024-06-06 13:10:00,0,0,0.4405730068683624
cnn,random_search,2,1652,2024-06-06 13:15:00,0,0,0.4580472707748413
cnn,random_search,2,1653,2024-06-06 13:15:00,0,0,0.4554066061973572
cnn,random_search,2,1654,2024-06-06 13:20:00,0,0,0.4567103981971741
cnn,random_search,2,1655,2024-06-06 13:20:00,0,0,0.45920076966285706
cnn,random_search,2,1656,2024-06-06 13:25:00,0,0,0.4529663026332855
cnn,random_search,2,1657,2024-06-06 13:25:00,0,0,0.4572511911392212
cnn,random_search,2,1658,2024-06-06 13:30:00,0,0,0.44834592938423157
cnn,random_search,2,1659,2024-06-06 13:30:00,0,0,0.4482879638671875
cnn,random_search,2,1660,2024-06-06 13:35:00,0,0,0.42088186740875244
cnn,random_search,2,1661,2024-06-06 13:35:00,0,0,0.4271726608276367
cnn,random_search,2,1662,2024-06-06 13:40:00,1,0,0.41905903816223145
cnn,random_search,2,1663,2024-06-06 13:40:00,0,0,0.4176441729068756
cnn,random_search,2,1664,2024-06-06 13:45:00,1,0,0.4166296422481537
cnn,random_search,2,1665,2024-06-06 13:45:00,1,0,0.4037278890609741
cnn,random_search,2,1666,2024-06-06 13:50:00,1,0,0.44750499725341797
cnn,random_search,2,1667,2024-06-06 13:50:00,1,0,0.44335049390792847
cnn,random_search,2,1668,2024-06-06 13:55:00,1,0,0.47716644406318665
cnn,random_search,2,1669,2024-06-06 13:55:00,1,0,0.4759592115879059
cnn,random_search,2,1670,2024-06-06 14:00:00,1,1,0.5310675501823425
cnn,random_search,2,1671,2024-06-06 14:00:00,1,1,0.5317763686180115
cnn,random_search,2,1672,2024-06-06 14:05:00,1,1,0.527329683303833
cnn,random_search,2,1673,2024-06-06 14:05:00,1,1,0.5414437651634216
cnn,random_search,2,1674,2024-06-06 14:10:00,1,1,0.598737895488739
cnn,random_search,2,1675,2024-06-06 14:10:00,1,1,0.5258653163909912
cnn,random_search,2,1676,2024-06-06 14:15:00,1,1,0.5294013619422913
cnn,random_search,2,1677,2024-06-06 14:15:00,1,1,0.5358043909072876
cnn,random_search,2,1678,2024-06-06 14:20:00,1,1,0.5727697610855103
cnn,random_search,2,1679,2024-06-06 14:20:00,1,1,0.5760112404823303
cnn,random_search,2,1680,2024-06-06 14:25:00,1,1,0.5928955078125
cnn,random_search,2,1681,2024-06-06 14:25:00,1,1,0.5951117873191833
cnn,random_search,2,1682,2024-06-06 14:30:00,1,1,0.6128461956977844
cnn,random_search,2,1683,2024-06-06 14:30:00,1,1,0.6061660051345825
cnn,random_search,2,1684,2024-06-06 14:35:00,1,1,0.6088117361068726
cnn,random_search,2,1685,2024-06-06 14:35:00,1,1,0.6112442016601562
cnn,random_search,2,1686,2024-06-06 14:40:00,1,1,0.6024079918861389
cnn,random_search,2,1687,2024-06-06 14:40:00,0,1,0.6059649586677551
cnn,random_search,2,1688,2024-06-06 14:45:00,0,1,0.5326485633850098
cnn,random_search,2,1689,2024-06-06 14:45:00,1,1,0.5232443809509277
cnn,random_search,2,1690,2024-06-06 14:50:00,0,0,0.45456913113594055
cnn,random_search,2,1691,2024-06-06 14:50:00,1,0,0.4541122317314148
cnn,random_search,2,1692,2024-06-06 14:55:00,0,0,0.43331286311149597
cnn,random_search,2,1693,2024-06-06 14:55:00,1,0,0.45430585741996765
cnn,random_search,2,1694,2024-06-06 15:00:00,1,0,0.43882110714912415
cnn,random_search,2,1695,2024-06-06 15:00:00,0,0,0.42541879415512085
cnn,random_search,2,1696,2024-06-06 15:05:00,1,0,0.4011879563331604
cnn,random_search,2,1697,2024-06-06 15:05:00,1,0,0.4112575352191925
cnn,random_search,2,1698,2024-06-06 15:10:00,1,0,0.38333919644355774
cnn,random_search,2,1699,2024-06-06 15:10:00,1,0,0.37778332829475403
cnn,random_search,2,1700,2024-06-06 15:15:00,1,0,0.458858460187912
cnn,random_search,2,1701,2024-06-06 15:15:00,1,0,0.4609100818634033
cnn,random_search,2,1702,2024-06-06 15:20:00,1,0,0.49975258111953735
cnn,random_search,2,1703,2024-06-06 15:20:00,1,1,0.5034337043762207
cnn,random_search,2,1704,2024-06-06 15:25:00,1,1,0.5207685828208923
cnn,random_search,2,1705,2024-06-06 15:25:00,1,1,0.5156944394111633
cnn,random_search,2,1706,2024-06-06 15:30:00,1,1,0.5262882113456726
cnn,random_search,2,1707,2024-06-06 15:30:00,1,1,0.5231112241744995
cnn,random_search,2,1708,2024-06-06 15:35:00,1,1,0.5486552715301514
cnn,random_search,2,1709,2024-06-06 15:35:00,1,1,0.5456961393356323
cnn,random_search,2,1710,2024-06-06 15:40:00,1,1,0.5521612167358398
cnn,random_search,2,1711,2024-06-06 15:40:00,1,1,0.5592556595802307
cnn,random_search,2,1712,2024-06-06 15:45:00,1,1,0.574466347694397
cnn,random_search,2,1713,2024-06-06 15:45:00,1,1,0.6001617312431335
cnn,random_search,2,1714,2024-06-06 15:50:00,1,1,0.5229942798614502
cnn,random_search,2,1715,2024-06-06 15:50:00,1,1,0.5178230404853821
cnn,random_search,2,1716,2024-06-06 15:55:00,1,0,0.4702020585536957
cnn,random_search,2,1717,2024-06-06 15:55:00,1,0,0.47454795241355896
cnn,random_search,2,1718,2024-06-06 16:00:00,1,0,0.43994563817977905
cnn,random_search,2,1719,2024-06-06 16:00:00,1,0,0.43929368257522583
cnn,random_search,2,1720,2024-06-06 16:05:00,1,0,0.4389033913612366
cnn,random_search,2,1721,2024-06-06 16:05:00,1,0,0.43260326981544495
cnn,random_search,2,1722,2024-06-06 16:10:00,1,0,0.44342586398124695
cnn,random_search,2,1723,2024-06-06 16:10:00,1,0,0.4348902404308319
cnn,random_search,2,1724,2024-06-06 16:15:00,1,0,0.4474102854728699
cnn,random_search,2,1725,2024-06-06 16:15:00,1,0,0.4531744420528412
cnn,random_search,2,1726,2024-06-06 16:20:00,1,0,0.41292688250541687
cnn,random_search,2,1727,2024-06-06 16:20:00,1,0,0.44183701276779175
cnn,random_search,2,1728,2024-06-06 16:25:00,1,0,0.4388357102870941
cnn,random_search,2,1729,2024-06-06 16:25:00,1,0,0.44494685530662537
cnn,random_search,2,1730,2024-06-06 16:30:00,1,0,0.431606262922287
cnn,random_search,2,1731,2024-06-06 16:30:00,1,0,0.4410151243209839
cnn,random_search,2,1732,2024-06-06 16:35:00,1,0,0.46315479278564453
cnn,random_search,2,1733,2024-06-06 16:35:00,1,0,0.46314290165901184
cnn,random_search,2,1734,2024-06-06 16:40:00,1,1,0.5206695795059204
cnn,random_search,2,1735,2024-06-06 16:40:00,1,1,0.5249114632606506
cnn,random_search,2,1736,2024-06-06 16:45:00,1,1,0.5547768473625183
cnn,random_search,2,1737,2024-06-06 16:45:00,1,1,0.5542994141578674
cnn,random_search,2,1738,2024-06-06 16:50:00,1,1,0.5799802541732788
cnn,random_search,2,1739,2024-06-06 16:50:00,1,1,0.5882605910301208
cnn,random_search,2,1740,2024-06-06 16:55:00,0,1,0.5979371070861816
cnn,random_search,2,1741,2024-06-06 16:55:00,0,1,0.5910319089889526
cnn,random_search,2,1742,2024-06-06 17:00:00,0,1,0.6038737297058105
cnn,random_search,2,1743,2024-06-06 17:00:00,0,1,0.5711731910705566
cnn,random_search,2,1744,2024-06-06 17:05:00,0,1,0.5987163186073303
cnn,random_search,2,1745,2024-06-06 17:05:00,0,1,0.5316763520240784
cnn,random_search,2,1746,2024-06-06 17:10:00,0,1,0.5416494011878967
cnn,random_search,2,1747,2024-06-06 17:10:00,0,1,0.5253258943557739
cnn,random_search,2,1748,2024-06-06 17:15:00,0,1,0.5437893867492676
cnn,random_search,2,1749,2024-06-06 17:15:00,0,1,0.5373300909996033
cnn,random_search,2,1750,2024-06-06 17:20:00,0,1,0.5421825051307678
cnn,random_search,2,1751,2024-06-06 17:20:00,0,1,0.5342480540275574
cnn,random_search,2,1752,2024-06-06 17:25:00,0,1,0.5140977501869202
cnn,random_search,2,1753,2024-06-06 17:25:00,0,1,0.5275657773017883
cnn,random_search,2,1754,2024-06-06 17:30:00,0,1,0.5200552344322205
cnn,random_search,2,1755,2024-06-06 17:30:00,0,1,0.5142250061035156
cnn,random_search,2,1756,2024-06-06 17:35:00,0,1,0.5342006087303162
cnn,random_search,2,1757,2024-06-06 17:35:00,0,1,0.5304021835327148
cnn,random_search,2,1758,2024-06-06 17:40:00,0,1,0.5039983987808228
cnn,random_search,2,1759,2024-06-06 17:40:00,0,1,0.5070201754570007
cnn,random_search,2,1760,2024-06-06 17:45:00,0,0,0.4887186884880066
cnn,random_search,2,1761,2024-06-06 17:45:00,0,1,0.5020679831504822
cnn,random_search,2,1762,2024-06-06 17:50:00,0,1,0.5152624845504761
cnn,random_search,2,1763,2024-06-06 17:50:00,0,1,0.5157297253608704
cnn,random_search,2,1764,2024-06-06 17:55:00,0,0,0.4992755949497223
cnn,random_search,2,1765,2024-06-06 17:55:00,1,1,0.501955509185791
cnn,random_search,2,1766,2024-06-07 17:10:00,1,0,0.4665882885456085
cnn,random_search,2,1767,2024-06-07 17:15:00,1,0,0.41269832849502563
cnn,random_search,2,1768,2024-06-07 17:20:00,1,1,0.5200098752975464
cnn,random_search,2,1769,2024-06-07 17:25:00,1,1,0.5165197253227234
cnn,random_search,2,1770,2024-06-07 17:30:00,1,1,0.5252232551574707
cnn,random_search,2,1771,2024-06-07 17:35:00,1,0,0.4921455979347229
cnn,random_search,2,1772,2024-06-07 17:40:00,1,0,0.4723006784915924
cnn,random_search,2,1773,2024-06-07 17:45:00,1,0,0.4469272792339325
cnn,random_search,2,1774,2024-06-07 17:50:00,1,0,0.47246912121772766
cnn,random_search,2,1775,2024-06-07 17:55:00,1,0,0.4610687792301178
cnn,random_search,2,1776,2024-06-10 10:40:00,1,1,0.6053339242935181
cnn,random_search,2,1777,2024-06-10 10:45:00,1,1,0.6326280832290649
cnn,random_search,2,1778,2024-06-10 10:50:00,1,1,0.6139752864837646
cnn,random_search,2,1779,2024-06-10 10:55:00,1,1,0.5616284012794495
cnn,random_search,2,1780,2024-06-10 11:00:00,1,1,0.5391346216201782
cnn,random_search,2,1781,2024-06-10 11:05:00,1,1,0.5171999931335449
cnn,random_search,2,1782,2024-06-10 11:10:00,1,1,0.5289930701255798
cnn,random_search,2,1783,2024-06-10 11:15:00,1,1,0.5648238062858582
cnn,random_search,2,1784,2024-06-10 11:20:00,1,1,0.581211507320404
cnn,random_search,2,1785,2024-06-10 11:25:00,1,1,0.5802499651908875
cnn,random_search,2,1786,2024-06-10 11:30:00,1,1,0.5251798629760742
cnn,random_search,2,1787,2024-06-10 11:35:00,1,1,0.5373754501342773
cnn,random_search,2,1788,2024-06-10 11:40:00,1,1,0.5414437651634216
cnn,random_search,2,1789,2024-06-10 11:45:00,1,1,0.5562232136726379
cnn,random_search,2,1790,2024-06-10 11:50:00,0,1,0.5662322044372559
cnn,random_search,2,1791,2024-06-10 11:50:00,0,1,0.5626368522644043
cnn,random_search,2,1792,2024-06-10 11:55:00,0,1,0.5153389573097229
cnn,random_search,2,1793,2024-06-10 11:55:00,0,1,0.5182032585144043
cnn,random_search,2,1794,2024-06-10 12:00:00,0,0,0.49207228422164917
cnn,random_search,2,1795,2024-06-10 12:00:00,0,0,0.4921122193336487
cnn,random_search,2,1796,2024-06-10 12:05:00,0,0,0.47615763545036316
cnn,random_search,2,1797,2024-06-10 12:05:00,0,0,0.4841846227645874
cnn,random_search,2,1798,2024-06-10 12:10:00,0,0,0.46123650670051575
cnn,random_search,2,1799,2024-06-10 12:10:00,0,0,0.456792950630188
cnn,random_search,2,1800,2024-06-10 12:15:00,0,0,0.4606967568397522
cnn,random_search,2,1801,2024-06-10 12:15:00,0,0,0.4617517590522766
cnn,random_search,2,1802,2024-06-10 12:20:00,0,0,0.4722701609134674
cnn,random_search,2,1803,2024-06-10 12:20:00,0,0,0.4688648283481598
cnn,random_search,2,1804,2024-06-10 12:25:00,0,0,0.45541107654571533
cnn,random_search,2,1805,2024-06-10 12:25:00,0,0,0.4555377960205078
cnn,random_search,2,1806,2024-06-10 12:30:00,0,0,0.4530865252017975
cnn,random_search,2,1807,2024-06-10 12:30:00,0,0,0.4531667232513428
cnn,random_search,2,1808,2024-06-10 12:35:00,0,0,0.45949748158454895
cnn,random_search,2,1809,2024-06-10 12:35:00,0,0,0.45763465762138367
cnn,random_search,2,1810,2024-06-10 12:40:00,0,0,0.4844929575920105
cnn,random_search,2,1811,2024-06-10 12:40:00,0,0,0.4832591712474823
cnn,random_search,2,1812,2024-06-10 12:45:00,0,0,0.474944144487381
cnn,random_search,2,1813,2024-06-10 12:45:00,0,0,0.47127658128738403
cnn,random_search,2,1814,2024-06-10 12:50:00,1,0,0.46294987201690674
cnn,random_search,2,1815,2024-06-10 12:50:00,0,0,0.4627021253108978
cnn,random_search,2,1816,2024-06-10 12:55:00,1,0,0.47258827090263367
cnn,random_search,2,1817,2024-06-10 12:55:00,0,0,0.46831953525543213
cnn,random_search,2,1818,2024-06-10 13:00:00,1,0,0.4912237226963043
cnn,random_search,2,1819,2024-06-10 13:00:00,0,0,0.4854358434677124
cnn,random_search,2,1820,2024-06-10 13:05:00,1,1,0.5082610845565796
cnn,random_search,2,1821,2024-06-10 13:05:00,0,1,0.5076174139976501
cnn,random_search,2,1822,2024-06-10 13:10:00,0,1,0.5361305475234985
cnn,random_search,2,1823,2024-06-10 13:10:00,0,1,0.5339989066123962
cnn,random_search,2,1824,2024-06-10 13:15:00,0,1,0.5181982517242432
cnn,random_search,2,1825,2024-06-10 13:15:00,0,1,0.5171679854393005
cnn,random_search,2,1826,2024-06-10 13:20:00,0,1,0.5071015357971191
cnn,random_search,2,1827,2024-06-10 13:20:00,0,1,0.507144570350647
cnn,random_search,2,1828,2024-06-10 13:25:00,0,0,0.4830227494239807
cnn,random_search,2,1829,2024-06-10 13:25:00,0,0,0.4866456091403961
cnn,random_search,2,1830,2024-06-10 13:30:00,0,0,0.46627458930015564
cnn,random_search,2,1831,2024-06-10 13:30:00,0,0,0.4694848656654358
cnn,random_search,2,1832,2024-06-10 13:35:00,0,0,0.469992458820343
cnn,random_search,2,1833,2024-06-10 13:35:00,0,0,0.473980575799942
cnn,random_search,2,1834,2024-06-10 13:40:00,0,1,0.50174480676651
cnn,random_search,2,1835,2024-06-10 13:40:00,0,1,0.5012890100479126
cnn,random_search,2,1836,2024-06-10 13:45:00,0,0,0.4775146543979645
cnn,random_search,2,1837,2024-06-10 13:45:00,0,0,0.4775266647338867
cnn,random_search,2,1838,2024-06-10 13:50:00,0,0,0.4932681620121002
cnn,random_search,2,1839,2024-06-10 13:50:00,0,0,0.4926062822341919
cnn,random_search,2,1840,2024-06-10 13:55:00,0,0,0.48920610547065735
cnn,random_search,2,1841,2024-06-10 13:55:00,0,0,0.4917801022529602
cnn,random_search,2,1842,2024-06-10 14:00:00,0,1,0.5029087662696838
cnn,random_search,2,1843,2024-06-10 14:00:00,0,1,0.5006615519523621
cnn,random_search,2,1844,2024-06-10 14:05:00,0,1,0.5056882500648499
cnn,random_search,2,1845,2024-06-10 14:05:00,0,1,0.5070679187774658
cnn,random_search,2,1846,2024-06-10 14:10:00,0,0,0.47642216086387634
cnn,random_search,2,1847,2024-06-10 14:10:00,0,0,0.477516233921051
cnn,random_search,2,1848,2024-06-10 14:15:00,0,0,0.4611743688583374
cnn,random_search,2,1849,2024-06-10 14:15:00,0,0,0.45930907130241394
cnn,random_search,2,1850,2024-06-10 14:20:00,0,0,0.45678818225860596
cnn,random_search,2,1851,2024-06-10 14:20:00,0,0,0.45550912618637085
cnn,random_search,2,1852,2024-06-10 14:25:00,0,0,0.46311575174331665
cnn,random_search,2,1853,2024-06-10 14:25:00,0,0,0.464651495218277
cnn,random_search,2,1854,2024-06-10 14:30:00,0,0,0.47439637780189514
cnn,random_search,2,1855,2024-06-10 14:30:00,0,0,0.4774755835533142
cnn,random_search,2,1856,2024-06-10 14:35:00,0,0,0.493133544921875
cnn,random_search,2,1857,2024-06-10 14:35:00,0,0,0.4963996410369873
cnn,random_search,2,1858,2024-06-10 14:40:00,0,0,0.49644842743873596
cnn,random_search,2,1859,2024-06-10 14:40:00,0,0,0.4979258179664612
cnn,random_search,2,1860,2024-06-10 14:45:00,0,1,0.5260839462280273
cnn,random_search,2,1861,2024-06-10 14:45:00,0,1,0.5259127020835876
cnn,random_search,2,1862,2024-06-10 14:50:00,0,1,0.5131661891937256
cnn,random_search,2,1863,2024-06-10 14:50:00,0,1,0.5186377763748169
cnn,random_search,2,1864,2024-06-10 14:55:00,0,0,0.4694488048553467
cnn,random_search,2,1865,2024-06-10 14:55:00,0,0,0.4675782024860382
cnn,random_search,2,1866,2024-06-10 15:00:00,0,0,0.42802441120147705
cnn,random_search,2,1867,2024-06-10 15:00:00,0,0,0.42673951387405396
cnn,random_search,2,1868,2024-06-10 15:05:00,0,0,0.4193112254142761
cnn,random_search,2,1869,2024-06-10 15:05:00,0,0,0.42574307322502136
cnn,random_search,2,1870,2024-06-10 15:10:00,0,0,0.4223729074001312
cnn,random_search,2,1871,2024-06-10 15:10:00,0,0,0.4258875250816345
cnn,random_search,2,1872,2024-06-10 15:15:00,0,0,0.44193580746650696
cnn,random_search,2,1873,2024-06-10 15:15:00,0,0,0.4460643231868744
cnn,random_search,2,1874,2024-06-10 15:20:00,1,0,0.43720561265945435
cnn,random_search,2,1875,2024-06-10 15:20:00,1,0,0.4334244728088379
cnn,random_search,2,1876,2024-06-10 15:25:00,1,0,0.4545034170150757
cnn,random_search,2,1877,2024-06-10 15:25:00,1,0,0.4616982340812683
cnn,random_search,2,1878,2024-06-10 15:30:00,1,0,0.4747895300388336
cnn,random_search,2,1879,2024-06-10 15:30:00,1,0,0.4777575135231018
cnn,random_search,2,1880,2024-06-10 15:35:00,1,1,0.5515344142913818
cnn,random_search,2,1881,2024-06-10 15:35:00,1,1,0.5509949922561646
cnn,random_search,2,1882,2024-06-10 15:40:00,0,1,0.5863063335418701
cnn,random_search,2,1883,2024-06-10 15:40:00,0,1,0.5850239992141724
cnn,random_search,2,1884,2024-06-10 15:45:00,0,1,0.571539044380188
cnn,random_search,2,1885,2024-06-10 15:45:00,0,1,0.574575662612915
cnn,random_search,2,1886,2024-06-10 15:50:00,0,1,0.5632967352867126
cnn,random_search,2,1887,2024-06-10 15:50:00,0,1,0.5680477619171143
cnn,random_search,2,1888,2024-06-10 15:55:00,0,1,0.5344502925872803
cnn,random_search,2,1889,2024-06-10 15:55:00,0,1,0.5327811241149902
cnn,random_search,2,1890,2024-06-10 16:00:00,0,1,0.5319461226463318
cnn,random_search,2,1891,2024-06-10 16:00:00,0,1,0.5305560827255249
cnn,random_search,2,1892,2024-06-10 16:05:00,0,0,0.4825408160686493
cnn,random_search,2,1893,2024-06-10 16:05:00,0,0,0.48315417766571045
cnn,random_search,2,1894,2024-06-10 16:10:00,0,1,0.5019741654396057
cnn,random_search,2,1895,2024-06-10 16:10:00,0,1,0.5018786787986755
cnn,random_search,2,1896,2024-06-10 16:15:00,0,1,0.5083762407302856
cnn,random_search,2,1897,2024-06-10 16:15:00,0,1,0.5082595348358154
cnn,random_search,2,1898,2024-06-10 16:20:00,0,1,0.5164728760719299
cnn,random_search,2,1899,2024-06-10 16:20:00,0,1,0.5159925818443298
cnn,random_search,2,1900,2024-06-10 16:25:00,0,0,0.4929963946342468
cnn,random_search,2,1901,2024-06-10 16:25:00,0,0,0.4911639094352722
cnn,random_search,2,1902,2024-06-10 16:30:00,0,0,0.45822760462760925
cnn,random_search,2,1903,2024-06-10 16:30:00,0,0,0.4577363431453705
cnn,random_search,2,1904,2024-06-10 16:35:00,0,0,0.4525161683559418
cnn,random_search,2,1905,2024-06-10 16:35:00,0,0,0.4427593946456909
cnn,random_search,2,1906,2024-06-10 16:40:00,0,0,0.4917466640472412
cnn,random_search,2,1907,2024-06-10 16:40:00,0,0,0.4935404360294342
cnn,random_search,2,1908,2024-06-10 16:45:00,0,0,0.47886502742767334
cnn,random_search,2,1909,2024-06-10 16:45:00,0,0,0.47972941398620605
cnn,random_search,2,1910,2024-06-10 16:50:00,0,0,0.4601190984249115
cnn,random_search,2,1911,2024-06-10 16:50:00,0,0,0.43845850229263306
cnn,random_search,2,1912,2024-06-10 16:55:00,0,0,0.4602772295475006
cnn,random_search,2,1913,2024-06-10 16:55:00,0,0,0.45506465435028076
cnn,random_search,2,1914,2024-06-10 17:00:00,0,0,0.47963133454322815
cnn,random_search,2,1915,2024-06-10 17:00:00,1,0,0.4783508777618408
cnn,random_search,2,1916,2024-06-10 17:05:00,1,0,0.46653130650520325
cnn,random_search,2,1917,2024-06-10 17:05:00,0,0,0.47255539894104004
cnn,random_search,2,1918,2024-06-10 17:10:00,1,0,0.49211210012435913
cnn,random_search,2,1919,2024-06-10 17:10:00,0,0,0.48977193236351013
cnn,random_search,2,1920,2024-06-10 17:15:00,1,0,0.4888058304786682
cnn,random_search,2,1921,2024-06-10 17:15:00,1,0,0.48666006326675415
cnn,random_search,2,1922,2024-06-10 17:20:00,1,0,0.48039644956588745
cnn,random_search,2,1923,2024-06-10 17:20:00,1,0,0.48058250546455383
cnn,random_search,2,1924,2024-06-10 17:25:00,1,1,0.5046133399009705
cnn,random_search,2,1925,2024-06-10 17:25:00,1,1,0.5070480108261108
cnn,random_search,2,1926,2024-06-10 17:30:00,1,1,0.5346256494522095
cnn,random_search,2,1927,2024-06-10 17:30:00,1,1,0.5318320989608765
cnn,random_search,2,1928,2024-06-10 17:35:00,1,1,0.5397645831108093
cnn,random_search,2,1929,2024-06-10 17:35:00,1,1,0.5439276099205017
cnn,random_search,2,1930,2024-06-10 17:40:00,1,1,0.5406611561775208
cnn,random_search,2,1931,2024-06-10 17:40:00,1,1,0.5402447581291199
cnn,random_search,2,1932,2024-06-10 17:45:00,1,1,0.5324845314025879
cnn,random_search,2,1933,2024-06-10 17:45:00,1,1,0.5295796990394592
cnn,random_search,2,1934,2024-06-10 17:50:00,1,1,0.514359712600708
cnn,random_search,2,1935,2024-06-10 17:50:00,1,1,0.5143293738365173
cnn,random_search,2,1936,2024-06-10 17:55:00,0,1,0.5148072242736816
cnn,random_search,2,1937,2024-06-10 17:55:00,0,1,0.5154735445976257
cnn,random_search,2,1938,2024-06-12 10:40:00,0,0,0.3564971089363098
cnn,random_search,2,1939,2024-06-12 10:40:00,0,0,0.35634320974349976
cnn,random_search,2,1940,2024-06-12 10:45:00,0,0,0.36849600076675415
cnn,random_search,2,1941,2024-06-12 10:45:00,0,0,0.3694351017475128
cnn,random_search,2,1942,2024-06-12 10:50:00,0,0,0.3558964729309082
cnn,random_search,2,1943,2024-06-12 10:50:00,0,0,0.35760608315467834
cnn,random_search,2,1944,2024-06-12 10:55:00,0,0,0.37582534551620483
cnn,random_search,2,1945,2024-06-12 10:55:00,0,0,0.3753695785999298
cnn,random_search,2,1946,2024-06-12 11:00:00,1,0,0.3452799320220947
cnn,random_search,2,1947,2024-06-12 11:00:00,0,0,0.3461059033870697
cnn,random_search,2,1948,2024-06-12 11:05:00,0,0,0.35944315791130066
cnn,random_search,2,1949,2024-06-12 11:05:00,1,0,0.3598976135253906
cnn,random_search,2,1950,2024-06-12 11:10:00,1,0,0.38591378927230835
cnn,random_search,2,1951,2024-06-12 11:10:00,1,0,0.3829776644706726
cnn,random_search,2,1952,2024-06-12 11:15:00,1,0,0.43781861662864685
cnn,random_search,2,1953,2024-06-12 11:15:00,1,0,0.4372157156467438
cnn,random_search,2,1954,2024-06-12 11:20:00,1,0,0.46425989270210266
cnn,random_search,2,1955,2024-06-12 11:20:00,1,0,0.4694806933403015
cnn,random_search,2,1956,2024-06-12 11:25:00,1,1,0.5058658719062805
cnn,random_search,2,1957,2024-06-12 11:25:00,1,1,0.5095606446266174
cnn,random_search,2,1958,2024-06-12 11:30:00,1,0,0.49890127778053284
cnn,random_search,2,1959,2024-06-12 11:30:00,1,1,0.5038407444953918
cnn,random_search,2,1960,2024-06-12 11:35:00,1,0,0.47911468148231506
cnn,random_search,2,1961,2024-06-12 11:35:00,1,0,0.48314738273620605
cnn,random_search,2,1962,2024-06-12 11:40:00,1,0,0.47305041551589966
cnn,random_search,2,1963,2024-06-12 11:40:00,1,0,0.4767155945301056
cnn,random_search,2,1964,2024-06-12 11:45:00,1,0,0.4590257406234741
cnn,random_search,2,1965,2024-06-12 11:45:00,1,0,0.462108314037323
cnn,random_search,2,1966,2024-06-12 11:50:00,1,0,0.46418872475624084
cnn,random_search,2,1967,2024-06-12 11:50:00,1,0,0.4674529731273651
cnn,random_search,2,1968,2024-06-12 11:55:00,1,0,0.46450483798980713
cnn,random_search,2,1969,2024-06-12 11:55:00,1,0,0.46193405985832214
cnn,random_search,2,1970,2024-06-12 12:00:00,1,0,0.4496140778064728
cnn,random_search,2,1971,2024-06-12 12:00:00,1,0,0.451999694108963
cnn,random_search,2,1972,2024-06-12 12:05:00,1,0,0.4372093379497528
cnn,random_search,2,1973,2024-06-12 12:05:00,1,0,0.43614432215690613
cnn,random_search,2,1974,2024-06-12 12:10:00,1,0,0.42961010336875916
cnn,random_search,2,1975,2024-06-12 12:10:00,1,0,0.43082699179649353
cnn,random_search,2,1976,2024-06-12 12:15:00,1,0,0.4338919222354889
cnn,random_search,2,1977,2024-06-12 12:15:00,1,0,0.4369116723537445
cnn,random_search,2,1978,2024-06-12 12:20:00,1,0,0.4857226610183716
cnn,random_search,2,1979,2024-06-12 12:20:00,1,0,0.48497316241264343
cnn,random_search,2,1980,2024-06-12 12:25:00,1,1,0.5330127477645874
cnn,random_search,2,1981,2024-06-12 12:25:00,1,1,0.5398616194725037
cnn,random_search,2,1982,2024-06-12 12:30:00,1,1,0.5307868123054504
cnn,random_search,2,1983,2024-06-12 12:30:00,1,1,0.5400980710983276
cnn,random_search,2,1984,2024-06-12 12:35:00,1,1,0.5415971875190735
cnn,random_search,2,1985,2024-06-12 12:35:00,1,1,0.5451855063438416
cnn,random_search,2,1986,2024-06-12 12:40:00,1,1,0.5568002462387085
cnn,random_search,2,1987,2024-06-12 12:40:00,1,1,0.563086211681366
cnn,random_search,2,1988,2024-06-12 12:45:00,1,1,0.5523636937141418
cnn,random_search,2,1989,2024-06-12 12:45:00,1,1,0.5513293743133545
cnn,random_search,2,1990,2024-06-12 12:50:00,1,1,0.5514206290245056
cnn,random_search,2,1991,2024-06-12 12:50:00,1,1,0.5536893010139465
cnn,random_search,2,1992,2024-06-12 12:55:00,1,1,0.5415664911270142
cnn,random_search,2,1993,2024-06-12 12:55:00,1,1,0.5453754663467407
cnn,random_search,2,1994,2024-06-12 13:00:00,1,1,0.5405747294425964
cnn,random_search,2,1995,2024-06-12 13:00:00,1,1,0.5364832282066345
cnn,random_search,2,1996,2024-06-12 13:05:00,1,1,0.5005403161048889
cnn,random_search,2,1997,2024-06-12 13:05:00,1,1,0.5059437155723572
cnn,random_search,2,1998,2024-06-12 13:10:00,1,0,0.46553513407707214
cnn,random_search,2,1999,2024-06-12 13:10:00,1,0,0.46296319365501404
cnn,random_search,2,2000,2024-06-12 13:15:00,1,0,0.47726118564605713
cnn,random_search,2,2001,2024-06-12 13:15:00,1,0,0.4811813533306122
cnn,random_search,2,2002,2024-06-12 13:20:00,1,1,0.5098112225532532
cnn,random_search,2,2003,2024-06-12 13:20:00,1,1,0.5052781701087952
cnn,random_search,2,2004,2024-06-12 13:25:00,1,1,0.5448242425918579
cnn,random_search,2,2005,2024-06-12 13:25:00,1,1,0.5424272418022156
cnn,random_search,2,2006,2024-06-12 13:30:00,1,1,0.5824308395385742
cnn,random_search,2,2007,2024-06-12 13:30:00,1,1,0.5847947597503662
cnn,random_search,2,2008,2024-06-12 13:35:00,1,1,0.6016700863838196
cnn,random_search,2,2009,2024-06-12 13:35:00,1,1,0.5995757579803467
cnn,random_search,2,2010,2024-06-12 13:40:00,1,1,0.6117836833000183
cnn,random_search,2,2011,2024-06-12 13:40:00,1,1,0.6047179102897644
cnn,random_search,2,2012,2024-06-12 13:45:00,1,1,0.5576736330986023
cnn,random_search,2,2013,2024-06-12 13:45:00,1,1,0.5704185962677002
cnn,random_search,2,2014,2024-06-12 13:50:00,0,1,0.5711005330085754
cnn,random_search,2,2015,2024-06-12 13:50:00,1,1,0.5765725374221802
cnn,random_search,2,2016,2024-06-12 13:55:00,1,1,0.5377504229545593
cnn,random_search,2,2017,2024-06-12 13:55:00,0,1,0.5401034355163574
cnn,random_search,2,2018,2024-06-12 14:00:00,0,0,0.4632575213909149
cnn,random_search,2,2019,2024-06-12 14:00:00,1,0,0.4535742998123169
cnn,random_search,2,2020,2024-06-12 14:05:00,0,0,0.4262290894985199
cnn,random_search,2,2021,2024-06-12 14:05:00,1,0,0.40574124455451965
cnn,random_search,2,2022,2024-06-12 14:10:00,0,0,0.4463971257209778
cnn,random_search,2,2023,2024-06-12 14:10:00,1,0,0.42370879650115967
cnn,random_search,2,2024,2024-06-12 14:15:00,1,0,0.4132521152496338
cnn,random_search,2,2025,2024-06-12 14:15:00,0,0,0.4517920911312103
cnn,random_search,2,2026,2024-06-12 14:20:00,1,0,0.47925010323524475
cnn,random_search,2,2027,2024-06-12 14:20:00,0,0,0.4902580976486206
cnn,random_search,2,2028,2024-06-12 14:25:00,1,0,0.49601688981056213
cnn,random_search,2,2029,2024-06-12 14:25:00,0,0,0.49530598521232605
cnn,random_search,2,2030,2024-06-12 14:30:00,0,1,0.5281141996383667
cnn,random_search,2,2031,2024-06-12 14:30:00,1,1,0.5288985967636108
cnn,random_search,2,2032,2024-06-12 14:35:00,0,1,0.5418961048126221
cnn,random_search,2,2033,2024-06-12 14:35:00,1,1,0.5582613348960876
cnn,random_search,2,2034,2024-06-12 14:40:00,1,1,0.5792274475097656
cnn,random_search,2,2035,2024-06-12 14:40:00,0,1,0.5620845556259155
cnn,random_search,2,2036,2024-06-12 14:45:00,0,1,0.5807282328605652
cnn,random_search,2,2037,2024-06-12 14:45:00,0,1,0.5647781491279602
cnn,random_search,2,2038,2024-06-12 14:50:00,0,1,0.5331845283508301
cnn,random_search,2,2039,2024-06-12 14:50:00,0,1,0.5333793759346008
cnn,random_search,2,2040,2024-06-12 14:55:00,0,1,0.5339061617851257
cnn,random_search,2,2041,2024-06-12 14:55:00,0,1,0.5282593369483948
cnn,random_search,2,2042,2024-06-12 15:00:00,0,0,0.4527271091938019
cnn,random_search,2,2043,2024-06-12 15:00:00,0,0,0.4710986018180847
cnn,random_search,2,2044,2024-06-12 15:05:00,0,0,0.46941134333610535
cnn,random_search,2,2045,2024-06-12 15:05:00,0,0,0.45360568165779114
cnn,random_search,2,2046,2024-06-12 15:10:00,0,0,0.4359060823917389
cnn,random_search,2,2047,2024-06-12 15:10:00,0,0,0.461345374584198
cnn,random_search,2,2048,2024-06-12 15:15:00,0,0,0.4803498089313507
cnn,random_search,2,2049,2024-06-12 15:15:00,0,0,0.4708154797554016
cnn,random_search,2,2050,2024-06-12 15:20:00,0,0,0.4753643274307251
cnn,random_search,2,2051,2024-06-12 15:20:00,0,0,0.4928690195083618
cnn,random_search,2,2052,2024-06-12 15:25:00,0,0,0.48281726241111755
cnn,random_search,2,2053,2024-06-12 15:25:00,0,0,0.49476173520088196
cnn,random_search,2,2054,2024-06-12 15:30:00,0,0,0.47030213475227356
cnn,random_search,2,2055,2024-06-12 15:30:00,0,0,0.49476826190948486
cnn,random_search,2,2056,2024-06-12 15:35:00,0,0,0.4536663293838501
cnn,random_search,2,2057,2024-06-12 15:35:00,0,0,0.46895378828048706
cnn,random_search,2,2058,2024-06-12 15:40:00,0,0,0.4550056457519531
cnn,random_search,2,2059,2024-06-12 15:40:00,0,0,0.4093135893344879
cnn,random_search,2,2060,2024-06-12 15:45:00,1,0,0.4150541424751282
cnn,random_search,2,2061,2024-06-12 15:45:00,1,0,0.35944637656211853
cnn,random_search,2,2062,2024-06-12 15:50:00,1,0,0.3988751769065857
cnn,random_search,2,2063,2024-06-12 15:50:00,1,0,0.3510422110557556
cnn,random_search,2,2064,2024-06-12 15:55:00,1,0,0.4093244969844818
cnn,random_search,2,2065,2024-06-12 15:55:00,1,0,0.434111624956131
cnn,random_search,2,2066,2024-06-12 16:00:00,1,0,0.4584936499595642
cnn,random_search,2,2067,2024-06-12 16:00:00,1,0,0.4618836045265198
cnn,random_search,2,2068,2024-06-12 16:05:00,1,0,0.46687793731689453
cnn,random_search,2,2069,2024-06-12 16:05:00,1,0,0.47229886054992676
cnn,random_search,2,2070,2024-06-12 16:10:00,1,1,0.5091291666030884
cnn,random_search,2,2071,2024-06-12 16:10:00,1,0,0.49598217010498047
cnn,random_search,2,2072,2024-06-12 16:15:00,0,1,0.5654553174972534
cnn,random_search,2,2073,2024-06-12 16:15:00,1,1,0.5262468457221985
cnn,random_search,2,2074,2024-06-12 16:20:00,1,1,0.5072328448295593
cnn,random_search,2,2075,2024-06-12 16:20:00,0,1,0.5006013512611389
cnn,random_search,2,2076,2024-06-12 16:25:00,0,0,0.472317636013031
cnn,random_search,2,2077,2024-06-12 16:25:00,1,0,0.4873611330986023
cnn,random_search,2,2078,2024-06-12 16:30:00,0,0,0.48533764481544495
cnn,random_search,2,2079,2024-06-12 16:30:00,1,0,0.4961869418621063
cnn,random_search,2,2080,2024-06-12 16:35:00,1,1,0.5100522041320801
cnn,random_search,2,2081,2024-06-12 16:35:00,0,1,0.5058602094650269
cnn,random_search,2,2082,2024-06-12 16:40:00,1,1,0.5118116140365601
cnn,random_search,2,2083,2024-06-12 16:40:00,0,1,0.5087915062904358
cnn,random_search,2,2084,2024-06-12 16:45:00,0,1,0.5410376191139221
cnn,random_search,2,2085,2024-06-12 16:45:00,1,1,0.522094190120697
cnn,random_search,2,2086,2024-06-12 16:50:00,0,1,0.5579255223274231
cnn,random_search,2,2087,2024-06-12 16:50:00,1,1,0.5409784317016602
cnn,random_search,2,2088,2024-06-12 16:55:00,0,1,0.544937789440155
cnn,random_search,2,2089,2024-06-12 17:00:00,0,1,0.5478405356407166
cnn,random_search,2,2090,2024-06-12 17:05:00,0,1,0.5019508600234985
cnn,random_search,2,2091,2024-06-12 17:10:00,0,1,0.5024479627609253
cnn,random_search,2,2092,2024-06-12 17:15:00,0,0,0.49144625663757324
cnn,random_search,2,2093,2024-06-12 17:20:00,0,1,0.502142071723938
cnn,random_search,2,2094,2024-06-12 17:25:00,0,0,0.47772806882858276
cnn,random_search,2,2095,2024-06-12 17:30:00,0,0,0.4571392834186554
cnn,random_search,2,2096,2024-06-12 17:35:00,0,0,0.42673856019973755
cnn,random_search,2,2097,2024-06-12 17:40:00,0,0,0.4051467180252075
cnn,random_search,2,2098,2024-06-12 17:45:00,0,0,0.4384434223175049
cnn,random_search,2,2099,2024-06-12 17:50:00,0,0,0.4451334774494171
cnn,random_search,2,2100,2024-06-12 17:55:00,0,0,0.4340583384037018
cnn,random_search,2,2101,2024-06-13 12:10:00,1,0,0.43957415223121643
cnn,random_search,2,2102,2024-06-13 12:15:00,1,0,0.4989190995693207
cnn,random_search,2,2103,2024-06-13 12:20:00,1,1,0.5762280225753784
cnn,random_search,2,2104,2024-06-13 12:25:00,1,1,0.6421766877174377
cnn,random_search,2,2105,2024-06-13 12:30:00,1,1,0.6489481925964355
cnn,random_search,2,2106,2024-06-13 12:35:00,1,1,0.5972331762313843
cnn,random_search,2,2107,2024-06-13 12:40:00,1,1,0.5715814828872681
cnn,random_search,2,2108,2024-06-13 12:45:00,1,1,0.5663968920707703
cnn,random_search,2,2109,2024-06-13 12:50:00,1,1,0.577639639377594
cnn,random_search,2,2110,2024-06-13 12:55:00,1,1,0.5867693424224854
cnn,random_search,2,2111,2024-06-13 13:00:00,1,1,0.5735697746276855
cnn,random_search,2,2112,2024-06-13 13:05:00,1,1,0.6006669998168945
cnn,random_search,2,2113,2024-06-13 13:10:00,1,1,0.5847234725952148
cnn,random_search,2,2114,2024-06-13 13:15:00,1,1,0.5275038480758667
cnn,random_search,2,2115,2024-06-13 13:20:00,1,1,0.5219207406044006
cnn,random_search,2,2116,2024-06-13 13:25:00,1,0,0.47620537877082825
cnn,random_search,2,2117,2024-06-13 13:30:00,1,0,0.49097463488578796
cnn,random_search,2,2118,2024-06-13 13:35:00,1,0,0.4973655343055725
cnn,random_search,2,2119,2024-06-13 13:40:00,1,0,0.46042412519454956
cnn,random_search,2,2120,2024-06-13 13:45:00,1,0,0.47035351395606995
cnn,random_search,2,2121,2024-06-13 13:50:00,1,1,0.5520322322845459
cnn,random_search,2,2122,2024-06-13 13:55:00,1,1,0.5710824728012085
cnn,random_search,2,2123,2024-06-13 14:00:00,1,1,0.5641883015632629
cnn,random_search,2,2124,2024-06-13 14:05:00,1,1,0.5652204155921936
cnn,random_search,2,2125,2024-06-13 14:10:00,0,1,0.5684496760368347
cnn,random_search,2,2126,2024-06-13 14:15:00,0,1,0.5223613977432251
cnn,random_search,2,2127,2024-06-13 14:20:00,0,0,0.49899429082870483
cnn,random_search,2,2128,2024-06-13 14:25:00,0,0,0.47488635778427124
cnn,random_search,2,2129,2024-06-13 14:30:00,0,0,0.4361873269081116
cnn,random_search,2,2130,2024-06-13 14:35:00,0,0,0.44001781940460205
cnn,random_search,2,2131,2024-06-13 14:40:00,0,0,0.46918535232543945
cnn,random_search,2,2132,2024-06-13 14:45:00,0,0,0.4663695693016052
cnn,random_search,2,2133,2024-06-13 14:50:00,0,0,0.4706936478614807
cnn,random_search,2,2134,2024-06-13 14:55:00,0,1,0.5004388093948364
cnn,random_search,2,2135,2024-06-13 15:00:00,0,1,0.5125581622123718
cnn,random_search,2,2136,2024-06-13 15:05:00,0,1,0.542226254940033
cnn,random_search,2,2137,2024-06-13 15:10:00,0,1,0.517922043800354
cnn,random_search,2,2138,2024-06-13 15:15:00,0,0,0.48330482840538025
cnn,random_search,2,2139,2024-06-13 15:20:00,0,0,0.4860277771949768
cnn,random_search,2,2140,2024-06-13 15:25:00,0,1,0.5010973811149597
cnn,random_search,2,2141,2024-06-13 15:30:00,0,1,0.5141845345497131
cnn,random_search,2,2142,2024-06-13 15:35:00,0,0,0.49021580815315247
cnn,random_search,2,2143,2024-06-13 15:40:00,0,1,0.5204691886901855
cnn,random_search,2,2144,2024-06-13 15:45:00,0,1,0.5508832931518555
cnn,random_search,2,2145,2024-06-13 15:50:00,0,1,0.5327699780464172
cnn,random_search,2,2146,2024-06-13 15:55:00,0,1,0.5277010798454285
cnn,random_search,2,2147,2024-06-13 16:00:00,0,1,0.5155292749404907
cnn,random_search,2,2148,2024-06-13 16:05:00,0,1,0.5039371848106384
cnn,random_search,2,2149,2024-06-13 16:10:00,0,0,0.48522043228149414
cnn,random_search,2,2150,2024-06-13 16:15:00,0,0,0.4793185591697693
cnn,random_search,2,2151,2024-06-13 16:20:00,0,1,0.5044512152671814
cnn,random_search,2,2152,2024-06-13 16:25:00,0,0,0.497420996427536
cnn,random_search,2,2153,2024-06-13 16:30:00,0,0,0.4594701826572418
cnn,random_search,2,2154,2024-06-13 16:35:00,0,0,0.47702160477638245
cnn,random_search,2,2155,2024-06-13 16:40:00,0,0,0.4822998642921448
cnn,random_search,2,2156,2024-06-13 16:45:00,0,0,0.4636653661727905
cnn,random_search,2,2157,2024-06-13 16:50:00,0,0,0.46621519327163696
cnn,random_search,2,2158,2024-06-13 16:55:00,0,0,0.4545387029647827
cnn,random_search,2,2159,2024-06-13 17:00:00,0,0,0.43253758549690247
cnn,random_search,2,2160,2024-06-13 17:05:00,0,0,0.39738860726356506
cnn,random_search,2,2161,2024-06-13 17:10:00,0,0,0.3738781213760376
cnn,random_search,2,2162,2024-06-13 17:15:00,0,0,0.39786410331726074
cnn,random_search,2,2163,2024-06-13 17:20:00,0,0,0.4080507159233093
cnn,random_search,2,2164,2024-06-13 17:25:00,0,0,0.423810750246048
cnn,random_search,2,2165,2024-06-13 17:30:00,0,0,0.45377233624458313
cnn,random_search,2,2166,2024-06-13 17:35:00,0,0,0.4231111705303192
cnn,random_search,2,2167,2024-06-13 17:40:00,0,0,0.4508138597011566
cnn,random_search,2,2168,2024-06-13 17:45:00,0,0,0.4852665662765503
cnn,random_search,2,2169,2024-06-13 17:50:00,0,0,0.4875681400299072
cnn,random_search,2,2170,2024-06-13 17:55:00,0,0,0.4820343255996704
cnn,random_search,2,2171,2024-06-14 11:05:00,1,0,0.45357438921928406
cnn,random_search,2,2172,2024-06-14 11:10:00,1,0,0.46380504965782166
cnn,random_search,2,2173,2024-06-14 11:15:00,1,0,0.49333906173706055
cnn,random_search,2,2174,2024-06-14 11:20:00,1,1,0.5435206294059753
cnn,random_search,2,2175,2024-06-14 11:25:00,1,1,0.5858773589134216
cnn,random_search,2,2176,2024-06-14 11:30:00,1,1,0.5548717975616455
cnn,random_search,2,2177,2024-06-14 11:35:00,1,1,0.5302084684371948
cnn,random_search,2,2178,2024-06-14 11:40:00,1,1,0.5260018110275269
cnn,random_search,2,2179,2024-06-14 11:45:00,1,1,0.5232426524162292
cnn,random_search,2,2180,2024-06-14 11:50:00,1,1,0.5993478298187256
cnn,random_search,2,2181,2024-06-14 11:55:00,1,1,0.6599817276000977
cnn,random_search,2,2182,2024-06-14 12:00:00,1,1,0.690824031829834
cnn,random_search,2,2183,2024-06-14 12:05:00,0,1,0.711632490158081
cnn,random_search,2,2184,2024-06-14 12:10:00,0,1,0.7143229842185974
cnn,random_search,2,2185,2024-06-14 12:15:00,0,1,0.719513475894928
cnn,random_search,2,2186,2024-06-14 12:20:00,0,1,0.7185379266738892
cnn,random_search,2,2187,2024-06-14 12:25:00,0,1,0.6120313405990601
cnn,random_search,2,2188,2024-06-14 12:30:00,0,1,0.5522071123123169
cnn,random_search,2,2189,2024-06-14 12:35:00,0,1,0.5089744329452515
cnn,random_search,2,2190,2024-06-14 12:40:00,0,0,0.44609302282333374
cnn,random_search,2,2191,2024-06-14 12:45:00,0,0,0.40683501958847046
cnn,random_search,2,2192,2024-06-14 12:50:00,0,0,0.4456278681755066
cnn,random_search,2,2193,2024-06-14 12:55:00,0,0,0.48757562041282654
cnn,random_search,2,2194,2024-06-14 13:00:00,0,1,0.5130375027656555
cnn,random_search,2,2195,2024-06-14 13:05:00,0,1,0.5094449520111084
cnn,random_search,2,2196,2024-06-14 13:10:00,0,1,0.523109495639801
cnn,random_search,2,2197,2024-06-14 13:15:00,0,1,0.5054728984832764
cnn,random_search,2,2198,2024-06-14 13:20:00,0,0,0.49382585287094116
cnn,random_search,2,2199,2024-06-14 13:25:00,0,0,0.4649035930633545
cnn,random_search,2,2200,2024-06-14 13:30:00,0,0,0.4537629187107086
cnn,random_search,2,2201,2024-06-14 13:35:00,0,0,0.46341946721076965
cnn,random_search,2,2202,2024-06-14 13:40:00,0,1,0.5145373940467834
cnn,random_search,2,2203,2024-06-14 13:45:00,0,1,0.5040351152420044
cnn,random_search,2,2204,2024-06-14 13:50:00,0,0,0.4728594422340393
cnn,random_search,2,2205,2024-06-14 13:55:00,0,0,0.4572344422340393
cnn,random_search,2,2206,2024-06-14 14:00:00,0,0,0.4574991762638092
cnn,random_search,2,2207,2024-06-14 14:05:00,0,0,0.46927911043167114
cnn,random_search,2,2208,2024-06-14 14:10:00,0,1,0.5114328861236572
cnn,random_search,2,2209,2024-06-14 14:15:00,0,0,0.48192787170410156
cnn,random_search,2,2210,2024-06-14 14:20:00,0,0,0.4335024952888489
cnn,random_search,2,2211,2024-06-14 14:25:00,0,0,0.41700372099876404
cnn,random_search,2,2212,2024-06-14 14:30:00,0,0,0.45245999097824097
cnn,random_search,2,2213,2024-06-14 14:35:00,0,0,0.44260260462760925
cnn,random_search,2,2214,2024-06-14 14:40:00,0,0,0.4133690893650055
cnn,random_search,2,2215,2024-06-14 14:45:00,0,0,0.4077869951725006
cnn,random_search,2,2216,2024-06-14 14:50:00,0,0,0.39318206906318665
cnn,random_search,2,2217,2024-06-14 14:55:00,0,0,0.42088016867637634
cnn,random_search,2,2218,2024-06-14 15:00:00,0,0,0.42450767755508423
cnn,random_search,2,2219,2024-06-14 15:05:00,1,0,0.4326053857803345
cnn,random_search,2,2220,2024-06-14 15:10:00,1,0,0.4417550265789032
cnn,random_search,2,2221,2024-06-14 15:15:00,1,1,0.5216101408004761
cnn,random_search,2,2222,2024-06-14 15:20:00,1,1,0.5330834984779358
cnn,random_search,2,2223,2024-06-14 15:25:00,1,1,0.5453311800956726
cnn,random_search,2,2224,2024-06-14 15:30:00,1,1,0.5671519041061401
cnn,random_search,2,2225,2024-06-14 15:35:00,1,1,0.5875792503356934
cnn,random_search,2,2226,2024-06-14 15:40:00,1,1,0.5454680323600769
cnn,random_search,2,2227,2024-06-14 15:45:00,1,1,0.5904589891433716
cnn,random_search,2,2228,2024-06-14 15:50:00,1,1,0.5856736302375793
cnn,random_search,2,2229,2024-06-14 15:55:00,1,1,0.5505627393722534
cnn,random_search,2,2230,2024-06-14 16:00:00,1,1,0.5378273129463196
cnn,random_search,2,2231,2024-06-14 16:05:00,0,1,0.5639382600784302
cnn,random_search,2,2232,2024-06-14 16:10:00,0,1,0.5443400740623474
cnn,random_search,2,2233,2024-06-14 16:15:00,0,1,0.5327596664428711
cnn,random_search,2,2234,2024-06-14 16:20:00,0,1,0.5198497772216797
cnn,random_search,2,2235,2024-06-14 16:25:00,0,1,0.5209895968437195
cnn,random_search,2,2236,2024-06-14 16:30:00,0,1,0.5112565755844116
cnn,random_search,2,2237,2024-06-14 16:35:00,0,1,0.5044662356376648
cnn,random_search,2,2238,2024-06-14 16:40:00,0,0,0.47525477409362793
cnn,random_search,2,2239,2024-06-14 16:45:00,0,0,0.4926338791847229
cnn,random_search,2,2240,2024-06-14 16:50:00,0,1,0.5163082480430603
cnn,random_search,2,2241,2024-06-14 16:55:00,0,1,0.5209141969680786
cnn,random_search,2,2242,2024-06-14 17:00:00,0,1,0.5211750268936157
cnn,random_search,2,2243,2024-06-14 17:05:00,0,0,0.4921312928199768
cnn,random_search,2,2244,2024-06-14 17:10:00,0,0,0.47345271706581116
cnn,random_search,2,2245,2024-06-14 17:15:00,0,0,0.46775710582733154
cnn,random_search,2,2246,2024-06-14 17:20:00,0,0,0.4563920497894287
cnn,random_search,2,2247,2024-06-14 17:25:00,0,0,0.49645522236824036
cnn,random_search,2,2248,2024-06-14 17:30:00,0,1,0.5052667856216431
cnn,random_search,2,2249,2024-06-14 17:35:00,0,1,0.5206882357597351
cnn,random_search,2,2250,2024-06-14 17:40:00,0,1,0.5133142471313477
cnn,random_search,2,2251,2024-06-14 17:45:00,0,1,0.5264686346054077
cnn,random_search,2,2252,2024-06-14 17:50:00,0,1,0.5207394361495972
cnn,random_search,2,2253,2024-06-14 17:55:00,1,1,0.5317659378051758
cnn,random_search,2,2254,2024-06-18 10:40:00,1,1,0.6479275822639465
cnn,random_search,2,2255,2024-06-18 10:45:00,1,1,0.6938825249671936
cnn,random_search,2,2256,2024-06-18 10:50:00,1,1,0.7027938365936279
cnn,random_search,2,2257,2024-06-18 10:55:00,0,1,0.6788083910942078
cnn,random_search,2,2258,2024-06-18 11:00:00,0,1,0.6438608765602112
cnn,random_search,2,2259,2024-06-18 11:05:00,0,1,0.5889102816581726
cnn,random_search,2,2260,2024-06-18 11:10:00,0,0,0.48692649602890015
cnn,random_search,2,2261,2024-06-18 11:15:00,0,0,0.4489203989505768
cnn,random_search,2,2262,2024-06-18 11:20:00,1,0,0.42243295907974243
cnn,random_search,2,2263,2024-06-18 11:25:00,1,0,0.4605175852775574
cnn,random_search,2,2264,2024-06-18 11:30:00,1,0,0.48507097363471985
cnn,random_search,2,2265,2024-06-18 11:35:00,1,1,0.542637825012207
cnn,random_search,2,2266,2024-06-18 11:40:00,1,1,0.5346304178237915
cnn,random_search,2,2267,2024-06-18 11:45:00,1,0,0.49720534682273865
cnn,random_search,2,2268,2024-06-18 11:50:00,1,0,0.4656946361064911
cnn,random_search,2,2269,2024-06-18 11:55:00,1,0,0.4908687472343445
cnn,random_search,2,2270,2024-06-18 12:00:00,1,0,0.4745709002017975
cnn,random_search,2,2271,2024-06-18 12:05:00,1,0,0.45837876200675964
cnn,random_search,2,2272,2024-06-18 12:10:00,1,0,0.4600459337234497
cnn,random_search,2,2273,2024-06-18 12:15:00,1,1,0.5216566324234009
cnn,random_search,2,2274,2024-06-18 12:20:00,1,1,0.5261418223381042
cnn,random_search,2,2275,2024-06-18 12:25:00,1,1,0.5292420387268066
cnn,random_search,2,2276,2024-06-18 12:30:00,1,1,0.5421969890594482
cnn,random_search,2,2277,2024-06-18 12:35:00,1,1,0.5558941960334778
cnn,random_search,2,2278,2024-06-18 12:40:00,1,1,0.5262988209724426
cnn,random_search,2,2279,2024-06-18 12:45:00,1,1,0.5122829079627991
cnn,random_search,2,2280,2024-06-18 12:50:00,1,0,0.4853347837924957
cnn,random_search,2,2281,2024-06-18 12:55:00,1,0,0.45857831835746765
cnn,random_search,2,2282,2024-06-18 13:00:00,1,0,0.48103171586990356
cnn,random_search,2,2283,2024-06-18 13:05:00,1,1,0.5140799283981323
cnn,random_search,2,2284,2024-06-18 13:10:00,1,1,0.5110694766044617
cnn,random_search,2,2285,2024-06-18 13:15:00,1,0,0.4886859953403473
cnn,random_search,2,2286,2024-06-18 13:20:00,1,0,0.48436954617500305
cnn,random_search,2,2287,2024-06-18 13:25:00,1,0,0.47314077615737915
cnn,random_search,2,2288,2024-06-18 13:30:00,1,0,0.46337631344795227
cnn,random_search,2,2289,2024-06-18 13:35:00,1,0,0.4941459000110626
cnn,random_search,2,2290,2024-06-18 13:40:00,1,1,0.5069282650947571
cnn,random_search,2,2291,2024-06-18 13:45:00,1,1,0.519382655620575
cnn,random_search,2,2292,2024-06-18 13:50:00,1,1,0.5474010109901428
cnn,random_search,2,2293,2024-06-18 13:55:00,1,1,0.5630549192428589
cnn,random_search,2,2294,2024-06-18 14:00:00,1,1,0.5601301193237305
cnn,random_search,2,2295,2024-06-18 14:05:00,1,1,0.5667814612388611
cnn,random_search,2,2296,2024-06-18 14:10:00,1,1,0.5254130363464355
cnn,random_search,2,2297,2024-06-18 14:15:00,1,1,0.5468283891677856
cnn,random_search,2,2298,2024-06-18 14:20:00,1,1,0.5788388848304749
cnn,random_search,2,2299,2024-06-18 14:25:00,1,1,0.5792796611785889
cnn,random_search,2,2300,2024-06-18 14:30:00,1,1,0.5463960766792297
cnn,random_search,2,2301,2024-06-18 14:35:00,1,1,0.5464784502983093
cnn,random_search,2,2302,2024-06-18 14:40:00,1,1,0.550527036190033
cnn,random_search,2,2303,2024-06-18 14:45:00,1,1,0.5283533334732056
cnn,random_search,2,2304,2024-06-18 14:50:00,1,0,0.48073315620422363
cnn,random_search,2,2305,2024-06-18 14:55:00,1,0,0.4514431357383728
cnn,random_search,2,2306,2024-06-18 15:00:00,1,0,0.44076669216156006
cnn,random_search,2,2307,2024-06-18 15:05:00,1,0,0.46734774112701416
cnn,random_search,2,2308,2024-06-18 15:10:00,1,0,0.470566064119339
cnn,random_search,2,2309,2024-06-18 15:15:00,1,0,0.44561028480529785
cnn,random_search,2,2310,2024-06-18 15:20:00,1,0,0.4545225501060486
cnn,random_search,2,2311,2024-06-18 15:25:00,1,0,0.48811593651771545
cnn,random_search,2,2312,2024-06-18 15:30:00,0,1,0.5298025608062744
cnn,random_search,2,2313,2024-06-18 15:35:00,0,0,0.49117472767829895
cnn,random_search,2,2314,2024-06-18 15:40:00,0,0,0.45097073912620544
cnn,random_search,2,2315,2024-06-18 15:45:00,0,0,0.424490749835968
cnn,random_search,2,2316,2024-06-18 15:50:00,0,0,0.4427075982093811
cnn,random_search,2,2317,2024-06-18 15:55:00,0,0,0.448890745639801
cnn,random_search,2,2318,2024-06-18 16:00:00,0,0,0.4190714359283447
cnn,random_search,2,2319,2024-06-18 16:05:00,1,0,0.3814924657344818
cnn,random_search,2,2320,2024-06-18 16:10:00,1,0,0.387450248003006
cnn,random_search,2,2321,2024-06-18 16:15:00,1,0,0.4066642224788666
cnn,random_search,2,2322,2024-06-18 16:20:00,1,0,0.4332941770553589
cnn,random_search,2,2323,2024-06-18 16:25:00,1,0,0.4638517200946808
cnn,random_search,2,2324,2024-06-18 16:30:00,1,1,0.5046872496604919
cnn,random_search,2,2325,2024-06-18 16:35:00,1,1,0.5296352505683899
cnn,random_search,2,2326,2024-06-18 16:40:00,1,1,0.5441582798957825
cnn,random_search,2,2327,2024-06-18 16:45:00,1,1,0.5367622375488281
cnn,random_search,2,2328,2024-06-18 16:50:00,1,1,0.5408366322517395
cnn,random_search,2,2329,2024-06-18 16:55:00,0,1,0.5483344793319702
cnn,random_search,2,2330,2024-06-18 17:00:00,0,1,0.5580282211303711
cnn,random_search,2,2331,2024-06-18 17:05:00,0,1,0.5181986093521118
cnn,random_search,2,2332,2024-06-18 17:10:00,0,1,0.5050787925720215
cnn,random_search,2,2333,2024-06-18 17:15:00,0,1,0.5020917057991028
cnn,random_search,2,2334,2024-06-18 17:20:00,0,1,0.5206019282341003
cnn,random_search,2,2335,2024-06-18 17:25:00,0,1,0.5340902805328369
cnn,random_search,2,2336,2024-06-18 17:30:00,0,1,0.5240738987922668
cnn,random_search,2,2337,2024-06-18 17:35:00,0,1,0.5023064613342285
cnn,random_search,2,2338,2024-06-18 17:40:00,0,1,0.5258697867393494
cnn,random_search,2,2339,2024-06-18 17:45:00,0,1,0.5530646443367004
cnn,random_search,2,2340,2024-06-18 17:50:00,0,1,0.5604692697525024
cnn,random_search,2,2341,2024-06-18 17:55:00,0,1,0.5552436709403992
cnn,random_search,2,2342,2024-06-19 10:55:00,1,0,0.43233099579811096
cnn,random_search,2,2343,2024-06-19 11:00:00,1,1,0.5079264640808105
cnn,random_search,2,2344,2024-06-19 11:05:00,1,0,0.49934861063957214
cnn,random_search,2,2345,2024-06-19 11:10:00,1,0,0.4755522310733795
cnn,random_search,2,2346,2024-06-19 11:15:00,1,0,0.47319886088371277
cnn,random_search,2,2347,2024-06-19 11:20:00,1,0,0.47900524735450745
cnn,random_search,2,2348,2024-06-19 11:25:00,1,1,0.51353919506073
cnn,random_search,2,2349,2024-06-19 11:30:00,1,1,0.5159727931022644
cnn,random_search,2,2350,2024-06-19 11:35:00,1,1,0.5432044863700867
cnn,random_search,2,2351,2024-06-19 11:40:00,1,1,0.5622484087944031
cnn,random_search,2,2352,2024-06-19 11:45:00,1,1,0.5235879421234131
cnn,random_search,2,2353,2024-06-19 11:50:00,1,1,0.5158416628837585
cnn,random_search,2,2354,2024-06-19 11:55:00,1,1,0.5094268918037415
cnn,random_search,2,2355,2024-06-19 12:00:00,1,1,0.506702721118927
cnn,random_search,2,2356,2024-06-19 12:05:00,1,0,0.4934402108192444
cnn,random_search,2,2357,2024-06-19 12:10:00,1,0,0.4876273274421692
cnn,random_search,2,2358,2024-06-19 12:15:00,1,0,0.4856362044811249
cnn,random_search,2,2359,2024-06-19 12:20:00,1,0,0.482582151889801
cnn,random_search,2,2360,2024-06-19 12:25:00,1,0,0.4977061450481415
cnn,random_search,2,2361,2024-06-19 12:30:00,1,1,0.522646427154541
cnn,random_search,2,2362,2024-06-19 12:35:00,1,1,0.5397398471832275
cnn,random_search,2,2363,2024-06-19 12:40:00,1,1,0.5565047860145569
cnn,random_search,2,2364,2024-06-19 12:45:00,1,1,0.6049953699111938
cnn,random_search,2,2365,2024-06-19 12:50:00,1,1,0.6214304566383362
cnn,random_search,2,2366,2024-06-19 12:55:00,1,1,0.6091142296791077
cnn,random_search,2,2367,2024-06-19 13:00:00,1,1,0.5951825976371765
cnn,random_search,2,2368,2024-06-19 13:05:00,1,1,0.5651980042457581
cnn,random_search,2,2369,2024-06-19 13:10:00,1,1,0.5886092185974121
cnn,random_search,2,2370,2024-06-19 13:15:00,1,1,0.5469101071357727
cnn,random_search,2,2371,2024-06-19 13:20:00,1,1,0.5184966921806335
cnn,random_search,2,2372,2024-06-19 13:25:00,1,1,0.5256890654563904
cnn,random_search,2,2373,2024-06-19 13:30:00,1,1,0.5533008575439453
cnn,random_search,2,2374,2024-06-19 13:35:00,1,1,0.5678560733795166
cnn,random_search,2,2375,2024-06-19 13:40:00,1,1,0.5591265559196472
cnn,random_search,2,2376,2024-06-19 13:45:00,1,1,0.5755935907363892
cnn,random_search,2,2377,2024-06-19 13:50:00,1,1,0.5725250840187073
cnn,random_search,2,2378,2024-06-19 13:55:00,1,1,0.5571588277816772
cnn,random_search,2,2379,2024-06-19 14:00:00,1,1,0.5280352830886841
cnn,random_search,2,2380,2024-06-19 14:05:00,0,1,0.5481275320053101
cnn,random_search,2,2381,2024-06-19 14:10:00,0,1,0.5186113119125366
cnn,random_search,2,2382,2024-06-19 14:15:00,0,0,0.4865044951438904
cnn,random_search,2,2383,2024-06-19 14:20:00,0,1,0.5050660371780396
cnn,random_search,2,2384,2024-06-19 14:25:00,0,0,0.4650871753692627
cnn,random_search,2,2385,2024-06-19 14:30:00,1,0,0.443886399269104
cnn,random_search,2,2386,2024-06-19 14:35:00,1,0,0.4446302652359009
cnn,random_search,2,2387,2024-06-19 14:40:00,1,0,0.479974627494812
cnn,random_search,2,2388,2024-06-19 14:45:00,1,0,0.4978060722351074
cnn,random_search,2,2389,2024-06-19 14:50:00,1,1,0.5194242596626282
cnn,random_search,2,2390,2024-06-19 14:55:00,1,1,0.5248917937278748
cnn,random_search,2,2391,2024-06-19 15:00:00,1,1,0.5355178713798523
cnn,random_search,2,2392,2024-06-19 15:05:00,1,1,0.5509253740310669
cnn,random_search,2,2393,2024-06-19 15:10:00,1,1,0.5376790761947632
cnn,random_search,2,2394,2024-06-19 15:15:00,1,1,0.5397751331329346
cnn,random_search,2,2395,2024-06-19 15:20:00,1,1,0.5449217557907104
cnn,random_search,2,2396,2024-06-19 15:25:00,1,1,0.5335145592689514
cnn,random_search,2,2397,2024-06-19 15:30:00,1,1,0.5218490958213806
cnn,random_search,2,2398,2024-06-19 15:35:00,1,0,0.49518170952796936
cnn,random_search,2,2399,2024-06-19 15:40:00,1,1,0.5280435085296631
cnn,random_search,2,2400,2024-06-19 15:45:00,1,1,0.5836948156356812
cnn,random_search,2,2401,2024-06-19 15:50:00,1,1,0.6187498569488525
cnn,random_search,2,2402,2024-06-19 15:55:00,1,1,0.6291719675064087
cnn,random_search,2,2403,2024-06-19 16:00:00,1,1,0.6113753914833069
cnn,random_search,2,2404,2024-06-19 16:05:00,1,1,0.568082869052887
cnn,random_search,2,2405,2024-06-19 16:10:00,1,1,0.5415194630622864
cnn,random_search,2,2406,2024-06-19 16:15:00,1,1,0.5349270701408386
cnn,random_search,2,2407,2024-06-19 16:20:00,1,1,0.5494865775108337
cnn,random_search,2,2408,2024-06-19 16:25:00,1,1,0.5921305418014526
cnn,random_search,2,2409,2024-06-19 16:30:00,1,1,0.5741344094276428
cnn,random_search,2,2410,2024-06-19 16:35:00,1,1,0.5958327651023865
cnn,random_search,2,2411,2024-06-19 16:40:00,1,1,0.6399230360984802
cnn,random_search,2,2412,2024-06-19 16:45:00,1,1,0.6330702900886536
cnn,random_search,2,2413,2024-06-19 16:50:00,1,1,0.6276387572288513
cnn,random_search,2,2414,2024-06-19 16:55:00,1,1,0.5510640740394592
cnn,random_search,2,2415,2024-06-19 17:00:00,1,1,0.524516761302948
cnn,random_search,2,2416,2024-06-19 17:05:00,1,1,0.5021937489509583
cnn,random_search,2,2417,2024-06-19 17:10:00,1,0,0.4846079349517822
cnn,random_search,2,2418,2024-06-19 17:15:00,1,0,0.48881077766418457
cnn,random_search,2,2419,2024-06-19 17:20:00,1,1,0.5185345411300659
cnn,random_search,2,2420,2024-06-19 17:25:00,1,1,0.5368553996086121
cnn,random_search,2,2421,2024-06-19 17:30:00,1,1,0.5241592526435852
cnn,random_search,2,2422,2024-06-19 17:35:00,1,1,0.5242379903793335
cnn,random_search,2,2423,2024-06-19 17:40:00,1,1,0.5465681552886963
cnn,random_search,2,2424,2024-06-19 17:45:00,1,1,0.5435385704040527
cnn,random_search,2,2425,2024-06-19 17:50:00,1,1,0.5129277110099792
cnn,random_search,2,2426,2024-06-19 17:55:00,1,1,0.5219464898109436
cnn,random_search,2,2427,2024-06-20 10:50:00,0,1,0.6667327880859375
cnn,random_search,2,2428,2024-06-20 10:55:00,0,1,0.614075243473053
cnn,random_search,2,2429,2024-06-20 11:00:00,0,1,0.5828418135643005
cnn,random_search,2,2430,2024-06-20 11:05:00,0,1,0.5216119885444641
cnn,random_search,2,2431,2024-06-20 11:10:00,0,1,0.5122764706611633
cnn,random_search,2,2432,2024-06-20 11:15:00,0,1,0.547892153263092
cnn,random_search,2,2433,2024-06-20 11:20:00,0,1,0.5444240570068359
cnn,random_search,2,2434,2024-06-20 11:25:00,0,1,0.5132460594177246
cnn,random_search,2,2435,2024-06-20 11:30:00,0,0,0.45707008242607117
cnn,random_search,2,2436,2024-06-20 11:35:00,0,0,0.41595739126205444
cnn,random_search,2,2437,2024-06-20 11:40:00,0,0,0.3950654864311218
cnn,random_search,2,2438,2024-06-20 11:45:00,0,0,0.3830181658267975
cnn,random_search,2,2439,2024-06-20 11:50:00,0,0,0.3438226282596588
cnn,random_search,2,2440,2024-06-20 11:55:00,0,0,0.37023741006851196
cnn,random_search,2,2441,2024-06-20 12:00:00,0,0,0.3817248046398163
cnn,random_search,2,2442,2024-06-20 12:05:00,0,0,0.3612244427204132
cnn,random_search,2,2443,2024-06-20 12:10:00,0,0,0.391312837600708
cnn,random_search,2,2444,2024-06-20 12:15:00,0,0,0.4087698459625244
cnn,random_search,2,2445,2024-06-20 12:20:00,0,0,0.4226449131965637
cnn,random_search,2,2446,2024-06-20 12:25:00,0,0,0.4254715144634247
cnn,random_search,2,2447,2024-06-20 12:30:00,0,0,0.4224068522453308
cnn,random_search,2,2448,2024-06-20 12:35:00,0,0,0.42941218614578247
cnn,random_search,2,2449,2024-06-20 12:40:00,0,0,0.4304032623767853
cnn,random_search,2,2450,2024-06-20 12:45:00,0,0,0.4862569272518158
cnn,random_search,2,2451,2024-06-20 12:50:00,0,0,0.47868385910987854
cnn,random_search,2,2452,2024-06-20 12:55:00,0,0,0.45405313372612
cnn,random_search,2,2453,2024-06-20 13:00:00,0,0,0.4530125856399536
cnn,random_search,2,2454,2024-06-20 13:05:00,0,0,0.4271918833255768
cnn,random_search,2,2455,2024-06-20 13:10:00,0,0,0.426511287689209
cnn,random_search,2,2456,2024-06-20 13:15:00,0,0,0.4494713544845581
cnn,random_search,2,2457,2024-06-20 13:20:00,0,0,0.455721914768219
cnn,random_search,2,2458,2024-06-20 13:25:00,0,0,0.43295302987098694
cnn,random_search,2,2459,2024-06-20 13:30:00,0,0,0.4163430631160736
cnn,random_search,2,2460,2024-06-20 13:35:00,1,0,0.4319606423377991
cnn,random_search,2,2461,2024-06-20 13:40:00,1,0,0.4407247304916382
cnn,random_search,2,2462,2024-06-20 13:45:00,1,0,0.4978782832622528
cnn,random_search,2,2463,2024-06-20 13:50:00,1,1,0.5073476433753967
cnn,random_search,2,2464,2024-06-20 13:55:00,1,1,0.5064624547958374
cnn,random_search,2,2465,2024-06-20 14:00:00,1,1,0.5054015517234802
cnn,random_search,2,2466,2024-06-20 14:05:00,1,1,0.5207279920578003
cnn,random_search,2,2467,2024-06-20 14:10:00,1,1,0.5632799863815308
cnn,random_search,2,2468,2024-06-20 14:15:00,1,1,0.5863385796546936
cnn,random_search,2,2469,2024-06-20 14:20:00,1,1,0.5699613094329834
cnn,random_search,2,2470,2024-06-20 14:25:00,1,1,0.5458126664161682
cnn,random_search,2,2471,2024-06-20 14:30:00,1,0,0.49829694628715515
cnn,random_search,2,2472,2024-06-20 14:35:00,1,0,0.45738643407821655
cnn,random_search,2,2473,2024-06-20 14:40:00,1,0,0.4664502739906311
cnn,random_search,2,2474,2024-06-20 14:45:00,1,0,0.4757808446884155
cnn,random_search,2,2475,2024-06-20 14:50:00,1,0,0.49346205592155457
cnn,random_search,2,2476,2024-06-20 14:55:00,1,1,0.5212790369987488
cnn,random_search,2,2477,2024-06-20 15:00:00,1,1,0.537375271320343
cnn,random_search,2,2478,2024-06-20 15:05:00,1,1,0.5533022284507751
cnn,random_search,2,2479,2024-06-20 15:10:00,1,1,0.5487951040267944
cnn,random_search,2,2480,2024-06-20 15:15:00,1,1,0.5590057969093323
cnn,random_search,2,2481,2024-06-20 15:20:00,1,1,0.5816723108291626
cnn,random_search,2,2482,2024-06-20 15:25:00,1,1,0.5737757682800293
cnn,random_search,2,2483,2024-06-20 15:30:00,1,1,0.5303248763084412
cnn,random_search,2,2484,2024-06-20 15:35:00,1,1,0.5261355042457581
cnn,random_search,2,2485,2024-06-20 15:40:00,1,1,0.5627085566520691
cnn,random_search,2,2486,2024-06-20 15:45:00,1,1,0.5890426635742188
cnn,random_search,2,2487,2024-06-20 15:50:00,0,1,0.60111403465271
cnn,random_search,2,2488,2024-06-20 15:55:00,0,1,0.6172178983688354
cnn,random_search,2,2489,2024-06-20 16:00:00,0,1,0.5817375183105469
cnn,random_search,2,2490,2024-06-20 16:05:00,0,1,0.544528067111969
cnn,random_search,2,2491,2024-06-20 16:10:00,0,0,0.4879853129386902
cnn,random_search,2,2492,2024-06-20 16:15:00,0,0,0.42657166719436646
cnn,random_search,2,2493,2024-06-20 16:20:00,0,0,0.3864781856536865
cnn,random_search,2,2494,2024-06-20 16:25:00,0,0,0.40034782886505127
cnn,random_search,2,2495,2024-06-20 16:30:00,0,0,0.4239143133163452
cnn,random_search,2,2496,2024-06-20 16:35:00,0,0,0.4297824800014496
cnn,random_search,2,2497,2024-06-20 16:40:00,0,0,0.46423667669296265
cnn,random_search,2,2498,2024-06-20 16:45:00,0,0,0.4908272624015808
cnn,random_search,2,2499,2024-06-20 16:50:00,0,1,0.5010872483253479
cnn,random_search,2,2500,2024-06-20 16:55:00,0,1,0.5070750713348389
cnn,random_search,2,2501,2024-06-20 17:00:00,0,0,0.490174263715744
cnn,random_search,2,2502,2024-06-20 17:05:00,0,0,0.4713628590106964
cnn,random_search,2,2503,2024-06-20 17:10:00,0,0,0.49915778636932373
cnn,random_search,2,2504,2024-06-20 17:15:00,0,1,0.5224016904830933
cnn,random_search,2,2505,2024-06-20 17:20:00,0,1,0.5028688907623291
cnn,random_search,2,2506,2024-06-20 17:25:00,0,0,0.4839370846748352
cnn,random_search,2,2507,2024-06-20 17:30:00,0,0,0.48806095123291016
cnn,random_search,2,2508,2024-06-20 17:35:00,0,0,0.492209255695343
cnn,random_search,2,2509,2024-06-20 17:40:00,0,1,0.5004719495773315
cnn,random_search,2,2510,2024-06-20 17:45:00,0,0,0.49161991477012634
cnn,random_search,2,2511,2024-06-20 17:50:00,0,0,0.492586612701416
cnn,random_search,2,2512,2024-06-20 17:55:00,1,0,0.48876190185546875
cnn,random_search,2,2513,2024-06-21 10:40:00,1,1,0.6167032122612
cnn,random_search,2,2514,2024-06-21 10:45:00,1,1,0.632161021232605
cnn,random_search,2,2515,2024-06-21 10:50:00,1,1,0.6761734485626221
cnn,random_search,2,2516,2024-06-21 10:55:00,1,1,0.7118446826934814
cnn,random_search,2,2517,2024-06-21 11:00:00,1,1,0.6599112153053284
cnn,random_search,2,2518,2024-06-21 11:05:00,1,1,0.6645257472991943
cnn,random_search,2,2519,2024-06-21 11:10:00,1,1,0.5924743413925171
cnn,random_search,2,2520,2024-06-21 11:15:00,1,1,0.5907989740371704
cnn,random_search,2,2521,2024-06-21 11:20:00,1,1,0.5921968221664429
cnn,random_search,2,2522,2024-06-21 11:25:00,0,1,0.590952455997467
cnn,random_search,2,2523,2024-06-21 11:30:00,0,1,0.5778852105140686
cnn,random_search,2,2524,2024-06-21 11:35:00,0,1,0.5596964359283447
cnn,random_search,2,2525,2024-06-21 11:40:00,0,1,0.5287931561470032
cnn,random_search,2,2526,2024-06-21 11:45:00,0,0,0.47759535908699036
cnn,random_search,2,2527,2024-06-21 11:50:00,0,1,0.5087855458259583
cnn,random_search,2,2528,2024-06-21 11:55:00,0,1,0.5026673078536987
cnn,random_search,2,2529,2024-06-21 12:00:00,0,1,0.5121329426765442
cnn,random_search,2,2530,2024-06-21 12:05:00,0,1,0.5172591209411621
cnn,random_search,2,2531,2024-06-21 12:10:00,0,1,0.534511923789978
cnn,random_search,2,2532,2024-06-21 12:15:00,1,0,0.438123881816864
cnn,random_search,2,2533,2024-06-21 12:20:00,1,0,0.42767074704170227
cnn,random_search,2,2534,2024-06-21 12:25:00,1,0,0.41974344849586487
cnn,random_search,2,2535,2024-06-21 12:30:00,1,0,0.40859654545783997
cnn,random_search,2,2536,2024-06-21 12:35:00,1,0,0.45105329155921936
cnn,random_search,2,2537,2024-06-21 12:40:00,1,0,0.44500651955604553
cnn,random_search,2,2538,2024-06-21 12:45:00,1,0,0.49165046215057373
cnn,random_search,2,2539,2024-06-21 12:50:00,1,0,0.48664459586143494
cnn,random_search,2,2540,2024-06-21 12:55:00,1,0,0.4785979390144348
cnn,random_search,2,2541,2024-06-21 13:00:00,1,0,0.4781254231929779
cnn,random_search,2,2542,2024-06-21 13:05:00,1,0,0.4902304708957672
cnn,random_search,2,2543,2024-06-21 13:10:00,1,1,0.5068932771682739
cnn,random_search,2,2544,2024-06-21 13:15:00,1,1,0.5205357074737549
cnn,random_search,2,2545,2024-06-21 13:20:00,1,1,0.541233241558075
cnn,random_search,2,2546,2024-06-21 13:25:00,1,1,0.5545306205749512
cnn,random_search,2,2547,2024-06-21 13:30:00,1,1,0.5545622706413269
cnn,random_search,2,2548,2024-06-21 13:35:00,1,1,0.5303933024406433
cnn,random_search,2,2549,2024-06-21 13:40:00,1,1,0.5551460981369019
cnn,random_search,2,2550,2024-06-21 13:45:00,1,1,0.5531913042068481
cnn,random_search,2,2551,2024-06-21 13:50:00,0,1,0.5627663731575012
cnn,random_search,2,2552,2024-06-21 13:55:00,0,1,0.5558632612228394
cnn,random_search,2,2553,2024-06-21 14:00:00,0,1,0.5417182445526123
cnn,random_search,2,2554,2024-06-21 14:05:00,0,1,0.5371952652931213
cnn,random_search,2,2555,2024-06-21 14:10:00,0,1,0.5172997117042542
cnn,random_search,2,2556,2024-06-21 14:15:00,0,1,0.5339392423629761
cnn,random_search,2,2557,2024-06-21 14:20:00,0,1,0.5100740790367126
cnn,random_search,2,2558,2024-06-21 14:25:00,0,0,0.49852970242500305
cnn,random_search,2,2559,2024-06-21 14:30:00,0,0,0.4728234112262726
cnn,random_search,2,2560,2024-06-21 14:35:00,0,0,0.45269936323165894
cnn,random_search,2,2561,2024-06-21 14:40:00,0,0,0.463062047958374
cnn,random_search,2,2562,2024-06-21 14:45:00,0,0,0.455758661031723
cnn,random_search,2,2563,2024-06-21 14:50:00,0,0,0.4747574031352997
cnn,random_search,2,2564,2024-06-21 14:55:00,0,0,0.4803057014942169
cnn,random_search,2,2565,2024-06-21 15:00:00,1,0,0.4489480257034302
cnn,random_search,2,2566,2024-06-21 15:05:00,1,0,0.47089943289756775
cnn,random_search,2,2567,2024-06-21 15:10:00,1,0,0.49284207820892334
cnn,random_search,2,2568,2024-06-21 15:15:00,1,1,0.5129002928733826
cnn,random_search,2,2569,2024-06-21 15:20:00,1,1,0.5343659520149231
cnn,random_search,2,2570,2024-06-21 15:25:00,1,1,0.5528456568717957
cnn,random_search,2,2571,2024-06-21 15:30:00,1,1,0.5716882944107056
cnn,random_search,2,2572,2024-06-21 15:35:00,1,1,0.587796688079834
cnn,random_search,2,2573,2024-06-21 15:40:00,1,1,0.5594958066940308
cnn,random_search,2,2574,2024-06-21 15:45:00,1,1,0.5488790273666382
cnn,random_search,2,2575,2024-06-21 15:50:00,1,1,0.5529831051826477
cnn,random_search,2,2576,2024-06-21 15:55:00,1,1,0.557874321937561
cnn,random_search,2,2577,2024-06-21 16:00:00,1,1,0.5686007142066956
cnn,random_search,2,2578,2024-06-21 16:05:00,1,1,0.5700958371162415
cnn,random_search,2,2579,2024-06-21 16:10:00,1,1,0.5624585151672363
cnn,random_search,2,2580,2024-06-21 16:15:00,1,1,0.5617541074752808
cnn,random_search,2,2581,2024-06-21 16:20:00,1,1,0.5454930663108826
cnn,random_search,2,2582,2024-06-21 16:25:00,1,1,0.5592030882835388
cnn,random_search,2,2583,2024-06-21 16:30:00,1,1,0.5586218237876892
cnn,random_search,2,2584,2024-06-21 16:35:00,1,1,0.5614070892333984
cnn,random_search,2,2585,2024-06-21 16:40:00,1,1,0.5192350149154663
cnn,random_search,2,2586,2024-06-21 16:45:00,1,0,0.4944444000720978
cnn,random_search,2,2587,2024-06-21 16:50:00,1,1,0.5061065554618835
cnn,random_search,2,2588,2024-06-21 16:55:00,1,1,0.5224946141242981
cnn,random_search,2,2589,2024-06-21 17:00:00,1,0,0.4925724267959595
cnn,random_search,2,2590,2024-06-21 17:05:00,1,0,0.4748173654079437
cnn,random_search,2,2591,2024-06-21 17:10:00,1,0,0.47356659173965454
cnn,random_search,2,2592,2024-06-21 17:15:00,1,1,0.5076844692230225
cnn,random_search,2,2593,2024-06-21 17:20:00,1,1,0.5047704577445984
cnn,random_search,2,2594,2024-06-21 17:25:00,1,0,0.493423193693161
cnn,random_search,2,2595,2024-06-21 17:30:00,1,1,0.5035998821258545
cnn,random_search,2,2596,2024-06-21 17:35:00,1,1,0.5074169039726257
cnn,random_search,2,2597,2024-06-21 17:40:00,1,1,0.5143965482711792
cnn,random_search,2,2598,2024-06-21 17:45:00,1,1,0.5020372867584229
cnn,random_search,2,2599,2024-06-21 17:50:00,1,1,0.5190303325653076
cnn,random_search,2,2600,2024-06-21 17:55:00,1,1,0.5218403339385986
cnn,random_search,2,2601,2024-06-24 10:50:00,0,1,0.674534022808075
cnn,random_search,2,2602,2024-06-24 10:55:00,0,1,0.6470369100570679
cnn,random_search,2,2603,2024-06-24 11:00:00,0,1,0.5781043171882629
cnn,random_search,2,2604,2024-06-24 11:05:00,0,1,0.5505298376083374
cnn,random_search,2,2605,2024-06-24 11:10:00,0,1,0.5641759634017944
cnn,random_search,2,2606,2024-06-24 11:15:00,0,1,0.5453292727470398
cnn,random_search,2,2607,2024-06-24 11:20:00,0,1,0.5270815491676331
cnn,random_search,2,2608,2024-06-24 11:25:00,0,1,0.511498749256134
cnn,random_search,2,2609,2024-06-24 11:30:00,0,0,0.4734085500240326
cnn,random_search,2,2610,2024-06-24 11:35:00,0,0,0.4789469242095947
cnn,random_search,2,2611,2024-06-24 11:40:00,0,1,0.5022388696670532
cnn,random_search,2,2612,2024-06-24 11:45:00,0,0,0.47938957810401917
cnn,random_search,2,2613,2024-06-24 11:50:00,0,0,0.48294416069984436
cnn,random_search,2,2614,2024-06-24 11:55:00,0,0,0.49905842542648315
cnn,random_search,2,2615,2024-06-24 12:00:00,0,1,0.5046592950820923
cnn,random_search,2,2616,2024-06-24 12:05:00,0,1,0.5044695138931274
cnn,random_search,2,2617,2024-06-24 12:10:00,0,0,0.4735061228275299
cnn,random_search,2,2618,2024-06-24 12:15:00,0,0,0.4587690532207489
cnn,random_search,2,2619,2024-06-24 12:20:00,0,0,0.44888272881507874
cnn,random_search,2,2620,2024-06-24 12:25:00,0,0,0.44848111271858215
cnn,random_search,2,2621,2024-06-24 12:30:00,0,0,0.4379482567310333
cnn,random_search,2,2622,2024-06-24 12:35:00,0,0,0.4418826401233673
cnn,random_search,2,2623,2024-06-24 12:40:00,0,0,0.4654105007648468
cnn,random_search,2,2624,2024-06-24 12:45:00,1,0,0.4651602506637573
cnn,random_search,2,2625,2024-06-24 12:50:00,1,0,0.47867900133132935
cnn,random_search,2,2626,2024-06-24 12:55:00,1,1,0.5088672041893005
cnn,random_search,2,2627,2024-06-24 13:00:00,1,0,0.49429166316986084
cnn,random_search,2,2628,2024-06-24 13:05:00,1,1,0.5015751123428345
cnn,random_search,2,2629,2024-06-24 13:10:00,1,1,0.531194269657135
cnn,random_search,2,2630,2024-06-24 13:15:00,1,1,0.5454489588737488
cnn,random_search,2,2631,2024-06-24 13:20:00,1,1,0.5621790289878845
cnn,random_search,2,2632,2024-06-24 13:25:00,1,1,0.5531798005104065
cnn,random_search,2,2633,2024-06-24 13:30:00,1,1,0.5258047580718994
cnn,random_search,2,2634,2024-06-24 13:35:00,1,1,0.5113059878349304
cnn,random_search,2,2635,2024-06-24 13:40:00,1,0,0.4969785213470459
cnn,random_search,2,2636,2024-06-24 13:45:00,1,1,0.5012084245681763
cnn,random_search,2,2637,2024-06-24 13:50:00,1,0,0.48174476623535156
cnn,random_search,2,2638,2024-06-24 13:55:00,1,0,0.4999666213989258
cnn,random_search,2,2639,2024-06-24 14:00:00,1,1,0.5069645643234253
cnn,random_search,2,2640,2024-06-24 14:05:00,1,0,0.4929294288158417
cnn,random_search,2,2641,2024-06-24 14:10:00,1,0,0.45814603567123413
cnn,random_search,2,2642,2024-06-24 14:15:00,1,0,0.4598097801208496
cnn,random_search,2,2643,2024-06-24 14:20:00,1,0,0.48594996333122253
cnn,random_search,2,2644,2024-06-24 14:25:00,1,1,0.5204847455024719
cnn,random_search,2,2645,2024-06-24 14:30:00,1,1,0.5211275815963745
cnn,random_search,2,2646,2024-06-24 14:35:00,0,1,0.5479042530059814
cnn,random_search,2,2647,2024-06-24 14:40:00,0,1,0.5283327102661133
cnn,random_search,2,2648,2024-06-24 14:45:00,0,1,0.5034664869308472
cnn,random_search,2,2649,2024-06-24 14:50:00,0,0,0.4765084981918335
cnn,random_search,2,2650,2024-06-24 14:55:00,0,0,0.4955492317676544
cnn,random_search,2,2651,2024-06-24 15:00:00,0,0,0.49723801016807556
cnn,random_search,2,2652,2024-06-24 15:05:00,0,1,0.5129563212394714
cnn,random_search,2,2653,2024-06-24 15:10:00,0,1,0.5163694024085999
cnn,random_search,2,2654,2024-06-24 15:15:00,0,1,0.5017871260643005
cnn,random_search,2,2655,2024-06-24 15:20:00,0,0,0.49736830592155457
cnn,random_search,2,2656,2024-06-24 15:25:00,0,0,0.48145997524261475
cnn,random_search,2,2657,2024-06-24 15:30:00,1,0,0.45070675015449524
cnn,random_search,2,2658,2024-06-24 15:35:00,1,0,0.4627661406993866
cnn,random_search,2,2659,2024-06-24 15:40:00,1,0,0.49281880259513855
cnn,random_search,2,2660,2024-06-24 15:45:00,1,1,0.5263655781745911
cnn,random_search,2,2661,2024-06-24 15:50:00,1,0,0.49324873089790344
cnn,random_search,2,2662,2024-06-24 15:55:00,1,0,0.4744623899459839
cnn,random_search,2,2663,2024-06-24 16:00:00,1,0,0.47429633140563965
cnn,random_search,2,2664,2024-06-24 16:05:00,1,0,0.4784654676914215
cnn,random_search,2,2665,2024-06-24 16:10:00,1,0,0.4876018166542053
cnn,random_search,2,2666,2024-06-24 16:15:00,1,0,0.49652010202407837
cnn,random_search,2,2667,2024-06-24 16:20:00,1,1,0.522233247756958
cnn,random_search,2,2668,2024-06-24 16:25:00,1,0,0.49705544114112854
cnn,random_search,2,2669,2024-06-24 16:30:00,1,1,0.5161595940589905
cnn,random_search,2,2670,2024-06-24 16:35:00,1,1,0.5423340797424316
cnn,random_search,2,2671,2024-06-24 16:40:00,1,1,0.5524596571922302
cnn,random_search,2,2672,2024-06-24 16:45:00,1,1,0.565880298614502
cnn,random_search,2,2673,2024-06-24 16:50:00,1,1,0.5535114407539368
cnn,random_search,2,2674,2024-06-24 16:55:00,1,1,0.5121217370033264
cnn,random_search,2,2675,2024-06-24 17:00:00,1,1,0.5012839436531067
cnn,random_search,2,2676,2024-06-24 17:05:00,1,0,0.4982340931892395
cnn,random_search,2,2677,2024-06-24 17:10:00,1,0,0.47077733278274536
cnn,random_search,2,2678,2024-06-24 17:15:00,0,0,0.4994266629219055
cnn,random_search,2,2679,2024-06-24 17:20:00,0,1,0.5009520053863525
cnn,random_search,2,2680,2024-06-24 17:25:00,0,0,0.4925346076488495
cnn,random_search,2,2681,2024-06-24 17:30:00,0,1,0.5095461010932922
cnn,random_search,2,2682,2024-06-24 17:35:00,0,1,0.5275170207023621
cnn,random_search,2,2683,2024-06-24 17:40:00,0,1,0.5342906713485718
cnn,random_search,2,2684,2024-06-24 17:45:00,0,1,0.5226433873176575
cnn,random_search,2,2685,2024-06-24 17:50:00,0,1,0.5379363894462585
cnn,random_search,2,2686,2024-06-24 17:55:00,0,1,0.5254799723625183
cnn,random_search,2,2687,2024-06-25 12:35:00,1,0,0.4155161678791046
cnn,random_search,2,2688,2024-06-25 12:40:00,1,0,0.41766077280044556
cnn,random_search,2,2689,2024-06-25 12:45:00,1,0,0.4603857696056366
cnn,random_search,2,2690,2024-06-25 12:50:00,1,0,0.4780886173248291
cnn,random_search,2,2691,2024-06-25 12:55:00,1,0,0.48725593090057373
cnn,random_search,2,2692,2024-06-25 13:00:00,1,1,0.5231876969337463
cnn,random_search,2,2693,2024-06-25 13:05:00,1,1,0.5016403794288635
cnn,random_search,2,2694,2024-06-25 13:10:00,1,0,0.4673076570034027
cnn,random_search,2,2695,2024-06-25 13:15:00,1,0,0.4858334958553314
cnn,random_search,2,2696,2024-06-25 13:20:00,1,1,0.5167006254196167
cnn,random_search,2,2697,2024-06-25 13:25:00,1,1,0.5286125540733337
cnn,random_search,2,2698,2024-06-25 13:30:00,1,1,0.5097783803939819
cnn,random_search,2,2699,2024-06-25 13:35:00,1,1,0.5293772220611572
cnn,random_search,2,2700,2024-06-25 13:40:00,1,1,0.5327131152153015
cnn,random_search,2,2701,2024-06-25 13:45:00,1,1,0.5352184176445007
cnn,random_search,2,2702,2024-06-25 13:50:00,1,1,0.5496264100074768
cnn,random_search,2,2703,2024-06-25 13:55:00,1,1,0.5383643507957458
cnn,random_search,2,2704,2024-06-25 14:00:00,1,1,0.5358166098594666
cnn,random_search,2,2705,2024-06-25 14:05:00,1,1,0.5385981202125549
cnn,random_search,2,2706,2024-06-25 14:10:00,1,1,0.5578394532203674
cnn,random_search,2,2707,2024-06-25 14:15:00,1,1,0.528559148311615
cnn,random_search,2,2708,2024-06-25 14:20:00,1,0,0.47678616642951965
cnn,random_search,2,2709,2024-06-25 14:25:00,1,0,0.4995409846305847
cnn,random_search,2,2710,2024-06-25 14:30:00,1,1,0.5323963165283203
cnn,random_search,2,2711,2024-06-25 14:35:00,1,1,0.519531786441803
cnn,random_search,2,2712,2024-06-25 14:40:00,1,1,0.5314451456069946
cnn,random_search,2,2713,2024-06-25 14:45:00,1,1,0.5384191870689392
cnn,random_search,2,2714,2024-06-25 14:50:00,0,1,0.5754819512367249
cnn,random_search,2,2715,2024-06-25 14:55:00,0,1,0.5813467502593994
cnn,random_search,2,2716,2024-06-25 15:00:00,0,1,0.5671141147613525
cnn,random_search,2,2717,2024-06-25 15:05:00,0,1,0.551218569278717
cnn,random_search,2,2718,2024-06-25 15:10:00,0,1,0.553700864315033
cnn,random_search,2,2719,2024-06-25 15:15:00,0,1,0.5349865555763245
cnn,random_search,2,2720,2024-06-25 15:20:00,0,0,0.4919966459274292
cnn,random_search,2,2721,2024-06-25 15:25:00,0,1,0.5019052624702454
cnn,random_search,2,2722,2024-06-25 15:30:00,0,1,0.509702742099762
cnn,random_search,2,2723,2024-06-25 15:35:00,0,0,0.4998173117637634
cnn,random_search,2,2724,2024-06-25 15:40:00,0,0,0.4972148835659027
cnn,random_search,2,2725,2024-06-25 15:45:00,0,1,0.515444815158844
cnn,random_search,2,2726,2024-06-25 15:50:00,0,0,0.4879847466945648
cnn,random_search,2,2727,2024-06-25 15:55:00,0,0,0.47628307342529297
cnn,random_search,2,2728,2024-06-25 16:00:00,0,0,0.4877188503742218
cnn,random_search,2,2729,2024-06-25 16:05:00,0,0,0.46905019879341125
cnn,random_search,2,2730,2024-06-25 16:10:00,0,0,0.4676148295402527
cnn,random_search,2,2731,2024-06-25 16:15:00,0,0,0.48228463530540466
cnn,random_search,2,2732,2024-06-25 16:20:00,0,0,0.4776495695114136
cnn,random_search,2,2733,2024-06-25 16:25:00,0,0,0.4958062767982483
cnn,random_search,2,2734,2024-06-25 16:30:00,0,0,0.48644423484802246
cnn,random_search,2,2735,2024-06-25 16:35:00,0,0,0.46091312170028687
cnn,random_search,2,2736,2024-06-25 16:40:00,1,0,0.450423002243042
cnn,random_search,2,2737,2024-06-25 16:45:00,1,0,0.4610327482223511
cnn,random_search,2,2738,2024-06-25 16:50:00,1,0,0.4602835476398468
cnn,random_search,2,2739,2024-06-25 16:55:00,1,0,0.4717995226383209
cnn,random_search,2,2740,2024-06-25 17:00:00,1,1,0.50249844789505
cnn,random_search,2,2741,2024-06-25 17:05:00,1,1,0.5270871520042419
cnn,random_search,2,2742,2024-06-25 17:10:00,1,1,0.5430784225463867
cnn,random_search,2,2743,2024-06-25 17:15:00,1,1,0.5407115817070007
cnn,random_search,2,2744,2024-06-25 17:20:00,1,1,0.5535392761230469
cnn,random_search,2,2745,2024-06-25 17:25:00,1,1,0.5339552164077759
cnn,random_search,2,2746,2024-06-25 17:30:00,0,1,0.5353878736495972
cnn,random_search,2,2747,2024-06-25 17:35:00,0,1,0.5475523471832275
cnn,random_search,2,2748,2024-06-25 17:40:00,0,1,0.5278489589691162
cnn,random_search,2,2749,2024-06-25 17:45:00,0,1,0.5237598419189453
cnn,random_search,2,2750,2024-06-25 17:50:00,0,1,0.529057502746582
cnn,random_search,2,2751,2024-06-25 17:55:00,0,1,0.5278668999671936
cnn,random_search,2,2752,2024-06-26 10:40:00,1,0,0.41325700283050537
cnn,random_search,2,2753,2024-06-26 10:45:00,1,0,0.41236162185668945
cnn,random_search,2,2754,2024-06-26 10:50:00,1,0,0.4539426267147064
cnn,random_search,2,2755,2024-06-26 10:55:00,1,0,0.4976949095726013
cnn,random_search,2,2756,2024-06-26 11:00:00,1,1,0.5456591248512268
cnn,random_search,2,2757,2024-06-26 11:05:00,1,1,0.512348473072052
cnn,random_search,2,2758,2024-06-26 11:10:00,1,1,0.514191210269928
cnn,random_search,2,2759,2024-06-26 11:15:00,1,1,0.5798139572143555
cnn,random_search,2,2760,2024-06-26 11:20:00,1,1,0.5999045372009277
cnn,random_search,2,2761,2024-06-26 11:25:00,1,1,0.5448115468025208
cnn,random_search,2,2762,2024-06-26 11:30:00,1,1,0.5042454600334167
cnn,random_search,2,2763,2024-06-26 11:35:00,1,1,0.5173395872116089
cnn,random_search,2,2764,2024-06-26 11:40:00,1,0,0.49114790558815
cnn,random_search,2,2765,2024-06-26 11:45:00,1,0,0.4886154234409332
cnn,random_search,2,2766,2024-06-26 11:50:00,1,1,0.5175434350967407
cnn,random_search,2,2767,2024-06-26 11:55:00,1,1,0.5045464634895325
cnn,random_search,2,2768,2024-06-26 12:00:00,1,1,0.5197161436080933
cnn,random_search,2,2769,2024-06-26 12:05:00,1,1,0.5457496643066406
cnn,random_search,2,2770,2024-06-26 12:10:00,1,0,0.4837627708911896
cnn,random_search,2,2771,2024-06-26 12:15:00,1,0,0.466626912355423
cnn,random_search,2,2772,2024-06-26 12:20:00,1,1,0.5024178624153137
cnn,random_search,2,2773,2024-06-26 12:25:00,1,1,0.5247229933738708
cnn,random_search,2,2774,2024-06-26 12:30:00,1,1,0.5203632116317749
cnn,random_search,2,2775,2024-06-26 12:35:00,1,1,0.5460839867591858
cnn,random_search,2,2776,2024-06-26 12:40:00,1,1,0.545349657535553
cnn,random_search,2,2777,2024-06-26 12:45:00,1,1,0.5394423007965088
cnn,random_search,2,2778,2024-06-26 12:50:00,1,1,0.5737212300300598
cnn,random_search,2,2779,2024-06-26 12:55:00,1,1,0.6051377058029175
cnn,random_search,2,2780,2024-06-26 13:00:00,1,1,0.6154846549034119
cnn,random_search,2,2781,2024-06-26 13:05:00,1,1,0.6500013470649719
cnn,random_search,2,2782,2024-06-26 13:10:00,1,1,0.6075190305709839
cnn,random_search,2,2783,2024-06-26 13:15:00,1,1,0.6109403967857361
cnn,random_search,2,2784,2024-06-26 13:20:00,1,1,0.6249808073043823
cnn,random_search,2,2785,2024-06-26 13:25:00,1,1,0.6049241423606873
cnn,random_search,2,2786,2024-06-26 13:30:00,1,1,0.5805331468582153
cnn,random_search,2,2787,2024-06-26 13:35:00,1,1,0.5615566968917847
cnn,random_search,2,2788,2024-06-26 13:40:00,1,1,0.570429265499115
cnn,random_search,2,2789,2024-06-26 13:45:00,1,1,0.5599003434181213
cnn,random_search,2,2790,2024-06-26 13:50:00,1,1,0.5838844180107117
cnn,random_search,2,2791,2024-06-26 13:55:00,1,1,0.5556574463844299
cnn,random_search,2,2792,2024-06-26 14:00:00,1,1,0.5420267581939697
cnn,random_search,2,2793,2024-06-26 14:05:00,1,1,0.5134927034378052
cnn,random_search,2,2794,2024-06-26 14:10:00,1,0,0.47685694694519043
cnn,random_search,2,2795,2024-06-26 14:15:00,1,0,0.4810330271720886
cnn,random_search,2,2796,2024-06-26 14:20:00,1,1,0.519304096698761
cnn,random_search,2,2797,2024-06-26 14:25:00,1,1,0.53167325258255
cnn,random_search,2,2798,2024-06-26 14:30:00,1,1,0.5415389537811279
cnn,random_search,2,2799,2024-06-26 14:35:00,1,1,0.5341125130653381
cnn,random_search,2,2800,2024-06-26 14:40:00,1,1,0.5216341018676758
cnn,random_search,2,2801,2024-06-26 14:45:00,1,1,0.513983964920044
cnn,random_search,2,2802,2024-06-26 14:50:00,1,0,0.4989245533943176
cnn,random_search,2,2803,2024-06-26 14:55:00,1,1,0.5259923934936523
cnn,random_search,2,2804,2024-06-26 15:00:00,1,1,0.5583932399749756
cnn,random_search,2,2805,2024-06-26 15:05:00,1,1,0.5770214796066284
cnn,random_search,2,2806,2024-06-26 15:10:00,0,1,0.6047037839889526
cnn,random_search,2,2807,2024-06-26 15:15:00,0,1,0.5732606053352356
cnn,random_search,2,2808,2024-06-26 15:20:00,0,1,0.5666708946228027
cnn,random_search,2,2809,2024-06-26 15:25:00,0,1,0.5316381454467773
cnn,random_search,2,2810,2024-06-26 15:30:00,0,1,0.5089154839515686
cnn,random_search,2,2811,2024-06-26 15:35:00,0,1,0.5062624216079712
cnn,random_search,2,2812,2024-06-26 15:40:00,0,0,0.4903867542743683
cnn,random_search,2,2813,2024-06-26 15:45:00,0,0,0.4637904763221741
cnn,random_search,2,2814,2024-06-26 15:50:00,0,0,0.4303191602230072
cnn,random_search,2,2815,2024-06-26 15:55:00,0,0,0.41034215688705444
cnn,random_search,2,2816,2024-06-26 16:00:00,0,0,0.4074169099330902
cnn,random_search,2,2817,2024-06-26 16:05:00,0,0,0.42674800753593445
cnn,random_search,2,2818,2024-06-26 16:10:00,1,0,0.42797115445137024
cnn,random_search,2,2819,2024-06-26 16:15:00,1,0,0.46685564517974854
cnn,random_search,2,2820,2024-06-26 16:20:00,1,1,0.5118929743766785
cnn,random_search,2,2821,2024-06-26 16:25:00,1,1,0.5442565083503723
cnn,random_search,2,2822,2024-06-26 16:30:00,1,1,0.5571122169494629
cnn,random_search,2,2823,2024-06-26 16:35:00,1,1,0.5498592853546143
cnn,random_search,2,2824,2024-06-26 16:40:00,1,1,0.5641337037086487
cnn,random_search,2,2825,2024-06-26 16:45:00,1,1,0.5565108060836792
cnn,random_search,2,2826,2024-06-26 16:50:00,0,1,0.6059501767158508
cnn,random_search,2,2827,2024-06-26 16:55:00,0,1,0.6497957706451416
cnn,random_search,2,2828,2024-06-26 17:00:00,0,1,0.6073360443115234
cnn,random_search,2,2829,2024-06-26 17:05:00,0,1,0.621857225894928
cnn,random_search,2,2830,2024-06-26 17:10:00,0,1,0.5574752688407898
cnn,random_search,2,2831,2024-06-26 17:15:00,0,1,0.5204586386680603
cnn,random_search,2,2832,2024-06-26 17:20:00,0,1,0.5064553618431091
cnn,random_search,2,2833,2024-06-26 17:25:00,0,1,0.5111607909202576
cnn,random_search,2,2834,2024-06-26 17:30:00,1,0,0.48209089040756226
cnn,random_search,2,2835,2024-06-26 17:35:00,1,0,0.4862096309661865
cnn,random_search,2,2836,2024-06-26 17:40:00,1,1,0.5166207551956177
cnn,random_search,2,2837,2024-06-26 17:45:00,1,1,0.5217165350914001
cnn,random_search,2,2838,2024-06-26 17:50:00,1,1,0.5428669452667236
cnn,random_search,2,2839,2024-06-26 17:55:00,1,1,0.5584067106246948
cnn,random_search,2,2840,2024-06-27 10:55:00,0,1,0.5900894403457642
cnn,random_search,2,2841,2024-06-27 11:00:00,0,1,0.5800471305847168
cnn,random_search,2,2842,2024-06-27 11:05:00,0,1,0.5433476567268372
cnn,random_search,2,2843,2024-06-27 11:10:00,0,1,0.5537192821502686
cnn,random_search,2,2844,2024-06-27 11:15:00,0,1,0.5186902284622192
cnn,random_search,2,2845,2024-06-27 11:20:00,0,0,0.4338237941265106
cnn,random_search,2,2846,2024-06-27 11:25:00,0,0,0.403582364320755
cnn,random_search,2,2847,2024-06-27 11:30:00,0,0,0.4145810008049011
cnn,random_search,2,2848,2024-06-27 11:35:00,0,0,0.45180800557136536
cnn,random_search,2,2849,2024-06-27 11:40:00,0,0,0.4521089196205139
cnn,random_search,2,2850,2024-06-27 11:45:00,0,0,0.4453788995742798
cnn,random_search,2,2851,2024-06-27 11:50:00,0,0,0.42507633566856384
cnn,random_search,2,2852,2024-06-27 11:55:00,0,0,0.3955641984939575
cnn,random_search,2,2853,2024-06-27 12:00:00,1,0,0.3732171058654785
cnn,random_search,2,2854,2024-06-27 12:05:00,1,0,0.4036236107349396
cnn,random_search,2,2855,2024-06-27 12:10:00,1,0,0.42186471819877625
cnn,random_search,2,2856,2024-06-27 12:15:00,1,0,0.43311676383018494
cnn,random_search,2,2857,2024-06-27 12:20:00,1,0,0.459423691034317
cnn,random_search,2,2858,2024-06-27 12:25:00,1,1,0.5040609836578369
cnn,random_search,2,2859,2024-06-27 12:30:00,1,1,0.552489161491394
cnn,random_search,2,2860,2024-06-27 12:35:00,1,1,0.5875161290168762
cnn,random_search,2,2861,2024-06-27 12:40:00,1,1,0.6156488060951233
cnn,random_search,2,2862,2024-06-27 12:45:00,1,1,0.6193255186080933
cnn,random_search,2,2863,2024-06-27 12:50:00,1,1,0.6066775918006897
cnn,random_search,2,2864,2024-06-27 12:55:00,0,1,0.6061268448829651
cnn,random_search,2,2865,2024-06-27 13:00:00,0,1,0.5718578100204468
cnn,random_search,2,2866,2024-06-27 13:05:00,0,1,0.5330153703689575
cnn,random_search,2,2867,2024-06-27 13:10:00,0,1,0.5095894932746887
cnn,random_search,2,2868,2024-06-27 13:15:00,0,0,0.49941661953926086
cnn,random_search,2,2869,2024-06-27 13:20:00,0,1,0.5074687004089355
cnn,random_search,2,2870,2024-06-27 13:25:00,0,0,0.4870317876338959
cnn,random_search,2,2871,2024-06-27 13:30:00,0,0,0.4706777036190033
cnn,random_search,2,2872,2024-06-27 13:35:00,0,0,0.4690419137477875
cnn,random_search,2,2873,2024-06-27 13:40:00,0,0,0.49014997482299805
cnn,random_search,2,2874,2024-06-27 13:45:00,0,1,0.5324719548225403
cnn,random_search,2,2875,2024-06-27 13:50:00,0,1,0.5232712030410767
cnn,random_search,2,2876,2024-06-27 13:55:00,0,1,0.5152003765106201
cnn,random_search,2,2877,2024-06-27 14:00:00,0,1,0.5134841799736023
cnn,random_search,2,2878,2024-06-27 14:05:00,0,0,0.4796757996082306
cnn,random_search,2,2879,2024-06-27 14:10:00,1,0,0.4456327259540558
cnn,random_search,2,2880,2024-06-27 14:15:00,1,0,0.4604707658290863
cnn,random_search,2,2881,2024-06-27 14:20:00,1,1,0.546226441860199
cnn,random_search,2,2882,2024-06-27 14:25:00,1,1,0.5946123600006104
cnn,random_search,2,2883,2024-06-27 14:30:00,1,1,0.5685862898826599
cnn,random_search,2,2884,2024-06-27 14:35:00,1,1,0.5785261988639832
cnn,random_search,2,2885,2024-06-27 14:40:00,1,1,0.5918591618537903
cnn,random_search,2,2886,2024-06-27 14:45:00,1,1,0.5945661067962646
cnn,random_search,2,2887,2024-06-27 14:50:00,1,1,0.6030176281929016
cnn,random_search,2,2888,2024-06-27 14:55:00,1,1,0.618325412273407
cnn,random_search,2,2889,2024-06-27 15:00:00,1,1,0.5718994140625
cnn,random_search,2,2890,2024-06-27 15:05:00,1,1,0.5283010005950928
cnn,random_search,2,2891,2024-06-27 15:10:00,1,1,0.5159428119659424
cnn,random_search,2,2892,2024-06-27 15:15:00,1,1,0.5273841619491577
cnn,random_search,2,2893,2024-06-27 15:20:00,1,1,0.537009060382843
cnn,random_search,2,2894,2024-06-27 15:25:00,1,1,0.5309810638427734
cnn,random_search,2,2895,2024-06-27 15:30:00,1,1,0.5471358895301819
cnn,random_search,2,2896,2024-06-27 15:35:00,1,1,0.5753373503684998
cnn,random_search,2,2897,2024-06-27 15:40:00,1,1,0.563482940196991
cnn,random_search,2,2898,2024-06-27 15:45:00,1,1,0.5746983885765076
cnn,random_search,2,2899,2024-06-27 15:50:00,1,1,0.6151384711265564
cnn,random_search,2,2900,2024-06-27 15:55:00,1,1,0.6453444361686707
cnn,random_search,2,2901,2024-06-27 16:00:00,1,1,0.6332274079322815
cnn,random_search,2,2902,2024-06-27 16:05:00,1,1,0.6175963282585144
cnn,random_search,2,2903,2024-06-27 16:10:00,1,1,0.6062326431274414
cnn,random_search,2,2904,2024-06-27 16:15:00,1,1,0.5606406331062317
cnn,random_search,2,2905,2024-06-27 16:20:00,1,1,0.5315181612968445
cnn,random_search,2,2906,2024-06-27 16:25:00,1,1,0.5167465209960938
cnn,random_search,2,2907,2024-06-27 16:30:00,1,0,0.4930465817451477
cnn,random_search,2,2908,2024-06-27 16:35:00,1,0,0.481663316488266
cnn,random_search,2,2909,2024-06-27 16:40:00,1,1,0.5221859216690063
cnn,random_search,2,2910,2024-06-27 16:45:00,1,1,0.5557187795639038
cnn,random_search,2,2911,2024-06-27 16:50:00,1,1,0.5462599992752075
cnn,random_search,2,2912,2024-06-27 16:55:00,1,1,0.5500003099441528
cnn,random_search,2,2913,2024-06-27 17:00:00,1,1,0.5353286266326904
cnn,random_search,2,2914,2024-06-27 17:05:00,1,1,0.5658909678459167
cnn,random_search,2,2915,2024-06-27 17:10:00,1,1,0.539909839630127
cnn,random_search,2,2916,2024-06-27 17:15:00,1,1,0.5095579028129578
cnn,random_search,2,2917,2024-06-27 17:20:00,1,1,0.5105385184288025
cnn,random_search,2,2918,2024-06-27 17:25:00,1,1,0.5215258598327637
cnn,random_search,2,2919,2024-06-27 17:30:00,1,1,0.5148432850837708
cnn,random_search,2,2920,2024-06-27 17:35:00,1,1,0.5097363591194153
cnn,random_search,2,2921,2024-06-27 17:40:00,1,1,0.5112223625183105
cnn,random_search,2,2922,2024-06-27 17:45:00,1,1,0.5257890820503235
cnn,random_search,2,2923,2024-06-27 17:50:00,1,1,0.5412595868110657
cnn,random_search,2,2924,2024-06-27 17:55:00,0,1,0.5555849075317383
cnn,random_search,2,2925,2024-06-28 10:40:00,0,0,0.41364753246307373
cnn,random_search,2,2926,2024-06-28 10:45:00,0,0,0.3775419592857361
cnn,random_search,2,2927,2024-06-28 10:50:00,0,0,0.35000187158584595
cnn,random_search,2,2928,2024-06-28 10:55:00,0,0,0.34147462248802185
cnn,random_search,2,2929,2024-06-28 11:00:00,1,0,0.3649067282676697
cnn,random_search,2,2930,2024-06-28 11:05:00,1,0,0.3100363612174988
cnn,random_search,2,2931,2024-06-28 11:10:00,1,0,0.36698654294013977
cnn,random_search,2,2932,2024-06-28 11:15:00,1,0,0.41845497488975525
cnn,random_search,2,2933,2024-06-28 11:20:00,1,1,0.5155192017555237
cnn,random_search,2,2934,2024-06-28 11:25:00,1,1,0.5491139888763428
cnn,random_search,2,2935,2024-06-28 11:30:00,1,1,0.5947889089584351
cnn,random_search,2,2936,2024-06-28 11:35:00,1,1,0.6062018871307373
cnn,random_search,2,2937,2024-06-28 11:40:00,1,1,0.6007961630821228
cnn,random_search,2,2938,2024-06-28 11:45:00,1,1,0.6250266432762146
cnn,random_search,2,2939,2024-06-28 11:50:00,1,1,0.6210821866989136
cnn,random_search,2,2940,2024-06-28 11:55:00,1,1,0.6511040329933167
cnn,random_search,2,2941,2024-06-28 12:00:00,1,1,0.6351147890090942
cnn,random_search,2,2942,2024-06-28 12:05:00,1,1,0.5933781266212463
cnn,random_search,2,2943,2024-06-28 12:10:00,1,1,0.5774521231651306
cnn,random_search,2,2944,2024-06-28 12:15:00,1,1,0.5882408618927002
cnn,random_search,2,2945,2024-06-28 12:20:00,1,1,0.5743404626846313
cnn,random_search,2,2946,2024-06-28 12:25:00,1,1,0.5275421142578125
cnn,random_search,2,2947,2024-06-28 12:30:00,1,1,0.5098492503166199
cnn,random_search,2,2948,2024-06-28 12:35:00,0,1,0.5502938032150269
cnn,random_search,2,2949,2024-06-28 12:40:00,0,1,0.5630194544792175
cnn,random_search,2,2950,2024-06-28 12:45:00,0,1,0.5170332193374634
cnn,random_search,2,2951,2024-06-28 12:50:00,0,1,0.5071658492088318
cnn,random_search,2,2952,2024-06-28 12:55:00,0,0,0.46218621730804443
cnn,random_search,2,2953,2024-06-28 13:00:00,0,0,0.441183477640152
cnn,random_search,2,2954,2024-06-28 13:05:00,0,0,0.42984503507614136
cnn,random_search,2,2955,2024-06-28 13:10:00,0,0,0.40785038471221924
cnn,random_search,2,2956,2024-06-28 13:15:00,0,0,0.4199730157852173
cnn,random_search,2,2957,2024-06-28 13:20:00,0,0,0.4315304160118103
cnn,random_search,2,2958,2024-06-28 13:25:00,0,0,0.4464786946773529
cnn,random_search,2,2959,2024-06-28 13:30:00,0,0,0.45653828978538513
cnn,random_search,2,2960,2024-06-28 13:35:00,1,0,0.4470260441303253
cnn,random_search,2,2961,2024-06-28 13:40:00,1,0,0.4683159291744232
cnn,random_search,2,2962,2024-06-28 13:45:00,1,0,0.4715319573879242
cnn,random_search,2,2963,2024-06-28 13:50:00,1,0,0.45708397030830383
cnn,random_search,2,2964,2024-06-28 13:55:00,1,1,0.5023922920227051
cnn,random_search,2,2965,2024-06-28 14:00:00,1,1,0.5105618834495544
cnn,random_search,2,2966,2024-06-28 14:05:00,1,1,0.5231150984764099
cnn,random_search,2,2967,2024-06-28 14:10:00,1,1,0.5103281140327454
cnn,random_search,2,2968,2024-06-28 14:15:00,1,1,0.5126422643661499
cnn,random_search,2,2969,2024-06-28 14:20:00,1,1,0.5364556312561035
cnn,random_search,2,2970,2024-06-28 14:25:00,1,1,0.5587027072906494
cnn,random_search,2,2971,2024-06-28 14:30:00,1,1,0.5462611317634583
cnn,random_search,2,2972,2024-06-28 14:35:00,1,1,0.5554834604263306
cnn,random_search,2,2973,2024-06-28 14:40:00,1,1,0.5928282141685486
cnn,random_search,2,2974,2024-06-28 14:45:00,0,1,0.6025755405426025
cnn,random_search,2,2975,2024-06-28 14:50:00,0,1,0.5941564440727234
cnn,random_search,2,2976,2024-06-28 14:55:00,0,1,0.5264590382575989
cnn,random_search,2,2977,2024-06-28 15:00:00,0,0,0.4787047803401947
cnn,random_search,2,2978,2024-06-28 15:05:00,0,0,0.47913530468940735
cnn,random_search,2,2979,2024-06-28 15:10:00,0,0,0.4750868082046509
cnn,random_search,2,2980,2024-06-28 15:15:00,0,1,0.5008664727210999
cnn,random_search,2,2981,2024-06-28 15:20:00,0,0,0.472005158662796
cnn,random_search,2,2982,2024-06-28 15:25:00,0,0,0.4656185507774353
cnn,random_search,2,2983,2024-06-28 15:30:00,0,0,0.45092615485191345
cnn,random_search,2,2984,2024-06-28 15:35:00,0,0,0.41904404759407043
cnn,random_search,2,2985,2024-06-28 15:40:00,0,0,0.4029199481010437
cnn,random_search,2,2986,2024-06-28 15:45:00,0,0,0.4167087972164154
cnn,random_search,2,2987,2024-06-28 15:50:00,0,0,0.43520089983940125
cnn,random_search,2,2988,2024-06-28 15:55:00,0,0,0.4779892563819885
cnn,random_search,2,2989,2024-06-28 16:00:00,0,0,0.47935187816619873
cnn,random_search,2,2990,2024-06-28 16:05:00,0,0,0.4716469943523407
cnn,random_search,2,2991,2024-06-28 16:10:00,0,0,0.4491223692893982
cnn,random_search,2,2992,2024-06-28 16:15:00,1,0,0.4508775770664215
cnn,random_search,2,2993,2024-06-28 16:20:00,1,0,0.473071813583374
cnn,random_search,2,2994,2024-06-28 16:25:00,1,1,0.5149317383766174
cnn,random_search,2,2995,2024-06-28 16:30:00,1,1,0.5143018364906311
cnn,random_search,2,2996,2024-06-28 16:35:00,1,1,0.5102254748344421
cnn,random_search,2,2997,2024-06-28 16:40:00,1,1,0.5165975689888
cnn,random_search,2,2998,2024-06-28 16:45:00,1,1,0.534310519695282
cnn,random_search,2,2999,2024-06-28 16:50:00,1,1,0.5610341429710388
cnn,random_search,2,3000,2024-06-28 16:55:00,0,1,0.5753291249275208
cnn,random_search,2,3001,2024-06-28 17:00:00,0,1,0.5647817850112915
cnn,random_search,2,3002,2024-06-28 17:05:00,0,1,0.5291866660118103
cnn,random_search,2,3003,2024-06-28 17:10:00,0,1,0.5341774225234985
cnn,random_search,2,3004,2024-06-28 17:15:00,0,1,0.5076801776885986
cnn,random_search,2,3005,2024-06-28 17:20:00,0,0,0.480888307094574
cnn,random_search,2,3006,2024-06-28 17:25:00,0,0,0.4610787332057953
cnn,random_search,2,3007,2024-06-28 17:30:00,0,0,0.4860386848449707
cnn,random_search,2,3008,2024-06-28 17:35:00,0,0,0.47849196195602417
cnn,random_search,2,3009,2024-06-28 17:40:00,0,0,0.4864209294319153
cnn,random_search,2,3010,2024-06-28 17:45:00,0,1,0.5178817510604858
cnn,random_search,2,3011,2024-06-28 17:50:00,0,1,0.5199573040008545
cnn,random_search,3,0,2024-05-20 15:25:00,1,0,0.4318352937698364
cnn,random_search,3,1,2024-05-20 15:25:00,1,0,0.43478167057037354
cnn,random_search,3,2,2024-05-20 15:30:00,1,0,0.4781615436077118
cnn,random_search,3,3,2024-05-20 15:30:00,1,0,0.48254039883613586
cnn,random_search,3,4,2024-05-20 15:35:00,1,1,0.5166583061218262
cnn,random_search,3,5,2024-05-20 15:35:00,1,1,0.5237463116645813
cnn,random_search,3,6,2024-05-20 15:40:00,1,0,0.47139427065849304
cnn,random_search,3,7,2024-05-20 15:40:00,1,0,0.35579749941825867
cnn,random_search,3,8,2024-05-20 15:45:00,1,0,0.4840135872364044
cnn,random_search,3,9,2024-05-20 15:45:00,1,0,0.46899956464767456
cnn,random_search,3,10,2024-05-20 15:50:00,1,0,0.4722800552845001
cnn,random_search,3,11,2024-05-20 15:50:00,1,0,0.33448249101638794
cnn,random_search,3,12,2024-05-20 15:55:00,1,0,0.45565250515937805
cnn,random_search,3,13,2024-05-20 15:55:00,1,0,0.466176837682724
cnn,random_search,3,14,2024-05-20 16:00:00,1,1,0.5338395833969116
cnn,random_search,3,15,2024-05-20 16:00:00,1,1,0.5229417085647583
cnn,random_search,3,16,2024-05-20 16:05:00,1,1,0.5670318603515625
cnn,random_search,3,17,2024-05-20 16:05:00,1,1,0.5533153414726257
cnn,random_search,3,18,2024-05-20 16:10:00,1,1,0.5484632849693298
cnn,random_search,3,19,2024-05-20 16:10:00,1,1,0.5502473711967468
cnn,random_search,3,20,2024-05-20 16:15:00,1,1,0.555528998374939
cnn,random_search,3,21,2024-05-20 16:15:00,1,1,0.5607849955558777
cnn,random_search,3,22,2024-05-20 16:20:00,1,1,0.5110092759132385
cnn,random_search,3,23,2024-05-20 16:20:00,1,1,0.5095926523208618
cnn,random_search,3,24,2024-05-20 16:25:00,1,0,0.4574262499809265
cnn,random_search,3,25,2024-05-20 16:25:00,1,0,0.44159168004989624
cnn,random_search,3,26,2024-05-20 16:30:00,1,0,0.4528595805168152
cnn,random_search,3,27,2024-05-20 16:30:00,1,0,0.44368985295295715
cnn,random_search,3,28,2024-05-20 16:35:00,1,0,0.4283406436443329
cnn,random_search,3,29,2024-05-20 16:35:00,1,0,0.3632980287075043
cnn,random_search,3,30,2024-05-20 16:40:00,1,0,0.4556969106197357
cnn,random_search,3,31,2024-05-20 16:40:00,1,0,0.45610591769218445
cnn,random_search,3,32,2024-05-20 16:45:00,1,1,0.5103069543838501
cnn,random_search,3,33,2024-05-20 16:45:00,1,1,0.5343186855316162
cnn,random_search,3,34,2024-05-20 16:50:00,1,1,0.5702446103096008
cnn,random_search,3,35,2024-05-20 16:50:00,1,1,0.5699336528778076
cnn,random_search,3,36,2024-05-20 16:55:00,0,1,0.5985437035560608
cnn,random_search,3,37,2024-05-20 16:55:00,0,1,0.6083411574363708
cnn,random_search,3,38,2024-05-20 17:00:00,0,1,0.6662812829017639
cnn,random_search,3,39,2024-05-20 17:00:00,0,1,0.5819516181945801
cnn,random_search,3,40,2024-05-20 17:05:00,0,1,0.514619767665863
cnn,random_search,3,41,2024-05-20 17:05:00,0,1,0.5453939437866211
cnn,random_search,3,42,2024-05-20 17:10:00,0,0,0.4767681658267975
cnn,random_search,3,43,2024-05-20 17:10:00,0,0,0.2731568515300751
cnn,random_search,3,44,2024-05-20 17:15:00,0,1,0.5127843022346497
cnn,random_search,3,45,2024-05-20 17:15:00,0,1,0.5269808769226074
cnn,random_search,3,46,2024-05-20 17:20:00,0,1,0.5363794565200806
cnn,random_search,3,47,2024-05-20 17:20:00,0,1,0.5202932953834534
cnn,random_search,3,48,2024-05-20 17:25:00,0,1,0.6713529229164124
cnn,random_search,3,49,2024-05-20 17:25:00,0,1,0.5490950345993042
cnn,random_search,3,50,2024-05-20 17:30:00,0,1,0.6109519600868225
cnn,random_search,3,51,2024-05-20 17:30:00,0,1,0.5988878011703491
cnn,random_search,3,52,2024-05-20 17:35:00,0,1,0.5354321002960205
cnn,random_search,3,53,2024-05-20 17:35:00,0,1,0.5386582016944885
cnn,random_search,3,54,2024-05-20 17:40:00,0,1,0.5258451700210571
cnn,random_search,3,55,2024-05-20 17:40:00,0,1,0.5306686162948608
cnn,random_search,3,56,2024-05-20 17:45:00,0,1,0.5306946635246277
cnn,random_search,3,57,2024-05-20 17:45:00,0,1,0.5138455033302307
cnn,random_search,3,58,2024-05-20 17:50:00,0,1,0.6931343078613281
cnn,random_search,3,59,2024-05-20 17:50:00,0,1,0.5327249765396118
cnn,random_search,3,60,2024-05-20 17:55:00,0,1,0.6206234693527222
cnn,random_search,3,61,2024-05-20 17:55:00,0,0,0.4746038615703583
cnn,random_search,3,62,2024-05-21 13:30:00,1,0,0.3765348494052887
cnn,random_search,3,63,2024-05-21 13:30:00,1,0,0.37793779373168945
cnn,random_search,3,64,2024-05-21 13:35:00,1,0,0.38548851013183594
cnn,random_search,3,65,2024-05-21 13:35:00,1,0,0.3927103877067566
cnn,random_search,3,66,2024-05-21 13:40:00,1,0,0.4786904454231262
cnn,random_search,3,67,2024-05-21 13:40:00,1,0,0.4685496687889099
cnn,random_search,3,68,2024-05-21 13:45:00,1,1,0.5745174288749695
cnn,random_search,3,69,2024-05-21 13:45:00,1,1,0.5911973714828491
cnn,random_search,3,70,2024-05-21 13:50:00,1,1,0.5193606019020081
cnn,random_search,3,71,2024-05-21 13:50:00,1,1,0.5045776963233948
cnn,random_search,3,72,2024-05-21 13:55:00,1,0,0.45500248670578003
cnn,random_search,3,73,2024-05-21 13:55:00,1,0,0.43578797578811646
cnn,random_search,3,74,2024-05-21 14:00:00,1,1,0.5392931699752808
cnn,random_search,3,75,2024-05-21 14:00:00,1,1,0.5311807990074158
cnn,random_search,3,76,2024-05-21 14:05:00,1,1,0.5338471531867981
cnn,random_search,3,77,2024-05-21 14:05:00,1,1,0.5459455847740173
cnn,random_search,3,78,2024-05-21 14:10:00,1,0,0.4603489339351654
cnn,random_search,3,79,2024-05-21 14:10:00,1,1,0.5009233355522156
cnn,random_search,3,80,2024-05-21 14:15:00,1,1,0.517889142036438
cnn,random_search,3,81,2024-05-21 14:15:00,1,1,0.543354868888855
cnn,random_search,3,82,2024-05-21 14:20:00,1,1,0.6066325902938843
cnn,random_search,3,83,2024-05-21 14:20:00,1,1,0.6459113359451294
cnn,random_search,3,84,2024-05-21 14:25:00,1,1,0.7713555693626404
cnn,random_search,3,85,2024-05-21 14:25:00,1,1,0.6149274706840515
cnn,random_search,3,86,2024-05-21 14:30:00,1,1,0.6416442394256592
cnn,random_search,3,87,2024-05-21 14:30:00,1,1,0.6035053133964539
cnn,random_search,3,88,2024-05-21 14:35:00,1,1,0.5593664646148682
cnn,random_search,3,89,2024-05-21 14:35:00,1,1,0.579302191734314
cnn,random_search,3,90,2024-05-21 14:40:00,1,1,0.5637502074241638
cnn,random_search,3,91,2024-05-21 14:40:00,1,1,0.5697965621948242
cnn,random_search,3,92,2024-05-21 14:45:00,1,1,0.6057682633399963
cnn,random_search,3,93,2024-05-21 14:45:00,1,1,0.5932153463363647
cnn,random_search,3,94,2024-05-21 14:50:00,1,1,0.5902900099754333
cnn,random_search,3,95,2024-05-21 14:50:00,1,1,0.5771803855895996
cnn,random_search,3,96,2024-05-21 14:55:00,1,1,0.6722134351730347
cnn,random_search,3,97,2024-05-21 14:55:00,1,1,0.6170470714569092
cnn,random_search,3,98,2024-05-21 15:00:00,1,1,0.6466960906982422
cnn,random_search,3,99,2024-05-21 15:00:00,1,1,0.7966958284378052
cnn,random_search,3,100,2024-05-21 15:05:00,0,1,0.686389684677124
cnn,random_search,3,101,2024-05-21 15:05:00,0,1,0.6355984807014465
cnn,random_search,3,102,2024-05-21 15:10:00,0,1,0.6199331283569336
cnn,random_search,3,103,2024-05-21 15:10:00,0,1,0.5496804118156433
cnn,random_search,3,104,2024-05-21 15:15:00,0,0,0.4580751657485962
cnn,random_search,3,105,2024-05-21 15:15:00,0,0,0.41263139247894287
cnn,random_search,3,106,2024-05-21 15:20:00,0,0,0.4465453028678894
cnn,random_search,3,107,2024-05-21 15:20:00,0,1,0.5079852342605591
cnn,random_search,3,108,2024-05-21 15:25:00,0,0,0.4803537130355835
cnn,random_search,3,109,2024-05-21 15:25:00,0,0,0.4129948616027832
cnn,random_search,3,110,2024-05-21 15:30:00,0,0,0.40776294469833374
cnn,random_search,3,111,2024-05-21 15:30:00,0,0,0.23997606337070465
cnn,random_search,3,112,2024-05-21 15:35:00,0,0,0.34684279561042786
cnn,random_search,3,113,2024-05-21 15:35:00,0,0,0.3812468647956848
cnn,random_search,3,114,2024-05-21 15:40:00,0,0,0.4256783425807953
cnn,random_search,3,115,2024-05-21 15:40:00,0,0,0.3678595721721649
cnn,random_search,3,116,2024-05-21 15:45:00,0,0,0.43030911684036255
cnn,random_search,3,117,2024-05-21 15:50:00,0,1,0.5374863743782043
cnn,random_search,3,118,2024-05-21 15:50:00,0,1,0.5406280159950256
cnn,random_search,3,119,2024-05-21 15:55:00,0,1,0.5286669731140137
cnn,random_search,3,120,2024-05-21 15:55:00,0,1,0.5379605293273926
cnn,random_search,3,121,2024-05-21 16:00:00,0,1,0.5766424536705017
cnn,random_search,3,122,2024-05-21 16:00:00,0,1,0.5501713752746582
cnn,random_search,3,123,2024-05-21 16:05:00,0,1,0.6532039046287537
cnn,random_search,3,124,2024-05-21 16:05:00,0,1,0.582057774066925
cnn,random_search,3,125,2024-05-21 16:10:00,0,1,0.5947191119194031
cnn,random_search,3,126,2024-05-21 16:10:00,0,1,0.5633411407470703
cnn,random_search,3,127,2024-05-21 16:15:00,0,1,0.5570761561393738
cnn,random_search,3,128,2024-05-21 16:15:00,0,1,0.5687106251716614
cnn,random_search,3,129,2024-05-21 16:20:00,0,1,0.5225852727890015
cnn,random_search,3,130,2024-05-21 16:20:00,0,1,0.5627961754798889
cnn,random_search,3,131,2024-05-21 16:25:00,0,1,0.5967702865600586
cnn,random_search,3,132,2024-05-21 16:25:00,0,1,0.5662407279014587
cnn,random_search,3,133,2024-05-21 16:30:00,0,1,0.6111350059509277
cnn,random_search,3,134,2024-05-21 16:30:00,0,1,0.5699890851974487
cnn,random_search,3,135,2024-05-21 16:35:00,0,1,0.5561318397521973
cnn,random_search,3,136,2024-05-21 16:35:00,0,1,0.5554820895195007
cnn,random_search,3,137,2024-05-21 16:40:00,0,1,0.5210920572280884
cnn,random_search,3,138,2024-05-21 16:40:00,0,1,0.5186607837677002
cnn,random_search,3,139,2024-05-21 16:45:00,0,0,0.4922211468219757
cnn,random_search,3,140,2024-05-21 16:45:00,0,1,0.5187023282051086
cnn,random_search,3,141,2024-05-21 16:50:00,0,0,0.45654773712158203
cnn,random_search,3,142,2024-05-21 16:50:00,0,0,0.4345940947532654
cnn,random_search,3,143,2024-05-21 16:55:00,0,0,0.40461719036102295
cnn,random_search,3,144,2024-05-21 16:55:00,0,0,0.4096258282661438
cnn,random_search,3,145,2024-05-21 17:00:00,0,0,0.22879768908023834
cnn,random_search,3,146,2024-05-21 17:00:00,0,0,0.34506702423095703
cnn,random_search,3,147,2024-05-21 17:05:00,0,0,0.2992425262928009
cnn,random_search,3,148,2024-05-21 17:05:00,0,0,0.34016919136047363
cnn,random_search,3,149,2024-05-21 17:10:00,0,0,0.3358677327632904
cnn,random_search,3,150,2024-05-21 17:10:00,0,0,0.31031864881515503
cnn,random_search,3,151,2024-05-21 17:15:00,0,0,0.3131183683872223
cnn,random_search,3,152,2024-05-21 17:15:00,0,0,0.2970254123210907
cnn,random_search,3,153,2024-05-21 17:20:00,0,0,0.4418221116065979
cnn,random_search,3,154,2024-05-21 17:20:00,0,0,0.4259495139122009
cnn,random_search,3,155,2024-05-21 17:25:00,0,0,0.4065655767917633
cnn,random_search,3,156,2024-05-21 17:25:00,0,0,0.44477981328964233
cnn,random_search,3,157,2024-05-21 17:30:00,0,0,0.4284065365791321
cnn,random_search,3,158,2024-05-21 17:30:00,0,0,0.4066862463951111
cnn,random_search,3,159,2024-05-21 17:35:00,0,0,0.463381290435791
cnn,random_search,3,160,2024-05-21 17:40:00,0,0,0.45538702607154846
cnn,random_search,3,161,2024-05-21 17:40:00,0,0,0.4795089364051819
cnn,random_search,3,162,2024-05-21 17:45:00,0,0,0.495290607213974
cnn,random_search,3,163,2024-05-21 17:50:00,0,0,0.45278674364089966
cnn,random_search,3,164,2024-05-21 17:50:00,0,0,0.4194033443927765
cnn,random_search,3,165,2024-05-21 17:55:00,0,0,0.42352256178855896
cnn,random_search,3,166,2024-05-21 17:55:00,0,0,0.43673816323280334
cnn,random_search,3,167,2024-05-22 11:40:00,1,0,0.32565587759017944
cnn,random_search,3,168,2024-05-22 11:45:00,1,0,0.39994823932647705
cnn,random_search,3,169,2024-05-22 11:50:00,1,0,0.49299269914627075
cnn,random_search,3,170,2024-05-22 11:55:00,1,1,0.5202321410179138
cnn,random_search,3,171,2024-05-22 12:00:00,1,1,0.5680901408195496
cnn,random_search,3,172,2024-05-22 12:05:00,0,1,0.6694039106369019
cnn,random_search,3,173,2024-05-22 12:10:00,0,1,0.6839633584022522
cnn,random_search,3,174,2024-05-22 12:15:00,0,1,0.5405476689338684
cnn,random_search,3,175,2024-05-22 12:20:00,0,0,0.4492567479610443
cnn,random_search,3,176,2024-05-22 12:25:00,0,0,0.33930352330207825
cnn,random_search,3,177,2024-05-22 12:30:00,0,0,0.4001695215702057
cnn,random_search,3,178,2024-05-22 12:35:00,0,1,0.5157845616340637
cnn,random_search,3,179,2024-05-22 12:40:00,0,0,0.4959718585014343
cnn,random_search,3,180,2024-05-22 12:45:00,0,0,0.4057506024837494
cnn,random_search,3,181,2024-05-22 12:50:00,0,0,0.4697004556655884
cnn,random_search,3,182,2024-05-22 12:55:00,0,1,0.5529313087463379
cnn,random_search,3,183,2024-05-22 13:00:00,0,1,0.6295686364173889
cnn,random_search,3,184,2024-05-22 13:05:00,0,1,0.5644851326942444
cnn,random_search,3,185,2024-05-22 13:10:00,0,1,0.5231233239173889
cnn,random_search,3,186,2024-05-22 13:15:00,0,0,0.48506250977516174
cnn,random_search,3,187,2024-05-22 13:20:00,0,0,0.41944265365600586
cnn,random_search,3,188,2024-05-22 13:25:00,0,0,0.43273651599884033
cnn,random_search,3,189,2024-05-22 13:30:00,0,0,0.4488889276981354
cnn,random_search,3,190,2024-05-22 13:35:00,0,0,0.36807161569595337
cnn,random_search,3,191,2024-05-22 13:40:00,0,0,0.34510472416877747
cnn,random_search,3,192,2024-05-22 13:45:00,0,0,0.34086623787879944
cnn,random_search,3,193,2024-05-22 13:50:00,0,0,0.46965840458869934
cnn,random_search,3,194,2024-05-22 13:55:00,0,0,0.3833470046520233
cnn,random_search,3,195,2024-05-22 14:00:00,0,0,0.3513842225074768
cnn,random_search,3,196,2024-05-22 14:05:00,0,0,0.4199346899986267
cnn,random_search,3,197,2024-05-22 14:10:00,0,0,0.4238244295120239
cnn,random_search,3,198,2024-05-22 14:15:00,0,0,0.4423980116844177
cnn,random_search,3,199,2024-05-22 14:20:00,0,0,0.39154252409935
cnn,random_search,3,200,2024-05-22 14:25:00,0,0,0.4296894967556
cnn,random_search,3,201,2024-05-22 14:30:00,0,0,0.397333025932312
cnn,random_search,3,202,2024-05-22 14:35:00,0,0,0.3777376115322113
cnn,random_search,3,203,2024-05-22 14:40:00,0,0,0.36464372277259827
cnn,random_search,3,204,2024-05-22 14:45:00,0,0,0.4387093186378479
cnn,random_search,3,205,2024-05-22 14:50:00,0,0,0.44358745217323303
cnn,random_search,3,206,2024-05-22 14:55:00,0,0,0.4762294292449951
cnn,random_search,3,207,2024-05-22 15:00:00,0,0,0.4157405495643616
cnn,random_search,3,208,2024-05-22 15:05:00,0,0,0.39388853311538696
cnn,random_search,3,209,2024-05-22 15:10:00,0,0,0.3717671036720276
cnn,random_search,3,210,2024-05-22 15:15:00,0,0,0.37452420592308044
cnn,random_search,3,211,2024-05-22 15:20:00,0,0,0.37161746621131897
cnn,random_search,3,212,2024-05-22 15:25:00,0,0,0.32108139991760254
cnn,random_search,3,213,2024-05-22 15:30:00,0,0,0.3107626736164093
cnn,random_search,3,214,2024-05-22 15:35:00,0,0,0.27122366428375244
cnn,random_search,3,215,2024-05-22 15:40:00,0,0,0.35527288913726807
cnn,random_search,3,216,2024-05-22 15:45:00,0,0,0.46147045493125916
cnn,random_search,3,217,2024-05-22 15:50:00,0,0,0.4805784225463867
cnn,random_search,3,218,2024-05-22 15:55:00,0,0,0.48442313075065613
cnn,random_search,3,219,2024-05-22 16:00:00,0,1,0.5277702212333679
cnn,random_search,3,220,2024-05-22 16:05:00,0,1,0.5167118906974792
cnn,random_search,3,221,2024-05-22 16:10:00,0,0,0.4556782841682434
cnn,random_search,3,222,2024-05-22 16:15:00,0,0,0.3788765072822571
cnn,random_search,3,223,2024-05-22 16:20:00,0,0,0.30677494406700134
cnn,random_search,3,224,2024-05-22 16:25:00,0,0,0.37579146027565
cnn,random_search,3,225,2024-05-22 16:30:00,0,0,0.406335711479187
cnn,random_search,3,226,2024-05-22 16:35:00,0,0,0.403870165348053
cnn,random_search,3,227,2024-05-22 16:40:00,0,0,0.39018306136131287
cnn,random_search,3,228,2024-05-22 16:45:00,0,0,0.36040833592414856
cnn,random_search,3,229,2024-05-22 16:50:00,0,0,0.41174694895744324
cnn,random_search,3,230,2024-05-22 16:55:00,0,1,0.5048716068267822
cnn,random_search,3,231,2024-05-22 17:00:00,0,0,0.4789961576461792
cnn,random_search,3,232,2024-05-22 17:05:00,0,0,0.411523699760437
cnn,random_search,3,233,2024-05-22 17:10:00,0,0,0.3754199147224426
cnn,random_search,3,234,2024-05-22 17:15:00,0,0,0.3251035511493683
cnn,random_search,3,235,2024-05-22 17:20:00,0,0,0.475226491689682
cnn,random_search,3,236,2024-05-22 17:25:00,0,0,0.46860039234161377
cnn,random_search,3,237,2024-05-22 17:30:00,0,0,0.38854745030403137
cnn,random_search,3,238,2024-05-22 17:35:00,0,0,0.3927980661392212
cnn,random_search,3,239,2024-05-22 17:40:00,0,0,0.43430158495903015
cnn,random_search,3,240,2024-05-22 17:45:00,0,0,0.4229165017604828
cnn,random_search,3,241,2024-05-22 17:50:00,0,0,0.45712971687316895
cnn,random_search,3,242,2024-05-22 17:55:00,0,0,0.39738112688064575
cnn,random_search,3,243,2024-05-23 11:15:00,1,0,0.29219844937324524
cnn,random_search,3,244,2024-05-23 11:20:00,1,0,0.28490468859672546
cnn,random_search,3,245,2024-05-23 11:25:00,1,0,0.3042716085910797
cnn,random_search,3,246,2024-05-23 11:30:00,1,0,0.3427700698375702
cnn,random_search,3,247,2024-05-23 11:35:00,1,0,0.36771920323371887
cnn,random_search,3,248,2024-05-23 11:40:00,1,0,0.3769388496875763
cnn,random_search,3,249,2024-05-23 11:45:00,1,0,0.4444415271282196
cnn,random_search,3,250,2024-05-23 11:50:00,1,0,0.44562476873397827
cnn,random_search,3,251,2024-05-23 11:55:00,1,0,0.40421444177627563
cnn,random_search,3,252,2024-05-23 12:00:00,1,1,0.5060238242149353
cnn,random_search,3,253,2024-05-23 12:05:00,1,1,0.5870144963264465
cnn,random_search,3,254,2024-05-23 12:10:00,1,1,0.5510760545730591
cnn,random_search,3,255,2024-05-23 12:15:00,1,0,0.46492600440979004
cnn,random_search,3,256,2024-05-23 12:20:00,1,0,0.49979743361473083
cnn,random_search,3,257,2024-05-23 12:25:00,1,1,0.696762204170227
cnn,random_search,3,258,2024-05-23 12:30:00,1,1,0.5736170411109924
cnn,random_search,3,259,2024-05-23 12:35:00,1,1,0.5797621607780457
cnn,random_search,3,260,2024-05-23 12:40:00,1,1,0.5745693445205688
cnn,random_search,3,261,2024-05-23 12:45:00,1,1,0.5078525543212891
cnn,random_search,3,262,2024-05-23 12:50:00,1,1,0.5255699157714844
cnn,random_search,3,263,2024-05-23 12:55:00,1,1,0.6046668887138367
cnn,random_search,3,264,2024-05-23 13:00:00,1,1,0.5816778540611267
cnn,random_search,3,265,2024-05-23 13:05:00,1,1,0.5228486061096191
cnn,random_search,3,266,2024-05-23 13:10:00,1,0,0.3554101586341858
cnn,random_search,3,267,2024-05-23 13:15:00,1,0,0.44091612100601196
cnn,random_search,3,268,2024-05-23 13:20:00,1,1,0.519193172454834
cnn,random_search,3,269,2024-05-23 13:25:00,0,1,0.5733221769332886
cnn,random_search,3,270,2024-05-23 13:30:00,0,1,0.5778002738952637
cnn,random_search,3,271,2024-05-23 13:35:00,0,1,0.5075677037239075
cnn,random_search,3,272,2024-05-23 13:40:00,0,0,0.4556214213371277
cnn,random_search,3,273,2024-05-23 13:45:00,0,0,0.40860697627067566
cnn,random_search,3,274,2024-05-23 13:50:00,0,0,0.4466651976108551
cnn,random_search,3,275,2024-05-23 13:55:00,0,0,0.4412063956260681
cnn,random_search,3,276,2024-05-23 14:00:00,0,0,0.4862736165523529
cnn,random_search,3,277,2024-05-23 14:05:00,0,0,0.49567127227783203
cnn,random_search,3,278,2024-05-23 14:10:00,0,1,0.5709831714630127
cnn,random_search,3,279,2024-05-23 14:15:00,0,1,0.5217311382293701
cnn,random_search,3,280,2024-05-23 14:20:00,0,1,0.5276011824607849
cnn,random_search,3,281,2024-05-23 14:25:00,0,1,0.585371732711792
cnn,random_search,3,282,2024-05-23 14:30:00,0,1,0.5922881364822388
cnn,random_search,3,283,2024-05-23 14:35:00,0,0,0.48001572489738464
cnn,random_search,3,284,2024-05-23 14:40:00,0,0,0.3597602844238281
cnn,random_search,3,285,2024-05-23 14:45:00,0,0,0.3587179481983185
cnn,random_search,3,286,2024-05-23 14:50:00,0,0,0.37151986360549927
cnn,random_search,3,287,2024-05-23 14:55:00,0,0,0.31455397605895996
cnn,random_search,3,288,2024-05-23 15:00:00,1,0,0.2725229561328888
cnn,random_search,3,289,2024-05-23 15:00:00,1,0,0.27211278676986694
cnn,random_search,3,290,2024-05-23 15:05:00,1,0,0.3579558730125427
cnn,random_search,3,291,2024-05-23 15:05:00,1,0,0.36929965019226074
cnn,random_search,3,292,2024-05-23 15:10:00,1,0,0.42881378531455994
cnn,random_search,3,293,2024-05-23 15:10:00,1,0,0.39058080315589905
cnn,random_search,3,294,2024-05-23 15:15:00,1,0,0.424562007188797
cnn,random_search,3,295,2024-05-23 15:15:00,1,0,0.43206366896629333
cnn,random_search,3,296,2024-05-23 15:20:00,1,0,0.43417173624038696
cnn,random_search,3,297,2024-05-23 15:20:00,1,0,0.41275402903556824
cnn,random_search,3,298,2024-05-23 15:25:00,1,0,0.4731687903404236
cnn,random_search,3,299,2024-05-23 15:25:00,1,0,0.46008065342903137
cnn,random_search,3,300,2024-05-23 15:30:00,1,0,0.47813594341278076
cnn,random_search,3,301,2024-05-23 15:30:00,1,1,0.5009622573852539
cnn,random_search,3,302,2024-05-23 15:35:00,1,1,0.5574663877487183
cnn,random_search,3,303,2024-05-23 15:35:00,1,1,0.5454713702201843
cnn,random_search,3,304,2024-05-23 15:40:00,1,1,0.5443019866943359
cnn,random_search,3,305,2024-05-23 15:40:00,1,1,0.5625945925712585
cnn,random_search,3,306,2024-05-23 15:45:00,1,0,0.49712562561035156
cnn,random_search,3,307,2024-05-23 15:45:00,1,1,0.5048898458480835
cnn,random_search,3,308,2024-05-23 15:50:00,1,0,0.4946190118789673
cnn,random_search,3,309,2024-05-23 15:50:00,1,0,0.47293516993522644
cnn,random_search,3,310,2024-05-23 15:55:00,1,0,0.479399710893631
cnn,random_search,3,311,2024-05-23 15:55:00,1,0,0.4956696927547455
cnn,random_search,3,312,2024-05-23 16:00:00,1,1,0.5085967183113098
cnn,random_search,3,313,2024-05-23 16:00:00,1,1,0.5197073817253113
cnn,random_search,3,314,2024-05-23 16:05:00,1,1,0.5239224433898926
cnn,random_search,3,315,2024-05-23 16:05:00,1,1,0.5156459808349609
cnn,random_search,3,316,2024-05-23 16:10:00,1,1,0.541695773601532
cnn,random_search,3,317,2024-05-23 16:10:00,1,1,0.5392276644706726
cnn,random_search,3,318,2024-05-23 16:15:00,1,1,0.5763272643089294
cnn,random_search,3,319,2024-05-23 16:15:00,1,1,0.5762739777565002
cnn,random_search,3,320,2024-05-23 16:20:00,1,1,0.628354012966156
cnn,random_search,3,321,2024-05-23 16:20:00,1,1,0.5835553407669067
cnn,random_search,3,322,2024-05-23 16:25:00,1,1,0.5723737478256226
cnn,random_search,3,323,2024-05-23 16:25:00,1,1,0.556742787361145
cnn,random_search,3,324,2024-05-23 16:30:00,1,1,0.5821101665496826
cnn,random_search,3,325,2024-05-23 16:30:00,1,1,0.5499728918075562
cnn,random_search,3,326,2024-05-23 16:35:00,1,1,0.5068244934082031
cnn,random_search,3,327,2024-05-23 16:35:00,1,1,0.5012433528900146
cnn,random_search,3,328,2024-05-23 16:40:00,1,1,0.5488648414611816
cnn,random_search,3,329,2024-05-23 16:40:00,1,1,0.5505741834640503
cnn,random_search,3,330,2024-05-23 16:45:00,1,1,0.6060258746147156
cnn,random_search,3,331,2024-05-23 16:45:00,1,1,0.5978977680206299
cnn,random_search,3,332,2024-05-23 16:50:00,1,1,0.5216466188430786
cnn,random_search,3,333,2024-05-23 16:50:00,1,1,0.5378152132034302
cnn,random_search,3,334,2024-05-23 16:55:00,1,1,0.5248316526412964
cnn,random_search,3,335,2024-05-23 16:55:00,1,1,0.534963071346283
cnn,random_search,3,336,2024-05-23 17:00:00,1,1,0.570693850517273
cnn,random_search,3,337,2024-05-23 17:00:00,1,1,0.5753045678138733
cnn,random_search,3,338,2024-05-23 17:05:00,1,1,0.5885582566261292
cnn,random_search,3,339,2024-05-23 17:05:00,1,1,0.6583932638168335
cnn,random_search,3,340,2024-05-23 17:10:00,1,1,0.60931795835495
cnn,random_search,3,341,2024-05-23 17:10:00,1,1,0.596712589263916
cnn,random_search,3,342,2024-05-23 17:15:00,1,1,0.6451318264007568
cnn,random_search,3,343,2024-05-23 17:15:00,1,1,0.6243299245834351
cnn,random_search,3,344,2024-05-23 17:20:00,1,1,0.5967419743537903
cnn,random_search,3,345,2024-05-23 17:20:00,1,1,0.5904583930969238
cnn,random_search,3,346,2024-05-23 17:25:00,1,1,0.668621838092804
cnn,random_search,3,347,2024-05-23 17:25:00,1,1,0.62347811460495
cnn,random_search,3,348,2024-05-23 17:30:00,1,1,0.6051832437515259
cnn,random_search,3,349,2024-05-23 17:30:00,1,1,0.5839483141899109
cnn,random_search,3,350,2024-05-23 17:35:00,1,1,0.6440519690513611
cnn,random_search,3,351,2024-05-23 17:35:00,1,1,0.5882322192192078
cnn,random_search,3,352,2024-05-23 17:40:00,1,1,0.5462257266044617
cnn,random_search,3,353,2024-05-23 17:40:00,1,1,0.5532161593437195
cnn,random_search,3,354,2024-05-23 17:45:00,1,0,0.4908139407634735
cnn,random_search,3,355,2024-05-23 17:45:00,1,1,0.5038474798202515
cnn,random_search,3,356,2024-05-23 17:50:00,1,0,0.4673539996147156
cnn,random_search,3,357,2024-05-23 17:50:00,1,0,0.46562066674232483
cnn,random_search,3,358,2024-05-23 17:55:00,1,0,0.43376243114471436
cnn,random_search,3,359,2024-05-23 17:55:00,1,0,0.40549877285957336
cnn,random_search,3,360,2024-05-24 10:40:00,0,1,0.6105674505233765
cnn,random_search,3,361,2024-05-24 10:40:00,0,1,0.6069721579551697
cnn,random_search,3,362,2024-05-24 10:45:00,0,1,0.6256774067878723
cnn,random_search,3,363,2024-05-24 10:45:00,0,1,0.6279030442237854
cnn,random_search,3,364,2024-05-24 10:50:00,0,0,0.4663780629634857
cnn,random_search,3,365,2024-05-24 10:50:00,0,0,0.4682328701019287
cnn,random_search,3,366,2024-05-24 10:55:00,0,0,0.4407466650009155
cnn,random_search,3,367,2024-05-24 10:55:00,0,0,0.45209527015686035
cnn,random_search,3,368,2024-05-24 11:00:00,0,0,0.40885934233665466
cnn,random_search,3,369,2024-05-24 11:00:00,0,0,0.43363237380981445
cnn,random_search,3,370,2024-05-24 11:05:00,0,1,0.5137385725975037
cnn,random_search,3,371,2024-05-24 11:05:00,0,1,0.5132942199707031
cnn,random_search,3,372,2024-05-24 11:10:00,0,1,0.6070106625556946
cnn,random_search,3,373,2024-05-24 11:10:00,0,1,0.584909975528717
cnn,random_search,3,374,2024-05-24 11:15:00,0,1,0.5987960696220398
cnn,random_search,3,375,2024-05-24 11:15:00,0,1,0.5623142719268799
cnn,random_search,3,376,2024-05-24 11:20:00,0,1,0.5485814213752747
cnn,random_search,3,377,2024-05-24 11:20:00,1,1,0.5789157152175903
cnn,random_search,3,378,2024-05-24 11:25:00,0,1,0.6028628349304199
cnn,random_search,3,379,2024-05-24 11:25:00,0,1,0.6246524453163147
cnn,random_search,3,380,2024-05-24 11:30:00,0,1,0.6072613596916199
cnn,random_search,3,381,2024-05-24 11:30:00,0,1,0.5948519110679626
cnn,random_search,3,382,2024-05-24 11:35:00,0,0,0.4752809405326843
cnn,random_search,3,383,2024-05-24 11:35:00,0,0,0.4732044041156769
cnn,random_search,3,384,2024-05-24 11:40:00,0,0,0.4040895402431488
cnn,random_search,3,385,2024-05-24 11:40:00,0,0,0.3560619056224823
cnn,random_search,3,386,2024-05-24 11:45:00,0,0,0.43445661664009094
cnn,random_search,3,387,2024-05-24 11:45:00,1,0,0.420283704996109
cnn,random_search,3,388,2024-05-24 11:50:00,0,1,0.5598646998405457
cnn,random_search,3,389,2024-05-24 11:50:00,0,1,0.5451104044914246
cnn,random_search,3,390,2024-05-24 11:55:00,0,1,0.5203806757926941
cnn,random_search,3,391,2024-05-24 11:55:00,0,1,0.5246134996414185
cnn,random_search,3,392,2024-05-24 12:00:00,0,0,0.47078630328178406
cnn,random_search,3,393,2024-05-24 12:00:00,0,0,0.44727563858032227
cnn,random_search,3,394,2024-05-24 12:05:00,0,1,0.5091336965560913
cnn,random_search,3,395,2024-05-24 12:05:00,0,0,0.4774852395057678
cnn,random_search,3,396,2024-05-24 12:10:00,0,0,0.4525984525680542
cnn,random_search,3,397,2024-05-24 12:10:00,0,0,0.4058263599872589
cnn,random_search,3,398,2024-05-24 12:15:00,0,0,0.45230287313461304
cnn,random_search,3,399,2024-05-24 12:15:00,0,0,0.43565279245376587
cnn,random_search,3,400,2024-05-24 12:20:00,0,0,0.44589468836784363
cnn,random_search,3,401,2024-05-24 12:20:00,0,0,0.39497214555740356
cnn,random_search,3,402,2024-05-24 12:25:00,0,0,0.4406626224517822
cnn,random_search,3,403,2024-05-24 12:25:00,0,0,0.33218804001808167
cnn,random_search,3,404,2024-05-24 12:30:00,0,0,0.42906537652015686
cnn,random_search,3,405,2024-05-24 12:30:00,0,0,0.4569486677646637
cnn,random_search,3,406,2024-05-24 12:35:00,0,0,0.41419947147369385
cnn,random_search,3,407,2024-05-24 12:35:00,0,0,0.3949119746685028
cnn,random_search,3,408,2024-05-24 12:40:00,0,0,0.3394496440887451
cnn,random_search,3,409,2024-05-24 12:40:00,0,0,0.3679579496383667
cnn,random_search,3,410,2024-05-24 12:45:00,0,0,0.3526114523410797
cnn,random_search,3,411,2024-05-24 12:45:00,0,0,0.3348601758480072
cnn,random_search,3,412,2024-05-24 12:50:00,0,0,0.32125720381736755
cnn,random_search,3,413,2024-05-24 12:50:00,0,0,0.3681391477584839
cnn,random_search,3,414,2024-05-24 12:55:00,0,0,0.40092912316322327
cnn,random_search,3,415,2024-05-24 12:55:00,0,0,0.367143839597702
cnn,random_search,3,416,2024-05-24 13:00:00,0,0,0.4045783281326294
cnn,random_search,3,417,2024-05-24 13:00:00,0,0,0.39768868684768677
cnn,random_search,3,418,2024-05-24 13:05:00,0,0,0.45357057452201843
cnn,random_search,3,419,2024-05-24 13:05:00,0,0,0.43274518847465515
cnn,random_search,3,420,2024-05-24 13:10:00,0,1,0.5410170555114746
cnn,random_search,3,421,2024-05-24 13:10:00,0,1,0.5547025203704834
cnn,random_search,3,422,2024-05-24 13:15:00,0,1,0.6195253133773804
cnn,random_search,3,423,2024-05-24 13:15:00,0,1,0.5859971642494202
cnn,random_search,3,424,2024-05-24 13:20:00,0,1,0.7757479548454285
cnn,random_search,3,425,2024-05-24 13:20:00,0,1,0.6215395927429199
cnn,random_search,3,426,2024-05-24 13:25:00,0,1,0.580174446105957
cnn,random_search,3,427,2024-05-24 13:25:00,0,1,0.6349384188652039
cnn,random_search,3,428,2024-05-24 13:30:00,0,1,0.5189868211746216
cnn,random_search,3,429,2024-05-24 13:30:00,0,1,0.5320322513580322
cnn,random_search,3,430,2024-05-24 13:35:00,0,1,0.5122621655464172
cnn,random_search,3,431,2024-05-24 13:35:00,0,1,0.5389556884765625
cnn,random_search,3,432,2024-05-24 13:40:00,0,0,0.4815109372138977
cnn,random_search,3,433,2024-05-24 13:40:00,0,1,0.5030759572982788
cnn,random_search,3,434,2024-05-24 13:45:00,0,0,0.4146918058395386
cnn,random_search,3,435,2024-05-24 13:45:00,0,0,0.4628993272781372
cnn,random_search,3,436,2024-05-24 13:50:00,0,0,0.4121207892894745
cnn,random_search,3,437,2024-05-24 13:50:00,0,0,0.39934617280960083
cnn,random_search,3,438,2024-05-24 13:55:00,0,0,0.3745904266834259
cnn,random_search,3,439,2024-05-24 13:55:00,0,0,0.35602661967277527
cnn,random_search,3,440,2024-05-24 14:00:00,0,0,0.27450257539749146
cnn,random_search,3,441,2024-05-24 14:00:00,0,0,0.3474043607711792
cnn,random_search,3,442,2024-05-24 14:05:00,0,0,0.3028123676776886
cnn,random_search,3,443,2024-05-24 14:05:00,0,0,0.3751286566257477
cnn,random_search,3,444,2024-05-24 14:10:00,0,0,0.392021507024765
cnn,random_search,3,445,2024-05-24 14:10:00,0,0,0.44036003947257996
cnn,random_search,3,446,2024-05-24 14:15:00,0,0,0.4378262758255005
cnn,random_search,3,447,2024-05-24 14:15:00,0,0,0.4341200590133667
cnn,random_search,3,448,2024-05-24 14:20:00,0,0,0.403360515832901
cnn,random_search,3,449,2024-05-24 14:20:00,1,0,0.3851034343242645
cnn,random_search,3,450,2024-05-24 14:25:00,0,0,0.4133009910583496
cnn,random_search,3,451,2024-05-24 14:25:00,1,0,0.3531431257724762
cnn,random_search,3,452,2024-05-24 14:30:00,0,0,0.4153519868850708
cnn,random_search,3,453,2024-05-24 14:30:00,1,0,0.3847416341304779
cnn,random_search,3,454,2024-05-24 14:35:00,1,1,0.5002647638320923
cnn,random_search,3,455,2024-05-24 14:35:00,0,1,0.50162672996521
cnn,random_search,3,456,2024-05-24 14:40:00,0,1,0.5290771126747131
cnn,random_search,3,457,2024-05-24 14:40:00,1,1,0.5352305769920349
cnn,random_search,3,458,2024-05-24 14:45:00,0,1,0.5294194221496582
cnn,random_search,3,459,2024-05-24 14:45:00,1,1,0.6143604516983032
cnn,random_search,3,460,2024-05-24 14:50:00,0,1,0.5432336330413818
cnn,random_search,3,461,2024-05-24 14:50:00,1,1,0.5497211217880249
cnn,random_search,3,462,2024-05-24 14:55:00,0,1,0.5584008693695068
cnn,random_search,3,463,2024-05-24 14:55:00,1,1,0.5930912494659424
cnn,random_search,3,464,2024-05-24 15:00:00,0,1,0.5665094256401062
cnn,random_search,3,465,2024-05-24 15:00:00,0,1,0.5329015254974365
cnn,random_search,3,466,2024-05-24 15:05:00,0,0,0.43130970001220703
cnn,random_search,3,467,2024-05-24 15:05:00,0,0,0.4364216923713684
cnn,random_search,3,468,2024-05-24 15:10:00,0,0,0.3541935384273529
cnn,random_search,3,469,2024-05-24 15:10:00,0,0,0.3819006383419037
cnn,random_search,3,470,2024-05-24 15:15:00,0,0,0.32868778705596924
cnn,random_search,3,471,2024-05-24 15:15:00,0,0,0.3697364330291748
cnn,random_search,3,472,2024-05-24 15:20:00,0,0,0.338366836309433
cnn,random_search,3,473,2024-05-24 15:20:00,0,0,0.35330331325531006
cnn,random_search,3,474,2024-05-24 15:25:00,0,0,0.19744272530078888
cnn,random_search,3,475,2024-05-24 15:25:00,0,0,0.27902528643608093
cnn,random_search,3,476,2024-05-24 15:30:00,0,0,0.21378453075885773
cnn,random_search,3,477,2024-05-24 15:30:00,0,0,0.2927075922489166
cnn,random_search,3,478,2024-05-24 15:35:00,0,0,0.32426637411117554
cnn,random_search,3,479,2024-05-24 15:35:00,0,0,0.31482064723968506
cnn,random_search,3,480,2024-05-24 15:40:00,0,0,0.2544945776462555
cnn,random_search,3,481,2024-05-24 15:40:00,0,0,0.2639879882335663
cnn,random_search,3,482,2024-05-24 15:45:00,0,0,0.30939432978630066
cnn,random_search,3,483,2024-05-24 15:45:00,0,0,0.32605817914009094
cnn,random_search,3,484,2024-05-24 15:50:00,0,0,0.3760899007320404
cnn,random_search,3,485,2024-05-24 15:50:00,0,0,0.2984165549278259
cnn,random_search,3,486,2024-05-24 15:55:00,0,0,0.3673587143421173
cnn,random_search,3,487,2024-05-24 15:55:00,0,0,0.3792082369327545
cnn,random_search,3,488,2024-05-24 16:00:00,0,0,0.37935981154441833
cnn,random_search,3,489,2024-05-24 16:00:00,1,0,0.35694199800491333
cnn,random_search,3,490,2024-05-24 16:05:00,1,0,0.2448849081993103
cnn,random_search,3,491,2024-05-24 16:05:00,0,0,0.3054609000682831
cnn,random_search,3,492,2024-05-24 16:10:00,0,0,0.4092911183834076
cnn,random_search,3,493,2024-05-24 16:10:00,1,0,0.3562413156032562
cnn,random_search,3,494,2024-05-24 16:15:00,1,0,0.42715272307395935
cnn,random_search,3,495,2024-05-24 16:15:00,0,0,0.43989890813827515
cnn,random_search,3,496,2024-05-24 16:20:00,0,0,0.4648852050304413
cnn,random_search,3,497,2024-05-24 16:20:00,1,0,0.4113308787345886
cnn,random_search,3,498,2024-05-24 16:25:00,0,1,0.5172536969184875
cnn,random_search,3,499,2024-05-24 16:25:00,1,1,0.5153127908706665
cnn,random_search,3,500,2024-05-24 16:30:00,0,1,0.5629543662071228
cnn,random_search,3,501,2024-05-24 16:30:00,1,1,0.6122641563415527
cnn,random_search,3,502,2024-05-24 16:35:00,1,1,0.6050367951393127
cnn,random_search,3,503,2024-05-24 16:35:00,0,1,0.58683180809021
cnn,random_search,3,504,2024-05-24 16:40:00,1,1,0.5703903436660767
cnn,random_search,3,505,2024-05-24 16:40:00,0,1,0.5713736414909363
cnn,random_search,3,506,2024-05-24 16:45:00,1,1,0.5605336427688599
cnn,random_search,3,507,2024-05-24 16:45:00,0,1,0.5463961362838745
cnn,random_search,3,508,2024-05-24 16:50:00,0,1,0.5320153832435608
cnn,random_search,3,509,2024-05-24 16:50:00,1,1,0.6861956715583801
cnn,random_search,3,510,2024-05-24 16:55:00,0,0,0.44479241967201233
cnn,random_search,3,511,2024-05-24 16:55:00,1,0,0.4467582106590271
cnn,random_search,3,512,2024-05-24 17:00:00,0,0,0.4042454957962036
cnn,random_search,3,513,2024-05-24 17:00:00,1,0,0.3668457865715027
cnn,random_search,3,514,2024-05-24 17:05:00,1,0,0.331291139125824
cnn,random_search,3,515,2024-05-24 17:05:00,0,0,0.379078209400177
cnn,random_search,3,516,2024-05-24 17:10:00,1,0,0.34208834171295166
cnn,random_search,3,517,2024-05-24 17:10:00,0,0,0.374360591173172
cnn,random_search,3,518,2024-05-24 17:15:00,1,0,0.24143297970294952
cnn,random_search,3,519,2024-05-24 17:15:00,0,0,0.3313962519168854
cnn,random_search,3,520,2024-05-24 17:20:00,0,0,0.3908991515636444
cnn,random_search,3,521,2024-05-24 17:20:00,1,0,0.364683598279953
cnn,random_search,3,522,2024-05-24 17:25:00,1,0,0.4379308223724365
cnn,random_search,3,523,2024-05-24 17:25:00,0,0,0.4582226574420929
cnn,random_search,3,524,2024-05-24 17:30:00,0,1,0.5104001760482788
cnn,random_search,3,525,2024-05-24 17:30:00,1,0,0.4993181526660919
cnn,random_search,3,526,2024-05-24 17:35:00,0,1,0.5166322588920593
cnn,random_search,3,527,2024-05-24 17:35:00,1,1,0.6032737493515015
cnn,random_search,3,528,2024-05-24 17:40:00,0,1,0.5044634342193604
cnn,random_search,3,529,2024-05-24 17:40:00,1,1,0.5157334804534912
cnn,random_search,3,530,2024-05-24 17:45:00,0,0,0.4913199543952942
cnn,random_search,3,531,2024-05-24 17:45:00,1,0,0.4820261597633362
cnn,random_search,3,532,2024-05-24 17:50:00,1,0,0.45111796259880066
cnn,random_search,3,533,2024-05-24 17:50:00,0,1,0.5053972601890564
cnn,random_search,3,534,2024-05-24 17:55:00,0,0,0.4259761571884155
cnn,random_search,3,535,2024-05-24 17:55:00,0,0,0.4102088212966919
cnn,random_search,3,536,2024-05-27 10:40:00,0,0,0.3680953085422516
cnn,random_search,3,537,2024-05-27 10:45:00,0,1,0.5566012263298035
cnn,random_search,3,538,2024-05-27 10:50:00,0,0,0.4746655225753784
cnn,random_search,3,539,2024-05-27 10:55:00,0,0,0.37751126289367676
cnn,random_search,3,540,2024-05-27 11:00:00,0,0,0.44106361269950867
cnn,random_search,3,541,2024-05-27 11:05:00,0,0,0.3741074204444885
cnn,random_search,3,542,2024-05-27 11:10:00,0,0,0.345976322889328
cnn,random_search,3,543,2024-05-27 11:15:00,0,0,0.3413674533367157
cnn,random_search,3,544,2024-05-27 11:20:00,0,0,0.45135363936424255
cnn,random_search,3,545,2024-05-27 11:25:00,0,0,0.4414237141609192
cnn,random_search,3,546,2024-05-27 11:30:00,1,0,0.38728588819503784
cnn,random_search,3,547,2024-05-27 11:30:00,1,0,0.4030245840549469
cnn,random_search,3,548,2024-05-27 11:35:00,1,0,0.3828200101852417
cnn,random_search,3,549,2024-05-27 11:35:00,1,0,0.35364624857902527
cnn,random_search,3,550,2024-05-27 11:40:00,1,0,0.49001821875572205
cnn,random_search,3,551,2024-05-27 11:40:00,1,0,0.48261013627052307
cnn,random_search,3,552,2024-05-27 11:45:00,1,1,0.5110872983932495
cnn,random_search,3,553,2024-05-27 11:45:00,1,1,0.5210522413253784
cnn,random_search,3,554,2024-05-27 11:50:00,1,1,0.5002512335777283
cnn,random_search,3,555,2024-05-27 11:50:00,1,0,0.49116596579551697
cnn,random_search,3,556,2024-05-27 11:55:00,1,1,0.5486152768135071
cnn,random_search,3,557,2024-05-27 11:55:00,1,1,0.5447015762329102
cnn,random_search,3,558,2024-05-27 12:00:00,1,0,0.4962003231048584
cnn,random_search,3,559,2024-05-27 12:00:00,1,1,0.5172522664070129
cnn,random_search,3,560,2024-05-27 12:05:00,1,1,0.5783056616783142
cnn,random_search,3,561,2024-05-27 12:05:00,1,1,0.5656108856201172
cnn,random_search,3,562,2024-05-27 12:10:00,1,1,0.6040374636650085
cnn,random_search,3,563,2024-05-27 12:10:00,1,1,0.5933966040611267
cnn,random_search,3,564,2024-05-27 12:15:00,1,1,0.6080496311187744
cnn,random_search,3,565,2024-05-27 12:15:00,1,1,0.5802384614944458
cnn,random_search,3,566,2024-05-27 12:20:00,1,1,0.6315900087356567
cnn,random_search,3,567,2024-05-27 12:20:00,1,1,0.5945334434509277
cnn,random_search,3,568,2024-05-27 12:25:00,1,1,0.5786470174789429
cnn,random_search,3,569,2024-05-27 12:30:00,1,1,0.6597841382026672
cnn,random_search,3,570,2024-05-27 12:30:00,1,1,0.5901407599449158
cnn,random_search,3,571,2024-05-27 12:35:00,1,1,0.5801759362220764
cnn,random_search,3,572,2024-05-27 12:35:00,1,1,0.5731232166290283
cnn,random_search,3,573,2024-05-27 12:40:00,1,1,0.5873422622680664
cnn,random_search,3,574,2024-05-27 12:40:00,1,1,0.5964536070823669
cnn,random_search,3,575,2024-05-27 12:45:00,1,1,0.5527011752128601
cnn,random_search,3,576,2024-05-27 12:45:00,1,1,0.5443791747093201
cnn,random_search,3,577,2024-05-27 12:50:00,1,0,0.49284324049949646
cnn,random_search,3,578,2024-05-27 12:50:00,1,0,0.41608312726020813
cnn,random_search,3,579,2024-05-27 12:55:00,1,1,0.5362651944160461
cnn,random_search,3,580,2024-05-27 12:55:00,1,1,0.5345832705497742
cnn,random_search,3,581,2024-05-27 13:00:00,1,1,0.5243725776672363
cnn,random_search,3,582,2024-05-27 13:05:00,1,0,0.4637235999107361
cnn,random_search,3,583,2024-05-27 13:05:00,1,0,0.46868959069252014
cnn,random_search,3,584,2024-05-27 13:10:00,1,0,0.46359699964523315
cnn,random_search,3,585,2024-05-27 13:10:00,1,0,0.48037776350975037
cnn,random_search,3,586,2024-05-27 13:15:00,1,1,0.5476516485214233
cnn,random_search,3,587,2024-05-27 13:15:00,1,1,0.53216952085495
cnn,random_search,3,588,2024-05-27 13:20:00,1,1,0.5173928141593933
cnn,random_search,3,589,2024-05-27 13:20:00,1,1,0.5211318731307983
cnn,random_search,3,590,2024-05-27 13:25:00,1,1,0.5357699990272522
cnn,random_search,3,591,2024-05-27 13:25:00,1,1,0.5441147089004517
cnn,random_search,3,592,2024-05-27 13:30:00,1,1,0.542133629322052
cnn,random_search,3,593,2024-05-27 13:35:00,1,1,0.5468155145645142
cnn,random_search,3,594,2024-05-27 13:40:00,1,1,0.5826754570007324
cnn,random_search,3,595,2024-05-27 13:40:00,1,1,0.5654370188713074
cnn,random_search,3,596,2024-05-27 13:45:00,1,1,0.599096953868866
cnn,random_search,3,597,2024-05-27 13:45:00,1,1,0.5767560601234436
cnn,random_search,3,598,2024-05-27 13:50:00,1,1,0.5474427342414856
cnn,random_search,3,599,2024-05-27 13:50:00,1,1,0.5489774346351624
cnn,random_search,3,600,2024-05-27 13:55:00,1,1,0.5355251431465149
cnn,random_search,3,601,2024-05-27 13:55:00,1,1,0.5482732057571411
cnn,random_search,3,602,2024-05-27 14:00:00,1,1,0.5704245567321777
cnn,random_search,3,603,2024-05-27 14:00:00,1,1,0.5757936239242554
cnn,random_search,3,604,2024-05-27 14:05:00,1,1,0.655942440032959
cnn,random_search,3,605,2024-05-27 14:05:00,0,1,0.6124966740608215
cnn,random_search,3,606,2024-05-27 14:10:00,0,1,0.5791094899177551
cnn,random_search,3,607,2024-05-27 14:10:00,0,1,0.6640543937683105
cnn,random_search,3,608,2024-05-27 14:15:00,0,1,0.5016394853591919
cnn,random_search,3,609,2024-05-27 14:15:00,0,1,0.5178165435791016
cnn,random_search,3,610,2024-05-27 14:20:00,0,0,0.42390167713165283
cnn,random_search,3,611,2024-05-27 14:20:00,0,0,0.42670729756355286
cnn,random_search,3,612,2024-05-27 14:25:00,0,0,0.3544537127017975
cnn,random_search,3,613,2024-05-27 14:25:00,0,0,0.37663671374320984
cnn,random_search,3,614,2024-05-27 14:30:00,0,0,0.3419542908668518
cnn,random_search,3,615,2024-05-27 14:30:00,1,0,0.3695855438709259
cnn,random_search,3,616,2024-05-27 14:35:00,0,0,0.22203907370567322
cnn,random_search,3,617,2024-05-27 14:35:00,1,0,0.3190893530845642
cnn,random_search,3,618,2024-05-27 14:40:00,1,0,0.394879549741745
cnn,random_search,3,619,2024-05-27 14:40:00,0,0,0.29835811257362366
cnn,random_search,3,620,2024-05-27 14:45:00,0,0,0.49324047565460205
cnn,random_search,3,621,2024-05-27 14:45:00,1,0,0.4948190450668335
cnn,random_search,3,622,2024-05-27 14:50:00,0,0,0.46815598011016846
cnn,random_search,3,623,2024-05-27 14:50:00,1,0,0.46735984086990356
cnn,random_search,3,624,2024-05-27 14:55:00,0,0,0.4501027464866638
cnn,random_search,3,625,2024-05-27 14:55:00,1,0,0.4658410847187042
cnn,random_search,3,626,2024-05-27 15:00:00,1,1,0.5036602020263672
cnn,random_search,3,627,2024-05-27 15:00:00,0,1,0.5228909850120544
cnn,random_search,3,628,2024-05-27 15:05:00,0,1,0.5279738306999207
cnn,random_search,3,629,2024-05-27 15:05:00,1,0,0.4872034192085266
cnn,random_search,3,630,2024-05-27 15:10:00,1,0,0.45925411581993103
cnn,random_search,3,631,2024-05-27 15:10:00,1,0,0.4816659688949585
cnn,random_search,3,632,2024-05-27 15:15:00,1,1,0.5074843168258667
cnn,random_search,3,633,2024-05-27 15:15:00,1,1,0.5155163407325745
cnn,random_search,3,634,2024-05-27 15:20:00,1,1,0.5549920201301575
cnn,random_search,3,635,2024-05-27 15:20:00,1,1,0.559411346912384
cnn,random_search,3,636,2024-05-27 15:25:00,1,1,0.6114206314086914
cnn,random_search,3,637,2024-05-27 15:25:00,1,1,0.7547045946121216
cnn,random_search,3,638,2024-05-27 15:30:00,1,1,0.5725441575050354
cnn,random_search,3,639,2024-05-27 15:30:00,1,1,0.6142463684082031
cnn,random_search,3,640,2024-05-27 15:35:00,1,1,0.5272279381752014
cnn,random_search,3,641,2024-05-27 15:35:00,1,1,0.5457350015640259
cnn,random_search,3,642,2024-05-27 15:40:00,1,1,0.5026386380195618
cnn,random_search,3,643,2024-05-27 15:40:00,1,0,0.4756820797920227
cnn,random_search,3,644,2024-05-27 15:45:00,1,0,0.4560260474681854
cnn,random_search,3,645,2024-05-27 15:45:00,1,0,0.42345577478408813
cnn,random_search,3,646,2024-05-27 15:50:00,1,0,0.4502100944519043
cnn,random_search,3,647,2024-05-27 15:50:00,1,0,0.3301405906677246
cnn,random_search,3,648,2024-05-27 15:55:00,1,0,0.4513443112373352
cnn,random_search,3,649,2024-05-27 15:55:00,1,0,0.40838757157325745
cnn,random_search,3,650,2024-05-27 16:00:00,1,1,0.557263970375061
cnn,random_search,3,651,2024-05-27 16:00:00,1,1,0.6140270829200745
cnn,random_search,3,652,2024-05-27 16:05:00,1,1,0.6134660840034485
cnn,random_search,3,653,2024-05-27 16:05:00,1,1,0.6315003633499146
cnn,random_search,3,654,2024-05-27 16:10:00,1,1,0.5867257118225098
cnn,random_search,3,655,2024-05-27 16:10:00,1,1,0.6253318786621094
cnn,random_search,3,656,2024-05-27 16:15:00,1,1,0.6298050880432129
cnn,random_search,3,657,2024-05-27 16:15:00,1,1,0.5763255953788757
cnn,random_search,3,658,2024-05-27 16:20:00,1,1,0.5843483209609985
cnn,random_search,3,659,2024-05-27 16:20:00,0,1,0.6542974710464478
cnn,random_search,3,660,2024-05-27 16:25:00,1,1,0.5538817048072815
cnn,random_search,3,661,2024-05-27 16:25:00,0,1,0.5733197331428528
cnn,random_search,3,662,2024-05-27 16:30:00,0,1,0.5467062592506409
cnn,random_search,3,663,2024-05-27 16:30:00,1,1,0.5568435192108154
cnn,random_search,3,664,2024-05-27 16:35:00,0,1,0.5653917193412781
cnn,random_search,3,665,2024-05-27 16:35:00,1,1,0.5518394708633423
cnn,random_search,3,666,2024-05-27 16:40:00,0,1,0.5032811760902405
cnn,random_search,3,667,2024-05-27 16:40:00,1,1,0.5178218483924866
cnn,random_search,3,668,2024-05-27 16:45:00,1,1,0.5171814560890198
cnn,random_search,3,669,2024-05-27 16:45:00,0,1,0.5601075887680054
cnn,random_search,3,670,2024-05-27 16:50:00,1,1,0.5405113101005554
cnn,random_search,3,671,2024-05-27 16:50:00,0,1,0.5766016840934753
cnn,random_search,3,672,2024-05-27 16:55:00,0,1,0.5434781312942505
cnn,random_search,3,673,2024-05-27 16:55:00,1,1,0.5441454648971558
cnn,random_search,3,674,2024-05-27 17:00:00,0,1,0.5872780680656433
cnn,random_search,3,675,2024-05-27 17:00:00,1,1,0.5419592261314392
cnn,random_search,3,676,2024-05-27 17:05:00,0,0,0.48606157302856445
cnn,random_search,3,677,2024-05-27 17:05:00,1,1,0.5001879930496216
cnn,random_search,3,678,2024-05-27 17:10:00,1,0,0.4558050036430359
cnn,random_search,3,679,2024-05-27 17:10:00,0,0,0.37168875336647034
cnn,random_search,3,680,2024-05-27 17:15:00,1,1,0.5059199333190918
cnn,random_search,3,681,2024-05-27 17:15:00,1,0,0.45380857586860657
cnn,random_search,3,682,2024-05-27 17:20:00,1,0,0.4871922731399536
cnn,random_search,3,683,2024-05-27 17:20:00,1,0,0.4868062436580658
cnn,random_search,3,684,2024-05-27 17:25:00,1,1,0.521152913570404
cnn,random_search,3,685,2024-05-27 17:25:00,1,0,0.48246580362319946
cnn,random_search,3,686,2024-05-27 17:30:00,1,1,0.5330667495727539
cnn,random_search,3,687,2024-05-27 17:30:00,1,1,0.5623733401298523
cnn,random_search,3,688,2024-05-27 17:35:00,1,1,0.5309945344924927
cnn,random_search,3,689,2024-05-27 17:35:00,1,1,0.5351359844207764
cnn,random_search,3,690,2024-05-27 17:40:00,1,1,0.5578524470329285
cnn,random_search,3,691,2024-05-27 17:40:00,1,1,0.6740984916687012
cnn,random_search,3,692,2024-05-27 17:45:00,1,1,0.5551903247833252
cnn,random_search,3,693,2024-05-27 17:45:00,1,1,0.57135009765625
cnn,random_search,3,694,2024-05-27 17:50:00,1,1,0.5549773573875427
cnn,random_search,3,695,2024-05-27 17:50:00,1,1,0.5486728549003601
cnn,random_search,3,696,2024-05-27 17:55:00,1,0,0.49801409244537354
cnn,random_search,3,697,2024-05-27 17:55:00,0,0,0.4909909665584564
cnn,random_search,3,698,2024-05-28 10:40:00,0,0,0.2424556016921997
cnn,random_search,3,699,2024-05-28 10:45:00,0,0,0.2836359441280365
cnn,random_search,3,700,2024-05-28 10:50:00,0,0,0.28769031167030334
cnn,random_search,3,701,2024-05-28 10:55:00,0,0,0.2741750180721283
cnn,random_search,3,702,2024-05-28 11:00:00,0,0,0.2975465655326843
cnn,random_search,3,703,2024-05-28 11:05:00,0,0,0.3712098002433777
cnn,random_search,3,704,2024-05-28 11:10:00,0,0,0.37335801124572754
cnn,random_search,3,705,2024-05-28 11:15:00,0,0,0.3638656437397003
cnn,random_search,3,706,2024-05-28 11:20:00,0,0,0.4046500325202942
cnn,random_search,3,707,2024-05-28 11:25:00,0,0,0.4080759286880493
cnn,random_search,3,708,2024-05-28 11:30:00,0,0,0.3751351833343506
cnn,random_search,3,709,2024-05-28 11:35:00,1,0,0.33310624957084656
cnn,random_search,3,710,2024-05-28 11:40:00,1,0,0.4097071588039398
cnn,random_search,3,711,2024-05-28 11:45:00,1,0,0.4884747564792633
cnn,random_search,3,712,2024-05-28 11:50:00,1,1,0.5158262848854065
cnn,random_search,3,713,2024-05-28 11:55:00,1,0,0.45710739493370056
cnn,random_search,3,714,2024-05-28 12:00:00,1,0,0.43193474411964417
cnn,random_search,3,715,2024-05-28 12:05:00,1,0,0.4212222695350647
cnn,random_search,3,716,2024-05-28 12:10:00,1,0,0.4882740080356598
cnn,random_search,3,717,2024-05-28 12:15:00,1,1,0.5079658031463623
cnn,random_search,3,718,2024-05-28 12:20:00,1,1,0.585999071598053
cnn,random_search,3,719,2024-05-28 12:25:00,1,1,0.605797290802002
cnn,random_search,3,720,2024-05-28 12:30:00,1,1,0.5701764225959778
cnn,random_search,3,721,2024-05-28 12:35:00,1,1,0.5691249966621399
cnn,random_search,3,722,2024-05-28 12:40:00,1,1,0.5602041482925415
cnn,random_search,3,723,2024-05-28 12:45:00,1,1,0.5690062642097473
cnn,random_search,3,724,2024-05-28 12:50:00,1,1,0.5770896077156067
cnn,random_search,3,725,2024-05-28 12:55:00,1,1,0.5883185863494873
cnn,random_search,3,726,2024-05-28 13:00:00,0,1,0.6166362762451172
cnn,random_search,3,727,2024-05-28 13:00:00,0,1,0.5960211753845215
cnn,random_search,3,728,2024-05-28 13:05:00,0,1,0.5370246171951294
cnn,random_search,3,729,2024-05-28 13:05:00,0,1,0.5434384942054749
cnn,random_search,3,730,2024-05-28 13:10:00,0,1,0.5009522438049316
cnn,random_search,3,731,2024-05-28 13:10:00,0,1,0.508724570274353
cnn,random_search,3,732,2024-05-28 13:15:00,0,0,0.39626389741897583
cnn,random_search,3,733,2024-05-28 13:15:00,0,0,0.40769970417022705
cnn,random_search,3,734,2024-05-28 13:20:00,0,0,0.31672853231430054
cnn,random_search,3,735,2024-05-28 13:20:00,0,0,0.29204273223876953
cnn,random_search,3,736,2024-05-28 13:25:00,0,0,0.3385434150695801
cnn,random_search,3,737,2024-05-28 13:25:00,0,0,0.2835650146007538
cnn,random_search,3,738,2024-05-28 13:30:00,0,0,0.38713395595550537
cnn,random_search,3,739,2024-05-28 13:30:00,0,0,0.3354332745075226
cnn,random_search,3,740,2024-05-28 13:35:00,0,0,0.4082244634628296
cnn,random_search,3,741,2024-05-28 13:35:00,0,0,0.38023996353149414
cnn,random_search,3,742,2024-05-28 13:40:00,0,0,0.33239585161209106
cnn,random_search,3,743,2024-05-28 13:40:00,0,0,0.41454294323921204
cnn,random_search,3,744,2024-05-28 13:45:00,0,0,0.41068771481513977
cnn,random_search,3,745,2024-05-28 13:45:00,0,0,0.3936209976673126
cnn,random_search,3,746,2024-05-28 13:50:00,0,0,0.34170594811439514
cnn,random_search,3,747,2024-05-28 13:50:00,0,0,0.34229418635368347
cnn,random_search,3,748,2024-05-28 13:55:00,0,0,0.2811829447746277
cnn,random_search,3,749,2024-05-28 13:55:00,0,0,0.27923282980918884
cnn,random_search,3,750,2024-05-28 14:00:00,0,0,0.27391690015792847
cnn,random_search,3,751,2024-05-28 14:00:00,0,0,0.2750137746334076
cnn,random_search,3,752,2024-05-28 14:05:00,0,0,0.2915816903114319
cnn,random_search,3,753,2024-05-28 14:05:00,0,0,0.28715580701828003
cnn,random_search,3,754,2024-05-28 14:10:00,0,0,0.30838513374328613
cnn,random_search,3,755,2024-05-28 14:10:00,0,0,0.3101082742214203
cnn,random_search,3,756,2024-05-28 14:15:00,0,0,0.32837286591529846
cnn,random_search,3,757,2024-05-28 14:15:00,0,0,0.3401390314102173
cnn,random_search,3,758,2024-05-28 14:20:00,0,0,0.40254804491996765
cnn,random_search,3,759,2024-05-28 14:20:00,0,0,0.40489256381988525
cnn,random_search,3,760,2024-05-28 14:25:00,0,0,0.4887206256389618
cnn,random_search,3,761,2024-05-28 14:25:00,0,0,0.4828650653362274
cnn,random_search,3,762,2024-05-28 14:30:00,0,0,0.49890467524528503
cnn,random_search,3,763,2024-05-28 14:30:00,0,0,0.4962846338748932
cnn,random_search,3,764,2024-05-28 14:35:00,0,0,0.49780088663101196
cnn,random_search,3,765,2024-05-28 14:35:00,0,0,0.4907737970352173
cnn,random_search,3,766,2024-05-28 14:40:00,0,0,0.43857136368751526
cnn,random_search,3,767,2024-05-28 14:40:00,0,0,0.43553969264030457
cnn,random_search,3,768,2024-05-28 14:45:00,0,0,0.3540847599506378
cnn,random_search,3,769,2024-05-28 14:45:00,0,0,0.3604575991630554
cnn,random_search,3,770,2024-05-28 14:50:00,0,0,0.31694915890693665
cnn,random_search,3,771,2024-05-28 14:50:00,0,0,0.3196122944355011
cnn,random_search,3,772,2024-05-28 14:55:00,0,0,0.2468552589416504
cnn,random_search,3,773,2024-05-28 14:55:00,0,0,0.26377302408218384
cnn,random_search,3,774,2024-05-28 15:00:00,0,0,0.28249070048332214
cnn,random_search,3,775,2024-05-28 15:00:00,0,0,0.29177340865135193
cnn,random_search,3,776,2024-05-28 15:05:00,0,0,0.3685374855995178
cnn,random_search,3,777,2024-05-28 15:05:00,0,0,0.3787057399749756
cnn,random_search,3,778,2024-05-28 15:10:00,0,0,0.40205463767051697
cnn,random_search,3,779,2024-05-28 15:10:00,0,0,0.40178897976875305
cnn,random_search,3,780,2024-05-28 15:15:00,0,0,0.36145374178886414
cnn,random_search,3,781,2024-05-28 15:15:00,0,0,0.36153075098991394
cnn,random_search,3,782,2024-05-28 15:20:00,0,0,0.3158124089241028
cnn,random_search,3,783,2024-05-28 15:20:00,0,0,0.3261588513851166
cnn,random_search,3,784,2024-05-28 15:25:00,0,0,0.3544112741947174
cnn,random_search,3,785,2024-05-28 15:25:00,0,0,0.36354538798332214
cnn,random_search,3,786,2024-05-28 15:30:00,0,0,0.3217780590057373
cnn,random_search,3,787,2024-05-28 15:30:00,0,0,0.3097074031829834
cnn,random_search,3,788,2024-05-28 15:35:00,0,0,0.31068357825279236
cnn,random_search,3,789,2024-05-28 15:35:00,0,0,0.30942168831825256
cnn,random_search,3,790,2024-05-28 15:40:00,0,0,0.2749558389186859
cnn,random_search,3,791,2024-05-28 15:40:00,0,0,0.30445224046707153
cnn,random_search,3,792,2024-05-28 15:45:00,0,0,0.31748515367507935
cnn,random_search,3,793,2024-05-28 15:45:00,0,0,0.26021233201026917
cnn,random_search,3,794,2024-05-28 15:50:00,0,0,0.37172216176986694
cnn,random_search,3,795,2024-05-28 15:50:00,0,0,0.35443615913391113
cnn,random_search,3,796,2024-05-28 15:55:00,0,0,0.4721575677394867
cnn,random_search,3,797,2024-05-28 15:55:00,0,0,0.45624518394470215
cnn,random_search,3,798,2024-05-28 16:00:00,0,0,0.44179847836494446
cnn,random_search,3,799,2024-05-28 16:00:00,0,0,0.45548108220100403
cnn,random_search,3,800,2024-05-28 16:05:00,0,0,0.42519432306289673
cnn,random_search,3,801,2024-05-28 16:05:00,0,0,0.3895076513290405
cnn,random_search,3,802,2024-05-28 16:10:00,1,0,0.3922604024410248
cnn,random_search,3,803,2024-05-28 16:10:00,1,0,0.38564929366111755
cnn,random_search,3,804,2024-05-28 16:15:00,1,0,0.39263495802879333
cnn,random_search,3,805,2024-05-28 16:15:00,1,0,0.36940082907676697
cnn,random_search,3,806,2024-05-28 16:20:00,1,0,0.42483535408973694
cnn,random_search,3,807,2024-05-28 16:20:00,1,0,0.4000644385814667
cnn,random_search,3,808,2024-05-28 16:25:00,1,0,0.47925224900245667
cnn,random_search,3,809,2024-05-28 16:25:00,1,0,0.4599623680114746
cnn,random_search,3,810,2024-05-28 16:30:00,1,1,0.5113106966018677
cnn,random_search,3,811,2024-05-28 16:30:00,1,1,0.5139400959014893
cnn,random_search,3,812,2024-05-28 16:35:00,1,1,0.5610156059265137
cnn,random_search,3,813,2024-05-28 16:35:00,1,1,0.5543687343597412
cnn,random_search,3,814,2024-05-28 16:40:00,1,0,0.4937916696071625
cnn,random_search,3,815,2024-05-28 16:40:00,1,1,0.5083637833595276
cnn,random_search,3,816,2024-05-28 16:45:00,1,1,0.5607123374938965
cnn,random_search,3,817,2024-05-28 16:45:00,1,1,0.5530219674110413
cnn,random_search,3,818,2024-05-28 16:50:00,1,1,0.5969306826591492
cnn,random_search,3,819,2024-05-28 16:50:00,0,1,0.6269617676734924
cnn,random_search,3,820,2024-05-28 16:55:00,0,1,0.6177111268043518
cnn,random_search,3,821,2024-05-28 16:55:00,0,1,0.6072565317153931
cnn,random_search,3,822,2024-05-28 17:00:00,0,1,0.5826010704040527
cnn,random_search,3,823,2024-05-28 17:00:00,0,1,0.5862210988998413
cnn,random_search,3,824,2024-05-28 17:05:00,0,1,0.5218146443367004
cnn,random_search,3,825,2024-05-28 17:05:00,0,1,0.5101504921913147
cnn,random_search,3,826,2024-05-28 17:10:00,0,0,0.4529006779193878
cnn,random_search,3,827,2024-05-28 17:10:00,0,0,0.44251513481140137
cnn,random_search,3,828,2024-05-28 17:15:00,0,0,0.48660826683044434
cnn,random_search,3,829,2024-05-28 17:15:00,0,0,0.4673314094543457
cnn,random_search,3,830,2024-05-28 17:20:00,0,0,0.4105970561504364
cnn,random_search,3,831,2024-05-28 17:20:00,0,0,0.46687260270118713
cnn,random_search,3,832,2024-05-28 17:25:00,0,0,0.42814698815345764
cnn,random_search,3,833,2024-05-28 17:25:00,0,0,0.39840996265411377
cnn,random_search,3,834,2024-05-28 17:30:00,0,0,0.4039677679538727
cnn,random_search,3,835,2024-05-28 17:30:00,0,0,0.3454195261001587
cnn,random_search,3,836,2024-05-28 17:35:00,0,0,0.40011677145957947
cnn,random_search,3,837,2024-05-28 17:35:00,0,0,0.39476707577705383
cnn,random_search,3,838,2024-05-28 17:40:00,0,0,0.2985927164554596
cnn,random_search,3,839,2024-05-28 17:40:00,0,0,0.25220581889152527
cnn,random_search,3,840,2024-05-28 17:45:00,0,0,0.42170193791389465
cnn,random_search,3,841,2024-05-28 17:45:00,0,0,0.40303438901901245
cnn,random_search,3,842,2024-05-28 17:50:00,0,0,0.40631306171417236
cnn,random_search,3,843,2024-05-28 17:50:00,0,0,0.3591834306716919
cnn,random_search,3,844,2024-05-28 17:55:00,1,0,0.33726075291633606
cnn,random_search,3,845,2024-05-28 17:55:00,1,0,0.3907910883426666
cnn,random_search,3,846,2024-05-29 10:40:00,1,0,0.3926655948162079
cnn,random_search,3,847,2024-05-29 10:40:00,1,0,0.40736523270606995
cnn,random_search,3,848,2024-05-29 10:45:00,1,0,0.48066291213035583
cnn,random_search,3,849,2024-05-29 10:45:00,1,0,0.48482680320739746
cnn,random_search,3,850,2024-05-29 10:50:00,1,1,0.5245729088783264
cnn,random_search,3,851,2024-05-29 10:50:00,1,1,0.5241197347640991
cnn,random_search,3,852,2024-05-29 10:55:00,1,1,0.592330813407898
cnn,random_search,3,853,2024-05-29 10:55:00,1,1,0.5918764472007751
cnn,random_search,3,854,2024-05-29 11:00:00,1,1,0.6270840167999268
cnn,random_search,3,855,2024-05-29 11:00:00,1,1,0.6326162815093994
cnn,random_search,3,856,2024-05-29 11:05:00,1,1,0.668799102306366
cnn,random_search,3,857,2024-05-29 11:05:00,1,1,0.6640092134475708
cnn,random_search,3,858,2024-05-29 11:10:00,1,1,0.6584954857826233
cnn,random_search,3,859,2024-05-29 11:10:00,1,1,0.6450762748718262
cnn,random_search,3,860,2024-05-29 11:15:00,1,1,0.6111745834350586
cnn,random_search,3,861,2024-05-29 11:15:00,1,1,0.6044951677322388
cnn,random_search,3,862,2024-05-29 11:20:00,1,1,0.5683698058128357
cnn,random_search,3,863,2024-05-29 11:20:00,1,1,0.5624445676803589
cnn,random_search,3,864,2024-05-29 11:25:00,1,1,0.6019279956817627
cnn,random_search,3,865,2024-05-29 11:25:00,1,1,0.6181610226631165
cnn,random_search,3,866,2024-05-29 11:30:00,1,1,0.5663086175918579
cnn,random_search,3,867,2024-05-29 11:30:00,1,1,0.5752102732658386
cnn,random_search,3,868,2024-05-29 11:35:00,1,1,0.6059010624885559
cnn,random_search,3,869,2024-05-29 11:35:00,1,1,0.5913859009742737
cnn,random_search,3,870,2024-05-29 11:40:00,1,1,0.5810375213623047
cnn,random_search,3,871,2024-05-29 11:40:00,1,1,0.5861017107963562
cnn,random_search,3,872,2024-05-29 11:45:00,0,1,0.6249285340309143
cnn,random_search,3,873,2024-05-29 11:45:00,0,1,0.6161702275276184
cnn,random_search,3,874,2024-05-29 11:50:00,0,1,0.6178936958312988
cnn,random_search,3,875,2024-05-29 11:50:00,0,1,0.6265857815742493
cnn,random_search,3,876,2024-05-29 11:55:00,0,1,0.5892353057861328
cnn,random_search,3,877,2024-05-29 11:55:00,0,1,0.5779815316200256
cnn,random_search,3,878,2024-05-29 12:00:00,0,1,0.6079566478729248
cnn,random_search,3,879,2024-05-29 12:00:00,0,1,0.5916947722434998
cnn,random_search,3,880,2024-05-29 12:05:00,0,1,0.5625101327896118
cnn,random_search,3,881,2024-05-29 12:05:00,0,1,0.5506820678710938
cnn,random_search,3,882,2024-05-29 12:10:00,0,0,0.41390272974967957
cnn,random_search,3,883,2024-05-29 12:10:00,0,0,0.42560455203056335
cnn,random_search,3,884,2024-05-29 12:15:00,0,0,0.36596375703811646
cnn,random_search,3,885,2024-05-29 12:15:00,1,0,0.3755466341972351
cnn,random_search,3,886,2024-05-29 12:20:00,0,0,0.41502276062965393
cnn,random_search,3,887,2024-05-29 12:20:00,1,0,0.41191259026527405
cnn,random_search,3,888,2024-05-29 12:25:00,0,0,0.4272884130477905
cnn,random_search,3,889,2024-05-29 12:25:00,1,0,0.42880427837371826
cnn,random_search,3,890,2024-05-29 12:30:00,0,0,0.40059253573417664
cnn,random_search,3,891,2024-05-29 12:30:00,1,0,0.3753558099269867
cnn,random_search,3,892,2024-05-29 12:35:00,1,1,0.5037949681282043
cnn,random_search,3,893,2024-05-29 12:35:00,0,0,0.49984925985336304
cnn,random_search,3,894,2024-05-29 12:40:00,1,1,0.5596386790275574
cnn,random_search,3,895,2024-05-29 12:40:00,0,1,0.56235671043396
cnn,random_search,3,896,2024-05-29 12:45:00,0,1,0.6217954158782959
cnn,random_search,3,897,2024-05-29 12:45:00,1,1,0.6478469371795654
cnn,random_search,3,898,2024-05-29 12:50:00,1,1,0.613969087600708
cnn,random_search,3,899,2024-05-29 12:50:00,0,1,0.6259770393371582
cnn,random_search,3,900,2024-05-29 12:55:00,1,1,0.5816172957420349
cnn,random_search,3,901,2024-05-29 12:55:00,0,1,0.5917233228683472
cnn,random_search,3,902,2024-05-29 13:00:00,0,1,0.5451883673667908
cnn,random_search,3,903,2024-05-29 13:00:00,1,1,0.5253551006317139
cnn,random_search,3,904,2024-05-29 13:05:00,1,0,0.47655802965164185
cnn,random_search,3,905,2024-05-29 13:05:00,0,1,0.5049946904182434
cnn,random_search,3,906,2024-05-29 13:10:00,0,0,0.4734686017036438
cnn,random_search,3,907,2024-05-29 13:10:00,1,0,0.44980567693710327
cnn,random_search,3,908,2024-05-29 13:15:00,1,0,0.4932716488838196
cnn,random_search,3,909,2024-05-29 13:15:00,0,0,0.4945961534976959
cnn,random_search,3,910,2024-05-29 13:20:00,1,1,0.5115681290626526
cnn,random_search,3,911,2024-05-29 13:20:00,0,0,0.49165523052215576
cnn,random_search,3,912,2024-05-29 13:25:00,1,1,0.5406137704849243
cnn,random_search,3,913,2024-05-29 13:25:00,0,1,0.5009475946426392
cnn,random_search,3,914,2024-05-29 13:30:00,1,1,0.5463134050369263
cnn,random_search,3,915,2024-05-29 13:30:00,0,1,0.539680540561676
cnn,random_search,3,916,2024-05-29 13:35:00,0,1,0.568874180316925
cnn,random_search,3,917,2024-05-29 13:35:00,0,1,0.6360710859298706
cnn,random_search,3,918,2024-05-29 13:40:00,0,0,0.4900307357311249
cnn,random_search,3,919,2024-05-29 13:40:00,0,1,0.5016354322433472
cnn,random_search,3,920,2024-05-29 13:45:00,0,0,0.43279722332954407
cnn,random_search,3,921,2024-05-29 13:45:00,0,0,0.4800912141799927
cnn,random_search,3,922,2024-05-29 13:50:00,0,1,0.5037151575088501
cnn,random_search,3,923,2024-05-29 13:50:00,0,1,0.5087391138076782
cnn,random_search,3,924,2024-05-29 13:55:00,0,0,0.4892956018447876
cnn,random_search,3,925,2024-05-29 13:55:00,0,0,0.49269676208496094
cnn,random_search,3,926,2024-05-29 14:00:00,0,0,0.44110339879989624
cnn,random_search,3,927,2024-05-29 14:00:00,0,0,0.4450654685497284
cnn,random_search,3,928,2024-05-29 14:05:00,0,0,0.41618621349334717
cnn,random_search,3,929,2024-05-29 14:05:00,0,0,0.39120620489120483
cnn,random_search,3,930,2024-05-29 14:10:00,0,0,0.4010888338088989
cnn,random_search,3,931,2024-05-29 14:10:00,0,0,0.3906388580799103
cnn,random_search,3,932,2024-05-29 14:15:00,0,0,0.37218165397644043
cnn,random_search,3,933,2024-05-29 14:15:00,0,0,0.35095083713531494
cnn,random_search,3,934,2024-05-29 14:20:00,0,0,0.29722633957862854
cnn,random_search,3,935,2024-05-29 14:20:00,0,0,0.2667464315891266
cnn,random_search,3,936,2024-05-29 14:25:00,0,0,0.33099648356437683
cnn,random_search,3,937,2024-05-29 14:25:00,0,0,0.3305095434188843
cnn,random_search,3,938,2024-05-29 14:30:00,0,0,0.25599539279937744
cnn,random_search,3,939,2024-05-29 14:30:00,0,0,0.24791720509529114
cnn,random_search,3,940,2024-05-29 14:35:00,0,0,0.3071787357330322
cnn,random_search,3,941,2024-05-29 14:35:00,0,0,0.301307737827301
cnn,random_search,3,942,2024-05-29 14:40:00,0,0,0.3120148479938507
cnn,random_search,3,943,2024-05-29 14:40:00,0,0,0.3103940188884735
cnn,random_search,3,944,2024-05-29 14:45:00,1,0,0.3102825880050659
cnn,random_search,3,945,2024-05-29 14:45:00,1,0,0.32375478744506836
cnn,random_search,3,946,2024-05-29 14:50:00,1,0,0.40092217922210693
cnn,random_search,3,947,2024-05-29 14:50:00,1,0,0.3882880210876465
cnn,random_search,3,948,2024-05-29 14:55:00,1,0,0.4735354781150818
cnn,random_search,3,949,2024-05-29 14:55:00,1,0,0.4649914801120758
cnn,random_search,3,950,2024-05-29 15:00:00,1,1,0.5624462962150574
cnn,random_search,3,951,2024-05-29 15:00:00,1,1,0.5532166957855225
cnn,random_search,3,952,2024-05-29 15:05:00,1,1,0.6309075355529785
cnn,random_search,3,953,2024-05-29 15:05:00,1,1,0.6220429539680481
cnn,random_search,3,954,2024-05-29 15:10:00,1,1,0.6554657220840454
cnn,random_search,3,955,2024-05-29 15:10:00,1,1,0.6407464742660522
cnn,random_search,3,956,2024-05-29 15:15:00,1,1,0.5886807441711426
cnn,random_search,3,957,2024-05-29 15:15:00,1,1,0.5955697298049927
cnn,random_search,3,958,2024-05-29 15:20:00,1,1,0.6109997034072876
cnn,random_search,3,959,2024-05-29 15:20:00,1,1,0.6080456376075745
cnn,random_search,3,960,2024-05-29 15:25:00,1,1,0.6426684260368347
cnn,random_search,3,961,2024-05-29 15:25:00,1,1,0.6216349601745605
cnn,random_search,3,962,2024-05-29 15:30:00,1,1,0.5853050947189331
cnn,random_search,3,963,2024-05-29 15:30:00,1,1,0.5862470865249634
cnn,random_search,3,964,2024-05-29 15:35:00,1,1,0.5123916864395142
cnn,random_search,3,965,2024-05-29 15:35:00,1,0,0.48557448387145996
cnn,random_search,3,966,2024-05-29 15:40:00,1,1,0.511676013469696
cnn,random_search,3,967,2024-05-29 15:40:00,1,0,0.487796425819397
cnn,random_search,3,968,2024-05-29 15:45:00,1,0,0.4401889145374298
cnn,random_search,3,969,2024-05-29 15:45:00,1,0,0.4185446798801422
cnn,random_search,3,970,2024-05-29 15:50:00,1,0,0.4562862813472748
cnn,random_search,3,971,2024-05-29 15:50:00,1,0,0.45698830485343933
cnn,random_search,3,972,2024-05-29 15:55:00,1,1,0.506403386592865
cnn,random_search,3,973,2024-05-29 15:55:00,1,0,0.48434916138648987
cnn,random_search,3,974,2024-05-29 16:00:00,1,1,0.5270937085151672
cnn,random_search,3,975,2024-05-29 16:00:00,1,1,0.5341191291809082
cnn,random_search,3,976,2024-05-29 16:05:00,1,1,0.5250412821769714
cnn,random_search,3,977,2024-05-29 16:05:00,1,1,0.5320296883583069
cnn,random_search,3,978,2024-05-29 16:10:00,1,1,0.5435602068901062
cnn,random_search,3,979,2024-05-29 16:10:00,1,1,0.5430284738540649
cnn,random_search,3,980,2024-05-29 16:15:00,1,1,0.5943734049797058
cnn,random_search,3,981,2024-05-29 16:15:00,1,1,0.5777138471603394
cnn,random_search,3,982,2024-05-29 16:20:00,0,1,0.6423858404159546
cnn,random_search,3,983,2024-05-29 16:20:00,0,1,0.6367471218109131
cnn,random_search,3,984,2024-05-29 16:25:00,0,1,0.6467411518096924
cnn,random_search,3,985,2024-05-29 16:25:00,0,1,0.6474056839942932
cnn,random_search,3,986,2024-05-29 16:30:00,0,1,0.6151548027992249
cnn,random_search,3,987,2024-05-29 16:30:00,0,1,0.6255518794059753
cnn,random_search,3,988,2024-05-29 16:35:00,0,1,0.6059383153915405
cnn,random_search,3,989,2024-05-29 16:35:00,0,1,0.6316370964050293
cnn,random_search,3,990,2024-05-29 16:40:00,0,1,0.5077187418937683
cnn,random_search,3,991,2024-05-29 16:40:00,0,1,0.5040501952171326
cnn,random_search,3,992,2024-05-29 16:45:00,0,0,0.4228263795375824
cnn,random_search,3,993,2024-05-29 16:45:00,0,0,0.38259807229042053
cnn,random_search,3,994,2024-05-29 16:50:00,0,0,0.3718530535697937
cnn,random_search,3,995,2024-05-29 16:50:00,0,0,0.3823825716972351
cnn,random_search,3,996,2024-05-29 16:55:00,0,0,0.36287569999694824
cnn,random_search,3,997,2024-05-29 16:55:00,0,0,0.33744117617607117
cnn,random_search,3,998,2024-05-29 17:00:00,0,0,0.2884286940097809
cnn,random_search,3,999,2024-05-29 17:00:00,0,0,0.3451881408691406
cnn,random_search,3,1000,2024-05-29 17:05:00,0,0,0.3062441945075989
cnn,random_search,3,1001,2024-05-29 17:05:00,0,0,0.2867262065410614
cnn,random_search,3,1002,2024-05-29 17:10:00,0,0,0.27651846408843994
cnn,random_search,3,1003,2024-05-29 17:10:00,0,0,0.29899975657463074
cnn,random_search,3,1004,2024-05-29 17:15:00,0,0,0.4387120008468628
cnn,random_search,3,1005,2024-05-29 17:15:00,0,0,0.44590994715690613
cnn,random_search,3,1006,2024-05-29 17:20:00,0,0,0.48309463262557983
cnn,random_search,3,1007,2024-05-29 17:20:00,0,0,0.4548061192035675
cnn,random_search,3,1008,2024-05-29 17:25:00,0,0,0.4630136489868164
cnn,random_search,3,1009,2024-05-29 17:25:00,0,0,0.4215486943721771
cnn,random_search,3,1010,2024-05-29 17:30:00,0,0,0.4113115966320038
cnn,random_search,3,1011,2024-05-29 17:30:00,0,0,0.44350144267082214
cnn,random_search,3,1012,2024-05-29 17:35:00,0,0,0.4837999939918518
cnn,random_search,3,1013,2024-05-29 17:35:00,0,0,0.4904092848300934
cnn,random_search,3,1014,2024-05-29 17:40:00,0,0,0.49298250675201416
cnn,random_search,3,1015,2024-05-29 17:40:00,0,0,0.488165020942688
cnn,random_search,3,1016,2024-05-29 17:45:00,0,1,0.5177636742591858
cnn,random_search,3,1017,2024-05-29 17:45:00,0,1,0.526981770992279
cnn,random_search,3,1018,2024-05-29 17:50:00,0,0,0.4967789351940155
cnn,random_search,3,1019,2024-05-29 17:50:00,0,1,0.5389364957809448
cnn,random_search,3,1020,2024-05-29 17:55:00,0,1,0.5026004314422607
cnn,random_search,3,1021,2024-05-29 17:55:00,0,1,0.5165618658065796
cnn,random_search,3,1022,2024-05-31 12:35:00,1,0,0.42704859375953674
cnn,random_search,3,1023,2024-05-31 12:40:00,1,0,0.3857540786266327
cnn,random_search,3,1024,2024-05-31 12:45:00,1,1,0.5151491165161133
cnn,random_search,3,1025,2024-05-31 12:50:00,1,1,0.5560792088508606
cnn,random_search,3,1026,2024-05-31 12:55:00,1,0,0.4962030351161957
cnn,random_search,3,1027,2024-05-31 13:00:00,1,0,0.4676935076713562
cnn,random_search,3,1028,2024-05-31 13:05:00,1,0,0.4901945888996124
cnn,random_search,3,1029,2024-05-31 13:10:00,1,0,0.48737847805023193
cnn,random_search,3,1030,2024-05-31 13:15:00,1,0,0.43758711218833923
cnn,random_search,3,1031,2024-05-31 13:20:00,1,0,0.42151039838790894
cnn,random_search,3,1032,2024-05-31 13:25:00,1,0,0.3918392062187195
cnn,random_search,3,1033,2024-05-31 13:25:00,1,0,0.4039500653743744
cnn,random_search,3,1034,2024-05-31 13:30:00,1,0,0.4383237361907959
cnn,random_search,3,1035,2024-05-31 13:30:00,1,0,0.44916069507598877
cnn,random_search,3,1036,2024-05-31 13:35:00,1,1,0.512055516242981
cnn,random_search,3,1037,2024-05-31 13:35:00,1,1,0.521921694278717
cnn,random_search,3,1038,2024-05-31 13:40:00,1,1,0.5241971611976624
cnn,random_search,3,1039,2024-05-31 13:40:00,1,1,0.5246099233627319
cnn,random_search,3,1040,2024-05-31 13:45:00,1,1,0.5513750910758972
cnn,random_search,3,1041,2024-05-31 13:45:00,1,1,0.5613507032394409
cnn,random_search,3,1042,2024-05-31 13:50:00,1,1,0.5759752988815308
cnn,random_search,3,1043,2024-05-31 13:50:00,1,1,0.5749016404151917
cnn,random_search,3,1044,2024-05-31 13:55:00,1,1,0.6032518744468689
cnn,random_search,3,1045,2024-05-31 13:55:00,1,1,0.5877629518508911
cnn,random_search,3,1046,2024-05-31 14:00:00,1,1,0.5740588903427124
cnn,random_search,3,1047,2024-05-31 14:00:00,1,1,0.5768231749534607
cnn,random_search,3,1048,2024-05-31 14:05:00,1,1,0.6410018801689148
cnn,random_search,3,1049,2024-05-31 14:05:00,1,1,0.5927805304527283
cnn,random_search,3,1050,2024-05-31 14:10:00,1,1,0.6304163932800293
cnn,random_search,3,1051,2024-05-31 14:10:00,1,1,0.6121419072151184
cnn,random_search,3,1052,2024-05-31 14:15:00,1,1,0.5333475470542908
cnn,random_search,3,1053,2024-05-31 14:15:00,1,1,0.5578253865242004
cnn,random_search,3,1054,2024-05-31 14:20:00,1,1,0.5285933017730713
cnn,random_search,3,1055,2024-05-31 14:20:00,1,1,0.5409725308418274
cnn,random_search,3,1056,2024-05-31 14:25:00,1,1,0.5336886048316956
cnn,random_search,3,1057,2024-05-31 14:25:00,1,1,0.5404683351516724
cnn,random_search,3,1058,2024-05-31 14:30:00,1,1,0.56905198097229
cnn,random_search,3,1059,2024-05-31 14:30:00,1,1,0.5529302954673767
cnn,random_search,3,1060,2024-05-31 14:35:00,1,1,0.5822898149490356
cnn,random_search,3,1061,2024-05-31 14:35:00,1,1,0.5710302591323853
cnn,random_search,3,1062,2024-05-31 14:40:00,1,1,0.5844719409942627
cnn,random_search,3,1063,2024-05-31 14:40:00,1,1,0.5626136064529419
cnn,random_search,3,1064,2024-05-31 14:45:00,1,1,0.5919235348701477
cnn,random_search,3,1065,2024-05-31 14:45:00,1,1,0.5588721036911011
cnn,random_search,3,1066,2024-05-31 14:50:00,1,1,0.5022298693656921
cnn,random_search,3,1067,2024-05-31 14:50:00,1,1,0.5229540467262268
cnn,random_search,3,1068,2024-05-31 14:55:00,1,1,0.5002604722976685
cnn,random_search,3,1069,2024-05-31 14:55:00,1,0,0.4976440668106079
cnn,random_search,3,1070,2024-05-31 15:00:00,1,0,0.4781285226345062
cnn,random_search,3,1071,2024-05-31 15:00:00,1,1,0.5033067464828491
cnn,random_search,3,1072,2024-05-31 15:05:00,0,1,0.5554137825965881
cnn,random_search,3,1073,2024-05-31 15:05:00,0,1,0.5530104041099548
cnn,random_search,3,1074,2024-05-31 15:10:00,0,1,0.545120894908905
cnn,random_search,3,1075,2024-05-31 15:10:00,0,1,0.55568528175354
cnn,random_search,3,1076,2024-05-31 15:15:00,0,1,0.5384918451309204
cnn,random_search,3,1077,2024-05-31 15:15:00,0,1,0.5730355381965637
cnn,random_search,3,1078,2024-05-31 15:20:00,0,1,0.5078144669532776
cnn,random_search,3,1079,2024-05-31 15:20:00,0,1,0.5039586424827576
cnn,random_search,3,1080,2024-05-31 15:25:00,0,1,0.5185661315917969
cnn,random_search,3,1081,2024-05-31 15:25:00,0,1,0.531279981136322
cnn,random_search,3,1082,2024-05-31 15:30:00,0,0,0.44712504744529724
cnn,random_search,3,1083,2024-05-31 15:30:00,0,1,0.5173113942146301
cnn,random_search,3,1084,2024-05-31 15:35:00,0,0,0.4918433129787445
cnn,random_search,3,1085,2024-05-31 15:35:00,0,0,0.48308050632476807
cnn,random_search,3,1086,2024-05-31 15:40:00,0,0,0.4362092912197113
cnn,random_search,3,1087,2024-05-31 15:40:00,0,0,0.4370361268520355
cnn,random_search,3,1088,2024-05-31 15:45:00,0,0,0.42043668031692505
cnn,random_search,3,1089,2024-05-31 15:45:00,0,0,0.40245121717453003
cnn,random_search,3,1090,2024-05-31 15:50:00,0,0,0.41996273398399353
cnn,random_search,3,1091,2024-05-31 15:50:00,0,0,0.41721680760383606
cnn,random_search,3,1092,2024-05-31 15:55:00,0,0,0.37057438492774963
cnn,random_search,3,1093,2024-05-31 15:55:00,0,0,0.4127865135669708
cnn,random_search,3,1094,2024-05-31 16:00:00,1,0,0.3743380904197693
cnn,random_search,3,1095,2024-05-31 16:00:00,1,0,0.3713931441307068
cnn,random_search,3,1096,2024-05-31 16:05:00,1,0,0.3719944357872009
cnn,random_search,3,1097,2024-05-31 16:05:00,1,0,0.38430342078208923
cnn,random_search,3,1098,2024-05-31 16:10:00,1,0,0.4732608497142792
cnn,random_search,3,1099,2024-05-31 16:10:00,1,0,0.4776524007320404
cnn,random_search,3,1100,2024-05-31 16:15:00,1,1,0.5239033102989197
cnn,random_search,3,1101,2024-05-31 16:15:00,1,1,0.5199337005615234
cnn,random_search,3,1102,2024-05-31 16:20:00,1,1,0.5362743735313416
cnn,random_search,3,1103,2024-05-31 16:20:00,1,1,0.5029325485229492
cnn,random_search,3,1104,2024-05-31 16:25:00,1,1,0.5251498222351074
cnn,random_search,3,1105,2024-05-31 16:25:00,1,1,0.5131565928459167
cnn,random_search,3,1106,2024-05-31 16:30:00,1,0,0.4677680432796478
cnn,random_search,3,1107,2024-05-31 16:30:00,1,0,0.4936421513557434
cnn,random_search,3,1108,2024-05-31 16:35:00,1,1,0.5100253820419312
cnn,random_search,3,1109,2024-05-31 16:35:00,1,1,0.5244150757789612
cnn,random_search,3,1110,2024-05-31 16:40:00,1,1,0.5881291031837463
cnn,random_search,3,1111,2024-05-31 16:40:00,1,1,0.5772930383682251
cnn,random_search,3,1112,2024-05-31 16:45:00,1,1,0.5710266828536987
cnn,random_search,3,1113,2024-05-31 16:45:00,1,1,0.6042811274528503
cnn,random_search,3,1114,2024-05-31 16:50:00,1,1,0.6232675909996033
cnn,random_search,3,1115,2024-05-31 16:50:00,1,1,0.6268959641456604
cnn,random_search,3,1116,2024-05-31 16:55:00,0,1,0.6604685187339783
cnn,random_search,3,1117,2024-05-31 16:55:00,0,1,0.6527582406997681
cnn,random_search,3,1118,2024-05-31 17:00:00,0,1,0.58941650390625
cnn,random_search,3,1119,2024-05-31 17:00:00,0,1,0.5950819849967957
cnn,random_search,3,1120,2024-05-31 17:05:00,0,1,0.5118483304977417
cnn,random_search,3,1121,2024-05-31 17:05:00,0,1,0.5287913680076599
cnn,random_search,3,1122,2024-05-31 17:10:00,0,1,0.5036171078681946
cnn,random_search,3,1123,2024-05-31 17:10:00,0,0,0.49787214398384094
cnn,random_search,3,1124,2024-05-31 17:15:00,0,1,0.5576793551445007
cnn,random_search,3,1125,2024-05-31 17:15:00,0,1,0.5449120402336121
cnn,random_search,3,1126,2024-05-31 17:20:00,0,1,0.5250818729400635
cnn,random_search,3,1127,2024-05-31 17:20:00,0,1,0.5283388495445251
cnn,random_search,3,1128,2024-05-31 17:25:00,0,0,0.4975513815879822
cnn,random_search,3,1129,2024-05-31 17:25:00,0,0,0.4964660406112671
cnn,random_search,3,1130,2024-05-31 17:30:00,0,1,0.5181539058685303
cnn,random_search,3,1131,2024-05-31 17:30:00,0,1,0.55256587266922
cnn,random_search,3,1132,2024-05-31 17:35:00,0,1,0.510635256767273
cnn,random_search,3,1133,2024-05-31 17:35:00,0,1,0.5291586518287659
cnn,random_search,3,1134,2024-05-31 17:40:00,0,1,0.5270407795906067
cnn,random_search,3,1135,2024-05-31 17:40:00,0,1,0.585212230682373
cnn,random_search,3,1136,2024-05-31 17:45:00,0,1,0.5088990330696106
cnn,random_search,3,1137,2024-05-31 17:45:00,0,0,0.49500778317451477
cnn,random_search,3,1138,2024-05-31 17:50:00,0,1,0.5326031446456909
cnn,random_search,3,1139,2024-05-31 17:50:00,0,1,0.5472715497016907
cnn,random_search,3,1140,2024-05-31 17:55:00,0,1,0.5356188416481018
cnn,random_search,3,1141,2024-05-31 17:55:00,0,1,0.5774216651916504
cnn,random_search,3,1142,2024-06-03 10:50:00,1,0,0.28653484582901
cnn,random_search,3,1143,2024-06-03 10:50:00,1,0,0.2772360146045685
cnn,random_search,3,1144,2024-06-03 10:55:00,1,0,0.34504735469818115
cnn,random_search,3,1145,2024-06-03 10:55:00,1,0,0.328084260225296
cnn,random_search,3,1146,2024-06-03 11:00:00,1,0,0.3715669512748718
cnn,random_search,3,1147,2024-06-03 11:00:00,1,0,0.36781197786331177
cnn,random_search,3,1148,2024-06-03 11:05:00,1,0,0.3993762135505676
cnn,random_search,3,1149,2024-06-03 11:05:00,1,0,0.3998929560184479
cnn,random_search,3,1150,2024-06-03 11:10:00,1,0,0.4722980260848999
cnn,random_search,3,1151,2024-06-03 11:10:00,1,0,0.4636145234107971
cnn,random_search,3,1152,2024-06-03 11:15:00,1,1,0.6241611838340759
cnn,random_search,3,1153,2024-06-03 11:15:00,1,1,0.6286689639091492
cnn,random_search,3,1154,2024-06-03 11:20:00,1,1,0.6444109678268433
cnn,random_search,3,1155,2024-06-03 11:20:00,1,1,0.6524865031242371
cnn,random_search,3,1156,2024-06-03 11:25:00,1,1,0.7040887475013733
cnn,random_search,3,1157,2024-06-03 11:25:00,1,1,0.6982619762420654
cnn,random_search,3,1158,2024-06-03 11:30:00,1,1,0.7687065005302429
cnn,random_search,3,1159,2024-06-03 11:30:00,1,1,0.7905334234237671
cnn,random_search,3,1160,2024-06-03 11:35:00,1,1,0.7388079762458801
cnn,random_search,3,1161,2024-06-03 11:35:00,1,1,0.7288119196891785
cnn,random_search,3,1162,2024-06-03 11:40:00,0,1,0.7231146097183228
cnn,random_search,3,1163,2024-06-03 11:40:00,0,1,0.7330362200737
cnn,random_search,3,1164,2024-06-03 11:45:00,0,1,0.6904574632644653
cnn,random_search,3,1165,2024-06-03 11:45:00,0,1,0.6919879913330078
cnn,random_search,3,1166,2024-06-03 11:50:00,0,1,0.6141840219497681
cnn,random_search,3,1167,2024-06-03 11:50:00,0,1,0.6242308616638184
cnn,random_search,3,1168,2024-06-03 11:55:00,0,1,0.5587615370750427
cnn,random_search,3,1169,2024-06-03 11:55:00,0,1,0.5788686275482178
cnn,random_search,3,1170,2024-06-03 12:00:00,0,1,0.5799170732498169
cnn,random_search,3,1171,2024-06-03 12:00:00,0,1,0.575953483581543
cnn,random_search,3,1172,2024-06-03 12:05:00,0,1,0.5625573396682739
cnn,random_search,3,1173,2024-06-03 12:05:00,0,1,0.5869240164756775
cnn,random_search,3,1174,2024-06-03 12:10:00,0,1,0.5437262058258057
cnn,random_search,3,1175,2024-06-03 12:10:00,0,1,0.5452315807342529
cnn,random_search,3,1176,2024-06-03 12:15:00,0,1,0.580278217792511
cnn,random_search,3,1177,2024-06-03 12:15:00,0,1,0.5907848477363586
cnn,random_search,3,1178,2024-06-03 12:20:00,0,1,0.578646719455719
cnn,random_search,3,1179,2024-06-03 12:20:00,0,1,0.5888569951057434
cnn,random_search,3,1180,2024-06-03 12:25:00,0,0,0.4231235086917877
cnn,random_search,3,1181,2024-06-03 12:25:00,0,0,0.40757331252098083
cnn,random_search,3,1182,2024-06-03 12:30:00,0,0,0.31717362999916077
cnn,random_search,3,1183,2024-06-03 12:30:00,0,0,0.3185981214046478
cnn,random_search,3,1184,2024-06-03 12:35:00,0,0,0.3204628825187683
cnn,random_search,3,1185,2024-06-03 12:35:00,0,0,0.3167744278907776
cnn,random_search,3,1186,2024-06-03 12:40:00,0,0,0.33696219325065613
cnn,random_search,3,1187,2024-06-03 12:40:00,0,0,0.33478984236717224
cnn,random_search,3,1188,2024-06-03 12:45:00,0,0,0.2931379973888397
cnn,random_search,3,1189,2024-06-03 12:45:00,0,0,0.3498348295688629
cnn,random_search,3,1190,2024-06-03 12:50:00,0,0,0.35083746910095215
cnn,random_search,3,1191,2024-06-03 12:50:00,0,0,0.38605251908302307
cnn,random_search,3,1192,2024-06-03 12:55:00,0,0,0.32245996594429016
cnn,random_search,3,1193,2024-06-03 12:55:00,0,0,0.3658079206943512
cnn,random_search,3,1194,2024-06-03 13:00:00,0,0,0.36380070447921753
cnn,random_search,3,1195,2024-06-03 13:00:00,0,0,0.4271734654903412
cnn,random_search,3,1196,2024-06-03 13:05:00,0,0,0.42359021306037903
cnn,random_search,3,1197,2024-06-03 13:05:00,0,0,0.374194473028183
cnn,random_search,3,1198,2024-06-03 13:10:00,0,0,0.3520018458366394
cnn,random_search,3,1199,2024-06-03 13:10:00,0,0,0.3495337665081024
cnn,random_search,3,1200,2024-06-03 13:15:00,0,0,0.27670198678970337
cnn,random_search,3,1201,2024-06-03 13:15:00,0,0,0.2443387359380722
cnn,random_search,3,1202,2024-06-03 13:20:00,0,0,0.2746582329273224
cnn,random_search,3,1203,2024-06-03 13:20:00,0,0,0.2682897448539734
cnn,random_search,3,1204,2024-06-03 13:25:00,0,0,0.3163151144981384
cnn,random_search,3,1205,2024-06-03 13:25:00,0,0,0.2950555682182312
cnn,random_search,3,1206,2024-06-03 13:30:00,0,0,0.28157317638397217
cnn,random_search,3,1207,2024-06-03 13:30:00,0,0,0.33925801515579224
cnn,random_search,3,1208,2024-06-03 13:35:00,0,0,0.37789034843444824
cnn,random_search,3,1209,2024-06-03 13:35:00,0,0,0.3791574239730835
cnn,random_search,3,1210,2024-06-03 13:40:00,0,0,0.38561999797821045
cnn,random_search,3,1211,2024-06-03 13:40:00,0,0,0.3928055763244629
cnn,random_search,3,1212,2024-06-03 13:45:00,0,0,0.4563109576702118
cnn,random_search,3,1213,2024-06-03 13:45:00,0,0,0.45152875781059265
cnn,random_search,3,1214,2024-06-03 13:50:00,0,0,0.4458107650279999
cnn,random_search,3,1215,2024-06-03 13:50:00,0,0,0.44212037324905396
cnn,random_search,3,1216,2024-06-03 13:55:00,0,0,0.4451731741428375
cnn,random_search,3,1217,2024-06-03 13:55:00,0,0,0.4579281508922577
cnn,random_search,3,1218,2024-06-03 14:00:00,1,0,0.4467921853065491
cnn,random_search,3,1219,2024-06-03 14:00:00,1,0,0.4164803922176361
cnn,random_search,3,1220,2024-06-03 14:05:00,1,1,0.5072523355484009
cnn,random_search,3,1221,2024-06-03 14:05:00,1,1,0.5057207345962524
cnn,random_search,3,1222,2024-06-03 14:10:00,1,1,0.5498576164245605
cnn,random_search,3,1223,2024-06-03 14:10:00,1,1,0.5536620616912842
cnn,random_search,3,1224,2024-06-03 14:15:00,1,1,0.6288518309593201
cnn,random_search,3,1225,2024-06-03 14:15:00,1,1,0.6276980638504028
cnn,random_search,3,1226,2024-06-03 14:20:00,1,1,0.6908242702484131
cnn,random_search,3,1227,2024-06-03 14:20:00,1,1,0.7024382948875427
cnn,random_search,3,1228,2024-06-03 14:25:00,1,1,0.7064871191978455
cnn,random_search,3,1229,2024-06-03 14:25:00,1,1,0.7010830640792847
cnn,random_search,3,1230,2024-06-03 14:30:00,1,1,0.7412175536155701
cnn,random_search,3,1231,2024-06-03 14:30:00,1,1,0.7444440722465515
cnn,random_search,3,1232,2024-06-03 14:35:00,1,1,0.7129716277122498
cnn,random_search,3,1233,2024-06-03 14:35:00,1,1,0.7187718152999878
cnn,random_search,3,1234,2024-06-03 14:40:00,1,1,0.7034395337104797
cnn,random_search,3,1235,2024-06-03 14:40:00,1,1,0.6992684006690979
cnn,random_search,3,1236,2024-06-03 14:45:00,1,1,0.640882670879364
cnn,random_search,3,1237,2024-06-03 14:45:00,1,1,0.6378244161605835
cnn,random_search,3,1238,2024-06-03 14:50:00,1,1,0.5363220572471619
cnn,random_search,3,1239,2024-06-03 14:50:00,1,1,0.5388909578323364
cnn,random_search,3,1240,2024-06-03 14:55:00,1,0,0.47875046730041504
cnn,random_search,3,1241,2024-06-03 14:55:00,1,0,0.45755547285079956
cnn,random_search,3,1242,2024-06-03 15:00:00,1,1,0.5170391201972961
cnn,random_search,3,1243,2024-06-03 15:00:00,1,1,0.5241047739982605
cnn,random_search,3,1244,2024-06-03 15:05:00,1,1,0.5438134670257568
cnn,random_search,3,1245,2024-06-03 15:05:00,1,1,0.5362567901611328
cnn,random_search,3,1246,2024-06-03 15:10:00,1,0,0.4946540892124176
cnn,random_search,3,1247,2024-06-03 15:10:00,1,0,0.4845949411392212
cnn,random_search,3,1248,2024-06-03 15:15:00,1,1,0.5521299839019775
cnn,random_search,3,1249,2024-06-03 15:15:00,1,1,0.5515165328979492
cnn,random_search,3,1250,2024-06-03 15:20:00,1,1,0.5903120636940002
cnn,random_search,3,1251,2024-06-03 15:20:00,1,1,0.5992056131362915
cnn,random_search,3,1252,2024-06-03 15:25:00,1,1,0.6247429251670837
cnn,random_search,3,1253,2024-06-03 15:25:00,1,1,0.6026404500007629
cnn,random_search,3,1254,2024-06-03 15:30:00,1,1,0.6351534128189087
cnn,random_search,3,1255,2024-06-03 15:30:00,1,1,0.6624745726585388
cnn,random_search,3,1256,2024-06-03 15:35:00,0,1,0.6638258695602417
cnn,random_search,3,1257,2024-06-03 15:35:00,0,1,0.6870818734169006
cnn,random_search,3,1258,2024-06-03 15:40:00,0,1,0.5881975889205933
cnn,random_search,3,1259,2024-06-03 15:40:00,0,1,0.5863809585571289
cnn,random_search,3,1260,2024-06-03 15:45:00,0,1,0.5550836324691772
cnn,random_search,3,1261,2024-06-03 15:45:00,0,1,0.5748773813247681
cnn,random_search,3,1262,2024-06-03 15:50:00,0,1,0.5362367033958435
cnn,random_search,3,1263,2024-06-03 15:50:00,0,1,0.5539741516113281
cnn,random_search,3,1264,2024-06-03 15:55:00,0,1,0.5634170770645142
cnn,random_search,3,1265,2024-06-03 15:55:00,0,1,0.561188280582428
cnn,random_search,3,1266,2024-06-03 16:00:00,0,1,0.5524723529815674
cnn,random_search,3,1267,2024-06-03 16:00:00,0,1,0.5475640296936035
cnn,random_search,3,1268,2024-06-03 16:05:00,0,1,0.5093560814857483
cnn,random_search,3,1269,2024-06-03 16:05:00,0,0,0.496599406003952
cnn,random_search,3,1270,2024-06-03 16:10:00,0,1,0.5358160734176636
cnn,random_search,3,1271,2024-06-03 16:10:00,0,1,0.5228102207183838
cnn,random_search,3,1272,2024-06-03 16:15:00,0,0,0.4765644073486328
cnn,random_search,3,1273,2024-06-03 16:15:00,0,0,0.46914777159690857
cnn,random_search,3,1274,2024-06-03 16:20:00,0,0,0.4554840624332428
cnn,random_search,3,1275,2024-06-03 16:20:00,0,0,0.4345651865005493
cnn,random_search,3,1276,2024-06-03 16:25:00,0,0,0.4115777015686035
cnn,random_search,3,1277,2024-06-03 16:25:00,0,0,0.4286940097808838
cnn,random_search,3,1278,2024-06-03 16:30:00,0,0,0.3965506851673126
cnn,random_search,3,1279,2024-06-03 16:30:00,0,0,0.34966063499450684
cnn,random_search,3,1280,2024-06-03 16:35:00,0,0,0.35733267664909363
cnn,random_search,3,1281,2024-06-03 16:35:00,0,0,0.25985103845596313
cnn,random_search,3,1282,2024-06-03 16:40:00,0,0,0.43097802996635437
cnn,random_search,3,1283,2024-06-03 16:40:00,0,0,0.422855406999588
cnn,random_search,3,1284,2024-06-03 16:45:00,0,0,0.40010866522789
cnn,random_search,3,1285,2024-06-03 16:45:00,0,0,0.45721954107284546
cnn,random_search,3,1286,2024-06-03 16:50:00,0,0,0.4350387156009674
cnn,random_search,3,1287,2024-06-03 16:50:00,0,0,0.42337095737457275
cnn,random_search,3,1288,2024-06-03 16:55:00,0,0,0.3760281801223755
cnn,random_search,3,1289,2024-06-03 16:55:00,0,0,0.35603833198547363
cnn,random_search,3,1290,2024-06-03 17:00:00,0,0,0.29317808151245117
cnn,random_search,3,1291,2024-06-03 17:00:00,0,0,0.30525580048561096
cnn,random_search,3,1292,2024-06-03 17:05:00,0,0,0.31885096430778503
cnn,random_search,3,1293,2024-06-03 17:05:00,0,0,0.32973068952560425
cnn,random_search,3,1294,2024-06-03 17:10:00,0,0,0.3027076721191406
cnn,random_search,3,1295,2024-06-03 17:10:00,0,0,0.3138831555843353
cnn,random_search,3,1296,2024-06-03 17:15:00,0,0,0.37330853939056396
cnn,random_search,3,1297,2024-06-03 17:15:00,0,0,0.36360734701156616
cnn,random_search,3,1298,2024-06-03 17:20:00,0,0,0.33574631810188293
cnn,random_search,3,1299,2024-06-03 17:20:00,0,0,0.30102288722991943
cnn,random_search,3,1300,2024-06-03 17:25:00,0,0,0.24682196974754333
cnn,random_search,3,1301,2024-06-03 17:25:00,0,0,0.21460361778736115
cnn,random_search,3,1302,2024-06-03 17:30:00,0,0,0.35200536251068115
cnn,random_search,3,1303,2024-06-03 17:30:00,0,0,0.3569236397743225
cnn,random_search,3,1304,2024-06-03 17:35:00,0,0,0.32769909501075745
cnn,random_search,3,1305,2024-06-03 17:35:00,0,0,0.3515440821647644
cnn,random_search,3,1306,2024-06-03 17:40:00,0,0,0.26980286836624146
cnn,random_search,3,1307,2024-06-03 17:40:00,0,0,0.3317852020263672
cnn,random_search,3,1308,2024-06-03 17:45:00,0,0,0.3684190809726715
cnn,random_search,3,1309,2024-06-03 17:45:00,0,0,0.34045034646987915
cnn,random_search,3,1310,2024-06-03 17:50:00,0,0,0.42299437522888184
cnn,random_search,3,1311,2024-06-03 17:50:00,0,0,0.4024483561515808
cnn,random_search,3,1312,2024-06-03 17:55:00,0,0,0.4395952820777893
cnn,random_search,3,1313,2024-06-03 17:55:00,0,0,0.4582440257072449
cnn,random_search,3,1314,2024-06-04 11:15:00,1,0,0.3688637614250183
cnn,random_search,3,1315,2024-06-04 11:20:00,1,0,0.3602984845638275
cnn,random_search,3,1316,2024-06-04 11:20:00,1,0,0.34985482692718506
cnn,random_search,3,1317,2024-06-04 11:25:00,1,0,0.4434412717819214
cnn,random_search,3,1318,2024-06-04 11:25:00,1,0,0.434979110956192
cnn,random_search,3,1319,2024-06-04 11:30:00,1,1,0.5093553066253662
cnn,random_search,3,1320,2024-06-04 11:30:00,1,1,0.518164873123169
cnn,random_search,3,1321,2024-06-04 11:35:00,1,1,0.5355119705200195
cnn,random_search,3,1322,2024-06-04 11:35:00,1,1,0.512509822845459
cnn,random_search,3,1323,2024-06-04 11:40:00,1,1,0.5737994909286499
cnn,random_search,3,1324,2024-06-04 11:40:00,1,1,0.5914764404296875
cnn,random_search,3,1325,2024-06-04 11:45:00,1,1,0.5833919048309326
cnn,random_search,3,1326,2024-06-04 11:45:00,1,1,0.572600781917572
cnn,random_search,3,1327,2024-06-04 11:50:00,1,1,0.614734947681427
cnn,random_search,3,1328,2024-06-04 11:50:00,1,1,0.6097763180732727
cnn,random_search,3,1329,2024-06-04 11:55:00,1,1,0.5690015554428101
cnn,random_search,3,1330,2024-06-04 11:55:00,1,1,0.5830370187759399
cnn,random_search,3,1331,2024-06-04 12:00:00,1,1,0.5806844830513
cnn,random_search,3,1332,2024-06-04 12:00:00,1,1,0.5787470936775208
cnn,random_search,3,1333,2024-06-04 12:05:00,1,1,0.5206716060638428
cnn,random_search,3,1334,2024-06-04 12:05:00,1,1,0.533100426197052
cnn,random_search,3,1335,2024-06-04 12:10:00,1,1,0.5780673623085022
cnn,random_search,3,1336,2024-06-04 12:10:00,1,1,0.5614970922470093
cnn,random_search,3,1337,2024-06-04 12:15:00,1,1,0.6553139090538025
cnn,random_search,3,1338,2024-06-04 12:15:00,1,1,0.6466010808944702
cnn,random_search,3,1339,2024-06-04 12:20:00,1,1,0.7044051885604858
cnn,random_search,3,1340,2024-06-04 12:20:00,1,1,0.700179934501648
cnn,random_search,3,1341,2024-06-04 12:25:00,1,1,0.6747420430183411
cnn,random_search,3,1342,2024-06-04 12:25:00,1,1,0.6860147714614868
cnn,random_search,3,1343,2024-06-04 12:30:00,1,1,0.5964040756225586
cnn,random_search,3,1344,2024-06-04 12:30:00,1,1,0.5905195474624634
cnn,random_search,3,1345,2024-06-04 12:35:00,1,1,0.5972864031791687
cnn,random_search,3,1346,2024-06-04 12:35:00,1,1,0.6111698746681213
cnn,random_search,3,1347,2024-06-04 12:40:00,1,1,0.5706205368041992
cnn,random_search,3,1348,2024-06-04 12:40:00,1,1,0.5668283104896545
cnn,random_search,3,1349,2024-06-04 12:45:00,1,1,0.5333698391914368
cnn,random_search,3,1350,2024-06-04 12:45:00,1,1,0.5380385518074036
cnn,random_search,3,1351,2024-06-04 12:50:00,1,1,0.5616475939750671
cnn,random_search,3,1352,2024-06-04 12:50:00,1,1,0.5801461338996887
cnn,random_search,3,1353,2024-06-04 12:55:00,1,0,0.42945215106010437
cnn,random_search,3,1354,2024-06-04 12:55:00,1,0,0.4359733760356903
cnn,random_search,3,1355,2024-06-04 13:00:00,1,0,0.4181509017944336
cnn,random_search,3,1356,2024-06-04 13:00:00,1,0,0.3961046636104584
cnn,random_search,3,1357,2024-06-04 13:05:00,1,0,0.40185749530792236
cnn,random_search,3,1358,2024-06-04 13:05:00,1,0,0.29700401425361633
cnn,random_search,3,1359,2024-06-04 13:10:00,1,1,0.5138497352600098
cnn,random_search,3,1360,2024-06-04 13:10:00,1,1,0.523321270942688
cnn,random_search,3,1361,2024-06-04 13:15:00,1,1,0.5735501646995544
cnn,random_search,3,1362,2024-06-04 13:15:00,1,1,0.6176928281784058
cnn,random_search,3,1363,2024-06-04 13:20:00,1,1,0.598644495010376
cnn,random_search,3,1364,2024-06-04 13:20:00,1,1,0.5597496032714844
cnn,random_search,3,1365,2024-06-04 13:25:00,1,1,0.5489905476570129
cnn,random_search,3,1366,2024-06-04 13:25:00,1,1,0.5430887937545776
cnn,random_search,3,1367,2024-06-04 13:30:00,1,1,0.5244715809822083
cnn,random_search,3,1368,2024-06-04 13:30:00,1,1,0.5306987166404724
cnn,random_search,3,1369,2024-06-04 13:35:00,1,0,0.472653865814209
cnn,random_search,3,1370,2024-06-04 13:35:00,1,0,0.453855037689209
cnn,random_search,3,1371,2024-06-04 13:40:00,1,1,0.5176320672035217
cnn,random_search,3,1372,2024-06-04 13:40:00,1,0,0.4962683320045471
cnn,random_search,3,1373,2024-06-04 13:45:00,1,1,0.5706548690795898
cnn,random_search,3,1374,2024-06-04 13:45:00,1,1,0.5725778341293335
cnn,random_search,3,1375,2024-06-04 13:50:00,1,1,0.5621588230133057
cnn,random_search,3,1376,2024-06-04 13:50:00,1,1,0.575869083404541
cnn,random_search,3,1377,2024-06-04 13:55:00,1,1,0.6185869574546814
cnn,random_search,3,1378,2024-06-04 13:55:00,1,1,0.6119028329849243
cnn,random_search,3,1379,2024-06-04 14:00:00,1,1,0.626776933670044
cnn,random_search,3,1380,2024-06-04 14:00:00,1,1,0.6129260063171387
cnn,random_search,3,1381,2024-06-04 14:05:00,1,1,0.5634565949440002
cnn,random_search,3,1382,2024-06-04 14:05:00,1,1,0.5509812235832214
cnn,random_search,3,1383,2024-06-04 14:10:00,1,1,0.519980251789093
cnn,random_search,3,1384,2024-06-04 14:10:00,1,0,0.4884994328022003
cnn,random_search,3,1385,2024-06-04 14:15:00,1,0,0.4844627380371094
cnn,random_search,3,1386,2024-06-04 14:15:00,1,0,0.4916810691356659
cnn,random_search,3,1387,2024-06-04 14:20:00,1,1,0.50855952501297
cnn,random_search,3,1388,2024-06-04 14:20:00,1,1,0.5010364651679993
cnn,random_search,3,1389,2024-06-04 14:25:00,1,1,0.5449836850166321
cnn,random_search,3,1390,2024-06-04 14:25:00,1,1,0.5435203909873962
cnn,random_search,3,1391,2024-06-04 14:30:00,1,1,0.5729129314422607
cnn,random_search,3,1392,2024-06-04 14:30:00,1,1,0.5659704208374023
cnn,random_search,3,1393,2024-06-04 14:35:00,1,1,0.5690094232559204
cnn,random_search,3,1394,2024-06-04 14:35:00,1,1,0.5872788429260254
cnn,random_search,3,1395,2024-06-04 14:40:00,1,1,0.6271107196807861
cnn,random_search,3,1396,2024-06-04 14:40:00,1,1,0.6098076701164246
cnn,random_search,3,1397,2024-06-04 14:45:00,1,1,0.6519491672515869
cnn,random_search,3,1398,2024-06-04 14:45:00,1,1,0.6281404495239258
cnn,random_search,3,1399,2024-06-04 14:50:00,1,1,0.5997095108032227
cnn,random_search,3,1400,2024-06-04 14:50:00,1,1,0.6012564301490784
cnn,random_search,3,1401,2024-06-04 14:55:00,1,1,0.5649312138557434
cnn,random_search,3,1402,2024-06-04 14:55:00,1,1,0.5645464658737183
cnn,random_search,3,1403,2024-06-04 15:00:00,1,1,0.5617029070854187
cnn,random_search,3,1404,2024-06-04 15:00:00,1,1,0.56868577003479
cnn,random_search,3,1405,2024-06-04 15:05:00,1,1,0.5488118529319763
cnn,random_search,3,1406,2024-06-04 15:05:00,1,1,0.5666297078132629
cnn,random_search,3,1407,2024-06-04 15:10:00,1,0,0.43915122747421265
cnn,random_search,3,1408,2024-06-04 15:10:00,1,0,0.47571057081222534
cnn,random_search,3,1409,2024-06-04 15:15:00,1,1,0.5214043855667114
cnn,random_search,3,1410,2024-06-04 15:15:00,1,1,0.5331283211708069
cnn,random_search,3,1411,2024-06-04 15:20:00,1,1,0.603367805480957
cnn,random_search,3,1412,2024-06-04 15:20:00,1,1,0.5947555899620056
cnn,random_search,3,1413,2024-06-04 15:25:00,1,1,0.6614527106285095
cnn,random_search,3,1414,2024-06-04 15:25:00,1,1,0.6578260064125061
cnn,random_search,3,1415,2024-06-04 15:30:00,1,1,0.6145850419998169
cnn,random_search,3,1416,2024-06-04 15:30:00,1,1,0.6147770285606384
cnn,random_search,3,1417,2024-06-04 15:35:00,1,1,0.5598880052566528
cnn,random_search,3,1418,2024-06-04 15:35:00,1,1,0.5473501086235046
cnn,random_search,3,1419,2024-06-04 15:40:00,1,0,0.4973470866680145
cnn,random_search,3,1420,2024-06-04 15:40:00,1,0,0.49806132912635803
cnn,random_search,3,1421,2024-06-04 15:45:00,1,1,0.5770012736320496
cnn,random_search,3,1422,2024-06-04 15:45:00,1,1,0.547050416469574
cnn,random_search,3,1423,2024-06-04 15:50:00,1,0,0.48946985602378845
cnn,random_search,3,1424,2024-06-04 15:50:00,1,1,0.5472877025604248
cnn,random_search,3,1425,2024-06-04 15:55:00,1,0,0.41447871923446655
cnn,random_search,3,1426,2024-06-04 15:55:00,1,0,0.43034613132476807
cnn,random_search,3,1427,2024-06-04 16:00:00,1,0,0.3733310103416443
cnn,random_search,3,1428,2024-06-04 16:00:00,1,0,0.360945463180542
cnn,random_search,3,1429,2024-06-04 16:05:00,1,0,0.37011632323265076
cnn,random_search,3,1430,2024-06-04 16:05:00,1,0,0.3478943407535553
cnn,random_search,3,1431,2024-06-04 16:10:00,1,0,0.4681239128112793
cnn,random_search,3,1432,2024-06-04 16:10:00,1,0,0.47163406014442444
cnn,random_search,3,1433,2024-06-04 16:15:00,1,1,0.5558865070343018
cnn,random_search,3,1434,2024-06-04 16:15:00,1,1,0.5410934686660767
cnn,random_search,3,1435,2024-06-04 16:20:00,1,1,0.5524337887763977
cnn,random_search,3,1436,2024-06-04 16:20:00,1,1,0.5624634027481079
cnn,random_search,3,1437,2024-06-04 16:25:00,1,1,0.5655370950698853
cnn,random_search,3,1438,2024-06-04 16:25:00,1,1,0.5662055611610413
cnn,random_search,3,1439,2024-06-04 16:30:00,1,1,0.595952033996582
cnn,random_search,3,1440,2024-06-04 16:30:00,1,1,0.5862323045730591
cnn,random_search,3,1441,2024-06-04 16:35:00,1,1,0.5447540283203125
cnn,random_search,3,1442,2024-06-04 16:35:00,1,1,0.5431473851203918
cnn,random_search,3,1443,2024-06-04 16:40:00,1,1,0.5685189366340637
cnn,random_search,3,1444,2024-06-04 16:40:00,1,1,0.604931116104126
cnn,random_search,3,1445,2024-06-04 16:45:00,1,1,0.5449012517929077
cnn,random_search,3,1446,2024-06-04 16:45:00,1,1,0.6009023189544678
cnn,random_search,3,1447,2024-06-04 16:50:00,1,1,0.557772159576416
cnn,random_search,3,1448,2024-06-04 16:50:00,1,1,0.5772542357444763
cnn,random_search,3,1449,2024-06-04 16:55:00,0,1,0.576890230178833
cnn,random_search,3,1450,2024-06-04 16:55:00,0,1,0.5875270366668701
cnn,random_search,3,1451,2024-06-04 17:00:00,0,1,0.5605854988098145
cnn,random_search,3,1452,2024-06-04 17:00:00,0,1,0.5496819019317627
cnn,random_search,3,1453,2024-06-04 17:05:00,0,1,0.5143016576766968
cnn,random_search,3,1454,2024-06-04 17:05:00,0,1,0.5478792786598206
cnn,random_search,3,1455,2024-06-04 17:10:00,0,0,0.47245192527770996
cnn,random_search,3,1456,2024-06-04 17:10:00,0,0,0.4919215440750122
cnn,random_search,3,1457,2024-06-04 17:15:00,0,0,0.36453625559806824
cnn,random_search,3,1458,2024-06-04 17:15:00,0,0,0.4639785587787628
cnn,random_search,3,1459,2024-06-04 17:20:00,0,0,0.46886348724365234
cnn,random_search,3,1460,2024-06-04 17:20:00,0,0,0.29890555143356323
cnn,random_search,3,1461,2024-06-04 17:25:00,0,0,0.44927555322647095
cnn,random_search,3,1462,2024-06-04 17:25:00,0,0,0.38653573393821716
cnn,random_search,3,1463,2024-06-04 17:30:00,0,0,0.4922972321510315
cnn,random_search,3,1464,2024-06-04 17:30:00,0,1,0.5147031545639038
cnn,random_search,3,1465,2024-06-04 17:35:00,0,1,0.5072813034057617
cnn,random_search,3,1466,2024-06-04 17:35:00,0,0,0.4943373501300812
cnn,random_search,3,1467,2024-06-04 17:40:00,0,0,0.4955231845378876
cnn,random_search,3,1468,2024-06-04 17:40:00,0,0,0.4924222528934479
cnn,random_search,3,1469,2024-06-04 17:45:00,0,0,0.498918741941452
cnn,random_search,3,1470,2024-06-04 17:45:00,0,0,0.4945860207080841
cnn,random_search,3,1471,2024-06-04 17:50:00,0,1,0.5154632925987244
cnn,random_search,3,1472,2024-06-04 17:50:00,0,1,0.5274019837379456
cnn,random_search,3,1473,2024-06-04 17:55:00,0,1,0.5699564814567566
cnn,random_search,3,1474,2024-06-04 17:55:00,0,1,0.5883664488792419
cnn,random_search,3,1475,2024-06-05 11:10:00,1,0,0.3057323098182678
cnn,random_search,3,1476,2024-06-05 11:10:00,1,0,0.28382986783981323
cnn,random_search,3,1477,2024-06-05 11:15:00,1,0,0.30349451303482056
cnn,random_search,3,1478,2024-06-05 11:15:00,1,0,0.2973884642124176
cnn,random_search,3,1479,2024-06-05 11:20:00,1,0,0.4522574245929718
cnn,random_search,3,1480,2024-06-05 11:20:00,1,0,0.4515950679779053
cnn,random_search,3,1481,2024-06-05 11:25:00,1,1,0.5593031048774719
cnn,random_search,3,1482,2024-06-05 11:25:00,1,1,0.5663981437683105
cnn,random_search,3,1483,2024-06-05 11:30:00,1,1,0.6432645916938782
cnn,random_search,3,1484,2024-06-05 11:30:00,1,1,0.6414989233016968
cnn,random_search,3,1485,2024-06-05 11:35:00,1,1,0.717680811882019
cnn,random_search,3,1486,2024-06-05 11:35:00,1,1,0.7190116047859192
cnn,random_search,3,1487,2024-06-05 11:40:00,1,1,0.7943286895751953
cnn,random_search,3,1488,2024-06-05 11:40:00,0,1,0.7860450744628906
cnn,random_search,3,1489,2024-06-05 11:45:00,0,1,0.6890577077865601
cnn,random_search,3,1490,2024-06-05 11:45:00,1,1,0.6904904842376709
cnn,random_search,3,1491,2024-06-05 11:50:00,1,1,0.6778088212013245
cnn,random_search,3,1492,2024-06-05 11:50:00,0,1,0.6695792078971863
cnn,random_search,3,1493,2024-06-05 11:55:00,1,1,0.6067360639572144
cnn,random_search,3,1494,2024-06-05 11:55:00,0,1,0.6090015172958374
cnn,random_search,3,1495,2024-06-05 12:00:00,1,1,0.5982300639152527
cnn,random_search,3,1496,2024-06-05 12:00:00,0,1,0.6069123148918152
cnn,random_search,3,1497,2024-06-05 12:05:00,0,1,0.5583730936050415
cnn,random_search,3,1498,2024-06-05 12:05:00,1,1,0.5473224520683289
cnn,random_search,3,1499,2024-06-05 12:10:00,1,0,0.47191882133483887
cnn,random_search,3,1500,2024-06-05 12:10:00,0,0,0.494023859500885
cnn,random_search,3,1501,2024-06-05 12:15:00,0,1,0.5917090177536011
cnn,random_search,3,1502,2024-06-05 12:15:00,1,1,0.5866068005561829
cnn,random_search,3,1503,2024-06-05 12:20:00,0,1,0.6338827610015869
cnn,random_search,3,1504,2024-06-05 12:20:00,1,1,0.632372260093689
cnn,random_search,3,1505,2024-06-05 12:25:00,0,1,0.6545633673667908
cnn,random_search,3,1506,2024-06-05 12:25:00,0,1,0.6474855542182922
cnn,random_search,3,1507,2024-06-05 12:30:00,0,1,0.6597186923027039
cnn,random_search,3,1508,2024-06-05 12:30:00,0,1,0.6221440434455872
cnn,random_search,3,1509,2024-06-05 12:35:00,0,1,0.5723713040351868
cnn,random_search,3,1510,2024-06-05 12:35:00,0,1,0.5942665338516235
cnn,random_search,3,1511,2024-06-05 12:40:00,0,1,0.5455648899078369
cnn,random_search,3,1512,2024-06-05 12:40:00,0,1,0.5382261872291565
cnn,random_search,3,1513,2024-06-05 12:45:00,0,1,0.5003939270973206
cnn,random_search,3,1514,2024-06-05 12:45:00,0,0,0.462228924036026
cnn,random_search,3,1515,2024-06-05 12:50:00,0,0,0.3596592843532562
cnn,random_search,3,1516,2024-06-05 12:50:00,0,0,0.4430330693721771
cnn,random_search,3,1517,2024-06-05 12:55:00,0,0,0.4674290120601654
cnn,random_search,3,1518,2024-06-05 12:55:00,0,0,0.4562208652496338
cnn,random_search,3,1519,2024-06-05 13:00:00,0,0,0.4425859749317169
cnn,random_search,3,1520,2024-06-05 13:00:00,0,0,0.4421352446079254
cnn,random_search,3,1521,2024-06-05 13:05:00,0,0,0.3951165974140167
cnn,random_search,3,1522,2024-06-05 13:05:00,0,0,0.39397504925727844
cnn,random_search,3,1523,2024-06-05 13:10:00,0,0,0.34858641028404236
cnn,random_search,3,1524,2024-06-05 13:10:00,0,0,0.3822016417980194
cnn,random_search,3,1525,2024-06-05 13:15:00,0,0,0.37341251969337463
cnn,random_search,3,1526,2024-06-05 13:15:00,0,0,0.3958373963832855
cnn,random_search,3,1527,2024-06-05 13:20:00,0,0,0.3873291015625
cnn,random_search,3,1528,2024-06-05 13:20:00,0,0,0.35191354155540466
cnn,random_search,3,1529,2024-06-05 13:25:00,0,0,0.3620259165763855
cnn,random_search,3,1530,2024-06-05 13:25:00,0,0,0.3660626709461212
cnn,random_search,3,1531,2024-06-05 13:30:00,0,0,0.33527910709381104
cnn,random_search,3,1532,2024-06-05 13:30:00,0,0,0.34541410207748413
cnn,random_search,3,1533,2024-06-05 13:35:00,0,0,0.3857633173465729
cnn,random_search,3,1534,2024-06-05 13:35:00,0,0,0.3617408275604248
cnn,random_search,3,1535,2024-06-05 13:40:00,0,0,0.3755492568016052
cnn,random_search,3,1536,2024-06-05 13:40:00,0,0,0.4107041656970978
cnn,random_search,3,1537,2024-06-05 13:45:00,0,0,0.25176283717155457
cnn,random_search,3,1538,2024-06-05 13:45:00,0,0,0.38929998874664307
cnn,random_search,3,1539,2024-06-05 13:50:00,0,0,0.4836541712284088
cnn,random_search,3,1540,2024-06-05 13:50:00,0,1,0.5029367208480835
cnn,random_search,3,1541,2024-06-05 13:55:00,0,0,0.487783282995224
cnn,random_search,3,1542,2024-06-05 13:55:00,0,0,0.4686461091041565
cnn,random_search,3,1543,2024-06-05 14:00:00,0,1,0.5162226557731628
cnn,random_search,3,1544,2024-06-05 14:00:00,0,0,0.48774686455726624
cnn,random_search,3,1545,2024-06-05 14:05:00,0,0,0.45251089334487915
cnn,random_search,3,1546,2024-06-05 14:05:00,0,0,0.38441094756126404
cnn,random_search,3,1547,2024-06-05 14:10:00,0,0,0.4140133559703827
cnn,random_search,3,1548,2024-06-05 14:10:00,0,0,0.39943957328796387
cnn,random_search,3,1549,2024-06-05 14:15:00,0,0,0.38809406757354736
cnn,random_search,3,1550,2024-06-05 14:15:00,0,0,0.32399722933769226
cnn,random_search,3,1551,2024-06-05 14:20:00,0,0,0.44247904419898987
cnn,random_search,3,1552,2024-06-05 14:20:00,0,0,0.45702889561653137
cnn,random_search,3,1553,2024-06-05 14:25:00,0,1,0.5005027651786804
cnn,random_search,3,1554,2024-06-05 14:25:00,0,1,0.5169989466667175
cnn,random_search,3,1555,2024-06-05 14:30:00,0,1,0.5966638326644897
cnn,random_search,3,1556,2024-06-05 14:30:00,0,1,0.5733059644699097
cnn,random_search,3,1557,2024-06-05 14:35:00,0,1,0.5827170014381409
cnn,random_search,3,1558,2024-06-05 14:35:00,0,1,0.5770291686058044
cnn,random_search,3,1559,2024-06-05 14:40:00,0,1,0.622510552406311
cnn,random_search,3,1560,2024-06-05 14:40:00,0,1,0.5848546624183655
cnn,random_search,3,1561,2024-06-05 14:45:00,0,1,0.516204833984375
cnn,random_search,3,1562,2024-06-05 14:45:00,0,1,0.5471987128257751
cnn,random_search,3,1563,2024-06-05 14:50:00,0,0,0.3867967426776886
cnn,random_search,3,1564,2024-06-05 14:50:00,0,0,0.3845895230770111
cnn,random_search,3,1565,2024-06-05 14:55:00,0,0,0.33313262462615967
cnn,random_search,3,1566,2024-06-05 14:55:00,0,0,0.30570748448371887
cnn,random_search,3,1567,2024-06-05 15:00:00,0,0,0.3745870292186737
cnn,random_search,3,1568,2024-06-05 15:00:00,0,0,0.40073394775390625
cnn,random_search,3,1569,2024-06-05 15:05:00,0,0,0.3674301207065582
cnn,random_search,3,1570,2024-06-05 15:05:00,0,0,0.3559306561946869
cnn,random_search,3,1571,2024-06-05 15:10:00,0,0,0.31168708205223083
cnn,random_search,3,1572,2024-06-05 15:10:00,0,0,0.29205191135406494
cnn,random_search,3,1573,2024-06-05 15:15:00,0,0,0.27889642119407654
cnn,random_search,3,1574,2024-06-05 15:15:00,0,0,0.29525160789489746
cnn,random_search,3,1575,2024-06-05 15:20:00,0,0,0.32544663548469543
cnn,random_search,3,1576,2024-06-05 15:20:00,0,0,0.3068014681339264
cnn,random_search,3,1577,2024-06-05 15:25:00,0,0,0.30237528681755066
cnn,random_search,3,1578,2024-06-05 15:25:00,0,0,0.32415902614593506
cnn,random_search,3,1579,2024-06-05 15:30:00,0,0,0.34725186228752136
cnn,random_search,3,1580,2024-06-05 15:30:00,0,0,0.3356127142906189
cnn,random_search,3,1581,2024-06-05 15:35:00,1,0,0.26500236988067627
cnn,random_search,3,1582,2024-06-05 15:35:00,0,0,0.3262491524219513
cnn,random_search,3,1583,2024-06-05 15:40:00,0,0,0.3714330196380615
cnn,random_search,3,1584,2024-06-05 15:40:00,1,0,0.3347771167755127
cnn,random_search,3,1585,2024-06-05 15:45:00,1,0,0.40699365735054016
cnn,random_search,3,1586,2024-06-05 15:45:00,0,0,0.4093801975250244
cnn,random_search,3,1587,2024-06-05 15:50:00,1,0,0.4582236707210541
cnn,random_search,3,1588,2024-06-05 15:50:00,0,0,0.48387032747268677
cnn,random_search,3,1589,2024-06-05 15:55:00,1,1,0.561669111251831
cnn,random_search,3,1590,2024-06-05 15:55:00,0,1,0.5435878038406372
cnn,random_search,3,1591,2024-06-05 16:00:00,0,1,0.5919927954673767
cnn,random_search,3,1592,2024-06-05 16:00:00,1,1,0.6874284148216248
cnn,random_search,3,1593,2024-06-05 16:05:00,0,1,0.5061504244804382
cnn,random_search,3,1594,2024-06-05 16:05:00,1,0,0.478561133146286
cnn,random_search,3,1595,2024-06-05 16:10:00,1,0,0.419180691242218
cnn,random_search,3,1596,2024-06-05 16:10:00,1,0,0.4329528212547302
cnn,random_search,3,1597,2024-06-05 16:15:00,1,0,0.4303797483444214
cnn,random_search,3,1598,2024-06-05 16:15:00,1,0,0.4109363555908203
cnn,random_search,3,1599,2024-06-05 16:20:00,1,0,0.49074262380599976
cnn,random_search,3,1600,2024-06-05 16:20:00,1,0,0.4738497734069824
cnn,random_search,3,1601,2024-06-05 16:25:00,1,0,0.49565955996513367
cnn,random_search,3,1602,2024-06-05 16:25:00,1,0,0.4865598976612091
cnn,random_search,3,1603,2024-06-05 16:30:00,1,0,0.45344817638397217
cnn,random_search,3,1604,2024-06-05 16:30:00,1,0,0.46868282556533813
cnn,random_search,3,1605,2024-06-05 16:35:00,1,0,0.4919761121273041
cnn,random_search,3,1606,2024-06-05 16:35:00,1,1,0.5143511295318604
cnn,random_search,3,1607,2024-06-05 16:40:00,1,1,0.5296120643615723
cnn,random_search,3,1608,2024-06-05 16:40:00,1,1,0.5474967956542969
cnn,random_search,3,1609,2024-06-05 16:45:00,1,1,0.5036453008651733
cnn,random_search,3,1610,2024-06-05 16:45:00,1,0,0.4841136038303375
cnn,random_search,3,1611,2024-06-05 16:50:00,1,1,0.5400183796882629
cnn,random_search,3,1612,2024-06-05 16:50:00,1,1,0.5427088141441345
cnn,random_search,3,1613,2024-06-05 16:55:00,0,1,0.5775197148323059
cnn,random_search,3,1614,2024-06-05 16:55:00,1,1,0.5713287591934204
cnn,random_search,3,1615,2024-06-05 17:00:00,1,1,0.5659312009811401
cnn,random_search,3,1616,2024-06-05 17:00:00,0,1,0.59535151720047
cnn,random_search,3,1617,2024-06-05 17:05:00,0,0,0.4839000701904297
cnn,random_search,3,1618,2024-06-05 17:05:00,0,0,0.49101895093917847
cnn,random_search,3,1619,2024-06-05 17:10:00,1,0,0.42754262685775757
cnn,random_search,3,1620,2024-06-05 17:10:00,1,0,0.4388563632965088
cnn,random_search,3,1621,2024-06-05 17:15:00,1,1,0.5179793834686279
cnn,random_search,3,1622,2024-06-05 17:15:00,1,1,0.5162156224250793
cnn,random_search,3,1623,2024-06-05 17:20:00,1,1,0.5422697067260742
cnn,random_search,3,1624,2024-06-05 17:20:00,1,1,0.5457117557525635
cnn,random_search,3,1625,2024-06-05 17:25:00,1,1,0.5619745254516602
cnn,random_search,3,1626,2024-06-05 17:30:00,1,1,0.5619169473648071
cnn,random_search,3,1627,2024-06-05 17:30:00,1,1,0.5961064696311951
cnn,random_search,3,1628,2024-06-05 17:35:00,1,0,0.48304277658462524
cnn,random_search,3,1629,2024-06-05 17:35:00,1,0,0.49188032746315
cnn,random_search,3,1630,2024-06-05 17:40:00,1,0,0.4595661461353302
cnn,random_search,3,1631,2024-06-05 17:40:00,1,0,0.269212931394577
cnn,random_search,3,1632,2024-06-05 17:45:00,1,1,0.5173279643058777
cnn,random_search,3,1633,2024-06-05 17:45:00,1,1,0.5307068228721619
cnn,random_search,3,1634,2024-06-05 17:50:00,1,1,0.5158025622367859
cnn,random_search,3,1635,2024-06-05 17:50:00,1,1,0.5239368081092834
cnn,random_search,3,1636,2024-06-05 17:55:00,1,1,0.5049208998680115
cnn,random_search,3,1637,2024-06-05 17:55:00,1,1,0.5203589200973511
cnn,random_search,3,1638,2024-06-06 12:40:00,0,1,0.7578758001327515
cnn,random_search,3,1639,2024-06-06 12:40:00,0,1,0.7508113384246826
cnn,random_search,3,1640,2024-06-06 12:45:00,0,1,0.6632787585258484
cnn,random_search,3,1641,2024-06-06 12:45:00,0,1,0.6629526615142822
cnn,random_search,3,1642,2024-06-06 12:50:00,0,1,0.6391841173171997
cnn,random_search,3,1643,2024-06-06 12:50:00,0,1,0.6368292570114136
cnn,random_search,3,1644,2024-06-06 12:55:00,0,1,0.7019602656364441
cnn,random_search,3,1645,2024-06-06 12:55:00,0,1,0.6554135680198669
cnn,random_search,3,1646,2024-06-06 13:00:00,0,0,0.42411696910858154
cnn,random_search,3,1647,2024-06-06 13:00:00,0,0,0.43496111035346985
cnn,random_search,3,1648,2024-06-06 13:05:00,0,0,0.33750373125076294
cnn,random_search,3,1649,2024-06-06 13:05:00,0,0,0.2896512746810913
cnn,random_search,3,1650,2024-06-06 13:10:00,0,0,0.32156941294670105
cnn,random_search,3,1651,2024-06-06 13:10:00,0,0,0.3451792895793915
cnn,random_search,3,1652,2024-06-06 13:15:00,0,0,0.4155292510986328
cnn,random_search,3,1653,2024-06-06 13:15:00,0,0,0.4049217998981476
cnn,random_search,3,1654,2024-06-06 13:20:00,0,0,0.39111360907554626
cnn,random_search,3,1655,2024-06-06 13:20:00,0,0,0.41084834933280945
cnn,random_search,3,1656,2024-06-06 13:25:00,0,0,0.40190839767456055
cnn,random_search,3,1657,2024-06-06 13:25:00,0,0,0.41327375173568726
cnn,random_search,3,1658,2024-06-06 13:30:00,0,0,0.38483428955078125
cnn,random_search,3,1659,2024-06-06 13:30:00,0,0,0.3870007395744324
cnn,random_search,3,1660,2024-06-06 13:35:00,0,0,0.3405326008796692
cnn,random_search,3,1661,2024-06-06 13:35:00,0,0,0.356035977602005
cnn,random_search,3,1662,2024-06-06 13:40:00,1,0,0.33131006360054016
cnn,random_search,3,1663,2024-06-06 13:40:00,0,0,0.324530690908432
cnn,random_search,3,1664,2024-06-06 13:45:00,1,0,0.3312051594257355
cnn,random_search,3,1665,2024-06-06 13:45:00,1,0,0.2878148853778839
cnn,random_search,3,1666,2024-06-06 13:50:00,1,0,0.389728844165802
cnn,random_search,3,1667,2024-06-06 13:50:00,1,0,0.3789616823196411
cnn,random_search,3,1668,2024-06-06 13:55:00,1,0,0.4433239698410034
cnn,random_search,3,1669,2024-06-06 13:55:00,1,0,0.43829143047332764
cnn,random_search,3,1670,2024-06-06 14:00:00,1,1,0.5479466915130615
cnn,random_search,3,1671,2024-06-06 14:00:00,1,1,0.5542876124382019
cnn,random_search,3,1672,2024-06-06 14:05:00,1,1,0.5633230805397034
cnn,random_search,3,1673,2024-06-06 14:05:00,1,1,0.5995316505432129
cnn,random_search,3,1674,2024-06-06 14:10:00,1,1,0.6395801305770874
cnn,random_search,3,1675,2024-06-06 14:10:00,1,1,0.5484729409217834
cnn,random_search,3,1676,2024-06-06 14:15:00,1,1,0.5584021210670471
cnn,random_search,3,1677,2024-06-06 14:15:00,1,1,0.5711966156959534
cnn,random_search,3,1678,2024-06-06 14:20:00,1,1,0.6304321885108948
cnn,random_search,3,1679,2024-06-06 14:20:00,1,1,0.6359389424324036
cnn,random_search,3,1680,2024-06-06 14:25:00,1,1,0.6645147204399109
cnn,random_search,3,1681,2024-06-06 14:25:00,1,1,0.6721238493919373
cnn,random_search,3,1682,2024-06-06 14:30:00,1,1,0.6968276500701904
cnn,random_search,3,1683,2024-06-06 14:30:00,1,1,0.682311475276947
cnn,random_search,3,1684,2024-06-06 14:35:00,1,1,0.7089235782623291
cnn,random_search,3,1685,2024-06-06 14:35:00,1,1,0.7122910022735596
cnn,random_search,3,1686,2024-06-06 14:40:00,1,1,0.6738800406455994
cnn,random_search,3,1687,2024-06-06 14:40:00,0,1,0.6979159712791443
cnn,random_search,3,1688,2024-06-06 14:45:00,0,1,0.5656684041023254
cnn,random_search,3,1689,2024-06-06 14:45:00,1,1,0.5361170172691345
cnn,random_search,3,1690,2024-06-06 14:50:00,0,0,0.4132826626300812
cnn,random_search,3,1691,2024-06-06 14:50:00,1,0,0.41453424096107483
cnn,random_search,3,1692,2024-06-06 14:55:00,0,0,0.33656710386276245
cnn,random_search,3,1693,2024-06-06 14:55:00,1,0,0.3808066248893738
cnn,random_search,3,1694,2024-06-06 15:00:00,1,0,0.3811527490615845
cnn,random_search,3,1695,2024-06-06 15:00:00,0,0,0.3598981499671936
cnn,random_search,3,1696,2024-06-06 15:05:00,1,0,0.3097774088382721
cnn,random_search,3,1697,2024-06-06 15:05:00,1,0,0.32443907856941223
cnn,random_search,3,1698,2024-06-06 15:10:00,1,0,0.2846836745738983
cnn,random_search,3,1699,2024-06-06 15:10:00,1,0,0.27350127696990967
cnn,random_search,3,1700,2024-06-06 15:15:00,1,0,0.40973731875419617
cnn,random_search,3,1701,2024-06-06 15:15:00,1,0,0.41356492042541504
cnn,random_search,3,1702,2024-06-06 15:20:00,1,0,0.4772875905036926
cnn,random_search,3,1703,2024-06-06 15:20:00,1,0,0.4891088902950287
cnn,random_search,3,1704,2024-06-06 15:25:00,1,1,0.5314486026763916
cnn,random_search,3,1705,2024-06-06 15:25:00,1,1,0.525997519493103
cnn,random_search,3,1706,2024-06-06 15:30:00,1,1,0.5466957092285156
cnn,random_search,3,1707,2024-06-06 15:30:00,1,1,0.5452131628990173
cnn,random_search,3,1708,2024-06-06 15:35:00,1,1,0.5967398881912231
cnn,random_search,3,1709,2024-06-06 15:35:00,1,1,0.5745773315429688
cnn,random_search,3,1710,2024-06-06 15:40:00,1,1,0.6016605496406555
cnn,random_search,3,1711,2024-06-06 15:40:00,1,1,0.6137633323669434
cnn,random_search,3,1712,2024-06-06 15:45:00,1,1,0.6396850943565369
cnn,random_search,3,1713,2024-06-06 15:45:00,1,1,0.6901009678840637
cnn,random_search,3,1714,2024-06-06 15:50:00,1,1,0.5464159846305847
cnn,random_search,3,1715,2024-06-06 15:50:00,1,1,0.5382723212242126
cnn,random_search,3,1716,2024-06-06 15:55:00,1,0,0.43591415882110596
cnn,random_search,3,1717,2024-06-06 15:55:00,1,0,0.44862493872642517
cnn,random_search,3,1718,2024-06-06 16:00:00,1,0,0.36946970224380493
cnn,random_search,3,1719,2024-06-06 16:00:00,1,0,0.3676990866661072
cnn,random_search,3,1720,2024-06-06 16:05:00,1,0,0.37791743874549866
cnn,random_search,3,1721,2024-06-06 16:05:00,1,0,0.3571535348892212
cnn,random_search,3,1722,2024-06-06 16:10:00,1,0,0.3740484416484833
cnn,random_search,3,1723,2024-06-06 16:10:00,1,0,0.3432106673717499
cnn,random_search,3,1724,2024-06-06 16:15:00,1,0,0.38059037923812866
cnn,random_search,3,1725,2024-06-06 16:15:00,1,0,0.3974359631538391
cnn,random_search,3,1726,2024-06-06 16:20:00,1,0,0.3055841624736786
cnn,random_search,3,1727,2024-06-06 16:20:00,1,0,0.36878201365470886
cnn,random_search,3,1728,2024-06-06 16:25:00,1,0,0.3598231077194214
cnn,random_search,3,1729,2024-06-06 16:25:00,1,0,0.3836936056613922
cnn,random_search,3,1730,2024-06-06 16:30:00,1,0,0.3474508821964264
cnn,random_search,3,1731,2024-06-06 16:30:00,1,0,0.37076300382614136
cnn,random_search,3,1732,2024-06-06 16:35:00,1,0,0.42034095525741577
cnn,random_search,3,1733,2024-06-06 16:35:00,1,0,0.41999101638793945
cnn,random_search,3,1734,2024-06-06 16:40:00,1,1,0.5394070148468018
cnn,random_search,3,1735,2024-06-06 16:40:00,1,1,0.5477394461631775
cnn,random_search,3,1736,2024-06-06 16:45:00,1,1,0.5978769063949585
cnn,random_search,3,1737,2024-06-06 16:45:00,1,1,0.5936793684959412
cnn,random_search,3,1738,2024-06-06 16:50:00,1,1,0.6438331007957458
cnn,random_search,3,1739,2024-06-06 16:50:00,1,1,0.6660978198051453
cnn,random_search,3,1740,2024-06-06 16:55:00,0,1,0.6822291016578674
cnn,random_search,3,1741,2024-06-06 16:55:00,0,1,0.6618744730949402
cnn,random_search,3,1742,2024-06-06 17:00:00,0,1,0.6824420094490051
cnn,random_search,3,1743,2024-06-06 17:00:00,0,1,0.6255948543548584
cnn,random_search,3,1744,2024-06-06 17:05:00,0,1,0.6152704954147339
cnn,random_search,3,1745,2024-06-06 17:05:00,0,1,0.559998095035553
cnn,random_search,3,1746,2024-06-06 17:10:00,0,1,0.5685849785804749
cnn,random_search,3,1747,2024-06-06 17:10:00,0,1,0.5520501136779785
cnn,random_search,3,1748,2024-06-06 17:15:00,0,1,0.5924016833305359
cnn,random_search,3,1749,2024-06-06 17:15:00,0,1,0.5681188702583313
cnn,random_search,3,1750,2024-06-06 17:20:00,0,1,0.5811468958854675
cnn,random_search,3,1751,2024-06-06 17:20:00,0,1,0.5627521276473999
cnn,random_search,3,1752,2024-06-06 17:25:00,0,1,0.5219683647155762
cnn,random_search,3,1753,2024-06-06 17:25:00,0,1,0.5555396676063538
cnn,random_search,3,1754,2024-06-06 17:30:00,0,1,0.5478605628013611
cnn,random_search,3,1755,2024-06-06 17:30:00,0,1,0.5363922119140625
cnn,random_search,3,1756,2024-06-06 17:35:00,0,1,0.5721704959869385
cnn,random_search,3,1757,2024-06-06 17:35:00,0,1,0.5632903575897217
cnn,random_search,3,1758,2024-06-06 17:40:00,0,1,0.50560462474823
cnn,random_search,3,1759,2024-06-06 17:40:00,0,1,0.5159992575645447
cnn,random_search,3,1760,2024-06-06 17:45:00,0,0,0.4781109094619751
cnn,random_search,3,1761,2024-06-06 17:45:00,0,0,0.49471667408943176
cnn,random_search,3,1762,2024-06-06 17:50:00,0,1,0.5353928208351135
cnn,random_search,3,1763,2024-06-06 17:50:00,0,1,0.5356338024139404
cnn,random_search,3,1764,2024-06-06 17:55:00,0,0,0.48890575766563416
cnn,random_search,3,1765,2024-06-06 17:55:00,1,1,0.50216144323349
cnn,random_search,3,1766,2024-06-07 17:10:00,1,0,0.4241636395454407
cnn,random_search,3,1767,2024-06-07 17:15:00,1,0,0.32288888096809387
cnn,random_search,3,1768,2024-06-07 17:20:00,1,1,0.528415858745575
cnn,random_search,3,1769,2024-06-07 17:25:00,1,1,0.5276152491569519
cnn,random_search,3,1770,2024-06-07 17:30:00,1,1,0.5468989014625549
cnn,random_search,3,1771,2024-06-07 17:35:00,1,0,0.48339685797691345
cnn,random_search,3,1772,2024-06-07 17:40:00,1,0,0.43766719102859497
cnn,random_search,3,1773,2024-06-07 17:45:00,1,0,0.37835612893104553
cnn,random_search,3,1774,2024-06-07 17:50:00,1,0,0.4307786524295807
cnn,random_search,3,1775,2024-06-07 17:55:00,1,0,0.4124799370765686
cnn,random_search,3,1776,2024-06-10 10:40:00,1,1,0.6794105768203735
cnn,random_search,3,1777,2024-06-10 10:45:00,1,1,0.7183384895324707
cnn,random_search,3,1778,2024-06-10 10:50:00,1,1,0.7001527547836304
cnn,random_search,3,1779,2024-06-10 10:55:00,1,1,0.62339186668396
cnn,random_search,3,1780,2024-06-10 11:00:00,1,1,0.5690816044807434
cnn,random_search,3,1781,2024-06-10 11:05:00,1,1,0.5309476852416992
cnn,random_search,3,1782,2024-06-10 11:10:00,1,1,0.5584644675254822
cnn,random_search,3,1783,2024-06-10 11:15:00,1,1,0.6168200969696045
cnn,random_search,3,1784,2024-06-10 11:20:00,1,1,0.6485075950622559
cnn,random_search,3,1785,2024-06-10 11:25:00,1,1,0.6390257477760315
cnn,random_search,3,1786,2024-06-10 11:30:00,1,1,0.564929723739624
cnn,random_search,3,1787,2024-06-10 11:35:00,1,1,0.5642384886741638
cnn,random_search,3,1788,2024-06-10 11:40:00,1,1,0.5875464081764221
cnn,random_search,3,1789,2024-06-10 11:45:00,1,1,0.6029165387153625
cnn,random_search,3,1790,2024-06-10 11:50:00,0,1,0.6252210140228271
cnn,random_search,3,1791,2024-06-10 11:50:00,0,1,0.619738757610321
cnn,random_search,3,1792,2024-06-10 11:55:00,0,1,0.5196468830108643
cnn,random_search,3,1793,2024-06-10 11:55:00,0,1,0.5289533734321594
cnn,random_search,3,1794,2024-06-10 12:00:00,0,0,0.4858204424381256
cnn,random_search,3,1795,2024-06-10 12:00:00,0,0,0.48596763610839844
cnn,random_search,3,1796,2024-06-10 12:05:00,0,0,0.4528191089630127
cnn,random_search,3,1797,2024-06-10 12:05:00,0,0,0.47307443618774414
cnn,random_search,3,1798,2024-06-10 12:10:00,0,0,0.41603824496269226
cnn,random_search,3,1799,2024-06-10 12:10:00,0,0,0.4066011607646942
cnn,random_search,3,1800,2024-06-10 12:15:00,0,0,0.43044257164001465
cnn,random_search,3,1801,2024-06-10 12:15:00,0,0,0.4315483272075653
cnn,random_search,3,1802,2024-06-10 12:20:00,0,0,0.4398815631866455
cnn,random_search,3,1803,2024-06-10 12:20:00,0,0,0.43451839685440063
cnn,random_search,3,1804,2024-06-10 12:25:00,0,0,0.41289782524108887
cnn,random_search,3,1805,2024-06-10 12:25:00,0,0,0.41584622859954834
cnn,random_search,3,1806,2024-06-10 12:30:00,0,0,0.39233943819999695
cnn,random_search,3,1807,2024-06-10 12:30:00,0,0,0.3913932144641876
cnn,random_search,3,1808,2024-06-10 12:35:00,0,0,0.4130305051803589
cnn,random_search,3,1809,2024-06-10 12:35:00,0,0,0.4066450297832489
cnn,random_search,3,1810,2024-06-10 12:40:00,0,0,0.44801342487335205
cnn,random_search,3,1811,2024-06-10 12:40:00,0,0,0.4453386068344116
cnn,random_search,3,1812,2024-06-10 12:45:00,0,0,0.44540590047836304
cnn,random_search,3,1813,2024-06-10 12:45:00,0,0,0.43782755732536316
cnn,random_search,3,1814,2024-06-10 12:50:00,1,0,0.4099527895450592
cnn,random_search,3,1815,2024-06-10 12:50:00,0,0,0.4124894440174103
cnn,random_search,3,1816,2024-06-10 12:55:00,1,0,0.4410346448421478
cnn,random_search,3,1817,2024-06-10 12:55:00,0,0,0.43404263257980347
cnn,random_search,3,1818,2024-06-10 13:00:00,1,0,0.4733450710773468
cnn,random_search,3,1819,2024-06-10 13:00:00,0,0,0.46405208110809326
cnn,random_search,3,1820,2024-06-10 13:05:00,1,1,0.5219483971595764
cnn,random_search,3,1821,2024-06-10 13:05:00,0,1,0.5195302367210388
cnn,random_search,3,1822,2024-06-10 13:10:00,0,1,0.5676530599594116
cnn,random_search,3,1823,2024-06-10 13:10:00,0,1,0.5658605694770813
cnn,random_search,3,1824,2024-06-10 13:15:00,0,1,0.5485672950744629
cnn,random_search,3,1825,2024-06-10 13:15:00,0,1,0.5461826324462891
cnn,random_search,3,1826,2024-06-10 13:20:00,0,1,0.5180490612983704
cnn,random_search,3,1827,2024-06-10 13:20:00,0,1,0.5172324180603027
cnn,random_search,3,1828,2024-06-10 13:25:00,0,0,0.46790799498558044
cnn,random_search,3,1829,2024-06-10 13:25:00,0,0,0.4758452773094177
cnn,random_search,3,1830,2024-06-10 13:30:00,0,0,0.4231361448764801
cnn,random_search,3,1831,2024-06-10 13:30:00,0,0,0.4326731264591217
cnn,random_search,3,1832,2024-06-10 13:35:00,0,0,0.43905845284461975
cnn,random_search,3,1833,2024-06-10 13:35:00,0,0,0.44465553760528564
cnn,random_search,3,1834,2024-06-10 13:40:00,0,0,0.49788355827331543
cnn,random_search,3,1835,2024-06-10 13:40:00,0,0,0.49573251605033875
cnn,random_search,3,1836,2024-06-10 13:45:00,0,0,0.45832306146621704
cnn,random_search,3,1837,2024-06-10 13:45:00,0,0,0.4590502381324768
cnn,random_search,3,1838,2024-06-10 13:50:00,0,0,0.4762335419654846
cnn,random_search,3,1839,2024-06-10 13:50:00,0,0,0.47393500804901123
cnn,random_search,3,1840,2024-06-10 13:55:00,0,0,0.48005226254463196
cnn,random_search,3,1841,2024-06-10 13:55:00,0,0,0.4858350157737732
cnn,random_search,3,1842,2024-06-10 14:00:00,0,1,0.507474958896637
cnn,random_search,3,1843,2024-06-10 14:00:00,0,1,0.5060044527053833
cnn,random_search,3,1844,2024-06-10 14:05:00,0,1,0.5102550983428955
cnn,random_search,3,1845,2024-06-10 14:05:00,0,1,0.5136563181877136
cnn,random_search,3,1846,2024-06-10 14:10:00,0,0,0.4555719196796417
cnn,random_search,3,1847,2024-06-10 14:10:00,0,0,0.45811039209365845
cnn,random_search,3,1848,2024-06-10 14:15:00,0,0,0.42715272307395935
cnn,random_search,3,1849,2024-06-10 14:15:00,0,0,0.42246878147125244
cnn,random_search,3,1850,2024-06-10 14:20:00,0,0,0.40253180265426636
cnn,random_search,3,1851,2024-06-10 14:20:00,0,0,0.39558863639831543
cnn,random_search,3,1852,2024-06-10 14:25:00,0,0,0.42143458127975464
cnn,random_search,3,1853,2024-06-10 14:25:00,0,0,0.42780110239982605
cnn,random_search,3,1854,2024-06-10 14:30:00,0,0,0.4478214681148529
cnn,random_search,3,1855,2024-06-10 14:30:00,0,0,0.4529425799846649
cnn,random_search,3,1856,2024-06-10 14:35:00,0,0,0.47643887996673584
cnn,random_search,3,1857,2024-06-10 14:35:00,0,0,0.4857042133808136
cnn,random_search,3,1858,2024-06-10 14:40:00,0,0,0.48589128255844116
cnn,random_search,3,1859,2024-06-10 14:40:00,0,0,0.4898628890514374
cnn,random_search,3,1860,2024-06-10 14:45:00,0,1,0.5499666929244995
cnn,random_search,3,1861,2024-06-10 14:45:00,0,1,0.5491053462028503
cnn,random_search,3,1862,2024-06-10 14:50:00,0,1,0.533693790435791
cnn,random_search,3,1863,2024-06-10 14:50:00,0,1,0.5419487953186035
cnn,random_search,3,1864,2024-06-10 14:55:00,0,0,0.4325852394104004
cnn,random_search,3,1865,2024-06-10 14:55:00,0,0,0.4323084354400635
cnn,random_search,3,1866,2024-06-10 15:00:00,0,0,0.3475334346294403
cnn,random_search,3,1867,2024-06-10 15:00:00,0,0,0.3493158519268036
cnn,random_search,3,1868,2024-06-10 15:05:00,0,0,0.3389202356338501
cnn,random_search,3,1869,2024-06-10 15:05:00,0,0,0.3487682640552521
cnn,random_search,3,1870,2024-06-10 15:10:00,0,0,0.3378428518772125
cnn,random_search,3,1871,2024-06-10 15:10:00,0,0,0.34357312321662903
cnn,random_search,3,1872,2024-06-10 15:15:00,0,0,0.3758159875869751
cnn,random_search,3,1873,2024-06-10 15:15:00,0,0,0.38101592659950256
cnn,random_search,3,1874,2024-06-10 15:20:00,1,0,0.3732937276363373
cnn,random_search,3,1875,2024-06-10 15:20:00,1,0,0.3666975200176239
cnn,random_search,3,1876,2024-06-10 15:25:00,1,0,0.40096768736839294
cnn,random_search,3,1877,2024-06-10 15:25:00,1,0,0.4140155613422394
cnn,random_search,3,1878,2024-06-10 15:30:00,1,0,0.44016093015670776
cnn,random_search,3,1879,2024-06-10 15:30:00,1,0,0.44576266407966614
cnn,random_search,3,1880,2024-06-10 15:35:00,1,1,0.5911054611206055
cnn,random_search,3,1881,2024-06-10 15:35:00,1,1,0.5900113582611084
cnn,random_search,3,1882,2024-06-10 15:40:00,0,1,0.6534423232078552
cnn,random_search,3,1883,2024-06-10 15:40:00,0,1,0.6515411734580994
cnn,random_search,3,1884,2024-06-10 15:45:00,0,1,0.6323655247688293
cnn,random_search,3,1885,2024-06-10 15:45:00,0,1,0.6376950740814209
cnn,random_search,3,1886,2024-06-10 15:50:00,0,1,0.6190075278282166
cnn,random_search,3,1887,2024-06-10 15:50:00,0,1,0.6218010187149048
cnn,random_search,3,1888,2024-06-10 15:55:00,0,1,0.5667583346366882
cnn,random_search,3,1889,2024-06-10 15:55:00,0,1,0.5631654858589172
cnn,random_search,3,1890,2024-06-10 16:00:00,0,1,0.5598724484443665
cnn,random_search,3,1891,2024-06-10 16:00:00,0,1,0.5585858225822449
cnn,random_search,3,1892,2024-06-10 16:05:00,0,0,0.4615629315376282
cnn,random_search,3,1893,2024-06-10 16:05:00,0,0,0.4600994288921356
cnn,random_search,3,1894,2024-06-10 16:10:00,0,1,0.5113728642463684
cnn,random_search,3,1895,2024-06-10 16:10:00,0,1,0.5112415552139282
cnn,random_search,3,1896,2024-06-10 16:15:00,0,1,0.5224079489707947
cnn,random_search,3,1897,2024-06-10 16:15:00,0,1,0.5220867395401001
cnn,random_search,3,1898,2024-06-10 16:20:00,0,1,0.5299971699714661
cnn,random_search,3,1899,2024-06-10 16:20:00,0,1,0.5312368273735046
cnn,random_search,3,1900,2024-06-10 16:25:00,0,0,0.4895552694797516
cnn,random_search,3,1901,2024-06-10 16:25:00,0,0,0.47771844267845154
cnn,random_search,3,1902,2024-06-10 16:30:00,0,0,0.4127209484577179
cnn,random_search,3,1903,2024-06-10 16:30:00,0,0,0.40733015537261963
cnn,random_search,3,1904,2024-06-10 16:35:00,0,0,0.39444422721862793
cnn,random_search,3,1905,2024-06-10 16:35:00,0,0,0.3779025375843048
cnn,random_search,3,1906,2024-06-10 16:40:00,0,0,0.486345112323761
cnn,random_search,3,1907,2024-06-10 16:40:00,0,0,0.4907470941543579
cnn,random_search,3,1908,2024-06-10 16:45:00,0,0,0.45258212089538574
cnn,random_search,3,1909,2024-06-10 16:45:00,0,0,0.46143510937690735
cnn,random_search,3,1910,2024-06-10 16:50:00,0,0,0.4120134711265564
cnn,random_search,3,1911,2024-06-10 16:50:00,0,0,0.37438979744911194
cnn,random_search,3,1912,2024-06-10 16:55:00,0,0,0.42051225900650024
cnn,random_search,3,1913,2024-06-10 16:55:00,0,0,0.4072229266166687
cnn,random_search,3,1914,2024-06-10 17:00:00,0,0,0.4483141601085663
cnn,random_search,3,1915,2024-06-10 17:00:00,1,0,0.4433099925518036
cnn,random_search,3,1916,2024-06-10 17:05:00,1,0,0.4268386960029602
cnn,random_search,3,1917,2024-06-10 17:05:00,0,0,0.43731892108917236
cnn,random_search,3,1918,2024-06-10 17:10:00,1,0,0.4845857620239258
cnn,random_search,3,1919,2024-06-10 17:10:00,0,0,0.4800608456134796
cnn,random_search,3,1920,2024-06-10 17:15:00,1,0,0.47292065620422363
cnn,random_search,3,1921,2024-06-10 17:15:00,1,0,0.46756312251091003
cnn,random_search,3,1922,2024-06-10 17:20:00,1,0,0.45905908942222595
cnn,random_search,3,1923,2024-06-10 17:20:00,1,0,0.4588068127632141
cnn,random_search,3,1924,2024-06-10 17:25:00,1,1,0.5145456194877625
cnn,random_search,3,1925,2024-06-10 17:25:00,1,1,0.5145959258079529
cnn,random_search,3,1926,2024-06-10 17:30:00,1,1,0.5660786628723145
cnn,random_search,3,1927,2024-06-10 17:30:00,1,1,0.5611288547515869
cnn,random_search,3,1928,2024-06-10 17:35:00,1,1,0.5898531079292297
cnn,random_search,3,1929,2024-06-10 17:35:00,1,1,0.5980985164642334
cnn,random_search,3,1930,2024-06-10 17:40:00,1,1,0.573837399482727
cnn,random_search,3,1931,2024-06-10 17:40:00,1,1,0.5711014866828918
cnn,random_search,3,1932,2024-06-10 17:45:00,1,1,0.5696036219596863
cnn,random_search,3,1933,2024-06-10 17:45:00,1,1,0.5639243125915527
cnn,random_search,3,1934,2024-06-10 17:50:00,1,1,0.5298603177070618
cnn,random_search,3,1935,2024-06-10 17:50:00,1,1,0.5306338667869568
cnn,random_search,3,1936,2024-06-10 17:55:00,0,1,0.5345025658607483
cnn,random_search,3,1937,2024-06-10 17:55:00,0,1,0.5337473750114441
cnn,random_search,3,1938,2024-06-12 10:40:00,0,0,0.3150104284286499
cnn,random_search,3,1939,2024-06-12 10:40:00,0,0,0.31633639335632324
cnn,random_search,3,1940,2024-06-12 10:45:00,0,0,0.3310486078262329
cnn,random_search,3,1941,2024-06-12 10:45:00,0,0,0.33124420046806335
cnn,random_search,3,1942,2024-06-12 10:50:00,0,0,0.31294044852256775
cnn,random_search,3,1943,2024-06-12 10:50:00,0,0,0.313294917345047
cnn,random_search,3,1944,2024-06-12 10:55:00,0,0,0.3295924961566925
cnn,random_search,3,1945,2024-06-12 10:55:00,0,0,0.328107625246048
cnn,random_search,3,1946,2024-06-12 11:00:00,1,0,0.2964378595352173
cnn,random_search,3,1947,2024-06-12 11:00:00,0,0,0.29846498370170593
cnn,random_search,3,1948,2024-06-12 11:05:00,0,0,0.2883920669555664
cnn,random_search,3,1949,2024-06-12 11:05:00,1,0,0.2869887351989746
cnn,random_search,3,1950,2024-06-12 11:10:00,1,0,0.30190134048461914
cnn,random_search,3,1951,2024-06-12 11:10:00,1,0,0.30161479115486145
cnn,random_search,3,1952,2024-06-12 11:15:00,1,0,0.32553350925445557
cnn,random_search,3,1953,2024-06-12 11:15:00,1,0,0.3250581920146942
cnn,random_search,3,1954,2024-06-12 11:20:00,1,0,0.3840048015117645
cnn,random_search,3,1955,2024-06-12 11:20:00,1,0,0.3889288604259491
cnn,random_search,3,1956,2024-06-12 11:25:00,1,0,0.4803466200828552
cnn,random_search,3,1957,2024-06-12 11:25:00,1,0,0.48784318566322327
cnn,random_search,3,1958,2024-06-12 11:30:00,1,0,0.4738987982273102
cnn,random_search,3,1959,2024-06-12 11:30:00,1,0,0.4835483133792877
cnn,random_search,3,1960,2024-06-12 11:35:00,1,0,0.4301244020462036
cnn,random_search,3,1961,2024-06-12 11:35:00,1,0,0.4425390362739563
cnn,random_search,3,1962,2024-06-12 11:40:00,1,0,0.4169853627681732
cnn,random_search,3,1963,2024-06-12 11:40:00,1,0,0.42626434564590454
cnn,random_search,3,1964,2024-06-12 11:45:00,1,0,0.3927878141403198
cnn,random_search,3,1965,2024-06-12 11:45:00,1,0,0.39897260069847107
cnn,random_search,3,1966,2024-06-12 11:50:00,1,0,0.40368935465812683
cnn,random_search,3,1967,2024-06-12 11:50:00,1,0,0.4088069796562195
cnn,random_search,3,1968,2024-06-12 11:55:00,1,0,0.4092066287994385
cnn,random_search,3,1969,2024-06-12 11:55:00,1,0,0.4054465591907501
cnn,random_search,3,1970,2024-06-12 12:00:00,1,0,0.3841860592365265
cnn,random_search,3,1971,2024-06-12 12:00:00,1,0,0.387182354927063
cnn,random_search,3,1972,2024-06-12 12:05:00,1,0,0.363706111907959
cnn,random_search,3,1973,2024-06-12 12:05:00,1,0,0.3625255525112152
cnn,random_search,3,1974,2024-06-12 12:10:00,1,0,0.34520629048347473
cnn,random_search,3,1975,2024-06-12 12:10:00,1,0,0.3467842936515808
cnn,random_search,3,1976,2024-06-12 12:15:00,1,0,0.3589586615562439
cnn,random_search,3,1977,2024-06-12 12:15:00,1,0,0.3635779321193695
cnn,random_search,3,1978,2024-06-12 12:20:00,1,0,0.45341944694519043
cnn,random_search,3,1979,2024-06-12 12:20:00,1,0,0.452208548784256
cnn,random_search,3,1980,2024-06-12 12:25:00,1,1,0.5544428825378418
cnn,random_search,3,1981,2024-06-12 12:25:00,1,1,0.5676049590110779
cnn,random_search,3,1982,2024-06-12 12:30:00,1,1,0.5643795728683472
cnn,random_search,3,1983,2024-06-12 12:30:00,1,1,0.5809475779533386
cnn,random_search,3,1984,2024-06-12 12:35:00,1,1,0.5792283415794373
cnn,random_search,3,1985,2024-06-12 12:35:00,1,1,0.5866312384605408
cnn,random_search,3,1986,2024-06-12 12:40:00,1,1,0.602708101272583
cnn,random_search,3,1987,2024-06-12 12:40:00,1,1,0.6119508147239685
cnn,random_search,3,1988,2024-06-12 12:45:00,1,1,0.6027693152427673
cnn,random_search,3,1989,2024-06-12 12:45:00,1,1,0.5981545448303223
cnn,random_search,3,1990,2024-06-12 12:50:00,1,1,0.5994710922241211
cnn,random_search,3,1991,2024-06-12 12:50:00,1,1,0.6031145453453064
cnn,random_search,3,1992,2024-06-12 12:55:00,1,1,0.5838506817817688
cnn,random_search,3,1993,2024-06-12 12:55:00,1,1,0.593262791633606
cnn,random_search,3,1994,2024-06-12 13:00:00,1,1,0.5852360725402832
cnn,random_search,3,1995,2024-06-12 13:00:00,1,1,0.5780113935470581
cnn,random_search,3,1996,2024-06-12 13:05:00,1,0,0.49178484082221985
cnn,random_search,3,1997,2024-06-12 13:05:00,1,1,0.502717912197113
cnn,random_search,3,1998,2024-06-12 13:10:00,1,0,0.4289487302303314
cnn,random_search,3,1999,2024-06-12 13:10:00,1,0,0.41767415404319763
cnn,random_search,3,2000,2024-06-12 13:15:00,1,0,0.46495333313941956
cnn,random_search,3,2001,2024-06-12 13:15:00,1,0,0.46982651948928833
cnn,random_search,3,2002,2024-06-12 13:20:00,1,1,0.5234977006912231
cnn,random_search,3,2003,2024-06-12 13:20:00,1,1,0.5134322047233582
cnn,random_search,3,2004,2024-06-12 13:25:00,1,1,0.5851662755012512
cnn,random_search,3,2005,2024-06-12 13:25:00,1,1,0.5802107453346252
cnn,random_search,3,2006,2024-06-12 13:30:00,1,1,0.6448633670806885
cnn,random_search,3,2007,2024-06-12 13:30:00,1,1,0.6482744812965393
cnn,random_search,3,2008,2024-06-12 13:35:00,1,1,0.6766062378883362
cnn,random_search,3,2009,2024-06-12 13:35:00,1,1,0.6726577281951904
cnn,random_search,3,2010,2024-06-12 13:40:00,1,1,0.690862774848938
cnn,random_search,3,2011,2024-06-12 13:40:00,1,1,0.6838554739952087
cnn,random_search,3,2012,2024-06-12 13:45:00,1,1,0.6212130784988403
cnn,random_search,3,2013,2024-06-12 13:45:00,1,1,0.6403070092201233
cnn,random_search,3,2014,2024-06-12 13:50:00,0,1,0.6375770568847656
cnn,random_search,3,2015,2024-06-12 13:50:00,1,1,0.6464381217956543
cnn,random_search,3,2016,2024-06-12 13:55:00,1,1,0.5696394443511963
cnn,random_search,3,2017,2024-06-12 13:55:00,0,1,0.5755333304405212
cnn,random_search,3,2018,2024-06-12 14:00:00,0,0,0.42484256625175476
cnn,random_search,3,2019,2024-06-12 14:00:00,1,0,0.40258461236953735
cnn,random_search,3,2020,2024-06-12 14:05:00,0,0,0.346847265958786
cnn,random_search,3,2021,2024-06-12 14:05:00,1,0,0.313507616519928
cnn,random_search,3,2022,2024-06-12 14:10:00,0,0,0.37882429361343384
cnn,random_search,3,2023,2024-06-12 14:10:00,1,0,0.33949634432792664
cnn,random_search,3,2024,2024-06-12 14:15:00,1,0,0.3253794014453888
cnn,random_search,3,2025,2024-06-12 14:15:00,0,0,0.3926871418952942
cnn,random_search,3,2026,2024-06-12 14:20:00,1,0,0.457605242729187
cnn,random_search,3,2027,2024-06-12 14:20:00,0,0,0.48184776306152344
cnn,random_search,3,2028,2024-06-12 14:25:00,1,0,0.4801415205001831
cnn,random_search,3,2029,2024-06-12 14:25:00,0,0,0.4823436439037323
cnn,random_search,3,2030,2024-06-12 14:30:00,0,1,0.5547166466712952
cnn,random_search,3,2031,2024-06-12 14:30:00,1,1,0.5518878698348999
cnn,random_search,3,2032,2024-06-12 14:35:00,0,1,0.5953818559646606
cnn,random_search,3,2033,2024-06-12 14:35:00,1,1,0.6085709929466248
cnn,random_search,3,2034,2024-06-12 14:40:00,1,1,0.6406357884407043
cnn,random_search,3,2035,2024-06-12 14:40:00,0,1,0.6110602617263794
cnn,random_search,3,2036,2024-06-12 14:45:00,0,1,0.6481441259384155
cnn,random_search,3,2037,2024-06-12 14:45:00,0,1,0.6191191077232361
cnn,random_search,3,2038,2024-06-12 14:50:00,0,1,0.574279248714447
cnn,random_search,3,2039,2024-06-12 14:50:00,0,1,0.5749974250793457
cnn,random_search,3,2040,2024-06-12 14:55:00,0,1,0.5734426975250244
cnn,random_search,3,2041,2024-06-12 14:55:00,0,1,0.5544195175170898
cnn,random_search,3,2042,2024-06-12 15:00:00,0,0,0.4083690643310547
cnn,random_search,3,2043,2024-06-12 15:00:00,0,0,0.45962485671043396
cnn,random_search,3,2044,2024-06-12 15:05:00,0,0,0.43866249918937683
cnn,random_search,3,2045,2024-06-12 15:05:00,0,0,0.41727662086486816
cnn,random_search,3,2046,2024-06-12 15:10:00,0,0,0.36016762256622314
cnn,random_search,3,2047,2024-06-12 15:10:00,0,0,0.40510037541389465
cnn,random_search,3,2048,2024-06-12 15:15:00,0,0,0.4690782129764557
cnn,random_search,3,2049,2024-06-12 15:15:00,0,0,0.44291022419929504
cnn,random_search,3,2050,2024-06-12 15:20:00,0,0,0.4408239722251892
cnn,random_search,3,2051,2024-06-12 15:20:00,0,0,0.4741770923137665
cnn,random_search,3,2052,2024-06-12 15:25:00,0,0,0.466329962015152
cnn,random_search,3,2053,2024-06-12 15:25:00,0,0,0.49177664518356323
cnn,random_search,3,2054,2024-06-12 15:30:00,0,0,0.4239766299724579
cnn,random_search,3,2055,2024-06-12 15:30:00,0,0,0.4825917184352875
cnn,random_search,3,2056,2024-06-12 15:35:00,0,0,0.4098309278488159
cnn,random_search,3,2057,2024-06-12 15:35:00,0,0,0.438409686088562
cnn,random_search,3,2058,2024-06-12 15:40:00,0,0,0.40294212102890015
cnn,random_search,3,2059,2024-06-12 15:40:00,0,0,0.3187786638736725
cnn,random_search,3,2060,2024-06-12 15:45:00,1,0,0.327577143907547
cnn,random_search,3,2061,2024-06-12 15:45:00,1,0,0.2843458354473114
cnn,random_search,3,2062,2024-06-12 15:50:00,1,0,0.3035751283168793
cnn,random_search,3,2063,2024-06-12 15:50:00,1,0,0.2693498134613037
cnn,random_search,3,2064,2024-06-12 15:55:00,1,0,0.3095982074737549
cnn,random_search,3,2065,2024-06-12 15:55:00,1,0,0.36316385865211487
cnn,random_search,3,2066,2024-06-12 16:00:00,1,0,0.37601932883262634
cnn,random_search,3,2067,2024-06-12 16:00:00,1,0,0.4027620255947113
cnn,random_search,3,2068,2024-06-12 16:05:00,1,0,0.3964044451713562
cnn,random_search,3,2069,2024-06-12 16:05:00,1,0,0.4341292679309845
cnn,random_search,3,2070,2024-06-12 16:10:00,1,0,0.4897522032260895
cnn,random_search,3,2071,2024-06-12 16:10:00,1,0,0.47742536664009094
cnn,random_search,3,2072,2024-06-12 16:15:00,0,1,0.6065871715545654
cnn,random_search,3,2073,2024-06-12 16:15:00,1,1,0.5360653400421143
cnn,random_search,3,2074,2024-06-12 16:20:00,1,1,0.5139758586883545
cnn,random_search,3,2075,2024-06-12 16:20:00,0,1,0.5009764432907104
cnn,random_search,3,2076,2024-06-12 16:25:00,0,0,0.42300254106521606
cnn,random_search,3,2077,2024-06-12 16:25:00,1,0,0.47968265414237976
cnn,random_search,3,2078,2024-06-12 16:30:00,0,0,0.45923444628715515
cnn,random_search,3,2079,2024-06-12 16:30:00,1,0,0.4893539845943451
cnn,random_search,3,2080,2024-06-12 16:35:00,1,1,0.5252218246459961
cnn,random_search,3,2081,2024-06-12 16:35:00,0,1,0.5056211948394775
cnn,random_search,3,2082,2024-06-12 16:40:00,1,1,0.5229644775390625
cnn,random_search,3,2083,2024-06-12 16:40:00,0,1,0.5101832747459412
cnn,random_search,3,2084,2024-06-12 16:45:00,0,1,0.5765416026115417
cnn,random_search,3,2085,2024-06-12 16:45:00,1,1,0.5593934059143066
cnn,random_search,3,2086,2024-06-12 16:50:00,0,1,0.606475293636322
cnn,random_search,3,2087,2024-06-12 16:50:00,1,1,0.6033422946929932
cnn,random_search,3,2088,2024-06-12 16:55:00,0,1,0.586858332157135
cnn,random_search,3,2089,2024-06-12 17:00:00,0,1,0.5922976732254028
cnn,random_search,3,2090,2024-06-12 17:05:00,0,0,0.49771973490715027
cnn,random_search,3,2091,2024-06-12 17:10:00,0,1,0.511481523513794
cnn,random_search,3,2092,2024-06-12 17:15:00,0,0,0.47820740938186646
cnn,random_search,3,2093,2024-06-12 17:20:00,0,1,0.5099599361419678
cnn,random_search,3,2094,2024-06-12 17:25:00,0,0,0.4620101749897003
cnn,random_search,3,2095,2024-06-12 17:30:00,0,0,0.40214717388153076
cnn,random_search,3,2096,2024-06-12 17:35:00,0,0,0.34842240810394287
cnn,random_search,3,2097,2024-06-12 17:40:00,0,0,0.31040897965431213
cnn,random_search,3,2098,2024-06-12 17:45:00,0,0,0.37467628717422485
cnn,random_search,3,2099,2024-06-12 17:50:00,0,0,0.37857434153556824
cnn,random_search,3,2100,2024-06-12 17:55:00,0,0,0.36067092418670654
cnn,random_search,3,2101,2024-06-13 12:10:00,1,0,0.3661963641643524
cnn,random_search,3,2102,2024-06-13 12:15:00,1,0,0.4837827980518341
cnn,random_search,3,2103,2024-06-13 12:20:00,1,1,0.6286574006080627
cnn,random_search,3,2104,2024-06-13 12:25:00,1,1,0.7150990962982178
cnn,random_search,3,2105,2024-06-13 12:30:00,1,1,0.7323468327522278
cnn,random_search,3,2106,2024-06-13 12:35:00,1,1,0.6730492115020752
cnn,random_search,3,2107,2024-06-13 12:40:00,1,1,0.6448420286178589
cnn,random_search,3,2108,2024-06-13 12:45:00,1,1,0.632173478603363
cnn,random_search,3,2109,2024-06-13 12:50:00,1,1,0.645380973815918
cnn,random_search,3,2110,2024-06-13 12:55:00,1,1,0.6548200845718384
cnn,random_search,3,2111,2024-06-13 13:00:00,1,1,0.6358426809310913
cnn,random_search,3,2112,2024-06-13 13:05:00,1,1,0.6720116138458252
cnn,random_search,3,2113,2024-06-13 13:10:00,1,1,0.6461619734764099
cnn,random_search,3,2114,2024-06-13 13:15:00,1,1,0.5654850602149963
cnn,random_search,3,2115,2024-06-13 13:20:00,1,1,0.5332447290420532
cnn,random_search,3,2116,2024-06-13 13:25:00,1,0,0.44368618726730347
cnn,random_search,3,2117,2024-06-13 13:30:00,1,0,0.49109455943107605
cnn,random_search,3,2118,2024-06-13 13:35:00,1,0,0.48455095291137695
cnn,random_search,3,2119,2024-06-13 13:40:00,1,0,0.41665932536125183
cnn,random_search,3,2120,2024-06-13 13:45:00,1,0,0.450774222612381
cnn,random_search,3,2121,2024-06-13 13:50:00,1,1,0.5946376919746399
cnn,random_search,3,2122,2024-06-13 13:55:00,1,1,0.6292948722839355
cnn,random_search,3,2123,2024-06-13 14:00:00,1,1,0.6215248703956604
cnn,random_search,3,2124,2024-06-13 14:05:00,1,1,0.622925877571106
cnn,random_search,3,2125,2024-06-13 14:10:00,0,1,0.6316558122634888
cnn,random_search,3,2126,2024-06-13 14:15:00,0,1,0.5392428040504456
cnn,random_search,3,2127,2024-06-13 14:20:00,0,1,0.5028409361839294
cnn,random_search,3,2128,2024-06-13 14:25:00,0,0,0.4389524459838867
cnn,random_search,3,2129,2024-06-13 14:30:00,0,0,0.3705245554447174
cnn,random_search,3,2130,2024-06-13 14:35:00,0,0,0.38698360323905945
cnn,random_search,3,2131,2024-06-13 14:40:00,0,0,0.44071629643440247
cnn,random_search,3,2132,2024-06-13 14:45:00,0,0,0.42226743698120117
cnn,random_search,3,2133,2024-06-13 14:50:00,0,0,0.4349573254585266
cnn,random_search,3,2134,2024-06-13 14:55:00,0,1,0.501042902469635
cnn,random_search,3,2135,2024-06-13 15:00:00,0,1,0.5321533679962158
cnn,random_search,3,2136,2024-06-13 15:05:00,0,1,0.5813639163970947
cnn,random_search,3,2137,2024-06-13 15:10:00,0,1,0.5435506105422974
cnn,random_search,3,2138,2024-06-13 15:15:00,0,0,0.4651314318180084
cnn,random_search,3,2139,2024-06-13 15:20:00,0,0,0.4760049283504486
cnn,random_search,3,2140,2024-06-13 15:25:00,0,0,0.49398744106292725
cnn,random_search,3,2141,2024-06-13 15:30:00,0,1,0.5314376950263977
cnn,random_search,3,2142,2024-06-13 15:35:00,0,0,0.4756561517715454
cnn,random_search,3,2143,2024-06-13 15:40:00,0,1,0.544365406036377
cnn,random_search,3,2144,2024-06-13 15:45:00,0,1,0.6124333739280701
cnn,random_search,3,2145,2024-06-13 15:50:00,0,1,0.567711353302002
cnn,random_search,3,2146,2024-06-13 15:55:00,0,1,0.5580514669418335
cnn,random_search,3,2147,2024-06-13 16:00:00,0,1,0.5398059487342834
cnn,random_search,3,2148,2024-06-13 16:05:00,0,1,0.5034450888633728
cnn,random_search,3,2149,2024-06-13 16:10:00,0,0,0.45352327823638916
cnn,random_search,3,2150,2024-06-13 16:15:00,0,0,0.4628581702709198
cnn,random_search,3,2151,2024-06-13 16:20:00,0,1,0.503028929233551
cnn,random_search,3,2152,2024-06-13 16:25:00,0,0,0.48687031865119934
cnn,random_search,3,2153,2024-06-13 16:30:00,0,0,0.40828806161880493
cnn,random_search,3,2154,2024-06-13 16:35:00,0,0,0.4578358829021454
cnn,random_search,3,2155,2024-06-13 16:40:00,0,0,0.46085667610168457
cnn,random_search,3,2156,2024-06-13 16:45:00,0,0,0.4215226173400879
cnn,random_search,3,2157,2024-06-13 16:50:00,0,0,0.428477019071579
cnn,random_search,3,2158,2024-06-13 16:55:00,0,0,0.4012618660926819
cnn,random_search,3,2159,2024-06-13 17:00:00,0,0,0.35852688550949097
cnn,random_search,3,2160,2024-06-13 17:05:00,0,0,0.30091792345046997
cnn,random_search,3,2161,2024-06-13 17:10:00,0,0,0.2667284309864044
cnn,random_search,3,2162,2024-06-13 17:15:00,0,0,0.29182299971580505
cnn,random_search,3,2163,2024-06-13 17:20:00,0,0,0.2925822138786316
cnn,random_search,3,2164,2024-06-13 17:25:00,0,0,0.3332480192184448
cnn,random_search,3,2165,2024-06-13 17:30:00,0,0,0.39152640104293823
cnn,random_search,3,2166,2024-06-13 17:35:00,0,0,0.3417661786079407
cnn,random_search,3,2167,2024-06-13 17:40:00,0,0,0.3979753255844116
cnn,random_search,3,2168,2024-06-13 17:45:00,0,0,0.473027765750885
cnn,random_search,3,2169,2024-06-13 17:50:00,0,0,0.47641339898109436
cnn,random_search,3,2170,2024-06-13 17:55:00,0,0,0.46450021862983704
cnn,random_search,3,2171,2024-06-14 11:05:00,1,0,0.38524267077445984
cnn,random_search,3,2172,2024-06-14 11:10:00,1,0,0.4109259843826294
cnn,random_search,3,2173,2024-06-14 11:15:00,1,0,0.4684285819530487
cnn,random_search,3,2174,2024-06-14 11:20:00,1,1,0.5724338293075562
cnn,random_search,3,2175,2024-06-14 11:25:00,1,1,0.6499495506286621
cnn,random_search,3,2176,2024-06-14 11:30:00,1,1,0.6065133213996887
cnn,random_search,3,2177,2024-06-14 11:35:00,1,1,0.5673404335975647
cnn,random_search,3,2178,2024-06-14 11:40:00,1,1,0.5602559447288513
cnn,random_search,3,2179,2024-06-14 11:45:00,1,1,0.5562825798988342
cnn,random_search,3,2180,2024-06-14 11:50:00,1,1,0.6663359999656677
cnn,random_search,3,2181,2024-06-14 11:55:00,1,1,0.7378771305084229
cnn,random_search,3,2182,2024-06-14 12:00:00,1,1,0.7700923681259155
cnn,random_search,3,2183,2024-06-14 12:05:00,0,1,0.8010023236274719
cnn,random_search,3,2184,2024-06-14 12:10:00,0,1,0.8118969798088074
cnn,random_search,3,2185,2024-06-14 12:15:00,0,1,0.8209359645843506
cnn,random_search,3,2186,2024-06-14 12:20:00,0,1,0.8081716895103455
cnn,random_search,3,2187,2024-06-14 12:25:00,0,1,0.7025094032287598
cnn,random_search,3,2188,2024-06-14 12:30:00,0,1,0.5809533596038818
cnn,random_search,3,2189,2024-06-14 12:35:00,0,0,0.4944983124732971
cnn,random_search,3,2190,2024-06-14 12:40:00,0,0,0.3918168842792511
cnn,random_search,3,2191,2024-06-14 12:45:00,0,0,0.31673216819763184
cnn,random_search,3,2192,2024-06-14 12:50:00,0,0,0.3949505090713501
cnn,random_search,3,2193,2024-06-14 12:55:00,0,0,0.4771556258201599
cnn,random_search,3,2194,2024-06-14 13:00:00,0,1,0.5304816365242004
cnn,random_search,3,2195,2024-06-14 13:05:00,0,1,0.524513304233551
cnn,random_search,3,2196,2024-06-14 13:10:00,0,1,0.54899001121521
cnn,random_search,3,2197,2024-06-14 13:15:00,0,1,0.5132459998130798
cnn,random_search,3,2198,2024-06-14 13:20:00,0,0,0.481810599565506
cnn,random_search,3,2199,2024-06-14 13:25:00,0,0,0.4293612241744995
cnn,random_search,3,2200,2024-06-14 13:30:00,0,0,0.3993057608604431
cnn,random_search,3,2201,2024-06-14 13:35:00,0,0,0.41689401865005493
cnn,random_search,3,2202,2024-06-14 13:40:00,0,1,0.526416540145874
cnn,random_search,3,2203,2024-06-14 13:45:00,0,1,0.5068023204803467
cnn,random_search,3,2204,2024-06-14 13:50:00,0,0,0.4402775466442108
cnn,random_search,3,2205,2024-06-14 13:55:00,0,0,0.3991491198539734
cnn,random_search,3,2206,2024-06-14 14:00:00,0,0,0.4040493071079254
cnn,random_search,3,2207,2024-06-14 14:05:00,0,0,0.43681007623672485
cnn,random_search,3,2208,2024-06-14 14:10:00,0,1,0.5199114084243774
cnn,random_search,3,2209,2024-06-14 14:15:00,0,0,0.4553246796131134
cnn,random_search,3,2210,2024-06-14 14:20:00,0,0,0.3592023551464081
cnn,random_search,3,2211,2024-06-14 14:25:00,0,0,0.33587145805358887
cnn,random_search,3,2212,2024-06-14 14:30:00,0,0,0.3953426480293274
cnn,random_search,3,2213,2024-06-14 14:35:00,0,0,0.36760932207107544
cnn,random_search,3,2214,2024-06-14 14:40:00,0,0,0.32365697622299194
cnn,random_search,3,2215,2024-06-14 14:45:00,0,0,0.3108512759208679
cnn,random_search,3,2216,2024-06-14 14:50:00,0,0,0.2991725504398346
cnn,random_search,3,2217,2024-06-14 14:55:00,0,0,0.3327544629573822
cnn,random_search,3,2218,2024-06-14 15:00:00,0,0,0.3402484953403473
cnn,random_search,3,2219,2024-06-14 15:05:00,1,0,0.35111019015312195
cnn,random_search,3,2220,2024-06-14 15:10:00,1,0,0.37044763565063477
cnn,random_search,3,2221,2024-06-14 15:15:00,1,1,0.5224162936210632
cnn,random_search,3,2222,2024-06-14 15:20:00,1,1,0.5495887398719788
cnn,random_search,3,2223,2024-06-14 15:25:00,1,1,0.5904887914657593
cnn,random_search,3,2224,2024-06-14 15:30:00,1,1,0.622270941734314
cnn,random_search,3,2225,2024-06-14 15:35:00,1,1,0.6577887535095215
cnn,random_search,3,2226,2024-06-14 15:40:00,1,1,0.5951506495475769
cnn,random_search,3,2227,2024-06-14 15:45:00,1,1,0.659081220626831
cnn,random_search,3,2228,2024-06-14 15:50:00,1,1,0.6577684283256531
cnn,random_search,3,2229,2024-06-14 15:55:00,1,1,0.6067478060722351
cnn,random_search,3,2230,2024-06-14 16:00:00,1,1,0.5866293907165527
cnn,random_search,3,2231,2024-06-14 16:05:00,0,1,0.6244280338287354
cnn,random_search,3,2232,2024-06-14 16:10:00,0,1,0.5803401470184326
cnn,random_search,3,2233,2024-06-14 16:15:00,0,1,0.5666136741638184
cnn,random_search,3,2234,2024-06-14 16:20:00,0,1,0.5309377312660217
cnn,random_search,3,2235,2024-06-14 16:25:00,0,1,0.5520339608192444
cnn,random_search,3,2236,2024-06-14 16:30:00,0,1,0.5271286964416504
cnn,random_search,3,2237,2024-06-14 16:35:00,0,0,0.49270036816596985
cnn,random_search,3,2238,2024-06-14 16:40:00,0,0,0.437808096408844
cnn,random_search,3,2239,2024-06-14 16:45:00,0,0,0.48428452014923096
cnn,random_search,3,2240,2024-06-14 16:50:00,0,1,0.5352228283882141
cnn,random_search,3,2241,2024-06-14 16:55:00,0,1,0.54966801404953
cnn,random_search,3,2242,2024-06-14 17:00:00,0,1,0.5465837717056274
cnn,random_search,3,2243,2024-06-14 17:05:00,0,0,0.4806801974773407
cnn,random_search,3,2244,2024-06-14 17:10:00,0,0,0.44294652342796326
cnn,random_search,3,2245,2024-06-14 17:15:00,0,0,0.42067328095436096
cnn,random_search,3,2246,2024-06-14 17:20:00,0,0,0.4104442298412323
cnn,random_search,3,2247,2024-06-14 17:25:00,0,0,0.47337958216667175
cnn,random_search,3,2248,2024-06-14 17:30:00,0,1,0.5002259612083435
cnn,random_search,3,2249,2024-06-14 17:35:00,0,1,0.5389622449874878
cnn,random_search,3,2250,2024-06-14 17:40:00,0,1,0.5359175801277161
cnn,random_search,3,2251,2024-06-14 17:45:00,0,1,0.5523375272750854
cnn,random_search,3,2252,2024-06-14 17:50:00,0,1,0.5405362248420715
cnn,random_search,3,2253,2024-06-14 17:55:00,1,1,0.5704038739204407
cnn,random_search,3,2254,2024-06-18 10:40:00,1,1,0.7167127132415771
cnn,random_search,3,2255,2024-06-18 10:45:00,1,1,0.7764307856559753
cnn,random_search,3,2256,2024-06-18 10:50:00,1,1,0.7982355356216431
cnn,random_search,3,2257,2024-06-18 10:55:00,0,1,0.7738770246505737
cnn,random_search,3,2258,2024-06-18 11:00:00,0,1,0.7388784885406494
cnn,random_search,3,2259,2024-06-18 11:05:00,0,1,0.6637400388717651
cnn,random_search,3,2260,2024-06-18 11:10:00,0,0,0.43473193049430847
cnn,random_search,3,2261,2024-06-18 11:15:00,0,0,0.375077486038208
cnn,random_search,3,2262,2024-06-18 11:20:00,1,0,0.34516724944114685
cnn,random_search,3,2263,2024-06-18 11:25:00,1,0,0.4315372109413147
cnn,random_search,3,2264,2024-06-18 11:30:00,1,0,0.45429515838623047
cnn,random_search,3,2265,2024-06-18 11:35:00,1,1,0.5801684260368347
cnn,random_search,3,2266,2024-06-18 11:40:00,1,1,0.5682947039604187
cnn,random_search,3,2267,2024-06-18 11:45:00,1,0,0.4873889982700348
cnn,random_search,3,2268,2024-06-18 11:50:00,1,0,0.437978059053421
cnn,random_search,3,2269,2024-06-18 11:55:00,1,0,0.4836711585521698
cnn,random_search,3,2270,2024-06-18 12:00:00,1,0,0.4394904673099518
cnn,random_search,3,2271,2024-06-18 12:05:00,1,0,0.4190203547477722
cnn,random_search,3,2272,2024-06-18 12:10:00,1,0,0.41226547956466675
cnn,random_search,3,2273,2024-06-18 12:15:00,1,1,0.5402084589004517
cnn,random_search,3,2274,2024-06-18 12:20:00,1,1,0.556925356388092
cnn,random_search,3,2275,2024-06-18 12:25:00,1,1,0.5612603425979614
cnn,random_search,3,2276,2024-06-18 12:30:00,1,1,0.5826832056045532
cnn,random_search,3,2277,2024-06-18 12:35:00,1,1,0.6045566201210022
cnn,random_search,3,2278,2024-06-18 12:40:00,1,1,0.5603269934654236
cnn,random_search,3,2279,2024-06-18 12:45:00,1,1,0.5276200771331787
cnn,random_search,3,2280,2024-06-18 12:50:00,1,0,0.4727051258087158
cnn,random_search,3,2281,2024-06-18 12:55:00,1,0,0.4113614559173584
cnn,random_search,3,2282,2024-06-18 13:00:00,1,0,0.46593180298805237
cnn,random_search,3,2283,2024-06-18 13:05:00,1,1,0.530271053314209
cnn,random_search,3,2284,2024-06-18 13:10:00,1,1,0.5290445685386658
cnn,random_search,3,2285,2024-06-18 13:15:00,1,0,0.4733416438102722
cnn,random_search,3,2286,2024-06-18 13:20:00,1,0,0.4723966419696808
cnn,random_search,3,2287,2024-06-18 13:25:00,1,0,0.4374840557575226
cnn,random_search,3,2288,2024-06-18 13:30:00,1,0,0.4217093288898468
cnn,random_search,3,2289,2024-06-18 13:35:00,1,0,0.4893505573272705
cnn,random_search,3,2290,2024-06-18 13:40:00,1,1,0.5213251113891602
cnn,random_search,3,2291,2024-06-18 13:45:00,1,1,0.5449406504631042
cnn,random_search,3,2292,2024-06-18 13:50:00,1,1,0.5893486142158508
cnn,random_search,3,2293,2024-06-18 13:55:00,1,1,0.6172460913658142
cnn,random_search,3,2294,2024-06-18 14:00:00,1,1,0.6136198043823242
cnn,random_search,3,2295,2024-06-18 14:05:00,1,1,0.6204527616500854
cnn,random_search,3,2296,2024-06-18 14:10:00,1,1,0.5521188378334045
cnn,random_search,3,2297,2024-06-18 14:15:00,1,1,0.5972200036048889
cnn,random_search,3,2298,2024-06-18 14:20:00,1,1,0.6440737843513489
cnn,random_search,3,2299,2024-06-18 14:25:00,1,1,0.6425501704216003
cnn,random_search,3,2300,2024-06-18 14:30:00,1,1,0.5998399257659912
cnn,random_search,3,2301,2024-06-18 14:35:00,1,1,0.5993976593017578
cnn,random_search,3,2302,2024-06-18 14:40:00,1,1,0.5954983234405518
cnn,random_search,3,2303,2024-06-18 14:45:00,1,1,0.5473349094390869
cnn,random_search,3,2304,2024-06-18 14:50:00,1,0,0.4582649767398834
cnn,random_search,3,2305,2024-06-18 14:55:00,1,0,0.3969947099685669
cnn,random_search,3,2306,2024-06-18 15:00:00,1,0,0.3877669870853424
cnn,random_search,3,2307,2024-06-18 15:05:00,1,0,0.4268726706504822
cnn,random_search,3,2308,2024-06-18 15:10:00,1,0,0.43284040689468384
cnn,random_search,3,2309,2024-06-18 15:15:00,1,0,0.38724908232688904
cnn,random_search,3,2310,2024-06-18 15:20:00,1,0,0.4007693827152252
cnn,random_search,3,2311,2024-06-18 15:25:00,1,0,0.46903979778289795
cnn,random_search,3,2312,2024-06-18 15:30:00,0,1,0.5513743758201599
cnn,random_search,3,2313,2024-06-18 15:35:00,0,0,0.478920578956604
cnn,random_search,3,2314,2024-06-18 15:40:00,0,0,0.4041467308998108
cnn,random_search,3,2315,2024-06-18 15:45:00,0,0,0.3330477774143219
cnn,random_search,3,2316,2024-06-18 15:50:00,0,0,0.3849679231643677
cnn,random_search,3,2317,2024-06-18 15:55:00,0,0,0.3775683343410492
cnn,random_search,3,2318,2024-06-18 16:00:00,0,0,0.330648809671402
cnn,random_search,3,2319,2024-06-18 16:05:00,1,0,0.28345733880996704
cnn,random_search,3,2320,2024-06-18 16:10:00,1,0,0.28800246119499207
cnn,random_search,3,2321,2024-06-18 16:15:00,1,0,0.3134627640247345
cnn,random_search,3,2322,2024-06-18 16:20:00,1,0,0.35216981172561646
cnn,random_search,3,2323,2024-06-18 16:25:00,1,0,0.4080311954021454
cnn,random_search,3,2324,2024-06-18 16:30:00,1,0,0.48518887162208557
cnn,random_search,3,2325,2024-06-18 16:35:00,1,1,0.5388727188110352
cnn,random_search,3,2326,2024-06-18 16:40:00,1,1,0.5870461463928223
cnn,random_search,3,2327,2024-06-18 16:45:00,1,1,0.5792981386184692
cnn,random_search,3,2328,2024-06-18 16:50:00,1,1,0.5832828879356384
cnn,random_search,3,2329,2024-06-18 16:55:00,0,1,0.5946931838989258
cnn,random_search,3,2330,2024-06-18 17:00:00,0,1,0.6105297803878784
cnn,random_search,3,2331,2024-06-18 17:05:00,0,1,0.5431927442550659
cnn,random_search,3,2332,2024-06-18 17:10:00,0,1,0.5116192102432251
cnn,random_search,3,2333,2024-06-18 17:15:00,0,1,0.5049070715904236
cnn,random_search,3,2334,2024-06-18 17:20:00,0,1,0.5420874357223511
cnn,random_search,3,2335,2024-06-18 17:25:00,0,1,0.5775929093360901
cnn,random_search,3,2336,2024-06-18 17:30:00,0,1,0.5468471646308899
cnn,random_search,3,2337,2024-06-18 17:35:00,0,1,0.5111392140388489
cnn,random_search,3,2338,2024-06-18 17:40:00,0,1,0.5578317046165466
cnn,random_search,3,2339,2024-06-18 17:45:00,0,1,0.6000077724456787
cnn,random_search,3,2340,2024-06-18 17:50:00,0,1,0.6255306601524353
cnn,random_search,3,2341,2024-06-18 17:55:00,0,1,0.6007540225982666
cnn,random_search,3,2342,2024-06-19 10:55:00,1,0,0.35607683658599854
cnn,random_search,3,2343,2024-06-19 11:00:00,1,0,0.4979075491428375
cnn,random_search,3,2344,2024-06-19 11:05:00,1,0,0.4979431927204132
cnn,random_search,3,2345,2024-06-19 11:10:00,1,0,0.4463118612766266
cnn,random_search,3,2346,2024-06-19 11:15:00,1,0,0.4370119273662567
cnn,random_search,3,2347,2024-06-19 11:20:00,1,0,0.4504444897174835
cnn,random_search,3,2348,2024-06-19 11:25:00,1,1,0.5182965993881226
cnn,random_search,3,2349,2024-06-19 11:30:00,1,1,0.5434187054634094
cnn,random_search,3,2350,2024-06-19 11:35:00,1,1,0.5824055671691895
cnn,random_search,3,2351,2024-06-19 11:40:00,1,1,0.6151919960975647
cnn,random_search,3,2352,2024-06-19 11:45:00,1,1,0.5528748035430908
cnn,random_search,3,2353,2024-06-19 11:50:00,1,1,0.5322705507278442
cnn,random_search,3,2354,2024-06-19 11:55:00,1,1,0.5277829170227051
cnn,random_search,3,2355,2024-06-19 12:00:00,1,1,0.5102130770683289
cnn,random_search,3,2356,2024-06-19 12:05:00,1,0,0.4907538592815399
cnn,random_search,3,2357,2024-06-19 12:10:00,1,0,0.47627776861190796
cnn,random_search,3,2358,2024-06-19 12:15:00,1,0,0.4621243178844452
cnn,random_search,3,2359,2024-06-19 12:20:00,1,0,0.4515925645828247
cnn,random_search,3,2360,2024-06-19 12:25:00,1,0,0.49938443303108215
cnn,random_search,3,2361,2024-06-19 12:30:00,1,1,0.5546472668647766
cnn,random_search,3,2362,2024-06-19 12:35:00,1,1,0.5775114297866821
cnn,random_search,3,2363,2024-06-19 12:40:00,1,1,0.6022420525550842
cnn,random_search,3,2364,2024-06-19 12:45:00,1,1,0.6737303137779236
cnn,random_search,3,2365,2024-06-19 12:50:00,1,1,0.7057691216468811
cnn,random_search,3,2366,2024-06-19 12:55:00,1,1,0.6938496828079224
cnn,random_search,3,2367,2024-06-19 13:00:00,1,1,0.6615148782730103
cnn,random_search,3,2368,2024-06-19 13:05:00,1,1,0.6347373127937317
cnn,random_search,3,2369,2024-06-19 13:10:00,1,1,0.6566638946533203
cnn,random_search,3,2370,2024-06-19 13:15:00,1,1,0.5910654067993164
cnn,random_search,3,2371,2024-06-19 13:20:00,1,1,0.5344128012657166
cnn,random_search,3,2372,2024-06-19 13:25:00,1,1,0.5522507429122925
cnn,random_search,3,2373,2024-06-19 13:30:00,1,1,0.6041465997695923
cnn,random_search,3,2374,2024-06-19 13:35:00,1,1,0.6223005056381226
cnn,random_search,3,2375,2024-06-19 13:40:00,1,1,0.6198824644088745
cnn,random_search,3,2376,2024-06-19 13:45:00,1,1,0.6368846893310547
cnn,random_search,3,2377,2024-06-19 13:50:00,1,1,0.6325758099555969
cnn,random_search,3,2378,2024-06-19 13:55:00,1,1,0.6152141690254211
cnn,random_search,3,2379,2024-06-19 14:00:00,1,1,0.5610896348953247
cnn,random_search,3,2380,2024-06-19 14:05:00,0,1,0.5964940190315247
cnn,random_search,3,2381,2024-06-19 14:10:00,0,1,0.5312983989715576
cnn,random_search,3,2382,2024-06-19 14:15:00,0,0,0.47492715716362
cnn,random_search,3,2383,2024-06-19 14:20:00,0,0,0.4978191554546356
cnn,random_search,3,2384,2024-06-19 14:25:00,0,0,0.4263676106929779
cnn,random_search,3,2385,2024-06-19 14:30:00,1,0,0.39002400636672974
cnn,random_search,3,2386,2024-06-19 14:35:00,1,0,0.3876507878303528
cnn,random_search,3,2387,2024-06-19 14:40:00,1,0,0.4484713077545166
cnn,random_search,3,2388,2024-06-19 14:45:00,1,0,0.4869539737701416
cnn,random_search,3,2389,2024-06-19 14:50:00,1,1,0.5442249178886414
cnn,random_search,3,2390,2024-06-19 14:55:00,1,1,0.5560634732246399
cnn,random_search,3,2391,2024-06-19 15:00:00,1,1,0.5674790143966675
cnn,random_search,3,2392,2024-06-19 15:05:00,1,1,0.5942091345787048
cnn,random_search,3,2393,2024-06-19 15:10:00,1,1,0.5766848921775818
cnn,random_search,3,2394,2024-06-19 15:15:00,1,1,0.5771859884262085
cnn,random_search,3,2395,2024-06-19 15:20:00,1,1,0.5838577151298523
cnn,random_search,3,2396,2024-06-19 15:25:00,1,1,0.5689196586608887
cnn,random_search,3,2397,2024-06-19 15:30:00,1,1,0.5455062985420227
cnn,random_search,3,2398,2024-06-19 15:35:00,1,0,0.4872828722000122
cnn,random_search,3,2399,2024-06-19 15:40:00,1,1,0.5608487725257874
cnn,random_search,3,2400,2024-06-19 15:45:00,1,1,0.647197425365448
cnn,random_search,3,2401,2024-06-19 15:50:00,1,1,0.7000035047531128
cnn,random_search,3,2402,2024-06-19 15:55:00,1,1,0.7153306603431702
cnn,random_search,3,2403,2024-06-19 16:00:00,1,1,0.6893526911735535
cnn,random_search,3,2404,2024-06-19 16:05:00,1,1,0.6353404521942139
cnn,random_search,3,2405,2024-06-19 16:10:00,1,1,0.5911428928375244
cnn,random_search,3,2406,2024-06-19 16:15:00,1,1,0.5549359321594238
cnn,random_search,3,2407,2024-06-19 16:20:00,1,1,0.6010252237319946
cnn,random_search,3,2408,2024-06-19 16:25:00,1,1,0.6610565185546875
cnn,random_search,3,2409,2024-06-19 16:30:00,1,1,0.6430899500846863
cnn,random_search,3,2410,2024-06-19 16:35:00,1,1,0.6686525940895081
cnn,random_search,3,2411,2024-06-19 16:40:00,1,1,0.7290917634963989
cnn,random_search,3,2412,2024-06-19 16:45:00,1,1,0.7239192128181458
cnn,random_search,3,2413,2024-06-19 16:50:00,1,1,0.7086175680160522
cnn,random_search,3,2414,2024-06-19 16:55:00,1,1,0.6076321005821228
cnn,random_search,3,2415,2024-06-19 17:00:00,1,1,0.5515933036804199
cnn,random_search,3,2416,2024-06-19 17:05:00,1,1,0.5158711671829224
cnn,random_search,3,2417,2024-06-19 17:10:00,1,0,0.44964873790740967
cnn,random_search,3,2418,2024-06-19 17:15:00,1,0,0.47867998480796814
cnn,random_search,3,2419,2024-06-19 17:20:00,1,1,0.5401254892349243
cnn,random_search,3,2420,2024-06-19 17:25:00,1,1,0.5699631571769714
cnn,random_search,3,2421,2024-06-19 17:30:00,1,1,0.543617308139801
cnn,random_search,3,2422,2024-06-19 17:35:00,1,1,0.5588032603263855
cnn,random_search,3,2423,2024-06-19 17:40:00,1,1,0.5946850180625916
cnn,random_search,3,2424,2024-06-19 17:45:00,1,1,0.580356240272522
cnn,random_search,3,2425,2024-06-19 17:50:00,1,1,0.5378842353820801
cnn,random_search,3,2426,2024-06-19 17:55:00,1,1,0.5479413866996765
cnn,random_search,3,2427,2024-06-20 10:50:00,0,1,0.7637748718261719
cnn,random_search,3,2428,2024-06-20 10:55:00,0,1,0.7021797895431519
cnn,random_search,3,2429,2024-06-20 11:00:00,0,1,0.657516360282898
cnn,random_search,3,2430,2024-06-20 11:05:00,0,1,0.529797375202179
cnn,random_search,3,2431,2024-06-20 11:10:00,0,1,0.5339953899383545
cnn,random_search,3,2432,2024-06-20 11:15:00,0,1,0.5891758799552917
cnn,random_search,3,2433,2024-06-20 11:20:00,0,1,0.5714552998542786
cnn,random_search,3,2434,2024-06-20 11:25:00,0,1,0.5138492584228516
cnn,random_search,3,2435,2024-06-20 11:30:00,0,0,0.4186932146549225
cnn,random_search,3,2436,2024-06-20 11:35:00,0,0,0.340655118227005
cnn,random_search,3,2437,2024-06-20 11:40:00,0,0,0.29540225863456726
cnn,random_search,3,2438,2024-06-20 11:45:00,0,0,0.29177603125572205
cnn,random_search,3,2439,2024-06-20 11:50:00,0,0,0.25647279620170593
cnn,random_search,3,2440,2024-06-20 11:55:00,0,0,0.27195656299591064
cnn,random_search,3,2441,2024-06-20 12:00:00,0,0,0.28335967659950256
cnn,random_search,3,2442,2024-06-20 12:05:00,0,0,0.26813581585884094
cnn,random_search,3,2443,2024-06-20 12:10:00,0,0,0.28927773237228394
cnn,random_search,3,2444,2024-06-20 12:15:00,0,0,0.3101997673511505
cnn,random_search,3,2445,2024-06-20 12:20:00,0,0,0.3266976475715637
cnn,random_search,3,2446,2024-06-20 12:25:00,0,0,0.33827754855155945
cnn,random_search,3,2447,2024-06-20 12:30:00,0,0,0.33606407046318054
cnn,random_search,3,2448,2024-06-20 12:35:00,0,0,0.3350721597671509
cnn,random_search,3,2449,2024-06-20 12:40:00,0,0,0.3457356095314026
cnn,random_search,3,2450,2024-06-20 12:45:00,0,0,0.4472748637199402
cnn,random_search,3,2451,2024-06-20 12:50:00,0,0,0.4331621527671814
cnn,random_search,3,2452,2024-06-20 12:55:00,0,0,0.39563804864883423
cnn,random_search,3,2453,2024-06-20 13:00:00,0,0,0.39045047760009766
cnn,random_search,3,2454,2024-06-20 13:05:00,0,0,0.3381597697734833
cnn,random_search,3,2455,2024-06-20 13:10:00,0,0,0.3488755524158478
cnn,random_search,3,2456,2024-06-20 13:15:00,0,0,0.38585832715034485
cnn,random_search,3,2457,2024-06-20 13:20:00,0,0,0.3907466530799866
cnn,random_search,3,2458,2024-06-20 13:25:00,0,0,0.3456891179084778
cnn,random_search,3,2459,2024-06-20 13:30:00,0,0,0.333170086145401
cnn,random_search,3,2460,2024-06-20 13:35:00,1,0,0.3471100330352783
cnn,random_search,3,2461,2024-06-20 13:40:00,1,0,0.3696932792663574
cnn,random_search,3,2462,2024-06-20 13:45:00,1,0,0.4782456159591675
cnn,random_search,3,2463,2024-06-20 13:50:00,1,1,0.5040009021759033
cnn,random_search,3,2464,2024-06-20 13:55:00,1,1,0.5141960382461548
cnn,random_search,3,2465,2024-06-20 14:00:00,1,1,0.5121603012084961
cnn,random_search,3,2466,2024-06-20 14:05:00,1,1,0.5367597937583923
cnn,random_search,3,2467,2024-06-20 14:10:00,1,1,0.6155615448951721
cnn,random_search,3,2468,2024-06-20 14:15:00,1,1,0.6552248597145081
cnn,random_search,3,2469,2024-06-20 14:20:00,1,1,0.6307030916213989
cnn,random_search,3,2470,2024-06-20 14:25:00,1,1,0.5912047028541565
cnn,random_search,3,2471,2024-06-20 14:30:00,1,0,0.4860360026359558
cnn,random_search,3,2472,2024-06-20 14:35:00,1,0,0.41174575686454773
cnn,random_search,3,2473,2024-06-20 14:40:00,1,0,0.4199180603027344
cnn,random_search,3,2474,2024-06-20 14:45:00,1,0,0.46293970942497253
cnn,random_search,3,2475,2024-06-20 14:50:00,1,0,0.4745829105377197
cnn,random_search,3,2476,2024-06-20 14:55:00,1,1,0.5420968532562256
cnn,random_search,3,2477,2024-06-20 15:00:00,1,1,0.5760409832000732
cnn,random_search,3,2478,2024-06-20 15:05:00,1,1,0.6016415953636169
cnn,random_search,3,2479,2024-06-20 15:10:00,1,1,0.5959702134132385
cnn,random_search,3,2480,2024-06-20 15:15:00,1,1,0.6153016686439514
cnn,random_search,3,2481,2024-06-20 15:20:00,1,1,0.6473613381385803
cnn,random_search,3,2482,2024-06-20 15:25:00,1,1,0.632442057132721
cnn,random_search,3,2483,2024-06-20 15:30:00,1,1,0.559447705745697
cnn,random_search,3,2484,2024-06-20 15:35:00,1,1,0.5607242584228516
cnn,random_search,3,2485,2024-06-20 15:40:00,1,1,0.6132757663726807
cnn,random_search,3,2486,2024-06-20 15:45:00,1,1,0.6571457982063293
cnn,random_search,3,2487,2024-06-20 15:50:00,0,1,0.6805707812309265
cnn,random_search,3,2488,2024-06-20 15:55:00,0,1,0.6951704621315002
cnn,random_search,3,2489,2024-06-20 16:00:00,0,1,0.6509934663772583
cnn,random_search,3,2490,2024-06-20 16:05:00,0,1,0.5873234272003174
cnn,random_search,3,2491,2024-06-20 16:10:00,0,0,0.45440781116485596
cnn,random_search,3,2492,2024-06-20 16:15:00,0,0,0.3534664213657379
cnn,random_search,3,2493,2024-06-20 16:20:00,0,0,0.28855374455451965
cnn,random_search,3,2494,2024-06-20 16:25:00,0,0,0.3142756223678589
cnn,random_search,3,2495,2024-06-20 16:30:00,0,0,0.347136527299881
cnn,random_search,3,2496,2024-06-20 16:35:00,0,0,0.35711514949798584
cnn,random_search,3,2497,2024-06-20 16:40:00,0,0,0.4153960049152374
cnn,random_search,3,2498,2024-06-20 16:45:00,0,0,0.4706970751285553
cnn,random_search,3,2499,2024-06-20 16:50:00,0,0,0.49110496044158936
cnn,random_search,3,2500,2024-06-20 16:55:00,0,1,0.5021368265151978
cnn,random_search,3,2501,2024-06-20 17:00:00,0,0,0.4779468774795532
cnn,random_search,3,2502,2024-06-20 17:05:00,0,0,0.4427129328250885
cnn,random_search,3,2503,2024-06-20 17:10:00,0,0,0.49532216787338257
cnn,random_search,3,2504,2024-06-20 17:15:00,0,1,0.5367352366447449
cnn,random_search,3,2505,2024-06-20 17:20:00,0,1,0.5107420086860657
cnn,random_search,3,2506,2024-06-20 17:25:00,0,0,0.4696703851222992
cnn,random_search,3,2507,2024-06-20 17:30:00,0,0,0.45901843905448914
cnn,random_search,3,2508,2024-06-20 17:35:00,0,0,0.48738226294517517
cnn,random_search,3,2509,2024-06-20 17:40:00,0,0,0.49491608142852783
cnn,random_search,3,2510,2024-06-20 17:45:00,0,0,0.48580068349838257
cnn,random_search,3,2511,2024-06-20 17:50:00,0,0,0.4870893657207489
cnn,random_search,3,2512,2024-06-20 17:55:00,1,0,0.4791455566883087
cnn,random_search,3,2513,2024-06-21 10:40:00,1,1,0.7029356360435486
cnn,random_search,3,2514,2024-06-21 10:45:00,1,1,0.7081575989723206
cnn,random_search,3,2515,2024-06-21 10:50:00,1,1,0.7667008638381958
cnn,random_search,3,2516,2024-06-21 10:55:00,1,1,0.8089430332183838
cnn,random_search,3,2517,2024-06-21 11:00:00,1,1,0.7505641579627991
cnn,random_search,3,2518,2024-06-21 11:05:00,1,1,0.7633190155029297
cnn,random_search,3,2519,2024-06-21 11:10:00,1,1,0.6707971692085266
cnn,random_search,3,2520,2024-06-21 11:15:00,1,1,0.6756447553634644
cnn,random_search,3,2521,2024-06-21 11:20:00,1,1,0.6535460948944092
cnn,random_search,3,2522,2024-06-21 11:25:00,0,1,0.667622447013855
cnn,random_search,3,2523,2024-06-21 11:30:00,0,1,0.6437290906906128
cnn,random_search,3,2524,2024-06-21 11:35:00,0,1,0.6197989583015442
cnn,random_search,3,2525,2024-06-21 11:40:00,0,1,0.5465563535690308
cnn,random_search,3,2526,2024-06-21 11:45:00,0,0,0.4405330419540405
cnn,random_search,3,2527,2024-06-21 11:50:00,0,1,0.5247591733932495
cnn,random_search,3,2528,2024-06-21 11:55:00,0,0,0.48635685443878174
cnn,random_search,3,2529,2024-06-21 12:00:00,0,1,0.529420018196106
cnn,random_search,3,2530,2024-06-21 12:05:00,0,1,0.535757839679718
cnn,random_search,3,2531,2024-06-21 12:10:00,0,1,0.5635777115821838
cnn,random_search,3,2532,2024-06-21 12:15:00,1,0,0.36641231179237366
cnn,random_search,3,2533,2024-06-21 12:20:00,1,0,0.3587925136089325
cnn,random_search,3,2534,2024-06-21 12:25:00,1,0,0.33380717039108276
cnn,random_search,3,2535,2024-06-21 12:30:00,1,0,0.31006595492362976
cnn,random_search,3,2536,2024-06-21 12:35:00,1,0,0.38448211550712585
cnn,random_search,3,2537,2024-06-21 12:40:00,1,0,0.3710974454879761
cnn,random_search,3,2538,2024-06-21 12:45:00,1,0,0.47013530135154724
cnn,random_search,3,2539,2024-06-21 12:50:00,1,0,0.4658519923686981
cnn,random_search,3,2540,2024-06-21 12:55:00,1,0,0.450305312871933
cnn,random_search,3,2541,2024-06-21 13:00:00,1,0,0.45208483934402466
cnn,random_search,3,2542,2024-06-21 13:05:00,1,0,0.47978681325912476
cnn,random_search,3,2543,2024-06-21 13:10:00,1,1,0.5129520893096924
cnn,random_search,3,2544,2024-06-21 13:15:00,1,1,0.5475258827209473
cnn,random_search,3,2545,2024-06-21 13:20:00,1,1,0.5761204957962036
cnn,random_search,3,2546,2024-06-21 13:25:00,1,1,0.6108585596084595
cnn,random_search,3,2547,2024-06-21 13:30:00,1,1,0.6102259755134583
cnn,random_search,3,2548,2024-06-21 13:35:00,1,1,0.5724480748176575
cnn,random_search,3,2549,2024-06-21 13:40:00,1,1,0.6081056594848633
cnn,random_search,3,2550,2024-06-21 13:45:00,1,1,0.5975905656814575
cnn,random_search,3,2551,2024-06-21 13:50:00,0,1,0.6211559772491455
cnn,random_search,3,2552,2024-06-21 13:55:00,0,1,0.60550457239151
cnn,random_search,3,2553,2024-06-21 14:00:00,0,1,0.5876740217208862
cnn,random_search,3,2554,2024-06-21 14:05:00,0,1,0.5640738010406494
cnn,random_search,3,2555,2024-06-21 14:10:00,0,1,0.546631932258606
cnn,random_search,3,2556,2024-06-21 14:15:00,0,1,0.5587589740753174
cnn,random_search,3,2557,2024-06-21 14:20:00,0,1,0.52398681640625
cnn,random_search,3,2558,2024-06-21 14:25:00,0,0,0.4835743010044098
cnn,random_search,3,2559,2024-06-21 14:30:00,0,0,0.44502535462379456
cnn,random_search,3,2560,2024-06-21 14:35:00,0,0,0.39936700463294983
cnn,random_search,3,2561,2024-06-21 14:40:00,0,0,0.4190784990787506
cnn,random_search,3,2562,2024-06-21 14:45:00,0,0,0.3967287838459015
cnn,random_search,3,2563,2024-06-21 14:50:00,0,0,0.45240747928619385
cnn,random_search,3,2564,2024-06-21 14:55:00,0,0,0.4467768967151642
cnn,random_search,3,2565,2024-06-21 15:00:00,1,0,0.38921090960502625
cnn,random_search,3,2566,2024-06-21 15:05:00,1,0,0.4387209713459015
cnn,random_search,3,2567,2024-06-21 15:10:00,1,0,0.4769130051136017
cnn,random_search,3,2568,2024-06-21 15:15:00,1,1,0.5173934102058411
cnn,random_search,3,2569,2024-06-21 15:20:00,1,1,0.5674052834510803
cnn,random_search,3,2570,2024-06-21 15:25:00,1,1,0.5989669561386108
cnn,random_search,3,2571,2024-06-21 15:30:00,1,1,0.631787121295929
cnn,random_search,3,2572,2024-06-21 15:35:00,1,1,0.6572012305259705
cnn,random_search,3,2573,2024-06-21 15:40:00,1,1,0.6171675324440002
cnn,random_search,3,2574,2024-06-21 15:45:00,1,1,0.5947147607803345
cnn,random_search,3,2575,2024-06-21 15:50:00,1,1,0.6071728467941284
cnn,random_search,3,2576,2024-06-21 15:55:00,1,1,0.6112094521522522
cnn,random_search,3,2577,2024-06-21 16:00:00,1,1,0.6289028525352478
cnn,random_search,3,2578,2024-06-21 16:05:00,1,1,0.6224935054779053
cnn,random_search,3,2579,2024-06-21 16:10:00,1,1,0.609809398651123
cnn,random_search,3,2580,2024-06-21 16:15:00,1,1,0.6080335378646851
cnn,random_search,3,2581,2024-06-21 16:20:00,1,1,0.5957732796669006
cnn,random_search,3,2582,2024-06-21 16:25:00,1,1,0.6029602885246277
cnn,random_search,3,2583,2024-06-21 16:30:00,1,1,0.6092889904975891
cnn,random_search,3,2584,2024-06-21 16:35:00,1,1,0.6204202771186829
cnn,random_search,3,2585,2024-06-21 16:40:00,1,1,0.5518015623092651
cnn,random_search,3,2586,2024-06-21 16:45:00,1,0,0.4759508967399597
cnn,random_search,3,2587,2024-06-21 16:50:00,1,1,0.5188019275665283
cnn,random_search,3,2588,2024-06-21 16:55:00,1,1,0.5416499376296997
cnn,random_search,3,2589,2024-06-21 17:00:00,1,0,0.4844110310077667
cnn,random_search,3,2590,2024-06-21 17:05:00,1,0,0.45155298709869385
cnn,random_search,3,2591,2024-06-21 17:10:00,1,0,0.44285279512405396
cnn,random_search,3,2592,2024-06-21 17:15:00,1,1,0.5221169590950012
cnn,random_search,3,2593,2024-06-21 17:20:00,1,1,0.5134867429733276
cnn,random_search,3,2594,2024-06-21 17:25:00,1,0,0.4755888879299164
cnn,random_search,3,2595,2024-06-21 17:30:00,1,1,0.5129669904708862
cnn,random_search,3,2596,2024-06-21 17:35:00,1,1,0.5226148962974548
cnn,random_search,3,2597,2024-06-21 17:40:00,1,1,0.5312343835830688
cnn,random_search,3,2598,2024-06-21 17:45:00,1,1,0.509398877620697
cnn,random_search,3,2599,2024-06-21 17:50:00,1,1,0.5353983640670776
cnn,random_search,3,2600,2024-06-21 17:55:00,1,1,0.5546271204948425
cnn,random_search,3,2601,2024-06-24 10:50:00,0,1,0.7749246954917908
cnn,random_search,3,2602,2024-06-24 10:55:00,0,1,0.7434605360031128
cnn,random_search,3,2603,2024-06-24 11:00:00,0,1,0.6373661756515503
cnn,random_search,3,2604,2024-06-24 11:05:00,0,1,0.6002490520477295
cnn,random_search,3,2605,2024-06-24 11:10:00,0,1,0.6284359097480774
cnn,random_search,3,2606,2024-06-24 11:15:00,0,1,0.5769214630126953
cnn,random_search,3,2607,2024-06-24 11:20:00,0,1,0.5636203289031982
cnn,random_search,3,2608,2024-06-24 11:25:00,0,1,0.5279408693313599
cnn,random_search,3,2609,2024-06-24 11:30:00,0,0,0.4391917884349823
cnn,random_search,3,2610,2024-06-24 11:35:00,0,0,0.46513086557388306
cnn,random_search,3,2611,2024-06-24 11:40:00,0,0,0.489336758852005
cnn,random_search,3,2612,2024-06-24 11:45:00,0,0,0.44232630729675293
cnn,random_search,3,2613,2024-06-24 11:50:00,0,0,0.47277748584747314
cnn,random_search,3,2614,2024-06-24 11:55:00,0,1,0.5051855444908142
cnn,random_search,3,2615,2024-06-24 12:00:00,0,1,0.5162847638130188
cnn,random_search,3,2616,2024-06-24 12:05:00,0,1,0.5040585994720459
cnn,random_search,3,2617,2024-06-24 12:10:00,0,0,0.44676557183265686
cnn,random_search,3,2618,2024-06-24 12:15:00,0,0,0.4067543148994446
cnn,random_search,3,2619,2024-06-24 12:20:00,0,0,0.38327860832214355
cnn,random_search,3,2620,2024-06-24 12:25:00,0,0,0.3872736394405365
cnn,random_search,3,2621,2024-06-24 12:30:00,0,0,0.3658056855201721
cnn,random_search,3,2622,2024-06-24 12:35:00,0,0,0.37737688422203064
cnn,random_search,3,2623,2024-06-24 12:40:00,0,0,0.42367878556251526
cnn,random_search,3,2624,2024-06-24 12:45:00,1,0,0.42340609431266785
cnn,random_search,3,2625,2024-06-24 12:50:00,1,0,0.45277145504951477
cnn,random_search,3,2626,2024-06-24 12:55:00,1,1,0.5216144919395447
cnn,random_search,3,2627,2024-06-24 13:00:00,1,0,0.4782237112522125
cnn,random_search,3,2628,2024-06-24 13:05:00,1,0,0.49764543771743774
cnn,random_search,3,2629,2024-06-24 13:10:00,1,1,0.5654985904693604
cnn,random_search,3,2630,2024-06-24 13:15:00,1,1,0.5852760076522827
cnn,random_search,3,2631,2024-06-24 13:20:00,1,1,0.6168527007102966
cnn,random_search,3,2632,2024-06-24 13:25:00,1,1,0.6021038293838501
cnn,random_search,3,2633,2024-06-24 13:30:00,1,1,0.5559278726577759
cnn,random_search,3,2634,2024-06-24 13:35:00,1,1,0.5323490500450134
cnn,random_search,3,2635,2024-06-24 13:40:00,1,0,0.4975869953632355
cnn,random_search,3,2636,2024-06-24 13:45:00,1,1,0.5094099044799805
cnn,random_search,3,2637,2024-06-24 13:50:00,1,0,0.46803268790245056
cnn,random_search,3,2638,2024-06-24 13:55:00,1,0,0.49454939365386963
cnn,random_search,3,2639,2024-06-24 14:00:00,1,1,0.5200432538986206
cnn,random_search,3,2640,2024-06-24 14:05:00,1,0,0.48099076747894287
cnn,random_search,3,2641,2024-06-24 14:10:00,1,0,0.41557544469833374
cnn,random_search,3,2642,2024-06-24 14:15:00,1,0,0.4150732159614563
cnn,random_search,3,2643,2024-06-24 14:20:00,1,0,0.4606156647205353
cnn,random_search,3,2644,2024-06-24 14:25:00,1,1,0.5409155488014221
cnn,random_search,3,2645,2024-06-24 14:30:00,1,1,0.5545401573181152
cnn,random_search,3,2646,2024-06-24 14:35:00,0,1,0.5912850499153137
cnn,random_search,3,2647,2024-06-24 14:40:00,0,1,0.5587700009346008
cnn,random_search,3,2648,2024-06-24 14:45:00,0,1,0.5072845220565796
cnn,random_search,3,2649,2024-06-24 14:50:00,0,0,0.4578125774860382
cnn,random_search,3,2650,2024-06-24 14:55:00,0,0,0.4958048164844513
cnn,random_search,3,2651,2024-06-24 15:00:00,0,1,0.500806450843811
cnn,random_search,3,2652,2024-06-24 15:05:00,0,1,0.5332543849945068
cnn,random_search,3,2653,2024-06-24 15:10:00,0,1,0.5402860641479492
cnn,random_search,3,2654,2024-06-24 15:15:00,0,1,0.5090581774711609
cnn,random_search,3,2655,2024-06-24 15:20:00,0,0,0.48889288306236267
cnn,random_search,3,2656,2024-06-24 15:25:00,0,0,0.4562416076660156
cnn,random_search,3,2657,2024-06-24 15:30:00,1,0,0.40016821026802063
cnn,random_search,3,2658,2024-06-24 15:35:00,1,0,0.4202324151992798
cnn,random_search,3,2659,2024-06-24 15:40:00,1,0,0.48681339621543884
cnn,random_search,3,2660,2024-06-24 15:45:00,1,1,0.5551859736442566
cnn,random_search,3,2661,2024-06-24 15:50:00,1,0,0.48193123936653137
cnn,random_search,3,2662,2024-06-24 15:55:00,1,0,0.44261643290519714
cnn,random_search,3,2663,2024-06-24 16:00:00,1,0,0.4474627673625946
cnn,random_search,3,2664,2024-06-24 16:05:00,1,0,0.4547601342201233
cnn,random_search,3,2665,2024-06-24 16:10:00,1,0,0.47676166892051697
cnn,random_search,3,2666,2024-06-24 16:15:00,1,0,0.4936988055706024
cnn,random_search,3,2667,2024-06-24 16:20:00,1,1,0.5450596213340759
cnn,random_search,3,2668,2024-06-24 16:25:00,1,0,0.4907699525356293
cnn,random_search,3,2669,2024-06-24 16:30:00,1,1,0.5378150939941406
cnn,random_search,3,2670,2024-06-24 16:35:00,1,1,0.5869439840316772
cnn,random_search,3,2671,2024-06-24 16:40:00,1,1,0.6007954478263855
cnn,random_search,3,2672,2024-06-24 16:45:00,1,1,0.6210011839866638
cnn,random_search,3,2673,2024-06-24 16:50:00,1,1,0.604889988899231
cnn,random_search,3,2674,2024-06-24 16:55:00,1,1,0.5349287986755371
cnn,random_search,3,2675,2024-06-24 17:00:00,1,1,0.5116419792175293
cnn,random_search,3,2676,2024-06-24 17:05:00,1,0,0.4911482036113739
cnn,random_search,3,2677,2024-06-24 17:10:00,1,0,0.4432985782623291
cnn,random_search,3,2678,2024-06-24 17:15:00,0,1,0.5040457844734192
cnn,random_search,3,2679,2024-06-24 17:20:00,0,1,0.505222499370575
cnn,random_search,3,2680,2024-06-24 17:25:00,0,0,0.4890517592430115
cnn,random_search,3,2681,2024-06-24 17:30:00,0,1,0.5237939357757568
cnn,random_search,3,2682,2024-06-24 17:35:00,0,1,0.5547993779182434
cnn,random_search,3,2683,2024-06-24 17:40:00,0,1,0.577806293964386
cnn,random_search,3,2684,2024-06-24 17:45:00,0,1,0.550020694732666
cnn,random_search,3,2685,2024-06-24 17:50:00,0,1,0.574290931224823
cnn,random_search,3,2686,2024-06-24 17:55:00,0,1,0.5548982620239258
cnn,random_search,3,2687,2024-06-25 12:35:00,1,0,0.3290364742279053
cnn,random_search,3,2688,2024-06-25 12:40:00,1,0,0.331500381231308
cnn,random_search,3,2689,2024-06-25 12:45:00,1,0,0.4071069359779358
cnn,random_search,3,2690,2024-06-25 12:50:00,1,0,0.44168636202812195
cnn,random_search,3,2691,2024-06-25 12:55:00,1,0,0.4676024317741394
cnn,random_search,3,2692,2024-06-25 13:00:00,1,1,0.5283710956573486
cnn,random_search,3,2693,2024-06-25 13:05:00,1,0,0.49804913997650146
cnn,random_search,3,2694,2024-06-25 13:10:00,1,0,0.4337972104549408
cnn,random_search,3,2695,2024-06-25 13:15:00,1,0,0.4616270363330841
cnn,random_search,3,2696,2024-06-25 13:20:00,1,1,0.5314496159553528
cnn,random_search,3,2697,2024-06-25 13:25:00,1,1,0.5636195540428162
cnn,random_search,3,2698,2024-06-25 13:30:00,1,1,0.523661196231842
cnn,random_search,3,2699,2024-06-25 13:35:00,1,1,0.5601502060890198
cnn,random_search,3,2700,2024-06-25 13:40:00,1,1,0.567814290523529
cnn,random_search,3,2701,2024-06-25 13:45:00,1,1,0.5759761333465576
cnn,random_search,3,2702,2024-06-25 13:50:00,1,1,0.6034553647041321
cnn,random_search,3,2703,2024-06-25 13:55:00,1,1,0.5803256034851074
cnn,random_search,3,2704,2024-06-25 14:00:00,1,1,0.5671818256378174
cnn,random_search,3,2705,2024-06-25 14:05:00,1,1,0.5738835334777832
cnn,random_search,3,2706,2024-06-25 14:10:00,1,1,0.6066431403160095
cnn,random_search,3,2707,2024-06-25 14:15:00,1,1,0.5601466298103333
cnn,random_search,3,2708,2024-06-25 14:20:00,1,0,0.4504016935825348
cnn,random_search,3,2709,2024-06-25 14:25:00,1,1,0.5076372027397156
cnn,random_search,3,2710,2024-06-25 14:30:00,1,1,0.5675545334815979
cnn,random_search,3,2711,2024-06-25 14:35:00,1,1,0.5395805835723877
cnn,random_search,3,2712,2024-06-25 14:40:00,1,1,0.5668447613716125
cnn,random_search,3,2713,2024-06-25 14:45:00,1,1,0.575273334980011
cnn,random_search,3,2714,2024-06-25 14:50:00,0,1,0.6388611197471619
cnn,random_search,3,2715,2024-06-25 14:55:00,0,1,0.648007869720459
cnn,random_search,3,2716,2024-06-25 15:00:00,0,1,0.6190699934959412
cnn,random_search,3,2717,2024-06-25 15:05:00,0,1,0.6011573672294617
cnn,random_search,3,2718,2024-06-25 15:10:00,0,1,0.6067413687705994
cnn,random_search,3,2719,2024-06-25 15:15:00,0,1,0.5660078525543213
cnn,random_search,3,2720,2024-06-25 15:20:00,0,0,0.491152286529541
cnn,random_search,3,2721,2024-06-25 15:25:00,0,1,0.5121878385543823
cnn,random_search,3,2722,2024-06-25 15:30:00,0,1,0.509781539440155
cnn,random_search,3,2723,2024-06-25 15:35:00,0,0,0.4957776963710785
cnn,random_search,3,2724,2024-06-25 15:40:00,0,0,0.487537145614624
cnn,random_search,3,2725,2024-06-25 15:45:00,0,1,0.5344422459602356
cnn,random_search,3,2726,2024-06-25 15:50:00,0,0,0.48052358627319336
cnn,random_search,3,2727,2024-06-25 15:55:00,0,0,0.45471253991127014
cnn,random_search,3,2728,2024-06-25 16:00:00,0,0,0.47794032096862793
cnn,random_search,3,2729,2024-06-25 16:05:00,0,0,0.4330194294452667
cnn,random_search,3,2730,2024-06-25 16:10:00,0,0,0.4388926029205322
cnn,random_search,3,2731,2024-06-25 16:15:00,0,0,0.46832576394081116
cnn,random_search,3,2732,2024-06-25 16:20:00,0,0,0.45451614260673523
cnn,random_search,3,2733,2024-06-25 16:25:00,0,0,0.48899412155151367
cnn,random_search,3,2734,2024-06-25 16:30:00,0,0,0.4721596837043762
cnn,random_search,3,2735,2024-06-25 16:35:00,0,0,0.4062809646129608
cnn,random_search,3,2736,2024-06-25 16:40:00,1,0,0.38977333903312683
cnn,random_search,3,2737,2024-06-25 16:45:00,1,0,0.4074714779853821
cnn,random_search,3,2738,2024-06-25 16:50:00,1,0,0.40648412704467773
cnn,random_search,3,2739,2024-06-25 16:55:00,1,0,0.4370507597923279
cnn,random_search,3,2740,2024-06-25 17:00:00,1,1,0.5016314387321472
cnn,random_search,3,2741,2024-06-25 17:05:00,1,1,0.5598877668380737
cnn,random_search,3,2742,2024-06-25 17:10:00,1,1,0.6019390821456909
cnn,random_search,3,2743,2024-06-25 17:15:00,1,1,0.5700916647911072
cnn,random_search,3,2744,2024-06-25 17:20:00,1,1,0.608919084072113
cnn,random_search,3,2745,2024-06-25 17:25:00,1,1,0.5723121762275696
cnn,random_search,3,2746,2024-06-25 17:30:00,0,1,0.5693104863166809
cnn,random_search,3,2747,2024-06-25 17:35:00,0,1,0.5885864496231079
cnn,random_search,3,2748,2024-06-25 17:40:00,0,1,0.5561414361000061
cnn,random_search,3,2749,2024-06-25 17:45:00,0,1,0.5505849123001099
cnn,random_search,3,2750,2024-06-25 17:50:00,0,1,0.5642624497413635
cnn,random_search,3,2751,2024-06-25 17:55:00,0,1,0.5590196251869202
cnn,random_search,3,2752,2024-06-26 10:40:00,1,0,0.323397159576416
cnn,random_search,3,2753,2024-06-26 10:45:00,1,0,0.3234921395778656
cnn,random_search,3,2754,2024-06-26 10:50:00,1,0,0.3885831832885742
cnn,random_search,3,2755,2024-06-26 10:55:00,1,0,0.4804198443889618
cnn,random_search,3,2756,2024-06-26 11:00:00,1,1,0.5770920515060425
cnn,random_search,3,2757,2024-06-26 11:05:00,1,1,0.5339641571044922
cnn,random_search,3,2758,2024-06-26 11:10:00,1,1,0.5334078669548035
cnn,random_search,3,2759,2024-06-26 11:15:00,1,1,0.6394048929214478
cnn,random_search,3,2760,2024-06-26 11:20:00,1,1,0.6777934432029724
cnn,random_search,3,2761,2024-06-26 11:25:00,1,1,0.5912271738052368
cnn,random_search,3,2762,2024-06-26 11:30:00,1,1,0.5121581554412842
cnn,random_search,3,2763,2024-06-26 11:35:00,1,1,0.5415346622467041
cnn,random_search,3,2764,2024-06-26 11:40:00,1,0,0.47930893301963806
cnn,random_search,3,2765,2024-06-26 11:45:00,1,0,0.47749102115631104
cnn,random_search,3,2766,2024-06-26 11:50:00,1,1,0.5311357378959656
cnn,random_search,3,2767,2024-06-26 11:55:00,1,1,0.5088905096054077
cnn,random_search,3,2768,2024-06-26 12:00:00,1,1,0.543867826461792
cnn,random_search,3,2769,2024-06-26 12:05:00,1,1,0.587311327457428
cnn,random_search,3,2770,2024-06-26 12:10:00,1,0,0.45744597911834717
cnn,random_search,3,2771,2024-06-26 12:15:00,1,0,0.43365252017974854
cnn,random_search,3,2772,2024-06-26 12:20:00,1,1,0.5096614956855774
cnn,random_search,3,2773,2024-06-26 12:25:00,1,1,0.5515535473823547
cnn,random_search,3,2774,2024-06-26 12:30:00,1,1,0.5465128421783447
cnn,random_search,3,2775,2024-06-26 12:35:00,1,1,0.5868341326713562
cnn,random_search,3,2776,2024-06-26 12:40:00,1,1,0.5857383012771606
cnn,random_search,3,2777,2024-06-26 12:45:00,1,1,0.5858947038650513
cnn,random_search,3,2778,2024-06-26 12:50:00,1,1,0.6366873383522034
cnn,random_search,3,2779,2024-06-26 12:55:00,1,1,0.6828675866127014
cnn,random_search,3,2780,2024-06-26 13:00:00,1,1,0.6983364820480347
cnn,random_search,3,2781,2024-06-26 13:05:00,1,1,0.741841197013855
cnn,random_search,3,2782,2024-06-26 13:10:00,1,1,0.6958128809928894
cnn,random_search,3,2783,2024-06-26 13:15:00,1,1,0.6907749772071838
cnn,random_search,3,2784,2024-06-26 13:20:00,1,1,0.7023711204528809
cnn,random_search,3,2785,2024-06-26 13:25:00,1,1,0.6796143651008606
cnn,random_search,3,2786,2024-06-26 13:30:00,1,1,0.6474988460540771
cnn,random_search,3,2787,2024-06-26 13:35:00,1,1,0.6193065047264099
cnn,random_search,3,2788,2024-06-26 13:40:00,1,1,0.625729501247406
cnn,random_search,3,2789,2024-06-26 13:45:00,1,1,0.6194695830345154
cnn,random_search,3,2790,2024-06-26 13:50:00,1,1,0.6419984102249146
cnn,random_search,3,2791,2024-06-26 13:55:00,1,1,0.6049230098724365
cnn,random_search,3,2792,2024-06-26 14:00:00,1,1,0.5934783816337585
cnn,random_search,3,2793,2024-06-26 14:05:00,1,1,0.5312341451644897
cnn,random_search,3,2794,2024-06-26 14:10:00,1,0,0.43463370203971863
cnn,random_search,3,2795,2024-06-26 14:15:00,1,0,0.4504172205924988
cnn,random_search,3,2796,2024-06-26 14:20:00,1,1,0.5362851023674011
cnn,random_search,3,2797,2024-06-26 14:25:00,1,1,0.5574970245361328
cnn,random_search,3,2798,2024-06-26 14:30:00,1,1,0.5834216475486755
cnn,random_search,3,2799,2024-06-26 14:35:00,1,1,0.5677685737609863
cnn,random_search,3,2800,2024-06-26 14:40:00,1,1,0.5423310995101929
cnn,random_search,3,2801,2024-06-26 14:45:00,1,1,0.5334578156471252
cnn,random_search,3,2802,2024-06-26 14:50:00,1,1,0.5004487633705139
cnn,random_search,3,2803,2024-06-26 14:55:00,1,1,0.5526958703994751
cnn,random_search,3,2804,2024-06-26 15:00:00,1,1,0.6066396236419678
cnn,random_search,3,2805,2024-06-26 15:05:00,1,1,0.6408863067626953
cnn,random_search,3,2806,2024-06-26 15:10:00,0,1,0.6788856387138367
cnn,random_search,3,2807,2024-06-26 15:15:00,0,1,0.6333370804786682
cnn,random_search,3,2808,2024-06-26 15:20:00,0,1,0.6164419054985046
cnn,random_search,3,2809,2024-06-26 15:25:00,0,1,0.5664183497428894
cnn,random_search,3,2810,2024-06-26 15:30:00,0,1,0.5236261487007141
cnn,random_search,3,2811,2024-06-26 15:35:00,0,1,0.5180045366287231
cnn,random_search,3,2812,2024-06-26 15:40:00,0,0,0.47185787558555603
cnn,random_search,3,2813,2024-06-26 15:45:00,0,0,0.42300036549568176
cnn,random_search,3,2814,2024-06-26 15:50:00,0,0,0.36207881569862366
cnn,random_search,3,2815,2024-06-26 15:55:00,0,0,0.32125169038772583
cnn,random_search,3,2816,2024-06-26 16:00:00,0,0,0.3239763081073761
cnn,random_search,3,2817,2024-06-26 16:05:00,0,0,0.3370490074157715
cnn,random_search,3,2818,2024-06-26 16:10:00,1,0,0.35004696249961853
cnn,random_search,3,2819,2024-06-26 16:15:00,1,0,0.42224618792533875
cnn,random_search,3,2820,2024-06-26 16:20:00,1,1,0.5156805515289307
cnn,random_search,3,2821,2024-06-26 16:25:00,1,1,0.5809642672538757
cnn,random_search,3,2822,2024-06-26 16:30:00,1,1,0.6139318943023682
cnn,random_search,3,2823,2024-06-26 16:35:00,1,1,0.6059017777442932
cnn,random_search,3,2824,2024-06-26 16:40:00,1,1,0.6124852895736694
cnn,random_search,3,2825,2024-06-26 16:45:00,1,1,0.6170300245285034
cnn,random_search,3,2826,2024-06-26 16:50:00,0,1,0.676455020904541
cnn,random_search,3,2827,2024-06-26 16:55:00,0,1,0.7405138611793518
cnn,random_search,3,2828,2024-06-26 17:00:00,0,1,0.6961033940315247
cnn,random_search,3,2829,2024-06-26 17:05:00,0,1,0.7052232027053833
cnn,random_search,3,2830,2024-06-26 17:10:00,0,1,0.6061001420021057
cnn,random_search,3,2831,2024-06-26 17:15:00,0,1,0.5422744154930115
cnn,random_search,3,2832,2024-06-26 17:20:00,0,1,0.5116173028945923
cnn,random_search,3,2833,2024-06-26 17:25:00,0,1,0.5024210214614868
cnn,random_search,3,2834,2024-06-26 17:30:00,1,0,0.45152953267097473
cnn,random_search,3,2835,2024-06-26 17:35:00,1,0,0.4640461504459381
cnn,random_search,3,2836,2024-06-26 17:40:00,1,1,0.525891900062561
cnn,random_search,3,2837,2024-06-26 17:45:00,1,1,0.5473204255104065
cnn,random_search,3,2838,2024-06-26 17:50:00,1,1,0.5812455415725708
cnn,random_search,3,2839,2024-06-26 17:55:00,1,1,0.6071211695671082
cnn,random_search,3,2840,2024-06-27 10:55:00,0,1,0.664663553237915
cnn,random_search,3,2841,2024-06-27 11:00:00,0,1,0.6473868489265442
cnn,random_search,3,2842,2024-06-27 11:05:00,0,1,0.5934858322143555
cnn,random_search,3,2843,2024-06-27 11:10:00,0,1,0.6088127493858337
cnn,random_search,3,2844,2024-06-27 11:15:00,0,1,0.5250241756439209
cnn,random_search,3,2845,2024-06-27 11:20:00,0,0,0.3682578206062317
cnn,random_search,3,2846,2024-06-27 11:25:00,0,0,0.315019428730011
cnn,random_search,3,2847,2024-06-27 11:30:00,0,0,0.33166593313217163
cnn,random_search,3,2848,2024-06-27 11:35:00,0,0,0.3951408565044403
cnn,random_search,3,2849,2024-06-27 11:40:00,0,0,0.3923456072807312
cnn,random_search,3,2850,2024-06-27 11:45:00,0,0,0.38223782181739807
cnn,random_search,3,2851,2024-06-27 11:50:00,0,0,0.3372212052345276
cnn,random_search,3,2852,2024-06-27 11:55:00,0,0,0.29755598306655884
cnn,random_search,3,2853,2024-06-27 12:00:00,1,0,0.27382269501686096
cnn,random_search,3,2854,2024-06-27 12:05:00,1,0,0.307594895362854
cnn,random_search,3,2855,2024-06-27 12:10:00,1,0,0.3346099853515625
cnn,random_search,3,2856,2024-06-27 12:15:00,1,0,0.3526260256767273
cnn,random_search,3,2857,2024-06-27 12:20:00,1,0,0.39642179012298584
cnn,random_search,3,2858,2024-06-27 12:25:00,1,0,0.4969554543495178
cnn,random_search,3,2859,2024-06-27 12:30:00,1,1,0.5897868275642395
cnn,random_search,3,2860,2024-06-27 12:35:00,1,1,0.6525654792785645
cnn,random_search,3,2861,2024-06-27 12:40:00,1,1,0.6993089318275452
cnn,random_search,3,2862,2024-06-27 12:45:00,1,1,0.7035687565803528
cnn,random_search,3,2863,2024-06-27 12:50:00,1,1,0.6857511401176453
cnn,random_search,3,2864,2024-06-27 12:55:00,0,1,0.688675582408905
cnn,random_search,3,2865,2024-06-27 13:00:00,0,1,0.6333723068237305
cnn,random_search,3,2866,2024-06-27 13:05:00,0,1,0.556896448135376
cnn,random_search,3,2867,2024-06-27 13:10:00,0,1,0.5255818963050842
cnn,random_search,3,2868,2024-06-27 13:15:00,0,0,0.48012349009513855
cnn,random_search,3,2869,2024-06-27 13:20:00,0,1,0.5209900140762329
cnn,random_search,3,2870,2024-06-27 13:25:00,0,0,0.46788671612739563
cnn,random_search,3,2871,2024-06-27 13:30:00,0,0,0.44404420256614685
cnn,random_search,3,2872,2024-06-27 13:35:00,0,0,0.4269499182701111
cnn,random_search,3,2873,2024-06-27 13:40:00,0,0,0.4865836203098297
cnn,random_search,3,2874,2024-06-27 13:45:00,0,1,0.5627532601356506
cnn,random_search,3,2875,2024-06-27 13:50:00,0,1,0.5480233430862427
cnn,random_search,3,2876,2024-06-27 13:55:00,0,1,0.5347488522529602
cnn,random_search,3,2877,2024-06-27 14:00:00,0,1,0.5310870409011841
cnn,random_search,3,2878,2024-06-27 14:05:00,0,0,0.45945146679878235
cnn,random_search,3,2879,2024-06-27 14:10:00,1,0,0.3871317505836487
cnn,random_search,3,2880,2024-06-27 14:15:00,1,0,0.4250591993331909
cnn,random_search,3,2881,2024-06-27 14:20:00,1,1,0.5829895734786987
cnn,random_search,3,2882,2024-06-27 14:25:00,1,1,0.6718425750732422
cnn,random_search,3,2883,2024-06-27 14:30:00,1,1,0.6269574165344238
cnn,random_search,3,2884,2024-06-27 14:35:00,1,1,0.644533634185791
cnn,random_search,3,2885,2024-06-27 14:40:00,1,1,0.6616156697273254
cnn,random_search,3,2886,2024-06-27 14:45:00,1,1,0.6730057001113892
cnn,random_search,3,2887,2024-06-27 14:50:00,1,1,0.687014639377594
cnn,random_search,3,2888,2024-06-27 14:55:00,1,1,0.6964451670646667
cnn,random_search,3,2889,2024-06-27 15:00:00,1,1,0.6418481469154358
cnn,random_search,3,2890,2024-06-27 15:05:00,1,1,0.554627537727356
cnn,random_search,3,2891,2024-06-27 15:10:00,1,1,0.5409597158432007
cnn,random_search,3,2892,2024-06-27 15:15:00,1,1,0.5599953532218933
cnn,random_search,3,2893,2024-06-27 15:20:00,1,1,0.5621777772903442
cnn,random_search,3,2894,2024-06-27 15:25:00,1,1,0.5533281564712524
cnn,random_search,3,2895,2024-06-27 15:30:00,1,1,0.5919211506843567
cnn,random_search,3,2896,2024-06-27 15:35:00,1,1,0.6314441561698914
cnn,random_search,3,2897,2024-06-27 15:40:00,1,1,0.6126983761787415
cnn,random_search,3,2898,2024-06-27 15:45:00,1,1,0.6410073041915894
cnn,random_search,3,2899,2024-06-27 15:50:00,1,1,0.6967519521713257
cnn,random_search,3,2900,2024-06-27 15:55:00,1,1,0.73780357837677
cnn,random_search,3,2901,2024-06-27 16:00:00,1,1,0.7272462248802185
cnn,random_search,3,2902,2024-06-27 16:05:00,1,1,0.7033630013465881
cnn,random_search,3,2903,2024-06-27 16:10:00,1,1,0.692758321762085
cnn,random_search,3,2904,2024-06-27 16:15:00,1,1,0.614146888256073
cnn,random_search,3,2905,2024-06-27 16:20:00,1,1,0.5525756478309631
cnn,random_search,3,2906,2024-06-27 16:25:00,1,1,0.5357210636138916
cnn,random_search,3,2907,2024-06-27 16:30:00,1,0,0.4769965410232544
cnn,random_search,3,2908,2024-06-27 16:35:00,1,0,0.46705713868141174
cnn,random_search,3,2909,2024-06-27 16:40:00,1,1,0.5426858067512512
cnn,random_search,3,2910,2024-06-27 16:45:00,1,1,0.5987973809242249
cnn,random_search,3,2911,2024-06-27 16:50:00,1,1,0.5843155980110168
cnn,random_search,3,2912,2024-06-27 16:55:00,1,1,0.5984552502632141
cnn,random_search,3,2913,2024-06-27 17:00:00,1,1,0.5815818309783936
cnn,random_search,3,2914,2024-06-27 17:05:00,1,1,0.617624044418335
cnn,random_search,3,2915,2024-06-27 17:10:00,1,1,0.5805668830871582
cnn,random_search,3,2916,2024-06-27 17:15:00,1,1,0.5231896638870239
cnn,random_search,3,2917,2024-06-27 17:20:00,1,1,0.5233917832374573
cnn,random_search,3,2918,2024-06-27 17:25:00,1,1,0.5416560769081116
cnn,random_search,3,2919,2024-06-27 17:30:00,1,1,0.5365569591522217
cnn,random_search,3,2920,2024-06-27 17:35:00,1,1,0.5177770256996155
cnn,random_search,3,2921,2024-06-27 17:40:00,1,1,0.5250225067138672
cnn,random_search,3,2922,2024-06-27 17:45:00,1,1,0.5501130819320679
cnn,random_search,3,2923,2024-06-27 17:50:00,1,1,0.5810311436653137
cnn,random_search,3,2924,2024-06-27 17:55:00,0,1,0.6157295107841492
cnn,random_search,3,2925,2024-06-28 10:40:00,0,0,0.3247448801994324
cnn,random_search,3,2926,2024-06-28 10:45:00,0,0,0.2839815616607666
cnn,random_search,3,2927,2024-06-28 10:50:00,0,0,0.26800328493118286
cnn,random_search,3,2928,2024-06-28 10:55:00,0,0,0.25493353605270386
cnn,random_search,3,2929,2024-06-28 11:00:00,1,0,0.28370216488838196
cnn,random_search,3,2930,2024-06-28 11:05:00,1,0,0.2175416499376297
cnn,random_search,3,2931,2024-06-28 11:10:00,1,0,0.26441502571105957
cnn,random_search,3,2932,2024-06-28 11:15:00,1,0,0.3170923888683319
cnn,random_search,3,2933,2024-06-28 11:20:00,1,0,0.4880830943584442
cnn,random_search,3,2934,2024-06-28 11:25:00,1,1,0.5839489698410034
cnn,random_search,3,2935,2024-06-28 11:30:00,1,1,0.6551008224487305
cnn,random_search,3,2936,2024-06-28 11:35:00,1,1,0.6873007416725159
cnn,random_search,3,2937,2024-06-28 11:40:00,1,1,0.6740818619728088
cnn,random_search,3,2938,2024-06-28 11:45:00,1,1,0.7125845551490784
cnn,random_search,3,2939,2024-06-28 11:50:00,1,1,0.7023851871490479
cnn,random_search,3,2940,2024-06-28 11:55:00,1,1,0.7458828091621399
cnn,random_search,3,2941,2024-06-28 12:00:00,1,1,0.7273021340370178
cnn,random_search,3,2942,2024-06-28 12:05:00,1,1,0.6747536063194275
cnn,random_search,3,2943,2024-06-28 12:10:00,1,1,0.6486726999282837
cnn,random_search,3,2944,2024-06-28 12:15:00,1,1,0.662194550037384
cnn,random_search,3,2945,2024-06-28 12:20:00,1,1,0.6423732042312622
cnn,random_search,3,2946,2024-06-28 12:25:00,1,1,0.5443099737167358
cnn,random_search,3,2947,2024-06-28 12:30:00,1,1,0.5299829244613647
cnn,random_search,3,2948,2024-06-28 12:35:00,0,1,0.5995188355445862
cnn,random_search,3,2949,2024-06-28 12:40:00,0,1,0.6106915473937988
cnn,random_search,3,2950,2024-06-28 12:45:00,0,1,0.5439645051956177
cnn,random_search,3,2951,2024-06-28 12:50:00,0,0,0.4950183033943176
cnn,random_search,3,2952,2024-06-28 12:55:00,0,0,0.42032966017723083
cnn,random_search,3,2953,2024-06-28 13:00:00,0,0,0.36717596650123596
cnn,random_search,3,2954,2024-06-28 13:05:00,0,0,0.35084402561187744
cnn,random_search,3,2955,2024-06-28 13:10:00,0,0,0.29156115651130676
cnn,random_search,3,2956,2024-06-28 13:15:00,0,0,0.3390963077545166
cnn,random_search,3,2957,2024-06-28 13:20:00,0,0,0.3621794879436493
cnn,random_search,3,2958,2024-06-28 13:25:00,0,0,0.3771613836288452
cnn,random_search,3,2959,2024-06-28 13:30:00,0,0,0.39688706398010254
cnn,random_search,3,2960,2024-06-28 13:35:00,1,0,0.37726330757141113
cnn,random_search,3,2961,2024-06-28 13:40:00,1,0,0.42464178800582886
cnn,random_search,3,2962,2024-06-28 13:45:00,1,0,0.4332829415798187
cnn,random_search,3,2963,2024-06-28 13:50:00,1,0,0.4081489145755768
cnn,random_search,3,2964,2024-06-28 13:55:00,1,0,0.4930093288421631
cnn,random_search,3,2965,2024-06-28 14:00:00,1,1,0.5264600515365601
cnn,random_search,3,2966,2024-06-28 14:05:00,1,1,0.5408297777175903
cnn,random_search,3,2967,2024-06-28 14:10:00,1,1,0.5211886167526245
cnn,random_search,3,2968,2024-06-28 14:15:00,1,1,0.5278400778770447
cnn,random_search,3,2969,2024-06-28 14:20:00,1,1,0.571509838104248
cnn,random_search,3,2970,2024-06-28 14:25:00,1,1,0.6177487969398499
cnn,random_search,3,2971,2024-06-28 14:30:00,1,1,0.5861875414848328
cnn,random_search,3,2972,2024-06-28 14:35:00,1,1,0.6093671321868896
cnn,random_search,3,2973,2024-06-28 14:40:00,1,1,0.6621895432472229
cnn,random_search,3,2974,2024-06-28 14:45:00,0,1,0.6785380244255066
cnn,random_search,3,2975,2024-06-28 14:50:00,0,1,0.6621233820915222
cnn,random_search,3,2976,2024-06-28 14:55:00,0,1,0.5511841773986816
cnn,random_search,3,2977,2024-06-28 15:00:00,0,0,0.4610636234283447
cnn,random_search,3,2978,2024-06-28 15:05:00,0,0,0.4644705653190613
cnn,random_search,3,2979,2024-06-28 15:10:00,0,0,0.4525378942489624
cnn,random_search,3,2980,2024-06-28 15:15:00,0,0,0.4853549003601074
cnn,random_search,3,2981,2024-06-28 15:20:00,0,0,0.44628235697746277
cnn,random_search,3,2982,2024-06-28 15:25:00,0,0,0.43454229831695557
cnn,random_search,3,2983,2024-06-28 15:30:00,0,0,0.3961655795574188
cnn,random_search,3,2984,2024-06-28 15:35:00,0,0,0.33559709787368774
cnn,random_search,3,2985,2024-06-28 15:40:00,0,0,0.3027535676956177
cnn,random_search,3,2986,2024-06-28 15:45:00,0,0,0.3402503728866577
cnn,random_search,3,2987,2024-06-28 15:50:00,0,0,0.3681199252605438
cnn,random_search,3,2988,2024-06-28 15:55:00,0,0,0.4409428536891937
cnn,random_search,3,2989,2024-06-28 16:00:00,0,0,0.4439738392829895
cnn,random_search,3,2990,2024-06-28 16:05:00,0,0,0.4296102821826935
cnn,random_search,3,2991,2024-06-28 16:10:00,0,0,0.3882639408111572
cnn,random_search,3,2992,2024-06-28 16:15:00,1,0,0.3852379024028778
cnn,random_search,3,2993,2024-06-28 16:20:00,1,0,0.43499523401260376
cnn,random_search,3,2994,2024-06-28 16:25:00,1,1,0.5147005319595337
cnn,random_search,3,2995,2024-06-28 16:30:00,1,1,0.5195953249931335
cnn,random_search,3,2996,2024-06-28 16:35:00,1,1,0.5147597789764404
cnn,random_search,3,2997,2024-06-28 16:40:00,1,1,0.5391251444816589
cnn,random_search,3,2998,2024-06-28 16:45:00,1,1,0.5758565068244934
cnn,random_search,3,2999,2024-06-28 16:50:00,1,1,0.6132552623748779
cnn,random_search,3,3000,2024-06-28 16:55:00,0,1,0.6397020816802979
cnn,random_search,3,3001,2024-06-28 17:00:00,0,1,0.6187942624092102
cnn,random_search,3,3002,2024-06-28 17:05:00,0,1,0.5663968920707703
cnn,random_search,3,3003,2024-06-28 17:10:00,0,1,0.5737327337265015
cnn,random_search,3,3004,2024-06-28 17:15:00,0,1,0.5179232954978943
cnn,random_search,3,3005,2024-06-28 17:20:00,0,0,0.4412801265716553
cnn,random_search,3,3006,2024-06-28 17:25:00,0,0,0.41604292392730713
cnn,random_search,3,3007,2024-06-28 17:30:00,0,0,0.4719439446926117
cnn,random_search,3,3008,2024-06-28 17:35:00,0,0,0.44814810156822205
cnn,random_search,3,3009,2024-06-28 17:40:00,0,0,0.46877622604370117
cnn,random_search,3,3010,2024-06-28 17:45:00,0,1,0.5365476012229919
cnn,random_search,3,3011,2024-06-28 17:50:00,0,1,0.5476952195167542
