model_type,optimizer,seed,row_id,datetime,y_true,y_pred,y_proba
rf,gwo,1,0,2024-05-20 15:25:00,1,0,0.47591637982298346
rf,gwo,1,1,2024-05-20 15:25:00,1,0,0.4753564411518341
rf,gwo,1,2,2024-05-20 15:30:00,1,1,0.5416947170563037
rf,gwo,1,3,2024-05-20 15:30:00,1,1,0.5476168453024457
rf,gwo,1,4,2024-05-20 15:35:00,1,1,0.6117821999163935
rf,gwo,1,5,2024-05-20 15:35:00,1,1,0.6277596035376236
rf,gwo,1,6,2024-05-20 15:40:00,1,1,0.5490173162514317
rf,gwo,1,7,2024-05-20 15:40:00,1,0,0.33653007370696775
rf,gwo,1,8,2024-05-20 15:45:00,1,1,0.5344424134955995
rf,gwo,1,9,2024-05-20 15:45:00,1,1,0.5881821200923593
rf,gwo,1,10,2024-05-20 15:50:00,1,0,0.45795502186359005
rf,gwo,1,11,2024-05-20 15:50:00,1,0,0.35737879317207316
rf,gwo,1,12,2024-05-20 15:55:00,1,1,0.5617761816353869
rf,gwo,1,13,2024-05-20 15:55:00,1,0,0.4710042057129776
rf,gwo,1,14,2024-05-20 16:00:00,1,1,0.6123673736497419
rf,gwo,1,15,2024-05-20 16:00:00,1,1,0.6170350378349044
rf,gwo,1,16,2024-05-20 16:05:00,1,1,0.5784067920775398
rf,gwo,1,17,2024-05-20 16:05:00,1,1,0.6370258378147771
rf,gwo,1,18,2024-05-20 16:10:00,1,1,0.5989740351643204
rf,gwo,1,19,2024-05-20 16:10:00,1,1,0.6366864681022372
rf,gwo,1,20,2024-05-20 16:15:00,1,1,0.6076254554395886
rf,gwo,1,21,2024-05-20 16:15:00,1,1,0.6280774442054524
rf,gwo,1,22,2024-05-20 16:20:00,1,1,0.6087393832588173
rf,gwo,1,23,2024-05-20 16:20:00,1,1,0.5745112266194136
rf,gwo,1,24,2024-05-20 16:25:00,1,0,0.43687041649927255
rf,gwo,1,25,2024-05-20 16:25:00,1,0,0.40123809467973665
rf,gwo,1,26,2024-05-20 16:30:00,1,0,0.4333822814632176
rf,gwo,1,27,2024-05-20 16:30:00,1,0,0.4198366771137431
rf,gwo,1,28,2024-05-20 16:35:00,1,0,0.4400532040257338
rf,gwo,1,29,2024-05-20 16:35:00,1,0,0.35173242720441833
rf,gwo,1,30,2024-05-20 16:40:00,1,0,0.43466193375634327
rf,gwo,1,31,2024-05-20 16:40:00,1,0,0.47136919684831247
rf,gwo,1,32,2024-05-20 16:45:00,1,1,0.6451697304079707
rf,gwo,1,33,2024-05-20 16:45:00,1,1,0.5577020805884901
rf,gwo,1,34,2024-05-20 16:50:00,1,1,0.6404710629104481
rf,gwo,1,35,2024-05-20 16:50:00,1,1,0.6346473744108887
rf,gwo,1,36,2024-05-20 16:55:00,0,1,0.746951045778192
rf,gwo,1,37,2024-05-20 16:55:00,0,1,0.736976567937136
rf,gwo,1,38,2024-05-20 17:00:00,0,1,0.7623148931921396
rf,gwo,1,39,2024-05-20 17:00:00,0,1,0.6479559413995986
rf,gwo,1,40,2024-05-20 17:05:00,0,1,0.5155588595511423
rf,gwo,1,41,2024-05-20 17:05:00,0,1,0.5241654210081372
rf,gwo,1,42,2024-05-20 17:10:00,0,0,0.3558702142549931
rf,gwo,1,43,2024-05-20 17:10:00,0,0,0.3331912987135764
rf,gwo,1,44,2024-05-20 17:15:00,0,0,0.44458826948030006
rf,gwo,1,45,2024-05-20 17:15:00,0,1,0.5558418766124414
rf,gwo,1,46,2024-05-20 17:20:00,0,1,0.5567009082554286
rf,gwo,1,47,2024-05-20 17:20:00,0,0,0.4995913108080368
rf,gwo,1,48,2024-05-20 17:25:00,0,1,0.5365687913898656
rf,gwo,1,49,2024-05-20 17:25:00,0,1,0.6440846213562852
rf,gwo,1,50,2024-05-20 17:30:00,0,1,0.6077018499803579
rf,gwo,1,51,2024-05-20 17:30:00,0,1,0.5549389207259504
rf,gwo,1,52,2024-05-20 17:35:00,0,1,0.5415819072933487
rf,gwo,1,53,2024-05-20 17:35:00,0,1,0.546379844304942
rf,gwo,1,54,2024-05-20 17:40:00,0,1,0.5306552996867611
rf,gwo,1,55,2024-05-20 17:40:00,0,1,0.5086071290343553
rf,gwo,1,56,2024-05-20 17:45:00,0,1,0.5432332294323274
rf,gwo,1,57,2024-05-20 17:45:00,0,1,0.5134597838363024
rf,gwo,1,58,2024-05-20 17:50:00,0,1,0.5460640915897547
rf,gwo,1,59,2024-05-20 17:50:00,0,1,0.5534480579548663
rf,gwo,1,60,2024-05-20 17:55:00,0,1,0.5390787366754182
rf,gwo,1,61,2024-05-20 17:55:00,0,0,0.42425638950972655
rf,gwo,1,62,2024-05-21 13:30:00,1,0,0.37408110622801183
rf,gwo,1,63,2024-05-21 13:30:00,1,0,0.38900043260233025
rf,gwo,1,64,2024-05-21 13:35:00,1,0,0.4350780243045262
rf,gwo,1,65,2024-05-21 13:35:00,1,0,0.4163414088427048
rf,gwo,1,66,2024-05-21 13:40:00,1,1,0.5464131439478572
rf,gwo,1,67,2024-05-21 13:40:00,1,1,0.5397685405605857
rf,gwo,1,68,2024-05-21 13:45:00,1,1,0.7381817676313864
rf,gwo,1,69,2024-05-21 13:45:00,1,1,0.758826582338166
rf,gwo,1,70,2024-05-21 13:50:00,1,1,0.6399709299401352
rf,gwo,1,71,2024-05-21 13:50:00,1,1,0.6336760120389171
rf,gwo,1,72,2024-05-21 13:55:00,1,0,0.45132536807777085
rf,gwo,1,73,2024-05-21 13:55:00,1,0,0.44135186563836354
rf,gwo,1,74,2024-05-21 14:00:00,1,1,0.6467534777215946
rf,gwo,1,75,2024-05-21 14:00:00,1,1,0.6290510150702804
rf,gwo,1,76,2024-05-21 14:05:00,1,1,0.5410499831775036
rf,gwo,1,77,2024-05-21 14:05:00,1,1,0.5678844028432145
rf,gwo,1,78,2024-05-21 14:10:00,1,0,0.4452727697316904
rf,gwo,1,79,2024-05-21 14:10:00,1,1,0.6410991891888057
rf,gwo,1,80,2024-05-21 14:15:00,1,1,0.5641828923702666
rf,gwo,1,81,2024-05-21 14:15:00,1,1,0.633696290985299
rf,gwo,1,82,2024-05-21 14:20:00,1,1,0.761259003042439
rf,gwo,1,83,2024-05-21 14:20:00,1,1,0.6021341402011269
rf,gwo,1,84,2024-05-21 14:25:00,1,1,0.8240950678654423
rf,gwo,1,85,2024-05-21 14:25:00,1,1,0.7651477741900482
rf,gwo,1,86,2024-05-21 14:30:00,1,1,0.772748905793141
rf,gwo,1,87,2024-05-21 14:30:00,1,1,0.7447447818056732
rf,gwo,1,88,2024-05-21 14:35:00,1,1,0.549215196590445
rf,gwo,1,89,2024-05-21 14:35:00,1,1,0.7533409031785187
rf,gwo,1,90,2024-05-21 14:40:00,1,1,0.6211167897653787
rf,gwo,1,91,2024-05-21 14:40:00,1,1,0.6513115981141976
rf,gwo,1,92,2024-05-21 14:45:00,1,1,0.6224158450771682
rf,gwo,1,93,2024-05-21 14:45:00,1,1,0.652870744255224
rf,gwo,1,94,2024-05-21 14:50:00,1,1,0.6425416622615954
rf,gwo,1,95,2024-05-21 14:50:00,1,1,0.7222367167464869
rf,gwo,1,96,2024-05-21 14:55:00,1,1,0.7955603094810638
rf,gwo,1,97,2024-05-21 14:55:00,1,1,0.7628173361939702
rf,gwo,1,98,2024-05-21 15:00:00,1,1,0.7664091857667595
rf,gwo,1,99,2024-05-21 15:00:00,1,1,0.840979505249072
rf,gwo,1,100,2024-05-21 15:05:00,0,1,0.7814883924403123
rf,gwo,1,101,2024-05-21 15:05:00,0,1,0.7672614531382252
rf,gwo,1,102,2024-05-21 15:10:00,0,1,0.6238743798417977
rf,gwo,1,103,2024-05-21 15:10:00,0,1,0.5287566522413262
rf,gwo,1,104,2024-05-21 15:15:00,0,0,0.3731837562110165
rf,gwo,1,105,2024-05-21 15:15:00,0,0,0.34297311995741514
rf,gwo,1,106,2024-05-21 15:20:00,0,0,0.35677237132285866
rf,gwo,1,107,2024-05-21 15:20:00,0,1,0.5084933280874748
rf,gwo,1,108,2024-05-21 15:25:00,0,0,0.38290210559321713
rf,gwo,1,109,2024-05-21 15:25:00,0,0,0.29704978726776277
rf,gwo,1,110,2024-05-21 15:30:00,0,0,0.35423906111357323
rf,gwo,1,111,2024-05-21 15:30:00,0,0,0.29513959919276084
rf,gwo,1,112,2024-05-21 15:35:00,0,0,0.2650678366292683
rf,gwo,1,113,2024-05-21 15:35:00,0,0,0.3432223604317606
rf,gwo,1,114,2024-05-21 15:40:00,0,0,0.46874498842662
rf,gwo,1,115,2024-05-21 15:40:00,0,0,0.32261174206442733
rf,gwo,1,116,2024-05-21 15:45:00,0,0,0.43884911805134835
rf,gwo,1,117,2024-05-21 15:50:00,0,1,0.6296328639925494
rf,gwo,1,118,2024-05-21 15:50:00,0,1,0.6354242861472957
rf,gwo,1,119,2024-05-21 15:55:00,0,1,0.561000621862034
rf,gwo,1,120,2024-05-21 15:55:00,0,1,0.5646247065112843
rf,gwo,1,121,2024-05-21 16:00:00,0,1,0.6291816234318061
rf,gwo,1,122,2024-05-21 16:00:00,0,1,0.5983682267205589
rf,gwo,1,123,2024-05-21 16:05:00,0,1,0.595904018413108
rf,gwo,1,124,2024-05-21 16:05:00,0,1,0.7433155728384673
rf,gwo,1,125,2024-05-21 16:10:00,0,1,0.7376593318282644
rf,gwo,1,126,2024-05-21 16:10:00,0,1,0.6075245265655421
rf,gwo,1,127,2024-05-21 16:15:00,0,1,0.5565754560471651
rf,gwo,1,128,2024-05-21 16:15:00,0,1,0.7049851639932115
rf,gwo,1,129,2024-05-21 16:20:00,0,1,0.5435502062108493
rf,gwo,1,130,2024-05-21 16:20:00,0,1,0.6413761527079099
rf,gwo,1,131,2024-05-21 16:25:00,0,1,0.5326484611147039
rf,gwo,1,132,2024-05-21 16:25:00,0,1,0.6417102475834804
rf,gwo,1,133,2024-05-21 16:30:00,0,1,0.5418333337763359
rf,gwo,1,134,2024-05-21 16:30:00,0,1,0.6390884965918142
rf,gwo,1,135,2024-05-21 16:35:00,0,1,0.5417503305766755
rf,gwo,1,136,2024-05-21 16:35:00,0,1,0.5982277306391102
rf,gwo,1,137,2024-05-21 16:40:00,0,1,0.5020206473592584
rf,gwo,1,138,2024-05-21 16:40:00,0,1,0.5280842415658056
rf,gwo,1,139,2024-05-21 16:45:00,0,0,0.33537145970353816
rf,gwo,1,140,2024-05-21 16:45:00,0,0,0.48408968408503955
rf,gwo,1,141,2024-05-21 16:50:00,0,0,0.4110421382369573
rf,gwo,1,142,2024-05-21 16:50:00,0,0,0.40081240731400497
rf,gwo,1,143,2024-05-21 16:55:00,0,0,0.3752487148950632
rf,gwo,1,144,2024-05-21 16:55:00,0,0,0.3446005165471015
rf,gwo,1,145,2024-05-21 17:00:00,0,0,0.2823441692900613
rf,gwo,1,146,2024-05-21 17:00:00,0,0,0.2772176847493919
rf,gwo,1,147,2024-05-21 17:05:00,0,0,0.2785064322269167
rf,gwo,1,148,2024-05-21 17:05:00,0,0,0.25730937459212505
rf,gwo,1,149,2024-05-21 17:10:00,0,0,0.2528145374431978
rf,gwo,1,150,2024-05-21 17:10:00,0,0,0.2771955221993913
rf,gwo,1,151,2024-05-21 17:15:00,0,0,0.2943759038281083
rf,gwo,1,152,2024-05-21 17:15:00,0,0,0.2917320477914274
rf,gwo,1,153,2024-05-21 17:20:00,0,0,0.46178290289584584
rf,gwo,1,154,2024-05-21 17:20:00,0,0,0.45560839361752214
rf,gwo,1,155,2024-05-21 17:25:00,0,0,0.42205343742052615
rf,gwo,1,156,2024-05-21 17:25:00,0,0,0.45397460501505865
rf,gwo,1,157,2024-05-21 17:30:00,0,0,0.44035845367313253
rf,gwo,1,158,2024-05-21 17:30:00,0,0,0.40329125989535763
rf,gwo,1,159,2024-05-21 17:35:00,0,1,0.5804166101690961
rf,gwo,1,160,2024-05-21 17:40:00,0,0,0.4506717815006318
rf,gwo,1,161,2024-05-21 17:40:00,0,1,0.5768395709110486
rf,gwo,1,162,2024-05-21 17:45:00,0,1,0.6077658316429956
rf,gwo,1,163,2024-05-21 17:50:00,0,0,0.460862323120486
rf,gwo,1,164,2024-05-21 17:50:00,0,0,0.45623360084918396
rf,gwo,1,165,2024-05-21 17:55:00,0,0,0.4390928921292336
rf,gwo,1,166,2024-05-21 17:55:00,0,0,0.4394753555129831
rf,gwo,1,167,2024-05-22 11:40:00,1,0,0.29145627725482787
rf,gwo,1,168,2024-05-22 11:45:00,1,0,0.4613242297345267
rf,gwo,1,169,2024-05-22 11:50:00,1,1,0.6389466622856645
rf,gwo,1,170,2024-05-22 11:55:00,1,1,0.6589285303952795
rf,gwo,1,171,2024-05-22 12:00:00,1,1,0.758938913794413
rf,gwo,1,172,2024-05-22 12:05:00,0,1,0.779147405477908
rf,gwo,1,173,2024-05-22 12:10:00,0,1,0.7966566096763926
rf,gwo,1,174,2024-05-22 12:15:00,0,1,0.554811733412792
rf,gwo,1,175,2024-05-22 12:20:00,0,0,0.3599876495959068
rf,gwo,1,176,2024-05-22 12:25:00,0,0,0.2904011663283913
rf,gwo,1,177,2024-05-22 12:30:00,0,0,0.3872947637546784
rf,gwo,1,178,2024-05-22 12:35:00,0,1,0.6128442703780141
rf,gwo,1,179,2024-05-22 12:40:00,0,1,0.5867293565343431
rf,gwo,1,180,2024-05-22 12:45:00,0,0,0.40090014887912495
rf,gwo,1,181,2024-05-22 12:50:00,0,0,0.45228313816644505
rf,gwo,1,182,2024-05-22 12:55:00,0,1,0.6382023550114502
rf,gwo,1,183,2024-05-22 13:00:00,0,1,0.7080996452167543
rf,gwo,1,184,2024-05-22 13:05:00,0,1,0.6389241000746223
rf,gwo,1,185,2024-05-22 13:10:00,0,1,0.5276891776429787
rf,gwo,1,186,2024-05-22 13:15:00,0,1,0.523583056781275
rf,gwo,1,187,2024-05-22 13:20:00,0,0,0.3772699565118548
rf,gwo,1,188,2024-05-22 13:25:00,0,0,0.41819577234503713
rf,gwo,1,189,2024-05-22 13:30:00,0,0,0.432090981909075
rf,gwo,1,190,2024-05-22 13:35:00,0,0,0.35108594188254405
rf,gwo,1,191,2024-05-22 13:40:00,0,0,0.3029772292280752
rf,gwo,1,192,2024-05-22 13:45:00,0,0,0.2842560082946516
rf,gwo,1,193,2024-05-22 13:50:00,0,0,0.49013874346627084
rf,gwo,1,194,2024-05-22 13:55:00,0,0,0.33599890952717515
rf,gwo,1,195,2024-05-22 14:00:00,0,0,0.2974632970891086
rf,gwo,1,196,2024-05-22 14:05:00,0,0,0.39813706599950976
rf,gwo,1,197,2024-05-22 14:10:00,0,0,0.47684575090615383
rf,gwo,1,198,2024-05-22 14:15:00,0,0,0.44864155115915977
rf,gwo,1,199,2024-05-22 14:20:00,0,0,0.4213595274042137
rf,gwo,1,200,2024-05-22 14:25:00,0,0,0.448494685392964
rf,gwo,1,201,2024-05-22 14:30:00,0,0,0.35328437961531517
rf,gwo,1,202,2024-05-22 14:35:00,0,0,0.36027452470979004
rf,gwo,1,203,2024-05-22 14:40:00,0,0,0.2988546507371614
rf,gwo,1,204,2024-05-22 14:45:00,0,0,0.4596583797162371
rf,gwo,1,205,2024-05-22 14:50:00,0,0,0.45466105300091697
rf,gwo,1,206,2024-05-22 14:55:00,0,1,0.6305876327795112
rf,gwo,1,207,2024-05-22 15:00:00,0,0,0.36045865814016365
rf,gwo,1,208,2024-05-22 15:05:00,0,0,0.35818669933973896
rf,gwo,1,209,2024-05-22 15:10:00,0,0,0.33986524768778015
rf,gwo,1,210,2024-05-22 15:15:00,0,0,0.34283638264930943
rf,gwo,1,211,2024-05-22 15:20:00,0,0,0.3730535624601435
rf,gwo,1,212,2024-05-22 15:25:00,0,0,0.21906351795039836
rf,gwo,1,213,2024-05-22 15:30:00,0,0,0.24184235776431037
rf,gwo,1,214,2024-05-22 15:35:00,0,0,0.31354657416612586
rf,gwo,1,215,2024-05-22 15:40:00,0,0,0.36515895677157023
rf,gwo,1,216,2024-05-22 15:45:00,0,1,0.5317932701251143
rf,gwo,1,217,2024-05-22 15:50:00,0,1,0.5632025358997476
rf,gwo,1,218,2024-05-22 15:55:00,0,1,0.5839704341183088
rf,gwo,1,219,2024-05-22 16:00:00,0,1,0.6568067986369457
rf,gwo,1,220,2024-05-22 16:05:00,0,1,0.6294499576830707
rf,gwo,1,221,2024-05-22 16:10:00,0,0,0.4476078161991039
rf,gwo,1,222,2024-05-22 16:15:00,0,0,0.3313685313576279
rf,gwo,1,223,2024-05-22 16:20:00,0,0,0.2276730217591496
rf,gwo,1,224,2024-05-22 16:25:00,0,0,0.37139152523654645
rf,gwo,1,225,2024-05-22 16:30:00,0,0,0.4773106386674876
rf,gwo,1,226,2024-05-22 16:35:00,0,0,0.4284904719541064
rf,gwo,1,227,2024-05-22 16:40:00,0,0,0.3633084208214531
rf,gwo,1,228,2024-05-22 16:45:00,0,0,0.2896465355315237
rf,gwo,1,229,2024-05-22 16:50:00,0,0,0.4596451419956519
rf,gwo,1,230,2024-05-22 16:55:00,0,1,0.6324763470563186
rf,gwo,1,231,2024-05-22 17:00:00,0,1,0.5879662022509312
rf,gwo,1,232,2024-05-22 17:05:00,0,0,0.40525769784697235
rf,gwo,1,233,2024-05-22 17:10:00,0,0,0.3214944239891436
rf,gwo,1,234,2024-05-22 17:15:00,0,0,0.2877092523588822
rf,gwo,1,235,2024-05-22 17:20:00,0,1,0.5903869984193503
rf,gwo,1,236,2024-05-22 17:25:00,0,0,0.44513841701023793
rf,gwo,1,237,2024-05-22 17:30:00,0,0,0.3540140905976295
rf,gwo,1,238,2024-05-22 17:35:00,0,0,0.39630921032057825
rf,gwo,1,239,2024-05-22 17:40:00,0,0,0.4456168510987569
rf,gwo,1,240,2024-05-22 17:45:00,0,0,0.4054303600023792
rf,gwo,1,241,2024-05-22 17:50:00,0,0,0.44004570516519453
rf,gwo,1,242,2024-05-22 17:55:00,0,0,0.4192067366993289
rf,gwo,1,243,2024-05-23 11:15:00,1,0,0.2386248356989169
rf,gwo,1,244,2024-05-23 11:20:00,1,0,0.15958234218993872
rf,gwo,1,245,2024-05-23 11:25:00,1,0,0.25265600991950615
rf,gwo,1,246,2024-05-23 11:30:00,1,0,0.41710222000595015
rf,gwo,1,247,2024-05-23 11:35:00,1,0,0.39050612847301874
rf,gwo,1,248,2024-05-23 11:40:00,1,0,0.4050367029814807
rf,gwo,1,249,2024-05-23 11:45:00,1,1,0.5529129999487812
rf,gwo,1,250,2024-05-23 11:50:00,1,1,0.5021733218318246
rf,gwo,1,251,2024-05-23 11:55:00,1,0,0.40867083768107626
rf,gwo,1,252,2024-05-23 12:00:00,1,1,0.6761983597145517
rf,gwo,1,253,2024-05-23 12:05:00,1,1,0.6316262948412922
rf,gwo,1,254,2024-05-23 12:10:00,1,1,0.6417565648016453
rf,gwo,1,255,2024-05-23 12:15:00,1,0,0.4399428591088199
rf,gwo,1,256,2024-05-23 12:20:00,1,1,0.643999871110146
rf,gwo,1,257,2024-05-23 12:25:00,1,1,0.5535300554528193
rf,gwo,1,258,2024-05-23 12:30:00,1,1,0.5696981506245756
rf,gwo,1,259,2024-05-23 12:35:00,1,1,0.7546454107370897
rf,gwo,1,260,2024-05-23 12:40:00,1,1,0.6370061685922013
rf,gwo,1,261,2024-05-23 12:45:00,1,0,0.49923317280840784
rf,gwo,1,262,2024-05-23 12:50:00,1,1,0.5575359029073741
rf,gwo,1,263,2024-05-23 12:55:00,1,1,0.5558446819363378
rf,gwo,1,264,2024-05-23 13:00:00,1,1,0.6352630589663593
rf,gwo,1,265,2024-05-23 13:05:00,1,1,0.5296867973125614
rf,gwo,1,266,2024-05-23 13:10:00,1,0,0.33017962766632514
rf,gwo,1,267,2024-05-23 13:15:00,1,0,0.4365425822771866
rf,gwo,1,268,2024-05-23 13:20:00,1,1,0.5590346025308734
rf,gwo,1,269,2024-05-23 13:25:00,0,1,0.638947678687999
rf,gwo,1,270,2024-05-23 13:30:00,0,1,0.6269322420563861
rf,gwo,1,271,2024-05-23 13:35:00,0,1,0.5247651111753693
rf,gwo,1,272,2024-05-23 13:40:00,0,0,0.42546757642805694
rf,gwo,1,273,2024-05-23 13:45:00,0,0,0.39101689495904207
rf,gwo,1,274,2024-05-23 13:50:00,0,0,0.4408001360042268
rf,gwo,1,275,2024-05-23 13:55:00,0,0,0.4340546339348748
rf,gwo,1,276,2024-05-23 14:00:00,0,1,0.6238014648733516
rf,gwo,1,277,2024-05-23 14:05:00,0,1,0.6074571542133889
rf,gwo,1,278,2024-05-23 14:10:00,0,1,0.6379083675949585
rf,gwo,1,279,2024-05-23 14:15:00,0,1,0.6117491991574372
rf,gwo,1,280,2024-05-23 14:20:00,0,1,0.5635608152271256
rf,gwo,1,281,2024-05-23 14:25:00,0,1,0.7406627524472277
rf,gwo,1,282,2024-05-23 14:30:00,0,1,0.7549819200297533
rf,gwo,1,283,2024-05-23 14:35:00,0,0,0.43643106639332385
rf,gwo,1,284,2024-05-23 14:40:00,0,0,0.2888432133142863
rf,gwo,1,285,2024-05-23 14:45:00,0,0,0.2970298573157968
rf,gwo,1,286,2024-05-23 14:50:00,0,0,0.3259068666251494
rf,gwo,1,287,2024-05-23 14:55:00,0,0,0.20417754887121947
rf,gwo,1,288,2024-05-23 15:00:00,1,0,0.18823466912148765
rf,gwo,1,289,2024-05-23 15:00:00,1,0,0.17192902837598942
rf,gwo,1,290,2024-05-23 15:05:00,1,0,0.37269376157078465
rf,gwo,1,291,2024-05-23 15:05:00,1,0,0.41930302198595576
rf,gwo,1,292,2024-05-23 15:10:00,1,0,0.49355949692298373
rf,gwo,1,293,2024-05-23 15:10:00,1,0,0.4635280731954356
rf,gwo,1,294,2024-05-23 15:15:00,1,0,0.4051858906253919
rf,gwo,1,295,2024-05-23 15:15:00,1,0,0.4056399427824583
rf,gwo,1,296,2024-05-23 15:20:00,1,0,0.47514594280910055
rf,gwo,1,297,2024-05-23 15:20:00,1,0,0.47906539083074445
rf,gwo,1,298,2024-05-23 15:25:00,1,0,0.4943321511419954
rf,gwo,1,299,2024-05-23 15:25:00,1,1,0.5537304854637369
rf,gwo,1,300,2024-05-23 15:30:00,1,1,0.5911623748893835
rf,gwo,1,301,2024-05-23 15:30:00,1,1,0.6077644939534523
rf,gwo,1,302,2024-05-23 15:35:00,1,1,0.6565941597246007
rf,gwo,1,303,2024-05-23 15:35:00,1,1,0.6322847801800847
rf,gwo,1,304,2024-05-23 15:40:00,1,1,0.6343542489658228
rf,gwo,1,305,2024-05-23 15:40:00,1,1,0.5575350870773857
rf,gwo,1,306,2024-05-23 15:45:00,1,1,0.6357989064306729
rf,gwo,1,307,2024-05-23 15:45:00,1,1,0.6409797721821995
rf,gwo,1,308,2024-05-23 15:50:00,1,1,0.6056705136264182
rf,gwo,1,309,2024-05-23 15:50:00,1,0,0.4364167923421059
rf,gwo,1,310,2024-05-23 15:55:00,1,0,0.45272221880969127
rf,gwo,1,311,2024-05-23 15:55:00,1,1,0.5750293768874143
rf,gwo,1,312,2024-05-23 16:00:00,1,1,0.6437175714628843
rf,gwo,1,313,2024-05-23 16:00:00,1,1,0.5827730251923232
rf,gwo,1,314,2024-05-23 16:05:00,1,1,0.5615473022825079
rf,gwo,1,315,2024-05-23 16:05:00,1,1,0.57378562587141
rf,gwo,1,316,2024-05-23 16:10:00,1,1,0.5579891684265352
rf,gwo,1,317,2024-05-23 16:10:00,1,1,0.5612347262744726
rf,gwo,1,318,2024-05-23 16:15:00,1,1,0.6374795030976763
rf,gwo,1,319,2024-05-23 16:15:00,1,1,0.6460254584403533
rf,gwo,1,320,2024-05-23 16:20:00,1,1,0.598098274588234
rf,gwo,1,321,2024-05-23 16:20:00,1,1,0.7494111364772145
rf,gwo,1,322,2024-05-23 16:25:00,1,1,0.6219937605165959
rf,gwo,1,323,2024-05-23 16:25:00,1,1,0.592791070335853
rf,gwo,1,324,2024-05-23 16:30:00,1,1,0.6176935285293585
rf,gwo,1,325,2024-05-23 16:30:00,1,1,0.5495383708536095
rf,gwo,1,326,2024-05-23 16:35:00,1,1,0.5326324742552108
rf,gwo,1,327,2024-05-23 16:35:00,1,1,0.5273020616934838
rf,gwo,1,328,2024-05-23 16:40:00,1,1,0.5535083226306162
rf,gwo,1,329,2024-05-23 16:40:00,1,1,0.5569426452349509
rf,gwo,1,330,2024-05-23 16:45:00,1,1,0.6001218077449362
rf,gwo,1,331,2024-05-23 16:45:00,1,1,0.5955091874700962
rf,gwo,1,332,2024-05-23 16:50:00,1,1,0.5195917711004234
rf,gwo,1,333,2024-05-23 16:50:00,1,1,0.5468574995078227
rf,gwo,1,334,2024-05-23 16:55:00,1,1,0.5373184619459641
rf,gwo,1,335,2024-05-23 16:55:00,1,1,0.5530196573425377
rf,gwo,1,336,2024-05-23 17:00:00,1,1,0.6424535424462138
rf,gwo,1,337,2024-05-23 17:00:00,1,1,0.638492492281396
rf,gwo,1,338,2024-05-23 17:05:00,1,1,0.6524363597241128
rf,gwo,1,339,2024-05-23 17:05:00,1,1,0.7330072161005003
rf,gwo,1,340,2024-05-23 17:10:00,1,1,0.6068100253986896
rf,gwo,1,341,2024-05-23 17:10:00,1,1,0.5968392331080543
rf,gwo,1,342,2024-05-23 17:15:00,1,1,0.6091231067108659
rf,gwo,1,343,2024-05-23 17:15:00,1,1,0.7273013389860997
rf,gwo,1,344,2024-05-23 17:20:00,1,1,0.7564504679491127
rf,gwo,1,345,2024-05-23 17:20:00,1,1,0.7545109362438831
rf,gwo,1,346,2024-05-23 17:25:00,1,1,0.6065475243128937
rf,gwo,1,347,2024-05-23 17:25:00,1,1,0.754188464824644
rf,gwo,1,348,2024-05-23 17:30:00,1,1,0.7459365548224656
rf,gwo,1,349,2024-05-23 17:30:00,1,1,0.6156238556431861
rf,gwo,1,350,2024-05-23 17:35:00,1,1,0.6005412262675903
rf,gwo,1,351,2024-05-23 17:35:00,1,1,0.6338086542685557
rf,gwo,1,352,2024-05-23 17:40:00,1,1,0.5173294951285601
rf,gwo,1,353,2024-05-23 17:40:00,1,1,0.5485868470533288
rf,gwo,1,354,2024-05-23 17:45:00,1,0,0.38903995478729547
rf,gwo,1,355,2024-05-23 17:45:00,1,1,0.5192853838023073
rf,gwo,1,356,2024-05-23 17:50:00,1,0,0.4161175561365324
rf,gwo,1,357,2024-05-23 17:50:00,1,0,0.41672238085845975
rf,gwo,1,358,2024-05-23 17:55:00,1,0,0.42880526236991584
rf,gwo,1,359,2024-05-23 17:55:00,1,0,0.41903478581552783
rf,gwo,1,360,2024-05-24 10:40:00,0,1,0.7579137944256829
rf,gwo,1,361,2024-05-24 10:40:00,0,1,0.7621544656769982
rf,gwo,1,362,2024-05-24 10:45:00,0,1,0.7641390436348219
rf,gwo,1,363,2024-05-24 10:45:00,0,1,0.7630957498819142
rf,gwo,1,364,2024-05-24 10:50:00,0,0,0.43425695364956424
rf,gwo,1,365,2024-05-24 10:50:00,0,0,0.4154543443465742
rf,gwo,1,366,2024-05-24 10:55:00,0,0,0.42952558207651986
rf,gwo,1,367,2024-05-24 10:55:00,0,0,0.4361080861099449
rf,gwo,1,368,2024-05-24 11:00:00,0,0,0.36624609351590687
rf,gwo,1,369,2024-05-24 11:00:00,0,0,0.3988414021853881
rf,gwo,1,370,2024-05-24 11:05:00,0,1,0.5610467983748377
rf,gwo,1,371,2024-05-24 11:05:00,0,1,0.5550634541666903
rf,gwo,1,372,2024-05-24 11:10:00,0,1,0.750833397819919
rf,gwo,1,373,2024-05-24 11:10:00,0,1,0.7530876429251888
rf,gwo,1,374,2024-05-24 11:15:00,0,1,0.7556569513918054
rf,gwo,1,375,2024-05-24 11:15:00,0,1,0.629508916116157
rf,gwo,1,376,2024-05-24 11:20:00,0,1,0.6464184034431398
rf,gwo,1,377,2024-05-24 11:20:00,1,1,0.7474705078165416
rf,gwo,1,378,2024-05-24 11:25:00,0,1,0.7495670841241018
rf,gwo,1,379,2024-05-24 11:25:00,0,1,0.7635898644676123
rf,gwo,1,380,2024-05-24 11:30:00,0,1,0.7561113559729995
rf,gwo,1,381,2024-05-24 11:30:00,0,1,0.7383539356983699
rf,gwo,1,382,2024-05-24 11:35:00,0,0,0.3569662462594481
rf,gwo,1,383,2024-05-24 11:35:00,0,0,0.36533712136682983
rf,gwo,1,384,2024-05-24 11:40:00,0,0,0.35151837910267175
rf,gwo,1,385,2024-05-24 11:40:00,0,0,0.2980552885155541
rf,gwo,1,386,2024-05-24 11:45:00,0,0,0.43823689212236155
rf,gwo,1,387,2024-05-24 11:45:00,1,0,0.4155516261698703
rf,gwo,1,388,2024-05-24 11:50:00,0,1,0.7152816814485059
rf,gwo,1,389,2024-05-24 11:50:00,0,1,0.6375290320752016
rf,gwo,1,390,2024-05-24 11:55:00,0,1,0.5232345644319044
rf,gwo,1,391,2024-05-24 11:55:00,0,1,0.5425143635895788
rf,gwo,1,392,2024-05-24 12:00:00,0,0,0.4324013750937011
rf,gwo,1,393,2024-05-24 12:00:00,0,0,0.43096137329781997
rf,gwo,1,394,2024-05-24 12:05:00,0,0,0.495325614166995
rf,gwo,1,395,2024-05-24 12:05:00,0,0,0.42048288845882675
rf,gwo,1,396,2024-05-24 12:10:00,0,0,0.43615421341084354
rf,gwo,1,397,2024-05-24 12:10:00,0,0,0.4100529967810368
rf,gwo,1,398,2024-05-24 12:15:00,0,0,0.4419769243489677
rf,gwo,1,399,2024-05-24 12:15:00,0,0,0.42609558154600147
rf,gwo,1,400,2024-05-24 12:20:00,0,0,0.4417229744668829
rf,gwo,1,401,2024-05-24 12:20:00,0,0,0.4113270797234158
rf,gwo,1,402,2024-05-24 12:25:00,0,0,0.4372426674250436
rf,gwo,1,403,2024-05-24 12:25:00,0,0,0.3465124670786325
rf,gwo,1,404,2024-05-24 12:30:00,0,0,0.42644594653407203
rf,gwo,1,405,2024-05-24 12:30:00,0,0,0.4687252015253429
rf,gwo,1,406,2024-05-24 12:35:00,0,0,0.3713915657076333
rf,gwo,1,407,2024-05-24 12:35:00,0,0,0.34724879471896514
rf,gwo,1,408,2024-05-24 12:40:00,0,0,0.2751907389534006
rf,gwo,1,409,2024-05-24 12:40:00,0,0,0.29857422889247576
rf,gwo,1,410,2024-05-24 12:45:00,0,0,0.27857156148427414
rf,gwo,1,411,2024-05-24 12:45:00,0,0,0.26081149237656664
rf,gwo,1,412,2024-05-24 12:50:00,0,0,0.2962039300894903
rf,gwo,1,413,2024-05-24 12:50:00,0,0,0.3043771092241133
rf,gwo,1,414,2024-05-24 12:55:00,0,0,0.45354436763241246
rf,gwo,1,415,2024-05-24 12:55:00,0,0,0.35136905266294444
rf,gwo,1,416,2024-05-24 13:00:00,0,0,0.44244148755782925
rf,gwo,1,417,2024-05-24 13:00:00,0,0,0.4502419095308206
rf,gwo,1,418,2024-05-24 13:05:00,0,1,0.5709316092841773
rf,gwo,1,419,2024-05-24 13:05:00,0,0,0.4441748660948837
rf,gwo,1,420,2024-05-24 13:10:00,0,1,0.6358061481072658
rf,gwo,1,421,2024-05-24 13:10:00,0,1,0.6323164831791531
rf,gwo,1,422,2024-05-24 13:15:00,0,1,0.5716817960113307
rf,gwo,1,423,2024-05-24 13:15:00,0,1,0.6405101225683917
rf,gwo,1,424,2024-05-24 13:20:00,0,1,0.5838444707605885
rf,gwo,1,425,2024-05-24 13:20:00,0,1,0.7045770637346276
rf,gwo,1,426,2024-05-24 13:25:00,0,1,0.6516433318032349
rf,gwo,1,427,2024-05-24 13:25:00,0,1,0.7055642008726314
rf,gwo,1,428,2024-05-24 13:30:00,0,1,0.5328113998570165
rf,gwo,1,429,2024-05-24 13:30:00,0,1,0.5475165563195485
rf,gwo,1,430,2024-05-24 13:35:00,0,1,0.5167836443275368
rf,gwo,1,431,2024-05-24 13:35:00,0,1,0.5155837788933484
rf,gwo,1,432,2024-05-24 13:40:00,0,1,0.5681235353710645
rf,gwo,1,433,2024-05-24 13:40:00,0,1,0.5978335509850501
rf,gwo,1,434,2024-05-24 13:45:00,0,0,0.30246414088032436
rf,gwo,1,435,2024-05-24 13:45:00,0,0,0.43241063429460996
rf,gwo,1,436,2024-05-24 13:50:00,0,0,0.36053559091360327
rf,gwo,1,437,2024-05-24 13:50:00,0,0,0.3648154708995331
rf,gwo,1,438,2024-05-24 13:55:00,0,0,0.33817394654710436
rf,gwo,1,439,2024-05-24 13:55:00,0,0,0.3066416351820774
rf,gwo,1,440,2024-05-24 14:00:00,0,0,0.2903789304776519
rf,gwo,1,441,2024-05-24 14:00:00,0,0,0.2733801579053025
rf,gwo,1,442,2024-05-24 14:05:00,0,0,0.2817579184682694
rf,gwo,1,443,2024-05-24 14:05:00,0,0,0.34261916861875974
rf,gwo,1,444,2024-05-24 14:10:00,0,0,0.3894918531530482
rf,gwo,1,445,2024-05-24 14:10:00,0,0,0.4668060459582386
rf,gwo,1,446,2024-05-24 14:15:00,0,0,0.49739021898325975
rf,gwo,1,447,2024-05-24 14:15:00,0,0,0.4742602149323132
rf,gwo,1,448,2024-05-24 14:20:00,0,0,0.3551199269631811
rf,gwo,1,449,2024-05-24 14:20:00,1,0,0.3570656387737376
rf,gwo,1,450,2024-05-24 14:25:00,0,0,0.41007570894047346
rf,gwo,1,451,2024-05-24 14:25:00,1,0,0.3281140748709518
rf,gwo,1,452,2024-05-24 14:30:00,0,0,0.4463555694456345
rf,gwo,1,453,2024-05-24 14:30:00,1,0,0.4293573911428947
rf,gwo,1,454,2024-05-24 14:35:00,1,1,0.6338878967089325
rf,gwo,1,455,2024-05-24 14:35:00,0,1,0.6523513588315211
rf,gwo,1,456,2024-05-24 14:40:00,0,1,0.625692659998511
rf,gwo,1,457,2024-05-24 14:40:00,1,1,0.6270115328725158
rf,gwo,1,458,2024-05-24 14:45:00,0,1,0.5681895372160983
rf,gwo,1,459,2024-05-24 14:45:00,1,1,0.5454175538212741
rf,gwo,1,460,2024-05-24 14:50:00,0,1,0.6349144712861783
rf,gwo,1,461,2024-05-24 14:50:00,1,1,0.6350692872333746
rf,gwo,1,462,2024-05-24 14:55:00,0,1,0.6123415896525152
rf,gwo,1,463,2024-05-24 14:55:00,1,1,0.597329641093008
rf,gwo,1,464,2024-05-24 15:00:00,0,1,0.6119810843117072
rf,gwo,1,465,2024-05-24 15:00:00,0,1,0.5556232709245023
rf,gwo,1,466,2024-05-24 15:05:00,0,0,0.3657771980679493
rf,gwo,1,467,2024-05-24 15:05:00,0,0,0.39722044710497223
rf,gwo,1,468,2024-05-24 15:10:00,0,0,0.30069868217030743
rf,gwo,1,469,2024-05-24 15:10:00,0,0,0.34175277259802955
rf,gwo,1,470,2024-05-24 15:15:00,0,0,0.2801478515538792
rf,gwo,1,471,2024-05-24 15:15:00,0,0,0.290917348212696
rf,gwo,1,472,2024-05-24 15:20:00,0,0,0.32402489759898423
rf,gwo,1,473,2024-05-24 15:20:00,0,0,0.36216577288764756
rf,gwo,1,474,2024-05-24 15:25:00,0,0,0.3045996361449901
rf,gwo,1,475,2024-05-24 15:25:00,0,0,0.27266175561879047
rf,gwo,1,476,2024-05-24 15:30:00,0,0,0.310222158013013
rf,gwo,1,477,2024-05-24 15:30:00,0,0,0.2920133233594979
rf,gwo,1,478,2024-05-24 15:35:00,0,0,0.2901081724895664
rf,gwo,1,479,2024-05-24 15:35:00,0,0,0.23585452228104944
rf,gwo,1,480,2024-05-24 15:40:00,0,0,0.18036753464723762
rf,gwo,1,481,2024-05-24 15:40:00,0,0,0.1877228754388396
rf,gwo,1,482,2024-05-24 15:45:00,0,0,0.2406114109791996
rf,gwo,1,483,2024-05-24 15:45:00,0,0,0.2904835239342268
rf,gwo,1,484,2024-05-24 15:50:00,0,0,0.4206105510895454
rf,gwo,1,485,2024-05-24 15:50:00,0,0,0.3440517147644485
rf,gwo,1,486,2024-05-24 15:55:00,0,0,0.3904137113509585
rf,gwo,1,487,2024-05-24 15:55:00,0,0,0.39296563685260755
rf,gwo,1,488,2024-05-24 16:00:00,0,0,0.3986806140865023
rf,gwo,1,489,2024-05-24 16:00:00,1,0,0.3634217524759187
rf,gwo,1,490,2024-05-24 16:05:00,1,0,0.3228293634767553
rf,gwo,1,491,2024-05-24 16:05:00,0,0,0.320811477952043
rf,gwo,1,492,2024-05-24 16:10:00,0,0,0.45823446133452733
rf,gwo,1,493,2024-05-24 16:10:00,1,0,0.3454467770479758
rf,gwo,1,494,2024-05-24 16:15:00,1,0,0.45589030672543546
rf,gwo,1,495,2024-05-24 16:15:00,0,0,0.4678153109981532
rf,gwo,1,496,2024-05-24 16:20:00,0,1,0.5498475187082862
rf,gwo,1,497,2024-05-24 16:20:00,1,0,0.43485726610602765
rf,gwo,1,498,2024-05-24 16:25:00,0,1,0.6501214263750743
rf,gwo,1,499,2024-05-24 16:25:00,1,1,0.6321840797546173
rf,gwo,1,500,2024-05-24 16:30:00,0,1,0.6316670388934651
rf,gwo,1,501,2024-05-24 16:30:00,1,1,0.5975653233616045
rf,gwo,1,502,2024-05-24 16:35:00,1,1,0.7360377783836165
rf,gwo,1,503,2024-05-24 16:35:00,0,1,0.749271992462742
rf,gwo,1,504,2024-05-24 16:40:00,1,1,0.6467059302384041
rf,gwo,1,505,2024-05-24 16:40:00,0,1,0.6528644123165449
rf,gwo,1,506,2024-05-24 16:45:00,1,1,0.5622796468110619
rf,gwo,1,507,2024-05-24 16:45:00,0,1,0.5563935008402353
rf,gwo,1,508,2024-05-24 16:50:00,0,1,0.5558465577060179
rf,gwo,1,509,2024-05-24 16:50:00,1,1,0.549039330972304
rf,gwo,1,510,2024-05-24 16:55:00,0,0,0.43979905330809776
rf,gwo,1,511,2024-05-24 16:55:00,1,0,0.4312175634816873
rf,gwo,1,512,2024-05-24 17:00:00,0,0,0.3561962108274867
rf,gwo,1,513,2024-05-24 17:00:00,1,0,0.34069014222770055
rf,gwo,1,514,2024-05-24 17:05:00,1,0,0.3027769113533545
rf,gwo,1,515,2024-05-24 17:05:00,0,0,0.3474046646015261
rf,gwo,1,516,2024-05-24 17:10:00,1,0,0.2983671552329873
rf,gwo,1,517,2024-05-24 17:10:00,0,0,0.3059711410675968
rf,gwo,1,518,2024-05-24 17:15:00,1,0,0.3588847525087349
rf,gwo,1,519,2024-05-24 17:15:00,0,0,0.32933534351118643
rf,gwo,1,520,2024-05-24 17:20:00,0,0,0.3989709151353667
rf,gwo,1,521,2024-05-24 17:20:00,1,0,0.33027957912128736
rf,gwo,1,522,2024-05-24 17:25:00,1,0,0.43683098521762714
rf,gwo,1,523,2024-05-24 17:25:00,0,0,0.4422067903597238
rf,gwo,1,524,2024-05-24 17:30:00,0,1,0.650305527686768
rf,gwo,1,525,2024-05-24 17:30:00,1,1,0.6480132898170481
rf,gwo,1,526,2024-05-24 17:35:00,0,1,0.6444444160537827
rf,gwo,1,527,2024-05-24 17:35:00,1,1,0.6229416675167967
rf,gwo,1,528,2024-05-24 17:40:00,0,1,0.6456965459303425
rf,gwo,1,529,2024-05-24 17:40:00,1,1,0.6450758042801115
rf,gwo,1,530,2024-05-24 17:45:00,0,1,0.6328110510389233
rf,gwo,1,531,2024-05-24 17:45:00,1,1,0.6318858982931038
rf,gwo,1,532,2024-05-24 17:50:00,1,1,0.5591528565576409
rf,gwo,1,533,2024-05-24 17:50:00,0,1,0.6295513565618465
rf,gwo,1,534,2024-05-24 17:55:00,0,0,0.3951293943510734
rf,gwo,1,535,2024-05-24 17:55:00,0,0,0.3791860465985483
rf,gwo,1,536,2024-05-27 10:40:00,0,0,0.29385334340070995
rf,gwo,1,537,2024-05-27 10:45:00,0,1,0.6340047251456192
rf,gwo,1,538,2024-05-27 10:50:00,0,0,0.48244350699414784
rf,gwo,1,539,2024-05-27 10:55:00,0,0,0.3413089663744634
rf,gwo,1,540,2024-05-27 11:00:00,0,0,0.4520073737635012
rf,gwo,1,541,2024-05-27 11:05:00,0,0,0.32801397046723335
rf,gwo,1,542,2024-05-27 11:10:00,0,0,0.25838710237386325
rf,gwo,1,543,2024-05-27 11:15:00,0,0,0.2727449740063117
rf,gwo,1,544,2024-05-27 11:20:00,0,0,0.492999116205826
rf,gwo,1,545,2024-05-27 11:25:00,0,0,0.4804077386189027
rf,gwo,1,546,2024-05-27 11:30:00,1,0,0.3564080452904457
rf,gwo,1,547,2024-05-27 11:30:00,1,0,0.4000324690243653
rf,gwo,1,548,2024-05-27 11:35:00,1,0,0.35636624889861895
rf,gwo,1,549,2024-05-27 11:35:00,1,0,0.30505738812909927
rf,gwo,1,550,2024-05-27 11:40:00,1,1,0.614433879018449
rf,gwo,1,551,2024-05-27 11:40:00,1,1,0.5861798799164833
rf,gwo,1,552,2024-05-27 11:45:00,1,1,0.6177915236971783
rf,gwo,1,553,2024-05-27 11:45:00,1,1,0.6530389382909062
rf,gwo,1,554,2024-05-27 11:50:00,1,1,0.6071802591670762
rf,gwo,1,555,2024-05-27 11:50:00,1,1,0.6210278436844436
rf,gwo,1,556,2024-05-27 11:55:00,1,1,0.6353209621305351
rf,gwo,1,557,2024-05-27 11:55:00,1,1,0.5685399296150242
rf,gwo,1,558,2024-05-27 12:00:00,1,1,0.5369382121363394
rf,gwo,1,559,2024-05-27 12:00:00,1,1,0.547056874737701
rf,gwo,1,560,2024-05-27 12:05:00,1,1,0.7408106321658554
rf,gwo,1,561,2024-05-27 12:05:00,1,1,0.6461687350588347
rf,gwo,1,562,2024-05-27 12:10:00,1,1,0.7388551874289148
rf,gwo,1,563,2024-05-27 12:10:00,1,1,0.7420471408357671
rf,gwo,1,564,2024-05-27 12:15:00,1,1,0.7569240353244681
rf,gwo,1,565,2024-05-27 12:15:00,1,1,0.7301263457319572
rf,gwo,1,566,2024-05-27 12:20:00,1,1,0.6881829696693388
rf,gwo,1,567,2024-05-27 12:20:00,1,1,0.7360273361365847
rf,gwo,1,568,2024-05-27 12:25:00,1,1,0.6223945929766819
rf,gwo,1,569,2024-05-27 12:30:00,1,1,0.7519156115771467
rf,gwo,1,570,2024-05-27 12:30:00,1,1,0.636509972978789
rf,gwo,1,571,2024-05-27 12:35:00,1,1,0.6345612520340311
rf,gwo,1,572,2024-05-27 12:35:00,1,1,0.6052193594181494
rf,gwo,1,573,2024-05-27 12:40:00,1,1,0.6487717697977023
rf,gwo,1,574,2024-05-27 12:40:00,1,1,0.7420482226814412
rf,gwo,1,575,2024-05-27 12:45:00,1,1,0.5450804888492924
rf,gwo,1,576,2024-05-27 12:45:00,1,1,0.5461309231941197
rf,gwo,1,577,2024-05-27 12:50:00,1,1,0.5015533005860965
rf,gwo,1,578,2024-05-27 12:50:00,1,0,0.37483648963928645
rf,gwo,1,579,2024-05-27 12:55:00,1,1,0.5415882974074624
rf,gwo,1,580,2024-05-27 12:55:00,1,1,0.547777962221391
rf,gwo,1,581,2024-05-27 13:00:00,1,1,0.5215442240282167
rf,gwo,1,582,2024-05-27 13:05:00,1,0,0.41824099614020444
rf,gwo,1,583,2024-05-27 13:05:00,1,0,0.38627931624595707
rf,gwo,1,584,2024-05-27 13:10:00,1,0,0.3690939894372239
rf,gwo,1,585,2024-05-27 13:10:00,1,0,0.4318732318580623
rf,gwo,1,586,2024-05-27 13:15:00,1,1,0.5467768267771411
rf,gwo,1,587,2024-05-27 13:15:00,1,1,0.5580393289653225
rf,gwo,1,588,2024-05-27 13:20:00,1,1,0.5538806880509147
rf,gwo,1,589,2024-05-27 13:20:00,1,1,0.5269324087892443
rf,gwo,1,590,2024-05-27 13:25:00,1,1,0.5536979725459774
rf,gwo,1,591,2024-05-27 13:25:00,1,1,0.5562884106627797
rf,gwo,1,592,2024-05-27 13:30:00,1,1,0.5497244991010218
rf,gwo,1,593,2024-05-27 13:35:00,1,1,0.5586492879639579
rf,gwo,1,594,2024-05-27 13:40:00,1,1,0.6334396273495668
rf,gwo,1,595,2024-05-27 13:40:00,1,1,0.6406832926188066
rf,gwo,1,596,2024-05-27 13:45:00,1,1,0.7326569850978629
rf,gwo,1,597,2024-05-27 13:45:00,1,1,0.6381762275261245
rf,gwo,1,598,2024-05-27 13:50:00,1,1,0.547673852031422
rf,gwo,1,599,2024-05-27 13:50:00,1,1,0.5493633386990883
rf,gwo,1,600,2024-05-27 13:55:00,1,1,0.5197438059663649
rf,gwo,1,601,2024-05-27 13:55:00,1,1,0.5501963389326283
rf,gwo,1,602,2024-05-27 14:00:00,1,1,0.645180613474137
rf,gwo,1,603,2024-05-27 14:00:00,1,1,0.6447897372519211
rf,gwo,1,604,2024-05-27 14:05:00,1,1,0.730876099919523
rf,gwo,1,605,2024-05-27 14:05:00,0,1,0.7525033569617741
rf,gwo,1,606,2024-05-27 14:10:00,0,1,0.6335163775123779
rf,gwo,1,607,2024-05-27 14:10:00,0,1,0.5913329728035147
rf,gwo,1,608,2024-05-27 14:15:00,0,0,0.36884587714779815
rf,gwo,1,609,2024-05-27 14:15:00,0,1,0.5052486074944244
rf,gwo,1,610,2024-05-27 14:20:00,0,0,0.35442797592308617
rf,gwo,1,611,2024-05-27 14:20:00,0,0,0.3433405612561413
rf,gwo,1,612,2024-05-27 14:25:00,0,0,0.265096079655256
rf,gwo,1,613,2024-05-27 14:25:00,0,0,0.2984999126950445
rf,gwo,1,614,2024-05-27 14:30:00,0,0,0.26228056460991045
rf,gwo,1,615,2024-05-27 14:30:00,1,0,0.30200968639774217
rf,gwo,1,616,2024-05-27 14:35:00,0,0,0.3032735370461627
rf,gwo,1,617,2024-05-27 14:35:00,1,0,0.2927629629576199
rf,gwo,1,618,2024-05-27 14:40:00,1,0,0.42927021101993257
rf,gwo,1,619,2024-05-27 14:40:00,0,0,0.3068191229388217
rf,gwo,1,620,2024-05-27 14:45:00,0,1,0.6063732563644286
rf,gwo,1,621,2024-05-27 14:45:00,1,1,0.6036624627125439
rf,gwo,1,622,2024-05-27 14:50:00,0,1,0.5666201060662154
rf,gwo,1,623,2024-05-27 14:50:00,1,0,0.43900402970335334
rf,gwo,1,624,2024-05-27 14:55:00,0,1,0.5821499563994289
rf,gwo,1,625,2024-05-27 14:55:00,1,0,0.44649478530469183
rf,gwo,1,626,2024-05-27 15:00:00,1,1,0.622670169488725
rf,gwo,1,627,2024-05-27 15:00:00,0,1,0.6528932442333655
rf,gwo,1,628,2024-05-27 15:05:00,0,1,0.6188823635111622
rf,gwo,1,629,2024-05-27 15:05:00,1,1,0.6098684343732302
rf,gwo,1,630,2024-05-27 15:10:00,1,1,0.5734963876981022
rf,gwo,1,631,2024-05-27 15:10:00,1,1,0.5751962138509805
rf,gwo,1,632,2024-05-27 15:15:00,1,1,0.6460700508656714
rf,gwo,1,633,2024-05-27 15:15:00,1,1,0.6257753516550589
rf,gwo,1,634,2024-05-27 15:20:00,1,1,0.6371251674285928
rf,gwo,1,635,2024-05-27 15:20:00,1,1,0.6417506086334845
rf,gwo,1,636,2024-05-27 15:25:00,1,1,0.6042004686566204
rf,gwo,1,637,2024-05-27 15:25:00,1,1,0.5870587614714868
rf,gwo,1,638,2024-05-27 15:30:00,1,1,0.5496352925652676
rf,gwo,1,639,2024-05-27 15:30:00,1,1,0.607121419455337
rf,gwo,1,640,2024-05-27 15:35:00,1,1,0.5531113405485748
rf,gwo,1,641,2024-05-27 15:35:00,1,1,0.5274869521466936
rf,gwo,1,642,2024-05-27 15:40:00,1,1,0.5080134910770971
rf,gwo,1,643,2024-05-27 15:40:00,1,0,0.3736282348430078
rf,gwo,1,644,2024-05-27 15:45:00,1,0,0.4216236100685132
rf,gwo,1,645,2024-05-27 15:45:00,1,0,0.3717152696090133
rf,gwo,1,646,2024-05-27 15:50:00,1,0,0.4307827752917561
rf,gwo,1,647,2024-05-27 15:50:00,1,0,0.3483903157319858
rf,gwo,1,648,2024-05-27 15:55:00,1,0,0.4387969200280885
rf,gwo,1,649,2024-05-27 15:55:00,1,0,0.36097933273628596
rf,gwo,1,650,2024-05-27 16:00:00,1,1,0.6494728737556045
rf,gwo,1,651,2024-05-27 16:00:00,1,1,0.5900789497612918
rf,gwo,1,652,2024-05-27 16:05:00,1,1,0.7459912123456228
rf,gwo,1,653,2024-05-27 16:05:00,1,1,0.7299517949292111
rf,gwo,1,654,2024-05-27 16:10:00,1,1,0.7368553362735117
rf,gwo,1,655,2024-05-27 16:10:00,1,1,0.7052415269342868
rf,gwo,1,656,2024-05-27 16:15:00,1,1,0.586407825172807
rf,gwo,1,657,2024-05-27 16:15:00,1,1,0.6265052476865205
rf,gwo,1,658,2024-05-27 16:20:00,1,1,0.648165199508528
rf,gwo,1,659,2024-05-27 16:20:00,0,1,0.744726620889707
rf,gwo,1,660,2024-05-27 16:25:00,1,1,0.5540514700734154
rf,gwo,1,661,2024-05-27 16:25:00,0,1,0.5475080955830605
rf,gwo,1,662,2024-05-27 16:30:00,0,1,0.5173294951285601
rf,gwo,1,663,2024-05-27 16:30:00,1,1,0.5538811223172588
rf,gwo,1,664,2024-05-27 16:35:00,0,1,0.5439456713279667
rf,gwo,1,665,2024-05-27 16:35:00,1,1,0.5509739910434134
rf,gwo,1,666,2024-05-27 16:40:00,0,0,0.4776258612254118
rf,gwo,1,667,2024-05-27 16:40:00,1,1,0.5108839476850384
rf,gwo,1,668,2024-05-27 16:45:00,1,1,0.5089594124715264
rf,gwo,1,669,2024-05-27 16:45:00,0,1,0.5518789270017052
rf,gwo,1,670,2024-05-27 16:50:00,1,1,0.5457431247558595
rf,gwo,1,671,2024-05-27 16:50:00,0,1,0.5477513089026933
rf,gwo,1,672,2024-05-27 16:55:00,0,1,0.5467425977691438
rf,gwo,1,673,2024-05-27 16:55:00,1,1,0.5490765576918594
rf,gwo,1,674,2024-05-27 17:00:00,0,1,0.5582962011861586
rf,gwo,1,675,2024-05-27 17:00:00,1,1,0.5506569144518833
rf,gwo,1,676,2024-05-27 17:05:00,0,0,0.35585269195826313
rf,gwo,1,677,2024-05-27 17:05:00,1,0,0.4693905709739462
rf,gwo,1,678,2024-05-27 17:10:00,1,0,0.4235438455951079
rf,gwo,1,679,2024-05-27 17:10:00,0,0,0.4956438903526155
rf,gwo,1,680,2024-05-27 17:15:00,1,0,0.4936120202711819
rf,gwo,1,681,2024-05-27 17:15:00,1,0,0.42109462634302536
rf,gwo,1,682,2024-05-27 17:20:00,1,1,0.5649508182013256
rf,gwo,1,683,2024-05-27 17:20:00,1,1,0.5976505282975992
rf,gwo,1,684,2024-05-27 17:25:00,1,1,0.582279304131447
rf,gwo,1,685,2024-05-27 17:25:00,1,1,0.5998245101148307
rf,gwo,1,686,2024-05-27 17:30:00,1,1,0.5580301860842537
rf,gwo,1,687,2024-05-27 17:30:00,1,1,0.5667893465923461
rf,gwo,1,688,2024-05-27 17:35:00,1,1,0.5382055688402259
rf,gwo,1,689,2024-05-27 17:35:00,1,1,0.5561202314071797
rf,gwo,1,690,2024-05-27 17:40:00,1,1,0.5558883940708303
rf,gwo,1,691,2024-05-27 17:40:00,1,1,0.5438714677803624
rf,gwo,1,692,2024-05-27 17:45:00,1,1,0.5570852082236001
rf,gwo,1,693,2024-05-27 17:45:00,1,1,0.5630784875996175
rf,gwo,1,694,2024-05-27 17:50:00,1,1,0.5572456744263187
rf,gwo,1,695,2024-05-27 17:50:00,1,1,0.5602366033605649
rf,gwo,1,696,2024-05-27 17:55:00,1,1,0.5704607796553728
rf,gwo,1,697,2024-05-27 17:55:00,0,1,0.5573873004386691
rf,gwo,1,698,2024-05-28 10:40:00,0,0,0.170660141309766
rf,gwo,1,699,2024-05-28 10:45:00,0,0,0.1470686265693547
rf,gwo,1,700,2024-05-28 10:50:00,0,0,0.14555395111178546
rf,gwo,1,701,2024-05-28 10:55:00,0,0,0.17887454413195844
rf,gwo,1,702,2024-05-28 11:00:00,0,0,0.17647831905850245
rf,gwo,1,703,2024-05-28 11:05:00,0,0,0.42690578463869233
rf,gwo,1,704,2024-05-28 11:10:00,0,0,0.4014395305678408
rf,gwo,1,705,2024-05-28 11:15:00,0,0,0.38128116524609634
rf,gwo,1,706,2024-05-28 11:20:00,0,0,0.4781279703492814
rf,gwo,1,707,2024-05-28 11:25:00,0,0,0.4038787509407636
rf,gwo,1,708,2024-05-28 11:30:00,0,0,0.39328587098172885
rf,gwo,1,709,2024-05-28 11:35:00,1,0,0.267357113798142
rf,gwo,1,710,2024-05-28 11:40:00,1,0,0.4519349732089205
rf,gwo,1,711,2024-05-28 11:45:00,1,1,0.5511948770095394
rf,gwo,1,712,2024-05-28 11:50:00,1,1,0.6480958341629889
rf,gwo,1,713,2024-05-28 11:55:00,1,0,0.46459480655246516
rf,gwo,1,714,2024-05-28 12:00:00,1,0,0.39795320593968075
rf,gwo,1,715,2024-05-28 12:05:00,1,0,0.40016534689335537
rf,gwo,1,716,2024-05-28 12:10:00,1,1,0.6070213645761744
rf,gwo,1,717,2024-05-28 12:15:00,1,1,0.6474393939895805
rf,gwo,1,718,2024-05-28 12:20:00,1,1,0.7473041073101206
rf,gwo,1,719,2024-05-28 12:25:00,1,1,0.7516961111101955
rf,gwo,1,720,2024-05-28 12:30:00,1,1,0.7333893181600913
rf,gwo,1,721,2024-05-28 12:35:00,1,1,0.6317736512820942
rf,gwo,1,722,2024-05-28 12:40:00,1,1,0.5569346180158258
rf,gwo,1,723,2024-05-28 12:45:00,1,1,0.618607474107268
rf,gwo,1,724,2024-05-28 12:50:00,1,1,0.6331790730605662
rf,gwo,1,725,2024-05-28 12:55:00,1,1,0.6183864108513939
rf,gwo,1,726,2024-05-28 13:00:00,0,1,0.7492131145207542
rf,gwo,1,727,2024-05-28 13:00:00,0,1,0.7557612374429754
rf,gwo,1,728,2024-05-28 13:05:00,0,1,0.5412690085834037
rf,gwo,1,729,2024-05-28 13:05:00,0,1,0.5443979208470806
rf,gwo,1,730,2024-05-28 13:10:00,0,0,0.49948325848896086
rf,gwo,1,731,2024-05-28 13:10:00,0,1,0.515448145274045
rf,gwo,1,732,2024-05-28 13:15:00,0,0,0.33746809422011287
rf,gwo,1,733,2024-05-28 13:15:00,0,0,0.34258056439806334
rf,gwo,1,734,2024-05-28 13:20:00,0,0,0.2780687053623436
rf,gwo,1,735,2024-05-28 13:20:00,0,0,0.2768930761780508
rf,gwo,1,736,2024-05-28 13:25:00,0,0,0.26382463496970654
rf,gwo,1,737,2024-05-28 13:25:00,0,0,0.2732622489349266
rf,gwo,1,738,2024-05-28 13:30:00,0,0,0.35666984234287213
rf,gwo,1,739,2024-05-28 13:30:00,0,0,0.31575309902270476
rf,gwo,1,740,2024-05-28 13:35:00,0,0,0.434314827846067
rf,gwo,1,741,2024-05-28 13:35:00,0,0,0.37577544201671387
rf,gwo,1,742,2024-05-28 13:40:00,0,0,0.34040540572646405
rf,gwo,1,743,2024-05-28 13:40:00,0,0,0.44830984016612824
rf,gwo,1,744,2024-05-28 13:45:00,0,0,0.41300666187908586
rf,gwo,1,745,2024-05-28 13:45:00,0,0,0.358365808707189
rf,gwo,1,746,2024-05-28 13:50:00,0,0,0.28529140998049174
rf,gwo,1,747,2024-05-28 13:50:00,0,0,0.2968499891023663
rf,gwo,1,748,2024-05-28 13:55:00,0,0,0.15062513845388467
rf,gwo,1,749,2024-05-28 13:55:00,0,0,0.143370275770693
rf,gwo,1,750,2024-05-28 14:00:00,0,0,0.14411824148618235
rf,gwo,1,751,2024-05-28 14:00:00,0,0,0.14588093274062358
rf,gwo,1,752,2024-05-28 14:05:00,0,0,0.1955122451887572
rf,gwo,1,753,2024-05-28 14:05:00,0,0,0.18980553915201878
rf,gwo,1,754,2024-05-28 14:10:00,0,0,0.31390466228633923
rf,gwo,1,755,2024-05-28 14:10:00,0,0,0.28662268479703307
rf,gwo,1,756,2024-05-28 14:15:00,0,0,0.37626074562489914
rf,gwo,1,757,2024-05-28 14:15:00,0,0,0.41647019390841866
rf,gwo,1,758,2024-05-28 14:20:00,0,0,0.4876346822316704
rf,gwo,1,759,2024-05-28 14:20:00,0,0,0.4814201112700374
rf,gwo,1,760,2024-05-28 14:25:00,0,1,0.5604542377954219
rf,gwo,1,761,2024-05-28 14:25:00,0,1,0.5520541555296116
rf,gwo,1,762,2024-05-28 14:30:00,0,1,0.6111511932731611
rf,gwo,1,763,2024-05-28 14:30:00,0,1,0.6026908400836098
rf,gwo,1,764,2024-05-28 14:35:00,0,1,0.5494695279130203
rf,gwo,1,765,2024-05-28 14:35:00,0,1,0.5631760851104572
rf,gwo,1,766,2024-05-28 14:40:00,0,0,0.4796390323732675
rf,gwo,1,767,2024-05-28 14:40:00,0,0,0.3984169385919863
rf,gwo,1,768,2024-05-28 14:45:00,0,0,0.36506457424913075
rf,gwo,1,769,2024-05-28 14:45:00,0,0,0.3431754089108256
rf,gwo,1,770,2024-05-28 14:50:00,0,0,0.2763928570529338
rf,gwo,1,771,2024-05-28 14:50:00,0,0,0.2683498735948181
rf,gwo,1,772,2024-05-28 14:55:00,0,0,0.1847032353974797
rf,gwo,1,773,2024-05-28 14:55:00,0,0,0.18156750302440805
rf,gwo,1,774,2024-05-28 15:00:00,0,0,0.19346515901953124
rf,gwo,1,775,2024-05-28 15:00:00,0,0,0.18512459067965423
rf,gwo,1,776,2024-05-28 15:05:00,0,0,0.44320762244951445
rf,gwo,1,777,2024-05-28 15:05:00,0,0,0.4275870196237689
rf,gwo,1,778,2024-05-28 15:10:00,0,0,0.4746709911848561
rf,gwo,1,779,2024-05-28 15:10:00,0,0,0.4083444218720872
rf,gwo,1,780,2024-05-28 15:15:00,0,0,0.37394356791997097
rf,gwo,1,781,2024-05-28 15:15:00,0,0,0.38515270797730033
rf,gwo,1,782,2024-05-28 15:20:00,0,0,0.3055056701114072
rf,gwo,1,783,2024-05-28 15:20:00,0,0,0.2974932966300962
rf,gwo,1,784,2024-05-28 15:25:00,0,0,0.38600935379467755
rf,gwo,1,785,2024-05-28 15:25:00,0,0,0.382235730442288
rf,gwo,1,786,2024-05-28 15:30:00,0,0,0.20361815965664554
rf,gwo,1,787,2024-05-28 15:30:00,0,0,0.23099399288755743
rf,gwo,1,788,2024-05-28 15:35:00,0,0,0.21378447341420578
rf,gwo,1,789,2024-05-28 15:35:00,0,0,0.21586586851783296
rf,gwo,1,790,2024-05-28 15:40:00,0,0,0.2043033220571611
rf,gwo,1,791,2024-05-28 15:40:00,0,0,0.20160048639682332
rf,gwo,1,792,2024-05-28 15:45:00,0,0,0.3221724929649618
rf,gwo,1,793,2024-05-28 15:45:00,0,0,0.31126798797025884
rf,gwo,1,794,2024-05-28 15:50:00,0,0,0.41706860716349964
rf,gwo,1,795,2024-05-28 15:50:00,0,0,0.37449445340306275
rf,gwo,1,796,2024-05-28 15:55:00,0,1,0.5529914204038413
rf,gwo,1,797,2024-05-28 15:55:00,0,1,0.5685681656630756
rf,gwo,1,798,2024-05-28 16:00:00,0,0,0.49854384660350326
rf,gwo,1,799,2024-05-28 16:00:00,0,0,0.48633579645864294
rf,gwo,1,800,2024-05-28 16:05:00,0,0,0.482119076330799
rf,gwo,1,801,2024-05-28 16:05:00,0,0,0.4600791870827837
rf,gwo,1,802,2024-05-28 16:10:00,1,0,0.3910743319309671
rf,gwo,1,803,2024-05-28 16:10:00,1,0,0.3703679765782675
rf,gwo,1,804,2024-05-28 16:15:00,1,0,0.3886629540821739
rf,gwo,1,805,2024-05-28 16:15:00,1,0,0.3483261904238545
rf,gwo,1,806,2024-05-28 16:20:00,1,0,0.46857489540083896
rf,gwo,1,807,2024-05-28 16:20:00,1,0,0.4625415347407663
rf,gwo,1,808,2024-05-28 16:25:00,1,1,0.5672299205697265
rf,gwo,1,809,2024-05-28 16:25:00,1,0,0.45669910770106414
rf,gwo,1,810,2024-05-28 16:30:00,1,1,0.643928751530748
rf,gwo,1,811,2024-05-28 16:30:00,1,1,0.6331463750114312
rf,gwo,1,812,2024-05-28 16:35:00,1,1,0.6466321540365868
rf,gwo,1,813,2024-05-28 16:35:00,1,1,0.6351164242579772
rf,gwo,1,814,2024-05-28 16:40:00,1,1,0.6352272033155585
rf,gwo,1,815,2024-05-28 16:40:00,1,1,0.6342254834739094
rf,gwo,1,816,2024-05-28 16:45:00,1,1,0.6446609128485642
rf,gwo,1,817,2024-05-28 16:45:00,1,1,0.6433615378143773
rf,gwo,1,818,2024-05-28 16:50:00,1,1,0.7400172899989758
rf,gwo,1,819,2024-05-28 16:50:00,0,1,0.7649437686947484
rf,gwo,1,820,2024-05-28 16:55:00,0,1,0.7586091362996609
rf,gwo,1,821,2024-05-28 16:55:00,0,1,0.7404582597878696
rf,gwo,1,822,2024-05-28 17:00:00,0,1,0.6514095688428212
rf,gwo,1,823,2024-05-28 17:00:00,0,1,0.650355132582192
rf,gwo,1,824,2024-05-28 17:05:00,0,1,0.5162988820593486
rf,gwo,1,825,2024-05-28 17:05:00,0,1,0.5045830167897398
rf,gwo,1,826,2024-05-28 17:10:00,0,0,0.39378413694223646
rf,gwo,1,827,2024-05-28 17:10:00,0,0,0.4155759961795415
rf,gwo,1,828,2024-05-28 17:15:00,0,0,0.36584888612764543
rf,gwo,1,829,2024-05-28 17:15:00,0,0,0.42598325528509756
rf,gwo,1,830,2024-05-28 17:20:00,0,0,0.3721697156367482
rf,gwo,1,831,2024-05-28 17:20:00,0,0,0.4301508989005975
rf,gwo,1,832,2024-05-28 17:25:00,0,0,0.42654216546081364
rf,gwo,1,833,2024-05-28 17:25:00,0,0,0.35182084175503536
rf,gwo,1,834,2024-05-28 17:30:00,0,0,0.381122256702171
rf,gwo,1,835,2024-05-28 17:30:00,0,0,0.3232427564855335
rf,gwo,1,836,2024-05-28 17:35:00,0,0,0.35603367679758496
rf,gwo,1,837,2024-05-28 17:35:00,0,0,0.34003615798322
rf,gwo,1,838,2024-05-28 17:40:00,0,0,0.29508843018352177
rf,gwo,1,839,2024-05-28 17:40:00,0,0,0.3047572893523937
rf,gwo,1,840,2024-05-28 17:45:00,0,0,0.46356745838044794
rf,gwo,1,841,2024-05-28 17:45:00,0,0,0.41953877588171873
rf,gwo,1,842,2024-05-28 17:50:00,0,0,0.4148990611540376
rf,gwo,1,843,2024-05-28 17:50:00,0,0,0.33453346063420364
rf,gwo,1,844,2024-05-28 17:55:00,1,0,0.31324628554573375
rf,gwo,1,845,2024-05-28 17:55:00,1,0,0.42711581251910674
rf,gwo,1,846,2024-05-29 10:40:00,1,0,0.39255327568535525
rf,gwo,1,847,2024-05-29 10:40:00,1,0,0.40629902273606633
rf,gwo,1,848,2024-05-29 10:45:00,1,1,0.5505703807117717
rf,gwo,1,849,2024-05-29 10:45:00,1,1,0.6006618360237905
rf,gwo,1,850,2024-05-29 10:50:00,1,1,0.6471526853293379
rf,gwo,1,851,2024-05-29 10:50:00,1,1,0.6393452182606552
rf,gwo,1,852,2024-05-29 10:55:00,1,1,0.7506233564954159
rf,gwo,1,853,2024-05-29 10:55:00,1,1,0.7559323892712679
rf,gwo,1,854,2024-05-29 11:00:00,1,1,0.7642280368907473
rf,gwo,1,855,2024-05-29 11:00:00,1,1,0.7684708601559723
rf,gwo,1,856,2024-05-29 11:05:00,1,1,0.7587323108215381
rf,gwo,1,857,2024-05-29 11:05:00,1,1,0.7625564211938649
rf,gwo,1,858,2024-05-29 11:10:00,1,1,0.7561282220675538
rf,gwo,1,859,2024-05-29 11:10:00,1,1,0.770181187814846
rf,gwo,1,860,2024-05-29 11:15:00,1,1,0.7535418094680032
rf,gwo,1,861,2024-05-29 11:15:00,1,1,0.7541775486993745
rf,gwo,1,862,2024-05-29 11:20:00,1,1,0.6336760595322701
rf,gwo,1,863,2024-05-29 11:20:00,1,1,0.6263101433636077
rf,gwo,1,864,2024-05-29 11:25:00,1,1,0.761817590490397
rf,gwo,1,865,2024-05-29 11:25:00,1,1,0.7579602287648582
rf,gwo,1,866,2024-05-29 11:30:00,1,1,0.5807832267664562
rf,gwo,1,867,2024-05-29 11:30:00,1,1,0.6388412816328408
rf,gwo,1,868,2024-05-29 11:35:00,1,1,0.7599703597018918
rf,gwo,1,869,2024-05-29 11:35:00,1,1,0.749303900460646
rf,gwo,1,870,2024-05-29 11:40:00,1,1,0.648750393471662
rf,gwo,1,871,2024-05-29 11:40:00,1,1,0.6484975398171912
rf,gwo,1,872,2024-05-29 11:45:00,0,1,0.7597595803633307
rf,gwo,1,873,2024-05-29 11:45:00,0,1,0.7651867646924418
rf,gwo,1,874,2024-05-29 11:50:00,0,1,0.7568319624780369
rf,gwo,1,875,2024-05-29 11:50:00,0,1,0.7625922994161204
rf,gwo,1,876,2024-05-29 11:55:00,0,1,0.6429347712349418
rf,gwo,1,877,2024-05-29 11:55:00,0,1,0.6468689583817938
rf,gwo,1,878,2024-05-29 12:00:00,0,1,0.6203074244701383
rf,gwo,1,879,2024-05-29 12:00:00,0,1,0.6250541640091087
rf,gwo,1,880,2024-05-29 12:05:00,0,1,0.5432669034900283
rf,gwo,1,881,2024-05-29 12:05:00,0,1,0.538021298798275
rf,gwo,1,882,2024-05-29 12:10:00,0,0,0.33535831055966503
rf,gwo,1,883,2024-05-29 12:10:00,0,0,0.3480586365976226
rf,gwo,1,884,2024-05-29 12:15:00,0,0,0.31888705335030276
rf,gwo,1,885,2024-05-29 12:15:00,1,0,0.316907891690252
rf,gwo,1,886,2024-05-29 12:20:00,0,0,0.39812451272221744
rf,gwo,1,887,2024-05-29 12:20:00,1,0,0.4165600543996971
rf,gwo,1,888,2024-05-29 12:25:00,0,0,0.4450549385404139
rf,gwo,1,889,2024-05-29 12:25:00,1,0,0.42380566151477506
rf,gwo,1,890,2024-05-29 12:30:00,0,0,0.3955164138199959
rf,gwo,1,891,2024-05-29 12:30:00,1,0,0.33108990913788516
rf,gwo,1,892,2024-05-29 12:35:00,1,1,0.645754367694266
rf,gwo,1,893,2024-05-29 12:35:00,0,1,0.6488561095244276
rf,gwo,1,894,2024-05-29 12:40:00,1,1,0.6395387931699418
rf,gwo,1,895,2024-05-29 12:40:00,0,1,0.6465094315995563
rf,gwo,1,896,2024-05-29 12:45:00,0,1,0.7334970626011419
rf,gwo,1,897,2024-05-29 12:45:00,1,1,0.7157942814895369
rf,gwo,1,898,2024-05-29 12:50:00,1,1,0.7316915909893144
rf,gwo,1,899,2024-05-29 12:50:00,0,1,0.7366077921348401
rf,gwo,1,900,2024-05-29 12:55:00,1,1,0.6465422670299351
rf,gwo,1,901,2024-05-29 12:55:00,0,1,0.737369408025148
rf,gwo,1,902,2024-05-29 13:00:00,0,1,0.5384997055602658
rf,gwo,1,903,2024-05-29 13:00:00,1,1,0.5307048483854434
rf,gwo,1,904,2024-05-29 13:05:00,1,0,0.33955890803771344
rf,gwo,1,905,2024-05-29 13:05:00,0,0,0.4939268287785576
rf,gwo,1,906,2024-05-29 13:10:00,0,0,0.40630994845642016
rf,gwo,1,907,2024-05-29 13:10:00,1,0,0.4303234664471345
rf,gwo,1,908,2024-05-29 13:15:00,1,1,0.5541015866555471
rf,gwo,1,909,2024-05-29 13:15:00,0,1,0.5281654804188689
rf,gwo,1,910,2024-05-29 13:20:00,1,1,0.5169584294117048
rf,gwo,1,911,2024-05-29 13:20:00,0,1,0.5817702752070877
rf,gwo,1,912,2024-05-29 13:25:00,1,1,0.5533809490626789
rf,gwo,1,913,2024-05-29 13:25:00,0,1,0.5887706228785794
rf,gwo,1,914,2024-05-29 13:30:00,1,1,0.6395803788626718
rf,gwo,1,915,2024-05-29 13:30:00,0,1,0.6503835982703879
rf,gwo,1,916,2024-05-29 13:35:00,0,1,0.6418763661707171
rf,gwo,1,917,2024-05-29 13:35:00,0,1,0.5935873037734151
rf,gwo,1,918,2024-05-29 13:40:00,0,1,0.542651943949239
rf,gwo,1,919,2024-05-29 13:40:00,0,0,0.48671094550418614
rf,gwo,1,920,2024-05-29 13:45:00,0,0,0.35043170893607534
rf,gwo,1,921,2024-05-29 13:45:00,0,0,0.4096268610205955
rf,gwo,1,922,2024-05-29 13:50:00,0,1,0.6054877401903467
rf,gwo,1,923,2024-05-29 13:50:00,0,1,0.591787925994412
rf,gwo,1,924,2024-05-29 13:55:00,0,1,0.5332999666891892
rf,gwo,1,925,2024-05-29 13:55:00,0,0,0.47399552114938615
rf,gwo,1,926,2024-05-29 14:00:00,0,0,0.44471329148304134
rf,gwo,1,927,2024-05-29 14:00:00,0,0,0.44949929210991635
rf,gwo,1,928,2024-05-29 14:05:00,0,0,0.39626578743437607
rf,gwo,1,929,2024-05-29 14:05:00,0,0,0.340205007592019
rf,gwo,1,930,2024-05-29 14:10:00,0,0,0.35327327936248615
rf,gwo,1,931,2024-05-29 14:10:00,0,0,0.34603780070987933
rf,gwo,1,932,2024-05-29 14:15:00,0,0,0.35360941214627595
rf,gwo,1,933,2024-05-29 14:15:00,0,0,0.33420451453137606
rf,gwo,1,934,2024-05-29 14:20:00,0,0,0.2816286352533545
rf,gwo,1,935,2024-05-29 14:20:00,0,0,0.29863552333767385
rf,gwo,1,936,2024-05-29 14:25:00,0,0,0.2631072200555817
rf,gwo,1,937,2024-05-29 14:25:00,0,0,0.26887336227753567
rf,gwo,1,938,2024-05-29 14:30:00,0,0,0.25721073893932567
rf,gwo,1,939,2024-05-29 14:30:00,0,0,0.29410413523310636
rf,gwo,1,940,2024-05-29 14:35:00,0,0,0.24391870609490968
rf,gwo,1,941,2024-05-29 14:35:00,0,0,0.21667888412518246
rf,gwo,1,942,2024-05-29 14:40:00,0,0,0.2025650435230635
rf,gwo,1,943,2024-05-29 14:40:00,0,0,0.19576994661908773
rf,gwo,1,944,2024-05-29 14:45:00,1,0,0.238854492421271
rf,gwo,1,945,2024-05-29 14:45:00,1,0,0.2649616072940633
rf,gwo,1,946,2024-05-29 14:50:00,1,0,0.4550126048110755
rf,gwo,1,947,2024-05-29 14:50:00,1,0,0.4163250819830357
rf,gwo,1,948,2024-05-29 14:55:00,1,1,0.5510964334509536
rf,gwo,1,949,2024-05-29 14:55:00,1,1,0.5461149878945567
rf,gwo,1,950,2024-05-29 15:00:00,1,1,0.7655908111276535
rf,gwo,1,951,2024-05-29 15:00:00,1,1,0.7238833293014458
rf,gwo,1,952,2024-05-29 15:05:00,1,1,0.7035898876042799
rf,gwo,1,953,2024-05-29 15:05:00,1,1,0.738359816429347
rf,gwo,1,954,2024-05-29 15:10:00,1,1,0.7700972195913289
rf,gwo,1,955,2024-05-29 15:10:00,1,1,0.7490799459572476
rf,gwo,1,956,2024-05-29 15:15:00,1,1,0.729326514027011
rf,gwo,1,957,2024-05-29 15:15:00,1,1,0.7232443818169036
rf,gwo,1,958,2024-05-29 15:20:00,1,1,0.7586584050746955
rf,gwo,1,959,2024-05-29 15:20:00,1,1,0.7524893758758209
rf,gwo,1,960,2024-05-29 15:25:00,1,1,0.7431610076247962
rf,gwo,1,961,2024-05-29 15:25:00,1,1,0.750058708825033
rf,gwo,1,962,2024-05-29 15:30:00,1,1,0.6464054997110684
rf,gwo,1,963,2024-05-29 15:30:00,1,1,0.6462110462307946
rf,gwo,1,964,2024-05-29 15:35:00,1,1,0.5081942556121581
rf,gwo,1,965,2024-05-29 15:35:00,1,0,0.3704721406983939
rf,gwo,1,966,2024-05-29 15:40:00,1,1,0.5160301169246512
rf,gwo,1,967,2024-05-29 15:40:00,1,0,0.34381075310333614
rf,gwo,1,968,2024-05-29 15:45:00,1,0,0.4361128355698502
rf,gwo,1,969,2024-05-29 15:45:00,1,0,0.41808018475445996
rf,gwo,1,970,2024-05-29 15:50:00,1,0,0.41386952741113553
rf,gwo,1,971,2024-05-29 15:50:00,1,0,0.4281129975101247
rf,gwo,1,972,2024-05-29 15:55:00,1,1,0.6354913735599039
rf,gwo,1,973,2024-05-29 15:55:00,1,0,0.4225910419319961
rf,gwo,1,974,2024-05-29 16:00:00,1,1,0.5486071492585065
rf,gwo,1,975,2024-05-29 16:00:00,1,1,0.5605573474927383
rf,gwo,1,976,2024-05-29 16:05:00,1,1,0.556313865965612
rf,gwo,1,977,2024-05-29 16:05:00,1,1,0.5581980104133206
rf,gwo,1,978,2024-05-29 16:10:00,1,1,0.5546113196931982
rf,gwo,1,979,2024-05-29 16:10:00,1,1,0.551875578260466
rf,gwo,1,980,2024-05-29 16:15:00,1,1,0.7387827703290613
rf,gwo,1,981,2024-05-29 16:15:00,1,1,0.6525332464844479
rf,gwo,1,982,2024-05-29 16:20:00,0,1,0.7677865924079469
rf,gwo,1,983,2024-05-29 16:20:00,0,1,0.7661823513057006
rf,gwo,1,984,2024-05-29 16:25:00,0,1,0.7614021228063486
rf,gwo,1,985,2024-05-29 16:25:00,0,1,0.7633551616057693
rf,gwo,1,986,2024-05-29 16:30:00,0,1,0.7610213751617088
rf,gwo,1,987,2024-05-29 16:30:00,0,1,0.7488193754087423
rf,gwo,1,988,2024-05-29 16:35:00,0,1,0.7480117868402756
rf,gwo,1,989,2024-05-29 16:35:00,0,1,0.6132133857157598
rf,gwo,1,990,2024-05-29 16:40:00,0,0,0.38850849697356427
rf,gwo,1,991,2024-05-29 16:40:00,0,0,0.4746352639213626
rf,gwo,1,992,2024-05-29 16:45:00,0,0,0.3254374469582896
rf,gwo,1,993,2024-05-29 16:45:00,0,0,0.2776200744738234
rf,gwo,1,994,2024-05-29 16:50:00,0,0,0.3201587739001465
rf,gwo,1,995,2024-05-29 16:50:00,0,0,0.34584299209411445
rf,gwo,1,996,2024-05-29 16:55:00,0,0,0.29791150205561884
rf,gwo,1,997,2024-05-29 16:55:00,0,0,0.2916350823307816
rf,gwo,1,998,2024-05-29 17:00:00,0,0,0.25808547049737623
rf,gwo,1,999,2024-05-29 17:00:00,0,0,0.28351857282446713
rf,gwo,1,1000,2024-05-29 17:05:00,0,0,0.21641208349016297
rf,gwo,1,1001,2024-05-29 17:05:00,0,0,0.22039727533689601
rf,gwo,1,1002,2024-05-29 17:10:00,0,0,0.302182725802018
rf,gwo,1,1003,2024-05-29 17:10:00,0,0,0.2929915051435414
rf,gwo,1,1004,2024-05-29 17:15:00,0,0,0.48168411430311675
rf,gwo,1,1005,2024-05-29 17:15:00,0,0,0.4855738771280685
rf,gwo,1,1006,2024-05-29 17:20:00,0,1,0.6006925150304433
rf,gwo,1,1007,2024-05-29 17:20:00,0,1,0.5439094618526177
rf,gwo,1,1008,2024-05-29 17:25:00,0,0,0.4736185126621501
rf,gwo,1,1009,2024-05-29 17:25:00,0,0,0.4437383819943812
rf,gwo,1,1010,2024-05-29 17:30:00,0,0,0.42741525533761365
rf,gwo,1,1011,2024-05-29 17:30:00,0,0,0.4479169421897112
rf,gwo,1,1012,2024-05-29 17:35:00,0,1,0.5934264161091781
rf,gwo,1,1013,2024-05-29 17:35:00,0,1,0.6019142302724633
rf,gwo,1,1014,2024-05-29 17:40:00,0,1,0.6010965626766134
rf,gwo,1,1015,2024-05-29 17:40:00,0,1,0.5939417324645802
rf,gwo,1,1016,2024-05-29 17:45:00,0,1,0.6486300850615276
rf,gwo,1,1017,2024-05-29 17:45:00,0,1,0.6274919540327424
rf,gwo,1,1018,2024-05-29 17:50:00,0,1,0.6235924918369086
rf,gwo,1,1019,2024-05-29 17:50:00,0,1,0.6397968770396991
rf,gwo,1,1020,2024-05-29 17:55:00,0,1,0.6406760639981424
rf,gwo,1,1021,2024-05-29 17:55:00,0,1,0.5919168567014808
rf,gwo,1,1022,2024-05-31 12:35:00,1,0,0.47559914668936465
rf,gwo,1,1023,2024-05-31 12:40:00,1,0,0.3801537083294275
rf,gwo,1,1024,2024-05-31 12:45:00,1,1,0.6364511634803823
rf,gwo,1,1025,2024-05-31 12:50:00,1,1,0.643637900645733
rf,gwo,1,1026,2024-05-31 12:55:00,1,1,0.6368096355525285
rf,gwo,1,1027,2024-05-31 13:00:00,1,0,0.437718428305751
rf,gwo,1,1028,2024-05-31 13:05:00,1,1,0.5799215449634493
rf,gwo,1,1029,2024-05-31 13:10:00,1,1,0.5682274541779176
rf,gwo,1,1030,2024-05-31 13:15:00,1,0,0.42471513067738376
rf,gwo,1,1031,2024-05-31 13:20:00,1,0,0.397277770253221
rf,gwo,1,1032,2024-05-31 13:25:00,1,0,0.3933077257356222
rf,gwo,1,1033,2024-05-31 13:25:00,1,0,0.3864309628577683
rf,gwo,1,1034,2024-05-31 13:30:00,1,0,0.4361605121388335
rf,gwo,1,1035,2024-05-31 13:30:00,1,0,0.44430433532844194
rf,gwo,1,1036,2024-05-31 13:35:00,1,1,0.649032448750946
rf,gwo,1,1037,2024-05-31 13:35:00,1,1,0.6194835885137102
rf,gwo,1,1038,2024-05-31 13:40:00,1,1,0.6381848798529353
rf,gwo,1,1039,2024-05-31 13:40:00,1,1,0.6508538289021032
rf,gwo,1,1040,2024-05-31 13:45:00,1,1,0.6396756398297205
rf,gwo,1,1041,2024-05-31 13:45:00,1,1,0.6288966711926393
rf,gwo,1,1042,2024-05-31 13:50:00,1,1,0.7539211673961098
rf,gwo,1,1043,2024-05-31 13:50:00,1,1,0.7521706230910306
rf,gwo,1,1044,2024-05-31 13:55:00,1,1,0.6086859208069209
rf,gwo,1,1045,2024-05-31 13:55:00,1,1,0.6340059981135308
rf,gwo,1,1046,2024-05-31 14:00:00,1,1,0.6425724420749057
rf,gwo,1,1047,2024-05-31 14:00:00,1,1,0.6225618272757808
rf,gwo,1,1048,2024-05-31 14:05:00,1,1,0.6886182466179812
rf,gwo,1,1049,2024-05-31 14:05:00,1,1,0.7341205273956048
rf,gwo,1,1050,2024-05-31 14:10:00,1,1,0.6855825549445207
rf,gwo,1,1051,2024-05-31 14:10:00,1,1,0.7525033569617741
rf,gwo,1,1052,2024-05-31 14:15:00,1,1,0.5152606972471878
rf,gwo,1,1053,2024-05-31 14:15:00,1,1,0.555090485107715
rf,gwo,1,1054,2024-05-31 14:20:00,1,1,0.5333814678503969
rf,gwo,1,1055,2024-05-31 14:20:00,1,1,0.544046232869691
rf,gwo,1,1056,2024-05-31 14:25:00,1,1,0.5504950216267476
rf,gwo,1,1057,2024-05-31 14:25:00,1,1,0.5347513425635604
rf,gwo,1,1058,2024-05-31 14:30:00,1,1,0.5595729285430121
rf,gwo,1,1059,2024-05-31 14:30:00,1,1,0.637879605517026
rf,gwo,1,1060,2024-05-31 14:35:00,1,1,0.6268793113863003
rf,gwo,1,1061,2024-05-31 14:35:00,1,1,0.647214907924357
rf,gwo,1,1062,2024-05-31 14:40:00,1,1,0.600115824776586
rf,gwo,1,1063,2024-05-31 14:40:00,1,1,0.6332340629665889
rf,gwo,1,1064,2024-05-31 14:45:00,1,1,0.539524798365776
rf,gwo,1,1065,2024-05-31 14:45:00,1,1,0.551818386757014
rf,gwo,1,1066,2024-05-31 14:50:00,1,0,0.4915089423284939
rf,gwo,1,1067,2024-05-31 14:50:00,1,1,0.5117444575725086
rf,gwo,1,1068,2024-05-31 14:55:00,1,0,0.4827999785066602
rf,gwo,1,1069,2024-05-31 14:55:00,1,0,0.48892864566934474
rf,gwo,1,1070,2024-05-31 15:00:00,1,0,0.4943572744976558
rf,gwo,1,1071,2024-05-31 15:00:00,1,0,0.4872829585475523
rf,gwo,1,1072,2024-05-31 15:05:00,0,1,0.6360166086957098
rf,gwo,1,1073,2024-05-31 15:05:00,0,1,0.6298973476499207
rf,gwo,1,1074,2024-05-31 15:10:00,0,1,0.5555266281335778
rf,gwo,1,1075,2024-05-31 15:10:00,0,1,0.596126964580914
rf,gwo,1,1076,2024-05-31 15:15:00,0,1,0.555178361976779
rf,gwo,1,1077,2024-05-31 15:15:00,0,1,0.5481192630874346
rf,gwo,1,1078,2024-05-31 15:20:00,0,1,0.5299464294463845
rf,gwo,1,1079,2024-05-31 15:20:00,0,1,0.5237571129352899
rf,gwo,1,1080,2024-05-31 15:25:00,0,1,0.5132613320884015
rf,gwo,1,1081,2024-05-31 15:25:00,0,1,0.5473246954587262
rf,gwo,1,1082,2024-05-31 15:30:00,0,1,0.5020815252642572
rf,gwo,1,1083,2024-05-31 15:30:00,0,1,0.5377640947687995
rf,gwo,1,1084,2024-05-31 15:35:00,0,1,0.5863467501546363
rf,gwo,1,1085,2024-05-31 15:35:00,0,0,0.4002760622772733
rf,gwo,1,1086,2024-05-31 15:40:00,0,0,0.4352227025234705
rf,gwo,1,1087,2024-05-31 15:40:00,0,0,0.4390401073980434
rf,gwo,1,1088,2024-05-31 15:45:00,0,0,0.4206623652160176
rf,gwo,1,1089,2024-05-31 15:45:00,0,0,0.36534051657314287
rf,gwo,1,1090,2024-05-31 15:50:00,0,0,0.4028755874790242
rf,gwo,1,1091,2024-05-31 15:50:00,0,0,0.4008259789585839
rf,gwo,1,1092,2024-05-31 15:55:00,0,0,0.3450453667990458
rf,gwo,1,1093,2024-05-31 15:55:00,0,0,0.4006272520833691
rf,gwo,1,1094,2024-05-31 16:00:00,1,0,0.3088026387545901
rf,gwo,1,1095,2024-05-31 16:00:00,1,0,0.32654138355904355
rf,gwo,1,1096,2024-05-31 16:05:00,1,0,0.3180334906537979
rf,gwo,1,1097,2024-05-31 16:05:00,1,0,0.3526644074016734
rf,gwo,1,1098,2024-05-31 16:10:00,1,1,0.5802261499447737
rf,gwo,1,1099,2024-05-31 16:10:00,1,1,0.5956178218354362
rf,gwo,1,1100,2024-05-31 16:15:00,1,1,0.6365871606595259
rf,gwo,1,1101,2024-05-31 16:15:00,1,1,0.6381498318865775
rf,gwo,1,1102,2024-05-31 16:20:00,1,1,0.5960684641235104
rf,gwo,1,1103,2024-05-31 16:20:00,1,1,0.6340947014493676
rf,gwo,1,1104,2024-05-31 16:25:00,1,1,0.6235391474309755
rf,gwo,1,1105,2024-05-31 16:25:00,1,1,0.6476473559928072
rf,gwo,1,1106,2024-05-31 16:30:00,1,0,0.43662806020726647
rf,gwo,1,1107,2024-05-31 16:30:00,1,1,0.6141618995819101
rf,gwo,1,1108,2024-05-31 16:35:00,1,1,0.6461658800093877
rf,gwo,1,1109,2024-05-31 16:35:00,1,1,0.5629588258345293
rf,gwo,1,1110,2024-05-31 16:40:00,1,1,0.7493407753130379
rf,gwo,1,1111,2024-05-31 16:40:00,1,1,0.7563114607636106
rf,gwo,1,1112,2024-05-31 16:45:00,1,1,0.6469221510094084
rf,gwo,1,1113,2024-05-31 16:45:00,1,1,0.7613162814912521
rf,gwo,1,1114,2024-05-31 16:50:00,1,1,0.7642602258336463
rf,gwo,1,1115,2024-05-31 16:50:00,1,1,0.7645431066289473
rf,gwo,1,1116,2024-05-31 16:55:00,0,1,0.7742687699662361
rf,gwo,1,1117,2024-05-31 16:55:00,0,1,0.7646285681729892
rf,gwo,1,1118,2024-05-31 17:00:00,0,1,0.6521749394015445
rf,gwo,1,1119,2024-05-31 17:00:00,0,1,0.7423115119275678
rf,gwo,1,1120,2024-05-31 17:05:00,0,0,0.47782286063125784
rf,gwo,1,1121,2024-05-31 17:05:00,0,0,0.49907297237226034
rf,gwo,1,1122,2024-05-31 17:10:00,0,0,0.49434218653537104
rf,gwo,1,1123,2024-05-31 17:10:00,0,0,0.32028462544982106
rf,gwo,1,1124,2024-05-31 17:15:00,0,1,0.5402025537535226
rf,gwo,1,1125,2024-05-31 17:15:00,0,1,0.5428614468377788
rf,gwo,1,1126,2024-05-31 17:20:00,0,1,0.5253381550076441
rf,gwo,1,1127,2024-05-31 17:20:00,0,1,0.5273929669046046
rf,gwo,1,1128,2024-05-31 17:25:00,0,0,0.4759740246763976
rf,gwo,1,1129,2024-05-31 17:25:00,0,0,0.48812304255573585
rf,gwo,1,1130,2024-05-31 17:30:00,0,1,0.5300261468340202
rf,gwo,1,1131,2024-05-31 17:30:00,0,1,0.5422011170759238
rf,gwo,1,1132,2024-05-31 17:35:00,0,0,0.49691218519204533
rf,gwo,1,1133,2024-05-31 17:35:00,0,1,0.530489077189281
rf,gwo,1,1134,2024-05-31 17:40:00,0,1,0.5545944016476998
rf,gwo,1,1135,2024-05-31 17:40:00,0,1,0.5486975870419116
rf,gwo,1,1136,2024-05-31 17:45:00,0,1,0.5142679612784211
rf,gwo,1,1137,2024-05-31 17:45:00,0,1,0.5074826776036552
rf,gwo,1,1138,2024-05-31 17:50:00,0,1,0.5588062796742183
rf,gwo,1,1139,2024-05-31 17:50:00,0,1,0.5672984330169959
rf,gwo,1,1140,2024-05-31 17:55:00,0,1,0.5557496746938692
rf,gwo,1,1141,2024-05-31 17:55:00,0,1,0.5363909875168053
rf,gwo,1,1142,2024-06-03 10:50:00,1,0,0.17036570608960297
rf,gwo,1,1143,2024-06-03 10:50:00,1,0,0.18386507130911836
rf,gwo,1,1144,2024-06-03 10:55:00,1,0,0.384602430246149
rf,gwo,1,1145,2024-06-03 10:55:00,1,0,0.3185543212770065
rf,gwo,1,1146,2024-06-03 11:00:00,1,0,0.37844350572067986
rf,gwo,1,1147,2024-06-03 11:00:00,1,0,0.38380145021775797
rf,gwo,1,1148,2024-06-03 11:05:00,1,0,0.41925981091937714
rf,gwo,1,1149,2024-06-03 11:05:00,1,0,0.41970990343066095
rf,gwo,1,1150,2024-06-03 11:10:00,1,1,0.5598314836602777
rf,gwo,1,1151,2024-06-03 11:10:00,1,1,0.5649637955247145
rf,gwo,1,1152,2024-06-03 11:15:00,1,1,0.759716977814017
rf,gwo,1,1153,2024-06-03 11:15:00,1,1,0.7631358839944654
rf,gwo,1,1154,2024-06-03 11:20:00,1,1,0.7558887482876092
rf,gwo,1,1155,2024-06-03 11:20:00,1,1,0.7575441966684707
rf,gwo,1,1156,2024-06-03 11:25:00,1,1,0.7487359103896047
rf,gwo,1,1157,2024-06-03 11:25:00,1,1,0.7253447183243658
rf,gwo,1,1158,2024-06-03 11:30:00,1,1,0.777392042887702
rf,gwo,1,1159,2024-06-03 11:30:00,1,1,0.7882578592122349
rf,gwo,1,1160,2024-06-03 11:35:00,1,1,0.7513803016254085
rf,gwo,1,1161,2024-06-03 11:35:00,1,1,0.7360408579236785
rf,gwo,1,1162,2024-06-03 11:40:00,0,1,0.7298827988394194
rf,gwo,1,1163,2024-06-03 11:40:00,0,1,0.750673273310498
rf,gwo,1,1164,2024-06-03 11:45:00,0,1,0.715564647637706
rf,gwo,1,1165,2024-06-03 11:45:00,0,1,0.7127536001401789
rf,gwo,1,1166,2024-06-03 11:50:00,0,1,0.7518342846725081
rf,gwo,1,1167,2024-06-03 11:50:00,0,1,0.6740637633588121
rf,gwo,1,1168,2024-06-03 11:55:00,0,0,0.4625742464670167
rf,gwo,1,1169,2024-06-03 11:55:00,0,1,0.6371643251995984
rf,gwo,1,1170,2024-06-03 12:00:00,0,0,0.4939762968684957
rf,gwo,1,1171,2024-06-03 12:00:00,0,0,0.48943273999159603
rf,gwo,1,1172,2024-06-03 12:05:00,0,1,0.5090714916786222
rf,gwo,1,1173,2024-06-03 12:05:00,0,1,0.6679240368146732
rf,gwo,1,1174,2024-06-03 12:10:00,0,1,0.5151511274467241
rf,gwo,1,1175,2024-06-03 12:10:00,0,1,0.5365806861971556
rf,gwo,1,1176,2024-06-03 12:15:00,0,1,0.6285186150022027
rf,gwo,1,1177,2024-06-03 12:15:00,0,1,0.7438245329559542
rf,gwo,1,1178,2024-06-03 12:20:00,0,1,0.639155208517278
rf,gwo,1,1179,2024-06-03 12:20:00,0,1,0.655998216320399
rf,gwo,1,1180,2024-06-03 12:25:00,0,0,0.3334586691832155
rf,gwo,1,1181,2024-06-03 12:25:00,0,0,0.3309139785788909
rf,gwo,1,1182,2024-06-03 12:30:00,0,0,0.1954786839232392
rf,gwo,1,1183,2024-06-03 12:30:00,0,0,0.2068808847587148
rf,gwo,1,1184,2024-06-03 12:35:00,0,0,0.22407028114621583
rf,gwo,1,1185,2024-06-03 12:35:00,0,0,0.24880427682223172
rf,gwo,1,1186,2024-06-03 12:40:00,0,0,0.29850372705132716
rf,gwo,1,1187,2024-06-03 12:40:00,0,0,0.2986119612653597
rf,gwo,1,1188,2024-06-03 12:45:00,0,0,0.2717763832014279
rf,gwo,1,1189,2024-06-03 12:45:00,0,0,0.3645452980707724
rf,gwo,1,1190,2024-06-03 12:50:00,0,0,0.3040387611522976
rf,gwo,1,1191,2024-06-03 12:50:00,0,0,0.4047147320815356
rf,gwo,1,1192,2024-06-03 12:55:00,0,0,0.33912042269833365
rf,gwo,1,1193,2024-06-03 12:55:00,0,0,0.3820017882889295
rf,gwo,1,1194,2024-06-03 13:00:00,0,0,0.3416809880550521
rf,gwo,1,1195,2024-06-03 13:00:00,0,0,0.46472680780963116
rf,gwo,1,1196,2024-06-03 13:05:00,0,0,0.4017424315225055
rf,gwo,1,1197,2024-06-03 13:05:00,0,0,0.3134685513516144
rf,gwo,1,1198,2024-06-03 13:10:00,0,0,0.3675952484905602
rf,gwo,1,1199,2024-06-03 13:10:00,0,0,0.3531607537642513
rf,gwo,1,1200,2024-06-03 13:15:00,0,0,0.18285490149341507
rf,gwo,1,1201,2024-06-03 13:15:00,0,0,0.19057931687890817
rf,gwo,1,1202,2024-06-03 13:20:00,0,0,0.20136402851728133
rf,gwo,1,1203,2024-06-03 13:20:00,0,0,0.20965569350687427
rf,gwo,1,1204,2024-06-03 13:25:00,0,0,0.3085884852778444
rf,gwo,1,1205,2024-06-03 13:25:00,0,0,0.31348258140295165
rf,gwo,1,1206,2024-06-03 13:30:00,0,0,0.31683956169706223
rf,gwo,1,1207,2024-06-03 13:30:00,0,0,0.30453417511221437
rf,gwo,1,1208,2024-06-03 13:35:00,0,0,0.40417209044836544
rf,gwo,1,1209,2024-06-03 13:35:00,0,0,0.4066312344839259
rf,gwo,1,1210,2024-06-03 13:40:00,0,0,0.3878297562720608
rf,gwo,1,1211,2024-06-03 13:40:00,0,0,0.4294395471096806
rf,gwo,1,1212,2024-06-03 13:45:00,0,1,0.5700125835762225
rf,gwo,1,1213,2024-06-03 13:45:00,0,0,0.4939788807592339
rf,gwo,1,1214,2024-06-03 13:50:00,0,0,0.476910096714947
rf,gwo,1,1215,2024-06-03 13:50:00,0,0,0.47682397985378366
rf,gwo,1,1216,2024-06-03 13:55:00,0,0,0.4765008877329041
rf,gwo,1,1217,2024-06-03 13:55:00,0,0,0.46678469164856845
rf,gwo,1,1218,2024-06-03 14:00:00,1,0,0.4594042537911397
rf,gwo,1,1219,2024-06-03 14:00:00,1,0,0.4448042420512941
rf,gwo,1,1220,2024-06-03 14:05:00,1,1,0.649418271047065
rf,gwo,1,1221,2024-06-03 14:05:00,1,1,0.6479676457723027
rf,gwo,1,1222,2024-06-03 14:10:00,1,1,0.6398582016060331
rf,gwo,1,1223,2024-06-03 14:10:00,1,1,0.7347976583966497
rf,gwo,1,1224,2024-06-03 14:15:00,1,1,0.7640564013995264
rf,gwo,1,1225,2024-06-03 14:15:00,1,1,0.7645173655856737
rf,gwo,1,1226,2024-06-03 14:20:00,1,1,0.7735673204595477
rf,gwo,1,1227,2024-06-03 14:20:00,1,1,0.7819216064646599
rf,gwo,1,1228,2024-06-03 14:25:00,1,1,0.729042123326341
rf,gwo,1,1229,2024-06-03 14:25:00,1,1,0.7266973505198799
rf,gwo,1,1230,2024-06-03 14:30:00,1,1,0.7401467382287265
rf,gwo,1,1231,2024-06-03 14:30:00,1,1,0.7379436224534758
rf,gwo,1,1232,2024-06-03 14:35:00,1,1,0.7257473538780255
rf,gwo,1,1233,2024-06-03 14:35:00,1,1,0.7326280698523255
rf,gwo,1,1234,2024-06-03 14:40:00,1,1,0.7686281615563146
rf,gwo,1,1235,2024-06-03 14:40:00,1,1,0.7395031041179678
rf,gwo,1,1236,2024-06-03 14:45:00,1,1,0.7149961937537364
rf,gwo,1,1237,2024-06-03 14:45:00,1,1,0.7498732980829705
rf,gwo,1,1238,2024-06-03 14:50:00,1,0,0.4502077500333516
rf,gwo,1,1239,2024-06-03 14:50:00,1,1,0.5084427522698228
rf,gwo,1,1240,2024-06-03 14:55:00,1,0,0.3330086582902643
rf,gwo,1,1241,2024-06-03 14:55:00,1,0,0.33896865613118016
rf,gwo,1,1242,2024-06-03 15:00:00,1,0,0.4364458497039822
rf,gwo,1,1243,2024-06-03 15:00:00,1,0,0.478497560024706
rf,gwo,1,1244,2024-06-03 15:05:00,1,1,0.5461056384632086
rf,gwo,1,1245,2024-06-03 15:05:00,1,1,0.5401942447443052
rf,gwo,1,1246,2024-06-03 15:10:00,1,0,0.3352908239130587
rf,gwo,1,1247,2024-06-03 15:10:00,1,0,0.3349438241597883
rf,gwo,1,1248,2024-06-03 15:15:00,1,1,0.6426447410880025
rf,gwo,1,1249,2024-06-03 15:15:00,1,1,0.6515338330912546
rf,gwo,1,1250,2024-06-03 15:20:00,1,1,0.6597992600171194
rf,gwo,1,1251,2024-06-03 15:20:00,1,1,0.6602141026691053
rf,gwo,1,1252,2024-06-03 15:25:00,1,1,0.7624904353934729
rf,gwo,1,1253,2024-06-03 15:25:00,1,1,0.7507079784311488
rf,gwo,1,1254,2024-06-03 15:30:00,1,1,0.761817864338913
rf,gwo,1,1255,2024-06-03 15:30:00,1,1,0.7730841777909478
rf,gwo,1,1256,2024-06-03 15:35:00,0,1,0.7304888459225248
rf,gwo,1,1257,2024-06-03 15:35:00,0,1,0.7445248022342634
rf,gwo,1,1258,2024-06-03 15:40:00,0,1,0.605983398607249
rf,gwo,1,1259,2024-06-03 15:40:00,0,1,0.6133455200468013
rf,gwo,1,1260,2024-06-03 15:45:00,0,1,0.5275930068457185
rf,gwo,1,1261,2024-06-03 15:45:00,0,1,0.6332828198466992
rf,gwo,1,1262,2024-06-03 15:50:00,0,0,0.491987534413029
rf,gwo,1,1263,2024-06-03 15:50:00,0,1,0.535309524641412
rf,gwo,1,1264,2024-06-03 15:55:00,0,1,0.5411610067840714
rf,gwo,1,1265,2024-06-03 15:55:00,0,1,0.5428489171362053
rf,gwo,1,1266,2024-06-03 16:00:00,0,1,0.5468853856580774
rf,gwo,1,1267,2024-06-03 16:00:00,0,1,0.5315563903732755
rf,gwo,1,1268,2024-06-03 16:05:00,0,0,0.49826916184643105
rf,gwo,1,1269,2024-06-03 16:05:00,0,0,0.441131166366304
rf,gwo,1,1270,2024-06-03 16:10:00,0,1,0.5544865749916031
rf,gwo,1,1271,2024-06-03 16:10:00,0,1,0.5442287353397138
rf,gwo,1,1272,2024-06-03 16:15:00,0,0,0.3807558220835723
rf,gwo,1,1273,2024-06-03 16:15:00,0,0,0.3851155052673901
rf,gwo,1,1274,2024-06-03 16:20:00,0,0,0.43199345669158495
rf,gwo,1,1275,2024-06-03 16:20:00,0,0,0.4245379210268463
rf,gwo,1,1276,2024-06-03 16:25:00,0,0,0.36261591059955234
rf,gwo,1,1277,2024-06-03 16:25:00,0,0,0.4241305402152179
rf,gwo,1,1278,2024-06-03 16:30:00,0,0,0.3392063677691277
rf,gwo,1,1279,2024-06-03 16:30:00,0,0,0.32624114995903203
rf,gwo,1,1280,2024-06-03 16:35:00,0,0,0.3174303687610473
rf,gwo,1,1281,2024-06-03 16:35:00,0,0,0.31485013183076205
rf,gwo,1,1282,2024-06-03 16:40:00,0,0,0.44456758837101545
rf,gwo,1,1283,2024-06-03 16:40:00,0,0,0.42978005339073216
rf,gwo,1,1284,2024-06-03 16:45:00,0,0,0.36112520223891376
rf,gwo,1,1285,2024-06-03 16:45:00,0,0,0.43939276028440005
rf,gwo,1,1286,2024-06-03 16:50:00,0,0,0.45812428782089337
rf,gwo,1,1287,2024-06-03 16:50:00,0,0,0.4334295339681814
rf,gwo,1,1288,2024-06-03 16:55:00,0,0,0.36331155239772017
rf,gwo,1,1289,2024-06-03 16:55:00,0,0,0.3131849683526227
rf,gwo,1,1290,2024-06-03 17:00:00,0,0,0.2456750374918107
rf,gwo,1,1291,2024-06-03 17:00:00,0,0,0.2662605367241911
rf,gwo,1,1292,2024-06-03 17:05:00,0,0,0.29156983326952607
rf,gwo,1,1293,2024-06-03 17:05:00,0,0,0.28759540355894203
rf,gwo,1,1294,2024-06-03 17:10:00,0,0,0.2946072770429445
rf,gwo,1,1295,2024-06-03 17:10:00,0,0,0.29204896027792404
rf,gwo,1,1296,2024-06-03 17:15:00,0,0,0.35398479883223044
rf,gwo,1,1297,2024-06-03 17:15:00,0,0,0.3663665282478663
rf,gwo,1,1298,2024-06-03 17:20:00,0,0,0.2929509647638809
rf,gwo,1,1299,2024-06-03 17:20:00,0,0,0.2980089382372773
rf,gwo,1,1300,2024-06-03 17:25:00,0,0,0.3108898567812834
rf,gwo,1,1301,2024-06-03 17:25:00,0,0,0.31333236093225814
rf,gwo,1,1302,2024-06-03 17:30:00,0,0,0.29083453393074665
rf,gwo,1,1303,2024-06-03 17:30:00,0,0,0.300268041577594
rf,gwo,1,1304,2024-06-03 17:35:00,0,0,0.2882660685512534
rf,gwo,1,1305,2024-06-03 17:35:00,0,0,0.2871439371963783
rf,gwo,1,1306,2024-06-03 17:40:00,0,0,0.31319097877490526
rf,gwo,1,1307,2024-06-03 17:40:00,0,0,0.29760314067569804
rf,gwo,1,1308,2024-06-03 17:45:00,0,0,0.3267322754079134
rf,gwo,1,1309,2024-06-03 17:45:00,0,0,0.31396631312275347
rf,gwo,1,1310,2024-06-03 17:50:00,0,0,0.46342225575177776
rf,gwo,1,1311,2024-06-03 17:50:00,0,0,0.44997363231039483
rf,gwo,1,1312,2024-06-03 17:55:00,0,0,0.4590456739184426
rf,gwo,1,1313,2024-06-03 17:55:00,0,1,0.5552978498790672
rf,gwo,1,1314,2024-06-04 11:15:00,1,0,0.37259659976667253
rf,gwo,1,1315,2024-06-04 11:20:00,1,0,0.3887013416056208
rf,gwo,1,1316,2024-06-04 11:20:00,1,0,0.34956512880733676
rf,gwo,1,1317,2024-06-04 11:25:00,1,0,0.4982708040200298
rf,gwo,1,1318,2024-06-04 11:25:00,1,0,0.494499320677146
rf,gwo,1,1319,2024-06-04 11:30:00,1,1,0.654023734811688
rf,gwo,1,1320,2024-06-04 11:30:00,1,1,0.6565848054621812
rf,gwo,1,1321,2024-06-04 11:35:00,1,1,0.7177245084759941
rf,gwo,1,1322,2024-06-04 11:35:00,1,1,0.6378050407627129
rf,gwo,1,1323,2024-06-04 11:40:00,1,1,0.7585398909895974
rf,gwo,1,1324,2024-06-04 11:40:00,1,1,0.7535971289171044
rf,gwo,1,1325,2024-06-04 11:45:00,1,1,0.7273600336672041
rf,gwo,1,1326,2024-06-04 11:45:00,1,1,0.7600891332270738
rf,gwo,1,1327,2024-06-04 11:50:00,1,1,0.7493632765365695
rf,gwo,1,1328,2024-06-04 11:50:00,1,1,0.7535484189202968
rf,gwo,1,1329,2024-06-04 11:55:00,1,1,0.6339484129041113
rf,gwo,1,1330,2024-06-04 11:55:00,1,1,0.7462430137817919
rf,gwo,1,1331,2024-06-04 12:00:00,1,1,0.6267307079018204
rf,gwo,1,1332,2024-06-04 12:00:00,1,1,0.6492658869630868
rf,gwo,1,1333,2024-06-04 12:05:00,1,1,0.5154125290024505
rf,gwo,1,1334,2024-06-04 12:05:00,1,1,0.5257720882095518
rf,gwo,1,1335,2024-06-04 12:10:00,1,1,0.6518887163917243
rf,gwo,1,1336,2024-06-04 12:10:00,1,1,0.6408043249561248
rf,gwo,1,1337,2024-06-04 12:15:00,1,1,0.7630471117823923
rf,gwo,1,1338,2024-06-04 12:15:00,1,1,0.7590171293724665
rf,gwo,1,1339,2024-06-04 12:20:00,1,1,0.7407675467805787
rf,gwo,1,1340,2024-06-04 12:20:00,1,1,0.7440524293122223
rf,gwo,1,1341,2024-06-04 12:25:00,1,1,0.7656992964532929
rf,gwo,1,1342,2024-06-04 12:25:00,1,1,0.7697674440566726
rf,gwo,1,1343,2024-06-04 12:30:00,1,1,0.6235507684693591
rf,gwo,1,1344,2024-06-04 12:30:00,1,1,0.6042228146817067
rf,gwo,1,1345,2024-06-04 12:35:00,1,1,0.7526447051487605
rf,gwo,1,1346,2024-06-04 12:35:00,1,1,0.7604924914414677
rf,gwo,1,1347,2024-06-04 12:40:00,1,1,0.5269599634458312
rf,gwo,1,1348,2024-06-04 12:40:00,1,1,0.524780290528328
rf,gwo,1,1349,2024-06-04 12:45:00,1,1,0.5182571268136251
rf,gwo,1,1350,2024-06-04 12:45:00,1,1,0.5445126579309171
rf,gwo,1,1351,2024-06-04 12:50:00,1,1,0.5446898137021283
rf,gwo,1,1352,2024-06-04 12:50:00,1,1,0.5533895895500461
rf,gwo,1,1353,2024-06-04 12:55:00,1,0,0.34881960033209686
rf,gwo,1,1354,2024-06-04 12:55:00,1,0,0.34906202726038205
rf,gwo,1,1355,2024-06-04 13:00:00,1,0,0.3625608997473642
rf,gwo,1,1356,2024-06-04 13:00:00,1,0,0.32002791759542765
rf,gwo,1,1357,2024-06-04 13:05:00,1,0,0.3716027542461782
rf,gwo,1,1358,2024-06-04 13:05:00,1,0,0.29199814809992114
rf,gwo,1,1359,2024-06-04 13:10:00,1,1,0.548128777883025
rf,gwo,1,1360,2024-06-04 13:10:00,1,1,0.565120826377937
rf,gwo,1,1361,2024-06-04 13:15:00,1,1,0.7480016106822701
rf,gwo,1,1362,2024-06-04 13:15:00,1,1,0.7472509047092942
rf,gwo,1,1363,2024-06-04 13:20:00,1,1,0.7499599582822274
rf,gwo,1,1364,2024-06-04 13:20:00,1,1,0.6293028029425318
rf,gwo,1,1365,2024-06-04 13:25:00,1,1,0.6337702004568547
rf,gwo,1,1366,2024-06-04 13:25:00,1,1,0.6370917258631862
rf,gwo,1,1367,2024-06-04 13:30:00,1,1,0.524821461554685
rf,gwo,1,1368,2024-06-04 13:30:00,1,1,0.546223047695354
rf,gwo,1,1369,2024-06-04 13:35:00,1,0,0.4165975654490669
rf,gwo,1,1370,2024-06-04 13:35:00,1,0,0.43050564541518543
rf,gwo,1,1371,2024-06-04 13:40:00,1,1,0.5486994656904987
rf,gwo,1,1372,2024-06-04 13:40:00,1,0,0.47015772729750205
rf,gwo,1,1373,2024-06-04 13:45:00,1,1,0.6454311309259213
rf,gwo,1,1374,2024-06-04 13:45:00,1,1,0.6331255694928304
rf,gwo,1,1375,2024-06-04 13:50:00,1,1,0.6547209808042668
rf,gwo,1,1376,2024-06-04 13:50:00,1,1,0.6153121384807189
rf,gwo,1,1377,2024-06-04 13:55:00,1,1,0.7616460425078062
rf,gwo,1,1378,2024-06-04 13:55:00,1,1,0.764359936938789
rf,gwo,1,1379,2024-06-04 14:00:00,1,1,0.7687575132111929
rf,gwo,1,1380,2024-06-04 14:00:00,1,1,0.7602634679657883
rf,gwo,1,1381,2024-06-04 14:05:00,1,1,0.60255607458377
rf,gwo,1,1382,2024-06-04 14:05:00,1,1,0.532891727003114
rf,gwo,1,1383,2024-06-04 14:10:00,1,0,0.4938464058703367
rf,gwo,1,1384,2024-06-04 14:10:00,1,0,0.32313905140433524
rf,gwo,1,1385,2024-06-04 14:15:00,1,0,0.32601437602058125
rf,gwo,1,1386,2024-06-04 14:15:00,1,0,0.31867506966127807
rf,gwo,1,1387,2024-06-04 14:20:00,1,1,0.5026791569864562
rf,gwo,1,1388,2024-06-04 14:20:00,1,0,0.4590679054238834
rf,gwo,1,1389,2024-06-04 14:25:00,1,1,0.6929301879367958
rf,gwo,1,1390,2024-06-04 14:25:00,1,1,0.6739333234315708
rf,gwo,1,1391,2024-06-04 14:30:00,1,1,0.6406092785473343
rf,gwo,1,1392,2024-06-04 14:30:00,1,1,0.6373863116533831
rf,gwo,1,1393,2024-06-04 14:35:00,1,1,0.6492404018939413
rf,gwo,1,1394,2024-06-04 14:35:00,1,1,0.7473957179352555
rf,gwo,1,1395,2024-06-04 14:40:00,1,1,0.7625396950980599
rf,gwo,1,1396,2024-06-04 14:40:00,1,1,0.7543860472393835
rf,gwo,1,1397,2024-06-04 14:45:00,1,1,0.7725092443555929
rf,gwo,1,1398,2024-06-04 14:45:00,1,1,0.7635091499740905
rf,gwo,1,1399,2024-06-04 14:50:00,1,1,0.7371999168641025
rf,gwo,1,1400,2024-06-04 14:50:00,1,1,0.7494949606301363
rf,gwo,1,1401,2024-06-04 14:55:00,1,1,0.6360196251552825
rf,gwo,1,1402,2024-06-04 14:55:00,1,1,0.6364777441735068
rf,gwo,1,1403,2024-06-04 15:00:00,1,1,0.6236821464035652
rf,gwo,1,1404,2024-06-04 15:00:00,1,1,0.6367683027006467
rf,gwo,1,1405,2024-06-04 15:05:00,1,1,0.5374197128048599
rf,gwo,1,1406,2024-06-04 15:05:00,1,1,0.5316710479322089
rf,gwo,1,1407,2024-06-04 15:10:00,1,0,0.3363028654367327
rf,gwo,1,1408,2024-06-04 15:10:00,1,0,0.32657079108629483
rf,gwo,1,1409,2024-06-04 15:15:00,1,1,0.5379448766297017
rf,gwo,1,1410,2024-06-04 15:15:00,1,1,0.5501505120677073
rf,gwo,1,1411,2024-06-04 15:20:00,1,1,0.7555710380642411
rf,gwo,1,1412,2024-06-04 15:20:00,1,1,0.7492807430908033
rf,gwo,1,1413,2024-06-04 15:25:00,1,1,0.7318128007549232
rf,gwo,1,1414,2024-06-04 15:25:00,1,1,0.7169049517597965
rf,gwo,1,1415,2024-06-04 15:30:00,1,1,0.7574111364584784
rf,gwo,1,1416,2024-06-04 15:30:00,1,1,0.7577153947476535
rf,gwo,1,1417,2024-06-04 15:35:00,1,1,0.629521558924582
rf,gwo,1,1418,2024-06-04 15:35:00,1,1,0.532425954565489
rf,gwo,1,1419,2024-06-04 15:40:00,1,0,0.3365686749366411
rf,gwo,1,1420,2024-06-04 15:40:00,1,0,0.32392986439332133
rf,gwo,1,1421,2024-06-04 15:45:00,1,1,0.559374128296954
rf,gwo,1,1422,2024-06-04 15:45:00,1,1,0.5380673577018253
rf,gwo,1,1423,2024-06-04 15:50:00,1,0,0.3884950475355328
rf,gwo,1,1424,2024-06-04 15:50:00,1,1,0.546315378824791
rf,gwo,1,1425,2024-06-04 15:55:00,1,0,0.4141946816180135
rf,gwo,1,1426,2024-06-04 15:55:00,1,0,0.4346939921702662
rf,gwo,1,1427,2024-06-04 16:00:00,1,0,0.33437886109776893
rf,gwo,1,1428,2024-06-04 16:00:00,1,0,0.28886245916553044
rf,gwo,1,1429,2024-06-04 16:05:00,1,0,0.34654110752527517
rf,gwo,1,1430,2024-06-04 16:05:00,1,0,0.3007151741896537
rf,gwo,1,1431,2024-06-04 16:10:00,1,0,0.4487444787416438
rf,gwo,1,1432,2024-06-04 16:10:00,1,0,0.46988651320181474
rf,gwo,1,1433,2024-06-04 16:15:00,1,1,0.5763302889783635
rf,gwo,1,1434,2024-06-04 16:15:00,1,1,0.5679773819631766
rf,gwo,1,1435,2024-06-04 16:20:00,1,1,0.6409346174620737
rf,gwo,1,1436,2024-06-04 16:20:00,1,1,0.6263373171014905
rf,gwo,1,1437,2024-06-04 16:25:00,1,1,0.6423676933984643
rf,gwo,1,1438,2024-06-04 16:25:00,1,1,0.6484124507968269
rf,gwo,1,1439,2024-06-04 16:30:00,1,1,0.5911618092719338
rf,gwo,1,1440,2024-06-04 16:30:00,1,1,0.7447752011180747
rf,gwo,1,1441,2024-06-04 16:35:00,1,1,0.54776198003699
rf,gwo,1,1442,2024-06-04 16:35:00,1,1,0.5469288107807434
rf,gwo,1,1443,2024-06-04 16:40:00,1,1,0.6459533106755437
rf,gwo,1,1444,2024-06-04 16:40:00,1,1,0.7336475328608868
rf,gwo,1,1445,2024-06-04 16:45:00,1,1,0.548772846138802
rf,gwo,1,1446,2024-06-04 16:45:00,1,1,0.6047585112006831
rf,gwo,1,1447,2024-06-04 16:50:00,1,1,0.6392565885439255
rf,gwo,1,1448,2024-06-04 16:50:00,1,1,0.6312936360995719
rf,gwo,1,1449,2024-06-04 16:55:00,0,1,0.6473749652965274
rf,gwo,1,1450,2024-06-04 16:55:00,0,1,0.6281212714480697
rf,gwo,1,1451,2024-06-04 17:00:00,0,1,0.638647561188
rf,gwo,1,1452,2024-06-04 17:00:00,0,1,0.5423371026115983
rf,gwo,1,1453,2024-06-04 17:05:00,0,1,0.5073750704421921
rf,gwo,1,1454,2024-06-04 17:05:00,0,1,0.548772846138802
rf,gwo,1,1455,2024-06-04 17:10:00,0,0,0.38496081638341023
rf,gwo,1,1456,2024-06-04 17:10:00,0,0,0.33007547885302246
rf,gwo,1,1457,2024-06-04 17:15:00,0,0,0.3473166485864042
rf,gwo,1,1458,2024-06-04 17:15:00,0,0,0.4136727807236401
rf,gwo,1,1459,2024-06-04 17:20:00,0,0,0.4179263579507442
rf,gwo,1,1460,2024-06-04 17:20:00,0,0,0.3402142816877415
rf,gwo,1,1461,2024-06-04 17:25:00,0,0,0.4327571119827294
rf,gwo,1,1462,2024-06-04 17:25:00,0,0,0.3183191720877055
rf,gwo,1,1463,2024-06-04 17:30:00,0,1,0.6479098783734414
rf,gwo,1,1464,2024-06-04 17:30:00,0,1,0.5636201903334191
rf,gwo,1,1465,2024-06-04 17:35:00,0,1,0.5918631632009024
rf,gwo,1,1466,2024-06-04 17:35:00,0,1,0.5842798340619356
rf,gwo,1,1467,2024-06-04 17:40:00,0,1,0.6310785031536709
rf,gwo,1,1468,2024-06-04 17:40:00,0,1,0.626572820033268
rf,gwo,1,1469,2024-06-04 17:45:00,0,1,0.6127589828142477
rf,gwo,1,1470,2024-06-04 17:45:00,0,1,0.5830990511256131
rf,gwo,1,1471,2024-06-04 17:50:00,0,1,0.5492712193525972
rf,gwo,1,1472,2024-06-04 17:50:00,0,1,0.5383818162597951
rf,gwo,1,1473,2024-06-04 17:55:00,0,1,0.7597707350395714
rf,gwo,1,1474,2024-06-04 17:55:00,0,1,0.7518632755860559
rf,gwo,1,1475,2024-06-05 11:10:00,1,0,0.20067720523317764
rf,gwo,1,1476,2024-06-05 11:10:00,1,0,0.17325950258222483
rf,gwo,1,1477,2024-06-05 11:15:00,1,0,0.1820381105670711
rf,gwo,1,1478,2024-06-05 11:15:00,1,0,0.18151200204471785
rf,gwo,1,1479,2024-06-05 11:20:00,1,1,0.5688590362462769
rf,gwo,1,1480,2024-06-05 11:20:00,1,1,0.570238146329088
rf,gwo,1,1481,2024-06-05 11:25:00,1,1,0.6256447873491063
rf,gwo,1,1482,2024-06-05 11:25:00,1,1,0.6405686841274674
rf,gwo,1,1483,2024-06-05 11:30:00,1,1,0.7563827893970078
rf,gwo,1,1484,2024-06-05 11:30:00,1,1,0.7569438715967166
rf,gwo,1,1485,2024-06-05 11:35:00,1,1,0.7474286099302898
rf,gwo,1,1486,2024-06-05 11:35:00,1,1,0.7553951206438386
rf,gwo,1,1487,2024-06-05 11:40:00,1,1,0.8391951303919765
rf,gwo,1,1488,2024-06-05 11:40:00,0,1,0.8118153720039293
rf,gwo,1,1489,2024-06-05 11:45:00,0,1,0.7106058257875285
rf,gwo,1,1490,2024-06-05 11:45:00,1,1,0.7121363137548011
rf,gwo,1,1491,2024-06-05 11:50:00,1,1,0.6796720492690689
rf,gwo,1,1492,2024-06-05 11:50:00,0,1,0.6283079077430124
rf,gwo,1,1493,2024-06-05 11:55:00,1,1,0.5676592204639354
rf,gwo,1,1494,2024-06-05 11:55:00,0,1,0.5613726962000218
rf,gwo,1,1495,2024-06-05 12:00:00,1,1,0.5729256075698942
rf,gwo,1,1496,2024-06-05 12:00:00,0,1,0.7567766028177146
rf,gwo,1,1497,2024-06-05 12:05:00,0,1,0.5050560794848205
rf,gwo,1,1498,2024-06-05 12:05:00,1,0,0.4868792378917142
rf,gwo,1,1499,2024-06-05 12:10:00,1,0,0.32941577817748957
rf,gwo,1,1500,2024-06-05 12:10:00,0,0,0.32397905846896763
rf,gwo,1,1501,2024-06-05 12:15:00,0,1,0.7446208214312032
rf,gwo,1,1502,2024-06-05 12:15:00,1,1,0.7365770276194826
rf,gwo,1,1503,2024-06-05 12:20:00,0,1,0.7637507039773732
rf,gwo,1,1504,2024-06-05 12:20:00,1,1,0.7647318840016389
rf,gwo,1,1505,2024-06-05 12:25:00,0,1,0.7555361377359173
rf,gwo,1,1506,2024-06-05 12:25:00,0,1,0.7612729554182311
rf,gwo,1,1507,2024-06-05 12:30:00,0,1,0.7575947281985209
rf,gwo,1,1508,2024-06-05 12:30:00,0,1,0.7614416933940692
rf,gwo,1,1509,2024-06-05 12:35:00,0,1,0.5296527492312118
rf,gwo,1,1510,2024-06-05 12:35:00,0,1,0.6517893825422056
rf,gwo,1,1511,2024-06-05 12:40:00,0,1,0.5191074726224132
rf,gwo,1,1512,2024-06-05 12:40:00,0,1,0.5288666962882032
rf,gwo,1,1513,2024-06-05 12:45:00,0,0,0.3229179148084143
rf,gwo,1,1514,2024-06-05 12:45:00,0,0,0.35855817570285387
rf,gwo,1,1515,2024-06-05 12:50:00,0,0,0.28923984036437705
rf,gwo,1,1516,2024-06-05 12:50:00,0,0,0.4339739395213358
rf,gwo,1,1517,2024-06-05 12:55:00,0,0,0.3742506767313947
rf,gwo,1,1518,2024-06-05 12:55:00,0,0,0.42843727862318604
rf,gwo,1,1519,2024-06-05 13:00:00,0,0,0.4352634137178789
rf,gwo,1,1520,2024-06-05 13:00:00,0,0,0.41712822166324376
rf,gwo,1,1521,2024-06-05 13:05:00,0,0,0.33406719249173455
rf,gwo,1,1522,2024-06-05 13:05:00,0,0,0.3449855745438838
rf,gwo,1,1523,2024-06-05 13:10:00,0,0,0.26222759181666716
rf,gwo,1,1524,2024-06-05 13:10:00,0,0,0.3308350555457212
rf,gwo,1,1525,2024-06-05 13:15:00,0,0,0.3202020853096012
rf,gwo,1,1526,2024-06-05 13:15:00,0,0,0.35775061673121755
rf,gwo,1,1527,2024-06-05 13:20:00,0,0,0.35803316135981506
rf,gwo,1,1528,2024-06-05 13:20:00,0,0,0.30582211810610016
rf,gwo,1,1529,2024-06-05 13:25:00,0,0,0.34362414443998435
rf,gwo,1,1530,2024-06-05 13:25:00,0,0,0.34755687844841315
rf,gwo,1,1531,2024-06-05 13:30:00,0,0,0.31635741226888286
rf,gwo,1,1532,2024-06-05 13:30:00,0,0,0.3470976049317984
rf,gwo,1,1533,2024-06-05 13:35:00,0,0,0.4006082523560172
rf,gwo,1,1534,2024-06-05 13:35:00,0,0,0.3467851966729257
rf,gwo,1,1535,2024-06-05 13:40:00,0,0,0.33415531501644274
rf,gwo,1,1536,2024-06-05 13:40:00,0,0,0.444265510437941
rf,gwo,1,1537,2024-06-05 13:45:00,0,0,0.3137790575224366
rf,gwo,1,1538,2024-06-05 13:45:00,0,0,0.35902274976970605
rf,gwo,1,1539,2024-06-05 13:50:00,0,1,0.5927859095373366
rf,gwo,1,1540,2024-06-05 13:50:00,0,1,0.6542088921747002
rf,gwo,1,1541,2024-06-05 13:55:00,0,1,0.5919977810157679
rf,gwo,1,1542,2024-06-05 13:55:00,0,1,0.564496205350642
rf,gwo,1,1543,2024-06-05 14:00:00,0,1,0.621447748867493
rf,gwo,1,1544,2024-06-05 14:00:00,0,1,0.5841973883629875
rf,gwo,1,1545,2024-06-05 14:05:00,0,0,0.45163558610615195
rf,gwo,1,1546,2024-06-05 14:05:00,0,0,0.3701151053131434
rf,gwo,1,1547,2024-06-05 14:10:00,0,0,0.38182437300310124
rf,gwo,1,1548,2024-06-05 14:10:00,0,0,0.35041561872726334
rf,gwo,1,1549,2024-06-05 14:15:00,0,0,0.39292026076957115
rf,gwo,1,1550,2024-06-05 14:15:00,0,0,0.3160804639740177
rf,gwo,1,1551,2024-06-05 14:20:00,0,0,0.462335994198568
rf,gwo,1,1552,2024-06-05 14:20:00,0,0,0.4817758083415615
rf,gwo,1,1553,2024-06-05 14:25:00,0,1,0.6542013174925406
rf,gwo,1,1554,2024-06-05 14:25:00,0,1,0.6335306034164264
rf,gwo,1,1555,2024-06-05 14:30:00,0,1,0.7421036095697253
rf,gwo,1,1556,2024-06-05 14:30:00,0,1,0.7561281952088252
rf,gwo,1,1557,2024-06-05 14:35:00,0,1,0.6461986883293593
rf,gwo,1,1558,2024-06-05 14:35:00,0,1,0.6484552756406646
rf,gwo,1,1559,2024-06-05 14:40:00,0,1,0.7544598399729552
rf,gwo,1,1560,2024-06-05 14:40:00,0,1,0.7481764862253593
rf,gwo,1,1561,2024-06-05 14:45:00,0,1,0.5105723428231387
rf,gwo,1,1562,2024-06-05 14:45:00,0,1,0.556918248858903
rf,gwo,1,1563,2024-06-05 14:50:00,0,0,0.3443687564552202
rf,gwo,1,1564,2024-06-05 14:50:00,0,0,0.33340766041928344
rf,gwo,1,1565,2024-06-05 14:55:00,0,0,0.2859754318918765
rf,gwo,1,1566,2024-06-05 14:55:00,0,0,0.253826005637559
rf,gwo,1,1567,2024-06-05 15:00:00,0,0,0.3201662495285102
rf,gwo,1,1568,2024-06-05 15:00:00,0,0,0.3799183198592625
rf,gwo,1,1569,2024-06-05 15:05:00,0,0,0.34614606336389175
rf,gwo,1,1570,2024-06-05 15:05:00,0,0,0.3380002122592735
rf,gwo,1,1571,2024-06-05 15:10:00,0,0,0.18832375013782282
rf,gwo,1,1572,2024-06-05 15:10:00,0,0,0.16946923130829133
rf,gwo,1,1573,2024-06-05 15:15:00,0,0,0.18819356875991147
rf,gwo,1,1574,2024-06-05 15:15:00,0,0,0.1962260984878321
rf,gwo,1,1575,2024-06-05 15:20:00,0,0,0.31616769175476417
rf,gwo,1,1576,2024-06-05 15:20:00,0,0,0.25010883319903043
rf,gwo,1,1577,2024-06-05 15:25:00,0,0,0.27533080785917735
rf,gwo,1,1578,2024-06-05 15:25:00,0,0,0.2343602342045002
rf,gwo,1,1579,2024-06-05 15:30:00,0,0,0.37358797606778155
rf,gwo,1,1580,2024-06-05 15:30:00,0,0,0.3606020501686972
rf,gwo,1,1581,2024-06-05 15:35:00,1,0,0.30187621680123006
rf,gwo,1,1582,2024-06-05 15:35:00,0,0,0.29512529830978834
rf,gwo,1,1583,2024-06-05 15:40:00,0,0,0.40079679277990776
rf,gwo,1,1584,2024-06-05 15:40:00,1,0,0.3284138081962892
rf,gwo,1,1585,2024-06-05 15:45:00,1,0,0.39563776157743374
rf,gwo,1,1586,2024-06-05 15:45:00,0,0,0.4048660288572176
rf,gwo,1,1587,2024-06-05 15:50:00,1,1,0.5568659409504123
rf,gwo,1,1588,2024-06-05 15:50:00,0,1,0.5824699820505262
rf,gwo,1,1589,2024-06-05 15:55:00,1,1,0.6149809402767549
rf,gwo,1,1590,2024-06-05 15:55:00,0,1,0.6287354844333388
rf,gwo,1,1591,2024-06-05 16:00:00,0,1,0.6795577121854633
rf,gwo,1,1592,2024-06-05 16:00:00,1,1,0.6027379958453538
rf,gwo,1,1593,2024-06-05 16:05:00,0,1,0.6329684281173761
rf,gwo,1,1594,2024-06-05 16:05:00,1,1,0.6190550422835793
rf,gwo,1,1595,2024-06-05 16:10:00,1,0,0.39016682216714055
rf,gwo,1,1596,2024-06-05 16:10:00,1,0,0.43749576159127573
rf,gwo,1,1597,2024-06-05 16:15:00,1,0,0.46168148406864146
rf,gwo,1,1598,2024-06-05 16:15:00,1,0,0.4404010720775412
rf,gwo,1,1599,2024-06-05 16:20:00,1,1,0.6328303983362281
rf,gwo,1,1600,2024-06-05 16:20:00,1,1,0.5767222728821422
rf,gwo,1,1601,2024-06-05 16:25:00,1,1,0.5975921134521593
rf,gwo,1,1602,2024-06-05 16:25:00,1,1,0.5764118439905874
rf,gwo,1,1603,2024-06-05 16:30:00,1,0,0.43853857605183166
rf,gwo,1,1604,2024-06-05 16:30:00,1,0,0.4767169626191174
rf,gwo,1,1605,2024-06-05 16:35:00,1,1,0.6378266422953536
rf,gwo,1,1606,2024-06-05 16:35:00,1,1,0.623668291920532
rf,gwo,1,1607,2024-06-05 16:40:00,1,1,0.5583220142343843
rf,gwo,1,1608,2024-06-05 16:40:00,1,1,0.5615194717861114
rf,gwo,1,1609,2024-06-05 16:45:00,1,1,0.5749011963733051
rf,gwo,1,1610,2024-06-05 16:45:00,1,1,0.6075138555664108
rf,gwo,1,1611,2024-06-05 16:50:00,1,1,0.5643072273487337
rf,gwo,1,1612,2024-06-05 16:50:00,1,1,0.5599180689482124
rf,gwo,1,1613,2024-06-05 16:55:00,0,1,0.7004928612739985
rf,gwo,1,1614,2024-06-05 16:55:00,1,1,0.6771319890432378
rf,gwo,1,1615,2024-06-05 17:00:00,1,1,0.6439894487678914
rf,gwo,1,1616,2024-06-05 17:00:00,0,1,0.6079601934281754
rf,gwo,1,1617,2024-06-05 17:05:00,0,0,0.41542610509895467
rf,gwo,1,1618,2024-06-05 17:05:00,0,0,0.3754153740779997
rf,gwo,1,1619,2024-06-05 17:10:00,1,0,0.4185438925726611
rf,gwo,1,1620,2024-06-05 17:10:00,1,0,0.42807539549181883
rf,gwo,1,1621,2024-06-05 17:15:00,1,1,0.5597388737645401
rf,gwo,1,1622,2024-06-05 17:15:00,1,1,0.5611804701300904
rf,gwo,1,1623,2024-06-05 17:20:00,1,1,0.5589854894851483
rf,gwo,1,1624,2024-06-05 17:20:00,1,1,0.5479650673504607
rf,gwo,1,1625,2024-06-05 17:25:00,1,1,0.6094246824871382
rf,gwo,1,1626,2024-06-05 17:30:00,1,1,0.5487598163952788
rf,gwo,1,1627,2024-06-05 17:30:00,1,1,0.5488533391945115
rf,gwo,1,1628,2024-06-05 17:35:00,1,0,0.40814091484386583
rf,gwo,1,1629,2024-06-05 17:35:00,1,1,0.5824915978779107
rf,gwo,1,1630,2024-06-05 17:40:00,1,0,0.43019073390038354
rf,gwo,1,1631,2024-06-05 17:40:00,1,0,0.34772853578429547
rf,gwo,1,1632,2024-06-05 17:45:00,1,1,0.5628721082059233
rf,gwo,1,1633,2024-06-05 17:45:00,1,1,0.5532494582073688
rf,gwo,1,1634,2024-06-05 17:50:00,1,1,0.5265284499902838
rf,gwo,1,1635,2024-06-05 17:50:00,1,1,0.5565756074139371
rf,gwo,1,1636,2024-06-05 17:55:00,1,1,0.5279383765060653
rf,gwo,1,1637,2024-06-05 17:55:00,1,1,0.6175422373481007
rf,gwo,1,1638,2024-06-06 12:40:00,0,1,0.7654926730783423
rf,gwo,1,1639,2024-06-06 12:40:00,0,1,0.7633824810726737
rf,gwo,1,1640,2024-06-06 12:45:00,0,1,0.6273192678002274
rf,gwo,1,1641,2024-06-06 12:45:00,0,1,0.6333112841843198
rf,gwo,1,1642,2024-06-06 12:50:00,0,1,0.6251735592061273
rf,gwo,1,1643,2024-06-06 12:50:00,0,1,0.617747780447694
rf,gwo,1,1644,2024-06-06 12:55:00,0,1,0.7537018042218074
rf,gwo,1,1645,2024-06-06 12:55:00,0,1,0.7620506457812284
rf,gwo,1,1646,2024-06-06 13:00:00,0,0,0.31001384854137337
rf,gwo,1,1647,2024-06-06 13:00:00,0,0,0.3111142416405304
rf,gwo,1,1648,2024-06-06 13:05:00,0,0,0.27982185088482886
rf,gwo,1,1649,2024-06-06 13:05:00,0,0,0.2631253144135654
rf,gwo,1,1650,2024-06-06 13:10:00,0,0,0.27768151667035573
rf,gwo,1,1651,2024-06-06 13:10:00,0,0,0.2887415361347985
rf,gwo,1,1652,2024-06-06 13:15:00,0,0,0.3686323376519755
rf,gwo,1,1653,2024-06-06 13:15:00,0,0,0.3906961248422816
rf,gwo,1,1654,2024-06-06 13:20:00,0,0,0.34631690685478167
rf,gwo,1,1655,2024-06-06 13:20:00,0,0,0.3878286469714872
rf,gwo,1,1656,2024-06-06 13:25:00,0,0,0.41008486882342626
rf,gwo,1,1657,2024-06-06 13:25:00,0,0,0.41576052188967033
rf,gwo,1,1658,2024-06-06 13:30:00,0,0,0.3253954630796072
rf,gwo,1,1659,2024-06-06 13:30:00,0,0,0.3336762150932175
rf,gwo,1,1660,2024-06-06 13:35:00,0,0,0.27793877878925205
rf,gwo,1,1661,2024-06-06 13:35:00,0,0,0.32357400478366666
rf,gwo,1,1662,2024-06-06 13:40:00,1,0,0.25297237888528795
rf,gwo,1,1663,2024-06-06 13:40:00,0,0,0.2521909803210185
rf,gwo,1,1664,2024-06-06 13:45:00,1,0,0.2983830669358184
rf,gwo,1,1665,2024-06-06 13:45:00,1,0,0.2894723293280189
rf,gwo,1,1666,2024-06-06 13:50:00,1,0,0.40333323430256685
rf,gwo,1,1667,2024-06-06 13:50:00,1,0,0.38970735539830037
rf,gwo,1,1668,2024-06-06 13:55:00,1,0,0.4729873008484344
rf,gwo,1,1669,2024-06-06 13:55:00,1,0,0.4779142135299896
rf,gwo,1,1670,2024-06-06 14:00:00,1,1,0.6396276838333123
rf,gwo,1,1671,2024-06-06 14:00:00,1,1,0.6343357922331659
rf,gwo,1,1672,2024-06-06 14:05:00,1,1,0.6385283652060594
rf,gwo,1,1673,2024-06-06 14:05:00,1,1,0.6018783434889142
rf,gwo,1,1674,2024-06-06 14:10:00,1,1,0.5922544201489012
rf,gwo,1,1675,2024-06-06 14:10:00,1,1,0.563699702783722
rf,gwo,1,1676,2024-06-06 14:15:00,1,1,0.6384161863454797
rf,gwo,1,1677,2024-06-06 14:15:00,1,1,0.6440137749509736
rf,gwo,1,1678,2024-06-06 14:20:00,1,1,0.7575946417188184
rf,gwo,1,1679,2024-06-06 14:20:00,1,1,0.7559716067391137
rf,gwo,1,1680,2024-06-06 14:25:00,1,1,0.7706964255330161
rf,gwo,1,1681,2024-06-06 14:25:00,1,1,0.7587720348202781
rf,gwo,1,1682,2024-06-06 14:30:00,1,1,0.7864322526134896
rf,gwo,1,1683,2024-06-06 14:30:00,1,1,0.780191786162008
rf,gwo,1,1684,2024-06-06 14:35:00,1,1,0.7911406839810587
rf,gwo,1,1685,2024-06-06 14:35:00,1,1,0.7982377801784367
rf,gwo,1,1686,2024-06-06 14:40:00,1,1,0.7617308095345685
rf,gwo,1,1687,2024-06-06 14:40:00,0,1,0.7850998607174203
rf,gwo,1,1688,2024-06-06 14:45:00,0,1,0.5251940264940317
rf,gwo,1,1689,2024-06-06 14:45:00,1,0,0.48119115330322465
rf,gwo,1,1690,2024-06-06 14:50:00,0,0,0.33107650600688515
rf,gwo,1,1691,2024-06-06 14:50:00,1,0,0.33563608691427116
rf,gwo,1,1692,2024-06-06 14:55:00,0,0,0.268657879497346
rf,gwo,1,1693,2024-06-06 14:55:00,1,0,0.2815442135028055
rf,gwo,1,1694,2024-06-06 15:00:00,1,0,0.35799080719553933
rf,gwo,1,1695,2024-06-06 15:00:00,0,0,0.3100539787460714
rf,gwo,1,1696,2024-06-06 15:05:00,1,0,0.18168683653420506
rf,gwo,1,1697,2024-06-06 15:05:00,1,0,0.2755210313969758
rf,gwo,1,1698,2024-06-06 15:10:00,1,0,0.1762289464878228
rf,gwo,1,1699,2024-06-06 15:10:00,1,0,0.1721110695424182
rf,gwo,1,1700,2024-06-06 15:15:00,1,0,0.3991590169384183
rf,gwo,1,1701,2024-06-06 15:15:00,1,0,0.4008762514638419
rf,gwo,1,1702,2024-06-06 15:20:00,1,1,0.603533717122579
rf,gwo,1,1703,2024-06-06 15:20:00,1,1,0.6067344402406816
rf,gwo,1,1704,2024-06-06 15:25:00,1,1,0.6203931896100728
rf,gwo,1,1705,2024-06-06 15:25:00,1,1,0.6240506629436687
rf,gwo,1,1706,2024-06-06 15:30:00,1,1,0.6274729449018182
rf,gwo,1,1707,2024-06-06 15:30:00,1,1,0.6368739388234579
rf,gwo,1,1708,2024-06-06 15:35:00,1,1,0.6081119340405263
rf,gwo,1,1709,2024-06-06 15:35:00,1,1,0.7484978807197316
rf,gwo,1,1710,2024-06-06 15:40:00,1,1,0.7407568528779223
rf,gwo,1,1711,2024-06-06 15:40:00,1,1,0.7426217629738284
rf,gwo,1,1712,2024-06-06 15:45:00,1,1,0.7360735834559681
rf,gwo,1,1713,2024-06-06 15:45:00,1,1,0.7752138531828585
rf,gwo,1,1714,2024-06-06 15:50:00,1,1,0.5443350612818194
rf,gwo,1,1715,2024-06-06 15:50:00,1,1,0.5432418832896575
rf,gwo,1,1716,2024-06-06 15:55:00,1,0,0.41987542963259217
rf,gwo,1,1717,2024-06-06 15:55:00,1,0,0.4361883854242879
rf,gwo,1,1718,2024-06-06 16:00:00,1,0,0.318837107668278
rf,gwo,1,1719,2024-06-06 16:00:00,1,0,0.30133909743238657
rf,gwo,1,1720,2024-06-06 16:05:00,1,0,0.3164387802581739
rf,gwo,1,1721,2024-06-06 16:05:00,1,0,0.288247161709402
rf,gwo,1,1722,2024-06-06 16:10:00,1,0,0.3199841722627046
rf,gwo,1,1723,2024-06-06 16:10:00,1,0,0.2906916112737108
rf,gwo,1,1724,2024-06-06 16:15:00,1,0,0.3328971373079185
rf,gwo,1,1725,2024-06-06 16:15:00,1,0,0.3673300460294624
rf,gwo,1,1726,2024-06-06 16:20:00,1,0,0.29845241391850924
rf,gwo,1,1727,2024-06-06 16:20:00,1,0,0.3147165822085889
rf,gwo,1,1728,2024-06-06 16:25:00,1,0,0.31337814212054405
rf,gwo,1,1729,2024-06-06 16:25:00,1,0,0.3519969561219992
rf,gwo,1,1730,2024-06-06 16:30:00,1,0,0.3127222607847679
rf,gwo,1,1731,2024-06-06 16:30:00,1,0,0.3460543807583485
rf,gwo,1,1732,2024-06-06 16:35:00,1,0,0.48276594921132154
rf,gwo,1,1733,2024-06-06 16:35:00,1,0,0.46985760136954763
rf,gwo,1,1734,2024-06-06 16:40:00,1,1,0.6278270689856329
rf,gwo,1,1735,2024-06-06 16:40:00,1,1,0.6401382050309923
rf,gwo,1,1736,2024-06-06 16:45:00,1,1,0.7488267734062499
rf,gwo,1,1737,2024-06-06 16:45:00,1,1,0.7590290683201258
rf,gwo,1,1738,2024-06-06 16:50:00,1,1,0.7776106023246288
rf,gwo,1,1739,2024-06-06 16:50:00,1,1,0.7705717899592799
rf,gwo,1,1740,2024-06-06 16:55:00,0,1,0.8025226634843371
rf,gwo,1,1741,2024-06-06 16:55:00,0,1,0.7811995425199446
rf,gwo,1,1742,2024-06-06 17:00:00,0,1,0.7736060195976416
rf,gwo,1,1743,2024-06-06 17:00:00,0,1,0.7336092397979893
rf,gwo,1,1744,2024-06-06 17:05:00,0,1,0.5555902649106121
rf,gwo,1,1745,2024-06-06 17:05:00,0,1,0.54554153627645
rf,gwo,1,1746,2024-06-06 17:10:00,0,1,0.5399860756770393
rf,gwo,1,1747,2024-06-06 17:10:00,0,1,0.5355632018936246
rf,gwo,1,1748,2024-06-06 17:15:00,0,1,0.6320839222652298
rf,gwo,1,1749,2024-06-06 17:15:00,0,1,0.6379104278140957
rf,gwo,1,1750,2024-06-06 17:20:00,0,1,0.5464276899621084
rf,gwo,1,1751,2024-06-06 17:20:00,0,1,0.5481530347245512
rf,gwo,1,1752,2024-06-06 17:25:00,0,1,0.5032342954030056
rf,gwo,1,1753,2024-06-06 17:25:00,0,1,0.5433464903007019
rf,gwo,1,1754,2024-06-06 17:30:00,0,1,0.6578896279936385
rf,gwo,1,1755,2024-06-06 17:30:00,0,1,0.5501013628598279
rf,gwo,1,1756,2024-06-06 17:35:00,0,1,0.6423644265938485
rf,gwo,1,1757,2024-06-06 17:35:00,0,1,0.5598260432495117
rf,gwo,1,1758,2024-06-06 17:40:00,0,1,0.5016755036582398
rf,gwo,1,1759,2024-06-06 17:40:00,0,1,0.5064319809196949
rf,gwo,1,1760,2024-06-06 17:45:00,0,0,0.452270956294584
rf,gwo,1,1761,2024-06-06 17:45:00,0,0,0.44176388932677113
rf,gwo,1,1762,2024-06-06 17:50:00,0,1,0.5360996084713613
rf,gwo,1,1763,2024-06-06 17:50:00,0,1,0.547634858236892
rf,gwo,1,1764,2024-06-06 17:55:00,0,0,0.42407514422066195
rf,gwo,1,1765,2024-06-06 17:55:00,1,1,0.5552272238309975
rf,gwo,1,1766,2024-06-07 17:10:00,1,0,0.48019515749742303
rf,gwo,1,1767,2024-06-07 17:15:00,1,0,0.35536472594999674
rf,gwo,1,1768,2024-06-07 17:20:00,1,1,0.6525465540971269
rf,gwo,1,1769,2024-06-07 17:25:00,1,1,0.6479180764242011
rf,gwo,1,1770,2024-06-07 17:30:00,1,1,0.5627433932823976
rf,gwo,1,1771,2024-06-07 17:35:00,1,1,0.6323759080719136
rf,gwo,1,1772,2024-06-07 17:40:00,1,0,0.45376994671169957
rf,gwo,1,1773,2024-06-07 17:45:00,1,0,0.3081792146220961
rf,gwo,1,1774,2024-06-07 17:50:00,1,0,0.4013023778792431
rf,gwo,1,1775,2024-06-07 17:55:00,1,0,0.4627045927275641
rf,gwo,1,1776,2024-06-10 10:40:00,1,1,0.7163153125724551
rf,gwo,1,1777,2024-06-10 10:45:00,1,1,0.7763826290803781
rf,gwo,1,1778,2024-06-10 10:50:00,1,1,0.7202800918463893
rf,gwo,1,1779,2024-06-10 10:55:00,1,1,0.7543642593003331
rf,gwo,1,1780,2024-06-10 11:00:00,1,0,0.4895114685532217
rf,gwo,1,1781,2024-06-10 11:05:00,1,0,0.47381590573808413
rf,gwo,1,1782,2024-06-10 11:10:00,1,1,0.5309644210748133
rf,gwo,1,1783,2024-06-10 11:15:00,1,1,0.7608696354826979
rf,gwo,1,1784,2024-06-10 11:20:00,1,1,0.7312424961955424
rf,gwo,1,1785,2024-06-10 11:25:00,1,1,0.7633660739764966
rf,gwo,1,1786,2024-06-10 11:30:00,1,1,0.628610042710826
rf,gwo,1,1787,2024-06-10 11:35:00,1,1,0.527349907923235
rf,gwo,1,1788,2024-06-10 11:40:00,1,1,0.6311212302416073
rf,gwo,1,1789,2024-06-10 11:45:00,1,1,0.7395303243081028
rf,gwo,1,1790,2024-06-10 11:50:00,0,1,0.7543469144534509
rf,gwo,1,1791,2024-06-10 11:50:00,0,1,0.7553739081978648
rf,gwo,1,1792,2024-06-10 11:55:00,0,0,0.4453474786678828
rf,gwo,1,1793,2024-06-10 11:55:00,0,0,0.4934664479141213
rf,gwo,1,1794,2024-06-10 12:00:00,0,0,0.3160520137222179
rf,gwo,1,1795,2024-06-10 12:00:00,0,0,0.31676659170616317
rf,gwo,1,1796,2024-06-10 12:05:00,0,0,0.43131049499233354
rf,gwo,1,1797,2024-06-10 12:05:00,0,0,0.35924635988735987
rf,gwo,1,1798,2024-06-10 12:10:00,0,0,0.36148787107299823
rf,gwo,1,1799,2024-06-10 12:10:00,0,0,0.36264008926120056
rf,gwo,1,1800,2024-06-10 12:15:00,0,0,0.4455064542064594
rf,gwo,1,1801,2024-06-10 12:15:00,0,0,0.4404295264515976
rf,gwo,1,1802,2024-06-10 12:20:00,0,0,0.4429520099531591
rf,gwo,1,1803,2024-06-10 12:20:00,0,0,0.44656135296952465
rf,gwo,1,1804,2024-06-10 12:25:00,0,0,0.41862861711939686
rf,gwo,1,1805,2024-06-10 12:25:00,0,0,0.4531955737211233
rf,gwo,1,1806,2024-06-10 12:30:00,0,0,0.3434564504795765
rf,gwo,1,1807,2024-06-10 12:30:00,0,0,0.34306374224351627
rf,gwo,1,1808,2024-06-10 12:35:00,0,0,0.3927746838450602
rf,gwo,1,1809,2024-06-10 12:35:00,0,0,0.37638074137029504
rf,gwo,1,1810,2024-06-10 12:40:00,0,0,0.4672063981910729
rf,gwo,1,1811,2024-06-10 12:40:00,0,0,0.4779770159860108
rf,gwo,1,1812,2024-06-10 12:45:00,0,0,0.4490785789223647
rf,gwo,1,1813,2024-06-10 12:45:00,0,0,0.4433462661061375
rf,gwo,1,1814,2024-06-10 12:50:00,1,0,0.3576345241087815
rf,gwo,1,1815,2024-06-10 12:50:00,0,0,0.37621480834333476
rf,gwo,1,1816,2024-06-10 12:55:00,1,0,0.4806246164333317
rf,gwo,1,1817,2024-06-10 12:55:00,0,0,0.4827675132983237
rf,gwo,1,1818,2024-06-10 13:00:00,1,1,0.5949492897670448
rf,gwo,1,1819,2024-06-10 13:00:00,0,1,0.5758525073614448
rf,gwo,1,1820,2024-06-10 13:05:00,1,1,0.6479272480377722
rf,gwo,1,1821,2024-06-10 13:05:00,0,1,0.6511940225548787
rf,gwo,1,1822,2024-06-10 13:10:00,0,1,0.7651790324425999
rf,gwo,1,1823,2024-06-10 13:10:00,0,1,0.6449794600958442
rf,gwo,1,1824,2024-06-10 13:15:00,0,1,0.5822900918022671
rf,gwo,1,1825,2024-06-10 13:15:00,0,1,0.5670249412101717
rf,gwo,1,1826,2024-06-10 13:20:00,0,1,0.5617399194466991
rf,gwo,1,1827,2024-06-10 13:20:00,0,1,0.5604212448007035
rf,gwo,1,1828,2024-06-10 13:25:00,0,0,0.4337335599330473
rf,gwo,1,1829,2024-06-10 13:25:00,0,0,0.43169740909786597
rf,gwo,1,1830,2024-06-10 13:30:00,0,0,0.395352371095436
rf,gwo,1,1831,2024-06-10 13:30:00,0,0,0.3911799906601644
rf,gwo,1,1832,2024-06-10 13:35:00,0,0,0.44090666448336446
rf,gwo,1,1833,2024-06-10 13:35:00,0,0,0.43573386226121874
rf,gwo,1,1834,2024-06-10 13:40:00,0,1,0.6138543446810687
rf,gwo,1,1835,2024-06-10 13:40:00,0,1,0.6203684592461165
rf,gwo,1,1836,2024-06-10 13:45:00,0,0,0.44096312614348826
rf,gwo,1,1837,2024-06-10 13:45:00,0,0,0.4368234526327924
rf,gwo,1,1838,2024-06-10 13:50:00,0,0,0.4412458556838752
rf,gwo,1,1839,2024-06-10 13:50:00,0,0,0.44015039553579155
rf,gwo,1,1840,2024-06-10 13:55:00,0,1,0.5825553534058994
rf,gwo,1,1841,2024-06-10 13:55:00,0,1,0.5939575747148929
rf,gwo,1,1842,2024-06-10 14:00:00,0,1,0.6505757803102217
rf,gwo,1,1843,2024-06-10 14:00:00,0,1,0.6478754278817643
rf,gwo,1,1844,2024-06-10 14:05:00,0,1,0.6424160617015084
rf,gwo,1,1845,2024-06-10 14:05:00,0,1,0.6472892678294222
rf,gwo,1,1846,2024-06-10 14:10:00,0,0,0.4441191428425609
rf,gwo,1,1847,2024-06-10 14:10:00,0,0,0.4437302805785248
rf,gwo,1,1848,2024-06-10 14:15:00,0,0,0.410144367410472
rf,gwo,1,1849,2024-06-10 14:15:00,0,0,0.41360538050674156
rf,gwo,1,1850,2024-06-10 14:20:00,0,0,0.36618309458481413
rf,gwo,1,1851,2024-06-10 14:20:00,0,0,0.3408740154851759
rf,gwo,1,1852,2024-06-10 14:25:00,0,0,0.40201136840257784
rf,gwo,1,1853,2024-06-10 14:25:00,0,0,0.399199489822976
rf,gwo,1,1854,2024-06-10 14:30:00,0,0,0.45821261419944914
rf,gwo,1,1855,2024-06-10 14:30:00,0,0,0.4656278126211435
rf,gwo,1,1856,2024-06-10 14:35:00,0,0,0.44576358406695993
rf,gwo,1,1857,2024-06-10 14:35:00,0,1,0.5819682236080498
rf,gwo,1,1858,2024-06-10 14:40:00,0,1,0.6337523935861487
rf,gwo,1,1859,2024-06-10 14:40:00,0,1,0.6356603244168323
rf,gwo,1,1860,2024-06-10 14:45:00,0,1,0.6349895860361234
rf,gwo,1,1861,2024-06-10 14:45:00,0,1,0.6353268375091767
rf,gwo,1,1862,2024-06-10 14:50:00,0,1,0.5593717533481076
rf,gwo,1,1863,2024-06-10 14:50:00,0,1,0.5606792134226599
rf,gwo,1,1864,2024-06-10 14:55:00,0,0,0.3989349516161956
rf,gwo,1,1865,2024-06-10 14:55:00,0,0,0.39249019587849665
rf,gwo,1,1866,2024-06-10 15:00:00,0,0,0.37729012336434714
rf,gwo,1,1867,2024-06-10 15:00:00,0,0,0.3363772738176807
rf,gwo,1,1868,2024-06-10 15:05:00,0,0,0.2887027317403348
rf,gwo,1,1869,2024-06-10 15:05:00,0,0,0.33551838041480686
rf,gwo,1,1870,2024-06-10 15:10:00,0,0,0.28286733005160314
rf,gwo,1,1871,2024-06-10 15:10:00,0,0,0.28761546335943156
rf,gwo,1,1872,2024-06-10 15:15:00,0,0,0.34509108176650083
rf,gwo,1,1873,2024-06-10 15:15:00,0,0,0.35447768286344405
rf,gwo,1,1874,2024-06-10 15:20:00,1,0,0.37544451565460957
rf,gwo,1,1875,2024-06-10 15:20:00,1,0,0.3874837535468321
rf,gwo,1,1876,2024-06-10 15:25:00,1,0,0.41309562379569786
rf,gwo,1,1877,2024-06-10 15:25:00,1,0,0.47995811619021417
rf,gwo,1,1878,2024-06-10 15:30:00,1,0,0.472363297714177
rf,gwo,1,1879,2024-06-10 15:30:00,1,0,0.474491532059555
rf,gwo,1,1880,2024-06-10 15:35:00,1,1,0.7371042498943524
rf,gwo,1,1881,2024-06-10 15:35:00,1,1,0.7304693843533873
rf,gwo,1,1882,2024-06-10 15:40:00,0,1,0.7589753225086201
rf,gwo,1,1883,2024-06-10 15:40:00,0,1,0.76058559601511
rf,gwo,1,1884,2024-06-10 15:45:00,0,1,0.7646433944802511
rf,gwo,1,1885,2024-06-10 15:45:00,0,1,0.7651714589425257
rf,gwo,1,1886,2024-06-10 15:50:00,0,1,0.7606136480213667
rf,gwo,1,1887,2024-06-10 15:50:00,0,1,0.7577977852352433
rf,gwo,1,1888,2024-06-10 15:55:00,0,1,0.6379227615770809
rf,gwo,1,1889,2024-06-10 15:55:00,0,1,0.5466300877200447
rf,gwo,1,1890,2024-06-10 16:00:00,0,1,0.5434194336045757
rf,gwo,1,1891,2024-06-10 16:00:00,0,1,0.54218165497711
rf,gwo,1,1892,2024-06-10 16:05:00,0,0,0.4247184906189541
rf,gwo,1,1893,2024-06-10 16:05:00,0,0,0.4247184906189541
rf,gwo,1,1894,2024-06-10 16:10:00,0,1,0.5299977098459694
rf,gwo,1,1895,2024-06-10 16:10:00,0,1,0.5362651472200783
rf,gwo,1,1896,2024-06-10 16:15:00,0,1,0.5471560353711671
rf,gwo,1,1897,2024-06-10 16:15:00,0,1,0.5462145240858137
rf,gwo,1,1898,2024-06-10 16:20:00,0,1,0.5535327789354099
rf,gwo,1,1899,2024-06-10 16:20:00,0,1,0.5511469712135172
rf,gwo,1,1900,2024-06-10 16:25:00,0,0,0.3604700412827393
rf,gwo,1,1901,2024-06-10 16:25:00,0,0,0.41553030957653003
rf,gwo,1,1902,2024-06-10 16:30:00,0,0,0.3961935218034023
rf,gwo,1,1903,2024-06-10 16:30:00,0,0,0.37141469969259583
rf,gwo,1,1904,2024-06-10 16:35:00,0,0,0.3628321620242565
rf,gwo,1,1905,2024-06-10 16:35:00,0,0,0.31192768745392635
rf,gwo,1,1906,2024-06-10 16:40:00,0,1,0.6155572388724807
rf,gwo,1,1907,2024-06-10 16:40:00,0,1,0.6056010823951506
rf,gwo,1,1908,2024-06-10 16:45:00,0,0,0.44497476127193847
rf,gwo,1,1909,2024-06-10 16:45:00,0,0,0.438240662810409
rf,gwo,1,1910,2024-06-10 16:50:00,0,0,0.425325630872954
rf,gwo,1,1911,2024-06-10 16:50:00,0,0,0.3675926903858241
rf,gwo,1,1912,2024-06-10 16:55:00,0,0,0.43362408226270804
rf,gwo,1,1913,2024-06-10 16:55:00,0,0,0.42910594108243455
rf,gwo,1,1914,2024-06-10 17:00:00,0,0,0.44348836130934255
rf,gwo,1,1915,2024-06-10 17:00:00,1,0,0.45651182320065076
rf,gwo,1,1916,2024-06-10 17:05:00,1,0,0.436406662545287
rf,gwo,1,1917,2024-06-10 17:05:00,0,0,0.4439808154239135
rf,gwo,1,1918,2024-06-10 17:10:00,1,1,0.5924923285979239
rf,gwo,1,1919,2024-06-10 17:10:00,0,1,0.5813982155226071
rf,gwo,1,1920,2024-06-10 17:15:00,1,0,0.43718341670169153
rf,gwo,1,1921,2024-06-10 17:15:00,1,0,0.4380562853554344
rf,gwo,1,1922,2024-06-10 17:20:00,1,1,0.5655330717087551
rf,gwo,1,1923,2024-06-10 17:20:00,1,1,0.5670702142199725
rf,gwo,1,1924,2024-06-10 17:25:00,1,1,0.6484821244110068
rf,gwo,1,1925,2024-06-10 17:25:00,1,1,0.6440172829480582
rf,gwo,1,1926,2024-06-10 17:30:00,1,1,0.6446211044264588
rf,gwo,1,1927,2024-06-10 17:30:00,1,1,0.6390589734619969
rf,gwo,1,1928,2024-06-10 17:35:00,1,1,0.6263078163131103
rf,gwo,1,1929,2024-06-10 17:35:00,1,1,0.6804101655280912
rf,gwo,1,1930,2024-06-10 17:40:00,1,1,0.6206840901900569
rf,gwo,1,1931,2024-06-10 17:40:00,1,1,0.6236400940408391
rf,gwo,1,1932,2024-06-10 17:45:00,1,1,0.6303610074797047
rf,gwo,1,1933,2024-06-10 17:45:00,1,1,0.5571589295093234
rf,gwo,1,1934,2024-06-10 17:50:00,1,1,0.5406433048246045
rf,gwo,1,1935,2024-06-10 17:50:00,1,1,0.5451548068264354
rf,gwo,1,1936,2024-06-10 17:55:00,0,1,0.5486237628539389
rf,gwo,1,1937,2024-06-10 17:55:00,0,1,0.5521264792843457
rf,gwo,1,1938,2024-06-12 10:40:00,0,0,0.14874312462329936
rf,gwo,1,1939,2024-06-12 10:40:00,0,0,0.15043872961516047
rf,gwo,1,1940,2024-06-12 10:45:00,0,0,0.1399891963805502
rf,gwo,1,1941,2024-06-12 10:45:00,0,0,0.13905335635117125
rf,gwo,1,1942,2024-06-12 10:50:00,0,0,0.14912715672954946
rf,gwo,1,1943,2024-06-12 10:50:00,0,0,0.14826681072914502
rf,gwo,1,1944,2024-06-12 10:55:00,0,0,0.13194721327072959
rf,gwo,1,1945,2024-06-12 10:55:00,0,0,0.1305887106624864
rf,gwo,1,1946,2024-06-12 11:00:00,1,0,0.15210998399534964
rf,gwo,1,1947,2024-06-12 11:00:00,0,0,0.15210998399534964
rf,gwo,1,1948,2024-06-12 11:05:00,0,0,0.14913635130841274
rf,gwo,1,1949,2024-06-12 11:05:00,1,0,0.14863074673582252
rf,gwo,1,1950,2024-06-12 11:10:00,1,0,0.15676852010277004
rf,gwo,1,1951,2024-06-12 11:10:00,1,0,0.14273294623064645
rf,gwo,1,1952,2024-06-12 11:15:00,1,0,0.38562458020529405
rf,gwo,1,1953,2024-06-12 11:15:00,1,0,0.38715731852553553
rf,gwo,1,1954,2024-06-12 11:20:00,1,1,0.5403195697442648
rf,gwo,1,1955,2024-06-12 11:20:00,1,1,0.5338050703439821
rf,gwo,1,1956,2024-06-12 11:25:00,1,1,0.691151082437173
rf,gwo,1,1957,2024-06-12 11:25:00,1,1,0.694279522351856
rf,gwo,1,1958,2024-06-12 11:30:00,1,1,0.608114138292202
rf,gwo,1,1959,2024-06-12 11:30:00,1,1,0.6148296693693188
rf,gwo,1,1960,2024-06-12 11:35:00,1,1,0.5410091384293151
rf,gwo,1,1961,2024-06-12 11:35:00,1,1,0.5536505021858772
rf,gwo,1,1962,2024-06-12 11:40:00,1,0,0.49011347591474225
rf,gwo,1,1963,2024-06-12 11:40:00,1,0,0.4980162635333179
rf,gwo,1,1964,2024-06-12 11:45:00,1,0,0.4275783136528336
rf,gwo,1,1965,2024-06-12 11:45:00,1,0,0.431141275428158
rf,gwo,1,1966,2024-06-12 11:50:00,1,0,0.48536908302343384
rf,gwo,1,1967,2024-06-12 11:50:00,1,0,0.4938995995941589
rf,gwo,1,1968,2024-06-12 11:55:00,1,0,0.4936594501780501
rf,gwo,1,1969,2024-06-12 11:55:00,1,0,0.4898141165275407
rf,gwo,1,1970,2024-06-12 12:00:00,1,0,0.3905617178063791
rf,gwo,1,1971,2024-06-12 12:00:00,1,0,0.393294467564685
rf,gwo,1,1972,2024-06-12 12:05:00,1,0,0.3721149874087342
rf,gwo,1,1973,2024-06-12 12:05:00,1,0,0.37069881599619725
rf,gwo,1,1974,2024-06-12 12:10:00,1,0,0.3534337281543335
rf,gwo,1,1975,2024-06-12 12:10:00,1,0,0.3715687336684936
rf,gwo,1,1976,2024-06-12 12:15:00,1,0,0.3726578221886125
rf,gwo,1,1977,2024-06-12 12:15:00,1,0,0.373170113476046
rf,gwo,1,1978,2024-06-12 12:20:00,1,1,0.5179193611536538
rf,gwo,1,1979,2024-06-12 12:20:00,1,1,0.5244855038771173
rf,gwo,1,1980,2024-06-12 12:25:00,1,1,0.7331915922650222
rf,gwo,1,1981,2024-06-12 12:25:00,1,1,0.7350560542454306
rf,gwo,1,1982,2024-06-12 12:30:00,1,1,0.7102473376815169
rf,gwo,1,1983,2024-06-12 12:30:00,1,1,0.7423654172586978
rf,gwo,1,1984,2024-06-12 12:35:00,1,1,0.7589548648273894
rf,gwo,1,1985,2024-06-12 12:35:00,1,1,0.744834285983595
rf,gwo,1,1986,2024-06-12 12:40:00,1,1,0.7370790724935444
rf,gwo,1,1987,2024-06-12 12:40:00,1,1,0.747877423580813
rf,gwo,1,1988,2024-06-12 12:45:00,1,1,0.7570325297074422
rf,gwo,1,1989,2024-06-12 12:45:00,1,1,0.7495209007703902
rf,gwo,1,1990,2024-06-12 12:50:00,1,1,0.7478783956048034
rf,gwo,1,1991,2024-06-12 12:50:00,1,1,0.7526129911323993
rf,gwo,1,1992,2024-06-12 12:55:00,1,1,0.6447885210895862
rf,gwo,1,1993,2024-06-12 12:55:00,1,1,0.6494939441571677
rf,gwo,1,1994,2024-06-12 13:00:00,1,1,0.7529280352526583
rf,gwo,1,1995,2024-06-12 13:00:00,1,1,0.7460363884950281
rf,gwo,1,1996,2024-06-12 13:05:00,1,0,0.3619632567888209
rf,gwo,1,1997,2024-06-12 13:05:00,1,0,0.39463070083948365
rf,gwo,1,1998,2024-06-12 13:10:00,1,0,0.35653662308662387
rf,gwo,1,1999,2024-06-12 13:10:00,1,0,0.3562135436025001
rf,gwo,1,2000,2024-06-12 13:15:00,1,0,0.43275485213492526
rf,gwo,1,2001,2024-06-12 13:15:00,1,0,0.4286996000832985
rf,gwo,1,2002,2024-06-12 13:20:00,1,1,0.5625837844433661
rf,gwo,1,2003,2024-06-12 13:20:00,1,1,0.5410678586778139
rf,gwo,1,2004,2024-06-12 13:25:00,1,1,0.7468035421012623
rf,gwo,1,2005,2024-06-12 13:25:00,1,1,0.7457644565781558
rf,gwo,1,2006,2024-06-12 13:30:00,1,1,0.7683698600607489
rf,gwo,1,2007,2024-06-12 13:30:00,1,1,0.7643336998757299
rf,gwo,1,2008,2024-06-12 13:35:00,1,1,0.7537663573501399
rf,gwo,1,2009,2024-06-12 13:35:00,1,1,0.771711067208064
rf,gwo,1,2010,2024-06-12 13:40:00,1,1,0.7783311777867326
rf,gwo,1,2011,2024-06-12 13:40:00,1,1,0.7858143511069197
rf,gwo,1,2012,2024-06-12 13:45:00,1,1,0.7612651616895473
rf,gwo,1,2013,2024-06-12 13:45:00,1,1,0.7624774324201905
rf,gwo,1,2014,2024-06-12 13:50:00,0,1,0.7558389183021772
rf,gwo,1,2015,2024-06-12 13:50:00,1,1,0.722881911343572
rf,gwo,1,2016,2024-06-12 13:55:00,1,1,0.5174568066440275
rf,gwo,1,2017,2024-06-12 13:55:00,0,1,0.6215295235400857
rf,gwo,1,2018,2024-06-12 14:00:00,0,0,0.32287676811931604
rf,gwo,1,2019,2024-06-12 14:00:00,1,0,0.32932470781072526
rf,gwo,1,2020,2024-06-12 14:05:00,0,0,0.27808585121660734
rf,gwo,1,2021,2024-06-12 14:05:00,1,0,0.21577024991476468
rf,gwo,1,2022,2024-06-12 14:10:00,0,0,0.3206101845987375
rf,gwo,1,2023,2024-06-12 14:10:00,1,0,0.2501724736001032
rf,gwo,1,2024,2024-06-12 14:15:00,1,0,0.26983309630880153
rf,gwo,1,2025,2024-06-12 14:15:00,0,0,0.361606824905987
rf,gwo,1,2026,2024-06-12 14:20:00,1,0,0.4901763779171884
rf,gwo,1,2027,2024-06-12 14:20:00,0,1,0.5968179404002877
rf,gwo,1,2028,2024-06-12 14:25:00,1,1,0.5821778459976128
rf,gwo,1,2029,2024-06-12 14:25:00,0,1,0.581150436246845
rf,gwo,1,2030,2024-06-12 14:30:00,0,1,0.6491053048512995
rf,gwo,1,2031,2024-06-12 14:30:00,1,1,0.6382028876646588
rf,gwo,1,2032,2024-06-12 14:35:00,0,1,0.7330549079559141
rf,gwo,1,2033,2024-06-12 14:35:00,1,1,0.7482835903811004
rf,gwo,1,2034,2024-06-12 14:40:00,1,1,0.7609607092239081
rf,gwo,1,2035,2024-06-12 14:40:00,0,1,0.7489365023680288
rf,gwo,1,2036,2024-06-12 14:45:00,0,1,0.7573495714042837
rf,gwo,1,2037,2024-06-12 14:45:00,0,1,0.7559561818828854
rf,gwo,1,2038,2024-06-12 14:50:00,0,1,0.7358422227033302
rf,gwo,1,2039,2024-06-12 14:50:00,0,1,0.748672603925432
rf,gwo,1,2040,2024-06-12 14:55:00,0,1,0.6359210464924879
rf,gwo,1,2041,2024-06-12 14:55:00,0,1,0.5365050918284985
rf,gwo,1,2042,2024-06-12 15:00:00,0,0,0.3334660434106838
rf,gwo,1,2043,2024-06-12 15:00:00,0,0,0.4786758685677229
rf,gwo,1,2044,2024-06-12 15:05:00,0,0,0.4198617999727601
rf,gwo,1,2045,2024-06-12 15:05:00,0,0,0.3552174139957184
rf,gwo,1,2046,2024-06-12 15:10:00,0,0,0.36458564830185214
rf,gwo,1,2047,2024-06-12 15:10:00,0,0,0.3548419767363973
rf,gwo,1,2048,2024-06-12 15:15:00,0,0,0.4513532676057584
rf,gwo,1,2049,2024-06-12 15:15:00,0,0,0.48775278011186557
rf,gwo,1,2050,2024-06-12 15:20:00,0,0,0.4868371831886493
rf,gwo,1,2051,2024-06-12 15:20:00,0,0,0.43789431092531095
rf,gwo,1,2052,2024-06-12 15:25:00,0,1,0.5802619711017584
rf,gwo,1,2053,2024-06-12 15:25:00,0,1,0.6409749867112335
rf,gwo,1,2054,2024-06-12 15:30:00,0,0,0.3628511891066366
rf,gwo,1,2055,2024-06-12 15:30:00,0,0,0.4497327187595655
rf,gwo,1,2056,2024-06-12 15:35:00,0,0,0.3897476713943045
rf,gwo,1,2057,2024-06-12 15:35:00,0,0,0.4352072477131207
rf,gwo,1,2058,2024-06-12 15:40:00,0,0,0.34427700147706247
rf,gwo,1,2059,2024-06-12 15:40:00,0,0,0.2834495939969421
rf,gwo,1,2060,2024-06-12 15:45:00,1,0,0.25269410766199774
rf,gwo,1,2061,2024-06-12 15:45:00,1,0,0.17197861606998724
rf,gwo,1,2062,2024-06-12 15:50:00,1,0,0.21373167526682546
rf,gwo,1,2063,2024-06-12 15:50:00,1,0,0.14617235821152985
rf,gwo,1,2064,2024-06-12 15:55:00,1,0,0.24338573488535095
rf,gwo,1,2065,2024-06-12 15:55:00,1,0,0.3520927445180098
rf,gwo,1,2066,2024-06-12 16:00:00,1,0,0.4177179285778167
rf,gwo,1,2067,2024-06-12 16:00:00,1,0,0.4741013695584981
rf,gwo,1,2068,2024-06-12 16:05:00,1,0,0.4934669957091573
rf,gwo,1,2069,2024-06-12 16:05:00,1,0,0.4559682562550635
rf,gwo,1,2070,2024-06-12 16:10:00,1,1,0.6441949691694115
rf,gwo,1,2071,2024-06-12 16:10:00,1,1,0.5853576411565882
rf,gwo,1,2072,2024-06-12 16:15:00,0,1,0.7615708516432712
rf,gwo,1,2073,2024-06-12 16:15:00,1,1,0.6247218291010506
rf,gwo,1,2074,2024-06-12 16:20:00,1,1,0.6463488824802872
rf,gwo,1,2075,2024-06-12 16:20:00,0,1,0.6119175118702765
rf,gwo,1,2076,2024-06-12 16:25:00,0,0,0.34860359453885975
rf,gwo,1,2077,2024-06-12 16:25:00,1,0,0.44828152209858113
rf,gwo,1,2078,2024-06-12 16:30:00,0,0,0.4931738489083814
rf,gwo,1,2079,2024-06-12 16:30:00,1,1,0.6208090320410334
rf,gwo,1,2080,2024-06-12 16:35:00,1,1,0.6448387176100953
rf,gwo,1,2081,2024-06-12 16:35:00,0,1,0.6167797833232044
rf,gwo,1,2082,2024-06-12 16:40:00,1,1,0.6258423973212409
rf,gwo,1,2083,2024-06-12 16:40:00,0,1,0.6366025611215009
rf,gwo,1,2084,2024-06-12 16:45:00,0,1,0.7516743567650258
rf,gwo,1,2085,2024-06-12 16:45:00,1,1,0.5886835364144091
rf,gwo,1,2086,2024-06-12 16:50:00,0,1,0.7532466218923553
rf,gwo,1,2087,2024-06-12 16:50:00,1,1,0.5299789583040659
rf,gwo,1,2088,2024-06-12 16:55:00,0,1,0.7448086613568294
rf,gwo,1,2089,2024-06-12 17:00:00,0,1,0.7381734548480672
rf,gwo,1,2090,2024-06-12 17:05:00,0,0,0.3970297611236842
rf,gwo,1,2091,2024-06-12 17:10:00,0,1,0.5060705014314197
rf,gwo,1,2092,2024-06-12 17:15:00,0,0,0.43662650161216326
rf,gwo,1,2093,2024-06-12 17:20:00,0,1,0.5116058458780107
rf,gwo,1,2094,2024-06-12 17:25:00,0,0,0.4327976745399634
rf,gwo,1,2095,2024-06-12 17:30:00,0,0,0.35490357645780496
rf,gwo,1,2096,2024-06-12 17:35:00,0,0,0.3479234673442345
rf,gwo,1,2097,2024-06-12 17:40:00,0,0,0.19838786754060217
rf,gwo,1,2098,2024-06-12 17:45:00,0,0,0.34562898656776175
rf,gwo,1,2099,2024-06-12 17:50:00,0,0,0.3470533877010355
rf,gwo,1,2100,2024-06-12 17:55:00,0,0,0.3320770003841119
rf,gwo,1,2101,2024-06-13 12:10:00,1,0,0.3695251754361947
rf,gwo,1,2102,2024-06-13 12:15:00,1,1,0.6152935050278019
rf,gwo,1,2103,2024-06-13 12:20:00,1,1,0.75781265739579
rf,gwo,1,2104,2024-06-13 12:25:00,1,1,0.7421583692532204
rf,gwo,1,2105,2024-06-13 12:30:00,1,1,0.7703689638727239
rf,gwo,1,2106,2024-06-13 12:35:00,1,1,0.7071575777645585
rf,gwo,1,2107,2024-06-13 12:40:00,1,1,0.6451331013495298
rf,gwo,1,2108,2024-06-13 12:45:00,1,1,0.7592000948306282
rf,gwo,1,2109,2024-06-13 12:50:00,1,1,0.7572109659769556
rf,gwo,1,2110,2024-06-13 12:55:00,1,1,0.730507639455709
rf,gwo,1,2111,2024-06-13 13:00:00,1,1,0.7585106292952527
rf,gwo,1,2112,2024-06-13 13:05:00,1,1,0.7336853422828905
rf,gwo,1,2113,2024-06-13 13:10:00,1,1,0.7599927566204651
rf,gwo,1,2114,2024-06-13 13:15:00,1,0,0.49329642865613926
rf,gwo,1,2115,2024-06-13 13:20:00,1,0,0.4816790625301725
rf,gwo,1,2116,2024-06-13 13:25:00,1,0,0.34762495144215566
rf,gwo,1,2117,2024-06-13 13:30:00,1,0,0.32393525749531893
rf,gwo,1,2118,2024-06-13 13:35:00,1,0,0.34713827769774175
rf,gwo,1,2119,2024-06-13 13:40:00,1,0,0.3701875447022101
rf,gwo,1,2120,2024-06-13 13:45:00,1,0,0.4328366151572769
rf,gwo,1,2121,2024-06-13 13:50:00,1,1,0.7585095788406474
rf,gwo,1,2122,2024-06-13 13:55:00,1,1,0.7595662819860893
rf,gwo,1,2123,2024-06-13 14:00:00,1,1,0.7569817965051004
rf,gwo,1,2124,2024-06-13 14:05:00,1,1,0.7598762669206823
rf,gwo,1,2125,2024-06-13 14:10:00,0,1,0.7627307000183382
rf,gwo,1,2126,2024-06-13 14:15:00,0,1,0.5072384412417379
rf,gwo,1,2127,2024-06-13 14:20:00,0,0,0.4857320829793912
rf,gwo,1,2128,2024-06-13 14:25:00,0,0,0.41597744329058295
rf,gwo,1,2129,2024-06-13 14:30:00,0,0,0.31248864455068287
rf,gwo,1,2130,2024-06-13 14:35:00,0,0,0.37658551777896915
rf,gwo,1,2131,2024-06-13 14:40:00,0,0,0.43936063544217463
rf,gwo,1,2132,2024-06-13 14:45:00,0,0,0.3955007488976116
rf,gwo,1,2133,2024-06-13 14:50:00,0,0,0.4564958480327128
rf,gwo,1,2134,2024-06-13 14:55:00,0,1,0.6381876593959277
rf,gwo,1,2135,2024-06-13 15:00:00,0,1,0.6025900057803509
rf,gwo,1,2136,2024-06-13 15:05:00,0,1,0.747925841043682
rf,gwo,1,2137,2024-06-13 15:10:00,0,1,0.5480933857964023
rf,gwo,1,2138,2024-06-13 15:15:00,0,0,0.43166149272609233
rf,gwo,1,2139,2024-06-13 15:20:00,0,0,0.4463359355064187
rf,gwo,1,2140,2024-06-13 15:25:00,0,0,0.467481468509235
rf,gwo,1,2141,2024-06-13 15:30:00,0,1,0.5598171592858241
rf,gwo,1,2142,2024-06-13 15:35:00,0,0,0.43391292776901835
rf,gwo,1,2143,2024-06-13 15:40:00,0,1,0.652408377714191
rf,gwo,1,2144,2024-06-13 15:45:00,0,1,0.7408490260894691
rf,gwo,1,2145,2024-06-13 15:50:00,0,1,0.6460464100283778
rf,gwo,1,2146,2024-06-13 15:55:00,0,1,0.5549384291068102
rf,gwo,1,2147,2024-06-13 16:00:00,0,1,0.5479349805988224
rf,gwo,1,2148,2024-06-13 16:05:00,0,0,0.487548692573158
rf,gwo,1,2149,2024-06-13 16:10:00,0,0,0.43073232930166055
rf,gwo,1,2150,2024-06-13 16:15:00,0,0,0.43131163936809175
rf,gwo,1,2151,2024-06-13 16:20:00,0,1,0.610186157624253
rf,gwo,1,2152,2024-06-13 16:25:00,0,0,0.44853852370444175
rf,gwo,1,2153,2024-06-13 16:30:00,0,0,0.376805501697421
rf,gwo,1,2154,2024-06-13 16:35:00,0,0,0.4374523549379637
rf,gwo,1,2155,2024-06-13 16:40:00,0,0,0.4449191781385676
rf,gwo,1,2156,2024-06-13 16:45:00,0,0,0.4546787000403361
rf,gwo,1,2157,2024-06-13 16:50:00,0,0,0.44546931180107885
rf,gwo,1,2158,2024-06-13 16:55:00,0,0,0.3549322639551806
rf,gwo,1,2159,2024-06-13 17:00:00,0,0,0.3842331007183282
rf,gwo,1,2160,2024-06-13 17:05:00,0,0,0.1770069089731199
rf,gwo,1,2161,2024-06-13 17:10:00,0,0,0.1810898468430579
rf,gwo,1,2162,2024-06-13 17:15:00,0,0,0.2950822520377156
rf,gwo,1,2163,2024-06-13 17:20:00,0,0,0.317083672402794
rf,gwo,1,2164,2024-06-13 17:25:00,0,0,0.31815409233430575
rf,gwo,1,2165,2024-06-13 17:30:00,0,0,0.38374655936375646
rf,gwo,1,2166,2024-06-13 17:35:00,0,0,0.28178396708266973
rf,gwo,1,2167,2024-06-13 17:40:00,0,0,0.45814835906746787
rf,gwo,1,2168,2024-06-13 17:45:00,0,1,0.5511491447082839
rf,gwo,1,2169,2024-06-13 17:50:00,0,1,0.5568645848465476
rf,gwo,1,2170,2024-06-13 17:55:00,0,0,0.4885281564258849
rf,gwo,1,2171,2024-06-14 11:05:00,1,0,0.3809175743065938
rf,gwo,1,2172,2024-06-14 11:10:00,1,0,0.4290351485273872
rf,gwo,1,2173,2024-06-14 11:15:00,1,1,0.543076486338023
rf,gwo,1,2174,2024-06-14 11:20:00,1,1,0.7427863773077135
rf,gwo,1,2175,2024-06-14 11:25:00,1,1,0.7618625198866797
rf,gwo,1,2176,2024-06-14 11:30:00,1,1,0.7523756821807581
rf,gwo,1,2177,2024-06-14 11:35:00,1,1,0.7380191032676795
rf,gwo,1,2178,2024-06-14 11:40:00,1,1,0.6429550738600698
rf,gwo,1,2179,2024-06-14 11:45:00,1,1,0.6372409576826854
rf,gwo,1,2180,2024-06-14 11:50:00,1,1,0.711490284585596
rf,gwo,1,2181,2024-06-14 11:55:00,1,1,0.7855465650236152
rf,gwo,1,2182,2024-06-14 12:00:00,1,1,0.8056307948135463
rf,gwo,1,2183,2024-06-14 12:05:00,0,1,0.8374270902203585
rf,gwo,1,2184,2024-06-14 12:10:00,0,1,0.8417055057117551
rf,gwo,1,2185,2024-06-14 12:15:00,0,1,0.831835430489194
rf,gwo,1,2186,2024-06-14 12:20:00,0,1,0.7662283354564748
rf,gwo,1,2187,2024-06-14 12:25:00,0,1,0.6978852932687877
rf,gwo,1,2188,2024-06-14 12:30:00,0,0,0.3389045819147092
rf,gwo,1,2189,2024-06-14 12:35:00,0,0,0.30848860579571674
rf,gwo,1,2190,2024-06-14 12:40:00,0,0,0.3134151720327625
rf,gwo,1,2191,2024-06-14 12:45:00,0,0,0.20470212745442462
rf,gwo,1,2192,2024-06-14 12:50:00,0,0,0.3606213329140697
rf,gwo,1,2193,2024-06-14 12:55:00,0,0,0.35013368151206636
rf,gwo,1,2194,2024-06-14 13:00:00,0,1,0.5608456100500407
rf,gwo,1,2195,2024-06-14 13:05:00,0,1,0.5460131839047551
rf,gwo,1,2196,2024-06-14 13:10:00,0,1,0.5484594254852665
rf,gwo,1,2197,2024-06-14 13:15:00,0,1,0.5230129905481806
rf,gwo,1,2198,2024-06-14 13:20:00,0,0,0.4335261233010861
rf,gwo,1,2199,2024-06-14 13:25:00,0,0,0.41721133972439
rf,gwo,1,2200,2024-06-14 13:30:00,0,0,0.36081334036407037
rf,gwo,1,2201,2024-06-14 13:35:00,0,0,0.4300497044413414
rf,gwo,1,2202,2024-06-14 13:40:00,0,1,0.6888630496210999
rf,gwo,1,2203,2024-06-14 13:45:00,0,1,0.6388150237834703
rf,gwo,1,2204,2024-06-14 13:50:00,0,0,0.44049781952955774
rf,gwo,1,2205,2024-06-14 13:55:00,0,0,0.3557708231840526
rf,gwo,1,2206,2024-06-14 14:00:00,0,0,0.3581419050800883
rf,gwo,1,2207,2024-06-14 14:05:00,0,0,0.48172420606418903
rf,gwo,1,2208,2024-06-14 14:10:00,0,1,0.6374721997058924
rf,gwo,1,2209,2024-06-14 14:15:00,0,0,0.46230230178121967
rf,gwo,1,2210,2024-06-14 14:20:00,0,0,0.3722185897304066
rf,gwo,1,2211,2024-06-14 14:25:00,0,0,0.3098832175839014
rf,gwo,1,2212,2024-06-14 14:30:00,0,0,0.37242664892141986
rf,gwo,1,2213,2024-06-14 14:35:00,0,0,0.379617059189103
rf,gwo,1,2214,2024-06-14 14:40:00,0,0,0.2753482923208944
rf,gwo,1,2215,2024-06-14 14:45:00,0,0,0.22613019823731073
rf,gwo,1,2216,2024-06-14 14:50:00,0,0,0.20962798376056407
rf,gwo,1,2217,2024-06-14 14:55:00,0,0,0.3295442601934746
rf,gwo,1,2218,2024-06-14 15:00:00,0,0,0.3153059945935309
rf,gwo,1,2219,2024-06-14 15:05:00,1,0,0.38028303385048984
rf,gwo,1,2220,2024-06-14 15:10:00,1,0,0.4179657286769466
rf,gwo,1,2221,2024-06-14 15:15:00,1,1,0.6116291013324794
rf,gwo,1,2222,2024-06-14 15:20:00,1,1,0.7146843825083314
rf,gwo,1,2223,2024-06-14 15:25:00,1,1,0.745768349222837
rf,gwo,1,2224,2024-06-14 15:30:00,1,1,0.76543419611809
rf,gwo,1,2225,2024-06-14 15:35:00,1,1,0.7728367990270855
rf,gwo,1,2226,2024-06-14 15:40:00,1,1,0.7558331119300681
rf,gwo,1,2227,2024-06-14 15:45:00,1,1,0.7190866034280192
rf,gwo,1,2228,2024-06-14 15:50:00,1,1,0.7490614666093068
rf,gwo,1,2229,2024-06-14 15:55:00,1,1,0.7640751735254209
rf,gwo,1,2230,2024-06-14 16:00:00,1,1,0.7530659000002923
rf,gwo,1,2231,2024-06-14 16:05:00,0,1,0.7644983347839194
rf,gwo,1,2232,2024-06-14 16:10:00,0,1,0.6364634003080305
rf,gwo,1,2233,2024-06-14 16:15:00,0,1,0.5846433202223764
rf,gwo,1,2234,2024-06-14 16:20:00,0,0,0.4810044702169437
rf,gwo,1,2235,2024-06-14 16:25:00,0,1,0.691660374633965
rf,gwo,1,2236,2024-06-14 16:30:00,0,1,0.514900442114042
rf,gwo,1,2237,2024-06-14 16:35:00,0,0,0.3745756824697308
rf,gwo,1,2238,2024-06-14 16:40:00,0,0,0.42147818472563275
rf,gwo,1,2239,2024-06-14 16:45:00,0,0,0.3800886918589226
rf,gwo,1,2240,2024-06-14 16:50:00,0,1,0.5541946672495587
rf,gwo,1,2241,2024-06-14 16:55:00,0,1,0.6384368454269982
rf,gwo,1,2242,2024-06-14 17:00:00,0,1,0.5454737629873022
rf,gwo,1,2243,2024-06-14 17:05:00,0,0,0.4085261198988896
rf,gwo,1,2244,2024-06-14 17:10:00,0,0,0.43540847913273056
rf,gwo,1,2245,2024-06-14 17:15:00,0,0,0.3992084009286489
rf,gwo,1,2246,2024-06-14 17:20:00,0,0,0.406440372995258
rf,gwo,1,2247,2024-06-14 17:25:00,0,0,0.44359640367377773
rf,gwo,1,2248,2024-06-14 17:30:00,0,1,0.6299602202567322
rf,gwo,1,2249,2024-06-14 17:35:00,0,1,0.5631827153615013
rf,gwo,1,2250,2024-06-14 17:40:00,0,1,0.5628189505560539
rf,gwo,1,2251,2024-06-14 17:45:00,0,1,0.5937394446060484
rf,gwo,1,2252,2024-06-14 17:50:00,0,1,0.5537981896937959
rf,gwo,1,2253,2024-06-14 17:55:00,1,1,0.5743309984048074
rf,gwo,1,2254,2024-06-18 10:40:00,1,1,0.7639654763619492
rf,gwo,1,2255,2024-06-18 10:45:00,1,1,0.8277807741007749
rf,gwo,1,2256,2024-06-18 10:50:00,1,1,0.8241594272797795
rf,gwo,1,2257,2024-06-18 10:55:00,0,1,0.8254573166585407
rf,gwo,1,2258,2024-06-18 11:00:00,0,1,0.7221448094633536
rf,gwo,1,2259,2024-06-18 11:05:00,0,1,0.6330408181025734
rf,gwo,1,2260,2024-06-18 11:10:00,0,0,0.3024264474928447
rf,gwo,1,2261,2024-06-18 11:15:00,0,0,0.26570275233131824
rf,gwo,1,2262,2024-06-18 11:20:00,1,0,0.27517528610601355
rf,gwo,1,2263,2024-06-18 11:25:00,1,0,0.3512609930194301
rf,gwo,1,2264,2024-06-18 11:30:00,1,0,0.4452046204434521
rf,gwo,1,2265,2024-06-18 11:35:00,1,1,0.7421428529777745
rf,gwo,1,2266,2024-06-18 11:40:00,1,1,0.6279557530449756
rf,gwo,1,2267,2024-06-18 11:45:00,1,0,0.39471208580013367
rf,gwo,1,2268,2024-06-18 11:50:00,1,0,0.4204781655393712
rf,gwo,1,2269,2024-06-18 11:55:00,1,0,0.4486275720947918
rf,gwo,1,2270,2024-06-18 12:00:00,1,0,0.41955353339625734
rf,gwo,1,2271,2024-06-18 12:05:00,1,0,0.3959805922175486
rf,gwo,1,2272,2024-06-18 12:10:00,1,0,0.40319300526515983
rf,gwo,1,2273,2024-06-18 12:15:00,1,1,0.6658748005431172
rf,gwo,1,2274,2024-06-18 12:20:00,1,1,0.6285957051498069
rf,gwo,1,2275,2024-06-18 12:25:00,1,1,0.6367281198009244
rf,gwo,1,2276,2024-06-18 12:30:00,1,1,0.7487077997353444
rf,gwo,1,2277,2024-06-18 12:35:00,1,1,0.7520964872202491
rf,gwo,1,2278,2024-06-18 12:40:00,1,1,0.6316104132761947
rf,gwo,1,2279,2024-06-18 12:45:00,1,1,0.519465187848105
rf,gwo,1,2280,2024-06-18 12:50:00,1,0,0.3788957421202034
rf,gwo,1,2281,2024-06-18 12:55:00,1,0,0.3681167861089867
rf,gwo,1,2282,2024-06-18 13:00:00,1,0,0.43673159967199426
rf,gwo,1,2283,2024-06-18 13:05:00,1,1,0.5603673121928324
rf,gwo,1,2284,2024-06-18 13:10:00,1,1,0.5565603026132707
rf,gwo,1,2285,2024-06-18 13:15:00,1,0,0.43350215466397873
rf,gwo,1,2286,2024-06-18 13:20:00,1,0,0.43244204624705956
rf,gwo,1,2287,2024-06-18 13:25:00,1,0,0.4202877748761698
rf,gwo,1,2288,2024-06-18 13:30:00,1,0,0.3908612436217353
rf,gwo,1,2289,2024-06-18 13:35:00,1,1,0.6090678682161755
rf,gwo,1,2290,2024-06-18 13:40:00,1,1,0.6117688285250985
rf,gwo,1,2291,2024-06-18 13:45:00,1,1,0.5815274286351617
rf,gwo,1,2292,2024-06-18 13:50:00,1,1,0.7476245559813213
rf,gwo,1,2293,2024-06-18 13:55:00,1,1,0.753373848704797
rf,gwo,1,2294,2024-06-18 14:00:00,1,1,0.7547169257339404
rf,gwo,1,2295,2024-06-18 14:05:00,1,1,0.7584526257366087
rf,gwo,1,2296,2024-06-18 14:10:00,1,1,0.528591714418023
rf,gwo,1,2297,2024-06-18 14:15:00,1,1,0.7548083065509799
rf,gwo,1,2298,2024-06-18 14:20:00,1,1,0.7618020850059142
rf,gwo,1,2299,2024-06-18 14:25:00,1,1,0.7548771485600053
rf,gwo,1,2300,2024-06-18 14:30:00,1,1,0.754697107345653
rf,gwo,1,2301,2024-06-18 14:35:00,1,1,0.7564603873903935
rf,gwo,1,2302,2024-06-18 14:40:00,1,1,0.636207862445839
rf,gwo,1,2303,2024-06-18 14:45:00,1,1,0.5165277095082739
rf,gwo,1,2304,2024-06-18 14:50:00,1,0,0.3839591463831812
rf,gwo,1,2305,2024-06-18 14:55:00,1,0,0.34336774584811713
rf,gwo,1,2306,2024-06-18 15:00:00,1,0,0.37128538620966567
rf,gwo,1,2307,2024-06-18 15:05:00,1,0,0.42589441399368444
rf,gwo,1,2308,2024-06-18 15:10:00,1,0,0.39825437325911783
rf,gwo,1,2309,2024-06-18 15:15:00,1,0,0.35090534758587344
rf,gwo,1,2310,2024-06-18 15:20:00,1,0,0.3794659664902658
rf,gwo,1,2311,2024-06-18 15:25:00,1,0,0.45005870269505704
rf,gwo,1,2312,2024-06-18 15:30:00,0,1,0.6370472434510227
rf,gwo,1,2313,2024-06-18 15:35:00,0,0,0.46476143031246775
rf,gwo,1,2314,2024-06-18 15:40:00,0,0,0.3796514187539209
rf,gwo,1,2315,2024-06-18 15:45:00,0,0,0.27315677515597564
rf,gwo,1,2316,2024-06-18 15:50:00,0,0,0.3572691382684068
rf,gwo,1,2317,2024-06-18 15:55:00,0,0,0.3517395131665244
rf,gwo,1,2318,2024-06-18 16:00:00,0,0,0.30595194294591577
rf,gwo,1,2319,2024-06-18 16:05:00,1,0,0.18467678993478778
rf,gwo,1,2320,2024-06-18 16:10:00,1,0,0.18357836793565055
rf,gwo,1,2321,2024-06-18 16:15:00,1,0,0.22354827284251802
rf,gwo,1,2322,2024-06-18 16:20:00,1,0,0.3751729079994805
rf,gwo,1,2323,2024-06-18 16:25:00,1,0,0.47363821068115
rf,gwo,1,2324,2024-06-18 16:30:00,1,1,0.5912197053722518
rf,gwo,1,2325,2024-06-18 16:35:00,1,1,0.629314337774483
rf,gwo,1,2326,2024-06-18 16:40:00,1,1,0.7439536072424555
rf,gwo,1,2327,2024-06-18 16:45:00,1,1,0.7001887404468619
rf,gwo,1,2328,2024-06-18 16:50:00,1,1,0.694360124894433
rf,gwo,1,2329,2024-06-18 16:55:00,0,1,0.7404557587304259
rf,gwo,1,2330,2024-06-18 17:00:00,0,1,0.741929647832206
rf,gwo,1,2331,2024-06-18 17:05:00,0,1,0.5424868515916408
rf,gwo,1,2332,2024-06-18 17:10:00,0,0,0.49696989447208034
rf,gwo,1,2333,2024-06-18 17:15:00,0,0,0.4980364352039518
rf,gwo,1,2334,2024-06-18 17:20:00,0,1,0.5496690837905058
rf,gwo,1,2335,2024-06-18 17:25:00,0,1,0.6097024077465887
rf,gwo,1,2336,2024-06-18 17:30:00,0,1,0.5520877485255712
rf,gwo,1,2337,2024-06-18 17:35:00,0,1,0.5290770320073412
rf,gwo,1,2338,2024-06-18 17:40:00,0,1,0.636572628638876
rf,gwo,1,2339,2024-06-18 17:45:00,0,1,0.7406140929683194
rf,gwo,1,2340,2024-06-18 17:50:00,0,1,0.7476378880435737
rf,gwo,1,2341,2024-06-18 17:55:00,0,1,0.7487016694756222
rf,gwo,1,2342,2024-06-19 10:55:00,1,0,0.3506248490673635
rf,gwo,1,2343,2024-06-19 11:00:00,1,1,0.6432134853860063
rf,gwo,1,2344,2024-06-19 11:05:00,1,1,0.6120492917999673
rf,gwo,1,2345,2024-06-19 11:10:00,1,0,0.4790339260695957
rf,gwo,1,2346,2024-06-19 11:15:00,1,0,0.41283997022689845
rf,gwo,1,2347,2024-06-19 11:20:00,1,0,0.4670092247266945
rf,gwo,1,2348,2024-06-19 11:25:00,1,1,0.6329284446525589
rf,gwo,1,2349,2024-06-19 11:30:00,1,1,0.6340434629305569
rf,gwo,1,2350,2024-06-19 11:35:00,1,1,0.7522371384043127
rf,gwo,1,2351,2024-06-19 11:40:00,1,1,0.7518567997945989
rf,gwo,1,2352,2024-06-19 11:45:00,1,1,0.6393667072300426
rf,gwo,1,2353,2024-06-19 11:50:00,1,1,0.5263951678255421
rf,gwo,1,2354,2024-06-19 11:55:00,1,1,0.5516298116998023
rf,gwo,1,2355,2024-06-19 12:00:00,1,0,0.494350578328276
rf,gwo,1,2356,2024-06-19 12:05:00,1,1,0.5701681778066181
rf,gwo,1,2357,2024-06-19 12:10:00,1,0,0.4192326452524324
rf,gwo,1,2358,2024-06-19 12:15:00,1,0,0.4285030149495992
rf,gwo,1,2359,2024-06-19 12:20:00,1,0,0.43250184306250733
rf,gwo,1,2360,2024-06-19 12:25:00,1,1,0.6493202158510698
rf,gwo,1,2361,2024-06-19 12:30:00,1,1,0.6362712673261671
rf,gwo,1,2362,2024-06-19 12:35:00,1,1,0.7556666384697214
rf,gwo,1,2363,2024-06-19 12:40:00,1,1,0.7416566541817781
rf,gwo,1,2364,2024-06-19 12:45:00,1,1,0.7121871690719092
rf,gwo,1,2365,2024-06-19 12:50:00,1,1,0.7342526837994325
rf,gwo,1,2366,2024-06-19 12:55:00,1,1,0.7411754375676409
rf,gwo,1,2367,2024-06-19 13:00:00,1,1,0.7594158704505567
rf,gwo,1,2368,2024-06-19 13:05:00,1,1,0.7623922039868672
rf,gwo,1,2369,2024-06-19 13:10:00,1,1,0.7665597454157403
rf,gwo,1,2370,2024-06-19 13:15:00,1,1,0.6189256958313826
rf,gwo,1,2371,2024-06-19 13:20:00,1,0,0.4672434301287023
rf,gwo,1,2372,2024-06-19 13:25:00,1,1,0.5365494776204901
rf,gwo,1,2373,2024-06-19 13:30:00,1,1,0.7528797578874378
rf,gwo,1,2374,2024-06-19 13:35:00,1,1,0.7605495760702224
rf,gwo,1,2375,2024-06-19 13:40:00,1,1,0.76283143252189
rf,gwo,1,2376,2024-06-19 13:45:00,1,1,0.7620760296458987
rf,gwo,1,2377,2024-06-19 13:50:00,1,1,0.7610693630267555
rf,gwo,1,2378,2024-06-19 13:55:00,1,1,0.7609190949434793
rf,gwo,1,2379,2024-06-19 14:00:00,1,1,0.5329206392078126
rf,gwo,1,2380,2024-06-19 14:05:00,0,1,0.7552286482525855
rf,gwo,1,2381,2024-06-19 14:10:00,0,0,0.49940881008302057
rf,gwo,1,2382,2024-06-19 14:15:00,0,0,0.3281297471568419
rf,gwo,1,2383,2024-06-19 14:20:00,0,0,0.3326485249576178
rf,gwo,1,2384,2024-06-19 14:25:00,0,0,0.3634221339940429
rf,gwo,1,2385,2024-06-19 14:30:00,1,0,0.3600811741859441
rf,gwo,1,2386,2024-06-19 14:35:00,1,0,0.34136401308584846
rf,gwo,1,2387,2024-06-19 14:40:00,1,0,0.4385370043369553
rf,gwo,1,2388,2024-06-19 14:45:00,1,1,0.584578925306339
rf,gwo,1,2389,2024-06-19 14:50:00,1,1,0.633599285250031
rf,gwo,1,2390,2024-06-19 14:55:00,1,1,0.6420063253304349
rf,gwo,1,2391,2024-06-19 15:00:00,1,1,0.6505376422539058
rf,gwo,1,2392,2024-06-19 15:05:00,1,1,0.7397212703867903
rf,gwo,1,2393,2024-06-19 15:10:00,1,1,0.6511581282067197
rf,gwo,1,2394,2024-06-19 15:15:00,1,1,0.6475202871802361
rf,gwo,1,2395,2024-06-19 15:20:00,1,1,0.6394623760064782
rf,gwo,1,2396,2024-06-19 15:25:00,1,1,0.6388856886289894
rf,gwo,1,2397,2024-06-19 15:30:00,1,1,0.5507188340684993
rf,gwo,1,2398,2024-06-19 15:35:00,1,0,0.3347610447835325
rf,gwo,1,2399,2024-06-19 15:40:00,1,1,0.6996135916466766
rf,gwo,1,2400,2024-06-19 15:45:00,1,1,0.7494341333043706
rf,gwo,1,2401,2024-06-19 15:50:00,1,1,0.7473138836972554
rf,gwo,1,2402,2024-06-19 15:55:00,1,1,0.77384775305111
rf,gwo,1,2403,2024-06-19 16:00:00,1,1,0.7380157489316927
rf,gwo,1,2404,2024-06-19 16:05:00,1,1,0.7561207492772983
rf,gwo,1,2405,2024-06-19 16:10:00,1,1,0.6070752413014677
rf,gwo,1,2406,2024-06-19 16:15:00,1,1,0.5071145462798141
rf,gwo,1,2407,2024-06-19 16:20:00,1,1,0.7463911914680915
rf,gwo,1,2408,2024-06-19 16:25:00,1,1,0.7165012674256286
rf,gwo,1,2409,2024-06-19 16:30:00,1,1,0.7329608078450747
rf,gwo,1,2410,2024-06-19 16:35:00,1,1,0.7169701345037189
rf,gwo,1,2411,2024-06-19 16:40:00,1,1,0.7720061896580814
rf,gwo,1,2412,2024-06-19 16:45:00,1,1,0.7525022044386084
rf,gwo,1,2413,2024-06-19 16:50:00,1,1,0.7563494597692262
rf,gwo,1,2414,2024-06-19 16:55:00,1,1,0.6848967701672242
rf,gwo,1,2415,2024-06-19 17:00:00,1,0,0.49605355837487186
rf,gwo,1,2416,2024-06-19 17:05:00,1,0,0.4647636137048259
rf,gwo,1,2417,2024-06-19 17:10:00,1,0,0.3804289885023696
rf,gwo,1,2418,2024-06-19 17:15:00,1,0,0.3172097897212624
rf,gwo,1,2419,2024-06-19 17:20:00,1,1,0.5491132434929313
rf,gwo,1,2420,2024-06-19 17:25:00,1,1,0.558434863075531
rf,gwo,1,2421,2024-06-19 17:30:00,1,1,0.5448213632373583
rf,gwo,1,2422,2024-06-19 17:35:00,1,1,0.6347866338001743
rf,gwo,1,2423,2024-06-19 17:40:00,1,1,0.7569710389591404
rf,gwo,1,2424,2024-06-19 17:45:00,1,1,0.6477838575400672
rf,gwo,1,2425,2024-06-19 17:50:00,1,1,0.5374173474327679
rf,gwo,1,2426,2024-06-19 17:55:00,1,1,0.5479349805988224
rf,gwo,1,2427,2024-06-20 10:50:00,0,1,0.8216190573081782
rf,gwo,1,2428,2024-06-20 10:55:00,0,1,0.7279729665329255
rf,gwo,1,2429,2024-06-20 11:00:00,0,1,0.6668253626489754
rf,gwo,1,2430,2024-06-20 11:05:00,0,0,0.43069893328988396
rf,gwo,1,2431,2024-06-20 11:10:00,0,1,0.5123049793107205
rf,gwo,1,2432,2024-06-20 11:15:00,0,1,0.6883955640866781
rf,gwo,1,2433,2024-06-20 11:20:00,0,1,0.6102021232901506
rf,gwo,1,2434,2024-06-20 11:25:00,0,0,0.36121954026260367
rf,gwo,1,2435,2024-06-20 11:30:00,0,0,0.34374033797507275
rf,gwo,1,2436,2024-06-20 11:35:00,0,0,0.29498646966650266
rf,gwo,1,2437,2024-06-20 11:40:00,0,0,0.16774334439083852
rf,gwo,1,2438,2024-06-20 11:45:00,0,0,0.24615242186310576
rf,gwo,1,2439,2024-06-20 11:50:00,0,0,0.16559335187788896
rf,gwo,1,2440,2024-06-20 11:55:00,0,0,0.16656908821841573
rf,gwo,1,2441,2024-06-20 12:00:00,0,0,0.16623953212118442
rf,gwo,1,2442,2024-06-20 12:05:00,0,0,0.1710009048723228
rf,gwo,1,2443,2024-06-20 12:10:00,0,0,0.17494407247170432
rf,gwo,1,2444,2024-06-20 12:15:00,0,0,0.16878048193554898
rf,gwo,1,2445,2024-06-20 12:20:00,0,0,0.3673900329430883
rf,gwo,1,2446,2024-06-20 12:25:00,0,0,0.3744637594072789
rf,gwo,1,2447,2024-06-20 12:30:00,0,0,0.3387707639727243
rf,gwo,1,2448,2024-06-20 12:35:00,0,0,0.27919905162039593
rf,gwo,1,2449,2024-06-20 12:40:00,0,0,0.3758218965190071
rf,gwo,1,2450,2024-06-20 12:45:00,0,1,0.5426157757157196
rf,gwo,1,2451,2024-06-20 12:50:00,0,0,0.47404097380474347
rf,gwo,1,2452,2024-06-20 12:55:00,0,0,0.41963429496014204
rf,gwo,1,2453,2024-06-20 13:00:00,0,0,0.38185297210579927
rf,gwo,1,2454,2024-06-20 13:05:00,0,0,0.38684744280722166
rf,gwo,1,2455,2024-06-20 13:10:00,0,0,0.3697503304224287
rf,gwo,1,2456,2024-06-20 13:15:00,0,0,0.4012914303174399
rf,gwo,1,2457,2024-06-20 13:20:00,0,0,0.3933725076523828
rf,gwo,1,2458,2024-06-20 13:25:00,0,0,0.35116966184421067
rf,gwo,1,2459,2024-06-20 13:30:00,0,0,0.354220833250109
rf,gwo,1,2460,2024-06-20 13:35:00,1,0,0.3697119978529827
rf,gwo,1,2461,2024-06-20 13:40:00,1,0,0.3899367657014146
rf,gwo,1,2462,2024-06-20 13:45:00,1,1,0.5563903774249119
rf,gwo,1,2463,2024-06-20 13:50:00,1,1,0.5995208306373006
rf,gwo,1,2464,2024-06-20 13:55:00,1,1,0.6501588079391933
rf,gwo,1,2465,2024-06-20 14:00:00,1,1,0.6404356300987848
rf,gwo,1,2466,2024-06-20 14:05:00,1,1,0.6317112908221688
rf,gwo,1,2467,2024-06-20 14:10:00,1,1,0.7678372197357775
rf,gwo,1,2468,2024-06-20 14:15:00,1,1,0.7634563950368093
rf,gwo,1,2469,2024-06-20 14:20:00,1,1,0.7588967313669125
rf,gwo,1,2470,2024-06-20 14:25:00,1,1,0.7572646228625479
rf,gwo,1,2471,2024-06-20 14:30:00,1,0,0.32183764745042287
rf,gwo,1,2472,2024-06-20 14:35:00,1,0,0.3713239716194622
rf,gwo,1,2473,2024-06-20 14:40:00,1,0,0.3821926084856461
rf,gwo,1,2474,2024-06-20 14:45:00,1,0,0.4452160864768626
rf,gwo,1,2475,2024-06-20 14:50:00,1,0,0.43882560908941803
rf,gwo,1,2476,2024-06-20 14:55:00,1,1,0.6430652900479222
rf,gwo,1,2477,2024-06-20 15:00:00,1,1,0.6540598409362443
rf,gwo,1,2478,2024-06-20 15:05:00,1,1,0.7389954234360926
rf,gwo,1,2479,2024-06-20 15:10:00,1,1,0.7399053505091441
rf,gwo,1,2480,2024-06-20 15:15:00,1,1,0.7583668639420211
rf,gwo,1,2481,2024-06-20 15:20:00,1,1,0.7611739027946466
rf,gwo,1,2482,2024-06-20 15:25:00,1,1,0.7639194677492813
rf,gwo,1,2483,2024-06-20 15:30:00,1,1,0.5359747252434206
rf,gwo,1,2484,2024-06-20 15:35:00,1,1,0.6359566260716552
rf,gwo,1,2485,2024-06-20 15:40:00,1,1,0.7586073788991523
rf,gwo,1,2486,2024-06-20 15:45:00,1,1,0.763757531395659
rf,gwo,1,2487,2024-06-20 15:50:00,0,1,0.7234284889209098
rf,gwo,1,2488,2024-06-20 15:55:00,0,1,0.7331156700537665
rf,gwo,1,2489,2024-06-20 16:00:00,0,1,0.7584230135171904
rf,gwo,1,2490,2024-06-20 16:05:00,0,1,0.6134153518466752
rf,gwo,1,2491,2024-06-20 16:10:00,0,0,0.37014994414724844
rf,gwo,1,2492,2024-06-20 16:15:00,0,0,0.285038556991883
rf,gwo,1,2493,2024-06-20 16:20:00,0,0,0.17639224938794215
rf,gwo,1,2494,2024-06-20 16:25:00,0,0,0.2858813372230135
rf,gwo,1,2495,2024-06-20 16:30:00,0,0,0.31090450955090526
rf,gwo,1,2496,2024-06-20 16:35:00,0,0,0.3336476329413506
rf,gwo,1,2497,2024-06-20 16:40:00,0,0,0.46936607108843653
rf,gwo,1,2498,2024-06-20 16:45:00,0,1,0.5557268510376056
rf,gwo,1,2499,2024-06-20 16:50:00,0,1,0.5576368462813875
rf,gwo,1,2500,2024-06-20 16:55:00,0,1,0.6242706888097797
rf,gwo,1,2501,2024-06-20 17:00:00,0,0,0.4562803532201139
rf,gwo,1,2502,2024-06-20 17:05:00,0,0,0.44782766040000616
rf,gwo,1,2503,2024-06-20 17:10:00,0,1,0.5892783427850753
rf,gwo,1,2504,2024-06-20 17:15:00,0,1,0.609929933869111
rf,gwo,1,2505,2024-06-20 17:20:00,0,1,0.6461273784288919
rf,gwo,1,2506,2024-06-20 17:25:00,0,0,0.43746416936489296
rf,gwo,1,2507,2024-06-20 17:30:00,0,0,0.43527175042636224
rf,gwo,1,2508,2024-06-20 17:35:00,0,1,0.5812751846899888
rf,gwo,1,2509,2024-06-20 17:40:00,0,1,0.5887737464599225
rf,gwo,1,2510,2024-06-20 17:45:00,0,1,0.5811405457792693
rf,gwo,1,2511,2024-06-20 17:50:00,0,1,0.6339534223620304
rf,gwo,1,2512,2024-06-20 17:55:00,1,1,0.5677857920054825
rf,gwo,1,2513,2024-06-21 10:40:00,1,1,0.7162256442255879
rf,gwo,1,2514,2024-06-21 10:45:00,1,1,0.7522145547070455
rf,gwo,1,2515,2024-06-21 10:50:00,1,1,0.8100670957483513
rf,gwo,1,2516,2024-06-21 10:55:00,1,1,0.8410920840457018
rf,gwo,1,2517,2024-06-21 11:00:00,1,1,0.8023908425748004
rf,gwo,1,2518,2024-06-21 11:05:00,1,1,0.7406452690160256
rf,gwo,1,2519,2024-06-21 11:10:00,1,1,0.6753653310073633
rf,gwo,1,2520,2024-06-21 11:15:00,1,1,0.6570452219034107
rf,gwo,1,2521,2024-06-21 11:20:00,1,1,0.6193863391222489
rf,gwo,1,2522,2024-06-21 11:25:00,0,1,0.7151501970503025
rf,gwo,1,2523,2024-06-21 11:30:00,0,1,0.6212647235692023
rf,gwo,1,2524,2024-06-21 11:35:00,0,1,0.7475190161787165
rf,gwo,1,2525,2024-06-21 11:40:00,0,0,0.46443441391523554
rf,gwo,1,2526,2024-06-21 11:45:00,0,0,0.33170808913792765
rf,gwo,1,2527,2024-06-21 11:50:00,0,1,0.5071298954468985
rf,gwo,1,2528,2024-06-21 11:55:00,0,0,0.3689080875597325
rf,gwo,1,2529,2024-06-21 12:00:00,0,1,0.5403250001068445
rf,gwo,1,2530,2024-06-21 12:05:00,0,1,0.545114850975558
rf,gwo,1,2531,2024-06-21 12:10:00,0,1,0.5996670933346767
rf,gwo,1,2532,2024-06-21 12:15:00,1,0,0.3224176755534554
rf,gwo,1,2533,2024-06-21 12:20:00,1,0,0.31729188748107245
rf,gwo,1,2534,2024-06-21 12:25:00,1,0,0.29657709654326003
rf,gwo,1,2535,2024-06-21 12:30:00,1,0,0.26184808641169655
rf,gwo,1,2536,2024-06-21 12:35:00,1,0,0.35631239360597566
rf,gwo,1,2537,2024-06-21 12:40:00,1,0,0.3652257900130426
rf,gwo,1,2538,2024-06-21 12:45:00,1,1,0.5714668649512945
rf,gwo,1,2539,2024-06-21 12:50:00,1,0,0.4800980623070652
rf,gwo,1,2540,2024-06-21 12:55:00,1,0,0.4725763163627941
rf,gwo,1,2541,2024-06-21 13:00:00,1,0,0.4621035019829996
rf,gwo,1,2542,2024-06-21 13:05:00,1,1,0.5753375179272079
rf,gwo,1,2543,2024-06-21 13:10:00,1,1,0.6464806981705942
rf,gwo,1,2544,2024-06-21 13:15:00,1,1,0.5992479906333416
rf,gwo,1,2545,2024-06-21 13:20:00,1,1,0.7531769706139281
rf,gwo,1,2546,2024-06-21 13:25:00,1,1,0.7422720605857672
rf,gwo,1,2547,2024-06-21 13:30:00,1,1,0.738242584646427
rf,gwo,1,2548,2024-06-21 13:35:00,1,1,0.6453276843973705
rf,gwo,1,2549,2024-06-21 13:40:00,1,1,0.7569722618112203
rf,gwo,1,2550,2024-06-21 13:45:00,1,1,0.7474990860226581
rf,gwo,1,2551,2024-06-21 13:50:00,0,1,0.7629708038983846
rf,gwo,1,2552,2024-06-21 13:55:00,0,1,0.7516799317718427
rf,gwo,1,2553,2024-06-21 14:00:00,0,1,0.6990491082666164
rf,gwo,1,2554,2024-06-21 14:05:00,0,1,0.5335823421849324
rf,gwo,1,2555,2024-06-21 14:10:00,0,1,0.6607749297291375
rf,gwo,1,2556,2024-06-21 14:15:00,0,1,0.5444540306644545
rf,gwo,1,2557,2024-06-21 14:20:00,0,1,0.5027270845477473
rf,gwo,1,2558,2024-06-21 14:25:00,0,0,0.33493950589935056
rf,gwo,1,2559,2024-06-21 14:30:00,0,0,0.4406565569227934
rf,gwo,1,2560,2024-06-21 14:35:00,0,0,0.361333231011676
rf,gwo,1,2561,2024-06-21 14:40:00,0,0,0.3804082845160114
rf,gwo,1,2562,2024-06-21 14:45:00,0,0,0.36474565976399703
rf,gwo,1,2563,2024-06-21 14:50:00,0,0,0.44450913377837914
rf,gwo,1,2564,2024-06-21 14:55:00,0,0,0.47332976591396153
rf,gwo,1,2565,2024-06-21 15:00:00,1,0,0.347295234165058
rf,gwo,1,2566,2024-06-21 15:05:00,1,0,0.4632887137458841
rf,gwo,1,2567,2024-06-21 15:10:00,1,0,0.451055809406122
rf,gwo,1,2568,2024-06-21 15:15:00,1,1,0.6027303377836829
rf,gwo,1,2569,2024-06-21 15:20:00,1,1,0.6404544512338888
rf,gwo,1,2570,2024-06-21 15:25:00,1,1,0.7392819151098761
rf,gwo,1,2571,2024-06-21 15:30:00,1,1,0.7653656313197005
rf,gwo,1,2572,2024-06-21 15:35:00,1,1,0.7626490197960978
rf,gwo,1,2573,2024-06-21 15:40:00,1,1,0.7608690580887554
rf,gwo,1,2574,2024-06-21 15:45:00,1,1,0.6193093076046814
rf,gwo,1,2575,2024-06-21 15:50:00,1,1,0.7614483110664505
rf,gwo,1,2576,2024-06-21 15:55:00,1,1,0.7606192041819442
rf,gwo,1,2577,2024-06-21 16:00:00,1,1,0.7625713612919948
rf,gwo,1,2578,2024-06-21 16:05:00,1,1,0.7573786768152507
rf,gwo,1,2579,2024-06-21 16:10:00,1,1,0.7562378055317708
rf,gwo,1,2580,2024-06-21 16:15:00,1,1,0.656408874195867
rf,gwo,1,2581,2024-06-21 16:20:00,1,1,0.7603139014538316
rf,gwo,1,2582,2024-06-21 16:25:00,1,1,0.6302940953585864
rf,gwo,1,2583,2024-06-21 16:30:00,1,1,0.7596654659557728
rf,gwo,1,2584,2024-06-21 16:35:00,1,1,0.6330969259689074
rf,gwo,1,2585,2024-06-21 16:40:00,1,1,0.5887474818613759
rf,gwo,1,2586,2024-06-21 16:45:00,1,0,0.34523620125689547
rf,gwo,1,2587,2024-06-21 16:50:00,1,1,0.5121437920068774
rf,gwo,1,2588,2024-06-21 16:55:00,1,1,0.5462040895985144
rf,gwo,1,2589,2024-06-21 17:00:00,1,0,0.38513008305252
rf,gwo,1,2590,2024-06-21 17:05:00,1,0,0.4336111442329096
rf,gwo,1,2591,2024-06-21 17:10:00,1,0,0.42983830309211735
rf,gwo,1,2592,2024-06-21 17:15:00,1,1,0.5632254338414435
rf,gwo,1,2593,2024-06-21 17:20:00,1,1,0.5387057562627274
rf,gwo,1,2594,2024-06-21 17:25:00,1,0,0.4327923603746145
rf,gwo,1,2595,2024-06-21 17:30:00,1,1,0.5230777551659116
rf,gwo,1,2596,2024-06-21 17:35:00,1,1,0.5338609718137922
rf,gwo,1,2597,2024-06-21 17:40:00,1,1,0.5322302824121593
rf,gwo,1,2598,2024-06-21 17:45:00,1,1,0.53462208172907
rf,gwo,1,2599,2024-06-21 17:50:00,1,1,0.5551689978456202
rf,gwo,1,2600,2024-06-21 17:55:00,1,1,0.5651509049918079
rf,gwo,1,2601,2024-06-24 10:50:00,0,1,0.8390791503043599
rf,gwo,1,2602,2024-06-24 10:55:00,0,1,0.7348464065167539
rf,gwo,1,2603,2024-06-24 11:00:00,0,1,0.5363268245622879
rf,gwo,1,2604,2024-06-24 11:05:00,0,0,0.4787145848341807
rf,gwo,1,2605,2024-06-24 11:10:00,0,1,0.6053984083765902
rf,gwo,1,2606,2024-06-24 11:15:00,0,0,0.48667250098961023
rf,gwo,1,2607,2024-06-24 11:20:00,0,1,0.5835524017189713
rf,gwo,1,2608,2024-06-24 11:25:00,0,0,0.4645742603435713
rf,gwo,1,2609,2024-06-24 11:30:00,0,0,0.32782928057932864
rf,gwo,1,2610,2024-06-24 11:35:00,0,0,0.34651772040730644
rf,gwo,1,2611,2024-06-24 11:40:00,0,0,0.3647611736283614
rf,gwo,1,2612,2024-06-24 11:45:00,0,0,0.43362293654607176
rf,gwo,1,2613,2024-06-24 11:50:00,0,0,0.3822823013418774
rf,gwo,1,2614,2024-06-24 11:55:00,0,1,0.5406982646757499
rf,gwo,1,2615,2024-06-24 12:00:00,0,1,0.5365669199336845
rf,gwo,1,2616,2024-06-24 12:05:00,0,1,0.598530357215505
rf,gwo,1,2617,2024-06-24 12:10:00,0,0,0.44261579514060895
rf,gwo,1,2618,2024-06-24 12:15:00,0,0,0.3576933300077737
rf,gwo,1,2619,2024-06-24 12:20:00,0,0,0.33742545339301616
rf,gwo,1,2620,2024-06-24 12:25:00,0,0,0.35003427523783487
rf,gwo,1,2621,2024-06-24 12:30:00,0,0,0.32199217453366086
rf,gwo,1,2622,2024-06-24 12:35:00,0,0,0.3384540030254092
rf,gwo,1,2623,2024-06-24 12:40:00,0,0,0.4623748331354455
rf,gwo,1,2624,2024-06-24 12:45:00,1,0,0.3964011081056442
rf,gwo,1,2625,2024-06-24 12:50:00,1,0,0.45941721097005705
rf,gwo,1,2626,2024-06-24 12:55:00,1,1,0.6479272480377722
rf,gwo,1,2627,2024-06-24 13:00:00,1,0,0.458298549755573
rf,gwo,1,2628,2024-06-24 13:05:00,1,1,0.6431480657560344
rf,gwo,1,2629,2024-06-24 13:10:00,1,1,0.6478754416363037
rf,gwo,1,2630,2024-06-24 13:15:00,1,1,0.744065155787176
rf,gwo,1,2631,2024-06-24 13:20:00,1,1,0.7613564826434228
rf,gwo,1,2632,2024-06-24 13:25:00,1,1,0.7492041450556108
rf,gwo,1,2633,2024-06-24 13:30:00,1,1,0.5691830092588336
rf,gwo,1,2634,2024-06-24 13:35:00,1,1,0.5481232415048308
rf,gwo,1,2635,2024-06-24 13:40:00,1,0,0.479281247603021
rf,gwo,1,2636,2024-06-24 13:45:00,1,0,0.4984939980703509
rf,gwo,1,2637,2024-06-24 13:50:00,1,0,0.40538585495138296
rf,gwo,1,2638,2024-06-24 13:55:00,1,1,0.6021707824413096
rf,gwo,1,2639,2024-06-24 14:00:00,1,1,0.5610358289356433
rf,gwo,1,2640,2024-06-24 14:05:00,1,0,0.43946025789180626
rf,gwo,1,2641,2024-06-24 14:10:00,1,0,0.4193039311002097
rf,gwo,1,2642,2024-06-24 14:15:00,1,0,0.4227475004933655
rf,gwo,1,2643,2024-06-24 14:20:00,1,0,0.4371087233901205
rf,gwo,1,2644,2024-06-24 14:25:00,1,1,0.6312465319472305
rf,gwo,1,2645,2024-06-24 14:30:00,1,1,0.5968379720938026
rf,gwo,1,2646,2024-06-24 14:35:00,0,1,0.7569683106252193
rf,gwo,1,2647,2024-06-24 14:40:00,0,1,0.6294654933300189
rf,gwo,1,2648,2024-06-24 14:45:00,0,1,0.502396891496688
rf,gwo,1,2649,2024-06-24 14:50:00,0,0,0.43406325273723123
rf,gwo,1,2650,2024-06-24 14:55:00,0,1,0.5552978441593488
rf,gwo,1,2651,2024-06-24 15:00:00,0,1,0.5917708993610213
rf,gwo,1,2652,2024-06-24 15:05:00,0,1,0.6008681718096072
rf,gwo,1,2653,2024-06-24 15:10:00,0,1,0.5596366001549186
rf,gwo,1,2654,2024-06-24 15:15:00,0,1,0.5358032506526518
rf,gwo,1,2655,2024-06-24 15:20:00,0,0,0.42383118980206097
rf,gwo,1,2656,2024-06-24 15:25:00,0,0,0.4362434650845141
rf,gwo,1,2657,2024-06-24 15:30:00,1,0,0.37442029311070346
rf,gwo,1,2658,2024-06-24 15:35:00,1,0,0.4343178939767269
rf,gwo,1,2659,2024-06-24 15:40:00,1,1,0.6105475787500046
rf,gwo,1,2660,2024-06-24 15:45:00,1,1,0.6378699296557631
rf,gwo,1,2661,2024-06-24 15:50:00,1,0,0.44232040533157685
rf,gwo,1,2662,2024-06-24 15:55:00,1,0,0.4371003247087917
rf,gwo,1,2663,2024-06-24 16:00:00,1,0,0.4415637351665075
rf,gwo,1,2664,2024-06-24 16:05:00,1,0,0.440664547856689
rf,gwo,1,2665,2024-06-24 16:10:00,1,1,0.5788739486889984
rf,gwo,1,2666,2024-06-24 16:15:00,1,1,0.6178581740568901
rf,gwo,1,2667,2024-06-24 16:20:00,1,1,0.6340278854613446
rf,gwo,1,2668,2024-06-24 16:25:00,1,0,0.4537504812156989
rf,gwo,1,2669,2024-06-24 16:30:00,1,1,0.6356667469125642
rf,gwo,1,2670,2024-06-24 16:35:00,1,1,0.618279345283509
rf,gwo,1,2671,2024-06-24 16:40:00,1,1,0.7535566168350629
rf,gwo,1,2672,2024-06-24 16:45:00,1,1,0.7625927049683915
rf,gwo,1,2673,2024-06-24 16:50:00,1,1,0.699342791968826
rf,gwo,1,2674,2024-06-24 16:55:00,1,1,0.5357369970917879
rf,gwo,1,2675,2024-06-24 17:00:00,1,1,0.5108371188114628
rf,gwo,1,2676,2024-06-24 17:05:00,1,0,0.32127677846220903
rf,gwo,1,2677,2024-06-24 17:10:00,1,0,0.42920519781521216
rf,gwo,1,2678,2024-06-24 17:15:00,0,1,0.5287222721657474
rf,gwo,1,2679,2024-06-24 17:20:00,0,1,0.544928167887903
rf,gwo,1,2680,2024-06-24 17:25:00,0,1,0.5418651021572846
rf,gwo,1,2681,2024-06-24 17:30:00,0,1,0.5473985850724676
rf,gwo,1,2682,2024-06-24 17:35:00,0,1,0.6330438140378705
rf,gwo,1,2683,2024-06-24 17:40:00,0,1,0.6033625816219185
rf,gwo,1,2684,2024-06-24 17:45:00,0,1,0.5504197314474116
rf,gwo,1,2685,2024-06-24 17:50:00,0,1,0.5626897846692309
rf,gwo,1,2686,2024-06-24 17:55:00,0,1,0.5556189185538126
rf,gwo,1,2687,2024-06-25 12:35:00,1,0,0.26701913977290265
rf,gwo,1,2688,2024-06-25 12:40:00,1,0,0.31134160475358386
rf,gwo,1,2689,2024-06-25 12:45:00,1,0,0.477147296618656
rf,gwo,1,2690,2024-06-25 12:50:00,1,0,0.4938761809242017
rf,gwo,1,2691,2024-06-25 12:55:00,1,1,0.5668048090948401
rf,gwo,1,2692,2024-06-25 13:00:00,1,1,0.6410910659776042
rf,gwo,1,2693,2024-06-25 13:05:00,1,1,0.5869545706208048
rf,gwo,1,2694,2024-06-25 13:10:00,1,0,0.4452986347249861
rf,gwo,1,2695,2024-06-25 13:15:00,1,0,0.4556481929950905
rf,gwo,1,2696,2024-06-25 13:20:00,1,1,0.5799918689826212
rf,gwo,1,2697,2024-06-25 13:25:00,1,1,0.6393778987967491
rf,gwo,1,2698,2024-06-25 13:30:00,1,1,0.5587930159981702
rf,gwo,1,2699,2024-06-25 13:35:00,1,1,0.7611736564097779
rf,gwo,1,2700,2024-06-25 13:40:00,1,1,0.6483033907269677
rf,gwo,1,2701,2024-06-25 13:45:00,1,1,0.7452194587776063
rf,gwo,1,2702,2024-06-25 13:50:00,1,1,0.7237805108760885
rf,gwo,1,2703,2024-06-25 13:55:00,1,1,0.6431605777857293
rf,gwo,1,2704,2024-06-25 14:00:00,1,1,0.6383701171996568
rf,gwo,1,2705,2024-06-25 14:05:00,1,1,0.6393091369844716
rf,gwo,1,2706,2024-06-25 14:10:00,1,1,0.7541653225257056
rf,gwo,1,2707,2024-06-25 14:15:00,1,1,0.6277087776748206
rf,gwo,1,2708,2024-06-25 14:20:00,1,0,0.4316712134049382
rf,gwo,1,2709,2024-06-25 14:25:00,1,1,0.5251582966051228
rf,gwo,1,2710,2024-06-25 14:30:00,1,1,0.6461514092598064
rf,gwo,1,2711,2024-06-25 14:35:00,1,1,0.5344973925009144
rf,gwo,1,2712,2024-06-25 14:40:00,1,1,0.6447372785203828
rf,gwo,1,2713,2024-06-25 14:45:00,1,1,0.6445926981720891
rf,gwo,1,2714,2024-06-25 14:50:00,0,1,0.7669356166378426
rf,gwo,1,2715,2024-06-25 14:55:00,0,1,0.7558118923644708
rf,gwo,1,2716,2024-06-25 15:00:00,0,1,0.7562772311514057
rf,gwo,1,2717,2024-06-25 15:05:00,0,1,0.7547287262990843
rf,gwo,1,2718,2024-06-25 15:10:00,0,1,0.7612857105778542
rf,gwo,1,2719,2024-06-25 15:15:00,0,1,0.536712210539202
rf,gwo,1,2720,2024-06-25 15:20:00,0,0,0.3154186108397116
rf,gwo,1,2721,2024-06-25 15:25:00,0,0,0.49323530213271566
rf,gwo,1,2722,2024-06-25 15:30:00,0,0,0.48951927126638733
rf,gwo,1,2723,2024-06-25 15:35:00,0,0,0.4684763390024391
rf,gwo,1,2724,2024-06-25 15:40:00,0,0,0.35405795527671796
rf,gwo,1,2725,2024-06-25 15:45:00,0,1,0.5573605064494459
rf,gwo,1,2726,2024-06-25 15:50:00,0,0,0.4309611457784841
rf,gwo,1,2727,2024-06-25 15:55:00,0,0,0.43779026363532497
rf,gwo,1,2728,2024-06-25 16:00:00,0,1,0.6092721183916173
rf,gwo,1,2729,2024-06-25 16:05:00,0,0,0.3955407884939235
rf,gwo,1,2730,2024-06-25 16:10:00,0,0,0.44670013087629357
rf,gwo,1,2731,2024-06-25 16:15:00,0,0,0.45502721551911973
rf,gwo,1,2732,2024-06-25 16:20:00,0,0,0.44177301486531073
rf,gwo,1,2733,2024-06-25 16:25:00,0,1,0.5803409531291824
rf,gwo,1,2734,2024-06-25 16:30:00,0,0,0.43824391593966683
rf,gwo,1,2735,2024-06-25 16:35:00,0,0,0.3973544832727243
rf,gwo,1,2736,2024-06-25 16:40:00,1,0,0.3564451201914989
rf,gwo,1,2737,2024-06-25 16:45:00,1,0,0.41783567719240283
rf,gwo,1,2738,2024-06-25 16:50:00,1,0,0.4250757314388517
rf,gwo,1,2739,2024-06-25 16:55:00,1,0,0.45378867519685234
rf,gwo,1,2740,2024-06-25 17:00:00,1,1,0.6451009434098606
rf,gwo,1,2741,2024-06-25 17:05:00,1,1,0.6320186992164184
rf,gwo,1,2742,2024-06-25 17:10:00,1,1,0.6051257852299281
rf,gwo,1,2743,2024-06-25 17:15:00,1,1,0.6305962873826698
rf,gwo,1,2744,2024-06-25 17:20:00,1,1,0.5984633511105834
rf,gwo,1,2745,2024-06-25 17:25:00,1,1,0.6450861984625997
rf,gwo,1,2746,2024-06-25 17:30:00,0,1,0.64123736263819
rf,gwo,1,2747,2024-06-25 17:35:00,0,1,0.6076491869423458
rf,gwo,1,2748,2024-06-25 17:40:00,0,1,0.551818386757014
rf,gwo,1,2749,2024-06-25 17:45:00,0,1,0.549370481156882
rf,gwo,1,2750,2024-06-25 17:50:00,0,1,0.5553158975426191
rf,gwo,1,2751,2024-06-25 17:55:00,0,1,0.5555573155162726
rf,gwo,1,2752,2024-06-26 10:40:00,1,0,0.28664775344530546
rf,gwo,1,2753,2024-06-26 10:45:00,1,0,0.26153843888937855
rf,gwo,1,2754,2024-06-26 10:50:00,1,0,0.3801663969272445
rf,gwo,1,2755,2024-06-26 10:55:00,1,1,0.536708814530842
rf,gwo,1,2756,2024-06-26 11:00:00,1,1,0.7439879697894618
rf,gwo,1,2757,2024-06-26 11:05:00,1,1,0.5786313730328455
rf,gwo,1,2758,2024-06-26 11:10:00,1,1,0.5613920410625527
rf,gwo,1,2759,2024-06-26 11:15:00,1,1,0.7599742156074079
rf,gwo,1,2760,2024-06-26 11:20:00,1,1,0.7692069144486242
rf,gwo,1,2761,2024-06-26 11:25:00,1,1,0.7507330873542108
rf,gwo,1,2762,2024-06-26 11:30:00,1,0,0.48116088187929396
rf,gwo,1,2763,2024-06-26 11:35:00,1,1,0.5449379422404633
rf,gwo,1,2764,2024-06-26 11:40:00,1,0,0.36929151691444634
rf,gwo,1,2765,2024-06-26 11:45:00,1,0,0.3885546306651443
rf,gwo,1,2766,2024-06-26 11:50:00,1,1,0.5579171927983023
rf,gwo,1,2767,2024-06-26 11:55:00,1,1,0.5233946425357026
rf,gwo,1,2768,2024-06-26 12:00:00,1,1,0.6279350137090288
rf,gwo,1,2769,2024-06-26 12:05:00,1,1,0.7233989179296101
rf,gwo,1,2770,2024-06-26 12:10:00,1,0,0.42869906977657446
rf,gwo,1,2771,2024-06-26 12:15:00,1,0,0.35467578155485663
rf,gwo,1,2772,2024-06-26 12:20:00,1,1,0.5760407334361473
rf,gwo,1,2773,2024-06-26 12:25:00,1,1,0.635509696280211
rf,gwo,1,2774,2024-06-26 12:30:00,1,1,0.5534689519755426
rf,gwo,1,2775,2024-06-26 12:35:00,1,1,0.7442484508762875
rf,gwo,1,2776,2024-06-26 12:40:00,1,1,0.7392181280579365
rf,gwo,1,2777,2024-06-26 12:45:00,1,1,0.7330826883625476
rf,gwo,1,2778,2024-06-26 12:50:00,1,1,0.7572211494246197
rf,gwo,1,2779,2024-06-26 12:55:00,1,1,0.7406471326938315
rf,gwo,1,2780,2024-06-26 13:00:00,1,1,0.7339751446662551
rf,gwo,1,2781,2024-06-26 13:05:00,1,1,0.7781221982852361
rf,gwo,1,2782,2024-06-26 13:10:00,1,1,0.7426403976905874
rf,gwo,1,2783,2024-06-26 13:15:00,1,1,0.7358390030443233
rf,gwo,1,2784,2024-06-26 13:20:00,1,1,0.7587165586914145
rf,gwo,1,2785,2024-06-26 13:25:00,1,1,0.7046008678218023
rf,gwo,1,2786,2024-06-26 13:30:00,1,1,0.7164372833804087
rf,gwo,1,2787,2024-06-26 13:35:00,1,1,0.7620473997761835
rf,gwo,1,2788,2024-06-26 13:40:00,1,1,0.7614986262480882
rf,gwo,1,2789,2024-06-26 13:45:00,1,1,0.7619781772167327
rf,gwo,1,2790,2024-06-26 13:50:00,1,1,0.7671312779980902
rf,gwo,1,2791,2024-06-26 13:55:00,1,1,0.6213398298253663
rf,gwo,1,2792,2024-06-26 14:00:00,1,1,0.7481173429555092
rf,gwo,1,2793,2024-06-26 14:05:00,1,0,0.48614486964748793
rf,gwo,1,2794,2024-06-26 14:10:00,1,0,0.3503220378995627
rf,gwo,1,2795,2024-06-26 14:15:00,1,0,0.433183919213036
rf,gwo,1,2796,2024-06-26 14:20:00,1,1,0.5399027794870751
rf,gwo,1,2797,2024-06-26 14:25:00,1,1,0.6321800870497706
rf,gwo,1,2798,2024-06-26 14:30:00,1,1,0.7493286055992985
rf,gwo,1,2799,2024-06-26 14:35:00,1,1,0.6261811609582866
rf,gwo,1,2800,2024-06-26 14:40:00,1,1,0.5497369698742101
rf,gwo,1,2801,2024-06-26 14:45:00,1,1,0.5424097413402318
rf,gwo,1,2802,2024-06-26 14:50:00,1,0,0.4738431923983234
rf,gwo,1,2803,2024-06-26 14:55:00,1,1,0.6199547842163842
rf,gwo,1,2804,2024-06-26 15:00:00,1,1,0.7506268663307887
rf,gwo,1,2805,2024-06-26 15:05:00,1,1,0.7643433751297667
rf,gwo,1,2806,2024-06-26 15:10:00,0,1,0.7559880636217038
rf,gwo,1,2807,2024-06-26 15:15:00,0,1,0.7623157223124349
rf,gwo,1,2808,2024-06-26 15:20:00,0,1,0.7568370040117349
rf,gwo,1,2809,2024-06-26 15:25:00,0,1,0.5385774920153409
rf,gwo,1,2810,2024-06-26 15:30:00,0,0,0.48751648652034996
rf,gwo,1,2811,2024-06-26 15:35:00,0,0,0.4839986829278501
rf,gwo,1,2812,2024-06-26 15:40:00,0,0,0.3669426980191435
rf,gwo,1,2813,2024-06-26 15:45:00,0,0,0.3530942731441271
rf,gwo,1,2814,2024-06-26 15:50:00,0,0,0.31125635269160384
rf,gwo,1,2815,2024-06-26 15:55:00,0,0,0.24434953058673092
rf,gwo,1,2816,2024-06-26 16:00:00,0,0,0.3167398481856734
rf,gwo,1,2817,2024-06-26 16:05:00,0,0,0.26772844715228544
rf,gwo,1,2818,2024-06-26 16:10:00,1,0,0.3740766096806601
rf,gwo,1,2819,2024-06-26 16:15:00,1,0,0.4761897276305344
rf,gwo,1,2820,2024-06-26 16:20:00,1,1,0.6472837674476333
rf,gwo,1,2821,2024-06-26 16:25:00,1,1,0.751041847227017
rf,gwo,1,2822,2024-06-26 16:30:00,1,1,0.7355070663758658
rf,gwo,1,2823,2024-06-26 16:35:00,1,1,0.7417659895852088
rf,gwo,1,2824,2024-06-26 16:40:00,1,1,0.7516499030660003
rf,gwo,1,2825,2024-06-26 16:45:00,1,1,0.7468286889910067
rf,gwo,1,2826,2024-06-26 16:50:00,0,1,0.7129547993115871
rf,gwo,1,2827,2024-06-26 16:55:00,0,1,0.7712931416464136
rf,gwo,1,2828,2024-06-26 17:00:00,0,1,0.7258742493755947
rf,gwo,1,2829,2024-06-26 17:05:00,0,1,0.7569384199292566
rf,gwo,1,2830,2024-06-26 17:10:00,0,1,0.5514537789078848
rf,gwo,1,2831,2024-06-26 17:15:00,0,0,0.48103377767486954
rf,gwo,1,2832,2024-06-26 17:20:00,0,0,0.323559897682347
rf,gwo,1,2833,2024-06-26 17:25:00,0,0,0.3389470419082521
rf,gwo,1,2834,2024-06-26 17:30:00,1,0,0.3705697285766636
rf,gwo,1,2835,2024-06-26 17:35:00,1,0,0.3677102067266355
rf,gwo,1,2836,2024-06-26 17:40:00,1,1,0.5225463422449971
rf,gwo,1,2837,2024-06-26 17:45:00,1,1,0.5483366887815013
rf,gwo,1,2838,2024-06-26 17:50:00,1,1,0.7476093572936935
rf,gwo,1,2839,2024-06-26 17:55:00,1,1,0.7524327275923586
rf,gwo,1,2840,2024-06-27 10:55:00,0,1,0.7146368856879833
rf,gwo,1,2841,2024-06-27 11:00:00,0,1,0.667239979530339
rf,gwo,1,2842,2024-06-27 11:05:00,0,1,0.5705746745192583
rf,gwo,1,2843,2024-06-27 11:10:00,0,1,0.7589884724806585
rf,gwo,1,2844,2024-06-27 11:15:00,0,0,0.4318109026893262
rf,gwo,1,2845,2024-06-27 11:20:00,0,0,0.30559846882063313
rf,gwo,1,2846,2024-06-27 11:25:00,0,0,0.24052565267908121
rf,gwo,1,2847,2024-06-27 11:30:00,0,0,0.29723375085605225
rf,gwo,1,2848,2024-06-27 11:35:00,0,0,0.35929689721954194
rf,gwo,1,2849,2024-06-27 11:40:00,0,0,0.35392720188093907
rf,gwo,1,2850,2024-06-27 11:45:00,0,0,0.34085774079688863
rf,gwo,1,2851,2024-06-27 11:50:00,0,0,0.27668816210021036
rf,gwo,1,2852,2024-06-27 11:55:00,0,0,0.2328040808760675
rf,gwo,1,2853,2024-06-27 12:00:00,1,0,0.16562333018784928
rf,gwo,1,2854,2024-06-27 12:05:00,1,0,0.22020489426592443
rf,gwo,1,2855,2024-06-27 12:10:00,1,0,0.31321734755759884
rf,gwo,1,2856,2024-06-27 12:15:00,1,0,0.375661361004621
rf,gwo,1,2857,2024-06-27 12:20:00,1,0,0.47286368820019736
rf,gwo,1,2858,2024-06-27 12:25:00,1,1,0.5678511984323384
rf,gwo,1,2859,2024-06-27 12:30:00,1,1,0.7490995923570382
rf,gwo,1,2860,2024-06-27 12:35:00,1,1,0.7638444063853442
rf,gwo,1,2861,2024-06-27 12:40:00,1,1,0.7893595193639995
rf,gwo,1,2862,2024-06-27 12:45:00,1,1,0.7617759899246523
rf,gwo,1,2863,2024-06-27 12:50:00,1,1,0.7283128456492607
rf,gwo,1,2864,2024-06-27 12:55:00,0,1,0.7310636343517799
rf,gwo,1,2865,2024-06-27 13:00:00,0,1,0.7526061284642868
rf,gwo,1,2866,2024-06-27 13:05:00,0,1,0.5103723571862842
rf,gwo,1,2867,2024-06-27 13:10:00,0,0,0.4783684539488718
rf,gwo,1,2868,2024-06-27 13:15:00,0,0,0.3253983812957427
rf,gwo,1,2869,2024-06-27 13:20:00,0,1,0.5165502620832033
rf,gwo,1,2870,2024-06-27 13:25:00,0,0,0.42328934064843515
rf,gwo,1,2871,2024-06-27 13:30:00,0,0,0.42579213041281594
rf,gwo,1,2872,2024-06-27 13:35:00,0,0,0.42567952012169297
rf,gwo,1,2873,2024-06-27 13:40:00,0,1,0.5977429922546539
rf,gwo,1,2874,2024-06-27 13:45:00,0,1,0.6395238713318565
rf,gwo,1,2875,2024-06-27 13:50:00,0,1,0.6246862902635418
rf,gwo,1,2876,2024-06-27 13:55:00,0,1,0.5580175286318609
rf,gwo,1,2877,2024-06-27 14:00:00,0,1,0.5590381545742706
rf,gwo,1,2878,2024-06-27 14:05:00,0,0,0.4332056873710299
rf,gwo,1,2879,2024-06-27 14:10:00,1,0,0.33672399994645735
rf,gwo,1,2880,2024-06-27 14:15:00,1,0,0.39895289680854884
rf,gwo,1,2881,2024-06-27 14:20:00,1,1,0.7293438642271602
rf,gwo,1,2882,2024-06-27 14:25:00,1,1,0.7717188441567528
rf,gwo,1,2883,2024-06-27 14:30:00,1,1,0.7630957498819142
rf,gwo,1,2884,2024-06-27 14:35:00,1,1,0.76216547945236
rf,gwo,1,2885,2024-06-27 14:40:00,1,1,0.771362459961249
rf,gwo,1,2886,2024-06-27 14:45:00,1,1,0.7231021689907839
rf,gwo,1,2887,2024-06-27 14:50:00,1,1,0.7246527486903013
rf,gwo,1,2888,2024-06-27 14:55:00,1,1,0.7393312907506671
rf,gwo,1,2889,2024-06-27 15:00:00,1,1,0.7453350161894683
rf,gwo,1,2890,2024-06-27 15:05:00,1,1,0.5049999537167089
rf,gwo,1,2891,2024-06-27 15:10:00,1,1,0.5305717157660281
rf,gwo,1,2892,2024-06-27 15:15:00,1,1,0.5382907005039866
rf,gwo,1,2893,2024-06-27 15:20:00,1,1,0.533314873666044
rf,gwo,1,2894,2024-06-27 15:25:00,1,1,0.5406152190340754
rf,gwo,1,2895,2024-06-27 15:30:00,1,1,0.7496602545775783
rf,gwo,1,2896,2024-06-27 15:35:00,1,1,0.7702559698721781
rf,gwo,1,2897,2024-06-27 15:40:00,1,1,0.7598175651221049
rf,gwo,1,2898,2024-06-27 15:45:00,1,1,0.7654978444232804
rf,gwo,1,2899,2024-06-27 15:50:00,1,1,0.7249179208706199
rf,gwo,1,2900,2024-06-27 15:55:00,1,1,0.7495731894209965
rf,gwo,1,2901,2024-06-27 16:00:00,1,1,0.7371516647047879
rf,gwo,1,2902,2024-06-27 16:05:00,1,1,0.7320475868729048
rf,gwo,1,2903,2024-06-27 16:10:00,1,1,0.7342897515244424
rf,gwo,1,2904,2024-06-27 16:15:00,1,1,0.5582155481954318
rf,gwo,1,2905,2024-06-27 16:20:00,1,0,0.47179585531699264
rf,gwo,1,2906,2024-06-27 16:25:00,1,0,0.48078679390583823
rf,gwo,1,2907,2024-06-27 16:30:00,1,0,0.33147165586828353
rf,gwo,1,2908,2024-06-27 16:35:00,1,0,0.3195917595583611
rf,gwo,1,2909,2024-06-27 16:40:00,1,1,0.5511111469137198
rf,gwo,1,2910,2024-06-27 16:45:00,1,1,0.7557479609671326
rf,gwo,1,2911,2024-06-27 16:50:00,1,1,0.6465976513432213
rf,gwo,1,2912,2024-06-27 16:55:00,1,1,0.7527799109037834
rf,gwo,1,2913,2024-06-27 17:00:00,1,1,0.7477449376870724
rf,gwo,1,2914,2024-06-27 17:05:00,1,1,0.7572667375170853
rf,gwo,1,2915,2024-06-27 17:10:00,1,1,0.6463037561148434
rf,gwo,1,2916,2024-06-27 17:15:00,1,0,0.49343786052741184
rf,gwo,1,2917,2024-06-27 17:20:00,1,0,0.49960422403870824
rf,gwo,1,2918,2024-06-27 17:25:00,1,1,0.5524263345132553
rf,gwo,1,2919,2024-06-27 17:30:00,1,1,0.5531184303205317
rf,gwo,1,2920,2024-06-27 17:35:00,1,1,0.5076341026834948
rf,gwo,1,2921,2024-06-27 17:40:00,1,1,0.5430635033400003
rf,gwo,1,2922,2024-06-27 17:45:00,1,1,0.5541496258708378
rf,gwo,1,2923,2024-06-27 17:50:00,1,1,0.6522031907425742
rf,gwo,1,2924,2024-06-27 17:55:00,0,1,0.7368198280937286
rf,gwo,1,2925,2024-06-28 10:40:00,0,0,0.30040772944400274
rf,gwo,1,2926,2024-06-28 10:45:00,0,0,0.16037473936676777
rf,gwo,1,2927,2024-06-28 10:50:00,0,0,0.14226867431066448
rf,gwo,1,2928,2024-06-28 10:55:00,0,0,0.1474358233891211
rf,gwo,1,2929,2024-06-28 11:00:00,1,0,0.12863968561443037
rf,gwo,1,2930,2024-06-28 11:05:00,1,0,0.20272642778054387
rf,gwo,1,2931,2024-06-28 11:10:00,1,0,0.1818109946919681
rf,gwo,1,2932,2024-06-28 11:15:00,1,0,0.32277898508504066
rf,gwo,1,2933,2024-06-28 11:20:00,1,1,0.6889666349968419
rf,gwo,1,2934,2024-06-28 11:25:00,1,1,0.7065397817330756
rf,gwo,1,2935,2024-06-28 11:30:00,1,1,0.7576445744313383
rf,gwo,1,2936,2024-06-28 11:35:00,1,1,0.7612450454948845
rf,gwo,1,2937,2024-06-28 11:40:00,1,1,0.7194428332421523
rf,gwo,1,2938,2024-06-28 11:45:00,1,1,0.7372801425050536
rf,gwo,1,2939,2024-06-28 11:50:00,1,1,0.7110283588298251
rf,gwo,1,2940,2024-06-28 11:55:00,1,1,0.7552865093594644
rf,gwo,1,2941,2024-06-28 12:00:00,1,1,0.7411066893360099
rf,gwo,1,2942,2024-06-28 12:05:00,1,1,0.7183214836182361
rf,gwo,1,2943,2024-06-28 12:10:00,1,1,0.7059376123602543
rf,gwo,1,2944,2024-06-28 12:15:00,1,1,0.6444157765782457
rf,gwo,1,2945,2024-06-28 12:20:00,1,1,0.7169232715426094
rf,gwo,1,2946,2024-06-28 12:25:00,1,0,0.46387458479567106
rf,gwo,1,2947,2024-06-28 12:30:00,1,1,0.5070769367790404
rf,gwo,1,2948,2024-06-28 12:35:00,0,1,0.7466158326673655
rf,gwo,1,2949,2024-06-28 12:40:00,0,1,0.7599006758864261
rf,gwo,1,2950,2024-06-28 12:45:00,0,1,0.53658787351037
rf,gwo,1,2951,2024-06-28 12:50:00,0,0,0.3978629069005882
rf,gwo,1,2952,2024-06-28 12:55:00,0,0,0.35807190312346265
rf,gwo,1,2953,2024-06-28 13:00:00,0,0,0.29329130009099186
rf,gwo,1,2954,2024-06-28 13:05:00,0,0,0.33186607369808246
rf,gwo,1,2955,2024-06-28 13:10:00,0,0,0.26887379968091674
rf,gwo,1,2956,2024-06-28 13:15:00,0,0,0.33290439886913
rf,gwo,1,2957,2024-06-28 13:20:00,0,0,0.35108456758047263
rf,gwo,1,2958,2024-06-28 13:25:00,0,0,0.3792629803629264
rf,gwo,1,2959,2024-06-28 13:30:00,0,0,0.3648907871815992
rf,gwo,1,2960,2024-06-28 13:35:00,1,0,0.3842976754426238
rf,gwo,1,2961,2024-06-28 13:40:00,1,0,0.4927291287188545
rf,gwo,1,2962,2024-06-28 13:45:00,1,0,0.47640908169803586
rf,gwo,1,2963,2024-06-28 13:50:00,1,0,0.4090934528614768
rf,gwo,1,2964,2024-06-28 13:55:00,1,1,0.6421781461911236
rf,gwo,1,2965,2024-06-28 14:00:00,1,1,0.6499696902221493
rf,gwo,1,2966,2024-06-28 14:05:00,1,1,0.6319624003937004
rf,gwo,1,2967,2024-06-28 14:10:00,1,1,0.5633193059900354
rf,gwo,1,2968,2024-06-28 14:15:00,1,1,0.5615660138882559
rf,gwo,1,2969,2024-06-28 14:20:00,1,1,0.7562492796772258
rf,gwo,1,2970,2024-06-28 14:25:00,1,1,0.7552051093512322
rf,gwo,1,2971,2024-06-28 14:30:00,1,1,0.6123955397690736
rf,gwo,1,2972,2024-06-28 14:35:00,1,1,0.764407854414165
rf,gwo,1,2973,2024-06-28 14:40:00,1,1,0.772644648012735
rf,gwo,1,2974,2024-06-28 14:45:00,0,1,0.7789902046407561
rf,gwo,1,2975,2024-06-28 14:50:00,0,1,0.7539059283711333
rf,gwo,1,2976,2024-06-28 14:55:00,0,1,0.5236225862527051
rf,gwo,1,2977,2024-06-28 15:00:00,0,0,0.3524848990513738
rf,gwo,1,2978,2024-06-28 15:05:00,0,0,0.37422375190655605
rf,gwo,1,2979,2024-06-28 15:10:00,0,0,0.4177724158038312
rf,gwo,1,2980,2024-06-28 15:15:00,0,0,0.4175667894942907
rf,gwo,1,2981,2024-06-28 15:20:00,0,0,0.43835625386448407
rf,gwo,1,2982,2024-06-28 15:25:00,0,0,0.43930720876686546
rf,gwo,1,2983,2024-06-28 15:30:00,0,0,0.35641957330630825
rf,gwo,1,2984,2024-06-28 15:35:00,0,0,0.2580105912112814
rf,gwo,1,2985,2024-06-28 15:40:00,0,0,0.23468504273913296
rf,gwo,1,2986,2024-06-28 15:45:00,0,0,0.35108654035530523
rf,gwo,1,2987,2024-06-28 15:50:00,0,0,0.3833266787132976
rf,gwo,1,2988,2024-06-28 15:55:00,0,0,0.47067756767947805
rf,gwo,1,2989,2024-06-28 16:00:00,0,0,0.49727039488382596
rf,gwo,1,2990,2024-06-28 16:05:00,0,0,0.3972980075983258
rf,gwo,1,2991,2024-06-28 16:10:00,0,0,0.35951592818235345
rf,gwo,1,2992,2024-06-28 16:15:00,1,0,0.36127210633137324
rf,gwo,1,2993,2024-06-28 16:20:00,1,0,0.489753600454237
rf,gwo,1,2994,2024-06-28 16:25:00,1,1,0.6274298130742605
rf,gwo,1,2995,2024-06-28 16:30:00,1,1,0.6608890723851301
rf,gwo,1,2996,2024-06-28 16:35:00,1,1,0.6355300221784776
rf,gwo,1,2997,2024-06-28 16:40:00,1,1,0.6307435175579141
rf,gwo,1,2998,2024-06-28 16:45:00,1,1,0.6512957642207216
rf,gwo,1,2999,2024-06-28 16:50:00,1,1,0.7568075440876824
rf,gwo,1,3000,2024-06-28 16:55:00,0,1,0.7675286062054794
rf,gwo,1,3001,2024-06-28 17:00:00,0,1,0.7580575100769781
rf,gwo,1,3002,2024-06-28 17:05:00,0,1,0.6390361767128686
rf,gwo,1,3003,2024-06-28 17:10:00,0,1,0.6443992214051945
rf,gwo,1,3004,2024-06-28 17:15:00,0,1,0.5004664753304906
rf,gwo,1,3005,2024-06-28 17:20:00,0,0,0.41682166430960343
rf,gwo,1,3006,2024-06-28 17:25:00,0,0,0.38669242084652516
rf,gwo,1,3007,2024-06-28 17:30:00,0,0,0.4304556622028623
rf,gwo,1,3008,2024-06-28 17:35:00,0,0,0.433958734862928
rf,gwo,1,3009,2024-06-28 17:40:00,0,1,0.566864997393533
rf,gwo,1,3010,2024-06-28 17:45:00,0,1,0.5641535537506807
rf,gwo,1,3011,2024-06-28 17:50:00,0,1,0.5591313655626482
