model_type,optimizer,seed,evaluation_id,best_fitness_so_far,mean_fitness_so_far
rf,ga,1,1,0.6886292125152975,0.6886292125152975
rf,ga,1,2,0.7323085003919019,0.7104688564535997
rf,ga,1,3,0.7323085003919019,0.7106016316181977
rf,ga,1,4,0.7323085003919019,0.699439678559923
rf,ga,1,5,0.7323085003919019,0.698047821725224
rf,ga,1,6,0.7323085003919019,0.7027348351358018
rf,ga,1,7,0.7323085003919019,0.7047007956201388
rf,ga,1,8,0.7323085003919019,0.7047595342800865
rf,ga,1,9,0.7323085003919019,0.7036353908711459
rf,ga,1,10,0.7323085003919019,0.7060910505441933
rf,ga,1,11,0.7323085003919019,0.7084744550758032
rf,ga,1,12,0.7323085003919019,0.7089026123501907
rf,ga,1,13,0.7323085003919019,0.7102308654146908
rf,ga,1,14,0.7323085003919019,0.7118078393416345
rf,ga,1,15,0.7323085003919019,0.7114465643465496
rf,ga,1,16,0.7355410333051972,0.7129524686564652
rf,ga,1,17,0.7355410333051972,0.7131414303026911
rf,ga,1,18,0.7355410333051972,0.7138652342963578
rf,ga,1,19,0.7355410333051972,0.7143567250848094
rf,ga,1,20,0.7355410333051972,0.7143039973591021
rf,ga,1,21,0.7355410333051972,0.7153152847851066
rf,ga,1,22,0.7355410333051972,0.7162346369905652
rf,ga,1,23,0.7355410333051972,0.7169335006167102
rf,ga,1,24,0.7355410333051972,0.7177088144787307
rf,ga,1,25,0.7355410333051972,0.7177049131089069
rf,ga,1,26,0.7425057810237877,0.7186587926440946
rf,ga,1,27,0.7425057810237877,0.7191725217870321
rf,ga,1,28,0.7425057810237877,0.7196416638800631
rf,ga,1,29,0.7425057810237877,0.7199390376163353
rf,ga,1,30,0.7425057810237877,0.7204591041392974
rf,ga,1,31,0.7425057810237877,0.7211702872646034
rf,ga,1,32,0.7425057810237877,0.721619373078372
rf,ga,1,33,0.742770927028777,0.7222603292586872
rf,ga,1,34,0.742770927028777,0.722580830543196
rf,ga,1,35,0.742770927028777,0.7231501148426415
rf,ga,1,36,0.742770927028777,0.7234943070221569
rf,ga,1,37,0.742770927028777,0.7240081306438225
rf,ga,1,38,0.742770927028777,0.7243116280822798
rf,ga,1,39,0.742770927028777,0.7245995615495341
rf,ga,1,40,0.742770927028777,0.7248730983434257
rf,ga,1,41,0.742770927028777,0.7253096307503856
rf,ga,1,42,0.742770927028777,0.7257190628997522
rf,ga,1,43,0.742770927028777,0.7261094516933344
rf,ga,1,44,0.742770927028777,0.7263870207679173
rf,ga,1,45,0.742770927028777,0.7267452154402699
rf,ga,1,46,0.742770927028777,0.727087836431216
rf,ga,1,47,0.742770927028777,0.7274158778055261
rf,ga,1,48,0.742770927028777,0.7277302507892399
rf,ga,1,49,0.742770927028777,0.7280372033655571
rf,ga,1,50,0.742770927028777,0.7281872799643498
rf,ga,1,51,0.742770927028777,0.7284732338283583
rf,ga,1,52,0.742770927028777,0.7287430905051935
rf,ga,1,53,0.742770927028777,0.7290077666660159
rf,ga,1,54,0.742770927028777,0.729262640006067
rf,ga,1,55,0.742770927028777,0.7294096673324585
rf,ga,1,56,0.742770927028777,0.7296435265055177
rf,ga,1,57,0.742770927028777,0.7298738317778556
rf,ga,1,58,0.742770927028777,0.7300916240062337
rf,ga,1,59,0.742770927028777,0.7303065274472939
rf,ga,1,60,0.742770927028777,0.7305142674403186
rf,ga,1,61,0.742770927028777,0.7307151962860311
rf,ga,1,62,0.742770927028777,0.7309096435560754
rf,ga,1,63,0.742770927028777,0.7310979178969119
rf,ga,1,64,0.742770927028777,0.7312803086645971
rf,ga,1,65,0.742770927028777,0.7314570874086614
rf,ga,1,66,0.742770927028777,0.7316285092210875
rf,ga,1,67,0.742770927028777,0.7317948139644859
rf,ga,1,68,0.742770927028777,0.731956227391902
rf,ga,1,69,0.742770927028777,0.732112962169248
rf,ga,1,70,0.742770927028777,0.7322652188100984
rf,ga,1,71,0.742770927028777,0.7324131865314883
rf,ga,1,72,0.7454796553604707,0.7325946652652241
rf,ga,1,73,0.7454796553604707,0.7327340661113002
rf,ga,1,74,0.7454796553604707,0.7328696993669418
rf,ga,1,75,0.7454796553604707,0.7329576549194324
rf,ga,1,76,0.7454796553604707,0.7330867769208712
rf,ga,1,77,0.7454796553604707,0.7332125451040908
rf,ga,1,78,0.7454796553604707,0.7333350884620996
rf,ga,1,79,0.7454796553604707,0.7334545294566146
rf,ga,1,80,0.7454796553604707,0.7335709844262664
rf,ga,1,81,0.7454796553604707,0.7337180050550838
rf,ga,1,82,0.7454796553604707,0.7338284065425679
rf,ga,1,83,0.7454796553604707,0.7339361477532451
rf,ga,1,84,0.7454796553604707,0.7340735704628549
rf,ga,1,85,0.7454796553604707,0.734175892304807
rf,ga,1,86,0.7454796553604707,0.7342864773707194
rf,ga,1,87,0.7454796553604707,0.7343839997805821
rf,ga,1,88,0.7454796553604707,0.7344793057720388
rf,ga,1,89,0.7454796553604707,0.7346029052056167
rf,ga,1,90,0.7454796553604707,0.7346936610036517
rf,ga,1,91,0.7454796553604707,0.7348121884141662
rf,ga,1,92,0.7454796553604707,0.7349281391418434
rf,ga,1,93,0.7454796553604707,0.735022311924977
rf,ga,1,94,0.7454796553604707,0.7351335602593971
rf,ga,1,95,0.7454796553604707,0.735242466523619
rf,ga,1,96,0.7454796553604707,0.7353491039073363
rf,ga,1,97,0.7454796553604707,0.7354535425821109
rf,ga,1,98,0.7454796553604707,0.7355282097703422
rf,ga,1,99,0.7454796553604707,0.7356104654661861
rf,ga,1,100,0.7454796553604707,0.7356820700818121
rf,ga,1,101,0.7454796553604707,0.7357790758766503
rf,ga,1,102,0.7454796553604707,0.7358741795970798
rf,ga,1,103,0.7454796553604707,0.7359674366433263
rf,ga,1,104,0.7454796553604707,0.7360589002848374
rf,ga,1,105,0.7454796553604707,0.7361486217617482
rf,ga,1,106,0.7454796553604707,0.7362366503806042
rf,ga,1,107,0.7454796553604707,0.736323033604715
rf,ga,1,108,0.7454796553604707,0.7363325997241886
rf,ga,1,109,0.7454796553604707,0.7364165176658058
rf,ga,1,110,0.7454796553604707,0.7364989098266664
rf,ga,1,111,0.7454796553604707,0.7365798174440881
rf,ga,1,112,0.7454796553604707,0.7366592802826275
rf,ga,1,113,0.7454796553604707,0.7367373366992456
rf,ga,1,114,0.7454796553604707,0.7368140237050458
rf,ga,1,115,0.7454796553604707,0.7368893770237885
rf,ga,1,116,0.7454796553604707,0.7369634311473806
rf,ga,1,117,0.7454796553604707,0.7370362193885182
rf,ga,1,118,0.7454796553604707,0.7371077739306533
rf,ga,1,119,0.7454796553604707,0.7371781258754417
rf,ga,1,120,0.7454796553604707,0.737247305287817
rf,ga,1,121,0.7454796553604707,0.7373153412388307
rf,ga,1,122,0.7454796553604707,0.7373822618463851
rf,ga,1,123,0.7454796553604707,0.7374480943139793
rf,ga,1,124,0.7454796553604707,0.7375128649675801
rf,ga,1,125,0.7454796553604707,0.7375765992907232
rf,ga,1,126,0.7471254226635446,0.7376523836032058
rf,ga,1,127,0.7471254226635446,0.7377140156642866
rf,ga,1,128,0.7471254226635446,0.7377746847244131
rf,ga,1,129,0.7471254226635446,0.7378344131789559
rf,ga,1,130,0.7471254226635446,0.7378932227341983
rf,ga,1,131,0.7471254226635446,0.7379636975428193
rf,ga,1,132,0.7471254226635446,0.7380206366171954
rf,ga,1,133,0.7471254226635446,0.7380767194648893
rf,ga,1,134,0.7471254226635446,0.7381442471007001
rf,ga,1,135,0.7471254226635446,0.7381985834581799
rf,ga,1,136,0.7558615099230609,0.7383284579174805
rf,ga,1,137,0.7558615099230609,0.7383926693389846
rf,ga,1,138,0.7558615099230609,0.7385074888620564
rf,ga,1,139,0.7558615099230609,0.7385694883858082
rf,ga,1,140,0.7558615099230609,0.7386188467213414
rf,ga,1,141,0.7558615099230609,0.738741135112843
rf,ga,1,142,0.7558615099230609,0.7388001793913691
rf,ga,1,143,0.7558615099230609,0.7388468890135306
rf,ga,1,144,0.7558615099230609,0.7389043788305447
rf,ga,1,145,0.7558615099230609,0.7390213245622173
rf,ga,1,146,0.7558615099230609,0.7391255467468795
rf,ga,1,147,0.7558615099230609,0.7391799676714825
rf,ga,1,148,0.7558615099230609,0.7392225331288406
rf,ga,1,149,0.7558615099230609,0.7392645272377777
rf,ga,1,150,0.7558615099230609,0.7393643488130118
rf,ga,1,151,0.7558615099230609,0.7394736015355948
rf,ga,1,152,0.7558615099230609,0.7395814167223547
rf,ga,1,153,0.7558615099230609,0.7395773367565124
rf,ga,1,154,0.7558615099230609,0.7396830781407108
rf,ga,1,155,0.7558615099230609,0.7397769793367248
rf,ga,1,156,0.7558615099230609,0.7398800853020219
rf,ga,1,157,0.7558615099230609,0.7399262339476366
rf,ga,1,158,0.7558615099230609,0.7400270901246963
rf,ga,1,159,0.7558615099230609,0.7401164197952981
rf,ga,1,160,0.7558615099230609,0.7402148266085966
rf,ga,1,161,0.7558615099230609,0.7403120109770094
rf,ga,1,162,0.7558615099230609,0.7404079955384048
rf,ga,1,163,0.7558615099230609,0.7405028023751205
rf,ga,1,164,0.7558615099230609,0.7405964530309005
rf,ga,1,165,0.7558615099230609,0.7406889685272166
rf,ga,1,166,0.7558615099230609,0.7407803693789988
rf,ga,1,167,0.7558615099230609,0.7408706756098016
rf,ga,1,168,0.7558615099230609,0.7409599067664283
rf,ga,1,169,0.7558615099230609,0.7410480819330356
rf,ga,1,170,0.7558615099230609,0.7411352197447416
rf,ga,1,171,0.7558615099230609,0.7412213384007552
rf,ga,1,172,0.7558615099230609,0.7413064556770478
rf,ga,1,173,0.7642438439803568,0.7414390417366044
rf,ga,1,174,0.7642438439803568,0.7415219294848023
rf,ga,1,175,0.7642438439803568,0.7416038699444497
rf,ga,1,176,0.7642438439803568,0.7416848792625097
rf,ga,1,177,0.7642438439803568,0.7417649732210441
rf,ga,1,178,0.7642438439803568,0.7418441672474599
rf,ga,1,179,0.7642438439803568,0.7419224764244186
rf,ga,1,180,0.7642438439803568,0.741999915499411
rf,ga,1,181,0.7642438439803568,0.7421228101319024
rf,ga,1,182,0.7642438439803568,0.7421982974933924
rf,ga,1,183,0.7642438439803568,0.7422729598563961
rf,ga,1,184,0.7642438439803568,0.7423923668353305
rf,ga,1,185,0.7642438439803568,0.742465173014183
rf,ga,1,186,0.7642438439803568,0.7425371963308975
rf,ga,1,187,0.7642438439803568,0.7426025290517333
rf,ga,1,188,0.7642438439803568,0.7426730555457297
rf,ga,1,189,0.7642438439803568,0.7427428357276203
rf,ga,1,190,0.7642438439803568,0.7428118813812806
rf,ga,1,191,0.7642438439803568,0.742924090609548
rf,ga,1,192,0.7642438439803568,0.7430351309916876
rf,ga,1,193,0.7642438439803568,0.7431015889136118
rf,ga,1,194,0.7642438439803568,0.7432105696098321
rf,ga,1,195,0.7642438439803568,0.7433184325553219
rf,ga,1,196,0.7642438439803568,0.7434251948585109
rf,ga,1,197,0.7642438439803568,0.7435308732804492
rf,ga,1,198,0.7642438439803568,0.7435931492230885
rf,ga,1,199,0.7642438439803568,0.7436547992768574
rf,ga,1,200,0.7642438439803568,0.7437158328300885
rf,ga,1,201,0.7642438439803568,0.7438179622387963
rf,ga,1,202,0.7642438439803568,0.7439190804652396
rf,ga,1,203,0.7642438439803568,0.7440192024529988
rf,ga,1,204,0.7642438439803568,0.7441183428526427
rf,ga,1,205,0.7642438439803568,0.7442165160288754
rf,ga,1,206,0.7642438439803568,0.7442034136519202
rf,ga,1,207,0.7642438439803568,0.7443002273250044
rf,ga,1,208,0.7642438439803568,0.744396110097386
rf,ga,1,209,0.7642438439803568,0.7444910753312758
rf,ga,1,210,0.7642438439803568,0.7445851361343667
rf,ga,1,211,0.7642438439803568,0.7446783053658642
rf,ga,1,212,0.7642438439803568,0.7447705956423477
rf,ga,1,213,0.7642438439803568,0.7448620193434651
rf,ga,1,214,0.7642438439803568,0.7449525886174692
rf,ga,1,215,0.7642438439803568,0.7450423153865989
rf,ga,1,216,0.7642438439803568,0.7451312113523109
rf,ga,1,217,0.7642438439803568,0.7451979707255157
rf,ga,1,218,0.7642438439803568,0.7452853371165931
rf,ga,1,219,0.7642438439803568,0.745371905641085
rf,ga,1,220,0.7642438439803568,0.7454576871789909
rf,ga,1,221,0.7642438439803568,0.7455426924133861
rf,ga,1,222,0.7642438439803568,0.7456196509030462
rf,ga,1,223,0.7642438439803568,0.745703167463931
rf,ga,1,224,0.7642438439803568,0.7457859383412365
rf,ga,1,225,0.7642438439803568,0.7458679734774104
rf,ga,1,226,0.7642438439803568,0.7459492826389278
rf,ga,1,227,0.7642438439803568,0.7460298754201676
rf,ga,1,228,0.7642438439803568,0.746109761247186
rf,ga,1,229,0.7642438439803568,0.7461889493813919
rf,ga,1,230,0.7642438439803568,0.7462674489231266
rf,ga,1,231,0.7642438439803568,0.7463452688151492
rf,ga,1,232,0.7642438439803568,0.7464224178460339
rf,ga,1,233,0.7642438439803568,0.7464989046534773
rf,ga,1,234,0.7642438439803568,0.7465747377275238
rf,ga,1,235,0.7642438439803568,0.746649925413706
rf,ga,1,236,0.7642438439803568,0.7467244759161071
rf,ga,1,237,0.7642438439803568,0.7467983973003444
rf,ga,1,238,0.7642438439803568,0.7468558848836844
rf,ga,1,239,0.7642438439803568,0.746928637850616
rf,ga,1,240,0.7642438439803568,0.7470007845428234
rf,ga,1,241,0.7642438439803568,0.7470723325072944
rf,ga,1,242,0.7642438439803568,0.747143289166274
rf,ga,1,243,0.7642438439803568,0.7472136618198298
rf,ga,1,244,0.7642438439803568,0.7472570241301449
rf,ga,1,245,0.7642438439803568,0.7473263580887172
rf,ga,1,246,0.7642438439803568,0.7473951283565694
rf,ga,1,247,0.7642438439803568,0.7474633417801475
rf,ga,1,248,0.7642438439803568,0.747531005095471
rf,ga,1,249,0.7642438439803568,0.7475981249303502
rf,ga,1,250,0.7642438439803568,0.7476647078065501
rf,ga,1,251,0.7642438439803568,0.7477307601419041
rf,ga,1,252,0.7642438439803568,0.7477962882523741
rf,ga,1,253,0.7642438439803568,0.7478612983540657
rf,ga,1,254,0.7642438439803568,0.7479257965651929
rf,ga,1,255,0.7642438439803568,0.7479897889079974
rf,ga,1,256,0.7642438439803568,0.7480328764304123
rf,ga,1,257,0.7642438439803568,0.7480959541251593
rf,ga,1,258,0.7642438439803568,0.7481585428455282
rf,ga,1,259,0.7642438439803568,0.7482206482553152
rf,ga,1,260,0.7642438439803568,0.7480323676998052
rf,ga,1,261,0.7642438439803568,0.7480944806357461
rf,ga,1,262,0.7642438439803568,0.7481561194271378
rf,ga,1,263,0.7642438439803568,0.7482172894824731
rf,ga,1,264,0.7642438439803568,0.7482779961282984
rf,ga,1,265,0.7642438439803568,0.748338244610759
rf,ga,1,266,0.7642438439803568,0.7483980400971109
rf,ga,1,267,0.7642438439803568,0.7484573876771979
rf,ga,1,268,0.7642438439803568,0.7485162923648963
rf,ga,1,269,0.7642438439803568,0.7485747590995262
rf,ga,1,270,0.7642438439803568,0.7486327927472332
rf,ga,1,271,0.7642438439803568,0.7486903981023368
rf,ga,1,272,0.7642438439803568,0.748747579888653
rf,ga,1,273,0.7642438439803568,0.7488043427607838
rf,ga,1,274,0.7642438439803568,0.7488606913053807
rf,ga,1,275,0.7642438439803568,0.7489166300423806
rf,ga,1,276,0.7642438439803568,0.7489721634262139
rf,ga,1,277,0.7642438439803568,0.7490272958469869
rf,ga,1,278,0.7642438439803568,0.7490820316316394
rf,ga,1,279,0.7642438439803568,0.7491363750450758
rf,ga,1,280,0.7642438439803568,0.7491903302912731
rf,ga,1,281,0.7642438439803568,0.749243901514366
rf,ga,1,282,0.7642438439803568,0.7492970927997064
rf,ga,1,283,0.7642438439803568,0.749349908174903
rf,ga,1,284,0.7642438439803568,0.7494023516108377
rf,ga,1,285,0.7642438439803568,0.7494544270226605
rf,ga,1,286,0.7642438439803568,0.7495061382707644
rf,ga,1,287,0.7642438439803568,0.7495574891617386
rf,ga,1,288,0.7642438439803568,0.7496084834493032
rf,ga,1,289,0.7642438439803568,0.7496591248352238
rf,ga,1,290,0.7642438439803568,0.7497094169702071
rf,ga,1,291,0.7642438439803568,0.7497593634547781
rf,ga,1,292,0.7642438439803568,0.7498089678401397
rf,ga,1,293,0.7642438439803568,0.7498582336290142
rf,ga,1,294,0.7642438439803568,0.749861587762445
rf,ga,1,295,0.7642438439803568,0.7499103411733532
rf,ga,1,296,0.7642438439803568,0.7499587651693228
rf,ga,1,297,0.7642438439803568,0.7500068630777774
rf,ga,1,298,0.7642438439803568,0.7500546381814773
rf,ga,1,299,0.7642438439803568,0.7501020937192662
rf,ga,1,300,0.7642438439803568,0.7501492328868031
rf,ga,1,301,0.7642438439803568,0.7501960588372801
rf,ga,1,302,0.7642438439803568,0.7502425746821247
rf,ga,1,303,0.7642438439803568,0.7502887834916898
rf,ga,1,304,0.7642438439803568,0.7503346882959289
rf,ga,1,305,0.7642438439803568,0.7500719406272215
rf,ga,1,306,0.7642438439803568,0.7501182540368723
rf,ga,1,307,0.7642438439803568,0.7501642657304993
rf,ga,1,308,0.7642438439803568,0.750209978646895
rf,ga,1,309,0.7642438439803568,0.7502553956868091
rf,ga,1,310,0.7642438439803568,0.7503005197135624
rf,ga,1,311,0.7642438439803568,0.7503453535536486
rf,ga,1,312,0.7642438439803568,0.7503898999973239
rf,ga,1,313,0.7642438439803568,0.7504341617991868
rf,ga,1,314,0.7642438439803568,0.7504781416787446
rf,ga,1,315,0.7642438439803568,0.7505167109975991
rf,ga,1,316,0.7642438439803568,0.7505601512918483
rf,ga,1,317,0.7642438439803568,0.75059400627749
rf,ga,1,318,0.7642438439803568,0.7506369302954236
rf,ga,1,319,0.7642438439803568,0.7506795851972571
rf,ga,1,320,0.7642438439803568,0.7507219735059543
rf,ga,1,321,0.7642438439803568,0.7507640977130396
rf,ga,1,322,0.7642438439803568,0.7508059602790872
rf,ga,1,323,0.7642438439803568,0.7508475636341996
rf,ga,1,324,0.7642438439803568,0.7508739679525671
rf,ga,1,325,0.7642438439803568,0.7509151060326527
rf,ga,1,326,0.7642438439803568,0.7509559917318787
rf,ga,1,327,0.7642438439803568,0.7509966273656661
rf,ga,1,328,0.7642438439803568,0.7510370152211987
rf,ga,1,329,0.7642438439803568,0.7510771575578528
rf,ga,1,330,0.7642438439803568,0.7511170566076179
rf,ga,1,331,0.7642438439803568,0.7511567145755114
rf,ga,1,332,0.7642438439803568,0.7511961336399837
rf,ga,1,333,0.7642438439803568,0.7512353159533182
rf,ga,1,334,0.7642438439803568,0.7512742636420219
rf,ga,1,335,0.7642438439803568,0.7513129788072109
rf,ga,1,336,0.7642438439803568,0.7513514635249882
rf,ga,1,337,0.7642438439803568,0.7513897198468142
rf,ga,1,338,0.7642438439803568,0.751427749799872
rf,ga,1,339,0.7642438439803568,0.7514655553874251
rf,ga,1,340,0.7642438439803568,0.751503138589169
rf,ga,1,341,0.7642438439803568,0.751540501361577
rf,ga,1,342,0.7642438439803568,0.7515776456382401
rf,ga,1,343,0.7642438439803568,0.7516145733301997
rf,ga,1,344,0.7642438439803568,0.7516512863262756
rf,ga,1,345,0.7642438439803568,0.751687786493389
rf,ga,1,346,0.7642438439803568,0.7517240756768773
rf,ga,1,347,0.7642438439803568,0.7517601557008066
rf,ga,1,348,0.7642438439803568,0.7517960283682765
rf,ga,1,349,0.7642438439803568,0.7518316954617209
rf,ga,1,350,0.7642438439803568,0.7518671587432028
rf,ga,1,351,0.7642438439803568,0.7519024199547045
rf,ga,1,352,0.7642438439803568,0.7519374808184139
rf,ga,1,353,0.7642438439803568,0.751972343037003
rf,ga,1,354,0.7642438439803568,0.7520070082939051
rf,ga,1,355,0.7642438439803568,0.7520414782535852
rf,ga,1,356,0.7642438439803568,0.7520757545618065
rf,ga,1,357,0.7642438439803568,0.7521098388458921
rf,ga,1,358,0.7642438439803568,0.7521437327149828
rf,ga,1,359,0.7642438439803568,0.7521774377602902
rf,ga,1,360,0.7642438439803568,0.7521964454183068
rf,ga,1,361,0.7642438439803568,0.7522298177134925
rf,ga,1,362,0.7642438439803568,0.7522485756608206
rf,ga,1,363,0.7642438439803568,0.7522816204771279
rf,ga,1,364,0.7642438439803568,0.7523144837285104
rf,ga,1,365,0.7642438439803568,0.7523471669072825
rf,ga,1,366,0.7642438439803568,0.7523796714894494
rf,ga,1,367,0.7642438439803568,0.7524119989349287
rf,ga,1,368,0.7642438439803568,0.7524441506877697
rf,ga,1,369,0.7642438439803568,0.7524761281763674
rf,ga,1,370,0.7642438439803568,0.7525079328136756
rf,ga,1,371,0.7642438439803568,0.7525395659974132
rf,ga,1,372,0.7642438439803568,0.7525710291102705
rf,ga,1,373,0.7642955006875068,0.7526024620099413
rf,ga,1,374,0.7642955006875068,0.7526111169489856
rf,ga,1,375,0.7642955006875068,0.7526421375544027
rf,ga,1,376,0.7642955006875068,0.7526729931565993
rf,ga,1,377,0.7642955006875068,0.7527036850685986
rf,ga,1,378,0.7642955006875068,0.7527342145895293
rf,ga,1,379,0.7642955006875068,0.7527645830048084
rf,ga,1,380,0.7642955006875068,0.752794791586323
rf,ga,1,381,0.7642955006875068,0.7528249771745151
rf,ga,1,382,0.7642955006875068,0.7528548694959964
rf,ga,1,383,0.7642955006875068,0.7528847405957132
rf,ga,1,384,0.7642955006875068,0.7529143215941106
rf,ga,1,385,0.7642955006875068,0.7529437489249841
rf,ga,1,386,0.7642955006875068,0.7529730237826404
rf,ga,1,387,0.7642955006875068,0.7530021473490428
rf,ga,1,388,0.7642955006875068,0.7530312539298121
rf,ga,1,389,0.7642955006875068,0.7530600780687595
rf,ga,1,390,0.7642955006875068,0.7530887543916097
rf,ga,1,391,0.7642955006875068,0.7531174161468422
rf,ga,1,392,0.7642955006875068,0.7531459316686296
rf,ga,1,393,0.7642955006875068,0.7531741706312549
rf,ga,1,394,0.7642955006875068,0.7532022662488922
rf,ga,1,395,0.7642955006875068,0.7532303503867116
rf,ga,1,396,0.7642955006875068,0.7532582926854509
rf,ga,1,397,0.7642955006875068,0.7532859640992919
rf,ga,1,398,0.7642955006875068,0.7533136262515236
rf,ga,1,399,0.7642955006875068,0.7533005018433725
rf,ga,1,400,0.7642955006875068,0.7533279893404828
rf,ga,1,401,0.7642955006875068,0.7533553397428445
rf,ga,1,402,0.7642955006875068,0.7533825540735526
rf,ga,1,403,0.7642955006875068,0.7534096333455476
rf,ga,1,404,0.7642955006875068,0.7534365785617405
rf,ga,1,405,0.7642955006875068,0.7534633907151376
rf,ga,1,406,0.7642955006875068,0.7534900707889611
rf,ga,1,407,0.7642955006875068,0.7535166197567708
rf,ga,1,408,0.7642955006875068,0.7535430385825813
rf,ga,1,409,0.7642955006875068,0.7535693282209797
rf,ga,1,410,0.7642955006875068,0.7535954896172395
rf,ga,1,411,0.7642955006875068,0.7536215237074348
rf,ga,1,412,0.7642955006875068,0.7536474314185516
rf,ga,1,413,0.7642955006875068,0.7536732136685974
rf,ga,1,414,0.7642955006875068,0.7536988713667108
rf,ga,1,415,0.7642955006875068,0.7537244054132669
rf,ga,1,416,0.7647605102783922,0.7537509345115002
rf,ga,1,417,0.7647605102783922,0.7537762212409391
rf,ga,1,418,0.7647605102783922,0.7538013869812419
rf,ga,1,419,0.7647605102783922,0.7538264325986794
rf,ga,1,420,0.7647605102783922,0.7538513589512718
rf,ga,1,421,0.7647605102783922,0.7538772714247328
rf,ga,1,422,0.7650559720341272,0.7539037612366035
rf,ga,1,423,0.7650559720341272,0.7539283279965346
rf,ga,1,424,0.7650559720341272,0.7539527788755228
rf,ga,1,425,0.7650559720341272,0.753977114691551
rf,ga,1,426,0.7650559720341272,0.7540013362549217
rf,ga,1,427,0.7650559720341272,0.7540254443683472
rf,ga,1,428,0.7650559720341272,0.7539158812845
rf,ga,1,429,0.7650559720341272,0.7539400762015233
rf,ga,1,430,0.7650559720341272,0.753964158584049
rf,ga,1,431,0.7650559720341272,0.7539898936500584
rf,ga,1,432,0.7650559720341272,0.7540155095722437
rf,ga,1,433,0.7650559720341272,0.7540284313635462
rf,ga,1,434,0.7650559720341272,0.7540520882053066
rf,ga,1,435,0.7650559720341272,0.7540756362799783
rf,ga,1,436,0.7650559720341272,0.7541001428717178
rf,ga,1,437,0.7650559720341272,0.7541252134190002
rf,ga,1,438,0.7650559720341272,0.7541484332529464
rf,ga,1,439,0.7650559720341272,0.754172606549132
rf,ga,1,440,0.7650559720341272,0.7541966699666984
rf,ga,1,441,0.7650559720341272,0.7542212942344251
rf,ga,1,442,0.7650559720341272,0.7542424005115141
rf,ga,1,443,0.7650559720341272,0.7542512032109222
rf,ga,1,444,0.7650559720341272,0.7542755382758394
rf,ga,1,445,0.7650559720341272,0.7542991000106766
rf,ga,1,446,0.7650559720341272,0.7543232185578144
rf,ga,1,447,0.7650559720341272,0.7543472291919896
rf,ga,1,448,0.7650559720341272,0.7543531792902903
rf,ga,1,449,0.7650559720341272,0.7543770162451764
rf,ga,1,450,0.7650559720341272,0.7544007472580407
rf,ga,1,451,0.7650559720341272,0.7544243730335976
rf,ga,1,452,0.7650559720341272,0.7544478942703243
rf,ga,1,453,0.7650559720341272,0.7544713116605315
rf,ga,1,454,0.7650559720341272,0.7544946258904293
rf,ga,1,455,0.7650559720341272,0.7545178376401956
rf,ga,1,456,0.7650559720341272,0.754540947584042
rf,ga,1,457,0.7650559720341272,0.7545639563902785
rf,ga,1,458,0.7650559720341272,0.7545868647213786
rf,ga,1,459,0.7650559720341272,0.7546096732340426
rf,ga,1,460,0.7650559720341272,0.7546323825792601
rf,ga,1,461,0.7650559720341272,0.7546549934023727
rf,ga,1,462,0.7650559720341272,0.7546775063431341
rf,ga,1,463,0.7650559720341272,0.7546999220357712
rf,ga,1,464,0.7650559720341272,0.7547222411090434
rf,ga,1,465,0.7650559720341272,0.7547444641863017
rf,ga,1,466,0.7650559720341272,0.754766591885546
rf,ga,1,467,0.7650559720341272,0.754788624819483
rf,ga,1,468,0.7650559720341272,0.7548105635955826
rf,ga,1,469,0.7650559720341272,0.7548324088161339
rf,ga,1,470,0.7650559720341272,0.7548541610783
rf,ga,1,471,0.7650559720341272,0.7548758209741722
rf,ga,1,472,0.7650559720341272,0.7548973890908245
rf,ga,1,473,0.7650559720341272,0.7549188660103664
rf,ga,1,474,0.7650559720341272,0.7549402523099946
rf,ga,1,475,0.7650559720341272,0.7549615485620454
rf,ga,1,476,0.7650559720341272,0.7549827553340456
rf,ga,1,477,0.7650559720341272,0.7550038731887627
rf,ga,1,478,0.7650559720341272,0.7550249026842552
rf,ga,1,479,0.7650559720341272,0.7550458443739209
rf,ga,1,480,0.7650559720341272,0.7550666988065462
rf,ga,1,481,0.7650559720341272,0.7550874665263541
rf,ga,1,482,0.7650559720341272,0.7551081480730507
rf,ga,1,483,0.7650559720341272,0.7551287439818728
rf,ga,1,484,0.7650559720341272,0.7551492547836337
rf,ga,1,485,0.7650559720341272,0.7551696810047688
rf,ga,1,486,0.7650559720341272,0.7551900231673806
rf,ga,1,487,0.7650559720341272,0.7552075537393559
rf,ga,1,488,0.7650559720341272,0.7552277349243862
rf,ga,1,489,0.7650559720341272,0.7552478335687823
rf,ga,1,490,0.7650559720341272,0.7552678501778953
rf,ga,1,491,0.7650559720341272,0.7552877852529589
rf,ga,1,492,0.7650559720341272,0.7553076392911321
rf,ga,1,493,0.7650559720341272,0.7553274127855398
rf,ga,1,494,0.7650559720341272,0.7553471062253143
rf,ga,1,495,0.7650559720341272,0.7553667200956351
rf,ga,1,496,0.7650559720341272,0.7553862548777691
rf,ga,1,497,0.7650559720341272,0.7554057110491099
rf,ga,1,498,0.7650559720341272,0.7554250890832165
rf,ga,1,499,0.7650559720341272,0.7554443894498515
rf,ga,1,500,0.7650559720341272,0.75546361261502
rf,ga,1,501,0.7650559720341272,0.7554827590410063
rf,ga,1,502,0.7650559720341272,0.7555018291864108
rf,ga,1,503,0.7650559720341272,0.7555208235061877
rf,ga,1,504,0.7650559720341272,0.7555397424516795
rf,ga,1,505,0.7650559720341272,0.7555585864706547
rf,ga,1,506,0.7650559720341272,0.7555773560073414
rf,ga,1,507,0.7650559720341272,0.7555960515024632
rf,ga,1,508,0.7656675834290754,0.7556158773527125
rf,ga,1,509,0.7656675834290754,0.7556344237076859
rf,ga,1,510,0.7656675834290754,0.7555013039009035
rf,ga,1,511,0.7656675834290754,0.7555211987727787
rf,ga,1,512,0.7656675834290754,0.7555398213768046
rf,ga,1,513,0.7656675834290754,0.7555583713780861
rf,ga,1,514,0.7656675834290754,0.7555780391058117
rf,ga,1,515,0.7656675834290754,0.7555964428590706
rf,ga,1,516,0.7656675834290754,0.7556147752799525
rf,ga,1,517,0.7656675834290754,0.7556330367823784
rf,ga,1,518,0.7656675834290754,0.7556512277770728
rf,ga,1,519,0.7656675834290754,0.7556705271135892
rf,ga,1,520,0.7656675834290754,0.7556885760461287
rf,ga,1,521,0.7656675834290754,0.7557077296111632
rf,ga,1,522,0.7656675834290754,0.755726809790891
rf,ga,1,523,0.7656675834290754,0.7557458170062604
rf,ga,1,524,0.7656675834290754,0.7557647516750062
rf,ga,1,525,0.7656675834290754,0.7557836142116806
rf,ga,1,526,0.7656675834290754,0.7558024050276833
rf,ga,1,527,0.7656675834290754,0.7558199639783596
rf,ga,1,528,0.7656675834290754,0.7558386147727739
rf,ga,1,529,0.7656675834290754,0.7558560388885798
rf,ga,1,530,0.7656675834290754,0.7558733972530054
rf,ga,1,531,0.7656675834290754,0.7558918420480639
rf,ga,1,532,0.7656675834290754,0.7559102175017876
rf,ga,1,533,0.7656675834290754,0.7559285240044655
rf,ga,1,534,0.7656675834290754,0.7559467619434628
rf,ga,1,535,0.7656675834290754,0.755964931703249
rf,ga,1,536,0.7656675834290754,0.7559830336654242
rf,ga,1,537,0.7656675834290754,0.7560010682087456
rf,ga,1,538,0.7656675834290754,0.7560190357091552
rf,ga,1,539,0.7656675834290754,0.7560369365398044
rf,ga,1,540,0.7656675834290754,0.7560547710710808
rf,ga,1,541,0.7656675834290754,0.7560725396706335
rf,ga,1,542,0.7656675834290754,0.7560902427033981
rf,ga,1,543,0.7656675834290754,0.7561078805316221
rf,ga,1,544,0.7656675834290754,0.7561254535148896
rf,ga,1,545,0.7656675834290754,0.756142962010145
rf,ga,1,546,0.7656675834290754,0.756160406371718
rf,ga,1,547,0.7656675834290754,0.7561777869513475
rf,ga,1,548,0.7656675834290754,0.7561951040982048
rf,ga,1,549,0.7656675834290754,0.7562123581589167
rf,ga,1,550,0.7656675834290754,0.7562295494775898
rf,ga,1,551,0.7656675834290754,0.756246678395832
rf,ga,1,552,0.7656675834290754,0.7562637452527762
rf,ga,1,553,0.7656675834290754,0.7562807503851023
rf,ga,1,554,0.7656675834290754,0.756168342953153
rf,ga,1,555,0.7656675834290754,0.7561854587017582
rf,ga,1,556,0.7656675834290754,0.7562025128829226
rf,ga,1,557,0.7656675834290754,0.7562195058282478
rf,ga,1,558,0.7656675834290754,0.7562364378669589
rf,ga,1,559,0.7656675834290754,0.7562533093259252
rf,ga,1,560,0.7656675834290754,0.7562701205296808
rf,ga,1,561,0.7656675834290754,0.7562868718004462
rf,ga,1,562,0.7656675834290754,0.7563035634581484
rf,ga,1,563,0.7656675834290754,0.7563201958204413
rf,ga,1,564,0.7656675834290754,0.7563367692027261
rf,ga,1,565,0.7656675834290754,0.7563532839181711
rf,ga,1,566,0.7656675834290754,0.756369740277731
rf,ga,1,567,0.7656675834290754,0.7563842120461838
rf,ga,1,568,0.7656675834290754,0.756400556009886
rf,ga,1,569,0.7656675834290754,0.7564168425255613
rf,ga,1,570,0.7656675834290754,0.7564330718955674
rf,ga,1,571,0.7656675834290754,0.7564492444201445
rf,ga,1,572,0.7656675834290754,0.756465360397433
rf,ga,1,573,0.7656675834290754,0.7564814201234915
rf,ga,1,574,0.7656675834290754,0.7564974238923166
rf,ga,1,575,0.7656675834290754,0.7565133719958589
rf,ga,1,576,0.7656675834290754,0.7565292647240415
rf,ga,1,577,0.7656675834290754,0.756545102364778
rf,ga,1,578,0.7656675834290754,0.7565608852039897
rf,ga,1,579,0.7663464351939538,0.7565777859811744
rf,ga,1,580,0.7663464351939538,0.7565934580457397
rf,ga,1,581,0.7663464351939538,0.7566102445812788
rf,ga,1,582,0.7663464351939538,0.7566258070191616
rf,ga,1,583,0.7663464351939538,0.7566340130822613
rf,ga,1,584,0.7663464351939538,0.756614925385804
rf,ga,1,585,0.7663464351939538,0.7566304000149379
rf,ga,1,586,0.7663464351939538,0.7566458218296377
rf,ga,1,587,0.7663464351939538,0.7566567291210736
rf,ga,1,588,0.7663464351939538,0.7566732082130343
rf,ga,1,589,0.7663464351939538,0.7566884787991397
rf,ga,1,590,0.7663464351939538,0.7567036976205463
rf,ga,1,591,0.7663464351939538,0.7567200135893677
rf,ga,1,592,0.7663464351939538,0.7567362744366728
rf,ga,1,593,0.7663464351939538,0.7567513356660023
rf,ga,1,594,0.7663464351939538,0.756767489032211
rf,ga,1,595,0.7663464351939538,0.7566731690484819
rf,ga,1,596,0.7663464351939538,0.7566882603477783
rf,ga,1,597,0.7663464351939538,0.756703301089958
rf,ga,1,598,0.7663464351939538,0.7567182915286521
rf,ga,1,599,0.7663464351939538,0.7567332319157981
rf,ga,1,600,0.7663464351939538,0.7567481225016536
rf,ga,1,601,0.7663464351939538,0.756764093071857
rf,ga,1,602,0.7663464351939538,0.7567788829229488
rf,ga,1,603,0.7663464351939538,0.7567936237198081
rf,ga,1,604,0.7663464351939538,0.7568038189624872
rf,ga,1,605,0.7663464351939538,0.7568184698128451
rf,ga,1,606,0.7663464351939538,0.7567075036861866
rf,ga,1,607,0.7663464351939538,0.756723383309758
rf,ga,1,608,0.7663464351939538,0.7567392106977252
rf,ga,1,609,0.7663464351939538,0.7567549861074071
rf,ga,1,610,0.7663464351939538,0.7567707097944342
rf,ga,1,611,0.7663464351939538,0.756786382012764
rf,ga,1,612,0.7663464351939538,0.756802003014694
rf,ga,1,613,0.7663464351939538,0.7568175730508756
rf,ga,1,614,0.7663464351939538,0.7568330923703268
rf,ga,1,615,0.7663464351939538,0.7568485612204466
rf,ga,1,616,0.7663464351939538,0.7568639798470269
rf,ga,1,617,0.7663464351939538,0.7568793484942667
rf,ga,1,618,0.7663464351939538,0.756894667404784
rf,ga,1,619,0.7663464351939538,0.7569099368196293
rf,ga,1,620,0.7663464351939538,0.7569251569782974
rf,ga,1,621,0.7663464351939538,0.7569403281187413
rf,ga,1,622,0.7663464351939538,0.7569554504773831
rf,ga,1,623,0.7663464351939538,0.7569705242891273
rf,ga,1,624,0.7663464351939538,0.7569855497873721
rf,ga,1,625,0.7663464351939538,0.7570005272040228
rf,ga,1,626,0.7663464351939538,0.7570154567695018
rf,ga,1,627,0.7663464351939538,0.7570271723565425
rf,ga,1,628,0.7663464351939538,0.757042011947048
rf,ga,1,629,0.7663464351939538,0.7570568043528458
rf,ga,1,630,0.7663464351939538,0.7570715497986255
rf,ga,1,631,0.7663464351939538,0.7570862485076513
rf,ga,1,632,0.7663464351939538,0.7571009007017753
rf,ga,1,633,0.7663464351939538,0.7571101799547996
rf,ga,1,634,0.7663464351939538,0.7571247481807288
rf,ga,1,635,0.7663464351939538,0.7571392705224819
rf,ga,1,636,0.7663464351939538,0.7571537471964938
rf,ga,1,637,0.7663464351939538,0.7571681784178398
rf,ga,1,638,0.7663464351939538,0.7571825644002476
rf,ga,1,639,0.7663464351939538,0.7571969053561062
rf,ga,1,640,0.7663464351939538,0.7572112014964778
rf,ga,1,641,0.7663464351939538,0.7572254530311073
rf,ga,1,642,0.7663464351939538,0.7572396601684326
rf,ga,1,643,0.7663464351939538,0.7572538231155952
rf,ga,1,644,0.7663464351939538,0.7572630950223396
rf,ga,1,645,0.7663464351939538,0.7572771777202801
rf,ga,1,646,0.7663464351939538,0.7572912168185365
rf,ga,1,647,0.7663464351939538,0.7573052125192714
rf,ga,1,648,0.7663464351939538,0.7573191650233989
rf,ga,1,649,0.7663464351939538,0.7573330745305956
rf,ga,1,650,0.7663464351939538,0.7573469412393083
rf,ga,1,651,0.7663464351939538,0.7573607653467657
rf,ga,1,652,0.7663464351939538,0.7573745470489852
rf,ga,1,653,0.7663464351939538,0.7573882865407846
rf,ga,1,654,0.7663464351939538,0.7573973246842629
rf,ga,1,655,0.7663464351939538,0.7574109874484
rf,ga,1,656,0.7663464351939538,0.7574246085577682
rf,ga,1,657,0.7663464351939538,0.7574301913091396
rf,ga,1,658,0.7663464351939538,0.7574437418317609
rf,ga,1,659,0.7663464351939538,0.7574297633829059
rf,ga,1,660,0.7663464351939538,0.7574432734917104
rf,ga,1,661,0.7663464351939538,0.7574567427227274
rf,ga,1,662,0.7663464351939538,0.7574701712612036
rf,ga,1,663,0.7663464351939538,0.7574835592912682
rf,ga,1,664,0.7663464351939538,0.7574969069959407
rf,ga,1,665,0.7663464351939538,0.7575102145571408
rf,ga,1,666,0.7663464351939538,0.7574398355769002
rf,ga,1,667,0.7663464351939538,0.7574531887997145
rf,ga,1,668,0.7663464351939538,0.7574665020428195
rf,ga,1,669,0.7679995048931909,0.7574822464416991
rf,ga,1,670,0.7679995048931909,0.7574954765741652
rf,ga,1,671,0.7679995048931909,0.7575111308637612
rf,ga,1,672,0.7679995048931909,0.7575267385632097
rf,ga,1,673,0.7679995048931909,0.7575422998801934
rf,ga,1,674,0.7679995048931909,0.7575578150211624
rf,ga,1,675,0.7679995048931909,0.757570835199196
rf,ga,1,676,0.7679995048931909,0.7575795595403979
rf,ga,1,677,0.7679995048931909,0.75758933699543
rf,ga,1,678,0.7679995048931909,0.757602253069469
rf,ga,1,679,0.7679995048931909,0.7576151310991075
rf,ga,1,680,0.7679995048931909,0.7576279712521881
rf,ga,1,681,0.7679995048931909,0.7576432011106917
rf,ga,1,682,0.7679995048931909,0.7576559624509899
rf,ga,1,683,0.7679995048931909,0.7576711067298217
rf,ga,1,684,0.7679995048931909,0.7576837899585706
rf,ga,1,685,0.7679995048931909,0.7576988493964313
rf,ga,1,686,0.7679995048931909,0.7577138649292253
rf,ga,1,687,0.7679995048931909,0.757728836748678
rf,ga,1,688,0.7679995048931909,0.7577437650453996
rf,ga,1,689,0.7679995048931909,0.7577586500088942
rf,ga,1,690,0.7679995048931909,0.7577734918275673
rf,ga,1,691,0.7679995048931909,0.7577882906887331
rf,ga,1,692,0.7679995048931909,0.7578030467786239
rf,ga,1,693,0.7679995048931909,0.7578177602823967
rf,ga,1,694,0.7679995048931909,0.7578324313841414
rf,ga,1,695,0.7679995048931909,0.7578470602668881
rf,ga,1,696,0.7679995048931909,0.7578616471126155
rf,ga,1,697,0.7679995048931909,0.7578761921022578
rf,ga,1,698,0.7679995048931909,0.7578906954157119
rf,ga,1,699,0.7679995048931909,0.7579051572318455
rf,ga,1,700,0.7679995048931909,0.7579195777285047
rf,ga,1,701,0.7679995048931909,0.75793395708252
rf,ga,1,702,0.7679995048931909,0.7579482954697145
rf,ga,1,703,0.7679995048931909,0.7579625930649115
rf,ga,1,704,0.7679995048931909,0.7579768500419403
rf,ga,1,705,0.7679995048931909,0.7579910665736442
rf,ga,1,706,0.7679995048931909,0.7580052428318871
rf,ga,1,707,0.7679995048931909,0.758019378987561
rf,ga,1,708,0.7679995048931909,0.7580334752105915
rf,ga,1,709,0.7679995048931909,0.7580475316699464
rf,ga,1,710,0.7679995048931909,0.7580615485336412
rf,ga,1,711,0.7679995048931909,0.758075525968746
rf,ga,1,712,0.7679995048931909,0.7580487982644074
rf,ga,1,713,0.7679995048931909,0.7580627543746862
rf,ga,1,714,0.7679995048931909,0.758076671392219
rf,ga,1,715,0.7679995048931909,0.7580905494810315
rf,ga,1,716,0.7679995048931909,0.758104388804233
rf,ga,1,717,0.7679995048931909,0.7581181895240223
rf,ga,1,718,0.7679995048931909,0.7581319518016953
rf,ga,1,719,0.7679995048931909,0.7581456757976501
rf,ga,1,720,0.7679995048931909,0.758159361671394
rf,ga,1,721,0.7679995048931909,0.758173009581549
rf,ga,1,722,0.7679995048931909,0.7581866196858587
rf,ga,1,723,0.7679995048931909,0.7582001921411938
rf,ga,1,724,0.7679995048931909,0.7582137271035584
rf,ga,1,725,0.7679995048931909,0.7582272247280958
rf,ga,1,726,0.7679995048931909,0.7582406851690947
rf,ga,1,727,0.7679995048931909,0.7582541085799945
rf,ga,1,728,0.7679995048931909,0.7582674951133918
rf,ga,1,729,0.7679995048931909,0.7582808449210457
rf,ga,1,730,0.7679995048931909,0.7582941581538843
rf,ga,1,731,0.7679995048931909,0.7583074349620091
rf,ga,1,732,0.7679995048931909,0.7583206754947021
rf,ga,1,733,0.7679995048931909,0.7583338799004298
rf,ga,1,734,0.7679995048931909,0.7583470483268504
rf,ga,1,735,0.7679995048931909,0.7582265232308112
rf,ga,1,736,0.7679995048931909,0.7582398017385046
rf,ga,1,737,0.7679995048931909,0.7582530442122558
rf,ga,1,738,0.7679995048931909,0.7582662507985444
rf,ga,1,739,0.7679995048931909,0.7582794216430566
rf,ga,1,740,0.7679995048931909,0.758292556890692
rf,ga,1,741,0.7679995048931909,0.758305656685567
rf,ga,1,742,0.7679995048931909,0.7583187211710223
rf,ga,1,743,0.7679995048931909,0.7583317504896254
rf,ga,1,744,0.7679995048931909,0.7583447447831786
rf,ga,1,745,0.7679995048931909,0.7583577041927222
rf,ga,1,746,0.7679995048931909,0.7583706288585406
rf,ga,1,747,0.7679995048931909,0.7583835189201666
rf,ga,1,748,0.7679995048931909,0.7583963745163872
rf,ga,1,749,0.7679995048931909,0.758409195785248
rf,ga,1,750,0.7679995048931909,0.7584219828640586
rf,ga,1,751,0.7679995048931909,0.758434735889397
rf,ga,1,752,0.7679995048931909,0.7584474549971147
rf,ga,1,753,0.7679995048931909,0.7584601403223419
rf,ga,1,754,0.7679995048931909,0.7584727919994916
rf,ga,1,755,0.7679995048931909,0.7584854101622648
rf,ga,1,756,0.7679995048931909,0.7584979949436549
rf,ga,1,757,0.7679995048931909,0.758510546475953
rf,ga,1,758,0.7679995048931909,0.7585230648907514
rf,ga,1,759,0.7679995048931909,0.7585355503189496
rf,ga,1,760,0.7679995048931909,0.7585480028907577
rf,ga,1,761,0.7679995048931909,0.7585604227357018
rf,ga,1,762,0.7679995048931909,0.7585728099826275
rf,ga,1,763,0.7679995048931909,0.7585851647597056
rf,ga,1,764,0.7679995048931909,0.7585974871944354
rf,ga,1,765,0.7679995048931909,0.7586097774136494
rf,ga,1,766,0.7679995048931909,0.7586220355435183
rf,ga,1,767,0.7679995048931909,0.7586342617095545
rf,ga,1,768,0.7679995048931909,0.7586464560366163
rf,ga,1,769,0.7679995048931909,0.7586586186489137
rf,ga,1,770,0.7679995048931909,0.7586707496700101
rf,ga,1,771,0.7679995048931909,0.7586828492228287
rf,ga,1,772,0.7679995048931909,0.7586949174296556
rf,ga,1,773,0.7679995048931909,0.7587038898283773
rf,ga,1,774,0.7679995048931909,0.7587158996669623
rf,ga,1,775,0.7679995048931909,0.7587278785124154
rf,ga,1,776,0.7679995048931909,0.7587398264845556
rf,ga,1,777,0.7679995048931909,0.7587517437025848
rf,ga,1,778,0.7679995048931909,0.7587604999867624
rf,ga,1,779,0.7679995048931909,0.7587510002329546
rf,ga,1,780,0.7679995048931909,0.7587628572902114
rf,ga,1,781,0.7679995048931909,0.7587746839836851
rf,ga,1,782,0.7679995048931909,0.758786480429861
rf,ga,1,783,0.7679995048931909,0.7587982467446289
rf,ga,1,784,0.7679995048931909,0.7588099830432877
rf,ga,1,785,0.7679995048931909,0.7588216894405487
rf,ga,1,786,0.7679995048931909,0.7588333660505395
rf,ga,1,787,0.7679995048931909,0.7588450129868073
rf,ga,1,788,0.7679995048931909,0.758856630362323
rf,ga,1,789,0.7679995048931909,0.758868218289485
rf,ga,1,790,0.7679995048931909,0.7588230364940339
rf,ga,1,791,0.7679995048931909,0.7588346375918836
rf,ga,1,792,0.7679995048931909,0.7588462093940317
rf,ga,1,793,0.7679995048931909,0.7588577520113068
rf,ga,1,794,0.7679995048931909,0.7588692655539792
rf,ga,1,795,0.7679995048931909,0.7588807501317644
rf,ga,1,796,0.7679995048931909,0.7588922058538264
rf,ga,1,797,0.7679995048931909,0.7589036328287816
rf,ga,1,798,0.7679995048931909,0.758915031164702
rf,ga,1,799,0.7679995048931909,0.7589264009691182
rf,ga,1,800,0.7679995048931909,0.7589377423490231
rf,ga,1,801,0.7679995048931909,0.7589490554108762
rf,ga,1,802,0.7679995048931909,0.7589603402606048
rf,ga,1,803,0.7679995048931909,0.7589715970036093
rf,ga,1,804,0.7679995048931909,0.7589828257447654
rf,ga,1,805,0.7679995048931909,0.758994026588428
rf,ga,1,806,0.7679995048931909,0.7590051996384339
rf,ga,1,807,0.7679995048931909,0.7590163449981052
rf,ga,1,808,0.7679995048931909,0.7590274627702526
rf,ga,1,809,0.7679995048931909,0.7590385530571783
rf,ga,1,810,0.7679995048931909,0.7590496159606795
rf,ga,1,811,0.7679995048931909,0.7590606515820515
rf,ga,1,812,0.7679995048931909,0.7590716600220898
rf,ga,1,813,0.7679995048931909,0.7590621748212882
rf,ga,1,814,0.7679995048931909,0.759073154342261
rf,ga,1,815,0.7679995048931909,0.7590841069196241
rf,ga,1,816,0.7679995048931909,0.7590950326524348
rf,ga,1,817,0.7679995048931909,0.7591059316392655
rf,ga,1,818,0.7679995048931909,0.7591168039782069
rf,ga,1,819,0.7679995048931909,0.7591276497668699
rf,ga,1,820,0.7679995048931909,0.7591384691023898
rf,ga,1,821,0.7679995048931909,0.7591492620814286
rf,ga,1,822,0.7679995048931909,0.7591600288001776
rf,ga,1,823,0.7679995048931909,0.7591707693543611
rf,ga,1,824,0.7679995048931909,0.7591814838392383
rf,ga,1,825,0.7679995048931909,0.7591921723496068
rf,ga,1,826,0.7679995048931909,0.7592028349798048
rf,ga,1,827,0.7679995048931909,0.7592134718237145
rf,ga,1,828,0.7679995048931909,0.7592240829747647
rf,ga,1,829,0.7679995048931909,0.7592346685259329
rf,ga,1,830,0.7679995048931909,0.7592452285697489
rf,ga,1,831,0.7679995048931909,0.7592557631982968
rf,ga,1,832,0.7679995048931909,0.7592662725032187
rf,ga,1,833,0.7679995048931909,0.7592767565757157
rf,ga,1,834,0.7679995048931909,0.7592872155065519
rf,ga,1,835,0.7679995048931909,0.7592976493860568
rf,ga,1,836,0.7679995048931909,0.7593080583041275
rf,ga,1,837,0.7679995048931909,0.7593184423502315
rf,ga,1,838,0.7679995048931909,0.7593288016134094
rf,ga,1,839,0.7679995048931909,0.7592516134820392
rf,ga,1,840,0.7679995048931909,0.759262027638481
rf,ga,1,841,0.7679995048931909,0.7592724170287958
rf,ga,1,842,0.7692388982395636,0.759284253704818
rf,ga,1,843,0.7692388982395636,0.7592945920810794
rf,ga,1,844,0.7692388982395636,0.7593049059588188
rf,ga,1,845,0.7692388982395636,0.7593151954250135
rf,ga,1,846,0.7692388982395636,0.759325460566229
rf,ga,1,847,0.7692388982395636,0.7593357014686221
rf,ga,1,848,0.7692388982395636,0.7593459182179434
rf,ga,1,849,0.7692388982395636,0.7593561108995397
rf,ga,1,850,0.7692388982395636,0.7593662795983557
rf,ga,1,851,0.7692388982395636,0.759377880795349
rf,ga,1,852,0.7692388982395636,0.7593894547594853
rf,ga,1,853,0.7692388982395636,0.7593995486048941
rf,ga,1,854,0.7692388982395636,0.7593537159953944
rf,ga,1,855,0.7692388982395636,0.75935812348259
rf,ga,1,856,0.7692388982395636,0.7593682185543313
rf,ga,1,857,0.7692388982395636,0.7593782900669788
rf,ga,1,858,0.7692388982395636,0.759388338102907
rf,ga,1,859,0.7692388982395636,0.7593983627441063
rf,ga,1,860,0.7692388982395636,0.7594083640721867
rf,ga,1,861,0.7692388982395636,0.7594197816496169
rf,ga,1,862,0.7692388982395636,0.7594311727361481
rf,ga,1,863,0.7692388982395636,0.7594425374238694
rf,ga,1,864,0.7692388982395636,0.7594524413214032
rf,ga,1,865,0.7692388982395636,0.75946375514443
rf,ga,1,866,0.7692388982395636,0.7594736116683893
rf,ga,1,867,0.7692388982395636,0.759483445455269
rf,ga,1,868,0.7692388982395636,0.7594932565836537
rf,ga,1,869,0.7692388982395636,0.7595030451317659
rf,ga,1,870,0.7692388982395636,0.7595128111774688
rf,ga,1,871,0.7692388982395636,0.759523977752741
rf,ga,1,872,0.7692388982395636,0.759535118716602
rf,ga,1,873,0.7692388982395636,0.7595462341570636
rf,ga,1,874,0.7692388982395636,0.7595573241617346
rf,ga,1,875,0.7692388982395636,0.7595683888178235
rf,ga,1,876,0.7692388982395636,0.7595794282121406
rf,ga,1,877,0.7692388982395636,0.7595904424311001
rf,ga,1,878,0.7692388982395636,0.7596014315607225
rf,ga,1,879,0.7692388982395636,0.759612395686637
rf,ga,1,880,0.7692388982395636,0.7596190493513071
rf,ga,1,881,0.7692388982395636,0.7596299685895458
rf,ga,1,882,0.7692388982395636,0.759640863067607
rf,ga,1,883,0.7692388982395636,0.7596517328696137
rf,ga,1,884,0.7692388982395636,0.7596625780793083
rf,ga,1,885,0.7692388982395636,0.7596733987800544
rf,ga,1,886,0.7692388982395636,0.7596841950548393
rf,ga,1,887,0.7692388982395636,0.7596949669862765
rf,ga,1,888,0.7692388982395636,0.7597057146566067
rf,ga,1,889,0.7692388982395636,0.7597164381477012
rf,ga,1,890,0.7692388982395636,0.7597271375410628
rf,ga,1,891,0.7692388982395636,0.7597378129178288
rf,ga,1,892,0.7692388982395636,0.7597484643587724
rf,ga,1,893,0.7692388982395636,0.7597590919443052
rf,ga,1,894,0.7692388982395636,0.759769695754479
rf,ga,1,895,0.7692388982395636,0.7597802758689874
rf,ga,1,896,0.7692388982395636,0.7597908323671688
rf,ga,1,897,0.7692388982395636,0.7598013653280077
rf,ga,1,898,0.7692388982395636,0.7598118748301363
rf,ga,1,899,0.7692388982395636,0.7598223609518375
rf,ga,1,900,0.7692388982395636,0.7598328237710461
rf,ga,1,901,0.7692388982395636,0.7598432633653508
rf,ga,1,902,0.7692388982395636,0.7598536798119963
rf,ga,1,903,0.7692388982395636,0.7598640731878851
rf,ga,1,904,0.7692388982395636,0.7598744435695794
rf,ga,1,905,0.7692388982395636,0.7598847910333032
rf,ga,1,906,0.7692388982395636,0.7598929251868745
rf,ga,1,907,0.7692388982395636,0.7599032294570538
rf,ga,1,908,0.7692388982395636,0.7599135110306029
rf,ga,1,909,0.7692388982395636,0.7599237699824279
rf,ga,1,910,0.7692388982395636,0.7599340063871061
rf,ga,1,911,0.7692388982395636,0.7599442203188871
rf,ga,1,912,0.7692388982395636,0.7599544118516949
rf,ga,1,913,0.7692388982395636,0.7599645810591296
rf,ga,1,914,0.7692388982395636,0.7599747280144693
rf,ga,1,915,0.7692388982395636,0.7599848527906715
rf,ga,1,916,0.7692388982395636,0.7599949554603755
rf,ga,1,917,0.7692388982395636,0.7600050360959035
rf,ga,1,918,0.7692388982395636,0.7600150947692627
rf,ga,1,919,0.7692388982395636,0.7600251315521466
rf,ga,1,920,0.7692388982395636,0.7600351465159372
rf,ga,1,921,0.7692388982395636,0.7600451397317065
rf,ga,1,922,0.7692388982395636,0.7600551112702183
rf,ga,1,923,0.7692388982395636,0.7600650612019294
rf,ga,1,924,0.7692388982395636,0.7600745184038873
rf,ga,1,925,0.7692388982395636,0.7600844258415475
rf,ga,1,926,0.7692388982395636,0.7600943118808542
rf,ga,1,927,0.7692388982395636,0.7601041765910578
rf,ga,1,928,0.7692388982395636,0.76011402004111
rf,ga,1,929,0.7692388982395636,0.7601238422996658
rf,ga,1,930,0.7692388982395636,0.760133643435085
rf,ga,1,931,0.7692388982395636,0.7601434235154336
rf,ga,1,932,0.7692388982395636,0.7601531826084852
rf,ga,1,933,0.7692388982395636,0.7601629207817233
rf,ga,1,934,0.7692388982395636,0.7601726381023419
rf,ga,1,935,0.7692388982395636,0.760182334637248
rf,ga,1,936,0.7692388982395636,0.7601920104530625
rf,ga,1,937,0.7692388982395636,0.7602016656161217
rf,ga,1,938,0.7692388982395636,0.7602113001924794
rf,ga,1,939,0.7692388982395636,0.7602209142479076
rf,ga,1,940,0.7692388982395636,0.7602305078478987
rf,ga,1,941,0.7692388982395636,0.7602400810576666
rf,ga,1,942,0.7692388982395636,0.7602496339421485
rf,ga,1,943,0.7692388982395636,0.7602591665660058
rf,ga,1,944,0.7692388982395636,0.760268678993626
rf,ga,1,945,0.7692388982395636,0.7602781712891244
rf,ga,1,946,0.7692388982395636,0.7602876435163448
rf,ga,1,947,0.7692388982395636,0.7602970957388614
rf,ga,1,948,0.7692388982395636,0.7603065280199802
rf,ga,1,949,0.7692388982395636,0.7603159404227406
rf,ga,1,950,0.7692388982395636,0.7603253330099162
rf,ga,1,951,0.7692388982395636,0.7603347058440167
rf,ga,1,952,0.7692388982395636,0.7603440589872893
rf,ga,1,953,0.7692388982395636,0.7603533925017198
rf,ga,1,954,0.7692388982395636,0.7603627064490341
rf,ga,1,955,0.7692388982395636,0.7602915322293164
rf,ga,1,956,0.7692388982395636,0.7603008913987832
rf,ga,1,957,0.7692388982395636,0.7603102310088572
rf,ga,1,958,0.7692388982395636,0.7603195511207891
rf,ga,1,959,0.7692388982395636,0.7603288517955741
rf,ga,1,960,0.7692388982395636,0.7603381330939532
rf,ga,1,961,0.7692388982395636,0.7603473950764148
rf,ga,1,962,0.7692388982395636,0.7603566378031956
rf,ga,1,963,0.7692388982395636,0.7603658613342822
rf,ga,1,964,0.7692388982395636,0.760373182467291
rf,ga,1,965,0.7692388982395636,0.7603823697375213
rf,ga,1,966,0.7692388982395636,0.7603915379864883
rf,ga,1,967,0.7692388982395636,0.7603722940443169
rf,ga,1,968,0.7692388982395636,0.7603814537593947
rf,ga,1,969,0.7692388982395636,0.7603905945689717
rf,ga,1,970,0.7692388982395636,0.7603997165315187
rf,ga,1,971,0.7692388982395636,0.7604088197052654
rf,ga,1,972,0.7692388982395636,0.760417904148202
rf,ga,1,973,0.7692388982395636,0.76042696991808
rf,ga,1,974,0.7692388982395636,0.7604015408314162
rf,ga,1,975,0.7692388982395636,0.7604106047877321
rf,ga,1,976,0.7692388982395636,0.7604196501703672
rf,ga,1,977,0.7692388982395636,0.7604286770363541
rf,ga,1,978,0.7692388982395636,0.7604376854424924
rf,ga,1,979,0.7692388982395636,0.7604466754453494
rf,ga,1,980,0.7692388982395636,0.7604556471012618
rf,ga,1,981,0.7692388982395636,0.7604646004663366
rf,ga,1,982,0.7692388982395636,0.7604735355964518
rf,ga,1,983,0.7692388982395636,0.7604824525472587
rf,ga,1,984,0.7692388982395636,0.7604913513741818
rf,ga,1,985,0.7692388982395636,0.7605002321324207
rf,ga,1,986,0.7692388982395636,0.7605090948769513
rf,ga,1,987,0.7692388982395636,0.7605179396625263
rf,ga,1,988,0.7692388982395636,0.7605267665436772
rf,ga,1,989,0.7692388982395636,0.7605355755747145
rf,ga,1,990,0.7692388982395636,0.7605443668097296
rf,ga,1,991,0.7692388982395636,0.7605531403025951
rf,ga,1,992,0.7692388982395636,0.7605618961069672
rf,ga,1,993,0.7692388982395636,0.7605654548375593
rf,ga,1,994,0.7692388982395636,0.7605741806357506
rf,ga,1,995,0.7692388982395636,0.7605828888946489
rf,ga,1,996,0.7692388982395636,0.7605915796670835
rf,ga,1,997,0.7692388982395636,0.7606002530056717
rf,ga,1,998,0.7692388982395636,0.76060890896282
rf,ga,1,999,0.7692388982395636,0.7606175475907245
rf,ga,1,1000,0.7692388982395636,0.7606261689413735
rf,ga,2,1,0.7260743665724493,0.7260743665724493
rf,ga,2,2,0.7260743665724493,0.7035692264067208
rf,ga,2,3,0.7260743665724493,0.7070420983032957
rf,ga,2,4,0.7260743665724493,0.705528409962336
rf,ga,2,5,0.7260743665724493,0.7052545992625983
rf,ga,2,6,0.7260743665724493,0.7033591544329374
rf,ga,2,7,0.7460703876978038,0.7094607591850612
rf,ga,2,8,0.7460703876978038,0.7077402582486092
rf,ga,2,9,0.7460703876978038,0.7054798253147974
rf,ga,2,10,0.7460703876978038,0.7086386534738677
rf,ga,2,11,0.7460703876978038,0.7120415384033164
rf,ga,2,12,0.7460703876978038,0.711384689908344
rf,ga,2,13,0.7460703876978038,0.7124823163655842
rf,ga,2,14,0.7460703876978038,0.714870378130717
rf,ga,2,15,0.7460703876978038,0.7160969078852811
rf,ga,2,16,0.7460703876978038,0.7140563859121852
rf,ga,2,17,0.7460703876978038,0.714459469979478
rf,ga,2,18,0.7460703876978038,0.7162156320749404
rf,ga,2,19,0.7663467684746461,0.7188541129380829
rf,ga,2,20,0.7663467684746461,0.7197648126364538
rf,ga,2,21,0.7663467684746461,0.721983001009701
rf,ga,2,22,0.7663467684746461,0.72249597025695
rf,ga,2,23,0.7663467684746461,0.7235209449282914
rf,ga,2,24,0.7663467684746461,0.7244605050436878
rf,ga,2,25,0.7663467684746461,0.7253249003498523
rf,ga,2,26,0.7663467684746461,0.7261228037093889
rf,ga,2,27,0.7663467684746461,0.7276125801821762
rf,ga,2,28,0.7663467684746461,0.728679203035185
rf,ga,2,29,0.7663467684746461,0.7293338600255074
rf,ga,2,30,0.7663467684746461,0.729701873841053
rf,ga,2,31,0.7663467684746461,0.7308839672163301
rf,ga,2,32,0.7663467684746461,0.7319921797556526
rf,ga,2,33,0.7663467684746461,0.7324912510983719
rf,ga,2,34,0.7663467684746461,0.7329485867127914
rf,ga,2,35,0.7663467684746461,0.7333797860977083
rf,ga,2,36,0.7663467684746461,0.7342955356081787
rf,ga,2,37,0.7698672511710004,0.7352569333260928
rf,ga,2,38,0.7698672511710004,0.7360750868826337
rf,ga,2,39,0.7698672511710004,0.7368512838465315
rf,ga,2,40,0.7698672511710004,0.7375886709622345
rf,ga,2,41,0.7698672511710004,0.7383759534063506
rf,ga,2,42,0.7698672511710004,0.739041925193691
rf,ga,2,43,0.7698672511710004,0.7396769215490622
rf,ga,2,44,0.7698672511710004,0.7402830544337345
rf,ga,2,45,0.7698672511710004,0.7408622480790882
rf,ga,2,46,0.7698672511710004,0.7414250841805713
rf,ga,2,47,0.7698672511710004,0.7416471554175305
rf,ga,2,48,0.7698672511710004,0.7420393715933103
rf,ga,2,49,0.7698672511710004,0.7425354409174192
rf,ga,2,50,0.7698672511710004,0.7430116674685638
rf,ga,2,51,0.7698672511710004,0.7435382475411606
rf,ga,2,52,0.7698672511710004,0.7439768729437277
rf,ga,2,53,0.7698672511710004,0.744398946444311
rf,ga,2,54,0.7698672511710004,0.7448053875930211
rf,ga,2,55,0.7698672511710004,0.7452044297958264
rf,ga,2,56,0.7698672511710004,0.7455819715579478
rf,ga,2,57,0.7698672511710004,0.7459533879998665
rf,ga,2,58,0.7698672511710004,0.7463049980080524
rf,ga,2,59,0.7698672511710004,0.7466446890329099
rf,ga,2,60,0.7698672511710004,0.7470317317352114
rf,ga,2,61,0.7698672511710004,0.7474060845128473
rf,ga,2,62,0.7698672511710004,0.7477181268392097
rf,ga,2,63,0.7698672511710004,0.7480697002413016
rf,ga,2,64,0.7698672511710004,0.748361622249208
rf,ga,2,65,0.7698672511710004,0.7486445620414865
rf,ga,2,66,0.7698672511710004,0.7489127772904738
rf,ga,2,67,0.7698672511710004,0.749179044924158
rf,ga,2,68,0.7698672511710004,0.7494374811568514
rf,ga,2,69,0.7698672511710004,0.7497335647802449
rf,ga,2,70,0.7698672511710004,0.7500211888715413
rf,ga,2,71,0.7698672511710004,0.7503007108757591
rf,ga,2,72,0.7698672511710004,0.7505724683798596
rf,ga,2,73,0.7698672511710004,0.7508367804728889
rf,ga,2,74,0.7698672511710004,0.7510939489958364
rf,ga,2,75,0.7698672511710004,0.7513442596915052
rf,ga,2,76,0.7698672511710004,0.7515879832636038
rf,ga,2,77,0.7698672511710004,0.7517849277504052
rf,ga,2,78,0.7698672511710004,0.7520167524096436
rf,ga,2,79,0.7698672511710004,0.7522427080901671
rf,ga,2,80,0.7698672511710004,0.7524630148786774
rf,ga,2,81,0.7698672511710004,0.7526778819933975
rf,ga,2,82,0.7698672511710004,0.7528875084467829
rf,ga,2,83,0.7698672511710004,0.7530920836603276
rf,ga,2,84,0.7698672511710004,0.7532917880354547
rf,ga,2,85,0.7698672511710004,0.7534867934841082
rf,ga,2,86,0.7698672511710004,0.7536772639223279
rf,ga,2,87,0.7698672511710004,0.753863355729784
rf,ga,2,88,0.7698672511710004,0.7540452181779794
rf,ga,2,89,0.7698672511710004,0.7542229938295865
rf,ga,2,90,0.7698672511710004,0.7543968189111578
rf,ga,2,91,0.7698672511710004,0.754566823661266
rf,ga,2,92,0.7698672511710004,0.7547331326559371
rf,ga,2,93,0.7698672511710004,0.7548958651130884
rf,ga,2,94,0.7698672511710004,0.7550551351775343
rf,ga,2,95,0.7698672511710004,0.7551520105753534
rf,ga,2,96,0.7698672511710004,0.7553052943315578
rf,ga,2,97,0.7698672511710004,0.7554554175979439
rf,ga,2,98,0.7698672511710004,0.7556024771241997
rf,ga,2,99,0.7698672511710004,0.7557465657509351
rf,ga,2,100,0.7698672511710004,0.7558877726051358
rf,ga,2,101,0.7698672511710004,0.7560261832840058
rf,ga,2,102,0.7698672511710004,0.756161880027996
rf,ga,2,103,0.7698672511710004,0.7562949418837535
rf,ga,2,104,0.7698672511710004,0.7564254448576688
rf,ga,2,105,0.7698672511710004,0.756553462060653
rf,ga,2,106,0.7698672511710004,0.756679063844713
rf,ga,2,107,0.7698672511710004,0.7568023179318746
rf,ga,2,108,0.7698672511710004,0.7569232895359406
rf,ga,2,109,0.7698672511710004,0.7570420414775467
rf,ga,2,110,0.7698672511710004,0.7571586342929418
rf,ga,2,111,0.7698672511710004,0.7572731263368884
rf,ga,2,112,0.7698672511710004,0.7573530201586166
rf,ga,2,113,0.7704049239020297,0.7574685237315673
rf,ga,2,114,0.7704049239020297,0.7575772844985799
rf,ga,2,115,0.7704049239020297,0.7576841537739923
rf,ga,2,116,0.7704049239020297,0.7577891804756907
rf,ga,2,117,0.7704049239020297,0.7578924118491549
rf,ga,2,118,0.7704049239020297,0.7579938935383231
rf,ga,2,119,0.7704049239020297,0.7580936696528836
rf,ga,2,120,0.7704049239020297,0.7581917828322008
rf,ga,2,121,0.7704049239020297,0.7582927178823647
rf,ga,2,122,0.7704049239020297,0.7583875911060421
rf,ga,2,123,0.7704049239020297,0.7584809216756759
rf,ga,2,124,0.7704049239020297,0.7585727469135415
rf,ga,2,125,0.7704049239020297,0.7586631029476013
rf,ga,2,126,0.7704049239020297,0.7587520247588981
rf,ga,2,127,0.7704049239020297,0.7588437798702614
rf,ga,2,128,0.7704049239020297,0.758929900739798
rf,ga,2,129,0.7704049239020297,0.7590146864020555
rf,ga,2,130,0.7704049239020297,0.7591023036135938
rf,ga,2,131,0.7704049239020297,0.7591885831577804
rf,ga,2,132,0.7704049239020297,0.7592735554361458
rf,ga,2,133,0.7704049239020297,0.7593211332644753
rf,ga,2,134,0.7704049239020297,0.7594038481199793
rf,ga,2,135,0.7704049239020297,0.7594813548092462
rf,ga,2,136,0.7704049239020297,0.7595616751702227
rf,ga,2,137,0.7704049239020297,0.7596408229711847
rf,ga,2,138,0.7704049239020297,0.7596278238471861
rf,ga,2,139,0.7704049239020297,0.7597053569411057
rf,ga,2,140,0.7704049239020297,0.7597779418998907
rf,ga,2,141,0.7704049239020297,0.7598533105665725
rf,ga,2,142,0.7704049239020297,0.7599276177027378
rf,ga,2,143,0.7704049239020297,0.7600008855782573
rf,ga,2,144,0.7704049239020297,0.7600731358443946
rf,ga,2,145,0.7704049239020297,0.7601373656198291
rf,ga,2,146,0.7704049239020297,0.7602076913614881
rf,ga,2,147,0.7704049239020297,0.7602770602903353
rf,ga,2,148,0.7704049239020297,0.760345491801225
rf,ga,2,149,0.7704049239020297,0.7604130047683446
rf,ga,2,150,0.7704049239020297,0.7604796175625692
rf,ga,2,151,0.7704049239020297,0.7605453480681285
rf,ga,2,152,0.7704049239020297,0.7606102136986147
rf,ga,2,153,0.7704049239020297,0.7606742314123626
rf,ga,2,154,0.7704049239020297,0.7606847118408597
rf,ga,2,155,0.7704049239020297,0.7607474228864156
rf,ga,2,156,0.7704049239020297,0.7608093299442081
rf,ga,2,157,0.7704049239020297,0.7608704483770605
rf,ga,2,158,0.7704049239020297,0.7609307931588641
rf,ga,2,159,0.7704049239020297,0.7609903788868086
rf,ga,2,160,0.7704049239020297,0.7610492197931535
rf,ga,2,161,0.7704049239020297,0.7611073297565627
rf,ga,2,162,0.7704049239020297,0.7611647223130162
rf,ga,2,163,0.7704049239020297,0.761221410666323
rf,ga,2,164,0.7704049239020297,0.761277407698248
rf,ga,2,165,0.7704049239020297,0.7613327259782711
rf,ga,2,166,0.7704049239020297,0.7613873777729924
rf,ga,2,167,0.7704049239020297,0.7614413750552024
rf,ga,2,168,0.7704565977533777,0.7614950370950724
rf,ga,2,169,0.7704565977533777,0.7615477583187823
rf,ga,2,170,0.7704565977533777,0.7615998592928014
rf,ga,2,171,0.7704565977533777,0.7616516530849685
rf,ga,2,172,0.7704565977533777,0.7616350246175918
rf,ga,2,173,0.7704565977533777,0.7616857176770395
rf,ga,2,174,0.7704565977533777,0.7617358280576428
rf,ga,2,175,0.7704565977533777,0.7617853657481823
rf,ga,2,176,0.7704565977533777,0.7618343405104198
rf,ga,2,177,0.7704565977533777,0.7618830538281764
rf,ga,2,178,0.7704565977533777,0.7619309295027488
rf,ga,2,179,0.7704565977533777,0.7619782702535829
rf,ga,2,180,0.7704565977533777,0.7620250849960742
rf,ga,2,181,0.7704565977533777,0.7620716679394848
rf,ga,2,182,0.7704565977533777,0.7621177389824182
rf,ga,2,183,0.7704565977533777,0.7621630241459135
rf,ga,2,184,0.7704565977533777,0.7622078170793705
rf,ga,2,185,0.7704565977533777,0.7622521257648984
rf,ga,2,186,0.7704565977533777,0.7622962358293526
rf,ga,2,187,0.7704565977533777,0.7623398741284116
rf,ga,2,188,0.7704565977533777,0.7623830481902466
rf,ga,2,189,0.7704565977533777,0.7624257653837023
rf,ga,2,190,0.7704565977533777,0.7624677609548515
rf,ga,2,191,0.7704565977533777,0.7625095873255243
rf,ga,2,192,0.7704565977533777,0.762550978004836
rf,ga,2,193,0.7704565977533777,0.762591939765191
rf,ga,2,194,0.7704565977533777,0.7626324792393571
rf,ga,2,195,0.7704565977533777,0.7626723379299348
rf,ga,2,196,0.7704565977533777,0.7627117898991803
rf,ga,2,197,0.7704565977533777,0.762751103644633
rf,ga,2,198,0.7704565977533777,0.762790020281546
rf,ga,2,199,0.7704565977533777,0.7628285457964799
rf,ga,2,200,0.7704565977533777,0.7628666860562642
rf,ga,2,201,0.7704565977533777,0.7629044468109762
rf,ga,2,202,0.7704565977533777,0.7629418336968297
rf,ga,2,203,0.7704565977533777,0.7629788522389801
rf,ga,2,204,0.7704565977533777,0.7630155078542469
rf,ga,2,205,0.7704565977533777,0.7630518058537549
rf,ga,2,206,0.7704565977533777,0.7630877514455006
rf,ga,2,207,0.7704565977533777,0.7631114059963428
rf,ga,2,208,0.7704565977533777,0.7631467194182514
rf,ga,2,209,0.7704565977533777,0.763181694912678
rf,ga,2,210,0.7704565977533777,0.7632163373071575
rf,ga,2,211,0.7704565977533777,0.7632506513377083
rf,ga,2,212,0.7704565977533777,0.7632846416509897
rf,ga,2,213,0.7704565977533777,0.7633183128064001
rf,ga,2,214,0.7704565977533777,0.7633516692781149
rf,ga,2,215,0.7704565977533777,0.7633847154570697
rf,ga,2,216,0.7704565977533777,0.7634174556528858
rf,ga,2,217,0.7704565977533777,0.7634498940957452
rf,ga,2,218,0.7704565977533777,0.7634820349382113
rf,ga,2,219,0.7704565977533777,0.7635138822570021
rf,ga,2,220,0.7704565977533777,0.763545440054713
rf,ga,2,221,0.7704565977533777,0.7635767122614943
rf,ga,2,222,0.7704565977533777,0.7636077027366829
rf,ga,2,223,0.7704565977533777,0.7636384152703901
rf,ga,2,224,0.7704565977533777,0.7636688535850461
rf,ga,2,225,0.7704565977533777,0.7636990213369054
rf,ga,2,226,0.7704565977533777,0.7637289221175093
rf,ga,2,227,0.7704565977533777,0.7637585594551123
rf,ga,2,228,0.7704565977533777,0.7637879368160695
rf,ga,2,229,0.7704565977533777,0.7638170576061888
rf,ga,2,230,0.7704565977533777,0.7638459251720462
rf,ga,2,231,0.7704565977533777,0.7638745428022684
rf,ga,2,232,0.7704565977533777,0.7639029137287817
rf,ga,2,233,0.7704565977533777,0.7639310411280289
rf,ga,2,234,0.7711355842913642,0.763961829774026
rf,ga,2,235,0.7711355842913642,0.7639894670845764
rf,ga,2,236,0.7711355842913642,0.7640168701806307
rf,ga,2,237,0.7711355842913642,0.7640440420269293
rf,ga,2,238,0.7711355842913642,0.7640709855383849
rf,ga,2,239,0.7711355842913642,0.7640977035811254
rf,ga,2,240,0.7711355842913642,0.7641241989735098
rf,ga,2,241,0.7711355842913642,0.7641532918586461
rf,ga,2,242,0.7711355842913642,0.7641821443067152
rf,ga,2,243,0.7711355842913642,0.7642107592860757
rf,ga,2,244,0.7711355842913642,0.7642363569847123
rf,ga,2,245,0.7711355842913642,0.7642617457225436
rf,ga,2,246,0.7711355842913642,0.7642869280478722
rf,ga,2,247,0.7711355842913642,0.7643146554010848
rf,ga,2,248,0.7711355842913642,0.7643421591466102
rf,ga,2,249,0.7711355842913642,0.7643667151249507
rf,ga,2,250,0.7711355842913642,0.7643937906016163
rf,ga,2,251,0.7711355842913642,0.764420650337432
rf,ga,2,252,0.7711355842913642,0.7644472969007413
rf,ga,2,253,0.7711355842913642,0.7644047011912539
rf,ga,2,254,0.7711355842913642,0.7644312007310182
rf,ga,2,255,0.7711355842913642,0.7644574924312548
rf,ga,2,256,0.7711355842913642,0.7644835787275832
rf,ga,2,257,0.7711355842913642,0.7645094620177147
rf,ga,2,258,0.7711355842913642,0.7645351446621862
rf,ga,2,259,0.7711355842913642,0.7645606289850789
rf,ga,2,260,0.7711355842913642,0.7645859172747185
rf,ga,2,261,0.7711355842913642,0.7646110117843608
rf,ga,2,262,0.7711355842913642,0.764610787395893
rf,ga,2,263,0.7711355842913642,0.7646355965095639
rf,ga,2,264,0.7711355842913642,0.764660217675404
rf,ga,2,265,0.7711355842913642,0.7646846530211246
rf,ga,2,266,0.7711355842913642,0.7647089046424415
rf,ga,2,267,0.7711355842913642,0.7647329746036733
rf,ga,2,268,0.7711355842913642,0.7647568649383288
rf,ga,2,269,0.7711355842913642,0.7647805776496786
rf,ga,2,270,0.7711355842913642,0.7648041147113144
rf,ga,2,271,0.7711355842913642,0.7648274780676984
rf,ga,2,272,0.7711355842913642,0.7648506696346972
rf,ga,2,273,0.7711355842913642,0.7648736913001062
rf,ga,2,274,0.7711355842913642,0.7648965449241618
rf,ga,2,275,0.7711355842913642,0.7649192323400427
rf,ga,2,276,0.7711355842913642,0.764941755354359
rf,ga,2,277,0.7711355842913642,0.7649641157476333
rf,ga,2,278,0.7711355842913642,0.7649863152747691
rf,ga,2,279,0.7711355842913642,0.7650083556655095
rf,ga,2,280,0.7711355842913642,0.7650302386248876
rf,ga,2,281,0.7711355842913642,0.7650519658336651
rf,ga,2,282,0.7711355842913642,0.7650735389487633
rf,ga,2,283,0.7711355842913642,0.7650901872489493
rf,ga,2,284,0.7711355842913642,0.7651114738582535
rf,ga,2,285,0.7711355842913642,0.7651326110878434
rf,ga,2,286,0.7711355842913642,0.765153600504639
rf,ga,2,287,0.7711355842913642,0.7651744436537217
rf,ga,2,288,0.7711355842913642,0.7651951420587135
rf,ga,2,289,0.7711355842913642,0.7652148033464232
rf,ga,2,290,0.7711355842913642,0.7652271269476275
rf,ga,2,291,0.7711355842913642,0.7652474309247538
rf,ga,2,292,0.7711355842913642,0.7652675958335434
rf,ga,2,293,0.7711355842913642,0.765283366206768
rf,ga,2,294,0.7711355842913642,0.7653032717104571
rf,ga,2,295,0.7711355842913642,0.7651392276045684
rf,ga,2,296,0.7711355842913642,0.765159485566348
rf,ga,2,297,0.7711355842913642,0.7651796071108767
rf,ga,2,298,0.7711355842913642,0.7651995936114824
rf,ga,2,299,0.7711355842913642,0.765218582442905
rf,ga,2,300,0.7711355842913642,0.7652383057823997
rf,ga,2,301,0.7711355842913642,0.7652578980698049
rf,ga,2,302,0.7711355842913642,0.7652773606069624
rf,ga,2,303,0.7711355842913642,0.765296694678528
rf,ga,2,304,0.7711355842913642,0.7653159015522547
rf,ga,2,305,0.7711355842913642,0.7653349824792681
rf,ga,2,306,0.7711355842913642,0.765308292121774
rf,ga,2,307,0.7711355842913642,0.7653272735294926
rf,ga,2,308,0.7711355842913642,0.7653385359435931
rf,ga,2,309,0.7711355842913642,0.7653572966178578
rf,ga,2,310,0.7711355842913642,0.7653759362555143
rf,ga,2,311,0.7711355842913642,0.7653944560241183
rf,ga,2,312,0.7711355842913642,0.7654128570762568
rf,ga,2,313,0.7711355842913642,0.7654311405497874
rf,ga,2,314,0.7711355842913642,0.7654493075680727
rf,ga,2,315,0.7711355842913642,0.7654673592402101
rf,ga,2,316,0.7711355842913642,0.7654852966612581
rf,ga,2,317,0.7711355842913642,0.7655031209124571
rf,ga,2,318,0.7711355842913642,0.7655208330614474
rf,ga,2,319,0.7711355842913642,0.7655384341624816
rf,ga,2,320,0.7711355842913642,0.7655559252566344
rf,ga,2,321,0.7711355842913642,0.7655733073720074
rf,ga,2,322,0.7711355842913642,0.7655905815239309
rf,ga,2,323,0.7711355842913642,0.7656035673641087
rf,ga,2,324,0.7711355842913642,0.7656206414904274
rf,ga,2,325,0.7711355842913642,0.7656376105451995
rf,ga,2,326,0.7711355842913642,0.765654475495341
rf,ga,2,327,0.7711355842913642,0.7656712372959406
rf,ga,2,328,0.7711355842913642,0.7656878968904389
rf,ga,2,329,0.7711355842913642,0.7657044552108064
rf,ga,2,330,0.7711355842913642,0.7657209131777172
rf,ga,2,331,0.7711355842913642,0.7657372717007191
rf,ga,2,332,0.7711355842913642,0.7657535316784018
rf,ga,2,333,0.7711355842913642,0.7657696939985608
rf,ga,2,334,0.7711355842913642,0.7657820914242318
rf,ga,2,335,0.7711355842913642,0.7657853601603805
rf,ga,2,336,0.7711355842913642,0.7658012834464846
rf,ga,2,337,0.7711355842913642,0.7658171122323746
rf,ga,2,338,0.7711355842913642,0.7658066717151217
rf,ga,2,339,0.7711355842913642,0.7658223912212463
rf,ga,2,340,0.7711355842913642,0.7658380182596878
rf,ga,2,341,0.7711355842913642,0.7658535536439449
rf,ga,2,342,0.7711355842913642,0.7658689981780017
rf,ga,2,343,0.7711355842913642,0.7658843526564663
rf,ga,2,344,0.7711355842913642,0.7658996178647074
rf,ga,2,345,0.7711577143039755,0.7659148587239516
rf,ga,2,346,0.7711577143039755,0.7659299475261695
rf,ga,2,347,0.7711577143039755,0.765941418669243
rf,ga,2,348,0.7711577143039755,0.7659528238862071
rf,ga,2,349,0.7711577143039755,0.7659676742025543
rf,ga,2,350,0.7711577143039755,0.7659824396599508
rf,ga,2,351,0.7711577143039755,0.765997184032156
rf,ga,2,352,0.7711577143039755,0.7660118446295191
rf,ga,2,353,0.7711577143039755,0.7660263594727538
rf,ga,2,354,0.7711577143039755,0.7660407923112245
rf,ga,2,355,0.7711577143039755,0.7660516304038361
rf,ga,2,356,0.7711577143039755,0.7660659733361399
rf,ga,2,357,0.7711577143039755,0.7660645240235302
rf,ga,2,358,0.7711577143039755,0.7660786889963453
rf,ga,2,359,0.7711577143039755,0.7660927750556629
rf,ga,2,360,0.7711577143039755,0.7660999166004882
rf,ga,2,361,0.7711577143039755,0.7661139271204424
rf,ga,2,362,0.7711577143039755,0.7661278602342092
rf,ga,2,363,0.7711577143039755,0.7661416556172866
rf,ga,2,364,0.7711577143039755,0.7661536111369468
rf,ga,2,365,0.7711577143039755,0.7661612144946599
rf,ga,2,366,0.7711577143039755,0.7661748056689678
rf,ga,2,367,0.7711577143039755,0.7661883227769307
rf,ga,2,368,0.7711577143039755,0.7662018265582542
rf,ga,2,369,0.7711577143039755,0.7662151971754173
rf,ga,2,370,0.7711577143039755,0.7662285553298187
rf,ga,2,371,0.7711577143039755,0.7662418414726062
rf,ga,2,372,0.7711577143039755,0.7662550561845185
rf,ga,2,373,0.7711577143039755,0.7662682000400666
rf,ga,2,374,0.7711577143039755,0.7662812736076173
rf,ga,2,375,0.7711577143039755,0.7662942774494742
rf,ga,2,376,0.7711577143039755,0.7663072121219594
rf,ga,2,377,0.7711577143039755,0.7663200781754927
rf,ga,2,378,0.7711577143039755,0.7663328761546686
rf,ga,2,379,0.7711577143039755,0.7663456065983343
rf,ga,2,380,0.7711577143039755,0.7663582700396651
rf,ga,2,381,0.7711577143039755,0.766370867006238
rf,ga,2,382,0.7711577143039755,0.7663833980201065
rf,ga,2,383,0.7711577143039755,0.766395863597871
rf,ga,2,384,0.7711577143039755,0.7664082642507516
rf,ga,2,385,0.7711577143039755,0.766420600484656
rf,ga,2,386,0.7711577143039755,0.7664328728002501
rf,ga,2,387,0.7711577143039755,0.7664450816930245
rf,ga,2,388,0.7711577143039755,0.7664572276533622
rf,ga,2,389,0.7711577143039755,0.7664693111666028
rf,ga,2,390,0.7711577143039755,0.7664813327131089
rf,ga,2,391,0.7711577143039755,0.7664932927683286
rf,ga,2,392,0.7711577143039755,0.7665051918028581
rf,ga,2,393,0.7711577143039755,0.7665170302825047
rf,ga,2,394,0.7711577143039755,0.766528808668346
rf,ga,2,395,0.7711577143039755,0.7665405274167908
rf,ga,2,396,0.7711577143039755,0.7665521869796372
rf,ga,2,397,0.7711577143039755,0.7665637878041317
rf,ga,2,398,0.7711577143039755,0.7665753303330257
rf,ga,2,399,0.7711577143039755,0.7665769189985633
rf,ga,2,400,0.7711577143039755,0.7665883709868269
rf,ga,2,401,0.7711577143039755,0.7665997658579419
rf,ga,2,402,0.7711577143039755,0.7666111040381559
rf,ga,2,403,0.7711577143039755,0.7666223859494854
rf,ga,2,404,0.7711577143039755,0.7666336120097688
rf,ga,2,405,0.7711577143039755,0.7666447826327176
rf,ga,2,406,0.7711577143039755,0.7666558982279671
rf,ga,2,407,0.7711577143039755,0.7666669592011268
rf,ga,2,408,0.7711577143039755,0.7666779659538299
rf,ga,2,409,0.7711577143039755,0.7666889188837813
rf,ga,2,410,0.7711577143039755,0.7666998183848062
rf,ga,2,411,0.7711577143039755,0.7667106648468965
rf,ga,2,412,0.7711577143039755,0.7667214586562584
rf,ga,2,413,0.7711577143039755,0.7667322001953569
rf,ga,2,414,0.7711577143039755,0.7667428898429625
rf,ga,2,415,0.7711577143039755,0.7667535279741939
rf,ga,2,416,0.7711577143039755,0.7667641149605633
rf,ga,2,417,0.7711577143039755,0.7667746511700199
rf,ga,2,418,0.7711577143039755,0.7667851369669911
rf,ga,2,419,0.7711577143039755,0.7667955727124255
rf,ga,2,420,0.7711577143039755,0.766805958763834
rf,ga,2,421,0.7711577143039755,0.7668162954753308
rf,ga,2,422,0.7711577143039755,0.7668265831976736
rf,ga,2,423,0.7711577143039755,0.7668368222783031
rf,ga,2,424,0.7711577143039755,0.7668470130613824
rf,ga,2,425,0.7711577143039755,0.7668571558878357
rf,ga,2,426,0.7711577143039755,0.7668672510953852
rf,ga,2,427,0.7711577143039755,0.7668772990185904
rf,ga,2,428,0.7711577143039755,0.7668872999888833
rf,ga,2,429,0.7711577143039755,0.7668972543346061
rf,ga,2,430,0.7711577143039755,0.7669071623810466
rf,ga,2,431,0.7711577143039755,0.7669170244504734
rf,ga,2,432,0.7711577143039755,0.7669268408621711
rf,ga,2,433,0.7711577143039755,0.7669366119324756
rf,ga,2,434,0.7711577143039755,0.7669463379748063
rf,ga,2,435,0.7711577143039755,0.7669560192997009
rf,ga,2,436,0.7711577143039755,0.7669656562148484
rf,ga,2,437,0.7711577143039755,0.7669752490251209
rf,ga,2,438,0.7711577143039755,0.7669847980326069
rf,ga,2,439,0.7711577143039755,0.7669943035366419
rf,ga,2,440,0.7711577143039755,0.7670037658338404
rf,ga,2,441,0.7711577143039755,0.7670131852181264
rf,ga,2,442,0.7711577143039755,0.767022561980764
rf,ga,2,443,0.7711577143039755,0.7670318964103876
rf,ga,2,444,0.7711577143039755,0.7670411887930308
rf,ga,2,445,0.7711577143039755,0.7670504394121566
rf,ga,2,446,0.7711577143039755,0.7670596485486854
rf,ga,2,447,0.7711577143039755,0.7670688164810239
rf,ga,2,448,0.7711577143039755,0.7670779434850926
rf,ga,2,449,0.7711577143039755,0.7670870298343552
rf,ga,2,450,0.7711577143039755,0.7670960757998433
rf,ga,2,451,0.7711577143039755,0.7671050816501851
rf,ga,2,452,0.7711577143039755,0.7671140476516315
rf,ga,2,453,0.7711577143039755,0.7671229740680827
rf,ga,2,454,0.7711577143039755,0.7671318611611133
rf,ga,2,455,0.7711577143039755,0.7671407091899987
rf,ga,2,456,0.7711577143039755,0.7671495184117397
rf,ga,2,457,0.7711577143039755,0.7671582890810883
rf,ga,2,458,0.7711577143039755,0.7671670214505706
rf,ga,2,459,0.7711577143039755,0.7671757157705126
rf,ga,2,460,0.7711577143039755,0.7671843722890636
rf,ga,2,461,0.7711577143039755,0.7671929912522195
rf,ga,2,462,0.7711577143039755,0.7672015729038468
rf,ga,2,463,0.7711577143039755,0.7672101174857046
rf,ga,2,464,0.7711577143039755,0.767218625237468
rf,ga,2,465,0.7711577143039755,0.7672270963967508
rf,ga,2,466,0.7711577143039755,0.7672355311991268
rf,ga,2,467,0.7711577143039755,0.7672439298781523
rf,ga,2,468,0.7711577143039755,0.767252292665387
rf,ga,2,469,0.7711577143039755,0.7672606197904159
rf,ga,2,470,0.7711577143039755,0.7672689114808703
rf,ga,2,471,0.7711577143039755,0.7672771679624479
rf,ga,2,472,0.7711577143039755,0.7672853894589342
rf,ga,2,473,0.7711577143039755,0.7672935761922218
rf,ga,2,474,0.7711577143039755,0.767301728382331
rf,ga,2,475,0.7711577143039755,0.7673098462474293
rf,ga,2,476,0.7711577143039755,0.7673179300038506
rf,ga,2,477,0.7711577143039755,0.7673259798661151
rf,ga,2,478,0.7711577143039755,0.7673339960469474
rf,ga,2,479,0.7711577143039755,0.7673419787572962
rf,ga,2,480,0.7711577143039755,0.7673499282063515
rf,ga,2,481,0.7711577143039755,0.7673578446015648
rf,ga,2,482,0.7711577143039755,0.7673657281486653
rf,ga,2,483,0.7711577143039755,0.7673735790516784
rf,ga,2,484,0.7711577143039755,0.7673813975129434
rf,ga,2,485,0.7711577143039755,0.7673891837331313
rf,ga,2,486,0.7711577143039755,0.7671965464452756
rf,ga,2,487,0.7711577143039755,0.7672046802601806
rf,ga,2,488,0.7711577143039755,0.7672127807397784
rf,ga,2,489,0.7711577143039755,0.7672208480885804
rf,ga,2,490,0.7711577143039755,0.7672288825094282
rf,ga,2,491,0.7711577143039755,0.7672368842035109
rf,ga,2,492,0.7711577143039755,0.7672448533703817
rf,ga,2,493,0.7711577143039755,0.7672527902079752
rf,ga,2,494,0.7711577143039755,0.7672606949126229
rf,ga,2,495,0.7711577143039755,0.7672685676790701
rf,ga,2,496,0.7711577143039755,0.7672764087004914
rf,ga,2,497,0.7711577143039755,0.7672842181685064
rf,ga,2,498,0.7711577143039755,0.7672919962731961
rf,ga,2,499,0.7711577143039755,0.7672997432031174
rf,ga,2,500,0.7711577143039755,0.7673074591453192
rf,ga,2,501,0.7711577143039755,0.7673151442853564
rf,ga,2,502,0.7711577143039755,0.7673227988073058
rf,ga,2,503,0.7711577143039755,0.7673304228937803
rf,ga,2,504,0.7711577143039755,0.7673380167259434
rf,ga,2,505,0.7711577143039755,0.7673455804835239
rf,ga,2,506,0.7711577143039755,0.7673531143448291
rf,ga,2,507,0.7711577143039755,0.7673063770891719
rf,ga,2,508,0.7711577143039755,0.7672585156461317
rf,ga,2,509,0.7711577143039755,0.7672661761543003
rf,ga,2,510,0.7711577143039755,0.7672738066212604
rf,ga,2,511,0.7711577143039755,0.7672814072233792
rf,ga,2,512,0.7711577143039755,0.7672780227732054
rf,ga,2,513,0.7711577143039755,0.7672855855247275
rf,ga,2,514,0.7711577143039755,0.7672931188492007
rf,ga,2,515,0.7711577143039755,0.7673006229180449
rf,ga,2,516,0.7711577143039755,0.767308097901351
rf,ga,2,517,0.7711577143039755,0.7673155439678938
rf,ga,2,518,0.7711577143039755,0.767322961285145
rf,ga,2,519,0.7711577143039755,0.7673303500192853
rf,ga,2,520,0.7711577143039755,0.7673377103352174
rf,ga,2,521,0.7711577143039755,0.7673450423965777
rf,ga,2,522,0.7711577143039755,0.767352346365749
rf,ga,2,523,0.7711577143039755,0.7672898138335918
rf,ga,2,524,0.7711577143039755,0.7672971953230392
rf,ga,2,525,0.7711577143039755,0.7673045486925266
rf,ga,2,526,0.7711577143039755,0.7673118741024344
rf,ga,2,527,0.7711577143039755,0.7673191717119249
rf,ga,2,528,0.7711577143039755,0.7673264416789554
rf,ga,2,529,0.7711577143039755,0.7673336841602881
rf,ga,2,530,0.7711577143039755,0.7673408993115026
rf,ga,2,531,0.7711577143039755,0.7673480872870063
rf,ga,2,532,0.7711577143039755,0.7673552482400458
rf,ga,2,533,0.7711577143039755,0.7673623823227173
rf,ga,2,534,0.7711577143039755,0.7673694896859782
rf,ga,2,535,0.7711577143039755,0.7673765704796566
rf,ga,2,536,0.7711577143039755,0.7673836248524631
rf,ga,2,537,0.7711577143039755,0.7673906529520004
rf,ga,2,538,0.7711577143039755,0.7673976549247736
rf,ga,2,539,0.7711577143039755,0.7674046309162007
rf,ga,2,540,0.7711577143039755,0.7674115810706225
rf,ga,2,541,0.7711577143039755,0.7674185055313125
rf,ga,2,542,0.7711577143039755,0.7674254044404873
rf,ga,2,543,0.7711577143039755,0.7674322779393151
rf,ga,2,544,0.7711577143039755,0.7674391261679266
rf,ga,2,545,0.7711577143039755,0.767445949265424
rf,ga,2,546,0.7711577143039755,0.7674527473698902
rf,ga,2,547,0.7711577143039755,0.7674595206183986
rf,ga,2,548,0.7711577143039755,0.7674662691470219
rf,ga,2,549,0.7711577143039755,0.7674729930908415
rf,ga,2,550,0.7711577143039755,0.7674796925839562
rf,ga,2,551,0.7711577143039755,0.7674863677594916
rf,ga,2,552,0.7711577143039755,0.7674930187496084
rf,ga,2,553,0.7711577143039755,0.7674996456855114
rf,ga,2,554,0.7711577143039755,0.7675062486974582
rf,ga,2,555,0.7711577143039755,0.7675128279147673
rf,ga,2,556,0.7711577143039755,0.7675193834658269
rf,ga,2,557,0.7711577143039755,0.7675259154781038
rf,ga,2,558,0.7711577143039755,0.7675324240781501
rf,ga,2,559,0.7711577143039755,0.7675389093916132
rf,ga,2,560,0.7711577143039755,0.7675453715432423
rf,ga,2,561,0.7711577143039755,0.7675518106568978
rf,ga,2,562,0.7711577143039755,0.7675582268555581
rf,ga,2,563,0.7711577143039755,0.7675646202613279
rf,ga,2,564,0.7711577143039755,0.767570990995446
rf,ga,2,565,0.7711577143039755,0.767577339178293
rf,ga,2,566,0.7711577143039755,0.7675836649293984
rf,ga,2,567,0.7711577143039755,0.7675899683674489
rf,ga,2,568,0.7711577143039755,0.7675962496102949
rf,ga,2,569,0.7711577143039755,0.7676025087749586
rf,ga,2,570,0.7711577143039755,0.7676087459776412
rf,ga,2,571,0.7711577143039755,0.7676149613337293
rf,ga,2,572,0.7711577143039755,0.7676164712487504
rf,ga,2,573,0.7711577143039755,0.76759828767851
rf,ga,2,574,0.7711577143039755,0.767604488770192
rf,ga,2,575,0.7711577143039755,0.7676106682928595
rf,ga,2,576,0.7711577143039755,0.7676168263588511
rf,ga,2,577,0.7711577143039755,0.7676229630797266
rf,ga,2,578,0.7711577143039755,0.7676290785662736
rf,ga,2,579,0.7711577143039755,0.7676351729285149
rf,ga,2,580,0.7711577143039755,0.7676412462757141
rf,ga,2,581,0.7711577143039755,0.7676472987163823
rf,ga,2,582,0.7711577143039755,0.7676533303582853
rf,ga,2,583,0.7711577143039755,0.7676593413084495
rf,ga,2,584,0.7711577143039755,0.767664611278717
rf,ga,2,585,0.7711577143039755,0.7676705823949995
rf,ga,2,586,0.7711577143039755,0.7676760797612076
rf,ga,2,587,0.7711577143039755,0.7676820109955222
rf,ga,2,588,0.7711577143039755,0.7676879220555708
rf,ga,2,589,0.7711577143039755,0.7676938130441079
rf,ga,2,590,0.7711577143039755,0.7676996840631924
rf,ga,2,591,0.7711577143039755,0.7677055352141922
rf,ga,2,592,0.7711577143039755,0.7677113665977895
rf,ga,2,593,0.7711577143039755,0.7677171783139889
rf,ga,2,594,0.7711577143039755,0.7677229704621202
rf,ga,2,595,0.7711577143039755,0.767728743140846
rf,ga,2,596,0.7711577143039755,0.7677344964481667
rf,ga,2,597,0.7711577143039755,0.767740230481426
rf,ga,2,598,0.7711577143039755,0.7677459453373167
rf,ga,2,599,0.7711577143039755,0.7677516411118853
rf,ga,2,600,0.7711577143039755,0.7677573179005388
rf,ga,2,601,0.7711577143039755,0.7677629757980486
rf,ga,2,602,0.7711577143039755,0.7677686148985569
rf,ga,2,603,0.7711577143039755,0.7677742352955808
rf,ga,2,604,0.7711577143039755,0.7677798370820185
rf,ga,2,605,0.7711577143039755,0.7677854203501538
rf,ga,2,606,0.7711577143039755,0.7677909851916619
rf,ga,2,607,0.7711577143039755,0.767796531697613
rf,ga,2,608,0.7711577143039755,0.7678020599584787
rf,ga,2,609,0.7711577143039755,0.7678075700641364
rf,ga,2,610,0.7711577143039755,0.7678130621038738
rf,ga,2,611,0.7711577143039755,0.7678185361663944
rf,ga,2,612,0.7711577143039755,0.7678239923398218
rf,ga,2,613,0.7711577143039755,0.7678294307117046
rf,ga,2,614,0.7711577143039755,0.7678244321047685
rf,ga,2,615,0.7711577143039755,0.7678298520758241
rf,ga,2,616,0.7711577143039755,0.767835254449571
rf,ga,2,617,0.7711577143039755,0.7678406393115716
rf,ga,2,618,0.7711577143039755,0.7678460067468345
rf,ga,2,619,0.7711577143039755,0.7678513568398185
rf,ga,2,620,0.7711577143039755,0.7678566896744382
rf,ga,2,621,0.7711577143039755,0.7678620053340671
rf,ga,2,622,0.7711577143039755,0.7678673039015428
rf,ga,2,623,0.7711577143039755,0.7678725854591711
rf,ga,2,624,0.7711577143039755,0.7678758157344038
rf,ga,2,625,0.7711577143039755,0.7678810667721151
rf,ga,2,626,0.7711577143039755,0.7678863010333481
rf,ga,2,627,0.7711577143039755,0.767891518598373
rf,ga,2,628,0.7711577143039755,0.7678967195469488
rf,ga,2,629,0.7711577143039755,0.7679019039583271
rf,ga,2,630,0.7711577143039755,0.7678909795746909
rf,ga,2,631,0.7711577143039755,0.7678961566503316
rf,ga,2,632,0.7711577143039755,0.7679013173428215
rf,ga,2,633,0.7711577143039755,0.767906461729806
rf,ga,2,634,0.7711577143039755,0.7679115898884403
rf,ga,2,635,0.7711577143039755,0.767916701895394
rf,ga,2,636,0.7711577143039755,0.7679191650691235
rf,ga,2,637,0.7711577143039755,0.7679242491338564
rf,ga,2,638,0.7711577143039755,0.7679293172610823
rf,ga,2,639,0.7711577143039755,0.7679343695256251
rf,ga,2,640,0.7711577143039755,0.7679394060018413
rf,ga,2,641,0.7711577143039755,0.7679444267636231
rf,ga,2,642,0.7711577143039755,0.7679494318844025
rf,ga,2,643,0.7711577143039755,0.7679544214371545
rf,ga,2,644,0.7711577143039755,0.7679593954944012
rf,ga,2,645,0.7711577143039755,0.7679643541282144
rf,ga,2,646,0.7711577143039755,0.7679692974102202
rf,ga,2,647,0.7711577143039755,0.7679742254116017
rf,ga,2,648,0.7711577143039755,0.7679791382031022
rf,ga,2,649,0.7711577143039755,0.7679840358550295
rf,ga,2,650,0.7711577143039755,0.7679889184372587
rf,ga,2,651,0.7711577143039755,0.7679937860192352
rf,ga,2,652,0.7711577143039755,0.7679986386699788
rf,ga,2,653,0.7711577143039755,0.768003476458086
rf,ga,2,654,0.7711577143039755,0.7680082994517341
rf,ga,2,655,0.7711577143039755,0.7680131077186841
rf,ga,2,656,0.7711577143039755,0.7680179013262837
rf,ga,2,657,0.7711577143039755,0.7679848325211577
rf,ga,2,658,0.7711577143039755,0.7679896545299463
rf,ga,2,659,0.7711577143039755,0.7679898925463642
rf,ga,2,660,0.7711577143039755,0.7679946922763
rf,ga,2,661,0.7711577143039755,0.7679994774836036
rf,ga,2,662,0.7711577143039755,0.7680042482340875
rf,ga,2,663,0.7711577143039755,0.7679773640558835
rf,ga,2,664,0.7711577143039755,0.767982153739992
rf,ga,2,665,0.7711577143039755,0.7679869290190355
rf,ga,2,666,0.7711577143039755,0.7679916899579019
rf,ga,2,667,0.7711577143039755,0.7679964366210894
rf,ga,2,668,0.7711577143039755,0.7680011690727107
rf,ga,2,669,0.7711577143039755,0.7680058873764941
rf,ga,2,670,0.7711577143039755,0.7680105915957891
rf,ga,2,671,0.7711577143039755,0.7680152817935656
rf,ga,2,672,0.7711577143039755,0.7680199580324204
rf,ga,2,673,0.7711577143039755,0.7680246203745772
rf,ga,2,674,0.7711577143039755,0.7680292688818908
rf,ga,2,675,0.7711577143039755,0.7680339036158494
rf,ga,2,676,0.7711577143039755,0.7680385246375776
rf,ga,2,677,0.7711577143039755,0.768043132007838
rf,ga,2,678,0.7711577143039755,0.768047725787036
rf,ga,2,679,0.7711577143039755,0.76805230603522
rf,ga,2,680,0.7711577143039755,0.7680568728120858
rf,ga,2,681,0.7711577143039755,0.7680614261769783
rf,ga,2,682,0.7711577143039755,0.7680659661888949
rf,ga,2,683,0.7711577143039755,0.7680704929064864
rf,ga,2,684,0.7711577143039755,0.7680750063880617
rf,ga,2,685,0.7711577143039755,0.7680795066915886
rf,ga,2,686,0.7711577143039755,0.7680839938746971
rf,ga,2,687,0.7711577143039755,0.7680884679946814
rf,ga,2,688,0.7711577143039755,0.768092929108503
rf,ga,2,689,0.7711577143039755,0.7680973772727927
rf,ga,2,690,0.7711577143039755,0.7681018125438523
rf,ga,2,691,0.7711577143039755,0.7681062349776586
rf,ga,2,692,0.7711577143039755,0.7681106446298642
rf,ga,2,693,0.7711577143039755,0.7681150415558009
rf,ga,2,694,0.7711577143039755,0.7681194258104813
rf,ga,2,695,0.7711577143039755,0.7681237974486014
rf,ga,2,696,0.7711577143039755,0.7681255055111464
rf,ga,2,697,0.7711577143039755,0.7681298558824418
rf,ga,2,698,0.7711577143039755,0.7681341937884898
rf,ga,2,699,0.7711577143039755,0.7681385192827894
rf,ga,2,700,0.7711577143039755,0.7680956405468075
rf,ga,2,701,0.7711577143039755,0.7681000086976737
rf,ga,2,702,0.7711577143039755,0.7681043644036655
rf,ga,2,703,0.7711577143039755,0.7681087077178907
rf,ga,2,704,0.7711577143039755,0.768113038693155
rf,ga,2,705,0.7711577143039755,0.7681173573819646
rf,ga,2,706,0.7711577143039755,0.7681216638365284
rf,ga,2,707,0.7711577143039755,0.7681259581087597
rf,ga,2,708,0.7711577143039755,0.7681302402502782
rf,ga,2,709,0.7711577143039755,0.7681345103124133
rf,ga,2,710,0.7711577143039755,0.7681387683462042
rf,ga,2,711,0.7711577143039755,0.7681430144024036
rf,ga,2,712,0.7711577143039755,0.7681472485314786
rf,ga,2,713,0.7711577143039755,0.7681514707836141
rf,ga,2,714,0.7711577143039755,0.7681556812087127
rf,ga,2,715,0.7711577143039755,0.7681598798563983
rf,ga,2,716,0.7711577143039755,0.7681640667760179
rf,ga,2,717,0.7711577143039755,0.7681682420166427
rf,ga,2,718,0.7711577143039755,0.7681724056270707
rf,ga,2,719,0.7711577143039755,0.7681765576558285
rf,ga,2,720,0.7711577143039755,0.7681774077808837
rf,ga,2,721,0.7711577143039755,0.768181541354425
rf,ga,2,722,0.7711577143039755,0.7681856634776236
rf,ga,2,723,0.7711577143039755,0.7681897741979922
rf,ga,2,724,0.7711577143039755,0.7681938735627795
rf,ga,2,725,0.7711577143039755,0.7681979616189741
rf,ga,2,726,0.7711577143039755,0.7682020384133063
rf,ga,2,727,0.7711577143039755,0.7682061039922479
rf,ga,2,728,0.7711577143039755,0.7682101584020167
rf,ga,2,729,0.7711577143039755,0.7682142016885763
rf,ga,2,730,0.7711577143039755,0.7682182338976387
rf,ga,2,731,0.7711577143039755,0.7682222550746649
rf,ga,2,732,0.7711577143039755,0.7682124153030706
rf,ga,2,733,0.7711577143039755,0.7682164334463186
rf,ga,2,734,0.7711577143039755,0.7682204406409477
rf,ga,2,735,0.7711577143039755,0.7682190648140653
rf,ga,2,736,0.7711577143039755,0.7682230575443505
rf,ga,2,737,0.7711577143039755,0.7682270394395467
rf,ga,2,738,0.7711577143039755,0.7682310105436992
rf,ga,2,739,0.7711577143039755,0.7682349709006142
rf,ga,2,740,0.7711577143039755,0.7682389205538621
rf,ga,2,741,0.7711577143039755,0.7682428595467772
rf,ga,2,742,0.7711577143039755,0.7682467879224607
rf,ga,2,743,0.7711577143039755,0.7682507057237817
rf,ga,2,744,0.7711577143039755,0.7682546129933788
rf,ga,2,745,0.7711577143039755,0.7682585097736615
rf,ga,2,746,0.7711577143039755,0.768262396106812
rf,ga,2,747,0.7711577143039755,0.7682662720347868
rf,ga,2,748,0.7711577143039755,0.7682701375993177
rf,ga,2,749,0.7711577143039755,0.7682739928419142
rf,ga,2,750,0.7711577143039755,0.7682778378038635
rf,ga,2,751,0.7711577143039755,0.7682816725262339
rf,ga,2,752,0.7711577143039755,0.7682854970498744
rf,ga,2,753,0.7711577143039755,0.7682893114154179
rf,ga,2,754,0.7711577143039755,0.7682931156632805
rf,ga,2,755,0.7711577143039755,0.7682969098336657
rf,ga,2,756,0.7711577143039755,0.7683006939665629
rf,ga,2,757,0.7711577143039755,0.768304468101751
rf,ga,2,758,0.7711577143039755,0.7683082322787987
rf,ga,2,759,0.7711577143039755,0.7683119865370664
rf,ga,2,760,0.7711577143039755,0.7683157309157072
rf,ga,2,761,0.7711577143039755,0.768319465453668
rf,ga,2,762,0.7711577143039755,0.7683231901896921
rf,ga,2,763,0.7711577143039755,0.7683269051623189
rf,ga,2,764,0.7711577143039755,0.7683306104098866
rf,ga,2,765,0.7711577143039755,0.7683343059705323
rf,ga,2,766,0.7711577143039755,0.768337991882195
rf,ga,2,767,0.7711577143039755,0.7683416681826145
rf,ga,2,768,0.7711577143039755,0.768345334909335
rf,ga,2,769,0.7711577143039755,0.7683489920997051
rf,ga,2,770,0.7711577143039755,0.7683453551862438
rf,ga,2,771,0.7711577143039755,0.7683490028634393
rf,ga,2,772,0.7711577143039755,0.7683526410906939
rf,ga,2,773,0.7711577143039755,0.7683562699046826
rf,ga,2,774,0.7711577143039755,0.768359889341891
rf,ga,2,775,0.7711577143039755,0.7683634994386163
rf,ga,2,776,0.7711577143039755,0.7683671002309685
rf,ga,2,777,0.7711577143039755,0.7683706917548719
rf,ga,2,778,0.7711577143039755,0.7683742740460662
rf,ga,2,779,0.7711577143039755,0.7683778471401072
rf,ga,2,780,0.7711577143039755,0.7683814110723685
rf,ga,2,781,0.7711577143039755,0.768384965878043
rf,ga,2,782,0.7711577143039755,0.7683885115921426
rf,ga,2,783,0.7711577143039755,0.7683920482495012
rf,ga,2,784,0.7711577143039755,0.7683955758847746
rf,ga,2,785,0.7711577143039755,0.7683972705940391
rf,ga,2,786,0.7711577143039755,0.7684007826089372
rf,ga,2,787,0.7711577143039755,0.7684042856987658
rf,ga,2,788,0.7711577143039755,0.7684077798975032
rf,ga,2,789,0.7711577143039755,0.7684112652389564
rf,ga,2,790,0.7711577143039755,0.7684147417567602
rf,ga,2,791,0.7711577143039755,0.76841820948438
rf,ga,2,792,0.7711577143039755,0.7684216684551116
rf,ga,2,793,0.7711577143039755,0.7684251187020839
rf,ga,2,794,0.7711577143039755,0.7684285602582573
rf,ga,2,795,0.7711577143039755,0.7684319931564282
rf,ga,2,796,0.7711577143039755,0.7684354174292265
rf,ga,2,797,0.7711577143039755,0.7684388331091196
rf,ga,2,798,0.7711577143039755,0.7684422402284116
rf,ga,2,799,0.7711577143039755,0.7684432556418884
rf,ga,2,800,0.7711577143039755,0.7684466487152161
rf,ga,2,801,0.7711577143039755,0.7684500333164505
rf,ga,2,802,0.7711577143039755,0.7684534094772827
rf,ga,2,803,0.7711577143039755,0.7684567772292462
rf,ga,2,804,0.7711577143039755,0.7684601366037174
rf,ga,2,805,0.7711577143039755,0.7684634876319163
rf,ga,2,806,0.7711577143039755,0.7684668303449091
rf,ga,2,807,0.7711577143039755,0.7684701647736069
rf,ga,2,808,0.7711577143039755,0.7684734909487682
rf,ga,2,809,0.7711577143039755,0.7684768089009995
rf,ga,2,810,0.7711577143039755,0.7684801186607563
rf,ga,2,811,0.7711577143039755,0.7684834202583435
rf,ga,2,812,0.7711577143039755,0.768486713723917
rf,ga,2,813,0.7711577143039755,0.768489999087484
rf,ga,2,814,0.7711577143039755,0.7684932763789047
rf,ga,2,815,0.7711577143039755,0.7684965456278927
rf,ga,2,816,0.7711577143039755,0.7684998068640152
rf,ga,2,817,0.7711577143039755,0.7685030601166958
rf,ga,2,818,0.7711577143039755,0.7685063054152131
rf,ga,2,819,0.7711577143039755,0.7685095427887038
rf,ga,2,820,0.7711577143039755,0.7685127722661614
rf,ga,2,821,0.7711577143039755,0.7685159938764389
rf,ga,2,822,0.7711577143039755,0.768421563160128
rf,ga,2,823,0.7711577143039755,0.7684248877666213
rf,ga,2,824,0.7711577143039755,0.768428204303681
rf,ga,2,825,0.7711577143039755,0.7684315128006513
rf,ga,2,826,0.7711577143039755,0.7684348132867327
rf,ga,2,827,0.7711577143039755,0.7684381057909857
rf,ga,2,828,0.7711577143039755,0.7684413903423298
rf,ga,2,829,0.7711577143039755,0.7684446669695454
rf,ga,2,830,0.7711577143039755,0.7684479357012736
rf,ga,2,831,0.7711577143039755,0.7684511965660181
rf,ga,2,832,0.7711577143039755,0.7684544495921453
rf,ga,2,833,0.7711577143039755,0.768457694807886
rf,ga,2,834,0.7711577143039755,0.7684609322413345
rf,ga,2,835,0.7711577143039755,0.7684641619204514
rf,ga,2,836,0.7711577143039755,0.7684673838730632
rf,ga,2,837,0.7711577143039755,0.7684705981268636
rf,ga,2,838,0.7711577143039755,0.7684738047094138
rf,ga,2,839,0.7711577143039755,0.768477003648144
rf,ga,2,840,0.7711577143039755,0.7684801949703532
rf,ga,2,841,0.7711577143039755,0.7684833787032114
rf,ga,2,842,0.7711577143039755,0.7684865548737585
rf,ga,2,843,0.7711577143039755,0.7684897235089071
rf,ga,2,844,0.7711577143039755,0.7684928846354416
rf,ga,2,845,0.7711577143039755,0.7684960382800198
rf,ga,2,846,0.7711577143039755,0.7684991844691734
rf,ga,2,847,0.7711577143039755,0.7685023232293089
rf,ga,2,848,0.7711577143039755,0.7685054545867083
rf,ga,2,849,0.7711577143039755,0.7685085785675294
rf,ga,2,850,0.7711577143039755,0.7684568939980853
rf,ga,2,851,0.7711577143039755,0.7684600676999723
rf,ga,2,852,0.7711577143039755,0.7684632339518549
rf,ga,2,853,0.7711577143039755,0.7684663927799349
rf,ga,2,854,0.7711577143039755,0.7684695442102908
rf,ga,2,855,0.7711577143039755,0.76847268826888
rf,ga,2,856,0.7711577143039755,0.7684758249815378
rf,ga,2,857,0.7711577143039755,0.7684789543739794
rf,ga,2,858,0.7711577143039755,0.7684820764717998
rf,ga,2,859,0.7711577143039755,0.7684851913004753
rf,ga,2,860,0.7711577143039755,0.768488298885363
rf,ga,2,861,0.7711577143039755,0.768491399251703
rf,ga,2,862,0.7711577143039755,0.7684944924246174
rf,ga,2,863,0.7711577143039755,0.7684975784291126
rf,ga,2,864,0.7711577143039755,0.7685006572900789
rf,ga,2,865,0.7711577143039755,0.7685037290322915
rf,ga,2,866,0.7711577143039755,0.7685067936804112
rf,ga,2,867,0.7711577143039755,0.7685098512589851
rf,ga,2,868,0.7711577143039755,0.768512901792447
rf,ga,2,869,0.7711577143039755,0.7685159453051185
rf,ga,2,870,0.7711577143039755,0.7685189818212093
rf,ga,2,871,0.7711577143039755,0.7685220113648173
rf,ga,2,872,0.7711577143039755,0.7685250339599311
rf,ga,2,873,0.7711577143039755,0.7685280496304282
rf,ga,2,874,0.7711577143039755,0.7685310584000777
rf,ga,2,875,0.7711577143039755,0.7685340602925392
rf,ga,2,876,0.7711577143039755,0.7685370553313652
rf,ga,2,877,0.7711577143039755,0.7685400435399998
rf,ga,2,878,0.7711577143039755,0.7685430249417811
rf,ga,2,879,0.7711577143039755,0.7685459995599406
rf,ga,2,880,0.7711577143039755,0.7685489674176043
rf,ga,2,881,0.7711577143039755,0.7685519285377932
rf,ga,2,882,0.7711577143039755,0.7685548829434237
rf,ga,2,883,0.7711577143039755,0.7685578306573089
rf,ga,2,884,0.7711577143039755,0.7685607717021581
rf,ga,2,885,0.7711577143039755,0.7685637061005782
rf,ga,2,886,0.7711577143039755,0.7685666338750741
rf,ga,2,887,0.7711577143039755,0.7685695550480491
rf,ga,2,888,0.7711577143039755,0.7685724696418058
rf,ga,2,889,0.7711577143039755,0.7685753776785462
rf,ga,2,890,0.7711577143039755,0.7685782791803725
rf,ga,2,891,0.7711577143039755,0.7685811741692878
rf,ga,2,892,0.7711577143039755,0.7685840626671968
rf,ga,2,893,0.7711577143039755,0.7685869446959053
rf,ga,2,894,0.7711577143039755,0.7685898202771225
rf,ga,2,895,0.7711577143039755,0.7685926894324597
rf,ga,2,896,0.7711577143039755,0.7685955521834323
rf,ga,2,897,0.7711577143039755,0.7685984085514597
rf,ga,2,898,0.7711577143039755,0.7686012585578655
rf,ga,2,899,0.7711577143039755,0.768604102223879
rf,ga,2,900,0.7711577143039755,0.7686069395706348
rf,ga,2,901,0.7711577143039755,0.7686097706191733
rf,ga,2,902,0.7711577143039755,0.7686125953904426
rf,ga,2,903,0.7711577143039755,0.7686154139052971
rf,ga,2,904,0.7711577143039755,0.7686182261844992
rf,ga,2,905,0.7711577143039755,0.7686185694005406
rf,ga,2,906,0.7711577143039755,0.7685930462940602
rf,ga,2,907,0.7711577143039755,0.7685958739324394
rf,ga,2,908,0.7711577143039755,0.7685986953425402
rf,ga,2,909,0.7711577143039755,0.768601510544918
rf,ga,2,910,0.7711577143039755,0.7686043195600379
rf,ga,2,911,0.7711577143039755,0.7686071224082749
rf,ga,2,912,0.7711577143039755,0.768609919109915
rf,ga,2,913,0.7711577143039755,0.7686127096851548
rf,ga,2,914,0.7711577143039755,0.7686154941541034
rf,ga,2,915,0.7711577143039755,0.7686182725367806
rf,ga,2,916,0.7711577143039755,0.7686210448531205
rf,ga,2,917,0.7711577143039755,0.7686238111229687
rf,ga,2,918,0.7711577143039755,0.7686265713660854
rf,ga,2,919,0.7711577143039755,0.768629325602144
rf,ga,2,920,0.7711577143039755,0.7685970095336951
rf,ga,2,921,0.7711577143039755,0.768599789886323
rf,ga,2,922,0.7711577143039755,0.7686025642078173
rf,ga,2,923,0.7711577143039755,0.7686053325177807
rf,ga,2,924,0.7711577143039755,0.768608094835731
rf,ga,2,925,0.7711577143039755,0.7686083059453424
rf,ga,2,926,0.7711577143039755,0.7686110590861184
rf,ga,2,927,0.7711577143039755,0.7686122617436925
rf,ga,2,928,0.7711577143039755,0.7686150046882618
rf,ga,2,929,0.7711577143039755,0.7686177417276758
rf,ga,2,930,0.7711577143039755,0.7686204728809838
rf,ga,2,931,0.7711577143039755,0.7686231981671522
rf,ga,2,932,0.7711577143039755,0.7686259176050674
rf,ga,2,933,0.7711577143039755,0.7686286312135335
rf,ga,2,934,0.7711577143039755,0.7686313390112749
rf,ga,2,935,0.7711577143039755,0.7686340410169357
rf,ga,2,936,0.7711577143039755,0.7686367372490798
rf,ga,2,937,0.7711577143039755,0.7686394277261928
rf,ga,2,938,0.7711577143039755,0.7686129991349172
rf,ga,2,939,0.7711577143039755,0.7686157091617212
rf,ga,2,940,0.7711577143039755,0.7686184134225109
rf,ga,2,941,0.7711577143039755,0.7686211119356687
rf,ga,2,942,0.7711577143039755,0.7686238047194991
rf,ga,2,943,0.7711577143039755,0.7686264917922293
rf,ga,2,944,0.7711577143039755,0.7686291731720086
rf,ga,2,945,0.7711577143039755,0.7686318488769102
rf,ga,2,946,0.7711577143039755,0.7686345189249303
rf,ga,2,947,0.7711577143039755,0.7686371833339896
rf,ga,2,948,0.7711577143039755,0.7686398421219326
rf,ga,2,949,0.7711577143039755,0.7686424953065291
rf,ga,2,950,0.7711577143039755,0.7686451429054737
rf,ga,2,951,0.7711577143039755,0.768647784936387
rf,ga,2,952,0.7711577143039755,0.7686504214168149
rf,ga,2,953,0.7711577143039755,0.7686530523642308
rf,ga,2,954,0.7711577143039755,0.7686556777960335
rf,ga,2,955,0.7711577143039755,0.7686582977295496
rf,ga,2,956,0.7711577143039755,0.7686609121820334
rf,ga,2,957,0.7711577143039755,0.7686635211706665
rf,ga,2,958,0.7711577143039755,0.7686661247125592
rf,ga,2,959,0.7711577143039755,0.7686687228247505
rf,ga,2,960,0.7711577143039755,0.7686713155242081
rf,ga,2,961,0.7711577143039755,0.768673902827829
rf,ga,2,962,0.7711577143039755,0.7686764847524404
rf,ga,2,963,0.7711577143039755,0.7686790613147992
rf,ga,2,964,0.7711577143039755,0.7686816325315929
rf,ga,2,965,0.7711577143039755,0.7686841984194399
rf,ga,2,966,0.7711577143039755,0.7686867589948898
rf,ga,2,967,0.7711577143039755,0.7686893142744234
rf,ga,2,968,0.7711577143039755,0.768691864274454
rf,ga,2,969,0.7711577143039755,0.7686944090113266
rf,ga,2,970,0.7711577143039755,0.7686958528623048
rf,ga,2,971,0.7711577143039755,0.7686983882499892
rf,ga,2,972,0.7711577143039755,0.7687009184208267
rf,ga,2,973,0.7711577143039755,0.7687011526636648
rf,ga,2,974,0.7711577143039755,0.7687013864255113
rf,ga,2,975,0.7711577143039755,0.7687039057361559
rf,ga,2,976,0.7711577143039755,0.7687064198842787
rf,ga,2,977,0.7711577143039755,0.7687089288857317
rf,ga,2,978,0.7711577143039755,0.7687056974336344
rf,ga,2,979,0.7711577143039755,0.7687082020473937
rf,ga,2,980,0.7711577143039755,0.7687107015496963
rf,ga,2,981,0.7711577143039755,0.7687131959561736
rf,ga,2,982,0.7711577143039755,0.7687154975010937
rf,ga,2,983,0.7711577143039755,0.7687179819535891
rf,ga,2,984,0.7711577143039755,0.768720461356384
rf,ga,2,985,0.7711577143039755,0.768722935724859
rf,ga,2,986,0.7711577143039755,0.7687254050743305
rf,ga,2,987,0.7711577143039755,0.7687278694200547
rf,ga,2,988,0.7711577143039755,0.7687303287772245
rf,ga,2,989,0.7711577143039755,0.7686995457679789
rf,ga,2,990,0.7711577143039755,0.7687020287665002
rf,ga,2,991,0.7711577143039755,0.7687045067539244
rf,ga,2,992,0.7711577143039755,0.7687069797454064
rf,ga,2,993,0.7711577143039755,0.7687094477560394
rf,ga,2,994,0.7711577143039755,0.7687119108008563
rf,ga,2,995,0.7711577143039755,0.7687143688948292
rf,ga,2,996,0.7711577143039755,0.7687168220528706
rf,ga,2,997,0.7711577143039755,0.7687192702898326
rf,ga,2,998,0.7711577143039755,0.768721713620508
rf,ga,2,999,0.7711577143039755,0.7687241520596306
rf,ga,2,1000,0.7711577143039755,0.7687237367902959
rf,ga,3,1,0.6791831088615243,0.6791831088615243
rf,ga,3,2,0.7690920918160317,0.724137600338778
rf,ga,3,3,0.7690920918160317,0.7337404946644424
rf,ga,3,4,0.7690920918160317,0.7236296931659619
rf,ga,3,5,0.7690920918160317,0.7192060052419633
rf,ga,3,6,0.7690920918160317,0.7204454838613894
rf,ga,3,7,0.7690920918160317,0.7221117964740345
rf,ga,3,8,0.7690920918160317,0.7218120613615747
rf,ga,3,9,0.7690920918160317,0.7190898463381318
rf,ga,3,10,0.7690920918160317,0.7224866191225604
rf,ga,3,11,0.7690920918160317,0.7267234802765123
rf,ga,3,12,0.7690920918160317,0.7297750684136911
rf,ga,3,13,0.7690920918160317,0.7327994548292557
rf,ga,3,14,0.7690920918160317,0.7327838958224421
rf,ga,3,15,0.7690920918160317,0.7341354743797737
rf,ga,3,16,0.7690920918160317,0.7347692927176691
rf,ga,3,17,0.7690920918160317,0.7358385274587339
rf,ga,3,18,0.7690920918160317,0.7365307665061689
rf,ga,3,19,0.7690920918160317,0.7374005984891293
rf,ga,3,20,0.7690920918160317,0.7387490658949685
rf,ga,3,21,0.7690920918160317,0.7401939718912095
rf,ga,3,22,0.7690920918160317,0.7414635772667991
rf,ga,3,23,0.7690920918160317,0.7426648170298091
rf,ga,3,24,0.7690920918160317,0.7437659534792352
rf,ga,3,25,0.7690920918160317,0.744676544582435
rf,ga,3,26,0.7690920918160317,0.7453933650311834
rf,ga,3,27,0.7690920918160317,0.7462710956528444
rf,ga,3,28,0.7690920918160317,0.7469168762602457
rf,ga,3,29,0.7698153383678493,0.7477064784018872
rf,ga,3,30,0.7698153383678493,0.7482276803859129
rf,ga,3,31,0.7698153383678493,0.7489240564498464
rf,ga,3,32,0.7698153383678493,0.7495543075550397
rf,ga,3,33,0.7698153383678493,0.7501682781857308
rf,ga,3,34,0.7698153383678493,0.7507248609395633
rf,ga,3,35,0.7698153383678493,0.7512496389646052
rf,ga,3,36,0.7698153383678493,0.7517653528369175
rf,ga,3,37,0.7698153383678493,0.7521644171131963
rf,ga,3,38,0.7698153383678493,0.7520048178422821
rf,ga,3,39,0.7698153383678493,0.7524429530723783
rf,ga,3,40,0.7698153383678493,0.7528591815409698
rf,ga,3,41,0.7698153383678493,0.7532727463416253
rf,ga,3,42,0.7698153383678493,0.7536666175803449
rf,ga,3,43,0.7698153383678493,0.754042169226566
rf,ga,3,44,0.7698153383678493,0.7544006503434133
rf,ga,3,45,0.7698153383678493,0.7547431989661786
rf,ga,3,46,0.7698153383678493,0.7550472709361695
rf,ga,3,47,0.7698153383678493,0.7553614851368435
rf,ga,3,48,0.7698153383678493,0.75564753944266
rf,ga,3,49,0.7698153383678493,0.7559366781962353
rf,ga,3,50,0.7698153383678493,0.7561997864686313
rf,ga,3,51,0.7698153383678493,0.7564667580744984
rf,ga,3,52,0.7698153383678493,0.7567234615416781
rf,ga,3,53,0.7698153383678493,0.7569704780855682
rf,ga,3,54,0.7698153383678493,0.7572083458685733
rf,ga,3,55,0.7698153383678493,0.7574375639140147
rf,ga,3,56,0.7698153383678493,0.7576585956006905
rf,ga,3,57,0.7698153383678493,0.7578718717895879
rf,ga,3,58,0.7698153383678493,0.7580777936271442
rf,ga,3,59,0.7698153383678493,0.7582767350634273
rf,ga,3,60,0.7698153383678493,0.7584408760352164
rf,ga,3,61,0.7698153383678493,0.7586273426308333
rf,ga,3,62,0.7698153383678493,0.7588077941749787
rf,ga,3,63,0.7698153383678493,0.758982517098675
rf,ga,3,64,0.7698153383678493,0.759151779931006
rf,ga,3,65,0.7698153383678493,0.7593158346761882
rf,ga,3,66,0.7698153383678493,0.7584952359802566
rf,ga,3,67,0.7698153383678493,0.7586641927323102
rf,ga,3,68,0.7698153383678493,0.7588281801681269
rf,ga,3,69,0.7698153383678493,0.7589874143449344
rf,ga,3,70,0.7698153383678493,0.7591034084562556
rf,ga,3,71,0.7698153383678493,0.7592542807085315
rf,ga,3,72,0.7698153383678493,0.7594009620649109
rf,ga,3,73,0.7698153383678493,0.7595436247539923
rf,ga,3,74,0.7698153383678493,0.75968243169472
rf,ga,3,75,0.7698153383678493,0.7598175371170284
rf,ga,3,76,0.7698153383678493,0.7599490871334865
rf,ga,3,77,0.7698153383678493,0.7600772202664003
rf,ga,3,78,0.7698153383678493,0.7602020679343676
rf,ga,3,79,0.7698153383678493,0.7603237549018801
rf,ga,3,80,0.7698153383678493,0.7604423996952048
rf,ga,3,81,0.7698153383678493,0.7605581149874596
rf,ga,3,82,0.7698153383678493,0.7606710079555131
rf,ga,3,83,0.7698153383678493,0.7607811806110835
rf,ga,3,84,0.7698153383678493,0.7608887301081878
rf,ga,3,85,0.7698153383678493,0.7609937490288898
rf,ga,3,86,0.7698153383678493,0.7610963256491102
rf,ga,3,87,0.7698153383678493,0.7611965441861073
rf,ga,3,88,0.7698153383678493,0.7612944850290814
rf,ga,3,89,0.7698153383678493,0.7613902249542361
rf,ga,3,90,0.7698153383678493,0.7614838373254985
rf,ga,3,91,0.7698153383678493,0.7615753922820078
rf,ga,3,92,0.7698153383678493,0.7616649569133757
rf,ga,3,93,0.7698153383678493,0.7617525954236388
rf,ga,3,94,0.7698153383678493,0.7618383692847475
rf,ga,3,95,0.7698153383678493,0.761922337380359
rf,ga,3,96,0.7698153383678493,0.7620045561406453
rf,ga,3,97,0.7698153383678493,0.7620850796687608
rf,ga,3,98,0.7698153383678493,0.7621639598595679
rf,ga,3,99,0.7698153383678493,0.7622412465111666
rf,ga,3,100,0.7698153383678493,0.7623169874297335
rf,ga,3,101,0.7698153383678493,0.7623912285281307
rf,ga,3,102,0.7698153383678493,0.7624640139187161
rf,ga,3,103,0.7698153383678493,0.7625353860007466
rf,ga,3,104,0.7698153383678493,0.7626053855427379
rf,ga,3,105,0.7698153383678493,0.7626740517601199
rf,ga,3,106,0.7698153383678493,0.7627414223884947
rf,ga,3,107,0.7698153383678493,0.7628075337527878
rf,ga,3,108,0.7698153383678493,0.7628724208325569
rf,ga,3,109,0.7698153383678493,0.7629361173237064
rf,ga,3,110,0.7698153383678493,0.7629986556968349
rf,ga,3,111,0.7698153383678493,0.7630600672524296
rf,ga,3,112,0.7698153383678493,0.763120382173103
rf,ga,3,113,0.7698153383678493,0.7631796295730565
rf,ga,3,114,0.7698153383678493,0.7632378375449407
rf,ga,3,115,0.7698153383678493,0.763276352083522
rf,ga,3,116,0.7698153383678493,0.7633327226549386
rf,ga,3,117,0.7698153383678493,0.7633881296268439
rf,ga,3,118,0.7698153383678493,0.7634425974975303
rf,ga,3,119,0.7698153383678493,0.7634961499418187
rf,ga,3,120,0.7698153383678493,0.7635488098453691
rf,ga,3,121,0.7698153383678493,0.7636005993372904
rf,ga,3,122,0.7698153383678493,0.7636515398211474
rf,ga,3,123,0.7698153383678493,0.763701652004454
rf,ga,3,124,0.7698153383678493,0.7637509559267394
rf,ga,3,125,0.7698153383678493,0.7637994709862682
rf,ga,3,126,0.7698153383678493,0.7638472159654871
rf,ga,3,127,0.7698153383678493,0.7638772930797888
rf,ga,3,128,0.7698153383678493,0.7639236840586018
rf,ga,3,129,0.7698153383678493,0.7639693557974334
rf,ga,3,130,0.7698153383678493,0.7640143248941289
rf,ga,3,131,0.7698153383678493,0.7640586074397298
rf,ga,3,132,0.7698153383678493,0.7641022190376701
rf,ga,3,133,0.7698153383678493,0.7641451748221075
rf,ga,3,134,0.7698153383678493,0.7641874894754339
rf,ga,3,135,0.7698153383678493,0.7642291772450074
rf,ga,3,136,0.7698153383678493,0.764270251959146
rf,ga,3,137,0.7698153383678493,0.7643107270424211
rf,ga,3,138,0.7698153383678493,0.7643506155302866
rf,ga,3,139,0.7698153383678493,0.7643899300830748
rf,ga,3,140,0.7698153383678493,0.7644286829993947
rf,ga,3,141,0.7698153383678493,0.7644668862289581
rf,ga,3,142,0.7698153383678493,0.7645045513848658
rf,ga,3,143,0.7698153383678493,0.7645416897553762
rf,ga,3,144,0.7698153383678493,0.764578312315185
rf,ga,3,145,0.7698153383678493,0.7646144297362379
rf,ga,3,146,0.7698153383678493,0.7646500523980982
rf,ga,3,147,0.7698153383678493,0.7646851903978925
rf,ga,3,148,0.7698153383678493,0.7647053378241351
rf,ga,3,149,0.7698153383678493,0.7642020840479281
rf,ga,3,150,0.7698153383678493,0.7642395057433942
rf,ga,3,151,0.7698153383678493,0.7642764317872648
rf,ga,3,152,0.7698153383678493,0.7643128719621372
rf,ga,3,153,0.7698153383678493,0.7643488357948541
rf,ga,3,154,0.7698153383678493,0.7643548145036217
rf,ga,3,155,0.7698153383678493,0.7643900436898426
rf,ga,3,156,0.7698153383678493,0.7644248212198299
rf,ga,3,157,0.7698153383678493,0.7644591557239574
rf,ga,3,158,0.7698153383678493,0.7644930556141086
rf,ga,3,159,0.7698153383678493,0.7645265290905472
rf,ga,3,160,0.7698153383678493,0.7645595841485304
rf,ga,3,161,0.7698153383678493,0.7645922285846752
rf,ga,3,162,0.7698153383678493,0.7646244700030899
rf,ga,3,163,0.7698153383678493,0.764449531880025
rf,ga,3,164,0.7698153383678493,0.7644822502122679
rf,ga,3,165,0.7698153383678493,0.7645145719586652
rf,ga,3,166,0.7698153383678493,0.7645465042864316
rf,ga,3,167,0.7698153383678493,0.7645780541911106
rf,ga,3,168,0.7698153383678493,0.7646092285016863
rf,ga,3,169,0.7698153383678493,0.7646400338855098
rf,ga,3,170,0.7698153383678493,0.7646704768530529
rf,ga,3,171,0.7698153383678493,0.7647005637624963
rf,ga,3,172,0.7698153383678493,0.7647303008241552
rf,ga,3,173,0.7698153383678493,0.7647435260800325
rf,ga,3,174,0.7698153383678493,0.7647623673562408
rf,ga,3,175,0.7698153383678493,0.7647912414763073
rf,ga,3,176,0.7698153383678493,0.7648197874813729
rf,ga,3,177,0.7698153383678493,0.764848010932709
rf,ga,3,178,0.7698153383678493,0.7648759172666142
rf,ga,3,179,0.7698153383678493,0.7649035117979059
rf,ga,3,180,0.7698153383678493,0.7649307997232946
rf,ga,3,181,0.7698153383678493,0.7649577861246458
rf,ga,3,182,0.7698153383678493,0.7649844759721359
rf,ga,3,183,0.7698153383678493,0.7650108741273036
rf,ga,3,184,0.7698153383678493,0.7650369853460023
rf,ga,3,185,0.7698153383678493,0.7650553143951349
rf,ga,3,186,0.7698153383678493,0.76508090592187
rf,ga,3,187,0.7698153383678493,0.7651062237424366
rf,ga,3,188,0.7698153383678493,0.7651312722244866
rf,ga,3,189,0.7698153383678493,0.7647136917379087
rf,ga,3,190,0.7698153383678493,0.7647405425096452
rf,ga,3,191,0.7698153383678493,0.7647671121214683
rf,ga,3,192,0.7698153383678493,0.7647934049665014
rf,ga,3,193,0.7698153383678493,0.7648194253468193
rf,ga,3,194,0.7698153383678493,0.7648451774757936
rf,ga,3,195,0.7698153383678493,0.7648706654803682
rf,ga,3,196,0.7698153383678493,0.7648958934032636
rf,ga,3,197,0.7698153383678493,0.7649208652051144
rf,ga,3,198,0.7698153383678493,0.7649455847665423
rf,ga,3,199,0.7698153383678493,0.7649647528214684
rf,ga,3,200,0.7698153383678493,0.7649890057492001
rf,ga,3,201,0.7698153383678493,0.765013017354268
rf,ga,3,202,0.7698153383678493,0.7650240768075592
rf,ga,3,203,0.7698153383678493,0.7650476790812554
rf,ga,3,204,0.7698153383678493,0.7650710499601112
rf,ga,3,205,0.7698153383678493,0.7650941928303928
rf,ga,3,206,0.7698153383678493,0.7651171110126135
rf,ga,3,207,0.7698153383678493,0.7649898807273772
rf,ga,3,208,0.7698153383678493,0.7650130800429564
rf,ga,3,209,0.7698153383678493,0.7650262761099745
rf,ga,3,210,0.7698153383678493,0.7650490811683452
rf,ga,3,211,0.7698153383678493,0.7650716700650253
rf,ga,3,212,0.7698153383678493,0.7650940458589066
rf,ga,3,213,0.7698153383678493,0.7651162115514369
rf,ga,3,214,0.7698153383678493,0.7651381700879621
rf,ga,3,215,0.7698153383678493,0.7651599243590314
rf,ga,3,216,0.7698153383678493,0.7650815217929442
rf,ga,3,217,0.7698153383678493,0.7651033366158699
rf,ga,3,218,0.7698153383678493,0.7651249513028057
rf,ga,3,219,0.7698153383678493,0.7651463685953402
rf,ga,3,220,0.7698153383678493,0.7651675911852152
rf,ga,3,221,0.7698153383678493,0.7651886217154533
rf,ga,3,222,0.7698153383678493,0.7652094627814552
rf,ga,3,223,0.7698153383678493,0.7652268736739868
rf,ga,3,224,0.7698153383678493,0.7652473578913702
rf,ga,3,225,0.7698153383678493,0.7652676600268212
rf,ga,3,226,0.7698153383678493,0.7652877824973567
rf,ga,3,227,0.7698153383678493,0.7653077276774028
rf,ga,3,228,0.7698153383678493,0.7653274978997294
rf,ga,3,229,0.7698153383678493,0.7653470954563589
rf,ga,3,230,0.7698153383678493,0.7651590481599477
rf,ga,3,231,0.7698153383678493,0.7651792052604149
rf,ga,3,232,0.7698153383678493,0.7651991885927745
rf,ga,3,233,0.7698153383678493,0.7652190003943842
rf,ga,3,234,0.7698153383678493,0.7652294619716808
rf,ga,3,235,0.7698153383678493,0.7652489763393242
rf,ga,3,236,0.7698153383678493,0.7651608636837249
rf,ga,3,237,0.7698153383678493,0.7651805028174131
rf,ga,3,238,0.7698153383678493,0.7651999769163644
rf,ga,3,239,0.7698153383678493,0.7652192880521448
rf,ga,3,240,0.7698153383678493,0.7652384382617936
rf,ga,3,241,0.7698153383678493,0.7652574295485407
rf,ga,3,242,0.7698153383678493,0.7652762638825048
rf,ga,3,243,0.7698153383678493,0.7652949432013746
rf,ga,3,244,0.7698153383678493,0.7653134694110733
rf,ga,3,245,0.7698153383678493,0.7653189817257958
rf,ga,3,246,0.7698153383678493,0.7653372595983244
rf,ga,3,247,0.7698153383678493,0.7653553894718852
rf,ga,3,248,0.7698153383678493,0.7653733731367883
rf,ga,3,249,0.7698153383678493,0.7653912123545837
rf,ga,3,250,0.7698153383678493,0.7654035068226378
rf,ga,3,251,0.7698153383678493,0.7654210838407461
rf,ga,3,252,0.7698153383678493,0.7654385213587108
rf,ga,3,253,0.7698153383678493,0.7654558210306839
rf,ga,3,254,0.7698153383678493,0.7654729844847672
rf,ga,3,255,0.7698153383678493,0.7654900133235243
rf,ga,3,256,0.7698153383678493,0.7655069091244786
rf,ga,3,257,0.7698153383678493,0.7655236734406007
rf,ga,3,258,0.7698153383678493,0.7655403078007839
rf,ga,3,259,0.7698153383678493,0.7655568137103093
rf,ga,3,260,0.7698153383678493,0.7655731926512996
rf,ga,3,261,0.7698153383678493,0.7655894460831639
rf,ga,3,262,0.7698153383678493,0.7656055754430292
rf,ga,3,263,0.7698153383678493,0.7656215821461653
rf,ga,3,264,0.7698153383678493,0.765637467586399
rf,ga,3,265,0.7698153383678493,0.7656532331365178
rf,ga,3,266,0.7698153383678493,0.7656688801486655
rf,ga,3,267,0.7698153383678493,0.7656844099547299
rf,ga,3,268,0.7698153383678493,0.7656998238667191
rf,ga,3,269,0.7698153383678493,0.7657151231771323
rf,ga,3,270,0.7698153383678493,0.7657303091593202
rf,ga,3,271,0.7698153383678493,0.7657453830678387
rf,ga,3,272,0.7698153383678493,0.7657603461387947
rf,ga,3,273,0.7698153383678493,0.7657751995901833
rf,ga,3,274,0.7698153383678493,0.7657899446222185
rf,ga,3,275,0.7698153383678493,0.7658045824176571
rf,ga,3,276,0.7698153383678493,0.7658191141421143
rf,ga,3,277,0.7698153383678493,0.7658335409443734
rf,ga,3,278,0.7698153383678493,0.7658478639566879
rf,ga,3,279,0.7698153383678493,0.7658620842950793
rf,ga,3,280,0.7698153383678493,0.7658762030596248
rf,ga,3,281,0.7698153383678493,0.7658902213347432
rf,ga,3,282,0.7698153383678493,0.7659041401894705
rf,ga,3,283,0.7698153383678493,0.7659179606777332
rf,ga,3,284,0.7698153383678493,0.7659316838386139
rf,ga,3,285,0.7698153383678493,0.7659453106966112
rf,ga,3,286,0.7698153383678493,0.7659588422618954
rf,ga,3,287,0.7698153383678493,0.7659722795305571
rf,ga,3,288,0.7698153383678493,0.7659856234848533
rf,ga,3,289,0.7698153383678493,0.765998875093445
rf,ga,3,290,0.7698153383678493,0.7660120353116326
rf,ga,3,291,0.7698153383678493,0.7660251050815853
rf,ga,3,292,0.7698153383678493,0.7660380853325657
rf,ga,3,293,0.7698153383678493,0.7660509769811502
rf,ga,3,294,0.7698153383678493,0.7660637809314451
rf,ga,3,295,0.7698153383678493,0.7660764980752973
rf,ga,3,296,0.7698153383678493,0.7660891292925018
rf,ga,3,297,0.7698153383678493,0.7661016754510048
rf,ga,3,298,0.7698153383678493,0.7661141374071015
rf,ga,3,299,0.7698153383678493,0.7661265160056324
rf,ga,3,300,0.7698153383678493,0.7661388120801732
rf,ga,3,301,0.7698153383678493,0.766151026453222
rf,ga,3,302,0.7698153383678493,0.766163159936383
rf,ga,3,303,0.7698153383678493,0.7661752133305462
rf,ga,3,304,0.7698153383678493,0.7661871874260637
rf,ga,3,305,0.7698153383678493,0.766199083002922
rf,ga,3,306,0.7698153383678493,0.7662109008309119
rf,ga,3,307,0.7698153383678493,0.7662226416697945
rf,ga,3,308,0.7698153383678493,0.7662343062694635
rf,ga,3,309,0.7698153383678493,0.7662458953701056
rf,ga,3,310,0.7698153383678493,0.7662574097023562
rf,ga,3,311,0.7698153383678493,0.7662688499874544
rf,ga,3,312,0.7698153383678493,0.7662802169373916
rf,ga,3,313,0.7698153383678493,0.7662915112550607
rf,ga,3,314,0.7698153383678493,0.7663027336344007
rf,ga,3,315,0.7698153383678493,0.7663138847605387
rf,ga,3,316,0.7698153383678493,0.766324965309929
rf,ga,3,317,0.7698153383678493,0.7663359759504902
rf,ga,3,318,0.7698153383678493,0.7663469173417398
rf,ga,3,319,0.7698153383678493,0.7663577901349251
rf,ga,3,320,0.7698153383678493,0.766094868849292
rf,ga,3,321,0.7698153383678493,0.7661064590970134
rf,ga,3,322,0.7698153383678493,0.7661179773556184
rf,ga,3,323,0.7698153383678493,0.7661294242937368
rf,ga,3,324,0.7698153383678493,0.7661408005717433
rf,ga,3,325,0.7698153383678493,0.7661521068418852
rf,ga,3,326,0.7698153383678493,0.7661633437484066
rf,ga,3,327,0.7698153383678493,0.7661745119276708
rf,ga,3,328,0.7698153383678493,0.7661856120082813
rf,ga,3,329,0.7698153383678493,0.7661966446111979
rf,ga,3,330,0.7698153383678493,0.7662076103498543
rf,ga,3,331,0.7698153383678493,0.7662185098302712
rf,ga,3,332,0.7698153383678493,0.7662293436511676
rf,ga,3,333,0.7698153383678493,0.7662401124040705
rf,ga,3,334,0.7698153383678493,0.7662508166734231
rf,ga,3,335,0.7698153383678493,0.76626145703669
rf,ga,3,336,0.7698153383678493,0.7662720340644613
rf,ga,3,337,0.7698153383678493,0.7662825483205544
rf,ga,3,338,0.7698153383678493,0.7662930003621146
rf,ga,3,339,0.7698153383678493,0.7663033907397127
rf,ga,3,340,0.7698153383678493,0.7661859155358263
rf,ga,3,341,0.7698153383678493,0.7661965590045419
rf,ga,3,342,0.7698153383678493,0.7662071402307503
rf,ga,3,343,0.7698153383678493,0.7662176597588467
rf,ga,3,344,0.7698153383678493,0.7662281181268963
rf,ga,3,345,0.7698153383678493,0.7662385158667253
rf,ga,3,346,0.7698153383678493,0.7662488535040117
rf,ga,3,347,0.7698153383678493,0.7661087090440871
rf,ga,3,348,0.7698153383678493,0.7661193602777763
rf,ga,3,349,0.7698153383678493,0.7661299504728767
rf,ga,3,350,0.7698153383678493,0.7660612315941714
rf,ga,3,351,0.7698153383678493,0.7660719270550651
rf,ga,3,352,0.7698153383678493,0.7660825617462947
rf,ga,3,353,0.7698153383678493,0.7660931361843161
rf,ga,3,354,0.7698153383678493,0.7661036508797497
rf,ga,3,355,0.7698153383678493,0.7661141063374627
rf,ga,3,356,0.7698153383678493,0.7661245030566491
rf,ga,3,357,0.7698153383678493,0.7661348415309102
rf,ga,3,358,0.7698153383678493,0.7661451222483319
rf,ga,3,359,0.7698153383678493,0.7661553456915619
rf,ga,3,360,0.7698153383678493,0.7660734417446103
rf,ga,3,361,0.7698153383678493,0.7660838071092175
rf,ga,3,362,0.7698153383678493,0.7660941152066172
rf,ga,3,363,0.7698153383678493,0.7661043665100918
rf,ga,3,364,0.7698153383678493,0.766114561487723
rf,ga,3,365,0.7698153383678493,0.766124700602463
rf,ga,3,366,0.7698153383678493,0.7661347843122044
rf,ga,3,367,0.7698153383678493,0.7661371916304026
rf,ga,3,368,0.7698153383678493,0.7661471865943631
rf,ga,3,369,0.7698153383678493,0.766157127385077
rf,ga,3,370,0.7698153383678493,0.7661670144417873
rf,ga,3,371,0.7698153383678493,0.7661768481990003
rf,ga,3,372,0.7698153383678493,0.7661866290865509
rf,ga,3,373,0.7698153383678493,0.7661963575296643
rf,ga,3,374,0.7698153383678493,0.7662060339490179
rf,ga,3,375,0.7698153383678493,0.7662156587608014
rf,ga,3,376,0.7698153383678493,0.7662252323767776
rf,ga,3,377,0.7698153383678493,0.7662347552043401
rf,ga,3,378,0.7698153383678493,0.7662032146190287
rf,ga,3,379,0.7698153383678493,0.7662127452885507
rf,ga,3,380,0.7698153383678493,0.7662222257966541
rf,ga,3,381,0.7698153383678493,0.7662316565383107
rf,ga,3,382,0.7698153383678493,0.7662410379043566
rf,ga,3,383,0.7698153383678493,0.7662503702815459
rf,ga,3,384,0.7698153383678493,0.766259654052604
rf,ga,3,385,0.7698153383678493,0.7662688895962801
rf,ga,3,386,0.7698153383678493,0.7662780772873982
rf,ga,3,387,0.7698153383678493,0.7662872174969083
rf,ga,3,388,0.7698153383678493,0.7662963105919365
rf,ga,3,389,0.7698153383678493,0.7663053569358333
rf,ga,3,390,0.7698153383678493,0.7663143568882231
rf,ga,3,391,0.7698153383678493,0.7663233108050508
rf,ga,3,392,0.7698153383678493,0.7663322190386295
rf,ga,3,393,0.7698153383678493,0.7663410819376861
rf,ga,3,394,0.7698153383678493,0.7663488134430321
rf,ga,3,395,0.7698153383678493,0.7663575894554999
rf,ga,3,396,0.7698153383678493,0.7663663211446725
rf,ga,3,397,0.7698153383678493,0.7663750088454865
rf,ga,3,398,0.7698153383678493,0.7662946808320652
rf,ga,3,399,0.7698153383678493,0.7663035045351624
rf,ga,3,400,0.7698153383678493,0.7661686212468893
rf,ga,3,401,0.7698153383678493,0.7661777153045476
rf,ga,3,402,0.7698153383678493,0.7661867641181378
rf,ga,3,403,0.7698153383678493,0.766027836064672
rf,ga,3,404,0.7698153383678493,0.7660372110703728
rf,ga,3,405,0.7698153383678493,0.7660465397797495
rf,ga,3,406,0.7698153383678493,0.7660558225348925
rf,ga,3,407,0.7698153383678493,0.7660650596745312
rf,ga,3,408,0.7698153383678493,0.7660742515340736
rf,ga,3,409,0.7698153383678493,0.7660833984456475
rf,ga,3,410,0.7698153383678493,0.7660925007381408
rf,ga,3,411,0.7698153383678493,0.7661015587372398
rf,ga,3,412,0.7698153383678493,0.7661105727654695
rf,ga,3,413,0.7698153383678493,0.7661195431422307
rf,ga,3,414,0.7698153383678493,0.7661284701838386
rf,ga,3,415,0.7698153383678493,0.766137354203559
rf,ga,3,416,0.7698153383678493,0.7661461955116462
rf,ga,3,417,0.7698153383678493,0.766154994415378
rf,ga,3,418,0.7698153383678493,0.7660922417299882
rf,ga,3,419,0.7698153383678493,0.7661011274021551
rf,ga,3,420,0.7698153383678493,0.7661099707615971
rf,ga,3,421,0.7698153383678493,0.7661187721098305
rf,ga,3,422,0.7698153383678493,0.766127531745513
rf,ga,3,423,0.7698153383678493,0.7661362499644783
rf,ga,3,424,0.7698153383678493,0.7661449270597692
rf,ga,3,425,0.7698153383678493,0.7661535633216706
rf,ga,3,426,0.7698153383678493,0.7660531937635752
rf,ga,3,427,0.7698153383678493,0.7660620044066765
rf,ga,3,428,0.7698153383678493,0.7660707738785485
rf,ga,3,429,0.7698153383678493,0.7660795024671015
rf,ga,3,430,0.7698153383678493,0.7660881904575684
rf,ga,3,431,0.7698153383678493,0.7660968381325344
rf,ga,3,432,0.7698153383678493,0.7661054457719679
rf,ga,3,433,0.7698153383678493,0.7661140136532517
rf,ga,3,434,0.7698153383678493,0.7661225420512116
rf,ga,3,435,0.7698153383678493,0.7661310312381463
rf,ga,3,436,0.7698153383678493,0.7661394814838566
rf,ga,3,437,0.7698153383678493,0.7661478930556737
rf,ga,3,438,0.7698153383678493,0.7661562662184868
rf,ga,3,439,0.7698153383678493,0.7661646012347724
rf,ga,3,440,0.7698153383678493,0.7661666257034713
rf,ga,3,441,0.7698153383678493,0.7661748994283339
rf,ga,3,442,0.7698153383678493,0.7661831357155273
rf,ga,3,443,0.7698153383678493,0.7661913348185799
rf,ga,3,444,0.7698153383678493,0.7661994969887361
rf,ga,3,445,0.7698153383678493,0.7662076224749812
rf,ga,3,446,0.7698153383678493,0.7662157115240683
rf,ga,3,447,0.7698153383678493,0.7662237643805421
rf,ga,3,448,0.7698153383678493,0.7662317812867637
rf,ga,3,449,0.7698153383678493,0.7662397624829356
rf,ga,3,450,0.7698153383678493,0.7662477082071243
rf,ga,3,451,0.7698153383678493,0.7662556186952856
rf,ga,3,452,0.7698153383678493,0.7662634941812867
rf,ga,3,453,0.7698153383678493,0.7662713348969303
rf,ga,3,454,0.7698153383678493,0.7662791410719764
rf,ga,3,455,0.7698153383678493,0.7662869129341651
rf,ga,3,456,0.7698153383678493,0.766294650709239
rf,ga,3,457,0.7698153383678493,0.7663023546209646
rf,ga,3,458,0.7698153383678493,0.7663100248911544
rf,ga,3,459,0.7698153383678493,0.7663176617396875
rf,ga,3,460,0.7698153383678493,0.7663252653845313
rf,ga,3,461,0.7698153383678493,0.7663328360417619
rf,ga,3,462,0.7698153383678493,0.7663403739255845
rf,ga,3,463,0.7698153383678493,0.766347879248354
rf,ga,3,464,0.7698153383678493,0.7663553522205944
rf,ga,3,465,0.7698153383678493,0.7663627930510185
rf,ga,3,466,0.7698153383678493,0.7663702019465481
rf,ga,3,467,0.7698153383678493,0.7663775791123326
rf,ga,3,468,0.7698153383678493,0.7663849247517674
rf,ga,3,469,0.7698153383678493,0.7663893278329835
rf,ga,3,470,0.7698153383678493,0.7663966172171003
rf,ga,3,471,0.7698153383678493,0.7664038756484182
rf,ga,3,472,0.7698153383678493,0.7664111033236711
rf,ga,3,473,0.7698153383678493,0.7664183004379296
rf,ga,3,474,0.7698153383678493,0.7664254671846171
rf,ga,3,475,0.7698153383678493,0.7664326037555291
rf,ga,3,476,0.7698153383678493,0.7664397103408492
rf,ga,3,477,0.7698153383678493,0.7664467871291658
rf,ga,3,478,0.7698153383678493,0.7664538343074894
rf,ga,3,479,0.7698153383678493,0.7664608520612688
rf,ga,3,480,0.7698153383678493,0.7664678405744075
rf,ga,3,481,0.7698153383678493,0.7664748000292796
rf,ga,3,482,0.7698153383678493,0.7664764794735253
rf,ga,3,483,0.7698153383678493,0.7664136079962375
rf,ga,3,484,0.7698153383678493,0.7664206363647739
rf,ga,3,485,0.7698153383678493,0.7664276357503471
rf,ga,3,486,0.7698153383678493,0.7664346063318647
rf,ga,3,487,0.7698153383678493,0.766441548286764
rf,ga,3,488,0.7698153383678493,0.7664484617910285
rf,ga,3,489,0.7698153383678493,0.7664553470192019
rf,ga,3,490,0.7698153383678493,0.7664622041444034
rf,ga,3,491,0.7698153383678493,0.7664690333383412
rf,ga,3,492,0.7698153383678493,0.766475834771328
rf,ga,3,493,0.7698153383678493,0.7664826086122946
rf,ga,3,494,0.7698153383678493,0.7664893550288038
rf,ga,3,495,0.7698153383678493,0.7664960741870644
rf,ga,3,496,0.7698153383678493,0.766502766251945
rf,ga,3,497,0.7698153383678493,0.766509431386987
rf,ga,3,498,0.7698153383678493,0.7665160697544184
rf,ga,3,499,0.7698153383678493,0.7665226815151668
rf,ga,3,500,0.7698153383678493,0.7665292668288722
rf,ga,3,501,0.7698153383678493,0.7665358258539002
rf,ga,3,502,0.7698153383678493,0.7665423587473542
rf,ga,3,503,0.7698153383678493,0.7664083343065359
rf,ga,3,504,0.7698153383678493,0.7664150942352289
rf,ga,3,505,0.7698153383678493,0.7664218273919272
rf,ga,3,506,0.7698153383678493,0.7664285339353579
rf,ga,3,507,0.7698153383678493,0.766435214022996
rf,ga,3,508,0.7698153383678493,0.7664418678110764
rf,ga,3,509,0.7698153383678493,0.7664484954546062
rf,ga,3,510,0.7698153383678493,0.7664508846977969
rf,ga,3,511,0.7698153383678493,0.7664574687558596
rf,ga,3,512,0.7698153383678493,0.7664640270949455
rf,ga,3,513,0.7698153383678493,0.7664705598654581
rf,ga,3,514,0.7698153383678493,0.76647706721663
rf,ga,3,515,0.7698153383678493,0.7664835492965353
rf,ga,3,516,0.7698153383678493,0.7664900062521
rf,ga,3,517,0.7698153383678493,0.766496438229113
rf,ga,3,518,0.7698153383678493,0.7665028453722379
rf,ga,3,519,0.7698153383678493,0.7665092278250234
rf,ga,3,520,0.7698153383678493,0.7665120947038221
rf,ga,3,521,0.7698153383678493,0.7665184349027934
rf,ga,3,522,0.7698153383678493,0.7665247508098145
rf,ga,3,523,0.7698153383678493,0.7665310425642277
rf,ga,3,524,0.7698153383678493,0.7665373103043109
rf,ga,3,525,0.7698153383678493,0.766543554167289
rf,ga,3,526,0.7698153383678493,0.7665497742893433
rf,ga,3,527,0.7698153383678493,0.7665559708056213
rf,ga,3,528,0.7698153383678493,0.7665621438502467
rf,ga,3,529,0.7698153383678493,0.7665682935563292
rf,ga,3,530,0.7698153383678493,0.7665744200559735
rf,ga,3,531,0.7698153383678493,0.7665805234802898
rf,ga,3,532,0.7698153383678493,0.7665866039594017
rf,ga,3,533,0.7698153383678493,0.766592661622457
rf,ga,3,534,0.7698153383678493,0.7665986965976356
rf,ga,3,535,0.7698153383678493,0.7666047090121593
rf,ga,3,536,0.7698153383678493,0.7666106989923006
rf,ga,3,537,0.7698153383678493,0.766616666663391
rf,ga,3,538,0.7698153383678493,0.7666226121498305
rf,ga,3,539,0.7698153383678493,0.7666285355750959
rf,ga,3,540,0.7698153383678493,0.7665508669592961
rf,ga,3,541,0.7698153383678493,0.7665569011023803
rf,ga,3,542,0.7698153383678493,0.7665629129792539
rf,ga,3,543,0.7698153383678493,0.7665639420008801
rf,ga,3,544,0.7698153383678493,0.7665640311833364
rf,ga,3,545,0.7698153383678493,0.7665699968845923
rf,ga,3,546,0.7698153383678493,0.7665759407334628
rf,ga,3,547,0.7698153383678493,0.7665818628497962
rf,ga,3,548,0.7698153383678493,0.7665877633525664
rf,ga,3,549,0.7698153383678493,0.7665936423598803
rf,ga,3,550,0.7698153383678493,0.7665994999889856
rf,ga,3,551,0.7698153383678493,0.7666053363562794
rf,ga,3,552,0.7698153383678493,0.7666111515773147
rf,ga,3,553,0.7698153383678493,0.7666169457668095
rf,ga,3,554,0.7698153383678493,0.7666227190386525
rf,ga,3,555,0.7698153383678493,0.7666284715059123
rf,ga,3,556,0.7698153383678493,0.7666342032808438
rf,ga,3,557,0.7698153383678493,0.766639914474896
rf,ga,3,558,0.7698153383678493,0.7666456051987184
rf,ga,3,559,0.7698153383678493,0.7666499817400733
rf,ga,3,560,0.7698153383678493,0.7666556341626228
rf,ga,3,561,0.7698153383678493,0.7666612664339333
rf,ga,3,562,0.7698153383678493,0.7666668786615737
rf,ga,3,563,0.7698153383678493,0.7666724709523487
rf,ga,3,564,0.7698153383678493,0.7666780434123053
rf,ga,3,565,0.7698153383678493,0.7666835961467399
rf,ga,3,566,0.7698153383678493,0.7666891292602046
rf,ga,3,567,0.7698153383678493,0.7666946428565143
rf,ga,3,568,0.7698153383678493,0.7667001370387527
rf,ga,3,569,0.7698153383678493,0.7667056119092783
rf,ga,3,570,0.7698153383678493,0.7667110675697321
rf,ga,3,571,0.7698153383678493,0.7667165041210422
rf,ga,3,572,0.7698153383678493,0.7667219216634318
rf,ga,3,573,0.7698153383678493,0.7667273202964237
rf,ga,3,574,0.7698153383678493,0.7667327001188478
rf,ga,3,575,0.7698153383678493,0.7667380612288461
rf,ga,3,576,0.7698153383678493,0.7667434037238792
rf,ga,3,577,0.7698153383678493,0.7667487277007318
rf,ga,3,578,0.7698153383678493,0.7667540332555192
rf,ga,3,579,0.7698153383678493,0.7667593204836924
rf,ga,3,580,0.7698153383678493,0.7667645894800443
rf,ga,3,581,0.7698153383678493,0.7667698403387153
rf,ga,3,582,0.7698153383678493,0.7667750731531984
rf,ga,3,583,0.7698153383678493,0.7667802880163452
rf,ga,3,584,0.7698153383678493,0.7667854850203719
rf,ga,3,585,0.7698153383678493,0.7667906642568633
rf,ga,3,586,0.7698153383678493,0.7667958258167796
rf,ga,3,587,0.7698153383678493,0.7668009697904612
rf,ga,3,588,0.7698153383678493,0.7668060962676335
rf,ga,3,589,0.7698153383678493,0.7668112053374132
rf,ga,3,590,0.7698153383678493,0.7668162970883123
rf,ga,3,591,0.7698153383678493,0.7668213716082439
rf,ga,3,592,0.7698153383678493,0.766826428984527
rf,ga,3,593,0.7698153383678493,0.7668314693038918
rf,ga,3,594,0.7698153383678493,0.7668364926524842
rf,ga,3,595,0.7698153383678493,0.7668414991158714
rf,ga,3,596,0.7698153383678493,0.7668464887790458
rf,ga,3,597,0.7698153383678493,0.7668514617264307
rf,ga,3,598,0.7698153383678493,0.7668564180418846
rf,ga,3,599,0.7698153383678493,0.7668502941407789
rf,ga,3,600,0.7698153383678493,0.7668552358811573
rf,ga,3,601,0.7698153383678493,0.7668601611764763
rf,ga,3,602,0.7698153383678493,0.7668650701086879
rf,ga,3,603,0.7698153383678493,0.7668699627592005
rf,ga,3,604,0.7698153383678493,0.7668748392088837
rf,ga,3,605,0.7698153383678493,0.7668796995380721
rf,ga,3,606,0.7698153383678493,0.7668626618931964
rf,ga,3,607,0.7698153383678493,0.7668675262695962
rf,ga,3,608,0.7698153383678493,0.7668723746447579
rf,ga,3,609,0.7698153383678493,0.7668772070975052
rf,ga,3,610,0.7698153383678493,0.766882023706145
rf,ga,3,611,0.7698153383678493,0.7668868245484718
rf,ga,3,612,0.7698153383678493,0.7668872082856839
rf,ga,3,613,0.7698153383678493,0.7668919850068621
rf,ga,3,614,0.7698153383678493,0.7668967461686877
rf,ga,3,615,0.7698153383678493,0.7669014918470604
rf,ga,3,616,0.7698153383678493,0.7669062221173862
rf,ga,3,617,0.7698153383678493,0.766910937054583
rf,ga,3,618,0.7698153383678493,0.7669156367330836
rf,ga,3,619,0.7698153383678493,0.7669203212268392
rf,ga,3,620,0.7698153383678493,0.7669249906093247
rf,ga,3,621,0.7698153383678493,0.7669296449535414
rf,ga,3,622,0.7698153383678493,0.7668048979779136
rf,ga,3,623,0.7698153383678493,0.7668053828963076
rf,ga,3,624,0.7698153383678493,0.7668102065428967
rf,ga,3,625,0.7698153383678493,0.7668150147538166
rf,ga,3,626,0.7698153383678493,0.7668198076030404
rf,ga,3,627,0.7698153383678493,0.7667334170096007
rf,ga,3,628,0.7698153383678493,0.7667383245276871
rf,ga,3,629,0.7698153383678493,0.7667432164415824
rf,ga,3,630,0.7698153383678493,0.7667480928255923
rf,ga,3,631,0.7698153383678493,0.7667529537535516
rf,ga,3,632,0.7698153383678493,0.7667546813962418
rf,ga,3,633,0.7698153383678493,0.7667595165573343
rf,ga,3,634,0.7698153383678493,0.7667643364655529
rf,ga,3,635,0.7698153383678493,0.766769141192958
rf,ga,3,636,0.7698153383678493,0.7667739308111575
rf,ga,3,637,0.7698153383678493,0.7667787053913093
rf,ga,3,638,0.7698153383678493,0.7667834650041252
rf,ga,3,639,0.7698153383678493,0.7667882097198745
rf,ga,3,640,0.7698153383678493,0.7667929396083869
rf,ga,3,641,0.7698153383678493,0.7667976547390568
rf,ga,3,642,0.7698153383678493,0.7668023551808463
rf,ga,3,643,0.7698153383678493,0.7668070410022879
rf,ga,3,644,0.7698153383678493,0.766811712271489
rf,ga,3,645,0.7698153383678493,0.7668163690561345
rf,ga,3,646,0.7698153383678493,0.7668210114234902
rf,ga,3,647,0.7698153383678493,0.7668256394404057
rf,ga,3,648,0.7698153383678493,0.7668302531733185
rf,ga,3,649,0.7698153383678493,0.7668348526882561
rf,ga,3,650,0.7698153383678493,0.7668394380508401
rf,ga,3,651,0.7698153383678493,0.7668440093262886
rf,ga,3,652,0.7698153383678493,0.7668485665794198
rf,ga,3,653,0.7698153383678493,0.7668531098746548
rf,ga,3,654,0.7698153383678493,0.7668576392760205
rf,ga,3,655,0.7698153383678493,0.766862154847153
rf,ga,3,656,0.7698153383678493,0.7668666566513006
rf,ga,3,657,0.7698153383678493,0.7668711447513258
rf,ga,3,658,0.7698153383678493,0.7668756192097096
rf,ga,3,659,0.7698153383678493,0.7668800800885535
rf,ga,3,660,0.7698153383678493,0.7668845274495827
rf,ga,3,661,0.7698153383678493,0.7668889613541489
rf,ga,3,662,0.7698153383678493,0.7668933818632331
rf,ga,3,663,0.7698153383678493,0.7668977890374482
rf,ga,3,664,0.7698153383678493,0.7668464091445606
rf,ga,3,665,0.7698153383678493,0.7668508736997836
rf,ga,3,666,0.7698153383678493,0.7668553248479337
rf,ga,3,667,0.7698153383678493,0.766859762649313
rf,ga,3,668,0.7698153383678493,0.7668509520080108
rf,ga,3,669,0.7698153383678493,0.7668553830788029
rf,ga,3,670,0.7698153383678493,0.7668598009225179
rf,ga,3,671,0.7698153383678493,0.7668642055982934
rf,ga,3,672,0.7698153383678493,0.7668685971649145
rf,ga,3,673,0.7698153383678493,0.7668729756808178
rf,ga,3,674,0.7698153383678493,0.7668773412040923
rf,ga,3,675,0.7698153383678493,0.766881693792483
rf,ga,3,676,0.7698153383678493,0.7668860335033933
rf,ga,3,677,0.7698153383678493,0.7668903603938876
rf,ga,3,678,0.7698153383678493,0.7668946745206928
rf,ga,3,679,0.7698153383678493,0.7668989759402025
rf,ga,3,680,0.7698153383678493,0.7669032647084785
rf,ga,3,681,0.7698153383678493,0.7669075408812529
rf,ga,3,682,0.7698153383678493,0.7669118045139312
rf,ga,3,683,0.7698153383678493,0.7669160556615943
rf,ga,3,684,0.7698153383678493,0.766920294379001
rf,ga,3,685,0.7698153383678493,0.7669245207205906
rf,ga,3,686,0.7698153383678493,0.7669287347404845
rf,ga,3,687,0.7698153383678493,0.7669298093762069
rf,ga,3,688,0.7698153383678493,0.766934003459044
rf,ga,3,689,0.7698153383678493,0.7669381853674747
rf,ga,3,690,0.7698153383678493,0.7669423551544318
rf,ga,3,691,0.7698153383678493,0.7669465128725409
rf,ga,3,692,0.7698153383678493,0.7669506585741236
rf,ga,3,693,0.7698153383678493,0.7669409613048092
rf,ga,3,694,0.7698153383678493,0.7669451030585023
rf,ga,3,695,0.7698153383678493,0.7669492328934797
rf,ga,3,696,0.7698153383678493,0.7669533508611153
rf,ga,3,697,0.7698153383678493,0.7669574570124879
rf,ga,3,698,0.7698153383678493,0.7669615513983838
rf,ga,3,699,0.7698153383678493,0.7669656340692986
rf,ga,3,700,0.7698153383678493,0.7669697050754394
rf,ga,3,701,0.7698153383678493,0.7669737644667267
rf,ga,3,702,0.7698153383678493,0.7669778122927966
rf,ga,3,703,0.7698153383678493,0.7669818486030029
rf,ga,3,704,0.7698153383678493,0.7669858734464191
rf,ga,3,705,0.7698153383678493,0.7669898868718396
rf,ga,3,706,0.7698153383678493,0.7669938889277829
rf,ga,3,707,0.7698153383678493,0.7669978796624931
rf,ga,3,708,0.7698153383678493,0.7670018591239414
rf,ga,3,709,0.7698153383678493,0.7670058273598284
rf,ga,3,710,0.7698153383678493,0.7670097844175862
rf,ga,3,711,0.7698153383678493,0.7670137303443797
rf,ga,3,712,0.7698153383678493,0.7670176651871092
rf,ga,3,713,0.7698153383678493,0.7670215889924118
rf,ga,3,714,0.7698153383678493,0.7670255018066632
rf,ga,3,715,0.7698153383678493,0.7670294036759795
rf,ga,3,716,0.7698153383678493,0.7670332946462196
rf,ga,3,717,0.7698153383678493,0.7670371747629862
rf,ga,3,718,0.7698153383678493,0.767041044071628
rf,ga,3,719,0.7698153383678493,0.7670449026172417
rf,ga,3,720,0.7698153383678493,0.767048750444673
rf,ga,3,721,0.7698153383678493,0.7670525875985194
rf,ga,3,722,0.7698153383678493,0.7670564141231305
rf,ga,3,723,0.7698153383678493,0.7670466452627123
rf,ga,3,724,0.7698153383678493,0.7670504694244596
rf,ga,3,725,0.7698153383678493,0.7670077923024169
rf,ga,3,726,0.7698153383678493,0.7670116594457577
rf,ga,3,727,0.7698153383678493,0.7670145211133923
rf,ga,3,728,0.7698153383678493,0.7670183683898407
rf,ga,3,729,0.7698153383678493,0.7669118096212855
rf,ga,3,730,0.7698153383678493,0.7669157870579246
rf,ga,3,731,0.7698153383678493,0.7669197536123842
rf,ga,3,732,0.7698153383678493,0.7669237093292631
rf,ga,3,733,0.7698153383678493,0.7669276542529174
rf,ga,3,734,0.7698153383678493,0.7669182072144811
rf,ga,3,735,0.7698153383678493,0.7669221488895197
rf,ga,3,736,0.7698153383678493,0.7669260798534848
rf,ga,3,737,0.7698153383678493,0.7669300001499767
rf,ga,3,738,0.7698153383678493,0.7669339098223585
rf,ga,3,739,0.7698153383678493,0.7669378089137597
rf,ga,3,740,0.7698153383678493,0.7669231302805579
rf,ga,3,741,0.7698153383678493,0.7669270333953856
rf,ga,3,742,0.7698153383678493,0.7669277831161976
rf,ga,3,743,0.7698153383678493,0.7669316694624312
rf,ga,3,744,0.7698153383678493,0.7669355453614977
rf,ga,3,745,0.7698153383678493,0.766939410855466
rf,ga,3,746,0.7698153383678493,0.7669432659861797
rf,ga,3,747,0.7698153383678493,0.7669471107952582
rf,ga,3,748,0.7698153383678493,0.7669367205569529
rf,ga,3,749,0.7698153383678493,0.7669405638384094
rf,ga,3,750,0.7698153383678493,0.7668698035829772
rf,ga,3,751,0.7698153383678493,0.7668737257331569
rf,ga,3,752,0.7698153383678493,0.7668734468246261
rf,ga,3,753,0.7698153383678493,0.7668773537191058
rf,ga,3,754,0.7698153383678493,0.7668812502504702
rf,ga,3,755,0.7698153383678493,0.7668851364598973
rf,ga,3,756,0.7698153383678493,0.766889012388347
rf,ga,3,757,0.7698153383678493,0.7668928780765629
rf,ga,3,758,0.7698153383678493,0.7668967335650738
rf,ga,3,759,0.7698153383678493,0.7669005788941947
rf,ga,3,760,0.7698153383678493,0.7669044141040287
rf,ga,3,761,0.7698153383678493,0.7669082392344673
rf,ga,3,762,0.7698153383678493,0.7669120543251935
rf,ga,3,763,0.7698153383678493,0.7669158594156819
rf,ga,3,764,0.7698153383678493,0.7669196545452004
rf,ga,3,765,0.7698153383678493,0.7669234397528116
rf,ga,3,766,0.7698153383678493,0.7669272150773744
rf,ga,3,767,0.7698153383678493,0.7669309805575444
rf,ga,3,768,0.7698153383678493,0.7669347362317765
rf,ga,3,769,0.7698153383678493,0.7669384821383254
rf,ga,3,770,0.7698153383678493,0.7669422183152469
rf,ga,3,771,0.7698153383678493,0.7669459448003993
rf,ga,3,772,0.7698153383678493,0.7669496616314454
rf,ga,3,773,0.7698153383678493,0.7669533688458522
rf,ga,3,774,0.7698153383678493,0.7669570664808935
rf,ga,3,775,0.7698153383678493,0.7669584122077574
rf,ga,3,776,0.7698153383678493,0.7669620938136338
rf,ga,3,777,0.7698153383678493,0.7669657659430472
rf,ga,3,778,0.7698153383678493,0.7669694286325393
rf,ga,3,779,0.7698153383678493,0.7669610806114253
rf,ga,3,780,0.7698153383678493,0.7669647399162413
rf,ga,3,781,0.7698153383678493,0.7669683898502382
rf,ga,3,782,0.7698153383678493,0.7669720304493656
rf,ga,3,783,0.7698153383678493,0.7669756617493891
rf,ga,3,784,0.7698153383678493,0.7669792837858922
rf,ga,3,785,0.7698153383678493,0.7669781862617966
rf,ga,3,786,0.7698153383678493,0.766981795870074
rf,ga,3,787,0.7698153383678493,0.7669853963052681
rf,ga,3,788,0.7698153383678493,0.7669440499387687
rf,ga,3,789,0.7698153383678493,0.7669204277027268
rf,ga,3,790,0.7698153383678493,0.7669240921466066
rf,ga,3,791,0.7698153383678493,0.7669277473251417
rf,ga,3,792,0.7698153383678493,0.766931393273428
rf,ga,3,793,0.7698153383678493,0.7669315400977536
rf,ga,3,794,0.7698153383678493,0.7669351720854992
rf,ga,3,795,0.7698153383678493,0.7669387949361688
rf,ga,3,796,0.7698153383678493,0.7669424086841985
rf,ga,3,797,0.7698153383678493,0.7669460133638519
rf,ga,3,798,0.7698153383678493,0.7669496090092203
rf,ga,3,799,0.7698153383678493,0.7669531956542248
rf,ga,3,800,0.7698153383678493,0.7669567733326168
rf,ga,3,801,0.7698153383678493,0.7669603420779794
rf,ga,3,802,0.7698153383678493,0.7669639019237272
rf,ga,3,803,0.7698153383678493,0.7669674529031097
rf,ga,3,804,0.7698153383678493,0.7669709950492101
rf,ga,3,805,0.7698153383678493,0.7669745283949475
rf,ga,3,806,0.7698153383678493,0.7669780529730776
rf,ga,3,807,0.7698153383678493,0.7669815688161938
rf,ga,3,808,0.7698153383678493,0.766985075956728
rf,ga,3,809,0.7698153383678493,0.7669885744269519
rf,ga,3,810,0.7698153383678493,0.7669920642589777
rf,ga,3,811,0.7698153383678493,0.7669955454847592
rf,ga,3,812,0.7698153383678493,0.7669990181360931
rf,ga,3,813,0.7698153383678493,0.7670024822446192
rf,ga,3,814,0.7698153383678493,0.7670059378418224
rf,ga,3,815,0.7698153383678493,0.7670093849590321
rf,ga,3,816,0.7698153383678493,0.7670128236274253
rf,ga,3,817,0.7698153383678493,0.7670162538780255
rf,ga,3,818,0.7698153383678493,0.767019675741705
rf,ga,3,819,0.7698153383678493,0.766935816652232
rf,ga,3,820,0.7698153383678493,0.7669393282640803
rf,ga,3,821,0.7698153383678493,0.7669428313214539
rf,ga,3,822,0.7698153383678493,0.7669463258555738
rf,ga,3,823,0.7698153383678493,0.7668931121675147
rf,ga,3,824,0.7698153383678493,0.7668966585585344
rf,ga,3,825,0.7698153383678493,0.7669001963522426
rf,ga,3,826,0.7698153383678493,0.7669025274597547
rf,ga,3,827,0.7698153383678493,0.7669060496011187
rf,ga,3,828,0.7698153383678493,0.7669095632348951
rf,ga,3,829,0.7698153383678493,0.7669130683918709
rf,ga,3,830,0.7698153383678493,0.7668350270547377
rf,ga,3,831,0.7698153383678493,0.7668386134702769
rf,ga,3,832,0.7698153383678493,0.7668421912646249
rf,ga,3,833,0.7698153383678493,0.7668457604688305
rf,ga,3,834,0.7698153383678493,0.7668493211137933
rf,ga,3,835,0.7698153383678493,0.7667972813658404
rf,ga,3,836,0.7698153383678493,0.7668008914818715
rf,ga,3,837,0.7698153383678493,0.7668044929715799
rf,ga,3,838,0.7698153383678493,0.7668080858658475
rf,ga,3,839,0.7698153383678493,0.766811670195409
rf,ga,3,840,0.7698153383678493,0.7668152459908524
rf,ga,3,841,0.7698153383678493,0.7668188132826205
rf,ga,3,842,0.7698153383678493,0.7668223721010115
rf,ga,3,843,0.7698153383678493,0.7668259224761798
rf,ga,3,844,0.7698153383678493,0.7668294644381366
rf,ga,3,845,0.7698153383678493,0.7668329980167516
rf,ga,3,846,0.7698153383678493,0.766836523241753
rf,ga,3,847,0.7698153383678493,0.7668363195384192
rf,ga,3,848,0.7698153383678493,0.7668398325323219
rf,ga,3,849,0.7698153383678493,0.7668433372506205
rf,ga,3,850,0.7698153383678493,0.766846833722523
rf,ga,3,851,0.7698153383678493,0.7668503219771003
rf,ga,3,852,0.7698153383678493,0.7668538020432868
rf,ga,3,853,0.7698153383678493,0.7668572739498807
rf,ga,3,854,0.7698153383678493,0.7668607377255457
rf,ga,3,855,0.7698153383678493,0.7668641933988115
rf,ga,3,856,0.7698153383678493,0.7668676409980745
rf,ga,3,857,0.7698153383678493,0.7668710805515981
rf,ga,3,858,0.7698153383678493,0.7668745120875144
rf,ga,3,859,0.7698153383678493,0.7668779356338246
rf,ga,3,860,0.7698153383678493,0.7668421584481382
rf,ga,3,861,0.7698153383678493,0.7668456116187766
rf,ga,3,862,0.7698153383678493,0.7668490567774182
rf,ga,3,863,0.7698153383678493,0.7668524939519146
rf,ga,3,864,0.7698153383678493,0.7668559231699887
rf,ga,3,865,0.7698153383678493,0.7668593444592348
rf,ga,3,866,0.7698153383678493,0.76686275784712
rf,ga,3,867,0.7698153383678493,0.7668636524272927
rf,ga,3,868,0.7698153383678493,0.7668670529871321
rf,ga,3,869,0.7698153383678493,0.7668704457205966
rf,ga,3,870,0.7698153383678493,0.7668738306546738
rf,ga,3,871,0.7698153383678493,0.7668772078162275
rf,ga,3,872,0.7698153383678493,0.7668805772319977
rf,ga,3,873,0.7698153383678493,0.7668839389286023
rf,ga,3,874,0.7698153383678493,0.7668872929325374
rf,ga,3,875,0.7698153383678493,0.7668906392701778
rf,ga,3,876,0.7698153383678493,0.7668939779677779
rf,ga,3,877,0.7698153383678493,0.7668973090514724
rf,ga,3,878,0.7698153383678493,0.7669006325472768
rf,ga,3,879,0.7698153383678493,0.7669039484810887
rf,ga,3,880,0.7698153383678493,0.7669072568786872
rf,ga,3,881,0.7698153383678493,0.766910557765735
rf,ga,3,882,0.7698153383678493,0.7669138511677782
rf,ga,3,883,0.7698153383678493,0.7668323211476148
rf,ga,3,884,0.7698153383678493,0.7668356956014838
rf,ga,3,885,0.7698153383678493,0.7668390624294685
rf,ga,3,886,0.7698153383678493,0.7668424216573899
rf,ga,3,887,0.7698153383678493,0.7668457733109529
rf,ga,3,888,0.7698153383678493,0.7668491174157468
rf,ga,3,889,0.7698153383678493,0.7668295122504487
rf,ga,3,890,0.7698153383678493,0.766832867111255
rf,ga,3,891,0.7698153383678493,0.7668362144415092
rf,ga,3,892,0.7698153383678493,0.7668395542665387
rf,ga,3,893,0.7698153383678493,0.766842886611557
rf,ga,3,894,0.7698153383678493,0.7668462115016647
rf,ga,3,895,0.7698153383678493,0.7668495289618504
rf,ga,3,896,0.7698153383678493,0.7668528390169911
rf,ga,3,897,0.7698153383678493,0.7668561416918527
rf,ga,3,898,0.7698153383678493,0.7668594370110909
rf,ga,3,899,0.7698153383678493,0.766862724999252
rf,ga,3,900,0.7698153383678493,0.7668660056807726
rf,ga,3,901,0.7698153383678493,0.7668692790799814
rf,ga,3,902,0.7698153383678493,0.7668725452210987
rf,ga,3,903,0.7698153383678493,0.766875804128238
rf,ga,3,904,0.7698153383678493,0.7668790558254056
rf,ga,3,905,0.7698153383678493,0.7668823003365023
rf,ga,3,906,0.7698153383678493,0.7668825645433298
rf,ga,3,907,0.7698153383678493,0.7668857980315597
rf,ga,3,908,0.7698153383678493,0.7668890243975688
rf,ga,3,909,0.7698153383678493,0.766892243664863
rf,ga,3,910,0.7698153383678493,0.7668954558568443
rf,ga,3,911,0.7698153383678493,0.7668986609968124
rf,ga,3,912,0.7698153383678493,0.7669018591079648
rf,ga,3,913,0.7698153383678493,0.7669050502133974
rf,ga,3,914,0.7698153383678493,0.7669082343361046
rf,ga,3,915,0.7698153383678493,0.7669114114989808
rf,ga,3,916,0.7698153383678493,0.7669145817248202
rf,ga,3,917,0.7698153383678493,0.7669177450363175
rf,ga,3,918,0.7698153383678493,0.7669209014560686
rf,ga,3,919,0.7698153383678493,0.7669240510065711
rf,ga,3,920,0.7698153383678493,0.7669271937102247
rf,ga,3,921,0.7698153383678493,0.7669303295893317
rf,ga,3,922,0.7698153383678493,0.7669334586660981
rf,ga,3,923,0.7698153383678493,0.766936580962633
rf,ga,3,924,0.7698153383678493,0.7669396965009503
rf,ga,3,925,0.7698153383678493,0.7669428053029687
rf,ga,3,926,0.7698153383678493,0.7669459073905117
rf,ga,3,927,0.7698153383678493,0.7669194553978965
rf,ga,3,928,0.7698153383678493,0.766922575961442
rf,ga,3,929,0.7698153383678493,0.7668834748812231
rf,ga,3,930,0.7698153383678493,0.7668866274226066
rf,ga,3,931,0.7698153383678493,0.7668897731916134
rf,ga,3,932,0.7698153383678493,0.7668929122100429
rf,ga,3,933,0.7698153383678493,0.766896044499601
rf,ga,3,934,0.7698153383678493,0.766899170081901
rf,ga,3,935,0.7698153383678493,0.7669022889784636
rf,ga,3,936,0.7698153383678493,0.7669054012107172
rf,ga,3,937,0.7698153383678493,0.766908506799999
rf,ga,3,938,0.7698153383678493,0.7669100872437309
rf,ga,3,939,0.7698153383678493,0.7669131812278885
rf,ga,3,940,0.7698153383678493,0.7669129161271335
rf,ga,3,941,0.7698153383678493,0.7669160005290896
rf,ga,3,942,0.7698153383678493,0.7669190783824216
rf,ga,3,943,0.7698153383678493,0.7669221497079629
rf,ga,3,944,0.7698153383678493,0.7669070177193309
rf,ga,3,945,0.7698153383678493,0.7669100953073188
rf,ga,3,946,0.7698153383678493,0.766913166388778
rf,ga,3,947,0.7698153383678493,0.7669162309843209
rf,ga,3,948,0.7698153383678493,0.7669192891144723
rf,ga,3,949,0.7698153383678493,0.7669223407996708
rf,ga,3,950,0.7698153383678493,0.7669253860602688
rf,ga,3,951,0.7698153383678493,0.7669284249165333
rf,ga,3,952,0.7698153383678493,0.7669314573886462
rf,ga,3,953,0.7698153383678493,0.7669344834967041
rf,ga,3,954,0.7698153383678493,0.76693750326072
rf,ga,3,955,0.7698153383678493,0.7669405167006227
rf,ga,3,956,0.7698153383678493,0.766943523836258
rf,ga,3,957,0.7698153383678493,0.7669465246873882
rf,ga,3,958,0.7698153383678493,0.7669495192736935
rf,ga,3,959,0.7698153383678493,0.7669525076147717
rf,ga,3,960,0.7698153383678493,0.7669554897301396
rf,ga,3,961,0.7698153383678493,0.7669584656392319
rf,ga,3,962,0.7698153383678493,0.7669614353614029
rf,ga,3,963,0.7698153383678493,0.7669501312959649
rf,ga,3,964,0.7698153383678493,0.7669531035024709
rf,ga,3,965,0.7698153383678493,0.7669560695489636
rf,ga,3,966,0.7698153383678493,0.7669590294545732
rf,ga,3,967,0.7698153383678493,0.7669619832383511
rf,ga,3,968,0.7698153383678493,0.76696493091927
rf,ga,3,969,0.7698153383678493,0.7669678725162241
rf,ga,3,970,0.7698153383678493,0.7669708080480299
rf,ga,3,971,0.7698153383678493,0.7669737375334262
rf,ga,3,972,0.7698153383678493,0.7669766609910748
rf,ga,3,973,0.7698153383678493,0.7669795784395608
rf,ga,3,974,0.7698153383678493,0.7669506265540671
rf,ga,3,975,0.7698153383678493,0.76695356472003
rf,ga,3,976,0.7698153383678493,0.7669564968651609
rf,ga,3,977,0.7698153383678493,0.7669543996487351
rf,ga,3,978,0.7698153383678493,0.7669556723260903
rf,ga,3,979,0.7698153383678493,0.7669585933332831
rf,ga,3,980,0.7698153383678493,0.7669615083792367
rf,ga,3,981,0.7698153383678493,0.7669644174821812
rf,ga,3,982,0.7698153383678493,0.7669673206602725
rf,ga,3,983,0.7698153383678493,0.7669702179315926
rf,ga,3,984,0.7698153383678493,0.7669731093141497
rf,ga,3,985,0.7698153383678493,0.7669759948258793
rf,ga,3,986,0.7698153383678493,0.7669788744846441
rf,ga,3,987,0.7698153383678493,0.766981748308234
rf,ga,3,988,0.7698153383678493,0.7669846163143672
rf,ga,3,989,0.7698153383678493,0.7669874785206902
rf,ga,3,990,0.7698153383678493,0.7669903349447783
rf,ga,3,991,0.7698153383678493,0.7669931856041357
rf,ga,3,992,0.7698153383678493,0.7669960305161957
rf,ga,3,993,0.7698153383678493,0.7669988696983222
rf,ga,3,994,0.7698153383678493,0.7670017031678087
rf,ga,3,995,0.7698153383678493,0.7670045309418791
rf,ga,3,996,0.7698153383678493,0.7670073530376883
rf,ga,3,997,0.7698153383678493,0.7670101694723224
rf,ga,3,998,0.7698153383678493,0.7670129802627988
rf,ga,3,999,0.7698153383678493,0.7670157854260671
rf,ga,3,1000,0.7698153383678493,0.7670185849790089
