model_type,optimizer,seed,evaluation_id,best_fitness_so_far,mean_fitness_so_far
rf,random_search,1,1,0.6886292125152975,0.6886292125152975
rf,random_search,1,2,0.7323085003919019,0.7104688564535997
rf,random_search,1,3,0.7323085003919019,0.7106016316181977
rf,random_search,1,4,0.7323085003919019,0.699439678559923
rf,random_search,1,5,0.7323085003919019,0.698047821725224
rf,random_search,1,6,0.7323085003919019,0.7027348351358018
rf,random_search,1,7,0.7323085003919019,0.7047007956201388
rf,random_search,1,8,0.7323085003919019,0.7047595342800865
rf,random_search,1,9,0.7323085003919019,0.7036353908711459
rf,random_search,1,10,0.7323085003919019,0.7060910505441933
rf,random_search,1,11,0.7577881281525167,0.7107907848722227
rf,random_search,1,12,0.7577881281525167,0.71067538528557
rf,random_search,1,13,0.7577881281525167,0.7073748931543211
rf,random_search,1,14,0.7577881281525167,0.7048267784969147
rf,random_search,1,15,0.7577881281525167,0.7060558750328413
rf,random_search,1,16,0.7577881281525167,0.7066203357150465
rf,random_search,1,17,0.7577881281525167,0.7052086849104571
rf,random_search,1,18,0.7577881281525167,0.7066277946897483
rf,random_search,1,19,0.7577881281525167,0.7074566945989206
rf,random_search,1,20,0.7577881281525167,0.7065311580567639
rf,random_search,1,21,0.7577881281525167,0.7079532953742529
rf,random_search,1,22,0.7577881281525167,0.7074998180142688
rf,random_search,1,23,0.7577881281525167,0.7072397329349703
rf,random_search,1,24,0.7577881281525167,0.7081155155642714
rf,random_search,1,25,0.7577881281525167,0.7082916970687271
rf,random_search,1,26,0.7577881281525167,0.7066664640064689
rf,random_search,1,27,0.7577881281525167,0.7060188920236777
rf,random_search,1,28,0.7577881281525167,0.7056731520969672
rf,random_search,1,29,0.7662803710773257,0.7077630561997382
rf,random_search,1,30,0.7662803710773257,0.7077260473552589
rf,random_search,1,31,0.7662803710773257,0.7084076478016225
rf,random_search,1,32,0.7662803710773257,0.7069739990916621
rf,random_search,1,33,0.7662803710773257,0.7061819204943636
rf,random_search,1,34,0.7662803710773257,0.7058099372333934
rf,random_search,1,35,0.7662803710773257,0.7056051112647805
rf,random_search,1,36,0.7662803710773257,0.7058441109617759
rf,random_search,1,37,0.7662803710773257,0.7067653915889218
rf,random_search,1,38,0.7662803710773257,0.7060237948726904
rf,random_search,1,39,0.7662803710773257,0.7068203875575972
rf,random_search,1,40,0.7662803710773257,0.7065116763321295
rf,random_search,1,41,0.7662803710773257,0.7062626486425881
rf,random_search,1,42,0.7662803710773257,0.7064184837053611
rf,random_search,1,43,0.7662803710773257,0.7060862395139068
rf,random_search,1,44,0.7662803710773257,0.7066214982850033
rf,random_search,1,45,0.7662803710773257,0.7062862544720844
rf,random_search,1,46,0.7662803710773257,0.7061960898129714
rf,random_search,1,47,0.7662803710773257,0.7061976769927157
rf,random_search,1,48,0.7662803710773257,0.7067727109871647
rf,random_search,1,49,0.7662803710773257,0.7066716573891751
rf,random_search,1,50,0.7662803710773257,0.7068296355158431
rf,random_search,1,51,0.7662803710773257,0.7070619934594617
rf,random_search,1,52,0.7662803710773257,0.7077138065117594
rf,random_search,1,53,0.7662803710773257,0.7077659092377923
rf,random_search,1,54,0.7662803710773257,0.7081199753178671
rf,random_search,1,55,0.7662803710773257,0.7078699525288777
rf,random_search,1,56,0.7662803710773257,0.7081710352770278
rf,random_search,1,57,0.7662803710773257,0.7078755547896667
rf,random_search,1,58,0.7662803710773257,0.7077470060889275
rf,random_search,1,59,0.7662803710773257,0.7076754543058223
rf,random_search,1,60,0.7662803710773257,0.7074390444712674
rf,random_search,1,61,0.7662803710773257,0.707670500572697
rf,random_search,1,62,0.7662803710773257,0.7085618987607236
rf,random_search,1,63,0.7662803710773257,0.7089127260560001
rf,random_search,1,64,0.7662803710773257,0.7087401221874637
rf,random_search,1,65,0.7662803710773257,0.708482134878878
rf,random_search,1,66,0.7662803710773257,0.7087392780507786
rf,random_search,1,67,0.7662803710773257,0.708509250749248
rf,random_search,1,68,0.7662803710773257,0.7082546464231297
rf,random_search,1,69,0.7662803710773257,0.7080496661937126
rf,random_search,1,70,0.7662803710773257,0.7079339074184272
rf,random_search,1,71,0.7662803710773257,0.7074180890069657
rf,random_search,1,72,0.7662803710773257,0.707521529761029
rf,random_search,1,73,0.7662803710773257,0.7069331091900679
rf,random_search,1,74,0.7662803710773257,0.7073748476284515
rf,random_search,1,75,0.7662803710773257,0.7072820944488237
rf,random_search,1,76,0.7662803710773257,0.7074546063813414
rf,random_search,1,77,0.7662803710773257,0.7070273572507906
rf,random_search,1,78,0.7662803710773257,0.7071512119715714
rf,random_search,1,79,0.7662803710773257,0.706979327693304
rf,random_search,1,80,0.7662803710773257,0.7068001054337693
rf,random_search,1,81,0.7662803710773257,0.7065518866970256
rf,random_search,1,82,0.7662803710773257,0.706816779615157
rf,random_search,1,83,0.7662803710773257,0.7072421390680269
rf,random_search,1,84,0.7662803710773257,0.7071325405119767
rf,random_search,1,85,0.7662803710773257,0.7069901905938394
rf,random_search,1,86,0.7669955789253172,0.7076879276674611
rf,random_search,1,87,0.7669955789253172,0.7076305795030298
rf,random_search,1,88,0.7669955789253172,0.7078213911841058
rf,random_search,1,89,0.7669955789253172,0.7081908005036845
rf,random_search,1,90,0.7669955789253172,0.7080978037350862
rf,random_search,1,91,0.7669955789253172,0.7079387363898219
rf,random_search,1,92,0.7669955789253172,0.7080006459111141
rf,random_search,1,93,0.7669955789253172,0.7080055998769906
rf,random_search,1,94,0.7669955789253172,0.7078083959069047
rf,random_search,1,95,0.7669955789253172,0.7077192782746555
rf,random_search,1,96,0.7669955789253172,0.7075789115094167
rf,random_search,1,97,0.7669955789253172,0.7075416858031792
rf,random_search,1,98,0.7669955789253172,0.707137729302523
rf,random_search,1,99,0.7669955789253172,0.7069469683087416
rf,random_search,1,100,0.7669955789253172,0.7074412065549622
rf,random_search,1,101,0.7669955789253172,0.7073700737900385
rf,random_search,1,102,0.7669955789253172,0.7075267509824809
rf,random_search,1,103,0.7669955789253172,0.7076305261590454
rf,random_search,1,104,0.7669955789253172,0.7073120145653788
rf,random_search,1,105,0.7669955789253172,0.7075319545367863
rf,random_search,1,106,0.7669955789253172,0.707442576996252
rf,random_search,1,107,0.7669955789253172,0.7072493527626752
rf,random_search,1,108,0.7669955789253172,0.7069918088429633
rf,random_search,1,109,0.7669955789253172,0.707373817172753
rf,random_search,1,110,0.7669955789253172,0.707058980366743
rf,random_search,1,111,0.7669955789253172,0.70699716875018
rf,random_search,1,112,0.7669955789253172,0.7071432532031743
rf,random_search,1,113,0.7669955789253172,0.7074425548153292
rf,random_search,1,114,0.7669955789253172,0.7076409404927501
rf,random_search,1,115,0.7669955789253172,0.7076702108829668
rf,random_search,1,116,0.7669955789253172,0.7076910314922763
rf,random_search,1,117,0.7669955789253172,0.707599489007101
rf,random_search,1,118,0.7669955789253172,0.7076633829868371
rf,random_search,1,119,0.7669955789253172,0.7076562578018456
rf,random_search,1,120,0.7669955789253172,0.7076750251077291
rf,random_search,1,121,0.7669955789253172,0.7080144777949112
rf,random_search,1,122,0.7669955789253172,0.7078428166803681
rf,random_search,1,123,0.7669955789253172,0.707749284286584
rf,random_search,1,124,0.7669955789253172,0.7077899593061321
rf,random_search,1,125,0.7669955789253172,0.7078672827814297
rf,random_search,1,126,0.7669955789253172,0.7080276551544302
rf,random_search,1,127,0.7669955789253172,0.7079417736520524
rf,random_search,1,128,0.7669955789253172,0.7078117584880947
rf,random_search,1,129,0.7669955789253172,0.7078296608140084
rf,random_search,1,130,0.7669955789253172,0.7079434442701884
rf,random_search,1,131,0.7669955789253172,0.7078579556339394
rf,random_search,1,132,0.7669955789253172,0.7078927720362648
rf,random_search,1,133,0.7669955789253172,0.7078686408102476
rf,random_search,1,134,0.7669955789253172,0.707764425072357
rf,random_search,1,135,0.7669955789253172,0.7078527220260509
rf,random_search,1,136,0.7669955789253172,0.7079175275205952
rf,random_search,1,137,0.7669955789253172,0.7079779417061854
rf,random_search,1,138,0.7669955789253172,0.7078401301081879
rf,random_search,1,139,0.7669955789253172,0.707708756276117
rf,random_search,1,140,0.7669955789253172,0.707628596312261
rf,random_search,1,141,0.7669955789253172,0.7076698833068891
rf,random_search,1,142,0.7669955789253172,0.7077817752728485
rf,random_search,1,143,0.7669955789253172,0.707808663947317
rf,random_search,1,144,0.7669955789253172,0.7078490069458852
rf,random_search,1,145,0.7669955789253172,0.7077271897609462
rf,random_search,1,146,0.7669955789253172,0.7076106830338763
rf,random_search,1,147,0.7669955789253172,0.7074389833717186
rf,random_search,1,148,0.7669955789253172,0.7074065105330858
rf,random_search,1,149,0.7669955789253172,0.7073630817514336
rf,random_search,1,150,0.7669955789253172,0.7072737435093508
rf,random_search,1,151,0.7669955789253172,0.7071225601091533
rf,random_search,1,152,0.7669955789253172,0.7072280690024977
rf,random_search,1,153,0.7669955789253172,0.70713152798102
rf,random_search,1,154,0.7669955789253172,0.7069870817431363
rf,random_search,1,155,0.7669955789253172,0.7068484556179223
rf,random_search,1,156,0.7669955789253172,0.706713593107219
rf,random_search,1,157,0.7669955789253172,0.7066857647508685
rf,random_search,1,158,0.7669955789253172,0.7066319542280166
rf,random_search,1,159,0.7669955789253172,0.7065134829011464
rf,random_search,1,160,0.7669955789253172,0.7063978662501903
rf,random_search,1,161,0.7669955789253172,0.7064348859733983
rf,random_search,1,162,0.7669955789253172,0.7061696133262143
rf,random_search,1,163,0.7669955789253172,0.7059063286681324
rf,random_search,1,164,0.7669955789253172,0.7059855300337485
rf,random_search,1,165,0.7669955789253172,0.705968334371924
rf,random_search,1,166,0.7669955789253172,0.7058918737820971
rf,random_search,1,167,0.7669955789253172,0.705878936835994
rf,random_search,1,168,0.7669955789253172,0.7056494586437209
rf,random_search,1,169,0.7669955789253172,0.7054922823007418
rf,random_search,1,170,0.7669955789253172,0.705571036633272
rf,random_search,1,171,0.7669955789253172,0.7056514152349181
rf,random_search,1,172,0.7669955789253172,0.7056014367632671
rf,random_search,1,173,0.7669955789253172,0.7055419273137722
rf,random_search,1,174,0.7669955789253172,0.7055464514766908
rf,random_search,1,175,0.7669955789253172,0.7054771782753214
rf,random_search,1,176,0.7669955789253172,0.7054505361267303
rf,random_search,1,177,0.7669955789253172,0.7053983503686685
rf,random_search,1,178,0.7669955789253172,0.7053409904558574
rf,random_search,1,179,0.7669955789253172,0.7052486573597604
rf,random_search,1,180,0.7669955789253172,0.7054684766857012
rf,random_search,1,181,0.7669955789253172,0.7053674473629525
rf,random_search,1,182,0.7669955789253172,0.7053422826536596
rf,random_search,1,183,0.7669955789253172,0.7053962200120011
rf,random_search,1,184,0.7669955789253172,0.7052292166167804
rf,random_search,1,185,0.7669955789253172,0.7051286743285424
rf,random_search,1,186,0.7669955789253172,0.7052480259600361
rf,random_search,1,187,0.7669955789253172,0.7053644815476362
rf,random_search,1,188,0.7669955789253172,0.7052332233863139
rf,random_search,1,189,0.7669955789253172,0.7054979780027865
rf,random_search,1,190,0.7669955789253172,0.7055181994831518
rf,random_search,1,191,0.7669955789253172,0.7054134651715958
rf,random_search,1,192,0.7669955789253172,0.7053229698261169
rf,random_search,1,193,0.7669955789253172,0.7053378566564723
rf,random_search,1,194,0.7669955789253172,0.7053374918402833
rf,random_search,1,195,0.7669955789253172,0.7052423071083849
rf,random_search,1,196,0.7669955789253172,0.7051803181568395
rf,random_search,1,197,0.7669955789253172,0.7053040210611325
rf,random_search,1,198,0.7669955789253172,0.705308676967674
rf,random_search,1,199,0.7669955789253172,0.7053957868119559
rf,random_search,1,200,0.7669955789253172,0.7054266861091617
rf,random_search,1,201,0.7669955789253172,0.7055288165071539
rf,random_search,1,202,0.7669955789253172,0.705609925692306
rf,random_search,1,203,0.7669955789253172,0.7058553955809751
rf,random_search,1,204,0.7669955789253172,0.7058320031519836
rf,random_search,1,205,0.7669955789253172,0.7057508928709778
rf,random_search,1,206,0.7669955789253172,0.7057383710732772
rf,random_search,1,207,0.7669955789253172,0.705598854424414
rf,random_search,1,208,0.768589272977333,0.7059016929751493
rf,random_search,1,209,0.768589272977333,0.7060082355354919
rf,random_search,1,210,0.768589272977333,0.7060068451091608
rf,random_search,1,211,0.768589272977333,0.7059699081849803
rf,random_search,1,212,0.768589272977333,0.705993319768831
rf,random_search,1,213,0.768589272977333,0.7060184488192602
rf,random_search,1,214,0.768589272977333,0.7059586343219316
rf,random_search,1,215,0.768589272977333,0.7060258034351055
rf,random_search,1,216,0.768589272977333,0.7061819515151834
rf,random_search,1,217,0.768589272977333,0.7061053113126654
rf,random_search,1,218,0.768589272977333,0.7062072013483891
rf,random_search,1,219,0.768589272977333,0.7061326266376167
rf,random_search,1,220,0.768589272977333,0.7060817390278168
rf,random_search,1,221,0.768589272977333,0.7060450637963867
rf,random_search,1,222,0.768589272977333,0.7059661408969283
rf,random_search,1,223,0.768589272977333,0.7060211732208677
rf,random_search,1,224,0.768589272977333,0.7061657364753857
rf,random_search,1,225,0.768589272977333,0.7061280589459236
rf,random_search,1,226,0.768589272977333,0.7060922861583709
rf,random_search,1,227,0.768589272977333,0.7060458405332339
rf,random_search,1,228,0.768589272977333,0.7061193142560387
rf,random_search,1,229,0.768589272977333,0.7062232414665796
rf,random_search,1,230,0.768589272977333,0.7061890553659081
rf,random_search,1,231,0.768589272977333,0.7061222036826098
rf,random_search,1,232,0.768589272977333,0.706335547035719
rf,random_search,1,233,0.768589272977333,0.706483026824617
rf,random_search,1,234,0.768589272977333,0.7064004840463303
rf,random_search,1,235,0.768589272977333,0.7063884692039061
rf,random_search,1,236,0.768589272977333,0.7062285496643714
rf,random_search,1,237,0.768589272977333,0.7063398698342723
rf,random_search,1,238,0.768589272977333,0.7062890457354423
rf,random_search,1,239,0.768589272977333,0.7063275273475987
rf,random_search,1,240,0.768589272977333,0.7061858050556569
rf,random_search,1,241,0.768589272977333,0.7061801522385074
rf,random_search,1,242,0.768589272977333,0.7061337245531187
rf,random_search,1,243,0.768589272977333,0.7060442212873558
rf,random_search,1,244,0.768589272977333,0.70621797027379
rf,random_search,1,245,0.768589272977333,0.7062854645919269
rf,random_search,1,246,0.768589272977333,0.7061971568203804
rf,random_search,1,247,0.768589272977333,0.7061756778988196
rf,random_search,1,248,0.768589272977333,0.7060579992784352
rf,random_search,1,249,0.768589272977333,0.7060092735328649
rf,random_search,1,250,0.768589272977333,0.7059239600277792
rf,random_search,1,251,0.768589272977333,0.7058574357498607
rf,random_search,1,252,0.768589272977333,0.7057817179152448
rf,random_search,1,253,0.768589272977333,0.7059010924991006
rf,random_search,1,254,0.768589272977333,0.7058444497495522
rf,random_search,1,255,0.768589272977333,0.7057694132901288
rf,random_search,1,256,0.768589272977333,0.7056783608975302
rf,random_search,1,257,0.768589272977333,0.7055976908013579
rf,random_search,1,258,0.768589272977333,0.7055350388053485
rf,random_search,1,259,0.768589272977333,0.7053761203356315
rf,random_search,1,260,0.768589272977333,0.7054467863505768
rf,random_search,1,261,0.768589272977333,0.7055527037561915
rf,random_search,1,262,0.768589272977333,0.7054965856493701
rf,random_search,1,263,0.768589272977333,0.7054250714071462
rf,random_search,1,264,0.768589272977333,0.70541602900182
rf,random_search,1,265,0.768589272977333,0.7056338718492156
rf,random_search,1,266,0.768589272977333,0.705862366269401
rf,random_search,1,267,0.768589272977333,0.7058025452584206
rf,random_search,1,268,0.768589272977333,0.7057848807052928
rf,random_search,1,269,0.768589272977333,0.7059943288212017
rf,random_search,1,270,0.768589272977333,0.7059949412534637
rf,random_search,1,271,0.768589272977333,0.7059550636408711
rf,random_search,1,272,0.768589272977333,0.7057944397018364
rf,random_search,1,273,0.768589272977333,0.7057048003139433
rf,random_search,1,274,0.768589272977333,0.7055641145581464
rf,random_search,1,275,0.768589272977333,0.7057216856832317
rf,random_search,1,276,0.768589272977333,0.7056342473047711
rf,random_search,1,277,0.768589272977333,0.7054842591465639
rf,random_search,1,278,0.768589272977333,0.7054456570199122
rf,random_search,1,279,0.768589272977333,0.7053834497697916
rf,random_search,1,280,0.768589272977333,0.7052560434143395
rf,random_search,1,281,0.768589272977333,0.705122323576358
rf,random_search,1,282,0.768589272977333,0.7052097524704327
rf,random_search,1,283,0.768589272977333,0.7051580721021338
rf,random_search,1,284,0.768589272977333,0.7051023645734261
rf,random_search,1,285,0.768589272977333,0.7050672665193091
rf,random_search,1,286,0.768589272977333,0.7050848339347243
rf,random_search,1,287,0.768589272977333,0.705222573933566
rf,random_search,1,288,0.768589272977333,0.7052571606771095
rf,random_search,1,289,0.768589272977333,0.7052264041578186
rf,random_search,1,290,0.768589272977333,0.7051915071579066
rf,random_search,1,291,0.768589272977333,0.7050587518925172
rf,random_search,1,292,0.768589272977333,0.7050664602493775
rf,random_search,1,293,0.768589272977333,0.7051013646222271
rf,random_search,1,294,0.768589272977333,0.7052184545723729
rf,random_search,1,295,0.768589272977333,0.705218191787696
rf,random_search,1,296,0.768589272977333,0.7051396090667401
rf,random_search,1,297,0.768589272977333,0.7050797185194699
rf,random_search,1,298,0.768589272977333,0.7050582585825056
rf,random_search,1,299,0.768589272977333,0.7050549073057517
rf,random_search,1,300,0.768589272977333,0.7051228076384256
rf,random_search,1,301,0.768589272977333,0.7049878264021209
rf,random_search,1,302,0.768589272977333,0.7051404537901508
rf,random_search,1,303,0.768589272977333,0.7051387281609613
rf,random_search,1,304,0.768589272977333,0.7052428392632865
rf,random_search,1,305,0.768589272977333,0.7052148071373172
rf,random_search,1,306,0.768589272977333,0.7052277094307425
rf,random_search,1,307,0.768589272977333,0.7053301760633042
rf,random_search,1,308,0.768589272977333,0.7053096324092899
rf,random_search,1,309,0.768589272977333,0.705472897556199
rf,random_search,1,310,0.768589272977333,0.7054953198837226
rf,random_search,1,311,0.768589272977333,0.7054446701118601
rf,random_search,1,312,0.768589272977333,0.7054448796171463
rf,random_search,1,313,0.768589272977333,0.7054858246037976
rf,random_search,1,314,0.768589272977333,0.7054339925461522
rf,random_search,1,315,0.768589272977333,0.70542069787154
rf,random_search,1,316,0.768589272977333,0.7053625153381434
rf,random_search,1,317,0.768589272977333,0.7053877915672738
rf,random_search,1,318,0.768589272977333,0.7053657858387613
rf,random_search,1,319,0.768589272977333,0.7053608479078163
rf,random_search,1,320,0.768589272977333,0.7054198594486127
rf,random_search,1,321,0.768589272977333,0.7054565286986422
rf,random_search,1,322,0.768589272977333,0.705341297714235
rf,random_search,1,323,0.768589272977333,0.7052900360897144
rf,random_search,1,324,0.768589272977333,0.7052459200221495
rf,random_search,1,325,0.768589272977333,0.7054220703578894
rf,random_search,1,326,0.768589272977333,0.7054954863207985
rf,random_search,1,327,0.768589272977333,0.7055173972750931
rf,random_search,1,328,0.768589272977333,0.7054715994562515
rf,random_search,1,329,0.768589272977333,0.7054479449965714
rf,random_search,1,330,0.768589272977333,0.7054059429746031
rf,random_search,1,331,0.768589272977333,0.705422173543368
rf,random_search,1,332,0.768589272977333,0.7055084257164436
rf,random_search,1,333,0.7702351910510078,0.705702800387118
rf,random_search,1,334,0.7702351910510078,0.7057011646093457
rf,random_search,1,335,0.7702351910510078,0.7057216045347061
rf,random_search,1,336,0.7702351910510078,0.7056940973526687
rf,random_search,1,337,0.7702351910510078,0.7057000329244407
rf,random_search,1,338,0.7702351910510078,0.7058212606429953
rf,random_search,1,339,0.7702351910510078,0.7059205507562308
rf,random_search,1,340,0.7702351910510078,0.7058631385008137
rf,random_search,1,341,0.7702351910510078,0.7058122517501965
rf,random_search,1,342,0.7702351910510078,0.7057927700852438
rf,random_search,1,343,0.7702351910510078,0.7057650555806072
rf,random_search,1,344,0.7702351910510078,0.7057267131546634
rf,random_search,1,345,0.7702351910510078,0.7057943289279225
rf,random_search,1,346,0.7702351910510078,0.7058325326410625
rf,random_search,1,347,0.7702351910510078,0.7058385150417766
rf,random_search,1,348,0.7702351910510078,0.7057843969266812
rf,random_search,1,349,0.7702351910510078,0.7057619007446849
rf,random_search,1,350,0.7702351910510078,0.7057848997473858
rf,random_search,1,351,0.7702351910510078,0.7057346983912759
rf,random_search,1,352,0.7702351910510078,0.7057125739930644
rf,random_search,1,353,0.7702351910510078,0.7058511055435733
rf,random_search,1,354,0.7702351910510078,0.7059665117315794
rf,random_search,1,355,0.7702351910510078,0.7059639994129964
rf,random_search,1,356,0.7702351910510078,0.7060332326377371
rf,random_search,1,357,0.7702351910510078,0.7059366315381516
rf,random_search,1,358,0.7702351910510078,0.7060275908500581
rf,random_search,1,359,0.7702351910510078,0.7059797608759211
rf,random_search,1,360,0.7702351910510078,0.7058723713688447
rf,random_search,1,361,0.7702351910510078,0.7058283452494292
rf,random_search,1,362,0.7702351910510078,0.7058252435731022
rf,random_search,1,363,0.7702351910510078,0.7058928769899846
rf,random_search,1,364,0.7702351910510078,0.7060082806220281
rf,random_search,1,365,0.7702351910510078,0.7060376230458101
rf,random_search,1,366,0.7702351910510078,0.7060069089374633
rf,random_search,1,367,0.7702351910510078,0.7059782335571325
rf,random_search,1,368,0.7702351910510078,0.7060584669765152
rf,random_search,1,369,0.7702351910510078,0.7060244048105441
rf,random_search,1,370,0.7702351910510078,0.7060263242376793
rf,random_search,1,371,0.7702351910510078,0.7059877422385505
rf,random_search,1,372,0.7702351910510078,0.7059975062665069
rf,random_search,1,373,0.7702351910510078,0.7059577629481659
rf,random_search,1,374,0.7702351910510078,0.7059865335618128
rf,random_search,1,375,0.7702351910510078,0.7059866599710986
rf,random_search,1,376,0.7702351910510078,0.7059423988030886
rf,random_search,1,377,0.7702351910510078,0.7059212111472655
rf,random_search,1,378,0.7702351910510078,0.7058952365109168
rf,random_search,1,379,0.7702351910510078,0.7058735455929193
rf,random_search,1,380,0.7702351910510078,0.7058773276549201
rf,random_search,1,381,0.7702351910510078,0.7059265235645863
rf,random_search,1,382,0.7702351910510078,0.705922652657161
rf,random_search,1,383,0.7702351910510078,0.7060215804551985
rf,random_search,1,384,0.7702351910510078,0.7061332140035846
rf,random_search,1,385,0.7702351910510078,0.7061232007419666
rf,random_search,1,386,0.7702351910510078,0.7061201978333473
rf,random_search,1,387,0.7702351910510078,0.7060357593005516
rf,random_search,1,388,0.7702351910510078,0.7059238242730255
rf,random_search,1,389,0.7702351910510078,0.7059399469673678
rf,random_search,1,390,0.7702351910510078,0.7058576429234509
rf,random_search,1,391,0.7702351910510078,0.7059413527831135
rf,random_search,1,392,0.7702351910510078,0.7059282065490711
rf,random_search,1,393,0.7702351910510078,0.7058999750512761
rf,random_search,1,394,0.7702351910510078,0.7059035933133277
rf,random_search,1,395,0.7702351910510078,0.7060130133320434
rf,random_search,1,396,0.7702351910510078,0.7061381480718865
rf,random_search,1,397,0.7702351910510078,0.706115993211717
rf,random_search,1,398,0.7702351910510078,0.7061138231804964
rf,random_search,1,399,0.7702351910510078,0.7061806774355859
rf,random_search,1,400,0.7702351910510078,0.7061639504206433
rf,random_search,1,401,0.7702351910510078,0.7062386640426189
rf,random_search,1,402,0.7702351910510078,0.7063852505518576
rf,random_search,1,403,0.7702351910510078,0.7063599753218825
rf,random_search,1,404,0.7702351910510078,0.7063426015126895
rf,random_search,1,405,0.7702351910510078,0.7063778751503327
rf,random_search,1,406,0.7702351910510078,0.7063625979746692
rf,random_search,1,407,0.7702351910510078,0.7062545772286444
rf,random_search,1,408,0.7702351910510078,0.706299572553205
rf,random_search,1,409,0.7702351910510078,0.7062558270996224
rf,random_search,1,410,0.7702351910510078,0.7062304518307807
rf,random_search,1,411,0.7702351910510078,0.7062171383354696
rf,random_search,1,412,0.7702351910510078,0.706108524437491
rf,random_search,1,413,0.7702351910510078,0.7061073072952155
rf,random_search,1,414,0.7702351910510078,0.7060920357462195
rf,random_search,1,415,0.7702351910510078,0.7060922693631315
rf,random_search,1,416,0.7702351910510078,0.7060265374624333
rf,random_search,1,417,0.7702351910510078,0.7060318245324892
rf,random_search,1,418,0.7702351910510078,0.706029589174781
rf,random_search,1,419,0.7702351910510078,0.7059842906108551
rf,random_search,1,420,0.7702351910510078,0.7059422648362002
rf,random_search,1,421,0.7702351910510078,0.7060867954114426
rf,random_search,1,422,0.7702351910510078,0.7060469990317997
rf,random_search,1,423,0.7702351910510078,0.706003986668032
rf,random_search,1,424,0.7702351910510078,0.7059075982805676
rf,random_search,1,425,0.7702351910510078,0.7058160909378312
rf,random_search,1,426,0.7702351910510078,0.7058294199056488
rf,random_search,1,427,0.7702351910510078,0.7058550755232234
rf,random_search,1,428,0.7702351910510078,0.7058423049547664
rf,random_search,1,429,0.7702351910510078,0.7058665710036727
rf,random_search,1,430,0.7702351910510078,0.7058380305113569
rf,random_search,1,431,0.7702351910510078,0.7058189531218914
rf,random_search,1,432,0.7702351910510078,0.7058030039187217
rf,random_search,1,433,0.7702351910510078,0.705907501584036
rf,random_search,1,434,0.7702351910510078,0.705936543028481
rf,random_search,1,435,0.7702351910510078,0.7059441805273701
rf,random_search,1,436,0.7702351910510078,0.7059611074054548
rf,random_search,1,437,0.7702351910510078,0.7059699834586095
rf,random_search,1,438,0.7702351910510078,0.7060490017689638
rf,random_search,1,439,0.7702351910510078,0.7060283627099395
rf,random_search,1,440,0.7702351910510078,0.7060137033893149
rf,random_search,1,441,0.7702351910510078,0.7060185519853546
rf,random_search,1,442,0.7702351910510078,0.7059919101029839
rf,random_search,1,443,0.7702351910510078,0.7059647241569208
rf,random_search,1,444,0.7702351910510078,0.7058678142880237
rf,random_search,1,445,0.7702351910510078,0.7058866089742925
rf,random_search,1,446,0.7702351910510078,0.7058761025331778
rf,random_search,1,447,0.7702351910510078,0.7058445505205722
rf,random_search,1,448,0.7702351910510078,0.705925149459183
rf,random_search,1,449,0.7702351910510078,0.7059801991143398
rf,random_search,1,450,0.7702351910510078,0.705915861775223
rf,random_search,1,451,0.7702351910510078,0.7059160095146508
rf,random_search,1,452,0.7702351910510078,0.7058901025302107
rf,random_search,1,453,0.7702351910510078,0.7060004797732731
rf,random_search,1,454,0.7702351910510078,0.7059569496826643
rf,random_search,1,455,0.7702351910510078,0.7059511674543731
rf,random_search,1,456,0.7702351910510078,0.7059240987733686
rf,random_search,1,457,0.7702351910510078,0.7059629924354922
rf,random_search,1,458,0.7702351910510078,0.7059346484512649
rf,random_search,1,459,0.7702351910510078,0.7060574221926995
rf,random_search,1,460,0.7702351910510078,0.7060502183606382
rf,random_search,1,461,0.7702351910510078,0.7059831354625947
rf,random_search,1,462,0.7702351910510078,0.705992618474899
rf,random_search,1,463,0.7702351910510078,0.705956530081404
rf,random_search,1,464,0.7702351910510078,0.7059172264469175
rf,random_search,1,465,0.7702351910510078,0.7058581455870757
rf,random_search,1,466,0.7702351910510078,0.705949314725577
rf,random_search,1,467,0.7702351910510078,0.7060186192903538
rf,random_search,1,468,0.7702351910510078,0.7059985496333677
rf,random_search,1,469,0.7702351910510078,0.7060383815139163
rf,random_search,1,470,0.7702351910510078,0.7060533021132033
rf,random_search,1,471,0.7702351910510078,0.7060280718113521
rf,random_search,1,472,0.7702351910510078,0.7060332896235634
rf,random_search,1,473,0.7702351910510078,0.7059736218014705
rf,random_search,1,474,0.7702351910510078,0.7059427092101175
rf,random_search,1,475,0.7702351910510078,0.7060144361608515
rf,random_search,1,476,0.7702351910510078,0.7060224309851454
rf,random_search,1,477,0.7702351910510078,0.706001526291067
rf,random_search,1,478,0.7702351910510078,0.7061117184537437
rf,random_search,1,479,0.7702351910510078,0.7062032564105772
rf,random_search,1,480,0.7702351910510078,0.7061308409546716
rf,random_search,1,481,0.7702351910510078,0.7060800329187448
rf,random_search,1,482,0.7702351910510078,0.7061490244673887
rf,random_search,1,483,0.7702351910510078,0.706183250414234
rf,random_search,1,484,0.7702351910510078,0.7063074945726832
rf,random_search,1,485,0.7702351910510078,0.7063462587586982
rf,random_search,1,486,0.7702351910510078,0.7063221139666367
rf,random_search,1,487,0.7702351910510078,0.7062332236187087
rf,random_search,1,488,0.7702351910510078,0.7061976918618751
rf,random_search,1,489,0.7702351910510078,0.7061657469780629
rf,random_search,1,490,0.7702351910510078,0.7062486893288332
rf,random_search,1,491,0.7702351910510078,0.7062330905750037
rf,random_search,1,492,0.7702351910510078,0.7062756075122002
rf,random_search,1,493,0.7702351910510078,0.7063716971457252
rf,random_search,1,494,0.7702351910510078,0.7064676368721547
rf,random_search,1,495,0.7702351910510078,0.7064688777484432
rf,random_search,1,496,0.7702351910510078,0.7065328467440729
rf,random_search,1,497,0.7702351910510078,0.7065137466954591
rf,random_search,1,498,0.7702351910510078,0.7064754918063569
rf,random_search,1,499,0.7702351910510078,0.7064378045977864
rf,random_search,1,500,0.7702351910510078,0.706496394712101
rf,random_search,1,501,0.7702351910510078,0.7064613636525485
rf,random_search,1,502,0.7702351910510078,0.7064388485530494
rf,random_search,1,503,0.7702351910510078,0.7063744096100885
rf,random_search,1,504,0.7702351910510078,0.7064115783551448
rf,random_search,1,505,0.7702351910510078,0.7064147614260906
rf,random_search,1,506,0.7702351910510078,0.7064833901295654
rf,random_search,1,507,0.7702351910510078,0.7064473735548558
rf,random_search,1,508,0.7702351910510078,0.7065677249117198
rf,random_search,1,509,0.7702351910510078,0.7065559348805363
rf,random_search,1,510,0.7702351910510078,0.7065995733524558
rf,random_search,1,511,0.7702351910510078,0.7065927632933674
rf,random_search,1,512,0.7702351910510078,0.7066686134939735
rf,random_search,1,513,0.7702351910510078,0.7066608905766405
rf,random_search,1,514,0.7702351910510078,0.7066906790206219
rf,random_search,1,515,0.7702351910510078,0.706687496589462
rf,random_search,1,516,0.7702351910510078,0.7066934790320475
rf,random_search,1,517,0.7702351910510078,0.7067517744962021
rf,random_search,1,518,0.7702351910510078,0.7068132495209881
rf,random_search,1,519,0.7702351910510078,0.706867278460124
rf,random_search,1,520,0.7702351910510078,0.7069020856917377
rf,random_search,1,521,0.7702351910510078,0.7069702959304255
rf,random_search,1,522,0.7702351910510078,0.706931073048276
rf,random_search,1,523,0.7702351910510078,0.7068908158435013
rf,random_search,1,524,0.7702351910510078,0.7069699783843592
rf,random_search,1,525,0.7702351910510078,0.7069527656038594
rf,random_search,1,526,0.7702351910510078,0.7069728467864045
rf,random_search,1,527,0.7702351910510078,0.7069580022752309
rf,random_search,1,528,0.7702351910510078,0.7069987768752016
rf,random_search,1,529,0.7702351910510078,0.7069788356649086
rf,random_search,1,530,0.7702351910510078,0.7070320998040448
rf,random_search,1,531,0.7702351910510078,0.7071020330906935
rf,random_search,1,532,0.7702351910510078,0.7070647273888986
rf,random_search,1,533,0.7702351910510078,0.7070477584593909
rf,random_search,1,534,0.7702351910510078,0.7069726006445559
rf,random_search,1,535,0.7702351910510078,0.7069538548522478
rf,random_search,1,536,0.7702351910510078,0.7069850938170058
rf,random_search,1,537,0.7702351910510078,0.7069814529830251
rf,random_search,1,538,0.7702351910510078,0.7069702562693693
rf,random_search,1,539,0.7702351910510078,0.7070614700381997
rf,random_search,1,540,0.7702351910510078,0.7071446393072155
rf,random_search,1,541,0.7702351910510078,0.7070862435435203
rf,random_search,1,542,0.7702351910510078,0.7070525027272642
rf,random_search,1,543,0.7702351910510078,0.7070719753981803
rf,random_search,1,544,0.7702351910510078,0.7070713009799522
rf,random_search,1,545,0.7702351910510078,0.7070304474190399
rf,random_search,1,546,0.7702351910510078,0.70705228520611
rf,random_search,1,547,0.7702351910510078,0.7071257467849356
rf,random_search,1,548,0.7702351910510078,0.7071091338031504
rf,random_search,1,549,0.7702351910510078,0.7071192033869657
rf,random_search,1,550,0.7702351910510078,0.7071169208617533
rf,random_search,1,551,0.7702351910510078,0.7071095201364072
rf,random_search,1,552,0.7702351910510078,0.7072178088270941
rf,random_search,1,553,0.7702351910510078,0.7071969213697099
rf,random_search,1,554,0.7702351910510078,0.7072083815419046
rf,random_search,1,555,0.7702351910510078,0.7072414445629018
rf,random_search,1,556,0.7702351910510078,0.7071933822062323
rf,random_search,1,557,0.7702351910510078,0.7072143769043816
rf,random_search,1,558,0.7702351910510078,0.7072043415870883
rf,random_search,1,559,0.7702351910510078,0.7071656336437099
rf,random_search,1,560,0.7702351910510078,0.7072205991636543
rf,random_search,1,561,0.7702351910510078,0.707190443851063
rf,random_search,1,562,0.7702351910510078,0.7072004373017279
rf,random_search,1,563,0.7702351910510078,0.7072276704346362
rf,random_search,1,564,0.7702351910510078,0.7072850270627217
rf,random_search,1,565,0.7702351910510078,0.7073451711027195
rf,random_search,1,566,0.7702351910510078,0.7072755102085682
rf,random_search,1,567,0.7702351910510078,0.7072465905110913
rf,random_search,1,568,0.7702351910510078,0.7072902862172785
rf,random_search,1,569,0.7702351910510078,0.7073595816769731
rf,random_search,1,570,0.7702351910510078,0.7073252959278841
rf,random_search,1,571,0.7702351910510078,0.7073006934406655
rf,random_search,1,572,0.7702351910510078,0.7072292480498249
rf,random_search,1,573,0.7702351910510078,0.7071962196528205
rf,random_search,1,574,0.7702351910510078,0.7072059685725971
rf,random_search,1,575,0.7702351910510078,0.7072239876926688
rf,random_search,1,576,0.7702351910510078,0.7072232650768869
rf,random_search,1,577,0.7702351910510078,0.7072791978868809
rf,random_search,1,578,0.7702351910510078,0.707243918340895
rf,random_search,1,579,0.7702351910510078,0.7072681947903204
rf,random_search,1,580,0.7702351910510078,0.7072798964197388
rf,random_search,1,581,0.7702351910510078,0.7072572546502661
rf,random_search,1,582,0.7702351910510078,0.7072281372230622
rf,random_search,1,583,0.7702351910510078,0.7071957661302
rf,random_search,1,584,0.7702351910510078,0.7072435059739969
rf,random_search,1,585,0.7702351910510078,0.7072757949862836
rf,random_search,1,586,0.7702351910510078,0.7072577234120655
rf,random_search,1,587,0.7702351910510078,0.7072400017055914
rf,random_search,1,588,0.7702351910510078,0.7072308595054344
rf,random_search,1,589,0.7702351910510078,0.7072230159129085
rf,random_search,1,590,0.7702351910510078,0.7072143463976874
rf,random_search,1,591,0.7702351910510078,0.7072450217329952
rf,random_search,1,592,0.7702351910510078,0.707256598375206
rf,random_search,1,593,0.7702351910510078,0.7071857915180608
rf,random_search,1,594,0.7702351910510078,0.7071505758005793
rf,random_search,1,595,0.7702351910510078,0.7072178478611796
rf,random_search,1,596,0.7702351910510078,0.7072103660329588
rf,random_search,1,597,0.7702351910510078,0.7071407167514321
rf,random_search,1,598,0.7702351910510078,0.707201879935235
rf,random_search,1,599,0.7702351910510078,0.7072038467712491
rf,random_search,1,600,0.7702351910510078,0.7071703303674834
rf,random_search,1,601,0.7702351910510078,0.7071742970058754
rf,random_search,1,602,0.7702351910510078,0.7071603300810758
rf,random_search,1,603,0.7702351910510078,0.7071382736996085
rf,random_search,1,604,0.7702351910510078,0.7072221309649743
rf,random_search,1,605,0.7702351910510078,0.7072774642208741
rf,random_search,1,606,0.7702351910510078,0.7073084584954494
rf,random_search,1,607,0.7702351910510078,0.7072831910431878
rf,random_search,1,608,0.7702351910510078,0.7073309528811002
rf,random_search,1,609,0.7702351910510078,0.707310431666256
rf,random_search,1,610,0.7702351910510078,0.7072443757932065
rf,random_search,1,611,0.7702351910510078,0.7072595060268312
rf,random_search,1,612,0.7702351910510078,0.7073036676250944
rf,random_search,1,613,0.7702351910510078,0.7073007656379203
rf,random_search,1,614,0.7702351910510078,0.7073708430676234
rf,random_search,1,615,0.7702351910510078,0.7073036794118693
rf,random_search,1,616,0.7702351910510078,0.7072932439565841
rf,random_search,1,617,0.7702351910510078,0.7072950662531778
rf,random_search,1,618,0.7702351910510078,0.7073116618419151
rf,random_search,1,619,0.7702351910510078,0.7073204099924137
rf,random_search,1,620,0.7702351910510078,0.7072921894215151
rf,random_search,1,621,0.7702351910510078,0.7073404707003799
rf,random_search,1,622,0.7702351910510078,0.7073208258718763
rf,random_search,1,623,0.7702351910510078,0.7072684488711872
rf,random_search,1,624,0.7702351910510078,0.7072604164760968
rf,random_search,1,625,0.7702351910510078,0.7072720655359445
rf,random_search,1,626,0.7702351910510078,0.7072632993797013
rf,random_search,1,627,0.7702351910510078,0.7073315688497142
rf,random_search,1,628,0.7702351910510078,0.7073029737466598
rf,random_search,1,629,0.7702351910510078,0.7072755708658324
rf,random_search,1,630,0.7702351910510078,0.7072563493893884
rf,random_search,1,631,0.7702351910510078,0.7072609266304375
rf,random_search,1,632,0.7702351910510078,0.7073574534532107
rf,random_search,1,633,0.7702351910510078,0.7073685224416503
rf,random_search,1,634,0.7702351910510078,0.7074300436510991
rf,random_search,1,635,0.7702351910510078,0.7074933222393153
rf,random_search,1,636,0.7702351910510078,0.7074731393488137
rf,random_search,1,637,0.7702351910510078,0.7074538408967245
rf,random_search,1,638,0.7702351910510078,0.7074919430841237
rf,random_search,1,639,0.7702351910510078,0.7074818443368202
rf,random_search,1,640,0.7702351910510078,0.7074652057828585
rf,random_search,1,641,0.7702351910510078,0.707500730104634
rf,random_search,1,642,0.7702351910510078,0.7075013748262609
rf,random_search,1,643,0.7702351910510078,0.7074807099408822
rf,random_search,1,644,0.7702351910510078,0.7074808011129036
rf,random_search,1,645,0.7702351910510078,0.7074269538223806
rf,random_search,1,646,0.7702351910510078,0.7074053119687029
rf,random_search,1,647,0.7702351910510078,0.7073896797106038
rf,random_search,1,648,0.7702351910510078,0.7073849558174674
rf,random_search,1,649,0.7702351910510078,0.7074696215917929
rf,random_search,1,650,0.7702351910510078,0.7075458858155507
rf,random_search,1,651,0.7705156376637613,0.7076426135449643
rf,random_search,1,652,0.7705156376637613,0.7075804956179782
rf,random_search,1,653,0.7705156376637613,0.7076432230847017
rf,random_search,1,654,0.7705156376637613,0.7076305864138039
rf,random_search,1,655,0.7705156376637613,0.7076903765314569
rf,random_search,1,656,0.7705156376637613,0.7076701043172019
rf,random_search,1,657,0.7705156376637613,0.7076802946565369
rf,random_search,1,658,0.7705156376637613,0.7076853951301697
rf,random_search,1,659,0.7705156376637613,0.7076654898433833
rf,random_search,1,660,0.7705156376637613,0.7076230502185958
rf,random_search,1,661,0.7705156376637613,0.7075941129856647
rf,random_search,1,662,0.7705156376637613,0.7075665564734116
rf,random_search,1,663,0.7705156376637613,0.7075371575647598
rf,random_search,1,664,0.7705156376637613,0.7075200252982717
rf,random_search,1,665,0.7705156376637613,0.707504254904831
rf,random_search,1,666,0.7705156376637613,0.7075354170782532
rf,random_search,1,667,0.7705156376637613,0.7075471378013359
rf,random_search,1,668,0.7705156376637613,0.7074792950778417
rf,random_search,1,669,0.7705156376637613,0.7074578347232658
rf,random_search,1,670,0.7705156376637613,0.7074657734379081
rf,random_search,1,671,0.7705156376637613,0.7075089333845642
rf,random_search,1,672,0.7705156376637613,0.7075191344649736
rf,random_search,1,673,0.7705156376637613,0.7075325296032887
rf,random_search,1,674,0.7705156376637613,0.7075043621614284
rf,random_search,1,675,0.7705156376637613,0.7074744397170845
rf,random_search,1,676,0.7705156376637613,0.707484762552206
rf,random_search,1,677,0.7705156376637613,0.7075183901910612
rf,random_search,1,678,0.7705156376637613,0.7075042191644033
rf,random_search,1,679,0.7705156376637613,0.7074819396647607
rf,random_search,1,680,0.7705156376637613,0.7074256762856239
rf,random_search,1,681,0.7705156376637613,0.7074086053587939
rf,random_search,1,682,0.7705156376637613,0.7074789690296478
rf,random_search,1,683,0.7705156376637613,0.7074114200489185
rf,random_search,1,684,0.7705156376637613,0.7073795475162025
rf,random_search,1,685,0.7705156376637613,0.7073808905076363
rf,random_search,1,686,0.7705156376637613,0.7073567388056449
rf,random_search,1,687,0.7705156376637613,0.7074036716106595
rf,random_search,1,688,0.7705156376637613,0.7074212199088016
rf,random_search,1,689,0.7705156376637613,0.7074009274770374
rf,random_search,1,690,0.7705156376637613,0.7073817094172399
rf,random_search,1,691,0.7705156376637613,0.7074337155515603
rf,random_search,1,692,0.7705156376637613,0.7074245054980229
rf,random_search,1,693,0.7705156376637613,0.7074940382623789
rf,random_search,1,694,0.7705156376637613,0.7074897862702159
rf,random_search,1,695,0.7705156376637613,0.7074527724811609
rf,random_search,1,696,0.7705156376637613,0.7074278150761851
rf,random_search,1,697,0.7705156376637613,0.7074766291015304
rf,random_search,1,698,0.7705156376637613,0.7074655876654553
rf,random_search,1,699,0.7705156376637613,0.7074689541399648
rf,random_search,1,700,0.7705156376637613,0.7075408367383433
rf,random_search,1,701,0.7705156376637613,0.7076256721870571
rf,random_search,1,702,0.7705156376637613,0.7076092891467204
rf,random_search,1,703,0.7705156376637613,0.7075481993577909
rf,random_search,1,704,0.7705156376637613,0.707618042321068
rf,random_search,1,705,0.7705156376637613,0.7076289205592978
rf,random_search,1,706,0.7705156376637613,0.707620212283381
rf,random_search,1,707,0.7705156376637613,0.7076300528824034
rf,random_search,1,708,0.7705156376637613,0.7076203156786709
rf,random_search,1,709,0.7705156376637613,0.7075989823309069
rf,random_search,1,710,0.7705156376637613,0.7076029713100137
rf,random_search,1,711,0.7705156376637613,0.7076103736837869
rf,random_search,1,712,0.7705156376637613,0.7076149162291874
rf,random_search,1,713,0.7705156376637613,0.707654672558096
rf,random_search,1,714,0.7705156376637613,0.7076160783793192
rf,random_search,1,715,0.7705156376637613,0.7076675285593989
rf,random_search,1,716,0.7705156376637613,0.7076598265490153
rf,random_search,1,717,0.7705156376637613,0.7077106496171358
rf,random_search,1,718,0.7705156376637613,0.707689661743019
rf,random_search,1,719,0.7705156376637613,0.7076951369698207
rf,random_search,1,720,0.7705156376637613,0.7076866294479524
rf,random_search,1,721,0.7705156376637613,0.7076836404194801
rf,random_search,1,722,0.7705156376637613,0.7077254125796305
rf,random_search,1,723,0.7705156376637613,0.7077702738096864
rf,random_search,1,724,0.7705156376637613,0.7077486655992845
rf,random_search,1,725,0.7705156376637613,0.7077222116706315
rf,random_search,1,726,0.7705156376637613,0.7077041435287286
rf,random_search,1,727,0.7705156376637613,0.7076675211339276
rf,random_search,1,728,0.7705156376637613,0.7076598654994048
rf,random_search,1,729,0.7705156376637613,0.7076581100163482
rf,random_search,1,730,0.7705156376637613,0.7076047720123694
rf,random_search,1,731,0.7705156376637613,0.7076136048578039
rf,random_search,1,732,0.7705156376637613,0.7075996329608234
rf,random_search,1,733,0.7705156376637613,0.7075728057608653
rf,random_search,1,734,0.7705156376637613,0.7075816560959941
rf,random_search,1,735,0.7705156376637613,0.7075864270777561
rf,random_search,1,736,0.7705156376637613,0.7076366393437014
rf,random_search,1,737,0.7705156376637613,0.707621120244621
rf,random_search,1,738,0.7705156376637613,0.7076087414742263
rf,random_search,1,739,0.7705156376637613,0.7075780345347451
rf,random_search,1,740,0.7705156376637613,0.7076346279479622
rf,random_search,1,741,0.7705156376637613,0.707709978109383
rf,random_search,1,742,0.7705156376637613,0.7076480655645507
rf,random_search,1,743,0.7705156376637613,0.7076580385615264
rf,random_search,1,744,0.7705156376637613,0.7076551021473272
rf,random_search,1,745,0.7705156376637613,0.7076364446498232
rf,random_search,1,746,0.7705156376637613,0.7076256714769326
rf,random_search,1,747,0.7705156376637613,0.7075820040474161
rf,random_search,1,748,0.7705156376637613,0.707649143431782
rf,random_search,1,749,0.7705156376637613,0.707627707917174
rf,random_search,1,750,0.7705156376637613,0.7076018542455406
rf,random_search,1,751,0.7705156376637613,0.7076779053214708
rf,random_search,1,752,0.7705156376637613,0.7076621694579057
rf,random_search,1,753,0.7705156376637613,0.7076842895967269
rf,random_search,1,754,0.7705156376637613,0.7076762875518896
rf,random_search,1,755,0.7705156376637613,0.7076270360441721
rf,random_search,1,756,0.7705156376637613,0.7076045887657244
rf,random_search,1,757,0.7705156376637613,0.7075784691417856
rf,random_search,1,758,0.7705156376637613,0.7075506855209851
rf,random_search,1,759,0.7705156376637613,0.7075929979013265
rf,random_search,1,760,0.7705156376637613,0.7075743459581576
rf,random_search,1,761,0.7705156376637613,0.7075432929951562
rf,random_search,1,762,0.7705156376637613,0.707517415276453
rf,random_search,1,763,0.7705156376637613,0.7075424604422443
rf,random_search,1,764,0.7705156376637613,0.7075558907946524
rf,random_search,1,765,0.7705156376637613,0.7075508826388692
rf,random_search,1,766,0.7705156376637613,0.7075897834036265
rf,random_search,1,767,0.7705156376637613,0.7076687372082578
rf,random_search,1,768,0.7705156376637613,0.7076424266215503
rf,random_search,1,769,0.7705156376637613,0.7076697051522307
rf,random_search,1,770,0.7705156376637613,0.7077133745322466
rf,random_search,1,771,0.7705156376637613,0.7077129481590979
rf,random_search,1,772,0.7705156376637613,0.7077170317832557
rf,random_search,1,773,0.7705156376637613,0.707717212308699
rf,random_search,1,774,0.7705156376637613,0.7076767057181743
rf,random_search,1,775,0.7705156376637613,0.7076641517821022
rf,random_search,1,776,0.7705156376637613,0.707651772556498
rf,random_search,1,777,0.7705156376637613,0.7076533375759609
rf,random_search,1,778,0.7705156376637613,0.7076613190591051
rf,random_search,1,779,0.7705156376637613,0.70767181742214
rf,random_search,1,780,0.7705156376637613,0.7076931672608227
rf,random_search,1,781,0.7705156376637613,0.7077679852678416
rf,random_search,1,782,0.7705156376637613,0.7077541620197069
rf,random_search,1,783,0.7705156376637613,0.7077389146088121
rf,random_search,1,784,0.7705156376637613,0.7077148299280359
rf,random_search,1,785,0.7705156376637613,0.7077355769980858
rf,random_search,1,786,0.7705156376637613,0.7077296468992932
rf,random_search,1,787,0.7705156376637613,0.7077174496086738
rf,random_search,1,788,0.7705156376637613,0.7076666043482183
rf,random_search,1,789,0.7705156376637613,0.7076357324585503
rf,random_search,1,790,0.7705156376637613,0.7076465103379286
rf,random_search,1,791,0.7705156376637613,0.7076326631289211
rf,random_search,1,792,0.7705156376637613,0.7075764985170206
rf,random_search,1,793,0.7705156376637613,0.7076342044709262
rf,random_search,1,794,0.7705156376637613,0.7076458688676133
rf,random_search,1,795,0.7705156376637613,0.7076731797918573
rf,random_search,1,796,0.7705156376637613,0.7076808987440667
rf,random_search,1,797,0.7705156376637613,0.7076465778259046
rf,random_search,1,798,0.7705156376637613,0.7076820131773346
rf,random_search,1,799,0.7705156376637613,0.7076587389971944
rf,random_search,1,800,0.7705156376637613,0.7076499937763089
rf,random_search,1,801,0.7705156376637613,0.7076511548414609
rf,random_search,1,802,0.7705156376637613,0.7076409682769618
rf,random_search,1,803,0.7705156376637613,0.7076315158892988
rf,random_search,1,804,0.7705156376637613,0.7075917366077007
rf,random_search,1,805,0.7705156376637613,0.7075666310690516
rf,random_search,1,806,0.7705156376637613,0.7075570039268572
rf,random_search,1,807,0.7705156376637613,0.7075697370651173
rf,random_search,1,808,0.7705156376637613,0.7075717262415757
rf,random_search,1,809,0.7705156376637613,0.7075797755421026
rf,random_search,1,810,0.7705156376637613,0.7075690043206173
rf,random_search,1,811,0.7705156376637613,0.7075533918012712
rf,random_search,1,812,0.7705156376637613,0.7075291131083945
rf,random_search,1,813,0.7705156376637613,0.707508343399812
rf,random_search,1,814,0.7705156376637613,0.7075234470534274
rf,random_search,1,815,0.7705156376637613,0.7075553161538912
rf,random_search,1,816,0.7705156376637613,0.7075283509921447
rf,random_search,1,817,0.7705156376637613,0.707582886471688
rf,random_search,1,818,0.7705156376637613,0.7076018122361327
rf,random_search,1,819,0.7705156376637613,0.7075845831104988
rf,random_search,1,820,0.7705156376637613,0.7076490277437717
rf,random_search,1,821,0.7705156376637613,0.7076792894925851
rf,random_search,1,822,0.7705156376637613,0.7076344709087055
rf,random_search,1,823,0.7705156376637613,0.707650941665181
rf,random_search,1,824,0.7705156376637613,0.7076499824828254
rf,random_search,1,825,0.7705156376637613,0.7076518431097958
rf,random_search,1,826,0.7705156376637613,0.7076625781705547
rf,random_search,1,827,0.7705156376637613,0.7076258387827804
rf,random_search,1,828,0.7705156376637613,0.7076036695686962
rf,random_search,1,829,0.7705156376637613,0.707655188652062
rf,random_search,1,830,0.7705156376637613,0.707676143852966
rf,random_search,1,831,0.7705156376637613,0.7077336491251531
rf,random_search,1,832,0.7705156376637613,0.7077180910322991
rf,random_search,1,833,0.7705156376637613,0.7076720907298117
rf,random_search,1,834,0.7705156376637613,0.7077019766099878
rf,random_search,1,835,0.7705156376637613,0.7076702353597619
rf,random_search,1,836,0.7705156376637613,0.7076442190824502
rf,random_search,1,837,0.7705156376637613,0.7076205911691873
rf,random_search,1,838,0.7705156376637613,0.7076759214253919
rf,random_search,1,839,0.7705156376637613,0.707661080947873
rf,random_search,1,840,0.7705156376637613,0.7076445975735025
rf,random_search,1,841,0.7705156376637613,0.7076294264291283
rf,random_search,1,842,0.7705156376637613,0.7076368299939142
rf,random_search,1,843,0.7705156376637613,0.7075876909605339
rf,random_search,1,844,0.7705156376637613,0.7076288972860078
rf,random_search,1,845,0.7705156376637613,0.707581952967862
rf,random_search,1,846,0.7705156376637613,0.7075751257230579
rf,random_search,1,847,0.7705156376637613,0.7075699606606003
rf,random_search,1,848,0.7705156376637613,0.7075886829709822
rf,random_search,1,849,0.7705156376637613,0.7075935261528257
rf,random_search,1,850,0.7705156376637613,0.7075773947699391
rf,random_search,1,851,0.7705156376637613,0.7076116586503383
rf,random_search,1,852,0.7705156376637613,0.7076513930090388
rf,random_search,1,853,0.7705156376637613,0.7076349305735256
rf,random_search,1,854,0.7705156376637613,0.7076712006513265
rf,random_search,1,855,0.7705156376637613,0.7076676279381994
rf,random_search,1,856,0.7705156376637613,0.7076712340506373
rf,random_search,1,857,0.7705156376637613,0.7076747308499148
rf,random_search,1,858,0.7705156376637613,0.7077192218047658
rf,random_search,1,859,0.7705156376637613,0.7077025459708245
rf,random_search,1,860,0.7705156376637613,0.7076944020981302
rf,random_search,1,861,0.7705156376637613,0.7076771775087707
rf,random_search,1,862,0.7705156376637613,0.707661533217298
rf,random_search,1,863,0.7705156376637613,0.7077222163252493
rf,random_search,1,864,0.7705156376637613,0.7077192635387007
rf,random_search,1,865,0.7705156376637613,0.7077306311787441
rf,random_search,1,866,0.7705156376637613,0.7077341059276117
rf,random_search,1,867,0.7705156376637613,0.7077438802327123
rf,random_search,1,868,0.7705156376637613,0.7077314455585727
rf,random_search,1,869,0.7705156376637613,0.7077741620275849
rf,random_search,1,870,0.7705156376637613,0.7077640626496997
rf,random_search,1,871,0.7705156376637613,0.7077679889252436
rf,random_search,1,872,0.7705156376637613,0.707764410119635
rf,random_search,1,873,0.7705156376637613,0.707756790527988
rf,random_search,1,874,0.7705156376637613,0.7077677354687861
rf,random_search,1,875,0.7705156376637613,0.7077947798724193
rf,random_search,1,876,0.7705156376637613,0.707752078547329
rf,random_search,1,877,0.7705156376637613,0.7077371121952142
rf,random_search,1,878,0.7705156376637613,0.7077302145352874
rf,random_search,1,879,0.7705156376637613,0.7077920894798739
rf,random_search,1,880,0.7705156376637613,0.7078208295985484
rf,random_search,1,881,0.7705156376637613,0.7078715994421266
rf,random_search,1,882,0.7705156376637613,0.7078642869275884
rf,random_search,1,883,0.7705156376637613,0.7078901743385395
rf,random_search,1,884,0.7705156376637613,0.7078842923160654
rf,random_search,1,885,0.7705156376637613,0.7078468589143951
rf,random_search,1,886,0.7705156376637613,0.7078325863218571
rf,random_search,1,887,0.7705156376637613,0.7078097301353677
rf,random_search,1,888,0.7705156376637613,0.7077888432790379
rf,random_search,1,889,0.7705156376637613,0.7077783698356989
rf,random_search,1,890,0.7705156376637613,0.7077667924155928
rf,random_search,1,891,0.7705156376637613,0.7078064362649469
rf,random_search,1,892,0.7705156376637613,0.7078039445701932
rf,random_search,1,893,0.7705156376637613,0.7077842072050168
rf,random_search,1,894,0.7705156376637613,0.7077642166203485
rf,random_search,1,895,0.7705156376637613,0.7077630338486546
rf,random_search,1,896,0.7705156376637613,0.7077678649449971
rf,random_search,1,897,0.7705156376637613,0.7077960709041552
rf,random_search,1,898,0.7705156376637613,0.7077720065812791
rf,random_search,1,899,0.7705156376637613,0.7077321953736115
rf,random_search,1,900,0.7705156376637613,0.7077278733099612
rf,random_search,1,901,0.7705156376637613,0.7076908364512795
rf,random_search,1,902,0.7705156376637613,0.7076771467114855
rf,random_search,1,903,0.7705156376637613,0.7076508051215626
rf,random_search,1,904,0.7705156376637613,0.7076508532996183
rf,random_search,1,905,0.7705156376637613,0.7076254467131616
rf,random_search,1,906,0.7705156376637613,0.7076411263548318
rf,random_search,1,907,0.7705156376637613,0.7076300882602353
rf,random_search,1,908,0.7705156376637613,0.7076130932413419
rf,random_search,1,909,0.7705156376637613,0.7075738060271376
rf,random_search,1,910,0.7705156376637613,0.7076168239069133
rf,random_search,1,911,0.7705156376637613,0.7076249432427645
rf,random_search,1,912,0.7705156376637613,0.7076193717595016
rf,random_search,1,913,0.7705156376637613,0.707637337679858
rf,random_search,1,914,0.7705156376637613,0.7076530693440422
rf,random_search,1,915,0.7705156376637613,0.707650089468618
rf,random_search,1,916,0.7705156376637613,0.7076398192928116
rf,random_search,1,917,0.7705156376637613,0.7076185003514299
rf,random_search,1,918,0.7705156376637613,0.7076760127239133
rf,random_search,1,919,0.7705156376637613,0.7077122659620552
rf,random_search,1,920,0.7705156376637613,0.7076992211848825
rf,random_search,1,921,0.7705156376637613,0.7076879432907637
rf,random_search,1,922,0.7705156376637613,0.7076421108617688
rf,random_search,1,923,0.7705156376637613,0.7076925067040346
rf,random_search,1,924,0.7705156376637613,0.7076796603196899
rf,random_search,1,925,0.7705156376637613,0.7077089583572013
rf,random_search,1,926,0.7705156376637613,0.7077289973775334
rf,random_search,1,927,0.7705156376637613,0.7077124596734086
rf,random_search,1,928,0.7705156376637613,0.7076889850820628
rf,random_search,1,929,0.7705156376637613,0.7077047004111651
rf,random_search,1,930,0.7705156376637613,0.7077095363892163
rf,random_search,1,931,0.7705156376637613,0.7077600449489289
rf,random_search,1,932,0.7705156376637613,0.7077648275456458
rf,random_search,1,933,0.7705156376637613,0.7077192229675634
rf,random_search,1,934,0.7705156376637613,0.7077154992900025
rf,random_search,1,935,0.7705156376637613,0.7076963630338001
rf,random_search,1,936,0.7705156376637613,0.7077381566283416
rf,random_search,1,937,0.7705156376637613,0.7077370933327298
rf,random_search,1,938,0.7705156376637613,0.7077137642841524
rf,random_search,1,939,0.7705156376637613,0.7077472494302111
rf,random_search,1,940,0.7705156376637613,0.7077472402179736
rf,random_search,1,941,0.7705156376637613,0.7077998841165748
rf,random_search,1,942,0.7705156376637613,0.7077572157381005
rf,random_search,1,943,0.7705156376637613,0.7077787439016443
rf,random_search,1,944,0.7705156376637613,0.7078035105114394
rf,random_search,1,945,0.7705156376637613,0.7078265764627826
rf,random_search,1,946,0.7705156376637613,0.7078566840197883
rf,random_search,1,947,0.7705156376637613,0.7078397304533397
rf,random_search,1,948,0.7705156376637613,0.7078294517389607
rf,random_search,1,949,0.7705156376637613,0.7077920197690235
rf,random_search,1,950,0.7705156376637613,0.7078117459366058
rf,random_search,1,951,0.7705156376637613,0.7078277062382705
rf,random_search,1,952,0.7705156376637613,0.707887516544649
rf,random_search,1,953,0.7705156376637613,0.7078821652838785
rf,random_search,1,954,0.7705156376637613,0.7079342071320729
rf,random_search,1,955,0.7705156376637613,0.7079172052497702
rf,random_search,1,956,0.7705156376637613,0.7079084349074098
rf,random_search,1,957,0.7705156376637613,0.7078887424952115
rf,random_search,1,958,0.7705156376637613,0.707913941221476
rf,random_search,1,959,0.7705156376637613,0.7079751101751569
rf,random_search,1,960,0.7705156376637613,0.7079696529658606
rf,random_search,1,961,0.7705156376637613,0.707973604811579
rf,random_search,1,962,0.7705156376637613,0.707989406581447
rf,random_search,1,963,0.7705156376637613,0.7079506595533811
rf,random_search,1,964,0.7705156376637613,0.7079551008952244
rf,random_search,1,965,0.7705156376637613,0.70797918413172
rf,random_search,1,966,0.7705156376637613,0.7079933784054685
rf,random_search,1,967,0.7705156376637613,0.7079910705070637
rf,random_search,1,968,0.7705156376637613,0.7079870664990839
rf,random_search,1,969,0.7705156376637613,0.7079570745807128
rf,random_search,1,970,0.7705156376637613,0.7079288715175994
rf,random_search,1,971,0.7705156376637613,0.7079034994563045
rf,random_search,1,972,0.7705156376637613,0.7078838814910096
rf,random_search,1,973,0.7705156376637613,0.7079162868666705
rf,random_search,1,974,0.7705156376637613,0.7079163389083655
rf,random_search,1,975,0.7705156376637613,0.7079074154303912
rf,random_search,1,976,0.7705156376637613,0.7079216514380088
rf,random_search,1,977,0.7705156376637613,0.7079074852095382
rf,random_search,1,978,0.7705156376637613,0.7079358458694746
rf,random_search,1,979,0.7705156376637613,0.707896091504787
rf,random_search,1,980,0.7705156376637613,0.7078733201845054
rf,random_search,1,981,0.7705156376637613,0.7078336802780297
rf,random_search,1,982,0.7705156376637613,0.7078237927689385
rf,random_search,1,983,0.7705156376637613,0.7078284426485822
rf,random_search,1,984,0.7705156376637613,0.7078589521199167
rf,random_search,1,985,0.7705156376637613,0.707872785740846
rf,random_search,1,986,0.7705156376637613,0.7078330476114225
rf,random_search,1,987,0.7705156376637613,0.7078155848639769
rf,random_search,1,988,0.7705156376637613,0.7078611157007019
rf,random_search,1,989,0.7705156376637613,0.7078169973029526
rf,random_search,1,990,0.7705156376637613,0.7078067750586347
rf,random_search,1,991,0.7705156376637613,0.7077753229024133
rf,random_search,1,992,0.7705156376637613,0.7077521685789712
rf,random_search,1,993,0.7705156376637613,0.7077631148851892
rf,random_search,1,994,0.7705156376637613,0.7077454304695537
rf,random_search,1,995,0.7705156376637613,0.7077251422962483
rf,random_search,1,996,0.7705156376637613,0.7077720644304437
rf,random_search,1,997,0.7705156376637613,0.7078069400845183
rf,random_search,1,998,0.7705156376637613,0.7077864295740266
rf,random_search,1,999,0.7705156376637613,0.7077488612617197
rf,random_search,1,1000,0.7705156376637613,0.7077936909460815
rf,random_search,2,1,0.7260743665724493,0.7260743665724493
rf,random_search,2,2,0.7260743665724493,0.7035692264067208
rf,random_search,2,3,0.7260743665724493,0.7070420983032957
rf,random_search,2,4,0.7260743665724493,0.705528409962336
rf,random_search,2,5,0.7260743665724493,0.7052545992625983
rf,random_search,2,6,0.7260743665724493,0.7033591544329374
rf,random_search,2,7,0.7460703876978038,0.7094607591850612
rf,random_search,2,8,0.7460703876978038,0.7077402582486092
rf,random_search,2,9,0.7460703876978038,0.7054798253147974
rf,random_search,2,10,0.7460703876978038,0.7086386534738677
rf,random_search,2,11,0.7460703876978038,0.7067316933681015
rf,random_search,2,12,0.7460703876978038,0.7060384058628658
rf,random_search,2,13,0.7460703876978038,0.7056702848564405
rf,random_search,2,14,0.7460703876978038,0.704505203446015
rf,random_search,2,15,0.7460703876978038,0.7045884238029072
rf,random_search,2,16,0.7460703876978038,0.7045685777845602
rf,random_search,2,17,0.7460703876978038,0.7037489226327674
rf,random_search,2,18,0.7460703876978038,0.7030097611964525
rf,random_search,2,19,0.7460703876978038,0.7024470040668994
rf,random_search,2,20,0.7460703876978038,0.7028037916984933
rf,random_search,2,21,0.7460703876978038,0.7036515272564768
rf,random_search,2,22,0.7460703876978038,0.7039884920824387
rf,random_search,2,23,0.7460703876978038,0.7029247529672555
rf,random_search,2,24,0.7460703876978038,0.7029860682556066
rf,random_search,2,25,0.7460703876978038,0.703290365124746
rf,random_search,2,26,0.7460703876978038,0.7026665815488913
rf,random_search,2,27,0.7460703876978038,0.7026169656221056
rf,random_search,2,28,0.7460703876978038,0.7021350525064288
rf,random_search,2,29,0.7460703876978038,0.7007744800155793
rf,random_search,2,30,0.7534633600661711,0.7025307760172657
rf,random_search,2,31,0.7534633600661711,0.7028761042770577
rf,random_search,2,32,0.7534633600661711,0.7019747596009509
rf,random_search,2,33,0.756392835943088,0.7036237922173794
rf,random_search,2,34,0.756392835943088,0.7038962703732
rf,random_search,2,35,0.756392835943088,0.7049705350501397
rf,random_search,2,36,0.765343228438366,0.7066475543109237
rf,random_search,2,37,0.765343228438366,0.7064875951083339
rf,random_search,2,38,0.765343228438366,0.7062939129479503
rf,random_search,2,39,0.765343228438366,0.7058818272224558
rf,random_search,2,40,0.765343228438366,0.7049937438048554
rf,random_search,2,41,0.765343228438366,0.7043208430437955
rf,random_search,2,42,0.765343228438366,0.70450552767446
rf,random_search,2,43,0.765343228438366,0.7045012694237616
rf,random_search,2,44,0.765343228438366,0.7040986066456573
rf,random_search,2,45,0.765343228438366,0.7048622480889193
rf,random_search,2,46,0.765343228438366,0.7046599661364457
rf,random_search,2,47,0.765343228438366,0.7051965967652136
rf,random_search,2,48,0.765343228438366,0.7043366263407792
rf,random_search,2,49,0.765343228438366,0.7045743992153556
rf,random_search,2,50,0.765343228438366,0.7054059471859716
rf,random_search,2,51,0.765343228438366,0.7058873021540018
rf,random_search,2,52,0.765343228438366,0.7056920486720958
rf,random_search,2,53,0.765343228438366,0.7056187347619532
rf,random_search,2,54,0.765343228438366,0.7054071130724437
rf,random_search,2,55,0.765343228438366,0.7052851600322511
rf,random_search,2,56,0.765343228438366,0.7050651936069422
rf,random_search,2,57,0.765343228438366,0.7054282119274741
rf,random_search,2,58,0.765343228438366,0.7060151925157245
rf,random_search,2,59,0.765343228438366,0.7066915887516284
rf,random_search,2,60,0.765343228438366,0.7067234318142549
rf,random_search,2,61,0.765343228438366,0.706526938877069
rf,random_search,2,62,0.765343228438366,0.7071296067939598
rf,random_search,2,63,0.765343228438366,0.707803104469174
rf,random_search,2,64,0.765343228438366,0.7075650556037063
rf,random_search,2,65,0.765343228438366,0.7080333701250014
rf,random_search,2,66,0.765343228438366,0.7086921846690096
rf,random_search,2,67,0.765343228438366,0.7086935971740815
rf,random_search,2,68,0.765343228438366,0.7086305060644353
rf,random_search,2,69,0.765343228438366,0.7084880764791549
rf,random_search,2,70,0.765343228438366,0.708478207004052
rf,random_search,2,71,0.765343228438366,0.7086723104509607
rf,random_search,2,72,0.765343228438366,0.7088665579906259
rf,random_search,2,73,0.765343228438366,0.7085536460995089
rf,random_search,2,74,0.765343228438366,0.7083850853470327
rf,random_search,2,75,0.765343228438366,0.7081755712190902
rf,random_search,2,76,0.765343228438366,0.7080571082434237
rf,random_search,2,77,0.765343228438366,0.7085973572799287
rf,random_search,2,78,0.765343228438366,0.7090282167263439
rf,random_search,2,79,0.765343228438366,0.7085417217463029
rf,random_search,2,80,0.765343228438366,0.7085344383893901
rf,random_search,2,81,0.765343228438366,0.7082662760130075
rf,random_search,2,82,0.765343228438366,0.7086444276611712
rf,random_search,2,83,0.765343228438366,0.708996301909156
rf,random_search,2,84,0.765343228438366,0.7090761845694429
rf,random_search,2,85,0.765343228438366,0.7091672104058747
rf,random_search,2,86,0.765343228438366,0.7094148570584061
rf,random_search,2,87,0.765343228438366,0.7089679683192844
rf,random_search,2,88,0.765343228438366,0.7087410268679897
rf,random_search,2,89,0.765343228438366,0.7092761032691742
rf,random_search,2,90,0.765343228438366,0.7091335070188258
rf,random_search,2,91,0.765343228438366,0.7086785543082303
rf,random_search,2,92,0.765343228438366,0.7088319510068637
rf,random_search,2,93,0.765343228438366,0.7084183418574229
rf,random_search,2,94,0.765343228438366,0.7087273692720751
rf,random_search,2,95,0.765343228438366,0.7085418881346696
rf,random_search,2,96,0.765343228438366,0.7086747061160422
rf,random_search,2,97,0.765343228438366,0.7086730445947248
rf,random_search,2,98,0.765343228438366,0.7085288195001349
rf,random_search,2,99,0.765343228438366,0.7086811579681471
rf,random_search,2,100,0.765343228438366,0.7083987259474983
rf,random_search,2,101,0.765343228438366,0.7085526114142204
rf,random_search,2,102,0.765343228438366,0.7084267926970259
rf,random_search,2,103,0.765343228438366,0.7083052104223068
rf,random_search,2,104,0.765343228438366,0.7082929532322174
rf,random_search,2,105,0.765343228438366,0.7082926587528177
rf,random_search,2,106,0.765343228438366,0.7081525346522328
rf,random_search,2,107,0.765343228438366,0.7080154376011469
rf,random_search,2,108,0.765343228438366,0.708090897581582
rf,random_search,2,109,0.765343228438366,0.7077369445862534
rf,random_search,2,110,0.765343228438366,0.7077067701035267
rf,random_search,2,111,0.765343228438366,0.7079424376173519
rf,random_search,2,112,0.765343228438366,0.7078301358182072
rf,random_search,2,113,0.765343228438366,0.7075928817757947
rf,random_search,2,114,0.765343228438366,0.7077242524215284
rf,random_search,2,115,0.765343228438366,0.7073991432692242
rf,random_search,2,116,0.765343228438366,0.70718331709739
rf,random_search,2,117,0.765343228438366,0.7072994249619027
rf,random_search,2,118,0.765343228438366,0.7072733725012221
rf,random_search,2,119,0.765343228438366,0.707359556326543
rf,random_search,2,120,0.765343228438366,0.7074567883672332
rf,random_search,2,121,0.765343228438366,0.7076419371559424
rf,random_search,2,122,0.765343228438366,0.7075744513267178
rf,random_search,2,123,0.765343228438366,0.7074427396465597
rf,random_search,2,124,0.765343228438366,0.7076201237000019
rf,random_search,2,125,0.765343228438366,0.7077293266234018
rf,random_search,2,126,0.765343228438366,0.7076015688839056
rf,random_search,2,127,0.765343228438366,0.7074293432367009
rf,random_search,2,128,0.7660654102441432,0.7078874375101968
rf,random_search,2,129,0.7660654102441432,0.7075274855024003
rf,random_search,2,130,0.7660654102441432,0.7073951571996537
rf,random_search,2,131,0.7660654102441432,0.7072453124135565
rf,random_search,2,132,0.7660654102441432,0.7071338968665852
rf,random_search,2,133,0.7660654102441432,0.7073444889317425
rf,random_search,2,134,0.7660654102441432,0.7072957763783542
rf,random_search,2,135,0.7660654102441432,0.7076175399830192
rf,random_search,2,136,0.7660654102441432,0.7075713386562268
rf,random_search,2,137,0.7660654102441432,0.7073155498653521
rf,random_search,2,138,0.7660654102441432,0.7070488711401687
rf,random_search,2,139,0.7660654102441432,0.7070896663361309
rf,random_search,2,140,0.7660654102441432,0.707198708095451
rf,random_search,2,141,0.7660654102441432,0.7071797221939613
rf,random_search,2,142,0.7660654102441432,0.7071188124687534
rf,random_search,2,143,0.7660654102441432,0.7069533851451156
rf,random_search,2,144,0.7660654102441432,0.7072031960942124
rf,random_search,2,145,0.7660654102441432,0.707089599093183
rf,random_search,2,146,0.7660654102441432,0.7070293038832944
rf,random_search,2,147,0.7660654102441432,0.7071435003463798
rf,random_search,2,148,0.7660654102441432,0.707488775110082
rf,random_search,2,149,0.7660654102441432,0.7076237582800216
rf,random_search,2,150,0.7660654102441432,0.7078921221532648
rf,random_search,2,151,0.7660654102441432,0.7082662857442574
rf,random_search,2,152,0.7660654102441432,0.7081697099100305
rf,random_search,2,153,0.7660654102441432,0.7082133826005088
rf,random_search,2,154,0.7660654102441432,0.7081472951518374
rf,random_search,2,155,0.7660654102441432,0.7084834577879279
rf,random_search,2,156,0.7660654102441432,0.7083900951140464
rf,random_search,2,157,0.7660654102441432,0.7082949158833431
rf,random_search,2,158,0.7660654102441432,0.7079992919075804
rf,random_search,2,159,0.7660654102441432,0.7078509635529359
rf,random_search,2,160,0.7660654102441432,0.7078554732936766
rf,random_search,2,161,0.7660654102441432,0.7078598339867538
rf,random_search,2,162,0.7660654102441432,0.7077492788433539
rf,random_search,2,163,0.7660654102441432,0.7077758290068269
rf,random_search,2,164,0.7660654102441432,0.7079902525469239
rf,random_search,2,165,0.7660654102441432,0.7077528818869057
rf,random_search,2,166,0.7660654102441432,0.7080780326420942
rf,random_search,2,167,0.7660654102441432,0.7081876064797228
rf,random_search,2,168,0.7660654102441432,0.7083767371040482
rf,random_search,2,169,0.7660654102441432,0.7085203106925919
rf,random_search,2,170,0.7660654102441432,0.7088093389116183
rf,random_search,2,171,0.7660654102441432,0.7086954165139265
rf,random_search,2,172,0.7660654102441432,0.7086218968224882
rf,random_search,2,173,0.7660654102441432,0.7086377750811913
rf,random_search,2,174,0.7660654102441432,0.7084838492104241
rf,random_search,2,175,0.7699104280453648,0.708834858232338
rf,random_search,2,176,0.7699104280453648,0.708724534916567
rf,random_search,2,177,0.7699104280453648,0.7088375230870325
rf,random_search,2,178,0.7699104280453648,0.7087456693108191
rf,random_search,2,179,0.7699104280453648,0.7088775936114422
rf,random_search,2,180,0.7699104280453648,0.7087782581780361
rf,random_search,2,181,0.7699104280453648,0.7087844193260242
rf,random_search,2,182,0.7699104280453648,0.7089499625144917
rf,random_search,2,183,0.7699104280453648,0.7091492939158076
rf,random_search,2,184,0.7699104280453648,0.7092660598832046
rf,random_search,2,185,0.7699104280453648,0.7090118029082382
rf,random_search,2,186,0.7699104280453648,0.7090431577372666
rf,random_search,2,187,0.7699104280453648,0.7090858576437139
rf,random_search,2,188,0.7699104280453648,0.7093376845878622
rf,random_search,2,189,0.7699104280453648,0.709646386751027
rf,random_search,2,190,0.7699104280453648,0.7097213524018274
rf,random_search,2,191,0.7699104280453648,0.7098909905773244
rf,random_search,2,192,0.7699104280453648,0.7098197176506581
rf,random_search,2,193,0.7699104280453648,0.7098011734280161
rf,random_search,2,194,0.7699104280453648,0.7096649870800719
rf,random_search,2,195,0.7699104280453648,0.7097291549431303
rf,random_search,2,196,0.7699104280453648,0.7098902885024779
rf,random_search,2,197,0.7699104280453648,0.7099529586529069
rf,random_search,2,198,0.7699104280453648,0.7098598665068424
rf,random_search,2,199,0.7699104280453648,0.7097920717401224
rf,random_search,2,200,0.7699104280453648,0.7099571565081387
rf,random_search,2,201,0.7699104280453648,0.7099490138139796
rf,random_search,2,202,0.7699104280453648,0.7098996469117423
rf,random_search,2,203,0.7699104280453648,0.7098833666222583
rf,random_search,2,204,0.7699104280453648,0.7097814571231675
rf,random_search,2,205,0.7699104280453648,0.710048639577087
rf,random_search,2,206,0.7699104280453648,0.7099854557858448
rf,random_search,2,207,0.7699104280453648,0.7099788805154915
rf,random_search,2,208,0.7699104280453648,0.7098913832503756
rf,random_search,2,209,0.7699104280453648,0.7097896464306434
rf,random_search,2,210,0.7699104280453648,0.7096865968609436
rf,random_search,2,211,0.7699104280453648,0.7095844201293733
rf,random_search,2,212,0.7699104280453648,0.7096376265951283
rf,random_search,2,213,0.7699104280453648,0.7095747764976237
rf,random_search,2,214,0.7699104280453648,0.7097094555104483
rf,random_search,2,215,0.7699104280453648,0.709884167942904
rf,random_search,2,216,0.7699104280453648,0.710061704686388
rf,random_search,2,217,0.7699104280453648,0.7099980250974923
rf,random_search,2,218,0.7699104280453648,0.7098945127607672
rf,random_search,2,219,0.7699104280453648,0.7097875657762447
rf,random_search,2,220,0.7699104280453648,0.7098069947548488
rf,random_search,2,221,0.7699104280453648,0.7098224769351099
rf,random_search,2,222,0.7699104280453648,0.7099651122090234
rf,random_search,2,223,0.7699104280453648,0.7099995649403545
rf,random_search,2,224,0.7699104280453648,0.7101297605425277
rf,random_search,2,225,0.7699104280453648,0.710327010493887
rf,random_search,2,226,0.7699104280453648,0.7102279983247862
rf,random_search,2,227,0.7699104280453648,0.7101657397048925
rf,random_search,2,228,0.7699104280453648,0.7101434411169583
rf,random_search,2,229,0.7699104280453648,0.710014815832647
rf,random_search,2,230,0.7699104280453648,0.7099949758327947
rf,random_search,2,231,0.7699104280453648,0.7101153389164714
rf,random_search,2,232,0.7699104280453648,0.7102240084007877
rf,random_search,2,233,0.7699104280453648,0.7101235348324175
rf,random_search,2,234,0.7699104280453648,0.7100546618675608
rf,random_search,2,235,0.7699104280453648,0.7098549452274078
rf,random_search,2,236,0.7699104280453648,0.7097351093392789
rf,random_search,2,237,0.7699104280453648,0.7097007810944683
rf,random_search,2,238,0.7699104280453648,0.709747749704819
rf,random_search,2,239,0.7699104280453648,0.7098008717971795
rf,random_search,2,240,0.7699104280453648,0.7099592794002838
rf,random_search,2,241,0.7699104280453648,0.70986905655689
rf,random_search,2,242,0.7699104280453648,0.7098485129477808
rf,random_search,2,243,0.7699104280453648,0.7097491628022622
rf,random_search,2,244,0.7699104280453648,0.7097301581549627
rf,random_search,2,245,0.7699104280453648,0.7096868861358371
rf,random_search,2,246,0.7699104280453648,0.7098159790134689
rf,random_search,2,247,0.7699104280453648,0.709881622996261
rf,random_search,2,248,0.7699104280453648,0.7099556317857129
rf,random_search,2,249,0.7699104280453648,0.7099282944459656
rf,random_search,2,250,0.7699104280453648,0.7098577308860247
rf,random_search,2,251,0.7699104280453648,0.7099574644303398
rf,random_search,2,252,0.7699104280453648,0.7100674493900663
rf,random_search,2,253,0.7699104280453648,0.7100624751520859
rf,random_search,2,254,0.7699104280453648,0.7102145212577957
rf,random_search,2,255,0.7699104280453648,0.7101326790654147
rf,random_search,2,256,0.7699104280453648,0.7101543974354021
rf,random_search,2,257,0.7699104280453648,0.7101822358462467
rf,random_search,2,258,0.7699104280453648,0.7101408161332585
rf,random_search,2,259,0.7699104280453648,0.7103435533787855
rf,random_search,2,260,0.7699104280453648,0.710318603463493
rf,random_search,2,261,0.7699104280453648,0.7104097862178772
rf,random_search,2,262,0.7699104280453648,0.7104295828152304
rf,random_search,2,263,0.7699104280453648,0.7103578245087285
rf,random_search,2,264,0.7699104280453648,0.7102975968534166
rf,random_search,2,265,0.7699104280453648,0.7102614892187459
rf,random_search,2,266,0.7699104280453648,0.7101767780954102
rf,random_search,2,267,0.7699104280453648,0.710114947396753
rf,random_search,2,268,0.7699104280453648,0.7100607898682157
rf,random_search,2,269,0.7699104280453648,0.7099632291283551
rf,random_search,2,270,0.7699104280453648,0.7098964557865349
rf,random_search,2,271,0.7699104280453648,0.7098389414087646
rf,random_search,2,272,0.7699104280453648,0.7097642142518383
rf,random_search,2,273,0.7699104280453648,0.7099099343208837
rf,random_search,2,274,0.7699104280453648,0.7099432101722513
rf,random_search,2,275,0.7699104280453648,0.7099249445972058
rf,random_search,2,276,0.7699104280453648,0.7098729382511966
rf,random_search,2,277,0.7699104280453648,0.709700429522951
rf,random_search,2,278,0.7699104280453648,0.7097755994879127
rf,random_search,2,279,0.7699104280453648,0.7098230407877445
rf,random_search,2,280,0.7699104280453648,0.709744580848439
rf,random_search,2,281,0.7699104280453648,0.7099020292697589
rf,random_search,2,282,0.7699104280453648,0.7099249201985218
rf,random_search,2,283,0.7699104280453648,0.7098891393515111
rf,random_search,2,284,0.7699104280453648,0.7098885289376113
rf,random_search,2,285,0.7699104280453648,0.7100033394223616
rf,random_search,2,286,0.7699104280453648,0.7100570302797069
rf,random_search,2,287,0.7699104280453648,0.7099854009495226
rf,random_search,2,288,0.7699104280453648,0.7099019971166256
rf,random_search,2,289,0.7699104280453648,0.7099025016735456
rf,random_search,2,290,0.7699104280453648,0.7098278206685051
rf,random_search,2,291,0.7699104280453648,0.7098505862998961
rf,random_search,2,292,0.7699104280453648,0.7098574030176013
rf,random_search,2,293,0.7699104280453648,0.7099183429421131
rf,random_search,2,294,0.7699104280453648,0.709857320882216
rf,random_search,2,295,0.7699104280453648,0.7099629166453492
rf,random_search,2,296,0.7699104280453648,0.7098678048175874
rf,random_search,2,297,0.7699104280453648,0.7098348711013474
rf,random_search,2,298,0.7699104280453648,0.709772128176009
rf,random_search,2,299,0.7699104280453648,0.7096949979458682
rf,random_search,2,300,0.7699104280453648,0.7096069662320917
rf,random_search,2,301,0.7699104280453648,0.7095502116218897
rf,random_search,2,302,0.7699104280453648,0.7095089319326776
rf,random_search,2,303,0.7699104280453648,0.709560680869316
rf,random_search,2,304,0.7699104280453648,0.709475391697245
rf,random_search,2,305,0.7699104280453648,0.7093200968007429
rf,random_search,2,306,0.7699104280453648,0.7092853168268759
rf,random_search,2,307,0.7699104280453648,0.7093509151318027
rf,random_search,2,308,0.7699104280453648,0.7093210546308604
rf,random_search,2,309,0.7699104280453648,0.7093664603817504
rf,random_search,2,310,0.7699104280453648,0.7093986963004849
rf,random_search,2,311,0.7699104280453648,0.7094318637118789
rf,random_search,2,312,0.7699104280453648,0.7094300794326147
rf,random_search,2,313,0.7699104280453648,0.7094204516851599
rf,random_search,2,314,0.7699104280453648,0.7094425652635066
rf,random_search,2,315,0.7699104280453648,0.7094149971326292
rf,random_search,2,316,0.7699104280453648,0.7094798821888026
rf,random_search,2,317,0.7699104280453648,0.7095236411978273
rf,random_search,2,318,0.7699104280453648,0.7095069597141254
rf,random_search,2,319,0.7699104280453648,0.7096295825859196
rf,random_search,2,320,0.7699104280453648,0.7095019490174099
rf,random_search,2,321,0.7699104280453648,0.7095384274206021
rf,random_search,2,322,0.7699104280453648,0.7096972504773147
rf,random_search,2,323,0.7699104280453648,0.7097080919186626
rf,random_search,2,324,0.7699104280453648,0.709778938682713
rf,random_search,2,325,0.7699104280453648,0.7098492590718166
rf,random_search,2,326,0.7699104280453648,0.7098767593035927
rf,random_search,2,327,0.7699104280453648,0.7097988504737218
rf,random_search,2,328,0.7699104280453648,0.7097580859591235
rf,random_search,2,329,0.7699104280453648,0.7096317153906532
rf,random_search,2,330,0.7699104280453648,0.7095804329549511
rf,random_search,2,331,0.7699104280453648,0.7096226841439897
rf,random_search,2,332,0.7699104280453648,0.7096933075073085
rf,random_search,2,333,0.7699104280453648,0.7096532705441363
rf,random_search,2,334,0.7699104280453648,0.7095959115300011
rf,random_search,2,335,0.7699104280453648,0.7096721884490444
rf,random_search,2,336,0.7699104280453648,0.7096138414946639
rf,random_search,2,337,0.7699104280453648,0.7095633932225202
rf,random_search,2,338,0.7699104280453648,0.709542866135248
rf,random_search,2,339,0.7699104280453648,0.7096021451907621
rf,random_search,2,340,0.7699104280453648,0.709550201716874
rf,random_search,2,341,0.7699104280453648,0.709503822506828
rf,random_search,2,342,0.7699104280453648,0.7095058226586042
rf,random_search,2,343,0.7699104280453648,0.7095202663798146
rf,random_search,2,344,0.7699104280453648,0.7094949469200567
rf,random_search,2,345,0.7699104280453648,0.7094888087576949
rf,random_search,2,346,0.7699104280453648,0.709455665703605
rf,random_search,2,347,0.7699104280453648,0.7094686604238767
rf,random_search,2,348,0.7699104280453648,0.7095060309954682
rf,random_search,2,349,0.7699104280453648,0.7094746881807054
rf,random_search,2,350,0.7699104280453648,0.7094145805084853
rf,random_search,2,351,0.7699104280453648,0.7093485715912169
rf,random_search,2,352,0.7699104280453648,0.7093281079185172
rf,random_search,2,353,0.7699104280453648,0.709230755305712
rf,random_search,2,354,0.7699104280453648,0.7092713509007387
rf,random_search,2,355,0.7699104280453648,0.7091614670318884
rf,random_search,2,356,0.7699104280453648,0.7092278973976359
rf,random_search,2,357,0.7699104280453648,0.7091865013704772
rf,random_search,2,358,0.7699104280453648,0.7090541587608925
rf,random_search,2,359,0.7699104280453648,0.7091150296081729
rf,random_search,2,360,0.7699104280453648,0.7092540010530061
rf,random_search,2,361,0.7699104280453648,0.7091955178999547
rf,random_search,2,362,0.7699104280453648,0.7092710280549124
rf,random_search,2,363,0.7699104280453648,0.7093768555844479
rf,random_search,2,364,0.7699104280453648,0.7094628236263715
rf,random_search,2,365,0.7699104280453648,0.7094932344509566
rf,random_search,2,366,0.7699104280453648,0.7094462247760401
rf,random_search,2,367,0.7699104280453648,0.709409385500399
rf,random_search,2,368,0.7699104280453648,0.7093783579313668
rf,random_search,2,369,0.7699104280453648,0.7093224455607612
rf,random_search,2,370,0.7699104280453648,0.7093668654747818
rf,random_search,2,371,0.7699104280453648,0.7093280318721215
rf,random_search,2,372,0.7699104280453648,0.7093697773428412
rf,random_search,2,373,0.7699104280453648,0.7092963654629104
rf,random_search,2,374,0.7699104280453648,0.7093717870348324
rf,random_search,2,375,0.7699104280453648,0.7093759315931898
rf,random_search,2,376,0.7699104280453648,0.7093728332890418
rf,random_search,2,377,0.7699104280453648,0.7094658288092861
rf,random_search,2,378,0.7699104280453648,0.7094098462498253
rf,random_search,2,379,0.7699104280453648,0.7093960337227242
rf,random_search,2,380,0.7699104280453648,0.7093165661452008
rf,random_search,2,381,0.7699104280453648,0.7093065375787693
rf,random_search,2,382,0.7699104280453648,0.7093489061607811
rf,random_search,2,383,0.7699104280453648,0.7093222587883319
rf,random_search,2,384,0.7699104280453648,0.709286545524125
rf,random_search,2,385,0.7699104280453648,0.709271774059609
rf,random_search,2,386,0.7699104280453648,0.7092098442849473
rf,random_search,2,387,0.7699104280453648,0.7091601335487717
rf,random_search,2,388,0.7699104280453648,0.709104499013029
rf,random_search,2,389,0.7699104280453648,0.7090570957212431
rf,random_search,2,390,0.7699104280453648,0.709026451318514
rf,random_search,2,391,0.7699104280453648,0.708987473141617
rf,random_search,2,392,0.7699104280453648,0.708870185372187
rf,random_search,2,393,0.7699104280453648,0.7087947400327195
rf,random_search,2,394,0.7699104280453648,0.7088277725918732
rf,random_search,2,395,0.7699104280453648,0.7089647033160379
rf,random_search,2,396,0.7699104280453648,0.7089300075899646
rf,random_search,2,397,0.7699104280453648,0.70902757389156
rf,random_search,2,398,0.7699104280453648,0.70899133556791
rf,random_search,2,399,0.7699104280453648,0.7091052727431967
rf,random_search,2,400,0.7699104280453648,0.7090247496103608
rf,random_search,2,401,0.7699104280453648,0.7090333555756633
rf,random_search,2,402,0.7699104280453648,0.7091139969048376
rf,random_search,2,403,0.7699104280453648,0.7089982227540997
rf,random_search,2,404,0.7699104280453648,0.7089572623288607
rf,random_search,2,405,0.7699104280453648,0.7089282163985736
rf,random_search,2,406,0.7699104280453648,0.7088562792034432
rf,random_search,2,407,0.7699104280453648,0.7089294407930719
rf,random_search,2,408,0.7699104280453648,0.708983290744247
rf,random_search,2,409,0.7699104280453648,0.7091034471796371
rf,random_search,2,410,0.7699104280453648,0.7090838844757399
rf,random_search,2,411,0.7699104280453648,0.7091025505554408
rf,random_search,2,412,0.7699104280453648,0.7090544329544002
rf,random_search,2,413,0.7699104280453648,0.7090305583077259
rf,random_search,2,414,0.7699104280453648,0.7089263846406139
rf,random_search,2,415,0.7699104280453648,0.7090376322804804
rf,random_search,2,416,0.7699104280453648,0.7089530968639413
rf,random_search,2,417,0.7699104280453648,0.7088970668547049
rf,random_search,2,418,0.7699104280453648,0.7088925641099859
rf,random_search,2,419,0.7699104280453648,0.7090172171471666
rf,random_search,2,420,0.7699104280453648,0.709000716671411
rf,random_search,2,421,0.7699104280453648,0.7089270340779641
rf,random_search,2,422,0.7699104280453648,0.7088786367340941
rf,random_search,2,423,0.7699104280453648,0.7089593199405585
rf,random_search,2,424,0.7699104280453648,0.7089337324158763
rf,random_search,2,425,0.7699104280453648,0.7088513004600732
rf,random_search,2,426,0.7699104280453648,0.7088061507074092
rf,random_search,2,427,0.7699104280453648,0.708804824625953
rf,random_search,2,428,0.7699104280453648,0.7088357598473558
rf,random_search,2,429,0.7699104280453648,0.7089335603462285
rf,random_search,2,430,0.7699104280453648,0.70890818359739
rf,random_search,2,431,0.7699104280453648,0.7089789304083026
rf,random_search,2,432,0.7699104280453648,0.7089350503331368
rf,random_search,2,433,0.7699104280453648,0.7089424088662006
rf,random_search,2,434,0.7699104280453648,0.708906380683415
rf,random_search,2,435,0.7699104280453648,0.7088981327806197
rf,random_search,2,436,0.7699104280453648,0.7089309107380134
rf,random_search,2,437,0.7699104280453648,0.7088713133666229
rf,random_search,2,438,0.7699104280453648,0.7089150527761174
rf,random_search,2,439,0.7699104280453648,0.7088829093465383
rf,random_search,2,440,0.7699104280453648,0.7089617576395029
rf,random_search,2,441,0.7699104280453648,0.709071185285086
rf,random_search,2,442,0.7699104280453648,0.7090301773328243
rf,random_search,2,443,0.7699104280453648,0.7089333564902704
rf,random_search,2,444,0.7699104280453648,0.7089992655523835
rf,random_search,2,445,0.7699104280453648,0.7089542860418443
rf,random_search,2,446,0.7699104280453648,0.7089261165597978
rf,random_search,2,447,0.7699104280453648,0.7088772088466966
rf,random_search,2,448,0.7699104280453648,0.7088325532674808
rf,random_search,2,449,0.7699104280453648,0.7088126162357302
rf,random_search,2,450,0.7699104280453648,0.7089478806879942
rf,random_search,2,451,0.7699104280453648,0.7088729846763128
rf,random_search,2,452,0.7699104280453648,0.7088920377206707
rf,random_search,2,453,0.7699104280453648,0.7089267723389632
rf,random_search,2,454,0.7699104280453648,0.7089265772183503
rf,random_search,2,455,0.7699104280453648,0.7089361761965765
rf,random_search,2,456,0.7699104280453648,0.7090465432122094
rf,random_search,2,457,0.7699104280453648,0.7089801963912652
rf,random_search,2,458,0.7699104280453648,0.7089573799617638
rf,random_search,2,459,0.7699104280453648,0.7088966435425545
rf,random_search,2,460,0.7699104280453648,0.7088654435157847
rf,random_search,2,461,0.7699104280453648,0.7089092067516135
rf,random_search,2,462,0.7699104280453648,0.7088888027819866
rf,random_search,2,463,0.7699104280453648,0.7089341602911657
rf,random_search,2,464,0.7699104280453648,0.7088952645890605
rf,random_search,2,465,0.7699104280453648,0.708864057126791
rf,random_search,2,466,0.7699104280453648,0.7088761128998036
rf,random_search,2,467,0.7699104280453648,0.7088283954246039
rf,random_search,2,468,0.7699104280453648,0.7088482498794236
rf,random_search,2,469,0.7699104280453648,0.7088057668336847
rf,random_search,2,470,0.7699104280453648,0.708801565790748
rf,random_search,2,471,0.7699104280453648,0.7087716281339332
rf,random_search,2,472,0.7699104280453648,0.7088141790669827
rf,random_search,2,473,0.7699104280453648,0.708788475639996
rf,random_search,2,474,0.7699104280453648,0.7087610265107928
rf,random_search,2,475,0.7699104280453648,0.7087468192677752
rf,random_search,2,476,0.7699104280453648,0.7087049575526454
rf,random_search,2,477,0.7699104280453648,0.708658583984503
rf,random_search,2,478,0.7699104280453648,0.7086725426795983
rf,random_search,2,479,0.7699104280453648,0.7087988008993347
rf,random_search,2,480,0.7699104280453648,0.7088440603031357
rf,random_search,2,481,0.7699104280453648,0.7087803400059124
rf,random_search,2,482,0.7699104280453648,0.7087028771192467
rf,random_search,2,483,0.7699104280453648,0.708777980356707
rf,random_search,2,484,0.7699104280453648,0.7088694374699372
rf,random_search,2,485,0.7699104280453648,0.7089715621855736
rf,random_search,2,486,0.7699104280453648,0.7089486358456223
rf,random_search,2,487,0.7699104280453648,0.708914804284728
rf,random_search,2,488,0.7699104280453648,0.7088714954565617
rf,random_search,2,489,0.7699104280453648,0.7089297462912436
rf,random_search,2,490,0.7699104280453648,0.7088407163275002
rf,random_search,2,491,0.7699104280453648,0.7088547467918455
rf,random_search,2,492,0.7699104280453648,0.7089756788221726
rf,random_search,2,493,0.7699104280453648,0.7089344221609492
rf,random_search,2,494,0.7699104280453648,0.7089272524193946
rf,random_search,2,495,0.7699104280453648,0.7089921823522218
rf,random_search,2,496,0.7699104280453648,0.7089781107758164
rf,random_search,2,497,0.7699104280453648,0.7089739970819224
rf,random_search,2,498,0.7699104280453648,0.7089402839854737
rf,random_search,2,499,0.7699104280453648,0.708989924341627
rf,random_search,2,500,0.7699104280453648,0.7089717798520302
rf,random_search,2,501,0.7699104280453648,0.7090794373713432
rf,random_search,2,502,0.7699104280453648,0.709032113116598
rf,random_search,2,503,0.7699104280453648,0.7089809414024396
rf,random_search,2,504,0.7699104280453648,0.7091006036962774
rf,random_search,2,505,0.7699104280453648,0.7090921941606795
rf,random_search,2,506,0.7699104280453648,0.7091539127067105
rf,random_search,2,507,0.7699104280453648,0.7091851909221277
rf,random_search,2,508,0.7699104280453648,0.7092758666198324
rf,random_search,2,509,0.7699104280453648,0.7092500729638543
rf,random_search,2,510,0.7699104280453648,0.7092071211132908
rf,random_search,2,511,0.7699104280453648,0.709172003090613
rf,random_search,2,512,0.7699104280453648,0.7091378605790605
rf,random_search,2,513,0.7699104280453648,0.7091402966911966
rf,random_search,2,514,0.7699104280453648,0.7091524122450247
rf,random_search,2,515,0.7699104280453648,0.7090638196218426
rf,random_search,2,516,0.7699104280453648,0.7090796681031606
rf,random_search,2,517,0.7699104280453648,0.7091293801183511
rf,random_search,2,518,0.7699104280453648,0.7091151131401032
rf,random_search,2,519,0.7699104280453648,0.7090783124158794
rf,random_search,2,520,0.7699104280453648,0.7090052568285233
rf,random_search,2,521,0.7699104280453648,0.7089711586492484
rf,random_search,2,522,0.7699104280453648,0.7089789328537164
rf,random_search,2,523,0.7699104280453648,0.7089922351596548
rf,random_search,2,524,0.7699104280453648,0.7090075151513713
rf,random_search,2,525,0.7699104280453648,0.7090297062412241
rf,random_search,2,526,0.7699104280453648,0.7089956205159678
rf,random_search,2,527,0.7699104280453648,0.7089090339615757
rf,random_search,2,528,0.7699104280453648,0.708878128564779
rf,random_search,2,529,0.7699104280453648,0.7089493836399966
rf,random_search,2,530,0.7699104280453648,0.7089925795438893
rf,random_search,2,531,0.7699104280453648,0.7089163918898249
rf,random_search,2,532,0.7699104280453648,0.7088929026815498
rf,random_search,2,533,0.7699104280453648,0.7088884261324787
rf,random_search,2,534,0.7699104280453648,0.7088798466914705
rf,random_search,2,535,0.7699104280453648,0.7088501033798997
rf,random_search,2,536,0.7699104280453648,0.708951040236473
rf,random_search,2,537,0.7699104280453648,0.7090217438539814
rf,random_search,2,538,0.7699104280453648,0.709074012464488
rf,random_search,2,539,0.7699104280453648,0.7090784335239646
rf,random_search,2,540,0.7699104280453648,0.709056562325239
rf,random_search,2,541,0.7699104280453648,0.7089692537957013
rf,random_search,2,542,0.7699104280453648,0.7089603128434827
rf,random_search,2,543,0.7699104280453648,0.7089936233792987
rf,random_search,2,544,0.7699104280453648,0.7089483597872968
rf,random_search,2,545,0.7699104280453648,0.7089824371863013
rf,random_search,2,546,0.7699104280453648,0.7089555761146517
rf,random_search,2,547,0.7699104280453648,0.7089275603498623
rf,random_search,2,548,0.7699104280453648,0.7088572733724029
rf,random_search,2,549,0.7699104280453648,0.7088381123344332
rf,random_search,2,550,0.7699104280453648,0.7089063173970193
rf,random_search,2,551,0.7699104280453648,0.7088919445847209
rf,random_search,2,552,0.7699104280453648,0.7088798838859269
rf,random_search,2,553,0.7699104280453648,0.7088375378054055
rf,random_search,2,554,0.7699104280453648,0.7087735947611301
rf,random_search,2,555,0.7699104280453648,0.7087912059115667
rf,random_search,2,556,0.7699104280453648,0.7087568802421338
rf,random_search,2,557,0.7699104280453648,0.708847001060153
rf,random_search,2,558,0.7699104280453648,0.7087813980350978
rf,random_search,2,559,0.7699104280453648,0.7087246870900793
rf,random_search,2,560,0.7699104280453648,0.7087693853327298
rf,random_search,2,561,0.7699104280453648,0.7087423341237618
rf,random_search,2,562,0.7699104280453648,0.7087445381033688
rf,random_search,2,563,0.7699104280453648,0.7086878373906277
rf,random_search,2,564,0.7699104280453648,0.7086532003564929
rf,random_search,2,565,0.7699104280453648,0.7086299281542203
rf,random_search,2,566,0.7699104280453648,0.7086708389282013
rf,random_search,2,567,0.7699104280453648,0.7086004841838004
rf,random_search,2,568,0.7699104280453648,0.7085911578651282
rf,random_search,2,569,0.7699104280453648,0.7085775864863071
rf,random_search,2,570,0.7699104280453648,0.7085794033089144
rf,random_search,2,571,0.7699104280453648,0.7085462072422478
rf,random_search,2,572,0.7699104280453648,0.7086483148219487
rf,random_search,2,573,0.7699104280453648,0.7086272705410964
rf,random_search,2,574,0.7699104280453648,0.7086252843823146
rf,random_search,2,575,0.7699104280453648,0.7086119877321971
rf,random_search,2,576,0.7699104280453648,0.7085925126323106
rf,random_search,2,577,0.7699104280453648,0.7086547284271761
rf,random_search,2,578,0.7699104280453648,0.7086800527883867
rf,random_search,2,579,0.7699104280453648,0.7087024984397583
rf,random_search,2,580,0.7699104280453648,0.7087161531889637
rf,random_search,2,581,0.7699104280453648,0.7086779219994724
rf,random_search,2,582,0.7699104280453648,0.7086130196183587
rf,random_search,2,583,0.7699104280453648,0.7086749008581485
rf,random_search,2,584,0.7699104280453648,0.7087214599453824
rf,random_search,2,585,0.7699104280453648,0.7087008484723297
rf,random_search,2,586,0.7699104280453648,0.7087004395965506
rf,random_search,2,587,0.7699104280453648,0.7086822335623353
rf,random_search,2,588,0.7699104280453648,0.7086907545094363
rf,random_search,2,589,0.7699104280453648,0.7087007755059131
rf,random_search,2,590,0.7699104280453648,0.7086774104753649
rf,random_search,2,591,0.7699104280453648,0.7086053327064533
rf,random_search,2,592,0.7699104280453648,0.7085664902985993
rf,random_search,2,593,0.7699104280453648,0.708614144138101
rf,random_search,2,594,0.7699104280453648,0.7085758526871592
rf,random_search,2,595,0.7699104280453648,0.7085430970784113
rf,random_search,2,596,0.7699104280453648,0.708593792368204
rf,random_search,2,597,0.7699104280453648,0.708635963642263
rf,random_search,2,598,0.7699104280453648,0.7085979527449149
rf,random_search,2,599,0.7699104280453648,0.7086367257790763
rf,random_search,2,600,0.7699104280453648,0.7086070166891876
rf,random_search,2,601,0.7699104280453648,0.7086092782182829
rf,random_search,2,602,0.7699104280453648,0.7086876234678251
rf,random_search,2,603,0.7699104280453648,0.7087488223495738
rf,random_search,2,604,0.7699104280453648,0.7087691634388164
rf,random_search,2,605,0.7699104280453648,0.7088049496500718
rf,random_search,2,606,0.7699104280453648,0.7087983068771705
rf,random_search,2,607,0.7699104280453648,0.7088098469726638
rf,random_search,2,608,0.7699104280453648,0.7087328683743334
rf,random_search,2,609,0.7699104280453648,0.7087190345094735
rf,random_search,2,610,0.7699104280453648,0.7086862811660213
rf,random_search,2,611,0.7699104280453648,0.708695972135986
rf,random_search,2,612,0.7699104280453648,0.7086737561887096
rf,random_search,2,613,0.7699104280453648,0.7087092306296032
rf,random_search,2,614,0.7699104280453648,0.708711074061477
rf,random_search,2,615,0.7699104280453648,0.7086897448474304
rf,random_search,2,616,0.7699104280453648,0.7087849475718988
rf,random_search,2,617,0.7699104280453648,0.7088390991428124
rf,random_search,2,618,0.7699104280453648,0.708804902914991
rf,random_search,2,619,0.7699104280453648,0.7087407669331635
rf,random_search,2,620,0.7699104280453648,0.7087261534756993
rf,random_search,2,621,0.7699104280453648,0.7086670441180624
rf,random_search,2,622,0.7699104280453648,0.7087305829990027
rf,random_search,2,623,0.7699104280453648,0.7087247376822695
rf,random_search,2,624,0.7699104280453648,0.7087569395172171
rf,random_search,2,625,0.7699104280453648,0.7086910292066454
rf,random_search,2,626,0.7699104280453648,0.708701130213284
rf,random_search,2,627,0.7699104280453648,0.7086323883556563
rf,random_search,2,628,0.7699104280453648,0.7086568611070831
rf,random_search,2,629,0.7699104280453648,0.708671012690988
rf,random_search,2,630,0.7699104280453648,0.7087512130103946
rf,random_search,2,631,0.7699104280453648,0.7087907689123192
rf,random_search,2,632,0.7699104280453648,0.7087513597101511
rf,random_search,2,633,0.7699104280453648,0.7087862567227967
rf,random_search,2,634,0.7699104280453648,0.7088387784938239
rf,random_search,2,635,0.7699104280453648,0.7088022688012743
rf,random_search,2,636,0.7699104280453648,0.7087350255816263
rf,random_search,2,637,0.7699104280453648,0.7087219365284272
rf,random_search,2,638,0.7699104280453648,0.7087672451731407
rf,random_search,2,639,0.7699104280453648,0.7087488814255201
rf,random_search,2,640,0.7699104280453648,0.7086943043123383
rf,random_search,2,641,0.7699104280453648,0.7086889671303422
rf,random_search,2,642,0.7699104280453648,0.7086964635469383
rf,random_search,2,643,0.7699104280453648,0.7086999648677531
rf,random_search,2,644,0.7699104280453648,0.7086662650795448
rf,random_search,2,645,0.7699104280453648,0.7086552866966508
rf,random_search,2,646,0.7699104280453648,0.7086345308536529
rf,random_search,2,647,0.7699104280453648,0.7085805838019192
rf,random_search,2,648,0.7699104280453648,0.7085475954551329
rf,random_search,2,649,0.7699104280453648,0.7085764312872247
rf,random_search,2,650,0.7699104280453648,0.708607346885136
rf,random_search,2,651,0.7699104280453648,0.7086394940049949
rf,random_search,2,652,0.7699104280453648,0.7086506848104841
rf,random_search,2,653,0.7699104280453648,0.7086737177963007
rf,random_search,2,654,0.7699104280453648,0.7087534297997564
rf,random_search,2,655,0.7699104280453648,0.7086826922666608
rf,random_search,2,656,0.7699104280453648,0.7086827161074678
rf,random_search,2,657,0.7699104280453648,0.7086504739876552
rf,random_search,2,658,0.7699104280453648,0.7086782989789392
rf,random_search,2,659,0.7699104280453648,0.7086531145366972
rf,random_search,2,660,0.7699104280453648,0.7085841376361759
rf,random_search,2,661,0.7699104280453648,0.7085608800392885
rf,random_search,2,662,0.7699104280453648,0.7085306592278775
rf,random_search,2,663,0.7699104280453648,0.7085302654584341
rf,random_search,2,664,0.7699104280453648,0.7085193605731845
rf,random_search,2,665,0.7699104280453648,0.7084951301861568
rf,random_search,2,666,0.7699104280453648,0.7084970729740673
rf,random_search,2,667,0.7699104280453648,0.708508281029313
rf,random_search,2,668,0.7699104280453648,0.7084545728671789
rf,random_search,2,669,0.7699104280453648,0.7083864011393095
rf,random_search,2,670,0.7699104280453648,0.7083319557250459
rf,random_search,2,671,0.7699104280453648,0.7083201742543861
rf,random_search,2,672,0.7699104280453648,0.7083427067216854
rf,random_search,2,673,0.7699104280453648,0.7083950155755907
rf,random_search,2,674,0.7699104280453648,0.708378802470792
rf,random_search,2,675,0.7699104280453648,0.7083660382188612
rf,random_search,2,676,0.7699104280453648,0.7083325295178003
rf,random_search,2,677,0.7699104280453648,0.7083613837843552
rf,random_search,2,678,0.7699104280453648,0.708397891547408
rf,random_search,2,679,0.7699104280453648,0.708420741109121
rf,random_search,2,680,0.7699104280453648,0.7084067282126774
rf,random_search,2,681,0.7699104280453648,0.7083966026902286
rf,random_search,2,682,0.7699104280453648,0.7083769436185207
rf,random_search,2,683,0.7699104280453648,0.7083603667830053
rf,random_search,2,684,0.7699104280453648,0.7083430830558912
rf,random_search,2,685,0.7699104280453648,0.7083356617004227
rf,random_search,2,686,0.7699104280453648,0.7083341672421835
rf,random_search,2,687,0.7699104280453648,0.7083074276918888
rf,random_search,2,688,0.7699104280453648,0.7083512146490173
rf,random_search,2,689,0.7699104280453648,0.7083298597550388
rf,random_search,2,690,0.7699104280453648,0.7082961319008626
rf,random_search,2,691,0.7699104280453648,0.708288436891574
rf,random_search,2,692,0.7699104280453648,0.7082213003500876
rf,random_search,2,693,0.7699104280453648,0.7082047602283387
rf,random_search,2,694,0.7699104280453648,0.7082510594430735
rf,random_search,2,695,0.7699104280453648,0.7082239725922337
rf,random_search,2,696,0.7699104280453648,0.7082754869561666
rf,random_search,2,697,0.7699104280453648,0.7082736149182383
rf,random_search,2,698,0.7699104280453648,0.7082478173825904
rf,random_search,2,699,0.7699104280453648,0.7082580242967983
rf,random_search,2,700,0.7699104280453648,0.7082776476533472
rf,random_search,2,701,0.7699104280453648,0.708253344055891
rf,random_search,2,702,0.7699104280453648,0.7082590317987028
rf,random_search,2,703,0.7699104280453648,0.7082652809728001
rf,random_search,2,704,0.7699104280453648,0.7082178394870539
rf,random_search,2,705,0.7699104280453648,0.7081956118935018
rf,random_search,2,706,0.7699104280453648,0.7082042866004596
rf,random_search,2,707,0.7699104280453648,0.708232108602868
rf,random_search,2,708,0.7699104280453648,0.708203606924932
rf,random_search,2,709,0.7699104280453648,0.7082578790302704
rf,random_search,2,710,0.7699104280453648,0.7083159372956348
rf,random_search,2,711,0.7699104280453648,0.7082993614035321
rf,random_search,2,712,0.7699104280453648,0.7082829259644395
rf,random_search,2,713,0.7699104280453648,0.7082763252272442
rf,random_search,2,714,0.7699104280453648,0.7082789407253858
rf,random_search,2,715,0.7699104280453648,0.7082938599272094
rf,random_search,2,716,0.7699104280453648,0.7083331818135705
rf,random_search,2,717,0.7699104280453648,0.708372938815004
rf,random_search,2,718,0.7699104280453648,0.708455121133856
rf,random_search,2,719,0.7699104280453648,0.7084486755512279
rf,random_search,2,720,0.7699104280453648,0.7083904039469876
rf,random_search,2,721,0.7699104280453648,0.7083458418847748
rf,random_search,2,722,0.7699104280453648,0.7083684555171781
rf,random_search,2,723,0.7699104280453648,0.7083598083315966
rf,random_search,2,724,0.7699104280453648,0.7083437450465605
rf,random_search,2,725,0.7699104280453648,0.7082812261563447
rf,random_search,2,726,0.7699104280453648,0.708257101524736
rf,random_search,2,727,0.7699104280453648,0.708232000299268
rf,random_search,2,728,0.7699104280453648,0.7082016062557377
rf,random_search,2,729,0.7699104280453648,0.7081573066107667
rf,random_search,2,730,0.7699104280453648,0.7081779398608369
rf,random_search,2,731,0.7699104280453648,0.7081551536785398
rf,random_search,2,732,0.7699104280453648,0.7080993470623984
rf,random_search,2,733,0.7699104280453648,0.7081230235974257
rf,random_search,2,734,0.7699104280453648,0.7081228007838336
rf,random_search,2,735,0.7699104280453648,0.7080748346347058
rf,random_search,2,736,0.7699104280453648,0.708056273107316
rf,random_search,2,737,0.7699104280453648,0.7080874982873858
rf,random_search,2,738,0.7699104280453648,0.7081291777341776
rf,random_search,2,739,0.7699104280453648,0.7081283190145159
rf,random_search,2,740,0.7699104280453648,0.7081984564797583
rf,random_search,2,741,0.7699104280453648,0.7082126819530354
rf,random_search,2,742,0.7699104280453648,0.7081887122090088
rf,random_search,2,743,0.7699104280453648,0.7081490480194119
rf,random_search,2,744,0.7699104280453648,0.7081690248208937
rf,random_search,2,745,0.7699104280453648,0.708204092022535
rf,random_search,2,746,0.7699104280453648,0.7081757548284555
rf,random_search,2,747,0.7699104280453648,0.7081640963878144
rf,random_search,2,748,0.7699104280453648,0.7081912069520175
rf,random_search,2,749,0.7699104280453648,0.7081650696515603
rf,random_search,2,750,0.7699104280453648,0.7082034395333922
rf,random_search,2,751,0.7699104280453648,0.7081740145832502
rf,random_search,2,752,0.7699104280453648,0.7081938536073201
rf,random_search,2,753,0.7699104280453648,0.7082721389591037
rf,random_search,2,754,0.7699104280453648,0.7083245393310474
rf,random_search,2,755,0.7699104280453648,0.7083481373949255
rf,random_search,2,756,0.7699104280453648,0.7083134435562627
rf,random_search,2,757,0.7699104280453648,0.7083102652547758
rf,random_search,2,758,0.7699104280453648,0.7083615882586859
rf,random_search,2,759,0.7699104280453648,0.708332128746186
rf,random_search,2,760,0.7699104280453648,0.7083836681638969
rf,random_search,2,761,0.7699104280453648,0.7083981979091855
rf,random_search,2,762,0.7699104280453648,0.7083857994011197
rf,random_search,2,763,0.7699104280453648,0.7083706393435361
rf,random_search,2,764,0.7699104280453648,0.7084272464474408
rf,random_search,2,765,0.7699104280453648,0.7084781694212902
rf,random_search,2,766,0.7699104280453648,0.7084884829792069
rf,random_search,2,767,0.7699104280453648,0.7084699288541083
rf,random_search,2,768,0.7699104280453648,0.7084613390279587
rf,random_search,2,769,0.7699104280453648,0.7084366238990623
rf,random_search,2,770,0.7699104280453648,0.7084158146498268
rf,random_search,2,771,0.7699104280453648,0.7083732487191896
rf,random_search,2,772,0.7699104280453648,0.7084030107484474
rf,random_search,2,773,0.7699104280453648,0.708344822845671
rf,random_search,2,774,0.7699104280453648,0.7083631039411185
rf,random_search,2,775,0.7699104280453648,0.7084142721135909
rf,random_search,2,776,0.7699104280453648,0.7083879172145342
rf,random_search,2,777,0.7699104280453648,0.7084358245218977
rf,random_search,2,778,0.7699104280453648,0.7084443277199631
rf,random_search,2,779,0.7699104280453648,0.7084557166807735
rf,random_search,2,780,0.7699104280453648,0.7084531504140523
rf,random_search,2,781,0.7699104280453648,0.7084449423870645
rf,random_search,2,782,0.7699104280453648,0.708465052287013
rf,random_search,2,783,0.7699104280453648,0.7084544464955482
rf,random_search,2,784,0.7699104280453648,0.7084276530777663
rf,random_search,2,785,0.7699104280453648,0.7084231558574365
rf,random_search,2,786,0.7699104280453648,0.708405321883928
rf,random_search,2,787,0.7699104280453648,0.7084225131397235
rf,random_search,2,788,0.7699104280453648,0.7084607764310262
rf,random_search,2,789,0.7699104280453648,0.7085057316267922
rf,random_search,2,790,0.7699104280453648,0.7085459875428172
rf,random_search,2,791,0.7699104280453648,0.7085785287122065
rf,random_search,2,792,0.7699104280453648,0.7085420288857831
rf,random_search,2,793,0.7699104280453648,0.7085164435378086
rf,random_search,2,794,0.7699104280453648,0.7085847154351115
rf,random_search,2,795,0.7699104280453648,0.70866127933838
rf,random_search,2,796,0.7699104280453648,0.7086573027071127
rf,random_search,2,797,0.7699104280453648,0.7086893673364089
rf,random_search,2,798,0.7699104280453648,0.7086353985871064
rf,random_search,2,799,0.7699104280453648,0.7086232312067162
rf,random_search,2,800,0.7699104280453648,0.708616433790121
rf,random_search,2,801,0.7699104280453648,0.7085593227547512
rf,random_search,2,802,0.7699104280453648,0.7085359156237723
rf,random_search,2,803,0.7699104280453648,0.7085097640665552
rf,random_search,2,804,0.7699104280453648,0.7084915613087912
rf,random_search,2,805,0.7699104280453648,0.7084376752947821
rf,random_search,2,806,0.7699104280453648,0.7084448264621466
rf,random_search,2,807,0.7699104280453648,0.7084182412770272
rf,random_search,2,808,0.7699104280453648,0.7084469500942385
rf,random_search,2,809,0.7699104280453648,0.7084449895496141
rf,random_search,2,810,0.7699104280453648,0.7084275289505361
rf,random_search,2,811,0.7699104280453648,0.7084664751638141
rf,random_search,2,812,0.7699104280453648,0.708445089024023
rf,random_search,2,813,0.7699104280453648,0.7084734805986774
rf,random_search,2,814,0.7699104280453648,0.7085031157465497
rf,random_search,2,815,0.7699104280453648,0.7085071117547297
rf,random_search,2,816,0.7699104280453648,0.7084852374616978
rf,random_search,2,817,0.7699104280453648,0.7084684112818921
rf,random_search,2,818,0.7699104280453648,0.7084466468337003
rf,random_search,2,819,0.7699104280453648,0.7084556289995807
rf,random_search,2,820,0.7699104280453648,0.7084242582192939
rf,random_search,2,821,0.7699104280453648,0.7084558034932086
rf,random_search,2,822,0.7699104280453648,0.7084342860705202
rf,random_search,2,823,0.7699104280453648,0.7083945302292926
rf,random_search,2,824,0.7699104280453648,0.7084362060366703
rf,random_search,2,825,0.7699104280453648,0.7084248612624301
rf,random_search,2,826,0.7699104280453648,0.7084077990485933
rf,random_search,2,827,0.7699104280453648,0.7083833098590502
rf,random_search,2,828,0.7699104280453648,0.7083607527172755
rf,random_search,2,829,0.7699104280453648,0.7083505326175792
rf,random_search,2,830,0.7699104280453648,0.708329740490802
rf,random_search,2,831,0.7699104280453648,0.7083700418437049
rf,random_search,2,832,0.7699104280453648,0.708426547251697
rf,random_search,2,833,0.7699104280453648,0.7084047820886503
rf,random_search,2,834,0.7699104280453648,0.7083925881213431
rf,random_search,2,835,0.7699104280453648,0.7083862915146422
rf,random_search,2,836,0.7699104280453648,0.7083366296722796
rf,random_search,2,837,0.7699104280453648,0.7084070037856868
rf,random_search,2,838,0.7699104280453648,0.7084369437663154
rf,random_search,2,839,0.7699104280453648,0.7084356717315127
rf,random_search,2,840,0.7699104280453648,0.7084732714827862
rf,random_search,2,841,0.7699104280453648,0.7084631863496782
rf,random_search,2,842,0.7699104280453648,0.7084479197835843
rf,random_search,2,843,0.7699104280453648,0.7084595336179563
rf,random_search,2,844,0.7699104280453648,0.7084516408248722
rf,random_search,2,845,0.7699104280453648,0.7084353769356861
rf,random_search,2,846,0.7699104280453648,0.7084277846237498
rf,random_search,2,847,0.7699104280453648,0.7084773228227027
rf,random_search,2,848,0.7699104280453648,0.708437487480853
rf,random_search,2,849,0.7699104280453648,0.7084564016825137
rf,random_search,2,850,0.7699104280453648,0.7084400108619865
rf,random_search,2,851,0.7699104280453648,0.7084404776763193
rf,random_search,2,852,0.7699104280453648,0.7084189217052784
rf,random_search,2,853,0.7699104280453648,0.7084101661308161
rf,random_search,2,854,0.7699104280453648,0.7084299601178016
rf,random_search,2,855,0.7699104280453648,0.7084250086742335
rf,random_search,2,856,0.7699104280453648,0.7084146911459699
rf,random_search,2,857,0.7699104280453648,0.7084337126886958
rf,random_search,2,858,0.7699104280453648,0.7084721687781482
rf,random_search,2,859,0.7699104280453648,0.7084606972160835
rf,random_search,2,860,0.7699104280453648,0.7084146514125267
rf,random_search,2,861,0.7699104280453648,0.7084120060600814
rf,random_search,2,862,0.7699104280453648,0.7084172671862022
rf,random_search,2,863,0.7699104280453648,0.7084182326429587
rf,random_search,2,864,0.7699104280453648,0.7084435601798243
rf,random_search,2,865,0.7699104280453648,0.7084794928598939
rf,random_search,2,866,0.7699104280453648,0.7084649280748819
rf,random_search,2,867,0.7699104280453648,0.7084455636472514
rf,random_search,2,868,0.7699104280453648,0.708468542000324
rf,random_search,2,869,0.7699104280453648,0.708481685531612
rf,random_search,2,870,0.7699104280453648,0.7084335914618705
rf,random_search,2,871,0.7699104280453648,0.7084752268204996
rf,random_search,2,872,0.7699104280453648,0.7084314556573388
rf,random_search,2,873,0.7699104280453648,0.7084105045722145
rf,random_search,2,874,0.7699104280453648,0.7083584665671063
rf,random_search,2,875,0.7699104280453648,0.7083882675222566
rf,random_search,2,876,0.7699104280453648,0.7083585664918695
rf,random_search,2,877,0.7699104280453648,0.7083830661894323
rf,random_search,2,878,0.7699104280453648,0.7083590882299842
rf,random_search,2,879,0.7699104280453648,0.7083438356382459
rf,random_search,2,880,0.7699104280453648,0.7083522205724522
rf,random_search,2,881,0.7699104280453648,0.708327362444332
rf,random_search,2,882,0.7699104280453648,0.7083792401447242
rf,random_search,2,883,0.7699104280453648,0.7084122743035727
rf,random_search,2,884,0.7699104280453648,0.708388767104307
rf,random_search,2,885,0.7699104280453648,0.7083810042063753
rf,random_search,2,886,0.7699104280453648,0.7083583006924508
rf,random_search,2,887,0.7699104280453648,0.7083332617770667
rf,random_search,2,888,0.7699104280453648,0.7083273570096439
rf,random_search,2,889,0.7699104280453648,0.7083145848702176
rf,random_search,2,890,0.7699104280453648,0.708304437056014
rf,random_search,2,891,0.7699104280453648,0.7082801761804136
rf,random_search,2,892,0.7699104280453648,0.7082600971199016
rf,random_search,2,893,0.7699104280453648,0.7082460860205693
rf,random_search,2,894,0.7699104280453648,0.7082629243356596
rf,random_search,2,895,0.7699104280453648,0.7082217933286769
rf,random_search,2,896,0.7699104280453648,0.7082655826974126
rf,random_search,2,897,0.7699104280453648,0.708264288115226
rf,random_search,2,898,0.7699104280453648,0.7082254210460504
rf,random_search,2,899,0.7699104280453648,0.7081772683340016
rf,random_search,2,900,0.7699104280453648,0.7081611062158725
rf,random_search,2,901,0.7699104280453648,0.7081573602698619
rf,random_search,2,902,0.7699104280453648,0.7081288941189855
rf,random_search,2,903,0.7699104280453648,0.7081236080278627
rf,random_search,2,904,0.7699104280453648,0.7081544675278403
rf,random_search,2,905,0.7699104280453648,0.7081341557128799
rf,random_search,2,906,0.7699104280453648,0.7081371552653382
rf,random_search,2,907,0.7699104280453648,0.7081768536192591
rf,random_search,2,908,0.7699104280453648,0.7081772976895554
rf,random_search,2,909,0.7699104280453648,0.7082320449842352
rf,random_search,2,910,0.7699104280453648,0.7082671634996839
rf,random_search,2,911,0.7699104280453648,0.7082786439097116
rf,random_search,2,912,0.7699104280453648,0.7083069507771481
rf,random_search,2,913,0.7699104280453648,0.7082975995270362
rf,random_search,2,914,0.7699104280453648,0.7082857184900626
rf,random_search,2,915,0.7699104280453648,0.7082378985284513
rf,random_search,2,916,0.7699104280453648,0.7082161365219668
rf,random_search,2,917,0.7699104280453648,0.708214682172826
rf,random_search,2,918,0.7699104280453648,0.7082251593075481
rf,random_search,2,919,0.7699104280453648,0.7082169866396986
rf,random_search,2,920,0.7699104280453648,0.708195903489528
rf,random_search,2,921,0.7699104280453648,0.7081776934345597
rf,random_search,2,922,0.7699104280453648,0.7081664933524271
rf,random_search,2,923,0.7699104280453648,0.7081706185042073
rf,random_search,2,924,0.7699104280453648,0.7081552260538935
rf,random_search,2,925,0.7699104280453648,0.7081384060444815
rf,random_search,2,926,0.7699104280453648,0.7081758709068907
rf,random_search,2,927,0.7699104280453648,0.7081748102645389
rf,random_search,2,928,0.7699104280453648,0.7081941536181404
rf,random_search,2,929,0.7699104280453648,0.7081825597592055
rf,random_search,2,930,0.7699104280453648,0.7081678731946782
rf,random_search,2,931,0.7699104280453648,0.708160318892492
rf,random_search,2,932,0.7699104280453648,0.7081844486042963
rf,random_search,2,933,0.7699104280453648,0.7081687947172928
rf,random_search,2,934,0.7699104280453648,0.7081193868927159
rf,random_search,2,935,0.7699104280453648,0.7081472708460013
rf,random_search,2,936,0.7699104280453648,0.7081332508326836
rf,random_search,2,937,0.7699104280453648,0.7081336643572141
rf,random_search,2,938,0.7699104280453648,0.7081567871251041
rf,random_search,2,939,0.7699104280453648,0.7081348276943839
rf,random_search,2,940,0.7699104280453648,0.7081184411579051
rf,random_search,2,941,0.7699104280453648,0.7080689759222534
rf,random_search,2,942,0.7699104280453648,0.7080433017655944
rf,random_search,2,943,0.7699104280453648,0.7080208588585527
rf,random_search,2,944,0.7699104280453648,0.7080254060296458
rf,random_search,2,945,0.7699104280453648,0.7080314965398352
rf,random_search,2,946,0.7699104280453648,0.7080058995119798
rf,random_search,2,947,0.7699104280453648,0.707977099141519
rf,random_search,2,948,0.7699104280453648,0.7079281325383694
rf,random_search,2,949,0.7699104280453648,0.7079147226818014
rf,random_search,2,950,0.7699104280453648,0.7079377372261122
rf,random_search,2,951,0.7699104280453648,0.7078934745169155
rf,random_search,2,952,0.7699104280453648,0.7078864837800639
rf,random_search,2,953,0.7699104280453648,0.707868118868692
rf,random_search,2,954,0.7699104280453648,0.7078284298577288
rf,random_search,2,955,0.7699104280453648,0.7078122574076572
rf,random_search,2,956,0.7699104280453648,0.7077956716379602
rf,random_search,2,957,0.7699104280453648,0.7077962208374273
rf,random_search,2,958,0.7699104280453648,0.707813690938711
rf,random_search,2,959,0.7699104280453648,0.7077968706818523
rf,random_search,2,960,0.7699104280453648,0.7078202902711602
rf,random_search,2,961,0.7699104280453648,0.7078344014943401
rf,random_search,2,962,0.7699104280453648,0.707812903284985
rf,random_search,2,963,0.7699104280453648,0.7078485542735
rf,random_search,2,964,0.7699104280453648,0.7078584136459793
rf,random_search,2,965,0.7699104280453648,0.7078732447942554
rf,random_search,2,966,0.7699104280453648,0.7078698214904936
rf,random_search,2,967,0.7699104280453648,0.7078552946974649
rf,random_search,2,968,0.7699104280453648,0.7078473612403374
rf,random_search,2,969,0.7699104280453648,0.7078405177696119
rf,random_search,2,970,0.7699104280453648,0.7078367381377418
rf,random_search,2,971,0.7699104280453648,0.7078117270258262
rf,random_search,2,972,0.7699104280453648,0.7078075521454552
rf,random_search,2,973,0.7699104280453648,0.7077967513346485
rf,random_search,2,974,0.7699104280453648,0.7078030916709103
rf,random_search,2,975,0.7699104280453648,0.707764619480217
rf,random_search,2,976,0.7699104280453648,0.707755127943609
rf,random_search,2,977,0.7699104280453648,0.7077743986788525
rf,random_search,2,978,0.7699104280453648,0.707759227388145
rf,random_search,2,979,0.7699104280453648,0.7077617911081541
rf,random_search,2,980,0.7699104280453648,0.7077467921502654
rf,random_search,2,981,0.7699104280453648,0.7077807502855612
rf,random_search,2,982,0.7699104280453648,0.7077763193368941
rf,random_search,2,983,0.7699104280453648,0.7077669433817487
rf,random_search,2,984,0.7699104280453648,0.7077580801634006
rf,random_search,2,985,0.7699104280453648,0.7078084817858783
rf,random_search,2,986,0.7699104280453648,0.7077965271103954
rf,random_search,2,987,0.7699104280453648,0.7077770843176632
rf,random_search,2,988,0.7699104280453648,0.7077636996039319
rf,random_search,2,989,0.7699104280453648,0.7077863991465898
rf,random_search,2,990,0.7699104280453648,0.707775729775172
rf,random_search,2,991,0.7699104280453648,0.7078369842304335
rf,random_search,2,992,0.7699104280453648,0.707812413828054
rf,random_search,2,993,0.7699104280453648,0.7078676903858723
rf,random_search,2,994,0.7699104280453648,0.7078581778550443
rf,random_search,2,995,0.7699104280453648,0.7078975161198736
rf,random_search,2,996,0.7699104280453648,0.7079161136345659
rf,random_search,2,997,0.7699104280453648,0.7078992387004623
rf,random_search,2,998,0.7699104280453648,0.7079010516725134
rf,random_search,2,999,0.7699104280453648,0.7079157060062454
rf,random_search,2,1000,0.7699104280453648,0.7079009850241537
rf,random_search,3,1,0.6791831088615243,0.6791831088615243
rf,random_search,3,2,0.7690920918160317,0.724137600338778
rf,random_search,3,3,0.7690920918160317,0.7337404946644424
rf,random_search,3,4,0.7690920918160317,0.7236296931659619
rf,random_search,3,5,0.7690920918160317,0.7192060052419633
rf,random_search,3,6,0.7690920918160317,0.7204454838613894
rf,random_search,3,7,0.7690920918160317,0.7221117964740345
rf,random_search,3,8,0.7690920918160317,0.7218120613615747
rf,random_search,3,9,0.7690920918160317,0.7190898463381318
rf,random_search,3,10,0.7690920918160317,0.7224866191225604
rf,random_search,3,11,0.7690920918160317,0.7261848142940401
rf,random_search,3,12,0.7690920918160317,0.7260674197907023
rf,random_search,3,13,0.7690920918160317,0.7235331494204039
rf,random_search,3,14,0.7690920918160317,0.7214251510470622
rf,random_search,3,15,0.7690920918160317,0.7197379340436844
rf,random_search,3,16,0.7690920918160317,0.7178332648632891
rf,random_search,3,17,0.7690920918160317,0.7184920632411709
rf,random_search,3,18,0.7690920918160317,0.7169399168481203
rf,random_search,3,19,0.7690920918160317,0.7176311593777396
rf,random_search,3,20,0.7690920918160317,0.7171999769676388
rf,random_search,3,21,0.7690920918160317,0.715814821310994
rf,random_search,3,22,0.7690920918160317,0.7145529274278574
rf,random_search,3,23,0.7690920918160317,0.7158625878128824
rf,random_search,3,24,0.7690920918160317,0.7151459460925595
rf,random_search,3,25,0.7690920918160317,0.7145329575385244
rf,random_search,3,26,0.7690920918160317,0.7164730081736828
rf,random_search,3,27,0.7690920918160317,0.7153488076583261
rf,random_search,3,28,0.7690920918160317,0.7150359098872333
rf,random_search,3,29,0.7690920918160317,0.7143535501574996
rf,random_search,3,30,0.7690920918160317,0.7139490677159899
rf,random_search,3,31,0.7690920918160317,0.714109347307184
rf,random_search,3,32,0.7690920918160317,0.7135281901233006
rf,random_search,3,33,0.7690920918160317,0.7141549893928137
rf,random_search,3,34,0.7690920918160317,0.71349662106149
rf,random_search,3,35,0.7690920918160317,0.7139042430073538
rf,random_search,3,36,0.7690920918160317,0.7146009895975016
rf,random_search,3,37,0.7690920918160317,0.7145652823772363
rf,random_search,3,38,0.7690920918160317,0.7150423105662042
rf,random_search,3,39,0.7690920918160317,0.716403791735635
rf,random_search,3,40,0.7690920918160317,0.7161598324355672
rf,random_search,3,41,0.7690920918160317,0.7156763824035118
rf,random_search,3,42,0.7690920918160317,0.7152365105366724
rf,random_search,3,43,0.7690920918160317,0.7153790900592388
rf,random_search,3,44,0.7690920918160317,0.7155763891768765
rf,random_search,3,45,0.7690920918160317,0.7160421765016429
rf,random_search,3,46,0.7690920918160317,0.7157187293111452
rf,random_search,3,47,0.7690920918160317,0.7152059052737731
rf,random_search,3,48,0.7690920918160317,0.7154248130081835
rf,random_search,3,49,0.7690920918160317,0.7160889227239741
rf,random_search,3,50,0.7690920918160317,0.7161314661031413
rf,random_search,3,51,0.7690920918160317,0.7157125598726329
rf,random_search,3,52,0.7690920918160317,0.715359716330388
rf,random_search,3,53,0.7690920918160317,0.7161628861039303
rf,random_search,3,54,0.7690920918160317,0.717024426814937
rf,random_search,3,55,0.7690920918160317,0.7165381650144874
rf,random_search,3,56,0.7690920918160317,0.7173659496255865
rf,random_search,3,57,0.7690920918160317,0.7168989392488059
rf,random_search,3,58,0.7690920918160317,0.7168114812441869
rf,random_search,3,59,0.7690920918160317,0.7171085395900745
rf,random_search,3,60,0.7690920918160317,0.716976238630496
rf,random_search,3,61,0.7690920918160317,0.7173837644878225
rf,random_search,3,62,0.7690920918160317,0.7170951423617824
rf,random_search,3,63,0.7690920918160317,0.71623115105422
rf,random_search,3,64,0.7690920918160317,0.7160033408688202
rf,random_search,3,65,0.7690920918160317,0.7157063771971923
rf,random_search,3,66,0.7690920918160317,0.7153967191502385
rf,random_search,3,67,0.7690920918160317,0.7151574306379488
rf,random_search,3,68,0.7699104035441223,0.7159626214159808
rf,random_search,3,69,0.7699104035441223,0.7157129765602056
rf,random_search,3,70,0.7699104035441223,0.7157340875917698
rf,random_search,3,71,0.7699104035441223,0.7151342735543623
rf,random_search,3,72,0.7699104035441223,0.7157207348165167
rf,random_search,3,73,0.7699104035441223,0.7157896795634319
rf,random_search,3,74,0.7699104035441223,0.7155342132294562
rf,random_search,3,75,0.7699104035441223,0.7152891033183899
rf,random_search,3,76,0.7699104035441223,0.7145887054628443
rf,random_search,3,77,0.7699104035441223,0.7144243314479186
rf,random_search,3,78,0.7699104035441223,0.7148531310442474
rf,random_search,3,79,0.7699104035441223,0.7145473233000974
rf,random_search,3,80,0.7699104035441223,0.7151012965600466
rf,random_search,3,81,0.7699104035441223,0.7152124437738253
rf,random_search,3,82,0.7699104035441223,0.7149564573140074
rf,random_search,3,83,0.7699104035441223,0.7147909853484165
rf,random_search,3,84,0.7699104035441223,0.7146290269017916
rf,random_search,3,85,0.7699104035441223,0.714736684537178
rf,random_search,3,86,0.7699104035441223,0.7149053304563548
rf,random_search,3,87,0.7699104035441223,0.7143040919090801
rf,random_search,3,88,0.7699104035441223,0.7143880399468379
rf,random_search,3,89,0.7699104035441223,0.7143228636523695
rf,random_search,3,90,0.7699104035441223,0.7140228604878384
rf,random_search,3,91,0.7699104035441223,0.7137637501878388
rf,random_search,3,92,0.7699104035441223,0.7135650416826426
rf,random_search,3,93,0.7699104035441223,0.7133519591629289
rf,random_search,3,94,0.7699104035441223,0.7137123425468487
rf,random_search,3,95,0.7699104035441223,0.7139525215063547
rf,random_search,3,96,0.7699104035441223,0.7136536808274155
rf,random_search,3,97,0.7699104035441223,0.7135727752077556
rf,random_search,3,98,0.7699104035441223,0.7138686191101261
rf,random_search,3,99,0.7699104035441223,0.7139061172509918
rf,random_search,3,100,0.7699104035441223,0.7137507353601307
rf,random_search,3,101,0.7699104035441223,0.7140182796536164
rf,random_search,3,102,0.7699104035441223,0.714381556027364
rf,random_search,3,103,0.7699104035441223,0.7145422810074031
rf,random_search,3,104,0.7699104035441223,0.7147243234274268
rf,random_search,3,105,0.7699104035441223,0.7144828922751596
rf,random_search,3,106,0.7699104035441223,0.7148981033654862
rf,random_search,3,107,0.7699104035441223,0.7147156251416015
rf,random_search,3,108,0.7699104035441223,0.7145518949787738
rf,random_search,3,109,0.7699104035441223,0.7148478244587203
rf,random_search,3,110,0.7699104035441223,0.715347252775372
rf,random_search,3,111,0.7699104035441223,0.7155057188597489
rf,random_search,3,112,0.7699104035441223,0.7159639308023696
rf,random_search,3,113,0.7699104035441223,0.7160584938655458
rf,random_search,3,114,0.7699104035441223,0.7158168475091031
rf,random_search,3,115,0.7699104035441223,0.7158510565244003
rf,random_search,3,116,0.7699104035441223,0.7156823397949178
rf,random_search,3,117,0.7699104035441223,0.7157159151162554
rf,random_search,3,118,0.7699104035441223,0.7159288125725138
rf,random_search,3,119,0.7699104035441223,0.7158779741524974
rf,random_search,3,120,0.7699104035441223,0.7156887136810031
rf,random_search,3,121,0.7699104035441223,0.7154998317122327
rf,random_search,3,122,0.7699104035441223,0.715535766694527
rf,random_search,3,123,0.7699104035441223,0.7154709296668846
rf,random_search,3,124,0.7699104035441223,0.7152613013555594
rf,random_search,3,125,0.7699104035441223,0.715533978625632
rf,random_search,3,126,0.7699104035441223,0.7155889392973065
rf,random_search,3,127,0.7699104035441223,0.715250514603176
rf,random_search,3,128,0.7699104035441223,0.7148986445469716
rf,random_search,3,129,0.7699104035441223,0.7150671297666055
rf,random_search,3,130,0.7699104035441223,0.7149924219486095
rf,random_search,3,131,0.7699104035441223,0.7147960069676303
rf,random_search,3,132,0.7699104035441223,0.7145672940279681
rf,random_search,3,133,0.7699104035441223,0.7144604773474439
rf,random_search,3,134,0.7699104035441223,0.7144721516280647
rf,random_search,3,135,0.7699104035441223,0.7145816488811245
rf,random_search,3,136,0.7699104035441223,0.7145422827644965
rf,random_search,3,137,0.7699104035441223,0.714610518311414
rf,random_search,3,138,0.7699104035441223,0.714690813200146
rf,random_search,3,139,0.7699104035441223,0.7145981744006968
rf,random_search,3,140,0.7699104035441223,0.7145245075710245
rf,random_search,3,141,0.7699104035441223,0.7144361816501251
rf,random_search,3,142,0.7699104035441223,0.7141424048252754
rf,random_search,3,143,0.7699104035441223,0.7142071595204477
rf,random_search,3,144,0.7699104035441223,0.7144462108696151
rf,random_search,3,145,0.7699104035441223,0.7142689126283678
rf,random_search,3,146,0.7699104035441223,0.7143807537343044
rf,random_search,3,147,0.7699104035441223,0.7143874715881312
rf,random_search,3,148,0.7699104035441223,0.714309846346642
rf,random_search,3,149,0.7699104035441223,0.7141698709813797
rf,random_search,3,150,0.7699104035441223,0.7138783864215882
rf,random_search,3,151,0.7699104035441223,0.7137040309293131
rf,random_search,3,152,0.7699104035441223,0.7139493457945081
rf,random_search,3,153,0.7699104035441223,0.7140089657933316
rf,random_search,3,154,0.7699104035441223,0.7136926561306877
rf,random_search,3,155,0.7699104035441223,0.7134290786138835
rf,random_search,3,156,0.7699104035441223,0.7133931632095403
rf,random_search,3,157,0.7699104035441223,0.7132720861382187
rf,random_search,3,158,0.7699104035441223,0.7133973776496119
rf,random_search,3,159,0.7699104035441223,0.7137163798435056
rf,random_search,3,160,0.7699104035441223,0.7135949518214988
rf,random_search,3,161,0.7699104035441223,0.7138237007356919
rf,random_search,3,162,0.7699104035441223,0.7136585179121641
rf,random_search,3,163,0.7699104035441223,0.713751163917337
rf,random_search,3,164,0.7699104035441223,0.7138225206840632
rf,random_search,3,165,0.7699104035441223,0.7139008360133379
rf,random_search,3,166,0.7699104035441223,0.7136314671285682
rf,random_search,3,167,0.7699104035441223,0.7135054758838928
rf,random_search,3,168,0.7699104035441223,0.7135372521628399
rf,random_search,3,169,0.7699104035441223,0.713410645784965
rf,random_search,3,170,0.7699104035441223,0.713575199558493
rf,random_search,3,171,0.7699104035441223,0.7134217192963253
rf,random_search,3,172,0.7699104035441223,0.7131950727527808
rf,random_search,3,173,0.7699104035441223,0.7132380028946251
rf,random_search,3,174,0.7699104035441223,0.7134754176157141
rf,random_search,3,175,0.7699104035441223,0.7134754325421542
rf,random_search,3,176,0.7699104035441223,0.7133452847632775
rf,random_search,3,177,0.7699104035441223,0.7132200203996661
rf,random_search,3,178,0.7699104035441223,0.7129894202392264
rf,random_search,3,179,0.7699104035441223,0.7128992373836308
rf,random_search,3,180,0.7699104035441223,0.7130486743261827
rf,random_search,3,181,0.7699104035441223,0.7130062932011677
rf,random_search,3,182,0.7699104035441223,0.7129024720717625
rf,random_search,3,183,0.7699104035441223,0.7130343262013055
rf,random_search,3,184,0.7699104035441223,0.713081053242868
rf,random_search,3,185,0.7699104035441223,0.713004950525694
rf,random_search,3,186,0.7699104035441223,0.7129856438612409
rf,random_search,3,187,0.7699104035441223,0.7129644851368228
rf,random_search,3,188,0.7699104035441223,0.71289010191209
rf,random_search,3,189,0.7699104035441223,0.7128637012714829
rf,random_search,3,190,0.7699104035441223,0.712985230580086
rf,random_search,3,191,0.7699104035441223,0.7128647012987502
rf,random_search,3,192,0.7699104035441223,0.7131489422721918
rf,random_search,3,193,0.7699104035441223,0.7130496094550793
rf,random_search,3,194,0.7699104035441223,0.7132508176450019
rf,random_search,3,195,0.7699104035441223,0.7132046152896415
rf,random_search,3,196,0.7699104035441223,0.7131467222801117
rf,random_search,3,197,0.7699104035441223,0.713210247939089
rf,random_search,3,198,0.7699104035441223,0.7134008792260655
rf,random_search,3,199,0.7699104035441223,0.7132604508204776
rf,random_search,3,200,0.7699104035441223,0.7133350366018137
rf,random_search,3,201,0.7699104035441223,0.7132635880627985
rf,random_search,3,202,0.7699104035441223,0.7131447381476115
rf,random_search,3,203,0.7699104035441223,0.713203598768249
rf,random_search,3,204,0.7699104035441223,0.7131266029362477
rf,random_search,3,205,0.7699104035441223,0.7132514533676304
rf,random_search,3,206,0.7699104035441223,0.7133230816439464
rf,random_search,3,207,0.7699104035441223,0.7132702943812058
rf,random_search,3,208,0.7699104035441223,0.7133462890915448
rf,random_search,3,209,0.7699104035441223,0.7132531925765927
rf,random_search,3,210,0.7699104035441223,0.7131487912237192
rf,random_search,3,211,0.7699104035441223,0.7132012325121023
rf,random_search,3,212,0.7699104035441223,0.7131476230663107
rf,random_search,3,213,0.7699104035441223,0.7131882529033388
rf,random_search,3,214,0.7699104035441223,0.7132339190198346
rf,random_search,3,215,0.7699104035441223,0.7132588040806548
rf,random_search,3,216,0.7699104035441223,0.7131772265549963
rf,random_search,3,217,0.7699104035441223,0.7130616816491518
rf,random_search,3,218,0.7699104035441223,0.7131018767433682
rf,random_search,3,219,0.7699104035441223,0.712958048712644
rf,random_search,3,220,0.7699104035441223,0.7128261965038681
rf,random_search,3,221,0.7699104035441223,0.7130417278359941
rf,random_search,3,222,0.7699104035441223,0.7131193759214235
rf,random_search,3,223,0.7699104035441223,0.7130105767994844
rf,random_search,3,224,0.7699104035441223,0.7130185687554739
rf,random_search,3,225,0.7699104035441223,0.7129041683578063
rf,random_search,3,226,0.7699104035441223,0.7128471605763903
rf,random_search,3,227,0.7699104035441223,0.7129124156986298
rf,random_search,3,228,0.7699104035441223,0.7128447066825402
rf,random_search,3,229,0.7699104035441223,0.7127297773726857
rf,random_search,3,230,0.7699104035441223,0.7128847122649341
rf,random_search,3,231,0.7699104035441223,0.7128650847288683
rf,random_search,3,232,0.7699104035441223,0.7128294084747765
rf,random_search,3,233,0.7699104035441223,0.7127203168068843
rf,random_search,3,234,0.7699104035441223,0.7127107197236382
rf,random_search,3,235,0.7699104035441223,0.7127299713969888
rf,random_search,3,236,0.7699104035441223,0.7127126654210396
rf,random_search,3,237,0.7699104035441223,0.7129404029337553
rf,random_search,3,238,0.7699104035441223,0.7130537495776363
rf,random_search,3,239,0.7699104035441223,0.7130100242629259
rf,random_search,3,240,0.7699104035441223,0.7130853335203369
rf,random_search,3,241,0.7699104035441223,0.7132777411547012
rf,random_search,3,242,0.7699104035441223,0.7131620395104815
rf,random_search,3,243,0.7699104035441223,0.7132519765995019
rf,random_search,3,244,0.7699104035441223,0.7131435308440084
rf,random_search,3,245,0.7699104035441223,0.7130977692162488
rf,random_search,3,246,0.7699104035441223,0.7130546570879859
rf,random_search,3,247,0.7699104035441223,0.7131979405253672
rf,random_search,3,248,0.7699104035441223,0.7131218376555153
rf,random_search,3,249,0.7699104035441223,0.7130693101232283
rf,random_search,3,250,0.7699104035441223,0.7131061010929338
rf,random_search,3,251,0.7699104035441223,0.7130192252379879
rf,random_search,3,252,0.7699104035441223,0.7129751356936166
rf,random_search,3,253,0.7699104035441223,0.7130559899872766
rf,random_search,3,254,0.7699104035441223,0.713161768548555
rf,random_search,3,255,0.7699104035441223,0.713073258030913
rf,random_search,3,256,0.7699104035441223,0.7129827292254736
rf,random_search,3,257,0.7699104035441223,0.7131632669963587
rf,random_search,3,258,0.7699104035441223,0.7131167857353596
rf,random_search,3,259,0.7699104035441223,0.7129328397757683
rf,random_search,3,260,0.7699104035441223,0.7128614378526272
rf,random_search,3,261,0.7699104035441223,0.7129197241682604
rf,random_search,3,262,0.7699104035441223,0.712814533441982
rf,random_search,3,263,0.7699104035441223,0.7127714436866912
rf,random_search,3,264,0.7699104035441223,0.712729686120712
rf,random_search,3,265,0.7699104035441223,0.712659175579503
rf,random_search,3,266,0.7699104035441223,0.7125267797288812
rf,random_search,3,267,0.7699104035441223,0.7125469835808702
rf,random_search,3,268,0.7699104035441223,0.7124834778454393
rf,random_search,3,269,0.7699104035441223,0.7126715060108946
rf,random_search,3,270,0.7699104035441223,0.7126664068868708
rf,random_search,3,271,0.7699104035441223,0.7126745772173108
rf,random_search,3,272,0.7699104035441223,0.7126451465059723
rf,random_search,3,273,0.7699104035441223,0.7127262563897641
rf,random_search,3,274,0.7699104035441223,0.7126747163707172
rf,random_search,3,275,0.7699104035441223,0.7128533602597612
rf,random_search,3,276,0.7699104035441223,0.7128504941280793
rf,random_search,3,277,0.7699104035441223,0.7130483869598944
rf,random_search,3,278,0.7699104035441223,0.713048689939747
rf,random_search,3,279,0.7699104035441223,0.7130465294026674
rf,random_search,3,280,0.7699104035441223,0.7131291079226014
rf,random_search,3,281,0.7699104035441223,0.7130302286007929
rf,random_search,3,282,0.7699104035441223,0.713165969096741
rf,random_search,3,283,0.7699104035441223,0.7131484604927626
rf,random_search,3,284,0.7699104035441223,0.7131749022366546
rf,random_search,3,285,0.7699104035441223,0.7132116961362492
rf,random_search,3,286,0.7699104035441223,0.713112144047274
rf,random_search,3,287,0.7699104035441223,0.7129764687319713
rf,random_search,3,288,0.7699104035441223,0.7130251745477019
rf,random_search,3,289,0.7699104035441223,0.7130608813250514
rf,random_search,3,290,0.7699104035441223,0.7130813055895387
rf,random_search,3,291,0.7699104035441223,0.7131993067666158
rf,random_search,3,292,0.7699104035441223,0.7132757654211165
rf,random_search,3,293,0.7699104035441223,0.7132382560623434
rf,random_search,3,294,0.7699104035441223,0.7131935240678112
rf,random_search,3,295,0.7699104035441223,0.7130481971737644
rf,random_search,3,296,0.7699104035441223,0.713059475423241
rf,random_search,3,297,0.7699104035441223,0.7131442628769499
rf,random_search,3,298,0.7699104035441223,0.7130817519654609
rf,random_search,3,299,0.7699104035441223,0.7131122761909747
rf,random_search,3,300,0.7699104035441223,0.7130103971779169
rf,random_search,3,301,0.7699104035441223,0.7130801749730883
rf,random_search,3,302,0.7699104035441223,0.7131399633558736
rf,random_search,3,303,0.7699104035441223,0.713169086807931
rf,random_search,3,304,0.7699104035441223,0.7130866135734675
rf,random_search,3,305,0.7699104035441223,0.7130728269439273
rf,random_search,3,306,0.7699104035441223,0.7129911566863921
rf,random_search,3,307,0.7699104035441223,0.7129349443612253
rf,random_search,3,308,0.7699104035441223,0.7130406350392788
rf,random_search,3,309,0.7699104035441223,0.7131252942076703
rf,random_search,3,310,0.7699104035441223,0.713118293618072
rf,random_search,3,311,0.7699104035441223,0.7131452877800497
rf,random_search,3,312,0.7699104035441223,0.7130825754591934
rf,random_search,3,313,0.7699104035441223,0.7132582165003155
rf,random_search,3,314,0.7699104035441223,0.7131907517777106
rf,random_search,3,315,0.7699104035441223,0.7131429924330367
rf,random_search,3,316,0.7699104035441223,0.7130587108577399
rf,random_search,3,317,0.7699104035441223,0.7131974818383804
rf,random_search,3,318,0.7699104035441223,0.7131733764390967
rf,random_search,3,319,0.7699104035441223,0.7131929274585089
rf,random_search,3,320,0.7699104035441223,0.7131672132690126
rf,random_search,3,321,0.7699104035441223,0.7131546239424963
rf,random_search,3,322,0.7699104035441223,0.713165713902068
rf,random_search,3,323,0.7699104035441223,0.7131789742820636
rf,random_search,3,324,0.7699104035441223,0.7131338765761936
rf,random_search,3,325,0.7699104035441223,0.7130831541434628
rf,random_search,3,326,0.7699104035441223,0.7130444432662095
rf,random_search,3,327,0.7699104035441223,0.7130851251451037
rf,random_search,3,328,0.7699104035441223,0.7131835290655072
rf,random_search,3,329,0.7699104035441223,0.7131334955131534
rf,random_search,3,330,0.7699104035441223,0.7130681345741231
rf,random_search,3,331,0.7699104035441223,0.7129654733088368
rf,random_search,3,332,0.7699104035441223,0.7129491733328175
rf,random_search,3,333,0.7699104035441223,0.712887814098738
rf,random_search,3,334,0.7699104035441223,0.7129674769457315
rf,random_search,3,335,0.7699104035441223,0.7129454801954856
rf,random_search,3,336,0.7699104035441223,0.7128911599005767
rf,random_search,3,337,0.7699104035441223,0.712873703301638
rf,random_search,3,338,0.7699104035441223,0.7129110751208008
rf,random_search,3,339,0.7699104035441223,0.7128616227471053
rf,random_search,3,340,0.7699104035441223,0.7128402577770641
rf,random_search,3,341,0.7699104035441223,0.7128381928220858
rf,random_search,3,342,0.7699104035441223,0.712942546676299
rf,random_search,3,343,0.7699104035441223,0.7129000133409384
rf,random_search,3,344,0.7699104035441223,0.7130017804897822
rf,random_search,3,345,0.7699104035441223,0.7130635603307869
rf,random_search,3,346,0.7699104035441223,0.7130748911256054
rf,random_search,3,347,0.7699104035441223,0.7130356326762715
rf,random_search,3,348,0.7699104035441223,0.7129749333085816
rf,random_search,3,349,0.7699104035441223,0.7128330373731484
rf,random_search,3,350,0.7699104035441223,0.7129321536196932
rf,random_search,3,351,0.7699104035441223,0.712870271147035
rf,random_search,3,352,0.7699104035441223,0.7129949021790674
rf,random_search,3,353,0.7699104035441223,0.7129316869781573
rf,random_search,3,354,0.7699104035441223,0.712985547970735
rf,random_search,3,355,0.7699104035441223,0.7129594414663984
rf,random_search,3,356,0.7699104035441223,0.7130113679185559
rf,random_search,3,357,0.7699104035441223,0.7129546850370889
rf,random_search,3,358,0.7699104035441223,0.7128865697655987
rf,random_search,3,359,0.7699104035441223,0.7128586661798305
rf,random_search,3,360,0.7699104035441223,0.7128441777427488
rf,random_search,3,361,0.7699104035441223,0.7128068164763662
rf,random_search,3,362,0.7699104035441223,0.7127330537012018
rf,random_search,3,363,0.7699104035441223,0.7126869155876113
rf,random_search,3,364,0.7699104035441223,0.7126216735922543
rf,random_search,3,365,0.7699104035441223,0.7125565668516262
rf,random_search,3,366,0.7699104035441223,0.7125730998228413
rf,random_search,3,367,0.7699104035441223,0.7126527509309168
rf,random_search,3,368,0.7699104035441223,0.7125850017406217
rf,random_search,3,369,0.7699104035441223,0.7126057792480742
rf,random_search,3,370,0.7699104035441223,0.7125549937884471
rf,random_search,3,371,0.7699104035441223,0.7125736947430904
rf,random_search,3,372,0.7699104035441223,0.7124808595421281
rf,random_search,3,373,0.7699104035441223,0.7124535875675144
rf,random_search,3,374,0.7699104035441223,0.7124298349416113
rf,random_search,3,375,0.7699104035441223,0.7123629420234265
rf,random_search,3,376,0.7699104035441223,0.7123290940907765
rf,random_search,3,377,0.7699104035441223,0.7123224542961302
rf,random_search,3,378,0.7699104035441223,0.7123512782312986
rf,random_search,3,379,0.7699104035441223,0.7123820350027322
rf,random_search,3,380,0.7699104035441223,0.7123493494930352
rf,random_search,3,381,0.7699104035441223,0.7123013039352982
rf,random_search,3,382,0.7699104035441223,0.712233113860402
rf,random_search,3,383,0.7699104035441223,0.7122557260094472
rf,random_search,3,384,0.7699104035441223,0.7122142374221733
rf,random_search,3,385,0.7699104035441223,0.7123468692460394
rf,random_search,3,386,0.7699104035441223,0.7124856762854752
rf,random_search,3,387,0.7699104035441223,0.7125497115148095
rf,random_search,3,388,0.7699104035441223,0.7124740216475318
rf,random_search,3,389,0.7699104035441223,0.712438875039382
rf,random_search,3,390,0.7699104035441223,0.7123657114469873
rf,random_search,3,391,0.7699104035441223,0.7123806185513056
rf,random_search,3,392,0.7699104035441223,0.7123717889849998
rf,random_search,3,393,0.7699104035441223,0.712347267617992
rf,random_search,3,394,0.7699104035441223,0.7122998205354016
rf,random_search,3,395,0.7699104035441223,0.7122123190891858
rf,random_search,3,396,0.7699104035441223,0.7121500263107162
rf,random_search,3,397,0.7699104035441223,0.7121785769362924
rf,random_search,3,398,0.7699104035441223,0.7121227612424996
rf,random_search,3,399,0.7699104035441223,0.7120654514252152
rf,random_search,3,400,0.7699104035441223,0.7120801091342619
rf,random_search,3,401,0.7699104035441223,0.7120836712669154
rf,random_search,3,402,0.7699104035441223,0.7120362627845022
rf,random_search,3,403,0.7699104035441223,0.7120081317296733
rf,random_search,3,404,0.7699104035441223,0.7120069866549802
rf,random_search,3,405,0.7699104035441223,0.7120539633910337
rf,random_search,3,406,0.7699104035441223,0.71203837388247
rf,random_search,3,407,0.7699104035441223,0.7121333027728035
rf,random_search,3,408,0.7699104035441223,0.712159515124145
rf,random_search,3,409,0.7699104035441223,0.7122207243283446
rf,random_search,3,410,0.7699104035441223,0.7121814837359288
rf,random_search,3,411,0.7699104035441223,0.7120887902518982
rf,random_search,3,412,0.7699104035441223,0.7121366160913197
rf,random_search,3,413,0.7699104035441223,0.7121887646109191
rf,random_search,3,414,0.7699104035441223,0.7121852156258383
rf,random_search,3,415,0.7699104035441223,0.7121513525769245
rf,random_search,3,416,0.7699104035441223,0.7122091382655283
rf,random_search,3,417,0.7699104035441223,0.7121695740494602
rf,random_search,3,418,0.7699104035441223,0.7120618885887363
rf,random_search,3,419,0.7699104035441223,0.7120915796036259
rf,random_search,3,420,0.7699104035441223,0.7121368887107954
rf,random_search,3,421,0.7699104035441223,0.7120805761337822
rf,random_search,3,422,0.7699104035441223,0.7122079620875309
rf,random_search,3,423,0.7699104035441223,0.7121857078926785
rf,random_search,3,424,0.7699104035441223,0.7122467084074562
rf,random_search,3,425,0.7699104035441223,0.7121405799748632
rf,random_search,3,426,0.7699104035441223,0.7122002564384576
rf,random_search,3,427,0.7699104035441223,0.7122298117589227
rf,random_search,3,428,0.7699104035441223,0.7122166956559978
rf,random_search,3,429,0.7699104035441223,0.7122601765277247
rf,random_search,3,430,0.7699104035441223,0.7122258444203377
rf,random_search,3,431,0.7699104035441223,0.7122642756966417
rf,random_search,3,432,0.7699104035441223,0.7122308790527154
rf,random_search,3,433,0.7699104035441223,0.7121996808415539
rf,random_search,3,434,0.7699104035441223,0.7122315321578314
rf,random_search,3,435,0.7699104035441223,0.7123245880784325
rf,random_search,3,436,0.7699104035441223,0.7123026123024837
rf,random_search,3,437,0.7699104035441223,0.7122539935024602
rf,random_search,3,438,0.7699104035441223,0.7122028511618538
rf,random_search,3,439,0.7699104035441223,0.7123015788058148
rf,random_search,3,440,0.7699104035441223,0.7122683530572892
rf,random_search,3,441,0.7699104035441223,0.7123307616346395
rf,random_search,3,442,0.7699104035441223,0.7122596577655266
rf,random_search,3,443,0.7699104035441223,0.7123372443647459
rf,random_search,3,444,0.7699104035441223,0.7122997157448921
rf,random_search,3,445,0.7699104035441223,0.7124167572518251
rf,random_search,3,446,0.7699104035441223,0.7123610551284363
rf,random_search,3,447,0.7699104035441223,0.7123954630342518
rf,random_search,3,448,0.7699104035441223,0.712329498942683
rf,random_search,3,449,0.7699104035441223,0.7122733940519712
rf,random_search,3,450,0.7699104035441223,0.7123524331149997
rf,random_search,3,451,0.7699104035441223,0.7123748080151864
rf,random_search,3,452,0.7699104035441223,0.7124474618041072
rf,random_search,3,453,0.7699104035441223,0.7124059246298104
rf,random_search,3,454,0.7699104035441223,0.7125235336825462
rf,random_search,3,455,0.7699104035441223,0.7124524144462897
rf,random_search,3,456,0.7699104035441223,0.7124524973508516
rf,random_search,3,457,0.7699104035441223,0.7125680553319458
rf,random_search,3,458,0.7699104035441223,0.7125317335167266
rf,random_search,3,459,0.7699104035441223,0.7124691588272895
rf,random_search,3,460,0.7699104035441223,0.7124752028904079
rf,random_search,3,461,0.7699104035441223,0.712365391113219
rf,random_search,3,462,0.7699104035441223,0.7123706925565433
rf,random_search,3,463,0.7699104035441223,0.7123047835299139
rf,random_search,3,464,0.7699104035441223,0.7122652698543813
rf,random_search,3,465,0.7699104035441223,0.7122670714071425
rf,random_search,3,466,0.7699104035441223,0.712311219389401
rf,random_search,3,467,0.7699104035441223,0.71231144534049
rf,random_search,3,468,0.7699104035441223,0.7122888083187293
rf,random_search,3,469,0.7699104035441223,0.7123091706667628
rf,random_search,3,470,0.7699104035441223,0.7123713779688701
rf,random_search,3,471,0.7699104035441223,0.7124400892868569
rf,random_search,3,472,0.7699104035441223,0.7123840588973305
rf,random_search,3,473,0.7699104035441223,0.7123483408817574
rf,random_search,3,474,0.7699104035441223,0.7122976298115291
rf,random_search,3,475,0.7699104035441223,0.7123560216876784
rf,random_search,3,476,0.7699104035441223,0.7123233337715369
rf,random_search,3,477,0.7699104035441223,0.7122691274425548
rf,random_search,3,478,0.7699104035441223,0.7123820902842021
rf,random_search,3,479,0.7699104035441223,0.7124755423709438
rf,random_search,3,480,0.7699104035441223,0.7124206653531744
rf,random_search,3,481,0.7699104035441223,0.7123591438028214
rf,random_search,3,482,0.7699104035441223,0.7123328543709163
rf,random_search,3,483,0.7699104035441223,0.7123558509441275
rf,random_search,3,484,0.7699104035441223,0.7124376903544467
rf,random_search,3,485,0.7699104035441223,0.712420819704465
rf,random_search,3,486,0.7699104035441223,0.7123552834711947
rf,random_search,3,487,0.7699104035441223,0.7123459257228256
rf,random_search,3,488,0.7699104035441223,0.7123104918051892
rf,random_search,3,489,0.7699104035441223,0.7123403587207626
rf,random_search,3,490,0.7699104035441223,0.7124245400254823
rf,random_search,3,491,0.7699104035441223,0.7124446448587421
rf,random_search,3,492,0.7699104035441223,0.7124079209864376
rf,random_search,3,493,0.7699104035441223,0.7124840598973707
rf,random_search,3,494,0.7699104035441223,0.7124973516049776
rf,random_search,3,495,0.7699104035441223,0.7124740840343586
rf,random_search,3,496,0.7699104035441223,0.7124859593086886
rf,random_search,3,497,0.7699104035441223,0.7125488727548838
rf,random_search,3,498,0.7699104035441223,0.7126514186550301
rf,random_search,3,499,0.7699104035441223,0.7126147351150184
rf,random_search,3,500,0.7699104035441223,0.7126611755985711
rf,random_search,3,501,0.7699104035441223,0.7126198346954987
rf,random_search,3,502,0.7699104035441223,0.712690408129173
rf,random_search,3,503,0.7699104035441223,0.7126882047056732
rf,random_search,3,504,0.7699104035441223,0.712648988048143
rf,random_search,3,505,0.7699104035441223,0.712643763515454
rf,random_search,3,506,0.7699104035441223,0.7127422103671274
rf,random_search,3,507,0.7699104035441223,0.7127710513086046
rf,random_search,3,508,0.7699104035441223,0.7126705117190049
rf,random_search,3,509,0.7699104035441223,0.7126543269541967
rf,random_search,3,510,0.7699104035441223,0.7126144949564965
rf,random_search,3,511,0.7699104035441223,0.71261378979234
rf,random_search,3,512,0.7699104035441223,0.7125165197163957
rf,random_search,3,513,0.7699104035441223,0.7125089464987492
rf,random_search,3,514,0.7699104035441223,0.71247450094684
rf,random_search,3,515,0.7699104035441223,0.7124183103764758
rf,random_search,3,516,0.7699104035441223,0.7123297937866719
rf,random_search,3,517,0.7699104035441223,0.7123053993851401
rf,random_search,3,518,0.7699104035441223,0.7123508255128417
rf,random_search,3,519,0.7699104035441223,0.7123052315006884
rf,random_search,3,520,0.7699104035441223,0.7122094689264719
rf,random_search,3,521,0.7699104035441223,0.7122461638548896
rf,random_search,3,522,0.7699104035441223,0.7122580942520329
rf,random_search,3,523,0.7699104035441223,0.7122884319015197
rf,random_search,3,524,0.7699104035441223,0.7122845939148421
rf,random_search,3,525,0.7699104035441223,0.712244876196171
rf,random_search,3,526,0.7699104035441223,0.71229445254382
rf,random_search,3,527,0.7699104035441223,0.712321203161631
rf,random_search,3,528,0.7699104035441223,0.7122913518987402
rf,random_search,3,529,0.7699104035441223,0.7123293172987403
rf,random_search,3,530,0.7699104035441223,0.7123184680950753
rf,random_search,3,531,0.7699104035441223,0.712292361830085
rf,random_search,3,532,0.7699104035441223,0.7123002102228886
rf,random_search,3,533,0.7699104035441223,0.7123178552669622
rf,random_search,3,534,0.7699104035441223,0.7122998702079393
rf,random_search,3,535,0.7699104035441223,0.7122853728236106
rf,random_search,3,536,0.7699104035441223,0.7122972091143273
rf,random_search,3,537,0.7699104035441223,0.7122606900856704
rf,random_search,3,538,0.7699104035441223,0.7122148580658385
rf,random_search,3,539,0.7699104035441223,0.7122041430864844
rf,random_search,3,540,0.7699104035441223,0.7121630269784082
rf,random_search,3,541,0.7699104035441223,0.7121529395583399
rf,random_search,3,542,0.7699104035441223,0.7121447123149391
rf,random_search,3,543,0.7699104035441223,0.7122258748834307
rf,random_search,3,544,0.7699104035441223,0.7122425006383454
rf,random_search,3,545,0.7699104035441223,0.7123172007334764
rf,random_search,3,546,0.7699104035441223,0.7124101811565016
rf,random_search,3,547,0.7699104035441223,0.7124578367093147
rf,random_search,3,548,0.7699104035441223,0.7125249216480677
rf,random_search,3,549,0.7699104035441223,0.7124618921550621
rf,random_search,3,550,0.7699104035441223,0.7124228087540487
rf,random_search,3,551,0.7699104035441223,0.7123847802443394
rf,random_search,3,552,0.7699104035441223,0.7124668583002916
rf,random_search,3,553,0.7699104035441223,0.7124490475532989
rf,random_search,3,554,0.7699104035441223,0.7124042386812296
rf,random_search,3,555,0.7699104035441223,0.7123159980473568
rf,random_search,3,556,0.7699104035441223,0.7124075089764982
rf,random_search,3,557,0.7699104035441223,0.7123952437035231
rf,random_search,3,558,0.7699104035441223,0.7124233137248029
rf,random_search,3,559,0.7699104035441223,0.7125242664560931
rf,random_search,3,560,0.7699104035441223,0.7124619216494499
rf,random_search,3,561,0.7699104035441223,0.7124754403821415
rf,random_search,3,562,0.7699104035441223,0.7124369076534657
rf,random_search,3,563,0.7699104035441223,0.7124006722563093
rf,random_search,3,564,0.7699104035441223,0.7124180457668879
rf,random_search,3,565,0.7699104035441223,0.7123921466475501
rf,random_search,3,566,0.7699104035441223,0.7124690909722082
rf,random_search,3,567,0.7699104035441223,0.7124611383708607
rf,random_search,3,568,0.7699104035441223,0.7125535905438196
rf,random_search,3,569,0.7699104035441223,0.7125269736204666
rf,random_search,3,570,0.7699104035441223,0.7125368753152501
rf,random_search,3,571,0.7699104035441223,0.7126311134204756
rf,random_search,3,572,0.7699104035441223,0.7126469147474215
rf,random_search,3,573,0.7699104035441223,0.7125708856465512
rf,random_search,3,574,0.7699104035441223,0.7126312250541671
rf,random_search,3,575,0.7699104035441223,0.7126979006464114
rf,random_search,3,576,0.7699104035441223,0.7127390187202184
rf,random_search,3,577,0.7699104035441223,0.7127471306099284
rf,random_search,3,578,0.7699104035441223,0.712738056138305
rf,random_search,3,579,0.7699104035441223,0.7127045981383973
rf,random_search,3,580,0.7699104035441223,0.7126627063566353
rf,random_search,3,581,0.7699104035441223,0.7126360083756322
rf,random_search,3,582,0.7699104035441223,0.712564698150733
rf,random_search,3,583,0.7699104035441223,0.7126235608080815
rf,random_search,3,584,0.7699104035441223,0.7126617925239124
rf,random_search,3,585,0.7699104035441223,0.7126286309706733
rf,random_search,3,586,0.7699104035441223,0.7126183322622484
rf,random_search,3,587,0.7699104035441223,0.7126111122874664
rf,random_search,3,588,0.7699104035441223,0.7126095267645409
rf,random_search,3,589,0.7699104035441223,0.7126941714289006
rf,random_search,3,590,0.7699104035441223,0.7126832469041549
rf,random_search,3,591,0.7699104035441223,0.71267394293443
rf,random_search,3,592,0.7699104035441223,0.7127213327415645
rf,random_search,3,593,0.7699104035441223,0.7126454288582619
rf,random_search,3,594,0.7699104035441223,0.7126070087984515
rf,random_search,3,595,0.7699104035441223,0.7125806090079561
rf,random_search,3,596,0.7699104035441223,0.712520525054055
rf,random_search,3,597,0.7699104035441223,0.7124707512118729
rf,random_search,3,598,0.7699104035441223,0.7124204037912328
rf,random_search,3,599,0.7699104035441223,0.7124177124805279
rf,random_search,3,600,0.7699104035441223,0.7123822951980457
rf,random_search,3,601,0.7699104035441223,0.7124422896045932
rf,random_search,3,602,0.7699104035441223,0.7124844711894617
rf,random_search,3,603,0.7699104035441223,0.7124607054607078
rf,random_search,3,604,0.7699104035441223,0.7125292021817325
rf,random_search,3,605,0.7699104035441223,0.7124493406586052
rf,random_search,3,606,0.7699104035441223,0.7124213552148821
rf,random_search,3,607,0.7699104035441223,0.7123794453231803
rf,random_search,3,608,0.7699104035441223,0.7123592996639654
rf,random_search,3,609,0.7699104035441223,0.7123927483532035
rf,random_search,3,610,0.7699104035441223,0.7123544685773792
rf,random_search,3,611,0.7699104035441223,0.7123835408896445
rf,random_search,3,612,0.7699104035441223,0.7124491462391547
rf,random_search,3,613,0.7699104035441223,0.7124971677070984
rf,random_search,3,614,0.7699104035441223,0.7125138711746506
rf,random_search,3,615,0.7699104035441223,0.7124703048717519
rf,random_search,3,616,0.7699104035441223,0.7125414400031388
rf,random_search,3,617,0.7699104035441223,0.7125280118239496
rf,random_search,3,618,0.7699104035441223,0.7125498489536012
rf,random_search,3,619,0.7699104035441223,0.7125310723224851
rf,random_search,3,620,0.7699104035441223,0.7125098356650545
rf,random_search,3,621,0.7699104035441223,0.7124715346633329
rf,random_search,3,622,0.7699104035441223,0.7124702006607277
rf,random_search,3,623,0.7699104035441223,0.7125165884689424
rf,random_search,3,624,0.7699104035441223,0.7125028061460801
rf,random_search,3,625,0.7699104035441223,0.7124642299468482
rf,random_search,3,626,0.7699104035441223,0.7124335797056184
rf,random_search,3,627,0.7699104035441223,0.7124760824638019
rf,random_search,3,628,0.7699104035441223,0.7124636740594141
rf,random_search,3,629,0.7699104035441223,0.7123830697097172
rf,random_search,3,630,0.7699104035441223,0.712378379163351
rf,random_search,3,631,0.7699104035441223,0.7123501658078943
rf,random_search,3,632,0.7699104035441223,0.7123555706897693
rf,random_search,3,633,0.7699104035441223,0.7124187855228307
rf,random_search,3,634,0.7699104035441223,0.7123798763342556
rf,random_search,3,635,0.7699104035441223,0.7124492819068992
rf,random_search,3,636,0.7699104035441223,0.7124431055674445
rf,random_search,3,637,0.7699104035441223,0.7124020821137166
rf,random_search,3,638,0.7699104035441223,0.7123764423541846
rf,random_search,3,639,0.7699104035441223,0.7124185021160009
rf,random_search,3,640,0.7699104035441223,0.7123841319699015
rf,random_search,3,641,0.7699104035441223,0.712376400450722
rf,random_search,3,642,0.7699104035441223,0.7124338705536087
rf,random_search,3,643,0.7699104035441223,0.7123814699206386
rf,random_search,3,644,0.7699104035441223,0.712350601604699
rf,random_search,3,645,0.7699104035441223,0.7123928010068195
rf,random_search,3,646,0.7699104035441223,0.7124295587675072
rf,random_search,3,647,0.7699104035441223,0.7124404863158094
rf,random_search,3,648,0.7699104035441223,0.7125131304882006
rf,random_search,3,649,0.7699104035441223,0.7125564565667123
rf,random_search,3,650,0.7699104035441223,0.7125137970600482
rf,random_search,3,651,0.7699104035441223,0.7124827398800704
rf,random_search,3,652,0.7699104035441223,0.7125425276999063
rf,random_search,3,653,0.7699104035441223,0.7125041098831777
rf,random_search,3,654,0.7699104035441223,0.7125295643575763
rf,random_search,3,655,0.7699104035441223,0.7125263608270032
rf,random_search,3,656,0.7699104035441223,0.7125354851191346
rf,random_search,3,657,0.7699104035441223,0.7124639900207165
rf,random_search,3,658,0.7699104035441223,0.7124536563336048
rf,random_search,3,659,0.7699104035441223,0.7124819821555776
rf,random_search,3,660,0.7699104035441223,0.7124478636768339
rf,random_search,3,661,0.7699104035441223,0.7124938300694019
rf,random_search,3,662,0.7699104035441223,0.7125211437361856
rf,random_search,3,663,0.7699104035441223,0.7125043368444034
rf,random_search,3,664,0.7699104035441223,0.7124954258713617
rf,random_search,3,665,0.7699104035441223,0.7124791748579028
rf,random_search,3,666,0.7699104035441223,0.7125202512862199
rf,random_search,3,667,0.7699104035441223,0.712500791165548
rf,random_search,3,668,0.7699104035441223,0.7124868008371262
rf,random_search,3,669,0.7699104035441223,0.7124508299328794
rf,random_search,3,670,0.7699104035441223,0.7124111227150184
rf,random_search,3,671,0.7699104035441223,0.712407645714114
rf,random_search,3,672,0.7699104035441223,0.7123804823411766
rf,random_search,3,673,0.7699104035441223,0.7123773888242564
rf,random_search,3,674,0.7699104035441223,0.7124232837080805
rf,random_search,3,675,0.7699104035441223,0.7123627916218719
rf,random_search,3,676,0.7699104035441223,0.7123426787516476
rf,random_search,3,677,0.7699104035441223,0.7123316922289122
rf,random_search,3,678,0.7699104035441223,0.7123496986715062
rf,random_search,3,679,0.7699104035441223,0.7123372689357499
rf,random_search,3,680,0.7699104035441223,0.712344330768258
rf,random_search,3,681,0.7699104035441223,0.7122840651218885
rf,random_search,3,682,0.7699104035441223,0.712223586269898
rf,random_search,3,683,0.7699104035441223,0.7122764807611347
rf,random_search,3,684,0.7699104035441223,0.7122935147042069
rf,random_search,3,685,0.7699104035441223,0.7122825231665669
rf,random_search,3,686,0.7699104035441223,0.712237585422525
rf,random_search,3,687,0.7699104035441223,0.7122090834369783
rf,random_search,3,688,0.7699104035441223,0.7121734580873543
rf,random_search,3,689,0.7699104035441223,0.7121760597035189
rf,random_search,3,690,0.7699104035441223,0.7122096107076225
rf,random_search,3,691,0.7699104035441223,0.7122491623380137
rf,random_search,3,692,0.7699104035441223,0.7123046479657864
rf,random_search,3,693,0.7699104035441223,0.7123561185243419
rf,random_search,3,694,0.7699104035441223,0.7123365360514828
rf,random_search,3,695,0.7699104035441223,0.7123113527489013
rf,random_search,3,696,0.7699104035441223,0.7123512909076242
rf,random_search,3,697,0.7699104035441223,0.7122866397524911
rf,random_search,3,698,0.7699104035441223,0.7122720268794404
rf,random_search,3,699,0.7699104035441223,0.7122042020325615
rf,random_search,3,700,0.7699104035441223,0.712221148802427
rf,random_search,3,701,0.7699104035441223,0.7122033862787275
rf,random_search,3,702,0.7699104035441223,0.7122180986935663
rf,random_search,3,703,0.7699104035441223,0.7122864871511969
rf,random_search,3,704,0.7699104035441223,0.7123552898372921
rf,random_search,3,705,0.7699104035441223,0.7123424711612109
rf,random_search,3,706,0.7699104035441223,0.7123399839309734
rf,random_search,3,707,0.7699104035441223,0.7122732371529158
rf,random_search,3,708,0.7699104035441223,0.7122935958567234
rf,random_search,3,709,0.7699104035441223,0.7122645157431808
rf,random_search,3,710,0.7699104035441223,0.7122639294365443
rf,random_search,3,711,0.7699104035441223,0.7123142472622221
rf,random_search,3,712,0.7699104035441223,0.7122901523998929
rf,random_search,3,713,0.7699104035441223,0.712334808753688
rf,random_search,3,714,0.7699104035441223,0.7123118683629405
rf,random_search,3,715,0.7699104035441223,0.7122914991070294
rf,random_search,3,716,0.7699104035441223,0.712284285812259
rf,random_search,3,717,0.7699104035441223,0.7122728007216617
rf,random_search,3,718,0.7699104035441223,0.7122820554706865
rf,random_search,3,719,0.7699104035441223,0.7122520515548274
rf,random_search,3,720,0.7699104035441223,0.7122402990868661
rf,random_search,3,721,0.7699104035441223,0.7121820368172705
rf,random_search,3,722,0.7699104035441223,0.7121885042278839
rf,random_search,3,723,0.7699104035441223,0.7122327234629964
rf,random_search,3,724,0.7699104035441223,0.7121682822828392
rf,random_search,3,725,0.7699104035441223,0.7121506502398639
rf,random_search,3,726,0.7699104035441223,0.712093166899081
rf,random_search,3,727,0.7699104035441223,0.7120681272765289
rf,random_search,3,728,0.7699104035441223,0.712009749739503
rf,random_search,3,729,0.7699104035441223,0.7120081935607513
rf,random_search,3,730,0.7699104035441223,0.7119637334456451
rf,random_search,3,731,0.7699104035441223,0.7119708624310275
rf,random_search,3,732,0.7699104035441223,0.711935688116508
rf,random_search,3,733,0.7699104035441223,0.7119315327508372
rf,random_search,3,734,0.7699104035441223,0.711940397071803
rf,random_search,3,735,0.7699104035441223,0.7119896830429169
rf,random_search,3,736,0.7699104035441223,0.712044750363849
rf,random_search,3,737,0.7699104035441223,0.7120281144072633
rf,random_search,3,738,0.7699104035441223,0.7119633146157347
rf,random_search,3,739,0.7699104035441223,0.7119343747153547
rf,random_search,3,740,0.7699104035441223,0.711892389215614
rf,random_search,3,741,0.7699104035441223,0.7118795549517923
rf,random_search,3,742,0.7699104035441223,0.7118924394077195
rf,random_search,3,743,0.7699104035441223,0.711872459845448
rf,random_search,3,744,0.7699104035441223,0.7118489141241191
rf,random_search,3,745,0.7699104035441223,0.7118176665981535
rf,random_search,3,746,0.7699104035441223,0.7118006466542057
rf,random_search,3,747,0.7699104035441223,0.7117800868397299
rf,random_search,3,748,0.7699104035441223,0.7117557056437822
rf,random_search,3,749,0.7699104035441223,0.7117654338565108
rf,random_search,3,750,0.7699104035441223,0.7117657587990625
rf,random_search,3,751,0.7699104035441223,0.7118359696964194
rf,random_search,3,752,0.7699104035441223,0.7118829759512387
rf,random_search,3,753,0.7699104035441223,0.7118720043305353
rf,random_search,3,754,0.7699104035441223,0.7119175650613503
rf,random_search,3,755,0.7699104035441223,0.7118914395477169
rf,random_search,3,756,0.7699104035441223,0.7118596710749403
rf,random_search,3,757,0.7699104035441223,0.7119142305276925
rf,random_search,3,758,0.7699104035441223,0.7118803470691857
rf,random_search,3,759,0.7699104035441223,0.7118900659146755
rf,random_search,3,760,0.7699104035441223,0.711870206085392
rf,random_search,3,761,0.7699104035441223,0.7119298074123206
rf,random_search,3,762,0.7699104035441223,0.7119865501185124
rf,random_search,3,763,0.7699104035441223,0.712019442639365
rf,random_search,3,764,0.7699104035441223,0.7120580527357364
rf,random_search,3,765,0.7699104035441223,0.712084437373086
rf,random_search,3,766,0.7699104035441223,0.7120567435062627
rf,random_search,3,767,0.7699104035441223,0.7120162797345148
rf,random_search,3,768,0.7699104035441223,0.7119975001439801
rf,random_search,3,769,0.7699104035441223,0.7119465676213564
rf,random_search,3,770,0.7699104035441223,0.71197012837467
rf,random_search,3,771,0.7699104035441223,0.7119438439212543
rf,random_search,3,772,0.7699104035441223,0.7119189372498531
rf,random_search,3,773,0.7699104035441223,0.7118965286954005
rf,random_search,3,774,0.7699104035441223,0.7119511473736388
rf,random_search,3,775,0.7699104035441223,0.7119209208167979
rf,random_search,3,776,0.7699104035441223,0.7118950981624107
rf,random_search,3,777,0.7699104035441223,0.7118754670134112
rf,random_search,3,778,0.7699104035441223,0.7118556681156494
rf,random_search,3,779,0.7699104035441223,0.711882880767889
rf,random_search,3,780,0.7699104035441223,0.711830231656551
rf,random_search,3,781,0.7699104035441223,0.7117851989193962
rf,random_search,3,782,0.7699104035441223,0.7117756273906977
rf,random_search,3,783,0.7699104035441223,0.7117439733969202
rf,random_search,3,784,0.7699104035441223,0.711814881241414
rf,random_search,3,785,0.7699104035441223,0.7118338261377601
rf,random_search,3,786,0.7699104035441223,0.7118164301903642
rf,random_search,3,787,0.7699104035441223,0.7117957600534788
rf,random_search,3,788,0.7699104035441223,0.7118320356605926
rf,random_search,3,789,0.7699104035441223,0.7118515356078995
rf,random_search,3,790,0.7699104035441223,0.7118239216136886
rf,random_search,3,791,0.7699104035441223,0.7118073675718979
rf,random_search,3,792,0.7699104035441223,0.7117746709454775
rf,random_search,3,793,0.7699104035441223,0.7117752374578328
rf,random_search,3,794,0.7699104035441223,0.711744124822098
rf,random_search,3,795,0.7699104035441223,0.711771013123693
rf,random_search,3,796,0.7699104035441223,0.7117510054082266
rf,random_search,3,797,0.7699104035441223,0.7117952603191153
rf,random_search,3,798,0.7699104035441223,0.7117912028350734
rf,random_search,3,799,0.7699104035441223,0.711771438553178
rf,random_search,3,800,0.7699104035441223,0.7118062969748596
rf,random_search,3,801,0.7699104035441223,0.7117880182525432
rf,random_search,3,802,0.7699104035441223,0.7117619657891541
rf,random_search,3,803,0.7699104035441223,0.711780928910419
rf,random_search,3,804,0.7699104035441223,0.7118031020956638
rf,random_search,3,805,0.7699104035441223,0.7118556788800801
rf,random_search,3,806,0.7699104035441223,0.7118556059485245
rf,random_search,3,807,0.7699104035441223,0.7118010673590126
rf,random_search,3,808,0.7699104035441223,0.7117739854507008
rf,random_search,3,809,0.7699104035441223,0.7117597042860739
rf,random_search,3,810,0.7699104035441223,0.7117821866191457
rf,random_search,3,811,0.7699104035441223,0.7117632429971786
rf,random_search,3,812,0.7699104035441223,0.7117429032414326
rf,random_search,3,813,0.7699104035441223,0.7117292562013179
rf,random_search,3,814,0.7699104035441223,0.7117180434899426
rf,random_search,3,815,0.7699104035441223,0.7117068224336561
rf,random_search,3,816,0.7699104035441223,0.7116510694447551
rf,random_search,3,817,0.7699104035441223,0.7116324903545485
rf,random_search,3,818,0.7699104035441223,0.7117034105344839
rf,random_search,3,819,0.7699104035441223,0.7117244798191801
rf,random_search,3,820,0.7699104035441223,0.7116948466736204
rf,random_search,3,821,0.7699104035441223,0.7116440672183589
rf,random_search,3,822,0.7699104035441223,0.7116888204703062
rf,random_search,3,823,0.7699104035441223,0.7116729487346143
rf,random_search,3,824,0.7699104035441223,0.7116535247408992
rf,random_search,3,825,0.7699104035441223,0.7115942682622824
rf,random_search,3,826,0.7699104035441223,0.7115861256569137
rf,random_search,3,827,0.7699104035441223,0.7115374962825568
rf,random_search,3,828,0.7699104035441223,0.7115150767617339
rf,random_search,3,829,0.7699104035441223,0.7115843334850779
rf,random_search,3,830,0.7699104035441223,0.711565484545677
rf,random_search,3,831,0.7699104035441223,0.7115454479508398
rf,random_search,3,832,0.7699104035441223,0.7115720002522397
rf,random_search,3,833,0.7699104035441223,0.7115976743252695
rf,random_search,3,834,0.7699104035441223,0.711599178622471
rf,random_search,3,835,0.7699104035441223,0.7115681854528173
rf,random_search,3,836,0.7699104035441223,0.7115130054853339
rf,random_search,3,837,0.7699104035441223,0.711484800576364
rf,random_search,3,838,0.7699104035441223,0.7114865379379887
rf,random_search,3,839,0.7699104035441223,0.7114664870866668
rf,random_search,3,840,0.7699104035441223,0.7114363303694464
rf,random_search,3,841,0.7699104035441223,0.7114056740015625
rf,random_search,3,842,0.7699104035441223,0.7113852388842249
rf,random_search,3,843,0.7699104035441223,0.7113368599523859
rf,random_search,3,844,0.7699104035441223,0.711343988292805
rf,random_search,3,845,0.7699104035441223,0.7114037358168468
rf,random_search,3,846,0.7699104035441223,0.7114555191010826
rf,random_search,3,847,0.7699104035441223,0.7114326195198171
rf,random_search,3,848,0.7699104035441223,0.7113748218594068
rf,random_search,3,849,0.7699104035441223,0.7113702608107627
rf,random_search,3,850,0.7699104035441223,0.711351569398666
rf,random_search,3,851,0.7699104035441223,0.7113308333971075
rf,random_search,3,852,0.7699104035441223,0.7113070108880362
rf,random_search,3,853,0.7699104035441223,0.7113118752876302
rf,random_search,3,854,0.7699104035441223,0.7112897025809817
rf,random_search,3,855,0.7699104035441223,0.7113312699152948
rf,random_search,3,856,0.7699104035441223,0.7113115485375037
rf,random_search,3,857,0.7699104035441223,0.7112859329994065
rf,random_search,3,858,0.7699104035441223,0.7112921870413647
rf,random_search,3,859,0.7699104035441223,0.7113255176198878
rf,random_search,3,860,0.7699104035441223,0.7113580425172955
rf,random_search,3,861,0.7699104035441223,0.7113364513304279
rf,random_search,3,862,0.7699104035441223,0.7113437225385528
rf,random_search,3,863,0.7699104035441223,0.7113940850720388
rf,random_search,3,864,0.7699104035441223,0.7113687955249426
rf,random_search,3,865,0.7699104035441223,0.7113253427312831
rf,random_search,3,866,0.7699104035441223,0.7112997647376268
rf,random_search,3,867,0.7699104035441223,0.7112769009001183
rf,random_search,3,868,0.7699104035441223,0.7113386531739544
rf,random_search,3,869,0.7699104035441223,0.7112999942199443
rf,random_search,3,870,0.7699104035441223,0.7112735958657335
rf,random_search,3,871,0.7699104035441223,0.7112778048723916
rf,random_search,3,872,0.7699104035441223,0.7112587944397947
rf,random_search,3,873,0.7699104035441223,0.7112828130614262
rf,random_search,3,874,0.7699104035441223,0.7113097329736888
rf,random_search,3,875,0.7699104035441223,0.7113476296966271
rf,random_search,3,876,0.7699104035441223,0.7113444449033233
rf,random_search,3,877,0.7699104035441223,0.7113671035441753
rf,random_search,3,878,0.7699104035441223,0.7113480122477588
rf,random_search,3,879,0.7699104035441223,0.7113741416598235
rf,random_search,3,880,0.7699104035441223,0.7113637970297151
rf,random_search,3,881,0.7699104035441223,0.7113211474442073
rf,random_search,3,882,0.7699104035441223,0.7112961381933938
rf,random_search,3,883,0.7699104035441223,0.7113020452728603
rf,random_search,3,884,0.7699104035441223,0.7113447480564059
rf,random_search,3,885,0.7699104035441223,0.7113253836236673
rf,random_search,3,886,0.7699104035441223,0.7112787713209451
rf,random_search,3,887,0.7699104035441223,0.7112735321881707
rf,random_search,3,888,0.7699104035441223,0.7113229878088787
rf,random_search,3,889,0.7699104035441223,0.7113132458640311
rf,random_search,3,890,0.7699104035441223,0.7113522569641341
rf,random_search,3,891,0.7699104035441223,0.7113330141135488
rf,random_search,3,892,0.7699104035441223,0.7113169157518991
rf,random_search,3,893,0.7699104035441223,0.7112615488942865
rf,random_search,3,894,0.7699104035441223,0.7112586154153204
rf,random_search,3,895,0.7699104035441223,0.7112072450559428
rf,random_search,3,896,0.7699104035441223,0.7111534869118665
rf,random_search,3,897,0.7699104035441223,0.7111781323364101
rf,random_search,3,898,0.7699104035441223,0.7111561031436491
rf,random_search,3,899,0.7699104035441223,0.711147131700144
rf,random_search,3,900,0.7699104035441223,0.7111207812448942
rf,random_search,3,901,0.7699104035441223,0.7111188285263729
rf,random_search,3,902,0.7699104035441223,0.7110967251983559
rf,random_search,3,903,0.7699104035441223,0.711060158109299
rf,random_search,3,904,0.7699104035441223,0.7110404863292561
rf,random_search,3,905,0.7699104035441223,0.7110740404628854
rf,random_search,3,906,0.7699104035441223,0.7110542750462435
rf,random_search,3,907,0.7699104035441223,0.7110900504272011
rf,random_search,3,908,0.7699104035441223,0.7111209038895407
rf,random_search,3,909,0.7699104035441223,0.7110926369832201
rf,random_search,3,910,0.7699104035441223,0.7111010493984
rf,random_search,3,911,0.7699104035441223,0.7111321935594281
rf,random_search,3,912,0.7699104035441223,0.7111046789304468
rf,random_search,3,913,0.7699104035441223,0.711096636093672
rf,random_search,3,914,0.7699104035441223,0.7110514593710042
rf,random_search,3,915,0.7699104035441223,0.7110385968253294
rf,random_search,3,916,0.7699104035441223,0.7110843554357439
rf,random_search,3,917,0.7699104035441223,0.7111213331600993
rf,random_search,3,918,0.7699104035441223,0.71113135157371
rf,random_search,3,919,0.7699104035441223,0.7111388838800321
rf,random_search,3,920,0.7699104035441223,0.711131497922593
rf,random_search,3,921,0.7699104035441223,0.7111185115457789
rf,random_search,3,922,0.7699104035441223,0.7111162139497097
rf,random_search,3,923,0.7699104035441223,0.7110704019004505
rf,random_search,3,924,0.7699104035441223,0.7110927802712879
rf,random_search,3,925,0.7699104035441223,0.7110929584323281
rf,random_search,3,926,0.7699104035441223,0.711112690753297
rf,random_search,3,927,0.7699104035441223,0.7111201859168416
rf,random_search,3,928,0.7699104035441223,0.7111729632154076
rf,random_search,3,929,0.7699104035441223,0.711231583345842
rf,random_search,3,930,0.7699104035441223,0.7111835164813901
rf,random_search,3,931,0.7699104035441223,0.7111475203060051
rf,random_search,3,932,0.7699104035441223,0.7111407590229731
rf,random_search,3,933,0.7699104035441223,0.7111349133974477
rf,random_search,3,934,0.7699104035441223,0.7111421713563874
rf,random_search,3,935,0.7699104035441223,0.7111831337117867
rf,random_search,3,936,0.7699104035441223,0.7111676215346986
rf,random_search,3,937,0.7699104035441223,0.7111633393374875
rf,random_search,3,938,0.7699104035441223,0.7111440973618149
rf,random_search,3,939,0.7699104035441223,0.711123883465395
rf,random_search,3,940,0.7699104035441223,0.7110723223400279
rf,random_search,3,941,0.7699104035441223,0.7110888132573715
rf,random_search,3,942,0.7699104035441223,0.7111033186809138
rf,random_search,3,943,0.7699104035441223,0.7110746808946439
rf,random_search,3,944,0.7699104035441223,0.7110310262387096
rf,random_search,3,945,0.7699104035441223,0.7110068203285308
rf,random_search,3,946,0.7699104035441223,0.7109698731712758
rf,random_search,3,947,0.7699104035441223,0.7110008765634359
rf,random_search,3,948,0.7699104035441223,0.7110248320376449
rf,random_search,3,949,0.7699104035441223,0.7110063091770598
rf,random_search,3,950,0.7699104035441223,0.7110088192740822
rf,random_search,3,951,0.7699104035441223,0.710984556686112
rf,random_search,3,952,0.7699104035441223,0.7109873480616935
rf,random_search,3,953,0.7699104035441223,0.710983395936544
rf,random_search,3,954,0.7699104035441223,0.7109630165288974
rf,random_search,3,955,0.7699104035441223,0.7109742813424842
rf,random_search,3,956,0.7699104035441223,0.7109300138661624
rf,random_search,3,957,0.7699104035441223,0.7109572859796635
rf,random_search,3,958,0.7699104035441223,0.710941649160298
rf,random_search,3,959,0.7699104035441223,0.7109533277539377
rf,random_search,3,960,0.7699104035441223,0.7109258142154934
rf,random_search,3,961,0.7699104035441223,0.7108782576659384
rf,random_search,3,962,0.7699104035441223,0.7109105058187191
rf,random_search,3,963,0.7699104035441223,0.7108857126891414
rf,random_search,3,964,0.7699104035441223,0.7109032975414948
rf,random_search,3,965,0.7699104035441223,0.7108798557884315
rf,random_search,3,966,0.7699104035441223,0.7109003436380623
rf,random_search,3,967,0.7699104035441223,0.7108796766925308
rf,random_search,3,968,0.7699104035441223,0.7109076005124954
rf,random_search,3,969,0.7699104035441223,0.7108994870929175
rf,random_search,3,970,0.7699104035441223,0.7109089782811927
rf,random_search,3,971,0.7699104035441223,0.7109087305344707
rf,random_search,3,972,0.7699104035441223,0.7108914487770798
rf,random_search,3,973,0.7699104035441223,0.710874824495667
rf,random_search,3,974,0.7699104035441223,0.7108986711265934
rf,random_search,3,975,0.7699104035441223,0.7108803313847215
rf,random_search,3,976,0.7699104035441223,0.7108605790450333
rf,random_search,3,977,0.7699104035441223,0.7108203398972726
rf,random_search,3,978,0.7699104035441223,0.7107749927100285
rf,random_search,3,979,0.7699104035441223,0.7107720791600166
rf,random_search,3,980,0.7699104035441223,0.7107557316908129
rf,random_search,3,981,0.7699104035441223,0.7107717003911532
rf,random_search,3,982,0.7699104035441223,0.7107577246054483
rf,random_search,3,983,0.7699104035441223,0.710794143145962
rf,random_search,3,984,0.7699104035441223,0.7107714522514389
rf,random_search,3,985,0.7699104035441223,0.7107625447863464
rf,random_search,3,986,0.7699104035441223,0.7107192925939025
rf,random_search,3,987,0.7699104035441223,0.7106748942313713
rf,random_search,3,988,0.7699104035441223,0.710656911761003
rf,random_search,3,989,0.7699104035441223,0.7106085560728155
rf,random_search,3,990,0.7699104035441223,0.7106330689390755
rf,random_search,3,991,0.7699104035441223,0.7106010204021365
rf,random_search,3,992,0.7699104035441223,0.7105773607358449
rf,random_search,3,993,0.7699104035441223,0.7105511542046443
rf,random_search,3,994,0.7699104035441223,0.7105265755981833
rf,random_search,3,995,0.7699104035441223,0.7105105440555493
rf,random_search,3,996,0.7699104035441223,0.7104936111301591
rf,random_search,3,997,0.7699104035441223,0.7105382567110753
rf,random_search,3,998,0.7699104035441223,0.7105285535897251
rf,random_search,3,999,0.7699104035441223,0.7105024579017728
rf,random_search,3,1000,0.7699104035441223,0.7104961597220295
