model_type,optimizer,seed,evaluation_id,best_fitness_so_far,mean_fitness_so_far
svm,random_search,1,1,0.6208351947846765,0.6208351947846765
svm,random_search,1,2,0.6208351947846765,0.5375328522011946
svm,random_search,1,3,0.6520821457724123,0.5757159500582673
svm,random_search,1,4,0.6520821457724123,0.5903075274665199
svm,random_search,1,5,0.6530046971864305,0.6028469614105021
svm,random_search,1,6,0.6530046971864305,0.5733035753233451
svm,random_search,1,7,0.6530046971864305,0.5845355124519858
svm,random_search,1,8,0.6530046971864305,0.5927786815309194
svm,random_search,1,9,0.6530046971864305,0.5889428497355115
svm,random_search,1,10,0.6530046971864305,0.5770391262472809
svm,random_search,1,11,0.6530046971864305,0.5838820261436765
svm,random_search,1,12,0.6530046971864305,0.5893569149958487
svm,random_search,1,13,0.6530046971864305,0.5930822962703021
svm,random_search,1,14,0.6541778622336022,0.5974462652676806
svm,random_search,1,15,0.6541778622336022,0.6009420603711264
svm,random_search,1,16,0.6541778622336022,0.5965339174438261
svm,random_search,1,17,0.6541778622336022,0.5975527837132583
svm,random_search,1,18,0.6541778622336022,0.6004013829466982
svm,random_search,1,19,0.6541778622336022,0.602929939407658
svm,random_search,1,20,0.6541778622336022,0.6041481509695654
svm,random_search,1,21,0.6578734749170779,0.6067064997289708
svm,random_search,1,22,0.6578734749170779,0.6034787198068741
svm,random_search,1,23,0.6578734749170779,0.6017207776536256
svm,random_search,1,24,0.6578734749170779,0.6036072874067038
svm,random_search,1,25,0.6578734749170779,0.6005974028600083
svm,random_search,1,26,0.6596941014972649,0.6028703528075952
svm,random_search,1,27,0.6596941014972649,0.600134770840871
svm,random_search,1,28,0.6783388271934855,0.6029277728534643
svm,random_search,1,29,0.6783388271934855,0.6045420912121692
svm,random_search,1,30,0.6783388271934855,0.6060861771451475
svm,random_search,1,31,0.6783388271934855,0.6073104440184218
svm,random_search,1,32,0.6783388271934855,0.608762998687397
svm,random_search,1,33,0.6783388271934855,0.6099831229770644
svm,random_search,1,34,0.6783388271934855,0.6110882754427532
svm,random_search,1,35,0.6783388271934855,0.612094017734824
svm,random_search,1,36,0.6783388271934855,0.6132279627961492
svm,random_search,1,37,0.6783388271934855,0.6141316813469833
svm,random_search,1,38,0.6783388271934855,0.6149105445814694
svm,random_search,1,39,0.6783388271934855,0.6158634729022134
svm,random_search,1,40,0.6783388271934855,0.6168508559600991
svm,random_search,1,41,0.6783388271934855,0.61756075555737
svm,random_search,1,42,0.6783388271934855,0.6184938702066756
svm,random_search,1,43,0.6783388271934855,0.61913563909504
svm,random_search,1,44,0.6783388271934855,0.6158139872838357
svm,random_search,1,45,0.6783388271934855,0.6138705692050687
svm,random_search,1,46,0.6783388271934855,0.6120771059215329
svm,random_search,1,47,0.6783388271934855,0.612859037230759
svm,random_search,1,48,0.6783388271934855,0.612749413043341
svm,random_search,1,49,0.6783388271934855,0.613642142195635
svm,random_search,1,50,0.6783388271934855,0.6142558244871232
svm,random_search,1,51,0.6783388271934855,0.6150144477470371
svm,random_search,1,52,0.6783388271934855,0.6157338162565617
svm,random_search,1,53,0.6783388271934855,0.6164232523460008
svm,random_search,1,54,0.6783388271934855,0.6171572101714319
svm,random_search,1,55,0.6783388271934855,0.6146260356763054
svm,random_search,1,56,0.6783388271934855,0.6151948657430617
svm,random_search,1,57,0.6783388271934855,0.613936739238464
svm,random_search,1,58,0.6783388271934855,0.6145445452071188
svm,random_search,1,59,0.6783388271934855,0.6150541875697642
svm,random_search,1,60,0.6783388271934855,0.6153167245720741
svm,random_search,1,61,0.6783388271934855,0.6158263987855647
svm,random_search,1,62,0.6783388271934855,0.6135210446012509
svm,random_search,1,63,0.6783388271934855,0.6140972857803564
svm,random_search,1,64,0.6783388271934855,0.6146721206836252
svm,random_search,1,65,0.6783388271934855,0.6152491348715502
svm,random_search,1,66,0.6783388271934855,0.6157587917455256
svm,random_search,1,67,0.6783388271934855,0.6161024496306455
svm,random_search,1,68,0.6783388271934855,0.6150344943714499
svm,random_search,1,69,0.6783388271934855,0.6154243523523457
svm,random_search,1,70,0.6783388271934855,0.6158244792574604
svm,random_search,1,71,0.6783388271934855,0.6162703939976693
svm,random_search,1,72,0.6783388271934855,0.6142822380130352
svm,random_search,1,73,0.6783388271934855,0.6147692092646659
svm,random_search,1,74,0.6783388271934855,0.6128030148111467
svm,random_search,1,75,0.6783388271934855,0.6133289993679125
svm,random_search,1,76,0.6783388271934855,0.6114649592144245
svm,random_search,1,77,0.6783388271934855,0.6109121136266962
svm,random_search,1,78,0.6783388271934855,0.6088584585839845
svm,random_search,1,79,0.6783388271934855,0.6093256333020773
svm,random_search,1,80,0.6783388271934855,0.6098176587464043
svm,random_search,1,81,0.6783388271934855,0.6102456017480699
svm,random_search,1,82,0.6783388271934855,0.6108146222917615
svm,random_search,1,83,0.6783388271934855,0.6097032414232442
svm,random_search,1,84,0.6783388271934855,0.608163696607028
svm,random_search,1,85,0.6783388271934855,0.6086148371068989
svm,random_search,1,86,0.6783388271934855,0.6091158951374959
svm,random_search,1,87,0.6783388271934855,0.6091735056367631
svm,random_search,1,88,0.6783388271934855,0.6085621718621542
svm,random_search,1,89,0.6783388271934855,0.6078442793783274
svm,random_search,1,90,0.6783388271934855,0.6080978438633936
svm,random_search,1,91,0.6783388271934855,0.6065599406550171
svm,random_search,1,92,0.6783388271934855,0.606981514010799
svm,random_search,1,93,0.6783388271934855,0.607448694363236
svm,random_search,1,94,0.6783388271934855,0.606015695328072
svm,random_search,1,95,0.6783388271934855,0.6065534232155864
svm,random_search,1,96,0.6783388271934855,0.6070070815851972
svm,random_search,1,97,0.6783388271934855,0.6074297029149177
svm,random_search,1,98,0.6783388271934855,0.606883625856582
svm,random_search,1,99,0.6783388271934855,0.6062518487656325
svm,random_search,1,100,0.6783388271934855,0.6056026719315005
svm,random_search,1,101,0.6783388271934855,0.605194520814845
svm,random_search,1,102,0.6783388271934855,0.6047061701400126
svm,random_search,1,103,0.6783388271934855,0.6051725792366291
svm,random_search,1,104,0.6783388271934855,0.6056121377012423
svm,random_search,1,105,0.6783388271934855,0.6060514057320685
svm,random_search,1,106,0.6783388271934855,0.6064048306985249
svm,random_search,1,107,0.6783388271934855,0.6056754413811491
svm,random_search,1,108,0.6783388271934855,0.6060120644410794
svm,random_search,1,109,0.6783388271934855,0.6064071042794742
svm,random_search,1,110,0.6783388271934855,0.605183556884548
svm,random_search,1,111,0.6783388271934855,0.6055572024529637
svm,random_search,1,112,0.6783388271934855,0.6048679432680205
svm,random_search,1,113,0.6783388271934855,0.6043564418139523
svm,random_search,1,114,0.6783388271934855,0.6044582774877982
svm,random_search,1,115,0.6783388271934855,0.6032739571493333
svm,random_search,1,116,0.6783388271934855,0.6037448471857432
svm,random_search,1,117,0.6783388271934855,0.6041381203377896
svm,random_search,1,118,0.6783388271934855,0.6029498974016971
svm,random_search,1,119,0.6783388271934855,0.6033281038889668
svm,random_search,1,120,0.6783388271934855,0.60270337113772
svm,random_search,1,121,0.6783388271934855,0.6031163395561402
svm,random_search,1,122,0.6783388271934855,0.6034446882975789
svm,random_search,1,123,0.6783388271934855,0.6032554215157369
svm,random_search,1,124,0.6783388271934855,0.6020553337059633
svm,random_search,1,125,0.6783388271934855,0.6024209529982071
svm,random_search,1,126,0.6783388271934855,0.6025443812088301
svm,random_search,1,127,0.6783388271934855,0.6016859894467609
svm,random_search,1,128,0.6783388271934855,0.6011131315115466
svm,random_search,1,129,0.6783388271934855,0.6005491550947075
svm,random_search,1,130,0.6783388271934855,0.5999938552381276
svm,random_search,1,131,0.6783388271934855,0.6003466919278804
svm,random_search,1,132,0.6783388271934855,0.6006955801618032
svm,random_search,1,133,0.6783388271934855,0.6010897694736436
svm,random_search,1,134,0.6783388271934855,0.600661014591719
svm,random_search,1,135,0.6783388271934855,0.601047089433369
svm,random_search,1,136,0.6783388271934855,0.5996910938409306
svm,random_search,1,137,0.6783388271934855,0.6000588607743209
svm,random_search,1,138,0.6783388271934855,0.600430761397898
svm,random_search,1,139,0.6783388271934855,0.6004455620389432
svm,random_search,1,140,0.6783388271934855,0.6007959456938485
svm,random_search,1,141,0.6783388271934855,0.6011622945592027
svm,random_search,1,142,0.6783388271934855,0.6006507469784093
svm,random_search,1,143,0.6783388271934855,0.6010095297460203
svm,random_search,1,144,0.6783388271934855,0.6005436108873801
svm,random_search,1,145,0.6783388271934855,0.5997964148028067
svm,random_search,1,146,0.6783388271934855,0.6001833645308448
svm,random_search,1,147,0.6783388271934855,0.6001802272476059
svm,random_search,1,148,0.6783388271934855,0.6005300680886256
svm,random_search,1,149,0.6783388271934855,0.6008844267208523
svm,random_search,1,150,0.6783388271934855,0.6012271224335263
svm,random_search,1,151,0.6783388271934855,0.6015637151427633
svm,random_search,1,152,0.6783388271934855,0.6019367365820605
svm,random_search,1,153,0.6783388271934855,0.6022609541770939
svm,random_search,1,154,0.6783388271934855,0.6025444040328964
svm,random_search,1,155,0.6783388271934855,0.6028613359454134
svm,random_search,1,156,0.6783388271934855,0.6023837643928102
svm,random_search,1,157,0.6783388271934855,0.6027071783490188
svm,random_search,1,158,0.6783388271934855,0.6018262565580904
svm,random_search,1,159,0.6783388271934855,0.6021462766957708
svm,random_search,1,160,0.6783388271934855,0.6024627577562873
svm,random_search,1,161,0.6783388271934855,0.6024667255656524
svm,random_search,1,162,0.6783388271934855,0.6027721749219112
svm,random_search,1,163,0.6783388271934855,0.6023594862382954
svm,random_search,1,164,0.6783388271934855,0.6026054809304288
svm,random_search,1,165,0.6783388271934855,0.6028928603524717
svm,random_search,1,166,0.6783388271934855,0.6024438682644406
svm,random_search,1,167,0.6783388271934855,0.6027315145998192
svm,random_search,1,168,0.6783388271934855,0.6030070400299942
svm,random_search,1,169,0.6783388271934855,0.602608079231122
svm,random_search,1,170,0.6783388271934855,0.6017433234831627
svm,random_search,1,171,0.6783388271934855,0.6019893685579121
svm,random_search,1,172,0.6783388271934855,0.6022441344520846
svm,random_search,1,173,0.6783388271934855,0.6025362680541331
svm,random_search,1,174,0.6783388271934855,0.6019992344305036
svm,random_search,1,175,0.6783388271934855,0.6019742863004601
svm,random_search,1,176,0.6783388271934855,0.6022319044538584
svm,random_search,1,177,0.6783388271934855,0.6023992215493714
svm,random_search,1,178,0.6783388271934855,0.6026370880033358
svm,random_search,1,179,0.6783388271934855,0.6028580308089583
svm,random_search,1,180,0.6783388271934855,0.6031210426783802
svm,random_search,1,181,0.6783388271934855,0.6033766654986644
svm,random_search,1,182,0.6783388271934855,0.6034565413880385
svm,random_search,1,183,0.6783388271934855,0.6037269736551563
svm,random_search,1,184,0.6783388271934855,0.6033173714817007
svm,random_search,1,185,0.6783388271934855,0.603539916180898
svm,random_search,1,186,0.6783388271934855,0.6031250619112191
svm,random_search,1,187,0.6783388271934855,0.6025281117716562
svm,random_search,1,188,0.6783388271934855,0.6028265118752516
svm,random_search,1,189,0.6783388271934855,0.6024191519798241
svm,random_search,1,190,0.6783388271934855,0.6027377398296594
svm,random_search,1,191,0.6783388271934855,0.6026983616404306
svm,random_search,1,192,0.6783388271934855,0.6029603349231174
svm,random_search,1,193,0.6783388271934855,0.6022341858117035
svm,random_search,1,194,0.6783388271934855,0.6024479218243443
svm,random_search,1,195,0.6783388271934855,0.6026593519593257
svm,random_search,1,196,0.6783388271934855,0.6029136925401022
svm,random_search,1,197,0.6783388271934855,0.6031675095221921
svm,random_search,1,198,0.6783388271934855,0.6033300979520065
svm,random_search,1,199,0.6783388271934855,0.6032452828686311
svm,random_search,1,200,0.6783388271934855,0.602954208725661
svm,random_search,1,201,0.6783388271934855,0.6031980388245398
svm,random_search,1,202,0.6783388271934855,0.6027458023968087
svm,random_search,1,203,0.6783388271934855,0.6025054110149095
svm,random_search,1,204,0.6783388271934855,0.6021423519212723
svm,random_search,1,205,0.6783388271934855,0.6023906046624885
svm,random_search,1,206,0.6783388271934855,0.6026327940083017
svm,random_search,1,207,0.6783388271934855,0.6028960854517941
svm,random_search,1,208,0.6783388271934855,0.6030874623474323
svm,random_search,1,209,0.6783388271934855,0.6033201918147268
svm,random_search,1,210,0.6783388271934855,0.6035517238595994
svm,random_search,1,211,0.6783388271934855,0.6037780190138332
svm,random_search,1,212,0.6783388271934855,0.604006112204918
svm,random_search,1,213,0.6783388271934855,0.6042317864759775
svm,random_search,1,214,0.6783388271934855,0.6038772462295445
svm,random_search,1,215,0.6783388271934855,0.6038715801874623
svm,random_search,1,216,0.6783388271934855,0.6036057323680379
svm,random_search,1,217,0.6783388271934855,0.6029734825052685
svm,random_search,1,218,0.6783388271934855,0.6032311121798513
svm,random_search,1,219,0.6783388271934855,0.6032708885696516
svm,random_search,1,220,0.6783388271934855,0.6029303853204229
svm,random_search,1,221,0.6783388271934855,0.6031078612948588
svm,random_search,1,222,0.6783388271934855,0.602802998794095
svm,random_search,1,223,0.6783388271934855,0.6029914177039837
svm,random_search,1,224,0.6783388271934855,0.6032010199296661
svm,random_search,1,225,0.6783388271934855,0.6033936383067002
svm,random_search,1,226,0.6783388271934855,0.60282162976157
svm,random_search,1,227,0.6783388271934855,0.6028447168735734
svm,random_search,1,228,0.6783388271934855,0.6029973926804187
svm,random_search,1,229,0.6783388271934855,0.6032116721035902
svm,random_search,1,230,0.6783388271934855,0.6033406623052775
svm,random_search,1,231,0.6783388271934855,0.6035465532851159
svm,random_search,1,232,0.6783388271934855,0.6031498190749517
svm,random_search,1,233,0.6783388271934855,0.6033272993356867
svm,random_search,1,234,0.6783388271934855,0.6035334112398104
svm,random_search,1,235,0.6783388271934855,0.6032891590379029
svm,random_search,1,236,0.6783388271934855,0.603452254635393
svm,random_search,1,237,0.6783388271934855,0.6036281413701949
svm,random_search,1,238,0.6783388271934855,0.6038234519223639
svm,random_search,1,239,0.6783388271934855,0.6040282437163752
svm,random_search,1,240,0.6783388271934855,0.6042292678032386
svm,random_search,1,241,0.6783388271934855,0.6039144582843011
svm,random_search,1,242,0.6783388271934855,0.6040755916758228
svm,random_search,1,243,0.6783388271934855,0.6042634324901383
svm,random_search,1,244,0.6783388271934855,0.6038785819553159
svm,random_search,1,245,0.6783388271934855,0.6041017284050076
svm,random_search,1,246,0.6783388271934855,0.6041428824927884
svm,random_search,1,247,0.6783388271934855,0.6041571038201617
svm,random_search,1,248,0.6783388271934855,0.6043313362704208
svm,random_search,1,249,0.6783388271934855,0.6037887171547667
svm,random_search,1,250,0.6783388271934855,0.6039756035445045
svm,random_search,1,251,0.6783388271934855,0.6036743468520536
svm,random_search,1,252,0.6783388271934855,0.6035731472159991
svm,random_search,1,253,0.6783388271934855,0.6037587570725498
svm,random_search,1,254,0.6783388271934855,0.603942324904212
svm,random_search,1,255,0.6783388271934855,0.6037638222088356
svm,random_search,1,256,0.6783388271934855,0.6039340305973009
svm,random_search,1,257,0.6783388271934855,0.6040410080331955
svm,random_search,1,258,0.6783388271934855,0.6042299600927368
svm,random_search,1,259,0.6783388271934855,0.603938536826459
svm,random_search,1,260,0.6783388271934855,0.6041841838196974
svm,random_search,1,261,0.6783388271934855,0.6036850031756612
svm,random_search,1,262,0.6783388271934855,0.6038533609719436
svm,random_search,1,263,0.6783388271934855,0.6040300341577781
svm,random_search,1,264,0.6783388271934855,0.6042004497717559
svm,random_search,1,265,0.6783388271934855,0.6043979753375054
svm,random_search,1,266,0.6783388271934855,0.6045326565058807
svm,random_search,1,267,0.6783388271934855,0.6047031162031028
svm,random_search,1,268,0.6783388271934855,0.6042086215678596
svm,random_search,1,269,0.6783388271934855,0.6043876050465178
svm,random_search,1,270,0.6783388271934855,0.6045627754062776
svm,random_search,1,271,0.6783388271934855,0.6045217907578884
svm,random_search,1,272,0.6783388271934855,0.6047067866858998
svm,random_search,1,273,0.6783388271934855,0.6048481040184893
svm,random_search,1,274,0.6783388271934855,0.6046151643474685
svm,random_search,1,275,0.6783388271934855,0.6047789705930623
svm,random_search,1,276,0.6783388271934855,0.604923913509168
svm,random_search,1,277,0.6783388271934855,0.6050867537133582
svm,random_search,1,278,0.6783388271934855,0.6052552180401062
svm,random_search,1,279,0.6783388271934855,0.6047842184238548
svm,random_search,1,280,0.6783388271934855,0.6049532713965229
svm,random_search,1,281,0.6783388271934855,0.6051180484773997
svm,random_search,1,282,0.6783388271934855,0.604750411676124
svm,random_search,1,283,0.6783388271934855,0.6048938282341942
svm,random_search,1,284,0.6783388271934855,0.6049468713201234
svm,random_search,1,285,0.6783388271934855,0.604609426762287
svm,random_search,1,286,0.6783388271934855,0.6046872971698641
svm,random_search,1,287,0.6783388271934855,0.6048536186773532
svm,random_search,1,288,0.6783388271934855,0.6044954144744095
svm,random_search,1,289,0.6783388271934855,0.604672127714563
svm,random_search,1,290,0.6783388271934855,0.6048469602537354
svm,random_search,1,291,0.6783388271934855,0.6042290279482688
svm,random_search,1,292,0.6783388271934855,0.6038576405552138
svm,random_search,1,293,0.6783388271934855,0.6040012488941656
svm,random_search,1,294,0.6783388271934855,0.6040916699113829
svm,random_search,1,295,0.6783388271934855,0.6042398409799337
svm,random_search,1,296,0.6783388271934855,0.6041731166070936
svm,random_search,1,297,0.6783388271934855,0.6042248730094817
svm,random_search,1,298,0.6783388271934855,0.6043722443861385
svm,random_search,1,299,0.6783388271934855,0.6045453038921087
svm,random_search,1,300,0.6783388271934855,0.6041429238582682
svm,random_search,1,301,0.6783388271934855,0.6039752995302212
svm,random_search,1,302,0.6783388271934855,0.6040021453142136
svm,random_search,1,303,0.6783388271934855,0.6041391495284834
svm,random_search,1,304,0.6783388271934855,0.6037744882194884
svm,random_search,1,305,0.6783388271934855,0.6031923586529572
svm,random_search,1,306,0.6783388271934855,0.6027081358645939
svm,random_search,1,307,0.6783388271934855,0.6028612718274824
svm,random_search,1,308,0.6783388271934855,0.6026263579119436
svm,random_search,1,309,0.6783388271934855,0.6027710513191613
svm,random_search,1,310,0.6783388271934855,0.602531016230194
svm,random_search,1,311,0.6783388271934855,0.6026902495656276
svm,random_search,1,312,0.6783388271934855,0.6028539726467426
svm,random_search,1,313,0.6783388271934855,0.6029117301130399
svm,random_search,1,314,0.6783388271934855,0.6024749112561697
svm,random_search,1,315,0.6783388271934855,0.6025966672285238
svm,random_search,1,316,0.6783388271934855,0.6025297042127403
svm,random_search,1,317,0.6783388271934855,0.6026854855973096
svm,random_search,1,318,0.6783388271934855,0.6024517582015297
svm,random_search,1,319,0.6783388271934855,0.6020602408682033
svm,random_search,1,320,0.6783388271934855,0.602045422395429
svm,random_search,1,321,0.6783388271934855,0.6018158733341951
svm,random_search,1,322,0.6783388271934855,0.6019771827256681
svm,random_search,1,323,0.6783388271934855,0.6021146002212766
svm,random_search,1,324,0.6783388271934855,0.6019102644626536
svm,random_search,1,325,0.6783388271934855,0.6020859785448891
svm,random_search,1,326,0.6783388271934855,0.6018598257694119
svm,random_search,1,327,0.6783388271934855,0.6016350561913382
svm,random_search,1,328,0.6783388271934855,0.6014116571594723
svm,random_search,1,329,0.6783388271934855,0.6014737062249788
svm,random_search,1,330,0.6783388271934855,0.6016174497312617
svm,random_search,1,331,0.6783388271934855,0.6017557098410163
svm,random_search,1,332,0.6783388271934855,0.6015346389491437
svm,random_search,1,333,0.6783388271934855,0.6013697407759908
svm,random_search,1,334,0.6783388271934855,0.6013823181327673
svm,random_search,1,335,0.6783388271934855,0.6015240771308284
svm,random_search,1,336,0.6783388271934855,0.6016682668663078
svm,random_search,1,337,0.6783388271934855,0.6017982865396171
svm,random_search,1,338,0.6783388271934855,0.6016009266099747
svm,random_search,1,339,0.6783388271934855,0.6013965201061995
svm,random_search,1,340,0.6783388271934855,0.6015546685649158
svm,random_search,1,341,0.6783388271934855,0.6017016529896902
svm,random_search,1,342,0.6783388271934855,0.601692108525156
svm,random_search,1,343,0.6783388271934855,0.6015364269617415
svm,random_search,1,344,0.6783388271934855,0.6016828901836488
svm,random_search,1,345,0.6783388271934855,0.6018270714126901
svm,random_search,1,346,0.6783388271934855,0.601962208085892
svm,random_search,1,347,0.6783388271934855,0.6020867605472255
svm,random_search,1,348,0.6783388271934855,0.6021993575297411
svm,random_search,1,349,0.6783388271934855,0.6021162665511013
svm,random_search,1,350,0.6783388271934855,0.6022606497129818
svm,random_search,1,351,0.6783388271934855,0.6023801145576595
svm,random_search,1,352,0.6783388271934855,0.6022537706446673
svm,random_search,1,353,0.6783388271934855,0.6023785378622055
svm,random_search,1,354,0.6783388271934855,0.602494386615458
svm,random_search,1,355,0.6783388271934855,0.6022855578467928
svm,random_search,1,356,0.6783388271934855,0.6024209827960094
svm,random_search,1,357,0.6783388271934855,0.6025559340412764
svm,random_search,1,358,0.6783388271934855,0.6026950176580462
svm,random_search,1,359,0.6783388271934855,0.6028179912586404
svm,random_search,1,360,0.6783388271934855,0.6026584159683597
svm,random_search,1,361,0.6783388271934855,0.602533824276383
svm,random_search,1,362,0.6783388271934855,0.6022036948221281
svm,random_search,1,363,0.6783388271934855,0.6022876900923583
svm,random_search,1,364,0.6783388271934855,0.6022245696341414
svm,random_search,1,365,0.6783388271934855,0.6020222014262103
svm,random_search,1,366,0.6783388271934855,0.6016117450612072
svm,random_search,1,367,0.6783388271934855,0.6017241510885375
svm,random_search,1,368,0.6783388271934855,0.6017525012761619
svm,random_search,1,369,0.6783388271934855,0.6018863562216524
svm,random_search,1,370,0.6783388271934855,0.6020063439576764
svm,random_search,1,371,0.6783388271934855,0.6019118715664716
svm,random_search,1,372,0.6783388271934855,0.6020487019797818
svm,random_search,1,373,0.6783388271934855,0.6016505666019563
svm,random_search,1,374,0.6783388271934855,0.6017167968386413
svm,random_search,1,375,0.6783388271934855,0.6018441976830704
svm,random_search,1,376,0.6783388271934855,0.6013021884030549
svm,random_search,1,377,0.6783388271934855,0.6014518368302683
svm,random_search,1,378,0.6783388271934855,0.6014332824355004
svm,random_search,1,379,0.6783388271934855,0.6015154155739787
svm,random_search,1,380,0.6783388271934855,0.6016264244790781
svm,random_search,1,381,0.6783388271934855,0.6014248707538219
svm,random_search,1,382,0.6783388271934855,0.601241387479658
svm,random_search,1,383,0.6783388271934855,0.6013651130341878
svm,random_search,1,384,0.6783388271934855,0.6011868536957169
svm,random_search,1,385,0.6783388271934855,0.6007944470488013
svm,random_search,1,386,0.6783388271934855,0.6006067934910047
svm,random_search,1,387,0.6783388271934855,0.6007356289080762
svm,random_search,1,388,0.6783388271934855,0.6005495126946186
svm,random_search,1,389,0.6783388271934855,0.6002169300135471
svm,random_search,1,390,0.6783388271934855,0.6001991458378769
svm,random_search,1,391,0.6783388271934855,0.6000156598254306
svm,random_search,1,392,0.6783388271934855,0.600134306210676
svm,random_search,1,393,0.6783388271934855,0.5999516748303417
svm,random_search,1,394,0.6783388271934855,0.5999453082244259
svm,random_search,1,395,0.6783388271934855,0.5999736638888453
svm,random_search,1,396,0.6783388271934855,0.6000919443850118
svm,random_search,1,397,0.6783388271934855,0.6002201325783385
svm,random_search,1,398,0.6783388271934855,0.6003468420717234
svm,random_search,1,399,0.6783388271934855,0.600426158794385
svm,random_search,1,400,0.6783388271934855,0.6001168310685202
svm,random_search,1,401,0.6783388271934855,0.600287753880277
svm,random_search,1,402,0.6783388271934855,0.6004011935048461
svm,random_search,1,403,0.6783388271934855,0.6005379495306927
svm,random_search,1,404,0.6783388271934855,0.6003959193141089
svm,random_search,1,405,0.6783388271934855,0.6002125671482159
svm,random_search,1,406,0.6783388271934855,0.6003401974102582
svm,random_search,1,407,0.6783388271934855,0.600451734471077
svm,random_search,1,408,0.6783388271934855,0.600431998272364
svm,random_search,1,409,0.6783388271934855,0.6005585528675045
svm,random_search,1,410,0.6783388271934855,0.6006850660804472
svm,random_search,1,411,0.6783388271934855,0.6008041053373958
svm,random_search,1,412,0.6783388271934855,0.6007317860344343
svm,random_search,1,413,0.6783388271934855,0.6004109416143064
svm,random_search,1,414,0.6783388271934855,0.6002422001899758
svm,random_search,1,415,0.6783388271934855,0.6003500621975024
svm,random_search,1,416,0.6783388271934855,0.600464004103882
svm,random_search,1,417,0.6783388271934855,0.6005393319489899
svm,random_search,1,418,0.6783388271934855,0.6006678114441769
svm,random_search,1,419,0.6783388271934855,0.6008095399538802
svm,random_search,1,420,0.6783388271934855,0.600931740514761
svm,random_search,1,421,0.6783388271934855,0.6006785330874596
svm,random_search,1,422,0.6783388271934855,0.6008135621190963
svm,random_search,1,423,0.6783388271934855,0.6005364189513476
svm,random_search,1,424,0.6783388271934855,0.6006552045012855
svm,random_search,1,425,0.6783388271934855,0.6007554938665233
svm,random_search,1,426,0.6783388271934855,0.6008801539818088
svm,random_search,1,427,0.6783388271934855,0.6007103179625056
svm,random_search,1,428,0.6783388271934855,0.6008146383608299
svm,random_search,1,429,0.6783388271934855,0.6007720238813801
svm,random_search,1,430,0.6783388271934855,0.6008924652593408
svm,random_search,1,431,0.6783388271934855,0.6005938633310356
svm,random_search,1,432,0.6783388271934855,0.6007119899177522
svm,random_search,1,433,0.6783388271934855,0.6004540898681203
svm,random_search,1,434,0.6783388271934855,0.600587772983803
svm,random_search,1,435,0.6783388271934855,0.6006893039231996
svm,random_search,1,436,0.6783388271934855,0.6005242758612448
svm,random_search,1,437,0.6783388271934855,0.6006397750242163
svm,random_search,1,438,0.6783388271934855,0.60076249695077
svm,random_search,1,439,0.6783388271934855,0.6008724728085348
svm,random_search,1,440,0.6783388271934855,0.6005799699412235
svm,random_search,1,441,0.6931347648941485,0.600789844759711
svm,random_search,1,442,0.6931347648941485,0.600867840140058
svm,random_search,1,443,0.6931347648941485,0.6009731035877711
svm,random_search,1,444,0.6931347648941485,0.6010934997514376
svm,random_search,1,445,0.6931347648941485,0.6012811837329641
svm,random_search,1,446,0.6931347648941485,0.6013881040304988
svm,random_search,1,447,0.6931347648941485,0.6014980797106523
svm,random_search,1,448,0.6931347648941485,0.6015247737218655
svm,random_search,1,449,0.6931347648941485,0.6016384913539388
svm,random_search,1,450,0.6931347648941485,0.6017499323103026
svm,random_search,1,451,0.6931347648941485,0.6018510277965231
svm,random_search,1,452,0.6931347648941485,0.601790776051655
svm,random_search,1,453,0.6931347648941485,0.6019114703584053
svm,random_search,1,454,0.6931347648941485,0.6020310483483186
svm,random_search,1,455,0.6931347648941485,0.6019380930959959
svm,random_search,1,456,0.6931347648941485,0.6020568582046157
svm,random_search,1,457,0.6931347648941485,0.6020060989462388
svm,random_search,1,458,0.6931347648941485,0.6021073301924532
svm,random_search,1,459,0.6931347648941485,0.6022193755610765
svm,random_search,1,460,0.6931347648941485,0.6022959424995812
svm,random_search,1,461,0.6931347648941485,0.6024002569342799
svm,random_search,1,462,0.6931347648941485,0.6024740082729877
svm,random_search,1,463,0.6931347648941485,0.6025885333157296
svm,random_search,1,464,0.6931347648941485,0.6024285584028494
svm,random_search,1,465,0.6931347648941485,0.602413056784662
svm,random_search,1,466,0.6931347648941485,0.6025127378317103
svm,random_search,1,467,0.6931347648941485,0.6026185186628322
svm,random_search,1,468,0.6931347648941485,0.6025979678996704
svm,random_search,1,469,0.6931347648941485,0.6026896000365564
svm,random_search,1,470,0.6931347648941485,0.6027593601893113
svm,random_search,1,471,0.6931347648941485,0.6026760719181447
svm,random_search,1,472,0.6931347648941485,0.6027710516530476
svm,random_search,1,473,0.6931347648941485,0.6029074763607452
svm,random_search,1,474,0.6931347648941485,0.6027502035704047
svm,random_search,1,475,0.6931347648941485,0.6028388040462314
svm,random_search,1,476,0.6931347648941485,0.6028118196200392
svm,random_search,1,477,0.6931347648941485,0.6029157459741867
svm,random_search,1,478,0.6931347648941485,0.6027998060279841
svm,random_search,1,479,0.6931347648941485,0.6028978085315915
svm,random_search,1,480,0.6931347648941485,0.6030465620369119
svm,random_search,1,481,0.6931347648941485,0.6031484764205912
svm,random_search,1,482,0.6931347648941485,0.6028777834905149
svm,random_search,1,483,0.6931347648941485,0.6028528845419251
svm,random_search,1,484,0.6931347648941485,0.6029368340095221
svm,random_search,1,485,0.6931347648941485,0.6030329147866405
svm,random_search,1,486,0.6931347648941485,0.6031234076212023
svm,random_search,1,487,0.6931347648941485,0.6031280505629677
svm,random_search,1,488,0.6931347648941485,0.6032110666840529
svm,random_search,1,489,0.6931347648941485,0.6030890112092607
svm,random_search,1,490,0.6931347648941485,0.6031878676183566
svm,random_search,1,491,0.6931347648941485,0.6032546216800998
svm,random_search,1,492,0.6931347648941485,0.6032570356591204
svm,random_search,1,493,0.6931347648941485,0.603355159379873
svm,random_search,1,494,0.6931347648941485,0.6032033476680501
svm,random_search,1,495,0.6931347648941485,0.6032740201424678
svm,random_search,1,496,0.6931347648941485,0.6033741346653211
svm,random_search,1,497,0.6931347648941485,0.6034799440351513
svm,random_search,1,498,0.6931347648941485,0.6035926901526139
svm,random_search,1,499,0.6931347648941485,0.6035136226079021
svm,random_search,1,500,0.6931347648941485,0.6036059485490239
svm,random_search,1,501,0.6931347648941485,0.6033470064039947
svm,random_search,1,502,0.6931347648941485,0.6034579499338745
svm,random_search,1,503,0.6931347648941485,0.6031790427892735
svm,random_search,1,504,0.6931347648941485,0.6032738621969931
svm,random_search,1,505,0.6931347648941485,0.6033696792973887
svm,random_search,1,506,0.6931347648941485,0.6034641693571952
svm,random_search,1,507,0.6931347648941485,0.6035593641336346
svm,random_search,1,508,0.6931347648941485,0.603411494038712
svm,random_search,1,509,0.6931347648941485,0.6035087091575986
svm,random_search,1,510,0.6931347648941485,0.6035979755474656
svm,random_search,1,511,0.6931347648941485,0.6036765808883214
svm,random_search,1,512,0.6931347648941485,0.6037709931357969
svm,random_search,1,513,0.6931347648941485,0.6038698996748088
svm,random_search,1,514,0.6931347648941485,0.6037229935932222
svm,random_search,1,515,0.6931347648941485,0.6035766580206903
svm,random_search,1,516,0.6931347648941485,0.6032202826216306
svm,random_search,1,517,0.6931347648941485,0.602962477516938
svm,random_search,1,518,0.6931347648941485,0.602923208236889
svm,random_search,1,519,0.6931347648941485,0.6030184244010682
svm,random_search,1,520,0.6931347648941485,0.6027700591956998
svm,random_search,1,521,0.6931347648941485,0.6028668178385004
svm,random_search,1,522,0.6931347648941485,0.60297508789779
svm,random_search,1,523,0.6931347648941485,0.6027303186311638
svm,random_search,1,524,0.6931347648941485,0.6028198121766419
svm,random_search,1,525,0.6931347648941485,0.6029147135610882
svm,random_search,1,526,0.6931347648941485,0.6029384576393602
svm,random_search,1,527,0.6931347648941485,0.6028954552493614
svm,random_search,1,528,0.6931347648941485,0.6029814693631287
svm,random_search,1,529,0.6931347648941485,0.6030753196667005
svm,random_search,1,530,0.6931347648941485,0.6031635668253846
svm,random_search,1,531,0.6931347648941485,0.603026594145662
svm,random_search,1,532,0.6931347648941485,0.6028862437313642
svm,random_search,1,533,0.6931347648941485,0.6029756362420964
svm,random_search,1,534,0.6931347648941485,0.6030676514311234
svm,random_search,1,535,0.6931347648941485,0.6031566327336966
svm,random_search,1,536,0.6931347648941485,0.6030772221960883
svm,random_search,1,537,0.6931347648941485,0.6028247500938229
svm,random_search,1,538,0.6931347648941485,0.6025810217328927
svm,random_search,1,539,0.6931347648941485,0.60266890420187
svm,random_search,1,540,0.6931347648941485,0.6026478260132441
svm,random_search,1,541,0.6931347648941485,0.6027461990038733
svm,random_search,1,542,0.6931347648941485,0.6028267135657136
svm,random_search,1,543,0.6931347648941485,0.6029020119048597
svm,random_search,1,544,0.6931347648941485,0.6029875605370847
svm,random_search,1,545,0.6931347648941485,0.6027405160877976
svm,random_search,1,546,0.6931347648941485,0.6028302366096366
svm,random_search,1,547,0.6931347648941485,0.6029127219264183
svm,random_search,1,548,0.6931347648941485,0.6027599139566784
svm,random_search,1,549,0.6931347648941485,0.6028502782404773
svm,random_search,1,550,0.6931347648941485,0.6029523221908197
svm,random_search,1,551,0.6931347648941485,0.6028169462408169
svm,random_search,1,552,0.6931347648941485,0.6029134912288984
svm,random_search,1,553,0.6931347648941485,0.6029923553702539
svm,random_search,1,554,0.6931347648941485,0.6030739579198434
svm,random_search,1,555,0.6931347648941485,0.6030344373912281
svm,random_search,1,556,0.6931347648941485,0.603122878194948
svm,random_search,1,557,0.6931347648941485,0.6032046688461956
svm,random_search,1,558,0.6931347648941485,0.6032917470646093
svm,random_search,1,559,0.6931347648941485,0.6032398041637177
svm,random_search,1,560,0.6931347648941485,0.6033179163505865
svm,random_search,1,561,0.6931347648941485,0.6034039324112646
svm,random_search,1,562,0.6931347648941485,0.6034872262716467
svm,random_search,1,563,0.6931347648941485,0.6035732652341831
svm,random_search,1,564,0.6931347648941485,0.603637226266086
svm,random_search,1,565,0.6931347648941485,0.6037391561164195
svm,random_search,1,566,0.6931347648941485,0.6037335294590429
svm,random_search,1,567,0.6931347648941485,0.6035493680461527
svm,random_search,1,568,0.6931347648941485,0.603621184336082
svm,random_search,1,569,0.6931347648941485,0.6037067809225791
svm,random_search,1,570,0.6931347648941485,0.6036889956235535
svm,random_search,1,571,0.6931347648941485,0.6037564801596998
svm,random_search,1,572,0.6931347648941485,0.6038054082810663
svm,random_search,1,573,0.6931347648941485,0.6038797313767779
svm,random_search,1,574,0.6931347648941485,0.6039618307151943
svm,random_search,1,575,0.6931347648941485,0.6039633804146729
svm,random_search,1,576,0.6931347648941485,0.6039882638956254
svm,random_search,1,577,0.6931347648941485,0.6040662953082366
svm,random_search,1,578,0.6931347648941485,0.604148946376431
svm,random_search,1,579,0.6931347648941485,0.6038966176988942
svm,random_search,1,580,0.6931347648941485,0.6039655096126524
svm,random_search,1,581,0.6931347648941485,0.6038353799467775
svm,random_search,1,582,0.6931347648941485,0.6039117990186383
svm,random_search,1,583,0.6931347648941485,0.6039956005033055
svm,random_search,1,584,0.6931347648941485,0.6040642554758568
svm,random_search,1,585,0.6931347648941485,0.6041464509503762
svm,random_search,1,586,0.6931347648941485,0.6042250281810768
svm,random_search,1,587,0.6931347648941485,0.6043024199037916
svm,random_search,1,588,0.6931347648941485,0.6043787584505886
svm,random_search,1,589,0.6931347648941485,0.6044575940691232
svm,random_search,1,590,0.6931347648941485,0.6045168239269998
svm,random_search,1,591,0.6931347648941485,0.6045022404931705
svm,random_search,1,592,0.6931347648941485,0.6044954751223145
svm,random_search,1,593,0.6931347648941485,0.6045674097669678
svm,random_search,1,594,0.6931347648941485,0.6046468169574916
svm,random_search,1,595,0.6931347648941485,0.6044120757198302
svm,random_search,1,596,0.6931347648941485,0.6044297641499589
svm,random_search,1,597,0.6931347648941485,0.6045094478764979
svm,random_search,1,598,0.6931347648941485,0.6045906421105965
svm,random_search,1,599,0.6931347648941485,0.6045890742791883
svm,random_search,1,600,0.6931347648941485,0.6046177151395963
svm,random_search,1,601,0.6931347648941485,0.6045291001720376
svm,random_search,1,602,0.6931347648941485,0.6046176167811087
svm,random_search,1,603,0.6931347648941485,0.6046871889829661
svm,random_search,1,604,0.6931347648941485,0.604758070411769
svm,random_search,1,605,0.6931347648941485,0.6048253020890471
svm,random_search,1,606,0.6931347648941485,0.6046993899372278
svm,random_search,1,607,0.6931347648941485,0.6047153972234421
svm,random_search,1,608,0.6931347648941485,0.6045718398376992
svm,random_search,1,609,0.6931347648941485,0.6046405351765242
svm,random_search,1,610,0.6931347648941485,0.6046270748888438
svm,random_search,1,611,0.6931347648941485,0.6046511035078512
svm,random_search,1,612,0.6931347648941485,0.6046053575220613
svm,random_search,1,613,0.6931347648941485,0.6046837946547479
svm,random_search,1,614,0.6931347648941485,0.6044837610429201
svm,random_search,1,615,0.6931347648941485,0.6045492775680289
svm,random_search,1,616,0.6931347648941485,0.6046105673396661
svm,random_search,1,617,0.6931347648941485,0.6046874229346827
svm,random_search,1,618,0.6931347648941485,0.6047179340259684
svm,random_search,1,619,0.6931347648941485,0.604797908925299
svm,random_search,1,620,0.6931347648941485,0.6048310260281615
svm,random_search,1,621,0.6931347648941485,0.6048936747123104
svm,random_search,1,622,0.6931347648941485,0.6049562524677691
svm,random_search,1,623,0.6931347648941485,0.6050299891208287
svm,random_search,1,624,0.6931347648941485,0.6051067060346861
svm,random_search,1,625,0.6931347648941485,0.6051723383527027
svm,random_search,1,626,0.6931347648941485,0.6051494905085559
svm,random_search,1,627,0.6931347648941485,0.6049253040909672
svm,random_search,1,628,0.6931347648941485,0.6048832359819488
svm,random_search,1,629,0.6931347648941485,0.6049090562246848
svm,random_search,1,630,0.6931347648941485,0.6049600964867656
svm,random_search,1,631,0.6931347648941485,0.6048264715364887
svm,random_search,1,632,0.6931347648941485,0.6048343852665101
svm,random_search,1,633,0.6931347648941485,0.6049026490835928
svm,random_search,1,634,0.6931347648941485,0.60497780965535
svm,random_search,1,635,0.6931347648941485,0.6050585094134183
svm,random_search,1,636,0.6931347648941485,0.6051286484179237
svm,random_search,1,637,0.6931347648941485,0.6052025789075453
svm,random_search,1,638,0.6931347648941485,0.6050961904613062
svm,random_search,1,639,0.6931347648941485,0.6051460919862335
svm,random_search,1,640,0.6931347648941485,0.6050854398710493
svm,random_search,1,641,0.6931347648941485,0.6049657436680357
svm,random_search,1,642,0.6931347648941485,0.6047636462298562
svm,random_search,1,643,0.6931347648941485,0.6048331156990604
svm,random_search,1,644,0.6931347648941485,0.604714368894775
svm,random_search,1,645,0.6931347648941485,0.6047362862612987
svm,random_search,1,646,0.6931347648941485,0.6046714395128198
svm,random_search,1,647,0.6931347648941485,0.6045534931978684
svm,random_search,1,648,0.6931347648941485,0.6046233554427209
svm,random_search,1,649,0.6931347648941485,0.6045058466881703
svm,random_search,1,650,0.6931347648941485,0.6045786322518987
svm,random_search,1,651,0.6931347648941485,0.6045745760301048
svm,random_search,1,652,0.6931347648941485,0.6042407954142541
svm,random_search,1,653,0.6931347648941485,0.604230630850332
svm,random_search,1,654,0.6931347648941485,0.6041719677245901
svm,random_search,1,655,0.6931347648941485,0.6042450003326064
svm,random_search,1,656,0.6931347648941485,0.6043096205598615
svm,random_search,1,657,0.6931347648941485,0.6043719993862497
svm,random_search,1,658,0.6931347648941485,0.6044513124992552
svm,random_search,1,659,0.6931347648941485,0.6045131756176548
svm,random_search,1,660,0.6931347648941485,0.6045748178883912
svm,random_search,1,661,0.6931347648941485,0.6046466673703343
svm,random_search,1,662,0.6931347648941485,0.6044437663162656
svm,random_search,1,663,0.6931347648941485,0.6042410990255904
svm,random_search,1,664,0.6931347648941485,0.6043075582727074
svm,random_search,1,665,0.6931347648941485,0.6043863579330401
svm,random_search,1,666,0.6931347648941485,0.6044554579409434
svm,random_search,1,667,0.6931347648941485,0.604518509187053
svm,random_search,1,668,0.6931347648941485,0.6045769187900538
svm,random_search,1,669,0.6931347648941485,0.6046507853937125
svm,random_search,1,670,0.6931347648941485,0.6047133063083893
svm,random_search,1,671,0.6931347648941485,0.6047799741797315
svm,random_search,1,672,0.6931347648941485,0.6046779610377424
svm,random_search,1,673,0.6931347648941485,0.6047469176225901
svm,random_search,1,674,0.6931347648941485,0.6048060785010628
svm,random_search,1,675,0.6931347648941485,0.6048699292453945
svm,random_search,1,676,0.6931347648941485,0.6049410798269507
svm,random_search,1,677,0.6931347648941485,0.6048279617972792
svm,random_search,1,678,0.6931347648941485,0.6048923682531724
svm,random_search,1,679,0.6931347648941485,0.6049502599393116
svm,random_search,1,680,0.6931347648941485,0.604857922255142
svm,random_search,1,681,0.6931347648941485,0.6049280804541829
svm,random_search,1,682,0.6931347648941485,0.6047264751877716
svm,random_search,1,683,0.6931347648941485,0.6046380366740626
svm,random_search,1,684,0.6931347648941485,0.6043445840920141
svm,random_search,1,685,0.6931347648941485,0.6042602015998201
svm,random_search,1,686,0.6931347648941485,0.6043197149563908
svm,random_search,1,687,0.6931347648941485,0.6043889588190501
svm,random_search,1,688,0.6931347648941485,0.6043484426766829
svm,random_search,1,689,0.6931347648941485,0.6042476877139055
svm,random_search,1,690,0.6931347648941485,0.604305344726764
svm,random_search,1,691,0.6931347648941485,0.6042229076454497
svm,random_search,1,692,0.6931347648941485,0.6041225003009747
svm,random_search,1,693,0.6931347648941485,0.6041916209403839
svm,random_search,1,694,0.6931347648941485,0.6042673266049267
svm,random_search,1,695,0.6931347648941485,0.6043253578713261
svm,random_search,1,696,0.6931347648941485,0.6044064466310944
svm,random_search,1,697,0.6931347648941485,0.6044888886956451
svm,random_search,1,698,0.6931347648941485,0.6045712869845776
svm,random_search,1,699,0.6931347648941485,0.6046400696579326
svm,random_search,1,700,0.6931347648941485,0.6047096677732853
svm,random_search,1,701,0.6931347648941485,0.6047744463491698
svm,random_search,1,702,0.6931347648941485,0.6048428244445448
svm,random_search,1,703,0.6931347648941485,0.6046807345912661
svm,random_search,1,704,0.6931347648941485,0.6046573363877003
svm,random_search,1,705,0.6931347648941485,0.6045873207521829
svm,random_search,1,706,0.6931347648941485,0.6044390878937148
svm,random_search,1,707,0.6931347648941485,0.6044920188578936
svm,random_search,1,708,0.6931347648941485,0.6045572978371208
svm,random_search,1,709,0.6931347648941485,0.6046158665736762
svm,random_search,1,710,0.6931347648941485,0.6046749875175497
svm,random_search,1,711,0.6931347648941485,0.6047389346509865
svm,random_search,1,712,0.6931347648941485,0.6048017487691929
svm,random_search,1,713,0.6931347648941485,0.6046029171837436
svm,random_search,1,714,0.6931347648941485,0.6045803004556083
svm,random_search,1,715,0.6931347648941485,0.6046468191453598
svm,random_search,1,716,0.6931347648941485,0.6045723702087007
svm,random_search,1,717,0.6931347648941485,0.6045777712201688
svm,random_search,1,718,0.6931347648941485,0.6046437379909766
svm,random_search,1,719,0.6931347648941485,0.6046131301907081
svm,random_search,1,720,0.6931347648941485,0.6044064795233096
svm,random_search,1,721,0.6931347648941485,0.6042226749165994
svm,random_search,1,722,0.6931347648941485,0.604297700742312
svm,random_search,1,723,0.6931347648941485,0.6043573726488813
svm,random_search,1,724,0.6931347648941485,0.6043500312671698
svm,random_search,1,725,0.6931347648941485,0.6044082245409563
svm,random_search,1,726,0.6931347648941485,0.6043034751596869
svm,random_search,1,727,0.6931347648941485,0.6043333609987248
svm,random_search,1,728,0.6931347648941485,0.6043195095217009
svm,random_search,1,729,0.6931347648941485,0.6043715026638894
svm,random_search,1,730,0.6931347648941485,0.6043623947517639
svm,random_search,1,731,0.6931347648941485,0.6044205073169904
svm,random_search,1,732,0.6931347648941485,0.6044232515909825
svm,random_search,1,733,0.6931347648941485,0.6044764107941344
svm,random_search,1,734,0.6931347648941485,0.6042946805119059
svm,random_search,1,735,0.6931347648941485,0.6043842147958896
svm,random_search,1,736,0.6931347648941485,0.6044533232021577
svm,random_search,1,737,0.6931347648941485,0.604350076052276
svm,random_search,1,738,0.6931347648941485,0.6043240352546393
svm,random_search,1,739,0.6931347648941485,0.604394871820044
svm,random_search,1,740,0.6931347648941485,0.6044551251145007
svm,random_search,1,741,0.6931347648941485,0.6045142006674533
svm,random_search,1,742,0.6931347648941485,0.6044595737623845
svm,random_search,1,743,0.6931347648941485,0.6045089589376592
svm,random_search,1,744,0.6931347648941485,0.6045600459584108
svm,random_search,1,745,0.6931347648941485,0.6046227840434706
svm,random_search,1,746,0.6931347648941485,0.6046856805787808
svm,random_search,1,747,0.6931347648941485,0.6046037846712677
svm,random_search,1,748,0.6931347648941485,0.6045020914864662
svm,random_search,1,749,0.6931347648941485,0.6045816676693204
svm,random_search,1,750,0.6931347648941485,0.6046362348164366
svm,random_search,1,751,0.6931347648941485,0.6047001093868852
svm,random_search,1,752,0.6931347648941485,0.6047144230765112
svm,random_search,1,753,0.6931347648941485,0.6047398302462106
svm,random_search,1,754,0.6931347648941485,0.6047947397748511
svm,random_search,1,755,0.6931347648941485,0.6048593565283958
svm,random_search,1,756,0.6931347648941485,0.6049619911949223
svm,random_search,1,757,0.6931347648941485,0.6050237008668571
svm,random_search,1,758,0.6931347648941485,0.6049225616490107
svm,random_search,1,759,0.6931347648941485,0.6049745836543998
svm,random_search,1,760,0.6931347648941485,0.6050256819219958
svm,random_search,1,761,0.6931347648941485,0.6050842686746427
svm,random_search,1,762,0.6931347648941485,0.6051396992749241
svm,random_search,1,763,0.6931347648941485,0.6052022770496963
svm,random_search,1,764,0.6931347648941485,0.6050146482361248
svm,random_search,1,765,0.6931347648941485,0.6050688431532231
svm,random_search,1,766,0.6931347648941485,0.6051281084326762
svm,random_search,1,767,0.6931347648941485,0.6051919145793263
svm,random_search,1,768,0.6931347648941485,0.6052413038861029
svm,random_search,1,769,0.6931347648941485,0.605302282424645
svm,random_search,1,770,0.6931347648941485,0.6053595663604087
svm,random_search,1,771,0.6931347648941485,0.6053259507477555
svm,random_search,1,772,0.6931347648941485,0.605387041058547
svm,random_search,1,773,0.6931347648941485,0.605447076365197
svm,random_search,1,774,0.6931347648941485,0.6054078942689111
svm,random_search,1,775,0.6931347648941485,0.6054670146934265
svm,random_search,1,776,0.6931347648941485,0.6055263237545754
svm,random_search,1,777,0.6931347648941485,0.6055843418838398
svm,random_search,1,778,0.6931347648941485,0.6056413762172359
svm,random_search,1,779,0.6931347648941485,0.6056941620225889
svm,random_search,1,780,0.6931347648941485,0.6055950158837641
svm,random_search,1,781,0.6931347648941485,0.6055353928188937
svm,random_search,1,782,0.6931347648941485,0.6054367032804288
svm,random_search,1,783,0.6931347648941485,0.6054264665139962
svm,random_search,1,784,0.6931347648941485,0.6054792086169057
svm,random_search,1,785,0.6931347648941485,0.6052782175561158
svm,random_search,1,786,0.6931347648941485,0.6051803574494786
svm,random_search,1,787,0.6931347648941485,0.6052419503258863
svm,random_search,1,788,0.6931347648941485,0.6052951266719839
svm,random_search,1,789,0.6931347648941485,0.6053502539897894
svm,random_search,1,790,0.6931347648941485,0.6053901183119894
svm,random_search,1,791,0.6931347648941485,0.6053962204573484
svm,random_search,1,792,0.6931347648941485,0.6054498564176541
svm,random_search,1,793,0.6931347648941485,0.6055144648091895
svm,random_search,1,794,0.6931347648941485,0.6055728629621353
svm,random_search,1,795,0.6931347648941485,0.6056302885725833
svm,random_search,1,796,0.6931347648941485,0.6056879778512847
svm,random_search,1,797,0.6931347648941485,0.605729845917804
svm,random_search,1,798,0.6931347648941485,0.6057854345443746
svm,random_search,1,799,0.6931347648941485,0.6058100165047129
svm,random_search,1,800,0.6931347648941485,0.6058563992348744
svm,random_search,1,801,0.6931347648941485,0.6059145422926914
svm,random_search,1,802,0.6931347648941485,0.6059681790100837
svm,random_search,1,803,0.6931347648941485,0.6060214059209466
svm,random_search,1,804,0.6931347648941485,0.6060753270982456
svm,random_search,1,805,0.6931347648941485,0.6061282799987188
svm,random_search,1,806,0.6931347648941485,0.6061779144934608
svm,random_search,1,807,0.6931347648941485,0.6062345226917174
svm,random_search,1,808,0.6931347648941485,0.6061290307441735
svm,random_search,1,809,0.6931347648941485,0.6059731339613337
svm,random_search,1,810,0.6931347648941485,0.606023562458567
svm,random_search,1,811,0.6931347648941485,0.6060736030064233
svm,random_search,1,812,0.6931347648941485,0.6061226842260772
svm,random_search,1,813,0.6931347648941485,0.6061705737692828
svm,random_search,1,814,0.6931347648941485,0.6062340294741971
svm,random_search,1,815,0.6931347648941485,0.6062612448724611
svm,random_search,1,816,0.6931347648941485,0.6063171175334693
svm,random_search,1,817,0.6931347648941485,0.6063995760532556
svm,random_search,1,818,0.6931347648941485,0.6062107806204684
svm,random_search,1,819,0.6931347648941485,0.6061629940411222
svm,random_search,1,820,0.6931347648941485,0.6061558157017333
svm,random_search,1,821,0.6931347648941485,0.6062121958207238
svm,random_search,1,822,0.6931347648941485,0.6062676216113759
svm,random_search,1,823,0.6931347648941485,0.6063246251767578
svm,random_search,1,824,0.6931347648941485,0.606374630061609
svm,random_search,1,825,0.6931347648941485,0.6064241474648598
svm,random_search,1,826,0.6931347648941485,0.6064369572505243
svm,random_search,1,827,0.6931347648941485,0.6062967226615296
svm,random_search,1,828,0.6931347648941485,0.6063438998044384
svm,random_search,1,829,0.6931347648941485,0.6063762294632015
svm,random_search,1,830,0.6931347648941485,0.6064316079242241
svm,random_search,1,831,0.6931347648941485,0.6063987650591227
svm,random_search,1,832,0.6931347648941485,0.606454391482014
svm,random_search,1,833,0.6931347648941485,0.6065080414892836
svm,random_search,1,834,0.6931347648941485,0.6065545905166689
svm,random_search,1,835,0.6931347648941485,0.6066123120812857
svm,random_search,1,836,0.6931347648941485,0.606541879123402
svm,random_search,1,837,0.6931347648941485,0.6065912005357895
svm,random_search,1,838,0.6931347648941485,0.6065788691982473
svm,random_search,1,839,0.6931347648941485,0.6065818674756155
svm,random_search,1,840,0.6931347648941485,0.6064887464116437
svm,random_search,1,841,0.6931347648941485,0.6063958468008561
svm,random_search,1,842,0.6931347648941485,0.6064500709872307
svm,random_search,1,843,0.6931347648941485,0.6062915106287764
svm,random_search,1,844,0.6931347648941485,0.6062296562483317
svm,random_search,1,845,0.6931347648941485,0.6061375030145932
svm,random_search,1,846,0.6931347648941485,0.606191933137386
svm,random_search,1,847,0.6931347648941485,0.606241373480256
svm,random_search,1,848,0.6931347648941485,0.606293229553177
svm,random_search,1,849,0.6931347648941485,0.6063469102118781
svm,random_search,1,850,0.6931347648941485,0.6061872505995238
svm,random_search,1,851,0.6931347648941485,0.6060298487955444
svm,random_search,1,852,0.6931347648941485,0.6060897820650376
svm,random_search,1,853,0.6931347648941485,0.6061365370927796
svm,random_search,1,854,0.6931347648941485,0.6061801581435091
svm,random_search,1,855,0.6931347648941485,0.6062311256668976
svm,random_search,1,856,0.6931347648941485,0.6062852675546584
svm,random_search,1,857,0.6931347648941485,0.6061199742948343
svm,random_search,1,858,0.6931347648941485,0.6061671184671098
svm,random_search,1,859,0.6931347648941485,0.6062214207496862
svm,random_search,1,860,0.6931347648941485,0.6062758456523285
svm,random_search,1,861,0.6931347648941485,0.6061853512598627
svm,random_search,1,862,0.6931347648941485,0.6061055821354658
svm,random_search,1,863,0.6931347648941485,0.6061537953237539
svm,random_search,1,864,0.6931347648941485,0.6061978141533367
svm,random_search,1,865,0.6931347648941485,0.6061078284418755
svm,random_search,1,866,0.6931347648941485,0.6061604733960876
svm,random_search,1,867,0.6931347648941485,0.6062104176407367
svm,random_search,1,868,0.6931347648941485,0.6062575946322223
svm,random_search,1,869,0.6931347648941485,0.6063134948348131
svm,random_search,1,870,0.6931347648941485,0.606253487674111
svm,random_search,1,871,0.6931347648941485,0.6063141723504438
svm,random_search,1,872,0.6931347648941485,0.6063540317479421
svm,random_search,1,873,0.6931347648941485,0.6064068348143921
svm,random_search,1,874,0.6931347648941485,0.6064373440604348
svm,random_search,1,875,0.6931347648941485,0.6064803589219262
svm,random_search,1,876,0.6931347648941485,0.6065250193968247
svm,random_search,1,877,0.6931347648941485,0.6065604723032961
svm,random_search,1,878,0.6931347648941485,0.606617282999135
svm,random_search,1,879,0.6931347648941485,0.6066701910568897
svm,random_search,1,880,0.6931347648941485,0.6067239006194373
svm,random_search,1,881,0.6931347648941485,0.6067751259085875
svm,random_search,1,882,0.6931347648941485,0.6066862786431539
svm,random_search,1,883,0.6931347648941485,0.6066017181385148
svm,random_search,1,884,0.6931347648941485,0.6066514136607027
svm,random_search,1,885,0.6931347648941485,0.6067003542870757
svm,random_search,1,886,0.6931347648941485,0.6067370990260316
svm,random_search,1,887,0.6931347648941485,0.6066558574001936
svm,random_search,1,888,0.6931347648941485,0.6065676865852602
svm,random_search,1,889,0.6931347648941485,0.6064810921770515
svm,random_search,1,890,0.6931347648941485,0.6065228105109378
svm,random_search,1,891,0.6931347648941485,0.606574895894441
svm,random_search,1,892,0.6931347648941485,0.6066182604944574
svm,random_search,1,893,0.6931347648941485,0.606588770282381
svm,random_search,1,894,0.6931347648941485,0.6066395091979269
svm,random_search,1,895,0.6931347648941485,0.6066517713553301
svm,random_search,1,896,0.6931347648941485,0.6065739548822947
svm,random_search,1,897,0.6931347648941485,0.6066172268872073
svm,random_search,1,898,0.6931347648941485,0.6066660070511912
svm,random_search,1,899,0.6931347648941485,0.6066818789878468
svm,random_search,1,900,0.6931347648941485,0.6067242384222497
svm,random_search,1,901,0.6931347648941485,0.6067737940964165
svm,random_search,1,902,0.6931347648941485,0.6066765778323466
svm,random_search,1,903,0.6931347648941485,0.6066511906766135
svm,random_search,1,904,0.6931347648941485,0.6067012910219491
svm,random_search,1,905,0.6931347648941485,0.6067571412358976
svm,random_search,1,906,0.6931347648941485,0.6066063841798907
svm,random_search,1,907,0.6931347648941485,0.6066450992938662
svm,random_search,1,908,0.6931347648941485,0.606720723034496
svm,random_search,1,909,0.6931347648941485,0.6065687742402646
svm,random_search,1,910,0.6931347648941485,0.606616283073395
svm,random_search,1,911,0.6931347648941485,0.6065303817459152
svm,random_search,1,912,0.6931347648941485,0.6065753040942305
svm,random_search,1,913,0.6931347648941485,0.6066232802623064
svm,random_search,1,914,0.6931347648941485,0.6066691560034345
svm,random_search,1,915,0.6931347648941485,0.6067072220991969
svm,random_search,1,916,0.6931347648941485,0.6067576523719364
svm,random_search,1,917,0.6931347648941485,0.6068030878558147
svm,random_search,1,918,0.6931347648941485,0.6068415024398965
svm,random_search,1,919,0.6931347648941485,0.606890979512337
svm,random_search,1,920,0.6931347648941485,0.6067588041408298
svm,random_search,1,921,0.6931347648941485,0.6068161065040789
svm,random_search,1,922,0.6931347648941485,0.6068841690541275
svm,random_search,1,923,0.6931347648941485,0.606923919123963
svm,random_search,1,924,0.6931347648941485,0.6069638068112606
svm,random_search,1,925,0.6931347648941485,0.6070130700598547
svm,random_search,1,926,0.6931347648941485,0.607058967683175
svm,random_search,1,927,0.6931347648941485,0.607036685070523
svm,random_search,1,928,0.6931347648941485,0.6070858138835791
svm,random_search,1,929,0.6931347648941485,0.6071241200380906
svm,random_search,1,930,0.6931347648941485,0.6071741681900744
svm,random_search,1,931,0.6931347648941485,0.6072242829407514
svm,random_search,1,932,0.6931347648941485,0.6071643518168768
svm,random_search,1,933,0.6931347648941485,0.6072171934478404
svm,random_search,1,934,0.6931347648941485,0.6072597138512261
svm,random_search,1,935,0.6931347648941485,0.6073075654486809
svm,random_search,1,936,0.6931347648941485,0.607355937736947
svm,random_search,1,937,0.6931347648941485,0.6073772070856617
svm,random_search,1,938,0.6931347648941485,0.6073887622258863
svm,random_search,1,939,0.6931347648941485,0.6074208127707591
svm,random_search,1,940,0.6931347648941485,0.6074654203064539
svm,random_search,1,941,0.6931347648941485,0.6073900840522933
svm,random_search,1,942,0.6931347648941485,0.6074369242530593
svm,random_search,1,943,0.6931347648941485,0.6074809266553799
svm,random_search,1,944,0.6931347648941485,0.6075253205852245
svm,random_search,1,945,0.6931347648941485,0.6074416338501215
svm,random_search,1,946,0.6931347648941485,0.6074863265033678
svm,random_search,1,947,0.6931347648941485,0.6073362298711876
svm,random_search,1,948,0.6931347648941485,0.6072784245388221
svm,random_search,1,949,0.6931347648941485,0.6073259004463651
svm,random_search,1,950,0.6931347648941485,0.6073643665539631
svm,random_search,1,951,0.6931347648941485,0.6074157107793621
svm,random_search,1,952,0.6931347648941485,0.607267134961
svm,random_search,1,953,0.6931347648941485,0.6072784770877405
svm,random_search,1,954,0.6931347648941485,0.6072203609703889
svm,random_search,1,955,0.6931347648941485,0.6072635343061531
svm,random_search,1,956,0.6931347648941485,0.6073062705875926
svm,random_search,1,957,0.6931347648941485,0.6073529888911888
svm,random_search,1,958,0.6931347648941485,0.6072121193047976
svm,random_search,1,959,0.6931347648941485,0.6072094355451508
svm,random_search,1,960,0.6931347648941485,0.6072475294326962
svm,random_search,1,961,0.6931347648941485,0.6072909118730361
svm,random_search,1,962,0.6931347648941485,0.6073375261782805
svm,random_search,1,963,0.6931347648941485,0.6073989801080043
svm,random_search,1,964,0.6931347648941485,0.6074230856081129
svm,random_search,1,965,0.6931347648941485,0.6074636443726152
svm,random_search,1,966,0.6931347648941485,0.6073026648630853
svm,random_search,1,967,0.6931347648941485,0.6070957939678168
svm,random_search,1,968,0.6931347648941485,0.6069558143570106
svm,random_search,1,969,0.6931347648941485,0.6068184236908156
svm,random_search,1,970,0.6931347648941485,0.6068734795929531
svm,random_search,1,971,0.6931347648941485,0.6068201650004335
svm,random_search,1,972,0.6931347648941485,0.6068489268940263
svm,random_search,1,973,0.6931347648941485,0.6069077775302966
svm,random_search,1,974,0.6931347648941485,0.6069379431683096
svm,random_search,1,975,0.6931347648941485,0.6069848504194416
svm,random_search,1,976,0.6931347648941485,0.6069042923490727
svm,random_search,1,977,0.6931347648941485,0.606949861570366
svm,random_search,1,978,0.6931347648941485,0.6068695568425805
svm,random_search,1,979,0.6931347648941485,0.6069167117179006
svm,random_search,1,980,0.6931347648941485,0.6069610821829259
svm,random_search,1,981,0.6931347648941485,0.6070076037290723
svm,random_search,1,982,0.6931347648941485,0.6068392052590097
svm,random_search,1,983,0.6931347648941485,0.6068876330387529
svm,random_search,1,984,0.6931347648941485,0.6069281627784402
svm,random_search,1,985,0.6931347648941485,0.6068648738974458
svm,random_search,1,986,0.6931347648941485,0.6069040722223348
svm,random_search,1,987,0.6931347648941485,0.606942667239426
svm,random_search,1,988,0.6931347648941485,0.6069886611839418
svm,random_search,1,989,0.6931347648941485,0.6070282720013112
svm,random_search,1,990,0.6931347648941485,0.6070799078006017
svm,random_search,1,991,0.6931347648941485,0.6071160625254453
svm,random_search,1,992,0.6931347648941485,0.6071557747903349
svm,random_search,1,993,0.6931347648941485,0.6070772858743612
svm,random_search,1,994,0.6931347648941485,0.6071251013957559
svm,random_search,1,995,0.6931347648941485,0.6071620296591703
svm,random_search,1,996,0.6931347648941485,0.6071993431143685
svm,random_search,1,997,0.6931347648941485,0.6072423479089204
svm,random_search,1,998,0.6931347648941485,0.6071506914161692
svm,random_search,1,999,0.6931347648941485,0.6070718220291053
svm,random_search,1,1000,0.6931347648941485,0.6071097036932036
svm,random_search,2,1,0.6525249751046686,0.6525249751046686
svm,random_search,2,2,0.6525249751046686,0.6335700830415066
svm,random_search,2,3,0.6525249751046686,0.6388331444536762
svm,random_search,2,4,0.6529972576326175,0.6423741727484116
svm,random_search,2,5,0.6529972576326175,0.6414731015962813
svm,random_search,2,6,0.6529972576326175,0.631298576038932
svm,random_search,2,7,0.6746166956802692,0.6374868788448372
svm,random_search,2,8,0.6746166956802692,0.6281033202944035
svm,random_search,2,9,0.6746166956802692,0.629686910354764
svm,random_search,2,10,0.6746166956802692,0.6310784710893493
svm,random_search,2,11,0.6746166956802692,0.632837606528346
svm,random_search,2,12,0.6746166956802692,0.624131153795927
svm,random_search,2,13,0.6746166956802692,0.6243636372645943
svm,random_search,2,14,0.6746166956802692,0.6263603562174761
svm,random_search,2,15,0.6746166956802692,0.6276264592883831
svm,random_search,2,16,0.6746166956802692,0.6288375807264557
svm,random_search,2,17,0.6746166956802692,0.619581967869618
svm,random_search,2,18,0.6746166956802692,0.6216044209776782
svm,random_search,2,19,0.6746166956802692,0.6232228819673488
svm,random_search,2,20,0.6746166956802692,0.6244293361424946
svm,random_search,2,21,0.6746166956802692,0.617293465423972
svm,random_search,2,22,0.6746166956802692,0.6187003235101478
svm,random_search,2,23,0.6746166956802692,0.6125184825667425
svm,random_search,2,24,0.6746166956802692,0.6111369865884363
svm,random_search,2,25,0.6746166956802692,0.6078259140744715
svm,random_search,2,26,0.6746166956802692,0.6047695394461964
svm,random_search,2,27,0.6746166956802692,0.6019431941300758
svm,random_search,2,28,0.6746166956802692,0.6037114663376294
svm,random_search,2,29,0.6746166956802692,0.6056304269991872
svm,random_search,2,30,0.6746166956802692,0.6072479459542561
svm,random_search,2,31,0.6746166956802692,0.6090708528861161
svm,random_search,2,32,0.6746166956802692,0.6054548459708863
svm,random_search,2,33,0.6746166956802692,0.6066611685191455
svm,random_search,2,34,0.6746166956802692,0.6077596319377057
svm,random_search,2,35,0.6746166956802692,0.6054910759891803
svm,random_search,2,36,0.6746166956802692,0.6033485509266842
svm,random_search,2,37,0.6746166956802692,0.5998843944272757
svm,random_search,2,38,0.6746166956802692,0.6010846016515086
svm,random_search,2,39,0.6746166956802692,0.6021931680448659
svm,random_search,2,40,0.6746166956802692,0.6033677076154694
svm,random_search,2,41,0.6746166956802692,0.6045551445401731
svm,random_search,2,42,0.6746166956802692,0.6055914954937408
svm,random_search,2,43,0.6746166956802692,0.6066623807773467
svm,random_search,2,44,0.6746166956802692,0.606862222911039
svm,random_search,2,45,0.6746166956802692,0.6077411667444296
svm,random_search,2,46,0.6746166956802692,0.6070615054708862
svm,random_search,2,47,0.6746166956802692,0.6041552176150654
svm,random_search,2,48,0.6746166956802692,0.6014213859011094
svm,random_search,2,49,0.6746166956802692,0.6023433813983958
svm,random_search,2,50,0.6746166956802692,0.6031766918979049
svm,random_search,2,51,0.6746166956802692,0.604302512790843
svm,random_search,2,52,0.6746166956802692,0.605166567394211
svm,random_search,2,53,0.6746166956802692,0.6025842547958277
svm,random_search,2,54,0.6746166956802692,0.6012097347762626
svm,random_search,2,55,0.6746166956802692,0.6022475299099174
svm,random_search,2,56,0.6746166956802692,0.603169592898287
svm,random_search,2,57,0.6746166956802692,0.6039464053136377
svm,random_search,2,58,0.6746166956802692,0.6046955402288295
svm,random_search,2,59,0.6746166956802692,0.6053093311384866
svm,random_search,2,60,0.6746166956802692,0.6040268451818337
svm,random_search,2,61,0.6746166956802692,0.6018125297545941
svm,random_search,2,62,0.6746166956802692,0.6026610649817767
svm,random_search,2,63,0.6746166956802692,0.6016771955652375
svm,random_search,2,64,0.6746166956802692,0.6025484865149622
svm,random_search,2,65,0.6746166956802692,0.6031934842253774
svm,random_search,2,66,0.6746166956802692,0.6039374635779182
svm,random_search,2,67,0.6746166956802692,0.6019623204969898
svm,random_search,2,68,0.6746166956802692,0.6025529720202553
svm,random_search,2,69,0.6746166956802692,0.6032753855909838
svm,random_search,2,70,0.6746166956802692,0.6030240226644524
svm,random_search,2,71,0.6746166956802692,0.6033228143115758
svm,random_search,2,72,0.6746166956802692,0.6040641445930973
svm,random_search,2,73,0.6746166956802692,0.6048500152042263
svm,random_search,2,74,0.6746166956802692,0.6054668490488024
svm,random_search,2,75,0.6746166956802692,0.6060497934411951
svm,random_search,2,76,0.6746166956802692,0.6050316205381117
svm,random_search,2,77,0.6746166956802692,0.6033157441304785
svm,random_search,2,78,0.6746166956802692,0.6023547752793098
svm,random_search,2,79,0.6746166956802692,0.6028811085353004
svm,random_search,2,80,0.6746166956802692,0.6033834895812534
svm,random_search,2,81,0.6746166956802692,0.6038947793823989
svm,random_search,2,82,0.6746166956802692,0.6044850400405173
svm,random_search,2,83,0.6746166956802692,0.6046735954206114
svm,random_search,2,84,0.6746166956802692,0.6052005593647065
svm,random_search,2,85,0.6746166956802692,0.6035614478793534
svm,random_search,2,86,0.6746166956802692,0.6041030742108825
svm,random_search,2,87,0.6746166956802692,0.604559386732847
svm,random_search,2,88,0.6746166956802692,0.6036934865851933
svm,random_search,2,89,0.6746166956802692,0.6042266496095577
svm,random_search,2,90,0.6746166956802692,0.6044566868342678
svm,random_search,2,91,0.6746166956802692,0.6049273329788519
svm,random_search,2,92,0.6746166956802692,0.6054268915289683
svm,random_search,2,93,0.6746166956802692,0.6046240066910552
svm,random_search,2,94,0.6746166956802692,0.6051039960374898
svm,random_search,2,95,0.6746166956802692,0.6051958709435776
svm,random_search,2,96,0.6746166956802692,0.6054341141287335
svm,random_search,2,97,0.6746166956802692,0.6042910613902517
svm,random_search,2,98,0.6746166956802692,0.6035800142324128
svm,random_search,2,99,0.6746166956802692,0.6036447222761131
svm,random_search,2,100,0.6746166956802692,0.6041269569374783
svm,random_search,2,101,0.6746166956802692,0.6033778868096783
svm,random_search,2,102,0.6746166956802692,0.6037507609573255
svm,random_search,2,103,0.6746166956802692,0.6042185643089832
svm,random_search,2,104,0.6746166956802692,0.6034891567073518
svm,random_search,2,105,0.6746166956802692,0.6027827799257294
svm,random_search,2,106,0.6746166956802692,0.6020808191037668
svm,random_search,2,107,0.6746166956802692,0.6020210639872505
svm,random_search,2,108,0.6746166956802692,0.6016576289608466
svm,random_search,2,109,0.6746166956802692,0.6020406210041992
svm,random_search,2,110,0.6746166956802692,0.6024151697182516
svm,random_search,2,111,0.6746166956802692,0.6010382197127175
svm,random_search,2,112,0.6746166956802692,0.601363045057613
svm,random_search,2,113,0.6746166956802692,0.6017970621949313
svm,random_search,2,114,0.6746166956802692,0.6006722926707835
svm,random_search,2,115,0.6746166956802692,0.6010527261720334
svm,random_search,2,116,0.6746166956802692,0.6014144487582557
svm,random_search,2,117,0.6746166956802692,0.6018015262931223
svm,random_search,2,118,0.6746166956802692,0.6013628273159509
svm,random_search,2,119,0.6746166956802692,0.6017803590592083
svm,random_search,2,120,0.6746166956802692,0.6013951357494295
svm,random_search,2,121,0.6746166956802692,0.6017444488179786
svm,random_search,2,122,0.6746166956802692,0.6022325531955188
svm,random_search,2,123,0.6746166956802692,0.6010399642756821
svm,random_search,2,124,0.6746166956802692,0.6014113647009736
svm,random_search,2,125,0.6746166956802692,0.6018486703853863
svm,random_search,2,126,0.6746166956802692,0.6022229241177706
svm,random_search,2,127,0.6746166956802692,0.6021322376163728
svm,random_search,2,128,0.6746166956802692,0.6017500608879176
svm,random_search,2,129,0.6746166956802692,0.6013227843495669
svm,random_search,2,130,0.6746166956802692,0.6017076216892732
svm,random_search,2,131,0.6746166956802692,0.6020889489885669
svm,random_search,2,132,0.6746166956802692,0.6025171907983649
svm,random_search,2,133,0.6746166956802692,0.6028558480353681
svm,random_search,2,134,0.6746166956802692,0.6032347697425132
svm,random_search,2,135,0.6746166956802692,0.6035963831781244
svm,random_search,2,136,0.6746166956802692,0.6034230253867648
svm,random_search,2,137,0.6746166956802692,0.6037789554173772
svm,random_search,2,138,0.6746166956802692,0.6039206279495614
svm,random_search,2,139,0.6746166956802692,0.6042434362451361
svm,random_search,2,140,0.6746166956802692,0.6045868279839839
svm,random_search,2,141,0.6746166956802692,0.6043108236137937
svm,random_search,2,142,0.6746166956802692,0.6028172636153789
svm,random_search,2,143,0.6746166956802692,0.6030881307894312
svm,random_search,2,144,0.6746166956802692,0.6033698428799027
svm,random_search,2,145,0.6746166956802692,0.6024253764963603
svm,random_search,2,146,0.6746166956802692,0.6027836367749733
svm,random_search,2,147,0.6746166956802692,0.6031635242110971
svm,random_search,2,148,0.6746166956802692,0.6034295297822205
svm,random_search,2,149,0.6746166956802692,0.6034188261202207
svm,random_search,2,150,0.6746166956802692,0.6037316376691483
svm,random_search,2,151,0.6746166956802692,0.6035498239511543
svm,random_search,2,152,0.6746166956802692,0.6039005053272213
svm,random_search,2,153,0.6746166956802692,0.603476492032008
svm,random_search,2,154,0.6746166956802692,0.6037825304616252
svm,random_search,2,155,0.6746166956802692,0.6029252357018549
svm,random_search,2,156,0.6746166956802692,0.6031561366735687
svm,random_search,2,157,0.6746166956802692,0.6035482913143791
svm,random_search,2,158,0.6746166956802692,0.6037636393931518
svm,random_search,2,159,0.6746166956802692,0.6040697106405127
svm,random_search,2,160,0.6746166956802692,0.6030823403854411
svm,random_search,2,161,0.6746166956802692,0.6034003912720125
svm,random_search,2,162,0.6746166956802692,0.6033399313739951
svm,random_search,2,163,0.6746166956802692,0.6025395161165261
svm,random_search,2,164,0.6746166956802692,0.6028020979385778
svm,random_search,2,165,0.6746166956802692,0.6022249056821755
svm,random_search,2,166,0.6746166956802692,0.6022192565443649
svm,random_search,2,167,0.6746166956802692,0.6025157164639222
svm,random_search,2,168,0.6746166956802692,0.6028152354756564
svm,random_search,2,169,0.6746166956802692,0.603097542130646
svm,random_search,2,170,0.6746166956802692,0.6025397545139456
svm,random_search,2,171,0.6746166956802692,0.6021059557959653
svm,random_search,2,172,0.6746166956802692,0.6021081916284221
svm,random_search,2,173,0.6746166956802692,0.6023503497912402
svm,random_search,2,174,0.6746166956802692,0.6026322629186733
svm,random_search,2,175,0.6746166956802692,0.6029636005958928
svm,random_search,2,176,0.6746166956802692,0.6032280064652686
svm,random_search,2,177,0.6746166956802692,0.6034674129792406
svm,random_search,2,178,0.6746166956802692,0.6037091042826033
svm,random_search,2,179,0.6746166956802692,0.603956959195043
svm,random_search,2,180,0.6746166956802692,0.6041941882372146
svm,random_search,2,181,0.6746166956802692,0.60446149551651
svm,random_search,2,182,0.6746166956802692,0.6044677315825644
svm,random_search,2,183,0.6746166956802692,0.6047180395185214
svm,random_search,2,184,0.6746166956802692,0.6049667905798861
svm,random_search,2,185,0.6746166956802692,0.6045090868640112
svm,random_search,2,186,0.6746166956802692,0.6044738371433291
svm,random_search,2,187,0.6746166956802692,0.6047285849127044
svm,random_search,2,188,0.6746166956802692,0.6046834680933424
svm,random_search,2,189,0.6746166956802692,0.6042796411390883
svm,random_search,2,190,0.6746166956802692,0.6045319715827514
svm,random_search,2,191,0.6746166956802692,0.6047612566857331
svm,random_search,2,192,0.6746166956802692,0.6049700146436972
svm,random_search,2,193,0.6746166956802692,0.6052079226388019
svm,random_search,2,194,0.6746166956802692,0.6054952284795745
svm,random_search,2,195,0.6746166956802692,0.6056987883748963
svm,random_search,2,196,0.6746166956802692,0.6053866262635196
svm,random_search,2,197,0.6746166956802692,0.6050531323088202
svm,random_search,2,198,0.6746166956802692,0.6046979217582784
svm,random_search,2,199,0.6746166956802692,0.6048057180913425
svm,random_search,2,200,0.6746166956802692,0.6046951810575619
svm,random_search,2,201,0.6807913670189812,0.6050737690474197
svm,random_search,2,202,0.6807913670189812,0.6053060818614001
svm,random_search,2,203,0.6807913670189812,0.6055395960136349
svm,random_search,2,204,0.6807913670189812,0.6051612655122903
svm,random_search,2,205,0.6807913670189812,0.6053766135609009
svm,random_search,2,206,0.6807913670189812,0.6050027473481747
svm,random_search,2,207,0.6807913670189812,0.6051960310013444
svm,random_search,2,208,0.6807913670189812,0.6054210545508252
svm,random_search,2,209,0.6807913670189812,0.605001062675905
svm,random_search,2,210,0.6807913670189812,0.6046361060619213
svm,random_search,2,211,0.6807913670189812,0.6048647462589144
svm,random_search,2,212,0.6807913670189812,0.6049968938108273
svm,random_search,2,213,0.6807913670189812,0.6052551295490554
svm,random_search,2,214,0.6807913670189812,0.6052150302850348
svm,random_search,2,215,0.6807913670189812,0.6048829319622815
svm,random_search,2,216,0.6807913670189812,0.6051152825791604
svm,random_search,2,217,0.6807913670189812,0.6046349156571953
svm,random_search,2,218,0.6807913670189812,0.6048442370814567
svm,random_search,2,219,0.6807913670189812,0.6046149843119526
svm,random_search,2,220,0.6807913670189812,0.6040733807094546
svm,random_search,2,221,0.6807913670189812,0.6042777264342087
svm,random_search,2,222,0.6807913670189812,0.6036580854938193
svm,random_search,2,223,0.6807913670189812,0.6038746380175992
svm,random_search,2,224,0.6807913670189812,0.6040829978005026
svm,random_search,2,225,0.6807913670189812,0.6035440532144712
svm,random_search,2,226,0.6807913670189812,0.6029368950168991
svm,random_search,2,227,0.6807913670189812,0.6026083632051036
svm,random_search,2,228,0.6807913670189812,0.6024657539601608
svm,random_search,2,229,0.6807913670189812,0.6026458116285154
svm,random_search,2,230,0.6807913670189812,0.6028889200885539
svm,random_search,2,231,0.6807913670189812,0.6020015847409124
svm,random_search,2,232,0.6807913670189812,0.6016397482337061
svm,random_search,2,233,0.6807913670189812,0.6014949774457394
svm,random_search,2,234,0.6807913670189812,0.6016924612400913
svm,random_search,2,235,0.6807913670189812,0.6010359147124141
svm,random_search,2,236,0.6807913670189812,0.6007279666574433
svm,random_search,2,237,0.6807913670189812,0.6007286333222148
svm,random_search,2,238,0.6807913670189812,0.6009430710344039
svm,random_search,2,239,0.6807913670189812,0.6011242801865132
svm,random_search,2,240,0.6807913670189812,0.6013363898903867
svm,random_search,2,241,0.6807913670189812,0.6013404446386666
svm,random_search,2,242,0.6807913670189812,0.6015585075005283
svm,random_search,2,243,0.6807913670189812,0.6015792930817939
svm,random_search,2,244,0.6807913670189812,0.6015890851039571
svm,random_search,2,245,0.6807913670189812,0.601641104033959
svm,random_search,2,246,0.6807913670189812,0.6013432140734117
svm,random_search,2,247,0.6807913670189812,0.6010490015354091
svm,random_search,2,248,0.6807913670189812,0.6012183583798195
svm,random_search,2,249,0.6807913670189812,0.6004827899396626
svm,random_search,2,250,0.6807913670189812,0.600698513931292
svm,random_search,2,251,0.6807913670189812,0.6007896946537126
svm,random_search,2,252,0.6807913670189812,0.6002388024442608
svm,random_search,2,253,0.6807913670189812,0.6005343336758057
svm,random_search,2,254,0.6807913670189812,0.6007144417151643
svm,random_search,2,255,0.6807913670189812,0.6008038233923185
svm,random_search,2,256,0.6807913670189812,0.6009830285356705
svm,random_search,2,257,0.6807913670189812,0.6007462218178554
svm,random_search,2,258,0.6807913670189812,0.600468888058892
svm,random_search,2,259,0.6807913670189812,0.6006530664051818
svm,random_search,2,260,0.6807913670189812,0.6008669641535994
svm,random_search,2,261,0.6807913670189812,0.6010373201205338
svm,random_search,2,262,0.6807913670189812,0.6012303740600294
svm,random_search,2,263,0.6807913670189812,0.6011078183648219
svm,random_search,2,264,0.6807913670189812,0.6013039218970443
svm,random_search,2,265,0.6807913670189812,0.6011860565812758
svm,random_search,2,266,0.6807913670189812,0.6013735947852885
svm,random_search,2,267,0.6807913670189812,0.6015599213445753
svm,random_search,2,268,0.6807913670189812,0.6013139022045237
svm,random_search,2,269,0.6807913670189812,0.6014981875478393
svm,random_search,2,270,0.6807913670189812,0.6012273060152152
svm,random_search,2,271,0.6807913670189812,0.6007744114208524
svm,random_search,2,272,0.6807913670189812,0.6009623643469041
svm,random_search,2,273,0.6807913670189812,0.6006964222567663
svm,random_search,2,274,0.6807913670189812,0.6008771212851518
svm,random_search,2,275,0.6807913670189812,0.6010593503668424
svm,random_search,2,276,0.6807913670189812,0.6013237555537089
svm,random_search,2,277,0.6807913670189812,0.6014780913799164
svm,random_search,2,278,0.6807913670189812,0.6016612086783648
svm,random_search,2,279,0.6807913670189812,0.6018319314301237
svm,random_search,2,280,0.6807913670189812,0.6015714037477208
svm,random_search,2,281,0.6807913670189812,0.60151678629692
svm,random_search,2,282,0.6807913670189812,0.6016794269284226
svm,random_search,2,283,0.6807913670189812,0.6018418049894895
svm,random_search,2,284,0.6807913670189812,0.6016444616539119
svm,random_search,2,285,0.6807913670189812,0.6018174745698799
svm,random_search,2,286,0.6807913670189812,0.6019887615414685
svm,random_search,2,287,0.6807913670189812,0.6021468725521565
svm,random_search,2,288,0.6807913670189812,0.6018906687368343
svm,random_search,2,289,0.6807913670189812,0.6014266168662107
svm,random_search,2,290,0.6807913670189812,0.6015930215921905
svm,random_search,2,291,0.6807913670189812,0.6013413623212185
svm,random_search,2,292,0.6807913670189812,0.6014877087839917
svm,random_search,2,293,0.6807913670189812,0.6016778656195928
svm,random_search,2,294,0.6807913670189812,0.6018715458303507
svm,random_search,2,295,0.6807913670189812,0.6017310907585305
svm,random_search,2,296,0.6807913670189812,0.6018793064441795
svm,random_search,2,297,0.6807913670189812,0.6020364135148567
svm,random_search,2,298,0.6807913670189812,0.601570425920525
svm,random_search,2,299,0.6807913670189812,0.6012953125659883
svm,random_search,2,300,0.6807913670189812,0.6014656597384422
svm,random_search,2,301,0.6807913670189812,0.6012227843696745
svm,random_search,2,302,0.6807913670189812,0.6013253336479708
svm,random_search,2,303,0.6807913670189812,0.6014649846850477
svm,random_search,2,304,0.6807913670189812,0.6016264638813973
svm,random_search,2,305,0.6807913670189812,0.6013862465366692
svm,random_search,2,306,0.6807913670189812,0.6015327690974618
svm,random_search,2,307,0.6807913670189812,0.6016980500598921
svm,random_search,2,308,0.6807913670189812,0.6018379384680166
svm,random_search,2,309,0.6807913670189812,0.6016001463491535
svm,random_search,2,310,0.6807913670189812,0.6017623010667061
svm,random_search,2,311,0.6807913670189812,0.6019113593248911
svm,random_search,2,312,0.6807913670189812,0.6020720923982933
svm,random_search,2,313,0.6807913670189812,0.6016324583128313
svm,random_search,2,314,0.6807913670189812,0.601492222866717
svm,random_search,2,315,0.6807913670189812,0.6016354663284046
svm,random_search,2,316,0.6937098682813548,0.601926841018129
svm,random_search,2,317,0.6937098682813548,0.6020586361753247
svm,random_search,2,318,0.6937098682813548,0.6021195881134249
svm,random_search,2,319,0.6937098682813548,0.6022789637428709
svm,random_search,2,320,0.6937098682813548,0.602444654045794
svm,random_search,2,321,0.6937098682813548,0.6025814945090099
svm,random_search,2,322,0.6937098682813548,0.6021307709085582
svm,random_search,2,323,0.6937098682813548,0.602151733733086
svm,random_search,2,324,0.6937098682813548,0.6016026669948765
svm,random_search,2,325,0.6937098682813548,0.6013593840845347
svm,random_search,2,326,0.6937098682813548,0.6012901207963907
svm,random_search,2,327,0.6937098682813548,0.6014045964330654
svm,random_search,2,328,0.6937098682813548,0.6015561309650653
svm,random_search,2,329,0.6937098682813548,0.6016855702093654
svm,random_search,2,330,0.6937098682813548,0.6018532867681367
svm,random_search,2,331,0.6937098682813548,0.6017249983360058
svm,random_search,2,332,0.6937098682813548,0.6015040199486663
svm,random_search,2,333,0.6937098682813548,0.6016491255162575
svm,random_search,2,334,0.6937098682813548,0.6017912188627562
svm,random_search,2,335,0.6937098682813548,0.6017859713360995
svm,random_search,2,336,0.6937098682813548,0.6017580531177459
svm,random_search,2,337,0.6937098682813548,0.6013299215308432
svm,random_search,2,338,0.6937098682813548,0.6014363436436934
svm,random_search,2,339,0.6937098682813548,0.6015850228673814
svm,random_search,2,340,0.6937098682813548,0.6017056312416658
svm,random_search,2,341,0.6937098682813548,0.6018518483694246
svm,random_search,2,342,0.6937098682813548,0.6016625315086153
svm,random_search,2,343,0.6937098682813548,0.6015634502946245
svm,random_search,2,344,0.6937098682813548,0.6012481742524468
svm,random_search,2,345,0.6937098682813548,0.6013948558920976
svm,random_search,2,346,0.6937098682813548,0.6015544464537464
svm,random_search,2,347,0.6937098682813548,0.6016999955177246
svm,random_search,2,348,0.6937098682813548,0.601255746920494
svm,random_search,2,349,0.6937098682813548,0.6013127583444681
svm,random_search,2,350,0.6937098682813548,0.6014370878123769
svm,random_search,2,351,0.6937098682813548,0.6015772128140575
svm,random_search,2,352,0.6937098682813548,0.6016971684896693
svm,random_search,2,353,0.6937098682813548,0.6018408220511413
svm,random_search,2,354,0.6937098682813548,0.6018342998448067
svm,random_search,2,355,0.6937098682813548,0.6016878668092785
svm,random_search,2,356,0.6937098682813548,0.601625321090163
svm,random_search,2,357,0.6937098682813548,0.6017687239555328
svm,random_search,2,358,0.6937098682813548,0.6019488865846808
svm,random_search,2,359,0.6937098682813548,0.6020729100556337
svm,random_search,2,360,0.6937098682813548,0.6020929072184078
svm,random_search,2,361,0.6937098682813548,0.6022059293869154
svm,random_search,2,362,0.6937098682813548,0.6023246892594439
svm,random_search,2,363,0.6937098682813548,0.6024817040033859
svm,random_search,2,364,0.6937098682813548,0.602619185440008
svm,random_search,2,365,0.6937098682813548,0.6027305862366513
svm,random_search,2,366,0.6937098682813548,0.6027091632229817
svm,random_search,2,367,0.6937098682813548,0.6027053122148497
svm,random_search,2,368,0.6937098682813548,0.6023453846275887
svm,random_search,2,369,0.6937098682813548,0.6019890089308986
svm,random_search,2,370,0.6937098682813548,0.6019980055964286
svm,random_search,2,371,0.6937098682813548,0.6021065472857722
svm,random_search,2,372,0.6937098682813548,0.6022522741760693
svm,random_search,2,373,0.6937098682813548,0.6023832747445615
svm,random_search,2,374,0.6937098682813548,0.6025180338403152
svm,random_search,2,375,0.6937098682813548,0.60264573770094
svm,random_search,2,376,0.6937098682813548,0.6027720564486253
svm,random_search,2,377,0.6937098682813548,0.6029030089875625
svm,random_search,2,378,0.6937098682813548,0.6027315689746915
svm,random_search,2,379,0.6937098682813548,0.6028611779013614
svm,random_search,2,380,0.6937098682813548,0.6029661391518598
svm,random_search,2,381,0.6937098682813548,0.6030787038234638
svm,random_search,2,382,0.6937098682813548,0.6032003971312113
svm,random_search,2,383,0.6937098682813548,0.6033225349732404
svm,random_search,2,384,0.6937098682813548,0.6029475351660002
svm,random_search,2,385,0.6937098682813548,0.6025789115187614
svm,random_search,2,386,0.6937098682813548,0.6026696860419196
svm,random_search,2,387,0.6937098682813548,0.602801848505262
svm,random_search,2,388,0.6937098682813548,0.6029291258839488
svm,random_search,2,389,0.6937098682813548,0.6030411226812591
svm,random_search,2,390,0.6937098682813548,0.6031525828855125
svm,random_search,2,391,0.6937098682813548,0.6028420531836898
svm,random_search,2,392,0.6937098682813548,0.6029634300999167
svm,random_search,2,393,0.6937098682813548,0.6030851275229638
svm,random_search,2,394,0.6937098682813548,0.6028954702798581
svm,random_search,2,395,0.6937098682813548,0.6030195824444606
svm,random_search,2,396,0.6937098682813548,0.6030759030517007
svm,random_search,2,397,0.6937098682813548,0.6032000136332528
svm,random_search,2,398,0.6937098682813548,0.6032614578078929
svm,random_search,2,399,0.6937098682813548,0.6033779527975929
svm,random_search,2,400,0.6937098682813548,0.6035465318049128
svm,random_search,2,401,0.6937098682813548,0.6034109296542988
svm,random_search,2,402,0.6937098682813548,0.6035283680155404
svm,random_search,2,403,0.6937098682813548,0.6035741516435047
svm,random_search,2,404,0.6937098682813548,0.6032506321105524
svm,random_search,2,405,0.6937098682813548,0.6033859082777193
svm,random_search,2,406,0.6937098682813548,0.6032672263806709
svm,random_search,2,407,0.6937098682813548,0.6032566889664615
svm,random_search,2,408,0.6937098682813548,0.6030695627638663
svm,random_search,2,409,0.6937098682813548,0.6029261753890501
svm,random_search,2,410,0.6937098682813548,0.6027008308983675
svm,random_search,2,411,0.6937098682813548,0.60257114858701
svm,random_search,2,412,0.6937098682813548,0.6023910248616515
svm,random_search,2,413,0.6937098682813548,0.6023405857461801
svm,random_search,2,414,0.6937098682813548,0.6023326953898351
svm,random_search,2,415,0.6937098682813548,0.6024528225226504
svm,random_search,2,416,0.6937098682813548,0.6025648865479825
svm,random_search,2,417,0.6937098682813548,0.6026849248271603
svm,random_search,2,418,0.6937098682813548,0.6028036649252082
svm,random_search,2,419,0.6937098682813548,0.602987364293345
svm,random_search,2,420,0.6937098682813548,0.6031110215721007
svm,random_search,2,421,0.6937098682813548,0.6027009083206488
svm,random_search,2,422,0.6937098682813548,0.6028171385340462
svm,random_search,2,423,0.6937098682813548,0.602641117340678
svm,random_search,2,424,0.6937098682813548,0.6024659264359579
svm,random_search,2,425,0.6937098682813548,0.6024512436864675
svm,random_search,2,426,0.6937098682813548,0.6021308861330588
svm,random_search,2,427,0.6937098682813548,0.6022477641887515
svm,random_search,2,428,0.6937098682813548,0.6023640791553894
svm,random_search,2,429,0.6937098682813548,0.6021990933820517
svm,random_search,2,430,0.6937098682813548,0.6022261076827544
svm,random_search,2,431,0.6937098682813548,0.6023206199431683
svm,random_search,2,432,0.6937098682813548,0.602159579532916
svm,random_search,2,433,0.6937098682813548,0.6022747717449325
svm,random_search,2,434,0.6937098682813548,0.6019880691738867
svm,random_search,2,435,0.6937098682813548,0.601692913768147
svm,random_search,2,436,0.6937098682813548,0.6018087729243704
svm,random_search,2,437,0.6937098682813548,0.6019138175811992
svm,random_search,2,438,0.6937098682813548,0.602017574490312
svm,random_search,2,439,0.6937098682813548,0.6021474914826195
svm,random_search,2,440,0.6937098682813548,0.6022629752134435
svm,random_search,2,441,0.6937098682813548,0.6020953951647493
svm,random_search,2,442,0.6937098682813548,0.6022104576663688
svm,random_search,2,443,0.6937098682813548,0.6023096240933654
svm,random_search,2,444,0.6937098682813548,0.6024178837454791
svm,random_search,2,445,0.6937098682813548,0.6022576622932281
svm,random_search,2,446,0.6937098682813548,0.6023500493826927
svm,random_search,2,447,0.6937098682813548,0.6022775567067538
svm,random_search,2,448,0.6937098682813548,0.602271361621569
svm,random_search,2,449,0.6937098682813548,0.6023808361262045
svm,random_search,2,450,0.6937098682813548,0.6024776394967291
svm,random_search,2,451,0.6937098682813548,0.6025871363725379
svm,random_search,2,452,0.6937098682813548,0.6026910390569836
svm,random_search,2,453,0.6937098682813548,0.6026068252347726
svm,random_search,2,454,0.6937098682813548,0.6027183864206651
svm,random_search,2,455,0.6937098682813548,0.602816837904538
svm,random_search,2,456,0.6937098682813548,0.6025153963716576
svm,random_search,2,457,0.6937098682813548,0.6026239707198996
svm,random_search,2,458,0.6937098682813548,0.6027074648071576
svm,random_search,2,459,0.6937098682813548,0.6022671951848575
svm,random_search,2,460,0.6937098682813548,0.6023671457785863
svm,random_search,2,461,0.6937098682813548,0.6024742350487323
svm,random_search,2,462,0.6937098682813548,0.6024969494840977
svm,random_search,2,463,0.6937098682813548,0.6025935570817577
svm,random_search,2,464,0.6937098682813548,0.6027082420543521
svm,random_search,2,465,0.6937098682813548,0.6028323147935964
svm,random_search,2,466,0.6937098682813548,0.6029495553962032
svm,random_search,2,467,0.6937098682813548,0.6030530418394103
svm,random_search,2,468,0.6937098682813548,0.603210992715089
svm,random_search,2,469,0.6937098682813548,0.6032299263129924
svm,random_search,2,470,0.6937098682813548,0.603315936433259
svm,random_search,2,471,0.6937098682813548,0.6034204298043461
svm,random_search,2,472,0.6937098682813548,0.6032614038381067
svm,random_search,2,473,0.6937098682813548,0.603359578807713
svm,random_search,2,474,0.6937098682813548,0.6034535729631154
svm,random_search,2,475,0.6937098682813548,0.6034772050333354
svm,random_search,2,476,0.6937098682813548,0.603278578722288
svm,random_search,2,477,0.6937098682813548,0.603400019722558
svm,random_search,2,478,0.6937098682813548,0.60324303259707
svm,random_search,2,479,0.6937098682813548,0.6033010696770508
svm,random_search,2,480,0.6937098682813548,0.6034024970285842
svm,random_search,2,481,0.6937098682813548,0.6030760993904832
svm,random_search,2,482,0.6937098682813548,0.6027847306253531
svm,random_search,2,483,0.6937098682813548,0.6028854356750868
svm,random_search,2,484,0.6937098682813548,0.6027250273665768
svm,random_search,2,485,0.6937098682813548,0.6028312531333843
svm,random_search,2,486,0.6937098682813548,0.6029295251765958
svm,random_search,2,487,0.6937098682813548,0.6030216205802236
svm,random_search,2,488,0.6937098682813548,0.6027636279063262
svm,random_search,2,489,0.6937098682813548,0.602855097328395
svm,random_search,2,490,0.6937098682813548,0.6026034141999607
svm,random_search,2,491,0.6937098682813548,0.6024522059709165
svm,random_search,2,492,0.6937098682813548,0.602553439749578
svm,random_search,2,493,0.6937098682813548,0.6026369732556843
svm,random_search,2,494,0.6937098682813548,0.6027103810545664
svm,random_search,2,495,0.6937098682813548,0.6028061122432555
svm,random_search,2,496,0.6937098682813548,0.6026581622347925
svm,random_search,2,497,0.6937098682813548,0.6025132157741913
svm,random_search,2,498,0.6937098682813548,0.6026050167663162
svm,random_search,2,499,0.6937098682813548,0.6026929596170515
svm,random_search,2,500,0.6937098682813548,0.6028124795539062
svm,random_search,2,501,0.6937098682813548,0.60291063086539
svm,random_search,2,502,0.6937098682813548,0.6026726708388896
svm,random_search,2,503,0.6937098682813548,0.6027545568153747
svm,random_search,2,504,0.6937098682813548,0.6028334670857047
svm,random_search,2,505,0.6937098682813548,0.6029200149869465
svm,random_search,2,506,0.6937098682813548,0.6027528889662328
svm,random_search,2,507,0.6937098682813548,0.6028649293048153
svm,random_search,2,508,0.6937098682813548,0.6029624818094604
svm,random_search,2,509,0.6937098682813548,0.6030637542576082
svm,random_search,2,510,0.6937098682813548,0.6028139900324567
svm,random_search,2,511,0.6937098682813548,0.6029265703545207
svm,random_search,2,512,0.6937098682813548,0.6030221016633477
svm,random_search,2,513,0.6937098682813548,0.6028872144076719
svm,random_search,2,514,0.6937098682813548,0.6027795222403429
svm,random_search,2,515,0.6937098682813548,0.6028669447896507
svm,random_search,2,516,0.6937098682813548,0.6029574172786487
svm,random_search,2,517,0.6937098682813548,0.6030535638785726
svm,random_search,2,518,0.6937098682813548,0.6031402358471976
svm,random_search,2,519,0.6937098682813548,0.60287417944426
svm,random_search,2,520,0.6937098682813548,0.6028695686453721
svm,random_search,2,521,0.6937098682813548,0.6029489408623837
svm,random_search,2,522,0.6937098682813548,0.6030568631809589
svm,random_search,2,523,0.6937098682813548,0.6028828023310662
svm,random_search,2,524,0.6937098682813548,0.6029676811077066
svm,random_search,2,525,0.6937098682813548,0.603062019607089
svm,random_search,2,526,0.6937098682813548,0.6028021359325237
svm,random_search,2,527,0.6937098682813548,0.6025527329684807
svm,random_search,2,528,0.6937098682813548,0.6026377616950049
svm,random_search,2,529,0.6937098682813548,0.6026275374805343
svm,random_search,2,530,0.6937098682813548,0.602406443137439
svm,random_search,2,531,0.6937098682813548,0.6022669963024142
svm,random_search,2,532,0.6937098682813548,0.6022204833157325
svm,random_search,2,533,0.6937098682813548,0.6022988718156955
svm,random_search,2,534,0.6937098682813548,0.6023592887412333
svm,random_search,2,535,0.6937098682813548,0.6021199276311976
svm,random_search,2,536,0.6937098682813548,0.602214724112981
svm,random_search,2,537,0.6937098682813548,0.6022988197560755
svm,random_search,2,538,0.6937098682813548,0.6023836165744292
svm,random_search,2,539,0.6937098682813548,0.6025190813041513
svm,random_search,2,540,0.6937098682813548,0.6024408852169859
svm,random_search,2,541,0.6937098682813548,0.602303952293737
svm,random_search,2,542,0.6937098682813548,0.6023933972539095
svm,random_search,2,543,0.6937098682813548,0.6022570561424646
svm,random_search,2,544,0.6937098682813548,0.6022675763582113
svm,random_search,2,545,0.6937098682813548,0.6023587760731076
svm,random_search,2,546,0.6937098682813548,0.6024495876785784
svm,random_search,2,547,0.6937098682813548,0.6025252664251932
svm,random_search,2,548,0.6937098682813548,0.6026072555459592
svm,random_search,2,549,0.6937098682813548,0.6026967015744688
svm,random_search,2,550,0.6937098682813548,0.6025615442511321
svm,random_search,2,551,0.6937098682813548,0.6026607885361799
svm,random_search,2,552,0.6937098682813548,0.6027075365824306
svm,random_search,2,553,0.6937098682813548,0.6027977425292567
svm,random_search,2,554,0.6937098682813548,0.6025519769369128
svm,random_search,2,555,0.6937098682813548,0.6026268337086079
svm,random_search,2,556,0.6937098682813548,0.6027163262524737
svm,random_search,2,557,0.6937098682813548,0.6028472649076676
svm,random_search,2,558,0.6937098682813548,0.6029066136698283
svm,random_search,2,559,0.6937098682813548,0.6029755462039798
svm,random_search,2,560,0.6937098682813548,0.6030313455061808
svm,random_search,2,561,0.6937098682813548,0.6031210920389566
svm,random_search,2,562,0.6937098682813548,0.6032085133237949
svm,random_search,2,563,0.6937098682813548,0.603288528832996
svm,random_search,2,564,0.6937098682813548,0.603370959615268
svm,random_search,2,565,0.6937098682813548,0.6031250849156004
svm,random_search,2,566,0.6937098682813548,0.6029832159715957
svm,random_search,2,567,0.6937098682813548,0.6028619086773676
svm,random_search,2,568,0.6937098682813548,0.6027307436510682
svm,random_search,2,569,0.6937098682813548,0.6025108788829623
svm,random_search,2,570,0.6937098682813548,0.6026085396363687
svm,random_search,2,571,0.6937098682813548,0.6026316116651989
svm,random_search,2,572,0.6937098682813548,0.602401121222918
svm,random_search,2,573,0.6937098682813548,0.602480483840364
svm,random_search,2,574,0.6937098682813548,0.6025749157485204
svm,random_search,2,575,0.6937098682813548,0.6024458466319826
svm,random_search,2,576,0.6937098682813548,0.6025133280981101
svm,random_search,2,577,0.6937098682813548,0.6025942226770166
svm,random_search,2,578,0.6937098682813548,0.6026700111132255
svm,random_search,2,579,0.6937098682813548,0.6027452191261098
svm,random_search,2,580,0.6937098682813548,0.6028178012390686
svm,random_search,2,581,0.6937098682813548,0.6026896469748694
svm,random_search,2,582,0.6937098682813548,0.6026944670856775
svm,random_search,2,583,0.6937098682813548,0.6025954036145269
svm,random_search,2,584,0.6937098682813548,0.6026806087232813
svm,random_search,2,585,0.6937098682813548,0.6025444225660181
svm,random_search,2,586,0.6937098682813548,0.6026197651283086
svm,random_search,2,587,0.6937098682813548,0.6024953954555631
svm,random_search,2,588,0.6937098682813548,0.602276629724232
svm,random_search,2,589,0.6937098682813548,0.602204084727311
svm,random_search,2,590,0.6937098682813548,0.6020827130052127
svm,random_search,2,591,0.6937098682813548,0.6021581244586869
svm,random_search,2,592,0.6937098682813548,0.6022469509839231
svm,random_search,2,593,0.6937098682813548,0.6022953348361477
svm,random_search,2,594,0.6937098682813548,0.6021708648679712
svm,random_search,2,595,0.6937098682813548,0.6022567216438485
svm,random_search,2,596,0.6937098682813548,0.6023436766742674
svm,random_search,2,597,0.6937098682813548,0.6024227259211069
svm,random_search,2,598,0.6937098682813548,0.6025130246922572
svm,random_search,2,599,0.6937098682813548,0.6025958394269462
svm,random_search,2,600,0.6937098682813548,0.6026886470487468
svm,random_search,2,601,0.6937098682813548,0.6027708447761084
svm,random_search,2,602,0.6937098682813548,0.6028442010900388
svm,random_search,2,603,0.6937098682813548,0.6027206786566213
svm,random_search,2,604,0.6937098682813548,0.6027977360563661
svm,random_search,2,605,0.6937098682813548,0.6026746987632802
svm,random_search,2,606,0.6937098682813548,0.6027629027104775
svm,random_search,2,607,0.6937098682813548,0.6028078627823075
svm,random_search,2,608,0.6937098682813548,0.602578794876695
svm,random_search,2,609,0.6937098682813548,0.6026556827668047
svm,random_search,2,610,0.6937098682813548,0.6026143143763217
svm,random_search,2,611,0.6937098682813548,0.6026467451745197
svm,random_search,2,612,0.6937098682813548,0.6027245308906647
svm,random_search,2,613,0.6937098682813548,0.6027952498959948
svm,random_search,2,614,0.6937098682813548,0.602876435248199
svm,random_search,2,615,0.6937098682813548,0.6027597585042938
svm,random_search,2,616,0.6937098682813548,0.6027274051673236
svm,random_search,2,617,0.6937098682813548,0.6026068748084452
svm,random_search,2,618,0.6937098682813548,0.602680161498739
svm,random_search,2,619,0.6937098682813548,0.6027480369373686
svm,random_search,2,620,0.6937098682813548,0.6027752474184859
svm,random_search,2,621,0.6937098682813548,0.6028475761852294
svm,random_search,2,622,0.6937098682813548,0.6029137401363721
svm,random_search,2,623,0.6937098682813548,0.6029768242184984
svm,random_search,2,624,0.6937098682813548,0.6030557197066067
svm,random_search,2,625,0.6937098682813548,0.6031316824781986
svm,random_search,2,626,0.6937098682813548,0.6031952363444956
svm,random_search,2,627,0.6937098682813548,0.6031136832708747
svm,random_search,2,628,0.6937098682813548,0.603183021697161
svm,random_search,2,629,0.6937098682813548,0.6032622410714584
svm,random_search,2,630,0.6937098682813548,0.6033397917652654
svm,random_search,2,631,0.6937098682813548,0.6034282528706337
svm,random_search,2,632,0.6937098682813548,0.6033094742644133
svm,random_search,2,633,0.6937098682813548,0.6031910709460482
svm,random_search,2,634,0.6937098682813548,0.6032506797004635
svm,random_search,2,635,0.6937098682813548,0.6033230010337889
svm,random_search,2,636,0.6937098682813548,0.6033956520239296
svm,random_search,2,637,0.6937098682813548,0.6032778569245818
svm,random_search,2,638,0.6937098682813548,0.6033479332592193
svm,random_search,2,639,0.6937098682813548,0.6034136443145414
svm,random_search,2,640,0.6937098682813548,0.6034961101022353
svm,random_search,2,641,0.6937098682813548,0.6033031270596032
svm,random_search,2,642,0.6937098682813548,0.6033652895284111
svm,random_search,2,643,0.6937098682813548,0.6034282005483725
svm,random_search,2,644,0.6937098682813548,0.6034889793536385
svm,random_search,2,645,0.6937098682813548,0.603402878378902
svm,random_search,2,646,0.6937098682813548,0.6034777648705623
svm,random_search,2,647,0.6937098682813548,0.6035390404619339
svm,random_search,2,648,0.6937098682813548,0.6034466779628099
svm,random_search,2,649,0.6937098682813548,0.6035087454609526
svm,random_search,2,650,0.6937098682813548,0.6035754813013849
svm,random_search,2,651,0.6937098682813548,0.6033769301283638
svm,random_search,2,652,0.6937098682813548,0.6033460020616396
svm,random_search,2,653,0.6937098682813548,0.6034001232733246
svm,random_search,2,654,0.6937098682813548,0.6034754858861794
svm,random_search,2,655,0.6937098682813548,0.603556620553136
svm,random_search,2,656,0.6937098682813548,0.6036308961116525
svm,random_search,2,657,0.6937098682813548,0.6035163288021056
svm,random_search,2,658,0.6937098682813548,0.603348227746226
svm,random_search,2,659,0.6937098682813548,0.6032189165316938
svm,random_search,2,660,0.6937098682813548,0.6032206991813948
svm,random_search,2,661,0.6937098682813548,0.6032915498161738
svm,random_search,2,662,0.6937098682813548,0.6033578386199537
svm,random_search,2,663,0.6937098682813548,0.6034322754578214
svm,random_search,2,664,0.6937098682813548,0.603319215063667
svm,random_search,2,665,0.6937098682813548,0.6033921543274632
svm,random_search,2,666,0.6937098682813548,0.6034555116638369
svm,random_search,2,667,0.6937098682813548,0.6035203267668958
svm,random_search,2,668,0.6937098682813548,0.603570608846726
svm,random_search,2,669,0.6937098682813548,0.6035331658922753
svm,random_search,2,670,0.6937098682813548,0.6036065302298695
svm,random_search,2,671,0.6937098682813548,0.6035560793405994
svm,random_search,2,672,0.6937098682813548,0.6036217894177605
svm,random_search,2,673,0.6937098682813548,0.6035470564080265
svm,random_search,2,674,0.6937098682813548,0.6034738907117501
svm,random_search,2,675,0.6937098682813548,0.6034842628045377
svm,random_search,2,676,0.6937098682813548,0.6035566008168717
svm,random_search,2,677,0.6937098682813548,0.6033562409184199
svm,random_search,2,678,0.6937098682813548,0.6034430333264126
svm,random_search,2,679,0.6937098682813548,0.6033315609530738
svm,random_search,2,680,0.6937098682813548,0.6033947991326136
svm,random_search,2,681,0.6937098682813548,0.6032926897904821
svm,random_search,2,682,0.6937098682813548,0.60335994393674
svm,random_search,2,683,0.6937098682813548,0.6034405925003109
svm,random_search,2,684,0.6937098682813548,0.6034974425560686
svm,random_search,2,685,0.6937098682813548,0.6035640924048915
svm,random_search,2,686,0.6937098682813548,0.6036154439423811
svm,random_search,2,687,0.6937098682813548,0.6034162498096378
svm,random_search,2,688,0.6937098682813548,0.6034714212577814
svm,random_search,2,689,0.6937098682813548,0.603504046850266
svm,random_search,2,690,0.6937098682813548,0.6035839891501869
svm,random_search,2,691,0.6937098682813548,0.6036601553530301
svm,random_search,2,692,0.6937098682813548,0.6036833873037994
svm,random_search,2,693,0.6937098682813548,0.6037451338448111
svm,random_search,2,694,0.6937098682813548,0.6037841698350264
svm,random_search,2,695,0.6937098682813548,0.603676155819621
svm,random_search,2,696,0.6937098682813548,0.6037552728204831
svm,random_search,2,697,0.6937098682813548,0.60358353306037
svm,random_search,2,698,0.6937098682813548,0.6034757632046093
svm,random_search,2,699,0.6937098682813548,0.6035352382899641
svm,random_search,2,700,0.6937098682813548,0.6033845971741506
svm,random_search,2,701,0.6937098682813548,0.6032775723190367
svm,random_search,2,702,0.6937098682813548,0.6033368452042587
svm,random_search,2,703,0.6937098682813548,0.6034033712876555
svm,random_search,2,704,0.6937098682813548,0.6034406408065077
svm,random_search,2,705,0.6937098682813548,0.6035066424908274
svm,random_search,2,706,0.6937098682813548,0.6035677218324205
svm,random_search,2,707,0.6937098682813548,0.6036333048422216
svm,random_search,2,708,0.6937098682813548,0.6037026527661722
svm,random_search,2,709,0.6937098682813548,0.6037595126534616
svm,random_search,2,710,0.6937098682813548,0.6037898101979664
svm,random_search,2,711,0.6937098682813548,0.6038510160365574
svm,random_search,2,712,0.6937098682813548,0.6036284332190704
svm,random_search,2,713,0.6937098682813548,0.6034843789974483
svm,random_search,2,714,0.6937098682813548,0.6035438741793634
svm,random_search,2,715,0.6937098682813548,0.6035618150185145
svm,random_search,2,716,0.6937098682813548,0.6033789681753686
svm,random_search,2,717,0.6937098682813548,0.6034469459138483
svm,random_search,2,718,0.6937098682813548,0.6035024314478802
svm,random_search,2,719,0.6937098682813548,0.6035666103987274
svm,random_search,2,720,0.6937098682813548,0.603558073158932
svm,random_search,2,721,0.6937098682813548,0.6036271860746499
svm,random_search,2,722,0.6937098682813548,0.6035269960560539
svm,random_search,2,723,0.6937098682813548,0.6036046991024374
svm,random_search,2,724,0.6937098682813548,0.6036712287685372
svm,random_search,2,725,0.6937098682813548,0.6037390815052117
svm,random_search,2,726,0.6937098682813548,0.6038015125954649
svm,random_search,2,727,0.6937098682813548,0.6038733540789869
svm,random_search,2,728,0.6937098682813548,0.6039403859075162
svm,random_search,2,729,0.6937098682813548,0.6037407119484013
svm,random_search,2,730,0.6937098682813548,0.6038041433677174
svm,random_search,2,731,0.6937098682813548,0.6038822549008791
svm,random_search,2,732,0.6937098682813548,0.6039427981379214
svm,random_search,2,733,0.6937098682813548,0.6040030259389314
svm,random_search,2,734,0.6937098682813548,0.6040680763768158
svm,random_search,2,735,0.6937098682813548,0.6039650724276492
svm,random_search,2,736,0.6937098682813548,0.6040239116587811
svm,random_search,2,737,0.6937098682813548,0.6039486639500806
svm,random_search,2,738,0.6937098682813548,0.6040592651042067
svm,random_search,2,739,0.6937098682813548,0.6041090897567414
svm,random_search,2,740,0.6937098682813548,0.6039306257501453
svm,random_search,2,741,0.6937098682813548,0.603993356888249
svm,random_search,2,742,0.6937098682813548,0.603892042063928
svm,random_search,2,743,0.6937098682813548,0.6039570873016689
svm,random_search,2,744,0.6937098682813548,0.6038617559095235
svm,random_search,2,745,0.6937098682813548,0.6039178536854704
svm,random_search,2,746,0.6937098682813548,0.6037401020016534
svm,random_search,2,747,0.6937098682813548,0.603804896055744
svm,random_search,2,748,0.6937098682813548,0.603869378631164
svm,random_search,2,749,0.6937098682813548,0.6039348122389616
svm,random_search,2,750,0.6937098682813548,0.6039975427217078
svm,random_search,2,751,0.6937098682813548,0.6039536053856684
svm,random_search,2,752,0.6937098682813548,0.6039222390230288
svm,random_search,2,753,0.6937098682813548,0.6039753767850911
svm,random_search,2,754,0.6937098682813548,0.6040352250506924
svm,random_search,2,755,0.6937098682813548,0.6040925101531696
svm,random_search,2,756,0.6937098682813548,0.6040804840169344
svm,random_search,2,757,0.6937098682813548,0.6041405801625966
svm,random_search,2,758,0.6937098682813548,0.6042011311250628
svm,random_search,2,759,0.6937098682813548,0.604225157231556
svm,random_search,2,760,0.6937098682813548,0.6042841654676018
svm,random_search,2,761,0.6937098682813548,0.6043397117554807
svm,random_search,2,762,0.6937098682813548,0.6043226855877469
svm,random_search,2,763,0.6937098682813548,0.6042231279051147
svm,random_search,2,764,0.6937098682813548,0.6042216397625229
svm,random_search,2,765,0.6937098682813548,0.6042907483585934
svm,random_search,2,766,0.6937098682813548,0.6043382635396
svm,random_search,2,767,0.6937098682813548,0.6041658296335664
svm,random_search,2,768,0.6937098682813548,0.6042210141320754
svm,random_search,2,769,0.6937098682813548,0.6042793179963328
svm,random_search,2,770,0.6937098682813548,0.6043304641614065
svm,random_search,2,771,0.6937098682813548,0.6041799528679939
svm,random_search,2,772,0.6937098682813548,0.6042425472324344
svm,random_search,2,773,0.6937098682813548,0.6042926639368412
svm,random_search,2,774,0.6937098682813548,0.6043549515451517
svm,random_search,2,775,0.6937098682813548,0.6042358048440907
svm,random_search,2,776,0.6937098682813548,0.6042900259534125
svm,random_search,2,777,0.6937098682813548,0.6043497776473019
svm,random_search,2,778,0.6937098682813548,0.6042521046345667
svm,random_search,2,779,0.6937098682813548,0.6042960161553598
svm,random_search,2,780,0.6937098682813548,0.604320495177496
svm,random_search,2,781,0.6937098682813548,0.6043487668070349
svm,random_search,2,782,0.6937098682813548,0.6043980765853553
svm,random_search,2,783,0.6937098682813548,0.6043038752059807
svm,random_search,2,784,0.6937098682813548,0.6041362892816791
svm,random_search,2,785,0.6937098682813548,0.6040397591981855
svm,random_search,2,786,0.6937098682813548,0.6039600166803928
svm,random_search,2,787,0.6937098682813548,0.6040209097801977
svm,random_search,2,788,0.6937098682813548,0.6038539998452805
svm,random_search,2,789,0.6937098682813548,0.603700879030241
svm,random_search,2,790,0.6937098682813548,0.6037583287743961
svm,random_search,2,791,0.6937098682813548,0.6035401008206333
svm,random_search,2,792,0.6937098682813548,0.603492854612598
svm,random_search,2,793,0.6937098682813548,0.6035552720769521
svm,random_search,2,794,0.6937098682813548,0.6036229763721256
svm,random_search,2,795,0.6937098682813548,0.6036835785453094
svm,random_search,2,796,0.6937098682813548,0.603734461040206
svm,random_search,2,797,0.6937098682813548,0.6036973069631425
svm,random_search,2,798,0.6937098682813548,0.6036669946548526
svm,random_search,2,799,0.6937098682813548,0.6037252894627422
svm,random_search,2,800,0.6937098682813548,0.6037800994191056
svm,random_search,2,801,0.6937098682813548,0.6036130664521271
svm,random_search,2,802,0.6937098682813548,0.6035192349150786
svm,random_search,2,803,0.6937098682813548,0.6035789951660564
svm,random_search,2,804,0.6937098682813548,0.6035615665472471
svm,random_search,2,805,0.6937098682813548,0.6036211714793569
svm,random_search,2,806,0.6937098682813548,0.603678586382385
svm,random_search,2,807,0.6937098682813548,0.6035215778023035
svm,random_search,2,808,0.6937098682813548,0.6034031733527094
svm,random_search,2,809,0.6937098682813548,0.6033162802313322
svm,random_search,2,810,0.6937098682813548,0.6032875699476221
svm,random_search,2,811,0.6937098682813548,0.6031929222236431
svm,random_search,2,812,0.6937098682813548,0.6032444326275047
svm,random_search,2,813,0.6937098682813548,0.603310554262544
svm,random_search,2,814,0.6937098682813548,0.60335756946002
svm,random_search,2,815,0.6937098682813548,0.6034190475190501
svm,random_search,2,816,0.6937098682813548,0.6034700651924517
svm,random_search,2,817,0.6937098682813548,0.6035187809669768
svm,random_search,2,818,0.6937098682813548,0.6034746408067099
svm,random_search,2,819,0.6937098682813548,0.6035274761135128
svm,random_search,2,820,0.6937098682813548,0.6035935807521413
svm,random_search,2,821,0.6937098682813548,0.6036455942063037
svm,random_search,2,822,0.6937098682813548,0.6035818898591785
svm,random_search,2,823,0.6937098682813548,0.603639036534315
svm,random_search,2,824,0.6937098682813548,0.6035654720048869
svm,random_search,2,825,0.6937098682813548,0.603615952444377
svm,random_search,2,826,0.6937098682813548,0.6036756557552341
svm,random_search,2,827,0.6937098682813548,0.6035028992910199
svm,random_search,2,828,0.6937098682813548,0.6035146680064944
svm,random_search,2,829,0.6937098682813548,0.6035796896897907
svm,random_search,2,830,0.6937098682813548,0.6034890637669589
svm,random_search,2,831,0.6937098682813548,0.6034022171209876
svm,random_search,2,832,0.6937098682813548,0.6033120223573076
svm,random_search,2,833,0.6937098682813548,0.6032220441476822
svm,random_search,2,834,0.6937098682813548,0.6030663511472671
svm,random_search,2,835,0.6937098682813548,0.6031235592248957
svm,random_search,2,836,0.6937098682813548,0.6031808246582773
svm,random_search,2,837,0.6937098682813548,0.6030881946438159
svm,random_search,2,838,0.6937098682813548,0.6031417548207851
svm,random_search,2,839,0.6937098682813548,0.6031902354854722
svm,random_search,2,840,0.6937098682813548,0.6032431778552012
svm,random_search,2,841,0.6937098682813548,0.6033020224438668
svm,random_search,2,842,0.6937098682813548,0.6033580105035091
svm,random_search,2,843,0.6937098682813548,0.603400568089673
svm,random_search,2,844,0.6937098682813548,0.6034585624449316
svm,random_search,2,845,0.6937098682813548,0.6033696883631254
svm,random_search,2,846,0.6937098682813548,0.6034255756618601
svm,random_search,2,847,0.6937098682813548,0.6034799717725163
svm,random_search,2,848,0.6937098682813548,0.6035163725525948
svm,random_search,2,849,0.6937098682813548,0.6035634497068069
svm,random_search,2,850,0.6937098682813548,0.6036264492843006
svm,random_search,2,851,0.6937098682813548,0.6036768506511652
svm,random_search,2,852,0.6937098682813548,0.6036727740154083
svm,random_search,2,853,0.6937098682813548,0.6037316538822393
svm,random_search,2,854,0.6937098682813548,0.6037879593009832
svm,random_search,2,855,0.6937098682813548,0.6035541109917338
svm,random_search,2,856,0.6937098682813548,0.6034662676070933
svm,random_search,2,857,0.6937098682813548,0.6033786292245171
svm,random_search,2,858,0.6937098682813548,0.6034148108873222
svm,random_search,2,859,0.6937098682813548,0.603467669657246
svm,random_search,2,860,0.6937098682813548,0.6035244641227098
svm,random_search,2,861,0.6937098682813548,0.6035794639900044
svm,random_search,2,862,0.6937098682813548,0.6036200466233608
svm,random_search,2,863,0.6937098682813548,0.6036749106547759
svm,random_search,2,864,0.6937098682813548,0.6035229883291157
svm,random_search,2,865,0.6937098682813548,0.6035726850040417
svm,random_search,2,866,0.6937098682813548,0.6036225396091311
svm,random_search,2,867,0.6937098682813548,0.6035543835717888
svm,random_search,2,868,0.6937098682813548,0.6035984984781847
svm,random_search,2,869,0.6937098682813548,0.6036503500928639
svm,random_search,2,870,0.6937098682813548,0.6034934818550358
svm,random_search,2,871,0.6937098682813548,0.6035444036519592
svm,random_search,2,872,0.6937098682813548,0.6036099784281556
svm,random_search,2,873,0.6937098682813548,0.6036641158646997
svm,random_search,2,874,0.6937098682813548,0.6035779557478514
svm,random_search,2,875,0.6937098682813548,0.6035167318222482
svm,random_search,2,876,0.6937098682813548,0.6035710936323695
svm,random_search,2,877,0.6937098682813548,0.6036302873274071
svm,random_search,2,878,0.6937098682813548,0.603676453182778
svm,random_search,2,879,0.6937098682813548,0.6037240167994827
svm,random_search,2,880,0.6937098682813548,0.603777627566898
svm,random_search,2,881,0.6937098682813548,0.603831502057045
svm,random_search,2,882,0.6937098682813548,0.6037369449917863
svm,random_search,2,883,0.6937098682813548,0.603669522417457
svm,random_search,2,884,0.6937098682813548,0.603724054054479
svm,random_search,2,885,0.6937098682813548,0.6036289676447352
svm,random_search,2,886,0.6937098682813548,0.6036805236765183
svm,random_search,2,887,0.6937098682813548,0.6036712863085502
svm,random_search,2,888,0.6937098682813548,0.6035864764970984
svm,random_search,2,889,0.6937098682813548,0.6036356228531167
svm,random_search,2,890,0.6937098682813548,0.6036954282369553
svm,random_search,2,891,0.6937098682813548,0.6037501318648857
svm,random_search,2,892,0.6937098682813548,0.6037138369844745
svm,random_search,2,893,0.6937098682813548,0.6037678850945486
svm,random_search,2,894,0.6937098682813548,0.6036835364241289
svm,random_search,2,895,0.6937098682813548,0.6037373739378907
svm,random_search,2,896,0.6937098682813548,0.6035981643013165
svm,random_search,2,897,0.6937098682813548,0.6035200048759507
svm,random_search,2,898,0.6937098682813548,0.6035677471223291
svm,random_search,2,899,0.6937098682813548,0.6034302982792884
svm,random_search,2,900,0.6937098682813548,0.6034768780230791
svm,random_search,2,901,0.6937098682813548,0.6035192335348526
svm,random_search,2,902,0.6937098682813548,0.6035701925875334
svm,random_search,2,903,0.6937098682813548,0.6036240872746567
svm,random_search,2,904,0.6937098682813548,0.6036775361545318
svm,random_search,2,905,0.6937098682813548,0.6035943125496531
svm,random_search,2,906,0.6937098682813548,0.6036482546636349
svm,random_search,2,907,0.6937098682813548,0.6036398270956
svm,random_search,2,908,0.6937098682813548,0.6036916091320582
svm,random_search,2,909,0.6937098682813548,0.6036791334061736
svm,random_search,2,910,0.6937098682813548,0.6037260874366965
svm,random_search,2,911,0.6937098682813548,0.6037127133198168
svm,random_search,2,912,0.6937098682813548,0.6037205248019479
svm,random_search,2,913,0.6937098682813548,0.603770867711771
svm,random_search,2,914,0.6937098682813548,0.6038303938569374
svm,random_search,2,915,0.6937098682813548,0.603700561715248
svm,random_search,2,916,0.6937098682813548,0.6037024598047633
svm,random_search,2,917,0.6937098682813548,0.6037490541202677
svm,random_search,2,918,0.6937098682813548,0.60366693115689
svm,random_search,2,919,0.6937098682813548,0.6037121211797801
svm,random_search,2,920,0.6937098682813548,0.60377303271659
svm,random_search,2,921,0.6937098682813548,0.6038283538088751
svm,random_search,2,922,0.6937098682813548,0.6038721737120215
svm,random_search,2,923,0.6937098682813548,0.6037315245806342
svm,random_search,2,924,0.6937098682813548,0.6037765919035194
svm,random_search,2,925,0.6937098682813548,0.6038233173969484
svm,random_search,2,926,0.6937098682813548,0.6036902778010699
svm,random_search,2,927,0.6937098682813548,0.6037406974638129
svm,random_search,2,928,0.6937098682813548,0.6036297361214488
svm,random_search,2,929,0.6937098682813548,0.6036805095444622
svm,random_search,2,930,0.6937098682813548,0.6036914189127237
svm,random_search,2,931,0.6937098682813548,0.603610504578488
svm,random_search,2,932,0.6937098682813548,0.6035367399370792
svm,random_search,2,933,0.6937098682813548,0.6034561648393324
svm,random_search,2,934,0.6937098682813548,0.6033040347604449
svm,random_search,2,935,0.6937098682813548,0.6033564564101486
svm,random_search,2,936,0.6937098682813548,0.6034086635582463
svm,random_search,2,937,0.6937098682813548,0.6032626005791132
svm,random_search,2,938,0.6937098682813548,0.6031363118129309
svm,random_search,2,939,0.6937098682813548,0.6031961380460992
svm,random_search,2,940,0.6937098682813548,0.6032419032187508
svm,random_search,2,941,0.6937098682813548,0.603108825827131
svm,random_search,2,942,0.6937098682813548,0.6030440677898737
svm,random_search,2,943,0.6937098682813548,0.6030948806560976
svm,random_search,2,944,0.6937098682813548,0.6031408402125883
svm,random_search,2,945,0.6937098682813548,0.6031913102350375
svm,random_search,2,946,0.6937098682813548,0.6030577705173614
svm,random_search,2,947,0.6937098682813548,0.6029788923792644
svm,random_search,2,948,0.6937098682813548,0.6029175250008803
svm,random_search,2,949,0.6937098682813548,0.6029590589315281
svm,random_search,2,950,0.6937098682813548,0.6030063398179365
svm,random_search,2,951,0.6937098682813548,0.6030577967420836
svm,random_search,2,952,0.6937098682813548,0.6031034404209862
svm,random_search,2,953,0.6937098682813548,0.603099003714221
svm,random_search,2,954,0.6937098682813548,0.6030476049330382
svm,random_search,2,955,0.6937098682813548,0.6030801721929608
svm,random_search,2,956,0.6937098682813548,0.603100543135204
svm,random_search,2,957,0.6937098682813548,0.6029605768362303
svm,random_search,2,958,0.6937098682813548,0.6030337562565999
svm,random_search,2,959,0.6937098682813548,0.6030326346850813
svm,random_search,2,960,0.6937098682813548,0.6030842736920019
svm,random_search,2,961,0.6937098682813548,0.6031267362924027
svm,random_search,2,962,0.6937098682813548,0.6031838310591889
svm,random_search,2,963,0.6937098682813548,0.6031061325572992
svm,random_search,2,964,0.6937098682813548,0.6031486542917984
svm,random_search,2,965,0.6937098682813548,0.6031303897525997
svm,random_search,2,966,0.6937098682813548,0.6029905128798857
svm,random_search,2,967,0.6937098682813548,0.6030410051092014
svm,random_search,2,968,0.6937098682813548,0.6029000607291269
svm,random_search,2,969,0.6937098682813548,0.6029503135740213
svm,random_search,2,970,0.6937098682813548,0.6028761473887269
svm,random_search,2,971,0.6937098682813548,0.6029265341618107
svm,random_search,2,972,0.6937098682813548,0.6027924221681797
svm,random_search,2,973,0.6937098682813548,0.6026597235327044
svm,random_search,2,974,0.6937098682813548,0.6027150008896819
svm,random_search,2,975,0.6937098682813548,0.6027655581172792
svm,random_search,2,976,0.6937098682813548,0.6028159210133365
svm,random_search,2,977,0.6937098682813548,0.6028627668994669
svm,random_search,2,978,0.6937098682813548,0.6029184507045338
svm,random_search,2,979,0.6937098682813548,0.6029388785925266
svm,random_search,2,980,0.6937098682813548,0.6029893787234831
svm,random_search,2,981,0.6937098682813548,0.6030370152028414
svm,random_search,2,982,0.6937098682813548,0.603083570401822
svm,random_search,2,983,0.6937098682813548,0.6031385194399371
svm,random_search,2,984,0.6937098682813548,0.6031860542722837
svm,random_search,2,985,0.6937098682813548,0.6032335446611469
svm,random_search,2,986,0.6937098682813548,0.6032835435151285
svm,random_search,2,987,0.6937098682813548,0.603326442731268
svm,random_search,2,988,0.6937098682813548,0.6032368759935012
svm,random_search,2,989,0.6937098682813548,0.603161166486672
svm,random_search,2,990,0.6937098682813548,0.6031910063235113
svm,random_search,2,991,0.6937098682813548,0.6032055227481578
svm,random_search,2,992,0.6937098682813548,0.603251408872322
svm,random_search,2,993,0.6937098682813548,0.6031847758309212
svm,random_search,2,994,0.6937098682813548,0.6032557416420046
svm,random_search,2,995,0.6937098682813548,0.603295727654576
svm,random_search,2,996,0.6937098682813548,0.6030673387219713
svm,random_search,2,997,0.6937098682813548,0.6031163307563462
svm,random_search,2,998,0.6937098682813548,0.6030922040249704
svm,random_search,2,999,0.6937098682813548,0.6031445674209062
svm,random_search,2,1000,0.6937098682813548,0.603187128497842
svm,random_search,3,1,0.64652536997629,0.64652536997629
svm,random_search,3,2,0.64652536997629,0.6389094175992467
svm,random_search,3,3,0.6520009574714513,0.6432732642233149
svm,random_search,3,4,0.6520009574714513,0.5994584280769963
svm,random_search,3,5,0.6521263788418744,0.609992018229972
svm,random_search,3,6,0.6521263788418744,0.6028214862549187
svm,random_search,3,7,0.6521263788418744,0.5842204122524459
svm,random_search,3,8,0.6521263788418744,0.5922861772640086
svm,random_search,3,9,0.6521263788418744,0.5851832879834874
svm,random_search,3,10,0.6521853868972249,0.5918834978748612
svm,random_search,3,11,0.6521853868972249,0.5931897984188536
svm,random_search,3,12,0.6521853868972249,0.5924206717330321
svm,random_search,3,13,0.6521853868972249,0.5875054306833027
svm,random_search,3,14,0.6521853868972249,0.591772240038148
svm,random_search,3,15,0.6521853868972249,0.5914948538003333
svm,random_search,3,16,0.6521853868972249,0.5951542737696357
svm,random_search,3,17,0.6521853868972249,0.5876230466935632
svm,random_search,3,18,0.6521853868972249,0.5910487121442729
svm,random_search,3,19,0.6521853868972249,0.5842432169500104
svm,random_search,3,20,0.6521853868972249,0.5787392444727196
svm,random_search,3,21,0.6521853868972249,0.5822191108018243
svm,random_search,3,22,0.6521853868972249,0.5852568263504998
svm,random_search,3,23,0.6527168244912351,0.5881898697479231
svm,random_search,3,24,0.6527168244912351,0.5883493042385569
svm,random_search,3,25,0.6527168244912351,0.59081981418047
svm,random_search,3,26,0.6596335214641701,0.5934664952298431
svm,random_search,3,27,0.6596335214641701,0.5954291679592506
svm,random_search,3,28,0.6596335214641701,0.5910547705213635
svm,random_search,3,29,0.6736358272206383,0.593902393166166
svm,random_search,3,30,0.6736358272206383,0.5956422239962057
svm,random_search,3,31,0.6736358272206383,0.5974907203428677
svm,random_search,3,32,0.6736358272206383,0.5991521944093994
svm,random_search,3,33,0.6736358272206383,0.6006512563480013
svm,random_search,3,34,0.6736358272206383,0.5981363616957523
svm,random_search,3,35,0.6736358272206383,0.5996154772575614
svm,random_search,3,36,0.6736358272206383,0.6008010652120417
svm,random_search,3,37,0.6736358272206383,0.5980766626198992
svm,random_search,3,38,0.6736358272206383,0.5996132146902725
svm,random_search,3,39,0.6736358272206383,0.6008919657833226
svm,random_search,3,40,0.6736358272206383,0.6014219054636261
svm,random_search,3,41,0.6736358272206383,0.6025614073898979
svm,random_search,3,42,0.6736358272206383,0.6007947113505985
svm,random_search,3,43,0.6736358272206383,0.6018431013507102
svm,random_search,3,44,0.6736358272206383,0.6027930279916986
svm,random_search,3,45,0.6736358272206383,0.5996008625887422
svm,random_search,3,46,0.6736358272206383,0.6007444875063357
svm,random_search,3,47,0.6736358272206383,0.6017320524034895
svm,random_search,3,48,0.6736358272206383,0.6029090796414726
svm,random_search,3,49,0.6736358272206383,0.6020165866541092
svm,random_search,3,50,0.6736358272206383,0.6032152867317696
svm,random_search,3,51,0.6736358272206383,0.6039626316488318
svm,random_search,3,52,0.6736358272206383,0.6048943942058636
svm,random_search,3,53,0.6736358272206383,0.6057845890724457
svm,random_search,3,54,0.6736358272206383,0.6044878779245059
svm,random_search,3,55,0.6736358272206383,0.6054176345323422
svm,random_search,3,56,0.6736358272206383,0.6062003297548603
svm,random_search,3,57,0.6736358272206383,0.6070024247533583
svm,random_search,3,58,0.6736358272206383,0.607753326529304
svm,random_search,3,59,0.6736358272206383,0.6084954079511932
svm,random_search,3,60,0.6736358272206383,0.6092259121797512
svm,random_search,3,61,0.6736358272206383,0.6100568637752709
svm,random_search,3,62,0.6736358272206383,0.6107358806964139
svm,random_search,3,63,0.6736358272206383,0.6084727098509023
svm,random_search,3,64,0.6736358272206383,0.6089179418274003
svm,random_search,3,65,0.6736358272206383,0.6094803959855511
svm,random_search,3,66,0.6736358272206383,0.6085748919667323
svm,random_search,3,67,0.6736358272206383,0.6087026889475978
svm,random_search,3,68,0.6736358272206383,0.6093413813972478
svm,random_search,3,69,0.6736358272206383,0.6099087316164024
svm,random_search,3,70,0.6736358272206383,0.6105171131623442
svm,random_search,3,71,0.6736358272206383,0.6111092917878898
svm,random_search,3,72,0.6736358272206383,0.6117699878492134
svm,random_search,3,73,0.6736358272206383,0.6122909706395714
svm,random_search,3,74,0.6736358272206383,0.6110321340000451
svm,random_search,3,75,0.6736358272206383,0.6091811468998438
svm,random_search,3,76,0.6736358272206383,0.60789842856235
svm,random_search,3,77,0.6736358272206383,0.6085177672873714
svm,random_search,3,78,0.6736358272206383,0.6090707979004725
svm,random_search,3,79,0.6736358272206383,0.6095620908849025
svm,random_search,3,80,0.6736358272206383,0.6078912475929323
svm,random_search,3,81,0.6736358272206383,0.607082304439884
svm,random_search,3,82,0.6736358272206383,0.6074940988346427
svm,random_search,3,83,0.6736358272206383,0.606849440874822
svm,random_search,3,84,0.6736358272206383,0.6073932847946787
svm,random_search,3,85,0.6736358272206383,0.6067080638668031
svm,random_search,3,86,0.6736358272206383,0.6072306938748451
svm,random_search,3,87,0.6736358272206383,0.607698558839856
svm,random_search,3,88,0.6736358272206383,0.6082105497913024
svm,random_search,3,89,0.6736358272206383,0.6073703992486615
svm,random_search,3,90,0.6736358272206383,0.6067273435146244
svm,random_search,3,91,0.6736358272206383,0.6071350847690358
svm,random_search,3,92,0.6736358272206383,0.6076229177229574
svm,random_search,3,93,0.6736358272206383,0.6081043067213775
svm,random_search,3,94,0.6736358272206383,0.6084628664070668
svm,random_search,3,95,0.6736358272206383,0.6090110573534556
svm,random_search,3,96,0.6736358272206383,0.6093858415696077
svm,random_search,3,97,0.6736358272206383,0.6098136073597339
svm,random_search,3,98,0.6736358272206383,0.6091122524008006
svm,random_search,3,99,0.6736358272206383,0.6095448006786285
svm,random_search,3,100,0.6736358272206383,0.609965010125092
svm,random_search,3,101,0.6736358272206383,0.6095029277792124
svm,random_search,3,102,0.6736358272206383,0.6098384717659989
svm,random_search,3,103,0.6736358272206383,0.6084545363651984
svm,random_search,3,104,0.6736358272206383,0.608794915127828
svm,random_search,3,105,0.6736358272206383,0.6074675913970715
svm,random_search,3,106,0.6736358272206383,0.6078754663182979
svm,random_search,3,107,0.6736358272206383,0.6083491634446031
svm,random_search,3,108,0.6736358272206383,0.6072885383463158
svm,random_search,3,109,0.6736358272206383,0.6061045998934914
svm,random_search,3,110,0.6736358272206383,0.6065221755534236
svm,random_search,3,111,0.6736358272206383,0.6068414098862271
svm,random_search,3,112,0.6736358272206383,0.6066619717223452
svm,random_search,3,113,0.6736358272206383,0.6069876426639137
svm,random_search,3,114,0.6736358272206383,0.6073573168137307
svm,random_search,3,115,0.6775498141883656,0.6079676863561189
svm,random_search,3,116,0.6775498141883656,0.6082788943104473
svm,random_search,3,117,0.6775498141883656,0.6087015169736306
svm,random_search,3,118,0.6775498141883656,0.6090565168023528
svm,random_search,3,119,0.6775498141883656,0.609443628413494
svm,random_search,3,120,0.6775498141883656,0.60985749188068
svm,random_search,3,121,0.6775498141883656,0.6101367465712736
svm,random_search,3,122,0.6775498141883656,0.6094505546207386
svm,random_search,3,123,0.6775498141883656,0.6098541585814015
svm,random_search,3,124,0.6775498141883656,0.6101416817219264
svm,random_search,3,125,0.6775498141883656,0.6104139186104172
svm,random_search,3,126,0.6775498141883656,0.6092988900110567
svm,random_search,3,127,0.6775498141883656,0.6096265859902391
svm,random_search,3,128,0.6775498141883656,0.6099760276750948
svm,random_search,3,129,0.6775498141883656,0.6102409355945487
svm,random_search,3,130,0.6775498141883656,0.6106001870972281
svm,random_search,3,131,0.6775498141883656,0.6100894650494327
svm,random_search,3,132,0.6775498141883656,0.6094838336682878
svm,random_search,3,133,0.6775498141883656,0.6098038995305578
svm,random_search,3,134,0.6775498141883656,0.6085586306334188
svm,random_search,3,135,0.6775498141883656,0.6088768730393553
svm,random_search,3,136,0.6775498141883656,0.6081350570746743
svm,random_search,3,137,0.6775498141883656,0.6085052787671914
svm,random_search,3,138,0.6775498141883656,0.6088218016006213
svm,random_search,3,139,0.6775498141883656,0.6090993152211894
svm,random_search,3,140,0.6775498141883656,0.6091113557108048
svm,random_search,3,141,0.6775498141883656,0.6095821329845592
svm,random_search,3,142,0.6775498141883656,0.6098417251787426
svm,random_search,3,143,0.6775498141883656,0.6100722954271197
svm,random_search,3,144,0.6775498141883656,0.6103192410682848
svm,random_search,3,145,0.6775498141883656,0.6102861686835563
svm,random_search,3,146,0.6775498141883656,0.610569106396556
svm,random_search,3,147,0.6775498141883656,0.6102342548157291
svm,random_search,3,148,0.6775498141883656,0.6105118751565901
svm,random_search,3,149,0.6775498141883656,0.6107896322497096
svm,random_search,3,150,0.6775498141883656,0.610240102526307
svm,random_search,3,151,0.6775498141883656,0.6100001271843839
svm,random_search,3,152,0.6775498141883656,0.610241104511687
svm,random_search,3,153,0.6775498141883656,0.6097059350295146
svm,random_search,3,154,0.6775498141883656,0.6099256594364595
svm,random_search,3,155,0.6775498141883656,0.6100885602071555
svm,random_search,3,156,0.6775498141883656,0.6103361300429282
svm,random_search,3,157,0.6775498141883656,0.6107188798778106
svm,random_search,3,158,0.6775498141883656,0.6101976222440226
svm,random_search,3,159,0.6775498141883656,0.6098137511002328
svm,random_search,3,160,0.6775498141883656,0.6100437497862213
svm,random_search,3,161,0.6775498141883656,0.6100222735267361
svm,random_search,3,162,0.6775498141883656,0.6102868681359529
svm,random_search,3,163,0.6775498141883656,0.6097842503789183
svm,random_search,3,164,0.6775498141883656,0.6099808769842125
svm,random_search,3,165,0.6775498141883656,0.6098041173041864
svm,random_search,3,166,0.6775498141883656,0.6100442241278844
svm,random_search,3,167,0.6775498141883656,0.6102636461171757
svm,random_search,3,168,0.6775498141883656,0.610533239815725
svm,random_search,3,169,0.6775498141883656,0.6107569970821212
svm,random_search,3,170,0.6775498141883656,0.6109671823891868
svm,random_search,3,171,0.6775498141883656,0.6111828932832806
svm,random_search,3,172,0.6775498141883656,0.6113980241874142
svm,random_search,3,173,0.6775498141883656,0.6116241498508084
svm,random_search,3,174,0.6775498141883656,0.6108120078327832
svm,random_search,3,175,0.6775498141883656,0.6110474153650258
svm,random_search,3,176,0.6775498141883656,0.6112301239482504
svm,random_search,3,177,0.6775498141883656,0.611419817240797
svm,random_search,3,178,0.6775498141883656,0.6116519058636913
svm,random_search,3,179,0.6775498141883656,0.610835867502287
svm,random_search,3,180,0.6775498141883656,0.6110681292735382
svm,random_search,3,181,0.6775498141883656,0.6112994963714015
svm,random_search,3,182,0.6775498141883656,0.6113451649773486
svm,random_search,3,183,0.6775498141883656,0.6108685376628528
svm,random_search,3,184,0.6775498141883656,0.6109842366802747
svm,random_search,3,185,0.6775498141883656,0.6111866422864787
svm,random_search,3,186,0.6775498141883656,0.6113904428343387
svm,random_search,3,187,0.6775498141883656,0.6116218190887641
svm,random_search,3,188,0.6775498141883656,0.6118415871405332
svm,random_search,3,189,0.6775498141883656,0.6120549297168973
svm,random_search,3,190,0.6775498141883656,0.6122697554827766
svm,random_search,3,191,0.6775498141883656,0.6120123087720525
svm,random_search,3,192,0.6775498141883656,0.6122086685208954
svm,random_search,3,193,0.6775498141883656,0.6121113894248366
svm,random_search,3,194,0.6775498141883656,0.6123199351601722
svm,random_search,3,195,0.6775498141883656,0.6115701904120371
svm,random_search,3,196,0.6775498141883656,0.6106978564383083
svm,random_search,3,197,0.6775498141883656,0.6108700565572718
svm,random_search,3,198,0.6775498141883656,0.6110553523160288
svm,random_search,3,199,0.6775498141883656,0.6112335568294026
svm,random_search,3,200,0.6775498141883656,0.6109824354489415
svm,random_search,3,201,0.6775498141883656,0.6103845786092598
svm,random_search,3,202,0.6775498141883656,0.610592500004009
svm,random_search,3,203,0.6775498141883656,0.6094225738440792
svm,random_search,3,204,0.6775498141883656,0.6096021715275893
svm,random_search,3,205,0.6775498141883656,0.6093094620048766
svm,random_search,3,206,0.6775498141883656,0.6089165042948496
svm,random_search,3,207,0.6775498141883656,0.6091259962920558
svm,random_search,3,208,0.6775498141883656,0.6086279891130169
svm,random_search,3,209,0.6775498141883656,0.6086776808729735
svm,random_search,3,210,0.6775498141883656,0.6088748819898834
svm,random_search,3,211,0.6775498141883656,0.6090667146945028
svm,random_search,3,212,0.6775498141883656,0.60925990704174
svm,random_search,3,213,0.6775498141883656,0.6094641727056164
svm,random_search,3,214,0.6775498141883656,0.6090851820562411
svm,random_search,3,215,0.6775498141883656,0.6092846529577359
svm,random_search,3,216,0.6775498141883656,0.608910002590984
svm,random_search,3,217,0.6775498141883656,0.6082821141735253
svm,random_search,3,218,0.6775498141883656,0.6083277031615616
svm,random_search,3,219,0.6775498141883656,0.6081921057314811
svm,random_search,3,220,0.6775498141883656,0.608353970085528
svm,random_search,3,221,0.6775498141883656,0.6085591148266638
svm,random_search,3,222,0.6775498141883656,0.6087595179547384
svm,random_search,3,223,0.6775498141883656,0.6082599623155966
svm,random_search,3,224,0.6775498141883656,0.6084631415820237
svm,random_search,3,225,0.6775498141883656,0.608613906238943
svm,random_search,3,226,0.6775498141883656,0.6085874651377308
svm,random_search,3,227,0.6775498141883656,0.6085302042315679
svm,random_search,3,228,0.6775498141883656,0.6087009283560125
svm,random_search,3,229,0.6775498141883656,0.6081592545456194
svm,random_search,3,230,0.6775498141883656,0.6082286179505273
svm,random_search,3,231,0.6775498141883656,0.6077278316642541
svm,random_search,3,232,0.6775498141883656,0.6078505295966
svm,random_search,3,233,0.6775498141883656,0.6080274116714176
svm,random_search,3,234,0.6775498141883656,0.6082267813658726
svm,random_search,3,235,0.6775498141883656,0.6084087840412508
svm,random_search,3,236,0.6775498141883656,0.6085953729166391
svm,random_search,3,237,0.6775498141883656,0.6084046437472357
svm,random_search,3,238,0.6775498141883656,0.6085551718468618
svm,random_search,3,239,0.6775498141883656,0.6083755112008977
svm,random_search,3,240,0.6775498141883656,0.6085514423073738
svm,random_search,3,241,0.6775498141883656,0.6087317306351163
svm,random_search,3,242,0.6775498141883656,0.6089329701444518
svm,random_search,3,243,0.6775498141883656,0.6091414888508763
svm,random_search,3,244,0.6775498141883656,0.6093163862863711
svm,random_search,3,245,0.6775498141883656,0.6092311391293759
svm,random_search,3,246,0.6775498141883656,0.6093958816775294
svm,random_search,3,247,0.6775498141883656,0.609067801888306
svm,random_search,3,248,0.6775498141883656,0.6092410682616191
svm,random_search,3,249,0.6775498141883656,0.6093978879496899
svm,random_search,3,250,0.6775498141883656,0.6095466930491619
svm,random_search,3,251,0.6775498141883656,0.6093475137330376
svm,random_search,3,252,0.6775498141883656,0.6094844733476563
svm,random_search,3,253,0.6775498141883656,0.6091659534167876
svm,random_search,3,254,0.6775498141883656,0.6093297145058305
svm,random_search,3,255,0.6775498141883656,0.6090121868949814
svm,random_search,3,256,0.6775498141883656,0.6086084662004629
svm,random_search,3,257,0.6775498141883656,0.6087780550936801
svm,random_search,3,258,0.6775498141883656,0.6089127209609851
svm,random_search,3,259,0.6775498141883656,0.6091490825051553
svm,random_search,3,260,0.6775498141883656,0.6092783045136211
svm,random_search,3,261,0.6775498141883656,0.609409788597008
svm,random_search,3,262,0.6775498141883656,0.6095544653381539
svm,random_search,3,263,0.6775498141883656,0.6096940689848889
svm,random_search,3,264,0.6775498141883656,0.6091776494915486
svm,random_search,3,265,0.6775498141883656,0.6088726778849365
svm,random_search,3,266,0.6775498141883656,0.6090348142743595
svm,random_search,3,267,0.6775498141883656,0.6087326620626178
svm,random_search,3,268,0.6775498141883656,0.6084327647181278
svm,random_search,3,269,0.6775498141883656,0.6086121211739249
svm,random_search,3,270,0.6775498141883656,0.6087655222752784
svm,random_search,3,271,0.6775498141883656,0.6089253623770707
svm,random_search,3,272,0.6775498141883656,0.6089169790537816
svm,random_search,3,273,0.6775498141883656,0.6087591979400906
svm,random_search,3,274,0.6775498141883656,0.6089085835446539
svm,random_search,3,275,0.6775498141883656,0.608874993127542
svm,random_search,3,276,0.6775498141883656,0.6090165146953076
svm,random_search,3,277,0.6775498141883656,0.608874146950046
svm,random_search,3,278,0.6775498141883656,0.6090155292186337
svm,random_search,3,279,0.6775498141883656,0.608726441923009
svm,random_search,3,280,0.6775498141883656,0.6084394195366387
svm,random_search,3,281,0.6775498141883656,0.6081544400142282
svm,random_search,3,282,0.6775498141883656,0.6083289398127993
svm,random_search,3,283,0.6775498141883656,0.6084927493193197
svm,random_search,3,284,0.6775498141883656,0.6083338417728124
svm,random_search,3,285,0.6775498141883656,0.6084710062933764
svm,random_search,3,286,0.6775498141883656,0.6086235184733676
svm,random_search,3,287,0.6775498141883656,0.6087549892828756
svm,random_search,3,288,0.6775498141883656,0.608895592021532
svm,random_search,3,289,0.6775498141883656,0.6090248796332941
svm,random_search,3,290,0.6775498141883656,0.609164192723158
svm,random_search,3,291,0.6775498141883656,0.6093026482515668
svm,random_search,3,292,0.6775498141883656,0.609171928353997
svm,random_search,3,293,0.6775498141883656,0.6086753327123918
svm,random_search,3,294,0.6775498141883656,0.6085473148850249
svm,random_search,3,295,0.6775498141883656,0.6087023956001255
svm,random_search,3,296,0.6775498141883656,0.6086015196309729
svm,random_search,3,297,0.6775498141883656,0.6084390561277655
svm,random_search,3,298,0.6775498141883656,0.6081703350459251
svm,random_search,3,299,0.6775498141883656,0.6082953041722894
svm,random_search,3,300,0.6775498141883656,0.6084419244481818
svm,random_search,3,301,0.6775498141883656,0.6085826661027673
svm,random_search,3,302,0.6775498141883656,0.6087247009452039
svm,random_search,3,303,0.6775498141883656,0.6088857088271273
svm,random_search,3,304,0.6775498141883656,0.6090201565151144
svm,random_search,3,305,0.6775498141883656,0.6091610771939545
svm,random_search,3,306,0.6775498141883656,0.609294951983623
svm,random_search,3,307,0.6775498141883656,0.609180158902692
svm,random_search,3,308,0.6775498141883656,0.6091518699873416
svm,random_search,3,309,0.6775498141883656,0.608691586021443
svm,random_search,3,310,0.6775498141883656,0.6088101073635869
svm,random_search,3,311,0.6775498141883656,0.6089459004928763
svm,random_search,3,312,0.6775498141883656,0.6090833061422953
svm,random_search,3,313,0.6775498141883656,0.6089432874142311
svm,random_search,3,314,0.6866054841045178,0.6091906192508244
svm,random_search,3,315,0.6866054841045178,0.6093278838491505
svm,random_search,3,316,0.6866054841045178,0.6094934934066473
svm,random_search,3,317,0.6866054841045178,0.6095279446949934
svm,random_search,3,318,0.6866054841045178,0.6095079522804571
svm,random_search,3,319,0.6866054841045178,0.6096233235219858
svm,random_search,3,320,0.6866054841045178,0.6097542544506009
svm,random_search,3,321,0.6866054841045178,0.6098778875141047
svm,random_search,3,322,0.6866054841045178,0.6100100105872948
svm,random_search,3,323,0.6866054841045178,0.6101258488989979
svm,random_search,3,324,0.6866054841045178,0.6102747261664095
svm,random_search,3,325,0.6866054841045178,0.6103542243251443
svm,random_search,3,326,0.6866054841045178,0.610467259916875
svm,random_search,3,327,0.6866054841045178,0.6106537619167952
svm,random_search,3,328,0.6866054841045178,0.6107795954541818
svm,random_search,3,329,0.6866054841045178,0.6108609465297491
svm,random_search,3,330,0.6866054841045178,0.6106109441879599
svm,random_search,3,331,0.6866054841045178,0.6107273395169408
svm,random_search,3,332,0.6866054841045178,0.6106944395607932
svm,random_search,3,333,0.6866054841045178,0.6108189041387715
svm,random_search,3,334,0.6866054841045178,0.6104682656729172
svm,random_search,3,335,0.6866054841045178,0.6104823160402268
svm,random_search,3,336,0.6866054841045178,0.6102379049024265
svm,random_search,3,337,0.6866054841045178,0.610346217881275
svm,random_search,3,338,0.6866054841045178,0.6099300581072845
svm,random_search,3,339,0.6866054841045178,0.6100533991677937
svm,random_search,3,340,0.6866054841045178,0.6101763405519561
svm,random_search,3,341,0.6866054841045178,0.6102669640622799
svm,random_search,3,342,0.6866054841045178,0.6103895111301583
svm,random_search,3,343,0.6866054841045178,0.6104366161110334
svm,random_search,3,344,0.6866054841045178,0.6102222854957706
svm,random_search,3,345,0.6866054841045178,0.6103150194349954
svm,random_search,3,346,0.6866054841045178,0.6098863459536762
svm,random_search,3,347,0.6866054841045178,0.6099417004026566
svm,random_search,3,348,0.6866054841045178,0.6100640872239571
svm,random_search,3,349,0.6866054841045178,0.6101758557215641
svm,random_search,3,350,0.6866054841045178,0.610289957955107
svm,random_search,3,351,0.6866054841045178,0.6099033112575611
svm,random_search,3,352,0.6866054841045178,0.609707652756673
svm,random_search,3,353,0.6866054841045178,0.6091816331519879
svm,random_search,3,354,0.6866054841045178,0.6089427540959202
svm,random_search,3,355,0.6866054841045178,0.6087883127599287
svm,random_search,3,356,0.6866054841045178,0.6089123087555812
svm,random_search,3,357,0.6866054841045178,0.6090360234942424
svm,random_search,3,358,0.6866054841045178,0.6091574184846081
svm,random_search,3,359,0.6866054841045178,0.6092770261190857
svm,random_search,3,360,0.6866054841045178,0.6088788544417525
svm,random_search,3,361,0.6866054841045178,0.6089885340982062
svm,random_search,3,362,0.6866054841045178,0.6086175155604611
svm,random_search,3,363,0.6866054841045178,0.6087644351830268
svm,random_search,3,364,0.6866054841045178,0.608883460034703
svm,random_search,3,365,0.6866054841045178,0.6085739904494224
svm,random_search,3,366,0.6866054841045178,0.608543752912928
svm,random_search,3,367,0.6866054841045178,0.6084262355624879
svm,random_search,3,368,0.6866054841045178,0.6085344182807877
svm,random_search,3,369,0.6866054841045178,0.6086614333478887
svm,random_search,3,370,0.6866054841045178,0.6087634891392945
svm,random_search,3,371,0.6866054841045178,0.608867342094063
svm,random_search,3,372,0.6866054841045178,0.6090004987988906
svm,random_search,3,373,0.6866054841045178,0.6090894476833425
svm,random_search,3,374,0.6866054841045178,0.6087356095729579
svm,random_search,3,375,0.6866054841045178,0.6083515216604586
svm,random_search,3,376,0.6866054841045178,0.6082908831103038
svm,random_search,3,377,0.6866054841045178,0.6080198499814684
svm,random_search,3,378,0.6866054841045178,0.6081167372134823
svm,random_search,3,379,0.6866054841045178,0.6082164827165031
svm,random_search,3,380,0.6866054841045178,0.6083327730728033
svm,random_search,3,381,0.6866054841045178,0.608448762905041
svm,random_search,3,382,0.6866054841045178,0.6085815507772129
svm,random_search,3,383,0.6866054841045178,0.6086957073244651
svm,random_search,3,384,0.6866054841045178,0.6088277754312067
svm,random_search,3,385,0.6866054841045178,0.6084779987233137
svm,random_search,3,386,0.6866054841045178,0.6085683835055888
svm,random_search,3,387,0.6866054841045178,0.6086870962276234
svm,random_search,3,388,0.6866054841045178,0.6083342620403318
svm,random_search,3,389,0.6866054841045178,0.608245210145288
svm,random_search,3,390,0.6866054841045178,0.608374963412158
svm,random_search,3,391,0.6866054841045178,0.6084942019584973
svm,random_search,3,392,0.6866054841045178,0.6081445000522809
svm,random_search,3,393,0.6866054841045178,0.6082481891121235
svm,random_search,3,394,0.6866054841045178,0.6079195048748491
svm,random_search,3,395,0.6866054841045178,0.6075664407719732
svm,random_search,3,396,0.6866054841045178,0.60717479289176
svm,random_search,3,397,0.6866054841045178,0.6072784484292726
svm,random_search,3,398,0.6866054841045178,0.6070830724565596
svm,random_search,3,399,0.6866054841045178,0.6069525192399099
svm,random_search,3,400,0.6866054841045178,0.6070549746876771
svm,random_search,3,401,0.6866054841045178,0.6071511040443237
svm,random_search,3,402,0.6866054841045178,0.6072692425385185
svm,random_search,3,403,0.6866054841045178,0.6073855316218337
svm,random_search,3,404,0.6866054841045178,0.607046129679278
svm,random_search,3,405,0.6866054841045178,0.6070814728351872
svm,random_search,3,406,0.6866054841045178,0.6067172804524658
svm,random_search,3,407,0.6866054841045178,0.6068209094915252
svm,random_search,3,408,0.6866054841045178,0.6069331462781627
svm,random_search,3,409,0.6866054841045178,0.6069968727758707
svm,random_search,3,410,0.6866054841045178,0.6067645450947734
svm,random_search,3,411,0.6866054841045178,0.6063550217186388
svm,random_search,3,412,0.6866054841045178,0.6064595073775761
svm,random_search,3,413,0.6866054841045178,0.6062704048748201
svm,random_search,3,414,0.6866054841045178,0.6063698138108854
svm,random_search,3,415,0.6866054841045178,0.6064582869021042
svm,random_search,3,416,0.6866054841045178,0.6063410007417602
svm,random_search,3,417,0.6866054841045178,0.6058758461786777
svm,random_search,3,418,0.6866054841045178,0.605690401986239
svm,random_search,3,419,0.6866054841045178,0.6057874551352712
svm,random_search,3,420,0.6866054841045178,0.6056031044652809
svm,random_search,3,421,0.6866054841045178,0.6054414475262759
svm,random_search,3,422,0.6866054841045178,0.6052587904793875
svm,random_search,3,423,0.6866054841045178,0.605353084130197
svm,random_search,3,424,0.6866054841045178,0.6054443232589511
svm,random_search,3,425,0.6866054841045178,0.6052629487894932
svm,random_search,3,426,0.6866054841045178,0.6052970964754495
svm,random_search,3,427,0.6866054841045178,0.6053985236761663
svm,random_search,3,428,0.6866054841045178,0.6055236152561513
svm,random_search,3,429,0.6866054841045178,0.6056319714079301
svm,random_search,3,430,0.6866054841045178,0.6054522695528869
svm,random_search,3,431,0.6866054841045178,0.6056272960796104
svm,random_search,3,432,0.6866054841045178,0.6057333441171701
svm,random_search,3,433,0.6866054841045178,0.6058273302324011
svm,random_search,3,434,0.6866054841045178,0.6059221756463322
svm,random_search,3,435,0.6866054841045178,0.606034494537813
svm,random_search,3,436,0.6866054841045178,0.6061242323436633
svm,random_search,3,437,0.6866054841045178,0.6061292250494542
svm,random_search,3,438,0.6866054841045178,0.6061370758330957
svm,random_search,3,439,0.6866054841045178,0.6062407592259299
svm,random_search,3,440,0.6866054841045178,0.606344508065424
svm,random_search,3,441,0.6866054841045178,0.6064543628038533
svm,random_search,3,442,0.6866054841045178,0.606552434480628
svm,random_search,3,443,0.6866054841045178,0.6066573093398185
svm,random_search,3,444,0.6866054841045178,0.6067167492140154
svm,random_search,3,445,0.6866054841045178,0.6068185943269989
svm,random_search,3,446,0.6866054841045178,0.606653400808583
svm,random_search,3,447,0.6866054841045178,0.6066679991776209
svm,random_search,3,448,0.6866054841045178,0.6067582679033743
svm,random_search,3,449,0.6866054841045178,0.6066872229461135
svm,random_search,3,450,0.6866054841045178,0.6066458920182087
svm,random_search,3,451,0.6866054841045178,0.606740501934743
svm,random_search,3,452,0.6866054841045178,0.6066918923024045
svm,random_search,3,453,0.6866054841045178,0.6067729165115037
svm,random_search,3,454,0.6866054841045178,0.6064811182068238
svm,random_search,3,455,0.6866054841045178,0.6065948663050446
svm,random_search,3,456,0.6866054841045178,0.6066999274566318
svm,random_search,3,457,0.6866054841045178,0.606838191936523
svm,random_search,3,458,0.6866054841045178,0.6067829701580157
svm,random_search,3,459,0.6866054841045178,0.6068671433682516
svm,random_search,3,460,0.6866054841045178,0.6068680209365978
svm,random_search,3,461,0.6866054841045178,0.6065880833503009
svm,random_search,3,462,0.6866054841045178,0.6066746395816016
svm,random_search,3,463,0.6866054841045178,0.606737439639227
svm,random_search,3,464,0.6866054841045178,0.6068225374687761
svm,random_search,3,465,0.6866054841045178,0.6067452936178851
svm,random_search,3,466,0.6866054841045178,0.6065770852061285
svm,random_search,3,467,0.6866054841045178,0.6066855505477676
svm,random_search,3,468,0.6866054841045178,0.6067791460321956
svm,random_search,3,469,0.6866054841045178,0.6068685965054396
svm,random_search,3,470,0.6866054841045178,0.6069471940547134
svm,random_search,3,471,0.6866054841045178,0.606908961263911
svm,random_search,3,472,0.6866054841045178,0.6067529886249986
svm,random_search,3,473,0.6866054841045178,0.6064744981177534
svm,random_search,3,474,0.6866054841045178,0.606294108093404
svm,random_search,3,475,0.6866054841045178,0.6063082379449909
svm,random_search,3,476,0.6866054841045178,0.6060132125949815
svm,random_search,3,477,0.6866054841045178,0.606089478980656
svm,random_search,3,478,0.6866054841045178,0.6059268653713645
svm,random_search,3,479,0.6866054841045178,0.6058970764706811
svm,random_search,3,480,0.6866054841045178,0.6059944638211702
svm,random_search,3,481,0.6866054841045178,0.6060871200802533
svm,random_search,3,482,0.6866054841045178,0.6059633732901457
svm,random_search,3,483,0.6866054841045178,0.6060281776250175
svm,random_search,3,484,0.6866054841045178,0.6060988887676438
svm,random_search,3,485,0.6866054841045178,0.6060387341657208
svm,random_search,3,486,0.6866054841045178,0.6058789017368599
svm,random_search,3,487,0.6866054841045178,0.6058389986291519
svm,random_search,3,488,0.6866054841045178,0.6059122097912093
svm,random_search,3,489,0.6866054841045178,0.6060276988692251
svm,random_search,3,490,0.6866054841045178,0.6061172753665799
svm,random_search,3,491,0.6866054841045178,0.6059589105974815
svm,random_search,3,492,0.6866054841045178,0.6060511722719708
svm,random_search,3,493,0.6866054841045178,0.6061332400864102
svm,random_search,3,494,0.6866054841045178,0.6062244913984954
svm,random_search,3,495,0.6866054841045178,0.6063008980436325
svm,random_search,3,496,0.6866054841045178,0.6062858918565945
svm,random_search,3,497,0.6866054841045178,0.6063879855620712
svm,random_search,3,498,0.6866054841045178,0.606476911586705
svm,random_search,3,499,0.6866054841045178,0.6065689259618419
svm,random_search,3,500,0.6866054841045178,0.6066432445836311
svm,random_search,3,501,0.6866054841045178,0.6065131488648463
svm,random_search,3,502,0.6866054841045178,0.6062691159741539
svm,random_search,3,503,0.6866054841045178,0.6063601662020118
svm,random_search,3,504,0.6866054841045178,0.6064482639900117
svm,random_search,3,505,0.6866054841045178,0.6062690360682089
svm,random_search,3,506,0.6866054841045178,0.6063456335072529
svm,random_search,3,507,0.6866054841045178,0.6064361055470757
svm,random_search,3,508,0.6866054841045178,0.6065608091939523
svm,random_search,3,509,0.6866054841045178,0.6064071733679117
svm,random_search,3,510,0.6866054841045178,0.6064935634799838
svm,random_search,3,511,0.6866054841045178,0.6065723513542643
svm,random_search,3,512,0.6866054841045178,0.6066508888240585
svm,random_search,3,513,0.6866054841045178,0.606723438209378
svm,random_search,3,514,0.6866054841045178,0.6066269901890688
svm,random_search,3,515,0.6866054841045178,0.6067100657910576
svm,random_search,3,516,0.6866054841045178,0.606788871929058
svm,random_search,3,517,0.6866054841045178,0.606871326842465
svm,random_search,3,518,0.6866054841045178,0.6069530933839099
svm,random_search,3,519,0.6866054841045178,0.6070443843350154
svm,random_search,3,520,0.6866054841045178,0.6071875325910575
svm,random_search,3,521,0.6866054841045178,0.6071220861609022
svm,random_search,3,522,0.6866054841045178,0.6069712012712057
svm,random_search,3,523,0.6866054841045178,0.6070554096625895
svm,random_search,3,524,0.6866054841045178,0.6070489362595233
svm,random_search,3,525,0.6866054841045178,0.6067799794575498
svm,random_search,3,526,0.6866054841045178,0.6066596013479416
svm,random_search,3,527,0.6866054841045178,0.606726593718689
svm,random_search,3,528,0.6866054841045178,0.6066325672456667
svm,random_search,3,529,0.6866054841045178,0.606697640704431
svm,random_search,3,530,0.6866054841045178,0.6067790115218878
svm,random_search,3,531,0.6866054841045178,0.6065075286338619
svm,random_search,3,532,0.6866054841045178,0.6065937639305575
svm,random_search,3,533,0.6866054841045178,0.6063341701435279
svm,random_search,3,534,0.6866054841045178,0.6064087021787866
svm,random_search,3,535,0.6866054841045178,0.6062465165358324
svm,random_search,3,536,0.6866054841045178,0.6063187862098937
svm,random_search,3,537,0.6866054841045178,0.6063926000605084
svm,random_search,3,538,0.6866054841045178,0.6064595691462548
svm,random_search,3,539,0.6866054841045178,0.6065236469441145
svm,random_search,3,540,0.6866054841045178,0.6065977379405812
svm,random_search,3,541,0.6866054841045178,0.6066636836134637
svm,random_search,3,542,0.6866054841045178,0.6067402239399059
svm,random_search,3,543,0.6866054841045178,0.6068169451869437
svm,random_search,3,544,0.6866054841045178,0.6069105581131677
svm,random_search,3,545,0.6866054841045178,0.6067664289675276
svm,random_search,3,546,0.6866054841045178,0.6068438971120411
svm,random_search,3,547,0.6866054841045178,0.6069249942014865
svm,random_search,3,548,0.6866054841045178,0.6068582922824673
svm,random_search,3,549,0.6866054841045178,0.6067153084599843
svm,random_search,3,550,0.6866054841045178,0.6067966133974584
svm,random_search,3,551,0.6866054841045178,0.6065764062049762
svm,random_search,3,552,0.6866054841045178,0.6066588308989612
svm,random_search,3,553,0.6866054841045178,0.6065172420071716
svm,random_search,3,554,0.6866054841045178,0.6065375982903604
svm,random_search,3,555,0.6866054841045178,0.6063967380659441
svm,random_search,3,556,0.6866054841045178,0.6064908287902293
svm,random_search,3,557,0.6866054841045178,0.6064779052320431
svm,random_search,3,558,0.6866054841045178,0.6065370443245457
svm,random_search,3,559,0.6866054841045178,0.606601304804595
svm,random_search,3,560,0.6866054841045178,0.6066818748525864
svm,random_search,3,561,0.6866054841045178,0.6066284476507285
svm,random_search,3,562,0.6866054841045178,0.6066952224274028
svm,random_search,3,563,0.6866054841045178,0.6067769528665448
svm,random_search,3,564,0.6866054841045178,0.6066379160241206
svm,random_search,3,565,0.6866054841045178,0.6067184790563939
svm,random_search,3,566,0.6866054841045178,0.6067902957921323
svm,random_search,3,567,0.6866054841045178,0.6068701235271168
svm,random_search,3,568,0.6866054841045178,0.6069149282438623
svm,random_search,3,569,0.6866054841045178,0.6066830226925154
svm,random_search,3,570,0.6866054841045178,0.60654561418558
svm,random_search,3,571,0.6866054841045178,0.6063170548550141
svm,random_search,3,572,0.6866054841045178,0.6061246231022391
svm,random_search,3,573,0.6866054841045178,0.606178528456482
svm,random_search,3,574,0.6866054841045178,0.6059563544668262
svm,random_search,3,575,0.6866054841045178,0.6058414394618605
svm,random_search,3,576,0.6866054841045178,0.6057044285449056
svm,random_search,3,577,0.6866054841045178,0.6057799333620348
svm,random_search,3,578,0.6866054841045178,0.6058544235264767
svm,random_search,3,579,0.6866054841045178,0.6058011233406596
svm,random_search,3,580,0.6866054841045178,0.6057766089850218
svm,random_search,3,581,0.6866054841045178,0.6056433621085231
svm,random_search,3,582,0.6866054841045178,0.6057370047874722
svm,random_search,3,583,0.6866054841045178,0.6058095373486093
svm,random_search,3,584,0.6866054841045178,0.6058850818653915
svm,random_search,3,585,0.6866054841045178,0.605638975805727
svm,random_search,3,586,0.6866054841045178,0.605692653224361
svm,random_search,3,587,0.6866054841045178,0.6057678222150875
svm,random_search,3,588,0.6866054841045178,0.6056527185942816
svm,random_search,3,589,0.6866054841045178,0.6056904611353641
svm,random_search,3,590,0.6866054841045178,0.6056665697432627
svm,random_search,3,591,0.6866054841045178,0.6057552561983423
svm,random_search,3,592,0.6866054841045178,0.605519452651747
svm,random_search,3,593,0.6866054841045178,0.6053893358239014
svm,random_search,3,594,0.6866054841045178,0.6054586123707929
svm,random_search,3,595,0.6866054841045178,0.6055213308556657
svm,random_search,3,596,0.6866054841045178,0.6055955532568001
svm,random_search,3,597,0.6866054841045178,0.6055348206827238
svm,random_search,3,598,0.6866054841045178,0.6056122147336082
svm,random_search,3,599,0.6866054841045178,0.6054496576290697
svm,random_search,3,600,0.6866054841045178,0.6055159279607533
svm,random_search,3,601,0.6866054841045178,0.6054337643292449
svm,random_search,3,602,0.6866054841045178,0.605494422237911
svm,random_search,3,603,0.6866054841045178,0.6053666393750171
svm,random_search,3,604,0.6866054841045178,0.6054301523632332
svm,random_search,3,605,0.6866054841045178,0.605292734570441
svm,random_search,3,606,0.6866054841045178,0.6053816955289595
svm,random_search,3,607,0.6866054841045178,0.6054579754673098
svm,random_search,3,608,0.6866054841045178,0.6055305821052814
svm,random_search,3,609,0.6866054841045178,0.605494278604967
svm,random_search,3,610,0.6866054841045178,0.6055631991791797
svm,random_search,3,611,0.6866054841045178,0.6055370593876838
svm,random_search,3,612,0.6866054841045178,0.6056173701818129
svm,random_search,3,613,0.6866054841045178,0.6056918688838104
svm,random_search,3,614,0.6866054841045178,0.6055659214975817
svm,random_search,3,615,0.6866054841045178,0.6056416056415147
svm,random_search,3,616,0.6866054841045178,0.6057132348037428
svm,random_search,3,617,0.6866054841045178,0.6057074684840376
svm,random_search,3,618,0.6866054841045178,0.6057521647917901
svm,random_search,3,619,0.6866054841045178,0.6058141477607695
svm,random_search,3,620,0.6866054841045178,0.6059004853836617
svm,random_search,3,621,0.6866054841045178,0.605965927559121
svm,random_search,3,622,0.6866054841045178,0.606033390002799
svm,random_search,3,623,0.6866054841045178,0.6061077547112957
svm,random_search,3,624,0.6866054841045178,0.6061685647483817
svm,random_search,3,625,0.6866054841045178,0.6062432073026949
svm,random_search,3,626,0.6866054841045178,0.6060676313424967
svm,random_search,3,627,0.6866054841045178,0.6061364062469724
svm,random_search,3,628,0.6866054841045178,0.6059003584317033
svm,random_search,3,629,0.6866054841045178,0.6059734625802202
svm,random_search,3,630,0.6866054841045178,0.6059516152045055
svm,random_search,3,631,0.6866054841045178,0.606007202691096
svm,random_search,3,632,0.6866054841045178,0.6059594151560814
svm,random_search,3,633,0.6866054841045178,0.6059450174529218
svm,random_search,3,634,0.6866054841045178,0.6060290086631508
svm,random_search,3,635,0.6866054841045178,0.6061017424257241
svm,random_search,3,636,0.6866054841045178,0.6061734932724415
svm,random_search,3,637,0.6866054841045178,0.6062471274017761
svm,random_search,3,638,0.6866054841045178,0.6063001609406665
svm,random_search,3,639,0.6866054841045178,0.6060611522790063
svm,random_search,3,640,0.6866054841045178,0.6059539873441956
svm,random_search,3,641,0.6883684405431758,0.6060825590340536
svm,random_search,3,642,0.6883684405431758,0.60608056970179
svm,random_search,3,643,0.6883684405431758,0.6059716279457057
svm,random_search,3,644,0.6883684405431758,0.6060376594055301
svm,random_search,3,645,0.6883684405431758,0.6061082337718431
svm,random_search,3,646,0.6883684405431758,0.606163259161665
svm,random_search,3,647,0.6883684405431758,0.6062347557853943
svm,random_search,3,648,0.6883684405431758,0.6062226409429934
svm,random_search,3,649,0.6883684405431758,0.6062864909501277
svm,random_search,3,650,0.6883684405431758,0.6063455130288381
svm,random_search,3,651,0.6883684405431758,0.606407879267701
svm,random_search,3,652,0.6883684405431758,0.6064702693820186
svm,random_search,3,653,0.6883684405431758,0.6065400739029166
svm,random_search,3,654,0.6883684405431758,0.606420532771168
svm,random_search,3,655,0.6883684405431758,0.6064812434041722
svm,random_search,3,656,0.6883684405431758,0.6065477987142143
svm,random_search,3,657,0.6883684405431758,0.6066417344247371
svm,random_search,3,658,0.6883684405431758,0.6067117013160439
svm,random_search,3,659,0.6883684405431758,0.6065101183864318
svm,random_search,3,660,0.6883684405431758,0.6065718209545797
svm,random_search,3,661,0.6883684405431758,0.6065096567699931
svm,random_search,3,662,0.6883684405431758,0.6065782967285612
svm,random_search,3,663,0.6883684405431758,0.606460320675787
svm,random_search,3,664,0.6883684405431758,0.6063721973936192
svm,random_search,3,665,0.6883684405431758,0.6061671619829747
svm,random_search,3,666,0.6883684405431758,0.6062369234305421
svm,random_search,3,667,0.6883684405431758,0.6063058116816166
svm,random_search,3,668,0.6883684405431758,0.6063747036836117
svm,random_search,3,669,0.6883684405431758,0.6064214712141126
svm,random_search,3,670,0.6883684405431758,0.6064900069541604
svm,random_search,3,671,0.6883684405431758,0.6065494082583994
svm,random_search,3,672,0.6883684405431758,0.6065885904813169
svm,random_search,3,673,0.6883684405431758,0.6066563969382559
svm,random_search,3,674,0.6883684405431758,0.6067236299388739
svm,random_search,3,675,0.6883684405431758,0.6067914400131054
svm,random_search,3,676,0.6883684405431758,0.6066754174298602
svm,random_search,3,677,0.6883684405431758,0.6067300942046463
svm,random_search,3,678,0.6883684405431758,0.6067779481037311
svm,random_search,3,679,0.6883684405431758,0.6068389208724239
svm,random_search,3,680,0.6883684405431758,0.6068949272460786
svm,random_search,3,681,0.6883684405431758,0.6069585618081222
svm,random_search,3,682,0.6883684405431758,0.6070260672918908
svm,random_search,3,683,0.6883684405431758,0.6070822786586357
svm,random_search,3,684,0.6883684405431758,0.607147862863348
svm,random_search,3,685,0.6883684405431758,0.6069509782627913
svm,random_search,3,686,0.6883684405431758,0.6069638503072996
svm,random_search,3,687,0.6883684405431758,0.6068500038499772
svm,random_search,3,688,0.6883684405431758,0.6069131205552325
svm,random_search,3,689,0.6883684405431758,0.606967903171165
svm,random_search,3,690,0.6883684405431758,0.6068539789256117
svm,random_search,3,691,0.6883684405431758,0.6069078555461519
svm,random_search,3,692,0.6883684405431758,0.606959090922443
svm,random_search,3,693,0.6883684405431758,0.6070126923453671
svm,random_search,3,694,0.6883684405431758,0.6069271465147734
svm,random_search,3,695,0.6883684405431758,0.6069991315655302
svm,random_search,3,696,0.6883684405431758,0.6069594670003182
svm,random_search,3,697,0.6883684405431758,0.607029319459651
svm,random_search,3,698,0.6883684405431758,0.6070841068053325
svm,random_search,3,699,0.6883684405431758,0.6070827184953479
svm,random_search,3,700,0.6883684405431758,0.6068867926379119
svm,random_search,3,701,0.6883684405431758,0.6069308527425434
svm,random_search,3,702,0.6883684405431758,0.6068929142975257
svm,random_search,3,703,0.6883684405431758,0.6069518623881878
svm,random_search,3,704,0.6883684405431758,0.6068894029614117
svm,random_search,3,705,0.6883684405431758,0.6068423391780619
svm,random_search,3,706,0.6883684405431758,0.6066512523267363
svm,random_search,3,707,0.6883684405431758,0.606634616967451
svm,random_search,3,708,0.6883684405431758,0.6066044359804961
svm,random_search,3,709,0.6883684405431758,0.6066757814664462
svm,random_search,3,710,0.6883684405431758,0.6067386947270645
svm,random_search,3,711,0.6883684405431758,0.6068034549363264
svm,random_search,3,712,0.6883684405431758,0.6066040410168414
svm,random_search,3,713,0.6883684405431758,0.6064430150296625
svm,random_search,3,714,0.6883684405431758,0.6065058191975431
svm,random_search,3,715,0.6883684405431758,0.6065617906366437
svm,random_search,3,716,0.6883684405431758,0.6066188013416328
svm,random_search,3,717,0.6883684405431758,0.6066742738090807
svm,random_search,3,718,0.6883684405431758,0.606692312374017
svm,random_search,3,719,0.6883684405431758,0.6066538991794052
svm,random_search,3,720,0.6883684405431758,0.6066581408087285
svm,random_search,3,721,0.6883684405431758,0.6066428216831149
svm,random_search,3,722,0.6883684405431758,0.6064670399058019
svm,random_search,3,723,0.6883684405431758,0.6064174999024338
svm,random_search,3,724,0.6883684405431758,0.6063096859160206
svm,random_search,3,725,0.6883684405431758,0.6062956753189663
svm,random_search,3,726,0.6883684405431758,0.6061049329500303
svm,random_search,3,727,0.6883684405431758,0.6060727164838772
svm,random_search,3,728,0.6883684405431758,0.6061298242091916
svm,random_search,3,729,0.6883684405431758,0.6060946855262627
svm,random_search,3,730,0.6883684405431758,0.6061559130355719
svm,random_search,3,731,0.6883684405431758,0.6062032228890303
svm,random_search,3,732,0.6883684405431758,0.6061867558953112
svm,random_search,3,733,0.6883684405431758,0.6062423914531759
svm,random_search,3,734,0.6883684405431758,0.6062965591300447
svm,random_search,3,735,0.6883684405431758,0.6063666258819135
svm,random_search,3,736,0.6883684405431758,0.6063854428803387
svm,random_search,3,737,0.6883684405431758,0.6064446332336224
svm,random_search,3,738,0.6883684405431758,0.606303360992828
svm,random_search,3,739,0.6883684405431758,0.6063619829242541
svm,random_search,3,740,0.6883684405431758,0.606411022059645
svm,random_search,3,741,0.6883684405431758,0.6064609746502513
svm,random_search,3,742,0.6883684405431758,0.6062780169651741
svm,random_search,3,743,0.6883684405431758,0.6063376981930156
svm,random_search,3,744,0.6883684405431758,0.6063871903639301
svm,random_search,3,745,0.6883684405431758,0.6063590279010567
svm,random_search,3,746,0.6883684405431758,0.6064156492685967
svm,random_search,3,747,0.6883684405431758,0.606476426772566
svm,random_search,3,748,0.6883684405431758,0.6065224493566044
svm,random_search,3,749,0.6883684405431758,0.6065584574872713
svm,random_search,3,750,0.6883684405431758,0.6066134678394068
svm,random_search,3,751,0.6883684405431758,0.6064819558985016
svm,random_search,3,752,0.6883684405431758,0.6065405535386755
svm,random_search,3,753,0.6883684405431758,0.6065968589652759
svm,random_search,3,754,0.6883684405431758,0.6066493154367816
svm,random_search,3,755,0.6883684405431758,0.6067029222329934
svm,random_search,3,756,0.6883684405431758,0.6066108016293612
svm,random_search,3,757,0.6883684405431758,0.6066135453018161
svm,random_search,3,758,0.6883684405431758,0.6066123504798471
svm,random_search,3,759,0.6883684405431758,0.6066588205842686
svm,random_search,3,760,0.6883684405431758,0.6067165296928763
svm,random_search,3,761,0.6883684405431758,0.6066562549471031
svm,random_search,3,762,0.6883684405431758,0.6067103876506205
svm,random_search,3,763,0.6883684405431758,0.6065036735518282
svm,random_search,3,764,0.6883684405431758,0.6065560676928233
svm,random_search,3,765,0.6883684405431758,0.6066044950254181
svm,random_search,3,766,0.6883684405431758,0.6065829590857159
svm,random_search,3,767,0.6883684405431758,0.6066369403631261
svm,random_search,3,768,0.6883684405431758,0.6066897136733375
svm,random_search,3,769,0.6883684405431758,0.6067523207406725
svm,random_search,3,770,0.6883684405431758,0.6068020860244139
svm,random_search,3,771,0.6883684405431758,0.6067881671003065
svm,random_search,3,772,0.6883684405431758,0.6067478523089747
svm,random_search,3,773,0.6883684405431758,0.6066106634994048
svm,random_search,3,774,0.6883684405431758,0.606661851579909
svm,random_search,3,775,0.6883684405431758,0.6067215629679413
svm,random_search,3,776,0.6883684405431758,0.6066342939892252
svm,random_search,3,777,0.6883684405431758,0.6066877423947927
svm,random_search,3,778,0.6883684405431758,0.606742656535148
svm,random_search,3,779,0.6883684405431758,0.6067835699284012
svm,random_search,3,780,0.6883684405431758,0.6065385902418432
svm,random_search,3,781,0.6883684405431758,0.6066020419084255
svm,random_search,3,782,0.6883684405431758,0.6066583701449971
svm,random_search,3,783,0.6883684405431758,0.6067077873832422
svm,random_search,3,784,0.6883684405431758,0.606762180188686
svm,random_search,3,785,0.6883684405431758,0.606810220377626
svm,random_search,3,786,0.6883684405431758,0.6067788019152095
svm,random_search,3,787,0.6883684405431758,0.6068369760637764
svm,random_search,3,788,0.6883684405431758,0.6068856563666111
svm,random_search,3,789,0.6883684405431758,0.6069322584202794
svm,random_search,3,790,0.6883684405431758,0.6069833192796777
svm,random_search,3,791,0.6883684405431758,0.6070333279212488
svm,random_search,3,792,0.6883684405431758,0.6070973074278538
svm,random_search,3,793,0.6883684405431758,0.6070401734919072
svm,random_search,3,794,0.6883684405431758,0.6068542708763863
svm,random_search,3,795,0.6883684405431758,0.6068682831220014
svm,random_search,3,796,0.6883684405431758,0.6068367319761697
svm,random_search,3,797,0.6883684405431758,0.6068928534626046
svm,random_search,3,798,0.6883684405431758,0.6069198422387899
svm,random_search,3,799,0.6883684405431758,0.6069770954208666
svm,random_search,3,800,0.6883684405431758,0.6069441085721666
svm,random_search,3,801,0.6883684405431758,0.6069292161504007
svm,random_search,3,802,0.6883684405431758,0.606983161028449
svm,random_search,3,803,0.6883684405431758,0.6068142463228702
svm,random_search,3,804,0.6883684405431758,0.6068042232615314
svm,random_search,3,805,0.6883684405431758,0.606802354623609
svm,random_search,3,806,0.6883684405431758,0.6068602724880782
svm,random_search,3,807,0.6883684405431758,0.6067629985119335
svm,random_search,3,808,0.6883684405431758,0.6068123457301167
svm,random_search,3,809,0.6883684405431758,0.6068665429560376
svm,random_search,3,810,0.6883684405431758,0.6067018650291411
svm,random_search,3,811,0.6883684405431758,0.606760805340305
svm,random_search,3,812,0.6883684405431758,0.6068208278925504
svm,random_search,3,813,0.6883684405431758,0.6068819175312505
svm,random_search,3,814,0.6883684405431758,0.606937146871475
svm,random_search,3,815,0.6883684405431758,0.606993218908169
svm,random_search,3,816,0.6883684405431758,0.6070390696635084
svm,random_search,3,817,0.6883684405431758,0.6069427674653147
svm,random_search,3,818,0.6883684405431758,0.6068467007248185
svm,random_search,3,819,0.6883684405431758,0.6066856588813702
svm,random_search,3,820,0.6883684405431758,0.6065027799947228
svm,random_search,3,821,0.6883684405431758,0.6064077979704741
svm,random_search,3,822,0.6883684405431758,0.6064638387302058
svm,random_search,3,823,0.6883684405431758,0.6063689375576774
svm,random_search,3,824,0.6883684405431758,0.6063413032136424
svm,random_search,3,825,0.6883684405431758,0.6062467806324614
svm,random_search,3,826,0.6883684405431758,0.6062920056797224
svm,random_search,3,827,0.6883684405431758,0.6062608528532982
svm,random_search,3,828,0.6883684405431758,0.6063162639735237
svm,random_search,3,829,0.6883684405431758,0.6063713098547884
svm,random_search,3,830,0.6883684405431758,0.6064263475796963
svm,random_search,3,831,0.6883684405431758,0.6062317252360756
svm,random_search,3,832,0.6883684405431758,0.6061382911267165
svm,random_search,3,833,0.6883684405431758,0.6060240898590505
svm,random_search,3,834,0.6883684405431758,0.6060889284585541
svm,random_search,3,835,0.6883684405431758,0.6061074206452994
svm,random_search,3,836,0.6883684405431758,0.6061542668966153
svm,random_search,3,837,0.6883684405431758,0.6061019509026608
svm,random_search,3,838,0.6883684405431758,0.6061542044274909
svm,random_search,3,839,0.6883684405431758,0.6061967367288673
svm,random_search,3,840,0.6883684405431758,0.6062409165612878
svm,random_search,3,841,0.6883684405431758,0.606296565292239
svm,random_search,3,842,0.6883684405431758,0.6063492684787183
svm,random_search,3,843,0.6883684405431758,0.606403588615787
svm,random_search,3,844,0.6883684405431758,0.6064498847310406
svm,random_search,3,845,0.6883684405431758,0.6063574708718786
svm,random_search,3,846,0.6883684405431758,0.6062090949148027
svm,random_search,3,847,0.6883684405431758,0.6062516836266593
svm,random_search,3,848,0.6883684405431758,0.6062978099645727
svm,random_search,3,849,0.6883684405431758,0.6063555146107431
svm,random_search,3,850,0.6883684405431758,0.6064091630193403
svm,random_search,3,851,0.6883684405431758,0.6064698994240402
svm,random_search,3,852,0.6883684405431758,0.6065219884745817
svm,random_search,3,853,0.6883684405431758,0.6065649319746012
svm,random_search,3,854,0.6883684405431758,0.6066181789658136
svm,random_search,3,855,0.6883684405431758,0.6066803588495209
svm,random_search,3,856,0.6883684405431758,0.6067269843467922
svm,random_search,3,857,0.6883684405431758,0.6067702546804642
svm,random_search,3,858,0.6883684405431758,0.6068297638038939
svm,random_search,3,859,0.6883684405431758,0.6068845747406283
svm,random_search,3,860,0.6883684405431758,0.6068178158350064
svm,random_search,3,861,0.6883684405431758,0.6068703277786544
svm,random_search,3,862,0.6883684405431758,0.6067709895920047
svm,random_search,3,863,0.6883684405431758,0.6068342947592783
svm,random_search,3,864,0.6883684405431758,0.6068965501649747
svm,random_search,3,865,0.6883684405431758,0.6069412292018677
svm,random_search,3,866,0.6883684405431758,0.6069868617226382
svm,random_search,3,867,0.6883684405431758,0.6069052898495573
svm,random_search,3,868,0.6883684405431758,0.6068197892146617
svm,random_search,3,869,0.6883684405431758,0.6068626355119191
svm,random_search,3,870,0.6883684405431758,0.6069144677374441
svm,random_search,3,871,0.6883684405431758,0.6068242791105803
svm,random_search,3,872,0.6883684405431758,0.6068840336387329
svm,random_search,3,873,0.6883684405431758,0.6069324089710001
svm,random_search,3,874,0.6883684405431758,0.6069836539248118
svm,random_search,3,875,0.6883684405431758,0.6070350685157282
svm,random_search,3,876,0.6883684405431758,0.607083341668147
svm,random_search,3,877,0.6883684405431758,0.6071174014440616
svm,random_search,3,878,0.6883684405431758,0.6071339848933576
svm,random_search,3,879,0.6883684405431758,0.6070885089692166
svm,random_search,3,880,0.6883684405431758,0.6071164413361365
svm,random_search,3,881,0.6883684405431758,0.6071708314108466
svm,random_search,3,882,0.6883684405431758,0.6071421894765188
svm,random_search,3,883,0.6883684405431758,0.6071940118478566
svm,random_search,3,884,0.6883684405431758,0.6072451158348899
svm,random_search,3,885,0.6883684405431758,0.6072922603301836
svm,random_search,3,886,0.6883684405431758,0.6073400315148896
svm,random_search,3,887,0.6883684405431758,0.6071885207018323
svm,random_search,3,888,0.6883684405431758,0.6072318549684635
svm,random_search,3,889,0.6883684405431758,0.6071100065275011
svm,random_search,3,890,0.6883684405431758,0.6070215235693123
svm,random_search,3,891,0.6883684405431758,0.606871609313007
svm,random_search,3,892,0.6883684405431758,0.6069119521396288
svm,random_search,3,893,0.6883684405431758,0.6068138551748462
svm,random_search,3,894,0.6883684405431758,0.606874766574559
svm,random_search,3,895,0.6883684405431758,0.6069252363644457
svm,random_search,3,896,0.6883684405431758,0.6067754918564882
svm,random_search,3,897,0.6883684405431758,0.6068184486251141
svm,random_search,3,898,0.6883684405431758,0.6068423079941478
svm,random_search,3,899,0.6883684405431758,0.6068403155620375
svm,random_search,3,900,0.6883684405431758,0.6068815730084144
svm,random_search,3,901,0.6883684405431758,0.606920002989762
svm,random_search,3,902,0.6883684405431758,0.6068842225883434
svm,random_search,3,903,0.6883684405431758,0.606938116762382
svm,random_search,3,904,0.6883684405431758,0.6068876612591182
svm,random_search,3,905,0.6883684405431758,0.6068008905546763
svm,random_search,3,906,0.6883684405431758,0.6068384014714633
svm,random_search,3,907,0.6883684405431758,0.6067518764133244
svm,random_search,3,908,0.6883684405431758,0.6068021084456486
svm,random_search,3,909,0.6883684405431758,0.6068594060108019
svm,random_search,3,910,0.6883684405431758,0.6069021752286997
svm,random_search,3,911,0.6883684405431758,0.6069352194166266
svm,random_search,3,912,0.6883684405431758,0.6069753764341526
svm,random_search,3,913,0.6883684405431758,0.6070139826693346
svm,random_search,3,914,0.6883684405431758,0.606930914805678
svm,random_search,3,915,0.6883684405431758,0.6069512818186831
svm,random_search,3,916,0.6883684405431758,0.6070013086609143
svm,random_search,3,917,0.6883684405431758,0.6069155495170521
svm,random_search,3,918,0.6883684405431758,0.6069396449441178
svm,random_search,3,919,0.6883684405431758,0.6069864538479199
svm,random_search,3,920,0.6883684405431758,0.6069169134914533
svm,random_search,3,921,0.6883684405431758,0.6067582119895232
svm,random_search,3,922,0.6883684405431758,0.6066731815792734
svm,random_search,3,923,0.6883684405431758,0.6065907326435064
svm,random_search,3,924,0.6883684405431758,0.6066377937054809
svm,random_search,3,925,0.6883684405431758,0.6066033181646148
svm,random_search,3,926,0.6883684405431758,0.6066230634583679
svm,random_search,3,927,0.6883684405431758,0.6066728666686553
svm,random_search,3,928,0.6883684405431758,0.6067147846427797
svm,random_search,3,929,0.6883684405431758,0.6066489114160261
svm,random_search,3,930,0.6883684405431758,0.606685226344349
svm,random_search,3,931,0.6883684405431758,0.6066099506740217
svm,random_search,3,932,0.6883684405431758,0.6066624615671585
svm,random_search,3,933,0.6883684405431758,0.6067042775061874
svm,random_search,3,934,0.6883684405431758,0.6067454190869738
svm,random_search,3,935,0.6883684405431758,0.6067883038775869
svm,random_search,3,936,0.6883684405431758,0.606830671314212
svm,random_search,3,937,0.6883684405431758,0.6067469247853167
svm,random_search,3,938,0.6883684405431758,0.6065879780589399
svm,random_search,3,939,0.6883684405431758,0.6065046683631787
svm,random_search,3,940,0.6883684405431758,0.6065496852109629
svm,random_search,3,941,0.6883684405431758,0.6065892578334181
svm,random_search,3,942,0.6883684405431758,0.6066381079671128
svm,random_search,3,943,0.6883684405431758,0.6066914374609377
svm,random_search,3,944,0.6883684405431758,0.6067226553484873
svm,random_search,3,945,0.6883684405431758,0.6067678824703071
svm,random_search,3,946,0.6883684405431758,0.6068036131855745
svm,random_search,3,947,0.6883684405431758,0.6068494466816671
svm,random_search,3,948,0.6883684405431758,0.6068977988685629
svm,random_search,3,949,0.6883684405431758,0.6068019113090286
svm,random_search,3,950,0.6883684405431758,0.6068437410415589
svm,random_search,3,951,0.6883684405431758,0.6067612136311463
svm,random_search,3,952,0.6883684405431758,0.6068030292202956
svm,random_search,3,953,0.6883684405431758,0.606765697368664
svm,random_search,3,954,0.6883684405431758,0.6068024001120408
svm,random_search,3,955,0.6883684405431758,0.6068507871630837
svm,random_search,3,956,0.6883684405431758,0.606898424513934
svm,random_search,3,957,0.6883684405431758,0.6068373841903255
svm,random_search,3,958,0.6883684405431758,0.6067554664341137
svm,random_search,3,959,0.6883684405431758,0.6068006685784496
svm,random_search,3,960,0.6883684405431758,0.6068395348427117
svm,random_search,3,961,0.6883684405431758,0.6068854464030066
svm,random_search,3,962,0.6883684405431758,0.6069407247693075
svm,random_search,3,963,0.6883684405431758,0.6069828340067757
svm,random_search,3,964,0.6883684405431758,0.6070304137586643
svm,random_search,3,965,0.6883684405431758,0.6070773518495474
svm,random_search,3,966,0.6883684405431758,0.6069958640875285
svm,random_search,3,967,0.6883684405431758,0.6070354450263247
svm,random_search,3,968,0.6883684405431758,0.6069541689196232
svm,random_search,3,969,0.6883684405431758,0.6070000855967544
svm,random_search,3,970,0.6883684405431758,0.6070414951449681
svm,random_search,3,971,0.6883684405431758,0.6070721863732601
svm,random_search,3,972,0.6883684405431758,0.6071192673840008
svm,random_search,3,973,0.6883684405431758,0.6070383227862158
svm,random_search,3,974,0.6883684405431758,0.6070875315820904
svm,random_search,3,975,0.6883684405431758,0.6069570573303171
svm,random_search,3,976,0.6883684405431758,0.6069944833757889
svm,random_search,3,977,0.6883684405431758,0.6069120861544084
svm,random_search,3,978,0.6883684405431758,0.6069652064507058
svm,random_search,3,979,0.6883684405431758,0.6070044996300635
svm,random_search,3,980,0.6883684405431758,0.6070576431245931
svm,random_search,3,981,0.6883684405431758,0.6069230784357977
svm,random_search,3,982,0.6883684405431758,0.6068849553879374
svm,random_search,3,983,0.6883684405431758,0.6069310468144855
svm,random_search,3,984,0.6883684405431758,0.6067938803447419
svm,random_search,3,985,0.6883684405431758,0.6068330332057578
svm,random_search,3,986,0.6883684405431758,0.6067820883619368
svm,random_search,3,987,0.6883684405431758,0.6068238126038026
svm,random_search,3,988,0.6883684405431758,0.6068731836789554
svm,random_search,3,989,0.6883684405431758,0.6069134931731254
svm,random_search,3,990,0.6883684405431758,0.6069510080465391
svm,random_search,3,991,0.6883684405431758,0.6067731212244151
svm,random_search,3,992,0.6883684405431758,0.6068121303309054
svm,random_search,3,993,0.6883684405431758,0.6068630183062299
svm,random_search,3,994,0.6883684405431758,0.6069115024727748
svm,random_search,3,995,0.6883684405431758,0.6069494612444556
svm,random_search,3,996,0.6883684405431758,0.6069945828308977
svm,random_search,3,997,0.6883684405431758,0.6068236597636824
svm,random_search,3,998,0.6883684405431758,0.6068688980271502
svm,random_search,3,999,0.6883684405431758,0.606910684297666
svm,random_search,3,1000,0.6883684405431758,0.6068236533494896
