model_type,optimizer,seed,row_id,datetime,y_true,y_pred,y_proba
mlp,de,1,0,2024-05-20 15:25:00,1,0,0.4874628484249115
mlp,de,1,1,2024-05-20 15:25:00,1,1,0.5102182030677795
mlp,de,1,2,2024-05-20 15:30:00,1,1,0.5649887919425964
mlp,de,1,3,2024-05-20 15:30:00,1,1,0.5749413967132568
mlp,de,1,4,2024-05-20 15:35:00,1,1,0.5928234457969666
mlp,de,1,5,2024-05-20 15:35:00,1,1,0.5968764424324036
mlp,de,1,6,2024-05-20 15:40:00,1,1,0.504493772983551
mlp,de,1,7,2024-05-20 15:40:00,1,0,0.380954772233963
mlp,de,1,8,2024-05-20 15:45:00,1,0,0.47396421432495117
mlp,de,1,9,2024-05-20 15:45:00,1,1,0.5106608867645264
mlp,de,1,10,2024-05-20 15:50:00,1,0,0.4834701716899872
mlp,de,1,11,2024-05-20 15:50:00,1,0,0.34239569306373596
mlp,de,1,12,2024-05-20 15:55:00,1,0,0.4824433922767639
mlp,de,1,13,2024-05-20 15:55:00,1,0,0.4802371561527252
mlp,de,1,14,2024-05-20 16:00:00,1,1,0.5963320732116699
mlp,de,1,15,2024-05-20 16:00:00,1,1,0.571846067905426
mlp,de,1,16,2024-05-20 16:05:00,1,1,0.6256548762321472
mlp,de,1,17,2024-05-20 16:05:00,1,1,0.6132550835609436
mlp,de,1,18,2024-05-20 16:10:00,1,1,0.6015273928642273
mlp,de,1,19,2024-05-20 16:10:00,1,1,0.6047747731208801
mlp,de,1,20,2024-05-20 16:15:00,1,1,0.6078155040740967
mlp,de,1,21,2024-05-20 16:15:00,1,1,0.615241289138794
mlp,de,1,22,2024-05-20 16:20:00,1,1,0.5056658983230591
mlp,de,1,23,2024-05-20 16:20:00,1,1,0.5014742612838745
mlp,de,1,24,2024-05-20 16:25:00,1,0,0.42957133054733276
mlp,de,1,25,2024-05-20 16:25:00,1,0,0.40824922919273376
mlp,de,1,26,2024-05-20 16:30:00,1,0,0.41828659176826477
mlp,de,1,27,2024-05-20 16:30:00,1,0,0.4110337495803833
mlp,de,1,28,2024-05-20 16:35:00,1,0,0.4084816575050354
mlp,de,1,29,2024-05-20 16:35:00,1,0,0.34910669922828674
mlp,de,1,30,2024-05-20 16:40:00,1,0,0.4475869834423065
mlp,de,1,31,2024-05-20 16:40:00,1,0,0.4703283905982971
mlp,de,1,32,2024-05-20 16:45:00,1,1,0.531433641910553
mlp,de,1,33,2024-05-20 16:45:00,1,1,0.5730416178703308
mlp,de,1,34,2024-05-20 16:50:00,1,1,0.6477065086364746
mlp,de,1,35,2024-05-20 16:50:00,1,1,0.637863039970398
mlp,de,1,36,2024-05-20 16:55:00,0,1,0.6982866525650024
mlp,de,1,37,2024-05-20 16:55:00,0,1,0.7117094993591309
mlp,de,1,38,2024-05-20 17:00:00,0,1,0.7622172832489014
mlp,de,1,39,2024-05-20 17:00:00,0,1,0.6368975639343262
mlp,de,1,40,2024-05-20 17:05:00,0,0,0.49412447214126587
mlp,de,1,41,2024-05-20 17:05:00,0,1,0.5652811527252197
mlp,de,1,42,2024-05-20 17:10:00,0,0,0.44817012548446655
mlp,de,1,43,2024-05-20 17:10:00,0,0,0.19244031608104706
mlp,de,1,44,2024-05-20 17:15:00,0,0,0.49130550026893616
mlp,de,1,45,2024-05-20 17:15:00,0,1,0.5391494631767273
mlp,de,1,46,2024-05-20 17:20:00,0,1,0.553385317325592
mlp,de,1,47,2024-05-20 17:20:00,0,1,0.5122019648551941
mlp,de,1,48,2024-05-20 17:25:00,0,1,0.7067098617553711
mlp,de,1,49,2024-05-20 17:25:00,0,1,0.5928625464439392
mlp,de,1,50,2024-05-20 17:30:00,0,1,0.6727477312088013
mlp,de,1,51,2024-05-20 17:30:00,0,1,0.6306213140487671
mlp,de,1,52,2024-05-20 17:35:00,0,1,0.5395063757896423
mlp,de,1,53,2024-05-20 17:35:00,0,1,0.5363584160804749
mlp,de,1,54,2024-05-20 17:40:00,0,1,0.5216770768165588
mlp,de,1,55,2024-05-20 17:40:00,0,1,0.5324165225028992
mlp,de,1,56,2024-05-20 17:45:00,0,1,0.54090416431427
mlp,de,1,57,2024-05-20 17:45:00,0,0,0.4973240792751312
mlp,de,1,58,2024-05-20 17:50:00,0,1,0.7329891920089722
mlp,de,1,59,2024-05-20 17:50:00,0,1,0.5447408556938171
mlp,de,1,60,2024-05-20 17:55:00,0,1,0.6642981171607971
mlp,de,1,61,2024-05-20 17:55:00,0,0,0.44309958815574646
mlp,de,1,62,2024-05-21 13:30:00,1,0,0.32929664850234985
mlp,de,1,63,2024-05-21 13:30:00,1,0,0.32325005531311035
mlp,de,1,64,2024-05-21 13:35:00,1,0,0.3995567560195923
mlp,de,1,65,2024-05-21 13:35:00,1,0,0.39640355110168457
mlp,de,1,66,2024-05-21 13:40:00,1,1,0.552783191204071
mlp,de,1,67,2024-05-21 13:40:00,1,1,0.5424243807792664
mlp,de,1,68,2024-05-21 13:45:00,1,1,0.7101988792419434
mlp,de,1,69,2024-05-21 13:45:00,1,1,0.740149199962616
mlp,de,1,70,2024-05-21 13:50:00,1,1,0.5653306245803833
mlp,de,1,71,2024-05-21 13:50:00,1,1,0.534661054611206
mlp,de,1,72,2024-05-21 13:55:00,1,0,0.4604509770870209
mlp,de,1,73,2024-05-21 13:55:00,1,0,0.46133604645729065
mlp,de,1,74,2024-05-21 14:00:00,1,1,0.6069852709770203
mlp,de,1,75,2024-05-21 14:00:00,1,1,0.5869272947311401
mlp,de,1,76,2024-05-21 14:05:00,1,1,0.5683287978172302
mlp,de,1,77,2024-05-21 14:05:00,1,1,0.5950914621353149
mlp,de,1,78,2024-05-21 14:10:00,1,0,0.4601668119430542
mlp,de,1,79,2024-05-21 14:10:00,1,1,0.5153317451477051
mlp,de,1,80,2024-05-21 14:15:00,1,1,0.5420407652854919
mlp,de,1,81,2024-05-21 14:15:00,1,1,0.5986219644546509
mlp,de,1,82,2024-05-21 14:20:00,1,1,0.7156017422676086
mlp,de,1,83,2024-05-21 14:20:00,1,1,0.7233136892318726
mlp,de,1,84,2024-05-21 14:25:00,1,1,0.8750969767570496
mlp,de,1,85,2024-05-21 14:25:00,1,1,0.7041621208190918
mlp,de,1,86,2024-05-21 14:30:00,1,1,0.7594677805900574
mlp,de,1,87,2024-05-21 14:30:00,1,1,0.6723289489746094
mlp,de,1,88,2024-05-21 14:35:00,1,1,0.5794699192047119
mlp,de,1,89,2024-05-21 14:35:00,1,1,0.6382646560668945
mlp,de,1,90,2024-05-21 14:40:00,1,1,0.5945299863815308
mlp,de,1,91,2024-05-21 14:40:00,1,1,0.6147723197937012
mlp,de,1,92,2024-05-21 14:45:00,1,1,0.6411674618721008
mlp,de,1,93,2024-05-21 14:45:00,1,1,0.6365446448326111
mlp,de,1,94,2024-05-21 14:50:00,1,1,0.6314869523048401
mlp,de,1,95,2024-05-21 14:50:00,1,1,0.6219507455825806
mlp,de,1,96,2024-05-21 14:55:00,1,1,0.7883613109588623
mlp,de,1,97,2024-05-21 14:55:00,1,1,0.6974065899848938
mlp,de,1,98,2024-05-21 15:00:00,1,1,0.7350439429283142
mlp,de,1,99,2024-05-21 15:00:00,1,1,0.9135664105415344
mlp,de,1,100,2024-05-21 15:05:00,0,1,0.7888649106025696
mlp,de,1,101,2024-05-21 15:05:00,0,1,0.704089879989624
mlp,de,1,102,2024-05-21 15:10:00,0,1,0.6551316380500793
mlp,de,1,103,2024-05-21 15:10:00,0,1,0.516714334487915
mlp,de,1,104,2024-05-21 15:15:00,0,0,0.3917542099952698
mlp,de,1,105,2024-05-21 15:15:00,0,0,0.3712143898010254
mlp,de,1,106,2024-05-21 15:20:00,0,0,0.3892451524734497
mlp,de,1,107,2024-05-21 15:20:00,0,0,0.48616287112236023
mlp,de,1,108,2024-05-21 15:25:00,0,0,0.44626352190971375
mlp,de,1,109,2024-05-21 15:25:00,0,0,0.3756367862224579
mlp,de,1,110,2024-05-21 15:30:00,0,0,0.3289376497268677
mlp,de,1,111,2024-05-21 15:30:00,0,0,0.16912789642810822
mlp,de,1,112,2024-05-21 15:35:00,0,0,0.2544221580028534
mlp,de,1,113,2024-05-21 15:35:00,0,0,0.29416197538375854
mlp,de,1,114,2024-05-21 15:40:00,0,0,0.38931775093078613
mlp,de,1,115,2024-05-21 15:40:00,0,0,0.3350694179534912
mlp,de,1,116,2024-05-21 15:45:00,0,0,0.4002414643764496
mlp,de,1,117,2024-05-21 15:50:00,0,1,0.5945801734924316
mlp,de,1,118,2024-05-21 15:50:00,0,1,0.6065493822097778
mlp,de,1,119,2024-05-21 15:55:00,0,1,0.559104859828949
mlp,de,1,120,2024-05-21 15:55:00,0,1,0.5766038298606873
mlp,de,1,121,2024-05-21 16:00:00,0,1,0.6555783748626709
mlp,de,1,122,2024-05-21 16:00:00,0,1,0.5940737128257751
mlp,de,1,123,2024-05-21 16:05:00,0,1,0.7275881767272949
mlp,de,1,124,2024-05-21 16:05:00,0,1,0.6630560159683228
mlp,de,1,125,2024-05-21 16:10:00,0,1,0.677293062210083
mlp,de,1,126,2024-05-21 16:10:00,0,1,0.6140122413635254
mlp,de,1,127,2024-05-21 16:15:00,0,1,0.579728364944458
mlp,de,1,128,2024-05-21 16:15:00,0,1,0.618678867816925
mlp,de,1,129,2024-05-21 16:20:00,0,1,0.5528813600540161
mlp,de,1,130,2024-05-21 16:20:00,0,1,0.6082668900489807
mlp,de,1,131,2024-05-21 16:25:00,0,1,0.6232592463493347
mlp,de,1,132,2024-05-21 16:25:00,0,1,0.6041229367256165
mlp,de,1,133,2024-05-21 16:30:00,0,1,0.630063533782959
mlp,de,1,134,2024-05-21 16:30:00,0,1,0.6070273518562317
mlp,de,1,135,2024-05-21 16:35:00,0,1,0.5730995535850525
mlp,de,1,136,2024-05-21 16:35:00,0,1,0.5780909657478333
mlp,de,1,137,2024-05-21 16:40:00,0,1,0.5037209987640381
mlp,de,1,138,2024-05-21 16:40:00,0,1,0.517208993434906
mlp,de,1,139,2024-05-21 16:45:00,0,0,0.46510836482048035
mlp,de,1,140,2024-05-21 16:45:00,0,1,0.5024862289428711
mlp,de,1,141,2024-05-21 16:50:00,0,0,0.43040335178375244
mlp,de,1,142,2024-05-21 16:50:00,0,0,0.42293253540992737
mlp,de,1,143,2024-05-21 16:55:00,0,0,0.33174198865890503
mlp,de,1,144,2024-05-21 16:55:00,0,0,0.32883530855178833
mlp,de,1,145,2024-05-21 17:00:00,0,0,0.15275920927524567
mlp,de,1,146,2024-05-21 17:00:00,0,0,0.25922203063964844
mlp,de,1,147,2024-05-21 17:05:00,0,0,0.22364214062690735
mlp,de,1,148,2024-05-21 17:05:00,0,0,0.2570464015007019
mlp,de,1,149,2024-05-21 17:10:00,0,0,0.25579455494880676
mlp,de,1,150,2024-05-21 17:10:00,0,0,0.23850032687187195
mlp,de,1,151,2024-05-21 17:15:00,0,0,0.27832236886024475
mlp,de,1,152,2024-05-21 17:15:00,0,0,0.2672262191772461
mlp,de,1,153,2024-05-21 17:20:00,0,0,0.4692454934120178
mlp,de,1,154,2024-05-21 17:20:00,0,0,0.4486081898212433
mlp,de,1,155,2024-05-21 17:25:00,0,0,0.4072771668434143
mlp,de,1,156,2024-05-21 17:25:00,0,0,0.4451822340488434
mlp,de,1,157,2024-05-21 17:30:00,0,0,0.42171889543533325
mlp,de,1,158,2024-05-21 17:30:00,0,0,0.4133071005344391
mlp,de,1,159,2024-05-21 17:35:00,0,0,0.4928179979324341
mlp,de,1,160,2024-05-21 17:40:00,0,0,0.47279661893844604
mlp,de,1,161,2024-05-21 17:40:00,0,0,0.49458110332489014
mlp,de,1,162,2024-05-21 17:45:00,0,1,0.5152859687805176
mlp,de,1,163,2024-05-21 17:50:00,0,0,0.4220300316810608
mlp,de,1,164,2024-05-21 17:50:00,0,0,0.38514941930770874
mlp,de,1,165,2024-05-21 17:55:00,0,0,0.41778436303138733
mlp,de,1,166,2024-05-21 17:55:00,0,0,0.41994091868400574
mlp,de,1,167,2024-05-22 11:40:00,1,0,0.2570839524269104
mlp,de,1,168,2024-05-22 11:45:00,1,0,0.4002004563808441
mlp,de,1,169,2024-05-22 11:50:00,1,1,0.579059362411499
mlp,de,1,170,2024-05-22 11:55:00,1,1,0.5796769857406616
mlp,de,1,171,2024-05-22 12:00:00,1,1,0.6916861534118652
mlp,de,1,172,2024-05-22 12:05:00,0,1,0.8265607357025146
mlp,de,1,173,2024-05-22 12:10:00,0,1,0.820277750492096
mlp,de,1,174,2024-05-22 12:15:00,0,1,0.5570739507675171
mlp,de,1,175,2024-05-22 12:20:00,0,0,0.3819117844104767
mlp,de,1,176,2024-05-22 12:25:00,0,0,0.25664472579956055
mlp,de,1,177,2024-05-22 12:30:00,0,0,0.3337019085884094
mlp,de,1,178,2024-05-22 12:35:00,0,1,0.547881543636322
mlp,de,1,179,2024-05-22 12:40:00,0,0,0.49640145897865295
mlp,de,1,180,2024-05-22 12:45:00,0,0,0.3995623290538788
mlp,de,1,181,2024-05-22 12:50:00,0,0,0.46189478039741516
mlp,de,1,182,2024-05-22 12:55:00,0,1,0.6188264489173889
mlp,de,1,183,2024-05-22 13:00:00,0,1,0.7419573068618774
mlp,de,1,184,2024-05-22 13:05:00,0,1,0.6091907620429993
mlp,de,1,185,2024-05-22 13:10:00,0,1,0.5429816842079163
mlp,de,1,186,2024-05-22 13:15:00,0,0,0.49167588353157043
mlp,de,1,187,2024-05-22 13:20:00,0,0,0.39714035391807556
mlp,de,1,188,2024-05-22 13:25:00,0,0,0.4027344286441803
mlp,de,1,189,2024-05-22 13:30:00,0,0,0.42736580967903137
mlp,de,1,190,2024-05-22 13:35:00,0,0,0.36053574085235596
mlp,de,1,191,2024-05-22 13:40:00,0,0,0.29752618074417114
mlp,de,1,192,2024-05-22 13:45:00,0,0,0.28245314955711365
mlp,de,1,193,2024-05-22 13:50:00,0,0,0.4804641306400299
mlp,de,1,194,2024-05-22 13:55:00,0,0,0.2872275412082672
mlp,de,1,195,2024-05-22 14:00:00,0,0,0.27490678429603577
mlp,de,1,196,2024-05-22 14:05:00,0,0,0.3924812376499176
mlp,de,1,197,2024-05-22 14:10:00,0,0,0.40785616636276245
mlp,de,1,198,2024-05-22 14:15:00,0,0,0.4758915603160858
mlp,de,1,199,2024-05-22 14:20:00,0,0,0.41324636340141296
mlp,de,1,200,2024-05-22 14:25:00,0,0,0.40355953574180603
mlp,de,1,201,2024-05-22 14:30:00,0,0,0.3367416262626648
mlp,de,1,202,2024-05-22 14:35:00,0,0,0.323432594537735
mlp,de,1,203,2024-05-22 14:40:00,0,0,0.327793151140213
mlp,de,1,204,2024-05-22 14:45:00,0,0,0.46855035424232483
mlp,de,1,205,2024-05-22 14:50:00,0,0,0.44188255071640015
mlp,de,1,206,2024-05-22 14:55:00,0,1,0.526333212852478
mlp,de,1,207,2024-05-22 15:00:00,0,0,0.3572668433189392
mlp,de,1,208,2024-05-22 15:05:00,0,0,0.3428928852081299
mlp,de,1,209,2024-05-22 15:10:00,0,0,0.32733285427093506
mlp,de,1,210,2024-05-22 15:15:00,0,0,0.2991357147693634
mlp,de,1,211,2024-05-22 15:20:00,0,0,0.308553546667099
mlp,de,1,212,2024-05-22 15:25:00,0,0,0.2088565081357956
mlp,de,1,213,2024-05-22 15:30:00,0,0,0.22663450241088867
mlp,de,1,214,2024-05-22 15:35:00,0,0,0.2400713562965393
mlp,de,1,215,2024-05-22 15:40:00,0,0,0.3379485309123993
mlp,de,1,216,2024-05-22 15:45:00,0,1,0.5359597206115723
mlp,de,1,217,2024-05-22 15:50:00,0,1,0.5206244587898254
mlp,de,1,218,2024-05-22 15:55:00,0,1,0.5451310873031616
mlp,de,1,219,2024-05-22 16:00:00,0,1,0.5732611417770386
mlp,de,1,220,2024-05-22 16:05:00,0,1,0.5642426013946533
mlp,de,1,221,2024-05-22 16:10:00,0,0,0.42785781621932983
mlp,de,1,222,2024-05-22 16:15:00,0,0,0.2825911045074463
mlp,de,1,223,2024-05-22 16:20:00,0,0,0.2018716186285019
mlp,de,1,224,2024-05-22 16:25:00,0,0,0.3268650472164154
mlp,de,1,225,2024-05-22 16:30:00,0,0,0.4133640229701996
mlp,de,1,226,2024-05-22 16:35:00,0,0,0.3872992992401123
mlp,de,1,227,2024-05-22 16:40:00,0,0,0.3610747158527374
mlp,de,1,228,2024-05-22 16:45:00,0,0,0.33137819170951843
mlp,de,1,229,2024-05-22 16:50:00,0,0,0.40355774760246277
mlp,de,1,230,2024-05-22 16:55:00,0,1,0.5611075758934021
mlp,de,1,231,2024-05-22 17:00:00,0,1,0.509911060333252
mlp,de,1,232,2024-05-22 17:05:00,0,0,0.3697006106376648
mlp,de,1,233,2024-05-22 17:10:00,0,0,0.3139476478099823
mlp,de,1,234,2024-05-22 17:15:00,0,0,0.25852105021476746
mlp,de,1,235,2024-05-22 17:20:00,0,1,0.5128390789031982
mlp,de,1,236,2024-05-22 17:25:00,0,0,0.4754777252674103
mlp,de,1,237,2024-05-22 17:30:00,0,0,0.35399308800697327
mlp,de,1,238,2024-05-22 17:35:00,0,0,0.39280954003334045
mlp,de,1,239,2024-05-22 17:40:00,0,0,0.40919455885887146
mlp,de,1,240,2024-05-22 17:45:00,0,0,0.4370085299015045
mlp,de,1,241,2024-05-22 17:50:00,0,0,0.4557720124721527
mlp,de,1,242,2024-05-22 17:55:00,0,0,0.3970719575881958
mlp,de,1,243,2024-05-23 11:15:00,1,0,0.11520491540431976
mlp,de,1,244,2024-05-23 11:20:00,1,0,0.17715266346931458
mlp,de,1,245,2024-05-23 11:25:00,1,0,0.26802191138267517
mlp,de,1,246,2024-05-23 11:30:00,1,0,0.381879985332489
mlp,de,1,247,2024-05-23 11:35:00,1,0,0.39210161566734314
mlp,de,1,248,2024-05-23 11:40:00,1,0,0.4152394235134125
mlp,de,1,249,2024-05-23 11:45:00,1,1,0.5421001315116882
mlp,de,1,250,2024-05-23 11:50:00,1,0,0.47527921199798584
mlp,de,1,251,2024-05-23 11:55:00,1,0,0.3831733763217926
mlp,de,1,252,2024-05-23 12:00:00,1,1,0.6016269326210022
mlp,de,1,253,2024-05-23 12:05:00,1,1,0.6861579418182373
mlp,de,1,254,2024-05-23 12:10:00,1,1,0.6244010925292969
mlp,de,1,255,2024-05-23 12:15:00,1,0,0.45672720670700073
mlp,de,1,256,2024-05-23 12:20:00,1,1,0.5277455449104309
mlp,de,1,257,2024-05-23 12:25:00,1,1,0.7533948421478271
mlp,de,1,258,2024-05-23 12:30:00,1,1,0.6155238747596741
mlp,de,1,259,2024-05-23 12:35:00,1,1,0.664260745048523
mlp,de,1,260,2024-05-23 12:40:00,1,1,0.632835865020752
mlp,de,1,261,2024-05-23 12:45:00,1,0,0.4890141785144806
mlp,de,1,262,2024-05-23 12:50:00,1,1,0.5322684049606323
mlp,de,1,263,2024-05-23 12:55:00,1,1,0.6199582815170288
mlp,de,1,264,2024-05-23 13:00:00,1,1,0.6325665712356567
mlp,de,1,265,2024-05-23 13:05:00,1,1,0.5136971473693848
mlp,de,1,266,2024-05-23 13:10:00,1,0,0.35129404067993164
mlp,de,1,267,2024-05-23 13:15:00,1,0,0.41619381308555603
mlp,de,1,268,2024-05-23 13:20:00,1,1,0.536082923412323
mlp,de,1,269,2024-05-23 13:25:00,0,1,0.6384019255638123
mlp,de,1,270,2024-05-23 13:30:00,0,1,0.6379581689834595
mlp,de,1,271,2024-05-23 13:35:00,0,1,0.5205617547035217
mlp,de,1,272,2024-05-23 13:40:00,0,0,0.41502007842063904
mlp,de,1,273,2024-05-23 13:45:00,0,0,0.33500418066978455
mlp,de,1,274,2024-05-23 13:50:00,0,0,0.4116533696651459
mlp,de,1,275,2024-05-23 13:55:00,0,0,0.41528043150901794
mlp,de,1,276,2024-05-23 14:00:00,0,1,0.5084934830665588
mlp,de,1,277,2024-05-23 14:05:00,0,1,0.5019916296005249
mlp,de,1,278,2024-05-23 14:10:00,0,1,0.6463288068771362
mlp,de,1,279,2024-05-23 14:15:00,0,1,0.5242474675178528
mlp,de,1,280,2024-05-23 14:20:00,0,1,0.5532577633857727
mlp,de,1,281,2024-05-23 14:25:00,0,1,0.6635693907737732
mlp,de,1,282,2024-05-23 14:30:00,0,1,0.6796174645423889
mlp,de,1,283,2024-05-23 14:35:00,0,0,0.4399881362915039
mlp,de,1,284,2024-05-23 14:40:00,0,0,0.2438688576221466
mlp,de,1,285,2024-05-23 14:45:00,0,0,0.2729445993900299
mlp,de,1,286,2024-05-23 14:50:00,0,0,0.29292136430740356
mlp,de,1,287,2024-05-23 14:55:00,0,0,0.20619700849056244
mlp,de,1,288,2024-05-23 15:00:00,1,0,0.1634981781244278
mlp,de,1,289,2024-05-23 15:00:00,1,0,0.16174083948135376
mlp,de,1,290,2024-05-23 15:05:00,1,0,0.30782583355903625
mlp,de,1,291,2024-05-23 15:05:00,1,0,0.3277885913848877
mlp,de,1,292,2024-05-23 15:10:00,1,0,0.46915292739868164
mlp,de,1,293,2024-05-23 15:10:00,1,0,0.41980019211769104
mlp,de,1,294,2024-05-23 15:15:00,1,0,0.39994293451309204
mlp,de,1,295,2024-05-23 15:15:00,1,0,0.41021493077278137
mlp,de,1,296,2024-05-23 15:20:00,1,0,0.42823225259780884
mlp,de,1,297,2024-05-23 15:20:00,1,0,0.4007919430732727
mlp,de,1,298,2024-05-23 15:25:00,1,0,0.4985545575618744
mlp,de,1,299,2024-05-23 15:25:00,1,1,0.5102594494819641
mlp,de,1,300,2024-05-23 15:30:00,1,1,0.5340545177459717
mlp,de,1,301,2024-05-23 15:30:00,1,1,0.5498954653739929
mlp,de,1,302,2024-05-23 15:35:00,1,1,0.653377890586853
mlp,de,1,303,2024-05-23 15:35:00,1,1,0.630092442035675
mlp,de,1,304,2024-05-23 15:40:00,1,1,0.6077761650085449
mlp,de,1,305,2024-05-23 15:40:00,1,1,0.6131932735443115
mlp,de,1,306,2024-05-23 15:45:00,1,1,0.5047115087509155
mlp,de,1,307,2024-05-23 15:45:00,1,1,0.5231574773788452
mlp,de,1,308,2024-05-23 15:50:00,1,0,0.4897533059120178
mlp,de,1,309,2024-05-23 15:50:00,1,0,0.4621421694755554
mlp,de,1,310,2024-05-23 15:55:00,1,0,0.4770399332046509
mlp,de,1,311,2024-05-23 15:55:00,1,0,0.49074864387512207
mlp,de,1,312,2024-05-23 16:00:00,1,1,0.516553521156311
mlp,de,1,313,2024-05-23 16:00:00,1,1,0.5364184379577637
mlp,de,1,314,2024-05-23 16:05:00,1,1,0.5510966777801514
mlp,de,1,315,2024-05-23 16:05:00,1,1,0.5259916186332703
mlp,de,1,316,2024-05-23 16:10:00,1,1,0.5779037475585938
mlp,de,1,317,2024-05-23 16:10:00,1,1,0.5720056891441345
mlp,de,1,318,2024-05-23 16:15:00,1,1,0.6430733799934387
mlp,de,1,319,2024-05-23 16:15:00,1,1,0.6428267359733582
mlp,de,1,320,2024-05-23 16:20:00,1,1,0.7058545351028442
mlp,de,1,321,2024-05-23 16:20:00,1,1,0.6572186946868896
mlp,de,1,322,2024-05-23 16:25:00,1,1,0.6270424723625183
mlp,de,1,323,2024-05-23 16:25:00,1,1,0.58956378698349
mlp,de,1,324,2024-05-23 16:30:00,1,1,0.6482889652252197
mlp,de,1,325,2024-05-23 16:30:00,1,1,0.5635226964950562
mlp,de,1,326,2024-05-23 16:35:00,1,1,0.5082195401191711
mlp,de,1,327,2024-05-23 16:35:00,1,1,0.5170649886131287
mlp,de,1,328,2024-05-23 16:40:00,1,1,0.5705245733261108
mlp,de,1,329,2024-05-23 16:40:00,1,1,0.5748841762542725
mlp,de,1,330,2024-05-23 16:45:00,1,1,0.6596548557281494
mlp,de,1,331,2024-05-23 16:45:00,1,1,0.671409010887146
mlp,de,1,332,2024-05-23 16:50:00,1,1,0.5036234855651855
mlp,de,1,333,2024-05-23 16:50:00,1,1,0.5416540503501892
mlp,de,1,334,2024-05-23 16:55:00,1,1,0.5417978763580322
mlp,de,1,335,2024-05-23 16:55:00,1,1,0.5528666973114014
mlp,de,1,336,2024-05-23 17:00:00,1,1,0.6129692196846008
mlp,de,1,337,2024-05-23 17:00:00,1,1,0.6324868202209473
mlp,de,1,338,2024-05-23 17:05:00,1,1,0.6416011452674866
mlp,de,1,339,2024-05-23 17:05:00,1,1,0.729095458984375
mlp,de,1,340,2024-05-23 17:10:00,1,1,0.6639518141746521
mlp,de,1,341,2024-05-23 17:10:00,1,1,0.6639929413795471
mlp,de,1,342,2024-05-23 17:15:00,1,1,0.7001771330833435
mlp,de,1,343,2024-05-23 17:15:00,1,1,0.6959993839263916
mlp,de,1,344,2024-05-23 17:20:00,1,1,0.6627153158187866
mlp,de,1,345,2024-05-23 17:20:00,1,1,0.6509840488433838
mlp,de,1,346,2024-05-23 17:25:00,1,1,0.7195006608963013
mlp,de,1,347,2024-05-23 17:25:00,1,1,0.7022960186004639
mlp,de,1,348,2024-05-23 17:30:00,1,1,0.6692836284637451
mlp,de,1,349,2024-05-23 17:30:00,1,1,0.622119665145874
mlp,de,1,350,2024-05-23 17:35:00,1,1,0.6797319650650024
mlp,de,1,351,2024-05-23 17:35:00,1,1,0.6105962991714478
mlp,de,1,352,2024-05-23 17:40:00,1,1,0.5385568737983704
mlp,de,1,353,2024-05-23 17:40:00,1,1,0.5454187393188477
mlp,de,1,354,2024-05-23 17:45:00,1,0,0.4534316956996918
mlp,de,1,355,2024-05-23 17:45:00,1,0,0.47487133741378784
mlp,de,1,356,2024-05-23 17:50:00,1,0,0.42731887102127075
mlp,de,1,357,2024-05-23 17:50:00,1,0,0.4215060770511627
mlp,de,1,358,2024-05-23 17:55:00,1,0,0.3917437493801117
mlp,de,1,359,2024-05-23 17:55:00,1,0,0.37608692049980164
mlp,de,1,360,2024-05-24 10:40:00,0,1,0.7478595972061157
mlp,de,1,361,2024-05-24 10:40:00,0,1,0.7362352609634399
mlp,de,1,362,2024-05-24 10:45:00,0,1,0.7344343662261963
mlp,de,1,363,2024-05-24 10:45:00,0,1,0.734923779964447
mlp,de,1,364,2024-05-24 10:50:00,0,0,0.40818706154823303
mlp,de,1,365,2024-05-24 10:50:00,0,0,0.4162799119949341
mlp,de,1,366,2024-05-24 10:55:00,0,0,0.3932150900363922
mlp,de,1,367,2024-05-24 10:55:00,0,0,0.4036821126937866
mlp,de,1,368,2024-05-24 11:00:00,0,0,0.33535200357437134
mlp,de,1,369,2024-05-24 11:00:00,0,0,0.3644091486930847
mlp,de,1,370,2024-05-24 11:05:00,0,1,0.5411379337310791
mlp,de,1,371,2024-05-24 11:05:00,0,1,0.5427296757698059
mlp,de,1,372,2024-05-24 11:10:00,0,1,0.7076436281204224
mlp,de,1,373,2024-05-24 11:10:00,0,1,0.6631776094436646
mlp,de,1,374,2024-05-24 11:15:00,0,1,0.7036362886428833
mlp,de,1,375,2024-05-24 11:15:00,0,1,0.6070495247840881
mlp,de,1,376,2024-05-24 11:20:00,0,1,0.5749310255050659
mlp,de,1,377,2024-05-24 11:20:00,1,1,0.6604130864143372
mlp,de,1,378,2024-05-24 11:25:00,0,1,0.672439455986023
mlp,de,1,379,2024-05-24 11:25:00,0,1,0.7302733063697815
mlp,de,1,380,2024-05-24 11:30:00,0,1,0.6655705571174622
mlp,de,1,381,2024-05-24 11:30:00,0,1,0.6341390609741211
mlp,de,1,382,2024-05-24 11:35:00,0,0,0.4216043949127197
mlp,de,1,383,2024-05-24 11:35:00,0,0,0.4211062788963318
mlp,de,1,384,2024-05-24 11:40:00,0,0,0.31721723079681396
mlp,de,1,385,2024-05-24 11:40:00,0,0,0.2933483123779297
mlp,de,1,386,2024-05-24 11:45:00,0,0,0.380946546792984
mlp,de,1,387,2024-05-24 11:45:00,1,0,0.3845318853855133
mlp,de,1,388,2024-05-24 11:50:00,0,1,0.6293321847915649
mlp,de,1,389,2024-05-24 11:50:00,0,1,0.5958663821220398
mlp,de,1,390,2024-05-24 11:55:00,0,1,0.5198003649711609
mlp,de,1,391,2024-05-24 11:55:00,0,1,0.5248357057571411
mlp,de,1,392,2024-05-24 12:00:00,0,0,0.45939406752586365
mlp,de,1,393,2024-05-24 12:00:00,0,0,0.40543949604034424
mlp,de,1,394,2024-05-24 12:05:00,0,0,0.49197864532470703
mlp,de,1,395,2024-05-24 12:05:00,0,0,0.4606288969516754
mlp,de,1,396,2024-05-24 12:10:00,0,0,0.4255538582801819
mlp,de,1,397,2024-05-24 12:10:00,0,0,0.39428919553756714
mlp,de,1,398,2024-05-24 12:15:00,0,0,0.4483151137828827
mlp,de,1,399,2024-05-24 12:15:00,0,0,0.3934284746646881
mlp,de,1,400,2024-05-24 12:20:00,0,0,0.44341737031936646
mlp,de,1,401,2024-05-24 12:20:00,0,0,0.3999173641204834
mlp,de,1,402,2024-05-24 12:25:00,0,0,0.4131591320037842
mlp,de,1,403,2024-05-24 12:25:00,0,0,0.3361576199531555
mlp,de,1,404,2024-05-24 12:30:00,0,0,0.4399584233760834
mlp,de,1,405,2024-05-24 12:30:00,0,0,0.469463050365448
mlp,de,1,406,2024-05-24 12:35:00,0,0,0.3501163423061371
mlp,de,1,407,2024-05-24 12:35:00,0,0,0.3258352279663086
mlp,de,1,408,2024-05-24 12:40:00,0,0,0.26655298471450806
mlp,de,1,409,2024-05-24 12:40:00,0,0,0.30176880955696106
mlp,de,1,410,2024-05-24 12:45:00,0,0,0.29117098450660706
mlp,de,1,411,2024-05-24 12:45:00,0,0,0.25855696201324463
mlp,de,1,412,2024-05-24 12:50:00,0,0,0.28404971957206726
mlp,de,1,413,2024-05-24 12:50:00,0,0,0.3157946467399597
mlp,de,1,414,2024-05-24 12:55:00,0,0,0.3866468369960785
mlp,de,1,415,2024-05-24 12:55:00,0,0,0.35961443185806274
mlp,de,1,416,2024-05-24 13:00:00,0,0,0.40110427141189575
mlp,de,1,417,2024-05-24 13:00:00,0,0,0.39169466495513916
mlp,de,1,418,2024-05-24 13:05:00,0,0,0.4855510890483856
mlp,de,1,419,2024-05-24 13:05:00,0,0,0.45600149035453796
mlp,de,1,420,2024-05-24 13:10:00,0,1,0.6165687441825867
mlp,de,1,421,2024-05-24 13:10:00,0,1,0.6269103288650513
mlp,de,1,422,2024-05-24 13:15:00,0,1,0.7121317982673645
mlp,de,1,423,2024-05-24 13:15:00,0,1,0.6683109402656555
mlp,de,1,424,2024-05-24 13:20:00,0,1,0.9074138402938843
mlp,de,1,425,2024-05-24 13:20:00,0,1,0.7229034900665283
mlp,de,1,426,2024-05-24 13:25:00,0,1,0.6472868919372559
mlp,de,1,427,2024-05-24 13:25:00,0,1,0.742973268032074
mlp,de,1,428,2024-05-24 13:30:00,0,1,0.5130213499069214
mlp,de,1,429,2024-05-24 13:30:00,0,1,0.5455640554428101
mlp,de,1,430,2024-05-24 13:35:00,0,1,0.5034506320953369
mlp,de,1,431,2024-05-24 13:35:00,0,1,0.5369083285331726
mlp,de,1,432,2024-05-24 13:40:00,0,0,0.4616641402244568
mlp,de,1,433,2024-05-24 13:40:00,0,0,0.49278128147125244
mlp,de,1,434,2024-05-24 13:45:00,0,0,0.38649797439575195
mlp,de,1,435,2024-05-24 13:45:00,0,0,0.4304455816745758
mlp,de,1,436,2024-05-24 13:50:00,0,0,0.35951098799705505
mlp,de,1,437,2024-05-24 13:50:00,0,0,0.3594289720058441
mlp,de,1,438,2024-05-24 13:55:00,0,0,0.2881622314453125
mlp,de,1,439,2024-05-24 13:55:00,0,0,0.26114004850387573
mlp,de,1,440,2024-05-24 14:00:00,0,0,0.2136019915342331
mlp,de,1,441,2024-05-24 14:00:00,0,0,0.2750532925128937
mlp,de,1,442,2024-05-24 14:05:00,0,0,0.2532787024974823
mlp,de,1,443,2024-05-24 14:05:00,0,0,0.3146485686302185
mlp,de,1,444,2024-05-24 14:10:00,0,0,0.4006209671497345
mlp,de,1,445,2024-05-24 14:10:00,0,0,0.4563333988189697
mlp,de,1,446,2024-05-24 14:15:00,0,0,0.40883558988571167
mlp,de,1,447,2024-05-24 14:15:00,0,0,0.4052104949951172
mlp,de,1,448,2024-05-24 14:20:00,0,0,0.3493507206439972
mlp,de,1,449,2024-05-24 14:20:00,1,0,0.3204195201396942
mlp,de,1,450,2024-05-24 14:25:00,0,0,0.3816021680831909
mlp,de,1,451,2024-05-24 14:25:00,1,0,0.33486536145210266
mlp,de,1,452,2024-05-24 14:30:00,0,0,0.41841891407966614
mlp,de,1,453,2024-05-24 14:30:00,1,0,0.3797227144241333
mlp,de,1,454,2024-05-24 14:35:00,1,1,0.5525639653205872
mlp,de,1,455,2024-05-24 14:35:00,0,1,0.5551913380622864
mlp,de,1,456,2024-05-24 14:40:00,0,1,0.582429051399231
mlp,de,1,457,2024-05-24 14:40:00,1,1,0.594187319278717
mlp,de,1,458,2024-05-24 14:45:00,0,1,0.5894049406051636
mlp,de,1,459,2024-05-24 14:45:00,1,1,0.6903994083404541
mlp,de,1,460,2024-05-24 14:50:00,0,1,0.5986805558204651
mlp,de,1,461,2024-05-24 14:50:00,1,1,0.6149916648864746
mlp,de,1,462,2024-05-24 14:55:00,0,1,0.6085835099220276
mlp,de,1,463,2024-05-24 14:55:00,1,1,0.6625649929046631
mlp,de,1,464,2024-05-24 15:00:00,0,1,0.6275442838668823
mlp,de,1,465,2024-05-24 15:00:00,0,1,0.5616631507873535
mlp,de,1,466,2024-05-24 15:05:00,0,0,0.37067532539367676
mlp,de,1,467,2024-05-24 15:05:00,0,0,0.37325629591941833
mlp,de,1,468,2024-05-24 15:10:00,0,0,0.2930096983909607
mlp,de,1,469,2024-05-24 15:10:00,0,0,0.32131609320640564
mlp,de,1,470,2024-05-24 15:15:00,0,0,0.2637555003166199
mlp,de,1,471,2024-05-24 15:15:00,0,0,0.3001299500465393
mlp,de,1,472,2024-05-24 15:20:00,0,0,0.22821636497974396
mlp,de,1,473,2024-05-24 15:20:00,0,0,0.2507590651512146
mlp,de,1,474,2024-05-24 15:25:00,0,0,0.0875735729932785
mlp,de,1,475,2024-05-24 15:25:00,0,0,0.19529171288013458
mlp,de,1,476,2024-05-24 15:30:00,0,0,0.16112694144248962
mlp,de,1,477,2024-05-24 15:30:00,0,0,0.2393319010734558
mlp,de,1,478,2024-05-24 15:35:00,0,0,0.20572812855243683
mlp,de,1,479,2024-05-24 15:35:00,0,0,0.1964973658323288
mlp,de,1,480,2024-05-24 15:40:00,0,0,0.1336182802915573
mlp,de,1,481,2024-05-24 15:40:00,0,0,0.13494455814361572
mlp,de,1,482,2024-05-24 15:45:00,0,0,0.23540756106376648
mlp,de,1,483,2024-05-24 15:45:00,0,0,0.24995501339435577
mlp,de,1,484,2024-05-24 15:50:00,0,0,0.3892787992954254
mlp,de,1,485,2024-05-24 15:50:00,0,0,0.2975711226463318
mlp,de,1,486,2024-05-24 15:55:00,0,0,0.3492092490196228
mlp,de,1,487,2024-05-24 15:55:00,0,0,0.3657063841819763
mlp,de,1,488,2024-05-24 16:00:00,0,0,0.3418011963367462
mlp,de,1,489,2024-05-24 16:00:00,1,0,0.30108213424682617
mlp,de,1,490,2024-05-24 16:05:00,1,0,0.2213837206363678
mlp,de,1,491,2024-05-24 16:05:00,0,0,0.3047349452972412
mlp,de,1,492,2024-05-24 16:10:00,0,0,0.4182988107204437
mlp,de,1,493,2024-05-24 16:10:00,1,0,0.3773695230484009
mlp,de,1,494,2024-05-24 16:15:00,1,0,0.47257933020591736
mlp,de,1,495,2024-05-24 16:15:00,0,0,0.47972404956817627
mlp,de,1,496,2024-05-24 16:20:00,0,1,0.5094457268714905
mlp,de,1,497,2024-05-24 16:20:00,1,0,0.46111157536506653
mlp,de,1,498,2024-05-24 16:25:00,0,1,0.5953618288040161
mlp,de,1,499,2024-05-24 16:25:00,1,1,0.5943105816841125
mlp,de,1,500,2024-05-24 16:30:00,0,1,0.6417616009712219
mlp,de,1,501,2024-05-24 16:30:00,1,1,0.7100046277046204
mlp,de,1,502,2024-05-24 16:35:00,1,1,0.7219368815422058
mlp,de,1,503,2024-05-24 16:35:00,0,1,0.6961480975151062
mlp,de,1,504,2024-05-24 16:40:00,1,1,0.635184645652771
mlp,de,1,505,2024-05-24 16:40:00,0,1,0.6405935883522034
mlp,de,1,506,2024-05-24 16:45:00,1,1,0.5901013612747192
mlp,de,1,507,2024-05-24 16:45:00,0,1,0.5764403343200684
mlp,de,1,508,2024-05-24 16:50:00,0,1,0.549544632434845
mlp,de,1,509,2024-05-24 16:50:00,1,1,0.7183986902236938
mlp,de,1,510,2024-05-24 16:55:00,0,0,0.3930675983428955
mlp,de,1,511,2024-05-24 16:55:00,1,0,0.40229523181915283
mlp,de,1,512,2024-05-24 17:00:00,0,0,0.3496702015399933
mlp,de,1,513,2024-05-24 17:00:00,1,0,0.33557412028312683
mlp,de,1,514,2024-05-24 17:05:00,1,0,0.2936893403530121
mlp,de,1,515,2024-05-24 17:05:00,0,0,0.3337076008319855
mlp,de,1,516,2024-05-24 17:10:00,1,0,0.29354894161224365
mlp,de,1,517,2024-05-24 17:10:00,0,0,0.32148635387420654
mlp,de,1,518,2024-05-24 17:15:00,1,0,0.20549793541431427
mlp,de,1,519,2024-05-24 17:15:00,0,0,0.3151452839374542
mlp,de,1,520,2024-05-24 17:20:00,0,0,0.40387457609176636
mlp,de,1,521,2024-05-24 17:20:00,1,0,0.36714208126068115
mlp,de,1,522,2024-05-24 17:25:00,1,0,0.4327371418476105
mlp,de,1,523,2024-05-24 17:25:00,0,0,0.4598977267742157
mlp,de,1,524,2024-05-24 17:30:00,0,1,0.5490772128105164
mlp,de,1,525,2024-05-24 17:30:00,1,1,0.5357180237770081
mlp,de,1,526,2024-05-24 17:35:00,0,1,0.5424231290817261
mlp,de,1,527,2024-05-24 17:35:00,1,1,0.6715028882026672
mlp,de,1,528,2024-05-24 17:40:00,0,1,0.5136964321136475
mlp,de,1,529,2024-05-24 17:40:00,1,1,0.5303389430046082
mlp,de,1,530,2024-05-24 17:45:00,0,1,0.5045797824859619
mlp,de,1,531,2024-05-24 17:45:00,1,1,0.5044968724250793
mlp,de,1,532,2024-05-24 17:50:00,1,0,0.4494667947292328
mlp,de,1,533,2024-05-24 17:50:00,0,1,0.512448787689209
mlp,de,1,534,2024-05-24 17:55:00,0,0,0.3644871711730957
mlp,de,1,535,2024-05-24 17:55:00,0,0,0.345955491065979
mlp,de,1,536,2024-05-27 10:40:00,0,0,0.30854931473731995
mlp,de,1,537,2024-05-27 10:45:00,0,1,0.6355697512626648
mlp,de,1,538,2024-05-27 10:50:00,0,0,0.4446556270122528
mlp,de,1,539,2024-05-27 10:55:00,0,0,0.319507896900177
mlp,de,1,540,2024-05-27 11:00:00,0,0,0.4260082244873047
mlp,de,1,541,2024-05-27 11:05:00,0,0,0.28846293687820435
mlp,de,1,542,2024-05-27 11:10:00,0,0,0.26884835958480835
mlp,de,1,543,2024-05-27 11:15:00,0,0,0.27314212918281555
mlp,de,1,544,2024-05-27 11:20:00,0,0,0.49075764417648315
mlp,de,1,545,2024-05-27 11:25:00,0,0,0.43155139684677124
mlp,de,1,546,2024-05-27 11:30:00,1,0,0.3277107775211334
mlp,de,1,547,2024-05-27 11:30:00,1,0,0.35750526189804077
mlp,de,1,548,2024-05-27 11:35:00,1,0,0.3356327712535858
mlp,de,1,549,2024-05-27 11:35:00,1,0,0.33917927742004395
mlp,de,1,550,2024-05-27 11:40:00,1,1,0.540627658367157
mlp,de,1,551,2024-05-27 11:40:00,1,1,0.5296587347984314
mlp,de,1,552,2024-05-27 11:45:00,1,1,0.5479114651679993
mlp,de,1,553,2024-05-27 11:45:00,1,1,0.5676553249359131
mlp,de,1,554,2024-05-27 11:50:00,1,1,0.5489429235458374
mlp,de,1,555,2024-05-27 11:50:00,1,1,0.538777768611908
mlp,de,1,556,2024-05-27 11:55:00,1,1,0.607420802116394
mlp,de,1,557,2024-05-27 11:55:00,1,1,0.5918412208557129
mlp,de,1,558,2024-05-27 12:00:00,1,1,0.5466432571411133
mlp,de,1,559,2024-05-27 12:00:00,1,1,0.561589241027832
mlp,de,1,560,2024-05-27 12:05:00,1,1,0.665149450302124
mlp,de,1,561,2024-05-27 12:05:00,1,1,0.6313050389289856
mlp,de,1,562,2024-05-27 12:10:00,1,1,0.7071455717086792
mlp,de,1,563,2024-05-27 12:10:00,1,1,0.6827400326728821
mlp,de,1,564,2024-05-27 12:15:00,1,1,0.7057375311851501
mlp,de,1,565,2024-05-27 12:15:00,1,1,0.6468071937561035
mlp,de,1,566,2024-05-27 12:20:00,1,1,0.7056398987770081
mlp,de,1,567,2024-05-27 12:20:00,1,1,0.6537708044052124
mlp,de,1,568,2024-05-27 12:25:00,1,1,0.6248338222503662
mlp,de,1,569,2024-05-27 12:30:00,1,1,0.7412270903587341
mlp,de,1,570,2024-05-27 12:30:00,1,1,0.6428177952766418
mlp,de,1,571,2024-05-27 12:35:00,1,1,0.6077784299850464
mlp,de,1,572,2024-05-27 12:35:00,1,1,0.6048848032951355
mlp,de,1,573,2024-05-27 12:40:00,1,1,0.6303532123565674
mlp,de,1,574,2024-05-27 12:40:00,1,1,0.6458366513252258
mlp,de,1,575,2024-05-27 12:45:00,1,1,0.5445250272750854
mlp,de,1,576,2024-05-27 12:45:00,1,1,0.5337772369384766
mlp,de,1,577,2024-05-27 12:50:00,1,0,0.47675275802612305
mlp,de,1,578,2024-05-27 12:50:00,1,0,0.397797167301178
mlp,de,1,579,2024-05-27 12:55:00,1,1,0.5320217609405518
mlp,de,1,580,2024-05-27 12:55:00,1,1,0.5359612703323364
mlp,de,1,581,2024-05-27 13:00:00,1,1,0.5085489153862
mlp,de,1,582,2024-05-27 13:05:00,1,0,0.4277667999267578
mlp,de,1,583,2024-05-27 13:05:00,1,0,0.4290274977684021
mlp,de,1,584,2024-05-27 13:10:00,1,0,0.45121803879737854
mlp,de,1,585,2024-05-27 13:10:00,1,0,0.4596576988697052
mlp,de,1,586,2024-05-27 13:15:00,1,1,0.5501042008399963
mlp,de,1,587,2024-05-27 13:15:00,1,1,0.5531676411628723
mlp,de,1,588,2024-05-27 13:20:00,1,1,0.5276868343353271
mlp,de,1,589,2024-05-27 13:20:00,1,1,0.5169954895973206
mlp,de,1,590,2024-05-27 13:25:00,1,1,0.5655961632728577
mlp,de,1,591,2024-05-27 13:25:00,1,1,0.5674090385437012
mlp,de,1,592,2024-05-27 13:30:00,1,1,0.5655019879341125
mlp,de,1,593,2024-05-27 13:35:00,1,1,0.5607195496559143
mlp,de,1,594,2024-05-27 13:40:00,1,1,0.6557546854019165
mlp,de,1,595,2024-05-27 13:40:00,1,1,0.6180855631828308
mlp,de,1,596,2024-05-27 13:45:00,1,1,0.6827611923217773
mlp,de,1,597,2024-05-27 13:45:00,1,1,0.6371487975120544
mlp,de,1,598,2024-05-27 13:50:00,1,1,0.5583263039588928
mlp,de,1,599,2024-05-27 13:50:00,1,1,0.5642127394676208
mlp,de,1,600,2024-05-27 13:55:00,1,1,0.5343730449676514
mlp,de,1,601,2024-05-27 13:55:00,1,1,0.5663824081420898
mlp,de,1,602,2024-05-27 14:00:00,1,1,0.6207554936408997
mlp,de,1,603,2024-05-27 14:00:00,1,1,0.6261961460113525
mlp,de,1,604,2024-05-27 14:05:00,1,1,0.7293776273727417
mlp,de,1,605,2024-05-27 14:05:00,0,1,0.6958625912666321
mlp,de,1,606,2024-05-27 14:10:00,0,1,0.6227672100067139
mlp,de,1,607,2024-05-27 14:10:00,0,1,0.7284584045410156
mlp,de,1,608,2024-05-27 14:15:00,0,0,0.46599215269088745
mlp,de,1,609,2024-05-27 14:15:00,0,0,0.4894023537635803
mlp,de,1,610,2024-05-27 14:20:00,0,0,0.3530223071575165
mlp,de,1,611,2024-05-27 14:20:00,0,0,0.35950717329978943
mlp,de,1,612,2024-05-27 14:25:00,0,0,0.2706715166568756
mlp,de,1,613,2024-05-27 14:25:00,0,0,0.3028697073459625
mlp,de,1,614,2024-05-27 14:30:00,0,0,0.25754737854003906
mlp,de,1,615,2024-05-27 14:30:00,1,0,0.28871673345565796
mlp,de,1,616,2024-05-27 14:35:00,0,0,0.15916171669960022
mlp,de,1,617,2024-05-27 14:35:00,1,0,0.2686714231967926
mlp,de,1,618,2024-05-27 14:40:00,1,0,0.37989866733551025
mlp,de,1,619,2024-05-27 14:40:00,0,0,0.2710147500038147
mlp,de,1,620,2024-05-27 14:45:00,0,1,0.5236639976501465
mlp,de,1,621,2024-05-27 14:45:00,1,1,0.5222687721252441
mlp,de,1,622,2024-05-27 14:50:00,0,0,0.48967084288597107
mlp,de,1,623,2024-05-27 14:50:00,1,0,0.47055619955062866
mlp,de,1,624,2024-05-27 14:55:00,0,0,0.4833321273326874
mlp,de,1,625,2024-05-27 14:55:00,1,0,0.4688265323638916
mlp,de,1,626,2024-05-27 15:00:00,1,1,0.5210621953010559
mlp,de,1,627,2024-05-27 15:00:00,0,1,0.5503119230270386
mlp,de,1,628,2024-05-27 15:05:00,0,1,0.5644018650054932
mlp,de,1,629,2024-05-27 15:05:00,1,0,0.4991673529148102
mlp,de,1,630,2024-05-27 15:10:00,1,0,0.46214407682418823
mlp,de,1,631,2024-05-27 15:10:00,1,0,0.48636141419410706
mlp,de,1,632,2024-05-27 15:15:00,1,1,0.519072413444519
mlp,de,1,633,2024-05-27 15:15:00,1,1,0.5153584480285645
mlp,de,1,634,2024-05-27 15:20:00,1,1,0.6134017705917358
mlp,de,1,635,2024-05-27 15:20:00,1,1,0.6175434589385986
mlp,de,1,636,2024-05-27 15:25:00,1,1,0.6830229163169861
mlp,de,1,637,2024-05-27 15:25:00,1,1,0.8518078327178955
mlp,de,1,638,2024-05-27 15:30:00,1,1,0.6102504730224609
mlp,de,1,639,2024-05-27 15:30:00,1,1,0.6838237643241882
mlp,de,1,640,2024-05-27 15:35:00,1,1,0.5483273267745972
mlp,de,1,641,2024-05-27 15:35:00,1,1,0.5699203610420227
mlp,de,1,642,2024-05-27 15:40:00,1,0,0.49164119362831116
mlp,de,1,643,2024-05-27 15:40:00,1,0,0.44882065057754517
mlp,de,1,644,2024-05-27 15:45:00,1,0,0.42571786046028137
mlp,de,1,645,2024-05-27 15:45:00,1,0,0.39079561829566956
mlp,de,1,646,2024-05-27 15:50:00,1,0,0.42190784215927124
mlp,de,1,647,2024-05-27 15:50:00,1,0,0.31113871932029724
mlp,de,1,648,2024-05-27 15:55:00,1,0,0.45049211382865906
mlp,de,1,649,2024-05-27 15:55:00,1,0,0.38855287432670593
mlp,de,1,650,2024-05-27 16:00:00,1,1,0.6243534088134766
mlp,de,1,651,2024-05-27 16:00:00,1,1,0.6596227884292603
mlp,de,1,652,2024-05-27 16:05:00,1,1,0.7128980159759521
mlp,de,1,653,2024-05-27 16:05:00,1,1,0.7369685769081116
mlp,de,1,654,2024-05-27 16:10:00,1,1,0.6684378385543823
mlp,de,1,655,2024-05-27 16:10:00,1,1,0.7067223787307739
mlp,de,1,656,2024-05-27 16:15:00,1,1,0.7065399885177612
mlp,de,1,657,2024-05-27 16:15:00,1,1,0.6325003504753113
mlp,de,1,658,2024-05-27 16:20:00,1,1,0.6272906064987183
mlp,de,1,659,2024-05-27 16:20:00,0,1,0.7302794456481934
mlp,de,1,660,2024-05-27 16:25:00,1,1,0.5682410001754761
mlp,de,1,661,2024-05-27 16:25:00,0,1,0.595988392829895
mlp,de,1,662,2024-05-27 16:30:00,0,1,0.5419169068336487
mlp,de,1,663,2024-05-27 16:30:00,1,1,0.5619629621505737
mlp,de,1,664,2024-05-27 16:35:00,0,1,0.5541209578514099
mlp,de,1,665,2024-05-27 16:35:00,1,1,0.565104067325592
mlp,de,1,666,2024-05-27 16:40:00,0,0,0.47433677315711975
mlp,de,1,667,2024-05-27 16:40:00,1,0,0.49719926714897156
mlp,de,1,668,2024-05-27 16:45:00,1,0,0.49895742535591125
mlp,de,1,669,2024-05-27 16:45:00,0,1,0.549303412437439
mlp,de,1,670,2024-05-27 16:50:00,1,1,0.5542801022529602
mlp,de,1,671,2024-05-27 16:50:00,0,1,0.597404420375824
mlp,de,1,672,2024-05-27 16:55:00,0,1,0.5591803193092346
mlp,de,1,673,2024-05-27 16:55:00,1,1,0.5607543587684631
mlp,de,1,674,2024-05-27 17:00:00,0,1,0.5936499238014221
mlp,de,1,675,2024-05-27 17:00:00,1,1,0.5550901889801025
mlp,de,1,676,2024-05-27 17:05:00,0,0,0.4612066447734833
mlp,de,1,677,2024-05-27 17:05:00,1,0,0.4849756956100464
mlp,de,1,678,2024-05-27 17:10:00,1,0,0.42635875940322876
mlp,de,1,679,2024-05-27 17:10:00,0,0,0.3371918797492981
mlp,de,1,680,2024-05-27 17:15:00,1,0,0.48394712805747986
mlp,de,1,681,2024-05-27 17:15:00,1,0,0.4367384910583496
mlp,de,1,682,2024-05-27 17:20:00,1,0,0.4752737283706665
mlp,de,1,683,2024-05-27 17:20:00,1,0,0.49129733443260193
mlp,de,1,684,2024-05-27 17:25:00,1,1,0.5228208303451538
mlp,de,1,685,2024-05-27 17:25:00,1,0,0.4830862283706665
mlp,de,1,686,2024-05-27 17:30:00,1,1,0.5514160394668579
mlp,de,1,687,2024-05-27 17:30:00,1,1,0.5827108025550842
mlp,de,1,688,2024-05-27 17:35:00,1,1,0.532554030418396
mlp,de,1,689,2024-05-27 17:35:00,1,1,0.5592953562736511
mlp,de,1,690,2024-05-27 17:40:00,1,1,0.5939537882804871
mlp,de,1,691,2024-05-27 17:40:00,1,1,0.7041462063789368
mlp,de,1,692,2024-05-27 17:45:00,1,1,0.5930254459381104
mlp,de,1,693,2024-05-27 17:45:00,1,1,0.5924151539802551
mlp,de,1,694,2024-05-27 17:50:00,1,1,0.5777733325958252
mlp,de,1,695,2024-05-27 17:50:00,1,1,0.5714581608772278
mlp,de,1,696,2024-05-27 17:55:00,1,0,0.48613762855529785
mlp,de,1,697,2024-05-27 17:55:00,0,0,0.47200337052345276
mlp,de,1,698,2024-05-28 10:40:00,0,0,0.10625602304935455
mlp,de,1,699,2024-05-28 10:45:00,0,0,0.13983537256717682
mlp,de,1,700,2024-05-28 10:50:00,0,0,0.1735304594039917
mlp,de,1,701,2024-05-28 10:55:00,0,0,0.19131655991077423
mlp,de,1,702,2024-05-28 11:00:00,0,0,0.2236396223306656
mlp,de,1,703,2024-05-28 11:05:00,0,0,0.40967288613319397
mlp,de,1,704,2024-05-28 11:10:00,0,0,0.3522287607192993
mlp,de,1,705,2024-05-28 11:15:00,0,0,0.3473702371120453
mlp,de,1,706,2024-05-28 11:20:00,0,0,0.4600582718849182
mlp,de,1,707,2024-05-28 11:25:00,0,0,0.4043848514556885
mlp,de,1,708,2024-05-28 11:30:00,0,0,0.3183337450027466
mlp,de,1,709,2024-05-28 11:35:00,1,0,0.2628665268421173
mlp,de,1,710,2024-05-28 11:40:00,1,0,0.4215325713157654
mlp,de,1,711,2024-05-28 11:45:00,1,1,0.5787602066993713
mlp,de,1,712,2024-05-28 11:50:00,1,1,0.5938625335693359
mlp,de,1,713,2024-05-28 11:55:00,1,0,0.4558965265750885
mlp,de,1,714,2024-05-28 12:00:00,1,0,0.3921205401420593
mlp,de,1,715,2024-05-28 12:05:00,1,0,0.3859559893608093
mlp,de,1,716,2024-05-28 12:10:00,1,1,0.528384268283844
mlp,de,1,717,2024-05-28 12:15:00,1,1,0.5535364747047424
mlp,de,1,718,2024-05-28 12:20:00,1,1,0.711101770401001
mlp,de,1,719,2024-05-28 12:25:00,1,1,0.7025434970855713
mlp,de,1,720,2024-05-28 12:30:00,1,1,0.6418955326080322
mlp,de,1,721,2024-05-28 12:35:00,1,1,0.6251571774482727
mlp,de,1,722,2024-05-28 12:40:00,1,1,0.5819201469421387
mlp,de,1,723,2024-05-28 12:45:00,1,1,0.6081327795982361
mlp,de,1,724,2024-05-28 12:50:00,1,1,0.6213772892951965
mlp,de,1,725,2024-05-28 12:55:00,1,1,0.6403767466545105
mlp,de,1,726,2024-05-28 13:00:00,0,1,0.7007326483726501
mlp,de,1,727,2024-05-28 13:00:00,0,1,0.6663163900375366
mlp,de,1,728,2024-05-28 13:05:00,0,1,0.5257487297058105
mlp,de,1,729,2024-05-28 13:05:00,0,1,0.5304315686225891
mlp,de,1,730,2024-05-28 13:10:00,0,0,0.4797055423259735
mlp,de,1,731,2024-05-28 13:10:00,0,0,0.4961392283439636
mlp,de,1,732,2024-05-28 13:15:00,0,0,0.29182782769203186
mlp,de,1,733,2024-05-28 13:15:00,0,0,0.31715118885040283
mlp,de,1,734,2024-05-28 13:20:00,0,0,0.2210756093263626
mlp,de,1,735,2024-05-28 13:20:00,0,0,0.20431013405323029
mlp,de,1,736,2024-05-28 13:25:00,0,0,0.2545987367630005
mlp,de,1,737,2024-05-28 13:25:00,0,0,0.20265525579452515
mlp,de,1,738,2024-05-28 13:30:00,0,0,0.36229997873306274
mlp,de,1,739,2024-05-28 13:30:00,0,0,0.3138009011745453
mlp,de,1,740,2024-05-28 13:35:00,0,0,0.4109320044517517
mlp,de,1,741,2024-05-28 13:35:00,0,0,0.38755887746810913
mlp,de,1,742,2024-05-28 13:40:00,0,0,0.34653398394584656
mlp,de,1,743,2024-05-28 13:40:00,0,0,0.405969500541687
mlp,de,1,744,2024-05-28 13:45:00,0,0,0.3745853304862976
mlp,de,1,745,2024-05-28 13:45:00,0,0,0.3603290915489197
mlp,de,1,746,2024-05-28 13:50:00,0,0,0.2058124542236328
mlp,de,1,747,2024-05-28 13:50:00,0,0,0.2101156860589981
mlp,de,1,748,2024-05-28 13:55:00,0,0,0.08879779279232025
mlp,de,1,749,2024-05-28 13:55:00,0,0,0.08910217881202698
mlp,de,1,750,2024-05-28 14:00:00,0,0,0.0756727010011673
mlp,de,1,751,2024-05-28 14:00:00,0,0,0.07741127908229828
mlp,de,1,752,2024-05-28 14:05:00,0,0,0.17656907439231873
mlp,de,1,753,2024-05-28 14:05:00,0,0,0.17737488448619843
mlp,de,1,754,2024-05-28 14:10:00,0,0,0.29529082775115967
mlp,de,1,755,2024-05-28 14:10:00,0,0,0.2754370868206024
mlp,de,1,756,2024-05-28 14:15:00,0,0,0.3861515522003174
mlp,de,1,757,2024-05-28 14:15:00,0,0,0.4007837474346161
mlp,de,1,758,2024-05-28 14:20:00,0,1,0.5012151002883911
mlp,de,1,759,2024-05-28 14:20:00,0,0,0.499005526304245
mlp,de,1,760,2024-05-28 14:25:00,0,1,0.5902499556541443
mlp,de,1,761,2024-05-28 14:25:00,0,1,0.5814874172210693
mlp,de,1,762,2024-05-28 14:30:00,0,1,0.5812278389930725
mlp,de,1,763,2024-05-28 14:30:00,0,1,0.5789961218833923
mlp,de,1,764,2024-05-28 14:35:00,0,1,0.539936363697052
mlp,de,1,765,2024-05-28 14:35:00,0,1,0.5220143795013428
mlp,de,1,766,2024-05-28 14:40:00,0,0,0.41019734740257263
mlp,de,1,767,2024-05-28 14:40:00,0,0,0.4043629467487335
mlp,de,1,768,2024-05-28 14:45:00,0,0,0.27280253171920776
mlp,de,1,769,2024-05-28 14:45:00,0,0,0.27502575516700745
mlp,de,1,770,2024-05-28 14:50:00,0,0,0.17818351089954376
mlp,de,1,771,2024-05-28 14:50:00,0,0,0.18327021598815918
mlp,de,1,772,2024-05-28 14:55:00,0,0,0.1304323971271515
mlp,de,1,773,2024-05-28 14:55:00,0,0,0.1403447687625885
mlp,de,1,774,2024-05-28 15:00:00,0,0,0.19988563656806946
mlp,de,1,775,2024-05-28 15:00:00,0,0,0.20164379477500916
mlp,de,1,776,2024-05-28 15:05:00,0,0,0.37902843952178955
mlp,de,1,777,2024-05-28 15:05:00,0,0,0.38279858231544495
mlp,de,1,778,2024-05-28 15:10:00,0,0,0.42218217253685
mlp,de,1,779,2024-05-28 15:10:00,0,0,0.4020315110683441
mlp,de,1,780,2024-05-28 15:15:00,0,0,0.30568692088127136
mlp,de,1,781,2024-05-28 15:15:00,0,0,0.30578550696372986
mlp,de,1,782,2024-05-28 15:20:00,0,0,0.27296045422554016
mlp,de,1,783,2024-05-28 15:20:00,0,0,0.28018617630004883
mlp,de,1,784,2024-05-28 15:25:00,0,0,0.28497183322906494
mlp,de,1,785,2024-05-28 15:25:00,0,0,0.29562756419181824
mlp,de,1,786,2024-05-28 15:30:00,0,0,0.23036041855812073
mlp,de,1,787,2024-05-28 15:30:00,0,0,0.2245226502418518
mlp,de,1,788,2024-05-28 15:35:00,0,0,0.20773141086101532
mlp,de,1,789,2024-05-28 15:35:00,0,0,0.2050553560256958
mlp,de,1,790,2024-05-28 15:40:00,0,0,0.19384053349494934
mlp,de,1,791,2024-05-28 15:40:00,0,0,0.2193765491247177
mlp,de,1,792,2024-05-28 15:45:00,0,0,0.2944360673427582
mlp,de,1,793,2024-05-28 15:45:00,0,0,0.23015794157981873
mlp,de,1,794,2024-05-28 15:50:00,0,0,0.39113250374794006
mlp,de,1,795,2024-05-28 15:50:00,0,0,0.37002894282341003
mlp,de,1,796,2024-05-28 15:55:00,0,1,0.5549346208572388
mlp,de,1,797,2024-05-28 15:55:00,0,1,0.5320183634757996
mlp,de,1,798,2024-05-28 16:00:00,0,0,0.4366569519042969
mlp,de,1,799,2024-05-28 16:00:00,0,0,0.48426952958106995
mlp,de,1,800,2024-05-28 16:05:00,0,0,0.4429521858692169
mlp,de,1,801,2024-05-28 16:05:00,0,0,0.421831876039505
mlp,de,1,802,2024-05-28 16:10:00,1,0,0.32715272903442383
mlp,de,1,803,2024-05-28 16:10:00,1,0,0.3170546591281891
mlp,de,1,804,2024-05-28 16:15:00,1,0,0.3607442080974579
mlp,de,1,805,2024-05-28 16:15:00,1,0,0.33614593744277954
mlp,de,1,806,2024-05-28 16:20:00,1,0,0.44900280237197876
mlp,de,1,807,2024-05-28 16:20:00,1,0,0.4095284640789032
mlp,de,1,808,2024-05-28 16:25:00,1,1,0.512083888053894
mlp,de,1,809,2024-05-28 16:25:00,1,0,0.490157812833786
mlp,de,1,810,2024-05-28 16:30:00,1,1,0.5798137784004211
mlp,de,1,811,2024-05-28 16:30:00,1,1,0.5776388645172119
mlp,de,1,812,2024-05-28 16:35:00,1,1,0.6295632719993591
mlp,de,1,813,2024-05-28 16:35:00,1,1,0.6148029565811157
mlp,de,1,814,2024-05-28 16:40:00,1,1,0.5289077162742615
mlp,de,1,815,2024-05-28 16:40:00,1,1,0.5443468689918518
mlp,de,1,816,2024-05-28 16:45:00,1,1,0.6397241950035095
mlp,de,1,817,2024-05-28 16:45:00,1,1,0.621986448764801
mlp,de,1,818,2024-05-28 16:50:00,1,1,0.6962769031524658
mlp,de,1,819,2024-05-28 16:50:00,0,1,0.7548134922981262
mlp,de,1,820,2024-05-28 16:55:00,0,1,0.716728687286377
mlp,de,1,821,2024-05-28 16:55:00,0,1,0.707333505153656
mlp,de,1,822,2024-05-28 17:00:00,0,1,0.6250340342521667
mlp,de,1,823,2024-05-28 17:00:00,0,1,0.64039146900177
mlp,de,1,824,2024-05-28 17:05:00,0,0,0.49622175097465515
mlp,de,1,825,2024-05-28 17:05:00,0,0,0.487468421459198
mlp,de,1,826,2024-05-28 17:10:00,0,0,0.4096778631210327
mlp,de,1,827,2024-05-28 17:10:00,0,0,0.4138200879096985
mlp,de,1,828,2024-05-28 17:15:00,0,0,0.45997267961502075
mlp,de,1,829,2024-05-28 17:15:00,0,0,0.44150522351264954
mlp,de,1,830,2024-05-28 17:20:00,0,0,0.3866809904575348
mlp,de,1,831,2024-05-28 17:20:00,0,0,0.4374925494194031
mlp,de,1,832,2024-05-28 17:25:00,0,0,0.3868987262248993
mlp,de,1,833,2024-05-28 17:25:00,0,0,0.3587226867675781
mlp,de,1,834,2024-05-28 17:30:00,0,0,0.35919177532196045
mlp,de,1,835,2024-05-28 17:30:00,0,0,0.3087073564529419
mlp,de,1,836,2024-05-28 17:35:00,0,0,0.32901644706726074
mlp,de,1,837,2024-05-28 17:35:00,0,0,0.32320457696914673
mlp,de,1,838,2024-05-28 17:40:00,0,0,0.2470560073852539
mlp,de,1,839,2024-05-28 17:40:00,0,0,0.20781098306179047
mlp,de,1,840,2024-05-28 17:45:00,0,0,0.4010048806667328
mlp,de,1,841,2024-05-28 17:45:00,0,0,0.3777243494987488
mlp,de,1,842,2024-05-28 17:50:00,0,0,0.38439813256263733
mlp,de,1,843,2024-05-28 17:50:00,0,0,0.3470984399318695
mlp,de,1,844,2024-05-28 17:55:00,1,0,0.3113837242126465
mlp,de,1,845,2024-05-28 17:55:00,1,0,0.3849060833454132
mlp,de,1,846,2024-05-29 10:40:00,1,0,0.36227965354919434
mlp,de,1,847,2024-05-29 10:40:00,1,0,0.3906829357147217
mlp,de,1,848,2024-05-29 10:45:00,1,1,0.56866055727005
mlp,de,1,849,2024-05-29 10:45:00,1,1,0.5725147128105164
mlp,de,1,850,2024-05-29 10:50:00,1,1,0.6106095910072327
mlp,de,1,851,2024-05-29 10:50:00,1,1,0.6042464375495911
mlp,de,1,852,2024-05-29 10:55:00,1,1,0.7304747700691223
mlp,de,1,853,2024-05-29 10:55:00,1,1,0.7296658158302307
mlp,de,1,854,2024-05-29 11:00:00,1,1,0.7701082825660706
mlp,de,1,855,2024-05-29 11:00:00,1,1,0.7797396183013916
mlp,de,1,856,2024-05-29 11:05:00,1,1,0.8217194676399231
mlp,de,1,857,2024-05-29 11:05:00,1,1,0.8132986426353455
mlp,de,1,858,2024-05-29 11:10:00,1,1,0.7748036980628967
mlp,de,1,859,2024-05-29 11:10:00,1,1,0.753267765045166
mlp,de,1,860,2024-05-29 11:15:00,1,1,0.6797683835029602
mlp,de,1,861,2024-05-29 11:15:00,1,1,0.661551833152771
mlp,de,1,862,2024-05-29 11:20:00,1,1,0.6043567061424255
mlp,de,1,863,2024-05-29 11:20:00,1,1,0.5937538146972656
mlp,de,1,864,2024-05-29 11:25:00,1,1,0.6598230600357056
mlp,de,1,865,2024-05-29 11:25:00,1,1,0.6876615881919861
mlp,de,1,866,2024-05-29 11:30:00,1,1,0.5638089776039124
mlp,de,1,867,2024-05-29 11:30:00,1,1,0.5786758065223694
mlp,de,1,868,2024-05-29 11:35:00,1,1,0.665306568145752
mlp,de,1,869,2024-05-29 11:35:00,1,1,0.6449562311172485
mlp,de,1,870,2024-05-29 11:40:00,1,1,0.5898111462593079
mlp,de,1,871,2024-05-29 11:40:00,1,1,0.6021075248718262
mlp,de,1,872,2024-05-29 11:45:00,0,1,0.698789119720459
mlp,de,1,873,2024-05-29 11:45:00,0,1,0.6985280513763428
mlp,de,1,874,2024-05-29 11:50:00,0,1,0.6653276681900024
mlp,de,1,875,2024-05-29 11:50:00,0,1,0.693401038646698
mlp,de,1,876,2024-05-29 11:55:00,0,1,0.6127660274505615
mlp,de,1,877,2024-05-29 11:55:00,0,1,0.5868827700614929
mlp,de,1,878,2024-05-29 12:00:00,0,1,0.6599956154823303
mlp,de,1,879,2024-05-29 12:00:00,0,1,0.6252297759056091
mlp,de,1,880,2024-05-29 12:05:00,0,1,0.5514332056045532
mlp,de,1,881,2024-05-29 12:05:00,0,1,0.5233604907989502
mlp,de,1,882,2024-05-29 12:10:00,0,0,0.31840670108795166
mlp,de,1,883,2024-05-29 12:10:00,0,0,0.3462468683719635
mlp,de,1,884,2024-05-29 12:15:00,0,0,0.25601229071617126
mlp,de,1,885,2024-05-29 12:15:00,1,0,0.2792758345603943
mlp,de,1,886,2024-05-29 12:20:00,0,0,0.35906079411506653
mlp,de,1,887,2024-05-29 12:20:00,1,0,0.36193886399269104
mlp,de,1,888,2024-05-29 12:25:00,0,0,0.393311083316803
mlp,de,1,889,2024-05-29 12:25:00,1,0,0.4012545347213745
mlp,de,1,890,2024-05-29 12:30:00,0,0,0.369784414768219
mlp,de,1,891,2024-05-29 12:30:00,1,0,0.3499316871166229
mlp,de,1,892,2024-05-29 12:35:00,1,1,0.5364106893539429
mlp,de,1,893,2024-05-29 12:35:00,0,1,0.5272247195243835
mlp,de,1,894,2024-05-29 12:40:00,1,1,0.6296323537826538
mlp,de,1,895,2024-05-29 12:40:00,0,1,0.6393554210662842
mlp,de,1,896,2024-05-29 12:45:00,0,1,0.7327243089675903
mlp,de,1,897,2024-05-29 12:45:00,1,1,0.742420494556427
mlp,de,1,898,2024-05-29 12:50:00,1,1,0.7164866924285889
mlp,de,1,899,2024-05-29 12:50:00,0,1,0.7429273128509521
mlp,de,1,900,2024-05-29 12:55:00,1,1,0.6293935775756836
mlp,de,1,901,2024-05-29 12:55:00,0,1,0.6526578068733215
mlp,de,1,902,2024-05-29 13:00:00,0,1,0.55954909324646
mlp,de,1,903,2024-05-29 13:00:00,1,1,0.5368794202804565
mlp,de,1,904,2024-05-29 13:05:00,1,0,0.4376741349697113
mlp,de,1,905,2024-05-29 13:05:00,0,0,0.47122469544410706
mlp,de,1,906,2024-05-29 13:10:00,0,0,0.43370476365089417
mlp,de,1,907,2024-05-29 13:10:00,1,0,0.4038807451725006
mlp,de,1,908,2024-05-29 13:15:00,1,0,0.49191075563430786
mlp,de,1,909,2024-05-29 13:15:00,0,0,0.48065757751464844
mlp,de,1,910,2024-05-29 13:20:00,1,1,0.5110217332839966
mlp,de,1,911,2024-05-29 13:20:00,0,0,0.47570323944091797
mlp,de,1,912,2024-05-29 13:25:00,1,1,0.5617209672927856
mlp,de,1,913,2024-05-29 13:25:00,0,0,0.49443045258522034
mlp,de,1,914,2024-05-29 13:30:00,1,1,0.5931618213653564
mlp,de,1,915,2024-05-29 13:30:00,0,1,0.5821707844734192
mlp,de,1,916,2024-05-29 13:35:00,0,1,0.6182198524475098
mlp,de,1,917,2024-05-29 13:35:00,0,1,0.6951924562454224
mlp,de,1,918,2024-05-29 13:40:00,0,0,0.4705020785331726
mlp,de,1,919,2024-05-29 13:40:00,0,0,0.4866275191307068
mlp,de,1,920,2024-05-29 13:45:00,0,0,0.3966274857521057
mlp,de,1,921,2024-05-29 13:45:00,0,0,0.45792075991630554
mlp,de,1,922,2024-05-29 13:50:00,0,0,0.4963220953941345
mlp,de,1,923,2024-05-29 13:50:00,0,1,0.5035045742988586
mlp,de,1,924,2024-05-29 13:55:00,0,0,0.47458431124687195
mlp,de,1,925,2024-05-29 13:55:00,0,0,0.4788350462913513
mlp,de,1,926,2024-05-29 14:00:00,0,0,0.39468076825141907
mlp,de,1,927,2024-05-29 14:00:00,0,0,0.39717501401901245
mlp,de,1,928,2024-05-29 14:05:00,0,0,0.3594890236854553
mlp,de,1,929,2024-05-29 14:05:00,0,0,0.3350452482700348
mlp,de,1,930,2024-05-29 14:10:00,0,0,0.3325653076171875
mlp,de,1,931,2024-05-29 14:10:00,0,0,0.3185320198535919
mlp,de,1,932,2024-05-29 14:15:00,0,0,0.28960904479026794
mlp,de,1,933,2024-05-29 14:15:00,0,0,0.2619253396987915
mlp,de,1,934,2024-05-29 14:20:00,0,0,0.22915799915790558
mlp,de,1,935,2024-05-29 14:20:00,0,0,0.21725918352603912
mlp,de,1,936,2024-05-29 14:25:00,0,0,0.24150848388671875
mlp,de,1,937,2024-05-29 14:25:00,0,0,0.2476470172405243
mlp,de,1,938,2024-05-29 14:30:00,0,0,0.1795382797718048
mlp,de,1,939,2024-05-29 14:30:00,0,0,0.18607015907764435
mlp,de,1,940,2024-05-29 14:35:00,0,0,0.2203010618686676
mlp,de,1,941,2024-05-29 14:35:00,0,0,0.2113035023212433
mlp,de,1,942,2024-05-29 14:40:00,0,0,0.21859419345855713
mlp,de,1,943,2024-05-29 14:40:00,0,0,0.21544280648231506
mlp,de,1,944,2024-05-29 14:45:00,1,0,0.2294570952653885
mlp,de,1,945,2024-05-29 14:45:00,1,0,0.24627579748630524
mlp,de,1,946,2024-05-29 14:50:00,1,0,0.41617387533187866
mlp,de,1,947,2024-05-29 14:50:00,1,0,0.3946688771247864
mlp,de,1,948,2024-05-29 14:55:00,1,1,0.5633370280265808
mlp,de,1,949,2024-05-29 14:55:00,1,1,0.5463507771492004
mlp,de,1,950,2024-05-29 15:00:00,1,1,0.6883052587509155
mlp,de,1,951,2024-05-29 15:00:00,1,1,0.6718705892562866
mlp,de,1,952,2024-05-29 15:05:00,1,1,0.7798243761062622
mlp,de,1,953,2024-05-29 15:05:00,1,1,0.7711194753646851
mlp,de,1,954,2024-05-29 15:10:00,1,1,0.8059589862823486
mlp,de,1,955,2024-05-29 15:10:00,1,1,0.7855716347694397
mlp,de,1,956,2024-05-29 15:15:00,1,1,0.6666153073310852
mlp,de,1,957,2024-05-29 15:15:00,1,1,0.6795058250427246
mlp,de,1,958,2024-05-29 15:20:00,1,1,0.712543249130249
mlp,de,1,959,2024-05-29 15:20:00,1,1,0.7031891942024231
mlp,de,1,960,2024-05-29 15:25:00,1,1,0.734592080116272
mlp,de,1,961,2024-05-29 15:25:00,1,1,0.7039221525192261
mlp,de,1,962,2024-05-29 15:30:00,1,1,0.6300827860832214
mlp,de,1,963,2024-05-29 15:30:00,1,1,0.6305851936340332
mlp,de,1,964,2024-05-29 15:35:00,1,0,0.4776722192764282
mlp,de,1,965,2024-05-29 15:35:00,1,0,0.44189679622650146
mlp,de,1,966,2024-05-29 15:40:00,1,0,0.4939197301864624
mlp,de,1,967,2024-05-29 15:40:00,1,0,0.4509196877479553
mlp,de,1,968,2024-05-29 15:45:00,1,0,0.38667914271354675
mlp,de,1,969,2024-05-29 15:45:00,1,0,0.3815779387950897
mlp,de,1,970,2024-05-29 15:50:00,1,0,0.44070741534233093
mlp,de,1,971,2024-05-29 15:50:00,1,0,0.4395800828933716
mlp,de,1,972,2024-05-29 15:55:00,1,1,0.5021677017211914
mlp,de,1,973,2024-05-29 15:55:00,1,0,0.46792784333229065
mlp,de,1,974,2024-05-29 16:00:00,1,1,0.5384896993637085
mlp,de,1,975,2024-05-29 16:00:00,1,1,0.5539934039115906
mlp,de,1,976,2024-05-29 16:05:00,1,1,0.5353841781616211
mlp,de,1,977,2024-05-29 16:05:00,1,1,0.5474675893783569
mlp,de,1,978,2024-05-29 16:10:00,1,1,0.5752950310707092
mlp,de,1,979,2024-05-29 16:10:00,1,1,0.5747756361961365
mlp,de,1,980,2024-05-29 16:15:00,1,1,0.6769727468490601
mlp,de,1,981,2024-05-29 16:15:00,1,1,0.6432311534881592
mlp,de,1,982,2024-05-29 16:20:00,0,1,0.7660273909568787
mlp,de,1,983,2024-05-29 16:20:00,0,1,0.7645070552825928
mlp,de,1,984,2024-05-29 16:25:00,0,1,0.7552623152732849
mlp,de,1,985,2024-05-29 16:25:00,0,1,0.760295033454895
mlp,de,1,986,2024-05-29 16:30:00,0,1,0.6845319867134094
mlp,de,1,987,2024-05-29 16:30:00,0,1,0.7085012793540955
mlp,de,1,988,2024-05-29 16:35:00,0,1,0.6597700715065002
mlp,de,1,989,2024-05-29 16:35:00,0,1,0.6715622544288635
mlp,de,1,990,2024-05-29 16:40:00,0,0,0.45543187856674194
mlp,de,1,991,2024-05-29 16:40:00,0,0,0.4599689245223999
mlp,de,1,992,2024-05-29 16:45:00,0,0,0.34706372022628784
mlp,de,1,993,2024-05-29 16:45:00,0,0,0.29339179396629333
mlp,de,1,994,2024-05-29 16:50:00,0,0,0.2711779773235321
mlp,de,1,995,2024-05-29 16:50:00,0,0,0.28577885031700134
mlp,de,1,996,2024-05-29 16:55:00,0,0,0.28802254796028137
mlp,de,1,997,2024-05-29 16:55:00,0,0,0.27377498149871826
mlp,de,1,998,2024-05-29 17:00:00,0,0,0.20373398065567017
mlp,de,1,999,2024-05-29 17:00:00,0,0,0.2533411681652069
mlp,de,1,1000,2024-05-29 17:05:00,0,0,0.19994857907295227
mlp,de,1,1001,2024-05-29 17:05:00,0,0,0.1855842024087906
mlp,de,1,1002,2024-05-29 17:10:00,0,0,0.2148624211549759
mlp,de,1,1003,2024-05-29 17:10:00,0,0,0.2308751344680786
mlp,de,1,1004,2024-05-29 17:15:00,0,0,0.46145978569984436
mlp,de,1,1005,2024-05-29 17:15:00,0,0,0.4740196466445923
mlp,de,1,1006,2024-05-29 17:20:00,0,1,0.5325480699539185
mlp,de,1,1007,2024-05-29 17:20:00,0,1,0.5028403997421265
mlp,de,1,1008,2024-05-29 17:25:00,0,0,0.48412224650382996
mlp,de,1,1009,2024-05-29 17:25:00,0,0,0.43491998314857483
mlp,de,1,1010,2024-05-29 17:30:00,0,0,0.3967995047569275
mlp,de,1,1011,2024-05-29 17:30:00,0,0,0.4465753138065338
mlp,de,1,1012,2024-05-29 17:35:00,0,1,0.5145826935768127
mlp,de,1,1013,2024-05-29 17:35:00,0,1,0.5162928104400635
mlp,de,1,1014,2024-05-29 17:40:00,0,1,0.5102046132087708
mlp,de,1,1015,2024-05-29 17:40:00,0,1,0.5142226815223694
mlp,de,1,1016,2024-05-29 17:45:00,0,1,0.5427622199058533
mlp,de,1,1017,2024-05-29 17:45:00,0,1,0.5745978951454163
mlp,de,1,1018,2024-05-29 17:50:00,0,1,0.5068956613540649
mlp,de,1,1019,2024-05-29 17:50:00,0,1,0.5685531497001648
mlp,de,1,1020,2024-05-29 17:55:00,0,1,0.5267812013626099
mlp,de,1,1021,2024-05-29 17:55:00,0,1,0.5439870357513428
mlp,de,1,1022,2024-05-31 12:35:00,1,0,0.3989402949810028
mlp,de,1,1023,2024-05-31 12:40:00,1,0,0.39706191420555115
mlp,de,1,1024,2024-05-31 12:45:00,1,1,0.5682927370071411
mlp,de,1,1025,2024-05-31 12:50:00,1,1,0.6291853785514832
mlp,de,1,1026,2024-05-31 12:55:00,1,1,0.5068390369415283
mlp,de,1,1027,2024-05-31 13:00:00,1,0,0.45245519280433655
mlp,de,1,1028,2024-05-31 13:05:00,1,0,0.49225708842277527
mlp,de,1,1029,2024-05-31 13:10:00,1,0,0.4858570694923401
mlp,de,1,1030,2024-05-31 13:15:00,1,0,0.43220749497413635
mlp,de,1,1031,2024-05-31 13:20:00,1,0,0.36605170369148254
mlp,de,1,1032,2024-05-31 13:25:00,1,0,0.3399466276168823
mlp,de,1,1033,2024-05-31 13:25:00,1,0,0.3510738015174866
mlp,de,1,1034,2024-05-31 13:30:00,1,0,0.4368270933628082
mlp,de,1,1035,2024-05-31 13:30:00,1,0,0.4392658770084381
mlp,de,1,1036,2024-05-31 13:35:00,1,1,0.5521060228347778
mlp,de,1,1037,2024-05-31 13:35:00,1,1,0.5655092597007751
mlp,de,1,1038,2024-05-31 13:40:00,1,1,0.5501681566238403
mlp,de,1,1039,2024-05-31 13:40:00,1,1,0.5519631505012512
mlp,de,1,1040,2024-05-31 13:45:00,1,1,0.6109873652458191
mlp,de,1,1041,2024-05-31 13:45:00,1,1,0.6234829425811768
mlp,de,1,1042,2024-05-31 13:50:00,1,1,0.6604979634284973
mlp,de,1,1043,2024-05-31 13:50:00,1,1,0.6570550203323364
mlp,de,1,1044,2024-05-31 13:55:00,1,1,0.6694502234458923
mlp,de,1,1045,2024-05-31 13:55:00,1,1,0.6608208417892456
mlp,de,1,1046,2024-05-31 14:00:00,1,1,0.6343852281570435
mlp,de,1,1047,2024-05-31 14:00:00,1,1,0.6490193009376526
mlp,de,1,1048,2024-05-31 14:05:00,1,1,0.7198403477668762
mlp,de,1,1049,2024-05-31 14:05:00,1,1,0.6687204837799072
mlp,de,1,1050,2024-05-31 14:10:00,1,1,0.7051653265953064
mlp,de,1,1051,2024-05-31 14:10:00,1,1,0.689067542552948
mlp,de,1,1052,2024-05-31 14:15:00,1,1,0.5133316516876221
mlp,de,1,1053,2024-05-31 14:15:00,1,1,0.5712843537330627
mlp,de,1,1054,2024-05-31 14:20:00,1,1,0.5370901226997375
mlp,de,1,1055,2024-05-31 14:20:00,1,1,0.5580649971961975
mlp,de,1,1056,2024-05-31 14:25:00,1,1,0.5345712304115295
mlp,de,1,1057,2024-05-31 14:25:00,1,1,0.5334003567695618
mlp,de,1,1058,2024-05-31 14:30:00,1,1,0.5863352417945862
mlp,de,1,1059,2024-05-31 14:30:00,1,1,0.584837019443512
mlp,de,1,1060,2024-05-31 14:35:00,1,1,0.6382182836532593
mlp,de,1,1061,2024-05-31 14:35:00,1,1,0.600908100605011
mlp,de,1,1062,2024-05-31 14:40:00,1,1,0.6406490206718445
mlp,de,1,1063,2024-05-31 14:40:00,1,1,0.6005045771598816
mlp,de,1,1064,2024-05-31 14:45:00,1,1,0.6223095059394836
mlp,de,1,1065,2024-05-31 14:45:00,1,1,0.5752788186073303
mlp,de,1,1066,2024-05-31 14:50:00,1,0,0.4782525897026062
mlp,de,1,1067,2024-05-31 14:50:00,1,1,0.5037710070610046
mlp,de,1,1068,2024-05-31 14:55:00,1,0,0.48245710134506226
mlp,de,1,1069,2024-05-31 14:55:00,1,0,0.4771517217159271
mlp,de,1,1070,2024-05-31 15:00:00,1,0,0.45619168877601624
mlp,de,1,1071,2024-05-31 15:00:00,1,0,0.48841792345046997
mlp,de,1,1072,2024-05-31 15:05:00,0,1,0.5926386713981628
mlp,de,1,1073,2024-05-31 15:05:00,0,1,0.5928729772567749
mlp,de,1,1074,2024-05-31 15:10:00,0,1,0.5520517826080322
mlp,de,1,1075,2024-05-31 15:10:00,0,1,0.5949013829231262
mlp,de,1,1076,2024-05-31 15:15:00,0,1,0.5541342496871948
mlp,de,1,1077,2024-05-31 15:15:00,0,1,0.594111442565918
mlp,de,1,1078,2024-05-31 15:20:00,0,1,0.5089130401611328
mlp,de,1,1079,2024-05-31 15:20:00,0,1,0.5009320974349976
mlp,de,1,1080,2024-05-31 15:25:00,0,1,0.5102421641349792
mlp,de,1,1081,2024-05-31 15:25:00,0,1,0.5338554382324219
mlp,de,1,1082,2024-05-31 15:30:00,0,0,0.4086226224899292
mlp,de,1,1083,2024-05-31 15:30:00,0,1,0.5179083943367004
mlp,de,1,1084,2024-05-31 15:35:00,0,0,0.4747861325740814
mlp,de,1,1085,2024-05-31 15:35:00,0,0,0.46542251110076904
mlp,de,1,1086,2024-05-31 15:40:00,0,0,0.38382333517074585
mlp,de,1,1087,2024-05-31 15:40:00,0,0,0.3888035714626312
mlp,de,1,1088,2024-05-31 15:45:00,0,0,0.41068002581596375
mlp,de,1,1089,2024-05-31 15:45:00,0,0,0.36916667222976685
mlp,de,1,1090,2024-05-31 15:50:00,0,0,0.4007317125797272
mlp,de,1,1091,2024-05-31 15:50:00,0,0,0.38616669178009033
mlp,de,1,1092,2024-05-31 15:55:00,0,0,0.33819085359573364
mlp,de,1,1093,2024-05-31 15:55:00,0,0,0.36732158064842224
mlp,de,1,1094,2024-05-31 16:00:00,1,0,0.3033251166343689
mlp,de,1,1095,2024-05-31 16:00:00,1,0,0.29655739665031433
mlp,de,1,1096,2024-05-31 16:05:00,1,0,0.3386048674583435
mlp,de,1,1097,2024-05-31 16:05:00,1,0,0.33172813057899475
mlp,de,1,1098,2024-05-31 16:10:00,1,1,0.5009937882423401
mlp,de,1,1099,2024-05-31 16:10:00,1,1,0.5094587802886963
mlp,de,1,1100,2024-05-31 16:15:00,1,1,0.5719916820526123
mlp,de,1,1101,2024-05-31 16:15:00,1,1,0.5613517165184021
mlp,de,1,1102,2024-05-31 16:20:00,1,1,0.5816749334335327
mlp,de,1,1103,2024-05-31 16:20:00,1,1,0.5234358310699463
mlp,de,1,1104,2024-05-31 16:25:00,1,1,0.5487406253814697
mlp,de,1,1105,2024-05-31 16:25:00,1,1,0.5285710692405701
mlp,de,1,1106,2024-05-31 16:30:00,1,0,0.4590018689632416
mlp,de,1,1107,2024-05-31 16:30:00,1,0,0.49501854181289673
mlp,de,1,1108,2024-05-31 16:35:00,1,1,0.5210699439048767
mlp,de,1,1109,2024-05-31 16:35:00,1,1,0.5478222966194153
mlp,de,1,1110,2024-05-31 16:40:00,1,1,0.6833686828613281
mlp,de,1,1111,2024-05-31 16:40:00,1,1,0.6660345792770386
mlp,de,1,1112,2024-05-31 16:45:00,1,1,0.6380017399787903
mlp,de,1,1113,2024-05-31 16:45:00,1,1,0.7129369974136353
mlp,de,1,1114,2024-05-31 16:50:00,1,1,0.7375458478927612
mlp,de,1,1115,2024-05-31 16:50:00,1,1,0.7548306584358215
mlp,de,1,1116,2024-05-31 16:55:00,0,1,0.7845506072044373
mlp,de,1,1117,2024-05-31 16:55:00,0,1,0.7702553868293762
mlp,de,1,1118,2024-05-31 17:00:00,0,1,0.6238975524902344
mlp,de,1,1119,2024-05-31 17:00:00,0,1,0.6270478367805481
mlp,de,1,1120,2024-05-31 17:05:00,0,0,0.4714824855327606
mlp,de,1,1121,2024-05-31 17:05:00,0,0,0.48374977707862854
mlp,de,1,1122,2024-05-31 17:10:00,0,0,0.4649246633052826
mlp,de,1,1123,2024-05-31 17:10:00,0,0,0.44701001048088074
mlp,de,1,1124,2024-05-31 17:15:00,0,1,0.5367910265922546
mlp,de,1,1125,2024-05-31 17:15:00,0,1,0.5537364482879639
mlp,de,1,1126,2024-05-31 17:20:00,0,1,0.5028225183486938
mlp,de,1,1127,2024-05-31 17:20:00,0,1,0.514327347278595
mlp,de,1,1128,2024-05-31 17:25:00,0,0,0.4963929355144501
mlp,de,1,1129,2024-05-31 17:25:00,0,1,0.5025033950805664
mlp,de,1,1130,2024-05-31 17:30:00,0,1,0.5100026726722717
mlp,de,1,1131,2024-05-31 17:30:00,0,1,0.5369839072227478
mlp,de,1,1132,2024-05-31 17:35:00,0,0,0.49220773577690125
mlp,de,1,1133,2024-05-31 17:35:00,0,1,0.5345125794410706
mlp,de,1,1134,2024-05-31 17:40:00,0,1,0.5307636260986328
mlp,de,1,1135,2024-05-31 17:40:00,0,1,0.6227673292160034
mlp,de,1,1136,2024-05-31 17:45:00,0,0,0.4987192749977112
mlp,de,1,1137,2024-05-31 17:45:00,0,0,0.47378408908843994
mlp,de,1,1138,2024-05-31 17:50:00,0,1,0.5423343181610107
mlp,de,1,1139,2024-05-31 17:50:00,0,1,0.5800515413284302
mlp,de,1,1140,2024-05-31 17:55:00,0,1,0.5548045635223389
mlp,de,1,1141,2024-05-31 17:55:00,0,1,0.6182534098625183
mlp,de,1,1142,2024-06-03 10:50:00,1,0,0.15309180319309235
mlp,de,1,1143,2024-06-03 10:50:00,1,0,0.15852326154708862
mlp,de,1,1144,2024-06-03 10:55:00,1,0,0.2917531430721283
mlp,de,1,1145,2024-06-03 10:55:00,1,0,0.25279688835144043
mlp,de,1,1146,2024-06-03 11:00:00,1,0,0.3111116588115692
mlp,de,1,1147,2024-06-03 11:00:00,1,0,0.3057977557182312
mlp,de,1,1148,2024-06-03 11:05:00,1,0,0.40925660729408264
mlp,de,1,1149,2024-06-03 11:05:00,1,0,0.4060725271701813
mlp,de,1,1150,2024-06-03 11:10:00,1,1,0.5584455132484436
mlp,de,1,1151,2024-06-03 11:10:00,1,1,0.5378038883209229
mlp,de,1,1152,2024-06-03 11:15:00,1,1,0.8238459825515747
mlp,de,1,1153,2024-06-03 11:15:00,1,1,0.827904224395752
mlp,de,1,1154,2024-06-03 11:20:00,1,1,0.8193401098251343
mlp,de,1,1155,2024-06-03 11:20:00,1,1,0.8269820213317871
mlp,de,1,1156,2024-06-03 11:25:00,1,1,0.9079294204711914
mlp,de,1,1157,2024-06-03 11:25:00,1,1,0.9001393914222717
mlp,de,1,1158,2024-06-03 11:30:00,1,1,0.9249247908592224
mlp,de,1,1159,2024-06-03 11:30:00,1,1,0.938875138759613
mlp,de,1,1160,2024-06-03 11:35:00,1,1,0.8762679100036621
mlp,de,1,1161,2024-06-03 11:35:00,1,1,0.8625411987304688
mlp,de,1,1162,2024-06-03 11:40:00,0,1,0.882266104221344
mlp,de,1,1163,2024-06-03 11:40:00,0,1,0.887151300907135
mlp,de,1,1164,2024-06-03 11:45:00,0,1,0.7770015597343445
mlp,de,1,1165,2024-06-03 11:45:00,0,1,0.7882583737373352
mlp,de,1,1166,2024-06-03 11:50:00,0,1,0.5940448045730591
mlp,de,1,1167,2024-06-03 11:50:00,0,1,0.6333693861961365
mlp,de,1,1168,2024-06-03 11:55:00,0,0,0.46799665689468384
mlp,de,1,1169,2024-06-03 11:55:00,0,1,0.5352895855903625
mlp,de,1,1170,2024-06-03 12:00:00,0,1,0.5420128107070923
mlp,de,1,1171,2024-06-03 12:00:00,0,1,0.5302314162254333
mlp,de,1,1172,2024-06-03 12:05:00,0,1,0.5229600667953491
mlp,de,1,1173,2024-06-03 12:05:00,0,1,0.5984381437301636
mlp,de,1,1174,2024-06-03 12:10:00,0,1,0.5270190238952637
mlp,de,1,1175,2024-06-03 12:10:00,0,1,0.5183243751525879
mlp,de,1,1176,2024-06-03 12:15:00,0,1,0.5695202946662903
mlp,de,1,1177,2024-06-03 12:15:00,0,1,0.6258866190910339
mlp,de,1,1178,2024-06-03 12:20:00,0,1,0.5711696147918701
mlp,de,1,1179,2024-06-03 12:20:00,0,1,0.5858047604560852
mlp,de,1,1180,2024-06-03 12:25:00,0,0,0.32836154103279114
mlp,de,1,1181,2024-06-03 12:25:00,0,0,0.29733410477638245
mlp,de,1,1182,2024-06-03 12:30:00,0,0,0.17189396917819977
mlp,de,1,1183,2024-06-03 12:30:00,0,0,0.18395258486270905
mlp,de,1,1184,2024-06-03 12:35:00,0,0,0.20388253033161163
mlp,de,1,1185,2024-06-03 12:35:00,0,0,0.2102981060743332
mlp,de,1,1186,2024-06-03 12:40:00,0,0,0.27117565274238586
mlp,de,1,1187,2024-06-03 12:40:00,0,0,0.2511196732521057
mlp,de,1,1188,2024-06-03 12:45:00,0,0,0.20588310062885284
mlp,de,1,1189,2024-06-03 12:45:00,0,0,0.2687692642211914
mlp,de,1,1190,2024-06-03 12:50:00,0,0,0.32627224922180176
mlp,de,1,1191,2024-06-03 12:50:00,0,0,0.34894371032714844
mlp,de,1,1192,2024-06-03 12:55:00,0,0,0.3310305178165436
mlp,de,1,1193,2024-06-03 12:55:00,0,0,0.3625282049179077
mlp,de,1,1194,2024-06-03 13:00:00,0,0,0.3639727532863617
mlp,de,1,1195,2024-06-03 13:00:00,0,0,0.4483306407928467
mlp,de,1,1196,2024-06-03 13:05:00,0,0,0.391476035118103
mlp,de,1,1197,2024-06-03 13:05:00,0,0,0.33344340324401855
mlp,de,1,1198,2024-06-03 13:10:00,0,0,0.24399486184120178
mlp,de,1,1199,2024-06-03 13:10:00,0,0,0.23557375371456146
mlp,de,1,1200,2024-06-03 13:15:00,0,0,0.15305759012699127
mlp,de,1,1201,2024-06-03 13:15:00,0,0,0.13581582903862
mlp,de,1,1202,2024-06-03 13:20:00,0,0,0.1852721869945526
mlp,de,1,1203,2024-06-03 13:20:00,0,0,0.18718738853931427
mlp,de,1,1204,2024-06-03 13:25:00,0,0,0.27057012915611267
mlp,de,1,1205,2024-06-03 13:25:00,0,0,0.25433701276779175
mlp,de,1,1206,2024-06-03 13:30:00,0,0,0.2515154480934143
mlp,de,1,1207,2024-06-03 13:30:00,0,0,0.2993338704109192
mlp,de,1,1208,2024-06-03 13:35:00,0,0,0.37537798285484314
mlp,de,1,1209,2024-06-03 13:35:00,0,0,0.36979368329048157
mlp,de,1,1210,2024-06-03 13:40:00,0,0,0.38021329045295715
mlp,de,1,1211,2024-06-03 13:40:00,0,0,0.39596930146217346
mlp,de,1,1212,2024-06-03 13:45:00,0,1,0.5109556913375854
mlp,de,1,1213,2024-06-03 13:45:00,0,0,0.492048442363739
mlp,de,1,1214,2024-06-03 13:50:00,0,0,0.4759292006492615
mlp,de,1,1215,2024-06-03 13:50:00,0,0,0.47126948833465576
mlp,de,1,1216,2024-06-03 13:55:00,0,0,0.4685409963130951
mlp,de,1,1217,2024-06-03 13:55:00,0,0,0.48474594950675964
mlp,de,1,1218,2024-06-03 14:00:00,1,0,0.44072267413139343
mlp,de,1,1219,2024-06-03 14:00:00,1,0,0.40257298946380615
mlp,de,1,1220,2024-06-03 14:05:00,1,1,0.5523855090141296
mlp,de,1,1221,2024-06-03 14:05:00,1,1,0.551892101764679
mlp,de,1,1222,2024-06-03 14:10:00,1,1,0.6365856528282166
mlp,de,1,1223,2024-06-03 14:10:00,1,1,0.6465377807617188
mlp,de,1,1224,2024-06-03 14:15:00,1,1,0.7784814834594727
mlp,de,1,1225,2024-06-03 14:15:00,1,1,0.7793212532997131
mlp,de,1,1226,2024-06-03 14:20:00,1,1,0.8459410667419434
mlp,de,1,1227,2024-06-03 14:20:00,1,1,0.8610793948173523
mlp,de,1,1228,2024-06-03 14:25:00,1,1,0.8817060589790344
mlp,de,1,1229,2024-06-03 14:25:00,1,1,0.8767713308334351
mlp,de,1,1230,2024-06-03 14:30:00,1,1,0.903512716293335
mlp,de,1,1231,2024-06-03 14:30:00,1,1,0.9058406352996826
mlp,de,1,1232,2024-06-03 14:35:00,1,1,0.8248498439788818
mlp,de,1,1233,2024-06-03 14:35:00,1,1,0.8361007571220398
mlp,de,1,1234,2024-06-03 14:40:00,1,1,0.7889130711555481
mlp,de,1,1235,2024-06-03 14:40:00,1,1,0.7800282835960388
mlp,de,1,1236,2024-06-03 14:45:00,1,1,0.6581206917762756
mlp,de,1,1237,2024-06-03 14:45:00,1,1,0.6421789526939392
mlp,de,1,1238,2024-06-03 14:50:00,1,0,0.4465257525444031
mlp,de,1,1239,2024-06-03 14:50:00,1,0,0.4720992147922516
mlp,de,1,1240,2024-06-03 14:55:00,1,0,0.38817429542541504
mlp,de,1,1241,2024-06-03 14:55:00,1,0,0.35452988743782043
mlp,de,1,1242,2024-06-03 15:00:00,1,0,0.45365720987319946
mlp,de,1,1243,2024-06-03 15:00:00,1,0,0.4655003249645233
mlp,de,1,1244,2024-06-03 15:05:00,1,1,0.5337899327278137
mlp,de,1,1245,2024-06-03 15:05:00,1,1,0.5174422264099121
mlp,de,1,1246,2024-06-03 15:10:00,1,0,0.44455933570861816
mlp,de,1,1247,2024-06-03 15:10:00,1,0,0.4333297908306122
mlp,de,1,1248,2024-06-03 15:15:00,1,1,0.5805698037147522
mlp,de,1,1249,2024-06-03 15:15:00,1,1,0.5741308331489563
mlp,de,1,1250,2024-06-03 15:20:00,1,1,0.6302075982093811
mlp,de,1,1251,2024-06-03 15:20:00,1,1,0.6441048383712769
mlp,de,1,1252,2024-06-03 15:25:00,1,1,0.7152462005615234
mlp,de,1,1253,2024-06-03 15:25:00,1,1,0.6696932911872864
mlp,de,1,1254,2024-06-03 15:30:00,1,1,0.7393879890441895
mlp,de,1,1255,2024-06-03 15:30:00,1,1,0.7773393392562866
mlp,de,1,1256,2024-06-03 15:35:00,0,1,0.7894174456596375
mlp,de,1,1257,2024-06-03 15:35:00,0,1,0.8163583874702454
mlp,de,1,1258,2024-06-03 15:40:00,0,1,0.5924644470214844
mlp,de,1,1259,2024-06-03 15:40:00,0,1,0.5934964418411255
mlp,de,1,1260,2024-06-03 15:45:00,0,1,0.5236126780509949
mlp,de,1,1261,2024-06-03 15:45:00,0,1,0.5782978534698486
mlp,de,1,1262,2024-06-03 15:50:00,0,0,0.49868619441986084
mlp,de,1,1263,2024-06-03 15:50:00,0,1,0.5334336757659912
mlp,de,1,1264,2024-06-03 15:55:00,0,1,0.566301703453064
mlp,de,1,1265,2024-06-03 15:55:00,0,1,0.560324490070343
mlp,de,1,1266,2024-06-03 16:00:00,0,1,0.5369845032691956
mlp,de,1,1267,2024-06-03 16:00:00,0,1,0.5255910754203796
mlp,de,1,1268,2024-06-03 16:05:00,0,0,0.4878174960613251
mlp,de,1,1269,2024-06-03 16:05:00,0,0,0.4562760591506958
mlp,de,1,1270,2024-06-03 16:10:00,0,1,0.5507432818412781
mlp,de,1,1271,2024-06-03 16:10:00,0,1,0.5194168090820312
mlp,de,1,1272,2024-06-03 16:15:00,0,0,0.4397369623184204
mlp,de,1,1273,2024-06-03 16:15:00,0,0,0.4290156960487366
mlp,de,1,1274,2024-06-03 16:20:00,0,0,0.421816349029541
mlp,de,1,1275,2024-06-03 16:20:00,0,0,0.38228386640548706
mlp,de,1,1276,2024-06-03 16:25:00,0,0,0.35664623975753784
mlp,de,1,1277,2024-06-03 16:25:00,0,0,0.37922194600105286
mlp,de,1,1278,2024-06-03 16:30:00,0,0,0.34562036395072937
mlp,de,1,1279,2024-06-03 16:30:00,0,0,0.32266971468925476
mlp,de,1,1280,2024-06-03 16:35:00,0,0,0.32152798771858215
mlp,de,1,1281,2024-06-03 16:35:00,0,0,0.22999250888824463
mlp,de,1,1282,2024-06-03 16:40:00,0,0,0.3932417631149292
mlp,de,1,1283,2024-06-03 16:40:00,0,0,0.3854510486125946
mlp,de,1,1284,2024-06-03 16:45:00,0,0,0.40094396471977234
mlp,de,1,1285,2024-06-03 16:45:00,0,0,0.4627354145050049
mlp,de,1,1286,2024-06-03 16:50:00,0,0,0.40203168988227844
mlp,de,1,1287,2024-06-03 16:50:00,0,0,0.3982324004173279
mlp,de,1,1288,2024-06-03 16:55:00,0,0,0.2872692048549652
mlp,de,1,1289,2024-06-03 16:55:00,0,0,0.25731348991394043
mlp,de,1,1290,2024-06-03 17:00:00,0,0,0.1953345239162445
mlp,de,1,1291,2024-06-03 17:00:00,0,0,0.20685893297195435
mlp,de,1,1292,2024-06-03 17:05:00,0,0,0.2583351731300354
mlp,de,1,1293,2024-06-03 17:05:00,0,0,0.2624779939651489
mlp,de,1,1294,2024-06-03 17:10:00,0,0,0.262143075466156
mlp,de,1,1295,2024-06-03 17:10:00,0,0,0.27916043996810913
mlp,de,1,1296,2024-06-03 17:15:00,0,0,0.32454347610473633
mlp,de,1,1297,2024-06-03 17:15:00,0,0,0.30788034200668335
mlp,de,1,1298,2024-06-03 17:20:00,0,0,0.25852155685424805
mlp,de,1,1299,2024-06-03 17:20:00,0,0,0.2445182055234909
mlp,de,1,1300,2024-06-03 17:25:00,0,0,0.20283812284469604
mlp,de,1,1301,2024-06-03 17:25:00,0,0,0.10094905644655228
mlp,de,1,1302,2024-06-03 17:30:00,0,0,0.31845158338546753
mlp,de,1,1303,2024-06-03 17:30:00,0,0,0.324097216129303
mlp,de,1,1304,2024-06-03 17:35:00,0,0,0.28493985533714294
mlp,de,1,1305,2024-06-03 17:35:00,0,0,0.30587175488471985
mlp,de,1,1306,2024-06-03 17:40:00,0,0,0.23189334571361542
mlp,de,1,1307,2024-06-03 17:40:00,0,0,0.2923683822154999
mlp,de,1,1308,2024-06-03 17:45:00,0,0,0.3573421239852905
mlp,de,1,1309,2024-06-03 17:45:00,0,0,0.33948975801467896
mlp,de,1,1310,2024-06-03 17:50:00,0,0,0.4642699658870697
mlp,de,1,1311,2024-06-03 17:50:00,0,0,0.4243850111961365
mlp,de,1,1312,2024-06-03 17:55:00,0,0,0.4756607413291931
mlp,de,1,1313,2024-06-03 17:55:00,0,1,0.5089819431304932
mlp,de,1,1314,2024-06-04 11:15:00,1,0,0.26403874158859253
mlp,de,1,1315,2024-06-04 11:20:00,1,0,0.280210942029953
mlp,de,1,1316,2024-06-04 11:20:00,1,0,0.2706891596317291
mlp,de,1,1317,2024-06-04 11:25:00,1,0,0.4652143716812134
mlp,de,1,1318,2024-06-04 11:25:00,1,0,0.4419901371002197
mlp,de,1,1319,2024-06-04 11:30:00,1,1,0.5789926052093506
mlp,de,1,1320,2024-06-04 11:30:00,1,1,0.5946782827377319
mlp,de,1,1321,2024-06-04 11:35:00,1,1,0.638958752155304
mlp,de,1,1322,2024-06-04 11:35:00,1,1,0.6012071371078491
mlp,de,1,1323,2024-06-04 11:40:00,1,1,0.6670728325843811
mlp,de,1,1324,2024-06-04 11:40:00,1,1,0.7099679112434387
mlp,de,1,1325,2024-06-04 11:45:00,1,1,0.6693791151046753
mlp,de,1,1326,2024-06-04 11:45:00,1,1,0.6531461477279663
mlp,de,1,1327,2024-06-04 11:50:00,1,1,0.7274744510650635
mlp,de,1,1328,2024-06-04 11:50:00,1,1,0.7174028158187866
mlp,de,1,1329,2024-06-04 11:55:00,1,1,0.604115903377533
mlp,de,1,1330,2024-06-04 11:55:00,1,1,0.6389362215995789
mlp,de,1,1331,2024-06-04 12:00:00,1,1,0.6400221586227417
mlp,de,1,1332,2024-06-04 12:00:00,1,1,0.6280815005302429
mlp,de,1,1333,2024-06-04 12:05:00,1,1,0.5015109181404114
mlp,de,1,1334,2024-06-04 12:05:00,1,1,0.5195714831352234
mlp,de,1,1335,2024-06-04 12:10:00,1,1,0.6369977593421936
mlp,de,1,1336,2024-06-04 12:10:00,1,1,0.6043503880500793
mlp,de,1,1337,2024-06-04 12:15:00,1,1,0.7971281409263611
mlp,de,1,1338,2024-06-04 12:15:00,1,1,0.783233106136322
mlp,de,1,1339,2024-06-04 12:20:00,1,1,0.8405469655990601
mlp,de,1,1340,2024-06-04 12:20:00,1,1,0.8343997597694397
mlp,de,1,1341,2024-06-04 12:25:00,1,1,0.7765213847160339
mlp,de,1,1342,2024-06-04 12:25:00,1,1,0.7961567640304565
mlp,de,1,1343,2024-06-04 12:30:00,1,1,0.5952021479606628
mlp,de,1,1344,2024-06-04 12:30:00,1,1,0.5903685688972473
mlp,de,1,1345,2024-06-04 12:35:00,1,1,0.6292494535446167
mlp,de,1,1346,2024-06-04 12:35:00,1,1,0.6633458733558655
mlp,de,1,1347,2024-06-04 12:40:00,1,1,0.5414190888404846
mlp,de,1,1348,2024-06-04 12:40:00,1,1,0.5377702116966248
mlp,de,1,1349,2024-06-04 12:45:00,1,1,0.5129134654998779
mlp,de,1,1350,2024-06-04 12:45:00,1,1,0.506938636302948
mlp,de,1,1351,2024-06-04 12:50:00,1,1,0.5410490036010742
mlp,de,1,1352,2024-06-04 12:50:00,1,1,0.577537477016449
mlp,de,1,1353,2024-06-04 12:55:00,1,0,0.34801673889160156
mlp,de,1,1354,2024-06-04 12:55:00,1,0,0.35729148983955383
mlp,de,1,1355,2024-06-04 13:00:00,1,0,0.34760740399360657
mlp,de,1,1356,2024-06-04 13:00:00,1,0,0.3209882974624634
mlp,de,1,1357,2024-06-04 13:05:00,1,0,0.3266768455505371
mlp,de,1,1358,2024-06-04 13:05:00,1,0,0.2285231649875641
mlp,de,1,1359,2024-06-04 13:10:00,1,1,0.534372866153717
mlp,de,1,1360,2024-06-04 13:10:00,1,1,0.5589256286621094
mlp,de,1,1361,2024-06-04 13:15:00,1,1,0.6580882668495178
mlp,de,1,1362,2024-06-04 13:15:00,1,1,0.7117949724197388
mlp,de,1,1363,2024-06-04 13:20:00,1,1,0.6694848537445068
mlp,de,1,1364,2024-06-04 13:20:00,1,1,0.6010842323303223
mlp,de,1,1365,2024-06-04 13:25:00,1,1,0.6023772358894348
mlp,de,1,1366,2024-06-04 13:25:00,1,1,0.5859773755073547
mlp,de,1,1367,2024-06-04 13:30:00,1,1,0.5079216361045837
mlp,de,1,1368,2024-06-04 13:30:00,1,1,0.5361952781677246
mlp,de,1,1369,2024-06-04 13:35:00,1,0,0.4334068298339844
mlp,de,1,1370,2024-06-04 13:35:00,1,0,0.4071847200393677
mlp,de,1,1371,2024-06-04 13:40:00,1,1,0.5222068428993225
mlp,de,1,1372,2024-06-04 13:40:00,1,0,0.487653523683548
mlp,de,1,1373,2024-06-04 13:45:00,1,1,0.6282718181610107
mlp,de,1,1374,2024-06-04 13:45:00,1,1,0.6283438205718994
mlp,de,1,1375,2024-06-04 13:50:00,1,1,0.6250491142272949
mlp,de,1,1376,2024-06-04 13:50:00,1,1,0.6435744166374207
mlp,de,1,1377,2024-06-04 13:55:00,1,1,0.7114245891571045
mlp,de,1,1378,2024-06-04 13:55:00,1,1,0.7088580131530762
mlp,de,1,1379,2024-06-04 14:00:00,1,1,0.7197835445404053
mlp,de,1,1380,2024-06-04 14:00:00,1,1,0.6936800479888916
mlp,de,1,1381,2024-06-04 14:05:00,1,1,0.5740064382553101
mlp,de,1,1382,2024-06-04 14:05:00,1,1,0.5442953109741211
mlp,de,1,1383,2024-06-04 14:10:00,1,0,0.4906057119369507
mlp,de,1,1384,2024-06-04 14:10:00,1,0,0.4416746497154236
mlp,de,1,1385,2024-06-04 14:15:00,1,0,0.44207248091697693
mlp,de,1,1386,2024-06-04 14:15:00,1,0,0.45597368478775024
mlp,de,1,1387,2024-06-04 14:20:00,1,0,0.4907768964767456
mlp,de,1,1388,2024-06-04 14:20:00,1,0,0.47931692004203796
mlp,de,1,1389,2024-06-04 14:25:00,1,1,0.5882538557052612
mlp,de,1,1390,2024-06-04 14:25:00,1,1,0.5810811519622803
mlp,de,1,1391,2024-06-04 14:30:00,1,1,0.6203567385673523
mlp,de,1,1392,2024-06-04 14:30:00,1,1,0.609889030456543
mlp,de,1,1393,2024-06-04 14:35:00,1,1,0.6199174523353577
mlp,de,1,1394,2024-06-04 14:35:00,1,1,0.6510187983512878
mlp,de,1,1395,2024-06-04 14:40:00,1,1,0.736259400844574
mlp,de,1,1396,2024-06-04 14:40:00,1,1,0.6901623010635376
mlp,de,1,1397,2024-06-04 14:45:00,1,1,0.7577431201934814
mlp,de,1,1398,2024-06-04 14:45:00,1,1,0.713815450668335
mlp,de,1,1399,2024-06-04 14:50:00,1,1,0.6350640058517456
mlp,de,1,1400,2024-06-04 14:50:00,1,1,0.6480560898780823
mlp,de,1,1401,2024-06-04 14:55:00,1,1,0.5766129493713379
mlp,de,1,1402,2024-06-04 14:55:00,1,1,0.5713274478912354
mlp,de,1,1403,2024-06-04 15:00:00,1,1,0.5764210224151611
mlp,de,1,1404,2024-06-04 15:00:00,1,1,0.5930082201957703
mlp,de,1,1405,2024-06-04 15:05:00,1,1,0.5289645195007324
mlp,de,1,1406,2024-06-04 15:05:00,1,1,0.5480802059173584
mlp,de,1,1407,2024-06-04 15:10:00,1,0,0.398494690656662
mlp,de,1,1408,2024-06-04 15:10:00,1,0,0.42659446597099304
mlp,de,1,1409,2024-06-04 15:15:00,1,1,0.5171803832054138
mlp,de,1,1410,2024-06-04 15:15:00,1,1,0.5427188277244568
mlp,de,1,1411,2024-06-04 15:20:00,1,1,0.6843470335006714
mlp,de,1,1412,2024-06-04 15:20:00,1,1,0.6602573394775391
mlp,de,1,1413,2024-06-04 15:25:00,1,1,0.808102548122406
mlp,de,1,1414,2024-06-04 15:25:00,1,1,0.809115469455719
mlp,de,1,1415,2024-06-04 15:30:00,1,1,0.6764282584190369
mlp,de,1,1416,2024-06-04 15:30:00,1,1,0.6695981621742249
mlp,de,1,1417,2024-06-04 15:35:00,1,1,0.5567501783370972
mlp,de,1,1418,2024-06-04 15:35:00,1,1,0.5319495797157288
mlp,de,1,1419,2024-06-04 15:40:00,1,0,0.4456574320793152
mlp,de,1,1420,2024-06-04 15:40:00,1,0,0.4352883994579315
mlp,de,1,1421,2024-06-04 15:45:00,1,1,0.573649525642395
mlp,de,1,1422,2024-06-04 15:45:00,1,1,0.5415019392967224
mlp,de,1,1423,2024-06-04 15:50:00,1,0,0.4510776102542877
mlp,de,1,1424,2024-06-04 15:50:00,1,1,0.5389261245727539
mlp,de,1,1425,2024-06-04 15:55:00,1,0,0.37036874890327454
mlp,de,1,1426,2024-06-04 15:55:00,1,0,0.36526864767074585
mlp,de,1,1427,2024-06-04 16:00:00,1,0,0.26598531007766724
mlp,de,1,1428,2024-06-04 16:00:00,1,0,0.24671940505504608
mlp,de,1,1429,2024-06-04 16:05:00,1,0,0.2910057008266449
mlp,de,1,1430,2024-06-04 16:05:00,1,0,0.26370060443878174
mlp,de,1,1431,2024-06-04 16:10:00,1,0,0.46980020403862
mlp,de,1,1432,2024-06-04 16:10:00,1,0,0.47481420636177063
mlp,de,1,1433,2024-06-04 16:15:00,1,1,0.6070294380187988
mlp,de,1,1434,2024-06-04 16:15:00,1,1,0.5910917520523071
mlp,de,1,1435,2024-06-04 16:20:00,1,1,0.6119191646575928
mlp,de,1,1436,2024-06-04 16:20:00,1,1,0.6306288242340088
mlp,de,1,1437,2024-06-04 16:25:00,1,1,0.634932279586792
mlp,de,1,1438,2024-06-04 16:25:00,1,1,0.6419387459754944
mlp,de,1,1439,2024-06-04 16:30:00,1,1,0.6770971417427063
mlp,de,1,1440,2024-06-04 16:30:00,1,1,0.6718847155570984
mlp,de,1,1441,2024-06-04 16:35:00,1,1,0.5614895820617676
mlp,de,1,1442,2024-06-04 16:35:00,1,1,0.5600684881210327
mlp,de,1,1443,2024-06-04 16:40:00,1,1,0.6200926899909973
mlp,de,1,1444,2024-06-04 16:40:00,1,1,0.691867470741272
mlp,de,1,1445,2024-06-04 16:45:00,1,1,0.555571436882019
mlp,de,1,1446,2024-06-04 16:45:00,1,1,0.6706748604774475
mlp,de,1,1447,2024-06-04 16:50:00,1,1,0.5857443809509277
mlp,de,1,1448,2024-06-04 16:50:00,1,1,0.6345700621604919
mlp,de,1,1449,2024-06-04 16:55:00,0,1,0.6244338154792786
mlp,de,1,1450,2024-06-04 16:55:00,0,1,0.643879234790802
mlp,de,1,1451,2024-06-04 17:00:00,0,1,0.5905677080154419
mlp,de,1,1452,2024-06-04 17:00:00,0,1,0.5630056262016296
mlp,de,1,1453,2024-06-04 17:05:00,0,0,0.4866354465484619
mlp,de,1,1454,2024-06-04 17:05:00,0,1,0.5505363941192627
mlp,de,1,1455,2024-06-04 17:10:00,0,0,0.43388932943344116
mlp,de,1,1456,2024-06-04 17:10:00,0,0,0.4624173641204834
mlp,de,1,1457,2024-06-04 17:15:00,0,0,0.3207297623157501
mlp,de,1,1458,2024-06-04 17:15:00,0,0,0.4284076392650604
mlp,de,1,1459,2024-06-04 17:20:00,0,0,0.4462650716304779
mlp,de,1,1460,2024-06-04 17:20:00,0,0,0.28722432255744934
mlp,de,1,1461,2024-06-04 17:25:00,0,0,0.42006710171699524
mlp,de,1,1462,2024-06-04 17:25:00,0,0,0.34472957253456116
mlp,de,1,1463,2024-06-04 17:30:00,0,1,0.5064717531204224
mlp,de,1,1464,2024-06-04 17:30:00,0,1,0.5421320199966431
mlp,de,1,1465,2024-06-04 17:35:00,0,1,0.5047858357429504
mlp,de,1,1466,2024-06-04 17:35:00,0,0,0.49355587363243103
mlp,de,1,1467,2024-06-04 17:40:00,0,0,0.4912819564342499
mlp,de,1,1468,2024-06-04 17:40:00,0,0,0.49996185302734375
mlp,de,1,1469,2024-06-04 17:45:00,0,1,0.5031736493110657
mlp,de,1,1470,2024-06-04 17:45:00,0,0,0.48537972569465637
mlp,de,1,1471,2024-06-04 17:50:00,0,1,0.5307380557060242
mlp,de,1,1472,2024-06-04 17:50:00,0,1,0.5447784662246704
mlp,de,1,1473,2024-06-04 17:55:00,0,1,0.6380066275596619
mlp,de,1,1474,2024-06-04 17:55:00,0,1,0.6802190542221069
mlp,de,1,1475,2024-06-05 11:10:00,1,0,0.1700788140296936
mlp,de,1,1476,2024-06-05 11:10:00,1,0,0.1609775274991989
mlp,de,1,1477,2024-06-05 11:15:00,1,0,0.19927945733070374
mlp,de,1,1478,2024-06-05 11:15:00,1,0,0.19773004949092865
mlp,de,1,1479,2024-06-05 11:20:00,1,1,0.5115827322006226
mlp,de,1,1480,2024-06-05 11:20:00,1,1,0.5099172592163086
mlp,de,1,1481,2024-06-05 11:25:00,1,1,0.6671847105026245
mlp,de,1,1482,2024-06-05 11:25:00,1,1,0.67888343334198
mlp,de,1,1483,2024-06-05 11:30:00,1,1,0.8416571021080017
mlp,de,1,1484,2024-06-05 11:30:00,1,1,0.8357983231544495
mlp,de,1,1485,2024-06-05 11:35:00,1,1,0.9329808354377747
mlp,de,1,1486,2024-06-05 11:35:00,1,1,0.9309700727462769
mlp,de,1,1487,2024-06-05 11:40:00,1,1,0.9512569308280945
mlp,de,1,1488,2024-06-05 11:40:00,0,1,0.9452394843101501
mlp,de,1,1489,2024-06-05 11:45:00,0,1,0.8106445074081421
mlp,de,1,1490,2024-06-05 11:45:00,1,1,0.8088425993919373
mlp,de,1,1491,2024-06-05 11:50:00,1,1,0.7339107990264893
mlp,de,1,1492,2024-06-05 11:50:00,0,1,0.7130603790283203
mlp,de,1,1493,2024-06-05 11:55:00,1,1,0.5731181502342224
mlp,de,1,1494,2024-06-05 11:55:00,0,1,0.5767256021499634
mlp,de,1,1495,2024-06-05 12:00:00,1,1,0.5913929343223572
mlp,de,1,1496,2024-06-05 12:00:00,0,1,0.6178687214851379
mlp,de,1,1497,2024-06-05 12:05:00,0,0,0.4975932538509369
mlp,de,1,1498,2024-06-05 12:05:00,1,0,0.4772796630859375
mlp,de,1,1499,2024-06-05 12:10:00,1,0,0.40911364555358887
mlp,de,1,1500,2024-06-05 12:10:00,0,0,0.426780641078949
mlp,de,1,1501,2024-06-05 12:15:00,0,1,0.6491323709487915
mlp,de,1,1502,2024-06-05 12:15:00,1,1,0.6358587145805359
mlp,de,1,1503,2024-06-05 12:20:00,0,1,0.7231177091598511
mlp,de,1,1504,2024-06-05 12:20:00,1,1,0.723939061164856
mlp,de,1,1505,2024-06-05 12:25:00,0,1,0.7491298317909241
mlp,de,1,1506,2024-06-05 12:25:00,0,1,0.7270874381065369
mlp,de,1,1507,2024-06-05 12:30:00,0,1,0.7249391674995422
mlp,de,1,1508,2024-06-05 12:30:00,0,1,0.6677823066711426
mlp,de,1,1509,2024-06-05 12:35:00,0,1,0.5461181998252869
mlp,de,1,1510,2024-06-05 12:35:00,0,1,0.5988855361938477
mlp,de,1,1511,2024-06-05 12:40:00,0,1,0.538089394569397
mlp,de,1,1512,2024-06-05 12:40:00,0,1,0.5038794279098511
mlp,de,1,1513,2024-06-05 12:45:00,0,0,0.4480685293674469
mlp,de,1,1514,2024-06-05 12:45:00,0,0,0.39566734433174133
mlp,de,1,1515,2024-06-05 12:50:00,0,0,0.2811454236507416
mlp,de,1,1516,2024-06-05 12:50:00,0,0,0.3781941533088684
mlp,de,1,1517,2024-06-05 12:55:00,0,0,0.4414587616920471
mlp,de,1,1518,2024-06-05 12:55:00,0,0,0.40886473655700684
mlp,de,1,1519,2024-06-05 13:00:00,0,0,0.3976714015007019
mlp,de,1,1520,2024-06-05 13:00:00,0,0,0.40590161085128784
mlp,de,1,1521,2024-06-05 13:05:00,0,0,0.3189779222011566
mlp,de,1,1522,2024-06-05 13:05:00,0,0,0.3230508863925934
mlp,de,1,1523,2024-06-05 13:10:00,0,0,0.268378883600235
mlp,de,1,1524,2024-06-05 13:10:00,0,0,0.3129562735557556
mlp,de,1,1525,2024-06-05 13:15:00,0,0,0.32191210985183716
mlp,de,1,1526,2024-06-05 13:15:00,0,0,0.3522750437259674
mlp,de,1,1527,2024-06-05 13:20:00,0,0,0.35034364461898804
mlp,de,1,1528,2024-06-05 13:20:00,0,0,0.31305426359176636
mlp,de,1,1529,2024-06-05 13:25:00,0,0,0.26959070563316345
mlp,de,1,1530,2024-06-05 13:25:00,0,0,0.271251380443573
mlp,de,1,1531,2024-06-05 13:30:00,0,0,0.25504806637763977
mlp,de,1,1532,2024-06-05 13:30:00,0,0,0.2618967294692993
mlp,de,1,1533,2024-06-05 13:35:00,0,0,0.3591611087322235
mlp,de,1,1534,2024-06-05 13:35:00,0,0,0.3320757746696472
mlp,de,1,1535,2024-06-05 13:40:00,0,0,0.3517187237739563
mlp,de,1,1536,2024-06-05 13:40:00,0,0,0.3925861418247223
mlp,de,1,1537,2024-06-05 13:45:00,0,0,0.22242991626262665
mlp,de,1,1538,2024-06-05 13:45:00,0,0,0.3603644371032715
mlp,de,1,1539,2024-06-05 13:50:00,0,1,0.5334989428520203
mlp,de,1,1540,2024-06-05 13:50:00,0,1,0.5690969228744507
mlp,de,1,1541,2024-06-05 13:55:00,0,1,0.5124414563179016
mlp,de,1,1542,2024-06-05 13:55:00,0,0,0.4943479299545288
mlp,de,1,1543,2024-06-05 14:00:00,0,1,0.5813100337982178
mlp,de,1,1544,2024-06-05 14:00:00,0,0,0.4986661672592163
mlp,de,1,1545,2024-06-05 14:05:00,0,0,0.43525230884552
mlp,de,1,1546,2024-06-05 14:05:00,0,0,0.3632934093475342
mlp,de,1,1547,2024-06-05 14:10:00,0,0,0.3567795157432556
mlp,de,1,1548,2024-06-05 14:10:00,0,0,0.33330368995666504
mlp,de,1,1549,2024-06-05 14:15:00,0,0,0.3679862320423126
mlp,de,1,1550,2024-06-05 14:15:00,0,0,0.29941433668136597
mlp,de,1,1551,2024-06-05 14:20:00,0,0,0.4361778795719147
mlp,de,1,1552,2024-06-05 14:20:00,0,0,0.4809890687465668
mlp,de,1,1553,2024-06-05 14:25:00,0,1,0.5467015504837036
mlp,de,1,1554,2024-06-05 14:25:00,0,1,0.5718165636062622
mlp,de,1,1555,2024-06-05 14:30:00,0,1,0.7096995115280151
mlp,de,1,1556,2024-06-05 14:30:00,0,1,0.668093204498291
mlp,de,1,1557,2024-06-05 14:35:00,0,1,0.6604151129722595
mlp,de,1,1558,2024-06-05 14:35:00,0,1,0.6569470167160034
mlp,de,1,1559,2024-06-05 14:40:00,0,1,0.7384122014045715
mlp,de,1,1560,2024-06-05 14:40:00,0,1,0.6664831042289734
mlp,de,1,1561,2024-06-05 14:45:00,0,1,0.5056527853012085
mlp,de,1,1562,2024-06-05 14:45:00,0,1,0.5701286792755127
mlp,de,1,1563,2024-06-05 14:50:00,0,0,0.27688732743263245
mlp,de,1,1564,2024-06-05 14:50:00,0,0,0.27576515078544617
mlp,de,1,1565,2024-06-05 14:55:00,0,0,0.23512177169322968
mlp,de,1,1566,2024-06-05 14:55:00,0,0,0.20517808198928833
mlp,de,1,1567,2024-06-05 15:00:00,0,0,0.3113241493701935
mlp,de,1,1568,2024-06-05 15:00:00,0,0,0.34703850746154785
mlp,de,1,1569,2024-06-05 15:05:00,0,0,0.2863940894603729
mlp,de,1,1570,2024-06-05 15:05:00,0,0,0.2643069624900818
mlp,de,1,1571,2024-06-05 15:10:00,0,0,0.19257491827011108
mlp,de,1,1572,2024-06-05 15:10:00,0,0,0.17522485554218292
mlp,de,1,1573,2024-06-05 15:15:00,0,0,0.170145645737648
mlp,de,1,1574,2024-06-05 15:15:00,0,0,0.1844068318605423
mlp,de,1,1575,2024-06-05 15:20:00,0,0,0.25187408924102783
mlp,de,1,1576,2024-06-05 15:20:00,0,0,0.22955623269081116
mlp,de,1,1577,2024-06-05 15:25:00,0,0,0.24192717671394348
mlp,de,1,1578,2024-06-05 15:25:00,0,0,0.2514372169971466
mlp,de,1,1579,2024-06-05 15:30:00,0,0,0.30261921882629395
mlp,de,1,1580,2024-06-05 15:30:00,0,0,0.29169267416000366
mlp,de,1,1581,2024-06-05 15:35:00,1,0,0.22409138083457947
mlp,de,1,1582,2024-06-05 15:35:00,0,0,0.2619363069534302
mlp,de,1,1583,2024-06-05 15:40:00,0,0,0.36497756838798523
mlp,de,1,1584,2024-06-05 15:40:00,1,0,0.32894662022590637
mlp,de,1,1585,2024-06-05 15:45:00,1,0,0.39120933413505554
mlp,de,1,1586,2024-06-05 15:45:00,0,0,0.3932152986526489
mlp,de,1,1587,2024-06-05 15:50:00,1,1,0.5215224027633667
mlp,de,1,1588,2024-06-05 15:50:00,0,1,0.5682291388511658
mlp,de,1,1589,2024-06-05 15:55:00,1,1,0.6758187413215637
mlp,de,1,1590,2024-06-05 15:55:00,0,1,0.6435772776603699
mlp,de,1,1591,2024-06-05 16:00:00,0,1,0.7022155523300171
mlp,de,1,1592,2024-06-05 16:00:00,1,1,0.7890946269035339
mlp,de,1,1593,2024-06-05 16:05:00,0,1,0.5179855823516846
mlp,de,1,1594,2024-06-05 16:05:00,1,1,0.5179884433746338
mlp,de,1,1595,2024-06-05 16:10:00,1,0,0.36355701088905334
mlp,de,1,1596,2024-06-05 16:10:00,1,0,0.39905664324760437
mlp,de,1,1597,2024-06-05 16:15:00,1,0,0.3985607922077179
mlp,de,1,1598,2024-06-05 16:15:00,1,0,0.38361749053001404
mlp,de,1,1599,2024-06-05 16:20:00,1,1,0.5187978744506836
mlp,de,1,1600,2024-06-05 16:20:00,1,0,0.49006858468055725
mlp,de,1,1601,2024-06-05 16:25:00,1,1,0.5087698698043823
mlp,de,1,1602,2024-06-05 16:25:00,1,0,0.4997522234916687
mlp,de,1,1603,2024-06-05 16:30:00,1,0,0.4408874213695526
mlp,de,1,1604,2024-06-05 16:30:00,1,0,0.4728291630744934
mlp,de,1,1605,2024-06-05 16:35:00,1,1,0.5182188749313354
mlp,de,1,1606,2024-06-05 16:35:00,1,1,0.5453750491142273
mlp,de,1,1607,2024-06-05 16:40:00,1,1,0.5649780631065369
mlp,de,1,1608,2024-06-05 16:40:00,1,1,0.5882620215415955
mlp,de,1,1609,2024-06-05 16:45:00,1,1,0.523597002029419
mlp,de,1,1610,2024-06-05 16:45:00,1,1,0.5164049863815308
mlp,de,1,1611,2024-06-05 16:50:00,1,1,0.5688270330429077
mlp,de,1,1612,2024-06-05 16:50:00,1,1,0.5820808410644531
mlp,de,1,1613,2024-06-05 16:55:00,0,1,0.656654417514801
mlp,de,1,1614,2024-06-05 16:55:00,1,1,0.641036331653595
mlp,de,1,1615,2024-06-05 17:00:00,1,1,0.6122876405715942
mlp,de,1,1616,2024-06-05 17:00:00,0,1,0.64478999376297
mlp,de,1,1617,2024-06-05 17:05:00,0,0,0.4556170701980591
mlp,de,1,1618,2024-06-05 17:05:00,0,0,0.46845537424087524
mlp,de,1,1619,2024-06-05 17:10:00,1,0,0.372917503118515
mlp,de,1,1620,2024-06-05 17:10:00,1,0,0.3965795338153839
mlp,de,1,1621,2024-06-05 17:15:00,1,1,0.536637008190155
mlp,de,1,1622,2024-06-05 17:15:00,1,1,0.5347662568092346
mlp,de,1,1623,2024-06-05 17:20:00,1,1,0.5636457800865173
mlp,de,1,1624,2024-06-05 17:20:00,1,1,0.5525928139686584
mlp,de,1,1625,2024-06-05 17:25:00,1,1,0.6067954897880554
mlp,de,1,1626,2024-06-05 17:30:00,1,1,0.5964456796646118
mlp,de,1,1627,2024-06-05 17:30:00,1,1,0.6365404725074768
mlp,de,1,1628,2024-06-05 17:35:00,1,0,0.4642336368560791
mlp,de,1,1629,2024-06-05 17:35:00,1,0,0.4754326641559601
mlp,de,1,1630,2024-06-05 17:40:00,1,0,0.4304461181163788
mlp,de,1,1631,2024-06-05 17:40:00,1,0,0.23760542273521423
mlp,de,1,1632,2024-06-05 17:45:00,1,1,0.5336304306983948
mlp,de,1,1633,2024-06-05 17:45:00,1,1,0.5478334426879883
mlp,de,1,1634,2024-06-05 17:50:00,1,1,0.5169084668159485
mlp,de,1,1635,2024-06-05 17:50:00,1,1,0.5254086852073669
mlp,de,1,1636,2024-06-05 17:55:00,1,1,0.5171398520469666
mlp,de,1,1637,2024-06-05 17:55:00,1,1,0.5187661647796631
mlp,de,1,1638,2024-06-06 12:40:00,0,1,0.8561839461326599
mlp,de,1,1639,2024-06-06 12:40:00,0,1,0.8496671915054321
mlp,de,1,1640,2024-06-06 12:45:00,0,1,0.6554551720619202
mlp,de,1,1641,2024-06-06 12:45:00,0,1,0.666095495223999
mlp,de,1,1642,2024-06-06 12:50:00,0,1,0.6402646899223328
mlp,de,1,1643,2024-06-06 12:50:00,0,1,0.630530834197998
mlp,de,1,1644,2024-06-06 12:55:00,0,1,0.7277953028678894
mlp,de,1,1645,2024-06-06 12:55:00,0,1,0.6540634036064148
mlp,de,1,1646,2024-06-06 13:00:00,0,0,0.29008251428604126
mlp,de,1,1647,2024-06-06 13:00:00,0,0,0.3032018840312958
mlp,de,1,1648,2024-06-06 13:05:00,0,0,0.20020097494125366
mlp,de,1,1649,2024-06-06 13:05:00,0,0,0.15738344192504883
mlp,de,1,1650,2024-06-06 13:10:00,0,0,0.21834079921245575
mlp,de,1,1651,2024-06-06 13:10:00,0,0,0.23745398223400116
mlp,de,1,1652,2024-06-06 13:15:00,0,0,0.35200703144073486
mlp,de,1,1653,2024-06-06 13:15:00,0,0,0.3425709009170532
mlp,de,1,1654,2024-06-06 13:20:00,0,0,0.32405880093574524
mlp,de,1,1655,2024-06-06 13:20:00,0,0,0.353689968585968
mlp,de,1,1656,2024-06-06 13:25:00,0,0,0.3765028417110443
mlp,de,1,1657,2024-06-06 13:25:00,0,0,0.37938639521598816
mlp,de,1,1658,2024-06-06 13:30:00,0,0,0.3156047761440277
mlp,de,1,1659,2024-06-06 13:30:00,0,0,0.313107430934906
mlp,de,1,1660,2024-06-06 13:35:00,0,0,0.2473498284816742
mlp,de,1,1661,2024-06-06 13:35:00,0,0,0.27196747064590454
mlp,de,1,1662,2024-06-06 13:40:00,1,0,0.23223620653152466
mlp,de,1,1663,2024-06-06 13:40:00,0,0,0.2247861921787262
mlp,de,1,1664,2024-06-06 13:45:00,1,0,0.2510143518447876
mlp,de,1,1665,2024-06-06 13:45:00,1,0,0.212411031126976
mlp,de,1,1666,2024-06-06 13:50:00,1,0,0.36266177892684937
mlp,de,1,1667,2024-06-06 13:50:00,1,0,0.358254998922348
mlp,de,1,1668,2024-06-06 13:55:00,1,0,0.48257339000701904
mlp,de,1,1669,2024-06-06 13:55:00,1,0,0.48678329586982727
mlp,de,1,1670,2024-06-06 14:00:00,1,1,0.643510103225708
mlp,de,1,1671,2024-06-06 14:00:00,1,1,0.6584054231643677
mlp,de,1,1672,2024-06-06 14:05:00,1,1,0.6464741826057434
mlp,de,1,1673,2024-06-06 14:05:00,1,1,0.6910505890846252
mlp,de,1,1674,2024-06-06 14:10:00,1,1,0.7046866416931152
mlp,de,1,1675,2024-06-06 14:10:00,1,1,0.5986156463623047
mlp,de,1,1676,2024-06-06 14:15:00,1,1,0.6243217587471008
mlp,de,1,1677,2024-06-06 14:15:00,1,1,0.6473899483680725
mlp,de,1,1678,2024-06-06 14:20:00,1,1,0.7822405695915222
mlp,de,1,1679,2024-06-06 14:20:00,1,1,0.7887448072433472
mlp,de,1,1680,2024-06-06 14:25:00,1,1,0.7926955819129944
mlp,de,1,1681,2024-06-06 14:25:00,1,1,0.8018966317176819
mlp,de,1,1682,2024-06-06 14:30:00,1,1,0.8316537141799927
mlp,de,1,1683,2024-06-06 14:30:00,1,1,0.8124988079071045
mlp,de,1,1684,2024-06-06 14:35:00,1,1,0.8258401155471802
mlp,de,1,1685,2024-06-06 14:35:00,1,1,0.8314082026481628
mlp,de,1,1686,2024-06-06 14:40:00,1,1,0.7734357118606567
mlp,de,1,1687,2024-06-06 14:40:00,0,1,0.8093277812004089
mlp,de,1,1688,2024-06-06 14:45:00,0,1,0.5339223742485046
mlp,de,1,1689,2024-06-06 14:45:00,1,0,0.47381025552749634
mlp,de,1,1690,2024-06-06 14:50:00,0,0,0.3012593686580658
mlp,de,1,1691,2024-06-06 14:50:00,1,0,0.3087393343448639
mlp,de,1,1692,2024-06-06 14:55:00,0,0,0.2408740073442459
mlp,de,1,1693,2024-06-06 14:55:00,1,0,0.2889408469200134
mlp,de,1,1694,2024-06-06 15:00:00,1,0,0.2864457666873932
mlp,de,1,1695,2024-06-06 15:00:00,0,0,0.2637607753276825
mlp,de,1,1696,2024-06-06 15:05:00,1,0,0.17068953812122345
mlp,de,1,1697,2024-06-06 15:05:00,1,0,0.18343903124332428
mlp,de,1,1698,2024-06-06 15:10:00,1,0,0.17790332436561584
mlp,de,1,1699,2024-06-06 15:10:00,1,0,0.16743135452270508
mlp,de,1,1700,2024-06-06 15:15:00,1,0,0.38894280791282654
mlp,de,1,1701,2024-06-06 15:15:00,1,0,0.39620786905288696
mlp,de,1,1702,2024-06-06 15:20:00,1,1,0.5475507378578186
mlp,de,1,1703,2024-06-06 15:20:00,1,1,0.559685468673706
mlp,de,1,1704,2024-06-06 15:25:00,1,1,0.6003003716468811
mlp,de,1,1705,2024-06-06 15:25:00,1,1,0.5895691514015198
mlp,de,1,1706,2024-06-06 15:30:00,1,1,0.619839072227478
mlp,de,1,1707,2024-06-06 15:30:00,1,1,0.6138795614242554
mlp,de,1,1708,2024-06-06 15:35:00,1,1,0.682201623916626
mlp,de,1,1709,2024-06-06 15:35:00,1,1,0.6721483469009399
mlp,de,1,1710,2024-06-06 15:40:00,1,1,0.7011487483978271
mlp,de,1,1711,2024-06-06 15:40:00,1,1,0.7271471619606018
mlp,de,1,1712,2024-06-06 15:45:00,1,1,0.75990229845047
mlp,de,1,1713,2024-06-06 15:45:00,1,1,0.7965829372406006
mlp,de,1,1714,2024-06-06 15:50:00,1,1,0.5521582365036011
mlp,de,1,1715,2024-06-06 15:50:00,1,1,0.5354107022285461
mlp,de,1,1716,2024-06-06 15:55:00,1,0,0.37204721570014954
mlp,de,1,1717,2024-06-06 15:55:00,1,0,0.39116671681404114
mlp,de,1,1718,2024-06-06 16:00:00,1,0,0.27014583349227905
mlp,de,1,1719,2024-06-06 16:00:00,1,0,0.2694554626941681
mlp,de,1,1720,2024-06-06 16:05:00,1,0,0.30377906560897827
mlp,de,1,1721,2024-06-06 16:05:00,1,0,0.2888908386230469
mlp,de,1,1722,2024-06-06 16:10:00,1,0,0.31185126304626465
mlp,de,1,1723,2024-06-06 16:10:00,1,0,0.28566762804985046
mlp,de,1,1724,2024-06-06 16:15:00,1,0,0.30932676792144775
mlp,de,1,1725,2024-06-06 16:15:00,1,0,0.3408548831939697
mlp,de,1,1726,2024-06-06 16:20:00,1,0,0.27705180644989014
mlp,de,1,1727,2024-06-06 16:20:00,1,0,0.3267368674278259
mlp,de,1,1728,2024-06-06 16:25:00,1,0,0.3315885365009308
mlp,de,1,1729,2024-06-06 16:25:00,1,0,0.34836527705192566
mlp,de,1,1730,2024-06-06 16:30:00,1,0,0.3358648717403412
mlp,de,1,1731,2024-06-06 16:30:00,1,0,0.3326073884963989
mlp,de,1,1732,2024-06-06 16:35:00,1,0,0.4094289243221283
mlp,de,1,1733,2024-06-06 16:35:00,1,0,0.4131740629673004
mlp,de,1,1734,2024-06-06 16:40:00,1,1,0.6156216859817505
mlp,de,1,1735,2024-06-06 16:40:00,1,1,0.6306464076042175
mlp,de,1,1736,2024-06-06 16:45:00,1,1,0.7266026735305786
mlp,de,1,1737,2024-06-06 16:45:00,1,1,0.7183195948600769
mlp,de,1,1738,2024-06-06 16:50:00,1,1,0.7832363247871399
mlp,de,1,1739,2024-06-06 16:50:00,1,1,0.8096844553947449
mlp,de,1,1740,2024-06-06 16:55:00,0,1,0.8181486129760742
mlp,de,1,1741,2024-06-06 16:55:00,0,1,0.8001109957695007
mlp,de,1,1742,2024-06-06 17:00:00,0,1,0.7737082242965698
mlp,de,1,1743,2024-06-06 17:00:00,0,1,0.7262081503868103
mlp,de,1,1744,2024-06-06 17:05:00,0,1,0.6541114449501038
mlp,de,1,1745,2024-06-06 17:05:00,0,1,0.5693355202674866
mlp,de,1,1746,2024-06-06 17:10:00,0,1,0.5874698758125305
mlp,de,1,1747,2024-06-06 17:10:00,0,1,0.5620707273483276
mlp,de,1,1748,2024-06-06 17:15:00,0,1,0.6276834607124329
mlp,de,1,1749,2024-06-06 17:15:00,0,1,0.5853894352912903
mlp,de,1,1750,2024-06-06 17:20:00,0,1,0.5831836462020874
mlp,de,1,1751,2024-06-06 17:20:00,0,1,0.571555495262146
mlp,de,1,1752,2024-06-06 17:25:00,0,0,0.49441495537757874
mlp,de,1,1753,2024-06-06 17:25:00,0,1,0.5383410453796387
mlp,de,1,1754,2024-06-06 17:30:00,0,1,0.5736632943153381
mlp,de,1,1755,2024-06-06 17:30:00,0,1,0.5480508208274841
mlp,de,1,1756,2024-06-06 17:35:00,0,1,0.5993413329124451
mlp,de,1,1757,2024-06-06 17:35:00,0,1,0.5728542804718018
mlp,de,1,1758,2024-06-06 17:40:00,0,0,0.4829322099685669
mlp,de,1,1759,2024-06-06 17:40:00,0,0,0.49561986327171326
mlp,de,1,1760,2024-06-06 17:45:00,0,0,0.4512990713119507
mlp,de,1,1761,2024-06-06 17:45:00,0,0,0.475136399269104
mlp,de,1,1762,2024-06-06 17:50:00,0,1,0.5297596454620361
mlp,de,1,1763,2024-06-06 17:50:00,0,1,0.5534728765487671
mlp,de,1,1764,2024-06-06 17:55:00,0,0,0.4654749631881714
mlp,de,1,1765,2024-06-06 17:55:00,1,0,0.48643678426742554
mlp,de,1,1766,2024-06-07 17:10:00,1,0,0.40461626648902893
mlp,de,1,1767,2024-06-07 17:15:00,1,0,0.3181023597717285
mlp,de,1,1768,2024-06-07 17:20:00,1,1,0.6078726649284363
mlp,de,1,1769,2024-06-07 17:25:00,1,1,0.5880295038223267
mlp,de,1,1770,2024-06-07 17:30:00,1,1,0.6037349700927734
mlp,de,1,1771,2024-06-07 17:35:00,1,0,0.4999738931655884
mlp,de,1,1772,2024-06-07 17:40:00,1,0,0.3941163718700409
mlp,de,1,1773,2024-06-07 17:45:00,1,0,0.3044328987598419
mlp,de,1,1774,2024-06-07 17:50:00,1,0,0.3866956830024719
mlp,de,1,1775,2024-06-07 17:55:00,1,0,0.38985180854797363
mlp,de,1,1776,2024-06-10 10:40:00,1,1,0.8679304718971252
mlp,de,1,1777,2024-06-10 10:45:00,1,1,0.9049054980278015
mlp,de,1,1778,2024-06-10 10:50:00,1,1,0.8427842855453491
mlp,de,1,1779,2024-06-10 10:55:00,1,1,0.6321150660514832
mlp,de,1,1780,2024-06-10 11:00:00,1,1,0.5029637217521667
mlp,de,1,1781,2024-06-10 11:05:00,1,0,0.4514923691749573
mlp,de,1,1782,2024-06-10 11:10:00,1,1,0.5366349816322327
mlp,de,1,1783,2024-06-10 11:15:00,1,1,0.6833853125572205
mlp,de,1,1784,2024-06-10 11:20:00,1,1,0.7630507946014404
mlp,de,1,1785,2024-06-10 11:25:00,1,1,0.6886255741119385
mlp,de,1,1786,2024-06-10 11:30:00,1,1,0.579140841960907
mlp,de,1,1787,2024-06-10 11:35:00,1,1,0.5294876098632812
mlp,de,1,1788,2024-06-10 11:40:00,1,1,0.6104062795639038
mlp,de,1,1789,2024-06-10 11:45:00,1,1,0.6302493810653687
mlp,de,1,1790,2024-06-10 11:50:00,0,1,0.7183427810668945
mlp,de,1,1791,2024-06-10 11:50:00,0,1,0.7035351991653442
mlp,de,1,1792,2024-06-10 11:55:00,0,0,0.4609096944332123
mlp,de,1,1793,2024-06-10 11:55:00,0,0,0.4742887318134308
mlp,de,1,1794,2024-06-10 12:00:00,0,0,0.4243912696838379
mlp,de,1,1795,2024-06-10 12:00:00,0,0,0.42556867003440857
mlp,de,1,1796,2024-06-10 12:05:00,0,0,0.39031487703323364
mlp,de,1,1797,2024-06-10 12:05:00,0,0,0.4188571572303772
mlp,de,1,1798,2024-06-10 12:10:00,0,0,0.3443353474140167
mlp,de,1,1799,2024-06-10 12:10:00,0,0,0.3263308107852936
mlp,de,1,1800,2024-06-10 12:15:00,0,0,0.38471439480781555
mlp,de,1,1801,2024-06-10 12:15:00,0,0,0.39163729548454285
mlp,de,1,1802,2024-06-10 12:20:00,0,0,0.39799606800079346
mlp,de,1,1803,2024-06-10 12:20:00,0,0,0.38877248764038086
mlp,de,1,1804,2024-06-10 12:25:00,0,0,0.38000038266181946
mlp,de,1,1805,2024-06-10 12:25:00,0,0,0.377742737531662
mlp,de,1,1806,2024-06-10 12:30:00,0,0,0.30906033515930176
mlp,de,1,1807,2024-06-10 12:30:00,0,0,0.3065444529056549
mlp,de,1,1808,2024-06-10 12:35:00,0,0,0.3631458580493927
mlp,de,1,1809,2024-06-10 12:35:00,0,0,0.3494178354740143
mlp,de,1,1810,2024-06-10 12:40:00,0,0,0.4204155504703522
mlp,de,1,1811,2024-06-10 12:40:00,0,0,0.41486141085624695
mlp,de,1,1812,2024-06-10 12:45:00,0,0,0.4528336822986603
mlp,de,1,1813,2024-06-10 12:45:00,0,0,0.45806267857551575
mlp,de,1,1814,2024-06-10 12:50:00,1,0,0.3497936725616455
mlp,de,1,1815,2024-06-10 12:50:00,0,0,0.3566094934940338
mlp,de,1,1816,2024-06-10 12:55:00,1,0,0.42502546310424805
mlp,de,1,1817,2024-06-10 12:55:00,0,0,0.41267871856689453
mlp,de,1,1818,2024-06-10 13:00:00,1,1,0.513759970664978
mlp,de,1,1819,2024-06-10 13:00:00,0,0,0.49251627922058105
mlp,de,1,1820,2024-06-10 13:05:00,1,1,0.5637718439102173
mlp,de,1,1821,2024-06-10 13:05:00,0,1,0.5613671541213989
mlp,de,1,1822,2024-06-10 13:10:00,0,1,0.6556662917137146
mlp,de,1,1823,2024-06-10 13:10:00,0,1,0.6520736217498779
mlp,de,1,1824,2024-06-10 13:15:00,0,1,0.591367781162262
mlp,de,1,1825,2024-06-10 13:15:00,0,1,0.5856613516807556
mlp,de,1,1826,2024-06-10 13:20:00,0,1,0.5382353067398071
mlp,de,1,1827,2024-06-10 13:20:00,0,1,0.5398675203323364
mlp,de,1,1828,2024-06-10 13:25:00,0,0,0.4390518367290497
mlp,de,1,1829,2024-06-10 13:25:00,0,0,0.4536164700984955
mlp,de,1,1830,2024-06-10 13:30:00,0,0,0.36606165766716003
mlp,de,1,1831,2024-06-10 13:30:00,0,0,0.3789082169532776
mlp,de,1,1832,2024-06-10 13:35:00,0,0,0.42341551184654236
mlp,de,1,1833,2024-06-10 13:35:00,0,0,0.42438390851020813
mlp,de,1,1834,2024-06-10 13:40:00,0,1,0.5109273195266724
mlp,de,1,1835,2024-06-10 13:40:00,0,1,0.5138195157051086
mlp,de,1,1836,2024-06-10 13:45:00,0,0,0.4364986717700958
mlp,de,1,1837,2024-06-10 13:45:00,0,0,0.43846848607063293
mlp,de,1,1838,2024-06-10 13:50:00,0,0,0.46276184916496277
mlp,de,1,1839,2024-06-10 13:50:00,0,0,0.46293458342552185
mlp,de,1,1840,2024-06-10 13:55:00,0,0,0.4912325441837311
mlp,de,1,1841,2024-06-10 13:55:00,0,0,0.4962047338485718
mlp,de,1,1842,2024-06-10 14:00:00,0,1,0.5249141454696655
mlp,de,1,1843,2024-06-10 14:00:00,0,1,0.5178842544555664
mlp,de,1,1844,2024-06-10 14:05:00,0,1,0.5157626867294312
mlp,de,1,1845,2024-06-10 14:05:00,0,1,0.5215954780578613
mlp,de,1,1846,2024-06-10 14:10:00,0,0,0.4210008978843689
mlp,de,1,1847,2024-06-10 14:10:00,0,0,0.42548108100891113
mlp,de,1,1848,2024-06-10 14:15:00,0,0,0.3792600929737091
mlp,de,1,1849,2024-06-10 14:15:00,0,0,0.37195125222206116
mlp,de,1,1850,2024-06-10 14:20:00,0,0,0.336251825094223
mlp,de,1,1851,2024-06-10 14:20:00,0,0,0.3213035464286804
mlp,de,1,1852,2024-06-10 14:25:00,0,0,0.3785431385040283
mlp,de,1,1853,2024-06-10 14:25:00,0,0,0.39187338948249817
mlp,de,1,1854,2024-06-10 14:30:00,0,0,0.4601574242115021
mlp,de,1,1855,2024-06-10 14:30:00,0,0,0.46740660071372986
mlp,de,1,1856,2024-06-10 14:35:00,0,0,0.48080265522003174
mlp,de,1,1857,2024-06-10 14:35:00,0,1,0.5055124759674072
mlp,de,1,1858,2024-06-10 14:40:00,0,1,0.5204290151596069
mlp,de,1,1859,2024-06-10 14:40:00,0,1,0.5221729278564453
mlp,de,1,1860,2024-06-10 14:45:00,0,1,0.6252483129501343
mlp,de,1,1861,2024-06-10 14:45:00,0,1,0.6219932436943054
mlp,de,1,1862,2024-06-10 14:50:00,0,1,0.5619449615478516
mlp,de,1,1863,2024-06-10 14:50:00,0,1,0.5843493938446045
mlp,de,1,1864,2024-06-10 14:55:00,0,0,0.3754611909389496
mlp,de,1,1865,2024-06-10 14:55:00,0,0,0.37636321783065796
mlp,de,1,1866,2024-06-10 15:00:00,0,0,0.2273632287979126
mlp,de,1,1867,2024-06-10 15:00:00,0,0,0.23440125584602356
mlp,de,1,1868,2024-06-10 15:05:00,0,0,0.24498100578784943
mlp,de,1,1869,2024-06-10 15:05:00,0,0,0.25447046756744385
mlp,de,1,1870,2024-06-10 15:10:00,0,0,0.2688747048377991
mlp,de,1,1871,2024-06-10 15:10:00,0,0,0.2799822688102722
mlp,de,1,1872,2024-06-10 15:15:00,0,0,0.3213978409767151
mlp,de,1,1873,2024-06-10 15:15:00,0,0,0.3274996876716614
mlp,de,1,1874,2024-06-10 15:20:00,1,0,0.32310542464256287
mlp,de,1,1875,2024-06-10 15:20:00,1,0,0.3152593970298767
mlp,de,1,1876,2024-06-10 15:25:00,1,0,0.38933995366096497
mlp,de,1,1877,2024-06-10 15:25:00,1,0,0.40568405389785767
mlp,de,1,1878,2024-06-10 15:30:00,1,0,0.4709378778934479
mlp,de,1,1879,2024-06-10 15:30:00,1,0,0.47257134318351746
mlp,de,1,1880,2024-06-10 15:35:00,1,1,0.7347478866577148
mlp,de,1,1881,2024-06-10 15:35:00,1,1,0.7337929606437683
mlp,de,1,1882,2024-06-10 15:40:00,0,1,0.8150343894958496
mlp,de,1,1883,2024-06-10 15:40:00,0,1,0.8098655939102173
mlp,de,1,1884,2024-06-10 15:45:00,0,1,0.7526170611381531
mlp,de,1,1885,2024-06-10 15:45:00,0,1,0.7617851495742798
mlp,de,1,1886,2024-06-10 15:50:00,0,1,0.7157854437828064
mlp,de,1,1887,2024-06-10 15:50:00,0,1,0.7282178401947021
mlp,de,1,1888,2024-06-10 15:55:00,0,1,0.5838542580604553
mlp,de,1,1889,2024-06-10 15:55:00,0,1,0.5720534920692444
mlp,de,1,1890,2024-06-10 16:00:00,0,1,0.5723578929901123
mlp,de,1,1891,2024-06-10 16:00:00,0,1,0.5691867470741272
mlp,de,1,1892,2024-06-10 16:05:00,0,0,0.4056019186973572
mlp,de,1,1893,2024-06-10 16:05:00,0,0,0.40425655245780945
mlp,de,1,1894,2024-06-10 16:10:00,0,1,0.5170279741287231
mlp,de,1,1895,2024-06-10 16:10:00,0,1,0.5154948830604553
mlp,de,1,1896,2024-06-10 16:15:00,0,1,0.5252077579498291
mlp,de,1,1897,2024-06-10 16:15:00,0,1,0.5267184376716614
mlp,de,1,1898,2024-06-10 16:20:00,0,1,0.5303554534912109
mlp,de,1,1899,2024-06-10 16:20:00,0,1,0.5383200645446777
mlp,de,1,1900,2024-06-10 16:25:00,0,0,0.46543213725090027
mlp,de,1,1901,2024-06-10 16:25:00,0,0,0.44841504096984863
mlp,de,1,1902,2024-06-10 16:30:00,0,0,0.34689533710479736
mlp,de,1,1903,2024-06-10 16:30:00,0,0,0.3389780521392822
mlp,de,1,1904,2024-06-10 16:35:00,0,0,0.35053402185440063
mlp,de,1,1905,2024-06-10 16:35:00,0,0,0.33256518840789795
mlp,de,1,1906,2024-06-10 16:40:00,0,0,0.4984104037284851
mlp,de,1,1907,2024-06-10 16:40:00,0,0,0.49935173988342285
mlp,de,1,1908,2024-06-10 16:45:00,0,0,0.41598647832870483
mlp,de,1,1909,2024-06-10 16:45:00,0,0,0.434453547000885
mlp,de,1,1910,2024-06-10 16:50:00,0,0,0.3842542767524719
mlp,de,1,1911,2024-06-10 16:50:00,0,0,0.3636987507343292
mlp,de,1,1912,2024-06-10 16:55:00,0,0,0.4072565734386444
mlp,de,1,1913,2024-06-10 16:55:00,0,0,0.383303165435791
mlp,de,1,1914,2024-06-10 17:00:00,0,0,0.4209766983985901
mlp,de,1,1915,2024-06-10 17:00:00,1,0,0.41402122378349304
mlp,de,1,1916,2024-06-10 17:05:00,1,0,0.42843323945999146
mlp,de,1,1917,2024-06-10 17:05:00,0,0,0.44202253222465515
mlp,de,1,1918,2024-06-10 17:10:00,1,1,0.5022269487380981
mlp,de,1,1919,2024-06-10 17:10:00,0,0,0.4933825731277466
mlp,de,1,1920,2024-06-10 17:15:00,1,0,0.470010370016098
mlp,de,1,1921,2024-06-10 17:15:00,1,0,0.45860549807548523
mlp,de,1,1922,2024-06-10 17:20:00,1,0,0.47289198637008667
mlp,de,1,1923,2024-06-10 17:20:00,1,0,0.4764171242713928
mlp,de,1,1924,2024-06-10 17:25:00,1,1,0.5353000164031982
mlp,de,1,1925,2024-06-10 17:25:00,1,1,0.5402796864509583
mlp,de,1,1926,2024-06-10 17:30:00,1,1,0.6423816084861755
mlp,de,1,1927,2024-06-10 17:30:00,1,1,0.631895124912262
mlp,de,1,1928,2024-06-10 17:35:00,1,1,0.668193519115448
mlp,de,1,1929,2024-06-10 17:35:00,1,1,0.6831837892532349
mlp,de,1,1930,2024-06-10 17:40:00,1,1,0.6390891671180725
mlp,de,1,1931,2024-06-10 17:40:00,1,1,0.6347885727882385
mlp,de,1,1932,2024-06-10 17:45:00,1,1,0.6153201460838318
mlp,de,1,1933,2024-06-10 17:45:00,1,1,0.591810405254364
mlp,de,1,1934,2024-06-10 17:50:00,1,1,0.5294883251190186
mlp,de,1,1935,2024-06-10 17:50:00,1,1,0.5352563261985779
mlp,de,1,1936,2024-06-10 17:55:00,0,1,0.5496293306350708
mlp,de,1,1937,2024-06-10 17:55:00,0,1,0.5490291714668274
mlp,de,1,1938,2024-06-12 10:40:00,0,0,0.037874169647693634
mlp,de,1,1939,2024-06-12 10:40:00,0,0,0.036395471543073654
mlp,de,1,1940,2024-06-12 10:45:00,0,0,0.033843107521533966
mlp,de,1,1941,2024-06-12 10:45:00,0,0,0.034364257007837296
mlp,de,1,1942,2024-06-12 10:50:00,0,0,0.04526957497000694
mlp,de,1,1943,2024-06-12 10:50:00,0,0,0.04669554904103279
mlp,de,1,1944,2024-06-12 10:55:00,0,0,0.05104449763894081
mlp,de,1,1945,2024-06-12 10:55:00,0,0,0.0524507611989975
mlp,de,1,1946,2024-06-12 11:00:00,1,0,0.060093414038419724
mlp,de,1,1947,2024-06-12 11:00:00,0,0,0.059333063662052155
mlp,de,1,1948,2024-06-12 11:05:00,0,0,0.12147641181945801
mlp,de,1,1949,2024-06-12 11:05:00,1,0,0.1255159229040146
mlp,de,1,1950,2024-06-12 11:10:00,1,0,0.1700536608695984
mlp,de,1,1951,2024-06-12 11:10:00,1,0,0.1600719541311264
mlp,de,1,1952,2024-06-12 11:15:00,1,0,0.4117315113544464
mlp,de,1,1953,2024-06-12 11:15:00,1,0,0.40466561913490295
mlp,de,1,1954,2024-06-12 11:20:00,1,1,0.6691802144050598
mlp,de,1,1955,2024-06-12 11:20:00,1,1,0.6987732648849487
mlp,de,1,1956,2024-06-12 11:25:00,1,1,0.764079213142395
mlp,de,1,1957,2024-06-12 11:25:00,1,1,0.7765657901763916
mlp,de,1,1958,2024-06-12 11:30:00,1,1,0.6900589466094971
mlp,de,1,1959,2024-06-12 11:30:00,1,1,0.710607647895813
mlp,de,1,1960,2024-06-12 11:35:00,1,1,0.5231713056564331
mlp,de,1,1961,2024-06-12 11:35:00,1,1,0.5564400553703308
mlp,de,1,1962,2024-06-12 11:40:00,1,0,0.4737798571586609
mlp,de,1,1963,2024-06-12 11:40:00,1,0,0.4894052743911743
mlp,de,1,1964,2024-06-12 11:45:00,1,0,0.40670886635780334
mlp,de,1,1965,2024-06-12 11:45:00,1,0,0.41278696060180664
mlp,de,1,1966,2024-06-12 11:50:00,1,0,0.44626978039741516
mlp,de,1,1967,2024-06-12 11:50:00,1,0,0.45428285002708435
mlp,de,1,1968,2024-06-12 11:55:00,1,0,0.43814945220947266
mlp,de,1,1969,2024-06-12 11:55:00,1,0,0.424847275018692
mlp,de,1,1970,2024-06-12 12:00:00,1,0,0.3488539457321167
mlp,de,1,1971,2024-06-12 12:00:00,1,0,0.34932512044906616
mlp,de,1,1972,2024-06-12 12:05:00,1,0,0.30801743268966675
mlp,de,1,1973,2024-06-12 12:05:00,1,0,0.30764052271842957
mlp,de,1,1974,2024-06-12 12:10:00,1,0,0.26036667823791504
mlp,de,1,1975,2024-06-12 12:10:00,1,0,0.2620700001716614
mlp,de,1,1976,2024-06-12 12:15:00,1,0,0.306872695684433
mlp,de,1,1977,2024-06-12 12:15:00,1,0,0.3147943615913391
mlp,de,1,1978,2024-06-12 12:20:00,1,1,0.5024599432945251
mlp,de,1,1979,2024-06-12 12:20:00,1,1,0.5057590007781982
mlp,de,1,1980,2024-06-12 12:25:00,1,1,0.6715279817581177
mlp,de,1,1981,2024-06-12 12:25:00,1,1,0.6998317837715149
mlp,de,1,1982,2024-06-12 12:30:00,1,1,0.6713451147079468
mlp,de,1,1983,2024-06-12 12:30:00,1,1,0.700787365436554
mlp,de,1,1984,2024-06-12 12:35:00,1,1,0.6821281313896179
mlp,de,1,1985,2024-06-12 12:35:00,1,1,0.6924906969070435
mlp,de,1,1986,2024-06-12 12:40:00,1,1,0.7128286957740784
mlp,de,1,1987,2024-06-12 12:40:00,1,1,0.7342203855514526
mlp,de,1,1988,2024-06-12 12:45:00,1,1,0.7021418809890747
mlp,de,1,1989,2024-06-12 12:45:00,1,1,0.695196807384491
mlp,de,1,1990,2024-06-12 12:50:00,1,1,0.6741630434989929
mlp,de,1,1991,2024-06-12 12:50:00,1,1,0.6815519332885742
mlp,de,1,1992,2024-06-12 12:55:00,1,1,0.6219098567962646
mlp,de,1,1993,2024-06-12 12:55:00,1,1,0.6439604759216309
mlp,de,1,1994,2024-06-12 13:00:00,1,1,0.6482757925987244
mlp,de,1,1995,2024-06-12 13:00:00,1,1,0.6344539523124695
mlp,de,1,1996,2024-06-12 13:05:00,1,0,0.45297306776046753
mlp,de,1,1997,2024-06-12 13:05:00,1,0,0.46621763706207275
mlp,de,1,1998,2024-06-12 13:10:00,1,0,0.3572750985622406
mlp,de,1,1999,2024-06-12 13:10:00,1,0,0.34306615591049194
mlp,de,1,2000,2024-06-12 13:15:00,1,0,0.4258953332901001
mlp,de,1,2001,2024-06-12 13:15:00,1,0,0.4334959089756012
mlp,de,1,2002,2024-06-12 13:20:00,1,1,0.5437228679656982
mlp,de,1,2003,2024-06-12 13:20:00,1,1,0.523252010345459
mlp,de,1,2004,2024-06-12 13:25:00,1,1,0.6763506531715393
mlp,de,1,2005,2024-06-12 13:25:00,1,1,0.6689305305480957
mlp,de,1,2006,2024-06-12 13:30:00,1,1,0.766624391078949
mlp,de,1,2007,2024-06-12 13:30:00,1,1,0.779876708984375
mlp,de,1,2008,2024-06-12 13:35:00,1,1,0.8108919262886047
mlp,de,1,2009,2024-06-12 13:35:00,1,1,0.8018971085548401
mlp,de,1,2010,2024-06-12 13:40:00,1,1,0.8125030994415283
mlp,de,1,2011,2024-06-12 13:40:00,1,1,0.8007463216781616
mlp,de,1,2012,2024-06-12 13:45:00,1,1,0.6913185715675354
mlp,de,1,2013,2024-06-12 13:45:00,1,1,0.724801778793335
mlp,de,1,2014,2024-06-12 13:50:00,0,1,0.7367424368858337
mlp,de,1,2015,2024-06-12 13:50:00,1,1,0.7541165947914124
mlp,de,1,2016,2024-06-12 13:55:00,1,1,0.5303505659103394
mlp,de,1,2017,2024-06-12 13:55:00,0,1,0.5530865788459778
mlp,de,1,2018,2024-06-12 14:00:00,0,0,0.3215734362602234
mlp,de,1,2019,2024-06-12 14:00:00,1,0,0.27827373147010803
mlp,de,1,2020,2024-06-12 14:05:00,0,0,0.22901217639446259
mlp,de,1,2021,2024-06-12 14:05:00,1,0,0.17642773687839508
mlp,de,1,2022,2024-06-12 14:10:00,0,0,0.2862241864204407
mlp,de,1,2023,2024-06-12 14:10:00,1,0,0.22560806572437286
mlp,de,1,2024,2024-06-12 14:15:00,1,0,0.2345448136329651
mlp,de,1,2025,2024-06-12 14:15:00,0,0,0.32530519366264343
mlp,de,1,2026,2024-06-12 14:20:00,1,0,0.4790743887424469
mlp,de,1,2027,2024-06-12 14:20:00,0,0,0.49841034412384033
mlp,de,1,2028,2024-06-12 14:25:00,1,1,0.5027706623077393
mlp,de,1,2029,2024-06-12 14:25:00,0,0,0.4851069450378418
mlp,de,1,2030,2024-06-12 14:30:00,0,1,0.6320852637290955
mlp,de,1,2031,2024-06-12 14:30:00,1,1,0.6355159282684326
mlp,de,1,2032,2024-06-12 14:35:00,0,1,0.6768854260444641
mlp,de,1,2033,2024-06-12 14:35:00,1,1,0.7232033014297485
mlp,de,1,2034,2024-06-12 14:40:00,1,1,0.7696531414985657
mlp,de,1,2035,2024-06-12 14:40:00,0,1,0.7165105938911438
mlp,de,1,2036,2024-06-12 14:45:00,0,1,0.7669159770011902
mlp,de,1,2037,2024-06-12 14:45:00,0,1,0.7169913649559021
mlp,de,1,2038,2024-06-12 14:50:00,0,1,0.627539336681366
mlp,de,1,2039,2024-06-12 14:50:00,0,1,0.6349277496337891
mlp,de,1,2040,2024-06-12 14:55:00,0,1,0.5989189743995667
mlp,de,1,2041,2024-06-12 14:55:00,0,1,0.5532892346382141
mlp,de,1,2042,2024-06-12 15:00:00,0,0,0.2960464656352997
mlp,de,1,2043,2024-06-12 15:00:00,0,0,0.39364922046661377
mlp,de,1,2044,2024-06-12 15:05:00,0,0,0.37909334897994995
mlp,de,1,2045,2024-06-12 15:05:00,0,0,0.33504995703697205
mlp,de,1,2046,2024-06-12 15:10:00,0,0,0.23633728921413422
mlp,de,1,2047,2024-06-12 15:10:00,0,0,0.3328142464160919
mlp,de,1,2048,2024-06-12 15:15:00,0,0,0.46074178814888
mlp,de,1,2049,2024-06-12 15:15:00,0,0,0.41762059926986694
mlp,de,1,2050,2024-06-12 15:20:00,0,0,0.4097822308540344
mlp,de,1,2051,2024-06-12 15:20:00,0,0,0.4616973102092743
mlp,de,1,2052,2024-06-12 15:25:00,0,0,0.48593080043792725
mlp,de,1,2053,2024-06-12 15:25:00,0,1,0.5091858506202698
mlp,de,1,2054,2024-06-12 15:30:00,0,0,0.36441731452941895
mlp,de,1,2055,2024-06-12 15:30:00,0,0,0.464539110660553
mlp,de,1,2056,2024-06-12 15:35:00,0,0,0.36604583263397217
mlp,de,1,2057,2024-06-12 15:35:00,0,0,0.4307123124599457
mlp,de,1,2058,2024-06-12 15:40:00,0,0,0.3244621753692627
mlp,de,1,2059,2024-06-12 15:40:00,0,0,0.14672206342220306
mlp,de,1,2060,2024-06-12 15:45:00,1,0,0.19988693296909332
mlp,de,1,2061,2024-06-12 15:45:00,1,0,0.05140756815671921
mlp,de,1,2062,2024-06-12 15:50:00,1,0,0.20357991755008698
mlp,de,1,2063,2024-06-12 15:50:00,1,0,0.06737087666988373
mlp,de,1,2064,2024-06-12 15:55:00,1,0,0.2028147578239441
mlp,de,1,2065,2024-06-12 15:55:00,1,0,0.3162481486797333
mlp,de,1,2066,2024-06-12 16:00:00,1,0,0.43586042523384094
mlp,de,1,2067,2024-06-12 16:00:00,1,0,0.4290297329425812
mlp,de,1,2068,2024-06-12 16:05:00,1,0,0.46288636326789856
mlp,de,1,2069,2024-06-12 16:05:00,1,0,0.4703233242034912
mlp,de,1,2070,2024-06-12 16:10:00,1,1,0.6389263272285461
mlp,de,1,2071,2024-06-12 16:10:00,1,1,0.5354440212249756
mlp,de,1,2072,2024-06-12 16:15:00,0,1,0.7851322889328003
mlp,de,1,2073,2024-06-12 16:15:00,1,1,0.6110469102859497
mlp,de,1,2074,2024-06-12 16:20:00,1,1,0.5402424931526184
mlp,de,1,2075,2024-06-12 16:20:00,0,1,0.5423890948295593
mlp,de,1,2076,2024-06-12 16:25:00,0,0,0.36638322472572327
mlp,de,1,2077,2024-06-12 16:25:00,1,0,0.4740639925003052
mlp,de,1,2078,2024-06-12 16:30:00,0,0,0.4758797287940979
mlp,de,1,2079,2024-06-12 16:30:00,1,1,0.5096982717514038
mlp,de,1,2080,2024-06-12 16:35:00,1,1,0.5452579855918884
mlp,de,1,2081,2024-06-12 16:35:00,0,1,0.539242148399353
mlp,de,1,2082,2024-06-12 16:40:00,1,1,0.5448442101478577
mlp,de,1,2083,2024-06-12 16:40:00,0,1,0.5564756989479065
mlp,de,1,2084,2024-06-12 16:45:00,0,1,0.6746743321418762
mlp,de,1,2085,2024-06-12 16:45:00,1,1,0.5830285549163818
mlp,de,1,2086,2024-06-12 16:50:00,0,1,0.7163338661193848
mlp,de,1,2087,2024-06-12 16:50:00,1,1,0.6303424835205078
mlp,de,1,2088,2024-06-12 16:55:00,0,1,0.662987232208252
mlp,de,1,2089,2024-06-12 17:00:00,0,1,0.6621608138084412
mlp,de,1,2090,2024-06-12 17:05:00,0,0,0.46533340215682983
mlp,de,1,2091,2024-06-12 17:10:00,0,0,0.49276530742645264
mlp,de,1,2092,2024-06-12 17:15:00,0,0,0.44335442781448364
mlp,de,1,2093,2024-06-12 17:20:00,0,1,0.5059936046600342
mlp,de,1,2094,2024-06-12 17:25:00,0,0,0.4272398352622986
mlp,de,1,2095,2024-06-12 17:30:00,0,0,0.3273766040802002
mlp,de,1,2096,2024-06-12 17:35:00,0,0,0.23531465232372284
mlp,de,1,2097,2024-06-12 17:40:00,0,0,0.20272566378116608
mlp,de,1,2098,2024-06-12 17:45:00,0,0,0.32829076051712036
mlp,de,1,2099,2024-06-12 17:50:00,0,0,0.322037011384964
mlp,de,1,2100,2024-06-12 17:55:00,0,0,0.3006860911846161
mlp,de,1,2101,2024-06-13 12:10:00,1,0,0.2888561189174652
mlp,de,1,2102,2024-06-13 12:15:00,1,1,0.5514222383499146
mlp,de,1,2103,2024-06-13 12:20:00,1,1,0.8188468217849731
mlp,de,1,2104,2024-06-13 12:25:00,1,1,0.9377326965332031
mlp,de,1,2105,2024-06-13 12:30:00,1,1,0.9276171326637268
mlp,de,1,2106,2024-06-13 12:35:00,1,1,0.782862663269043
mlp,de,1,2107,2024-06-13 12:40:00,1,1,0.6948512196540833
mlp,de,1,2108,2024-06-13 12:45:00,1,1,0.6528931856155396
mlp,de,1,2109,2024-06-13 12:50:00,1,1,0.6807060241699219
mlp,de,1,2110,2024-06-13 12:55:00,1,1,0.7160253524780273
mlp,de,1,2111,2024-06-13 13:00:00,1,1,0.6911869049072266
mlp,de,1,2112,2024-06-13 13:05:00,1,1,0.7576221823692322
mlp,de,1,2113,2024-06-13 13:10:00,1,1,0.6781653165817261
mlp,de,1,2114,2024-06-13 13:15:00,1,1,0.5280340909957886
mlp,de,1,2115,2024-06-13 13:20:00,1,0,0.46387577056884766
mlp,de,1,2116,2024-06-13 13:25:00,1,0,0.3602748513221741
mlp,de,1,2117,2024-06-13 13:30:00,1,0,0.4455167353153229
mlp,de,1,2118,2024-06-13 13:35:00,1,0,0.4448751211166382
mlp,de,1,2119,2024-06-13 13:40:00,1,0,0.3425425887107849
mlp,de,1,2120,2024-06-13 13:45:00,1,0,0.42062994837760925
mlp,de,1,2121,2024-06-13 13:50:00,1,1,0.7106639742851257
mlp,de,1,2122,2024-06-13 13:55:00,1,1,0.7420751452445984
mlp,de,1,2123,2024-06-13 14:00:00,1,1,0.729671061038971
mlp,de,1,2124,2024-06-13 14:05:00,1,1,0.6957282423973083
mlp,de,1,2125,2024-06-13 14:10:00,0,1,0.710848331451416
mlp,de,1,2126,2024-06-13 14:15:00,0,0,0.49803033471107483
mlp,de,1,2127,2024-06-13 14:20:00,0,0,0.45337623357772827
mlp,de,1,2128,2024-06-13 14:25:00,0,0,0.3714105486869812
mlp,de,1,2129,2024-06-13 14:30:00,0,0,0.2776627540588379
mlp,de,1,2130,2024-06-13 14:35:00,0,0,0.3209764063358307
mlp,de,1,2131,2024-06-13 14:40:00,0,0,0.4233115315437317
mlp,de,1,2132,2024-06-13 14:45:00,0,0,0.3715053200721741
mlp,de,1,2133,2024-06-13 14:50:00,0,0,0.4094943404197693
mlp,de,1,2134,2024-06-13 14:55:00,0,1,0.5276528596878052
mlp,de,1,2135,2024-06-13 15:00:00,0,1,0.5658072829246521
mlp,de,1,2136,2024-06-13 15:05:00,0,1,0.6916484236717224
mlp,de,1,2137,2024-06-13 15:10:00,0,1,0.5676689147949219
mlp,de,1,2138,2024-06-13 15:15:00,0,0,0.4276946485042572
mlp,de,1,2139,2024-06-13 15:20:00,0,0,0.46428385376930237
mlp,de,1,2140,2024-06-13 15:25:00,0,0,0.47591909766197205
mlp,de,1,2141,2024-06-13 15:30:00,0,1,0.5604221820831299
mlp,de,1,2142,2024-06-13 15:35:00,0,0,0.4496667981147766
mlp,de,1,2143,2024-06-13 15:40:00,0,1,0.6032317280769348
mlp,de,1,2144,2024-06-13 15:45:00,0,1,0.701597273349762
mlp,de,1,2145,2024-06-13 15:50:00,0,1,0.6039345264434814
mlp,de,1,2146,2024-06-13 15:55:00,0,1,0.5791290402412415
mlp,de,1,2147,2024-06-13 16:00:00,0,1,0.5533890724182129
mlp,de,1,2148,2024-06-13 16:05:00,0,0,0.4837089776992798
mlp,de,1,2149,2024-06-13 16:10:00,0,0,0.4095648527145386
mlp,de,1,2150,2024-06-13 16:15:00,0,0,0.44234445691108704
mlp,de,1,2151,2024-06-13 16:20:00,0,1,0.5053615570068359
mlp,de,1,2152,2024-06-13 16:25:00,0,0,0.4749269485473633
mlp,de,1,2153,2024-06-13 16:30:00,0,0,0.34185969829559326
mlp,de,1,2154,2024-06-13 16:35:00,0,0,0.4488147497177124
mlp,de,1,2155,2024-06-13 16:40:00,0,0,0.4356085956096649
mlp,de,1,2156,2024-06-13 16:45:00,0,0,0.3793002665042877
mlp,de,1,2157,2024-06-13 16:50:00,0,0,0.42979636788368225
mlp,de,1,2158,2024-06-13 16:55:00,0,0,0.334638386964798
mlp,de,1,2159,2024-06-13 17:00:00,0,0,0.2570965588092804
mlp,de,1,2160,2024-06-13 17:05:00,0,0,0.1658278852701187
mlp,de,1,2161,2024-06-13 17:10:00,0,0,0.16138619184494019
mlp,de,1,2162,2024-06-13 17:15:00,0,0,0.2389572113752365
mlp,de,1,2163,2024-06-13 17:20:00,0,0,0.26816582679748535
mlp,de,1,2164,2024-06-13 17:25:00,0,0,0.3185986280441284
mlp,de,1,2165,2024-06-13 17:30:00,0,0,0.36548784375190735
mlp,de,1,2166,2024-06-13 17:35:00,0,0,0.3078804910182953
mlp,de,1,2167,2024-06-13 17:40:00,0,0,0.4087390899658203
mlp,de,1,2168,2024-06-13 17:45:00,0,1,0.5251076817512512
mlp,de,1,2169,2024-06-13 17:50:00,0,1,0.512579083442688
mlp,de,1,2170,2024-06-13 17:55:00,0,0,0.48901036381721497
mlp,de,1,2171,2024-06-14 11:05:00,1,0,0.3331683874130249
mlp,de,1,2172,2024-06-14 11:10:00,1,0,0.4131509065628052
mlp,de,1,2173,2024-06-14 11:15:00,1,1,0.5039411783218384
mlp,de,1,2174,2024-06-14 11:20:00,1,1,0.7026405930519104
mlp,de,1,2175,2024-06-14 11:25:00,1,1,0.8275419473648071
mlp,de,1,2176,2024-06-14 11:30:00,1,1,0.7138957381248474
mlp,de,1,2177,2024-06-14 11:35:00,1,1,0.6392496824264526
mlp,de,1,2178,2024-06-14 11:40:00,1,1,0.6005702614784241
mlp,de,1,2179,2024-06-14 11:45:00,1,1,0.5817201733589172
mlp,de,1,2180,2024-06-14 11:50:00,1,1,0.8509559631347656
mlp,de,1,2181,2024-06-14 11:55:00,1,1,0.9473593235015869
mlp,de,1,2182,2024-06-14 12:00:00,1,1,0.9683706760406494
mlp,de,1,2183,2024-06-14 12:05:00,0,1,0.9719651937484741
mlp,de,1,2184,2024-06-14 12:10:00,0,1,0.9564820528030396
mlp,de,1,2185,2024-06-14 12:15:00,0,1,0.9231181144714355
mlp,de,1,2186,2024-06-14 12:20:00,0,1,0.8825231790542603
mlp,de,1,2187,2024-06-14 12:25:00,0,1,0.670673668384552
mlp,de,1,2188,2024-06-14 12:30:00,0,0,0.3738366663455963
mlp,de,1,2189,2024-06-14 12:35:00,0,0,0.29869216680526733
mlp,de,1,2190,2024-06-14 12:40:00,0,0,0.227756530046463
mlp,de,1,2191,2024-06-14 12:45:00,0,0,0.16261573135852814
mlp,de,1,2192,2024-06-14 12:50:00,0,0,0.29808688163757324
mlp,de,1,2193,2024-06-14 12:55:00,0,0,0.44872596859931946
mlp,de,1,2194,2024-06-14 13:00:00,0,1,0.5563996434211731
mlp,de,1,2195,2024-06-14 13:05:00,0,1,0.5222765207290649
mlp,de,1,2196,2024-06-14 13:10:00,0,1,0.5615854859352112
mlp,de,1,2197,2024-06-14 13:15:00,0,1,0.5036205649375916
mlp,de,1,2198,2024-06-14 13:20:00,0,0,0.4507454037666321
mlp,de,1,2199,2024-06-14 13:25:00,0,0,0.37016910314559937
mlp,de,1,2200,2024-06-14 13:30:00,0,0,0.3265452980995178
mlp,de,1,2201,2024-06-14 13:35:00,0,0,0.37521079182624817
mlp,de,1,2202,2024-06-14 13:40:00,0,1,0.5806224346160889
mlp,de,1,2203,2024-06-14 13:45:00,0,1,0.5153056383132935
mlp,de,1,2204,2024-06-14 13:50:00,0,0,0.4125846028327942
mlp,de,1,2205,2024-06-14 13:55:00,0,0,0.3507666289806366
mlp,de,1,2206,2024-06-14 14:00:00,0,0,0.33573272824287415
mlp,de,1,2207,2024-06-14 14:05:00,0,0,0.40793314576148987
mlp,de,1,2208,2024-06-14 14:10:00,0,1,0.5695879459381104
mlp,de,1,2209,2024-06-14 14:15:00,0,0,0.4242956340312958
mlp,de,1,2210,2024-06-14 14:20:00,0,0,0.2439897060394287
mlp,de,1,2211,2024-06-14 14:25:00,0,0,0.2567967474460602
mlp,de,1,2212,2024-06-14 14:30:00,0,0,0.350343257188797
mlp,de,1,2213,2024-06-14 14:35:00,0,0,0.2877778708934784
mlp,de,1,2214,2024-06-14 14:40:00,0,0,0.20316892862319946
mlp,de,1,2215,2024-06-14 14:45:00,0,0,0.19233915209770203
mlp,de,1,2216,2024-06-14 14:50:00,0,0,0.21503420174121857
mlp,de,1,2217,2024-06-14 14:55:00,0,0,0.25980597734451294
mlp,de,1,2218,2024-06-14 15:00:00,0,0,0.27940165996551514
mlp,de,1,2219,2024-06-14 15:05:00,1,0,0.2973862290382385
mlp,de,1,2220,2024-06-14 15:10:00,1,0,0.376303106546402
mlp,de,1,2221,2024-06-14 15:15:00,1,1,0.6446833610534668
mlp,de,1,2222,2024-06-14 15:20:00,1,1,0.6696863770484924
mlp,de,1,2223,2024-06-14 15:25:00,1,1,0.7148621082305908
mlp,de,1,2224,2024-06-14 15:30:00,1,1,0.7767742872238159
mlp,de,1,2225,2024-06-14 15:35:00,1,1,0.7969791293144226
mlp,de,1,2226,2024-06-14 15:40:00,1,1,0.6776819825172424
mlp,de,1,2227,2024-06-14 15:45:00,1,1,0.822784960269928
mlp,de,1,2228,2024-06-14 15:50:00,1,1,0.763792872428894
mlp,de,1,2229,2024-06-14 15:55:00,1,1,0.6389444470405579
mlp,de,1,2230,2024-06-14 16:00:00,1,1,0.6112481951713562
mlp,de,1,2231,2024-06-14 16:05:00,0,1,0.6873612999916077
mlp,de,1,2232,2024-06-14 16:10:00,0,1,0.571592390537262
mlp,de,1,2233,2024-06-14 16:15:00,0,1,0.5588397979736328
mlp,de,1,2234,2024-06-14 16:20:00,0,0,0.4815804660320282
mlp,de,1,2235,2024-06-14 16:25:00,0,1,0.5702431201934814
mlp,de,1,2236,2024-06-14 16:30:00,0,0,0.4972521960735321
mlp,de,1,2237,2024-06-14 16:35:00,0,0,0.4585978090763092
mlp,de,1,2238,2024-06-14 16:40:00,0,0,0.38382673263549805
mlp,de,1,2239,2024-06-14 16:45:00,0,0,0.4612104296684265
mlp,de,1,2240,2024-06-14 16:50:00,0,1,0.5501275062561035
mlp,de,1,2241,2024-06-14 16:55:00,0,1,0.597437858581543
mlp,de,1,2242,2024-06-14 17:00:00,0,1,0.5604264140129089
mlp,de,1,2243,2024-06-14 17:05:00,0,0,0.45288679003715515
mlp,de,1,2244,2024-06-14 17:10:00,0,0,0.40882450342178345
mlp,de,1,2245,2024-06-14 17:15:00,0,0,0.37148064374923706
mlp,de,1,2246,2024-06-14 17:20:00,0,0,0.39493972063064575
mlp,de,1,2247,2024-06-14 17:25:00,0,0,0.47211089730262756
mlp,de,1,2248,2024-06-14 17:30:00,0,1,0.5217722654342651
mlp,de,1,2249,2024-06-14 17:35:00,0,1,0.5818458795547485
mlp,de,1,2250,2024-06-14 17:40:00,0,1,0.5584791898727417
mlp,de,1,2251,2024-06-14 17:45:00,0,1,0.5985552668571472
mlp,de,1,2252,2024-06-14 17:50:00,0,1,0.5753474831581116
mlp,de,1,2253,2024-06-14 17:55:00,1,1,0.609686017036438
mlp,de,1,2254,2024-06-18 10:40:00,1,1,0.9423476457595825
mlp,de,1,2255,2024-06-18 10:45:00,1,1,0.9701483845710754
mlp,de,1,2256,2024-06-18 10:50:00,1,1,0.956463098526001
mlp,de,1,2257,2024-06-18 10:55:00,0,1,0.9394955039024353
mlp,de,1,2258,2024-06-18 11:00:00,0,1,0.8327414989471436
mlp,de,1,2259,2024-06-18 11:05:00,0,1,0.5978421568870544
mlp,de,1,2260,2024-06-18 11:10:00,0,0,0.2404935657978058
mlp,de,1,2261,2024-06-18 11:15:00,0,0,0.20412030816078186
mlp,de,1,2262,2024-06-18 11:20:00,1,0,0.1872539222240448
mlp,de,1,2263,2024-06-18 11:25:00,1,0,0.3434094190597534
mlp,de,1,2264,2024-06-18 11:30:00,1,0,0.3984620273113251
mlp,de,1,2265,2024-06-18 11:35:00,1,1,0.6652325987815857
mlp,de,1,2266,2024-06-18 11:40:00,1,1,0.5978948473930359
mlp,de,1,2267,2024-06-18 11:45:00,1,0,0.44998982548713684
mlp,de,1,2268,2024-06-18 11:50:00,1,0,0.3707196116447449
mlp,de,1,2269,2024-06-18 11:55:00,1,0,0.4675334692001343
mlp,de,1,2270,2024-06-18 12:00:00,1,0,0.38629600405693054
mlp,de,1,2271,2024-06-18 12:05:00,1,0,0.36264246702194214
mlp,de,1,2272,2024-06-18 12:10:00,1,0,0.3649851381778717
mlp,de,1,2273,2024-06-18 12:15:00,1,1,0.6107468008995056
mlp,de,1,2274,2024-06-18 12:20:00,1,1,0.6163350343704224
mlp,de,1,2275,2024-06-18 12:25:00,1,1,0.6197193264961243
mlp,de,1,2276,2024-06-18 12:30:00,1,1,0.6607989072799683
mlp,de,1,2277,2024-06-18 12:35:00,1,1,0.6910493969917297
mlp,de,1,2278,2024-06-18 12:40:00,1,1,0.5927485227584839
mlp,de,1,2279,2024-06-18 12:45:00,1,1,0.5121088027954102
mlp,de,1,2280,2024-06-18 12:50:00,1,0,0.4309523403644562
mlp,de,1,2281,2024-06-18 12:55:00,1,0,0.341013103723526
mlp,de,1,2282,2024-06-18 13:00:00,1,0,0.4452633261680603
mlp,de,1,2283,2024-06-18 13:05:00,1,1,0.5626366138458252
mlp,de,1,2284,2024-06-18 13:10:00,1,1,0.5393059849739075
mlp,de,1,2285,2024-06-18 13:15:00,1,0,0.4459262192249298
mlp,de,1,2286,2024-06-18 13:20:00,1,0,0.46325746178627014
mlp,de,1,2287,2024-06-18 13:25:00,1,0,0.39632901549339294
mlp,de,1,2288,2024-06-18 13:30:00,1,0,0.3718445897102356
mlp,de,1,2289,2024-06-18 13:35:00,1,1,0.5029013752937317
mlp,de,1,2290,2024-06-18 13:40:00,1,1,0.549566924571991
mlp,de,1,2291,2024-06-18 13:45:00,1,1,0.5920706987380981
mlp,de,1,2292,2024-06-18 13:50:00,1,1,0.6859173774719238
mlp,de,1,2293,2024-06-18 13:55:00,1,1,0.7179147005081177
mlp,de,1,2294,2024-06-18 14:00:00,1,1,0.7021580338478088
mlp,de,1,2295,2024-06-18 14:05:00,1,1,0.705337405204773
mlp,de,1,2296,2024-06-18 14:10:00,1,1,0.5424779653549194
mlp,de,1,2297,2024-06-18 14:15:00,1,1,0.6746182441711426
mlp,de,1,2298,2024-06-18 14:20:00,1,1,0.7595858573913574
mlp,de,1,2299,2024-06-18 14:25:00,1,1,0.7158730626106262
mlp,de,1,2300,2024-06-18 14:30:00,1,1,0.6563906669616699
mlp,de,1,2301,2024-06-18 14:35:00,1,1,0.630942702293396
mlp,de,1,2302,2024-06-18 14:40:00,1,1,0.6142043471336365
mlp,de,1,2303,2024-06-18 14:45:00,1,1,0.5095731019973755
mlp,de,1,2304,2024-06-18 14:50:00,1,0,0.38642627000808716
mlp,de,1,2305,2024-06-18 14:55:00,1,0,0.30821487307548523
mlp,de,1,2306,2024-06-18 15:00:00,1,0,0.31449803709983826
mlp,de,1,2307,2024-06-18 15:05:00,1,0,0.39987409114837646
mlp,de,1,2308,2024-06-18 15:10:00,1,0,0.37669169902801514
mlp,de,1,2309,2024-06-18 15:15:00,1,0,0.3174164295196533
mlp,de,1,2310,2024-06-18 15:20:00,1,0,0.34900352358818054
mlp,de,1,2311,2024-06-18 15:25:00,1,0,0.4639195501804352
mlp,de,1,2312,2024-06-18 15:30:00,0,1,0.6331869959831238
mlp,de,1,2313,2024-06-18 15:35:00,0,0,0.46222856640815735
mlp,de,1,2314,2024-06-18 15:40:00,0,0,0.3429047465324402
mlp,de,1,2315,2024-06-18 15:45:00,0,0,0.25507110357284546
mlp,de,1,2316,2024-06-18 15:50:00,0,0,0.3240428864955902
mlp,de,1,2317,2024-06-18 15:55:00,0,0,0.29695603251457214
mlp,de,1,2318,2024-06-18 16:00:00,0,0,0.20399436354637146
mlp,de,1,2319,2024-06-18 16:05:00,1,0,0.15137286484241486
mlp,de,1,2320,2024-06-18 16:10:00,1,0,0.17725367844104767
mlp,de,1,2321,2024-06-18 16:15:00,1,0,0.23893433809280396
mlp,de,1,2322,2024-06-18 16:20:00,1,0,0.35625961422920227
mlp,de,1,2323,2024-06-18 16:25:00,1,0,0.4474982023239136
mlp,de,1,2324,2024-06-18 16:30:00,1,1,0.5840827226638794
mlp,de,1,2325,2024-06-18 16:35:00,1,1,0.6470721364021301
mlp,de,1,2326,2024-06-18 16:40:00,1,1,0.7100487947463989
mlp,de,1,2327,2024-06-18 16:45:00,1,1,0.6703091263771057
mlp,de,1,2328,2024-06-18 16:50:00,1,1,0.6692341566085815
mlp,de,1,2329,2024-06-18 16:55:00,0,1,0.6820695400238037
mlp,de,1,2330,2024-06-18 17:00:00,0,1,0.7066104412078857
mlp,de,1,2331,2024-06-18 17:05:00,0,1,0.5543252825737
mlp,de,1,2332,2024-06-18 17:10:00,0,0,0.4854610562324524
mlp,de,1,2333,2024-06-18 17:15:00,0,0,0.4817681610584259
mlp,de,1,2334,2024-06-18 17:20:00,0,1,0.556067705154419
mlp,de,1,2335,2024-06-18 17:25:00,0,1,0.6165751218795776
mlp,de,1,2336,2024-06-18 17:30:00,0,1,0.5738298296928406
mlp,de,1,2337,2024-06-18 17:35:00,0,1,0.5066797733306885
mlp,de,1,2338,2024-06-18 17:40:00,0,1,0.6051815748214722
mlp,de,1,2339,2024-06-18 17:45:00,0,1,0.6762478351593018
mlp,de,1,2340,2024-06-18 17:50:00,0,1,0.7124939560890198
mlp,de,1,2341,2024-06-18 17:55:00,0,1,0.6650558114051819
mlp,de,1,2342,2024-06-19 10:55:00,1,0,0.2872140109539032
mlp,de,1,2343,2024-06-19 11:00:00,1,1,0.5793781280517578
mlp,de,1,2344,2024-06-19 11:05:00,1,1,0.5456668138504028
mlp,de,1,2345,2024-06-19 11:10:00,1,0,0.4308691918849945
mlp,de,1,2346,2024-06-19 11:15:00,1,0,0.4042346477508545
mlp,de,1,2347,2024-06-19 11:20:00,1,0,0.4686651825904846
mlp,de,1,2348,2024-06-19 11:25:00,1,1,0.5716118216514587
mlp,de,1,2349,2024-06-19 11:30:00,1,1,0.6019260883331299
mlp,de,1,2350,2024-06-19 11:35:00,1,1,0.6759727001190186
mlp,de,1,2351,2024-06-19 11:40:00,1,1,0.7247262001037598
mlp,de,1,2352,2024-06-19 11:45:00,1,1,0.6003311276435852
mlp,de,1,2353,2024-06-19 11:50:00,1,1,0.5220546722412109
mlp,de,1,2354,2024-06-19 11:55:00,1,1,0.533095121383667
mlp,de,1,2355,2024-06-19 12:00:00,1,0,0.49377644062042236
mlp,de,1,2356,2024-06-19 12:05:00,1,0,0.4709089398384094
mlp,de,1,2357,2024-06-19 12:10:00,1,0,0.4528742730617523
mlp,de,1,2358,2024-06-19 12:15:00,1,0,0.4421840310096741
mlp,de,1,2359,2024-06-19 12:20:00,1,0,0.41889697313308716
mlp,de,1,2360,2024-06-19 12:25:00,1,1,0.5122594237327576
mlp,de,1,2361,2024-06-19 12:30:00,1,1,0.6049349904060364
mlp,de,1,2362,2024-06-19 12:35:00,1,1,0.6575983762741089
mlp,de,1,2363,2024-06-19 12:40:00,1,1,0.6943207383155823
mlp,de,1,2364,2024-06-19 12:45:00,1,1,0.8677926659584045
mlp,de,1,2365,2024-06-19 12:50:00,1,1,0.8578047156333923
mlp,de,1,2366,2024-06-19 12:55:00,1,1,0.8002141118049622
mlp,de,1,2367,2024-06-19 13:00:00,1,1,0.730329692363739
mlp,de,1,2368,2024-06-19 13:05:00,1,1,0.6882911920547485
mlp,de,1,2369,2024-06-19 13:10:00,1,1,0.7111139297485352
mlp,de,1,2370,2024-06-19 13:15:00,1,1,0.5733036994934082
mlp,de,1,2371,2024-06-19 13:20:00,1,0,0.4644971191883087
mlp,de,1,2372,2024-06-19 13:25:00,1,1,0.5330519676208496
mlp,de,1,2373,2024-06-19 13:30:00,1,1,0.6664371490478516
mlp,de,1,2374,2024-06-19 13:35:00,1,1,0.6807014346122742
mlp,de,1,2375,2024-06-19 13:40:00,1,1,0.6966148018836975
mlp,de,1,2376,2024-06-19 13:45:00,1,1,0.7031962275505066
mlp,de,1,2377,2024-06-19 13:50:00,1,1,0.6881585121154785
mlp,de,1,2378,2024-06-19 13:55:00,1,1,0.6581250429153442
mlp,de,1,2379,2024-06-19 14:00:00,1,1,0.5368231534957886
mlp,de,1,2380,2024-06-19 14:05:00,0,1,0.6430118083953857
mlp,de,1,2381,2024-06-19 14:10:00,0,0,0.4837149679660797
mlp,de,1,2382,2024-06-19 14:15:00,0,0,0.41301536560058594
mlp,de,1,2383,2024-06-19 14:20:00,0,0,0.46209344267845154
mlp,de,1,2384,2024-06-19 14:25:00,0,0,0.35715532302856445
mlp,de,1,2385,2024-06-19 14:30:00,1,0,0.30884814262390137
mlp,de,1,2386,2024-06-19 14:35:00,1,0,0.3247531056404114
mlp,de,1,2387,2024-06-19 14:40:00,1,0,0.4274284839630127
mlp,de,1,2388,2024-06-19 14:45:00,1,0,0.4992258548736572
mlp,de,1,2389,2024-06-19 14:50:00,1,1,0.5979703068733215
mlp,de,1,2390,2024-06-19 14:55:00,1,1,0.6129087209701538
mlp,de,1,2391,2024-06-19 15:00:00,1,1,0.6351703405380249
mlp,de,1,2392,2024-06-19 15:05:00,1,1,0.6819996237754822
mlp,de,1,2393,2024-06-19 15:10:00,1,1,0.6344273686408997
mlp,de,1,2394,2024-06-19 15:15:00,1,1,0.6268414855003357
mlp,de,1,2395,2024-06-19 15:20:00,1,1,0.6375945210456848
mlp,de,1,2396,2024-06-19 15:25:00,1,1,0.601839005947113
mlp,de,1,2397,2024-06-19 15:30:00,1,1,0.5508010983467102
mlp,de,1,2398,2024-06-19 15:35:00,1,0,0.45061928033828735
mlp,de,1,2399,2024-06-19 15:40:00,1,1,0.6166502833366394
mlp,de,1,2400,2024-06-19 15:45:00,1,1,0.7950115203857422
mlp,de,1,2401,2024-06-19 15:50:00,1,1,0.840406060218811
mlp,de,1,2402,2024-06-19 15:55:00,1,1,0.8420735597610474
mlp,de,1,2403,2024-06-19 16:00:00,1,1,0.7897905111312866
mlp,de,1,2404,2024-06-19 16:05:00,1,1,0.6744910478591919
mlp,de,1,2405,2024-06-19 16:10:00,1,1,0.5803987979888916
mlp,de,1,2406,2024-06-19 16:15:00,1,1,0.5014417171478271
mlp,de,1,2407,2024-06-19 16:20:00,1,1,0.6551526784896851
mlp,de,1,2408,2024-06-19 16:25:00,1,1,0.7800275087356567
mlp,de,1,2409,2024-06-19 16:30:00,1,1,0.7346193194389343
mlp,de,1,2410,2024-06-19 16:35:00,1,1,0.7921119332313538
mlp,de,1,2411,2024-06-19 16:40:00,1,1,0.847420871257782
mlp,de,1,2412,2024-06-19 16:45:00,1,1,0.8343121409416199
mlp,de,1,2413,2024-06-19 16:50:00,1,1,0.7980599999427795
mlp,de,1,2414,2024-06-19 16:55:00,1,1,0.5872898697853088
mlp,de,1,2415,2024-06-19 17:00:00,1,0,0.4742731750011444
mlp,de,1,2416,2024-06-19 17:05:00,1,0,0.4387385845184326
mlp,de,1,2417,2024-06-19 17:10:00,1,0,0.364986777305603
mlp,de,1,2418,2024-06-19 17:15:00,1,0,0.4254773259162903
mlp,de,1,2419,2024-06-19 17:20:00,1,1,0.5468759536743164
mlp,de,1,2420,2024-06-19 17:25:00,1,1,0.5713567137718201
mlp,de,1,2421,2024-06-19 17:30:00,1,1,0.5387512445449829
mlp,de,1,2422,2024-06-19 17:35:00,1,1,0.5971907377243042
mlp,de,1,2423,2024-06-19 17:40:00,1,1,0.6712770462036133
mlp,de,1,2424,2024-06-19 17:45:00,1,1,0.612670361995697
mlp,de,1,2425,2024-06-19 17:50:00,1,1,0.5454214215278625
mlp,de,1,2426,2024-06-19 17:55:00,1,1,0.5511882901191711
mlp,de,1,2427,2024-06-20 10:50:00,0,1,0.925870418548584
mlp,de,1,2428,2024-06-20 10:55:00,0,1,0.8379169702529907
mlp,de,1,2429,2024-06-20 11:00:00,0,1,0.7139751315116882
mlp,de,1,2430,2024-06-20 11:05:00,0,0,0.4320880174636841
mlp,de,1,2431,2024-06-20 11:10:00,0,0,0.4865628480911255
mlp,de,1,2432,2024-06-20 11:15:00,0,1,0.6096329092979431
mlp,de,1,2433,2024-06-20 11:20:00,0,1,0.5598659515380859
mlp,de,1,2434,2024-06-20 11:25:00,0,0,0.4558528661727905
mlp,de,1,2435,2024-06-20 11:30:00,0,0,0.3269554078578949
mlp,de,1,2436,2024-06-20 11:35:00,0,0,0.20641404390335083
mlp,de,1,2437,2024-06-20 11:40:00,0,0,0.1712852567434311
mlp,de,1,2438,2024-06-20 11:45:00,0,0,0.09470328688621521
mlp,de,1,2439,2024-06-20 11:50:00,0,0,0.07214802503585815
mlp,de,1,2440,2024-06-20 11:55:00,0,0,0.13003987073898315
mlp,de,1,2441,2024-06-20 12:00:00,0,0,0.12129467725753784
mlp,de,1,2442,2024-06-20 12:05:00,0,0,0.09050707519054413
mlp,de,1,2443,2024-06-20 12:10:00,0,0,0.18490999937057495
mlp,de,1,2444,2024-06-20 12:15:00,0,0,0.23569358885288239
mlp,de,1,2445,2024-06-20 12:20:00,0,0,0.3198558986186981
mlp,de,1,2446,2024-06-20 12:25:00,0,0,0.32549765706062317
mlp,de,1,2447,2024-06-20 12:30:00,0,0,0.3557620942592621
mlp,de,1,2448,2024-06-20 12:35:00,0,0,0.2346857190132141
mlp,de,1,2449,2024-06-20 12:40:00,0,0,0.30817124247550964
mlp,de,1,2450,2024-06-20 12:45:00,0,1,0.5111233592033386
mlp,de,1,2451,2024-06-20 12:50:00,0,0,0.46777909994125366
mlp,de,1,2452,2024-06-20 12:55:00,0,0,0.4010249972343445
mlp,de,1,2453,2024-06-20 13:00:00,0,0,0.3557135760784149
mlp,de,1,2454,2024-06-20 13:05:00,0,0,0.23828624188899994
mlp,de,1,2455,2024-06-20 13:10:00,0,0,0.29429417848587036
mlp,de,1,2456,2024-06-20 13:15:00,0,0,0.3848687410354614
mlp,de,1,2457,2024-06-20 13:20:00,0,0,0.34771913290023804
mlp,de,1,2458,2024-06-20 13:25:00,0,0,0.24707700312137604
mlp,de,1,2459,2024-06-20 13:30:00,0,0,0.2715199589729309
mlp,de,1,2460,2024-06-20 13:35:00,1,0,0.27024465799331665
mlp,de,1,2461,2024-06-20 13:40:00,1,0,0.33607617020606995
mlp,de,1,2462,2024-06-20 13:45:00,1,1,0.5773410797119141
mlp,de,1,2463,2024-06-20 13:50:00,1,1,0.5746282339096069
mlp,de,1,2464,2024-06-20 13:55:00,1,1,0.5782656073570251
mlp,de,1,2465,2024-06-20 14:00:00,1,1,0.5637544393539429
mlp,de,1,2466,2024-06-20 14:05:00,1,1,0.6038172245025635
mlp,de,1,2467,2024-06-20 14:10:00,1,1,0.7612889409065247
mlp,de,1,2468,2024-06-20 14:15:00,1,1,0.7951584458351135
mlp,de,1,2469,2024-06-20 14:20:00,1,1,0.7415571808815002
mlp,de,1,2470,2024-06-20 14:25:00,1,1,0.6322072148323059
mlp,de,1,2471,2024-06-20 14:30:00,1,0,0.4296816885471344
mlp,de,1,2472,2024-06-20 14:35:00,1,0,0.32585281133651733
mlp,de,1,2473,2024-06-20 14:40:00,1,0,0.34545785188674927
mlp,de,1,2474,2024-06-20 14:45:00,1,0,0.43823882937431335
mlp,de,1,2475,2024-06-20 14:50:00,1,0,0.4517020881175995
mlp,de,1,2476,2024-06-20 14:55:00,1,1,0.5986625552177429
mlp,de,1,2477,2024-06-20 15:00:00,1,1,0.6429246068000793
mlp,de,1,2478,2024-06-20 15:05:00,1,1,0.6905090808868408
mlp,de,1,2479,2024-06-20 15:10:00,1,1,0.6657039523124695
mlp,de,1,2480,2024-06-20 15:15:00,1,1,0.7112444639205933
mlp,de,1,2481,2024-06-20 15:20:00,1,1,0.7535198330879211
mlp,de,1,2482,2024-06-20 15:25:00,1,1,0.7078063488006592
mlp,de,1,2483,2024-06-20 15:30:00,1,1,0.5428855419158936
mlp,de,1,2484,2024-06-20 15:35:00,1,1,0.5720227360725403
mlp,de,1,2485,2024-06-20 15:40:00,1,1,0.6736245155334473
mlp,de,1,2486,2024-06-20 15:45:00,1,1,0.7684310078620911
mlp,de,1,2487,2024-06-20 15:50:00,0,1,0.8174738883972168
mlp,de,1,2488,2024-06-20 15:55:00,0,1,0.7975661754608154
mlp,de,1,2489,2024-06-20 16:00:00,0,1,0.7077133655548096
mlp,de,1,2490,2024-06-20 16:05:00,0,1,0.5669436454772949
mlp,de,1,2491,2024-06-20 16:10:00,0,0,0.36317938566207886
mlp,de,1,2492,2024-06-20 16:15:00,0,0,0.2175612449645996
mlp,de,1,2493,2024-06-20 16:20:00,0,0,0.14755533635616302
mlp,de,1,2494,2024-06-20 16:25:00,0,0,0.21309541165828705
mlp,de,1,2495,2024-06-20 16:30:00,0,0,0.2799420952796936
mlp,de,1,2496,2024-06-20 16:35:00,0,0,0.310527503490448
mlp,de,1,2497,2024-06-20 16:40:00,0,0,0.4176863133907318
mlp,de,1,2498,2024-06-20 16:45:00,0,0,0.49710386991500854
mlp,de,1,2499,2024-06-20 16:50:00,0,1,0.5029951333999634
mlp,de,1,2500,2024-06-20 16:55:00,0,1,0.553202748298645
mlp,de,1,2501,2024-06-20 17:00:00,0,0,0.4666634500026703
mlp,de,1,2502,2024-06-20 17:05:00,0,0,0.41425782442092896
mlp,de,1,2503,2024-06-20 17:10:00,0,1,0.5012876391410828
mlp,de,1,2504,2024-06-20 17:15:00,0,1,0.5935171842575073
mlp,de,1,2505,2024-06-20 17:20:00,0,1,0.5256853699684143
mlp,de,1,2506,2024-06-20 17:25:00,0,0,0.4582675099372864
mlp,de,1,2507,2024-06-20 17:30:00,0,0,0.4342437982559204
mlp,de,1,2508,2024-06-20 17:35:00,0,0,0.48897644877433777
mlp,de,1,2509,2024-06-20 17:40:00,0,0,0.4978766441345215
mlp,de,1,2510,2024-06-20 17:45:00,0,0,0.4890882670879364
mlp,de,1,2511,2024-06-20 17:50:00,0,1,0.5004457831382751
mlp,de,1,2512,2024-06-20 17:55:00,1,0,0.47551533579826355
mlp,de,1,2513,2024-06-21 10:40:00,1,1,0.7954325079917908
mlp,de,1,2514,2024-06-21 10:45:00,1,1,0.8862446546554565
mlp,de,1,2515,2024-06-21 10:50:00,1,1,0.9353886842727661
mlp,de,1,2516,2024-06-21 10:55:00,1,1,0.9455188512802124
mlp,de,1,2517,2024-06-21 11:00:00,1,1,0.8768033981323242
mlp,de,1,2518,2024-06-21 11:05:00,1,1,0.8352259993553162
mlp,de,1,2519,2024-06-21 11:10:00,1,1,0.6496227383613586
mlp,de,1,2520,2024-06-21 11:15:00,1,1,0.6666021347045898
mlp,de,1,2521,2024-06-21 11:20:00,1,1,0.5986555218696594
mlp,de,1,2522,2024-06-21 11:25:00,0,1,0.7383896708488464
mlp,de,1,2523,2024-06-21 11:30:00,0,1,0.6416351795196533
mlp,de,1,2524,2024-06-21 11:35:00,0,1,0.6015811562538147
mlp,de,1,2525,2024-06-21 11:40:00,0,0,0.440106064081192
mlp,de,1,2526,2024-06-21 11:45:00,0,0,0.331407368183136
mlp,de,1,2527,2024-06-21 11:50:00,0,0,0.4790937602519989
mlp,de,1,2528,2024-06-21 11:55:00,0,0,0.43127891421318054
mlp,de,1,2529,2024-06-21 12:00:00,0,1,0.515011727809906
mlp,de,1,2530,2024-06-21 12:05:00,0,1,0.5319209098815918
mlp,de,1,2531,2024-06-21 12:10:00,0,1,0.5776299834251404
mlp,de,1,2532,2024-06-21 12:15:00,1,0,0.22251629829406738
mlp,de,1,2533,2024-06-21 12:20:00,1,0,0.24547280371189117
mlp,de,1,2534,2024-06-21 12:25:00,1,0,0.2240212857723236
mlp,de,1,2535,2024-06-21 12:30:00,1,0,0.21624332666397095
mlp,de,1,2536,2024-06-21 12:35:00,1,0,0.3293474614620209
mlp,de,1,2537,2024-06-21 12:40:00,1,0,0.34701746702194214
mlp,de,1,2538,2024-06-21 12:45:00,1,1,0.5284826755523682
mlp,de,1,2539,2024-06-21 12:50:00,1,0,0.4794023931026459
mlp,de,1,2540,2024-06-21 12:55:00,1,0,0.44845321774482727
mlp,de,1,2541,2024-06-21 13:00:00,1,0,0.4516476094722748
mlp,de,1,2542,2024-06-21 13:05:00,1,0,0.49844422936439514
mlp,de,1,2543,2024-06-21 13:10:00,1,1,0.5535256862640381
mlp,de,1,2544,2024-06-21 13:15:00,1,1,0.605979859828949
mlp,de,1,2545,2024-06-21 13:20:00,1,1,0.6649841070175171
mlp,de,1,2546,2024-06-21 13:25:00,1,1,0.713050365447998
mlp,de,1,2547,2024-06-21 13:30:00,1,1,0.7022522687911987
mlp,de,1,2548,2024-06-21 13:35:00,1,1,0.6253248453140259
mlp,de,1,2549,2024-06-21 13:40:00,1,1,0.6905697584152222
mlp,de,1,2550,2024-06-21 13:45:00,1,1,0.6506797075271606
mlp,de,1,2551,2024-06-21 13:50:00,0,1,0.7153497934341431
mlp,de,1,2552,2024-06-21 13:55:00,0,1,0.6529410481452942
mlp,de,1,2553,2024-06-21 14:00:00,0,1,0.6232870817184448
mlp,de,1,2554,2024-06-21 14:05:00,0,1,0.5504626631736755
mlp,de,1,2555,2024-06-21 14:10:00,0,1,0.5573485493659973
mlp,de,1,2556,2024-06-21 14:15:00,0,1,0.5487639904022217
mlp,de,1,2557,2024-06-21 14:20:00,0,0,0.49682241678237915
mlp,de,1,2558,2024-06-21 14:25:00,0,0,0.44794410467147827
mlp,de,1,2559,2024-06-21 14:30:00,0,0,0.39047619700431824
mlp,de,1,2560,2024-06-21 14:35:00,0,0,0.3532446026802063
mlp,de,1,2561,2024-06-21 14:40:00,0,0,0.3670397996902466
mlp,de,1,2562,2024-06-21 14:45:00,0,0,0.3427324593067169
mlp,de,1,2563,2024-06-21 14:50:00,0,0,0.4426432251930237
mlp,de,1,2564,2024-06-21 14:55:00,0,0,0.4081806242465973
mlp,de,1,2565,2024-06-21 15:00:00,1,0,0.32562610507011414
mlp,de,1,2566,2024-06-21 15:05:00,1,0,0.43361085653305054
mlp,de,1,2567,2024-06-21 15:10:00,1,0,0.4878379702568054
mlp,de,1,2568,2024-06-21 15:15:00,1,1,0.5681053400039673
mlp,de,1,2569,2024-06-21 15:20:00,1,1,0.6503530144691467
mlp,de,1,2570,2024-06-21 15:25:00,1,1,0.7010055184364319
mlp,de,1,2571,2024-06-21 15:30:00,1,1,0.7555477023124695
mlp,de,1,2572,2024-06-21 15:35:00,1,1,0.7812970876693726
mlp,de,1,2573,2024-06-21 15:40:00,1,1,0.6975936889648438
mlp,de,1,2574,2024-06-21 15:45:00,1,1,0.6183860898017883
mlp,de,1,2575,2024-06-21 15:50:00,1,1,0.6691930294036865
mlp,de,1,2576,2024-06-21 15:55:00,1,1,0.6630746722221375
mlp,de,1,2577,2024-06-21 16:00:00,1,1,0.7053516507148743
mlp,de,1,2578,2024-06-21 16:05:00,1,1,0.6661182045936584
mlp,de,1,2579,2024-06-21 16:10:00,1,1,0.6395218968391418
mlp,de,1,2580,2024-06-21 16:15:00,1,1,0.6315076351165771
mlp,de,1,2581,2024-06-21 16:20:00,1,1,0.6379103660583496
mlp,de,1,2582,2024-06-21 16:25:00,1,1,0.6429557800292969
mlp,de,1,2583,2024-06-21 16:30:00,1,1,0.65951007604599
mlp,de,1,2584,2024-06-21 16:35:00,1,1,0.6597593426704407
mlp,de,1,2585,2024-06-21 16:40:00,1,1,0.5536623597145081
mlp,de,1,2586,2024-06-21 16:45:00,1,0,0.4204772114753723
mlp,de,1,2587,2024-06-21 16:50:00,1,0,0.4935248792171478
mlp,de,1,2588,2024-06-21 16:55:00,1,1,0.5399080514907837
mlp,de,1,2589,2024-06-21 17:00:00,1,0,0.4518166780471802
mlp,de,1,2590,2024-06-21 17:05:00,1,0,0.4050678312778473
mlp,de,1,2591,2024-06-21 17:10:00,1,0,0.40947556495666504
mlp,de,1,2592,2024-06-21 17:15:00,1,1,0.5506515502929688
mlp,de,1,2593,2024-06-21 17:20:00,1,1,0.5129873156547546
mlp,de,1,2594,2024-06-21 17:25:00,1,0,0.460202157497406
mlp,de,1,2595,2024-06-21 17:30:00,1,1,0.5192813277244568
mlp,de,1,2596,2024-06-21 17:35:00,1,1,0.5293907523155212
mlp,de,1,2597,2024-06-21 17:40:00,1,1,0.5370411276817322
mlp,de,1,2598,2024-06-21 17:45:00,1,1,0.5154271125793457
mlp,de,1,2599,2024-06-21 17:50:00,1,1,0.5631013512611389
mlp,de,1,2600,2024-06-21 17:55:00,1,1,0.5792668461799622
mlp,de,1,2601,2024-06-24 10:50:00,0,1,0.8950340151786804
mlp,de,1,2602,2024-06-24 10:55:00,0,1,0.8033636212348938
mlp,de,1,2603,2024-06-24 11:00:00,0,1,0.5371264219284058
mlp,de,1,2604,2024-06-24 11:05:00,0,0,0.4924614429473877
mlp,de,1,2605,2024-06-24 11:10:00,0,1,0.6279013752937317
mlp,de,1,2606,2024-06-24 11:15:00,0,0,0.4859549105167389
mlp,de,1,2607,2024-06-24 11:20:00,0,1,0.5204592943191528
mlp,de,1,2608,2024-06-24 11:25:00,0,0,0.4499116539955139
mlp,de,1,2609,2024-06-24 11:30:00,0,0,0.3434904217720032
mlp,de,1,2610,2024-06-24 11:35:00,0,0,0.4019275903701782
mlp,de,1,2611,2024-06-24 11:40:00,0,0,0.45365220308303833
mlp,de,1,2612,2024-06-24 11:45:00,0,0,0.3891479969024658
mlp,de,1,2613,2024-06-24 11:50:00,0,0,0.45531702041625977
mlp,de,1,2614,2024-06-24 11:55:00,0,1,0.5212178826332092
mlp,de,1,2615,2024-06-24 12:00:00,0,1,0.5194646120071411
mlp,de,1,2616,2024-06-24 12:05:00,0,0,0.49525707960128784
mlp,de,1,2617,2024-06-24 12:10:00,0,0,0.39991459250450134
mlp,de,1,2618,2024-06-24 12:15:00,0,0,0.35631921887397766
mlp,de,1,2619,2024-06-24 12:20:00,0,0,0.3117690980434418
mlp,de,1,2620,2024-06-24 12:25:00,0,0,0.32784706354141235
mlp,de,1,2621,2024-06-24 12:30:00,0,0,0.29069218039512634
mlp,de,1,2622,2024-06-24 12:35:00,0,0,0.3346402049064636
mlp,de,1,2623,2024-06-24 12:40:00,0,0,0.42756664752960205
mlp,de,1,2624,2024-06-24 12:45:00,1,0,0.3912746012210846
mlp,de,1,2625,2024-06-24 12:50:00,1,0,0.45915862917900085
mlp,de,1,2626,2024-06-24 12:55:00,1,1,0.5729127526283264
mlp,de,1,2627,2024-06-24 13:00:00,1,0,0.46543434262275696
mlp,de,1,2628,2024-06-24 13:05:00,1,1,0.5312789082527161
mlp,de,1,2629,2024-06-24 13:10:00,1,1,0.6443495750427246
mlp,de,1,2630,2024-06-24 13:15:00,1,1,0.6771010756492615
mlp,de,1,2631,2024-06-24 13:20:00,1,1,0.732480525970459
mlp,de,1,2632,2024-06-24 13:25:00,1,1,0.676828145980835
mlp,de,1,2633,2024-06-24 13:30:00,1,1,0.5727051496505737
mlp,de,1,2634,2024-06-24 13:35:00,1,1,0.5275179743766785
mlp,de,1,2635,2024-06-24 13:40:00,1,0,0.4645162522792816
mlp,de,1,2636,2024-06-24 13:45:00,1,0,0.4900599420070648
mlp,de,1,2637,2024-06-24 13:50:00,1,0,0.44180914759635925
mlp,de,1,2638,2024-06-24 13:55:00,1,0,0.4791968762874603
mlp,de,1,2639,2024-06-24 14:00:00,1,1,0.5508670806884766
mlp,de,1,2640,2024-06-24 14:05:00,1,0,0.4540475308895111
mlp,de,1,2641,2024-06-24 14:10:00,1,0,0.3876035809516907
mlp,de,1,2642,2024-06-24 14:15:00,1,0,0.3830789029598236
mlp,de,1,2643,2024-06-24 14:20:00,1,0,0.4476125240325928
mlp,de,1,2644,2024-06-24 14:25:00,1,1,0.596786618232727
mlp,de,1,2645,2024-06-24 14:30:00,1,1,0.597267210483551
mlp,de,1,2646,2024-06-24 14:35:00,0,1,0.6914354562759399
mlp,de,1,2647,2024-06-24 14:40:00,0,1,0.590175986289978
mlp,de,1,2648,2024-06-24 14:45:00,0,0,0.4841403067111969
mlp,de,1,2649,2024-06-24 14:50:00,0,0,0.4095833897590637
mlp,de,1,2650,2024-06-24 14:55:00,0,0,0.4927763044834137
mlp,de,1,2651,2024-06-24 15:00:00,0,0,0.4979392886161804
mlp,de,1,2652,2024-06-24 15:05:00,0,1,0.5711221694946289
mlp,de,1,2653,2024-06-24 15:10:00,0,1,0.5521836876869202
mlp,de,1,2654,2024-06-24 15:15:00,0,1,0.5248665809631348
mlp,de,1,2655,2024-06-24 15:20:00,0,0,0.4705379903316498
mlp,de,1,2656,2024-06-24 15:25:00,0,0,0.41625791788101196
mlp,de,1,2657,2024-06-24 15:30:00,1,0,0.3312899172306061
mlp,de,1,2658,2024-06-24 15:35:00,1,0,0.39223840832710266
mlp,de,1,2659,2024-06-24 15:40:00,1,1,0.5047706365585327
mlp,de,1,2660,2024-06-24 15:45:00,1,1,0.6180544495582581
mlp,de,1,2661,2024-06-24 15:50:00,1,0,0.46092063188552856
mlp,de,1,2662,2024-06-24 15:55:00,1,0,0.4178589880466461
mlp,de,1,2663,2024-06-24 16:00:00,1,0,0.4182921051979065
mlp,de,1,2664,2024-06-24 16:05:00,1,0,0.4526665210723877
mlp,de,1,2665,2024-06-24 16:10:00,1,0,0.48166441917419434
mlp,de,1,2666,2024-06-24 16:15:00,1,1,0.5046382546424866
mlp,de,1,2667,2024-06-24 16:20:00,1,1,0.5965330004692078
mlp,de,1,2668,2024-06-24 16:25:00,1,0,0.4761568605899811
mlp,de,1,2669,2024-06-24 16:30:00,1,1,0.585997462272644
mlp,de,1,2670,2024-06-24 16:35:00,1,1,0.6691254377365112
mlp,de,1,2671,2024-06-24 16:40:00,1,1,0.7134471535682678
mlp,de,1,2672,2024-06-24 16:45:00,1,1,0.7132492661476135
mlp,de,1,2673,2024-06-24 16:50:00,1,1,0.6706412434577942
mlp,de,1,2674,2024-06-24 16:55:00,1,1,0.5304502248764038
mlp,de,1,2675,2024-06-24 17:00:00,1,0,0.495389461517334
mlp,de,1,2676,2024-06-24 17:05:00,1,0,0.4555901288986206
mlp,de,1,2677,2024-06-24 17:10:00,1,0,0.40258562564849854
mlp,de,1,2678,2024-06-24 17:15:00,0,1,0.504758894443512
mlp,de,1,2679,2024-06-24 17:20:00,0,1,0.5175185203552246
mlp,de,1,2680,2024-06-24 17:25:00,0,0,0.4802953600883484
mlp,de,1,2681,2024-06-24 17:30:00,0,1,0.5287151336669922
mlp,de,1,2682,2024-06-24 17:35:00,0,1,0.6001241207122803
mlp,de,1,2683,2024-06-24 17:40:00,0,1,0.6205634474754333
mlp,de,1,2684,2024-06-24 17:45:00,0,1,0.5704826712608337
mlp,de,1,2685,2024-06-24 17:50:00,0,1,0.6142981648445129
mlp,de,1,2686,2024-06-24 17:55:00,0,1,0.5833299160003662
mlp,de,1,2687,2024-06-25 12:35:00,1,0,0.24774739146232605
mlp,de,1,2688,2024-06-25 12:40:00,1,0,0.28235843777656555
mlp,de,1,2689,2024-06-25 12:45:00,1,0,0.40841948986053467
mlp,de,1,2690,2024-06-25 12:50:00,1,0,0.4686356484889984
mlp,de,1,2691,2024-06-25 12:55:00,1,1,0.5033376812934875
mlp,de,1,2692,2024-06-25 13:00:00,1,1,0.6128882765769958
mlp,de,1,2693,2024-06-25 13:05:00,1,1,0.5107095241546631
mlp,de,1,2694,2024-06-25 13:10:00,1,0,0.3998931050300598
mlp,de,1,2695,2024-06-25 13:15:00,1,0,0.43967413902282715
mlp,de,1,2696,2024-06-25 13:20:00,1,1,0.5879641175270081
mlp,de,1,2697,2024-06-25 13:25:00,1,1,0.6409117579460144
mlp,de,1,2698,2024-06-25 13:30:00,1,1,0.5497238039970398
mlp,de,1,2699,2024-06-25 13:35:00,1,1,0.6340442299842834
mlp,de,1,2700,2024-06-25 13:40:00,1,1,0.6282204985618591
mlp,de,1,2701,2024-06-25 13:45:00,1,1,0.6411505937576294
mlp,de,1,2702,2024-06-25 13:50:00,1,1,0.6787214875221252
mlp,de,1,2703,2024-06-25 13:55:00,1,1,0.6308153867721558
mlp,de,1,2704,2024-06-25 14:00:00,1,1,0.5902553200721741
mlp,de,1,2705,2024-06-25 14:05:00,1,1,0.6069404482841492
mlp,de,1,2706,2024-06-25 14:10:00,1,1,0.6750572919845581
mlp,de,1,2707,2024-06-25 14:15:00,1,1,0.5743788480758667
mlp,de,1,2708,2024-06-25 14:20:00,1,0,0.38478946685791016
mlp,de,1,2709,2024-06-25 14:25:00,1,0,0.4980905055999756
mlp,de,1,2710,2024-06-25 14:30:00,1,1,0.6253346800804138
mlp,de,1,2711,2024-06-25 14:35:00,1,1,0.5368666648864746
mlp,de,1,2712,2024-06-25 14:40:00,1,1,0.6201637387275696
mlp,de,1,2713,2024-06-25 14:45:00,1,1,0.6201339960098267
mlp,de,1,2714,2024-06-25 14:50:00,0,1,0.774019181728363
mlp,de,1,2715,2024-06-25 14:55:00,0,1,0.7419195771217346
mlp,de,1,2716,2024-06-25 15:00:00,0,1,0.6698969006538391
mlp,de,1,2717,2024-06-25 15:05:00,0,1,0.64056795835495
mlp,de,1,2718,2024-06-25 15:10:00,0,1,0.6568453907966614
mlp,de,1,2719,2024-06-25 15:15:00,0,1,0.5518011450767517
mlp,de,1,2720,2024-06-25 15:20:00,0,0,0.43075618147850037
mlp,de,1,2721,2024-06-25 15:25:00,0,0,0.4807329773902893
mlp,de,1,2722,2024-06-25 15:30:00,0,0,0.4757133722305298
mlp,de,1,2723,2024-06-25 15:35:00,0,0,0.4676320254802704
mlp,de,1,2724,2024-06-25 15:40:00,0,0,0.4646683633327484
mlp,de,1,2725,2024-06-25 15:45:00,0,1,0.5370516180992126
mlp,de,1,2726,2024-06-25 15:50:00,0,0,0.4540184438228607
mlp,de,1,2727,2024-06-25 15:55:00,0,0,0.44068434834480286
mlp,de,1,2728,2024-06-25 16:00:00,0,0,0.4808153212070465
mlp,de,1,2729,2024-06-25 16:05:00,0,0,0.37873053550720215
mlp,de,1,2730,2024-06-25 16:10:00,0,0,0.41794353723526
mlp,de,1,2731,2024-06-25 16:15:00,0,0,0.4687478244304657
mlp,de,1,2732,2024-06-25 16:20:00,0,0,0.43101730942726135
mlp,de,1,2733,2024-06-25 16:25:00,0,0,0.4923569858074188
mlp,de,1,2734,2024-06-25 16:30:00,0,0,0.456350177526474
mlp,de,1,2735,2024-06-25 16:35:00,0,0,0.36788055300712585
mlp,de,1,2736,2024-06-25 16:40:00,1,0,0.33028915524482727
mlp,de,1,2737,2024-06-25 16:45:00,1,0,0.3748866617679596
mlp,de,1,2738,2024-06-25 16:50:00,1,0,0.3744688630104065
mlp,de,1,2739,2024-06-25 16:55:00,1,0,0.4281950294971466
mlp,de,1,2740,2024-06-25 17:00:00,1,1,0.5404844284057617
mlp,de,1,2741,2024-06-25 17:05:00,1,1,0.6375932693481445
mlp,de,1,2742,2024-06-25 17:10:00,1,1,0.688051164150238
mlp,de,1,2743,2024-06-25 17:15:00,1,1,0.6436427235603333
mlp,de,1,2744,2024-06-25 17:20:00,1,1,0.6863100528717041
mlp,de,1,2745,2024-06-25 17:25:00,1,1,0.6179410815238953
mlp,de,1,2746,2024-06-25 17:30:00,0,1,0.61727374792099
mlp,de,1,2747,2024-06-25 17:35:00,0,1,0.6359378695487976
mlp,de,1,2748,2024-06-25 17:40:00,0,1,0.5783959031105042
mlp,de,1,2749,2024-06-25 17:45:00,0,1,0.5570576786994934
mlp,de,1,2750,2024-06-25 17:50:00,0,1,0.5899752378463745
mlp,de,1,2751,2024-06-25 17:55:00,0,1,0.583888828754425
mlp,de,1,2752,2024-06-26 10:40:00,1,0,0.18400073051452637
mlp,de,1,2753,2024-06-26 10:45:00,1,0,0.20800606906414032
mlp,de,1,2754,2024-06-26 10:50:00,1,0,0.34669172763824463
mlp,de,1,2755,2024-06-26 10:55:00,1,1,0.5496869087219238
mlp,de,1,2756,2024-06-26 11:00:00,1,1,0.7011311650276184
mlp,de,1,2757,2024-06-26 11:05:00,1,1,0.5904377102851868
mlp,de,1,2758,2024-06-26 11:10:00,1,1,0.5777198672294617
mlp,de,1,2759,2024-06-26 11:15:00,1,1,0.8158660531044006
mlp,de,1,2760,2024-06-26 11:20:00,1,1,0.8176929950714111
mlp,de,1,2761,2024-06-26 11:25:00,1,1,0.6258445978164673
mlp,de,1,2762,2024-06-26 11:30:00,1,0,0.4633149802684784
mlp,de,1,2763,2024-06-26 11:35:00,1,1,0.5381954908370972
mlp,de,1,2764,2024-06-26 11:40:00,1,0,0.4353724718093872
mlp,de,1,2765,2024-06-26 11:45:00,1,0,0.4401280879974365
mlp,de,1,2766,2024-06-26 11:50:00,1,1,0.5353016257286072
mlp,de,1,2767,2024-06-26 11:55:00,1,1,0.505556583404541
mlp,de,1,2768,2024-06-26 12:00:00,1,1,0.5791034698486328
mlp,de,1,2769,2024-06-26 12:05:00,1,1,0.6562082767486572
mlp,de,1,2770,2024-06-26 12:10:00,1,0,0.39721935987472534
mlp,de,1,2771,2024-06-26 12:15:00,1,0,0.3761831223964691
mlp,de,1,2772,2024-06-26 12:20:00,1,1,0.5172601938247681
mlp,de,1,2773,2024-06-26 12:25:00,1,1,0.5981960296630859
mlp,de,1,2774,2024-06-26 12:30:00,1,1,0.5739011764526367
mlp,de,1,2775,2024-06-26 12:35:00,1,1,0.6703450679779053
mlp,de,1,2776,2024-06-26 12:40:00,1,1,0.647817075252533
mlp,de,1,2777,2024-06-26 12:45:00,1,1,0.6489521861076355
mlp,de,1,2778,2024-06-26 12:50:00,1,1,0.753425121307373
mlp,de,1,2779,2024-06-26 12:55:00,1,1,0.8165141940116882
mlp,de,1,2780,2024-06-26 13:00:00,1,1,0.8449047207832336
mlp,de,1,2781,2024-06-26 13:05:00,1,1,0.8720581531524658
mlp,de,1,2782,2024-06-26 13:10:00,1,1,0.7923874258995056
mlp,de,1,2783,2024-06-26 13:15:00,1,1,0.765998125076294
mlp,de,1,2784,2024-06-26 13:20:00,1,1,0.7885167002677917
mlp,de,1,2785,2024-06-26 13:25:00,1,1,0.7406073212623596
mlp,de,1,2786,2024-06-26 13:30:00,1,1,0.6885616779327393
mlp,de,1,2787,2024-06-26 13:35:00,1,1,0.6293619275093079
mlp,de,1,2788,2024-06-26 13:40:00,1,1,0.6431988477706909
mlp,de,1,2789,2024-06-26 13:45:00,1,1,0.6565264463424683
mlp,de,1,2790,2024-06-26 13:50:00,1,1,0.6816725730895996
mlp,de,1,2791,2024-06-26 13:55:00,1,1,0.6123031973838806
mlp,de,1,2792,2024-06-26 14:00:00,1,1,0.6178268194198608
mlp,de,1,2793,2024-06-26 14:05:00,1,0,0.474518746137619
mlp,de,1,2794,2024-06-26 14:10:00,1,0,0.35316792130470276
mlp,de,1,2795,2024-06-26 14:15:00,1,0,0.39095693826675415
mlp,de,1,2796,2024-06-26 14:20:00,1,1,0.541724443435669
mlp,de,1,2797,2024-06-26 14:25:00,1,1,0.5881998538970947
mlp,de,1,2798,2024-06-26 14:30:00,1,1,0.6554362177848816
mlp,de,1,2799,2024-06-26 14:35:00,1,1,0.5908596515655518
mlp,de,1,2800,2024-06-26 14:40:00,1,1,0.5390552282333374
mlp,de,1,2801,2024-06-26 14:45:00,1,1,0.5275099873542786
mlp,de,1,2802,2024-06-26 14:50:00,1,0,0.47320041060447693
mlp,de,1,2803,2024-06-26 14:55:00,1,1,0.5776324272155762
mlp,de,1,2804,2024-06-26 15:00:00,1,1,0.6886157393455505
mlp,de,1,2805,2024-06-26 15:05:00,1,1,0.7712047100067139
mlp,de,1,2806,2024-06-26 15:10:00,0,1,0.7971422076225281
mlp,de,1,2807,2024-06-26 15:15:00,0,1,0.6983931064605713
mlp,de,1,2808,2024-06-26 15:20:00,0,1,0.6758468151092529
mlp,de,1,2809,2024-06-26 15:25:00,0,1,0.5514583587646484
mlp,de,1,2810,2024-06-26 15:30:00,0,0,0.47711068391799927
mlp,de,1,2811,2024-06-26 15:35:00,0,0,0.4787416160106659
mlp,de,1,2812,2024-06-26 15:40:00,0,0,0.4226321876049042
mlp,de,1,2813,2024-06-26 15:45:00,0,0,0.35770246386528015
mlp,de,1,2814,2024-06-26 15:50:00,0,0,0.24675224721431732
mlp,de,1,2815,2024-06-26 15:55:00,0,0,0.1811436265707016
mlp,de,1,2816,2024-06-26 16:00:00,0,0,0.23379449546337128
mlp,de,1,2817,2024-06-26 16:05:00,0,0,0.2696020305156708
mlp,de,1,2818,2024-06-26 16:10:00,1,0,0.27806198596954346
mlp,de,1,2819,2024-06-26 16:15:00,1,0,0.43692222237586975
mlp,de,1,2820,2024-06-26 16:20:00,1,1,0.5973766446113586
mlp,de,1,2821,2024-06-26 16:25:00,1,1,0.7000618577003479
mlp,de,1,2822,2024-06-26 16:30:00,1,1,0.7380754351615906
mlp,de,1,2823,2024-06-26 16:35:00,1,1,0.7053983211517334
mlp,de,1,2824,2024-06-26 16:40:00,1,1,0.7218895554542542
mlp,de,1,2825,2024-06-26 16:45:00,1,1,0.7002017498016357
mlp,de,1,2826,2024-06-26 16:50:00,0,1,0.8661651015281677
mlp,de,1,2827,2024-06-26 16:55:00,0,1,0.8856677412986755
mlp,de,1,2828,2024-06-26 17:00:00,0,1,0.8131343126296997
mlp,de,1,2829,2024-06-26 17:05:00,0,1,0.8067787289619446
mlp,de,1,2830,2024-06-26 17:10:00,0,1,0.5828418731689453
mlp,de,1,2831,2024-06-26 17:15:00,0,0,0.4639286696910858
mlp,de,1,2832,2024-06-26 17:20:00,0,0,0.4324765205383301
mlp,de,1,2833,2024-06-26 17:25:00,0,0,0.44002118706703186
mlp,de,1,2834,2024-06-26 17:30:00,1,0,0.38752686977386475
mlp,de,1,2835,2024-06-26 17:35:00,1,0,0.42663994431495667
mlp,de,1,2836,2024-06-26 17:40:00,1,1,0.5127251744270325
mlp,de,1,2837,2024-06-26 17:45:00,1,1,0.5507012605667114
mlp,de,1,2838,2024-06-26 17:50:00,1,1,0.6456890106201172
mlp,de,1,2839,2024-06-26 17:55:00,1,1,0.6912220120429993
mlp,de,1,2840,2024-06-27 10:55:00,0,1,0.7502384781837463
mlp,de,1,2841,2024-06-27 11:00:00,0,1,0.7043443322181702
mlp,de,1,2842,2024-06-27 11:05:00,0,1,0.5811586380004883
mlp,de,1,2843,2024-06-27 11:10:00,0,1,0.6175523996353149
mlp,de,1,2844,2024-06-27 11:15:00,0,0,0.44617539644241333
mlp,de,1,2845,2024-06-27 11:20:00,0,0,0.22201573848724365
mlp,de,1,2846,2024-06-27 11:25:00,0,0,0.1855057030916214
mlp,de,1,2847,2024-06-27 11:30:00,0,0,0.21225440502166748
mlp,de,1,2848,2024-06-27 11:35:00,0,0,0.3368142545223236
mlp,de,1,2849,2024-06-27 11:40:00,0,0,0.32995036244392395
mlp,de,1,2850,2024-06-27 11:45:00,0,0,0.3274473547935486
mlp,de,1,2851,2024-06-27 11:50:00,0,0,0.21323513984680176
mlp,de,1,2852,2024-06-27 11:55:00,0,0,0.1419878453016281
mlp,de,1,2853,2024-06-27 12:00:00,1,0,0.13175682723522186
mlp,de,1,2854,2024-06-27 12:05:00,1,0,0.21798942983150482
mlp,de,1,2855,2024-06-27 12:10:00,1,0,0.2828649878501892
mlp,de,1,2856,2024-06-27 12:15:00,1,0,0.33911073207855225
mlp,de,1,2857,2024-06-27 12:20:00,1,0,0.42495015263557434
mlp,de,1,2858,2024-06-27 12:25:00,1,1,0.6038253307342529
mlp,de,1,2859,2024-06-27 12:30:00,1,1,0.7398119568824768
mlp,de,1,2860,2024-06-27 12:35:00,1,1,0.829469621181488
mlp,de,1,2861,2024-06-27 12:40:00,1,1,0.8638216257095337
mlp,de,1,2862,2024-06-27 12:45:00,1,1,0.8573930859565735
mlp,de,1,2863,2024-06-27 12:50:00,1,1,0.8104891180992126
mlp,de,1,2864,2024-06-27 12:55:00,0,1,0.8102719783782959
mlp,de,1,2865,2024-06-27 13:00:00,0,1,0.672071635723114
mlp,de,1,2866,2024-06-27 13:05:00,0,1,0.5028774738311768
mlp,de,1,2867,2024-06-27 13:10:00,0,0,0.46969878673553467
mlp,de,1,2868,2024-06-27 13:15:00,0,0,0.41944852471351624
mlp,de,1,2869,2024-06-27 13:20:00,0,0,0.497362345457077
mlp,de,1,2870,2024-06-27 13:25:00,0,0,0.4202280342578888
mlp,de,1,2871,2024-06-27 13:30:00,0,0,0.40489017963409424
mlp,de,1,2872,2024-06-27 13:35:00,0,0,0.38569560647010803
mlp,de,1,2873,2024-06-27 13:40:00,0,0,0.4831687808036804
mlp,de,1,2874,2024-06-27 13:45:00,0,1,0.6227431297302246
mlp,de,1,2875,2024-06-27 13:50:00,0,1,0.582848310470581
mlp,de,1,2876,2024-06-27 13:55:00,0,1,0.5440124869346619
mlp,de,1,2877,2024-06-27 14:00:00,0,1,0.5428789854049683
mlp,de,1,2878,2024-06-27 14:05:00,0,0,0.4163318872451782
mlp,de,1,2879,2024-06-27 14:10:00,1,0,0.28796225786209106
mlp,de,1,2880,2024-06-27 14:15:00,1,0,0.37586328387260437
mlp,de,1,2881,2024-06-27 14:20:00,1,1,0.7073522806167603
mlp,de,1,2882,2024-06-27 14:25:00,1,1,0.8177900910377502
mlp,de,1,2883,2024-06-27 14:30:00,1,1,0.7309550046920776
mlp,de,1,2884,2024-06-27 14:35:00,1,1,0.7605789303779602
mlp,de,1,2885,2024-06-27 14:40:00,1,1,0.7646081447601318
mlp,de,1,2886,2024-06-27 14:45:00,1,1,0.7904069423675537
mlp,de,1,2887,2024-06-27 14:50:00,1,1,0.8139410018920898
mlp,de,1,2888,2024-06-27 14:55:00,1,1,0.7941011190414429
mlp,de,1,2889,2024-06-27 15:00:00,1,1,0.701619029045105
mlp,de,1,2890,2024-06-27 15:05:00,1,0,0.4894821345806122
mlp,de,1,2891,2024-06-27 15:10:00,1,0,0.49697011709213257
mlp,de,1,2892,2024-06-27 15:15:00,1,1,0.5482497811317444
mlp,de,1,2893,2024-06-27 15:20:00,1,1,0.5421416163444519
mlp,de,1,2894,2024-06-27 15:25:00,1,1,0.5344613790512085
mlp,de,1,2895,2024-06-27 15:30:00,1,1,0.649523138999939
mlp,de,1,2896,2024-06-27 15:35:00,1,1,0.7064175605773926
mlp,de,1,2897,2024-06-27 15:40:00,1,1,0.6689361929893494
mlp,de,1,2898,2024-06-27 15:45:00,1,1,0.7512251138687134
mlp,de,1,2899,2024-06-27 15:50:00,1,1,0.851417601108551
mlp,de,1,2900,2024-06-27 15:55:00,1,1,0.8841658234596252
mlp,de,1,2901,2024-06-27 16:00:00,1,1,0.8522627353668213
mlp,de,1,2902,2024-06-27 16:05:00,1,1,0.7792022228240967
mlp,de,1,2903,2024-06-27 16:10:00,1,1,0.7651786804199219
mlp,de,1,2904,2024-06-27 16:15:00,1,1,0.5851704478263855
mlp,de,1,2905,2024-06-27 16:20:00,1,0,0.46340370178222656
mlp,de,1,2906,2024-06-27 16:25:00,1,0,0.46622234582901
mlp,de,1,2907,2024-06-27 16:30:00,1,0,0.39483311772346497
mlp,de,1,2908,2024-06-27 16:35:00,1,0,0.41298478841781616
mlp,de,1,2909,2024-06-27 16:40:00,1,1,0.5377022624015808
mlp,de,1,2910,2024-06-27 16:45:00,1,1,0.6612450480461121
mlp,de,1,2911,2024-06-27 16:50:00,1,1,0.619451105594635
mlp,de,1,2912,2024-06-27 16:55:00,1,1,0.657609760761261
mlp,de,1,2913,2024-06-27 17:00:00,1,1,0.6355174779891968
mlp,de,1,2914,2024-06-27 17:05:00,1,1,0.6883254051208496
mlp,de,1,2915,2024-06-27 17:10:00,1,1,0.6033289432525635
mlp,de,1,2916,2024-06-27 17:15:00,1,0,0.4824036657810211
mlp,de,1,2917,2024-06-27 17:20:00,1,0,0.49293777346611023
mlp,de,1,2918,2024-06-27 17:25:00,1,1,0.5411906242370605
mlp,de,1,2919,2024-06-27 17:30:00,1,1,0.5495452880859375
mlp,de,1,2920,2024-06-27 17:35:00,1,0,0.4951018691062927
mlp,de,1,2921,2024-06-27 17:40:00,1,1,0.5254268050193787
mlp,de,1,2922,2024-06-27 17:45:00,1,1,0.5814470648765564
mlp,de,1,2923,2024-06-27 17:50:00,1,1,0.637652575969696
mlp,de,1,2924,2024-06-27 17:55:00,0,1,0.6985947489738464
mlp,de,1,2925,2024-06-28 10:40:00,0,0,0.1850855052471161
mlp,de,1,2926,2024-06-28 10:45:00,0,0,0.09586849808692932
mlp,de,1,2927,2024-06-28 10:50:00,0,0,0.05834958329796791
mlp,de,1,2928,2024-06-28 10:55:00,0,0,0.06317141652107239
mlp,de,1,2929,2024-06-28 11:00:00,1,0,0.07527334243059158
mlp,de,1,2930,2024-06-28 11:05:00,1,0,0.08219354599714279
mlp,de,1,2931,2024-06-28 11:10:00,1,0,0.1481657773256302
mlp,de,1,2932,2024-06-28 11:15:00,1,0,0.30930545926094055
mlp,de,1,2933,2024-06-28 11:20:00,1,1,0.7151301503181458
mlp,de,1,2934,2024-06-28 11:25:00,1,1,0.7911304235458374
mlp,de,1,2935,2024-06-28 11:30:00,1,1,0.860410749912262
mlp,de,1,2936,2024-06-28 11:35:00,1,1,0.8693040013313293
mlp,de,1,2937,2024-06-28 11:40:00,1,1,0.866346538066864
mlp,de,1,2938,2024-06-28 11:45:00,1,1,0.8658195734024048
mlp,de,1,2939,2024-06-28 11:50:00,1,1,0.8845188617706299
mlp,de,1,2940,2024-06-28 11:55:00,1,1,0.8884894847869873
mlp,de,1,2941,2024-06-28 12:00:00,1,1,0.8511673212051392
mlp,de,1,2942,2024-06-28 12:05:00,1,1,0.7457362413406372
mlp,de,1,2943,2024-06-28 12:10:00,1,1,0.6676710247993469
mlp,de,1,2944,2024-06-28 12:15:00,1,1,0.709621787071228
mlp,de,1,2945,2024-06-28 12:20:00,1,1,0.6821199655532837
mlp,de,1,2946,2024-06-28 12:25:00,1,0,0.4532344341278076
mlp,de,1,2947,2024-06-28 12:30:00,1,0,0.47491392493247986
mlp,de,1,2948,2024-06-28 12:35:00,0,1,0.6413432359695435
mlp,de,1,2949,2024-06-28 12:40:00,0,1,0.6401215195655823
mlp,de,1,2950,2024-06-28 12:45:00,0,1,0.5138108730316162
mlp,de,1,2951,2024-06-28 12:50:00,0,0,0.4438474178314209
mlp,de,1,2952,2024-06-28 12:55:00,0,0,0.3339582681655884
mlp,de,1,2953,2024-06-28 13:00:00,0,0,0.2653028666973114
mlp,de,1,2954,2024-06-28 13:05:00,0,0,0.2318880558013916
mlp,de,1,2955,2024-06-28 13:10:00,0,0,0.19607463479042053
mlp,de,1,2956,2024-06-28 13:15:00,0,0,0.2557313144207001
mlp,de,1,2957,2024-06-28 13:20:00,0,0,0.3141908645629883
mlp,de,1,2958,2024-06-28 13:25:00,0,0,0.3138873279094696
mlp,de,1,2959,2024-06-28 13:30:00,0,0,0.3519616723060608
mlp,de,1,2960,2024-06-28 13:35:00,1,0,0.31225520372390747
mlp,de,1,2961,2024-06-28 13:40:00,1,0,0.4392847418785095
mlp,de,1,2962,2024-06-28 13:45:00,1,0,0.4312801659107208
mlp,de,1,2963,2024-06-28 13:50:00,1,0,0.3889896273612976
mlp,de,1,2964,2024-06-28 13:55:00,1,1,0.5541772842407227
mlp,de,1,2965,2024-06-28 14:00:00,1,1,0.5789180994033813
mlp,de,1,2966,2024-06-28 14:05:00,1,1,0.6095178723335266
mlp,de,1,2967,2024-06-28 14:10:00,1,1,0.5563443303108215
mlp,de,1,2968,2024-06-28 14:15:00,1,1,0.560545802116394
mlp,de,1,2969,2024-06-28 14:20:00,1,1,0.6555907130241394
mlp,de,1,2970,2024-06-28 14:25:00,1,1,0.72198885679245
mlp,de,1,2971,2024-06-28 14:30:00,1,1,0.6545171737670898
mlp,de,1,2972,2024-06-28 14:35:00,1,1,0.7115603685379028
mlp,de,1,2973,2024-06-28 14:40:00,1,1,0.7800856232643127
mlp,de,1,2974,2024-06-28 14:45:00,0,1,0.7992533445358276
mlp,de,1,2975,2024-06-28 14:50:00,0,1,0.7588306069374084
mlp,de,1,2976,2024-06-28 14:55:00,0,1,0.5088702440261841
mlp,de,1,2977,2024-06-28 15:00:00,0,0,0.3820682466030121
mlp,de,1,2978,2024-06-28 15:05:00,0,0,0.39820942282676697
mlp,de,1,2979,2024-06-28 15:10:00,0,0,0.40401721000671387
mlp,de,1,2980,2024-06-28 15:15:00,0,0,0.4551064670085907
mlp,de,1,2981,2024-06-28 15:20:00,0,0,0.4018409848213196
mlp,de,1,2982,2024-06-28 15:25:00,0,0,0.3972375690937042
mlp,de,1,2983,2024-06-28 15:30:00,0,0,0.3205300569534302
mlp,de,1,2984,2024-06-28 15:35:00,0,0,0.23615247011184692
mlp,de,1,2985,2024-06-28 15:40:00,0,0,0.2001776099205017
mlp,de,1,2986,2024-06-28 15:45:00,0,0,0.24301788210868835
mlp,de,1,2987,2024-06-28 15:50:00,0,0,0.3226657509803772
mlp,de,1,2988,2024-06-28 15:55:00,0,0,0.48333826661109924
mlp,de,1,2989,2024-06-28 16:00:00,0,0,0.430600643157959
mlp,de,1,2990,2024-06-28 16:05:00,0,0,0.4022069275379181
mlp,de,1,2991,2024-06-28 16:10:00,0,0,0.32925525307655334
mlp,de,1,2992,2024-06-28 16:15:00,1,0,0.3211286962032318
mlp,de,1,2993,2024-06-28 16:20:00,1,0,0.44365963339805603
mlp,de,1,2994,2024-06-28 16:25:00,1,1,0.5913891196250916
mlp,de,1,2995,2024-06-28 16:30:00,1,1,0.5969506502151489
mlp,de,1,2996,2024-06-28 16:35:00,1,1,0.5565943717956543
mlp,de,1,2997,2024-06-28 16:40:00,1,1,0.5888869762420654
mlp,de,1,2998,2024-06-28 16:45:00,1,1,0.6523758172988892
mlp,de,1,2999,2024-06-28 16:50:00,1,1,0.7214148640632629
mlp,de,1,3000,2024-06-28 16:55:00,0,1,0.7660347819328308
mlp,de,1,3001,2024-06-28 17:00:00,0,1,0.6933337450027466
mlp,de,1,3002,2024-06-28 17:05:00,0,1,0.5809975862503052
mlp,de,1,3003,2024-06-28 17:10:00,0,1,0.6008278131484985
mlp,de,1,3004,2024-06-28 17:15:00,0,0,0.48102474212646484
mlp,de,1,3005,2024-06-28 17:20:00,0,0,0.3809434473514557
mlp,de,1,3006,2024-06-28 17:25:00,0,0,0.36505696177482605
mlp,de,1,3007,2024-06-28 17:30:00,0,0,0.4471867084503174
mlp,de,1,3008,2024-06-28 17:35:00,0,0,0.43201231956481934
mlp,de,1,3009,2024-06-28 17:40:00,0,0,0.46708524227142334
mlp,de,1,3010,2024-06-28 17:45:00,0,1,0.5757525563240051
mlp,de,1,3011,2024-06-28 17:50:00,0,1,0.5823366641998291
mlp,de,2,0,2024-05-20 15:25:00,1,0,0.483976274728775
mlp,de,2,1,2024-05-20 15:25:00,1,1,0.5109975337982178
mlp,de,2,2,2024-05-20 15:30:00,1,1,0.5639551877975464
mlp,de,2,3,2024-05-20 15:30:00,1,1,0.5732343792915344
mlp,de,2,4,2024-05-20 15:35:00,1,1,0.5895383954048157
mlp,de,2,5,2024-05-20 15:35:00,1,1,0.5921018719673157
mlp,de,2,6,2024-05-20 15:40:00,1,0,0.4989531636238098
mlp,de,2,7,2024-05-20 15:40:00,1,0,0.3961104154586792
mlp,de,2,8,2024-05-20 15:45:00,1,0,0.4638485312461853
mlp,de,2,9,2024-05-20 15:45:00,1,1,0.5071038007736206
mlp,de,2,10,2024-05-20 15:50:00,1,0,0.47463110089302063
mlp,de,2,11,2024-05-20 15:50:00,1,0,0.35965099930763245
mlp,de,2,12,2024-05-20 15:55:00,1,0,0.4806007742881775
mlp,de,2,13,2024-05-20 15:55:00,1,0,0.47094398736953735
mlp,de,2,14,2024-05-20 16:00:00,1,1,0.5949097275733948
mlp,de,2,15,2024-05-20 16:00:00,1,1,0.5682564377784729
mlp,de,2,16,2024-05-20 16:05:00,1,1,0.6105911135673523
mlp,de,2,17,2024-05-20 16:05:00,1,1,0.606440007686615
mlp,de,2,18,2024-05-20 16:10:00,1,1,0.6023223996162415
mlp,de,2,19,2024-05-20 16:10:00,1,1,0.6006673574447632
mlp,de,2,20,2024-05-20 16:15:00,1,1,0.6087874174118042
mlp,de,2,21,2024-05-20 16:15:00,1,1,0.6059722900390625
mlp,de,2,22,2024-05-20 16:20:00,1,0,0.49144020676612854
mlp,de,2,23,2024-05-20 16:20:00,1,0,0.48740339279174805
mlp,de,2,24,2024-05-20 16:25:00,1,0,0.4081335961818695
mlp,de,2,25,2024-05-20 16:25:00,1,0,0.3845383822917938
mlp,de,2,26,2024-05-20 16:30:00,1,0,0.39581459760665894
mlp,de,2,27,2024-05-20 16:30:00,1,0,0.38696789741516113
mlp,de,2,28,2024-05-20 16:35:00,1,0,0.3862936794757843
mlp,de,2,29,2024-05-20 16:35:00,1,0,0.3418121635913849
mlp,de,2,30,2024-05-20 16:40:00,1,0,0.4306846261024475
mlp,de,2,31,2024-05-20 16:40:00,1,0,0.45929765701293945
mlp,de,2,32,2024-05-20 16:45:00,1,1,0.5234860181808472
mlp,de,2,33,2024-05-20 16:45:00,1,1,0.5680913329124451
mlp,de,2,34,2024-05-20 16:50:00,1,1,0.6368628144264221
mlp,de,2,35,2024-05-20 16:50:00,1,1,0.6275264620780945
mlp,de,2,36,2024-05-20 16:55:00,0,1,0.6744338870048523
mlp,de,2,37,2024-05-20 16:55:00,0,1,0.6787745356559753
mlp,de,2,38,2024-05-20 17:00:00,0,1,0.6998007297515869
mlp,de,2,39,2024-05-20 17:00:00,0,1,0.6278750896453857
mlp,de,2,40,2024-05-20 17:05:00,0,0,0.47793734073638916
mlp,de,2,41,2024-05-20 17:05:00,0,1,0.5365337133407593
mlp,de,2,42,2024-05-20 17:10:00,0,0,0.42797282338142395
mlp,de,2,43,2024-05-20 17:10:00,0,0,0.23272699117660522
mlp,de,2,44,2024-05-20 17:15:00,0,0,0.471203088760376
mlp,de,2,45,2024-05-20 17:15:00,0,1,0.5292451977729797
mlp,de,2,46,2024-05-20 17:20:00,0,1,0.5430421233177185
mlp,de,2,47,2024-05-20 17:20:00,0,0,0.4963100254535675
mlp,de,2,48,2024-05-20 17:25:00,0,1,0.6644850373268127
mlp,de,2,49,2024-05-20 17:25:00,0,1,0.5912452936172485
mlp,de,2,50,2024-05-20 17:30:00,0,1,0.6412818431854248
mlp,de,2,51,2024-05-20 17:30:00,0,1,0.6092597842216492
mlp,de,2,52,2024-05-20 17:35:00,0,1,0.528746485710144
mlp,de,2,53,2024-05-20 17:35:00,0,1,0.5232821702957153
mlp,de,2,54,2024-05-20 17:40:00,0,1,0.5062291622161865
mlp,de,2,55,2024-05-20 17:40:00,0,1,0.5047461986541748
mlp,de,2,56,2024-05-20 17:45:00,0,1,0.5283244252204895
mlp,de,2,57,2024-05-20 17:45:00,0,0,0.48079437017440796
mlp,de,2,58,2024-05-20 17:50:00,0,1,0.6553900837898254
mlp,de,2,59,2024-05-20 17:50:00,0,1,0.533683180809021
mlp,de,2,60,2024-05-20 17:55:00,0,1,0.618945300579071
mlp,de,2,61,2024-05-20 17:55:00,0,0,0.4200321435928345
mlp,de,2,62,2024-05-21 13:30:00,1,0,0.3323054015636444
mlp,de,2,63,2024-05-21 13:30:00,1,0,0.33033496141433716
mlp,de,2,64,2024-05-21 13:35:00,1,0,0.3898402750492096
mlp,de,2,65,2024-05-21 13:35:00,1,0,0.38863158226013184
mlp,de,2,66,2024-05-21 13:40:00,1,1,0.551616370677948
mlp,de,2,67,2024-05-21 13:40:00,1,1,0.5442925691604614
mlp,de,2,68,2024-05-21 13:45:00,1,1,0.6722071170806885
mlp,de,2,69,2024-05-21 13:45:00,1,1,0.6949775218963623
mlp,de,2,70,2024-05-21 13:50:00,1,1,0.5605683326721191
mlp,de,2,71,2024-05-21 13:50:00,1,1,0.5272834300994873
mlp,de,2,72,2024-05-21 13:55:00,1,0,0.4465120732784271
mlp,de,2,73,2024-05-21 13:55:00,1,0,0.4498910903930664
mlp,de,2,74,2024-05-21 14:00:00,1,1,0.6051770448684692
mlp,de,2,75,2024-05-21 14:00:00,1,1,0.5849857330322266
mlp,de,2,76,2024-05-21 14:05:00,1,1,0.5647015571594238
mlp,de,2,77,2024-05-21 14:05:00,1,1,0.5904027819633484
mlp,de,2,78,2024-05-21 14:10:00,1,0,0.4458060562610626
mlp,de,2,79,2024-05-21 14:10:00,1,1,0.5065073370933533
mlp,de,2,80,2024-05-21 14:15:00,1,1,0.5352303385734558
mlp,de,2,81,2024-05-21 14:15:00,1,1,0.5964261293411255
mlp,de,2,82,2024-05-21 14:20:00,1,1,0.6886945962905884
mlp,de,2,83,2024-05-21 14:20:00,1,1,0.6733586192131042
mlp,de,2,84,2024-05-21 14:25:00,1,1,0.8294715881347656
mlp,de,2,85,2024-05-21 14:25:00,1,1,0.6791026592254639
mlp,de,2,86,2024-05-21 14:30:00,1,1,0.7134199142456055
mlp,de,2,87,2024-05-21 14:30:00,1,1,0.6551823019981384
mlp,de,2,88,2024-05-21 14:35:00,1,1,0.5709114670753479
mlp,de,2,89,2024-05-21 14:35:00,1,1,0.637489914894104
mlp,de,2,90,2024-05-21 14:40:00,1,1,0.5881384611129761
mlp,de,2,91,2024-05-21 14:40:00,1,1,0.618718147277832
mlp,de,2,92,2024-05-21 14:45:00,1,1,0.6173604130744934
mlp,de,2,93,2024-05-21 14:45:00,1,1,0.6338467001914978
mlp,de,2,94,2024-05-21 14:50:00,1,1,0.6284096837043762
mlp,de,2,95,2024-05-21 14:50:00,1,1,0.6271081566810608
mlp,de,2,96,2024-05-21 14:55:00,1,1,0.7475363612174988
mlp,de,2,97,2024-05-21 14:55:00,1,1,0.6848126649856567
mlp,de,2,98,2024-05-21 15:00:00,1,1,0.7044250965118408
mlp,de,2,99,2024-05-21 15:00:00,1,1,0.9369471669197083
mlp,de,2,100,2024-05-21 15:05:00,0,1,0.7459094524383545
mlp,de,2,101,2024-05-21 15:05:00,0,1,0.6856138706207275
mlp,de,2,102,2024-05-21 15:10:00,0,1,0.6235610842704773
mlp,de,2,103,2024-05-21 15:10:00,0,1,0.5002723932266235
mlp,de,2,104,2024-05-21 15:15:00,0,0,0.36107137799263
mlp,de,2,105,2024-05-21 15:15:00,0,0,0.36009681224823
mlp,de,2,106,2024-05-21 15:20:00,0,0,0.3566301763057709
mlp,de,2,107,2024-05-21 15:20:00,0,0,0.4699159562587738
mlp,de,2,108,2024-05-21 15:25:00,0,0,0.4211432635784149
mlp,de,2,109,2024-05-21 15:25:00,0,0,0.35700732469558716
mlp,de,2,110,2024-05-21 15:30:00,0,0,0.31454938650131226
mlp,de,2,111,2024-05-21 15:30:00,0,0,0.17248958349227905
mlp,de,2,112,2024-05-21 15:35:00,0,0,0.25414377450942993
mlp,de,2,113,2024-05-21 15:35:00,0,0,0.2877857983112335
mlp,de,2,114,2024-05-21 15:40:00,0,0,0.368417352437973
mlp,de,2,115,2024-05-21 15:40:00,0,0,0.316516250371933
mlp,de,2,116,2024-05-21 15:45:00,0,0,0.3798106908798218
mlp,de,2,117,2024-05-21 15:50:00,0,1,0.5922621488571167
mlp,de,2,118,2024-05-21 15:50:00,0,1,0.6046901941299438
mlp,de,2,119,2024-05-21 15:55:00,0,1,0.5532187819480896
mlp,de,2,120,2024-05-21 15:55:00,0,1,0.5724087953567505
mlp,de,2,121,2024-05-21 16:00:00,0,1,0.6354156136512756
mlp,de,2,122,2024-05-21 16:00:00,0,1,0.5905661582946777
mlp,de,2,123,2024-05-21 16:05:00,0,1,0.6514200568199158
mlp,de,2,124,2024-05-21 16:05:00,0,1,0.646459698677063
mlp,de,2,125,2024-05-21 16:10:00,0,1,0.6515151858329773
mlp,de,2,126,2024-05-21 16:10:00,0,1,0.6153231263160706
mlp,de,2,127,2024-05-21 16:15:00,0,1,0.5742009282112122
mlp,de,2,128,2024-05-21 16:15:00,0,1,0.6211578845977783
mlp,de,2,129,2024-05-21 16:20:00,0,1,0.5438928008079529
mlp,de,2,130,2024-05-21 16:20:00,0,1,0.6092360615730286
mlp,de,2,131,2024-05-21 16:25:00,0,1,0.5879146456718445
mlp,de,2,132,2024-05-21 16:25:00,0,1,0.6009894013404846
mlp,de,2,133,2024-05-21 16:30:00,0,1,0.6008495688438416
mlp,de,2,134,2024-05-21 16:30:00,0,1,0.6046881079673767
mlp,de,2,135,2024-05-21 16:35:00,0,1,0.5665671825408936
mlp,de,2,136,2024-05-21 16:35:00,0,1,0.5774257779121399
mlp,de,2,137,2024-05-21 16:40:00,0,0,0.4856396019458771
mlp,de,2,138,2024-05-21 16:40:00,0,1,0.5058009028434753
mlp,de,2,139,2024-05-21 16:45:00,0,0,0.44271406531333923
mlp,de,2,140,2024-05-21 16:45:00,0,0,0.48424819111824036
mlp,de,2,141,2024-05-21 16:50:00,0,0,0.4088206887245178
mlp,de,2,142,2024-05-21 16:50:00,0,0,0.40400075912475586
mlp,de,2,143,2024-05-21 16:55:00,0,0,0.31677475571632385
mlp,de,2,144,2024-05-21 16:55:00,0,0,0.31690728664398193
mlp,de,2,145,2024-05-21 17:00:00,0,0,0.15773262083530426
mlp,de,2,146,2024-05-21 17:00:00,0,0,0.25984102487564087
mlp,de,2,147,2024-05-21 17:05:00,0,0,0.22721439599990845
mlp,de,2,148,2024-05-21 17:05:00,0,0,0.25876039266586304
mlp,de,2,149,2024-05-21 17:10:00,0,0,0.2580104172229767
mlp,de,2,150,2024-05-21 17:10:00,0,0,0.2411254495382309
mlp,de,2,151,2024-05-21 17:15:00,0,0,0.27512308955192566
mlp,de,2,152,2024-05-21 17:15:00,0,0,0.2651183605194092
mlp,de,2,153,2024-05-21 17:20:00,0,0,0.4588337540626526
mlp,de,2,154,2024-05-21 17:20:00,0,0,0.43709808588027954
mlp,de,2,155,2024-05-21 17:25:00,0,0,0.39043349027633667
mlp,de,2,156,2024-05-21 17:25:00,0,0,0.43039849400520325
mlp,de,2,157,2024-05-21 17:30:00,0,0,0.4052893817424774
mlp,de,2,158,2024-05-21 17:30:00,0,0,0.39927172660827637
mlp,de,2,159,2024-05-21 17:35:00,0,0,0.4869847893714905
mlp,de,2,160,2024-05-21 17:40:00,0,0,0.4672855734825134
mlp,de,2,161,2024-05-21 17:40:00,0,0,0.48691439628601074
mlp,de,2,162,2024-05-21 17:45:00,0,1,0.5090801119804382
mlp,de,2,163,2024-05-21 17:50:00,0,0,0.40430498123168945
mlp,de,2,164,2024-05-21 17:50:00,0,0,0.36524733901023865
mlp,de,2,165,2024-05-21 17:55:00,0,0,0.40150922536849976
mlp,de,2,166,2024-05-21 17:55:00,0,0,0.4003038704395294
mlp,de,2,167,2024-05-22 11:40:00,1,0,0.26500460505485535
mlp,de,2,168,2024-05-22 11:45:00,1,0,0.3893510699272156
mlp,de,2,169,2024-05-22 11:50:00,1,1,0.5765751600265503
mlp,de,2,170,2024-05-22 11:55:00,1,1,0.5753231048583984
mlp,de,2,171,2024-05-22 12:00:00,1,1,0.6647375822067261
mlp,de,2,172,2024-05-22 12:05:00,0,1,0.7706794142723083
mlp,de,2,173,2024-05-22 12:10:00,0,1,0.7633501291275024
mlp,de,2,174,2024-05-22 12:15:00,0,1,0.5525815486907959
mlp,de,2,175,2024-05-22 12:20:00,0,0,0.35939374566078186
mlp,de,2,176,2024-05-22 12:25:00,0,0,0.2563064396381378
mlp,de,2,177,2024-05-22 12:30:00,0,0,0.3172563314437866
mlp,de,2,178,2024-05-22 12:35:00,0,1,0.541963517665863
mlp,de,2,179,2024-05-22 12:40:00,0,0,0.4819195568561554
mlp,de,2,180,2024-05-22 12:45:00,0,0,0.3815758526325226
mlp,de,2,181,2024-05-22 12:50:00,0,0,0.4455632269382477
mlp,de,2,182,2024-05-22 12:55:00,0,1,0.6151171922683716
mlp,de,2,183,2024-05-22 13:00:00,0,1,0.6913689970970154
mlp,de,2,184,2024-05-22 13:05:00,0,1,0.6066454648971558
mlp,de,2,185,2024-05-22 13:10:00,0,1,0.5332784056663513
mlp,de,2,186,2024-05-22 13:15:00,0,0,0.4783017337322235
mlp,de,2,187,2024-05-22 13:20:00,0,0,0.3828244209289551
mlp,de,2,188,2024-05-22 13:25:00,0,0,0.3806522488594055
mlp,de,2,189,2024-05-22 13:30:00,0,0,0.40673506259918213
mlp,de,2,190,2024-05-22 13:35:00,0,0,0.3510485291481018
mlp,de,2,191,2024-05-22 13:40:00,0,0,0.28892606496810913
mlp,de,2,192,2024-05-22 13:45:00,0,0,0.27925536036491394
mlp,de,2,193,2024-05-22 13:50:00,0,0,0.46835339069366455
mlp,de,2,194,2024-05-22 13:55:00,0,0,0.2903425693511963
mlp,de,2,195,2024-05-22 14:00:00,0,0,0.2762436866760254
mlp,de,2,196,2024-05-22 14:05:00,0,0,0.3767212927341461
mlp,de,2,197,2024-05-22 14:10:00,0,0,0.39189067482948303
mlp,de,2,198,2024-05-22 14:15:00,0,0,0.4691702425479889
mlp,de,2,199,2024-05-22 14:20:00,0,0,0.4010152816772461
mlp,de,2,200,2024-05-22 14:25:00,0,0,0.3854750096797943
mlp,de,2,201,2024-05-22 14:30:00,0,0,0.3277077078819275
mlp,de,2,202,2024-05-22 14:35:00,0,0,0.3157397210597992
mlp,de,2,203,2024-05-22 14:40:00,0,0,0.3173862099647522
mlp,de,2,204,2024-05-22 14:45:00,0,0,0.4597073495388031
mlp,de,2,205,2024-05-22 14:50:00,0,0,0.4263385236263275
mlp,de,2,206,2024-05-22 14:55:00,0,1,0.523506224155426
mlp,de,2,207,2024-05-22 15:00:00,0,0,0.3471975326538086
mlp,de,2,208,2024-05-22 15:05:00,0,0,0.33022814989089966
mlp,de,2,209,2024-05-22 15:10:00,0,0,0.3176189363002777
mlp,de,2,210,2024-05-22 15:15:00,0,0,0.29989349842071533
mlp,de,2,211,2024-05-22 15:20:00,0,0,0.3070540428161621
mlp,de,2,212,2024-05-22 15:25:00,0,0,0.22030508518218994
mlp,de,2,213,2024-05-22 15:30:00,0,0,0.23392325639724731
mlp,de,2,214,2024-05-22 15:35:00,0,0,0.24189044535160065
mlp,de,2,215,2024-05-22 15:40:00,0,0,0.3296080231666565
mlp,de,2,216,2024-05-22 15:45:00,0,1,0.5340041518211365
mlp,de,2,217,2024-05-22 15:50:00,0,1,0.5149146914482117
mlp,de,2,218,2024-05-22 15:55:00,0,1,0.5450505614280701
mlp,de,2,219,2024-05-22 16:00:00,0,1,0.5684220194816589
mlp,de,2,220,2024-05-22 16:05:00,0,1,0.5600315928459167
mlp,de,2,221,2024-05-22 16:10:00,0,0,0.4095224142074585
mlp,de,2,222,2024-05-22 16:15:00,0,0,0.28559237718582153
mlp,de,2,223,2024-05-22 16:20:00,0,0,0.21235905587673187
mlp,de,2,224,2024-05-22 16:25:00,0,0,0.31923559308052063
mlp,de,2,225,2024-05-22 16:30:00,0,0,0.39747557044029236
mlp,de,2,226,2024-05-22 16:35:00,0,0,0.3700895309448242
mlp,de,2,227,2024-05-22 16:40:00,0,0,0.3441065549850464
mlp,de,2,228,2024-05-22 16:45:00,0,0,0.3212697505950928
mlp,de,2,229,2024-05-22 16:50:00,0,0,0.3866976201534271
mlp,de,2,230,2024-05-22 16:55:00,0,1,0.5593396425247192
mlp,de,2,231,2024-05-22 17:00:00,0,1,0.5042645931243896
mlp,de,2,232,2024-05-22 17:05:00,0,0,0.3495445251464844
mlp,de,2,233,2024-05-22 17:10:00,0,0,0.3065856397151947
mlp,de,2,234,2024-05-22 17:15:00,0,0,0.2626170516014099
mlp,de,2,235,2024-05-22 17:20:00,0,1,0.5068343281745911
mlp,de,2,236,2024-05-22 17:25:00,0,0,0.4628686308860779
mlp,de,2,237,2024-05-22 17:30:00,0,0,0.33538714051246643
mlp,de,2,238,2024-05-22 17:35:00,0,0,0.3758010268211365
mlp,de,2,239,2024-05-22 17:40:00,0,0,0.3919886350631714
mlp,de,2,240,2024-05-22 17:45:00,0,0,0.4300210475921631
mlp,de,2,241,2024-05-22 17:50:00,0,0,0.44166532158851624
mlp,de,2,242,2024-05-22 17:55:00,0,0,0.37989509105682373
mlp,de,2,243,2024-05-23 11:15:00,1,0,0.12703751027584076
mlp,de,2,244,2024-05-23 11:20:00,1,0,0.19288788735866547
mlp,de,2,245,2024-05-23 11:25:00,1,0,0.27811139822006226
mlp,de,2,246,2024-05-23 11:30:00,1,0,0.3863315284252167
mlp,de,2,247,2024-05-23 11:35:00,1,0,0.39573630690574646
mlp,de,2,248,2024-05-23 11:40:00,1,0,0.41449329257011414
mlp,de,2,249,2024-05-23 11:45:00,1,1,0.543424129486084
mlp,de,2,250,2024-05-23 11:50:00,1,0,0.4696955382823944
mlp,de,2,251,2024-05-23 11:55:00,1,0,0.3741353452205658
mlp,de,2,252,2024-05-23 12:00:00,1,1,0.5970974564552307
mlp,de,2,253,2024-05-23 12:05:00,1,1,0.6451742053031921
mlp,de,2,254,2024-05-23 12:10:00,1,1,0.6123372316360474
mlp,de,2,255,2024-05-23 12:15:00,1,0,0.4420449733734131
mlp,de,2,256,2024-05-23 12:20:00,1,1,0.5214447379112244
mlp,de,2,257,2024-05-23 12:25:00,1,1,0.6840359568595886
mlp,de,2,258,2024-05-23 12:30:00,1,1,0.5981009006500244
mlp,de,2,259,2024-05-23 12:35:00,1,1,0.6478546857833862
mlp,de,2,260,2024-05-23 12:40:00,1,1,0.6242015957832336
mlp,de,2,261,2024-05-23 12:45:00,1,0,0.47199150919914246
mlp,de,2,262,2024-05-23 12:50:00,1,1,0.5221248269081116
mlp,de,2,263,2024-05-23 12:55:00,1,1,0.586399495601654
mlp,de,2,264,2024-05-23 13:00:00,1,1,0.6195200085639954
mlp,de,2,265,2024-05-23 13:05:00,1,0,0.4999758005142212
mlp,de,2,266,2024-05-23 13:10:00,1,0,0.3494507372379303
mlp,de,2,267,2024-05-23 13:15:00,1,0,0.39344102144241333
mlp,de,2,268,2024-05-23 13:20:00,1,1,0.5278405547142029
mlp,de,2,269,2024-05-23 13:25:00,0,1,0.6297496557235718
mlp,de,2,270,2024-05-23 13:30:00,0,1,0.6254634261131287
mlp,de,2,271,2024-05-23 13:35:00,0,1,0.5099318623542786
mlp,de,2,272,2024-05-23 13:40:00,0,0,0.38932156562805176
mlp,de,2,273,2024-05-23 13:45:00,0,0,0.32003429532051086
mlp,de,2,274,2024-05-23 13:50:00,0,0,0.39040407538414
mlp,de,2,275,2024-05-23 13:55:00,0,0,0.39345961809158325
mlp,de,2,276,2024-05-23 14:00:00,0,1,0.5012969970703125
mlp,de,2,277,2024-05-23 14:05:00,0,0,0.49049726128578186
mlp,de,2,278,2024-05-23 14:10:00,0,1,0.6323724985122681
mlp,de,2,279,2024-05-23 14:15:00,0,1,0.5107681751251221
mlp,de,2,280,2024-05-23 14:20:00,0,1,0.5471477508544922
mlp,de,2,281,2024-05-23 14:25:00,0,1,0.648490846157074
mlp,de,2,282,2024-05-23 14:30:00,0,1,0.6622217893600464
mlp,de,2,283,2024-05-23 14:35:00,0,0,0.4158349335193634
mlp,de,2,284,2024-05-23 14:40:00,0,0,0.24837863445281982
mlp,de,2,285,2024-05-23 14:45:00,0,0,0.272290974855423
mlp,de,2,286,2024-05-23 14:50:00,0,0,0.2899037003517151
mlp,de,2,287,2024-05-23 14:55:00,0,0,0.215733602643013
mlp,de,2,288,2024-05-23 15:00:00,1,0,0.17423531413078308
mlp,de,2,289,2024-05-23 15:00:00,1,0,0.17239722609519958
mlp,de,2,290,2024-05-23 15:05:00,1,0,0.30619609355926514
mlp,de,2,291,2024-05-23 15:05:00,1,0,0.32526156306266785
mlp,de,2,292,2024-05-23 15:10:00,1,0,0.45971474051475525
mlp,de,2,293,2024-05-23 15:10:00,1,0,0.40659844875335693
mlp,de,2,294,2024-05-23 15:15:00,1,0,0.3894083499908447
mlp,de,2,295,2024-05-23 15:15:00,1,0,0.4004629850387573
mlp,de,2,296,2024-05-23 15:20:00,1,0,0.41669946908950806
mlp,de,2,297,2024-05-23 15:20:00,1,0,0.3872215449810028
mlp,de,2,298,2024-05-23 15:25:00,1,0,0.49052733182907104
mlp,de,2,299,2024-05-23 15:25:00,1,1,0.5098066329956055
mlp,de,2,300,2024-05-23 15:30:00,1,1,0.5355187654495239
mlp,de,2,301,2024-05-23 15:30:00,1,1,0.5466621518135071
mlp,de,2,302,2024-05-23 15:35:00,1,1,0.6356513500213623
mlp,de,2,303,2024-05-23 15:35:00,1,1,0.6217228770256042
mlp,de,2,304,2024-05-23 15:40:00,1,1,0.6042798757553101
mlp,de,2,305,2024-05-23 15:40:00,1,1,0.5935118198394775
mlp,de,2,306,2024-05-23 15:45:00,1,0,0.49479004740715027
mlp,de,2,307,2024-05-23 15:45:00,1,1,0.515155017375946
mlp,de,2,308,2024-05-23 15:50:00,1,0,0.4765830636024475
mlp,de,2,309,2024-05-23 15:50:00,1,0,0.44675153493881226
mlp,de,2,310,2024-05-23 15:55:00,1,0,0.4608458876609802
mlp,de,2,311,2024-05-23 15:55:00,1,0,0.4749058783054352
mlp,de,2,312,2024-05-23 16:00:00,1,1,0.5052739977836609
mlp,de,2,313,2024-05-23 16:00:00,1,1,0.5277332663536072
mlp,de,2,314,2024-05-23 16:05:00,1,1,0.544779896736145
mlp,de,2,315,2024-05-23 16:05:00,1,1,0.5164268016815186
mlp,de,2,316,2024-05-23 16:10:00,1,1,0.5728045701980591
mlp,de,2,317,2024-05-23 16:10:00,1,1,0.5671328902244568
mlp,de,2,318,2024-05-23 16:15:00,1,1,0.6290795207023621
mlp,de,2,319,2024-05-23 16:15:00,1,1,0.6321201324462891
mlp,de,2,320,2024-05-23 16:20:00,1,1,0.6553136110305786
mlp,de,2,321,2024-05-23 16:20:00,1,1,0.6437433362007141
mlp,de,2,322,2024-05-23 16:25:00,1,1,0.6171907186508179
mlp,de,2,323,2024-05-23 16:25:00,1,1,0.5913389921188354
mlp,de,2,324,2024-05-23 16:30:00,1,1,0.6309335827827454
mlp,de,2,325,2024-05-23 16:30:00,1,1,0.5544115900993347
mlp,de,2,326,2024-05-23 16:35:00,1,0,0.4971503019332886
mlp,de,2,327,2024-05-23 16:35:00,1,1,0.5081796646118164
mlp,de,2,328,2024-05-23 16:40:00,1,1,0.5624719858169556
mlp,de,2,329,2024-05-23 16:40:00,1,1,0.5688417553901672
mlp,de,2,330,2024-05-23 16:45:00,1,1,0.629725992679596
mlp,de,2,331,2024-05-23 16:45:00,1,1,0.6479293704032898
mlp,de,2,332,2024-05-23 16:50:00,1,0,0.4876105487346649
mlp,de,2,333,2024-05-23 16:50:00,1,1,0.5322107076644897
mlp,de,2,334,2024-05-23 16:55:00,1,1,0.5343502759933472
mlp,de,2,335,2024-05-23 16:55:00,1,1,0.5460479259490967
mlp,de,2,336,2024-05-23 17:00:00,1,1,0.6125565767288208
mlp,de,2,337,2024-05-23 17:00:00,1,1,0.629414439201355
mlp,de,2,338,2024-05-23 17:05:00,1,1,0.6350623369216919
mlp,de,2,339,2024-05-23 17:05:00,1,1,0.6771330833435059
mlp,de,2,340,2024-05-23 17:10:00,1,1,0.6242870092391968
mlp,de,2,341,2024-05-23 17:10:00,1,1,0.641298770904541
mlp,de,2,342,2024-05-23 17:15:00,1,1,0.6499133706092834
mlp,de,2,343,2024-05-23 17:15:00,1,1,0.6597115397453308
mlp,de,2,344,2024-05-23 17:20:00,1,1,0.6564069390296936
mlp,de,2,345,2024-05-23 17:20:00,1,1,0.6452827453613281
mlp,de,2,346,2024-05-23 17:25:00,1,1,0.6605654358863831
mlp,de,2,347,2024-05-23 17:25:00,1,1,0.6686212420463562
mlp,de,2,348,2024-05-23 17:30:00,1,1,0.6458955407142639
mlp,de,2,349,2024-05-23 17:30:00,1,1,0.6070440411567688
mlp,de,2,350,2024-05-23 17:35:00,1,1,0.6375886797904968
mlp,de,2,351,2024-05-23 17:35:00,1,1,0.5967772006988525
mlp,de,2,352,2024-05-23 17:40:00,1,1,0.5286808013916016
mlp,de,2,353,2024-05-23 17:40:00,1,1,0.5275238752365112
mlp,de,2,354,2024-05-23 17:45:00,1,0,0.42684513330459595
mlp,de,2,355,2024-05-23 17:45:00,1,0,0.4518146812915802
mlp,de,2,356,2024-05-23 17:50:00,1,0,0.40123018622398376
mlp,de,2,357,2024-05-23 17:50:00,1,0,0.3952626883983612
mlp,de,2,358,2024-05-23 17:55:00,1,0,0.36566901206970215
mlp,de,2,359,2024-05-23 17:55:00,1,0,0.35652995109558105
mlp,de,2,360,2024-05-24 10:40:00,0,1,0.7195988297462463
mlp,de,2,361,2024-05-24 10:40:00,0,1,0.7074700593948364
mlp,de,2,362,2024-05-24 10:45:00,0,1,0.7048203349113464
mlp,de,2,363,2024-05-24 10:45:00,0,1,0.7093174457550049
mlp,de,2,364,2024-05-24 10:50:00,0,0,0.3834823668003082
mlp,de,2,365,2024-05-24 10:50:00,0,0,0.3911963999271393
mlp,de,2,366,2024-05-24 10:55:00,0,0,0.368242084980011
mlp,de,2,367,2024-05-24 10:55:00,0,0,0.3786274492740631
mlp,de,2,368,2024-05-24 11:00:00,0,0,0.32108259201049805
mlp,de,2,369,2024-05-24 11:00:00,0,0,0.3478905260562897
mlp,de,2,370,2024-05-24 11:05:00,0,1,0.5359143614768982
mlp,de,2,371,2024-05-24 11:05:00,0,1,0.5383235812187195
mlp,de,2,372,2024-05-24 11:10:00,0,1,0.6823863983154297
mlp,de,2,373,2024-05-24 11:10:00,0,1,0.6518919467926025
mlp,de,2,374,2024-05-24 11:15:00,0,1,0.6834681630134583
mlp,de,2,375,2024-05-24 11:15:00,0,1,0.6077947616577148
mlp,de,2,376,2024-05-24 11:20:00,0,1,0.5710282325744629
mlp,de,2,377,2024-05-24 11:20:00,1,1,0.6533913612365723
mlp,de,2,378,2024-05-24 11:25:00,0,1,0.6586730480194092
mlp,de,2,379,2024-05-24 11:25:00,0,1,0.7067018747329712
mlp,de,2,380,2024-05-24 11:30:00,0,1,0.6565502882003784
mlp,de,2,381,2024-05-24 11:30:00,0,1,0.6355800032615662
mlp,de,2,382,2024-05-24 11:35:00,0,0,0.393763929605484
mlp,de,2,383,2024-05-24 11:35:00,0,0,0.393268883228302
mlp,de,2,384,2024-05-24 11:40:00,0,0,0.30503419041633606
mlp,de,2,385,2024-05-24 11:40:00,0,0,0.28596043586730957
mlp,de,2,386,2024-05-24 11:45:00,0,0,0.35556328296661377
mlp,de,2,387,2024-05-24 11:45:00,1,0,0.3602787256240845
mlp,de,2,388,2024-05-24 11:50:00,0,1,0.629768967628479
mlp,de,2,389,2024-05-24 11:50:00,0,1,0.5959981083869934
mlp,de,2,390,2024-05-24 11:55:00,0,1,0.5079910755157471
mlp,de,2,391,2024-05-24 11:55:00,0,1,0.5134000778198242
mlp,de,2,392,2024-05-24 12:00:00,0,0,0.4421725869178772
mlp,de,2,393,2024-05-24 12:00:00,0,0,0.3796241283416748
mlp,de,2,394,2024-05-24 12:05:00,0,0,0.4731568992137909
mlp,de,2,395,2024-05-24 12:05:00,0,0,0.44266149401664734
mlp,de,2,396,2024-05-24 12:10:00,0,0,0.40393364429473877
mlp,de,2,397,2024-05-24 12:10:00,0,0,0.3762940764427185
mlp,de,2,398,2024-05-24 12:15:00,0,0,0.43415555357933044
mlp,de,2,399,2024-05-24 12:15:00,0,0,0.37048888206481934
mlp,de,2,400,2024-05-24 12:20:00,0,0,0.4266383647918701
mlp,de,2,401,2024-05-24 12:20:00,0,0,0.38922712206840515
mlp,de,2,402,2024-05-24 12:25:00,0,0,0.3912595212459564
mlp,de,2,403,2024-05-24 12:25:00,0,0,0.3445740342140198
mlp,de,2,404,2024-05-24 12:30:00,0,0,0.4246845841407776
mlp,de,2,405,2024-05-24 12:30:00,0,0,0.45722049474716187
mlp,de,2,406,2024-05-24 12:35:00,0,0,0.33686065673828125
mlp,de,2,407,2024-05-24 12:35:00,0,0,0.3142663538455963
mlp,de,2,408,2024-05-24 12:40:00,0,0,0.26847749948501587
mlp,de,2,409,2024-05-24 12:40:00,0,0,0.2961385250091553
mlp,de,2,410,2024-05-24 12:45:00,0,0,0.288463294506073
mlp,de,2,411,2024-05-24 12:45:00,0,0,0.2611917555332184
mlp,de,2,412,2024-05-24 12:50:00,0,0,0.2813604772090912
mlp,de,2,413,2024-05-24 12:50:00,0,0,0.30723485350608826
mlp,de,2,414,2024-05-24 12:55:00,0,0,0.3675321340560913
mlp,de,2,415,2024-05-24 12:55:00,0,0,0.3427443504333496
mlp,de,2,416,2024-05-24 13:00:00,0,0,0.38238558173179626
mlp,de,2,417,2024-05-24 13:00:00,0,0,0.3722381889820099
mlp,de,2,418,2024-05-24 13:05:00,0,0,0.47903451323509216
mlp,de,2,419,2024-05-24 13:05:00,0,0,0.44844383001327515
mlp,de,2,420,2024-05-24 13:10:00,0,1,0.6126950979232788
mlp,de,2,421,2024-05-24 13:10:00,0,1,0.6137620806694031
mlp,de,2,422,2024-05-24 13:15:00,0,1,0.6583867073059082
mlp,de,2,423,2024-05-24 13:15:00,0,1,0.6377792358398438
mlp,de,2,424,2024-05-24 13:20:00,0,1,0.925452709197998
mlp,de,2,425,2024-05-24 13:20:00,0,1,0.667668342590332
mlp,de,2,426,2024-05-24 13:25:00,0,1,0.635080873966217
mlp,de,2,427,2024-05-24 13:25:00,0,1,0.6887244582176208
mlp,de,2,428,2024-05-24 13:30:00,0,1,0.5001659393310547
mlp,de,2,429,2024-05-24 13:30:00,0,1,0.5366576313972473
mlp,de,2,430,2024-05-24 13:35:00,0,0,0.4898928701877594
mlp,de,2,431,2024-05-24 13:35:00,0,1,0.510866105556488
mlp,de,2,432,2024-05-24 13:40:00,0,0,0.4406188428401947
mlp,de,2,433,2024-05-24 13:40:00,0,0,0.47610369324684143
mlp,de,2,434,2024-05-24 13:45:00,0,0,0.3728031516075134
mlp,de,2,435,2024-05-24 13:45:00,0,0,0.40694859623908997
mlp,de,2,436,2024-05-24 13:50:00,0,0,0.3359915316104889
mlp,de,2,437,2024-05-24 13:50:00,0,0,0.33779284358024597
mlp,de,2,438,2024-05-24 13:55:00,0,0,0.28442004323005676
mlp,de,2,439,2024-05-24 13:55:00,0,0,0.2622066140174866
mlp,de,2,440,2024-05-24 14:00:00,0,0,0.21518920361995697
mlp,de,2,441,2024-05-24 14:00:00,0,0,0.27338671684265137
mlp,de,2,442,2024-05-24 14:05:00,0,0,0.25186681747436523
mlp,de,2,443,2024-05-24 14:05:00,0,0,0.30622026324272156
mlp,de,2,444,2024-05-24 14:10:00,0,0,0.385296106338501
mlp,de,2,445,2024-05-24 14:10:00,0,0,0.44319847226142883
mlp,de,2,446,2024-05-24 14:15:00,0,0,0.3935241103172302
mlp,de,2,447,2024-05-24 14:15:00,0,0,0.38910141587257385
mlp,de,2,448,2024-05-24 14:20:00,0,0,0.33975186944007874
mlp,de,2,449,2024-05-24 14:20:00,1,0,0.3145766258239746
mlp,de,2,450,2024-05-24 14:25:00,0,0,0.36428773403167725
mlp,de,2,451,2024-05-24 14:25:00,1,0,0.3240278661251068
mlp,de,2,452,2024-05-24 14:30:00,0,0,0.40135884284973145
mlp,de,2,453,2024-05-24 14:30:00,1,0,0.3608098328113556
mlp,de,2,454,2024-05-24 14:35:00,1,1,0.5504913330078125
mlp,de,2,455,2024-05-24 14:35:00,0,1,0.5531713366508484
mlp,de,2,456,2024-05-24 14:40:00,0,1,0.579123318195343
mlp,de,2,457,2024-05-24 14:40:00,1,1,0.5908542275428772
mlp,de,2,458,2024-05-24 14:45:00,0,1,0.5856545567512512
mlp,de,2,459,2024-05-24 14:45:00,1,1,0.6225712299346924
mlp,de,2,460,2024-05-24 14:50:00,0,1,0.5949417352676392
mlp,de,2,461,2024-05-24 14:50:00,1,1,0.6099199652671814
mlp,de,2,462,2024-05-24 14:55:00,0,1,0.5983099937438965
mlp,de,2,463,2024-05-24 14:55:00,1,1,0.6229800581932068
mlp,de,2,464,2024-05-24 15:00:00,0,1,0.6111781001091003
mlp,de,2,465,2024-05-24 15:00:00,0,1,0.5544394850730896
mlp,de,2,466,2024-05-24 15:05:00,0,0,0.3486925959587097
mlp,de,2,467,2024-05-24 15:05:00,0,0,0.3550370931625366
mlp,de,2,468,2024-05-24 15:10:00,0,0,0.2876453995704651
mlp,de,2,469,2024-05-24 15:10:00,0,0,0.3091256320476532
mlp,de,2,470,2024-05-24 15:15:00,0,0,0.26192015409469604
mlp,de,2,471,2024-05-24 15:15:00,0,0,0.29256364703178406
mlp,de,2,472,2024-05-24 15:20:00,0,0,0.23621779680252075
mlp,de,2,473,2024-05-24 15:20:00,0,0,0.2573661208152771
mlp,de,2,474,2024-05-24 15:25:00,0,0,0.06132104620337486
mlp,de,2,475,2024-05-24 15:25:00,0,0,0.20177431404590607
mlp,de,2,476,2024-05-24 15:30:00,0,0,0.16077052056789398
mlp,de,2,477,2024-05-24 15:30:00,0,0,0.24084509909152985
mlp,de,2,478,2024-05-24 15:35:00,0,0,0.22014491260051727
mlp,de,2,479,2024-05-24 15:35:00,0,0,0.20943471789360046
mlp,de,2,480,2024-05-24 15:40:00,0,0,0.14497630298137665
mlp,de,2,481,2024-05-24 15:40:00,0,0,0.1472746878862381
mlp,de,2,482,2024-05-24 15:45:00,0,0,0.2425161451101303
mlp,de,2,483,2024-05-24 15:45:00,0,0,0.25974786281585693
mlp,de,2,484,2024-05-24 15:50:00,0,0,0.38217973709106445
mlp,de,2,485,2024-05-24 15:50:00,0,0,0.2966979146003723
mlp,de,2,486,2024-05-24 15:55:00,0,0,0.34358006715774536
mlp,de,2,487,2024-05-24 15:55:00,0,0,0.358987420797348
mlp,de,2,488,2024-05-24 16:00:00,0,0,0.3399564027786255
mlp,de,2,489,2024-05-24 16:00:00,1,0,0.30511274933815
mlp,de,2,490,2024-05-24 16:05:00,1,0,0.23849642276763916
mlp,de,2,491,2024-05-24 16:05:00,0,0,0.3082892596721649
mlp,de,2,492,2024-05-24 16:10:00,0,0,0.40800151228904724
mlp,de,2,493,2024-05-24 16:10:00,1,0,0.37270596623420715
mlp,de,2,494,2024-05-24 16:15:00,1,0,0.4731498956680298
mlp,de,2,495,2024-05-24 16:15:00,0,0,0.4749128520488739
mlp,de,2,496,2024-05-24 16:20:00,0,1,0.5097993612289429
mlp,de,2,497,2024-05-24 16:20:00,1,0,0.46728891134262085
mlp,de,2,498,2024-05-24 16:25:00,0,1,0.5916731357574463
mlp,de,2,499,2024-05-24 16:25:00,1,1,0.5905396938323975
mlp,de,2,500,2024-05-24 16:30:00,0,1,0.6213114857673645
mlp,de,2,501,2024-05-24 16:30:00,1,1,0.6473636031150818
mlp,de,2,502,2024-05-24 16:35:00,1,1,0.6724937558174133
mlp,de,2,503,2024-05-24 16:35:00,0,1,0.6642956137657166
mlp,de,2,504,2024-05-24 16:40:00,1,1,0.6260854005813599
mlp,de,2,505,2024-05-24 16:40:00,0,1,0.632523238658905
mlp,de,2,506,2024-05-24 16:45:00,1,1,0.5761145353317261
mlp,de,2,507,2024-05-24 16:45:00,0,1,0.5688893795013428
mlp,de,2,508,2024-05-24 16:50:00,0,1,0.5387308597564697
mlp,de,2,509,2024-05-24 16:50:00,1,1,0.6283583641052246
mlp,de,2,510,2024-05-24 16:55:00,0,0,0.36976757645606995
mlp,de,2,511,2024-05-24 16:55:00,1,0,0.3769717812538147
mlp,de,2,512,2024-05-24 17:00:00,0,0,0.32943153381347656
mlp,de,2,513,2024-05-24 17:00:00,1,0,0.3248955011367798
mlp,de,2,514,2024-05-24 17:05:00,1,0,0.28892749547958374
mlp,de,2,515,2024-05-24 17:05:00,0,0,0.316343754529953
mlp,de,2,516,2024-05-24 17:10:00,1,0,0.28525039553642273
mlp,de,2,517,2024-05-24 17:10:00,0,0,0.3075762987136841
mlp,de,2,518,2024-05-24 17:15:00,1,0,0.21774661540985107
mlp,de,2,519,2024-05-24 17:15:00,0,0,0.3093629777431488
mlp,de,2,520,2024-05-24 17:20:00,0,0,0.39123421907424927
mlp,de,2,521,2024-05-24 17:20:00,1,0,0.35937198996543884
mlp,de,2,522,2024-05-24 17:25:00,1,0,0.41560351848602295
mlp,de,2,523,2024-05-24 17:25:00,0,0,0.44595101475715637
mlp,de,2,524,2024-05-24 17:30:00,0,1,0.5453753471374512
mlp,de,2,525,2024-05-24 17:30:00,1,1,0.5320109128952026
mlp,de,2,526,2024-05-24 17:35:00,0,1,0.5359928011894226
mlp,de,2,527,2024-05-24 17:35:00,1,1,0.6070469617843628
mlp,de,2,528,2024-05-24 17:40:00,0,1,0.5045133233070374
mlp,de,2,529,2024-05-24 17:40:00,1,1,0.5207176804542542
mlp,de,2,530,2024-05-24 17:45:00,0,0,0.4964195787906647
mlp,de,2,531,2024-05-24 17:45:00,1,0,0.4983202815055847
mlp,de,2,532,2024-05-24 17:50:00,1,0,0.4410911500453949
mlp,de,2,533,2024-05-24 17:50:00,0,1,0.5036536455154419
mlp,de,2,534,2024-05-24 17:55:00,0,0,0.3480588495731354
mlp,de,2,535,2024-05-24 17:55:00,0,0,0.3304387629032135
mlp,de,2,536,2024-05-27 10:40:00,0,0,0.2990630865097046
mlp,de,2,537,2024-05-27 10:45:00,0,1,0.630492091178894
mlp,de,2,538,2024-05-27 10:50:00,0,0,0.42722025513648987
mlp,de,2,539,2024-05-27 10:55:00,0,0,0.3066895604133606
mlp,de,2,540,2024-05-27 11:00:00,0,0,0.4074676036834717
mlp,de,2,541,2024-05-27 11:05:00,0,0,0.28855904936790466
mlp,de,2,542,2024-05-27 11:10:00,0,0,0.2725759446620941
mlp,de,2,543,2024-05-27 11:15:00,0,0,0.27529650926589966
mlp,de,2,544,2024-05-27 11:20:00,0,0,0.4837804436683655
mlp,de,2,545,2024-05-27 11:25:00,0,0,0.41705435514450073
mlp,de,2,546,2024-05-27 11:30:00,1,0,0.31966087222099304
mlp,de,2,547,2024-05-27 11:30:00,1,0,0.34423527121543884
mlp,de,2,548,2024-05-27 11:35:00,1,0,0.3242627680301666
mlp,de,2,549,2024-05-27 11:35:00,1,0,0.32981279492378235
mlp,de,2,550,2024-05-27 11:40:00,1,1,0.537000298500061
mlp,de,2,551,2024-05-27 11:40:00,1,1,0.5267406702041626
mlp,de,2,552,2024-05-27 11:45:00,1,1,0.542497456073761
mlp,de,2,553,2024-05-27 11:45:00,1,1,0.5637014508247375
mlp,de,2,554,2024-05-27 11:50:00,1,1,0.5461305379867554
mlp,de,2,555,2024-05-27 11:50:00,1,1,0.5359308123588562
mlp,de,2,556,2024-05-27 11:55:00,1,1,0.6023482084274292
mlp,de,2,557,2024-05-27 11:55:00,1,1,0.5879296064376831
mlp,de,2,558,2024-05-27 12:00:00,1,1,0.5427983999252319
mlp,de,2,559,2024-05-27 12:00:00,1,1,0.5575143098831177
mlp,de,2,560,2024-05-27 12:05:00,1,1,0.6457921862602234
mlp,de,2,561,2024-05-27 12:05:00,1,1,0.6237432360649109
mlp,de,2,562,2024-05-27 12:10:00,1,1,0.6719999313354492
mlp,de,2,563,2024-05-27 12:10:00,1,1,0.6614159941673279
mlp,de,2,564,2024-05-27 12:15:00,1,1,0.6824660897254944
mlp,de,2,565,2024-05-27 12:15:00,1,1,0.6474440693855286
mlp,de,2,566,2024-05-27 12:20:00,1,1,0.6663897037506104
mlp,de,2,567,2024-05-27 12:20:00,1,1,0.6456085443496704
mlp,de,2,568,2024-05-27 12:25:00,1,1,0.6164284944534302
mlp,de,2,569,2024-05-27 12:30:00,1,1,0.6841269135475159
mlp,de,2,570,2024-05-27 12:30:00,1,1,0.6316633820533752
mlp,de,2,571,2024-05-27 12:35:00,1,1,0.5946738719940186
mlp,de,2,572,2024-05-27 12:35:00,1,1,0.6099922060966492
mlp,de,2,573,2024-05-27 12:40:00,1,1,0.6302635073661804
mlp,de,2,574,2024-05-27 12:40:00,1,1,0.6424747705459595
mlp,de,2,575,2024-05-27 12:45:00,1,1,0.5300709009170532
mlp,de,2,576,2024-05-27 12:45:00,1,1,0.5206511616706848
mlp,de,2,577,2024-05-27 12:50:00,1,0,0.46019044518470764
mlp,de,2,578,2024-05-27 12:50:00,1,0,0.38408687710762024
mlp,de,2,579,2024-05-27 12:55:00,1,1,0.5200917720794678
mlp,de,2,580,2024-05-27 12:55:00,1,1,0.5229794979095459
mlp,de,2,581,2024-05-27 13:00:00,1,0,0.49249082803726196
mlp,de,2,582,2024-05-27 13:05:00,1,0,0.4020843207836151
mlp,de,2,583,2024-05-27 13:05:00,1,0,0.4028521478176117
mlp,de,2,584,2024-05-27 13:10:00,1,0,0.43336784839630127
mlp,de,2,585,2024-05-27 13:10:00,1,0,0.4410749077796936
mlp,de,2,586,2024-05-27 13:15:00,1,1,0.5370352864265442
mlp,de,2,587,2024-05-27 13:15:00,1,1,0.5461432337760925
mlp,de,2,588,2024-05-27 13:20:00,1,1,0.5183903574943542
mlp,de,2,589,2024-05-27 13:20:00,1,1,0.5043644309043884
mlp,de,2,590,2024-05-27 13:25:00,1,1,0.5589548945426941
mlp,de,2,591,2024-05-27 13:25:00,1,1,0.5558983087539673
mlp,de,2,592,2024-05-27 13:30:00,1,1,0.5576729774475098
mlp,de,2,593,2024-05-27 13:35:00,1,1,0.5478531718254089
mlp,de,2,594,2024-05-27 13:40:00,1,1,0.6408311724662781
mlp,de,2,595,2024-05-27 13:40:00,1,1,0.6157256960868835
mlp,de,2,596,2024-05-27 13:45:00,1,1,0.653395414352417
mlp,de,2,597,2024-05-27 13:45:00,1,1,0.6297598481178284
mlp,de,2,598,2024-05-27 13:50:00,1,1,0.5472167730331421
mlp,de,2,599,2024-05-27 13:50:00,1,1,0.5555782318115234
mlp,de,2,600,2024-05-27 13:55:00,1,1,0.5234519243240356
mlp,de,2,601,2024-05-27 13:55:00,1,1,0.5553527474403381
mlp,de,2,602,2024-05-27 14:00:00,1,1,0.622392475605011
mlp,de,2,603,2024-05-27 14:00:00,1,1,0.6261168122291565
mlp,de,2,604,2024-05-27 14:05:00,1,1,0.6764296293258667
mlp,de,2,605,2024-05-27 14:05:00,0,1,0.6661871075630188
mlp,de,2,606,2024-05-27 14:10:00,0,1,0.618269145488739
mlp,de,2,607,2024-05-27 14:10:00,0,1,0.6724025011062622
mlp,de,2,608,2024-05-27 14:15:00,0,0,0.4434277415275574
mlp,de,2,609,2024-05-27 14:15:00,0,0,0.4695967137813568
mlp,de,2,610,2024-05-27 14:20:00,0,0,0.3326682150363922
mlp,de,2,611,2024-05-27 14:20:00,0,0,0.33598917722702026
mlp,de,2,612,2024-05-27 14:25:00,0,0,0.26769551634788513
mlp,de,2,613,2024-05-27 14:25:00,0,0,0.29301080107688904
mlp,de,2,614,2024-05-27 14:30:00,0,0,0.2582436203956604
mlp,de,2,615,2024-05-27 14:30:00,1,0,0.2836315631866455
mlp,de,2,616,2024-05-27 14:35:00,0,0,0.16226401925086975
mlp,de,2,617,2024-05-27 14:35:00,1,0,0.26441478729248047
mlp,de,2,618,2024-05-27 14:40:00,1,0,0.35692140460014343
mlp,de,2,619,2024-05-27 14:40:00,0,0,0.2688322365283966
mlp,de,2,620,2024-05-27 14:45:00,0,1,0.5145942568778992
mlp,de,2,621,2024-05-27 14:45:00,1,1,0.5140529274940491
mlp,de,2,622,2024-05-27 14:50:00,0,0,0.481600821018219
mlp,de,2,623,2024-05-27 14:50:00,1,0,0.45745477080345154
mlp,de,2,624,2024-05-27 14:55:00,0,0,0.4804994761943817
mlp,de,2,625,2024-05-27 14:55:00,1,0,0.45812416076660156
mlp,de,2,626,2024-05-27 15:00:00,1,1,0.5133640170097351
mlp,de,2,627,2024-05-27 15:00:00,0,1,0.5438462495803833
mlp,de,2,628,2024-05-27 15:05:00,0,1,0.5572960376739502
mlp,de,2,629,2024-05-27 15:05:00,1,0,0.49167385697364807
mlp,de,2,630,2024-05-27 15:10:00,1,0,0.4569793939590454
mlp,de,2,631,2024-05-27 15:10:00,1,0,0.47467702627182007
mlp,de,2,632,2024-05-27 15:15:00,1,1,0.510224461555481
mlp,de,2,633,2024-05-27 15:15:00,1,1,0.500418484210968
mlp,de,2,634,2024-05-27 15:20:00,1,1,0.6089643836021423
mlp,de,2,635,2024-05-27 15:20:00,1,1,0.609607458114624
mlp,de,2,636,2024-05-27 15:25:00,1,1,0.6450574398040771
mlp,de,2,637,2024-05-27 15:25:00,1,1,0.8043875694274902
mlp,de,2,638,2024-05-27 15:30:00,1,1,0.5915539860725403
mlp,de,2,639,2024-05-27 15:30:00,1,1,0.6327196359634399
mlp,de,2,640,2024-05-27 15:35:00,1,1,0.5396688580513
mlp,de,2,641,2024-05-27 15:35:00,1,1,0.5473253130912781
mlp,de,2,642,2024-05-27 15:40:00,1,0,0.4770280420780182
mlp,de,2,643,2024-05-27 15:40:00,1,0,0.42715325951576233
mlp,de,2,644,2024-05-27 15:45:00,1,0,0.40194568037986755
mlp,de,2,645,2024-05-27 15:45:00,1,0,0.3720245063304901
mlp,de,2,646,2024-05-27 15:50:00,1,0,0.4000852108001709
mlp,de,2,647,2024-05-27 15:50:00,1,0,0.32292649149894714
mlp,de,2,648,2024-05-27 15:55:00,1,0,0.43518081307411194
mlp,de,2,649,2024-05-27 15:55:00,1,0,0.37207671999931335
mlp,de,2,650,2024-05-27 16:00:00,1,1,0.6229384541511536
mlp,de,2,651,2024-05-27 16:00:00,1,1,0.6303631067276001
mlp,de,2,652,2024-05-27 16:05:00,1,1,0.680198073387146
mlp,de,2,653,2024-05-27 16:05:00,1,1,0.6932180523872375
mlp,de,2,654,2024-05-27 16:10:00,1,1,0.6625957489013672
mlp,de,2,655,2024-05-27 16:10:00,1,1,0.66629558801651
mlp,de,2,656,2024-05-27 16:15:00,1,1,0.6496543288230896
mlp,de,2,657,2024-05-27 16:15:00,1,1,0.6235522031784058
mlp,de,2,658,2024-05-27 16:20:00,1,1,0.6208259463310242
mlp,de,2,659,2024-05-27 16:20:00,0,1,0.6762412786483765
mlp,de,2,660,2024-05-27 16:25:00,1,1,0.558375895023346
mlp,de,2,661,2024-05-27 16:25:00,0,1,0.5786195993423462
mlp,de,2,662,2024-05-27 16:30:00,0,1,0.5328136086463928
mlp,de,2,663,2024-05-27 16:30:00,1,1,0.5459737777709961
mlp,de,2,664,2024-05-27 16:35:00,0,1,0.5331733822822571
mlp,de,2,665,2024-05-27 16:35:00,1,1,0.5545084476470947
mlp,de,2,666,2024-05-27 16:40:00,0,0,0.45193997025489807
mlp,de,2,667,2024-05-27 16:40:00,1,0,0.4801672399044037
mlp,de,2,668,2024-05-27 16:45:00,1,0,0.4822048842906952
mlp,de,2,669,2024-05-27 16:45:00,0,1,0.5324190855026245
mlp,de,2,670,2024-05-27 16:50:00,1,1,0.5450244545936584
mlp,de,2,671,2024-05-27 16:50:00,0,1,0.5786662697792053
mlp,de,2,672,2024-05-27 16:55:00,0,1,0.5474762916564941
mlp,de,2,673,2024-05-27 16:55:00,1,1,0.5514140725135803
mlp,de,2,674,2024-05-27 17:00:00,0,1,0.5660886764526367
mlp,de,2,675,2024-05-27 17:00:00,1,1,0.5443313121795654
mlp,de,2,676,2024-05-27 17:05:00,0,0,0.44152966141700745
mlp,de,2,677,2024-05-27 17:05:00,1,0,0.4671240448951721
mlp,de,2,678,2024-05-27 17:10:00,1,0,0.4045208990573883
mlp,de,2,679,2024-05-27 17:10:00,0,0,0.34183868765830994
mlp,de,2,680,2024-05-27 17:15:00,1,0,0.46466004848480225
mlp,de,2,681,2024-05-27 17:15:00,1,0,0.41882553696632385
mlp,de,2,682,2024-05-27 17:20:00,1,0,0.4593629240989685
mlp,de,2,683,2024-05-27 17:20:00,1,0,0.4796999990940094
mlp,de,2,684,2024-05-27 17:25:00,1,1,0.5090735554695129
mlp,de,2,685,2024-05-27 17:25:00,1,0,0.4703754484653473
mlp,de,2,686,2024-05-27 17:30:00,1,1,0.5426266193389893
mlp,de,2,687,2024-05-27 17:30:00,1,1,0.5684167742729187
mlp,de,2,688,2024-05-27 17:35:00,1,1,0.5194264054298401
mlp,de,2,689,2024-05-27 17:35:00,1,1,0.5509768128395081
mlp,de,2,690,2024-05-27 17:40:00,1,1,0.5832459330558777
mlp,de,2,691,2024-05-27 17:40:00,1,1,0.642909049987793
mlp,de,2,692,2024-05-27 17:45:00,1,1,0.5859382748603821
mlp,de,2,693,2024-05-27 17:45:00,1,1,0.5738444328308105
mlp,de,2,694,2024-05-27 17:50:00,1,1,0.5661649703979492
mlp,de,2,695,2024-05-27 17:50:00,1,1,0.5609074831008911
mlp,de,2,696,2024-05-27 17:55:00,1,0,0.47016966342926025
mlp,de,2,697,2024-05-27 17:55:00,0,0,0.45385050773620605
mlp,de,2,698,2024-05-28 10:40:00,0,0,0.11306937783956528
mlp,de,2,699,2024-05-28 10:45:00,0,0,0.15382613241672516
mlp,de,2,700,2024-05-28 10:50:00,0,0,0.18705341219902039
mlp,de,2,701,2024-05-28 10:55:00,0,0,0.19993290305137634
mlp,de,2,702,2024-05-28 11:00:00,0,0,0.2351115494966507
mlp,de,2,703,2024-05-28 11:05:00,0,0,0.41249552369117737
mlp,de,2,704,2024-05-28 11:10:00,0,0,0.3585146367549896
mlp,de,2,705,2024-05-28 11:15:00,0,0,0.349843293428421
mlp,de,2,706,2024-05-28 11:20:00,0,0,0.45666423439979553
mlp,de,2,707,2024-05-28 11:25:00,0,0,0.3981861472129822
mlp,de,2,708,2024-05-28 11:30:00,0,0,0.32386544346809387
mlp,de,2,709,2024-05-28 11:35:00,1,0,0.2690759599208832
mlp,de,2,710,2024-05-28 11:40:00,1,0,0.4132145345211029
mlp,de,2,711,2024-05-28 11:45:00,1,1,0.5757532715797424
mlp,de,2,712,2024-05-28 11:50:00,1,1,0.589881181716919
mlp,de,2,713,2024-05-28 11:55:00,1,0,0.4420754611492157
mlp,de,2,714,2024-05-28 12:00:00,1,0,0.377615362405777
mlp,de,2,715,2024-05-28 12:05:00,1,0,0.3687770664691925
mlp,de,2,716,2024-05-28 12:10:00,1,1,0.5231886506080627
mlp,de,2,717,2024-05-28 12:15:00,1,1,0.5498214960098267
mlp,de,2,718,2024-05-28 12:20:00,1,1,0.6831074953079224
mlp,de,2,719,2024-05-28 12:25:00,1,1,0.67400062084198
mlp,de,2,720,2024-05-28 12:30:00,1,1,0.6359947323799133
mlp,de,2,721,2024-05-28 12:35:00,1,1,0.61761474609375
mlp,de,2,722,2024-05-28 12:40:00,1,1,0.5733528137207031
mlp,de,2,723,2024-05-28 12:45:00,1,1,0.5962074398994446
mlp,de,2,724,2024-05-28 12:50:00,1,1,0.6133595705032349
mlp,de,2,725,2024-05-28 12:55:00,1,1,0.6268899440765381
mlp,de,2,726,2024-05-28 13:00:00,0,1,0.6726887822151184
mlp,de,2,727,2024-05-28 13:00:00,0,1,0.6565921306610107
mlp,de,2,728,2024-05-28 13:05:00,0,1,0.5133025050163269
mlp,de,2,729,2024-05-28 13:05:00,0,1,0.516679048538208
mlp,de,2,730,2024-05-28 13:10:00,0,0,0.4619120955467224
mlp,de,2,731,2024-05-28 13:10:00,0,0,0.4786068797111511
mlp,de,2,732,2024-05-28 13:15:00,0,0,0.2871254086494446
mlp,de,2,733,2024-05-28 13:15:00,0,0,0.3062576949596405
mlp,de,2,734,2024-05-28 13:20:00,0,0,0.2273314744234085
mlp,de,2,735,2024-05-28 13:20:00,0,0,0.20976369082927704
mlp,de,2,736,2024-05-28 13:25:00,0,0,0.25604015588760376
mlp,de,2,737,2024-05-28 13:25:00,0,0,0.20596235990524292
mlp,de,2,738,2024-05-28 13:30:00,0,0,0.3397049307823181
mlp,de,2,739,2024-05-28 13:30:00,0,0,0.3025435209274292
mlp,de,2,740,2024-05-28 13:35:00,0,0,0.3928338289260864
mlp,de,2,741,2024-05-28 13:35:00,0,0,0.3716241121292114
mlp,de,2,742,2024-05-28 13:40:00,0,0,0.3438940644264221
mlp,de,2,743,2024-05-28 13:40:00,0,0,0.3860352039337158
mlp,de,2,744,2024-05-28 13:45:00,0,0,0.3544481098651886
mlp,de,2,745,2024-05-28 13:45:00,0,0,0.34079623222351074
mlp,de,2,746,2024-05-28 13:50:00,0,0,0.22138619422912598
mlp,de,2,747,2024-05-28 13:50:00,0,0,0.22494718432426453
mlp,de,2,748,2024-05-28 13:55:00,0,0,0.09869960695505142
mlp,de,2,749,2024-05-28 13:55:00,0,0,0.09885139763355255
mlp,de,2,750,2024-05-28 14:00:00,0,0,0.08128701150417328
mlp,de,2,751,2024-05-28 14:00:00,0,0,0.08346822112798691
mlp,de,2,752,2024-05-28 14:05:00,0,0,0.19246748089790344
mlp,de,2,753,2024-05-28 14:05:00,0,0,0.19161048531532288
mlp,de,2,754,2024-05-28 14:10:00,0,0,0.2953493595123291
mlp,de,2,755,2024-05-28 14:10:00,0,0,0.27953872084617615
mlp,de,2,756,2024-05-28 14:15:00,0,0,0.3808668553829193
mlp,de,2,757,2024-05-28 14:15:00,0,0,0.3979097604751587
mlp,de,2,758,2024-05-28 14:20:00,0,1,0.5043260455131531
mlp,de,2,759,2024-05-28 14:20:00,0,0,0.49958762526512146
mlp,de,2,760,2024-05-28 14:25:00,0,1,0.590779185295105
mlp,de,2,761,2024-05-28 14:25:00,0,1,0.5795546770095825
mlp,de,2,762,2024-05-28 14:30:00,0,1,0.5784088373184204
mlp,de,2,763,2024-05-28 14:30:00,0,1,0.5759185552597046
mlp,de,2,764,2024-05-28 14:35:00,0,1,0.5348919034004211
mlp,de,2,765,2024-05-28 14:35:00,0,1,0.5153301954269409
mlp,de,2,766,2024-05-28 14:40:00,0,0,0.39590853452682495
mlp,de,2,767,2024-05-28 14:40:00,0,0,0.39082783460617065
mlp,de,2,768,2024-05-28 14:45:00,0,0,0.2760658860206604
mlp,de,2,769,2024-05-28 14:45:00,0,0,0.2802567780017853
mlp,de,2,770,2024-05-28 14:50:00,0,0,0.1941000521183014
mlp,de,2,771,2024-05-28 14:50:00,0,0,0.1994743049144745
mlp,de,2,772,2024-05-28 14:55:00,0,0,0.139163538813591
mlp,de,2,773,2024-05-28 14:55:00,0,0,0.15163150429725647
mlp,de,2,774,2024-05-28 15:00:00,0,0,0.2086702585220337
mlp,de,2,775,2024-05-28 15:00:00,0,0,0.21127115190029144
mlp,de,2,776,2024-05-28 15:05:00,0,0,0.3704838752746582
mlp,de,2,777,2024-05-28 15:05:00,0,0,0.3764258623123169
mlp,de,2,778,2024-05-28 15:10:00,0,0,0.41391047835350037
mlp,de,2,779,2024-05-28 15:10:00,0,0,0.3952827751636505
mlp,de,2,780,2024-05-28 15:15:00,0,0,0.3081931471824646
mlp,de,2,781,2024-05-28 15:15:00,0,0,0.30958932638168335
mlp,de,2,782,2024-05-28 15:20:00,0,0,0.2774018347263336
mlp,de,2,783,2024-05-28 15:20:00,0,0,0.2838990390300751
mlp,de,2,784,2024-05-28 15:25:00,0,0,0.292224645614624
mlp,de,2,785,2024-05-28 15:25:00,0,0,0.3035321533679962
mlp,de,2,786,2024-05-28 15:30:00,0,0,0.24118241667747498
mlp,de,2,787,2024-05-28 15:30:00,0,0,0.23547974228858948
mlp,de,2,788,2024-05-28 15:35:00,0,0,0.22093744575977325
mlp,de,2,789,2024-05-28 15:35:00,0,0,0.2190667688846588
mlp,de,2,790,2024-05-28 15:40:00,0,0,0.20295849442481995
mlp,de,2,791,2024-05-28 15:40:00,0,0,0.22825224697589874
mlp,de,2,792,2024-05-28 15:45:00,0,0,0.29282888770103455
mlp,de,2,793,2024-05-28 15:45:00,0,0,0.23203173279762268
mlp,de,2,794,2024-05-28 15:50:00,0,0,0.3828950822353363
mlp,de,2,795,2024-05-28 15:50:00,0,0,0.36035284399986267
mlp,de,2,796,2024-05-28 15:55:00,0,1,0.5535383224487305
mlp,de,2,797,2024-05-28 15:55:00,0,1,0.5313557386398315
mlp,de,2,798,2024-05-28 16:00:00,0,0,0.42782652378082275
mlp,de,2,799,2024-05-28 16:00:00,0,0,0.4761916995048523
mlp,de,2,800,2024-05-28 16:05:00,0,0,0.43061479926109314
mlp,de,2,801,2024-05-28 16:05:00,0,0,0.4130033254623413
mlp,de,2,802,2024-05-28 16:10:00,1,0,0.3283035457134247
mlp,de,2,803,2024-05-28 16:10:00,1,0,0.3180355727672577
mlp,de,2,804,2024-05-28 16:15:00,1,0,0.34926649928092957
mlp,de,2,805,2024-05-28 16:15:00,1,0,0.32763606309890747
mlp,de,2,806,2024-05-28 16:20:00,1,0,0.43676939606666565
mlp,de,2,807,2024-05-28 16:20:00,1,0,0.3940090239048004
mlp,de,2,808,2024-05-28 16:25:00,1,1,0.5046311020851135
mlp,de,2,809,2024-05-28 16:25:00,1,0,0.48274117708206177
mlp,de,2,810,2024-05-28 16:30:00,1,1,0.5772922039031982
mlp,de,2,811,2024-05-28 16:30:00,1,1,0.5747160911560059
mlp,de,2,812,2024-05-28 16:35:00,1,1,0.6155917048454285
mlp,de,2,813,2024-05-28 16:35:00,1,1,0.6043450832366943
mlp,de,2,814,2024-05-28 16:40:00,1,1,0.5242666602134705
mlp,de,2,815,2024-05-28 16:40:00,1,1,0.5391400456428528
mlp,de,2,816,2024-05-28 16:45:00,1,1,0.6304240822792053
mlp,de,2,817,2024-05-28 16:45:00,1,1,0.6141846179962158
mlp,de,2,818,2024-05-28 16:50:00,1,1,0.6630690693855286
mlp,de,2,819,2024-05-28 16:50:00,0,1,0.7155060172080994
mlp,de,2,820,2024-05-28 16:55:00,0,1,0.6899570226669312
mlp,de,2,821,2024-05-28 16:55:00,0,1,0.6763327717781067
mlp,de,2,822,2024-05-28 17:00:00,0,1,0.6239053010940552
mlp,de,2,823,2024-05-28 17:00:00,0,1,0.632530689239502
mlp,de,2,824,2024-05-28 17:05:00,0,0,0.4783645272254944
mlp,de,2,825,2024-05-28 17:05:00,0,0,0.4691463112831116
mlp,de,2,826,2024-05-28 17:10:00,0,0,0.3858754336833954
mlp,de,2,827,2024-05-28 17:10:00,0,0,0.3934501111507416
mlp,de,2,828,2024-05-28 17:15:00,0,0,0.43964606523513794
mlp,de,2,829,2024-05-28 17:15:00,0,0,0.42112770676612854
mlp,de,2,830,2024-05-28 17:20:00,0,0,0.3700292706489563
mlp,de,2,831,2024-05-28 17:20:00,0,0,0.4156956672668457
mlp,de,2,832,2024-05-28 17:25:00,0,0,0.3603355884552002
mlp,de,2,833,2024-05-28 17:25:00,0,0,0.3353458642959595
mlp,de,2,834,2024-05-28 17:30:00,0,0,0.3346188962459564
mlp,de,2,835,2024-05-28 17:30:00,0,0,0.30025628209114075
mlp,de,2,836,2024-05-28 17:35:00,0,0,0.3175770938396454
mlp,de,2,837,2024-05-28 17:35:00,0,0,0.3130221366882324
mlp,de,2,838,2024-05-28 17:40:00,0,0,0.2485824078321457
mlp,de,2,839,2024-05-28 17:40:00,0,0,0.2203630954027176
mlp,de,2,840,2024-05-28 17:45:00,0,0,0.3814954161643982
mlp,de,2,841,2024-05-28 17:45:00,0,0,0.355940580368042
mlp,de,2,842,2024-05-28 17:50:00,0,0,0.36258214712142944
mlp,de,2,843,2024-05-28 17:50:00,0,0,0.33888086676597595
mlp,de,2,844,2024-05-28 17:55:00,1,0,0.30800673365592957
mlp,de,2,845,2024-05-28 17:55:00,1,0,0.3647826611995697
mlp,de,2,846,2024-05-29 10:40:00,1,0,0.35750845074653625
mlp,de,2,847,2024-05-29 10:40:00,1,0,0.38265159726142883
mlp,de,2,848,2024-05-29 10:45:00,1,1,0.5669981241226196
mlp,de,2,849,2024-05-29 10:45:00,1,1,0.5702336430549622
mlp,de,2,850,2024-05-29 10:50:00,1,1,0.6063726544380188
mlp,de,2,851,2024-05-29 10:50:00,1,1,0.600265383720398
mlp,de,2,852,2024-05-29 10:55:00,1,1,0.689306378364563
mlp,de,2,853,2024-05-29 10:55:00,1,1,0.6906899809837341
mlp,de,2,854,2024-05-29 11:00:00,1,1,0.7296492457389832
mlp,de,2,855,2024-05-29 11:00:00,1,1,0.734327495098114
mlp,de,2,856,2024-05-29 11:05:00,1,1,0.7841871976852417
mlp,de,2,857,2024-05-29 11:05:00,1,1,0.7790905237197876
mlp,de,2,858,2024-05-29 11:10:00,1,1,0.7335376739501953
mlp,de,2,859,2024-05-29 11:10:00,1,1,0.7220839262008667
mlp,de,2,860,2024-05-29 11:15:00,1,1,0.6600326299667358
mlp,de,2,861,2024-05-29 11:15:00,1,1,0.6532294750213623
mlp,de,2,862,2024-05-29 11:20:00,1,1,0.6105422973632812
mlp,de,2,863,2024-05-29 11:20:00,1,1,0.5985355973243713
mlp,de,2,864,2024-05-29 11:25:00,1,1,0.6566334366798401
mlp,de,2,865,2024-05-29 11:25:00,1,1,0.6668729186058044
mlp,de,2,866,2024-05-29 11:30:00,1,1,0.5567498803138733
mlp,de,2,867,2024-05-29 11:30:00,1,1,0.5728359818458557
mlp,de,2,868,2024-05-29 11:35:00,1,1,0.6602691411972046
mlp,de,2,869,2024-05-29 11:35:00,1,1,0.6482957005500793
mlp,de,2,870,2024-05-29 11:40:00,1,1,0.5872007012367249
mlp,de,2,871,2024-05-29 11:40:00,1,1,0.601205050945282
mlp,de,2,872,2024-05-29 11:45:00,0,1,0.6844597458839417
mlp,de,2,873,2024-05-29 11:45:00,0,1,0.6879673600196838
mlp,de,2,874,2024-05-29 11:50:00,0,1,0.6543392539024353
mlp,de,2,875,2024-05-29 11:50:00,0,1,0.68161940574646
mlp,de,2,876,2024-05-29 11:55:00,0,1,0.6160708665847778
mlp,de,2,877,2024-05-29 11:55:00,0,1,0.5811122059822083
mlp,de,2,878,2024-05-29 12:00:00,0,1,0.6429781317710876
mlp,de,2,879,2024-05-29 12:00:00,0,1,0.6288020610809326
mlp,de,2,880,2024-05-29 12:05:00,0,1,0.5376534461975098
mlp,de,2,881,2024-05-29 12:05:00,0,1,0.5073332786560059
mlp,de,2,882,2024-05-29 12:10:00,0,0,0.30519410967826843
mlp,de,2,883,2024-05-29 12:10:00,0,0,0.3256951570510864
mlp,de,2,884,2024-05-29 12:15:00,0,0,0.25644156336784363
mlp,de,2,885,2024-05-29 12:15:00,1,0,0.2742445170879364
mlp,de,2,886,2024-05-29 12:20:00,0,0,0.3381020724773407
mlp,de,2,887,2024-05-29 12:20:00,1,0,0.3377779722213745
mlp,de,2,888,2024-05-29 12:25:00,0,0,0.371051549911499
mlp,de,2,889,2024-05-29 12:25:00,1,0,0.3772163391113281
mlp,de,2,890,2024-05-29 12:30:00,0,0,0.3451560139656067
mlp,de,2,891,2024-05-29 12:30:00,1,0,0.331894189119339
mlp,de,2,892,2024-05-29 12:35:00,1,1,0.5318146347999573
mlp,de,2,893,2024-05-29 12:35:00,0,1,0.5212988257408142
mlp,de,2,894,2024-05-29 12:40:00,1,1,0.6239578723907471
mlp,de,2,895,2024-05-29 12:40:00,0,1,0.6310519576072693
mlp,de,2,896,2024-05-29 12:45:00,0,1,0.6826341152191162
mlp,de,2,897,2024-05-29 12:45:00,1,1,0.6774002909660339
mlp,de,2,898,2024-05-29 12:50:00,1,1,0.6733226776123047
mlp,de,2,899,2024-05-29 12:50:00,0,1,0.6945410370826721
mlp,de,2,900,2024-05-29 12:55:00,1,1,0.6204350590705872
mlp,de,2,901,2024-05-29 12:55:00,0,1,0.6429844498634338
mlp,de,2,902,2024-05-29 13:00:00,0,1,0.5519562363624573
mlp,de,2,903,2024-05-29 13:00:00,1,1,0.5261606574058533
mlp,de,2,904,2024-05-29 13:05:00,1,0,0.41372209787368774
mlp,de,2,905,2024-05-29 13:05:00,0,0,0.4506787061691284
mlp,de,2,906,2024-05-29 13:10:00,0,0,0.4096430540084839
mlp,de,2,907,2024-05-29 13:10:00,1,0,0.37805479764938354
mlp,de,2,908,2024-05-29 13:15:00,1,0,0.4784315228462219
mlp,de,2,909,2024-05-29 13:15:00,0,0,0.46444886922836304
mlp,de,2,910,2024-05-29 13:20:00,1,0,0.498446524143219
mlp,de,2,911,2024-05-29 13:20:00,0,0,0.4576041102409363
mlp,de,2,912,2024-05-29 13:25:00,1,1,0.5496414303779602
mlp,de,2,913,2024-05-29 13:25:00,0,0,0.4788605868816376
mlp,de,2,914,2024-05-29 13:30:00,1,1,0.5913076996803284
mlp,de,2,915,2024-05-29 13:30:00,0,1,0.5808380246162415
mlp,de,2,916,2024-05-29 13:35:00,0,1,0.6096599102020264
mlp,de,2,917,2024-05-29 13:35:00,0,1,0.6472113132476807
mlp,de,2,918,2024-05-29 13:40:00,0,0,0.4532240629196167
mlp,de,2,919,2024-05-29 13:40:00,0,0,0.47136545181274414
mlp,de,2,920,2024-05-29 13:45:00,0,0,0.3830564320087433
mlp,de,2,921,2024-05-29 13:45:00,0,0,0.4381159543991089
mlp,de,2,922,2024-05-29 13:50:00,0,0,0.4813925623893738
mlp,de,2,923,2024-05-29 13:50:00,0,0,0.4887165129184723
mlp,de,2,924,2024-05-29 13:55:00,0,0,0.4577765166759491
mlp,de,2,925,2024-05-29 13:55:00,0,0,0.46162739396095276
mlp,de,2,926,2024-05-29 14:00:00,0,0,0.37220147252082825
mlp,de,2,927,2024-05-29 14:00:00,0,0,0.37621814012527466
mlp,de,2,928,2024-05-29 14:05:00,0,0,0.3404565453529358
mlp,de,2,929,2024-05-29 14:05:00,0,0,0.3182583153247833
mlp,de,2,930,2024-05-29 14:10:00,0,0,0.32152533531188965
mlp,de,2,931,2024-05-29 14:10:00,0,0,0.3093799948692322
mlp,de,2,932,2024-05-29 14:15:00,0,0,0.28895100951194763
mlp,de,2,933,2024-05-29 14:15:00,0,0,0.26479965448379517
mlp,de,2,934,2024-05-29 14:20:00,0,0,0.2338537722826004
mlp,de,2,935,2024-05-29 14:20:00,0,0,0.22038310766220093
mlp,de,2,936,2024-05-29 14:25:00,0,0,0.24765482544898987
mlp,de,2,937,2024-05-29 14:25:00,0,0,0.25259584188461304
mlp,de,2,938,2024-05-29 14:30:00,0,0,0.1854340136051178
mlp,de,2,939,2024-05-29 14:30:00,0,0,0.18915978074073792
mlp,de,2,940,2024-05-29 14:35:00,0,0,0.2282576709985733
mlp,de,2,941,2024-05-29 14:35:00,0,0,0.21993373334407806
mlp,de,2,942,2024-05-29 14:40:00,0,0,0.22821439802646637
mlp,de,2,943,2024-05-29 14:40:00,0,0,0.22525708377361298
mlp,de,2,944,2024-05-29 14:45:00,1,0,0.23729129135608673
mlp,de,2,945,2024-05-29 14:45:00,1,0,0.25373753905296326
mlp,de,2,946,2024-05-29 14:50:00,1,0,0.4086880385875702
mlp,de,2,947,2024-05-29 14:50:00,1,0,0.38554999232292175
mlp,de,2,948,2024-05-29 14:55:00,1,1,0.5620303750038147
mlp,de,2,949,2024-05-29 14:55:00,1,1,0.5463358163833618
mlp,de,2,950,2024-05-29 15:00:00,1,1,0.6554945707321167
mlp,de,2,951,2024-05-29 15:00:00,1,1,0.6460744142532349
mlp,de,2,952,2024-05-29 15:05:00,1,1,0.714933454990387
mlp,de,2,953,2024-05-29 15:05:00,1,1,0.7130206823348999
mlp,de,2,954,2024-05-29 15:10:00,1,1,0.7436853051185608
mlp,de,2,955,2024-05-29 15:10:00,1,1,0.7318811416625977
mlp,de,2,956,2024-05-29 15:15:00,1,1,0.6447979211807251
mlp,de,2,957,2024-05-29 15:15:00,1,1,0.646669864654541
mlp,de,2,958,2024-05-29 15:20:00,1,1,0.6886033415794373
mlp,de,2,959,2024-05-29 15:20:00,1,1,0.6796709895133972
mlp,de,2,960,2024-05-29 15:25:00,1,1,0.6891981363296509
mlp,de,2,961,2024-05-29 15:25:00,1,1,0.6756399869918823
mlp,de,2,962,2024-05-29 15:30:00,1,1,0.6274726390838623
mlp,de,2,963,2024-05-29 15:30:00,1,1,0.63067227602005
mlp,de,2,964,2024-05-29 15:35:00,1,0,0.45569881796836853
mlp,de,2,965,2024-05-29 15:35:00,1,0,0.41451868414878845
mlp,de,2,966,2024-05-29 15:40:00,1,0,0.4787219166755676
mlp,de,2,967,2024-05-29 15:40:00,1,0,0.4272696077823639
mlp,de,2,968,2024-05-29 15:45:00,1,0,0.3603643774986267
mlp,de,2,969,2024-05-29 15:45:00,1,0,0.3603188693523407
mlp,de,2,970,2024-05-29 15:50:00,1,0,0.421121209859848
mlp,de,2,971,2024-05-29 15:50:00,1,0,0.4195752441883087
mlp,de,2,972,2024-05-29 15:55:00,1,0,0.48727506399154663
mlp,de,2,973,2024-05-29 15:55:00,1,0,0.44875630736351013
mlp,de,2,974,2024-05-29 16:00:00,1,1,0.5285265445709229
mlp,de,2,975,2024-05-29 16:00:00,1,1,0.5465373992919922
mlp,de,2,976,2024-05-29 16:05:00,1,1,0.525558590888977
mlp,de,2,977,2024-05-29 16:05:00,1,1,0.5390166640281677
mlp,de,2,978,2024-05-29 16:10:00,1,1,0.5686694979667664
mlp,de,2,979,2024-05-29 16:10:00,1,1,0.5697625279426575
mlp,de,2,980,2024-05-29 16:15:00,1,1,0.6497563719749451
mlp,de,2,981,2024-05-29 16:15:00,1,1,0.6349300146102905
mlp,de,2,982,2024-05-29 16:20:00,0,1,0.7333845496177673
mlp,de,2,983,2024-05-29 16:20:00,0,1,0.7355333566665649
mlp,de,2,984,2024-05-29 16:25:00,0,1,0.7280151844024658
mlp,de,2,985,2024-05-29 16:25:00,0,1,0.7294764518737793
mlp,de,2,986,2024-05-29 16:30:00,0,1,0.667326033115387
mlp,de,2,987,2024-05-29 16:30:00,0,1,0.6683847308158875
mlp,de,2,988,2024-05-29 16:35:00,0,1,0.6448389291763306
mlp,de,2,989,2024-05-29 16:35:00,0,1,0.6301231384277344
mlp,de,2,990,2024-05-29 16:40:00,0,0,0.4295065402984619
mlp,de,2,991,2024-05-29 16:40:00,0,0,0.4373478889465332
mlp,de,2,992,2024-05-29 16:45:00,0,0,0.32576343417167664
mlp,de,2,993,2024-05-29 16:45:00,0,0,0.2843586802482605
mlp,de,2,994,2024-05-29 16:50:00,0,0,0.26879701018333435
mlp,de,2,995,2024-05-29 16:50:00,0,0,0.2798495292663574
mlp,de,2,996,2024-05-29 16:55:00,0,0,0.28046250343322754
mlp,de,2,997,2024-05-29 16:55:00,0,0,0.26766344904899597
mlp,de,2,998,2024-05-29 17:00:00,0,0,0.207425057888031
mlp,de,2,999,2024-05-29 17:00:00,0,0,0.2547849714756012
mlp,de,2,1000,2024-05-29 17:05:00,0,0,0.2086414247751236
mlp,de,2,1001,2024-05-29 17:05:00,0,0,0.19388863444328308
mlp,de,2,1002,2024-05-29 17:10:00,0,0,0.21841378509998322
mlp,de,2,1003,2024-05-29 17:10:00,0,0,0.234755277633667
mlp,de,2,1004,2024-05-29 17:15:00,0,0,0.4494974613189697
mlp,de,2,1005,2024-05-29 17:15:00,0,0,0.4629262089729309
mlp,de,2,1006,2024-05-29 17:20:00,0,1,0.5297703146934509
mlp,de,2,1007,2024-05-29 17:20:00,0,1,0.5002526044845581
mlp,de,2,1008,2024-05-29 17:25:00,0,0,0.47587308287620544
mlp,de,2,1009,2024-05-29 17:25:00,0,0,0.4242134094238281
mlp,de,2,1010,2024-05-29 17:30:00,0,0,0.3776445686817169
mlp,de,2,1011,2024-05-29 17:30:00,0,0,0.4336061477661133
mlp,de,2,1012,2024-05-29 17:35:00,0,1,0.5094857811927795
mlp,de,2,1013,2024-05-29 17:35:00,0,1,0.5103071331977844
mlp,de,2,1014,2024-05-29 17:40:00,0,1,0.5034389495849609
mlp,de,2,1015,2024-05-29 17:40:00,0,1,0.5083805322647095
mlp,de,2,1016,2024-05-29 17:45:00,0,1,0.5358379483222961
mlp,de,2,1017,2024-05-29 17:45:00,0,1,0.5704033374786377
mlp,de,2,1018,2024-05-29 17:50:00,0,0,0.49823588132858276
mlp,de,2,1019,2024-05-29 17:50:00,0,1,0.5614776611328125
mlp,de,2,1020,2024-05-29 17:55:00,0,1,0.5199354290962219
mlp,de,2,1021,2024-05-29 17:55:00,0,1,0.5379570722579956
mlp,de,2,1022,2024-05-31 12:35:00,1,0,0.381301611661911
mlp,de,2,1023,2024-05-31 12:40:00,1,0,0.3885577619075775
mlp,de,2,1024,2024-05-31 12:45:00,1,1,0.5654134750366211
mlp,de,2,1025,2024-05-31 12:50:00,1,1,0.6186345815658569
mlp,de,2,1026,2024-05-31 12:55:00,1,0,0.49754059314727783
mlp,de,2,1027,2024-05-31 13:00:00,1,0,0.435621440410614
mlp,de,2,1028,2024-05-31 13:05:00,1,0,0.4814585745334625
mlp,de,2,1029,2024-05-31 13:10:00,1,0,0.47337114810943604
mlp,de,2,1030,2024-05-31 13:15:00,1,0,0.41770121455192566
mlp,de,2,1031,2024-05-31 13:20:00,1,0,0.3475465178489685
mlp,de,2,1032,2024-05-31 13:25:00,1,0,0.32339173555374146
mlp,de,2,1033,2024-05-31 13:25:00,1,0,0.3331127166748047
mlp,de,2,1034,2024-05-31 13:30:00,1,0,0.4205992519855499
mlp,de,2,1035,2024-05-31 13:30:00,1,0,0.42135727405548096
mlp,de,2,1036,2024-05-31 13:35:00,1,1,0.5481104850769043
mlp,de,2,1037,2024-05-31 13:35:00,1,1,0.562272846698761
mlp,de,2,1038,2024-05-31 13:40:00,1,1,0.5429131984710693
mlp,de,2,1039,2024-05-31 13:40:00,1,1,0.5446925163269043
mlp,de,2,1040,2024-05-31 13:45:00,1,1,0.6072190403938293
mlp,de,2,1041,2024-05-31 13:45:00,1,1,0.6134873628616333
mlp,de,2,1042,2024-05-31 13:50:00,1,1,0.6433189511299133
mlp,de,2,1043,2024-05-31 13:50:00,1,1,0.64352947473526
mlp,de,2,1044,2024-05-31 13:55:00,1,1,0.6375466585159302
mlp,de,2,1045,2024-05-31 13:55:00,1,1,0.6407008767127991
mlp,de,2,1046,2024-05-31 14:00:00,1,1,0.6270750164985657
mlp,de,2,1047,2024-05-31 14:00:00,1,1,0.6307639479637146
mlp,de,2,1048,2024-05-31 14:05:00,1,1,0.6634286046028137
mlp,de,2,1049,2024-05-31 14:05:00,1,1,0.6485926508903503
mlp,de,2,1050,2024-05-31 14:10:00,1,1,0.666388750076294
mlp,de,2,1051,2024-05-31 14:10:00,1,1,0.6635544896125793
mlp,de,2,1052,2024-05-31 14:15:00,1,0,0.4973371624946594
mlp,de,2,1053,2024-05-31 14:15:00,1,1,0.5604837536811829
mlp,de,2,1054,2024-05-31 14:20:00,1,1,0.525458574295044
mlp,de,2,1055,2024-05-31 14:20:00,1,1,0.5521353483200073
mlp,de,2,1056,2024-05-31 14:25:00,1,1,0.5221698880195618
mlp,de,2,1057,2024-05-31 14:25:00,1,1,0.5166835784912109
mlp,de,2,1058,2024-05-31 14:30:00,1,1,0.5739461183547974
mlp,de,2,1059,2024-05-31 14:30:00,1,1,0.5799957513809204
mlp,de,2,1060,2024-05-31 14:35:00,1,1,0.6293515563011169
mlp,de,2,1061,2024-05-31 14:35:00,1,1,0.5942462086677551
mlp,de,2,1062,2024-05-31 14:40:00,1,1,0.623943030834198
mlp,de,2,1063,2024-05-31 14:40:00,1,1,0.5971185564994812
mlp,de,2,1064,2024-05-31 14:45:00,1,1,0.5992101430892944
mlp,de,2,1065,2024-05-31 14:45:00,1,1,0.5648626685142517
mlp,de,2,1066,2024-05-31 14:50:00,1,0,0.45711028575897217
mlp,de,2,1067,2024-05-31 14:50:00,1,0,0.4852868318557739
mlp,de,2,1068,2024-05-31 14:55:00,1,0,0.46307888627052307
mlp,de,2,1069,2024-05-31 14:55:00,1,0,0.455614298582077
mlp,de,2,1070,2024-05-31 15:00:00,1,0,0.4344717264175415
mlp,de,2,1071,2024-05-31 15:00:00,1,0,0.47238972783088684
mlp,de,2,1072,2024-05-31 15:05:00,0,1,0.5903423428535461
mlp,de,2,1073,2024-05-31 15:05:00,0,1,0.5918740034103394
mlp,de,2,1074,2024-05-31 15:10:00,0,1,0.5413221716880798
mlp,de,2,1075,2024-05-31 15:10:00,0,1,0.5892481207847595
mlp,de,2,1076,2024-05-31 15:15:00,0,1,0.5433207154273987
mlp,de,2,1077,2024-05-31 15:15:00,0,1,0.5742776989936829
mlp,de,2,1078,2024-05-31 15:20:00,0,0,0.4970351755619049
mlp,de,2,1079,2024-05-31 15:20:00,0,0,0.4876452386379242
mlp,de,2,1080,2024-05-31 15:25:00,0,0,0.49509766697883606
mlp,de,2,1081,2024-05-31 15:25:00,0,1,0.5216795206069946
mlp,de,2,1082,2024-05-31 15:30:00,0,0,0.39498159289360046
mlp,de,2,1083,2024-05-31 15:30:00,0,1,0.5065287351608276
mlp,de,2,1084,2024-05-31 15:35:00,0,0,0.45722678303718567
mlp,de,2,1085,2024-05-31 15:35:00,0,0,0.44696077704429626
mlp,de,2,1086,2024-05-31 15:40:00,0,0,0.360485315322876
mlp,de,2,1087,2024-05-31 15:40:00,0,0,0.36502641439437866
mlp,de,2,1088,2024-05-31 15:45:00,0,0,0.39211803674697876
mlp,de,2,1089,2024-05-31 15:45:00,0,0,0.3476373255252838
mlp,de,2,1090,2024-05-31 15:50:00,0,0,0.3800378143787384
mlp,de,2,1091,2024-05-31 15:50:00,0,0,0.36196061968803406
mlp,de,2,1092,2024-05-31 15:55:00,0,0,0.32218414545059204
mlp,de,2,1093,2024-05-31 15:55:00,0,0,0.3446601629257202
mlp,de,2,1094,2024-05-31 16:00:00,1,0,0.29637324810028076
mlp,de,2,1095,2024-05-31 16:00:00,1,0,0.2914293110370636
mlp,de,2,1096,2024-05-31 16:05:00,1,0,0.3230730891227722
mlp,de,2,1097,2024-05-31 16:05:00,1,0,0.3182178735733032
mlp,de,2,1098,2024-05-31 16:10:00,1,0,0.49358561635017395
mlp,de,2,1099,2024-05-31 16:10:00,1,1,0.5040743350982666
mlp,de,2,1100,2024-05-31 16:15:00,1,1,0.5683227777481079
mlp,de,2,1101,2024-05-31 16:15:00,1,1,0.5566019415855408
mlp,de,2,1102,2024-05-31 16:20:00,1,1,0.5773189067840576
mlp,de,2,1103,2024-05-31 16:20:00,1,1,0.5188018083572388
mlp,de,2,1104,2024-05-31 16:25:00,1,1,0.5411530137062073
mlp,de,2,1105,2024-05-31 16:25:00,1,1,0.5196067094802856
mlp,de,2,1106,2024-05-31 16:30:00,1,0,0.44377145171165466
mlp,de,2,1107,2024-05-31 16:30:00,1,0,0.4836329221725464
mlp,de,2,1108,2024-05-31 16:35:00,1,1,0.5116689801216125
mlp,de,2,1109,2024-05-31 16:35:00,1,1,0.5403836369514465
mlp,de,2,1110,2024-05-31 16:40:00,1,1,0.6622939705848694
mlp,de,2,1111,2024-05-31 16:40:00,1,1,0.648368775844574
mlp,de,2,1112,2024-05-31 16:45:00,1,1,0.6318394541740417
mlp,de,2,1113,2024-05-31 16:45:00,1,1,0.6888217329978943
mlp,de,2,1114,2024-05-31 16:50:00,1,1,0.7089571356773376
mlp,de,2,1115,2024-05-31 16:50:00,1,1,0.7305670380592346
mlp,de,2,1116,2024-05-31 16:55:00,0,1,0.7489314079284668
mlp,de,2,1117,2024-05-31 16:55:00,0,1,0.7479206323623657
mlp,de,2,1118,2024-05-31 17:00:00,0,1,0.6233425736427307
mlp,de,2,1119,2024-05-31 17:00:00,0,1,0.6331764459609985
mlp,de,2,1120,2024-05-31 17:05:00,0,0,0.44863203167915344
mlp,de,2,1121,2024-05-31 17:05:00,0,0,0.46089035272598267
mlp,de,2,1122,2024-05-31 17:10:00,0,0,0.4426070749759674
mlp,de,2,1123,2024-05-31 17:10:00,0,0,0.4208559989929199
mlp,de,2,1124,2024-05-31 17:15:00,0,1,0.5124244689941406
mlp,de,2,1125,2024-05-31 17:15:00,0,1,0.5463202595710754
mlp,de,2,1126,2024-05-31 17:20:00,0,0,0.4867938160896301
mlp,de,2,1127,2024-05-31 17:20:00,0,0,0.49962618947029114
mlp,de,2,1128,2024-05-31 17:25:00,0,0,0.48324480652809143
mlp,de,2,1129,2024-05-31 17:25:00,0,0,0.4906999468803406
mlp,de,2,1130,2024-05-31 17:30:00,0,0,0.49606287479400635
mlp,de,2,1131,2024-05-31 17:30:00,0,1,0.5201769471168518
mlp,de,2,1132,2024-05-31 17:35:00,0,0,0.47497546672821045
mlp,de,2,1133,2024-05-31 17:35:00,0,1,0.5235017538070679
mlp,de,2,1134,2024-05-31 17:40:00,0,1,0.519790530204773
mlp,de,2,1135,2024-05-31 17:40:00,0,1,0.5992540717124939
mlp,de,2,1136,2024-05-31 17:45:00,0,0,0.4850044548511505
mlp,de,2,1137,2024-05-31 17:45:00,0,0,0.4555767774581909
mlp,de,2,1138,2024-05-31 17:50:00,0,1,0.5320642590522766
mlp,de,2,1139,2024-05-31 17:50:00,0,1,0.5752822160720825
mlp,de,2,1140,2024-05-31 17:55:00,0,1,0.544545590877533
mlp,de,2,1141,2024-05-31 17:55:00,0,1,0.597163200378418
mlp,de,2,1142,2024-06-03 10:50:00,1,0,0.16759498417377472
mlp,de,2,1143,2024-06-03 10:50:00,1,0,0.1721240133047104
mlp,de,2,1144,2024-06-03 10:55:00,1,0,0.30128714442253113
mlp,de,2,1145,2024-06-03 10:55:00,1,0,0.2656862139701843
mlp,de,2,1146,2024-06-03 11:00:00,1,0,0.32516083121299744
mlp,de,2,1147,2024-06-03 11:00:00,1,0,0.321178674697876
mlp,de,2,1148,2024-06-03 11:05:00,1,0,0.40669625997543335
mlp,de,2,1149,2024-06-03 11:05:00,1,0,0.4025900959968567
mlp,de,2,1150,2024-06-03 11:10:00,1,1,0.555499255657196
mlp,de,2,1151,2024-06-03 11:10:00,1,1,0.5333278179168701
mlp,de,2,1152,2024-06-03 11:15:00,1,1,0.771182656288147
mlp,de,2,1153,2024-06-03 11:15:00,1,1,0.7745355367660522
mlp,de,2,1154,2024-06-03 11:20:00,1,1,0.7773557901382446
mlp,de,2,1155,2024-06-03 11:20:00,1,1,0.7846497893333435
mlp,de,2,1156,2024-06-03 11:25:00,1,1,0.8917778134346008
mlp,de,2,1157,2024-06-03 11:25:00,1,1,0.8820515871047974
mlp,de,2,1158,2024-06-03 11:30:00,1,1,0.9151197671890259
mlp,de,2,1159,2024-06-03 11:30:00,1,1,0.9296772480010986
mlp,de,2,1160,2024-06-03 11:35:00,1,1,0.8687847852706909
mlp,de,2,1161,2024-06-03 11:35:00,1,1,0.8555721640586853
mlp,de,2,1162,2024-06-03 11:40:00,0,1,0.8864073157310486
mlp,de,2,1163,2024-06-03 11:40:00,0,1,0.8921600580215454
mlp,de,2,1164,2024-06-03 11:45:00,0,1,0.7869359254837036
mlp,de,2,1165,2024-06-03 11:45:00,0,1,0.7970921397209167
mlp,de,2,1166,2024-06-03 11:50:00,0,1,0.6099931001663208
mlp,de,2,1167,2024-06-03 11:50:00,0,1,0.6599341630935669
mlp,de,2,1168,2024-06-03 11:55:00,0,0,0.4347998797893524
mlp,de,2,1169,2024-06-03 11:55:00,0,1,0.5277742743492126
mlp,de,2,1170,2024-06-03 12:00:00,0,1,0.528930127620697
mlp,de,2,1171,2024-06-03 12:00:00,0,1,0.5169867873191833
mlp,de,2,1172,2024-06-03 12:05:00,0,1,0.5088716745376587
mlp,de,2,1173,2024-06-03 12:05:00,0,1,0.6056559085845947
mlp,de,2,1174,2024-06-03 12:10:00,0,1,0.5074813365936279
mlp,de,2,1175,2024-06-03 12:10:00,0,1,0.5018161535263062
mlp,de,2,1176,2024-06-03 12:15:00,0,1,0.5623546838760376
mlp,de,2,1177,2024-06-03 12:15:00,0,1,0.6345962285995483
mlp,de,2,1178,2024-06-03 12:20:00,0,1,0.566217303276062
mlp,de,2,1179,2024-06-03 12:20:00,0,1,0.5800542831420898
mlp,de,2,1180,2024-06-03 12:25:00,0,0,0.31286391615867615
mlp,de,2,1181,2024-06-03 12:25:00,0,0,0.28822919726371765
mlp,de,2,1182,2024-06-03 12:30:00,0,0,0.18557751178741455
mlp,de,2,1183,2024-06-03 12:30:00,0,0,0.1967325210571289
mlp,de,2,1184,2024-06-03 12:35:00,0,0,0.21348752081394196
mlp,de,2,1185,2024-06-03 12:35:00,0,0,0.21820789575576782
mlp,de,2,1186,2024-06-03 12:40:00,0,0,0.2689988315105438
mlp,de,2,1187,2024-06-03 12:40:00,0,0,0.2538909316062927
mlp,de,2,1188,2024-06-03 12:45:00,0,0,0.21202075481414795
mlp,de,2,1189,2024-06-03 12:45:00,0,0,0.2714851498603821
mlp,de,2,1190,2024-06-03 12:50:00,0,0,0.31455034017562866
mlp,de,2,1191,2024-06-03 12:50:00,0,0,0.3362070620059967
mlp,de,2,1192,2024-06-03 12:55:00,0,0,0.3282642960548401
mlp,de,2,1193,2024-06-03 12:55:00,0,0,0.3447164297103882
mlp,de,2,1194,2024-06-03 13:00:00,0,0,0.3545302748680115
mlp,de,2,1195,2024-06-03 13:00:00,0,0,0.43661269545555115
mlp,de,2,1196,2024-06-03 13:05:00,0,0,0.37654468417167664
mlp,de,2,1197,2024-06-03 13:05:00,0,0,0.3251640498638153
mlp,de,2,1198,2024-06-03 13:10:00,0,0,0.2565303146839142
mlp,de,2,1199,2024-06-03 13:10:00,0,0,0.2490687072277069
mlp,de,2,1200,2024-06-03 13:15:00,0,0,0.16687345504760742
mlp,de,2,1201,2024-06-03 13:15:00,0,0,0.14611516892910004
mlp,de,2,1202,2024-06-03 13:20:00,0,0,0.19538407027721405
mlp,de,2,1203,2024-06-03 13:20:00,0,0,0.19617775082588196
mlp,de,2,1204,2024-06-03 13:25:00,0,0,0.27222493290901184
mlp,de,2,1205,2024-06-03 13:25:00,0,0,0.25714609026908875
mlp,de,2,1206,2024-06-03 13:30:00,0,0,0.25261738896369934
mlp,de,2,1207,2024-06-03 13:30:00,0,0,0.2975556552410126
mlp,de,2,1208,2024-06-03 13:35:00,0,0,0.36465728282928467
mlp,de,2,1209,2024-06-03 13:35:00,0,0,0.36050888895988464
mlp,de,2,1210,2024-06-03 13:40:00,0,0,0.3689440190792084
mlp,de,2,1211,2024-06-03 13:40:00,0,0,0.3845503032207489
mlp,de,2,1212,2024-06-03 13:45:00,0,1,0.5085034370422363
mlp,de,2,1213,2024-06-03 13:45:00,0,0,0.4857274889945984
mlp,de,2,1214,2024-06-03 13:50:00,0,0,0.4669300615787506
mlp,de,2,1215,2024-06-03 13:50:00,0,0,0.46250057220458984
mlp,de,2,1216,2024-06-03 13:55:00,0,0,0.4609966278076172
mlp,de,2,1217,2024-06-03 13:55:00,0,0,0.47935011982917786
mlp,de,2,1218,2024-06-03 14:00:00,1,0,0.4261770248413086
mlp,de,2,1219,2024-06-03 14:00:00,1,0,0.38454169034957886
mlp,de,2,1220,2024-06-03 14:05:00,1,1,0.5474272966384888
mlp,de,2,1221,2024-06-03 14:05:00,1,1,0.5471817851066589
mlp,de,2,1222,2024-06-03 14:10:00,1,1,0.6297440528869629
mlp,de,2,1223,2024-06-03 14:10:00,1,1,0.6354251503944397
mlp,de,2,1224,2024-06-03 14:15:00,1,1,0.7400983572006226
mlp,de,2,1225,2024-06-03 14:15:00,1,1,0.7419807314872742
mlp,de,2,1226,2024-06-03 14:20:00,1,1,0.8105024695396423
mlp,de,2,1227,2024-06-03 14:20:00,1,1,0.8228638172149658
mlp,de,2,1228,2024-06-03 14:25:00,1,1,0.8677752614021301
mlp,de,2,1229,2024-06-03 14:25:00,1,1,0.8627265095710754
mlp,de,2,1230,2024-06-03 14:30:00,1,1,0.9019721746444702
mlp,de,2,1231,2024-06-03 14:30:00,1,1,0.9043415784835815
mlp,de,2,1232,2024-06-03 14:35:00,1,1,0.8235591650009155
mlp,de,2,1233,2024-06-03 14:35:00,1,1,0.8349563479423523
mlp,de,2,1234,2024-06-03 14:40:00,1,1,0.7722615003585815
mlp,de,2,1235,2024-06-03 14:40:00,1,1,0.7749251127243042
mlp,de,2,1236,2024-06-03 14:45:00,1,1,0.6475579142570496
mlp,de,2,1237,2024-06-03 14:45:00,1,1,0.6518132090568542
mlp,de,2,1238,2024-06-03 14:50:00,1,0,0.41363152861595154
mlp,de,2,1239,2024-06-03 14:50:00,1,0,0.4448063373565674
mlp,de,2,1240,2024-06-03 14:55:00,1,0,0.3588460087776184
mlp,de,2,1241,2024-06-03 14:55:00,1,0,0.32620173692703247
mlp,de,2,1242,2024-06-03 15:00:00,1,0,0.425954669713974
mlp,de,2,1243,2024-06-03 15:00:00,1,0,0.43956512212753296
mlp,de,2,1244,2024-06-03 15:05:00,1,1,0.5221325755119324
mlp,de,2,1245,2024-06-03 15:05:00,1,1,0.50385582447052
mlp,de,2,1246,2024-06-03 15:10:00,1,0,0.41725730895996094
mlp,de,2,1247,2024-06-03 15:10:00,1,0,0.4050689935684204
mlp,de,2,1248,2024-06-03 15:15:00,1,1,0.5799829959869385
mlp,de,2,1249,2024-06-03 15:15:00,1,1,0.5700810551643372
mlp,de,2,1250,2024-06-03 15:20:00,1,1,0.6275923848152161
mlp,de,2,1251,2024-06-03 15:20:00,1,1,0.639316737651825
mlp,de,2,1252,2024-06-03 15:25:00,1,1,0.6879146695137024
mlp,de,2,1253,2024-06-03 15:25:00,1,1,0.6585731506347656
mlp,de,2,1254,2024-06-03 15:30:00,1,1,0.7176321148872375
mlp,de,2,1255,2024-06-03 15:30:00,1,1,0.7390556335449219
mlp,de,2,1256,2024-06-03 15:35:00,0,1,0.7708732485771179
mlp,de,2,1257,2024-06-03 15:35:00,0,1,0.7951114773750305
mlp,de,2,1258,2024-06-03 15:40:00,0,1,0.5971887111663818
mlp,de,2,1259,2024-06-03 15:40:00,0,1,0.5986014604568481
mlp,de,2,1260,2024-06-03 15:45:00,0,1,0.5031527876853943
mlp,de,2,1261,2024-06-03 15:45:00,0,1,0.5721224546432495
mlp,de,2,1262,2024-06-03 15:50:00,0,0,0.4719129800796509
mlp,de,2,1263,2024-06-03 15:50:00,0,1,0.5171288847923279
mlp,de,2,1264,2024-06-03 15:55:00,0,1,0.5558854341506958
mlp,de,2,1265,2024-06-03 15:55:00,0,1,0.5491194128990173
mlp,de,2,1266,2024-06-03 16:00:00,0,1,0.522573709487915
mlp,de,2,1267,2024-06-03 16:00:00,0,1,0.5093664526939392
mlp,de,2,1268,2024-06-03 16:05:00,0,0,0.46986180543899536
mlp,de,2,1269,2024-06-03 16:05:00,0,0,0.432893306016922
mlp,de,2,1270,2024-06-03 16:10:00,0,1,0.5415974259376526
mlp,de,2,1271,2024-06-03 16:10:00,0,1,0.5078527927398682
mlp,de,2,1272,2024-06-03 16:15:00,0,0,0.41540881991386414
mlp,de,2,1273,2024-06-03 16:15:00,0,0,0.4038519263267517
mlp,de,2,1274,2024-06-03 16:20:00,0,0,0.3989117741584778
mlp,de,2,1275,2024-06-03 16:20:00,0,0,0.35567206144332886
mlp,de,2,1276,2024-06-03 16:25:00,0,0,0.33428874611854553
mlp,de,2,1277,2024-06-03 16:25:00,0,0,0.3535749912261963
mlp,de,2,1278,2024-06-03 16:30:00,0,0,0.32632261514663696
mlp,de,2,1279,2024-06-03 16:30:00,0,0,0.31482622027397156
mlp,de,2,1280,2024-06-03 16:35:00,0,0,0.30923396348953247
mlp,de,2,1281,2024-06-03 16:35:00,0,0,0.2424541711807251
mlp,de,2,1282,2024-06-03 16:40:00,0,0,0.37283217906951904
mlp,de,2,1283,2024-06-03 16:40:00,0,0,0.3644562065601349
mlp,de,2,1284,2024-06-03 16:45:00,0,0,0.38178980350494385
mlp,de,2,1285,2024-06-03 16:45:00,0,0,0.45011162757873535
mlp,de,2,1286,2024-06-03 16:50:00,0,0,0.38212519884109497
mlp,de,2,1287,2024-06-03 16:50:00,0,0,0.37714526057243347
mlp,de,2,1288,2024-06-03 16:55:00,0,0,0.28828319907188416
mlp,de,2,1289,2024-06-03 16:55:00,0,0,0.26270434260368347
mlp,de,2,1290,2024-06-03 17:00:00,0,0,0.20558471977710724
mlp,de,2,1291,2024-06-03 17:00:00,0,0,0.21683554351329803
mlp,de,2,1292,2024-06-03 17:05:00,0,0,0.2612668573856354
mlp,de,2,1293,2024-06-03 17:05:00,0,0,0.2656840980052948
mlp,de,2,1294,2024-06-03 17:10:00,0,0,0.2628927230834961
mlp,de,2,1295,2024-06-03 17:10:00,0,0,0.2780393958091736
mlp,de,2,1296,2024-06-03 17:15:00,0,0,0.3189900517463684
mlp,de,2,1297,2024-06-03 17:15:00,0,0,0.3051423728466034
mlp,de,2,1298,2024-06-03 17:20:00,0,0,0.26307159662246704
mlp,de,2,1299,2024-06-03 17:20:00,0,0,0.2487523853778839
mlp,de,2,1300,2024-06-03 17:25:00,0,0,0.20597179234027863
mlp,de,2,1301,2024-06-03 17:25:00,0,0,0.07426990568637848
mlp,de,2,1302,2024-06-03 17:30:00,0,0,0.31346026062965393
mlp,de,2,1303,2024-06-03 17:30:00,0,0,0.3177669942378998
mlp,de,2,1304,2024-06-03 17:35:00,0,0,0.28779903054237366
mlp,de,2,1305,2024-06-03 17:35:00,0,0,0.3045528829097748
mlp,de,2,1306,2024-06-03 17:40:00,0,0,0.2384406179189682
mlp,de,2,1307,2024-06-03 17:40:00,0,0,0.2930878698825836
mlp,de,2,1308,2024-06-03 17:45:00,0,0,0.3445511758327484
mlp,de,2,1309,2024-06-03 17:45:00,0,0,0.33294421434402466
mlp,de,2,1310,2024-06-03 17:50:00,0,0,0.45971810817718506
mlp,de,2,1311,2024-06-03 17:50:00,0,0,0.4140017330646515
mlp,de,2,1312,2024-06-03 17:55:00,0,0,0.469743549823761
mlp,de,2,1313,2024-06-03 17:55:00,0,1,0.50909423828125
mlp,de,2,1314,2024-06-04 11:15:00,1,0,0.2731170654296875
mlp,de,2,1315,2024-06-04 11:20:00,1,0,0.2845502197742462
mlp,de,2,1316,2024-06-04 11:20:00,1,0,0.27391669154167175
mlp,de,2,1317,2024-06-04 11:25:00,1,0,0.4534928798675537
mlp,de,2,1318,2024-06-04 11:25:00,1,0,0.42964309453964233
mlp,de,2,1319,2024-06-04 11:30:00,1,1,0.5758693218231201
mlp,de,2,1320,2024-06-04 11:30:00,1,1,0.5913974046707153
mlp,de,2,1321,2024-06-04 11:35:00,1,1,0.6316157579421997
mlp,de,2,1322,2024-06-04 11:35:00,1,1,0.5983115434646606
mlp,de,2,1323,2024-06-04 11:40:00,1,1,0.6477460861206055
mlp,de,2,1324,2024-06-04 11:40:00,1,1,0.6776004433631897
mlp,de,2,1325,2024-06-04 11:45:00,1,1,0.6437981128692627
mlp,de,2,1326,2024-06-04 11:45:00,1,1,0.640662670135498
mlp,de,2,1327,2024-06-04 11:50:00,1,1,0.6830878257751465
mlp,de,2,1328,2024-06-04 11:50:00,1,1,0.6897198557853699
mlp,de,2,1329,2024-06-04 11:55:00,1,1,0.6006705164909363
mlp,de,2,1330,2024-06-04 11:55:00,1,1,0.6353044509887695
mlp,de,2,1331,2024-06-04 12:00:00,1,1,0.6250355243682861
mlp,de,2,1332,2024-06-04 12:00:00,1,1,0.6249352097511292
mlp,de,2,1333,2024-06-04 12:05:00,1,0,0.4844193756580353
mlp,de,2,1334,2024-06-04 12:05:00,1,1,0.5058199167251587
mlp,de,2,1335,2024-06-04 12:10:00,1,1,0.6339005827903748
mlp,de,2,1336,2024-06-04 12:10:00,1,1,0.6062058210372925
mlp,de,2,1337,2024-06-04 12:15:00,1,1,0.7719603180885315
mlp,de,2,1338,2024-06-04 12:15:00,1,1,0.7599982023239136
mlp,de,2,1339,2024-06-04 12:20:00,1,1,0.819959819316864
mlp,de,2,1340,2024-06-04 12:20:00,1,1,0.8149738311767578
mlp,de,2,1341,2024-06-04 12:25:00,1,1,0.7577760219573975
mlp,de,2,1342,2024-06-04 12:25:00,1,1,0.7680647969245911
mlp,de,2,1343,2024-06-04 12:30:00,1,1,0.5947001576423645
mlp,de,2,1344,2024-06-04 12:30:00,1,1,0.5944005250930786
mlp,de,2,1345,2024-06-04 12:35:00,1,1,0.6407914161682129
mlp,de,2,1346,2024-06-04 12:35:00,1,1,0.6658602952957153
mlp,de,2,1347,2024-06-04 12:40:00,1,1,0.5281614661216736
mlp,de,2,1348,2024-06-04 12:40:00,1,1,0.524604082107544
mlp,de,2,1349,2024-06-04 12:45:00,1,0,0.49815723299980164
mlp,de,2,1350,2024-06-04 12:45:00,1,0,0.4887523353099823
mlp,de,2,1351,2024-06-04 12:50:00,1,1,0.5257568955421448
mlp,de,2,1352,2024-06-04 12:50:00,1,1,0.5685673356056213
mlp,de,2,1353,2024-06-04 12:55:00,1,0,0.32696497440338135
mlp,de,2,1354,2024-06-04 12:55:00,1,0,0.33508747816085815
mlp,de,2,1355,2024-06-04 13:00:00,1,0,0.32567882537841797
mlp,de,2,1356,2024-06-04 13:00:00,1,0,0.30443426966667175
mlp,de,2,1357,2024-06-04 13:05:00,1,0,0.312215119600296
mlp,de,2,1358,2024-06-04 13:05:00,1,0,0.2279922217130661
mlp,de,2,1359,2024-06-04 13:10:00,1,1,0.527947723865509
mlp,de,2,1360,2024-06-04 13:10:00,1,1,0.5559350252151489
mlp,de,2,1361,2024-06-04 13:15:00,1,1,0.6468687057495117
mlp,de,2,1362,2024-06-04 13:15:00,1,1,0.6743544340133667
mlp,de,2,1363,2024-06-04 13:20:00,1,1,0.650510847568512
mlp,de,2,1364,2024-06-04 13:20:00,1,1,0.5997425317764282
mlp,de,2,1365,2024-06-04 13:25:00,1,1,0.6022652983665466
mlp,de,2,1366,2024-06-04 13:25:00,1,1,0.5857707262039185
mlp,de,2,1367,2024-06-04 13:30:00,1,0,0.491452693939209
mlp,de,2,1368,2024-06-04 13:30:00,1,1,0.5263033509254456
mlp,de,2,1369,2024-06-04 13:35:00,1,0,0.4098147451877594
mlp,de,2,1370,2024-06-04 13:35:00,1,0,0.38208240270614624
mlp,de,2,1371,2024-06-04 13:40:00,1,1,0.5121607780456543
mlp,de,2,1372,2024-06-04 13:40:00,1,0,0.47367382049560547
mlp,de,2,1373,2024-06-04 13:45:00,1,1,0.6237180233001709
mlp,de,2,1374,2024-06-04 13:45:00,1,1,0.6188968420028687
mlp,de,2,1375,2024-06-04 13:50:00,1,1,0.6258491277694702
mlp,de,2,1376,2024-06-04 13:50:00,1,1,0.6320748329162598
mlp,de,2,1377,2024-06-04 13:55:00,1,1,0.6847513318061829
mlp,de,2,1378,2024-06-04 13:55:00,1,1,0.687692403793335
mlp,de,2,1379,2024-06-04 14:00:00,1,1,0.6925459504127502
mlp,de,2,1380,2024-06-04 14:00:00,1,1,0.6778109669685364
mlp,de,2,1381,2024-06-04 14:05:00,1,1,0.5678113698959351
mlp,de,2,1382,2024-06-04 14:05:00,1,1,0.5337592363357544
mlp,de,2,1383,2024-06-04 14:10:00,1,0,0.47049468755722046
mlp,de,2,1384,2024-06-04 14:10:00,1,0,0.41598206758499146
mlp,de,2,1385,2024-06-04 14:15:00,1,0,0.4184427857398987
mlp,de,2,1386,2024-06-04 14:15:00,1,0,0.43453556299209595
mlp,de,2,1387,2024-06-04 14:20:00,1,0,0.47455981373786926
mlp,de,2,1388,2024-06-04 14:20:00,1,0,0.4585413634777069
mlp,de,2,1389,2024-06-04 14:25:00,1,1,0.5878543853759766
mlp,de,2,1390,2024-06-04 14:25:00,1,1,0.5795461535453796
mlp,de,2,1391,2024-06-04 14:30:00,1,1,0.6179421544075012
mlp,de,2,1392,2024-06-04 14:30:00,1,1,0.6094950437545776
mlp,de,2,1393,2024-06-04 14:35:00,1,1,0.6216539144515991
mlp,de,2,1394,2024-06-04 14:35:00,1,1,0.6438139081001282
mlp,de,2,1395,2024-06-04 14:40:00,1,1,0.713985025882721
mlp,de,2,1396,2024-06-04 14:40:00,1,1,0.6763783693313599
mlp,de,2,1397,2024-06-04 14:45:00,1,1,0.7253101468086243
mlp,de,2,1398,2024-06-04 14:45:00,1,1,0.6937450170516968
mlp,de,2,1399,2024-06-04 14:50:00,1,1,0.6351455450057983
mlp,de,2,1400,2024-06-04 14:50:00,1,1,0.6451660990715027
mlp,de,2,1401,2024-06-04 14:55:00,1,1,0.5699318647384644
mlp,de,2,1402,2024-06-04 14:55:00,1,1,0.5650405883789062
mlp,de,2,1403,2024-06-04 15:00:00,1,1,0.5684344172477722
mlp,de,2,1404,2024-06-04 15:00:00,1,1,0.5920301675796509
mlp,de,2,1405,2024-06-04 15:05:00,1,1,0.5109805464744568
mlp,de,2,1406,2024-06-04 15:05:00,1,1,0.5168977379798889
mlp,de,2,1407,2024-06-04 15:10:00,1,0,0.377828449010849
mlp,de,2,1408,2024-06-04 15:10:00,1,0,0.40025341510772705
mlp,de,2,1409,2024-06-04 15:15:00,1,1,0.5051504969596863
mlp,de,2,1410,2024-06-04 15:15:00,1,1,0.5347540974617004
mlp,de,2,1411,2024-06-04 15:20:00,1,1,0.6717202663421631
mlp,de,2,1412,2024-06-04 15:20:00,1,1,0.6534485816955566
mlp,de,2,1413,2024-06-04 15:25:00,1,1,0.7848671674728394
mlp,de,2,1414,2024-06-04 15:25:00,1,1,0.7879058122634888
mlp,de,2,1415,2024-06-04 15:30:00,1,1,0.6736751794815063
mlp,de,2,1416,2024-06-04 15:30:00,1,1,0.6650976538658142
mlp,de,2,1417,2024-06-04 15:35:00,1,1,0.5493218898773193
mlp,de,2,1418,2024-06-04 15:35:00,1,1,0.5172306299209595
mlp,de,2,1419,2024-06-04 15:40:00,1,0,0.42063280940055847
mlp,de,2,1420,2024-06-04 15:40:00,1,0,0.40812811255455017
mlp,de,2,1421,2024-06-04 15:45:00,1,1,0.5556333065032959
mlp,de,2,1422,2024-06-04 15:45:00,1,1,0.5315534472465515
mlp,de,2,1423,2024-06-04 15:50:00,1,0,0.42489609122276306
mlp,de,2,1424,2024-06-04 15:50:00,1,1,0.5260176658630371
mlp,de,2,1425,2024-06-04 15:55:00,1,0,0.34855419397354126
mlp,de,2,1426,2024-06-04 15:55:00,1,0,0.3394116163253784
mlp,de,2,1427,2024-06-04 16:00:00,1,0,0.26577839255332947
mlp,de,2,1428,2024-06-04 16:00:00,1,0,0.2491239756345749
mlp,de,2,1429,2024-06-04 16:05:00,1,0,0.2850256562232971
mlp,de,2,1430,2024-06-04 16:05:00,1,0,0.262704998254776
mlp,de,2,1431,2024-06-04 16:10:00,1,0,0.4557104706764221
mlp,de,2,1432,2024-06-04 16:10:00,1,0,0.46093451976776123
mlp,de,2,1433,2024-06-04 16:15:00,1,1,0.5996821522712708
mlp,de,2,1434,2024-06-04 16:15:00,1,1,0.5885462760925293
mlp,de,2,1435,2024-06-04 16:20:00,1,1,0.6075469255447388
mlp,de,2,1436,2024-06-04 16:20:00,1,1,0.6217955946922302
mlp,de,2,1437,2024-06-04 16:25:00,1,1,0.6279469728469849
mlp,de,2,1438,2024-06-04 16:25:00,1,1,0.6339088082313538
mlp,de,2,1439,2024-06-04 16:30:00,1,1,0.6432475447654724
mlp,de,2,1440,2024-06-04 16:30:00,1,1,0.6517574787139893
mlp,de,2,1441,2024-06-04 16:35:00,1,1,0.5550407767295837
mlp,de,2,1442,2024-06-04 16:35:00,1,1,0.5521256327629089
mlp,de,2,1443,2024-06-04 16:40:00,1,1,0.6204251050949097
mlp,de,2,1444,2024-06-04 16:40:00,1,1,0.6582789421081543
mlp,de,2,1445,2024-06-04 16:45:00,1,1,0.5462509989738464
mlp,de,2,1446,2024-06-04 16:45:00,1,1,0.6372197270393372
mlp,de,2,1447,2024-06-04 16:50:00,1,1,0.5822787880897522
mlp,de,2,1448,2024-06-04 16:50:00,1,1,0.6311970949172974
mlp,de,2,1449,2024-06-04 16:55:00,0,1,0.6214790940284729
mlp,de,2,1450,2024-06-04 16:55:00,0,1,0.636508047580719
mlp,de,2,1451,2024-06-04 17:00:00,0,1,0.5870245099067688
mlp,de,2,1452,2024-06-04 17:00:00,0,1,0.5517668724060059
mlp,de,2,1453,2024-06-04 17:05:00,0,0,0.46550682187080383
mlp,de,2,1454,2024-06-04 17:05:00,0,1,0.5385401248931885
mlp,de,2,1455,2024-06-04 17:10:00,0,0,0.4082507789134979
mlp,de,2,1456,2024-06-04 17:10:00,0,0,0.44052234292030334
mlp,de,2,1457,2024-06-04 17:15:00,0,0,0.31499505043029785
mlp,de,2,1458,2024-06-04 17:15:00,0,0,0.40436720848083496
mlp,de,2,1459,2024-06-04 17:20:00,0,0,0.42587050795555115
mlp,de,2,1460,2024-06-04 17:20:00,0,0,0.2795993685722351
mlp,de,2,1461,2024-06-04 17:25:00,0,0,0.3975900709629059
mlp,de,2,1462,2024-06-04 17:25:00,0,0,0.3260264992713928
mlp,de,2,1463,2024-06-04 17:30:00,0,0,0.49767449498176575
mlp,de,2,1464,2024-06-04 17:30:00,0,1,0.536716878414154
mlp,de,2,1465,2024-06-04 17:35:00,0,0,0.4923352003097534
mlp,de,2,1466,2024-06-04 17:35:00,0,0,0.47898608446121216
mlp,de,2,1467,2024-06-04 17:40:00,0,0,0.47819453477859497
mlp,de,2,1468,2024-06-04 17:40:00,0,0,0.4917151927947998
mlp,de,2,1469,2024-06-04 17:45:00,0,0,0.4903501272201538
mlp,de,2,1470,2024-06-04 17:45:00,0,0,0.4691161811351776
mlp,de,2,1471,2024-06-04 17:50:00,0,1,0.5224335789680481
mlp,de,2,1472,2024-06-04 17:50:00,0,1,0.5359013080596924
mlp,de,2,1473,2024-06-04 17:55:00,0,1,0.633651852607727
mlp,de,2,1474,2024-06-04 17:55:00,0,1,0.6601763963699341
mlp,de,2,1475,2024-06-05 11:10:00,1,0,0.18419310450553894
mlp,de,2,1476,2024-06-05 11:10:00,1,0,0.17474879324436188
mlp,de,2,1477,2024-06-05 11:15:00,1,0,0.20993688702583313
mlp,de,2,1478,2024-06-05 11:15:00,1,0,0.20800168812274933
mlp,de,2,1479,2024-06-05 11:20:00,1,1,0.5050262808799744
mlp,de,2,1480,2024-06-05 11:20:00,1,1,0.503447413444519
mlp,de,2,1481,2024-06-05 11:25:00,1,1,0.6417236924171448
mlp,de,2,1482,2024-06-05 11:25:00,1,1,0.6481716632843018
mlp,de,2,1483,2024-06-05 11:30:00,1,1,0.8016016483306885
mlp,de,2,1484,2024-06-05 11:30:00,1,1,0.7952491641044617
mlp,de,2,1485,2024-06-05 11:35:00,1,1,0.9259386658668518
mlp,de,2,1486,2024-06-05 11:35:00,1,1,0.922868013381958
mlp,de,2,1487,2024-06-05 11:40:00,1,1,0.9549550414085388
mlp,de,2,1488,2024-06-05 11:40:00,0,1,0.9482003450393677
mlp,de,2,1489,2024-06-05 11:45:00,0,1,0.8116515874862671
mlp,de,2,1490,2024-06-05 11:45:00,1,1,0.809883177280426
mlp,de,2,1491,2024-06-05 11:50:00,1,1,0.7269523739814758
mlp,de,2,1492,2024-06-05 11:50:00,0,1,0.713582456111908
mlp,de,2,1493,2024-06-05 11:55:00,1,1,0.5685334205627441
mlp,de,2,1494,2024-06-05 11:55:00,0,1,0.5753582119941711
mlp,de,2,1495,2024-06-05 12:00:00,1,1,0.5975064635276794
mlp,de,2,1496,2024-06-05 12:00:00,0,1,0.6333269476890564
mlp,de,2,1497,2024-06-05 12:05:00,0,0,0.4749980568885803
mlp,de,2,1498,2024-06-05 12:05:00,1,0,0.44907206296920776
mlp,de,2,1499,2024-06-05 12:10:00,1,0,0.3835624158382416
mlp,de,2,1500,2024-06-05 12:10:00,0,0,0.39902549982070923
mlp,de,2,1501,2024-06-05 12:15:00,0,1,0.6574594378471375
mlp,de,2,1502,2024-06-05 12:15:00,1,1,0.6455419063568115
mlp,de,2,1503,2024-06-05 12:20:00,0,1,0.7127443552017212
mlp,de,2,1504,2024-06-05 12:20:00,1,1,0.7118306756019592
mlp,de,2,1505,2024-06-05 12:25:00,0,1,0.728631317615509
mlp,de,2,1506,2024-06-05 12:25:00,0,1,0.7126334309577942
mlp,de,2,1507,2024-06-05 12:30:00,0,1,0.6826737523078918
mlp,de,2,1508,2024-06-05 12:30:00,0,1,0.6631467938423157
mlp,de,2,1509,2024-06-05 12:35:00,0,1,0.5352253913879395
mlp,de,2,1510,2024-06-05 12:35:00,0,1,0.5992248058319092
mlp,de,2,1511,2024-06-05 12:40:00,0,1,0.5269626379013062
mlp,de,2,1512,2024-06-05 12:40:00,0,0,0.4866126775741577
mlp,de,2,1513,2024-06-05 12:45:00,0,0,0.4219568371772766
mlp,de,2,1514,2024-06-05 12:45:00,0,0,0.36515164375305176
mlp,de,2,1515,2024-06-05 12:50:00,0,0,0.2742276191711426
mlp,de,2,1516,2024-06-05 12:50:00,0,0,0.3511808514595032
mlp,de,2,1517,2024-06-05 12:55:00,0,0,0.4203660190105438
mlp,de,2,1518,2024-06-05 12:55:00,0,0,0.3834657669067383
mlp,de,2,1519,2024-06-05 13:00:00,0,0,0.3733026385307312
mlp,de,2,1520,2024-06-05 13:00:00,0,0,0.37947502732276917
mlp,de,2,1521,2024-06-05 13:05:00,0,0,0.3071883022785187
mlp,de,2,1522,2024-06-05 13:05:00,0,0,0.3078610301017761
mlp,de,2,1523,2024-06-05 13:10:00,0,0,0.2674136459827423
mlp,de,2,1524,2024-06-05 13:10:00,0,0,0.30225470662117004
mlp,de,2,1525,2024-06-05 13:15:00,0,0,0.30951711535453796
mlp,de,2,1526,2024-06-05 13:15:00,0,0,0.33250492811203003
mlp,de,2,1527,2024-06-05 13:20:00,0,0,0.33188074827194214
mlp,de,2,1528,2024-06-05 13:20:00,0,0,0.30393439531326294
mlp,de,2,1529,2024-06-05 13:25:00,0,0,0.27487993240356445
mlp,de,2,1530,2024-06-05 13:25:00,0,0,0.2769608199596405
mlp,de,2,1531,2024-06-05 13:30:00,0,0,0.2598017156124115
mlp,de,2,1532,2024-06-05 13:30:00,0,0,0.2661667466163635
mlp,de,2,1533,2024-06-05 13:35:00,0,0,0.3446734845638275
mlp,de,2,1534,2024-06-05 13:35:00,0,0,0.3206731081008911
mlp,de,2,1535,2024-06-05 13:40:00,0,0,0.33838173747062683
mlp,de,2,1536,2024-06-05 13:40:00,0,0,0.3775928020477295
mlp,de,2,1537,2024-06-05 13:45:00,0,0,0.24291761219501495
mlp,de,2,1538,2024-06-05 13:45:00,0,0,0.3452537953853607
mlp,de,2,1539,2024-06-05 13:50:00,0,1,0.5290905833244324
mlp,de,2,1540,2024-06-05 13:50:00,0,1,0.5671796798706055
mlp,de,2,1541,2024-06-05 13:55:00,0,1,0.5046920776367188
mlp,de,2,1542,2024-06-05 13:55:00,0,0,0.4875560700893402
mlp,de,2,1543,2024-06-05 14:00:00,0,1,0.5786560773849487
mlp,de,2,1544,2024-06-05 14:00:00,0,0,0.48863327503204346
mlp,de,2,1545,2024-06-05 14:05:00,0,0,0.4180072844028473
mlp,de,2,1546,2024-06-05 14:05:00,0,0,0.3501468300819397
mlp,de,2,1547,2024-06-05 14:10:00,0,0,0.3440404534339905
mlp,de,2,1548,2024-06-05 14:10:00,0,0,0.3245489001274109
mlp,de,2,1549,2024-06-05 14:15:00,0,0,0.3476978540420532
mlp,de,2,1550,2024-06-05 14:15:00,0,0,0.30332809686660767
mlp,de,2,1551,2024-06-05 14:20:00,0,0,0.4197689890861511
mlp,de,2,1552,2024-06-05 14:20:00,0,0,0.4708821773529053
mlp,de,2,1553,2024-06-05 14:25:00,0,1,0.543671727180481
mlp,de,2,1554,2024-06-05 14:25:00,0,1,0.5695915222167969
mlp,de,2,1555,2024-06-05 14:30:00,0,1,0.6737877726554871
mlp,de,2,1556,2024-06-05 14:30:00,0,1,0.6492114663124084
mlp,de,2,1557,2024-06-05 14:35:00,0,1,0.6406945586204529
mlp,de,2,1558,2024-06-05 14:35:00,0,1,0.6412345170974731
mlp,de,2,1559,2024-06-05 14:40:00,0,1,0.6968796253204346
mlp,de,2,1560,2024-06-05 14:40:00,0,1,0.6523381471633911
mlp,de,2,1561,2024-06-05 14:45:00,0,0,0.49036240577697754
mlp,de,2,1562,2024-06-05 14:45:00,0,1,0.5651863217353821
mlp,de,2,1563,2024-06-05 14:50:00,0,0,0.2751297056674957
mlp,de,2,1564,2024-06-05 14:50:00,0,0,0.27601057291030884
mlp,de,2,1565,2024-06-05 14:55:00,0,0,0.24151338636875153
mlp,de,2,1566,2024-06-05 14:55:00,0,0,0.21444867551326752
mlp,de,2,1567,2024-06-05 15:00:00,0,0,0.30078548192977905
mlp,de,2,1568,2024-06-05 15:00:00,0,0,0.3323321044445038
mlp,de,2,1569,2024-06-05 15:05:00,0,0,0.28676706552505493
mlp,de,2,1570,2024-06-05 15:05:00,0,0,0.2679723799228668
mlp,de,2,1571,2024-06-05 15:10:00,0,0,0.20373018085956573
mlp,de,2,1572,2024-06-05 15:10:00,0,0,0.18664495646953583
mlp,de,2,1573,2024-06-05 15:15:00,0,0,0.18175025284290314
mlp,de,2,1574,2024-06-05 15:15:00,0,0,0.19646842777729034
mlp,de,2,1575,2024-06-05 15:20:00,0,0,0.25734585523605347
mlp,de,2,1576,2024-06-05 15:20:00,0,0,0.2362646907567978
mlp,de,2,1577,2024-06-05 15:25:00,0,0,0.24720817804336548
mlp,de,2,1578,2024-06-05 15:25:00,0,0,0.25700119137763977
mlp,de,2,1579,2024-06-05 15:30:00,0,0,0.30434122681617737
mlp,de,2,1580,2024-06-05 15:30:00,0,0,0.2933214008808136
mlp,de,2,1581,2024-06-05 15:35:00,1,0,0.22930076718330383
mlp,de,2,1582,2024-06-05 15:35:00,0,0,0.2666230797767639
mlp,de,2,1583,2024-06-05 15:40:00,0,0,0.3555464446544647
mlp,de,2,1584,2024-06-05 15:40:00,1,0,0.3232671618461609
mlp,de,2,1585,2024-06-05 15:45:00,1,0,0.3833432197570801
mlp,de,2,1586,2024-06-05 15:45:00,0,0,0.3850195109844208
mlp,de,2,1587,2024-06-05 15:50:00,1,1,0.5196093916893005
mlp,de,2,1588,2024-06-05 15:50:00,0,1,0.5661420822143555
mlp,de,2,1589,2024-06-05 15:55:00,1,1,0.639663577079773
mlp,de,2,1590,2024-06-05 15:55:00,0,1,0.6281222701072693
mlp,de,2,1591,2024-06-05 16:00:00,0,1,0.6521058082580566
mlp,de,2,1592,2024-06-05 16:00:00,1,1,0.6901769638061523
mlp,de,2,1593,2024-06-05 16:05:00,0,1,0.5083250999450684
mlp,de,2,1594,2024-06-05 16:05:00,1,1,0.5162156224250793
mlp,de,2,1595,2024-06-05 16:10:00,1,0,0.34705662727355957
mlp,de,2,1596,2024-06-05 16:10:00,1,0,0.3780110776424408
mlp,de,2,1597,2024-06-05 16:15:00,1,0,0.3788360059261322
mlp,de,2,1598,2024-06-05 16:15:00,1,0,0.3616795837879181
mlp,de,2,1599,2024-06-05 16:20:00,1,1,0.5125014185905457
mlp,de,2,1600,2024-06-05 16:20:00,1,0,0.48114991188049316
mlp,de,2,1601,2024-06-05 16:25:00,1,0,0.4981292486190796
mlp,de,2,1602,2024-06-05 16:25:00,1,0,0.4886914789676666
mlp,de,2,1603,2024-06-05 16:30:00,1,0,0.42201459407806396
mlp,de,2,1604,2024-06-05 16:30:00,1,0,0.45894572138786316
mlp,de,2,1605,2024-06-05 16:35:00,1,1,0.5118464231491089
mlp,de,2,1606,2024-06-05 16:35:00,1,1,0.5399699211120605
mlp,de,2,1607,2024-06-05 16:40:00,1,1,0.5594727396965027
mlp,de,2,1608,2024-06-05 16:40:00,1,1,0.5819443464279175
mlp,de,2,1609,2024-06-05 16:45:00,1,1,0.5159656405448914
mlp,de,2,1610,2024-06-05 16:45:00,1,1,0.5105432271957397
mlp,de,2,1611,2024-06-05 16:50:00,1,1,0.5621162056922913
mlp,de,2,1612,2024-06-05 16:50:00,1,1,0.578098714351654
mlp,de,2,1613,2024-06-05 16:55:00,0,1,0.6422752737998962
mlp,de,2,1614,2024-06-05 16:55:00,1,1,0.6345486044883728
mlp,de,2,1615,2024-06-05 17:00:00,1,1,0.6048900485038757
mlp,de,2,1616,2024-06-05 17:00:00,0,1,0.6157819628715515
mlp,de,2,1617,2024-06-05 17:05:00,0,0,0.4335005283355713
mlp,de,2,1618,2024-06-05 17:05:00,0,0,0.449414998292923
mlp,de,2,1619,2024-06-05 17:10:00,1,0,0.34796419739723206
mlp,de,2,1620,2024-06-05 17:10:00,1,0,0.37092405557632446
mlp,de,2,1621,2024-06-05 17:15:00,1,1,0.5296662449836731
mlp,de,2,1622,2024-06-05 17:15:00,1,1,0.527678906917572
mlp,de,2,1623,2024-06-05 17:20:00,1,1,0.5551806092262268
mlp,de,2,1624,2024-06-05 17:20:00,1,1,0.5406567454338074
mlp,de,2,1625,2024-06-05 17:25:00,1,1,0.5996329188346863
mlp,de,2,1626,2024-06-05 17:30:00,1,1,0.5868788361549377
mlp,de,2,1627,2024-06-05 17:30:00,1,1,0.6107197403907776
mlp,de,2,1628,2024-06-05 17:35:00,1,0,0.44623422622680664
mlp,de,2,1629,2024-06-05 17:35:00,1,0,0.45876234769821167
mlp,de,2,1630,2024-06-05 17:40:00,1,0,0.40968057513237
mlp,de,2,1631,2024-06-05 17:40:00,1,0,0.25790321826934814
mlp,de,2,1632,2024-06-05 17:45:00,1,1,0.5254815816879272
mlp,de,2,1633,2024-06-05 17:45:00,1,1,0.5383921265602112
mlp,de,2,1634,2024-06-05 17:50:00,1,1,0.5056737065315247
mlp,de,2,1635,2024-06-05 17:50:00,1,1,0.5119957327842712
mlp,de,2,1636,2024-06-05 17:55:00,1,1,0.5076474547386169
mlp,de,2,1637,2024-06-05 17:55:00,1,1,0.5042585134506226
mlp,de,2,1638,2024-06-06 12:40:00,0,1,0.8689864873886108
mlp,de,2,1639,2024-06-06 12:40:00,0,1,0.8642017245292664
mlp,de,2,1640,2024-06-06 12:45:00,0,1,0.6858624219894409
mlp,de,2,1641,2024-06-06 12:45:00,0,1,0.6961304545402527
mlp,de,2,1642,2024-06-06 12:50:00,0,1,0.6697989702224731
mlp,de,2,1643,2024-06-06 12:50:00,0,1,0.6592397093772888
mlp,de,2,1644,2024-06-06 12:55:00,0,1,0.7175880670547485
mlp,de,2,1645,2024-06-06 12:55:00,0,1,0.6631863713264465
mlp,de,2,1646,2024-06-06 13:00:00,0,0,0.27510786056518555
mlp,de,2,1647,2024-06-06 13:00:00,0,0,0.28481948375701904
mlp,de,2,1648,2024-06-06 13:05:00,0,0,0.20290972292423248
mlp,de,2,1649,2024-06-06 13:05:00,0,0,0.15954406559467316
mlp,de,2,1650,2024-06-06 13:10:00,0,0,0.21514229476451874
mlp,de,2,1651,2024-06-06 13:10:00,0,0,0.23404958844184875
mlp,de,2,1652,2024-06-06 13:15:00,0,0,0.327013224363327
mlp,de,2,1653,2024-06-06 13:15:00,0,0,0.31906476616859436
mlp,de,2,1654,2024-06-06 13:20:00,0,0,0.3064821660518646
mlp,de,2,1655,2024-06-06 13:20:00,0,0,0.33131638169288635
mlp,de,2,1656,2024-06-06 13:25:00,0,0,0.35396769642829895
mlp,de,2,1657,2024-06-06 13:25:00,0,0,0.3550747334957123
mlp,de,2,1658,2024-06-06 13:30:00,0,0,0.3047981262207031
mlp,de,2,1659,2024-06-06 13:30:00,0,0,0.304241806268692
mlp,de,2,1660,2024-06-06 13:35:00,0,0,0.2532479166984558
mlp,de,2,1661,2024-06-06 13:35:00,0,0,0.27348989248275757
mlp,de,2,1662,2024-06-06 13:40:00,1,0,0.24169263243675232
mlp,de,2,1663,2024-06-06 13:40:00,0,0,0.23487496376037598
mlp,de,2,1664,2024-06-06 13:45:00,1,0,0.2568362355232239
mlp,de,2,1665,2024-06-06 13:45:00,1,0,0.2202993929386139
mlp,de,2,1666,2024-06-06 13:50:00,1,0,0.3492008149623871
mlp,de,2,1667,2024-06-06 13:50:00,1,0,0.3438187539577484
mlp,de,2,1668,2024-06-06 13:55:00,1,0,0.4750693738460541
mlp,de,2,1669,2024-06-06 13:55:00,1,0,0.4827396273612976
mlp,de,2,1670,2024-06-06 14:00:00,1,1,0.6327186822891235
mlp,de,2,1671,2024-06-06 14:00:00,1,1,0.6396530270576477
mlp,de,2,1672,2024-06-06 14:05:00,1,1,0.6280074119567871
mlp,de,2,1673,2024-06-06 14:05:00,1,1,0.646340548992157
mlp,de,2,1674,2024-06-06 14:10:00,1,1,0.6214996576309204
mlp,de,2,1675,2024-06-06 14:10:00,1,1,0.5918458104133606
mlp,de,2,1676,2024-06-06 14:15:00,1,1,0.6167214512825012
mlp,de,2,1677,2024-06-06 14:15:00,1,1,0.6306235194206238
mlp,de,2,1678,2024-06-06 14:20:00,1,1,0.7511197924613953
mlp,de,2,1679,2024-06-06 14:20:00,1,1,0.7579118609428406
mlp,de,2,1680,2024-06-06 14:25:00,1,1,0.7580572366714478
mlp,de,2,1681,2024-06-06 14:25:00,1,1,0.7624096274375916
mlp,de,2,1682,2024-06-06 14:30:00,1,1,0.7954248189926147
mlp,de,2,1683,2024-06-06 14:30:00,1,1,0.7797776460647583
mlp,de,2,1684,2024-06-06 14:35:00,1,1,0.7868162989616394
mlp,de,2,1685,2024-06-06 14:35:00,1,1,0.7935603260993958
mlp,de,2,1686,2024-06-06 14:40:00,1,1,0.7496629357337952
mlp,de,2,1687,2024-06-06 14:40:00,0,1,0.7767298817634583
mlp,de,2,1688,2024-06-06 14:45:00,0,1,0.5211098790168762
mlp,de,2,1689,2024-06-06 14:45:00,1,0,0.44745513796806335
mlp,de,2,1690,2024-06-06 14:50:00,0,0,0.2903597354888916
mlp,de,2,1691,2024-06-06 14:50:00,1,0,0.29628875851631165
mlp,de,2,1692,2024-06-06 14:55:00,0,0,0.23644623160362244
mlp,de,2,1693,2024-06-06 14:55:00,1,0,0.278935968875885
mlp,de,2,1694,2024-06-06 15:00:00,1,0,0.2795599102973938
mlp,de,2,1695,2024-06-06 15:00:00,0,0,0.2602046728134155
mlp,de,2,1696,2024-06-06 15:05:00,1,0,0.1832498162984848
mlp,de,2,1697,2024-06-06 15:05:00,1,0,0.19503037631511688
mlp,de,2,1698,2024-06-06 15:10:00,1,0,0.1872090846300125
mlp,de,2,1699,2024-06-06 15:10:00,1,0,0.17620375752449036
mlp,de,2,1700,2024-06-06 15:15:00,1,0,0.3740687966346741
mlp,de,2,1701,2024-06-06 15:15:00,1,0,0.38195130228996277
mlp,de,2,1702,2024-06-06 15:20:00,1,1,0.5469948053359985
mlp,de,2,1703,2024-06-06 15:20:00,1,1,0.558499276638031
mlp,de,2,1704,2024-06-06 15:25:00,1,1,0.5970820784568787
mlp,de,2,1705,2024-06-06 15:25:00,1,1,0.5867359042167664
mlp,de,2,1706,2024-06-06 15:30:00,1,1,0.6153902411460876
mlp,de,2,1707,2024-06-06 15:30:00,1,1,0.6092627048492432
mlp,de,2,1708,2024-06-06 15:35:00,1,1,0.6388542056083679
mlp,de,2,1709,2024-06-06 15:35:00,1,1,0.6438856720924377
mlp,de,2,1710,2024-06-06 15:40:00,1,1,0.6704767346382141
mlp,de,2,1711,2024-06-06 15:40:00,1,1,0.6871705055236816
mlp,de,2,1712,2024-06-06 15:45:00,1,1,0.7072442173957825
mlp,de,2,1713,2024-06-06 15:45:00,1,1,0.7232542037963867
mlp,de,2,1714,2024-06-06 15:50:00,1,1,0.5426978468894958
mlp,de,2,1715,2024-06-06 15:50:00,1,1,0.5243704319000244
mlp,de,2,1716,2024-06-06 15:55:00,1,0,0.34762251377105713
mlp,de,2,1717,2024-06-06 15:55:00,1,0,0.3646537661552429
mlp,de,2,1718,2024-06-06 16:00:00,1,0,0.2689768970012665
mlp,de,2,1719,2024-06-06 16:00:00,1,0,0.2683432102203369
mlp,de,2,1720,2024-06-06 16:05:00,1,0,0.2951475977897644
mlp,de,2,1721,2024-06-06 16:05:00,1,0,0.2834751009941101
mlp,de,2,1722,2024-06-06 16:10:00,1,0,0.3006438612937927
mlp,de,2,1723,2024-06-06 16:10:00,1,0,0.2789115309715271
mlp,de,2,1724,2024-06-06 16:15:00,1,0,0.30362048745155334
mlp,de,2,1725,2024-06-06 16:15:00,1,0,0.3287813067436218
mlp,de,2,1726,2024-06-06 16:20:00,1,0,0.2719810903072357
mlp,de,2,1727,2024-06-06 16:20:00,1,0,0.3128454387187958
mlp,de,2,1728,2024-06-06 16:25:00,1,0,0.31849977374076843
mlp,de,2,1729,2024-06-06 16:25:00,1,0,0.33154696226119995
mlp,de,2,1730,2024-06-06 16:30:00,1,0,0.3253377079963684
mlp,de,2,1731,2024-06-06 16:30:00,1,0,0.32144731283187866
mlp,de,2,1732,2024-06-06 16:35:00,1,0,0.39361411333084106
mlp,de,2,1733,2024-06-06 16:35:00,1,0,0.39701876044273376
mlp,de,2,1734,2024-06-06 16:40:00,1,1,0.6128039956092834
mlp,de,2,1735,2024-06-06 16:40:00,1,1,0.6255035400390625
mlp,de,2,1736,2024-06-06 16:45:00,1,1,0.6914662718772888
mlp,de,2,1737,2024-06-06 16:45:00,1,1,0.6833086013793945
mlp,de,2,1738,2024-06-06 16:50:00,1,1,0.7361465692520142
mlp,de,2,1739,2024-06-06 16:50:00,1,1,0.750581681728363
mlp,de,2,1740,2024-06-06 16:55:00,0,1,0.7612329721450806
mlp,de,2,1741,2024-06-06 16:55:00,0,1,0.7512927055358887
mlp,de,2,1742,2024-06-06 17:00:00,0,1,0.7052662968635559
mlp,de,2,1743,2024-06-06 17:00:00,0,1,0.6861123442649841
mlp,de,2,1744,2024-06-06 17:05:00,0,1,0.5887761116027832
mlp,de,2,1745,2024-06-06 17:05:00,0,1,0.5601754188537598
mlp,de,2,1746,2024-06-06 17:10:00,0,1,0.5686536431312561
mlp,de,2,1747,2024-06-06 17:10:00,0,1,0.5499340295791626
mlp,de,2,1748,2024-06-06 17:15:00,0,1,0.6115841865539551
mlp,de,2,1749,2024-06-06 17:15:00,0,1,0.5805450081825256
mlp,de,2,1750,2024-06-06 17:20:00,0,1,0.5650714039802551
mlp,de,2,1751,2024-06-06 17:20:00,0,1,0.5617423057556152
mlp,de,2,1752,2024-06-06 17:25:00,0,0,0.47531455755233765
mlp,de,2,1753,2024-06-06 17:25:00,0,1,0.5218442678451538
mlp,de,2,1754,2024-06-06 17:30:00,0,1,0.569725513458252
mlp,de,2,1755,2024-06-06 17:30:00,0,1,0.5407106876373291
mlp,de,2,1756,2024-06-06 17:35:00,0,1,0.5926840305328369
mlp,de,2,1757,2024-06-06 17:35:00,0,1,0.5640158653259277
mlp,de,2,1758,2024-06-06 17:40:00,0,0,0.4615710377693176
mlp,de,2,1759,2024-06-06 17:40:00,0,0,0.47824037075042725
mlp,de,2,1760,2024-06-06 17:45:00,0,0,0.43042752146720886
mlp,de,2,1761,2024-06-06 17:45:00,0,0,0.45416513085365295
mlp,de,2,1762,2024-06-06 17:50:00,0,1,0.5156665444374084
mlp,de,2,1763,2024-06-06 17:50:00,0,1,0.546092689037323
mlp,de,2,1764,2024-06-06 17:55:00,0,0,0.4437706768512726
mlp,de,2,1765,2024-06-06 17:55:00,1,0,0.4685555398464203
mlp,de,2,1766,2024-06-07 17:10:00,1,0,0.3895670175552368
mlp,de,2,1767,2024-06-07 17:15:00,1,0,0.3339914381504059
mlp,de,2,1768,2024-06-07 17:20:00,1,1,0.6045469045639038
mlp,de,2,1769,2024-06-07 17:25:00,1,1,0.5853829979896545
mlp,de,2,1770,2024-06-07 17:30:00,1,1,0.5975365042686462
mlp,de,2,1771,2024-06-07 17:35:00,1,0,0.49055591225624084
mlp,de,2,1772,2024-06-07 17:40:00,1,0,0.37237581610679626
mlp,de,2,1773,2024-06-07 17:45:00,1,0,0.2976585626602173
mlp,de,2,1774,2024-06-07 17:50:00,1,0,0.36959269642829895
mlp,de,2,1775,2024-06-07 17:55:00,1,0,0.36850717663764954
mlp,de,2,1776,2024-06-10 10:40:00,1,1,0.8495856523513794
mlp,de,2,1777,2024-06-10 10:45:00,1,1,0.9014797210693359
mlp,de,2,1778,2024-06-10 10:50:00,1,1,0.8417338132858276
mlp,de,2,1779,2024-06-10 10:55:00,1,1,0.6514676809310913
mlp,de,2,1780,2024-06-10 11:00:00,1,0,0.48143571615219116
mlp,de,2,1781,2024-06-10 11:05:00,1,0,0.421465665102005
mlp,de,2,1782,2024-06-10 11:10:00,1,1,0.5254834890365601
mlp,de,2,1783,2024-06-10 11:15:00,1,1,0.6815173029899597
mlp,de,2,1784,2024-06-10 11:20:00,1,1,0.7527704238891602
mlp,de,2,1785,2024-06-10 11:25:00,1,1,0.6865110993385315
mlp,de,2,1786,2024-06-10 11:30:00,1,1,0.5835062861442566
mlp,de,2,1787,2024-06-10 11:35:00,1,1,0.5137437582015991
mlp,de,2,1788,2024-06-10 11:40:00,1,1,0.6161952614784241
mlp,de,2,1789,2024-06-10 11:45:00,1,1,0.6345598697662354
mlp,de,2,1790,2024-06-10 11:50:00,0,1,0.7083755731582642
mlp,de,2,1791,2024-06-10 11:50:00,0,1,0.6965543031692505
mlp,de,2,1792,2024-06-10 11:55:00,0,0,0.43409815430641174
mlp,de,2,1793,2024-06-10 11:55:00,0,0,0.45052316784858704
mlp,de,2,1794,2024-06-10 12:00:00,0,0,0.3954557478427887
mlp,de,2,1795,2024-06-10 12:00:00,0,0,0.3968350887298584
mlp,de,2,1796,2024-06-10 12:05:00,0,0,0.3636549711227417
mlp,de,2,1797,2024-06-10 12:05:00,0,0,0.39203324913978577
mlp,de,2,1798,2024-06-10 12:10:00,0,0,0.32504361867904663
mlp,de,2,1799,2024-06-10 12:10:00,0,0,0.31083691120147705
mlp,de,2,1800,2024-06-10 12:15:00,0,0,0.3602980375289917
mlp,de,2,1801,2024-06-10 12:15:00,0,0,0.3671489953994751
mlp,de,2,1802,2024-06-10 12:20:00,0,0,0.3763713240623474
mlp,de,2,1803,2024-06-10 12:20:00,0,0,0.3669857680797577
mlp,de,2,1804,2024-06-10 12:25:00,0,0,0.35621270537376404
mlp,de,2,1805,2024-06-10 12:25:00,0,0,0.3545781373977661
mlp,de,2,1806,2024-06-10 12:30:00,0,0,0.30478739738464355
mlp,de,2,1807,2024-06-10 12:30:00,0,0,0.30330750346183777
mlp,de,2,1808,2024-06-10 12:35:00,0,0,0.3489752411842346
mlp,de,2,1809,2024-06-10 12:35:00,0,0,0.3376087546348572
mlp,de,2,1810,2024-06-10 12:40:00,0,0,0.40559783577919006
mlp,de,2,1811,2024-06-10 12:40:00,0,0,0.3999997675418854
mlp,de,2,1812,2024-06-10 12:45:00,0,0,0.4388536214828491
mlp,de,2,1813,2024-06-10 12:45:00,0,0,0.4470711052417755
mlp,de,2,1814,2024-06-10 12:50:00,1,0,0.34101495146751404
mlp,de,2,1815,2024-06-10 12:50:00,0,0,0.3451969027519226
mlp,de,2,1816,2024-06-10 12:55:00,1,0,0.4098947048187256
mlp,de,2,1817,2024-06-10 12:55:00,0,0,0.3965424597263336
mlp,de,2,1818,2024-06-10 13:00:00,1,1,0.5092823505401611
mlp,de,2,1819,2024-06-10 13:00:00,0,0,0.48455893993377686
mlp,de,2,1820,2024-06-10 13:05:00,1,1,0.5588304996490479
mlp,de,2,1821,2024-06-10 13:05:00,0,1,0.5565140843391418
mlp,de,2,1822,2024-06-10 13:10:00,0,1,0.6397793889045715
mlp,de,2,1823,2024-06-10 13:10:00,0,1,0.6369214057922363
mlp,de,2,1824,2024-06-10 13:15:00,0,1,0.5882758498191833
mlp,de,2,1825,2024-06-10 13:15:00,0,1,0.5823489427566528
mlp,de,2,1826,2024-06-10 13:20:00,0,1,0.5306881070137024
mlp,de,2,1827,2024-06-10 13:20:00,0,1,0.5325624942779541
mlp,de,2,1828,2024-06-10 13:25:00,0,0,0.4183083772659302
mlp,de,2,1829,2024-06-10 13:25:00,0,0,0.43483978509902954
mlp,de,2,1830,2024-06-10 13:30:00,0,0,0.3464175760746002
mlp,de,2,1831,2024-06-10 13:30:00,0,0,0.35808828473091125
mlp,de,2,1832,2024-06-10 13:35:00,0,0,0.40308722853660583
mlp,de,2,1833,2024-06-10 13:35:00,0,0,0.40358880162239075
mlp,de,2,1834,2024-06-10 13:40:00,0,1,0.5003267526626587
mlp,de,2,1835,2024-06-10 13:40:00,0,1,0.5044407844543457
mlp,de,2,1836,2024-06-10 13:45:00,0,0,0.4167908728122711
mlp,de,2,1837,2024-06-10 13:45:00,0,0,0.4186548888683319
mlp,de,2,1838,2024-06-10 13:50:00,0,0,0.44477906823158264
mlp,de,2,1839,2024-06-10 13:50:00,0,0,0.44543275237083435
mlp,de,2,1840,2024-06-10 13:55:00,0,0,0.481084942817688
mlp,de,2,1841,2024-06-10 13:55:00,0,0,0.48618608713150024
mlp,de,2,1842,2024-06-10 14:00:00,0,1,0.5172641277313232
mlp,de,2,1843,2024-06-10 14:00:00,0,1,0.5086841583251953
mlp,de,2,1844,2024-06-10 14:05:00,0,1,0.5037585496902466
mlp,de,2,1845,2024-06-10 14:05:00,0,1,0.5100584626197815
mlp,de,2,1846,2024-06-10 14:10:00,0,0,0.4010874032974243
mlp,de,2,1847,2024-06-10 14:10:00,0,0,0.4058021903038025
mlp,de,2,1848,2024-06-10 14:15:00,0,0,0.35885387659072876
mlp,de,2,1849,2024-06-10 14:15:00,0,0,0.3513419032096863
mlp,de,2,1850,2024-06-10 14:20:00,0,0,0.32480648159980774
mlp,de,2,1851,2024-06-10 14:20:00,0,0,0.31369471549987793
mlp,de,2,1852,2024-06-10 14:25:00,0,0,0.3621204197406769
mlp,de,2,1853,2024-06-10 14:25:00,0,0,0.3743003308773041
mlp,de,2,1854,2024-06-10 14:30:00,0,0,0.4461093544960022
mlp,de,2,1855,2024-06-10 14:30:00,0,0,0.45422670245170593
mlp,de,2,1856,2024-06-10 14:35:00,0,0,0.4673231244087219
mlp,de,2,1857,2024-06-10 14:35:00,0,0,0.49645817279815674
mlp,de,2,1858,2024-06-10 14:40:00,0,1,0.5157002806663513
mlp,de,2,1859,2024-06-10 14:40:00,0,1,0.5170868039131165
mlp,de,2,1860,2024-06-10 14:45:00,0,1,0.6228086352348328
mlp,de,2,1861,2024-06-10 14:45:00,0,1,0.6196358799934387
mlp,de,2,1862,2024-06-10 14:50:00,0,1,0.5552705526351929
mlp,de,2,1863,2024-06-10 14:50:00,0,1,0.5798361897468567
mlp,de,2,1864,2024-06-10 14:55:00,0,0,0.35611358284950256
mlp,de,2,1865,2024-06-10 14:55:00,0,0,0.3558584153652191
mlp,de,2,1866,2024-06-10 15:00:00,0,0,0.23685991764068604
mlp,de,2,1867,2024-06-10 15:00:00,0,0,0.2423040270805359
mlp,de,2,1868,2024-06-10 15:05:00,0,0,0.25112655758857727
mlp,de,2,1869,2024-06-10 15:05:00,0,0,0.2596287727355957
mlp,de,2,1870,2024-06-10 15:10:00,0,0,0.26986801624298096
mlp,de,2,1871,2024-06-10 15:10:00,0,0,0.27896252274513245
mlp,de,2,1872,2024-06-10 15:15:00,0,0,0.31555432081222534
mlp,de,2,1873,2024-06-10 15:15:00,0,0,0.3215929865837097
mlp,de,2,1874,2024-06-10 15:20:00,1,0,0.3174402713775635
mlp,de,2,1875,2024-06-10 15:20:00,1,0,0.3102160394191742
mlp,de,2,1876,2024-06-10 15:25:00,1,0,0.37455758452415466
mlp,de,2,1877,2024-06-10 15:25:00,1,0,0.391895055770874
mlp,de,2,1878,2024-06-10 15:30:00,1,0,0.4610033631324768
mlp,de,2,1879,2024-06-10 15:30:00,1,0,0.4619758725166321
mlp,de,2,1880,2024-06-10 15:35:00,1,1,0.6973044872283936
mlp,de,2,1881,2024-06-10 15:35:00,1,1,0.6965352892875671
mlp,de,2,1882,2024-06-10 15:40:00,0,1,0.7748841643333435
mlp,de,2,1883,2024-06-10 15:40:00,0,1,0.768896758556366
mlp,de,2,1884,2024-06-10 15:45:00,0,1,0.7202216386795044
mlp,de,2,1885,2024-06-10 15:45:00,0,1,0.7295015454292297
mlp,de,2,1886,2024-06-10 15:50:00,0,1,0.6831700801849365
mlp,de,2,1887,2024-06-10 15:50:00,0,1,0.6888052225112915
mlp,de,2,1888,2024-06-10 15:55:00,0,1,0.579299807548523
mlp,de,2,1889,2024-06-10 15:55:00,0,1,0.5647232532501221
mlp,de,2,1890,2024-06-10 16:00:00,0,1,0.5627254247665405
mlp,de,2,1891,2024-06-10 16:00:00,0,1,0.560155987739563
mlp,de,2,1892,2024-06-10 16:05:00,0,0,0.3795772194862366
mlp,de,2,1893,2024-06-10 16:05:00,0,0,0.37777799367904663
mlp,de,2,1894,2024-06-10 16:10:00,0,1,0.5079264640808105
mlp,de,2,1895,2024-06-10 16:10:00,0,1,0.5061567425727844
mlp,de,2,1896,2024-06-10 16:15:00,0,1,0.5152437090873718
mlp,de,2,1897,2024-06-10 16:15:00,0,1,0.5169436931610107
mlp,de,2,1898,2024-06-10 16:20:00,0,1,0.5186457633972168
mlp,de,2,1899,2024-06-10 16:20:00,0,1,0.5276846885681152
mlp,de,2,1900,2024-06-10 16:25:00,0,0,0.4462137520313263
mlp,de,2,1901,2024-06-10 16:25:00,0,0,0.42548781633377075
mlp,de,2,1902,2024-06-10 16:30:00,0,0,0.3274267017841339
mlp,de,2,1903,2024-06-10 16:30:00,0,0,0.3211444020271301
mlp,de,2,1904,2024-06-10 16:35:00,0,0,0.3306899964809418
mlp,de,2,1905,2024-06-10 16:35:00,0,0,0.3166690468788147
mlp,de,2,1906,2024-06-10 16:40:00,0,0,0.48895764350891113
mlp,de,2,1907,2024-06-10 16:40:00,0,0,0.48912960290908813
mlp,de,2,1908,2024-06-10 16:45:00,0,0,0.3968737721443176
mlp,de,2,1909,2024-06-10 16:45:00,0,0,0.4151650071144104
mlp,de,2,1910,2024-06-10 16:50:00,0,0,0.36037254333496094
mlp,de,2,1911,2024-06-10 16:50:00,0,0,0.34883198142051697
mlp,de,2,1912,2024-06-10 16:55:00,0,0,0.38592731952667236
mlp,de,2,1913,2024-06-10 16:55:00,0,0,0.36049190163612366
mlp,de,2,1914,2024-06-10 17:00:00,0,0,0.40241268277168274
mlp,de,2,1915,2024-06-10 17:00:00,1,0,0.39488735795021057
mlp,de,2,1916,2024-06-10 17:05:00,1,0,0.41515064239501953
mlp,de,2,1917,2024-06-10 17:05:00,0,0,0.4296809434890747
mlp,de,2,1918,2024-06-10 17:10:00,1,0,0.49449726939201355
mlp,de,2,1919,2024-06-10 17:10:00,0,0,0.48416852951049805
mlp,de,2,1920,2024-06-10 17:15:00,1,0,0.4557552933692932
mlp,de,2,1921,2024-06-10 17:15:00,1,0,0.44236019253730774
mlp,de,2,1922,2024-06-10 17:20:00,1,0,0.4632083475589752
mlp,de,2,1923,2024-06-10 17:20:00,1,0,0.46756938099861145
mlp,de,2,1924,2024-06-10 17:25:00,1,1,0.5285080075263977
mlp,de,2,1925,2024-06-10 17:25:00,1,1,0.5342146754264832
mlp,de,2,1926,2024-06-10 17:30:00,1,1,0.6332809329032898
mlp,de,2,1927,2024-06-10 17:30:00,1,1,0.6251769661903381
mlp,de,2,1928,2024-06-10 17:35:00,1,1,0.6421289443969727
mlp,de,2,1929,2024-06-10 17:35:00,1,1,0.6517128944396973
mlp,de,2,1930,2024-06-10 17:40:00,1,1,0.6239063739776611
mlp,de,2,1931,2024-06-10 17:40:00,1,1,0.6215601563453674
mlp,de,2,1932,2024-06-10 17:45:00,1,1,0.6042134165763855
mlp,de,2,1933,2024-06-10 17:45:00,1,1,0.5787520408630371
mlp,de,2,1934,2024-06-10 17:50:00,1,1,0.5164868831634521
mlp,de,2,1935,2024-06-10 17:50:00,1,1,0.5224379301071167
mlp,de,2,1936,2024-06-10 17:55:00,0,1,0.5385845303535461
mlp,de,2,1937,2024-06-10 17:55:00,0,1,0.5380223393440247
mlp,de,2,1938,2024-06-12 10:40:00,0,0,0.020774494856595993
mlp,de,2,1939,2024-06-12 10:40:00,0,0,0.018963966518640518
mlp,de,2,1940,2024-06-12 10:45:00,0,0,0.014071319252252579
mlp,de,2,1941,2024-06-12 10:45:00,0,0,0.01477860938757658
mlp,de,2,1942,2024-06-12 10:50:00,0,0,0.023257095366716385
mlp,de,2,1943,2024-06-12 10:50:00,0,0,0.02514641359448433
mlp,de,2,1944,2024-06-12 10:55:00,0,0,0.027734855189919472
mlp,de,2,1945,2024-06-12 10:55:00,0,0,0.029692303389310837
mlp,de,2,1946,2024-06-12 11:00:00,1,0,0.037961360067129135
mlp,de,2,1947,2024-06-12 11:00:00,0,0,0.036522239446640015
mlp,de,2,1948,2024-06-12 11:05:00,0,0,0.11057177186012268
mlp,de,2,1949,2024-06-12 11:05:00,1,0,0.11634411662817001
mlp,de,2,1950,2024-06-12 11:10:00,1,0,0.1760767698287964
mlp,de,2,1951,2024-06-12 11:10:00,1,0,0.16272759437561035
mlp,de,2,1952,2024-06-12 11:15:00,1,0,0.4326417148113251
mlp,de,2,1953,2024-06-12 11:15:00,1,0,0.4255784749984741
mlp,de,2,1954,2024-06-12 11:20:00,1,1,0.6325016617774963
mlp,de,2,1955,2024-06-12 11:20:00,1,1,0.6497502326965332
mlp,de,2,1956,2024-06-12 11:25:00,1,1,0.6807061433792114
mlp,de,2,1957,2024-06-12 11:25:00,1,1,0.6874661445617676
mlp,de,2,1958,2024-06-12 11:30:00,1,1,0.6451320052146912
mlp,de,2,1959,2024-06-12 11:30:00,1,1,0.6562772393226624
mlp,de,2,1960,2024-06-12 11:35:00,1,1,0.5235726833343506
mlp,de,2,1961,2024-06-12 11:35:00,1,1,0.5510892868041992
mlp,de,2,1962,2024-06-12 11:40:00,1,0,0.4728034734725952
mlp,de,2,1963,2024-06-12 11:40:00,1,0,0.48746031522750854
mlp,de,2,1964,2024-06-12 11:45:00,1,0,0.40228694677352905
mlp,de,2,1965,2024-06-12 11:45:00,1,0,0.4080774486064911
mlp,de,2,1966,2024-06-12 11:50:00,1,0,0.43857765197753906
mlp,de,2,1967,2024-06-12 11:50:00,1,0,0.44605183601379395
mlp,de,2,1968,2024-06-12 11:55:00,1,0,0.4278806149959564
mlp,de,2,1969,2024-06-12 11:55:00,1,0,0.41378799080848694
mlp,de,2,1970,2024-06-12 12:00:00,1,0,0.34197741746902466
mlp,de,2,1971,2024-06-12 12:00:00,1,0,0.3430597484111786
mlp,de,2,1972,2024-06-12 12:05:00,1,0,0.3078013062477112
mlp,de,2,1973,2024-06-12 12:05:00,1,0,0.30747902393341064
mlp,de,2,1974,2024-06-12 12:10:00,1,0,0.27046555280685425
mlp,de,2,1975,2024-06-12 12:10:00,1,0,0.2721000611782074
mlp,de,2,1976,2024-06-12 12:15:00,1,0,0.308337926864624
mlp,de,2,1977,2024-06-12 12:15:00,1,0,0.3148871064186096
mlp,de,2,1978,2024-06-12 12:20:00,1,0,0.49541911482810974
mlp,de,2,1979,2024-06-12 12:20:00,1,0,0.4990682005882263
mlp,de,2,1980,2024-06-12 12:25:00,1,1,0.6490172743797302
mlp,de,2,1981,2024-06-12 12:25:00,1,1,0.6667945981025696
mlp,de,2,1982,2024-06-12 12:30:00,1,1,0.6460304856300354
mlp,de,2,1983,2024-06-12 12:30:00,1,1,0.6646576523780823
mlp,de,2,1984,2024-06-12 12:35:00,1,1,0.6582882404327393
mlp,de,2,1985,2024-06-12 12:35:00,1,1,0.6651054620742798
mlp,de,2,1986,2024-06-12 12:40:00,1,1,0.6769131422042847
mlp,de,2,1987,2024-06-12 12:40:00,1,1,0.6928170323371887
mlp,de,2,1988,2024-06-12 12:45:00,1,1,0.6769761443138123
mlp,de,2,1989,2024-06-12 12:45:00,1,1,0.6681874990463257
mlp,de,2,1990,2024-06-12 12:50:00,1,1,0.6580647230148315
mlp,de,2,1991,2024-06-12 12:50:00,1,1,0.6643175482749939
mlp,de,2,1992,2024-06-12 12:55:00,1,1,0.6151232123374939
mlp,de,2,1993,2024-06-12 12:55:00,1,1,0.6331866383552551
mlp,de,2,1994,2024-06-12 13:00:00,1,1,0.6461670398712158
mlp,de,2,1995,2024-06-12 13:00:00,1,1,0.6368555426597595
mlp,de,2,1996,2024-06-12 13:05:00,1,0,0.4272083640098572
mlp,de,2,1997,2024-06-12 13:05:00,1,0,0.4421205520629883
mlp,de,2,1998,2024-06-12 13:10:00,1,0,0.33417388796806335
mlp,de,2,1999,2024-06-12 13:10:00,1,0,0.32320472598075867
mlp,de,2,2000,2024-06-12 13:15:00,1,0,0.4028622806072235
mlp,de,2,2001,2024-06-12 13:15:00,1,0,0.41054975986480713
mlp,de,2,2002,2024-06-12 13:20:00,1,1,0.5363779067993164
mlp,de,2,2003,2024-06-12 13:20:00,1,1,0.5138212442398071
mlp,de,2,2004,2024-06-12 13:25:00,1,1,0.6629691123962402
mlp,de,2,2005,2024-06-12 13:25:00,1,1,0.657184898853302
mlp,de,2,2006,2024-06-12 13:30:00,1,1,0.737165629863739
mlp,de,2,2007,2024-06-12 13:30:00,1,1,0.7505164742469788
mlp,de,2,2008,2024-06-12 13:35:00,1,1,0.7874789237976074
mlp,de,2,2009,2024-06-12 13:35:00,1,1,0.7771897315979004
mlp,de,2,2010,2024-06-12 13:40:00,1,1,0.7840973734855652
mlp,de,2,2011,2024-06-12 13:40:00,1,1,0.7689288258552551
mlp,de,2,2012,2024-06-12 13:45:00,1,1,0.6847243309020996
mlp,de,2,2013,2024-06-12 13:45:00,1,1,0.714532196521759
mlp,de,2,2014,2024-06-12 13:50:00,0,1,0.729045033454895
mlp,de,2,2015,2024-06-12 13:50:00,1,1,0.7469984889030457
mlp,de,2,2016,2024-06-12 13:55:00,1,1,0.5179752707481384
mlp,de,2,2017,2024-06-12 13:55:00,0,1,0.5463884472846985
mlp,de,2,2018,2024-06-12 14:00:00,0,0,0.30494147539138794
mlp,de,2,2019,2024-06-12 14:00:00,1,0,0.27136969566345215
mlp,de,2,2020,2024-06-12 14:05:00,0,0,0.23215338587760925
mlp,de,2,2021,2024-06-12 14:05:00,1,0,0.18778535723686218
mlp,de,2,2022,2024-06-12 14:10:00,0,0,0.27909746766090393
mlp,de,2,2023,2024-06-12 14:10:00,1,0,0.23076492547988892
mlp,de,2,2024,2024-06-12 14:15:00,1,0,0.23676727712154388
mlp,de,2,2025,2024-06-12 14:15:00,0,0,0.3109671175479889
mlp,de,2,2026,2024-06-12 14:20:00,1,0,0.46754103899002075
mlp,de,2,2027,2024-06-12 14:20:00,0,0,0.488640695810318
mlp,de,2,2028,2024-06-12 14:25:00,1,0,0.49329403042793274
mlp,de,2,2029,2024-06-12 14:25:00,0,0,0.4712490439414978
mlp,de,2,2030,2024-06-12 14:30:00,0,1,0.6287656426429749
mlp,de,2,2031,2024-06-12 14:30:00,1,1,0.6304320693016052
mlp,de,2,2032,2024-06-12 14:35:00,0,1,0.6531649827957153
mlp,de,2,2033,2024-06-12 14:35:00,1,1,0.6913425326347351
mlp,de,2,2034,2024-06-12 14:40:00,1,1,0.7268619537353516
mlp,de,2,2035,2024-06-12 14:40:00,0,1,0.6781226396560669
mlp,de,2,2036,2024-06-12 14:45:00,0,1,0.7217686772346497
mlp,de,2,2037,2024-06-12 14:45:00,0,1,0.6840263605117798
mlp,de,2,2038,2024-06-12 14:50:00,0,1,0.631220281124115
mlp,de,2,2039,2024-06-12 14:50:00,0,1,0.6398325562477112
mlp,de,2,2040,2024-06-12 14:55:00,0,1,0.6026026010513306
mlp,de,2,2041,2024-06-12 14:55:00,0,1,0.5437169075012207
mlp,de,2,2042,2024-06-12 15:00:00,0,0,0.28919801115989685
mlp,de,2,2043,2024-06-12 15:00:00,0,0,0.3703764081001282
mlp,de,2,2044,2024-06-12 15:05:00,0,0,0.3557659089565277
mlp,de,2,2045,2024-06-12 15:05:00,0,0,0.3210175931453705
mlp,de,2,2046,2024-06-12 15:10:00,0,0,0.24380458891391754
mlp,de,2,2047,2024-06-12 15:10:00,0,0,0.3176949918270111
mlp,de,2,2048,2024-06-12 15:15:00,0,0,0.44407927989959717
mlp,de,2,2049,2024-06-12 15:15:00,0,0,0.4008130431175232
mlp,de,2,2050,2024-06-12 15:20:00,0,0,0.39333122968673706
mlp,de,2,2051,2024-06-12 15:20:00,0,0,0.44327017664909363
mlp,de,2,2052,2024-06-12 15:25:00,0,0,0.47571516036987305
mlp,de,2,2053,2024-06-12 15:25:00,0,1,0.5011825561523438
mlp,de,2,2054,2024-06-12 15:30:00,0,0,0.3544768691062927
mlp,de,2,2055,2024-06-12 15:30:00,0,0,0.4458610415458679
mlp,de,2,2056,2024-06-12 15:35:00,0,0,0.35083386301994324
mlp,de,2,2057,2024-06-12 15:35:00,0,0,0.41199812293052673
mlp,de,2,2058,2024-06-12 15:40:00,0,0,0.3170051872730255
mlp,de,2,2059,2024-06-12 15:40:00,0,0,0.1643562614917755
mlp,de,2,2060,2024-06-12 15:45:00,1,0,0.21210408210754395
mlp,de,2,2061,2024-06-12 15:45:00,1,0,0.0516202375292778
mlp,de,2,2062,2024-06-12 15:50:00,1,0,0.21374882757663727
mlp,de,2,2063,2024-06-12 15:50:00,1,0,0.06950307637453079
mlp,de,2,2064,2024-06-12 15:55:00,1,0,0.22236742079257965
mlp,de,2,2065,2024-06-12 15:55:00,1,0,0.3100332021713257
mlp,de,2,2066,2024-06-12 16:00:00,1,0,0.44176289439201355
mlp,de,2,2067,2024-06-12 16:00:00,1,0,0.41566863656044006
mlp,de,2,2068,2024-06-12 16:05:00,1,0,0.46410131454467773
mlp,de,2,2069,2024-06-12 16:05:00,1,0,0.46185562014579773
mlp,de,2,2070,2024-06-12 16:10:00,1,1,0.6268079280853271
mlp,de,2,2071,2024-06-12 16:10:00,1,1,0.5360429286956787
mlp,de,2,2072,2024-06-12 16:15:00,0,1,0.7279290556907654
mlp,de,2,2073,2024-06-12 16:15:00,1,1,0.6063810586929321
mlp,de,2,2074,2024-06-12 16:20:00,1,1,0.5332920551300049
mlp,de,2,2075,2024-06-12 16:20:00,0,1,0.5356112718582153
mlp,de,2,2076,2024-06-12 16:25:00,0,0,0.3599540889263153
mlp,de,2,2077,2024-06-12 16:25:00,1,0,0.46115344762802124
mlp,de,2,2078,2024-06-12 16:30:00,0,0,0.4634976089000702
mlp,de,2,2079,2024-06-12 16:30:00,1,1,0.5034496188163757
mlp,de,2,2080,2024-06-12 16:35:00,1,1,0.5377156138420105
mlp,de,2,2081,2024-06-12 16:35:00,0,1,0.5311825275421143
mlp,de,2,2082,2024-06-12 16:40:00,1,1,0.5373824238777161
mlp,de,2,2083,2024-06-12 16:40:00,0,1,0.5528472065925598
mlp,de,2,2084,2024-06-12 16:45:00,0,1,0.6544817090034485
mlp,de,2,2085,2024-06-12 16:45:00,1,1,0.5670560002326965
mlp,de,2,2086,2024-06-12 16:50:00,0,1,0.689622700214386
mlp,de,2,2087,2024-06-12 16:50:00,1,1,0.5980257987976074
mlp,de,2,2088,2024-06-12 16:55:00,0,1,0.6526654958724976
mlp,de,2,2089,2024-06-12 17:00:00,0,1,0.6508565545082092
mlp,de,2,2090,2024-06-12 17:05:00,0,0,0.4428946077823639
mlp,de,2,2091,2024-06-12 17:10:00,0,0,0.4771442413330078
mlp,de,2,2092,2024-06-12 17:15:00,0,0,0.4202152490615845
mlp,de,2,2093,2024-06-12 17:20:00,0,0,0.4936966896057129
mlp,de,2,2094,2024-06-12 17:25:00,0,0,0.40425390005111694
mlp,de,2,2095,2024-06-12 17:30:00,0,0,0.31471139192581177
mlp,de,2,2096,2024-06-12 17:35:00,0,0,0.24261362850666046
mlp,de,2,2097,2024-06-12 17:40:00,0,0,0.21249346435070038
mlp,de,2,2098,2024-06-12 17:45:00,0,0,0.3191758394241333
mlp,de,2,2099,2024-06-12 17:50:00,0,0,0.317452073097229
mlp,de,2,2100,2024-06-12 17:55:00,0,0,0.29900017380714417
mlp,de,2,2101,2024-06-13 12:10:00,1,0,0.29285547137260437
mlp,de,2,2102,2024-06-13 12:15:00,1,1,0.5490807890892029
mlp,de,2,2103,2024-06-13 12:20:00,1,1,0.7761175632476807
mlp,de,2,2104,2024-06-13 12:25:00,1,1,0.9322474598884583
mlp,de,2,2105,2024-06-13 12:30:00,1,1,0.9300888180732727
mlp,de,2,2106,2024-06-13 12:35:00,1,1,0.7852416634559631
mlp,de,2,2107,2024-06-13 12:40:00,1,1,0.7030165791511536
mlp,de,2,2108,2024-06-13 12:45:00,1,1,0.6644372344017029
mlp,de,2,2109,2024-06-13 12:50:00,1,1,0.6849488019943237
mlp,de,2,2110,2024-06-13 12:55:00,1,1,0.71881103515625
mlp,de,2,2111,2024-06-13 13:00:00,1,1,0.699129045009613
mlp,de,2,2112,2024-06-13 13:05:00,1,1,0.7570813298225403
mlp,de,2,2113,2024-06-13 13:10:00,1,1,0.6844820380210876
mlp,de,2,2114,2024-06-13 13:15:00,1,1,0.5157716870307922
mlp,de,2,2115,2024-06-13 13:20:00,1,0,0.43565723299980164
mlp,de,2,2116,2024-06-13 13:25:00,1,0,0.33429211378097534
mlp,de,2,2117,2024-06-13 13:30:00,1,0,0.42201337218284607
mlp,de,2,2118,2024-06-13 13:35:00,1,0,0.4197918474674225
mlp,de,2,2119,2024-06-13 13:40:00,1,0,0.3248228430747986
mlp,de,2,2120,2024-06-13 13:45:00,1,0,0.39777255058288574
mlp,de,2,2121,2024-06-13 13:50:00,1,1,0.6892861127853394
mlp,de,2,2122,2024-06-13 13:55:00,1,1,0.7156596779823303
mlp,de,2,2123,2024-06-13 14:00:00,1,1,0.7109420895576477
mlp,de,2,2124,2024-06-13 14:05:00,1,1,0.680697500705719
mlp,de,2,2125,2024-06-13 14:10:00,0,1,0.6951319575309753
mlp,de,2,2126,2024-06-13 14:15:00,0,0,0.4781855344772339
mlp,de,2,2127,2024-06-13 14:20:00,0,0,0.429218590259552
mlp,de,2,2128,2024-06-13 14:25:00,0,0,0.345401406288147
mlp,de,2,2129,2024-06-13 14:30:00,0,0,0.27178436517715454
mlp,de,2,2130,2024-06-13 14:35:00,0,0,0.30635714530944824
mlp,de,2,2131,2024-06-13 14:40:00,0,0,0.40207692980766296
mlp,de,2,2132,2024-06-13 14:45:00,0,0,0.35276827216148376
mlp,de,2,2133,2024-06-13 14:50:00,0,0,0.38946089148521423
mlp,de,2,2134,2024-06-13 14:55:00,0,1,0.5213987827301025
mlp,de,2,2135,2024-06-13 15:00:00,0,1,0.5600550770759583
mlp,de,2,2136,2024-06-13 15:05:00,0,1,0.6697766184806824
mlp,de,2,2137,2024-06-13 15:10:00,0,1,0.5627334117889404
mlp,de,2,2138,2024-06-13 15:15:00,0,0,0.40448710322380066
mlp,de,2,2139,2024-06-13 15:20:00,0,0,0.4476773738861084
mlp,de,2,2140,2024-06-13 15:25:00,0,0,0.4567872881889343
mlp,de,2,2141,2024-06-13 15:30:00,0,1,0.5560423731803894
mlp,de,2,2142,2024-06-13 15:35:00,0,0,0.42855796217918396
mlp,de,2,2143,2024-06-13 15:40:00,0,1,0.6024600267410278
mlp,de,2,2144,2024-06-13 15:45:00,0,1,0.6666939854621887
mlp,de,2,2145,2024-06-13 15:50:00,0,1,0.5995525121688843
mlp,de,2,2146,2024-06-13 15:55:00,0,1,0.5725256204605103
mlp,de,2,2147,2024-06-13 16:00:00,0,1,0.5445670485496521
mlp,de,2,2148,2024-06-13 16:05:00,0,0,0.463971883058548
mlp,de,2,2149,2024-06-13 16:10:00,0,0,0.3845016658306122
mlp,de,2,2150,2024-06-13 16:15:00,0,0,0.4227393865585327
mlp,de,2,2151,2024-06-13 16:20:00,0,0,0.49285921454429626
mlp,de,2,2152,2024-06-13 16:25:00,0,0,0.45728370547294617
mlp,de,2,2153,2024-06-13 16:30:00,0,0,0.3262045979499817
mlp,de,2,2154,2024-06-13 16:35:00,0,0,0.4313400387763977
mlp,de,2,2155,2024-06-13 16:40:00,0,0,0.41722333431243896
mlp,de,2,2156,2024-06-13 16:45:00,0,0,0.3572666049003601
mlp,de,2,2157,2024-06-13 16:50:00,0,0,0.4130755662918091
mlp,de,2,2158,2024-06-13 16:55:00,0,0,0.3243705928325653
mlp,de,2,2159,2024-06-13 17:00:00,0,0,0.2643857002258301
mlp,de,2,2160,2024-06-13 17:05:00,0,0,0.1799570471048355
mlp,de,2,2161,2024-06-13 17:10:00,0,0,0.17274589836597443
mlp,de,2,2162,2024-06-13 17:15:00,0,0,0.24212636053562164
mlp,de,2,2163,2024-06-13 17:20:00,0,0,0.26767808198928833
mlp,de,2,2164,2024-06-13 17:25:00,0,0,0.3131319284439087
mlp,de,2,2165,2024-06-13 17:30:00,0,0,0.3581540584564209
mlp,de,2,2166,2024-06-13 17:35:00,0,0,0.30759987235069275
mlp,de,2,2167,2024-06-13 17:40:00,0,0,0.396429181098938
mlp,de,2,2168,2024-06-13 17:45:00,0,1,0.5241702198982239
mlp,de,2,2169,2024-06-13 17:50:00,0,1,0.5083736777305603
mlp,de,2,2170,2024-06-13 17:55:00,0,0,0.4818088412284851
mlp,de,2,2171,2024-06-14 11:05:00,1,0,0.3366672098636627
mlp,de,2,2172,2024-06-14 11:10:00,1,0,0.404181569814682
mlp,de,2,2173,2024-06-14 11:15:00,1,0,0.49643513560295105
mlp,de,2,2174,2024-06-14 11:20:00,1,1,0.6683759093284607
mlp,de,2,2175,2024-06-14 11:25:00,1,1,0.7853216528892517
mlp,de,2,2176,2024-06-14 11:30:00,1,1,0.6877663731575012
mlp,de,2,2177,2024-06-14 11:35:00,1,1,0.636850893497467
mlp,de,2,2178,2024-06-14 11:40:00,1,1,0.6012093424797058
mlp,de,2,2179,2024-06-14 11:45:00,1,1,0.5773566961288452
mlp,de,2,2180,2024-06-14 11:50:00,1,1,0.8337790966033936
mlp,de,2,2181,2024-06-14 11:55:00,1,1,0.955798327922821
mlp,de,2,2182,2024-06-14 12:00:00,1,1,0.9849087595939636
mlp,de,2,2183,2024-06-14 12:05:00,0,1,0.9913356304168701
mlp,de,2,2184,2024-06-14 12:10:00,0,1,0.9840158224105835
mlp,de,2,2185,2024-06-14 12:15:00,0,1,0.9591138362884521
mlp,de,2,2186,2024-06-14 12:20:00,0,1,0.9190977811813354
mlp,de,2,2187,2024-06-14 12:25:00,0,1,0.7378709316253662
mlp,de,2,2188,2024-06-14 12:30:00,0,0,0.33516132831573486
mlp,de,2,2189,2024-06-14 12:35:00,0,0,0.2712593376636505
mlp,de,2,2190,2024-06-14 12:40:00,0,0,0.22485148906707764
mlp,de,2,2191,2024-06-14 12:45:00,0,0,0.170251727104187
mlp,de,2,2192,2024-06-14 12:50:00,0,0,0.28458693623542786
mlp,de,2,2193,2024-06-14 12:55:00,0,0,0.4275456368923187
mlp,de,2,2194,2024-06-14 13:00:00,0,1,0.5521631240844727
mlp,de,2,2195,2024-06-14 13:05:00,0,1,0.5116048455238342
mlp,de,2,2196,2024-06-14 13:10:00,0,1,0.5545458793640137
mlp,de,2,2197,2024-06-14 13:15:00,0,0,0.491279661655426
mlp,de,2,2198,2024-06-14 13:20:00,0,0,0.42853567004203796
mlp,de,2,2199,2024-06-14 13:25:00,0,0,0.3483143746852875
mlp,de,2,2200,2024-06-14 13:30:00,0,0,0.3143604099750519
mlp,de,2,2201,2024-06-14 13:35:00,0,0,0.35280442237854004
mlp,de,2,2202,2024-06-14 13:40:00,0,1,0.5791024565696716
mlp,de,2,2203,2024-06-14 13:45:00,0,1,0.5041690468788147
mlp,de,2,2204,2024-06-14 13:50:00,0,0,0.3905506134033203
mlp,de,2,2205,2024-06-14 13:55:00,0,0,0.33227115869522095
mlp,de,2,2206,2024-06-14 14:00:00,0,0,0.3256511092185974
mlp,de,2,2207,2024-06-14 14:05:00,0,0,0.3906365633010864
mlp,de,2,2208,2024-06-14 14:10:00,0,1,0.5664178133010864
mlp,de,2,2209,2024-06-14 14:15:00,0,0,0.40777525305747986
mlp,de,2,2210,2024-06-14 14:20:00,0,0,0.2533192038536072
mlp,de,2,2211,2024-06-14 14:25:00,0,0,0.2614249885082245
mlp,de,2,2212,2024-06-14 14:30:00,0,0,0.34179022908210754
mlp,de,2,2213,2024-06-14 14:35:00,0,0,0.293410986661911
mlp,de,2,2214,2024-06-14 14:40:00,0,0,0.21830233931541443
mlp,de,2,2215,2024-06-14 14:45:00,0,0,0.20683766901493073
mlp,de,2,2216,2024-06-14 14:50:00,0,0,0.22412854433059692
mlp,de,2,2217,2024-06-14 14:55:00,0,0,0.2702558636665344
mlp,de,2,2218,2024-06-14 15:00:00,0,0,0.2869989275932312
mlp,de,2,2219,2024-06-14 15:05:00,1,0,0.30377960205078125
mlp,de,2,2220,2024-06-14 15:10:00,1,0,0.36839398741722107
mlp,de,2,2221,2024-06-14 15:15:00,1,1,0.6327675580978394
mlp,de,2,2222,2024-06-14 15:20:00,1,1,0.6427783966064453
mlp,de,2,2223,2024-06-14 15:25:00,1,1,0.6683436036109924
mlp,de,2,2224,2024-06-14 15:30:00,1,1,0.736873209476471
mlp,de,2,2225,2024-06-14 15:35:00,1,1,0.7583520412445068
mlp,de,2,2226,2024-06-14 15:40:00,1,1,0.6665379405021667
mlp,de,2,2227,2024-06-14 15:45:00,1,1,0.8048170208930969
mlp,de,2,2228,2024-06-14 15:50:00,1,1,0.750573456287384
mlp,de,2,2229,2024-06-14 15:55:00,1,1,0.6461244821548462
mlp,de,2,2230,2024-06-14 16:00:00,1,1,0.6220503449440002
mlp,de,2,2231,2024-06-14 16:05:00,0,1,0.6826327443122864
mlp,de,2,2232,2024-06-14 16:10:00,0,1,0.5682282447814941
mlp,de,2,2233,2024-06-14 16:15:00,0,1,0.549990177154541
mlp,de,2,2234,2024-06-14 16:20:00,0,0,0.4560232162475586
mlp,de,2,2235,2024-06-14 16:25:00,0,1,0.5683929920196533
mlp,de,2,2236,2024-06-14 16:30:00,0,0,0.4799988567829132
mlp,de,2,2237,2024-06-14 16:35:00,0,0,0.4332461357116699
mlp,de,2,2238,2024-06-14 16:40:00,0,0,0.3552076518535614
mlp,de,2,2239,2024-06-14 16:45:00,0,0,0.44151389598846436
mlp,de,2,2240,2024-06-14 16:50:00,0,1,0.5425741076469421
mlp,de,2,2241,2024-06-14 16:55:00,0,1,0.5956135988235474
mlp,de,2,2242,2024-06-14 17:00:00,0,1,0.5514822602272034
mlp,de,2,2243,2024-06-14 17:05:00,0,0,0.4308210015296936
mlp,de,2,2244,2024-06-14 17:10:00,0,0,0.3853231966495514
mlp,de,2,2245,2024-06-14 17:15:00,0,0,0.3467341959476471
mlp,de,2,2246,2024-06-14 17:20:00,0,0,0.3766980767250061
mlp,de,2,2247,2024-06-14 17:25:00,0,0,0.4560445249080658
mlp,de,2,2248,2024-06-14 17:30:00,0,1,0.5128718614578247
mlp,de,2,2249,2024-06-14 17:35:00,0,1,0.5780333876609802
mlp,de,2,2250,2024-06-14 17:40:00,0,1,0.5511197447776794
mlp,de,2,2251,2024-06-14 17:45:00,0,1,0.5930319428443909
mlp,de,2,2252,2024-06-14 17:50:00,0,1,0.5682610273361206
mlp,de,2,2253,2024-06-14 17:55:00,1,1,0.5950852632522583
mlp,de,2,2254,2024-06-18 10:40:00,1,1,0.9453893303871155
mlp,de,2,2255,2024-06-18 10:45:00,1,1,0.9842680096626282
mlp,de,2,2256,2024-06-18 10:50:00,1,1,0.976446270942688
mlp,de,2,2257,2024-06-18 10:55:00,0,1,0.9663869738578796
mlp,de,2,2258,2024-06-18 11:00:00,0,1,0.8734808564186096
mlp,de,2,2259,2024-06-18 11:05:00,0,1,0.6384713649749756
mlp,de,2,2260,2024-06-18 11:10:00,0,0,0.23244702816009521
mlp,de,2,2261,2024-06-18 11:15:00,0,0,0.20496685802936554
mlp,de,2,2262,2024-06-18 11:20:00,1,0,0.1918383091688156
mlp,de,2,2263,2024-06-18 11:25:00,1,0,0.3191823661327362
mlp,de,2,2264,2024-06-18 11:30:00,1,0,0.3726167678833008
mlp,de,2,2265,2024-06-18 11:35:00,1,1,0.6599231362342834
mlp,de,2,2266,2024-06-18 11:40:00,1,1,0.6000038385391235
mlp,de,2,2267,2024-06-18 11:45:00,1,0,0.42517945170402527
mlp,de,2,2268,2024-06-18 11:50:00,1,0,0.34892338514328003
mlp,de,2,2269,2024-06-18 11:55:00,1,0,0.4511179029941559
mlp,de,2,2270,2024-06-18 12:00:00,1,0,0.3659781813621521
mlp,de,2,2271,2024-06-18 12:05:00,1,0,0.3433871865272522
mlp,de,2,2272,2024-06-18 12:10:00,1,0,0.343700647354126
mlp,de,2,2273,2024-06-18 12:15:00,1,1,0.6092436909675598
mlp,de,2,2274,2024-06-18 12:20:00,1,1,0.6119810342788696
mlp,de,2,2275,2024-06-18 12:25:00,1,1,0.6140366792678833
mlp,de,2,2276,2024-06-18 12:30:00,1,1,0.6475913524627686
mlp,de,2,2277,2024-06-18 12:35:00,1,1,0.6701727509498596
mlp,de,2,2278,2024-06-18 12:40:00,1,1,0.5927322506904602
mlp,de,2,2279,2024-06-18 12:45:00,1,0,0.4978547692298889
mlp,de,2,2280,2024-06-18 12:50:00,1,0,0.4070257544517517
mlp,de,2,2281,2024-06-18 12:55:00,1,0,0.3219006359577179
mlp,de,2,2282,2024-06-18 13:00:00,1,0,0.4257420301437378
mlp,de,2,2283,2024-06-18 13:05:00,1,1,0.5590097904205322
mlp,de,2,2284,2024-06-18 13:10:00,1,1,0.5295815467834473
mlp,de,2,2285,2024-06-18 13:15:00,1,0,0.42420580983161926
mlp,de,2,2286,2024-06-18 13:20:00,1,0,0.4472711384296417
mlp,de,2,2287,2024-06-18 13:25:00,1,0,0.37299638986587524
mlp,de,2,2288,2024-06-18 13:30:00,1,0,0.3502522110939026
mlp,de,2,2289,2024-06-18 13:35:00,1,0,0.49374452233314514
mlp,de,2,2290,2024-06-18 13:40:00,1,1,0.5429878830909729
mlp,de,2,2291,2024-06-18 13:45:00,1,1,0.5889409780502319
mlp,de,2,2292,2024-06-18 13:50:00,1,1,0.6664486527442932
mlp,de,2,2293,2024-06-18 13:55:00,1,1,0.6929049491882324
mlp,de,2,2294,2024-06-18 14:00:00,1,1,0.6857438087463379
mlp,de,2,2295,2024-06-18 14:05:00,1,1,0.6779010891914368
mlp,de,2,2296,2024-06-18 14:10:00,1,1,0.5323024392127991
mlp,de,2,2297,2024-06-18 14:15:00,1,1,0.6686216592788696
mlp,de,2,2298,2024-06-18 14:20:00,1,1,0.7422899603843689
mlp,de,2,2299,2024-06-18 14:25:00,1,1,0.7043080925941467
mlp,de,2,2300,2024-06-18 14:30:00,1,1,0.66214919090271
mlp,de,2,2301,2024-06-18 14:35:00,1,1,0.6357789039611816
mlp,de,2,2302,2024-06-18 14:40:00,1,1,0.6152860522270203
mlp,de,2,2303,2024-06-18 14:45:00,1,0,0.4907780885696411
mlp,de,2,2304,2024-06-18 14:50:00,1,0,0.35725507140159607
mlp,de,2,2305,2024-06-18 14:55:00,1,0,0.29537153244018555
mlp,de,2,2306,2024-06-18 15:00:00,1,0,0.3009168803691864
mlp,de,2,2307,2024-06-18 15:05:00,1,0,0.3753833770751953
mlp,de,2,2308,2024-06-18 15:10:00,1,0,0.3601532280445099
mlp,de,2,2309,2024-06-18 15:15:00,1,0,0.3079490065574646
mlp,de,2,2310,2024-06-18 15:20:00,1,0,0.33365610241889954
mlp,de,2,2311,2024-06-18 15:25:00,1,0,0.4496265947818756
mlp,de,2,2312,2024-06-18 15:30:00,0,1,0.6276863813400269
mlp,de,2,2313,2024-06-18 15:35:00,0,0,0.4451834559440613
mlp,de,2,2314,2024-06-18 15:40:00,0,0,0.32841411232948303
mlp,de,2,2315,2024-06-18 15:45:00,0,0,0.25968000292778015
mlp,de,2,2316,2024-06-18 15:50:00,0,0,0.31642046570777893
mlp,de,2,2317,2024-06-18 15:55:00,0,0,0.2992413341999054
mlp,de,2,2318,2024-06-18 16:00:00,0,0,0.2191944420337677
mlp,de,2,2319,2024-06-18 16:05:00,1,0,0.16472594439983368
mlp,de,2,2320,2024-06-18 16:10:00,1,0,0.18871358036994934
mlp,de,2,2321,2024-06-18 16:15:00,1,0,0.24568668007850647
mlp,de,2,2322,2024-06-18 16:20:00,1,0,0.3492588400840759
mlp,de,2,2323,2024-06-18 16:25:00,1,0,0.4416685104370117
mlp,de,2,2324,2024-06-18 16:30:00,1,1,0.5810887813568115
mlp,de,2,2325,2024-06-18 16:35:00,1,1,0.6326837539672852
mlp,de,2,2326,2024-06-18 16:40:00,1,1,0.670109748840332
mlp,de,2,2327,2024-06-18 16:45:00,1,1,0.6428076028823853
mlp,de,2,2328,2024-06-18 16:50:00,1,1,0.643459677696228
mlp,de,2,2329,2024-06-18 16:55:00,0,1,0.6599222421646118
mlp,de,2,2330,2024-06-18 17:00:00,0,1,0.671463668346405
mlp,de,2,2331,2024-06-18 17:05:00,0,1,0.5473219752311707
mlp,de,2,2332,2024-06-18 17:10:00,0,0,0.4662512540817261
mlp,de,2,2333,2024-06-18 17:15:00,0,0,0.46257561445236206
mlp,de,2,2334,2024-06-18 17:20:00,0,1,0.5465354323387146
mlp,de,2,2335,2024-06-18 17:25:00,0,1,0.6033267378807068
mlp,de,2,2336,2024-06-18 17:30:00,0,1,0.565876305103302
mlp,de,2,2337,2024-06-18 17:35:00,0,0,0.49356332421302795
mlp,de,2,2338,2024-06-18 17:40:00,0,1,0.6047529578208923
mlp,de,2,2339,2024-06-18 17:45:00,0,1,0.6597496867179871
mlp,de,2,2340,2024-06-18 17:50:00,0,1,0.6781747341156006
mlp,de,2,2341,2024-06-18 17:55:00,0,1,0.6516668796539307
mlp,de,2,2342,2024-06-19 10:55:00,1,0,0.2896465063095093
mlp,de,2,2343,2024-06-19 11:00:00,1,1,0.5765311121940613
mlp,de,2,2344,2024-06-19 11:05:00,1,1,0.5406979322433472
mlp,de,2,2345,2024-06-19 11:10:00,1,0,0.41562747955322266
mlp,de,2,2346,2024-06-19 11:15:00,1,0,0.38896864652633667
mlp,de,2,2347,2024-06-19 11:20:00,1,0,0.4563099145889282
mlp,de,2,2348,2024-06-19 11:25:00,1,1,0.569481611251831
mlp,de,2,2349,2024-06-19 11:30:00,1,1,0.5988660454750061
mlp,de,2,2350,2024-06-19 11:35:00,1,1,0.6565347909927368
mlp,de,2,2351,2024-06-19 11:40:00,1,1,0.690619170665741
mlp,de,2,2352,2024-06-19 11:45:00,1,1,0.6015074849128723
mlp,de,2,2353,2024-06-19 11:50:00,1,1,0.5072938799858093
mlp,de,2,2354,2024-06-19 11:55:00,1,1,0.5235509276390076
mlp,de,2,2355,2024-06-19 12:00:00,1,0,0.47517895698547363
mlp,de,2,2356,2024-06-19 12:05:00,1,0,0.45282936096191406
mlp,de,2,2357,2024-06-19 12:10:00,1,0,0.4329923391342163
mlp,de,2,2358,2024-06-19 12:15:00,1,0,0.4216654300689697
mlp,de,2,2359,2024-06-19 12:20:00,1,0,0.3959583044052124
mlp,de,2,2360,2024-06-19 12:25:00,1,1,0.5033784508705139
mlp,de,2,2361,2024-06-19 12:30:00,1,1,0.6012578010559082
mlp,de,2,2362,2024-06-19 12:35:00,1,1,0.6450915336608887
mlp,de,2,2363,2024-06-19 12:40:00,1,1,0.6670343279838562
mlp,de,2,2364,2024-06-19 12:45:00,1,1,0.8510505557060242
mlp,de,2,2365,2024-06-19 12:50:00,1,1,0.8469885587692261
mlp,de,2,2366,2024-06-19 12:55:00,1,1,0.7891258001327515
mlp,de,2,2367,2024-06-19 13:00:00,1,1,0.7129702568054199
mlp,de,2,2368,2024-06-19 13:05:00,1,1,0.6904820203781128
mlp,de,2,2369,2024-06-19 13:10:00,1,1,0.7075180411338806
mlp,de,2,2370,2024-06-19 13:15:00,1,1,0.5715795755386353
mlp,de,2,2371,2024-06-19 13:20:00,1,0,0.4353460371494293
mlp,de,2,2372,2024-06-19 13:25:00,1,1,0.5201234817504883
mlp,de,2,2373,2024-06-19 13:30:00,1,1,0.6668250560760498
mlp,de,2,2374,2024-06-19 13:35:00,1,1,0.6725268959999084
mlp,de,2,2375,2024-06-19 13:40:00,1,1,0.6885702610015869
mlp,de,2,2376,2024-06-19 13:45:00,1,1,0.6918635964393616
mlp,de,2,2377,2024-06-19 13:50:00,1,1,0.6811103820800781
mlp,de,2,2378,2024-06-19 13:55:00,1,1,0.6577531099319458
mlp,de,2,2379,2024-06-19 14:00:00,1,1,0.5233827233314514
mlp,de,2,2380,2024-06-19 14:05:00,0,1,0.6498538851737976
mlp,de,2,2381,2024-06-19 14:10:00,0,0,0.4621967375278473
mlp,de,2,2382,2024-06-19 14:15:00,0,0,0.3830662965774536
mlp,de,2,2383,2024-06-19 14:20:00,0,0,0.43820181488990784
mlp,de,2,2384,2024-06-19 14:25:00,0,0,0.3358411192893982
mlp,de,2,2385,2024-06-19 14:30:00,1,0,0.2978822588920593
mlp,de,2,2386,2024-06-19 14:35:00,1,0,0.31025031208992004
mlp,de,2,2387,2024-06-19 14:40:00,1,0,0.4079984426498413
mlp,de,2,2388,2024-06-19 14:45:00,1,0,0.48837316036224365
mlp,de,2,2389,2024-06-19 14:50:00,1,1,0.5961335897445679
mlp,de,2,2390,2024-06-19 14:55:00,1,1,0.6074394583702087
mlp,de,2,2391,2024-06-19 15:00:00,1,1,0.6278782486915588
mlp,de,2,2392,2024-06-19 15:05:00,1,1,0.6595789194107056
mlp,de,2,2393,2024-06-19 15:10:00,1,1,0.6288488507270813
mlp,de,2,2394,2024-06-19 15:15:00,1,1,0.6235082745552063
mlp,de,2,2395,2024-06-19 15:20:00,1,1,0.6309105157852173
mlp,de,2,2396,2024-06-19 15:25:00,1,1,0.6008647680282593
mlp,de,2,2397,2024-06-19 15:30:00,1,1,0.5385118722915649
mlp,de,2,2398,2024-06-19 15:35:00,1,0,0.4267399311065674
mlp,de,2,2399,2024-06-19 15:40:00,1,1,0.6197267174720764
mlp,de,2,2400,2024-06-19 15:45:00,1,1,0.7721291780471802
mlp,de,2,2401,2024-06-19 15:50:00,1,1,0.821596086025238
mlp,de,2,2402,2024-06-19 15:55:00,1,1,0.8221583366394043
mlp,de,2,2403,2024-06-19 16:00:00,1,1,0.7716144323348999
mlp,de,2,2404,2024-06-19 16:05:00,1,1,0.6755765080451965
mlp,de,2,2405,2024-06-19 16:10:00,1,1,0.5774264931678772
mlp,de,2,2406,2024-06-19 16:15:00,1,0,0.4763879179954529
mlp,de,2,2407,2024-06-19 16:20:00,1,1,0.6614258885383606
mlp,de,2,2408,2024-06-19 16:25:00,1,1,0.7693648934364319
mlp,de,2,2409,2024-06-19 16:30:00,1,1,0.730571448802948
mlp,de,2,2410,2024-06-19 16:35:00,1,1,0.7878977060317993
mlp,de,2,2411,2024-06-19 16:40:00,1,1,0.8389557003974915
mlp,de,2,2412,2024-06-19 16:45:00,1,1,0.830305814743042
mlp,de,2,2413,2024-06-19 16:50:00,1,1,0.78813236951828
mlp,de,2,2414,2024-06-19 16:55:00,1,1,0.5968234539031982
mlp,de,2,2415,2024-06-19 17:00:00,1,0,0.44677823781967163
mlp,de,2,2416,2024-06-19 17:05:00,1,0,0.40989962220191956
mlp,de,2,2417,2024-06-19 17:10:00,1,0,0.33571869134902954
mlp,de,2,2418,2024-06-19 17:15:00,1,0,0.39801791310310364
mlp,de,2,2419,2024-06-19 17:20:00,1,1,0.5392731428146362
mlp,de,2,2420,2024-06-19 17:25:00,1,1,0.5620229840278625
mlp,de,2,2421,2024-06-19 17:30:00,1,1,0.5271660089492798
mlp,de,2,2422,2024-06-19 17:35:00,1,1,0.5976116061210632
mlp,de,2,2423,2024-06-19 17:40:00,1,1,0.6606350541114807
mlp,de,2,2424,2024-06-19 17:45:00,1,1,0.6093950867652893
mlp,de,2,2425,2024-06-19 17:50:00,1,1,0.5380875468254089
mlp,de,2,2426,2024-06-19 17:55:00,1,1,0.5405054688453674
mlp,de,2,2427,2024-06-20 10:50:00,0,1,0.9200889468193054
mlp,de,2,2428,2024-06-20 10:55:00,0,1,0.8319684267044067
mlp,de,2,2429,2024-06-20 11:00:00,0,1,0.7159613370895386
mlp,de,2,2430,2024-06-20 11:05:00,0,0,0.39740264415740967
mlp,de,2,2431,2024-06-20 11:10:00,0,0,0.4671837389469147
mlp,de,2,2432,2024-06-20 11:15:00,0,1,0.6185490489006042
mlp,de,2,2433,2024-06-20 11:20:00,0,1,0.5535226464271545
mlp,de,2,2434,2024-06-20 11:25:00,0,0,0.428186297416687
mlp,de,2,2435,2024-06-20 11:30:00,0,0,0.31141531467437744
mlp,de,2,2436,2024-06-20 11:35:00,0,0,0.21557456254959106
mlp,de,2,2437,2024-06-20 11:40:00,0,0,0.18363641202449799
mlp,de,2,2438,2024-06-20 11:45:00,0,0,0.1065538302063942
mlp,de,2,2439,2024-06-20 11:50:00,0,0,0.07704893499612808
mlp,de,2,2440,2024-06-20 11:55:00,0,0,0.1415559947490692
mlp,de,2,2441,2024-06-20 12:00:00,0,0,0.13390880823135376
mlp,de,2,2442,2024-06-20 12:05:00,0,0,0.09640491008758545
mlp,de,2,2443,2024-06-20 12:10:00,0,0,0.20154058933258057
mlp,de,2,2444,2024-06-20 12:15:00,0,0,0.2509634494781494
mlp,de,2,2445,2024-06-20 12:20:00,0,0,0.329719603061676
mlp,de,2,2446,2024-06-20 12:25:00,0,0,0.3353608548641205
mlp,de,2,2447,2024-06-20 12:30:00,0,0,0.3566701412200928
mlp,de,2,2448,2024-06-20 12:35:00,0,0,0.2547753155231476
mlp,de,2,2449,2024-06-20 12:40:00,0,0,0.3174871504306793
mlp,de,2,2450,2024-06-20 12:45:00,0,1,0.5086650252342224
mlp,de,2,2451,2024-06-20 12:50:00,0,0,0.46365851163864136
mlp,de,2,2452,2024-06-20 12:55:00,0,0,0.3912951350212097
mlp,de,2,2453,2024-06-20 13:00:00,0,0,0.3503713607788086
mlp,de,2,2454,2024-06-20 13:05:00,0,0,0.25180232524871826
mlp,de,2,2455,2024-06-20 13:10:00,0,0,0.29780563712120056
mlp,de,2,2456,2024-06-20 13:15:00,0,0,0.3747045397758484
mlp,de,2,2457,2024-06-20 13:20:00,0,0,0.34632521867752075
mlp,de,2,2458,2024-06-20 13:25:00,0,0,0.2609986662864685
mlp,de,2,2459,2024-06-20 13:30:00,0,0,0.2760930061340332
mlp,de,2,2460,2024-06-20 13:35:00,1,0,0.2809225916862488
mlp,de,2,2461,2024-06-20 13:40:00,1,0,0.3349197208881378
mlp,de,2,2462,2024-06-20 13:45:00,1,1,0.5740886926651001
mlp,de,2,2463,2024-06-20 13:50:00,1,1,0.570874810218811
mlp,de,2,2464,2024-06-20 13:55:00,1,1,0.5747425556182861
mlp,de,2,2465,2024-06-20 14:00:00,1,1,0.5598731637001038
mlp,de,2,2466,2024-06-20 14:05:00,1,1,0.6003538966178894
mlp,de,2,2467,2024-06-20 14:10:00,1,1,0.724612832069397
mlp,de,2,2468,2024-06-20 14:15:00,1,1,0.7619789242744446
mlp,de,2,2469,2024-06-20 14:20:00,1,1,0.7199788689613342
mlp,de,2,2470,2024-06-20 14:25:00,1,1,0.6373128294944763
mlp,de,2,2471,2024-06-20 14:30:00,1,0,0.4011310040950775
mlp,de,2,2472,2024-06-20 14:35:00,1,0,0.3109423518180847
mlp,de,2,2473,2024-06-20 14:40:00,1,0,0.32919734716415405
mlp,de,2,2474,2024-06-20 14:45:00,1,0,0.4172995984554291
mlp,de,2,2475,2024-06-20 14:50:00,1,0,0.4313381016254425
mlp,de,2,2476,2024-06-20 14:55:00,1,1,0.597554087638855
mlp,de,2,2477,2024-06-20 15:00:00,1,1,0.6353211998939514
mlp,de,2,2478,2024-06-20 15:05:00,1,1,0.6672069430351257
mlp,de,2,2479,2024-06-20 15:10:00,1,1,0.6522400975227356
mlp,de,2,2480,2024-06-20 15:15:00,1,1,0.6907459497451782
mlp,de,2,2481,2024-06-20 15:20:00,1,1,0.7264696955680847
mlp,de,2,2482,2024-06-20 15:25:00,1,1,0.6902276873588562
mlp,de,2,2483,2024-06-20 15:30:00,1,1,0.5295584797859192
mlp,de,2,2484,2024-06-20 15:35:00,1,1,0.5694901943206787
mlp,de,2,2485,2024-06-20 15:40:00,1,1,0.6658303141593933
mlp,de,2,2486,2024-06-20 15:45:00,1,1,0.7498283982276917
mlp,de,2,2487,2024-06-20 15:50:00,0,1,0.8035731911659241
mlp,de,2,2488,2024-06-20 15:55:00,0,1,0.7845557928085327
mlp,de,2,2489,2024-06-20 16:00:00,0,1,0.7059340476989746
mlp,de,2,2490,2024-06-20 16:05:00,0,1,0.5644009709358215
mlp,de,2,2491,2024-06-20 16:10:00,0,0,0.33485153317451477
mlp,de,2,2492,2024-06-20 16:15:00,0,0,0.22313469648361206
mlp,de,2,2493,2024-06-20 16:20:00,0,0,0.16073359549045563
mlp,de,2,2494,2024-06-20 16:25:00,0,0,0.2186260223388672
mlp,de,2,2495,2024-06-20 16:30:00,0,0,0.27588629722595215
mlp,de,2,2496,2024-06-20 16:35:00,0,0,0.30107951164245605
mlp,de,2,2497,2024-06-20 16:40:00,0,0,0.4015365540981293
mlp,de,2,2498,2024-06-20 16:45:00,0,0,0.48975181579589844
mlp,de,2,2499,2024-06-20 16:50:00,0,0,0.4921390116214752
mlp,de,2,2500,2024-06-20 16:55:00,0,1,0.5509918332099915
mlp,de,2,2501,2024-06-20 17:00:00,0,0,0.45096686482429504
mlp,de,2,2502,2024-06-20 17:05:00,0,0,0.3948068618774414
mlp,de,2,2503,2024-06-20 17:10:00,0,0,0.4896950125694275
mlp,de,2,2504,2024-06-20 17:15:00,0,1,0.5902220010757446
mlp,de,2,2505,2024-06-20 17:20:00,0,1,0.5171585083007812
mlp,de,2,2506,2024-06-20 17:25:00,0,0,0.44163984060287476
mlp,de,2,2507,2024-06-20 17:30:00,0,0,0.4135236144065857
mlp,de,2,2508,2024-06-20 17:35:00,0,0,0.47691279649734497
mlp,de,2,2509,2024-06-20 17:40:00,0,0,0.48511844873428345
mlp,de,2,2510,2024-06-20 17:45:00,0,0,0.4782613217830658
mlp,de,2,2511,2024-06-20 17:50:00,0,0,0.4908334016799927
mlp,de,2,2512,2024-06-20 17:55:00,1,0,0.46159133315086365
mlp,de,2,2513,2024-06-21 10:40:00,1,1,0.8113183379173279
mlp,de,2,2514,2024-06-21 10:45:00,1,1,0.9053378701210022
mlp,de,2,2515,2024-06-21 10:50:00,1,1,0.9580873847007751
mlp,de,2,2516,2024-06-21 10:55:00,1,1,0.9706713557243347
mlp,de,2,2517,2024-06-21 11:00:00,1,1,0.9141803979873657
mlp,de,2,2518,2024-06-21 11:05:00,1,1,0.8752588033676147
mlp,de,2,2519,2024-06-21 11:10:00,1,1,0.7080017328262329
mlp,de,2,2520,2024-06-21 11:15:00,1,1,0.7095316052436829
mlp,de,2,2521,2024-06-21 11:20:00,1,1,0.614740252494812
mlp,de,2,2522,2024-06-21 11:25:00,0,1,0.7634984850883484
mlp,de,2,2523,2024-06-21 11:30:00,0,1,0.6713841557502747
mlp,de,2,2524,2024-06-21 11:35:00,0,1,0.6187845468521118
mlp,de,2,2525,2024-06-21 11:40:00,0,0,0.403258353471756
mlp,de,2,2526,2024-06-21 11:45:00,0,0,0.30851802229881287
mlp,de,2,2527,2024-06-21 11:50:00,0,0,0.45968160033226013
mlp,de,2,2528,2024-06-21 11:55:00,0,0,0.40166816115379333
mlp,de,2,2529,2024-06-21 12:00:00,0,1,0.5021774768829346
mlp,de,2,2530,2024-06-21 12:05:00,0,1,0.5214191675186157
mlp,de,2,2531,2024-06-21 12:10:00,0,1,0.572575032711029
mlp,de,2,2532,2024-06-21 12:15:00,1,0,0.23112979531288147
mlp,de,2,2533,2024-06-21 12:20:00,1,0,0.25122612714767456
mlp,de,2,2534,2024-06-21 12:25:00,1,0,0.23268580436706543
mlp,de,2,2535,2024-06-21 12:30:00,1,0,0.2232130765914917
mlp,de,2,2536,2024-06-21 12:35:00,1,0,0.3260745406150818
mlp,de,2,2537,2024-06-21 12:40:00,1,0,0.3331848978996277
mlp,de,2,2538,2024-06-21 12:45:00,1,1,0.525719940662384
mlp,de,2,2539,2024-06-21 12:50:00,1,0,0.46805858612060547
mlp,de,2,2540,2024-06-21 12:55:00,1,0,0.435027539730072
mlp,de,2,2541,2024-06-21 13:00:00,1,0,0.43659695982933044
mlp,de,2,2542,2024-06-21 13:05:00,1,0,0.4900780916213989
mlp,de,2,2543,2024-06-21 13:10:00,1,1,0.5491934418678284
mlp,de,2,2544,2024-06-21 13:15:00,1,1,0.6012956500053406
mlp,de,2,2545,2024-06-21 13:20:00,1,1,0.6472687125205994
mlp,de,2,2546,2024-06-21 13:25:00,1,1,0.6802206635475159
mlp,de,2,2547,2024-06-21 13:30:00,1,1,0.6669882535934448
mlp,de,2,2548,2024-06-21 13:35:00,1,1,0.6243892908096313
mlp,de,2,2549,2024-06-21 13:40:00,1,1,0.6730322241783142
mlp,de,2,2550,2024-06-21 13:45:00,1,1,0.643682599067688
mlp,de,2,2551,2024-06-21 13:50:00,0,1,0.6983019709587097
mlp,de,2,2552,2024-06-21 13:55:00,0,1,0.653150200843811
mlp,de,2,2553,2024-06-21 14:00:00,0,1,0.6286225914955139
mlp,de,2,2554,2024-06-21 14:05:00,0,1,0.5384671092033386
mlp,de,2,2555,2024-06-21 14:10:00,0,1,0.5525367856025696
mlp,de,2,2556,2024-06-21 14:15:00,0,1,0.5358964800834656
mlp,de,2,2557,2024-06-21 14:20:00,0,0,0.4798945188522339
mlp,de,2,2558,2024-06-21 14:25:00,0,0,0.4223889708518982
mlp,de,2,2559,2024-06-21 14:30:00,0,0,0.36597979068756104
mlp,de,2,2560,2024-06-21 14:35:00,0,0,0.33176958560943604
mlp,de,2,2561,2024-06-21 14:40:00,0,0,0.3437056541442871
mlp,de,2,2562,2024-06-21 14:45:00,0,0,0.32398542761802673
mlp,de,2,2563,2024-06-21 14:50:00,0,0,0.4243699908256531
mlp,de,2,2564,2024-06-21 14:55:00,0,0,0.39057379961013794
mlp,de,2,2565,2024-06-21 15:00:00,1,0,0.3149253726005554
mlp,de,2,2566,2024-06-21 15:05:00,1,0,0.41629818081855774
mlp,de,2,2567,2024-06-21 15:10:00,1,0,0.4769609570503235
mlp,de,2,2568,2024-06-21 15:15:00,1,1,0.5660694241523743
mlp,de,2,2569,2024-06-21 15:20:00,1,1,0.6347765922546387
mlp,de,2,2570,2024-06-21 15:25:00,1,1,0.6765036582946777
mlp,de,2,2571,2024-06-21 15:30:00,1,1,0.724321722984314
mlp,de,2,2572,2024-06-21 15:35:00,1,1,0.7506680488586426
mlp,de,2,2573,2024-06-21 15:40:00,1,1,0.6864455342292786
mlp,de,2,2574,2024-06-21 15:45:00,1,1,0.6222233176231384
mlp,de,2,2575,2024-06-21 15:50:00,1,1,0.665917694568634
mlp,de,2,2576,2024-06-21 15:55:00,1,1,0.6578583121299744
mlp,de,2,2577,2024-06-21 16:00:00,1,1,0.6944288611412048
mlp,de,2,2578,2024-06-21 16:05:00,1,1,0.6642554998397827
mlp,de,2,2579,2024-06-21 16:10:00,1,1,0.6434249877929688
mlp,de,2,2580,2024-06-21 16:15:00,1,1,0.6256610155105591
mlp,de,2,2581,2024-06-21 16:20:00,1,1,0.6425805687904358
mlp,de,2,2582,2024-06-21 16:25:00,1,1,0.6343539357185364
mlp,de,2,2583,2024-06-21 16:30:00,1,1,0.6563768982887268
mlp,de,2,2584,2024-06-21 16:35:00,1,1,0.6393558979034424
mlp,de,2,2585,2024-06-21 16:40:00,1,1,0.5454295873641968
mlp,de,2,2586,2024-06-21 16:45:00,1,0,0.3905438184738159
mlp,de,2,2587,2024-06-21 16:50:00,1,0,0.47749578952789307
mlp,de,2,2588,2024-06-21 16:55:00,1,1,0.528931200504303
mlp,de,2,2589,2024-06-21 17:00:00,1,0,0.4283182919025421
mlp,de,2,2590,2024-06-21 17:05:00,1,0,0.38032761216163635
mlp,de,2,2591,2024-06-21 17:10:00,1,0,0.3850998878479004
mlp,de,2,2592,2024-06-21 17:15:00,1,1,0.5456834435462952
mlp,de,2,2593,2024-06-21 17:20:00,1,1,0.5006270408630371
mlp,de,2,2594,2024-06-21 17:25:00,1,0,0.4410170912742615
mlp,de,2,2595,2024-06-21 17:30:00,1,1,0.5095068216323853
mlp,de,2,2596,2024-06-21 17:35:00,1,1,0.5186462998390198
mlp,de,2,2597,2024-06-21 17:40:00,1,1,0.5249427556991577
mlp,de,2,2598,2024-06-21 17:45:00,1,1,0.5054081678390503
mlp,de,2,2599,2024-06-21 17:50:00,1,1,0.5546140670776367
mlp,de,2,2600,2024-06-21 17:55:00,1,1,0.5721791982650757
mlp,de,2,2601,2024-06-24 10:50:00,0,1,0.926892101764679
mlp,de,2,2602,2024-06-24 10:55:00,0,1,0.8421800136566162
mlp,de,2,2603,2024-06-24 11:00:00,0,1,0.5441184043884277
mlp,de,2,2604,2024-06-24 11:05:00,0,0,0.4701816737651825
mlp,de,2,2605,2024-06-24 11:10:00,0,1,0.6589751839637756
mlp,de,2,2606,2024-06-24 11:15:00,0,0,0.4616687595844269
mlp,de,2,2607,2024-06-24 11:20:00,0,1,0.508171796798706
mlp,de,2,2608,2024-06-24 11:25:00,0,0,0.42137411236763
mlp,de,2,2609,2024-06-24 11:30:00,0,0,0.3190777897834778
mlp,de,2,2610,2024-06-24 11:35:00,0,0,0.37311258912086487
mlp,de,2,2611,2024-06-24 11:40:00,0,0,0.4283716380596161
mlp,de,2,2612,2024-06-24 11:45:00,0,0,0.3628818392753601
mlp,de,2,2613,2024-06-24 11:50:00,0,0,0.4370964467525482
mlp,de,2,2614,2024-06-24 11:55:00,0,1,0.51385498046875
mlp,de,2,2615,2024-06-24 12:00:00,0,1,0.5093106031417847
mlp,de,2,2616,2024-06-24 12:05:00,0,0,0.47897499799728394
mlp,de,2,2617,2024-06-24 12:10:00,0,0,0.37782377004623413
mlp,de,2,2618,2024-06-24 12:15:00,0,0,0.3354780972003937
mlp,de,2,2619,2024-06-24 12:20:00,0,0,0.3021567165851593
mlp,de,2,2620,2024-06-24 12:25:00,0,0,0.3152654767036438
mlp,de,2,2621,2024-06-24 12:30:00,0,0,0.2879810929298401
mlp,de,2,2622,2024-06-24 12:35:00,0,0,0.32037121057510376
mlp,de,2,2623,2024-06-24 12:40:00,0,0,0.4112109839916229
mlp,de,2,2624,2024-06-24 12:45:00,1,0,0.37519028782844543
mlp,de,2,2625,2024-06-24 12:50:00,1,0,0.44547349214553833
mlp,de,2,2626,2024-06-24 12:55:00,1,1,0.5693046450614929
mlp,de,2,2627,2024-06-24 13:00:00,1,0,0.4501815736293793
mlp,de,2,2628,2024-06-24 13:05:00,1,1,0.5262880325317383
mlp,de,2,2629,2024-06-24 13:10:00,1,1,0.6334745287895203
mlp,de,2,2630,2024-06-24 13:15:00,1,1,0.6516955494880676
mlp,de,2,2631,2024-06-24 13:20:00,1,1,0.7030422687530518
mlp,de,2,2632,2024-06-24 13:25:00,1,1,0.661055326461792
mlp,de,2,2633,2024-06-24 13:30:00,1,1,0.5662553310394287
mlp,de,2,2634,2024-06-24 13:35:00,1,1,0.5151060223579407
mlp,de,2,2635,2024-06-24 13:40:00,1,0,0.4442140758037567
mlp,de,2,2636,2024-06-24 13:45:00,1,0,0.4739904999732971
mlp,de,2,2637,2024-06-24 13:50:00,1,0,0.4207363724708557
mlp,de,2,2638,2024-06-24 13:55:00,1,0,0.4611947536468506
mlp,de,2,2639,2024-06-24 14:00:00,1,1,0.5458613634109497
mlp,de,2,2640,2024-06-24 14:05:00,1,0,0.4323764741420746
mlp,de,2,2641,2024-06-24 14:10:00,1,0,0.3651096224784851
mlp,de,2,2642,2024-06-24 14:15:00,1,0,0.35944607853889465
mlp,de,2,2643,2024-06-24 14:20:00,1,0,0.42963963747024536
mlp,de,2,2644,2024-06-24 14:25:00,1,1,0.5950562357902527
mlp,de,2,2645,2024-06-24 14:30:00,1,1,0.5924427509307861
mlp,de,2,2646,2024-06-24 14:35:00,0,1,0.672490656375885
mlp,de,2,2647,2024-06-24 14:40:00,0,1,0.5880506038665771
mlp,de,2,2648,2024-06-24 14:45:00,0,0,0.46731191873550415
mlp,de,2,2649,2024-06-24 14:50:00,0,0,0.3856728672981262
mlp,de,2,2650,2024-06-24 14:55:00,0,0,0.4798896312713623
mlp,de,2,2651,2024-06-24 15:00:00,0,0,0.48528239130973816
mlp,de,2,2652,2024-06-24 15:05:00,0,1,0.568237841129303
mlp,de,2,2653,2024-06-24 15:10:00,0,1,0.5433139801025391
mlp,de,2,2654,2024-06-24 15:15:00,0,1,0.5162967443466187
mlp,de,2,2655,2024-06-24 15:20:00,0,0,0.4508863091468811
mlp,de,2,2656,2024-06-24 15:25:00,0,0,0.39386099576950073
mlp,de,2,2657,2024-06-24 15:30:00,1,0,0.3166634738445282
mlp,de,2,2658,2024-06-24 15:35:00,1,0,0.3687576651573181
mlp,de,2,2659,2024-06-24 15:40:00,1,0,0.49667051434516907
mlp,de,2,2660,2024-06-24 15:45:00,1,1,0.6124675869941711
mlp,de,2,2661,2024-06-24 15:50:00,1,0,0.44157513976097107
mlp,de,2,2662,2024-06-24 15:55:00,1,0,0.3964300751686096
mlp,de,2,2663,2024-06-24 16:00:00,1,0,0.39724647998809814
mlp,de,2,2664,2024-06-24 16:05:00,1,0,0.4381394684314728
mlp,de,2,2665,2024-06-24 16:10:00,1,0,0.4699498116970062
mlp,de,2,2666,2024-06-24 16:15:00,1,0,0.49491047859191895
mlp,de,2,2667,2024-06-24 16:20:00,1,1,0.5940787196159363
mlp,de,2,2668,2024-06-24 16:25:00,1,0,0.45840010046958923
mlp,de,2,2669,2024-06-24 16:30:00,1,1,0.5844974517822266
mlp,de,2,2670,2024-06-24 16:35:00,1,1,0.6453408598899841
mlp,de,2,2671,2024-06-24 16:40:00,1,1,0.6929168701171875
mlp,de,2,2672,2024-06-24 16:45:00,1,1,0.6901940107345581
mlp,de,2,2673,2024-06-24 16:50:00,1,1,0.6475604176521301
mlp,de,2,2674,2024-06-24 16:55:00,1,1,0.5189135670661926
mlp,de,2,2675,2024-06-24 17:00:00,1,0,0.4801413416862488
mlp,de,2,2676,2024-06-24 17:05:00,1,0,0.43246862292289734
mlp,de,2,2677,2024-06-24 17:10:00,1,0,0.3769477605819702
mlp,de,2,2678,2024-06-24 17:15:00,0,0,0.49304890632629395
mlp,de,2,2679,2024-06-24 17:20:00,0,1,0.5079295635223389
mlp,de,2,2680,2024-06-24 17:25:00,0,0,0.4649659991264343
mlp,de,2,2681,2024-06-24 17:30:00,0,1,0.517802357673645
mlp,de,2,2682,2024-06-24 17:35:00,0,1,0.5964983105659485
mlp,de,2,2683,2024-06-24 17:40:00,0,1,0.6031531095504761
mlp,de,2,2684,2024-06-24 17:45:00,0,1,0.5605868101119995
mlp,de,2,2685,2024-06-24 17:50:00,0,1,0.5974918007850647
mlp,de,2,2686,2024-06-24 17:55:00,0,1,0.5769165754318237
mlp,de,2,2687,2024-06-25 12:35:00,1,0,0.2535035312175751
mlp,de,2,2688,2024-06-25 12:40:00,1,0,0.283128023147583
mlp,de,2,2689,2024-06-25 12:45:00,1,0,0.39695578813552856
mlp,de,2,2690,2024-06-25 12:50:00,1,0,0.4583560526371002
mlp,de,2,2691,2024-06-25 12:55:00,1,0,0.49720317125320435
mlp,de,2,2692,2024-06-25 13:00:00,1,1,0.6087378859519958
mlp,de,2,2693,2024-06-25 13:05:00,1,1,0.5005263090133667
mlp,de,2,2694,2024-06-25 13:10:00,1,0,0.38043877482414246
mlp,de,2,2695,2024-06-25 13:15:00,1,0,0.4238373637199402
mlp,de,2,2696,2024-06-25 13:20:00,1,1,0.5853464603424072
mlp,de,2,2697,2024-06-25 13:25:00,1,1,0.6293359994888306
mlp,de,2,2698,2024-06-25 13:30:00,1,1,0.5434169769287109
mlp,de,2,2699,2024-06-25 13:35:00,1,1,0.6316739916801453
mlp,de,2,2700,2024-06-25 13:40:00,1,1,0.6247522234916687
mlp,de,2,2701,2024-06-25 13:45:00,1,1,0.6358044743537903
mlp,de,2,2702,2024-06-25 13:50:00,1,1,0.6539795994758606
mlp,de,2,2703,2024-06-25 13:55:00,1,1,0.6284086108207703
mlp,de,2,2704,2024-06-25 14:00:00,1,1,0.5871905088424683
mlp,de,2,2705,2024-06-25 14:05:00,1,1,0.606334388256073
mlp,de,2,2706,2024-06-25 14:10:00,1,1,0.6644470691680908
mlp,de,2,2707,2024-06-25 14:15:00,1,1,0.5719313621520996
mlp,de,2,2708,2024-06-25 14:20:00,1,0,0.35930246114730835
mlp,de,2,2709,2024-06-25 14:25:00,1,0,0.484976589679718
mlp,de,2,2710,2024-06-25 14:30:00,1,1,0.6266016960144043
mlp,de,2,2711,2024-06-25 14:35:00,1,1,0.5260713696479797
mlp,de,2,2712,2024-06-25 14:40:00,1,1,0.6230093836784363
mlp,de,2,2713,2024-06-25 14:45:00,1,1,0.6202028393745422
mlp,de,2,2714,2024-06-25 14:50:00,0,1,0.7513877749443054
mlp,de,2,2715,2024-06-25 14:55:00,0,1,0.7237420678138733
mlp,de,2,2716,2024-06-25 15:00:00,0,1,0.6589261293411255
mlp,de,2,2717,2024-06-25 15:05:00,0,1,0.6389424800872803
mlp,de,2,2718,2024-06-25 15:10:00,0,1,0.6570717692375183
mlp,de,2,2719,2024-06-25 15:15:00,0,1,0.5401976704597473
mlp,de,2,2720,2024-06-25 15:20:00,0,0,0.4029761552810669
mlp,de,2,2721,2024-06-25 15:25:00,0,0,0.46174365282058716
mlp,de,2,2722,2024-06-25 15:30:00,0,0,0.45354345440864563
mlp,de,2,2723,2024-06-25 15:35:00,0,0,0.44680365920066833
mlp,de,2,2724,2024-06-25 15:40:00,0,0,0.4441908299922943
mlp,de,2,2725,2024-06-25 15:45:00,0,1,0.525976836681366
mlp,de,2,2726,2024-06-25 15:50:00,0,0,0.43356257677078247
mlp,de,2,2727,2024-06-25 15:55:00,0,0,0.42187899351119995
mlp,de,2,2728,2024-06-25 16:00:00,0,0,0.468124121427536
mlp,de,2,2729,2024-06-25 16:05:00,0,0,0.3582289218902588
mlp,de,2,2730,2024-06-25 16:10:00,0,0,0.39655715227127075
mlp,de,2,2731,2024-06-25 16:15:00,0,0,0.4551014304161072
mlp,de,2,2732,2024-06-25 16:20:00,0,0,0.4109114706516266
mlp,de,2,2733,2024-06-25 16:25:00,0,0,0.4801921844482422
mlp,de,2,2734,2024-06-25 16:30:00,0,0,0.4387885332107544
mlp,de,2,2735,2024-06-25 16:35:00,0,0,0.3453679084777832
mlp,de,2,2736,2024-06-25 16:40:00,1,0,0.31689220666885376
mlp,de,2,2737,2024-06-25 16:45:00,1,0,0.35289156436920166
mlp,de,2,2738,2024-06-25 16:50:00,1,0,0.35253584384918213
mlp,de,2,2739,2024-06-25 16:55:00,1,0,0.41040509939193726
mlp,de,2,2740,2024-06-25 17:00:00,1,1,0.5358848571777344
mlp,de,2,2741,2024-06-25 17:05:00,1,1,0.6250373721122742
mlp,de,2,2742,2024-06-25 17:10:00,1,1,0.650928795337677
mlp,de,2,2743,2024-06-25 17:15:00,1,1,0.6264914870262146
mlp,de,2,2744,2024-06-25 17:20:00,1,1,0.645012378692627
mlp,de,2,2745,2024-06-25 17:25:00,1,1,0.6056800484657288
mlp,de,2,2746,2024-06-25 17:30:00,0,1,0.6136035919189453
mlp,de,2,2747,2024-06-25 17:35:00,0,1,0.6122426390647888
mlp,de,2,2748,2024-06-25 17:40:00,0,1,0.5691307783126831
mlp,de,2,2749,2024-06-25 17:45:00,0,1,0.5449935793876648
mlp,de,2,2750,2024-06-25 17:50:00,0,1,0.5804693698883057
mlp,de,2,2751,2024-06-25 17:55:00,0,1,0.5764813423156738
mlp,de,2,2752,2024-06-26 10:40:00,1,0,0.19749581813812256
mlp,de,2,2753,2024-06-26 10:45:00,1,0,0.22013802826404572
mlp,de,2,2754,2024-06-26 10:50:00,1,0,0.3426356017589569
mlp,de,2,2755,2024-06-26 10:55:00,1,1,0.5467796325683594
mlp,de,2,2756,2024-06-26 11:00:00,1,1,0.667911946773529
mlp,de,2,2757,2024-06-26 11:05:00,1,1,0.5882249474525452
mlp,de,2,2758,2024-06-26 11:10:00,1,1,0.5736783146858215
mlp,de,2,2759,2024-06-26 11:15:00,1,1,0.7824735641479492
mlp,de,2,2760,2024-06-26 11:20:00,1,1,0.788996696472168
mlp,de,2,2761,2024-06-26 11:25:00,1,1,0.6301940083503723
mlp,de,2,2762,2024-06-26 11:30:00,1,0,0.44025373458862305
mlp,de,2,2763,2024-06-26 11:35:00,1,1,0.5285339951515198
mlp,de,2,2764,2024-06-26 11:40:00,1,0,0.4091303050518036
mlp,de,2,2765,2024-06-26 11:45:00,1,0,0.41633692383766174
mlp,de,2,2766,2024-06-26 11:50:00,1,1,0.5248479247093201
mlp,de,2,2767,2024-06-26 11:55:00,1,0,0.4926080107688904
mlp,de,2,2768,2024-06-26 12:00:00,1,1,0.5764811038970947
mlp,de,2,2769,2024-06-26 12:05:00,1,1,0.6459152698516846
mlp,de,2,2770,2024-06-26 12:10:00,1,0,0.3759590685367584
mlp,de,2,2771,2024-06-26 12:15:00,1,0,0.35380417108535767
mlp,de,2,2772,2024-06-26 12:20:00,1,1,0.5078058838844299
mlp,de,2,2773,2024-06-26 12:25:00,1,1,0.5959916710853577
mlp,de,2,2774,2024-06-26 12:30:00,1,1,0.5688130259513855
mlp,de,2,2775,2024-06-26 12:35:00,1,1,0.6572369337081909
mlp,de,2,2776,2024-06-26 12:40:00,1,1,0.6414859890937805
mlp,de,2,2777,2024-06-26 12:45:00,1,1,0.6414350271224976
mlp,de,2,2778,2024-06-26 12:50:00,1,1,0.7299814224243164
mlp,de,2,2779,2024-06-26 12:55:00,1,1,0.7952247262001038
mlp,de,2,2780,2024-06-26 13:00:00,1,1,0.834023118019104
mlp,de,2,2781,2024-06-26 13:05:00,1,1,0.8597737550735474
mlp,de,2,2782,2024-06-26 13:10:00,1,1,0.7852315306663513
mlp,de,2,2783,2024-06-26 13:15:00,1,1,0.7629812955856323
mlp,de,2,2784,2024-06-26 13:20:00,1,1,0.7748708128929138
mlp,de,2,2785,2024-06-26 13:25:00,1,1,0.7365800142288208
mlp,de,2,2786,2024-06-26 13:30:00,1,1,0.6977925300598145
mlp,de,2,2787,2024-06-26 13:35:00,1,1,0.6416283249855042
mlp,de,2,2788,2024-06-26 13:40:00,1,1,0.6530171036720276
mlp,de,2,2789,2024-06-26 13:45:00,1,1,0.6650340557098389
mlp,de,2,2790,2024-06-26 13:50:00,1,1,0.6808834671974182
mlp,de,2,2791,2024-06-26 13:55:00,1,1,0.6190740466117859
mlp,de,2,2792,2024-06-26 14:00:00,1,1,0.6289942860603333
mlp,de,2,2793,2024-06-26 14:05:00,1,0,0.45188623666763306
mlp,de,2,2794,2024-06-26 14:10:00,1,0,0.32822853326797485
mlp,de,2,2795,2024-06-26 14:15:00,1,0,0.36464306712150574
mlp,de,2,2796,2024-06-26 14:20:00,1,1,0.5331704020500183
mlp,de,2,2797,2024-06-26 14:25:00,1,1,0.5854465961456299
mlp,de,2,2798,2024-06-26 14:30:00,1,1,0.6491039991378784
mlp,de,2,2799,2024-06-26 14:35:00,1,1,0.590628445148468
mlp,de,2,2800,2024-06-26 14:40:00,1,1,0.5264049768447876
mlp,de,2,2801,2024-06-26 14:45:00,1,1,0.5154937505722046
mlp,de,2,2802,2024-06-26 14:50:00,1,0,0.455074280500412
mlp,de,2,2803,2024-06-26 14:55:00,1,1,0.5745858550071716
mlp,de,2,2804,2024-06-26 15:00:00,1,1,0.6700068712234497
mlp,de,2,2805,2024-06-26 15:05:00,1,1,0.746968686580658
mlp,de,2,2806,2024-06-26 15:10:00,0,1,0.772713303565979
mlp,de,2,2807,2024-06-26 15:15:00,0,1,0.6853228211402893
mlp,de,2,2808,2024-06-26 15:20:00,0,1,0.65507972240448
mlp,de,2,2809,2024-06-26 15:25:00,0,1,0.5401114225387573
mlp,de,2,2810,2024-06-26 15:30:00,0,0,0.45486995577812195
mlp,de,2,2811,2024-06-26 15:35:00,0,0,0.45790305733680725
mlp,de,2,2812,2024-06-26 15:40:00,0,0,0.3942929208278656
mlp,de,2,2813,2024-06-26 15:45:00,0,0,0.333178848028183
mlp,de,2,2814,2024-06-26 15:50:00,0,0,0.250107079744339
mlp,de,2,2815,2024-06-26 15:55:00,0,0,0.19372490048408508
mlp,de,2,2816,2024-06-26 16:00:00,0,0,0.2399560511112213
mlp,de,2,2817,2024-06-26 16:05:00,0,0,0.2700265347957611
mlp,de,2,2818,2024-06-26 16:10:00,1,0,0.28162652254104614
mlp,de,2,2819,2024-06-26 16:15:00,1,0,0.4252910017967224
mlp,de,2,2820,2024-06-26 16:20:00,1,1,0.5939523577690125
mlp,de,2,2821,2024-06-26 16:25:00,1,1,0.6662370562553406
mlp,de,2,2822,2024-06-26 16:30:00,1,1,0.6870607137680054
mlp,de,2,2823,2024-06-26 16:35:00,1,1,0.6705812215805054
mlp,de,2,2824,2024-06-26 16:40:00,1,1,0.6827326416969299
mlp,de,2,2825,2024-06-26 16:45:00,1,1,0.6707124710083008
mlp,de,2,2826,2024-06-26 16:50:00,0,1,0.8509567975997925
mlp,de,2,2827,2024-06-26 16:55:00,0,1,0.8755409121513367
mlp,de,2,2828,2024-06-26 17:00:00,0,1,0.8056442737579346
mlp,de,2,2829,2024-06-26 17:05:00,0,1,0.7936887145042419
mlp,de,2,2830,2024-06-26 17:10:00,0,1,0.5862740874290466
mlp,de,2,2831,2024-06-26 17:15:00,0,0,0.43194764852523804
mlp,de,2,2832,2024-06-26 17:20:00,0,0,0.39923352003097534
mlp,de,2,2833,2024-06-26 17:25:00,0,0,0.4084663391113281
mlp,de,2,2834,2024-06-26 17:30:00,1,0,0.35428187251091003
mlp,de,2,2835,2024-06-26 17:35:00,1,0,0.40076836943626404
mlp,de,2,2836,2024-06-26 17:40:00,1,0,0.4980858266353607
mlp,de,2,2837,2024-06-26 17:45:00,1,1,0.5397356152534485
mlp,de,2,2838,2024-06-26 17:50:00,1,1,0.6388046145439148
mlp,de,2,2839,2024-06-26 17:55:00,1,1,0.668812096118927
mlp,de,2,2840,2024-06-27 10:55:00,0,1,0.7525825500488281
mlp,de,2,2841,2024-06-27 11:00:00,0,1,0.712907612323761
mlp,de,2,2842,2024-06-27 11:05:00,0,1,0.5872819423675537
mlp,de,2,2843,2024-06-27 11:10:00,0,1,0.6293081045150757
mlp,de,2,2844,2024-06-27 11:15:00,0,0,0.4146380126476288
mlp,de,2,2845,2024-06-27 11:20:00,0,0,0.2253178358078003
mlp,de,2,2846,2024-06-27 11:25:00,0,0,0.19565808773040771
mlp,de,2,2847,2024-06-27 11:30:00,0,0,0.22017376124858856
mlp,de,2,2848,2024-06-27 11:35:00,0,0,0.3253372311592102
mlp,de,2,2849,2024-06-27 11:40:00,0,0,0.3234105408191681
mlp,de,2,2850,2024-06-27 11:45:00,0,0,0.3188033401966095
mlp,de,2,2851,2024-06-27 11:50:00,0,0,0.22804540395736694
mlp,de,2,2852,2024-06-27 11:55:00,0,0,0.1576770395040512
mlp,de,2,2853,2024-06-27 12:00:00,1,0,0.14516641199588776
mlp,de,2,2854,2024-06-27 12:05:00,1,0,0.2306726723909378
mlp,de,2,2855,2024-06-27 12:10:00,1,0,0.28988412022590637
mlp,de,2,2856,2024-06-27 12:15:00,1,0,0.33749470114707947
mlp,de,2,2857,2024-06-27 12:20:00,1,0,0.4199090898036957
mlp,de,2,2858,2024-06-27 12:25:00,1,1,0.5987134575843811
mlp,de,2,2859,2024-06-27 12:30:00,1,1,0.6911019682884216
mlp,de,2,2860,2024-06-27 12:35:00,1,1,0.7842803597450256
mlp,de,2,2861,2024-06-27 12:40:00,1,1,0.8211889863014221
mlp,de,2,2862,2024-06-27 12:45:00,1,1,0.8254970908164978
mlp,de,2,2863,2024-06-27 12:50:00,1,1,0.7884082794189453
mlp,de,2,2864,2024-06-27 12:55:00,0,1,0.796227216720581
mlp,de,2,2865,2024-06-27 13:00:00,0,1,0.6737521886825562
mlp,de,2,2866,2024-06-27 13:05:00,0,0,0.4799337685108185
mlp,de,2,2867,2024-06-27 13:10:00,0,0,0.443752646446228
mlp,de,2,2868,2024-06-27 13:15:00,0,0,0.3882324695587158
mlp,de,2,2869,2024-06-27 13:20:00,0,0,0.48154377937316895
mlp,de,2,2870,2024-06-27 13:25:00,0,0,0.39420801401138306
mlp,de,2,2871,2024-06-27 13:30:00,0,0,0.3785538375377655
mlp,de,2,2872,2024-06-27 13:35:00,0,0,0.3586523234844208
mlp,de,2,2873,2024-06-27 13:40:00,0,0,0.4695756733417511
mlp,de,2,2874,2024-06-27 13:45:00,0,1,0.6182615160942078
mlp,de,2,2875,2024-06-27 13:50:00,0,1,0.5798330903053284
mlp,de,2,2876,2024-06-27 13:55:00,0,1,0.5339186191558838
mlp,de,2,2877,2024-06-27 14:00:00,0,1,0.5327651500701904
mlp,de,2,2878,2024-06-27 14:05:00,0,0,0.3931127190589905
mlp,de,2,2879,2024-06-27 14:10:00,1,0,0.28601279854774475
mlp,de,2,2880,2024-06-27 14:15:00,1,0,0.3574240505695343
mlp,de,2,2881,2024-06-27 14:20:00,1,1,0.6823170781135559
mlp,de,2,2882,2024-06-27 14:25:00,1,1,0.7771992087364197
mlp,de,2,2883,2024-06-27 14:30:00,1,1,0.7060008645057678
mlp,de,2,2884,2024-06-27 14:35:00,1,1,0.7383803725242615
mlp,de,2,2885,2024-06-27 14:40:00,1,1,0.7416390776634216
mlp,de,2,2886,2024-06-27 14:45:00,1,1,0.7736087441444397
mlp,de,2,2887,2024-06-27 14:50:00,1,1,0.8029696345329285
mlp,de,2,2888,2024-06-27 14:55:00,1,1,0.7785744667053223
mlp,de,2,2889,2024-06-27 15:00:00,1,1,0.705303966999054
mlp,de,2,2890,2024-06-27 15:05:00,1,0,0.46551448106765747
mlp,de,2,2891,2024-06-27 15:10:00,1,0,0.47830915451049805
mlp,de,2,2892,2024-06-27 15:15:00,1,1,0.5379219651222229
mlp,de,2,2893,2024-06-27 15:20:00,1,1,0.5283119082450867
mlp,de,2,2894,2024-06-27 15:25:00,1,1,0.5207688212394714
mlp,de,2,2895,2024-06-27 15:30:00,1,1,0.6504454612731934
mlp,de,2,2896,2024-06-27 15:35:00,1,1,0.6873853802680969
mlp,de,2,2897,2024-06-27 15:40:00,1,1,0.6575595140457153
mlp,de,2,2898,2024-06-27 15:45:00,1,1,0.7356759309768677
mlp,de,2,2899,2024-06-27 15:50:00,1,1,0.8412075042724609
mlp,de,2,2900,2024-06-27 15:55:00,1,1,0.8824085593223572
mlp,de,2,2901,2024-06-27 16:00:00,1,1,0.8531644344329834
mlp,de,2,2902,2024-06-27 16:05:00,1,1,0.780566394329071
mlp,de,2,2903,2024-06-27 16:10:00,1,1,0.7640880346298218
mlp,de,2,2904,2024-06-27 16:15:00,1,1,0.5912584662437439
mlp,de,2,2905,2024-06-27 16:20:00,1,0,0.4280162453651428
mlp,de,2,2906,2024-06-27 16:25:00,1,0,0.43863269686698914
mlp,de,2,2907,2024-06-27 16:30:00,1,0,0.35978564620018005
mlp,de,2,2908,2024-06-27 16:35:00,1,0,0.38530218601226807
mlp,de,2,2909,2024-06-27 16:40:00,1,1,0.5265859961509705
mlp,de,2,2910,2024-06-27 16:45:00,1,1,0.6554558873176575
mlp,de,2,2911,2024-06-27 16:50:00,1,1,0.618518590927124
mlp,de,2,2912,2024-06-27 16:55:00,1,1,0.6495838165283203
mlp,de,2,2913,2024-06-27 17:00:00,1,1,0.638180136680603
mlp,de,2,2914,2024-06-27 17:05:00,1,1,0.6687158346176147
mlp,de,2,2915,2024-06-27 17:10:00,1,1,0.6022145748138428
mlp,de,2,2916,2024-06-27 17:15:00,1,0,0.46005547046661377
mlp,de,2,2917,2024-06-27 17:20:00,1,0,0.4745543599128723
mlp,de,2,2918,2024-06-27 17:25:00,1,1,0.52704918384552
mlp,de,2,2919,2024-06-27 17:30:00,1,1,0.5391114354133606
mlp,de,2,2920,2024-06-27 17:35:00,1,0,0.4774652421474457
mlp,de,2,2921,2024-06-27 17:40:00,1,1,0.512050449848175
mlp,de,2,2922,2024-06-27 17:45:00,1,1,0.5745807886123657
mlp,de,2,2923,2024-06-27 17:50:00,1,1,0.6312840580940247
mlp,de,2,2924,2024-06-27 17:55:00,0,1,0.6662594079971313
mlp,de,2,2925,2024-06-28 10:40:00,0,0,0.19879966974258423
mlp,de,2,2926,2024-06-28 10:45:00,0,0,0.10667715221643448
mlp,de,2,2927,2024-06-28 10:50:00,0,0,0.059557195752859116
mlp,de,2,2928,2024-06-28 10:55:00,0,0,0.06228560954332352
mlp,de,2,2929,2024-06-28 11:00:00,1,0,0.07711707055568695
mlp,de,2,2930,2024-06-28 11:05:00,1,0,0.07685213536024094
mlp,de,2,2931,2024-06-28 11:10:00,1,0,0.1567966639995575
mlp,de,2,2932,2024-06-28 11:15:00,1,0,0.3241179585456848
mlp,de,2,2933,2024-06-28 11:20:00,1,1,0.6672365069389343
mlp,de,2,2934,2024-06-28 11:25:00,1,1,0.7188242673873901
mlp,de,2,2935,2024-06-28 11:30:00,1,1,0.8025825619697571
mlp,de,2,2936,2024-06-28 11:35:00,1,1,0.8168143033981323
mlp,de,2,2937,2024-06-28 11:40:00,1,1,0.8377679586410522
mlp,de,2,2938,2024-06-28 11:45:00,1,1,0.8402303457260132
mlp,de,2,2939,2024-06-28 11:50:00,1,1,0.8785696029663086
mlp,de,2,2940,2024-06-28 11:55:00,1,1,0.8875455260276794
mlp,de,2,2941,2024-06-28 12:00:00,1,1,0.8552618026733398
mlp,de,2,2942,2024-06-28 12:05:00,1,1,0.7569409012794495
mlp,de,2,2943,2024-06-28 12:10:00,1,1,0.6837359666824341
mlp,de,2,2944,2024-06-28 12:15:00,1,1,0.7177273035049438
mlp,de,2,2945,2024-06-28 12:20:00,1,1,0.694580614566803
mlp,de,2,2946,2024-06-28 12:25:00,1,0,0.42044973373413086
mlp,de,2,2947,2024-06-28 12:30:00,1,0,0.45161089301109314
mlp,de,2,2948,2024-06-28 12:35:00,0,1,0.6521172523498535
mlp,de,2,2949,2024-06-28 12:40:00,0,1,0.6446684002876282
mlp,de,2,2950,2024-06-28 12:45:00,0,0,0.4981248080730438
mlp,de,2,2951,2024-06-28 12:50:00,0,0,0.41428858041763306
mlp,de,2,2952,2024-06-28 12:55:00,0,0,0.31732863187789917
mlp,de,2,2953,2024-06-28 13:00:00,0,0,0.2639905512332916
mlp,de,2,2954,2024-06-28 13:05:00,0,0,0.23937855660915375
mlp,de,2,2955,2024-06-28 13:10:00,0,0,0.20251759886741638
mlp,de,2,2956,2024-06-28 13:15:00,0,0,0.258465051651001
mlp,de,2,2957,2024-06-28 13:20:00,0,0,0.30751901865005493
mlp,de,2,2958,2024-06-28 13:25:00,0,0,0.31399086117744446
mlp,de,2,2959,2024-06-28 13:30:00,0,0,0.34604987502098083
mlp,de,2,2960,2024-06-28 13:35:00,1,0,0.3155874013900757
mlp,de,2,2961,2024-06-28 13:40:00,1,0,0.42791855335235596
mlp,de,2,2962,2024-06-28 13:45:00,1,0,0.4191462993621826
mlp,de,2,2963,2024-06-28 13:50:00,1,0,0.373691201210022
mlp,de,2,2964,2024-06-28 13:55:00,1,1,0.5521406531333923
mlp,de,2,2965,2024-06-28 14:00:00,1,1,0.5751276016235352
mlp,de,2,2966,2024-06-28 14:05:00,1,1,0.6063042283058167
mlp,de,2,2967,2024-06-28 14:10:00,1,1,0.5520752668380737
mlp,de,2,2968,2024-06-28 14:15:00,1,1,0.5545397400856018
mlp,de,2,2969,2024-06-28 14:20:00,1,1,0.6445103287696838
mlp,de,2,2970,2024-06-28 14:25:00,1,1,0.6857174634933472
mlp,de,2,2971,2024-06-28 14:30:00,1,1,0.639432966709137
mlp,de,2,2972,2024-06-28 14:35:00,1,1,0.6932991743087769
mlp,de,2,2973,2024-06-28 14:40:00,1,1,0.7524793744087219
mlp,de,2,2974,2024-06-28 14:45:00,0,1,0.7704306244850159
mlp,de,2,2975,2024-06-28 14:50:00,0,1,0.7331741452217102
mlp,de,2,2976,2024-06-28 14:55:00,0,0,0.49042439460754395
mlp,de,2,2977,2024-06-28 15:00:00,0,0,0.3542436361312866
mlp,de,2,2978,2024-06-28 15:05:00,0,0,0.3700772523880005
mlp,de,2,2979,2024-06-28 15:10:00,0,0,0.3764931559562683
mlp,de,2,2980,2024-06-28 15:15:00,0,0,0.4311680495738983
mlp,de,2,2981,2024-06-28 15:20:00,0,0,0.3785425126552582
mlp,de,2,2982,2024-06-28 15:25:00,0,0,0.373003214597702
mlp,de,2,2983,2024-06-28 15:30:00,0,0,0.3103540241718292
mlp,de,2,2984,2024-06-28 15:35:00,0,0,0.24365751445293427
mlp,de,2,2985,2024-06-28 15:40:00,0,0,0.21023865044116974
mlp,de,2,2986,2024-06-28 15:45:00,0,0,0.25259336829185486
mlp,de,2,2987,2024-06-28 15:50:00,0,0,0.31762316823005676
mlp,de,2,2988,2024-06-28 15:55:00,0,0,0.4759626090526581
mlp,de,2,2989,2024-06-28 16:00:00,0,0,0.4192267060279846
mlp,de,2,2990,2024-06-28 16:05:00,0,0,0.3889012634754181
mlp,de,2,2991,2024-06-28 16:10:00,0,0,0.32530906796455383
mlp,de,2,2992,2024-06-28 16:15:00,1,0,0.3206062912940979
mlp,de,2,2993,2024-06-28 16:20:00,1,0,0.43162062764167786
mlp,de,2,2994,2024-06-28 16:25:00,1,1,0.5878732800483704
mlp,de,2,2995,2024-06-28 16:30:00,1,1,0.593988299369812
mlp,de,2,2996,2024-06-28 16:35:00,1,1,0.553026556968689
mlp,de,2,2997,2024-06-28 16:40:00,1,1,0.5869141817092896
mlp,de,2,2998,2024-06-28 16:45:00,1,1,0.6384049654006958
mlp,de,2,2999,2024-06-28 16:50:00,1,1,0.69031822681427
mlp,de,2,3000,2024-06-28 16:55:00,0,1,0.7364392876625061
mlp,de,2,3001,2024-06-28 17:00:00,0,1,0.6777825355529785
mlp,de,2,3002,2024-06-28 17:05:00,0,1,0.576401948928833
mlp,de,2,3003,2024-06-28 17:10:00,0,1,0.6016323566436768
mlp,de,2,3004,2024-06-28 17:15:00,0,0,0.46087855100631714
mlp,de,2,3005,2024-06-28 17:20:00,0,0,0.35199210047721863
mlp,de,2,3006,2024-06-28 17:25:00,0,0,0.33963438868522644
mlp,de,2,3007,2024-06-28 17:30:00,0,0,0.4259793162345886
mlp,de,2,3008,2024-06-28 17:35:00,0,0,0.4115547239780426
mlp,de,2,3009,2024-06-28 17:40:00,0,0,0.4526752829551697
mlp,de,2,3010,2024-06-28 17:45:00,0,1,0.5718218088150024
mlp,de,2,3011,2024-06-28 17:50:00,0,1,0.5755731463432312
mlp,de,3,0,2024-05-20 15:25:00,1,0,0.45819091796875
mlp,de,3,1,2024-05-20 15:25:00,1,0,0.4765998423099518
mlp,de,3,2,2024-05-20 15:30:00,1,1,0.5372181534767151
mlp,de,3,3,2024-05-20 15:30:00,1,1,0.5487693548202515
mlp,de,3,4,2024-05-20 15:35:00,1,1,0.568494439125061
mlp,de,3,5,2024-05-20 15:35:00,1,1,0.571487545967102
mlp,de,3,6,2024-05-20 15:40:00,1,0,0.4837438464164734
mlp,de,3,7,2024-05-20 15:40:00,1,0,0.3252617418766022
mlp,de,3,8,2024-05-20 15:45:00,1,0,0.4659022390842438
mlp,de,3,9,2024-05-20 15:45:00,1,0,0.4902971684932709
mlp,de,3,10,2024-05-20 15:50:00,1,0,0.462517112493515
mlp,de,3,11,2024-05-20 15:50:00,1,0,0.2906658351421356
mlp,de,3,12,2024-05-20 15:55:00,1,0,0.4560263454914093
mlp,de,3,13,2024-05-20 15:55:00,1,0,0.46535003185272217
mlp,de,3,14,2024-05-20 16:00:00,1,1,0.5912325382232666
mlp,de,3,15,2024-05-20 16:00:00,1,1,0.5680025219917297
mlp,de,3,16,2024-05-20 16:05:00,1,1,0.630505383014679
mlp,de,3,17,2024-05-20 16:05:00,1,1,0.6161913275718689
mlp,de,3,18,2024-05-20 16:10:00,1,1,0.6007269024848938
mlp,de,3,19,2024-05-20 16:10:00,1,1,0.6082836985588074
mlp,de,3,20,2024-05-20 16:15:00,1,1,0.6088210344314575
mlp,de,3,21,2024-05-20 16:15:00,1,1,0.6198367476463318
mlp,de,3,22,2024-05-20 16:20:00,1,1,0.5051119923591614
mlp,de,3,23,2024-05-20 16:20:00,1,1,0.5000336766242981
mlp,de,3,24,2024-05-20 16:25:00,1,0,0.4251219630241394
mlp,de,3,25,2024-05-20 16:25:00,1,0,0.3964742124080658
mlp,de,3,26,2024-05-20 16:30:00,1,0,0.41386115550994873
mlp,de,3,27,2024-05-20 16:30:00,1,0,0.40532806515693665
mlp,de,3,28,2024-05-20 16:35:00,1,0,0.40405935049057007
mlp,de,3,29,2024-05-20 16:35:00,1,0,0.34358012676239014
mlp,de,3,30,2024-05-20 16:40:00,1,0,0.44664376974105835
mlp,de,3,31,2024-05-20 16:40:00,1,0,0.47528788447380066
mlp,de,3,32,2024-05-20 16:45:00,1,1,0.5332098007202148
mlp,de,3,33,2024-05-20 16:45:00,1,1,0.5790797472000122
mlp,de,3,34,2024-05-20 16:50:00,1,1,0.6543408632278442
mlp,de,3,35,2024-05-20 16:50:00,1,1,0.6471763253211975
mlp,de,3,36,2024-05-20 16:55:00,0,1,0.7051283717155457
mlp,de,3,37,2024-05-20 16:55:00,0,1,0.7204998135566711
mlp,de,3,38,2024-05-20 17:00:00,0,1,0.7697626948356628
mlp,de,3,39,2024-05-20 17:00:00,0,1,0.6427857279777527
mlp,de,3,40,2024-05-20 17:05:00,0,0,0.49467968940734863
mlp,de,3,41,2024-05-20 17:05:00,0,1,0.5575823187828064
mlp,de,3,42,2024-05-20 17:10:00,0,0,0.4450342357158661
mlp,de,3,43,2024-05-20 17:10:00,0,0,0.16017769277095795
mlp,de,3,44,2024-05-20 17:15:00,0,0,0.4956088066101074
mlp,de,3,45,2024-05-20 17:15:00,0,1,0.5435884594917297
mlp,de,3,46,2024-05-20 17:20:00,0,1,0.5627760291099548
mlp,de,3,47,2024-05-20 17:20:00,0,1,0.515387237071991
mlp,de,3,48,2024-05-20 17:25:00,0,1,0.7483540773391724
mlp,de,3,49,2024-05-20 17:25:00,0,1,0.6022642254829407
mlp,de,3,50,2024-05-20 17:30:00,0,1,0.6959195733070374
mlp,de,3,51,2024-05-20 17:30:00,0,1,0.6517608761787415
mlp,de,3,52,2024-05-20 17:35:00,0,1,0.5476195812225342
mlp,de,3,53,2024-05-20 17:35:00,0,1,0.5464880466461182
mlp,de,3,54,2024-05-20 17:40:00,0,1,0.5254137516021729
mlp,de,3,55,2024-05-20 17:40:00,0,1,0.5491746664047241
mlp,de,3,56,2024-05-20 17:45:00,0,1,0.5417519211769104
mlp,de,3,57,2024-05-20 17:45:00,0,0,0.4976623058319092
mlp,de,3,58,2024-05-20 17:50:00,0,1,0.7384549975395203
mlp,de,3,59,2024-05-20 17:50:00,0,1,0.5515420436859131
mlp,de,3,60,2024-05-20 17:55:00,0,1,0.6825195550918579
mlp,de,3,61,2024-05-20 17:55:00,0,0,0.44499680399894714
mlp,de,3,62,2024-05-21 13:30:00,1,0,0.30659493803977966
mlp,de,3,63,2024-05-21 13:30:00,1,0,0.3025558888912201
mlp,de,3,64,2024-05-21 13:35:00,1,0,0.3711051344871521
mlp,de,3,65,2024-05-21 13:35:00,1,0,0.3705173432826996
mlp,de,3,66,2024-05-21 13:40:00,1,1,0.5287184715270996
mlp,de,3,67,2024-05-21 13:40:00,1,1,0.5122999548912048
mlp,de,3,68,2024-05-21 13:45:00,1,1,0.6995607018470764
mlp,de,3,69,2024-05-21 13:45:00,1,1,0.7310442328453064
mlp,de,3,70,2024-05-21 13:50:00,1,1,0.5554978251457214
mlp,de,3,71,2024-05-21 13:50:00,1,1,0.5239352583885193
mlp,de,3,72,2024-05-21 13:55:00,1,0,0.44635218381881714
mlp,de,3,73,2024-05-21 13:55:00,1,0,0.4461854100227356
mlp,de,3,74,2024-05-21 14:00:00,1,1,0.6030508875846863
mlp,de,3,75,2024-05-21 14:00:00,1,1,0.5813289284706116
mlp,de,3,76,2024-05-21 14:05:00,1,1,0.5678766369819641
mlp,de,3,77,2024-05-21 14:05:00,1,1,0.5903283953666687
mlp,de,3,78,2024-05-21 14:10:00,1,0,0.45159605145454407
mlp,de,3,79,2024-05-21 14:10:00,1,1,0.5111806988716125
mlp,de,3,80,2024-05-21 14:15:00,1,1,0.54398113489151
mlp,de,3,81,2024-05-21 14:15:00,1,1,0.6014866232872009
mlp,de,3,82,2024-05-21 14:20:00,1,1,0.7239203453063965
mlp,de,3,83,2024-05-21 14:20:00,1,1,0.7408755421638489
mlp,de,3,84,2024-05-21 14:25:00,1,1,0.8803054094314575
mlp,de,3,85,2024-05-21 14:25:00,1,1,0.7142881155014038
mlp,de,3,86,2024-05-21 14:30:00,1,1,0.7696523070335388
mlp,de,3,87,2024-05-21 14:30:00,1,1,0.680773138999939
mlp,de,3,88,2024-05-21 14:35:00,1,1,0.5888070464134216
mlp,de,3,89,2024-05-21 14:35:00,1,1,0.648848831653595
mlp,de,3,90,2024-05-21 14:40:00,1,1,0.6079970598220825
mlp,de,3,91,2024-05-21 14:40:00,1,1,0.6269723773002625
mlp,de,3,92,2024-05-21 14:45:00,1,1,0.6537340879440308
mlp,de,3,93,2024-05-21 14:45:00,1,1,0.6497138738632202
mlp,de,3,94,2024-05-21 14:50:00,1,1,0.6466643810272217
mlp,de,3,95,2024-05-21 14:50:00,1,1,0.6290010213851929
mlp,de,3,96,2024-05-21 14:55:00,1,1,0.8039156198501587
mlp,de,3,97,2024-05-21 14:55:00,1,1,0.711508572101593
mlp,de,3,98,2024-05-21 15:00:00,1,1,0.7549023628234863
mlp,de,3,99,2024-05-21 15:00:00,1,1,0.8988394737243652
mlp,de,3,100,2024-05-21 15:05:00,0,1,0.8091228604316711
mlp,de,3,101,2024-05-21 15:05:00,0,1,0.7211604118347168
mlp,de,3,102,2024-05-21 15:10:00,0,1,0.6781474947929382
mlp,de,3,103,2024-05-21 15:10:00,0,1,0.5307645797729492
mlp,de,3,104,2024-05-21 15:15:00,0,0,0.3990038335323334
mlp,de,3,105,2024-05-21 15:15:00,0,0,0.3730284869670868
mlp,de,3,106,2024-05-21 15:20:00,0,0,0.3970525562763214
mlp,de,3,107,2024-05-21 15:20:00,0,0,0.49531784653663635
mlp,de,3,108,2024-05-21 15:25:00,0,0,0.4538291096687317
mlp,de,3,109,2024-05-21 15:25:00,0,0,0.3973349928855896
mlp,de,3,110,2024-05-21 15:30:00,0,0,0.330361932516098
mlp,de,3,111,2024-05-21 15:30:00,0,0,0.18114957213401794
mlp,de,3,112,2024-05-21 15:35:00,0,0,0.25396114587783813
mlp,de,3,113,2024-05-21 15:35:00,0,0,0.2930053472518921
mlp,de,3,114,2024-05-21 15:40:00,0,0,0.38596704602241516
mlp,de,3,115,2024-05-21 15:40:00,0,0,0.3335816264152527
mlp,de,3,116,2024-05-21 15:45:00,0,0,0.3942900002002716
mlp,de,3,117,2024-05-21 15:50:00,0,1,0.5988813638687134
mlp,de,3,118,2024-05-21 15:50:00,0,1,0.6046485900878906
mlp,de,3,119,2024-05-21 15:55:00,0,1,0.5593569874763489
mlp,de,3,120,2024-05-21 15:55:00,0,1,0.5760213136672974
mlp,de,3,121,2024-05-21 16:00:00,0,1,0.6595163941383362
mlp,de,3,122,2024-05-21 16:00:00,0,1,0.5955700278282166
mlp,de,3,123,2024-05-21 16:05:00,0,1,0.7315353751182556
mlp,de,3,124,2024-05-21 16:05:00,0,1,0.6657168865203857
mlp,de,3,125,2024-05-21 16:10:00,0,1,0.6806379556655884
mlp,de,3,126,2024-05-21 16:10:00,0,1,0.6169437170028687
mlp,de,3,127,2024-05-21 16:15:00,0,1,0.5835478901863098
mlp,de,3,128,2024-05-21 16:15:00,0,1,0.6229722499847412
mlp,de,3,129,2024-05-21 16:20:00,0,1,0.5549500584602356
mlp,de,3,130,2024-05-21 16:20:00,0,1,0.6156156659126282
mlp,de,3,131,2024-05-21 16:25:00,0,1,0.6408212184906006
mlp,de,3,132,2024-05-21 16:25:00,0,1,0.6142480969429016
mlp,de,3,133,2024-05-21 16:30:00,0,1,0.6510094404220581
mlp,de,3,134,2024-05-21 16:30:00,0,1,0.6205207109451294
mlp,de,3,135,2024-05-21 16:35:00,0,1,0.5834747552871704
mlp,de,3,136,2024-05-21 16:35:00,0,1,0.5835420489311218
mlp,de,3,137,2024-05-21 16:40:00,0,1,0.5096816420555115
mlp,de,3,138,2024-05-21 16:40:00,0,1,0.5263911485671997
mlp,de,3,139,2024-05-21 16:45:00,0,0,0.4723738729953766
mlp,de,3,140,2024-05-21 16:45:00,0,1,0.5072423219680786
mlp,de,3,141,2024-05-21 16:50:00,0,0,0.43335020542144775
mlp,de,3,142,2024-05-21 16:50:00,0,0,0.42555662989616394
mlp,de,3,143,2024-05-21 16:55:00,0,0,0.32930493354797363
mlp,de,3,144,2024-05-21 16:55:00,0,0,0.3274083733558655
mlp,de,3,145,2024-05-21 17:00:00,0,0,0.1515643149614334
mlp,de,3,146,2024-05-21 17:00:00,0,0,0.2544423043727875
mlp,de,3,147,2024-05-21 17:05:00,0,0,0.21601247787475586
mlp,de,3,148,2024-05-21 17:05:00,0,0,0.2497275173664093
mlp,de,3,149,2024-05-21 17:10:00,0,0,0.24657697975635529
mlp,de,3,150,2024-05-21 17:10:00,0,0,0.22896747291088104
mlp,de,3,151,2024-05-21 17:15:00,0,0,0.26608675718307495
mlp,de,3,152,2024-05-21 17:15:00,0,0,0.25600066781044006
mlp,de,3,153,2024-05-21 17:20:00,0,0,0.45827046036720276
mlp,de,3,154,2024-05-21 17:20:00,0,0,0.43618497252464294
mlp,de,3,155,2024-05-21 17:25:00,0,0,0.39051327109336853
mlp,de,3,156,2024-05-21 17:25:00,0,0,0.43156418204307556
mlp,de,3,157,2024-05-21 17:30:00,0,0,0.40330636501312256
mlp,de,3,158,2024-05-21 17:30:00,0,0,0.3899286389350891
mlp,de,3,159,2024-05-21 17:35:00,0,0,0.47718897461891174
mlp,de,3,160,2024-05-21 17:40:00,0,0,0.4482593834400177
mlp,de,3,161,2024-05-21 17:40:00,0,0,0.47935646772384644
mlp,de,3,162,2024-05-21 17:45:00,0,0,0.4993864595890045
mlp,de,3,163,2024-05-21 17:50:00,0,0,0.4127156734466553
mlp,de,3,164,2024-05-21 17:50:00,0,0,0.367238849401474
mlp,de,3,165,2024-05-21 17:55:00,0,0,0.3980851471424103
mlp,de,3,166,2024-05-21 17:55:00,0,0,0.40913069248199463
mlp,de,3,167,2024-05-22 11:40:00,1,0,0.2328440099954605
mlp,de,3,168,2024-05-22 11:45:00,1,0,0.37089985609054565
mlp,de,3,169,2024-05-22 11:50:00,1,1,0.5622774958610535
mlp,de,3,170,2024-05-22 11:55:00,1,1,0.5660229921340942
mlp,de,3,171,2024-05-22 12:00:00,1,1,0.6866808533668518
mlp,de,3,172,2024-05-22 12:05:00,0,1,0.8284364342689514
mlp,de,3,173,2024-05-22 12:10:00,0,1,0.8209458589553833
mlp,de,3,174,2024-05-22 12:15:00,0,1,0.5615033507347107
mlp,de,3,175,2024-05-22 12:20:00,0,0,0.3834400773048401
mlp,de,3,176,2024-05-22 12:25:00,0,0,0.24796047806739807
mlp,de,3,177,2024-05-22 12:30:00,0,0,0.3313314914703369
mlp,de,3,178,2024-05-22 12:35:00,0,1,0.5544505715370178
mlp,de,3,179,2024-05-22 12:40:00,0,1,0.5011017918586731
mlp,de,3,180,2024-05-22 12:45:00,0,0,0.402351051568985
mlp,de,3,181,2024-05-22 12:50:00,0,0,0.4588841497898102
mlp,de,3,182,2024-05-22 12:55:00,0,1,0.6187096834182739
mlp,de,3,183,2024-05-22 13:00:00,0,1,0.7457786798477173
mlp,de,3,184,2024-05-22 13:05:00,0,1,0.6130436062812805
mlp,de,3,185,2024-05-22 13:10:00,0,1,0.5456100106239319
mlp,de,3,186,2024-05-22 13:15:00,0,0,0.49458372592926025
mlp,de,3,187,2024-05-22 13:20:00,0,0,0.3879775404930115
mlp,de,3,188,2024-05-22 13:25:00,0,0,0.39861389994621277
mlp,de,3,189,2024-05-22 13:30:00,0,0,0.42747706174850464
mlp,de,3,190,2024-05-22 13:35:00,0,0,0.3644671142101288
mlp,de,3,191,2024-05-22 13:40:00,0,0,0.29179561138153076
mlp,de,3,192,2024-05-22 13:45:00,0,0,0.2719889283180237
mlp,de,3,193,2024-05-22 13:50:00,0,0,0.47485727071762085
mlp,de,3,194,2024-05-22 13:55:00,0,0,0.28153055906295776
mlp,de,3,195,2024-05-22 14:00:00,0,0,0.26335930824279785
mlp,de,3,196,2024-05-22 14:05:00,0,0,0.37854695320129395
mlp,de,3,197,2024-05-22 14:10:00,0,0,0.3941434323787689
mlp,de,3,198,2024-05-22 14:15:00,0,0,0.46217241883277893
mlp,de,3,199,2024-05-22 14:20:00,0,0,0.39350318908691406
mlp,de,3,200,2024-05-22 14:25:00,0,0,0.3875828683376312
mlp,de,3,201,2024-05-22 14:30:00,0,0,0.3235301673412323
mlp,de,3,202,2024-05-22 14:35:00,0,0,0.3083740472793579
mlp,de,3,203,2024-05-22 14:40:00,0,0,0.30841347575187683
mlp,de,3,204,2024-05-22 14:45:00,0,0,0.45633816719055176
mlp,de,3,205,2024-05-22 14:50:00,0,0,0.42897605895996094
mlp,de,3,206,2024-05-22 14:55:00,0,1,0.5182362198829651
mlp,de,3,207,2024-05-22 15:00:00,0,0,0.3486536145210266
mlp,de,3,208,2024-05-22 15:05:00,0,0,0.3260619640350342
mlp,de,3,209,2024-05-22 15:10:00,0,0,0.311423659324646
mlp,de,3,210,2024-05-22 15:15:00,0,0,0.2863076329231262
mlp,de,3,211,2024-05-22 15:20:00,0,0,0.29641181230545044
mlp,de,3,212,2024-05-22 15:25:00,0,0,0.19986660778522491
mlp,de,3,213,2024-05-22 15:30:00,0,0,0.2124800831079483
mlp,de,3,214,2024-05-22 15:35:00,0,0,0.2207421511411667
mlp,de,3,215,2024-05-22 15:40:00,0,0,0.31490641832351685
mlp,de,3,216,2024-05-22 15:45:00,0,1,0.5186901092529297
mlp,de,3,217,2024-05-22 15:50:00,0,1,0.5025009512901306
mlp,de,3,218,2024-05-22 15:55:00,0,1,0.5258283615112305
mlp,de,3,219,2024-05-22 16:00:00,0,1,0.5537634491920471
mlp,de,3,220,2024-05-22 16:05:00,0,1,0.5478431582450867
mlp,de,3,221,2024-05-22 16:10:00,0,0,0.4151626229286194
mlp,de,3,222,2024-05-22 16:15:00,0,0,0.27626949548721313
mlp,de,3,223,2024-05-22 16:20:00,0,0,0.19293555617332458
mlp,de,3,224,2024-05-22 16:25:00,0,0,0.31516942381858826
mlp,de,3,225,2024-05-22 16:30:00,0,0,0.3999936580657959
mlp,de,3,226,2024-05-22 16:35:00,0,0,0.37329715490341187
mlp,de,3,227,2024-05-22 16:40:00,0,0,0.3452743589878082
mlp,de,3,228,2024-05-22 16:45:00,0,0,0.30978986620903015
mlp,de,3,229,2024-05-22 16:50:00,0,0,0.38028863072395325
mlp,de,3,230,2024-05-22 16:55:00,0,1,0.5448229312896729
mlp,de,3,231,2024-05-22 17:00:00,0,0,0.4976831078529358
mlp,de,3,232,2024-05-22 17:05:00,0,0,0.35615700483322144
mlp,de,3,233,2024-05-22 17:10:00,0,0,0.3007926344871521
mlp,de,3,234,2024-05-22 17:15:00,0,0,0.24067538976669312
mlp,de,3,235,2024-05-22 17:20:00,0,1,0.5022650957107544
mlp,de,3,236,2024-05-22 17:25:00,0,0,0.46491947770118713
mlp,de,3,237,2024-05-22 17:30:00,0,0,0.34036216139793396
mlp,de,3,238,2024-05-22 17:35:00,0,0,0.378498911857605
mlp,de,3,239,2024-05-22 17:40:00,0,0,0.39411434531211853
mlp,de,3,240,2024-05-22 17:45:00,0,0,0.40973591804504395
mlp,de,3,241,2024-05-22 17:50:00,0,0,0.4413146674633026
mlp,de,3,242,2024-05-22 17:55:00,0,0,0.38178643584251404
mlp,de,3,243,2024-05-23 11:15:00,1,0,0.11240804940462112
mlp,de,3,244,2024-05-23 11:20:00,1,0,0.1611110121011734
mlp,de,3,245,2024-05-23 11:25:00,1,0,0.2357647567987442
mlp,de,3,246,2024-05-23 11:30:00,1,0,0.340107798576355
mlp,de,3,247,2024-05-23 11:35:00,1,0,0.3430233299732208
mlp,de,3,248,2024-05-23 11:40:00,1,0,0.3708987534046173
mlp,de,3,249,2024-05-23 11:45:00,1,1,0.5008171796798706
mlp,de,3,250,2024-05-23 11:50:00,1,0,0.44488465785980225
mlp,de,3,251,2024-05-23 11:55:00,1,0,0.35084983706474304
mlp,de,3,252,2024-05-23 12:00:00,1,1,0.5864265561103821
mlp,de,3,253,2024-05-23 12:05:00,1,1,0.678217351436615
mlp,de,3,254,2024-05-23 12:10:00,1,1,0.6171631217002869
mlp,de,3,255,2024-05-23 12:15:00,1,0,0.44155189394950867
mlp,de,3,256,2024-05-23 12:20:00,1,1,0.5205734968185425
mlp,de,3,257,2024-05-23 12:25:00,1,1,0.7554479241371155
mlp,de,3,258,2024-05-23 12:30:00,1,1,0.6161746382713318
mlp,de,3,259,2024-05-23 12:35:00,1,1,0.6700403690338135
mlp,de,3,260,2024-05-23 12:40:00,1,1,0.6441845893859863
mlp,de,3,261,2024-05-23 12:45:00,1,0,0.490674763917923
mlp,de,3,262,2024-05-23 12:50:00,1,1,0.5355736017227173
mlp,de,3,263,2024-05-23 12:55:00,1,1,0.6278231143951416
mlp,de,3,264,2024-05-23 13:00:00,1,1,0.6451748013496399
mlp,de,3,265,2024-05-23 13:05:00,1,1,0.5197351574897766
mlp,de,3,266,2024-05-23 13:10:00,1,0,0.35015276074409485
mlp,de,3,267,2024-05-23 13:15:00,1,0,0.41655591130256653
mlp,de,3,268,2024-05-23 13:20:00,1,1,0.5401818156242371
mlp,de,3,269,2024-05-23 13:25:00,0,1,0.6461953520774841
mlp,de,3,270,2024-05-23 13:30:00,0,1,0.6498597264289856
mlp,de,3,271,2024-05-23 13:35:00,0,1,0.5263471603393555
mlp,de,3,272,2024-05-23 13:40:00,0,0,0.41275718808174133
mlp,de,3,273,2024-05-23 13:45:00,0,0,0.3309781551361084
mlp,de,3,274,2024-05-23 13:50:00,0,0,0.40697816014289856
mlp,de,3,275,2024-05-23 13:55:00,0,0,0.4109418988227844
mlp,de,3,276,2024-05-23 14:00:00,0,1,0.512137234210968
mlp,de,3,277,2024-05-23 14:05:00,0,1,0.5016694068908691
mlp,de,3,278,2024-05-23 14:10:00,0,1,0.6522025465965271
mlp,de,3,279,2024-05-23 14:15:00,0,1,0.5254256129264832
mlp,de,3,280,2024-05-23 14:20:00,0,1,0.5523130297660828
mlp,de,3,281,2024-05-23 14:25:00,0,1,0.6676737666130066
mlp,de,3,282,2024-05-23 14:30:00,0,1,0.6877961158752441
mlp,de,3,283,2024-05-23 14:35:00,0,0,0.4429630935192108
mlp,de,3,284,2024-05-23 14:40:00,0,0,0.24222129583358765
mlp,de,3,285,2024-05-23 14:45:00,0,0,0.2670328617095947
mlp,de,3,286,2024-05-23 14:50:00,0,0,0.2865872085094452
mlp,de,3,287,2024-05-23 14:55:00,0,0,0.1998065561056137
mlp,de,3,288,2024-05-23 15:00:00,1,0,0.1594701111316681
mlp,de,3,289,2024-05-23 15:00:00,1,0,0.1579636037349701
mlp,de,3,290,2024-05-23 15:05:00,1,0,0.2945673167705536
mlp,de,3,291,2024-05-23 15:05:00,1,0,0.3132416903972626
mlp,de,3,292,2024-05-23 15:10:00,1,0,0.4520081579685211
mlp,de,3,293,2024-05-23 15:10:00,1,0,0.40215393900871277
mlp,de,3,294,2024-05-23 15:15:00,1,0,0.3806191384792328
mlp,de,3,295,2024-05-23 15:15:00,1,0,0.3919620215892792
mlp,de,3,296,2024-05-23 15:20:00,1,0,0.4080274999141693
mlp,de,3,297,2024-05-23 15:20:00,1,0,0.37802523374557495
mlp,de,3,298,2024-05-23 15:25:00,1,0,0.4812949001789093
mlp,de,3,299,2024-05-23 15:25:00,1,0,0.48865970969200134
mlp,de,3,300,2024-05-23 15:30:00,1,1,0.5100148916244507
mlp,de,3,301,2024-05-23 15:30:00,1,1,0.532747209072113
mlp,de,3,302,2024-05-23 15:35:00,1,1,0.6454556584358215
mlp,de,3,303,2024-05-23 15:35:00,1,1,0.6208379864692688
mlp,de,3,304,2024-05-23 15:40:00,1,1,0.6022943258285522
mlp,de,3,305,2024-05-23 15:40:00,1,1,0.5975531935691833
mlp,de,3,306,2024-05-23 15:45:00,1,0,0.49826350808143616
mlp,de,3,307,2024-05-23 15:45:00,1,1,0.5196772217750549
mlp,de,3,308,2024-05-23 15:50:00,1,0,0.48488110303878784
mlp,de,3,309,2024-05-23 15:50:00,1,0,0.45226165652275085
mlp,de,3,310,2024-05-23 15:55:00,1,0,0.46666091680526733
mlp,de,3,311,2024-05-23 15:55:00,1,0,0.48369666934013367
mlp,de,3,312,2024-05-23 16:00:00,1,1,0.5144919157028198
mlp,de,3,313,2024-05-23 16:00:00,1,1,0.5361719727516174
mlp,de,3,314,2024-05-23 16:05:00,1,1,0.5535109043121338
mlp,de,3,315,2024-05-23 16:05:00,1,1,0.5274059176445007
mlp,de,3,316,2024-05-23 16:10:00,1,1,0.5822139382362366
mlp,de,3,317,2024-05-23 16:10:00,1,1,0.5768557786941528
mlp,de,3,318,2024-05-23 16:15:00,1,1,0.6522226333618164
mlp,de,3,319,2024-05-23 16:15:00,1,1,0.652557909488678
mlp,de,3,320,2024-05-23 16:20:00,1,1,0.716604471206665
mlp,de,3,321,2024-05-23 16:20:00,1,1,0.6653813719749451
mlp,de,3,322,2024-05-23 16:25:00,1,1,0.6350628733634949
mlp,de,3,323,2024-05-23 16:25:00,1,1,0.5938247442245483
mlp,de,3,324,2024-05-23 16:30:00,1,1,0.657866358757019
mlp,de,3,325,2024-05-23 16:30:00,1,1,0.5696009397506714
mlp,de,3,326,2024-05-23 16:35:00,1,1,0.5127533674240112
mlp,de,3,327,2024-05-23 16:35:00,1,1,0.5221976637840271
mlp,de,3,328,2024-05-23 16:40:00,1,1,0.5798478722572327
mlp,de,3,329,2024-05-23 16:40:00,1,1,0.5835869908332825
mlp,de,3,330,2024-05-23 16:45:00,1,1,0.6784638166427612
mlp,de,3,331,2024-05-23 16:45:00,1,1,0.6862481236457825
mlp,de,3,332,2024-05-23 16:50:00,1,1,0.5106664299964905
mlp,de,3,333,2024-05-23 16:50:00,1,1,0.5502514839172363
mlp,de,3,334,2024-05-23 16:55:00,1,1,0.5505692958831787
mlp,de,3,335,2024-05-23 16:55:00,1,1,0.5626120567321777
mlp,de,3,336,2024-05-23 17:00:00,1,1,0.624053955078125
mlp,de,3,337,2024-05-23 17:00:00,1,1,0.6450241208076477
mlp,de,3,338,2024-05-23 17:05:00,1,1,0.6532049179077148
mlp,de,3,339,2024-05-23 17:05:00,1,1,0.7475182414054871
mlp,de,3,340,2024-05-23 17:10:00,1,1,0.6868120431900024
mlp,de,3,341,2024-05-23 17:10:00,1,1,0.6795072555541992
mlp,de,3,342,2024-05-23 17:15:00,1,1,0.717416524887085
mlp,de,3,343,2024-05-23 17:15:00,1,1,0.7132346034049988
mlp,de,3,344,2024-05-23 17:20:00,1,1,0.6759076714515686
mlp,de,3,345,2024-05-23 17:20:00,1,1,0.6637808084487915
mlp,de,3,346,2024-05-23 17:25:00,1,1,0.7399247884750366
mlp,de,3,347,2024-05-23 17:25:00,1,1,0.7215317487716675
mlp,de,3,348,2024-05-23 17:30:00,1,1,0.6871910095214844
mlp,de,3,349,2024-05-23 17:30:00,1,1,0.6374385356903076
mlp,de,3,350,2024-05-23 17:35:00,1,1,0.7032603025436401
mlp,de,3,351,2024-05-23 17:35:00,1,1,0.6282777786254883
mlp,de,3,352,2024-05-23 17:40:00,1,1,0.5468621253967285
mlp,de,3,353,2024-05-23 17:40:00,1,1,0.5630358457565308
mlp,de,3,354,2024-05-23 17:45:00,1,0,0.46211478114128113
mlp,de,3,355,2024-05-23 17:45:00,1,0,0.48329710960388184
mlp,de,3,356,2024-05-23 17:50:00,1,0,0.4313047230243683
mlp,de,3,357,2024-05-23 17:50:00,1,0,0.4270666837692261
mlp,de,3,358,2024-05-23 17:55:00,1,0,0.3948831260204315
mlp,de,3,359,2024-05-23 17:55:00,1,0,0.37782934308052063
mlp,de,3,360,2024-05-24 10:40:00,0,1,0.7503194212913513
mlp,de,3,361,2024-05-24 10:40:00,0,1,0.7386276125907898
mlp,de,3,362,2024-05-24 10:45:00,0,1,0.7418783903121948
mlp,de,3,363,2024-05-24 10:45:00,0,1,0.7429556250572205
mlp,de,3,364,2024-05-24 10:50:00,0,0,0.413482129573822
mlp,de,3,365,2024-05-24 10:50:00,0,0,0.41912487149238586
mlp,de,3,366,2024-05-24 10:55:00,0,0,0.3904498219490051
mlp,de,3,367,2024-05-24 10:55:00,0,0,0.40304329991340637
mlp,de,3,368,2024-05-24 11:00:00,0,0,0.330434650182724
mlp,de,3,369,2024-05-24 11:00:00,0,0,0.36360180377960205
mlp,de,3,370,2024-05-24 11:05:00,0,1,0.5426389575004578
mlp,de,3,371,2024-05-24 11:05:00,0,1,0.5442172288894653
mlp,de,3,372,2024-05-24 11:10:00,0,1,0.7129122018814087
mlp,de,3,373,2024-05-24 11:10:00,0,1,0.6680217385292053
mlp,de,3,374,2024-05-24 11:15:00,0,1,0.7159415483474731
mlp,de,3,375,2024-05-24 11:15:00,0,1,0.6163290143013
mlp,de,3,376,2024-05-24 11:20:00,0,1,0.5864056348800659
mlp,de,3,377,2024-05-24 11:20:00,1,1,0.6705520749092102
mlp,de,3,378,2024-05-24 11:25:00,0,1,0.6814395189285278
mlp,de,3,379,2024-05-24 11:25:00,0,1,0.7386624217033386
mlp,de,3,380,2024-05-24 11:30:00,0,1,0.6729519367218018
mlp,de,3,381,2024-05-24 11:30:00,0,1,0.6426169872283936
mlp,de,3,382,2024-05-24 11:35:00,0,0,0.4264111816883087
mlp,de,3,383,2024-05-24 11:35:00,0,0,0.4241759181022644
mlp,de,3,384,2024-05-24 11:40:00,0,0,0.3164059519767761
mlp,de,3,385,2024-05-24 11:40:00,0,0,0.28883740305900574
mlp,de,3,386,2024-05-24 11:45:00,0,0,0.3830072581768036
mlp,de,3,387,2024-05-24 11:45:00,1,0,0.3886294960975647
mlp,de,3,388,2024-05-24 11:50:00,0,1,0.6366824507713318
mlp,de,3,389,2024-05-24 11:50:00,0,1,0.6010716557502747
mlp,de,3,390,2024-05-24 11:55:00,0,1,0.5252598524093628
mlp,de,3,391,2024-05-24 11:55:00,0,1,0.5315492153167725
mlp,de,3,392,2024-05-24 12:00:00,0,0,0.46337461471557617
mlp,de,3,393,2024-05-24 12:00:00,0,0,0.40435096621513367
mlp,de,3,394,2024-05-24 12:05:00,0,0,0.4934522211551666
mlp,de,3,395,2024-05-24 12:05:00,0,0,0.46254608035087585
mlp,de,3,396,2024-05-24 12:10:00,0,0,0.42173832654953003
mlp,de,3,397,2024-05-24 12:10:00,0,0,0.3886440694332123
mlp,de,3,398,2024-05-24 12:15:00,0,0,0.4380379021167755
mlp,de,3,399,2024-05-24 12:15:00,0,0,0.38351747393608093
mlp,de,3,400,2024-05-24 12:20:00,0,0,0.43770265579223633
mlp,de,3,401,2024-05-24 12:20:00,0,0,0.3907986879348755
mlp,de,3,402,2024-05-24 12:25:00,0,0,0.4079008400440216
mlp,de,3,403,2024-05-24 12:25:00,0,0,0.3332003951072693
mlp,de,3,404,2024-05-24 12:30:00,0,0,0.43789568543434143
mlp,de,3,405,2024-05-24 12:30:00,0,0,0.4675833582878113
mlp,de,3,406,2024-05-24 12:35:00,0,0,0.3429136276245117
mlp,de,3,407,2024-05-24 12:35:00,0,0,0.31685495376586914
mlp,de,3,408,2024-05-24 12:40:00,0,0,0.254281222820282
mlp,de,3,409,2024-05-24 12:40:00,0,0,0.2905689477920532
mlp,de,3,410,2024-05-24 12:45:00,0,0,0.2783479690551758
mlp,de,3,411,2024-05-24 12:45:00,0,0,0.246159166097641
mlp,de,3,412,2024-05-24 12:50:00,0,0,0.2669433355331421
mlp,de,3,413,2024-05-24 12:50:00,0,0,0.30049872398376465
mlp,de,3,414,2024-05-24 12:55:00,0,0,0.3725472092628479
mlp,de,3,415,2024-05-24 12:55:00,0,0,0.3449774980545044
mlp,de,3,416,2024-05-24 13:00:00,0,0,0.3876376152038574
mlp,de,3,417,2024-05-24 13:00:00,0,0,0.37673601508140564
mlp,de,3,418,2024-05-24 13:05:00,0,0,0.47346529364585876
mlp,de,3,419,2024-05-24 13:05:00,0,0,0.44037285447120667
mlp,de,3,420,2024-05-24 13:10:00,0,1,0.6120647192001343
mlp,de,3,421,2024-05-24 13:10:00,0,1,0.621033251285553
mlp,de,3,422,2024-05-24 13:15:00,0,1,0.7078806757926941
mlp,de,3,423,2024-05-24 13:15:00,0,1,0.6645362973213196
mlp,de,3,424,2024-05-24 13:20:00,0,1,0.8477898240089417
mlp,de,3,425,2024-05-24 13:20:00,0,1,0.7236521244049072
mlp,de,3,426,2024-05-24 13:25:00,0,1,0.6491729617118835
mlp,de,3,427,2024-05-24 13:25:00,0,1,0.7454183101654053
mlp,de,3,428,2024-05-24 13:30:00,0,1,0.5121607184410095
mlp,de,3,429,2024-05-24 13:30:00,0,1,0.5463667511940002
mlp,de,3,430,2024-05-24 13:35:00,0,1,0.5032836198806763
mlp,de,3,431,2024-05-24 13:35:00,0,1,0.5187315940856934
mlp,de,3,432,2024-05-24 13:40:00,0,0,0.4562557637691498
mlp,de,3,433,2024-05-24 13:40:00,0,0,0.49354878067970276
mlp,de,3,434,2024-05-24 13:45:00,0,0,0.3879643976688385
mlp,de,3,435,2024-05-24 13:45:00,0,0,0.4304760694503784
mlp,de,3,436,2024-05-24 13:50:00,0,0,0.3570859730243683
mlp,de,3,437,2024-05-24 13:50:00,0,0,0.35819876194000244
mlp,de,3,438,2024-05-24 13:55:00,0,0,0.28385716676712036
mlp,de,3,439,2024-05-24 13:55:00,0,0,0.25760966539382935
mlp,de,3,440,2024-05-24 14:00:00,0,0,0.20753738284111023
mlp,de,3,441,2024-05-24 14:00:00,0,0,0.26720350980758667
mlp,de,3,442,2024-05-24 14:05:00,0,0,0.24496537446975708
mlp,de,3,443,2024-05-24 14:05:00,0,0,0.30440932512283325
mlp,de,3,444,2024-05-24 14:10:00,0,0,0.3886012136936188
mlp,de,3,445,2024-05-24 14:10:00,0,0,0.4465389847755432
mlp,de,3,446,2024-05-24 14:15:00,0,0,0.3987024128437042
mlp,de,3,447,2024-05-24 14:15:00,0,0,0.3947301208972931
mlp,de,3,448,2024-05-24 14:20:00,0,0,0.3383980095386505
mlp,de,3,449,2024-05-24 14:20:00,1,0,0.3087494969367981
mlp,de,3,450,2024-05-24 14:25:00,0,0,0.36635884642601013
mlp,de,3,451,2024-05-24 14:25:00,1,0,0.3125431537628174
mlp,de,3,452,2024-05-24 14:30:00,0,0,0.40263310074806213
mlp,de,3,453,2024-05-24 14:30:00,1,0,0.35969555377960205
mlp,de,3,454,2024-05-24 14:35:00,1,1,0.5401386618614197
mlp,de,3,455,2024-05-24 14:35:00,0,1,0.5449367165565491
mlp,de,3,456,2024-05-24 14:40:00,0,1,0.5758969187736511
mlp,de,3,457,2024-05-24 14:40:00,1,1,0.5876051187515259
mlp,de,3,458,2024-05-24 14:45:00,0,1,0.5856769680976868
mlp,de,3,459,2024-05-24 14:45:00,1,1,0.6783590912818909
mlp,de,3,460,2024-05-24 14:50:00,0,1,0.5979219079017639
mlp,de,3,461,2024-05-24 14:50:00,1,1,0.6140444874763489
mlp,de,3,462,2024-05-24 14:55:00,0,1,0.6059580445289612
mlp,de,3,463,2024-05-24 14:55:00,1,1,0.6598493456840515
mlp,de,3,464,2024-05-24 15:00:00,0,1,0.6268563270568848
mlp,de,3,465,2024-05-24 15:00:00,0,1,0.5599567294120789
mlp,de,3,466,2024-05-24 15:05:00,0,0,0.36641716957092285
mlp,de,3,467,2024-05-24 15:05:00,0,0,0.37052881717681885
mlp,de,3,468,2024-05-24 15:10:00,0,0,0.28491148352622986
mlp,de,3,469,2024-05-24 15:10:00,0,0,0.3147972822189331
mlp,de,3,470,2024-05-24 15:15:00,0,0,0.2553428113460541
mlp,de,3,471,2024-05-24 15:15:00,0,0,0.2926103472709656
mlp,de,3,472,2024-05-24 15:20:00,0,0,0.2227262705564499
mlp,de,3,473,2024-05-24 15:20:00,0,0,0.24486377835273743
mlp,de,3,474,2024-05-24 15:25:00,0,0,0.10980329662561417
mlp,de,3,475,2024-05-24 15:25:00,0,0,0.18779240548610687
mlp,de,3,476,2024-05-24 15:30:00,0,0,0.16148264706134796
mlp,de,3,477,2024-05-24 15:30:00,0,0,0.22827500104904175
mlp,de,3,478,2024-05-24 15:35:00,0,0,0.19802893698215485
mlp,de,3,479,2024-05-24 15:35:00,0,0,0.18891827762126923
mlp,de,3,480,2024-05-24 15:40:00,0,0,0.12913469970226288
mlp,de,3,481,2024-05-24 15:40:00,0,0,0.13027170300483704
mlp,de,3,482,2024-05-24 15:45:00,0,0,0.2174258828163147
mlp,de,3,483,2024-05-24 15:45:00,0,0,0.23246070742607117
mlp,de,3,484,2024-05-24 15:50:00,0,0,0.3631038963794708
mlp,de,3,485,2024-05-24 15:50:00,0,0,0.2697088122367859
mlp,de,3,486,2024-05-24 15:55:00,0,0,0.321696013212204
mlp,de,3,487,2024-05-24 15:55:00,0,0,0.3386420011520386
mlp,de,3,488,2024-05-24 16:00:00,0,0,0.3179430067539215
mlp,de,3,489,2024-05-24 16:00:00,1,0,0.27614912390708923
mlp,de,3,490,2024-05-24 16:05:00,1,0,0.18955457210540771
mlp,de,3,491,2024-05-24 16:05:00,0,0,0.2703894376754761
mlp,de,3,492,2024-05-24 16:10:00,0,0,0.3875977694988251
mlp,de,3,493,2024-05-24 16:10:00,1,0,0.33585184812545776
mlp,de,3,494,2024-05-24 16:15:00,1,0,0.4329850971698761
mlp,de,3,495,2024-05-24 16:15:00,0,0,0.44990310072898865
mlp,de,3,496,2024-05-24 16:20:00,0,0,0.4792020916938782
mlp,de,3,497,2024-05-24 16:20:00,1,0,0.40831896662712097
mlp,de,3,498,2024-05-24 16:25:00,0,1,0.5863481163978577
mlp,de,3,499,2024-05-24 16:25:00,1,1,0.5835790038108826
mlp,de,3,500,2024-05-24 16:30:00,0,1,0.6369640231132507
mlp,de,3,501,2024-05-24 16:30:00,1,1,0.7042386531829834
mlp,de,3,502,2024-05-24 16:35:00,1,1,0.7204992175102234
mlp,de,3,503,2024-05-24 16:35:00,0,1,0.695223331451416
mlp,de,3,504,2024-05-24 16:40:00,1,1,0.6346972584724426
mlp,de,3,505,2024-05-24 16:40:00,0,1,0.6413262486457825
mlp,de,3,506,2024-05-24 16:45:00,1,1,0.5879126191139221
mlp,de,3,507,2024-05-24 16:45:00,0,1,0.5769028663635254
mlp,de,3,508,2024-05-24 16:50:00,0,1,0.5509843826293945
mlp,de,3,509,2024-05-24 16:50:00,1,1,0.704502284526825
mlp,de,3,510,2024-05-24 16:55:00,0,0,0.3908252716064453
mlp,de,3,511,2024-05-24 16:55:00,1,0,0.39829397201538086
mlp,de,3,512,2024-05-24 17:00:00,0,0,0.34479692578315735
mlp,de,3,513,2024-05-24 17:00:00,1,0,0.3282838463783264
mlp,de,3,514,2024-05-24 17:05:00,1,0,0.28940483927726746
mlp,de,3,515,2024-05-24 17:05:00,0,0,0.3293219804763794
mlp,de,3,516,2024-05-24 17:10:00,1,0,0.2875237762928009
mlp,de,3,517,2024-05-24 17:10:00,0,0,0.31552618741989136
mlp,de,3,518,2024-05-24 17:15:00,1,0,0.21468903124332428
mlp,de,3,519,2024-05-24 17:15:00,0,0,0.31071895360946655
mlp,de,3,520,2024-05-24 17:20:00,0,0,0.3965666592121124
mlp,de,3,521,2024-05-24 17:20:00,1,0,0.3580933213233948
mlp,de,3,522,2024-05-24 17:25:00,1,0,0.42323777079582214
mlp,de,3,523,2024-05-24 17:25:00,0,0,0.4516650140285492
mlp,de,3,524,2024-05-24 17:30:00,0,1,0.5446068644523621
mlp,de,3,525,2024-05-24 17:30:00,1,1,0.531032919883728
mlp,de,3,526,2024-05-24 17:35:00,0,1,0.5343478918075562
mlp,de,3,527,2024-05-24 17:35:00,1,1,0.6387297511100769
mlp,de,3,528,2024-05-24 17:40:00,0,1,0.5059154629707336
mlp,de,3,529,2024-05-24 17:40:00,1,1,0.5210819840431213
mlp,de,3,530,2024-05-24 17:45:00,0,0,0.49517926573753357
mlp,de,3,531,2024-05-24 17:45:00,1,0,0.4902815818786621
mlp,de,3,532,2024-05-24 17:50:00,1,0,0.41537952423095703
mlp,de,3,533,2024-05-24 17:50:00,0,0,0.4987016022205353
mlp,de,3,534,2024-05-24 17:55:00,0,0,0.35929012298583984
mlp,de,3,535,2024-05-24 17:55:00,0,0,0.33883580565452576
mlp,de,3,536,2024-05-27 10:40:00,0,0,0.30019307136535645
mlp,de,3,537,2024-05-27 10:45:00,0,1,0.63592928647995
mlp,de,3,538,2024-05-27 10:50:00,0,0,0.44221174716949463
mlp,de,3,539,2024-05-27 10:55:00,0,0,0.31358426809310913
mlp,de,3,540,2024-05-27 11:00:00,0,0,0.4202699363231659
mlp,de,3,541,2024-05-27 11:05:00,0,0,0.2792079746723175
mlp,de,3,542,2024-05-27 11:10:00,0,0,0.2513856589794159
mlp,de,3,543,2024-05-27 11:15:00,0,0,0.2576594948768616
mlp,de,3,544,2024-05-27 11:20:00,0,0,0.48122265934944153
mlp,de,3,545,2024-05-27 11:25:00,0,0,0.4213620126247406
mlp,de,3,546,2024-05-27 11:30:00,1,0,0.3138475716114044
mlp,de,3,547,2024-05-27 11:30:00,1,0,0.34252989292144775
mlp,de,3,548,2024-05-27 11:35:00,1,0,0.31789347529411316
mlp,de,3,549,2024-05-27 11:35:00,1,0,0.31629759073257446
mlp,de,3,550,2024-05-27 11:40:00,1,1,0.5308257937431335
mlp,de,3,551,2024-05-27 11:40:00,1,1,0.5182225108146667
mlp,de,3,552,2024-05-27 11:45:00,1,1,0.5304250121116638
mlp,de,3,553,2024-05-27 11:45:00,1,1,0.556509792804718
mlp,de,3,554,2024-05-27 11:50:00,1,1,0.5420339703559875
mlp,de,3,555,2024-05-27 11:50:00,1,1,0.5299488306045532
mlp,de,3,556,2024-05-27 11:55:00,1,1,0.6049562692642212
mlp,de,3,557,2024-05-27 11:55:00,1,1,0.5892966389656067
mlp,de,3,558,2024-05-27 12:00:00,1,1,0.544166088104248
mlp,de,3,559,2024-05-27 12:00:00,1,1,0.559668779373169
mlp,de,3,560,2024-05-27 12:05:00,1,1,0.6672041416168213
mlp,de,3,561,2024-05-27 12:05:00,1,1,0.6318426728248596
mlp,de,3,562,2024-05-27 12:10:00,1,1,0.7129910588264465
mlp,de,3,563,2024-05-27 12:10:00,1,1,0.6868158578872681
mlp,de,3,564,2024-05-27 12:15:00,1,1,0.7140250205993652
mlp,de,3,565,2024-05-27 12:15:00,1,1,0.6510248780250549
mlp,de,3,566,2024-05-27 12:20:00,1,1,0.7186968922615051
mlp,de,3,567,2024-05-27 12:20:00,1,1,0.6650012135505676
mlp,de,3,568,2024-05-27 12:25:00,1,1,0.6369750499725342
mlp,de,3,569,2024-05-27 12:30:00,1,1,0.7560871839523315
mlp,de,3,570,2024-05-27 12:30:00,1,1,0.6564079523086548
mlp,de,3,571,2024-05-27 12:35:00,1,1,0.6226434707641602
mlp,de,3,572,2024-05-27 12:35:00,1,1,0.6132254004478455
mlp,de,3,573,2024-05-27 12:40:00,1,1,0.6431480050086975
mlp,de,3,574,2024-05-27 12:40:00,1,1,0.6597458720207214
mlp,de,3,575,2024-05-27 12:45:00,1,1,0.5579138398170471
mlp,de,3,576,2024-05-27 12:45:00,1,1,0.546432614326477
mlp,de,3,577,2024-05-27 12:50:00,1,0,0.487000435590744
mlp,de,3,578,2024-05-27 12:50:00,1,0,0.41296592354774475
mlp,de,3,579,2024-05-27 12:55:00,1,1,0.5422195196151733
mlp,de,3,580,2024-05-27 12:55:00,1,1,0.5515480041503906
mlp,de,3,581,2024-05-27 13:00:00,1,1,0.5169875025749207
mlp,de,3,582,2024-05-27 13:05:00,1,0,0.430726021528244
mlp,de,3,583,2024-05-27 13:05:00,1,0,0.4353061318397522
mlp,de,3,584,2024-05-27 13:10:00,1,0,0.45627567172050476
mlp,de,3,585,2024-05-27 13:10:00,1,0,0.46239137649536133
mlp,de,3,586,2024-05-27 13:15:00,1,1,0.5735639333724976
mlp,de,3,587,2024-05-27 13:15:00,1,1,0.559555172920227
mlp,de,3,588,2024-05-27 13:20:00,1,1,0.5332607626914978
mlp,de,3,589,2024-05-27 13:20:00,1,1,0.5258253216743469
mlp,de,3,590,2024-05-27 13:25:00,1,1,0.5711589455604553
mlp,de,3,591,2024-05-27 13:25:00,1,1,0.5807366967201233
mlp,de,3,592,2024-05-27 13:30:00,1,1,0.5710557699203491
mlp,de,3,593,2024-05-27 13:35:00,1,1,0.5671772956848145
mlp,de,3,594,2024-05-27 13:40:00,1,1,0.6646199226379395
mlp,de,3,595,2024-05-27 13:40:00,1,1,0.6249290704727173
mlp,de,3,596,2024-05-27 13:45:00,1,1,0.6941727995872498
mlp,de,3,597,2024-05-27 13:45:00,1,1,0.6456786394119263
mlp,de,3,598,2024-05-27 13:50:00,1,1,0.5653923749923706
mlp,de,3,599,2024-05-27 13:50:00,1,1,0.572129487991333
mlp,de,3,600,2024-05-27 13:55:00,1,1,0.5401705503463745
mlp,de,3,601,2024-05-27 13:55:00,1,1,0.5767159461975098
mlp,de,3,602,2024-05-27 14:00:00,1,1,0.6285642385482788
mlp,de,3,603,2024-05-27 14:00:00,1,1,0.6341882944107056
mlp,de,3,604,2024-05-27 14:05:00,1,1,0.7467924952507019
mlp,de,3,605,2024-05-27 14:05:00,0,1,0.7105515599250793
mlp,de,3,606,2024-05-27 14:10:00,0,1,0.6359336376190186
mlp,de,3,607,2024-05-27 14:10:00,0,1,0.7472214102745056
mlp,de,3,608,2024-05-27 14:15:00,0,0,0.47238388657569885
mlp,de,3,609,2024-05-27 14:15:00,0,0,0.4985513985157013
mlp,de,3,610,2024-05-27 14:20:00,0,0,0.3542391359806061
mlp,de,3,611,2024-05-27 14:20:00,0,0,0.3611150085926056
mlp,de,3,612,2024-05-27 14:25:00,0,0,0.2658136487007141
mlp,de,3,613,2024-05-27 14:25:00,0,0,0.29950475692749023
mlp,de,3,614,2024-05-27 14:30:00,0,0,0.250651478767395
mlp,de,3,615,2024-05-27 14:30:00,1,0,0.2838198244571686
mlp,de,3,616,2024-05-27 14:35:00,0,0,0.16781693696975708
mlp,de,3,617,2024-05-27 14:35:00,1,0,0.2632483243942261
mlp,de,3,618,2024-05-27 14:40:00,1,0,0.37543147802352905
mlp,de,3,619,2024-05-27 14:40:00,0,0,0.26771456003189087
mlp,de,3,620,2024-05-27 14:45:00,0,1,0.5217463374137878
mlp,de,3,621,2024-05-27 14:45:00,1,1,0.5196037888526917
mlp,de,3,622,2024-05-27 14:50:00,0,0,0.48340940475463867
mlp,de,3,623,2024-05-27 14:50:00,1,0,0.46262678503990173
mlp,de,3,624,2024-05-27 14:55:00,0,0,0.46539950370788574
mlp,de,3,625,2024-05-27 14:55:00,1,0,0.45573586225509644
mlp,de,3,626,2024-05-27 15:00:00,1,1,0.5105571150779724
mlp,de,3,627,2024-05-27 15:00:00,0,1,0.5352530479431152
mlp,de,3,628,2024-05-27 15:05:00,0,0,0.48147234320640564
mlp,de,3,629,2024-05-27 15:05:00,1,0,0.4861779808998108
mlp,de,3,630,2024-05-27 15:10:00,1,0,0.4177304804325104
mlp,de,3,631,2024-05-27 15:10:00,1,0,0.47237643599510193
mlp,de,3,632,2024-05-27 15:15:00,1,1,0.5137936472892761
mlp,de,3,633,2024-05-27 15:15:00,1,1,0.5146051049232483
mlp,de,3,634,2024-05-27 15:20:00,1,1,0.6164325475692749
mlp,de,3,635,2024-05-27 15:20:00,1,1,0.6209763288497925
mlp,de,3,636,2024-05-27 15:25:00,1,1,0.6930115222930908
mlp,de,3,637,2024-05-27 15:25:00,1,1,0.8576744794845581
mlp,de,3,638,2024-05-27 15:30:00,1,1,0.6147432327270508
mlp,de,3,639,2024-05-27 15:30:00,1,1,0.6957829594612122
mlp,de,3,640,2024-05-27 15:35:00,1,1,0.5516444444656372
mlp,de,3,641,2024-05-27 15:35:00,1,1,0.5741676688194275
mlp,de,3,642,2024-05-27 15:40:00,1,0,0.49242329597473145
mlp,de,3,643,2024-05-27 15:40:00,1,0,0.44603779911994934
mlp,de,3,644,2024-05-27 15:45:00,1,0,0.4214521050453186
mlp,de,3,645,2024-05-27 15:45:00,1,0,0.3804764449596405
mlp,de,3,646,2024-05-27 15:50:00,1,0,0.4188479483127594
mlp,de,3,647,2024-05-27 15:50:00,1,0,0.3013550043106079
mlp,de,3,648,2024-05-27 15:55:00,1,0,0.45165303349494934
mlp,de,3,649,2024-05-27 15:55:00,1,0,0.3861084580421448
mlp,de,3,650,2024-05-27 16:00:00,1,1,0.6301766633987427
mlp,de,3,651,2024-05-27 16:00:00,1,1,0.6809203028678894
mlp,de,3,652,2024-05-27 16:05:00,1,1,0.7233583331108093
mlp,de,3,653,2024-05-27 16:05:00,1,1,0.7490360140800476
mlp,de,3,654,2024-05-27 16:10:00,1,1,0.6714160442352295
mlp,de,3,655,2024-05-27 16:10:00,1,1,0.7181270122528076
mlp,de,3,656,2024-05-27 16:15:00,1,1,0.7182691097259521
mlp,de,3,657,2024-05-27 16:15:00,1,1,0.6421525478363037
mlp,de,3,658,2024-05-27 16:20:00,1,1,0.635805606842041
mlp,de,3,659,2024-05-27 16:20:00,0,1,0.7396658658981323
mlp,de,3,660,2024-05-27 16:25:00,1,1,0.5756134986877441
mlp,de,3,661,2024-05-27 16:25:00,0,1,0.6042857766151428
mlp,de,3,662,2024-05-27 16:30:00,0,1,0.5498075485229492
mlp,de,3,663,2024-05-27 16:30:00,1,1,0.5720763206481934
mlp,de,3,664,2024-05-27 16:35:00,0,1,0.5687971115112305
mlp,de,3,665,2024-05-27 16:35:00,1,1,0.5784640312194824
mlp,de,3,666,2024-05-27 16:40:00,0,0,0.4862101972103119
mlp,de,3,667,2024-05-27 16:40:00,1,1,0.5089967846870422
mlp,de,3,668,2024-05-27 16:45:00,1,1,0.5083611607551575
mlp,de,3,669,2024-05-27 16:45:00,0,1,0.5793203711509705
mlp,de,3,670,2024-05-27 16:50:00,1,1,0.5644064545631409
mlp,de,3,671,2024-05-27 16:50:00,0,1,0.6250763535499573
mlp,de,3,672,2024-05-27 16:55:00,0,1,0.5724672675132751
mlp,de,3,673,2024-05-27 16:55:00,1,1,0.5712074041366577
mlp,de,3,674,2024-05-27 17:00:00,0,1,0.6155745983123779
mlp,de,3,675,2024-05-27 17:00:00,1,1,0.5647760629653931
mlp,de,3,676,2024-05-27 17:05:00,0,0,0.4620307385921478
mlp,de,3,677,2024-05-27 17:05:00,1,0,0.4878910183906555
mlp,de,3,678,2024-05-27 17:10:00,1,0,0.4240877628326416
mlp,de,3,679,2024-05-27 17:10:00,0,0,0.32886356115341187
mlp,de,3,680,2024-05-27 17:15:00,1,0,0.48612073063850403
mlp,de,3,681,2024-05-27 17:15:00,1,0,0.4353995621204376
mlp,de,3,682,2024-05-27 17:20:00,1,0,0.47504258155822754
mlp,de,3,683,2024-05-27 17:20:00,1,0,0.49258288741111755
mlp,de,3,684,2024-05-27 17:25:00,1,1,0.5240583419799805
mlp,de,3,685,2024-05-27 17:25:00,1,0,0.4866054654121399
mlp,de,3,686,2024-05-27 17:30:00,1,1,0.55815589427948
mlp,de,3,687,2024-05-27 17:30:00,1,1,0.5949131846427917
mlp,de,3,688,2024-05-27 17:35:00,1,1,0.5364738702774048
mlp,de,3,689,2024-05-27 17:35:00,1,1,0.5649086833000183
mlp,de,3,690,2024-05-27 17:40:00,1,1,0.6010074019432068
mlp,de,3,691,2024-05-27 17:40:00,1,1,0.7129256129264832
mlp,de,3,692,2024-05-27 17:45:00,1,1,0.5977683663368225
mlp,de,3,693,2024-05-27 17:45:00,1,1,0.5966443419456482
mlp,de,3,694,2024-05-27 17:50:00,1,1,0.5821324586868286
mlp,de,3,695,2024-05-27 17:50:00,1,1,0.5762900710105896
mlp,de,3,696,2024-05-27 17:55:00,1,0,0.4851398169994354
mlp,de,3,697,2024-05-27 17:55:00,0,0,0.47074177861213684
mlp,de,3,698,2024-05-28 10:40:00,0,0,0.1024998351931572
mlp,de,3,699,2024-05-28 10:45:00,0,0,0.13124041259288788
mlp,de,3,700,2024-05-28 10:50:00,0,0,0.1573895364999771
mlp,de,3,701,2024-05-28 10:55:00,0,0,0.17225530743598938
mlp,de,3,702,2024-05-28 11:00:00,0,0,0.19901861250400543
mlp,de,3,703,2024-05-28 11:05:00,0,0,0.37334299087524414
mlp,de,3,704,2024-05-28 11:10:00,0,0,0.31852930784225464
mlp,de,3,705,2024-05-28 11:15:00,0,0,0.3091564476490021
mlp,de,3,706,2024-05-28 11:20:00,0,0,0.42204785346984863
mlp,de,3,707,2024-05-28 11:25:00,0,0,0.37173140048980713
mlp,de,3,708,2024-05-28 11:30:00,0,0,0.2972334027290344
mlp,de,3,709,2024-05-28 11:35:00,1,0,0.24024759232997894
mlp,de,3,710,2024-05-28 11:40:00,1,0,0.39871838688850403
mlp,de,3,711,2024-05-28 11:45:00,1,1,0.563226580619812
mlp,de,3,712,2024-05-28 11:50:00,1,1,0.579867959022522
mlp,de,3,713,2024-05-28 11:55:00,1,0,0.44122418761253357
mlp,de,3,714,2024-05-28 12:00:00,1,0,0.37842583656311035
mlp,de,3,715,2024-05-28 12:05:00,1,0,0.36753013730049133
mlp,de,3,716,2024-05-28 12:10:00,1,1,0.5171768665313721
mlp,de,3,717,2024-05-28 12:15:00,1,1,0.5462160706520081
mlp,de,3,718,2024-05-28 12:20:00,1,1,0.7112730145454407
mlp,de,3,719,2024-05-28 12:25:00,1,1,0.7078835368156433
mlp,de,3,720,2024-05-28 12:30:00,1,1,0.6464437246322632
mlp,de,3,721,2024-05-28 12:35:00,1,1,0.6285178661346436
mlp,de,3,722,2024-05-28 12:40:00,1,1,0.5860102772712708
mlp,de,3,723,2024-05-28 12:45:00,1,1,0.6183521747589111
mlp,de,3,724,2024-05-28 12:50:00,1,1,0.6362261176109314
mlp,de,3,725,2024-05-28 12:55:00,1,1,0.6591970324516296
mlp,de,3,726,2024-05-28 13:00:00,0,1,0.7198355793952942
mlp,de,3,727,2024-05-28 13:00:00,0,1,0.6822322010993958
mlp,de,3,728,2024-05-28 13:05:00,0,1,0.5350981950759888
mlp,de,3,729,2024-05-28 13:05:00,0,1,0.5398183465003967
mlp,de,3,730,2024-05-28 13:10:00,0,0,0.48715054988861084
mlp,de,3,731,2024-05-28 13:10:00,0,1,0.5027601718902588
mlp,de,3,732,2024-05-28 13:15:00,0,0,0.2929222285747528
mlp,de,3,733,2024-05-28 13:15:00,0,0,0.3183276355266571
mlp,de,3,734,2024-05-28 13:20:00,0,0,0.21750754117965698
mlp,de,3,735,2024-05-28 13:20:00,0,0,0.20193219184875488
mlp,de,3,736,2024-05-28 13:25:00,0,0,0.24885229766368866
mlp,de,3,737,2024-05-28 13:25:00,0,0,0.1985091269016266
mlp,de,3,738,2024-05-28 13:30:00,0,0,0.3564341068267822
mlp,de,3,739,2024-05-28 13:30:00,0,0,0.30993279814720154
mlp,de,3,740,2024-05-28 13:35:00,0,0,0.40561580657958984
mlp,de,3,741,2024-05-28 13:35:00,0,0,0.3837096393108368
mlp,de,3,742,2024-05-28 13:40:00,0,0,0.3380102217197418
mlp,de,3,743,2024-05-28 13:40:00,0,0,0.39718514680862427
mlp,de,3,744,2024-05-28 13:45:00,0,0,0.3610422909259796
mlp,de,3,745,2024-05-28 13:45:00,0,0,0.34488967061042786
mlp,de,3,746,2024-05-28 13:50:00,0,0,0.20213006436824799
mlp,de,3,747,2024-05-28 13:50:00,0,0,0.2059451937675476
mlp,de,3,748,2024-05-28 13:55:00,0,0,0.0919203907251358
mlp,de,3,749,2024-05-28 13:55:00,0,0,0.09196522831916809
mlp,de,3,750,2024-05-28 14:00:00,0,0,0.07995383441448212
mlp,de,3,751,2024-05-28 14:00:00,0,0,0.08166512846946716
mlp,de,3,752,2024-05-28 14:05:00,0,0,0.16645824909210205
mlp,de,3,753,2024-05-28 14:05:00,0,0,0.1666935533285141
mlp,de,3,754,2024-05-28 14:10:00,0,0,0.27129316329956055
mlp,de,3,755,2024-05-28 14:10:00,0,0,0.25274571776390076
mlp,de,3,756,2024-05-28 14:15:00,0,0,0.3561391532421112
mlp,de,3,757,2024-05-28 14:15:00,0,0,0.37038102746009827
mlp,de,3,758,2024-05-28 14:20:00,0,0,0.46891719102859497
mlp,de,3,759,2024-05-28 14:20:00,0,0,0.4675433337688446
mlp,de,3,760,2024-05-28 14:25:00,0,1,0.5499518513679504
mlp,de,3,761,2024-05-28 14:25:00,0,1,0.5511982440948486
mlp,de,3,762,2024-05-28 14:30:00,0,1,0.5524876117706299
mlp,de,3,763,2024-05-28 14:30:00,0,1,0.5529097318649292
mlp,de,3,764,2024-05-28 14:35:00,0,1,0.5028874278068542
mlp,de,3,765,2024-05-28 14:35:00,0,0,0.4897259473800659
mlp,de,3,766,2024-05-28 14:40:00,0,0,0.3866368532180786
mlp,de,3,767,2024-05-28 14:40:00,0,0,0.38292816281318665
mlp,de,3,768,2024-05-28 14:45:00,0,0,0.2585691511631012
mlp,de,3,769,2024-05-28 14:45:00,0,0,0.2616523504257202
mlp,de,3,770,2024-05-28 14:50:00,0,0,0.17303571105003357
mlp,de,3,771,2024-05-28 14:50:00,0,0,0.17773833870887756
mlp,de,3,772,2024-05-28 14:55:00,0,0,0.1250178962945938
mlp,de,3,773,2024-05-28 14:55:00,0,0,0.13485707342624664
mlp,de,3,774,2024-05-28 15:00:00,0,0,0.18940620124340057
mlp,de,3,775,2024-05-28 15:00:00,0,0,0.19091437757015228
mlp,de,3,776,2024-05-28 15:05:00,0,0,0.3582080006599426
mlp,de,3,777,2024-05-28 15:05:00,0,0,0.36145251989364624
mlp,de,3,778,2024-05-28 15:10:00,0,0,0.401050329208374
mlp,de,3,779,2024-05-28 15:10:00,0,0,0.3803030848503113
mlp,de,3,780,2024-05-28 15:15:00,0,0,0.2853260934352875
mlp,de,3,781,2024-05-28 15:15:00,0,0,0.28504326939582825
mlp,de,3,782,2024-05-28 15:20:00,0,0,0.24757817387580872
mlp,de,3,783,2024-05-28 15:20:00,0,0,0.2550329864025116
mlp,de,3,784,2024-05-28 15:25:00,0,0,0.26109808683395386
mlp,de,3,785,2024-05-28 15:25:00,0,0,0.2725318670272827
mlp,de,3,786,2024-05-28 15:30:00,0,0,0.20933546125888824
mlp,de,3,787,2024-05-28 15:30:00,0,0,0.20172755420207977
mlp,de,3,788,2024-05-28 15:35:00,0,0,0.19392786920070648
mlp,de,3,789,2024-05-28 15:35:00,0,0,0.1914348155260086
mlp,de,3,790,2024-05-28 15:40:00,0,0,0.17826025187969208
mlp,de,3,791,2024-05-28 15:40:00,0,0,0.20216818153858185
mlp,de,3,792,2024-05-28 15:45:00,0,0,0.2712690234184265
mlp,de,3,793,2024-05-28 15:45:00,0,0,0.2108575850725174
mlp,de,3,794,2024-05-28 15:50:00,0,0,0.3636828362941742
mlp,de,3,795,2024-05-28 15:50:00,0,0,0.34183210134506226
mlp,de,3,796,2024-05-28 15:55:00,0,1,0.5325832962989807
mlp,de,3,797,2024-05-28 15:55:00,0,1,0.5070109963417053
mlp,de,3,798,2024-05-28 16:00:00,0,0,0.41606658697128296
mlp,de,3,799,2024-05-28 16:00:00,0,0,0.4627866744995117
mlp,de,3,800,2024-05-28 16:05:00,0,0,0.4175402820110321
mlp,de,3,801,2024-05-28 16:05:00,0,0,0.3875981867313385
mlp,de,3,802,2024-05-28 16:10:00,1,0,0.3097046911716461
mlp,de,3,803,2024-05-28 16:10:00,1,0,0.29877734184265137
mlp,de,3,804,2024-05-28 16:15:00,1,0,0.3388305902481079
mlp,de,3,805,2024-05-28 16:15:00,1,0,0.3111352026462555
mlp,de,3,806,2024-05-28 16:20:00,1,0,0.4293617606163025
mlp,de,3,807,2024-05-28 16:20:00,1,0,0.38632646203041077
mlp,de,3,808,2024-05-28 16:25:00,1,0,0.4993707835674286
mlp,de,3,809,2024-05-28 16:25:00,1,0,0.47460976243019104
mlp,de,3,810,2024-05-28 16:30:00,1,1,0.5736827850341797
mlp,de,3,811,2024-05-28 16:30:00,1,1,0.5706394910812378
mlp,de,3,812,2024-05-28 16:35:00,1,1,0.627169132232666
mlp,de,3,813,2024-05-28 16:35:00,1,1,0.6120339035987854
mlp,de,3,814,2024-05-28 16:40:00,1,1,0.518243670463562
mlp,de,3,815,2024-05-28 16:40:00,1,1,0.5361581444740295
mlp,de,3,816,2024-05-28 16:45:00,1,1,0.638936460018158
mlp,de,3,817,2024-05-28 16:45:00,1,1,0.618672788143158
mlp,de,3,818,2024-05-28 16:50:00,1,1,0.6972954869270325
mlp,de,3,819,2024-05-28 16:50:00,0,1,0.7575140595436096
mlp,de,3,820,2024-05-28 16:55:00,0,1,0.7238593101501465
mlp,de,3,821,2024-05-28 16:55:00,0,1,0.7134689092636108
mlp,de,3,822,2024-05-28 17:00:00,0,1,0.6338284611701965
mlp,de,3,823,2024-05-28 17:00:00,0,1,0.6479306221008301
mlp,de,3,824,2024-05-28 17:05:00,0,1,0.5025518536567688
mlp,de,3,825,2024-05-28 17:05:00,0,0,0.49162909388542175
mlp,de,3,826,2024-05-28 17:10:00,0,0,0.4106385409832001
mlp,de,3,827,2024-05-28 17:10:00,0,0,0.41296347975730896
mlp,de,3,828,2024-05-28 17:15:00,0,0,0.46437308192253113
mlp,de,3,829,2024-05-28 17:15:00,0,0,0.44255775213241577
mlp,de,3,830,2024-05-28 17:20:00,0,0,0.3859769403934479
mlp,de,3,831,2024-05-28 17:20:00,0,0,0.4408292770385742
mlp,de,3,832,2024-05-28 17:25:00,0,0,0.38936856389045715
mlp,de,3,833,2024-05-28 17:25:00,0,0,0.358093798160553
mlp,de,3,834,2024-05-28 17:30:00,0,0,0.3591703176498413
mlp,de,3,835,2024-05-28 17:30:00,0,0,0.30639535188674927
mlp,de,3,836,2024-05-28 17:35:00,0,0,0.3241701126098633
mlp,de,3,837,2024-05-28 17:35:00,0,0,0.3174448013305664
mlp,de,3,838,2024-05-28 17:40:00,0,0,0.23553220927715302
mlp,de,3,839,2024-05-28 17:40:00,0,0,0.19848042726516724
mlp,de,3,840,2024-05-28 17:45:00,0,0,0.3905942440032959
mlp,de,3,841,2024-05-28 17:45:00,0,0,0.3649422228336334
mlp,de,3,842,2024-05-28 17:50:00,0,0,0.3716529309749603
mlp,de,3,843,2024-05-28 17:50:00,0,0,0.33029118180274963
mlp,de,3,844,2024-05-28 17:55:00,1,0,0.2937592566013336
mlp,de,3,845,2024-05-28 17:55:00,1,0,0.37243184447288513
mlp,de,3,846,2024-05-29 10:40:00,1,0,0.3404882550239563
mlp,de,3,847,2024-05-29 10:40:00,1,0,0.3705306649208069
mlp,de,3,848,2024-05-29 10:45:00,1,1,0.550167977809906
mlp,de,3,849,2024-05-29 10:45:00,1,1,0.5555142164230347
mlp,de,3,850,2024-05-29 10:50:00,1,1,0.596958577632904
mlp,de,3,851,2024-05-29 10:50:00,1,1,0.5913969874382019
mlp,de,3,852,2024-05-29 10:55:00,1,1,0.7242313623428345
mlp,de,3,853,2024-05-29 10:55:00,1,1,0.7237131595611572
mlp,de,3,854,2024-05-29 11:00:00,1,1,0.768639862537384
mlp,de,3,855,2024-05-29 11:00:00,1,1,0.7779021859169006
mlp,de,3,856,2024-05-29 11:05:00,1,1,0.8211424946784973
mlp,de,3,857,2024-05-29 11:05:00,1,1,0.8131632208824158
mlp,de,3,858,2024-05-29 11:10:00,1,1,0.7775216698646545
mlp,de,3,859,2024-05-29 11:10:00,1,1,0.7576936483383179
mlp,de,3,860,2024-05-29 11:15:00,1,1,0.6899872422218323
mlp,de,3,861,2024-05-29 11:15:00,1,1,0.6723623871803284
mlp,de,3,862,2024-05-29 11:20:00,1,1,0.6160022020339966
mlp,de,3,863,2024-05-29 11:20:00,1,1,0.6054724454879761
mlp,de,3,864,2024-05-29 11:25:00,1,1,0.6761226654052734
mlp,de,3,865,2024-05-29 11:25:00,1,1,0.7075636982917786
mlp,de,3,866,2024-05-29 11:30:00,1,1,0.5799023509025574
mlp,de,3,867,2024-05-29 11:30:00,1,1,0.5965854525566101
mlp,de,3,868,2024-05-29 11:35:00,1,1,0.6857442259788513
mlp,de,3,869,2024-05-29 11:35:00,1,1,0.6615820527076721
mlp,de,3,870,2024-05-29 11:40:00,1,1,0.6093490719795227
mlp,de,3,871,2024-05-29 11:40:00,1,1,0.6213247776031494
mlp,de,3,872,2024-05-29 11:45:00,0,1,0.71766597032547
mlp,de,3,873,2024-05-29 11:45:00,0,1,0.7139828205108643
mlp,de,3,874,2024-05-29 11:50:00,0,1,0.6836302280426025
mlp,de,3,875,2024-05-29 11:50:00,0,1,0.7101173996925354
mlp,de,3,876,2024-05-29 11:55:00,0,1,0.6299606561660767
mlp,de,3,877,2024-05-29 11:55:00,0,1,0.6039584875106812
mlp,de,3,878,2024-05-29 12:00:00,0,1,0.6808725595474243
mlp,de,3,879,2024-05-29 12:00:00,0,1,0.6428748965263367
mlp,de,3,880,2024-05-29 12:05:00,0,1,0.5673666000366211
mlp,de,3,881,2024-05-29 12:05:00,0,1,0.5381066799163818
mlp,de,3,882,2024-05-29 12:10:00,0,0,0.3232314884662628
mlp,de,3,883,2024-05-29 12:10:00,0,0,0.35029324889183044
mlp,de,3,884,2024-05-29 12:15:00,0,0,0.2573030889034271
mlp,de,3,885,2024-05-29 12:15:00,1,0,0.2799793779850006
mlp,de,3,886,2024-05-29 12:20:00,0,0,0.3584015667438507
mlp,de,3,887,2024-05-29 12:20:00,1,0,0.36135226488113403
mlp,de,3,888,2024-05-29 12:25:00,0,0,0.39425161480903625
mlp,de,3,889,2024-05-29 12:25:00,1,0,0.4030395448207855
mlp,de,3,890,2024-05-29 12:30:00,0,0,0.3664483428001404
mlp,de,3,891,2024-05-29 12:30:00,1,0,0.34591469168663025
mlp,de,3,892,2024-05-29 12:35:00,1,1,0.5362396240234375
mlp,de,3,893,2024-05-29 12:35:00,0,1,0.5251736640930176
mlp,de,3,894,2024-05-29 12:40:00,1,1,0.6344348788261414
mlp,de,3,895,2024-05-29 12:40:00,0,1,0.6420158743858337
mlp,de,3,896,2024-05-29 12:45:00,0,1,0.7369062304496765
mlp,de,3,897,2024-05-29 12:45:00,1,1,0.7482103109359741
mlp,de,3,898,2024-05-29 12:50:00,1,1,0.7202025055885315
mlp,de,3,899,2024-05-29 12:50:00,0,1,0.7458557486534119
mlp,de,3,900,2024-05-29 12:55:00,1,1,0.633899986743927
mlp,de,3,901,2024-05-29 12:55:00,0,1,0.657875657081604
mlp,de,3,902,2024-05-29 13:00:00,0,1,0.5652417540550232
mlp,de,3,903,2024-05-29 13:00:00,1,1,0.5400080680847168
mlp,de,3,904,2024-05-29 13:05:00,1,0,0.431693971157074
mlp,de,3,905,2024-05-29 13:05:00,0,0,0.4724937081336975
mlp,de,3,906,2024-05-29 13:10:00,0,0,0.4354915916919708
mlp,de,3,907,2024-05-29 13:10:00,1,0,0.40261077880859375
mlp,de,3,908,2024-05-29 13:15:00,1,1,0.500349760055542
mlp,de,3,909,2024-05-29 13:15:00,0,0,0.4873111844062805
mlp,de,3,910,2024-05-29 13:20:00,1,1,0.5220149159431458
mlp,de,3,911,2024-05-29 13:20:00,0,0,0.4834130108356476
mlp,de,3,912,2024-05-29 13:25:00,1,1,0.5905405879020691
mlp,de,3,913,2024-05-29 13:25:00,0,1,0.5051701664924622
mlp,de,3,914,2024-05-29 13:30:00,1,1,0.6005557179450989
mlp,de,3,915,2024-05-29 13:30:00,0,1,0.5885761380195618
mlp,de,3,916,2024-05-29 13:35:00,0,1,0.6274214386940002
mlp,de,3,917,2024-05-29 13:35:00,0,1,0.7087076902389526
mlp,de,3,918,2024-05-29 13:40:00,0,0,0.47082847356796265
mlp,de,3,919,2024-05-29 13:40:00,0,0,0.48819661140441895
mlp,de,3,920,2024-05-29 13:45:00,0,0,0.37758076190948486
mlp,de,3,921,2024-05-29 13:45:00,0,0,0.4543571174144745
mlp,de,3,922,2024-05-29 13:50:00,0,0,0.49672815203666687
mlp,de,3,923,2024-05-29 13:50:00,0,1,0.5038681030273438
mlp,de,3,924,2024-05-29 13:55:00,0,0,0.4757178723812103
mlp,de,3,925,2024-05-29 13:55:00,0,0,0.47923049330711365
mlp,de,3,926,2024-05-29 14:00:00,0,0,0.39237165451049805
mlp,de,3,927,2024-05-29 14:00:00,0,0,0.3948490023612976
mlp,de,3,928,2024-05-29 14:05:00,0,0,0.35484349727630615
mlp,de,3,929,2024-05-29 14:05:00,0,0,0.32915404438972473
mlp,de,3,930,2024-05-29 14:10:00,0,0,0.32704898715019226
mlp,de,3,931,2024-05-29 14:10:00,0,0,0.3125538229942322
mlp,de,3,932,2024-05-29 14:15:00,0,0,0.2822515666484833
mlp,de,3,933,2024-05-29 14:15:00,0,0,0.25424033403396606
mlp,de,3,934,2024-05-29 14:20:00,0,0,0.21748502552509308
mlp,de,3,935,2024-05-29 14:20:00,0,0,0.20517167448997498
mlp,de,3,936,2024-05-29 14:25:00,0,0,0.2303682416677475
mlp,de,3,937,2024-05-29 14:25:00,0,0,0.2357138693332672
mlp,de,3,938,2024-05-29 14:30:00,0,0,0.16926442086696625
mlp,de,3,939,2024-05-29 14:30:00,0,0,0.1753757745027542
mlp,de,3,940,2024-05-29 14:35:00,0,0,0.2063188999891281
mlp,de,3,941,2024-05-29 14:35:00,0,0,0.19813911616802216
mlp,de,3,942,2024-05-29 14:40:00,0,0,0.205100417137146
mlp,de,3,943,2024-05-29 14:40:00,0,0,0.20200258493423462
mlp,de,3,944,2024-05-29 14:45:00,1,0,0.21231774985790253
mlp,de,3,945,2024-05-29 14:45:00,1,0,0.2290952056646347
mlp,de,3,946,2024-05-29 14:50:00,1,0,0.39227545261383057
mlp,de,3,947,2024-05-29 14:50:00,1,0,0.3695964217185974
mlp,de,3,948,2024-05-29 14:55:00,1,1,0.5440327525138855
mlp,de,3,949,2024-05-29 14:55:00,1,1,0.5261648893356323
mlp,de,3,950,2024-05-29 15:00:00,1,1,0.6782108545303345
mlp,de,3,951,2024-05-29 15:00:00,1,1,0.6618736386299133
mlp,de,3,952,2024-05-29 15:05:00,1,1,0.7749499082565308
mlp,de,3,953,2024-05-29 15:05:00,1,1,0.7659580111503601
mlp,de,3,954,2024-05-29 15:10:00,1,1,0.8033167123794556
mlp,de,3,955,2024-05-29 15:10:00,1,1,0.783020555973053
mlp,de,3,956,2024-05-29 15:15:00,1,1,0.6648196578025818
mlp,de,3,957,2024-05-29 15:15:00,1,1,0.6761161088943481
mlp,de,3,958,2024-05-29 15:20:00,1,1,0.7161524891853333
mlp,de,3,959,2024-05-29 15:20:00,1,1,0.706354558467865
mlp,de,3,960,2024-05-29 15:25:00,1,1,0.7411826252937317
mlp,de,3,961,2024-05-29 15:25:00,1,1,0.7116750478744507
mlp,de,3,962,2024-05-29 15:30:00,1,1,0.6425817608833313
mlp,de,3,963,2024-05-29 15:30:00,1,1,0.6432014107704163
mlp,de,3,964,2024-05-29 15:35:00,1,0,0.48686230182647705
mlp,de,3,965,2024-05-29 15:35:00,1,0,0.450186550617218
mlp,de,3,966,2024-05-29 15:40:00,1,1,0.5033568143844604
mlp,de,3,967,2024-05-29 15:40:00,1,0,0.4582882523536682
mlp,de,3,968,2024-05-29 15:45:00,1,0,0.39099979400634766
mlp,de,3,969,2024-05-29 15:45:00,1,0,0.3885420858860016
mlp,de,3,970,2024-05-29 15:50:00,1,0,0.44601085782051086
mlp,de,3,971,2024-05-29 15:50:00,1,0,0.44345295429229736
mlp,de,3,972,2024-05-29 15:55:00,1,1,0.5090054273605347
mlp,de,3,973,2024-05-29 15:55:00,1,0,0.4735119044780731
mlp,de,3,974,2024-05-29 16:00:00,1,1,0.5543147325515747
mlp,de,3,975,2024-05-29 16:00:00,1,1,0.5645792484283447
mlp,de,3,976,2024-05-29 16:05:00,1,1,0.541467547416687
mlp,de,3,977,2024-05-29 16:05:00,1,1,0.55228590965271
mlp,de,3,978,2024-05-29 16:10:00,1,1,0.5811906456947327
mlp,de,3,979,2024-05-29 16:10:00,1,1,0.5789278149604797
mlp,de,3,980,2024-05-29 16:15:00,1,1,0.6854317784309387
mlp,de,3,981,2024-05-29 16:15:00,1,1,0.6480949521064758
mlp,de,3,982,2024-05-29 16:20:00,0,1,0.77351975440979
mlp,de,3,983,2024-05-29 16:20:00,0,1,0.770354688167572
mlp,de,3,984,2024-05-29 16:25:00,0,1,0.7641978859901428
mlp,de,3,985,2024-05-29 16:25:00,0,1,0.7696937322616577
mlp,de,3,986,2024-05-29 16:30:00,0,1,0.6984853744506836
mlp,de,3,987,2024-05-29 16:30:00,0,1,0.72385573387146
mlp,de,3,988,2024-05-29 16:35:00,0,1,0.6752888560295105
mlp,de,3,989,2024-05-29 16:35:00,0,1,0.6865061521530151
mlp,de,3,990,2024-05-29 16:40:00,0,0,0.4650348722934723
mlp,de,3,991,2024-05-29 16:40:00,0,0,0.4683311879634857
mlp,de,3,992,2024-05-29 16:45:00,0,0,0.34938183426856995
mlp,de,3,993,2024-05-29 16:45:00,0,0,0.29209113121032715
mlp,de,3,994,2024-05-29 16:50:00,0,0,0.27187296748161316
mlp,de,3,995,2024-05-29 16:50:00,0,0,0.2872445285320282
mlp,de,3,996,2024-05-29 16:55:00,0,0,0.28849101066589355
mlp,de,3,997,2024-05-29 16:55:00,0,0,0.2745744287967682
mlp,de,3,998,2024-05-29 17:00:00,0,0,0.20342959463596344
mlp,de,3,999,2024-05-29 17:00:00,0,0,0.2516131103038788
mlp,de,3,1000,2024-05-29 17:05:00,0,0,0.19569425284862518
mlp,de,3,1001,2024-05-29 17:05:00,0,0,0.18172170221805573
mlp,de,3,1002,2024-05-29 17:10:00,0,0,0.20648206770420074
mlp,de,3,1003,2024-05-29 17:10:00,0,0,0.2224641591310501
mlp,de,3,1004,2024-05-29 17:15:00,0,0,0.44853800535202026
mlp,de,3,1005,2024-05-29 17:15:00,0,0,0.46210068464279175
mlp,de,3,1006,2024-05-29 17:20:00,0,1,0.5198743343353271
mlp,de,3,1007,2024-05-29 17:20:00,0,0,0.4864248037338257
mlp,de,3,1008,2024-05-29 17:25:00,0,0,0.4693726897239685
mlp,de,3,1009,2024-05-29 17:25:00,0,0,0.4119027853012085
mlp,de,3,1010,2024-05-29 17:30:00,0,0,0.37240105867385864
mlp,de,3,1011,2024-05-29 17:30:00,0,0,0.42736464738845825
mlp,de,3,1012,2024-05-29 17:35:00,0,1,0.5006950497627258
mlp,de,3,1013,2024-05-29 17:35:00,0,1,0.5039029717445374
mlp,de,3,1014,2024-05-29 17:40:00,0,0,0.48753175139427185
mlp,de,3,1015,2024-05-29 17:40:00,0,0,0.4873783588409424
mlp,de,3,1016,2024-05-29 17:45:00,0,1,0.5314391255378723
mlp,de,3,1017,2024-05-29 17:45:00,0,1,0.5630616545677185
mlp,de,3,1018,2024-05-29 17:50:00,0,1,0.5004172325134277
mlp,de,3,1019,2024-05-29 17:50:00,0,1,0.55678790807724
mlp,de,3,1020,2024-05-29 17:55:00,0,1,0.5249831080436707
mlp,de,3,1021,2024-05-29 17:55:00,0,1,0.5445970296859741
mlp,de,3,1022,2024-05-31 12:35:00,1,0,0.3828812539577484
mlp,de,3,1023,2024-05-31 12:40:00,1,0,0.3743046820163727
mlp,de,3,1024,2024-05-31 12:45:00,1,1,0.5611250996589661
mlp,de,3,1025,2024-05-31 12:50:00,1,1,0.6294697523117065
mlp,de,3,1026,2024-05-31 12:55:00,1,1,0.5010293126106262
mlp,de,3,1027,2024-05-31 13:00:00,1,0,0.44228577613830566
mlp,de,3,1028,2024-05-31 13:05:00,1,0,0.48569223284721375
mlp,de,3,1029,2024-05-31 13:10:00,1,0,0.4790498912334442
mlp,de,3,1030,2024-05-31 13:15:00,1,0,0.4197152256965637
mlp,de,3,1031,2024-05-31 13:20:00,1,0,0.3607783019542694
mlp,de,3,1032,2024-05-31 13:25:00,1,0,0.333210289478302
mlp,de,3,1033,2024-05-31 13:25:00,1,0,0.3454192280769348
mlp,de,3,1034,2024-05-31 13:30:00,1,0,0.42982959747314453
mlp,de,3,1035,2024-05-31 13:30:00,1,0,0.4326721727848053
mlp,de,3,1036,2024-05-31 13:35:00,1,1,0.5495859384536743
mlp,de,3,1037,2024-05-31 13:35:00,1,1,0.5629317760467529
mlp,de,3,1038,2024-05-31 13:40:00,1,1,0.5484517812728882
mlp,de,3,1039,2024-05-31 13:40:00,1,1,0.5500548481941223
mlp,de,3,1040,2024-05-31 13:45:00,1,1,0.6134604811668396
mlp,de,3,1041,2024-05-31 13:45:00,1,1,0.6272329092025757
mlp,de,3,1042,2024-05-31 13:50:00,1,1,0.6644655466079712
mlp,de,3,1043,2024-05-31 13:50:00,1,1,0.6607963442802429
mlp,de,3,1044,2024-05-31 13:55:00,1,1,0.6731514930725098
mlp,de,3,1045,2024-05-31 13:55:00,1,1,0.6657723784446716
mlp,de,3,1046,2024-05-31 14:00:00,1,1,0.6393136382102966
mlp,de,3,1047,2024-05-31 14:00:00,1,1,0.653315007686615
mlp,de,3,1048,2024-05-31 14:05:00,1,1,0.7298539280891418
mlp,de,3,1049,2024-05-31 14:05:00,1,1,0.6775179505348206
mlp,de,3,1050,2024-05-31 14:10:00,1,1,0.7184974551200867
mlp,de,3,1051,2024-05-31 14:10:00,1,1,0.7015721201896667
mlp,de,3,1052,2024-05-31 14:15:00,1,1,0.5218625068664551
mlp,de,3,1053,2024-05-31 14:15:00,1,1,0.5824726223945618
mlp,de,3,1054,2024-05-31 14:20:00,1,1,0.5474380850791931
mlp,de,3,1055,2024-05-31 14:20:00,1,1,0.5674343705177307
mlp,de,3,1056,2024-05-31 14:25:00,1,1,0.5466298460960388
mlp,de,3,1057,2024-05-31 14:25:00,1,1,0.5476571321487427
mlp,de,3,1058,2024-05-31 14:30:00,1,1,0.604606032371521
mlp,de,3,1059,2024-05-31 14:30:00,1,1,0.5996564030647278
mlp,de,3,1060,2024-05-31 14:35:00,1,1,0.6539063453674316
mlp,de,3,1061,2024-05-31 14:35:00,1,1,0.6151134967803955
mlp,de,3,1062,2024-05-31 14:40:00,1,1,0.6616150736808777
mlp,de,3,1063,2024-05-31 14:40:00,1,1,0.6156761050224304
mlp,de,3,1064,2024-05-31 14:45:00,1,1,0.6438826322555542
mlp,de,3,1065,2024-05-31 14:45:00,1,1,0.590089738368988
mlp,de,3,1066,2024-05-31 14:50:00,1,0,0.4838946461677551
mlp,de,3,1067,2024-05-31 14:50:00,1,1,0.5112370252609253
mlp,de,3,1068,2024-05-31 14:55:00,1,0,0.4856448769569397
mlp,de,3,1069,2024-05-31 14:55:00,1,0,0.48034924268722534
mlp,de,3,1070,2024-05-31 15:00:00,1,0,0.45952314138412476
mlp,de,3,1071,2024-05-31 15:00:00,1,0,0.4947921931743622
mlp,de,3,1072,2024-05-31 15:05:00,0,1,0.6008924841880798
mlp,de,3,1073,2024-05-31 15:05:00,0,1,0.6001259684562683
mlp,de,3,1074,2024-05-31 15:10:00,0,1,0.5610660314559937
mlp,de,3,1075,2024-05-31 15:10:00,0,1,0.6088128089904785
mlp,de,3,1076,2024-05-31 15:15:00,0,1,0.5638445019721985
mlp,de,3,1077,2024-05-31 15:15:00,0,1,0.6144852638244629
mlp,de,3,1078,2024-05-31 15:20:00,0,1,0.5137025713920593
mlp,de,3,1079,2024-05-31 15:20:00,0,1,0.5058982372283936
mlp,de,3,1080,2024-05-31 15:25:00,0,1,0.5135033130645752
mlp,de,3,1081,2024-05-31 15:25:00,0,1,0.5379858613014221
mlp,de,3,1082,2024-05-31 15:30:00,0,0,0.3898228704929352
mlp,de,3,1083,2024-05-31 15:30:00,0,1,0.5205457210540771
mlp,de,3,1084,2024-05-31 15:35:00,0,0,0.47610610723495483
mlp,de,3,1085,2024-05-31 15:35:00,0,0,0.465467244386673
mlp,de,3,1086,2024-05-31 15:40:00,0,0,0.38192105293273926
mlp,de,3,1087,2024-05-31 15:40:00,0,0,0.38641074299812317
mlp,de,3,1088,2024-05-31 15:45:00,0,0,0.40992337465286255
mlp,de,3,1089,2024-05-31 15:45:00,0,0,0.3649759888648987
mlp,de,3,1090,2024-05-31 15:50:00,0,0,0.3956137001514435
mlp,de,3,1091,2024-05-31 15:50:00,0,0,0.37953847646713257
mlp,de,3,1092,2024-05-31 15:55:00,0,0,0.3293255865573883
mlp,de,3,1093,2024-05-31 15:55:00,0,0,0.3607107102870941
mlp,de,3,1094,2024-05-31 16:00:00,1,0,0.29426154494285583
mlp,de,3,1095,2024-05-31 16:00:00,1,0,0.28823837637901306
mlp,de,3,1096,2024-05-31 16:05:00,1,0,0.3268323540687561
mlp,de,3,1097,2024-05-31 16:05:00,1,0,0.3209579288959503
mlp,de,3,1098,2024-05-31 16:10:00,1,0,0.4936255216598511
mlp,de,3,1099,2024-05-31 16:10:00,1,1,0.5033987164497375
mlp,de,3,1100,2024-05-31 16:15:00,1,1,0.567670464515686
mlp,de,3,1101,2024-05-31 16:15:00,1,1,0.5579785108566284
mlp,de,3,1102,2024-05-31 16:20:00,1,1,0.5765743851661682
mlp,de,3,1103,2024-05-31 16:20:00,1,1,0.5106637477874756
mlp,de,3,1104,2024-05-31 16:25:00,1,1,0.5440506339073181
mlp,de,3,1105,2024-05-31 16:25:00,1,1,0.5224308371543884
mlp,de,3,1106,2024-05-31 16:30:00,1,0,0.4502612352371216
mlp,de,3,1107,2024-05-31 16:30:00,1,0,0.4890136122703552
mlp,de,3,1108,2024-05-31 16:35:00,1,1,0.51341712474823
mlp,de,3,1109,2024-05-31 16:35:00,1,1,0.5433560609817505
mlp,de,3,1110,2024-05-31 16:40:00,1,1,0.6860496997833252
mlp,de,3,1111,2024-05-31 16:40:00,1,1,0.6684950590133667
mlp,de,3,1112,2024-05-31 16:45:00,1,1,0.6436815857887268
mlp,de,3,1113,2024-05-31 16:45:00,1,1,0.7198547720909119
mlp,de,3,1114,2024-05-31 16:50:00,1,1,0.7456514835357666
mlp,de,3,1115,2024-05-31 16:50:00,1,1,0.7624903917312622
mlp,de,3,1116,2024-05-31 16:55:00,0,1,0.7933309078216553
mlp,de,3,1117,2024-05-31 16:55:00,0,1,0.7798138856887817
mlp,de,3,1118,2024-05-31 17:00:00,0,1,0.6349754929542542
mlp,de,3,1119,2024-05-31 17:00:00,0,1,0.6404162049293518
mlp,de,3,1120,2024-05-31 17:05:00,0,0,0.4755042493343353
mlp,de,3,1121,2024-05-31 17:05:00,0,0,0.4930337369441986
mlp,de,3,1122,2024-05-31 17:10:00,0,0,0.47064974904060364
mlp,de,3,1123,2024-05-31 17:10:00,0,0,0.4546985924243927
mlp,de,3,1124,2024-05-31 17:15:00,0,1,0.5644838213920593
mlp,de,3,1125,2024-05-31 17:15:00,0,1,0.5665487051010132
mlp,de,3,1126,2024-05-31 17:20:00,0,1,0.5146166086196899
mlp,de,3,1127,2024-05-31 17:20:00,0,1,0.5252591371536255
mlp,de,3,1128,2024-05-31 17:25:00,0,1,0.5118610858917236
mlp,de,3,1129,2024-05-31 17:25:00,0,1,0.5158443450927734
mlp,de,3,1130,2024-05-31 17:30:00,0,1,0.5262216925621033
mlp,de,3,1131,2024-05-31 17:30:00,0,1,0.5686017274856567
mlp,de,3,1132,2024-05-31 17:35:00,0,1,0.5004380345344543
mlp,de,3,1133,2024-05-31 17:35:00,0,1,0.5382924675941467
mlp,de,3,1134,2024-05-31 17:40:00,0,1,0.5355359315872192
mlp,de,3,1135,2024-05-31 17:40:00,0,1,0.6335219740867615
mlp,de,3,1136,2024-05-31 17:45:00,0,1,0.500622570514679
mlp,de,3,1137,2024-05-31 17:45:00,0,0,0.47240057587623596
mlp,de,3,1138,2024-05-31 17:50:00,0,1,0.5477418303489685
mlp,de,3,1139,2024-05-31 17:50:00,0,1,0.5867798924446106
mlp,de,3,1140,2024-05-31 17:55:00,0,1,0.5648450255393982
mlp,de,3,1141,2024-05-31 17:55:00,0,1,0.6342831254005432
mlp,de,3,1142,2024-06-03 10:50:00,1,0,0.14593596756458282
mlp,de,3,1143,2024-06-03 10:50:00,1,0,0.14938198029994965
mlp,de,3,1144,2024-06-03 10:55:00,1,0,0.2708684802055359
mlp,de,3,1145,2024-06-03 10:55:00,1,0,0.23404940962791443
mlp,de,3,1146,2024-06-03 11:00:00,1,0,0.2918164134025574
mlp,de,3,1147,2024-06-03 11:00:00,1,0,0.28575223684310913
mlp,de,3,1148,2024-06-03 11:05:00,1,0,0.380315899848938
mlp,de,3,1149,2024-06-03 11:05:00,1,0,0.37890687584877014
mlp,de,3,1150,2024-06-03 11:10:00,1,1,0.5344683527946472
mlp,de,3,1151,2024-06-03 11:10:00,1,1,0.5150653123855591
mlp,de,3,1152,2024-06-03 11:15:00,1,1,0.8143823146820068
mlp,de,3,1153,2024-06-03 11:15:00,1,1,0.8185688257217407
mlp,de,3,1154,2024-06-03 11:20:00,1,1,0.8141888976097107
mlp,de,3,1155,2024-06-03 11:20:00,1,1,0.8216063380241394
mlp,de,3,1156,2024-06-03 11:25:00,1,1,0.9020750522613525
mlp,de,3,1157,2024-06-03 11:25:00,1,1,0.8945562243461609
mlp,de,3,1158,2024-06-03 11:30:00,1,1,0.9194485545158386
mlp,de,3,1159,2024-06-03 11:30:00,1,1,0.9309129118919373
mlp,de,3,1160,2024-06-03 11:35:00,1,1,0.8773704171180725
mlp,de,3,1161,2024-06-03 11:35:00,1,1,0.8650455474853516
mlp,de,3,1162,2024-06-03 11:40:00,0,1,0.8837417960166931
mlp,de,3,1163,2024-06-03 11:40:00,0,1,0.8884888291358948
mlp,de,3,1164,2024-06-03 11:45:00,0,1,0.7934275269508362
mlp,de,3,1165,2024-06-03 11:45:00,0,1,0.8030680418014526
mlp,de,3,1166,2024-06-03 11:50:00,0,1,0.6256111264228821
mlp,de,3,1167,2024-06-03 11:50:00,0,1,0.6624496579170227
mlp,de,3,1168,2024-06-03 11:55:00,0,1,0.5019407868385315
mlp,de,3,1169,2024-06-03 11:55:00,0,1,0.5691769123077393
mlp,de,3,1170,2024-06-03 12:00:00,0,1,0.5779889225959778
mlp,de,3,1171,2024-06-03 12:00:00,0,1,0.5625290274620056
mlp,de,3,1172,2024-06-03 12:05:00,0,1,0.553202748298645
mlp,de,3,1173,2024-06-03 12:05:00,0,1,0.6331989169120789
mlp,de,3,1174,2024-06-03 12:10:00,0,1,0.5757352709770203
mlp,de,3,1175,2024-06-03 12:10:00,0,1,0.5506067276000977
mlp,de,3,1176,2024-06-03 12:15:00,0,1,0.5979561805725098
mlp,de,3,1177,2024-06-03 12:15:00,0,1,0.6517395973205566
mlp,de,3,1178,2024-06-03 12:20:00,0,1,0.5937246680259705
mlp,de,3,1179,2024-06-03 12:20:00,0,1,0.6087203025817871
mlp,de,3,1180,2024-06-03 12:25:00,0,0,0.3350285291671753
mlp,de,3,1181,2024-06-03 12:25:00,0,0,0.3045722246170044
mlp,de,3,1182,2024-06-03 12:30:00,0,0,0.17382654547691345
mlp,de,3,1183,2024-06-03 12:30:00,0,0,0.18460243940353394
mlp,de,3,1184,2024-06-03 12:35:00,0,0,0.20099548995494843
mlp,de,3,1185,2024-06-03 12:35:00,0,0,0.20636336505413055
mlp,de,3,1186,2024-06-03 12:40:00,0,0,0.2665729522705078
mlp,de,3,1187,2024-06-03 12:40:00,0,0,0.24528385698795319
mlp,de,3,1188,2024-06-03 12:45:00,0,0,0.20056071877479553
mlp,de,3,1189,2024-06-03 12:45:00,0,0,0.26081383228302
mlp,de,3,1190,2024-06-03 12:50:00,0,0,0.31440621614456177
mlp,de,3,1191,2024-06-03 12:50:00,0,0,0.3374961316585541
mlp,de,3,1192,2024-06-03 12:55:00,0,0,0.3167647421360016
mlp,de,3,1193,2024-06-03 12:55:00,0,0,0.3484315574169159
mlp,de,3,1194,2024-06-03 13:00:00,0,0,0.34024742245674133
mlp,de,3,1195,2024-06-03 13:00:00,0,0,0.43029534816741943
mlp,de,3,1196,2024-06-03 13:05:00,0,0,0.37252357602119446
mlp,de,3,1197,2024-06-03 13:05:00,0,0,0.30780982971191406
mlp,de,3,1198,2024-06-03 13:10:00,0,0,0.23354709148406982
mlp,de,3,1199,2024-06-03 13:10:00,0,0,0.22608384490013123
mlp,de,3,1200,2024-06-03 13:15:00,0,0,0.14459705352783203
mlp,de,3,1201,2024-06-03 13:15:00,0,0,0.12770898640155792
mlp,de,3,1202,2024-06-03 13:20:00,0,0,0.1722724437713623
mlp,de,3,1203,2024-06-03 13:20:00,0,0,0.17333516478538513
mlp,de,3,1204,2024-06-03 13:25:00,0,0,0.24961340427398682
mlp,de,3,1205,2024-06-03 13:25:00,0,0,0.23241867125034332
mlp,de,3,1206,2024-06-03 13:30:00,0,0,0.23119185864925385
mlp,de,3,1207,2024-06-03 13:30:00,0,0,0.2786112427711487
mlp,de,3,1208,2024-06-03 13:35:00,0,0,0.35359734296798706
mlp,de,3,1209,2024-06-03 13:35:00,0,0,0.34898778796195984
mlp,de,3,1210,2024-06-03 13:40:00,0,0,0.3549380898475647
mlp,de,3,1211,2024-06-03 13:40:00,0,0,0.36988216638565063
mlp,de,3,1212,2024-06-03 13:45:00,0,0,0.4875490367412567
mlp,de,3,1213,2024-06-03 13:45:00,0,0,0.46871131658554077
mlp,de,3,1214,2024-06-03 13:50:00,0,0,0.45211419463157654
mlp,de,3,1215,2024-06-03 13:50:00,0,0,0.446859210729599
mlp,de,3,1216,2024-06-03 13:55:00,0,0,0.43564367294311523
mlp,de,3,1217,2024-06-03 13:55:00,0,0,0.4561619162559509
mlp,de,3,1218,2024-06-03 14:00:00,1,0,0.4222695827484131
mlp,de,3,1219,2024-06-03 14:00:00,1,0,0.378764271736145
mlp,de,3,1220,2024-06-03 14:05:00,1,1,0.5427444577217102
mlp,de,3,1221,2024-06-03 14:05:00,1,1,0.5424340963363647
mlp,de,3,1222,2024-06-03 14:10:00,1,1,0.6325874328613281
mlp,de,3,1223,2024-06-03 14:10:00,1,1,0.6426426768302917
mlp,de,3,1224,2024-06-03 14:15:00,1,1,0.7791688442230225
mlp,de,3,1225,2024-06-03 14:15:00,1,1,0.7794902324676514
mlp,de,3,1226,2024-06-03 14:20:00,1,1,0.8482102751731873
mlp,de,3,1227,2024-06-03 14:20:00,1,1,0.8632134199142456
mlp,de,3,1228,2024-06-03 14:25:00,1,1,0.8816229701042175
mlp,de,3,1229,2024-06-03 14:25:00,1,1,0.8766645193099976
mlp,de,3,1230,2024-06-03 14:30:00,1,1,0.901978075504303
mlp,de,3,1231,2024-06-03 14:30:00,1,1,0.9041435718536377
mlp,de,3,1232,2024-06-03 14:35:00,1,1,0.8331233859062195
mlp,de,3,1233,2024-06-03 14:35:00,1,1,0.8432856798171997
mlp,de,3,1234,2024-06-03 14:40:00,1,1,0.8035226464271545
mlp,de,3,1235,2024-06-03 14:40:00,1,1,0.7959023714065552
mlp,de,3,1236,2024-06-03 14:45:00,1,1,0.6881496906280518
mlp,de,3,1237,2024-06-03 14:45:00,1,1,0.6703586578369141
mlp,de,3,1238,2024-06-03 14:50:00,1,0,0.472141832113266
mlp,de,3,1239,2024-06-03 14:50:00,1,0,0.4999772906303406
mlp,de,3,1240,2024-06-03 14:55:00,1,0,0.4140737056732178
mlp,de,3,1241,2024-06-03 14:55:00,1,0,0.3795342445373535
mlp,de,3,1242,2024-06-03 15:00:00,1,0,0.47667843103408813
mlp,de,3,1243,2024-06-03 15:00:00,1,0,0.48894280195236206
mlp,de,3,1244,2024-06-03 15:05:00,1,1,0.5607589483261108
mlp,de,3,1245,2024-06-03 15:05:00,1,1,0.5404021143913269
mlp,de,3,1246,2024-06-03 15:10:00,1,0,0.46373897790908813
mlp,de,3,1247,2024-06-03 15:10:00,1,0,0.44927674531936646
mlp,de,3,1248,2024-06-03 15:15:00,1,1,0.5928627848625183
mlp,de,3,1249,2024-06-03 15:15:00,1,1,0.5897185802459717
mlp,de,3,1250,2024-06-03 15:20:00,1,1,0.6428293585777283
mlp,de,3,1251,2024-06-03 15:20:00,1,1,0.6565656065940857
mlp,de,3,1252,2024-06-03 15:25:00,1,1,0.7282759547233582
mlp,de,3,1253,2024-06-03 15:25:00,1,1,0.6814583539962769
mlp,de,3,1254,2024-06-03 15:30:00,1,1,0.7491809725761414
mlp,de,3,1255,2024-06-03 15:30:00,1,1,0.7885440587997437
mlp,de,3,1256,2024-06-03 15:35:00,0,1,0.7972809076309204
mlp,de,3,1257,2024-06-03 15:35:00,0,1,0.823966383934021
mlp,de,3,1258,2024-06-03 15:40:00,0,1,0.6084088683128357
mlp,de,3,1259,2024-06-03 15:40:00,0,1,0.6086558699607849
mlp,de,3,1260,2024-06-03 15:45:00,0,1,0.5378492474555969
mlp,de,3,1261,2024-06-03 15:45:00,0,1,0.5944226980209351
mlp,de,3,1262,2024-06-03 15:50:00,0,1,0.5106618404388428
mlp,de,3,1263,2024-06-03 15:50:00,0,1,0.5474504828453064
mlp,de,3,1264,2024-06-03 15:55:00,0,1,0.5868309736251831
mlp,de,3,1265,2024-06-03 15:55:00,0,1,0.5801401734352112
mlp,de,3,1266,2024-06-03 16:00:00,0,1,0.553012490272522
mlp,de,3,1267,2024-06-03 16:00:00,0,1,0.5404463410377502
mlp,de,3,1268,2024-06-03 16:05:00,0,1,0.5064582228660583
mlp,de,3,1269,2024-06-03 16:05:00,0,0,0.4706266224384308
mlp,de,3,1270,2024-06-03 16:10:00,0,1,0.5691013932228088
mlp,de,3,1271,2024-06-03 16:10:00,0,1,0.5333646535873413
mlp,de,3,1272,2024-06-03 16:15:00,0,0,0.4469635784626007
mlp,de,3,1273,2024-06-03 16:15:00,0,0,0.43698441982269287
mlp,de,3,1274,2024-06-03 16:20:00,0,0,0.42205074429512024
mlp,de,3,1275,2024-06-03 16:20:00,0,0,0.3791070580482483
mlp,de,3,1276,2024-06-03 16:25:00,0,0,0.35183966159820557
mlp,de,3,1277,2024-06-03 16:25:00,0,0,0.3772323727607727
mlp,de,3,1278,2024-06-03 16:30:00,0,0,0.3403454124927521
mlp,de,3,1279,2024-06-03 16:30:00,0,0,0.316348671913147
mlp,de,3,1280,2024-06-03 16:35:00,0,0,0.3140699863433838
mlp,de,3,1281,2024-06-03 16:35:00,0,0,0.2269311547279358
mlp,de,3,1282,2024-06-03 16:40:00,0,0,0.3858811557292938
mlp,de,3,1283,2024-06-03 16:40:00,0,0,0.3778567910194397
mlp,de,3,1284,2024-06-03 16:45:00,0,0,0.39091357588768005
mlp,de,3,1285,2024-06-03 16:45:00,0,0,0.4569481611251831
mlp,de,3,1286,2024-06-03 16:50:00,0,0,0.3938009440898895
mlp,de,3,1287,2024-06-03 16:50:00,0,0,0.38812991976737976
mlp,de,3,1288,2024-06-03 16:55:00,0,0,0.2794940173625946
mlp,de,3,1289,2024-06-03 16:55:00,0,0,0.24880187213420868
mlp,de,3,1290,2024-06-03 17:00:00,0,0,0.18436384201049805
mlp,de,3,1291,2024-06-03 17:00:00,0,0,0.19676195085048676
mlp,de,3,1292,2024-06-03 17:05:00,0,0,0.24271507561206818
mlp,de,3,1293,2024-06-03 17:05:00,0,0,0.24819019436836243
mlp,de,3,1294,2024-06-03 17:10:00,0,0,0.24386681616306305
mlp,de,3,1295,2024-06-03 17:10:00,0,0,0.25970470905303955
mlp,de,3,1296,2024-06-03 17:15:00,0,0,0.3072115182876587
mlp,de,3,1297,2024-06-03 17:15:00,0,0,0.29151955246925354
mlp,de,3,1298,2024-06-03 17:20:00,0,0,0.24355864524841309
mlp,de,3,1299,2024-06-03 17:20:00,0,0,0.22651827335357666
mlp,de,3,1300,2024-06-03 17:25:00,0,0,0.18648886680603027
mlp,de,3,1301,2024-06-03 17:25:00,0,0,0.11893153190612793
mlp,de,3,1302,2024-06-03 17:30:00,0,0,0.2940060496330261
mlp,de,3,1303,2024-06-03 17:30:00,0,0,0.30003660917282104
mlp,de,3,1304,2024-06-03 17:35:00,0,0,0.2574472725391388
mlp,de,3,1305,2024-06-03 17:35:00,0,0,0.2806740403175354
mlp,de,3,1306,2024-06-03 17:40:00,0,0,0.2065705806016922
mlp,de,3,1307,2024-06-03 17:40:00,0,0,0.2673828601837158
mlp,de,3,1308,2024-06-03 17:45:00,0,0,0.33219075202941895
mlp,de,3,1309,2024-06-03 17:45:00,0,0,0.3114696443080902
mlp,de,3,1310,2024-06-03 17:50:00,0,0,0.43996143341064453
mlp,de,3,1311,2024-06-03 17:50:00,0,0,0.39689794182777405
mlp,de,3,1312,2024-06-03 17:55:00,0,0,0.45335739850997925
mlp,de,3,1313,2024-06-03 17:55:00,0,0,0.48723742365837097
mlp,de,3,1314,2024-06-04 11:15:00,1,0,0.25483840703964233
mlp,de,3,1315,2024-06-04 11:20:00,1,0,0.27061691880226135
mlp,de,3,1316,2024-06-04 11:20:00,1,0,0.2605729401111603
mlp,de,3,1317,2024-06-04 11:25:00,1,0,0.45569249987602234
mlp,de,3,1318,2024-06-04 11:25:00,1,0,0.43210428953170776
mlp,de,3,1319,2024-06-04 11:30:00,1,1,0.5747159719467163
mlp,de,3,1320,2024-06-04 11:30:00,1,1,0.5919606685638428
mlp,de,3,1321,2024-06-04 11:35:00,1,1,0.6351835131645203
mlp,de,3,1322,2024-06-04 11:35:00,1,1,0.5966525673866272
mlp,de,3,1323,2024-06-04 11:40:00,1,1,0.6653398275375366
mlp,de,3,1324,2024-06-04 11:40:00,1,1,0.7091696858406067
mlp,de,3,1325,2024-06-04 11:45:00,1,1,0.6665349006652832
mlp,de,3,1326,2024-06-04 11:45:00,1,1,0.6517460942268372
mlp,de,3,1327,2024-06-04 11:50:00,1,1,0.728367269039154
mlp,de,3,1328,2024-06-04 11:50:00,1,1,0.7192497253417969
mlp,de,3,1329,2024-06-04 11:55:00,1,1,0.6077333688735962
mlp,de,3,1330,2024-06-04 11:55:00,1,1,0.6434925198554993
mlp,de,3,1331,2024-06-04 12:00:00,1,1,0.6468531489372253
mlp,de,3,1332,2024-06-04 12:00:00,1,1,0.6360328793525696
mlp,de,3,1333,2024-06-04 12:05:00,1,1,0.5080597996711731
mlp,de,3,1334,2024-06-04 12:05:00,1,1,0.5278288125991821
mlp,de,3,1335,2024-06-04 12:10:00,1,1,0.6493710875511169
mlp,de,3,1336,2024-06-04 12:10:00,1,1,0.6148402094841003
mlp,de,3,1337,2024-06-04 12:15:00,1,1,0.8040922284126282
mlp,de,3,1338,2024-06-04 12:15:00,1,1,0.7906237244606018
mlp,de,3,1339,2024-06-04 12:20:00,1,1,0.8469476103782654
mlp,de,3,1340,2024-06-04 12:20:00,1,1,0.8410255908966064
mlp,de,3,1341,2024-06-04 12:25:00,1,1,0.7913316488265991
mlp,de,3,1342,2024-06-04 12:25:00,1,1,0.8095701336860657
mlp,de,3,1343,2024-06-04 12:30:00,1,1,0.6143413782119751
mlp,de,3,1344,2024-06-04 12:30:00,1,1,0.6095694303512573
mlp,de,3,1345,2024-06-04 12:35:00,1,1,0.6460201740264893
mlp,de,3,1346,2024-06-04 12:35:00,1,1,0.6795198917388916
mlp,de,3,1347,2024-06-04 12:40:00,1,1,0.5588600039482117
mlp,de,3,1348,2024-06-04 12:40:00,1,1,0.5546774864196777
mlp,de,3,1349,2024-06-04 12:45:00,1,1,0.529296338558197
mlp,de,3,1350,2024-06-04 12:45:00,1,1,0.5237618684768677
mlp,de,3,1351,2024-06-04 12:50:00,1,1,0.5646690130233765
mlp,de,3,1352,2024-06-04 12:50:00,1,1,0.6070325970649719
mlp,de,3,1353,2024-06-04 12:55:00,1,0,0.3575053811073303
mlp,de,3,1354,2024-06-04 12:55:00,1,0,0.3664984107017517
mlp,de,3,1355,2024-06-04 13:00:00,1,0,0.3529282212257385
mlp,de,3,1356,2024-06-04 13:00:00,1,0,0.3261933922767639
mlp,de,3,1357,2024-06-04 13:05:00,1,0,0.3264468312263489
mlp,de,3,1358,2024-06-04 13:05:00,1,0,0.2279244065284729
mlp,de,3,1359,2024-06-04 13:10:00,1,1,0.5357022881507874
mlp,de,3,1360,2024-06-04 13:10:00,1,1,0.561339259147644
mlp,de,3,1361,2024-06-04 13:15:00,1,1,0.6661309003829956
mlp,de,3,1362,2024-06-04 13:15:00,1,1,0.7292488813400269
mlp,de,3,1363,2024-06-04 13:20:00,1,1,0.6778686046600342
mlp,de,3,1364,2024-06-04 13:20:00,1,1,0.6063920259475708
mlp,de,3,1365,2024-06-04 13:25:00,1,1,0.6088882088661194
mlp,de,3,1366,2024-06-04 13:25:00,1,1,0.5910577178001404
mlp,de,3,1367,2024-06-04 13:30:00,1,1,0.5082195997238159
mlp,de,3,1368,2024-06-04 13:30:00,1,1,0.5388653874397278
mlp,de,3,1369,2024-06-04 13:35:00,1,0,0.4302511215209961
mlp,de,3,1370,2024-06-04 13:35:00,1,0,0.40021491050720215
mlp,de,3,1371,2024-06-04 13:40:00,1,1,0.5239638686180115
mlp,de,3,1372,2024-06-04 13:40:00,1,0,0.4870072305202484
mlp,de,3,1373,2024-06-04 13:45:00,1,1,0.6366627812385559
mlp,de,3,1374,2024-06-04 13:45:00,1,1,0.639298141002655
mlp,de,3,1375,2024-06-04 13:50:00,1,1,0.6367579102516174
mlp,de,3,1376,2024-06-04 13:50:00,1,1,0.6631752252578735
mlp,de,3,1377,2024-06-04 13:55:00,1,1,0.7242953777313232
mlp,de,3,1378,2024-06-04 13:55:00,1,1,0.7205933928489685
mlp,de,3,1379,2024-06-04 14:00:00,1,1,0.7315152883529663
mlp,de,3,1380,2024-06-04 14:00:00,1,1,0.7047663331031799
mlp,de,3,1381,2024-06-04 14:05:00,1,1,0.5837990641593933
mlp,de,3,1382,2024-06-04 14:05:00,1,1,0.5539402961730957
mlp,de,3,1383,2024-06-04 14:10:00,1,0,0.4928276240825653
mlp,de,3,1384,2024-06-04 14:10:00,1,0,0.444315642118454
mlp,de,3,1385,2024-06-04 14:15:00,1,0,0.4446580708026886
mlp,de,3,1386,2024-06-04 14:15:00,1,0,0.45963966846466064
mlp,de,3,1387,2024-06-04 14:20:00,1,0,0.4991159737110138
mlp,de,3,1388,2024-06-04 14:20:00,1,0,0.48804259300231934
mlp,de,3,1389,2024-06-04 14:25:00,1,1,0.5978718400001526
mlp,de,3,1390,2024-06-04 14:25:00,1,1,0.5911913514137268
mlp,de,3,1391,2024-06-04 14:30:00,1,1,0.6340798139572144
mlp,de,3,1392,2024-06-04 14:30:00,1,1,0.6225336194038391
mlp,de,3,1393,2024-06-04 14:35:00,1,1,0.6308189034461975
mlp,de,3,1394,2024-06-04 14:35:00,1,1,0.6652315855026245
mlp,de,3,1395,2024-06-04 14:40:00,1,1,0.7447391748428345
mlp,de,3,1396,2024-06-04 14:40:00,1,1,0.6989800333976746
mlp,de,3,1397,2024-06-04 14:45:00,1,1,0.768540620803833
mlp,de,3,1398,2024-06-04 14:45:00,1,1,0.7236003875732422
mlp,de,3,1399,2024-06-04 14:50:00,1,1,0.6478856205940247
mlp,de,3,1400,2024-06-04 14:50:00,1,1,0.659816324710846
mlp,de,3,1401,2024-06-04 14:55:00,1,1,0.5897237658500671
mlp,de,3,1402,2024-06-04 14:55:00,1,1,0.5837715268135071
mlp,de,3,1403,2024-06-04 15:00:00,1,1,0.5926013588905334
mlp,de,3,1404,2024-06-04 15:00:00,1,1,0.6075382828712463
mlp,de,3,1405,2024-06-04 15:05:00,1,1,0.5440523624420166
mlp,de,3,1406,2024-06-04 15:05:00,1,1,0.5800067782402039
mlp,de,3,1407,2024-06-04 15:10:00,1,0,0.4080285429954529
mlp,de,3,1408,2024-06-04 15:10:00,1,0,0.4343353509902954
mlp,de,3,1409,2024-06-04 15:15:00,1,1,0.5305221080780029
mlp,de,3,1410,2024-06-04 15:15:00,1,1,0.5531159043312073
mlp,de,3,1411,2024-06-04 15:20:00,1,1,0.6957483887672424
mlp,de,3,1412,2024-06-04 15:20:00,1,1,0.6731800436973572
mlp,de,3,1413,2024-06-04 15:25:00,1,1,0.8134974241256714
mlp,de,3,1414,2024-06-04 15:25:00,1,1,0.8143754601478577
mlp,de,3,1415,2024-06-04 15:30:00,1,1,0.6895598769187927
mlp,de,3,1416,2024-06-04 15:30:00,1,1,0.6830955743789673
mlp,de,3,1417,2024-06-04 15:35:00,1,1,0.5706937909126282
mlp,de,3,1418,2024-06-04 15:35:00,1,1,0.5440402030944824
mlp,de,3,1419,2024-06-04 15:40:00,1,0,0.4518009424209595
mlp,de,3,1420,2024-06-04 15:40:00,1,0,0.44323116540908813
mlp,de,3,1421,2024-06-04 15:45:00,1,1,0.5857986807823181
mlp,de,3,1422,2024-06-04 15:45:00,1,1,0.5518230199813843
mlp,de,3,1423,2024-06-04 15:50:00,1,0,0.4587118327617645
mlp,de,3,1424,2024-06-04 15:50:00,1,1,0.5496718883514404
mlp,de,3,1425,2024-06-04 15:55:00,1,0,0.3765123784542084
mlp,de,3,1426,2024-06-04 15:55:00,1,0,0.370643675327301
mlp,de,3,1427,2024-06-04 16:00:00,1,0,0.2674522399902344
mlp,de,3,1428,2024-06-04 16:00:00,1,0,0.248153954744339
mlp,de,3,1429,2024-06-04 16:05:00,1,0,0.28932932019233704
mlp,de,3,1430,2024-06-04 16:05:00,1,0,0.2623063325881958
mlp,de,3,1431,2024-06-04 16:10:00,1,0,0.4656822383403778
mlp,de,3,1432,2024-06-04 16:10:00,1,0,0.47062402963638306
mlp,de,3,1433,2024-06-04 16:15:00,1,1,0.6105427145957947
mlp,de,3,1434,2024-06-04 16:15:00,1,1,0.591842770576477
mlp,de,3,1435,2024-06-04 16:20:00,1,1,0.6142129302024841
mlp,de,3,1436,2024-06-04 16:20:00,1,1,0.6361995339393616
mlp,de,3,1437,2024-06-04 16:25:00,1,1,0.640059769153595
mlp,de,3,1438,2024-06-04 16:25:00,1,1,0.646031379699707
mlp,de,3,1439,2024-06-04 16:30:00,1,1,0.6818044781684875
mlp,de,3,1440,2024-06-04 16:30:00,1,1,0.6753864884376526
mlp,de,3,1441,2024-06-04 16:35:00,1,1,0.5631188154220581
mlp,de,3,1442,2024-06-04 16:35:00,1,1,0.5592779517173767
mlp,de,3,1443,2024-06-04 16:40:00,1,1,0.6240506768226624
mlp,de,3,1444,2024-06-04 16:40:00,1,1,0.6957531571388245
mlp,de,3,1445,2024-06-04 16:45:00,1,1,0.5614064335823059
mlp,de,3,1446,2024-06-04 16:45:00,1,1,0.6828389167785645
mlp,de,3,1447,2024-06-04 16:50:00,1,1,0.5957525968551636
mlp,de,3,1448,2024-06-04 16:50:00,1,1,0.6482343077659607
mlp,de,3,1449,2024-06-04 16:55:00,0,1,0.637276291847229
mlp,de,3,1450,2024-06-04 16:55:00,0,1,0.6589787006378174
mlp,de,3,1451,2024-06-04 17:00:00,0,1,0.6032354831695557
mlp,de,3,1452,2024-06-04 17:00:00,0,1,0.5767444968223572
mlp,de,3,1453,2024-06-04 17:05:00,0,0,0.49526146054267883
mlp,de,3,1454,2024-06-04 17:05:00,0,1,0.5625087022781372
mlp,de,3,1455,2024-06-04 17:10:00,0,0,0.4382574260234833
mlp,de,3,1456,2024-06-04 17:10:00,0,0,0.4678155779838562
mlp,de,3,1457,2024-06-04 17:15:00,0,0,0.31917619705200195
mlp,de,3,1458,2024-06-04 17:15:00,0,0,0.4294634461402893
mlp,de,3,1459,2024-06-04 17:20:00,0,0,0.45132431387901306
mlp,de,3,1460,2024-06-04 17:20:00,0,0,0.33482399582862854
mlp,de,3,1461,2024-06-04 17:25:00,0,0,0.4195948839187622
mlp,de,3,1462,2024-06-04 17:25:00,0,0,0.34209394454956055
mlp,de,3,1463,2024-06-04 17:30:00,0,1,0.5095558762550354
mlp,de,3,1464,2024-06-04 17:30:00,0,1,0.546329140663147
mlp,de,3,1465,2024-06-04 17:35:00,0,1,0.508091926574707
mlp,de,3,1466,2024-06-04 17:35:00,0,0,0.49476349353790283
mlp,de,3,1467,2024-06-04 17:40:00,0,0,0.4920004606246948
mlp,de,3,1468,2024-06-04 17:40:00,0,0,0.4969404935836792
mlp,de,3,1469,2024-06-04 17:45:00,0,0,0.49796992540359497
mlp,de,3,1470,2024-06-04 17:45:00,0,0,0.48400232195854187
mlp,de,3,1471,2024-06-04 17:50:00,0,1,0.5307785868644714
mlp,de,3,1472,2024-06-04 17:50:00,0,1,0.5451532006263733
mlp,de,3,1473,2024-06-04 17:55:00,0,1,0.6419329643249512
mlp,de,3,1474,2024-06-04 17:55:00,0,1,0.6853653788566589
mlp,de,3,1475,2024-06-05 11:10:00,1,0,0.1654851734638214
mlp,de,3,1476,2024-06-05 11:10:00,1,0,0.15607407689094543
mlp,de,3,1477,2024-06-05 11:15:00,1,0,0.19065764546394348
mlp,de,3,1478,2024-06-05 11:15:00,1,0,0.18918800354003906
mlp,de,3,1479,2024-06-05 11:20:00,1,0,0.4955938458442688
mlp,de,3,1480,2024-06-05 11:20:00,1,0,0.4945541024208069
mlp,de,3,1481,2024-06-05 11:25:00,1,1,0.6592075824737549
mlp,de,3,1482,2024-06-05 11:25:00,1,1,0.6727212071418762
mlp,de,3,1483,2024-06-05 11:30:00,1,1,0.8360624313354492
mlp,de,3,1484,2024-06-05 11:30:00,1,1,0.8305516839027405
mlp,de,3,1485,2024-06-05 11:35:00,1,1,0.9255985617637634
mlp,de,3,1486,2024-06-05 11:35:00,1,1,0.9237813353538513
mlp,de,3,1487,2024-06-05 11:40:00,1,1,0.9441750049591064
mlp,de,3,1488,2024-06-05 11:40:00,0,1,0.938418984413147
mlp,de,3,1489,2024-06-05 11:45:00,0,1,0.817703366279602
mlp,de,3,1490,2024-06-05 11:45:00,1,1,0.816238522529602
mlp,de,3,1491,2024-06-05 11:50:00,1,1,0.7473000884056091
mlp,de,3,1492,2024-06-05 11:50:00,0,1,0.7281217575073242
mlp,de,3,1493,2024-06-05 11:55:00,1,1,0.596055805683136
mlp,de,3,1494,2024-06-05 11:55:00,0,1,0.5999539494514465
mlp,de,3,1495,2024-06-05 12:00:00,1,1,0.6195091009140015
mlp,de,3,1496,2024-06-05 12:00:00,0,1,0.6447046399116516
mlp,de,3,1497,2024-06-05 12:05:00,0,1,0.524120569229126
mlp,de,3,1498,2024-06-05 12:05:00,1,1,0.5035396814346313
mlp,de,3,1499,2024-06-05 12:10:00,1,0,0.43862268328666687
mlp,de,3,1500,2024-06-05 12:10:00,0,0,0.45422956347465515
mlp,de,3,1501,2024-06-05 12:15:00,0,1,0.6706465482711792
mlp,de,3,1502,2024-06-05 12:15:00,1,1,0.6587759256362915
mlp,de,3,1503,2024-06-05 12:20:00,0,1,0.7438552379608154
mlp,de,3,1504,2024-06-05 12:20:00,1,1,0.746725857257843
mlp,de,3,1505,2024-06-05 12:25:00,0,1,0.7667070627212524
mlp,de,3,1506,2024-06-05 12:25:00,0,1,0.7453793287277222
mlp,de,3,1507,2024-06-05 12:30:00,0,1,0.7494286894798279
mlp,de,3,1508,2024-06-05 12:30:00,0,1,0.6875569820404053
mlp,de,3,1509,2024-06-05 12:35:00,0,1,0.5623498558998108
mlp,de,3,1510,2024-06-05 12:35:00,0,1,0.6152394413948059
mlp,de,3,1511,2024-06-05 12:40:00,0,1,0.5537688732147217
mlp,de,3,1512,2024-06-05 12:40:00,0,1,0.518009603023529
mlp,de,3,1513,2024-06-05 12:45:00,0,0,0.4574762284755707
mlp,de,3,1514,2024-06-05 12:45:00,0,0,0.40262019634246826
mlp,de,3,1515,2024-06-05 12:50:00,0,0,0.2833583354949951
mlp,de,3,1516,2024-06-05 12:50:00,0,0,0.38432639837265015
mlp,de,3,1517,2024-06-05 12:55:00,0,0,0.45014023780822754
mlp,de,3,1518,2024-06-05 12:55:00,0,0,0.41592252254486084
mlp,de,3,1519,2024-06-05 13:00:00,0,0,0.40172386169433594
mlp,de,3,1520,2024-06-05 13:00:00,0,0,0.4146438241004944
mlp,de,3,1521,2024-06-05 13:05:00,0,0,0.31695178151130676
mlp,de,3,1522,2024-06-05 13:05:00,0,0,0.3218329846858978
mlp,de,3,1523,2024-06-05 13:10:00,0,0,0.26151421666145325
mlp,de,3,1524,2024-06-05 13:10:00,0,0,0.3067566752433777
mlp,de,3,1525,2024-06-05 13:15:00,0,0,0.31316834688186646
mlp,de,3,1526,2024-06-05 13:15:00,0,0,0.34306037425994873
mlp,de,3,1527,2024-06-05 13:20:00,0,0,0.339275598526001
mlp,de,3,1528,2024-06-05 13:20:00,0,0,0.3006156384944916
mlp,de,3,1529,2024-06-05 13:25:00,0,0,0.2600448429584503
mlp,de,3,1530,2024-06-05 13:25:00,0,0,0.26282060146331787
mlp,de,3,1531,2024-06-05 13:30:00,0,0,0.2430439591407776
mlp,de,3,1532,2024-06-05 13:30:00,0,0,0.25007492303848267
mlp,de,3,1533,2024-06-05 13:35:00,0,0,0.3437783420085907
mlp,de,3,1534,2024-06-05 13:35:00,0,0,0.316640168428421
mlp,de,3,1535,2024-06-05 13:40:00,0,0,0.3310616612434387
mlp,de,3,1536,2024-06-05 13:40:00,0,0,0.37485072016716003
mlp,de,3,1537,2024-06-05 13:45:00,0,0,0.19647382199764252
mlp,de,3,1538,2024-06-05 13:45:00,0,0,0.3400020897388458
mlp,de,3,1539,2024-06-05 13:50:00,0,1,0.5203046202659607
mlp,de,3,1540,2024-06-05 13:50:00,0,1,0.5584923028945923
mlp,de,3,1541,2024-06-05 13:55:00,0,1,0.5020763278007507
mlp,de,3,1542,2024-06-05 13:55:00,0,0,0.47904518246650696
mlp,de,3,1543,2024-06-05 14:00:00,0,1,0.5715466141700745
mlp,de,3,1544,2024-06-05 14:00:00,0,0,0.48662155866622925
mlp,de,3,1545,2024-06-05 14:05:00,0,0,0.42134490609169006
mlp,de,3,1546,2024-06-05 14:05:00,0,0,0.3374911844730377
mlp,de,3,1547,2024-06-05 14:10:00,0,0,0.3457534611225128
mlp,de,3,1548,2024-06-05 14:10:00,0,0,0.3204942047595978
mlp,de,3,1549,2024-06-05 14:15:00,0,0,0.3531185984611511
mlp,de,3,1550,2024-06-05 14:15:00,0,0,0.2772212028503418
mlp,de,3,1551,2024-06-05 14:20:00,0,0,0.42626461386680603
mlp,de,3,1552,2024-06-05 14:20:00,0,0,0.47131937742233276
mlp,de,3,1553,2024-06-05 14:25:00,0,1,0.5414122343063354
mlp,de,3,1554,2024-06-05 14:25:00,0,1,0.5678425431251526
mlp,de,3,1555,2024-06-05 14:30:00,0,1,0.7153288722038269
mlp,de,3,1556,2024-06-05 14:30:00,0,1,0.670646607875824
mlp,de,3,1557,2024-06-05 14:35:00,0,1,0.6640621423721313
mlp,de,3,1558,2024-06-05 14:35:00,0,1,0.6592704057693481
mlp,de,3,1559,2024-06-05 14:40:00,0,1,0.7446791529655457
mlp,de,3,1560,2024-06-05 14:40:00,0,1,0.6696811318397522
mlp,de,3,1561,2024-06-05 14:45:00,0,1,0.5056590437889099
mlp,de,3,1562,2024-06-05 14:45:00,0,1,0.5720901489257812
mlp,de,3,1563,2024-06-05 14:50:00,0,0,0.2754891812801361
mlp,de,3,1564,2024-06-05 14:50:00,0,0,0.27281877398490906
mlp,de,3,1565,2024-06-05 14:55:00,0,0,0.22850368916988373
mlp,de,3,1566,2024-06-05 14:55:00,0,0,0.19995242357254028
mlp,de,3,1567,2024-06-05 15:00:00,0,0,0.30454182624816895
mlp,de,3,1568,2024-06-05 15:00:00,0,0,0.33938369154930115
mlp,de,3,1569,2024-06-05 15:05:00,0,0,0.2795105576515198
mlp,de,3,1570,2024-06-05 15:05:00,0,0,0.25853195786476135
mlp,de,3,1571,2024-06-05 15:10:00,0,0,0.18782559037208557
mlp,de,3,1572,2024-06-05 15:10:00,0,0,0.17159059643745422
mlp,de,3,1573,2024-06-05 15:15:00,0,0,0.165209099650383
mlp,de,3,1574,2024-06-05 15:15:00,0,0,0.17833802103996277
mlp,de,3,1575,2024-06-05 15:20:00,0,0,0.23847578465938568
mlp,de,3,1576,2024-06-05 15:20:00,0,0,0.21797990798950195
mlp,de,3,1577,2024-06-05 15:25:00,0,0,0.22149072587490082
mlp,de,3,1578,2024-06-05 15:25:00,0,0,0.23161673545837402
mlp,de,3,1579,2024-06-05 15:30:00,0,0,0.2811102569103241
mlp,de,3,1580,2024-06-05 15:30:00,0,0,0.2693803012371063
mlp,de,3,1581,2024-06-05 15:35:00,1,0,0.20101548731327057
mlp,de,3,1582,2024-06-05 15:35:00,0,0,0.24004817008972168
mlp,de,3,1583,2024-06-05 15:40:00,0,0,0.3399672210216522
mlp,de,3,1584,2024-06-05 15:40:00,1,0,0.301601380109787
mlp,de,3,1585,2024-06-05 15:45:00,1,0,0.3627096116542816
mlp,de,3,1586,2024-06-05 15:45:00,0,0,0.3662514388561249
mlp,de,3,1587,2024-06-05 15:50:00,1,0,0.4972213804721832
mlp,de,3,1588,2024-06-05 15:50:00,0,1,0.5491523146629333
mlp,de,3,1589,2024-06-05 15:55:00,1,1,0.6627318859100342
mlp,de,3,1590,2024-06-05 15:55:00,0,1,0.6306024789810181
mlp,de,3,1591,2024-06-05 16:00:00,0,1,0.6947779655456543
mlp,de,3,1592,2024-06-05 16:00:00,1,1,0.772432804107666
mlp,de,3,1593,2024-06-05 16:05:00,0,1,0.507585346698761
mlp,de,3,1594,2024-06-05 16:05:00,1,0,0.4875517189502716
mlp,de,3,1595,2024-06-05 16:10:00,1,0,0.3494250476360321
mlp,de,3,1596,2024-06-05 16:10:00,1,0,0.38110417127609253
mlp,de,3,1597,2024-06-05 16:15:00,1,0,0.3856731355190277
mlp,de,3,1598,2024-06-05 16:15:00,1,0,0.3681301772594452
mlp,de,3,1599,2024-06-05 16:20:00,1,1,0.5132315158843994
mlp,de,3,1600,2024-06-05 16:20:00,1,0,0.48211193084716797
mlp,de,3,1601,2024-06-05 16:25:00,1,1,0.5051695108413696
mlp,de,3,1602,2024-06-05 16:25:00,1,0,0.49487558007240295
mlp,de,3,1603,2024-06-05 16:30:00,1,0,0.4366498589515686
mlp,de,3,1604,2024-06-05 16:30:00,1,0,0.46989768743515015
mlp,de,3,1605,2024-06-05 16:35:00,1,1,0.5193357467651367
mlp,de,3,1606,2024-06-05 16:35:00,1,1,0.5465566515922546
mlp,de,3,1607,2024-06-05 16:40:00,1,1,0.5655323266983032
mlp,de,3,1608,2024-06-05 16:40:00,1,1,0.5909067392349243
mlp,de,3,1609,2024-06-05 16:45:00,1,1,0.5196675658226013
mlp,de,3,1610,2024-06-05 16:45:00,1,1,0.5111101269721985
mlp,de,3,1611,2024-06-05 16:50:00,1,1,0.5677042007446289
mlp,de,3,1612,2024-06-05 16:50:00,1,1,0.5821915864944458
mlp,de,3,1613,2024-06-05 16:55:00,0,1,0.6617229580879211
mlp,de,3,1614,2024-06-05 16:55:00,1,1,0.6460005640983582
mlp,de,3,1615,2024-06-05 17:00:00,1,1,0.6200594305992126
mlp,de,3,1616,2024-06-05 17:00:00,0,1,0.653928279876709
mlp,de,3,1617,2024-06-05 17:05:00,0,0,0.45574265718460083
mlp,de,3,1618,2024-06-05 17:05:00,0,0,0.4677830934524536
mlp,de,3,1619,2024-06-05 17:10:00,1,0,0.36814436316490173
mlp,de,3,1620,2024-06-05 17:10:00,1,0,0.39066654443740845
mlp,de,3,1621,2024-06-05 17:15:00,1,1,0.5389301776885986
mlp,de,3,1622,2024-06-05 17:15:00,1,1,0.5372697114944458
mlp,de,3,1623,2024-06-05 17:20:00,1,1,0.5714186429977417
mlp,de,3,1624,2024-06-05 17:20:00,1,1,0.5622900128364563
mlp,de,3,1625,2024-06-05 17:25:00,1,1,0.6173555850982666
mlp,de,3,1626,2024-06-05 17:30:00,1,1,0.6095265746116638
mlp,de,3,1627,2024-06-05 17:30:00,1,1,0.6517319679260254
mlp,de,3,1628,2024-06-05 17:35:00,1,0,0.4661167562007904
mlp,de,3,1629,2024-06-05 17:35:00,1,0,0.47757190465927124
mlp,de,3,1630,2024-06-05 17:40:00,1,0,0.42516520619392395
mlp,de,3,1631,2024-06-05 17:40:00,1,0,0.2420579344034195
mlp,de,3,1632,2024-06-05 17:45:00,1,1,0.5341634154319763
mlp,de,3,1633,2024-06-05 17:45:00,1,1,0.5506806969642639
mlp,de,3,1634,2024-06-05 17:50:00,1,1,0.5186384320259094
mlp,de,3,1635,2024-06-05 17:50:00,1,1,0.5249285101890564
mlp,de,3,1636,2024-06-05 17:55:00,1,1,0.523605227470398
mlp,de,3,1637,2024-06-05 17:55:00,1,1,0.5203146934509277
mlp,de,3,1638,2024-06-06 12:40:00,0,1,0.8696992993354797
mlp,de,3,1639,2024-06-06 12:40:00,0,1,0.8628971576690674
mlp,de,3,1640,2024-06-06 12:45:00,0,1,0.6917692422866821
mlp,de,3,1641,2024-06-06 12:45:00,0,1,0.7003763914108276
mlp,de,3,1642,2024-06-06 12:50:00,0,1,0.6778419017791748
mlp,de,3,1643,2024-06-06 12:50:00,0,1,0.6669520139694214
mlp,de,3,1644,2024-06-06 12:55:00,0,1,0.7942821383476257
mlp,de,3,1645,2024-06-06 12:55:00,0,1,0.7047173380851746
mlp,de,3,1646,2024-06-06 13:00:00,0,0,0.3120467960834503
mlp,de,3,1647,2024-06-06 13:00:00,0,0,0.32648909091949463
mlp,de,3,1648,2024-06-06 13:05:00,0,0,0.21393045783042908
mlp,de,3,1649,2024-06-06 13:05:00,0,0,0.17244577407836914
mlp,de,3,1650,2024-06-06 13:10:00,0,0,0.23138827085494995
mlp,de,3,1651,2024-06-06 13:10:00,0,0,0.24898087978363037
mlp,de,3,1652,2024-06-06 13:15:00,0,0,0.361471951007843
mlp,de,3,1653,2024-06-06 13:15:00,0,0,0.3533639907836914
mlp,de,3,1654,2024-06-06 13:20:00,0,0,0.32798275351524353
mlp,de,3,1655,2024-06-06 13:20:00,0,0,0.3579099774360657
mlp,de,3,1656,2024-06-06 13:25:00,0,0,0.3757769763469696
mlp,de,3,1657,2024-06-06 13:25:00,0,0,0.3780987858772278
mlp,de,3,1658,2024-06-06 13:30:00,0,0,0.3098674416542053
mlp,de,3,1659,2024-06-06 13:30:00,0,0,0.307341605424881
mlp,de,3,1660,2024-06-06 13:35:00,0,0,0.23811282217502594
mlp,de,3,1661,2024-06-06 13:35:00,0,0,0.262541264295578
mlp,de,3,1662,2024-06-06 13:40:00,1,0,0.2185719758272171
mlp,de,3,1663,2024-06-06 13:40:00,0,0,0.21037742495536804
mlp,de,3,1664,2024-06-06 13:45:00,1,0,0.23682038486003876
mlp,de,3,1665,2024-06-06 13:45:00,1,0,0.19674508273601532
mlp,de,3,1666,2024-06-06 13:50:00,1,0,0.34703508019447327
mlp,de,3,1667,2024-06-06 13:50:00,1,0,0.34177926182746887
mlp,de,3,1668,2024-06-06 13:55:00,1,0,0.4687434732913971
mlp,de,3,1669,2024-06-06 13:55:00,1,0,0.47232404351234436
mlp,de,3,1670,2024-06-06 14:00:00,1,1,0.6370299458503723
mlp,de,3,1671,2024-06-06 14:00:00,1,1,0.6524795293807983
mlp,de,3,1672,2024-06-06 14:05:00,1,1,0.641588032245636
mlp,de,3,1673,2024-06-06 14:05:00,1,1,0.6875044107437134
mlp,de,3,1674,2024-06-06 14:10:00,1,1,0.6768532395362854
mlp,de,3,1675,2024-06-06 14:10:00,1,1,0.5874432325363159
mlp,de,3,1676,2024-06-06 14:15:00,1,1,0.6203887462615967
mlp,de,3,1677,2024-06-06 14:15:00,1,1,0.6435903310775757
mlp,de,3,1678,2024-06-06 14:20:00,1,1,0.7822059392929077
mlp,de,3,1679,2024-06-06 14:20:00,1,1,0.7889910340309143
mlp,de,3,1680,2024-06-06 14:25:00,1,1,0.798061728477478
mlp,de,3,1681,2024-06-06 14:25:00,1,1,0.8072699904441833
mlp,de,3,1682,2024-06-06 14:30:00,1,1,0.8393926620483398
mlp,de,3,1683,2024-06-06 14:30:00,1,1,0.8209354877471924
mlp,de,3,1684,2024-06-06 14:35:00,1,1,0.8356404304504395
mlp,de,3,1685,2024-06-06 14:35:00,1,1,0.8411808609962463
mlp,de,3,1686,2024-06-06 14:40:00,1,1,0.788310706615448
mlp,de,3,1687,2024-06-06 14:40:00,0,1,0.8229049444198608
mlp,de,3,1688,2024-06-06 14:45:00,0,1,0.5519794225692749
mlp,de,3,1689,2024-06-06 14:45:00,1,0,0.4897522032260895
mlp,de,3,1690,2024-06-06 14:50:00,0,0,0.31032291054725647
mlp,de,3,1691,2024-06-06 14:50:00,1,0,0.31703799962997437
mlp,de,3,1692,2024-06-06 14:55:00,0,0,0.24665513634681702
mlp,de,3,1693,2024-06-06 14:55:00,1,0,0.2943243384361267
mlp,de,3,1694,2024-06-06 15:00:00,1,0,0.29000556468963623
mlp,de,3,1695,2024-06-06 15:00:00,0,0,0.26868653297424316
mlp,de,3,1696,2024-06-06 15:05:00,1,0,0.17226183414459229
mlp,de,3,1697,2024-06-06 15:05:00,1,0,0.18452392518520355
mlp,de,3,1698,2024-06-06 15:10:00,1,0,0.17730505764484406
mlp,de,3,1699,2024-06-06 15:10:00,1,0,0.1680493801832199
mlp,de,3,1700,2024-06-06 15:15:00,1,0,0.37998175621032715
mlp,de,3,1701,2024-06-06 15:15:00,1,0,0.38655298948287964
mlp,de,3,1702,2024-06-06 15:20:00,1,1,0.5446101427078247
mlp,de,3,1703,2024-06-06 15:20:00,1,1,0.5549485087394714
mlp,de,3,1704,2024-06-06 15:25:00,1,1,0.5926344394683838
mlp,de,3,1705,2024-06-06 15:25:00,1,1,0.5810235738754272
mlp,de,3,1706,2024-06-06 15:30:00,1,1,0.6138187646865845
mlp,de,3,1707,2024-06-06 15:30:00,1,1,0.6063882112503052
mlp,de,3,1708,2024-06-06 15:35:00,1,1,0.6767412424087524
mlp,de,3,1709,2024-06-06 15:35:00,1,1,0.6691933870315552
mlp,de,3,1710,2024-06-06 15:40:00,1,1,0.700451672077179
mlp,de,3,1711,2024-06-06 15:40:00,1,1,0.7265378832817078
mlp,de,3,1712,2024-06-06 15:45:00,1,1,0.7605040073394775
mlp,de,3,1713,2024-06-06 15:45:00,1,1,0.7921084761619568
mlp,de,3,1714,2024-06-06 15:50:00,1,1,0.5558980107307434
mlp,de,3,1715,2024-06-06 15:50:00,1,1,0.5395804643630981
mlp,de,3,1716,2024-06-06 15:55:00,1,0,0.3720538020133972
mlp,de,3,1717,2024-06-06 15:55:00,1,0,0.39131057262420654
mlp,de,3,1718,2024-06-06 16:00:00,1,0,0.26757198572158813
mlp,de,3,1719,2024-06-06 16:00:00,1,0,0.2665502727031708
mlp,de,3,1720,2024-06-06 16:05:00,1,0,0.2992514371871948
mlp,de,3,1721,2024-06-06 16:05:00,1,0,0.28403016924858093
mlp,de,3,1722,2024-06-06 16:10:00,1,0,0.30638155341148376
mlp,de,3,1723,2024-06-06 16:10:00,1,0,0.2799239754676819
mlp,de,3,1724,2024-06-06 16:15:00,1,0,0.30285128951072693
mlp,de,3,1725,2024-06-06 16:15:00,1,0,0.33441054821014404
mlp,de,3,1726,2024-06-06 16:20:00,1,0,0.2707194983959198
mlp,de,3,1727,2024-06-06 16:20:00,1,0,0.3183456361293793
mlp,de,3,1728,2024-06-06 16:25:00,1,0,0.31910669803619385
mlp,de,3,1729,2024-06-06 16:25:00,1,0,0.33668145537376404
mlp,de,3,1730,2024-06-06 16:30:00,1,0,0.3167963922023773
mlp,de,3,1731,2024-06-06 16:30:00,1,0,0.3149486184120178
mlp,de,3,1732,2024-06-06 16:35:00,1,0,0.3934922516345978
mlp,de,3,1733,2024-06-06 16:35:00,1,0,0.3974430561065674
mlp,de,3,1734,2024-06-06 16:40:00,1,1,0.6078175902366638
mlp,de,3,1735,2024-06-06 16:40:00,1,1,0.6234682202339172
mlp,de,3,1736,2024-06-06 16:45:00,1,1,0.7256462574005127
mlp,de,3,1737,2024-06-06 16:45:00,1,1,0.7180691361427307
mlp,de,3,1738,2024-06-06 16:50:00,1,1,0.7853991389274597
mlp,de,3,1739,2024-06-06 16:50:00,1,1,0.8117245435714722
mlp,de,3,1740,2024-06-06 16:55:00,0,1,0.8206836581230164
mlp,de,3,1741,2024-06-06 16:55:00,0,1,0.8039284944534302
mlp,de,3,1742,2024-06-06 17:00:00,0,1,0.7770566940307617
mlp,de,3,1743,2024-06-06 17:00:00,0,1,0.7329340577125549
mlp,de,3,1744,2024-06-06 17:05:00,0,1,0.6505298018455505
mlp,de,3,1745,2024-06-06 17:05:00,0,1,0.5753815770149231
mlp,de,3,1746,2024-06-06 17:10:00,0,1,0.5963008999824524
mlp,de,3,1747,2024-06-06 17:10:00,0,1,0.5700082778930664
mlp,de,3,1748,2024-06-06 17:15:00,0,1,0.6450258493423462
mlp,de,3,1749,2024-06-06 17:15:00,0,1,0.5985854268074036
mlp,de,3,1750,2024-06-06 17:20:00,0,1,0.6158501505851746
mlp,de,3,1751,2024-06-06 17:20:00,0,1,0.5929268598556519
mlp,de,3,1752,2024-06-06 17:25:00,0,1,0.5076996684074402
mlp,de,3,1753,2024-06-06 17:25:00,0,1,0.5584535598754883
mlp,de,3,1754,2024-06-06 17:30:00,0,1,0.5878332853317261
mlp,de,3,1755,2024-06-06 17:30:00,0,1,0.5592017769813538
mlp,de,3,1756,2024-06-06 17:35:00,0,1,0.616046667098999
mlp,de,3,1757,2024-06-06 17:35:00,0,1,0.5868226885795593
mlp,de,3,1758,2024-06-06 17:40:00,0,0,0.49240824580192566
mlp,de,3,1759,2024-06-06 17:40:00,0,1,0.5028280019760132
mlp,de,3,1760,2024-06-06 17:45:00,0,0,0.4543062150478363
mlp,de,3,1761,2024-06-06 17:45:00,0,0,0.4783012568950653
mlp,de,3,1762,2024-06-06 17:50:00,0,1,0.5379787683486938
mlp,de,3,1763,2024-06-06 17:50:00,0,1,0.5605186820030212
mlp,de,3,1764,2024-06-06 17:55:00,0,0,0.468633234500885
mlp,de,3,1765,2024-06-06 17:55:00,1,0,0.49003109335899353
mlp,de,3,1766,2024-06-07 17:10:00,1,0,0.3879975974559784
mlp,de,3,1767,2024-06-07 17:15:00,1,0,0.2752523422241211
mlp,de,3,1768,2024-06-07 17:20:00,1,1,0.5984129905700684
mlp,de,3,1769,2024-06-07 17:25:00,1,1,0.5818690657615662
mlp,de,3,1770,2024-06-07 17:30:00,1,1,0.6009093523025513
mlp,de,3,1771,2024-06-07 17:35:00,1,0,0.4952384829521179
mlp,de,3,1772,2024-06-07 17:40:00,1,0,0.3860606253147125
mlp,de,3,1773,2024-06-07 17:45:00,1,0,0.2930862009525299
mlp,de,3,1774,2024-06-07 17:50:00,1,0,0.37708771228790283
mlp,de,3,1775,2024-06-07 17:55:00,1,0,0.38105395436286926
mlp,de,3,1776,2024-06-10 10:40:00,1,1,0.8661579489707947
mlp,de,3,1777,2024-06-10 10:45:00,1,1,0.9014243483543396
mlp,de,3,1778,2024-06-10 10:50:00,1,1,0.8478826880455017
mlp,de,3,1779,2024-06-10 10:55:00,1,1,0.6554722785949707
mlp,de,3,1780,2024-06-10 11:00:00,1,1,0.526854932308197
mlp,de,3,1781,2024-06-10 11:05:00,1,0,0.47213852405548096
mlp,de,3,1782,2024-06-10 11:10:00,1,1,0.5603277683258057
mlp,de,3,1783,2024-06-10 11:15:00,1,1,0.7047739028930664
mlp,de,3,1784,2024-06-10 11:20:00,1,1,0.7790288925170898
mlp,de,3,1785,2024-06-10 11:25:00,1,1,0.7112197279930115
mlp,de,3,1786,2024-06-10 11:30:00,1,1,0.5977288484573364
mlp,de,3,1787,2024-06-10 11:35:00,1,1,0.5443860292434692
mlp,de,3,1788,2024-06-10 11:40:00,1,1,0.6259294152259827
mlp,de,3,1789,2024-06-10 11:45:00,1,1,0.6458890438079834
mlp,de,3,1790,2024-06-10 11:50:00,0,1,0.7315748333930969
mlp,de,3,1791,2024-06-10 11:50:00,0,1,0.7175769805908203
mlp,de,3,1792,2024-06-10 11:55:00,0,0,0.4762559235095978
mlp,de,3,1793,2024-06-10 11:55:00,0,0,0.4897838234901428
mlp,de,3,1794,2024-06-10 12:00:00,0,0,0.4361121654510498
mlp,de,3,1795,2024-06-10 12:00:00,0,0,0.4375897943973541
mlp,de,3,1796,2024-06-10 12:05:00,0,0,0.3957740366458893
mlp,de,3,1797,2024-06-10 12:05:00,0,0,0.4252328872680664
mlp,de,3,1798,2024-06-10 12:10:00,0,0,0.3453611433506012
mlp,de,3,1799,2024-06-10 12:10:00,0,0,0.3272000849246979
mlp,de,3,1800,2024-06-10 12:15:00,0,0,0.3851822316646576
mlp,de,3,1801,2024-06-10 12:15:00,0,0,0.3923499584197998
mlp,de,3,1802,2024-06-10 12:20:00,0,0,0.3981529474258423
mlp,de,3,1803,2024-06-10 12:20:00,0,0,0.3887728750705719
mlp,de,3,1804,2024-06-10 12:25:00,0,0,0.3775187134742737
mlp,de,3,1805,2024-06-10 12:25:00,0,0,0.3752971589565277
mlp,de,3,1806,2024-06-10 12:30:00,0,0,0.3038561940193176
mlp,de,3,1807,2024-06-10 12:30:00,0,0,0.3015202581882477
mlp,de,3,1808,2024-06-10 12:35:00,0,0,0.35291215777397156
mlp,de,3,1809,2024-06-10 12:35:00,0,0,0.3389187157154083
mlp,de,3,1810,2024-06-10 12:40:00,0,0,0.40971431136131287
mlp,de,3,1811,2024-06-10 12:40:00,0,0,0.40412551164627075
mlp,de,3,1812,2024-06-10 12:45:00,0,0,0.4416441321372986
mlp,de,3,1813,2024-06-10 12:45:00,0,0,0.4465848207473755
mlp,de,3,1814,2024-06-10 12:50:00,1,0,0.33862051367759705
mlp,de,3,1815,2024-06-10 12:50:00,0,0,0.3456993103027344
mlp,de,3,1816,2024-06-10 12:55:00,1,0,0.41384637355804443
mlp,de,3,1817,2024-06-10 12:55:00,0,0,0.40136197209358215
mlp,de,3,1818,2024-06-10 13:00:00,1,1,0.5041990876197815
mlp,de,3,1819,2024-06-10 13:00:00,0,0,0.4824015498161316
mlp,de,3,1820,2024-06-10 13:05:00,1,1,0.5564766526222229
mlp,de,3,1821,2024-06-10 13:05:00,0,1,0.5537883043289185
mlp,de,3,1822,2024-06-10 13:10:00,0,1,0.6536880731582642
mlp,de,3,1823,2024-06-10 13:10:00,0,1,0.6498758792877197
mlp,de,3,1824,2024-06-10 13:15:00,0,1,0.5907876491546631
mlp,de,3,1825,2024-06-10 13:15:00,0,1,0.5851656198501587
mlp,de,3,1826,2024-06-10 13:20:00,0,1,0.5359495878219604
mlp,de,3,1827,2024-06-10 13:20:00,0,1,0.537545919418335
mlp,de,3,1828,2024-06-10 13:25:00,0,0,0.43321916460990906
mlp,de,3,1829,2024-06-10 13:25:00,0,0,0.44871780276298523
mlp,de,3,1830,2024-06-10 13:30:00,0,0,0.3574402630329132
mlp,de,3,1831,2024-06-10 13:30:00,0,0,0.37187865376472473
mlp,de,3,1832,2024-06-10 13:35:00,0,0,0.41798433661460876
mlp,de,3,1833,2024-06-10 13:35:00,0,0,0.41960379481315613
mlp,de,3,1834,2024-06-10 13:40:00,0,1,0.512688159942627
mlp,de,3,1835,2024-06-10 13:40:00,0,1,0.516053318977356
mlp,de,3,1836,2024-06-10 13:45:00,0,0,0.43350669741630554
mlp,de,3,1837,2024-06-10 13:45:00,0,0,0.4356858432292938
mlp,de,3,1838,2024-06-10 13:50:00,0,0,0.4604061245918274
mlp,de,3,1839,2024-06-10 13:50:00,0,0,0.460358589887619
mlp,de,3,1840,2024-06-10 13:55:00,0,0,0.4873393774032593
mlp,de,3,1841,2024-06-10 13:55:00,0,0,0.4927687346935272
mlp,de,3,1842,2024-06-10 14:00:00,0,1,0.5220872759819031
mlp,de,3,1843,2024-06-10 14:00:00,0,1,0.5151004195213318
mlp,de,3,1844,2024-06-10 14:05:00,0,1,0.5124349594116211
mlp,de,3,1845,2024-06-10 14:05:00,0,1,0.5178416967391968
mlp,de,3,1846,2024-06-10 14:10:00,0,0,0.4157290458679199
mlp,de,3,1847,2024-06-10 14:10:00,0,0,0.42040058970451355
mlp,de,3,1848,2024-06-10 14:15:00,0,0,0.37328776717185974
mlp,de,3,1849,2024-06-10 14:15:00,0,0,0.36566397547721863
mlp,de,3,1850,2024-06-10 14:20:00,0,0,0.32823193073272705
mlp,de,3,1851,2024-06-10 14:20:00,0,0,0.31319719552993774
mlp,de,3,1852,2024-06-10 14:25:00,0,0,0.3696911334991455
mlp,de,3,1853,2024-06-10 14:25:00,0,0,0.3831717073917389
mlp,de,3,1854,2024-06-10 14:30:00,0,0,0.45280787348747253
mlp,de,3,1855,2024-06-10 14:30:00,0,0,0.4598473906517029
mlp,de,3,1856,2024-06-10 14:35:00,0,0,0.4745487570762634
mlp,de,3,1857,2024-06-10 14:35:00,0,1,0.5001047849655151
mlp,de,3,1858,2024-06-10 14:40:00,0,1,0.5156788229942322
mlp,de,3,1859,2024-06-10 14:40:00,0,1,0.5173291563987732
mlp,de,3,1860,2024-06-10 14:45:00,0,1,0.6240212321281433
mlp,de,3,1861,2024-06-10 14:45:00,0,1,0.6207186579704285
mlp,de,3,1862,2024-06-10 14:50:00,0,1,0.5586323142051697
mlp,de,3,1863,2024-06-10 14:50:00,0,1,0.5817661881446838
mlp,de,3,1864,2024-06-10 14:55:00,0,0,0.36798566579818726
mlp,de,3,1865,2024-06-10 14:55:00,0,0,0.36891597509384155
mlp,de,3,1866,2024-06-10 15:00:00,0,0,0.22129690647125244
mlp,de,3,1867,2024-06-10 15:00:00,0,0,0.22804954648017883
mlp,de,3,1868,2024-06-10 15:05:00,0,0,0.2364402860403061
mlp,de,3,1869,2024-06-10 15:05:00,0,0,0.24604588747024536
mlp,de,3,1870,2024-06-10 15:10:00,0,0,0.2577570676803589
mlp,de,3,1871,2024-06-10 15:10:00,0,0,0.26872968673706055
mlp,de,3,1872,2024-06-10 15:15:00,0,0,0.30919426679611206
mlp,de,3,1873,2024-06-10 15:15:00,0,0,0.3154052793979645
mlp,de,3,1874,2024-06-10 15:20:00,1,0,0.31090986728668213
mlp,de,3,1875,2024-06-10 15:20:00,1,0,0.30324724316596985
mlp,de,3,1876,2024-06-10 15:25:00,1,0,0.3748333156108856
mlp,de,3,1877,2024-06-10 15:25:00,1,0,0.3913499414920807
mlp,de,3,1878,2024-06-10 15:30:00,1,0,0.4549972712993622
mlp,de,3,1879,2024-06-10 15:30:00,1,0,0.45656436681747437
mlp,de,3,1880,2024-06-10 15:35:00,1,1,0.7280863523483276
mlp,de,3,1881,2024-06-10 15:35:00,1,1,0.7270503640174866
mlp,de,3,1882,2024-06-10 15:40:00,0,1,0.8123660683631897
mlp,de,3,1883,2024-06-10 15:40:00,0,1,0.8073488473892212
mlp,de,3,1884,2024-06-10 15:45:00,0,1,0.7549211978912354
mlp,de,3,1885,2024-06-10 15:45:00,0,1,0.7642319202423096
mlp,de,3,1886,2024-06-10 15:50:00,0,1,0.7212030291557312
mlp,de,3,1887,2024-06-10 15:50:00,0,1,0.7330924272537231
mlp,de,3,1888,2024-06-10 15:55:00,0,1,0.5893296003341675
mlp,de,3,1889,2024-06-10 15:55:00,0,1,0.5775989294052124
mlp,de,3,1890,2024-06-10 16:00:00,0,1,0.5787377953529358
mlp,de,3,1891,2024-06-10 16:00:00,0,1,0.5761077404022217
mlp,de,3,1892,2024-06-10 16:05:00,0,0,0.4102776050567627
mlp,de,3,1893,2024-06-10 16:05:00,0,0,0.40838104486465454
mlp,de,3,1894,2024-06-10 16:10:00,0,1,0.5251129269599915
mlp,de,3,1895,2024-06-10 16:10:00,0,1,0.5233936309814453
mlp,de,3,1896,2024-06-10 16:15:00,0,1,0.5363977551460266
mlp,de,3,1897,2024-06-10 16:15:00,0,1,0.5386573076248169
mlp,de,3,1898,2024-06-10 16:20:00,0,1,0.5442768335342407
mlp,de,3,1899,2024-06-10 16:20:00,0,1,0.5530444979667664
mlp,de,3,1900,2024-06-10 16:25:00,0,0,0.47054028511047363
mlp,de,3,1901,2024-06-10 16:25:00,0,0,0.4523562788963318
mlp,de,3,1902,2024-06-10 16:30:00,0,0,0.3442123532295227
mlp,de,3,1903,2024-06-10 16:30:00,0,0,0.33622175455093384
mlp,de,3,1904,2024-06-10 16:35:00,0,0,0.3434580862522125
mlp,de,3,1905,2024-06-10 16:35:00,0,0,0.32464364171028137
mlp,de,3,1906,2024-06-10 16:40:00,0,0,0.4974948465824127
mlp,de,3,1907,2024-06-10 16:40:00,0,0,0.49814462661743164
mlp,de,3,1908,2024-06-10 16:45:00,0,0,0.41126805543899536
mlp,de,3,1909,2024-06-10 16:45:00,0,0,0.4304714798927307
mlp,de,3,1910,2024-06-10 16:50:00,0,0,0.3782610595226288
mlp,de,3,1911,2024-06-10 16:50:00,0,0,0.357646107673645
mlp,de,3,1912,2024-06-10 16:55:00,0,0,0.39986318349838257
mlp,de,3,1913,2024-06-10 16:55:00,0,0,0.37553679943084717
mlp,de,3,1914,2024-06-10 17:00:00,0,0,0.4123480021953583
mlp,de,3,1915,2024-06-10 17:00:00,1,0,0.40530574321746826
mlp,de,3,1916,2024-06-10 17:05:00,1,0,0.4140979051589966
mlp,de,3,1917,2024-06-10 17:05:00,0,0,0.42876556515693665
mlp,de,3,1918,2024-06-10 17:10:00,1,0,0.494933545589447
mlp,de,3,1919,2024-06-10 17:10:00,0,0,0.48595714569091797
mlp,de,3,1920,2024-06-10 17:15:00,1,0,0.4627642333507538
mlp,de,3,1921,2024-06-10 17:15:00,1,0,0.45069774985313416
mlp,de,3,1922,2024-06-10 17:20:00,1,0,0.465913325548172
mlp,de,3,1923,2024-06-10 17:20:00,1,0,0.4690643548965454
mlp,de,3,1924,2024-06-10 17:25:00,1,1,0.5281373858451843
mlp,de,3,1925,2024-06-10 17:25:00,1,1,0.5342705249786377
mlp,de,3,1926,2024-06-10 17:30:00,1,1,0.6441324949264526
mlp,de,3,1927,2024-06-10 17:30:00,1,1,0.6332454681396484
mlp,de,3,1928,2024-06-10 17:35:00,1,1,0.6731776595115662
mlp,de,3,1929,2024-06-10 17:35:00,1,1,0.6891412138938904
mlp,de,3,1930,2024-06-10 17:40:00,1,1,0.6453412771224976
mlp,de,3,1931,2024-06-10 17:40:00,1,1,0.6408484578132629
mlp,de,3,1932,2024-06-10 17:45:00,1,1,0.6222993731498718
mlp,de,3,1933,2024-06-10 17:45:00,1,1,0.5972694158554077
mlp,de,3,1934,2024-06-10 17:50:00,1,1,0.5330631732940674
mlp,de,3,1935,2024-06-10 17:50:00,1,1,0.5387909412384033
mlp,de,3,1936,2024-06-10 17:55:00,0,1,0.5549728274345398
mlp,de,3,1937,2024-06-10 17:55:00,0,1,0.5538973212242126
mlp,de,3,1938,2024-06-12 10:40:00,0,0,0.049339719116687775
mlp,de,3,1939,2024-06-12 10:40:00,0,0,0.04807281494140625
mlp,de,3,1940,2024-06-12 10:45:00,0,0,0.046356141567230225
mlp,de,3,1941,2024-06-12 10:45:00,0,0,0.04684485122561455
mlp,de,3,1942,2024-06-12 10:50:00,0,0,0.05449764430522919
mlp,de,3,1943,2024-06-12 10:50:00,0,0,0.055863767862319946
mlp,de,3,1944,2024-06-12 10:55:00,0,0,0.061303671449422836
mlp,de,3,1945,2024-06-12 10:55:00,0,0,0.06232839450240135
mlp,de,3,1946,2024-06-12 11:00:00,1,0,0.06625182181596756
mlp,de,3,1947,2024-06-12 11:00:00,0,0,0.06582845002412796
mlp,de,3,1948,2024-06-12 11:05:00,0,0,0.11099019646644592
mlp,de,3,1949,2024-06-12 11:05:00,1,0,0.11374960094690323
mlp,de,3,1950,2024-06-12 11:10:00,1,0,0.14348380267620087
mlp,de,3,1951,2024-06-12 11:10:00,1,0,0.13588325679302216
mlp,de,3,1952,2024-06-12 11:15:00,1,0,0.3304915130138397
mlp,de,3,1953,2024-06-12 11:15:00,1,0,0.3253217041492462
mlp,de,3,1954,2024-06-12 11:20:00,1,1,0.5867665410041809
mlp,de,3,1955,2024-06-12 11:20:00,1,1,0.6187906265258789
mlp,de,3,1956,2024-06-12 11:25:00,1,1,0.7081390023231506
mlp,de,3,1957,2024-06-12 11:25:00,1,1,0.7217246294021606
mlp,de,3,1958,2024-06-12 11:30:00,1,1,0.6406704187393188
mlp,de,3,1959,2024-06-12 11:30:00,1,1,0.6621969938278198
mlp,de,3,1960,2024-06-12 11:35:00,1,0,0.4755203425884247
mlp,de,3,1961,2024-06-12 11:35:00,1,1,0.5086278319358826
mlp,de,3,1962,2024-06-12 11:40:00,1,0,0.4319957196712494
mlp,de,3,1963,2024-06-12 11:40:00,1,0,0.4495016038417816
mlp,de,3,1964,2024-06-12 11:45:00,1,0,0.37138161063194275
mlp,de,3,1965,2024-06-12 11:45:00,1,0,0.37806209921836853
mlp,de,3,1966,2024-06-12 11:50:00,1,0,0.41824400424957275
mlp,de,3,1967,2024-06-12 11:50:00,1,0,0.4278203845024109
mlp,de,3,1968,2024-06-12 11:55:00,1,0,0.4184058904647827
mlp,de,3,1969,2024-06-12 11:55:00,1,0,0.4059329926967621
mlp,de,3,1970,2024-06-12 12:00:00,1,0,0.3320310711860657
mlp,de,3,1971,2024-06-12 12:00:00,1,0,0.3334343135356903
mlp,de,3,1972,2024-06-12 12:05:00,1,0,0.29194191098213196
mlp,de,3,1973,2024-06-12 12:05:00,1,0,0.29119789600372314
mlp,de,3,1974,2024-06-12 12:10:00,1,0,0.24595539271831512
mlp,de,3,1975,2024-06-12 12:10:00,1,0,0.24805867671966553
mlp,de,3,1976,2024-06-12 12:15:00,1,0,0.28660905361175537
mlp,de,3,1977,2024-06-12 12:15:00,1,0,0.29491567611694336
mlp,de,3,1978,2024-06-12 12:20:00,1,0,0.483923077583313
mlp,de,3,1979,2024-06-12 12:20:00,1,0,0.4870778024196625
mlp,de,3,1980,2024-06-12 12:25:00,1,1,0.6613267064094543
mlp,de,3,1981,2024-06-12 12:25:00,1,1,0.690267026424408
mlp,de,3,1982,2024-06-12 12:30:00,1,1,0.6664220094680786
mlp,de,3,1983,2024-06-12 12:30:00,1,1,0.6973819136619568
mlp,de,3,1984,2024-06-12 12:35:00,1,1,0.6790191531181335
mlp,de,3,1985,2024-06-12 12:35:00,1,1,0.6902793049812317
mlp,de,3,1986,2024-06-12 12:40:00,1,1,0.7120826840400696
mlp,de,3,1987,2024-06-12 12:40:00,1,1,0.7336599230766296
mlp,de,3,1988,2024-06-12 12:45:00,1,1,0.704399049282074
mlp,de,3,1989,2024-06-12 12:45:00,1,1,0.6971468925476074
mlp,de,3,1990,2024-06-12 12:50:00,1,1,0.6792423129081726
mlp,de,3,1991,2024-06-12 12:50:00,1,1,0.6866657137870789
mlp,de,3,1992,2024-06-12 12:55:00,1,1,0.6312423944473267
mlp,de,3,1993,2024-06-12 12:55:00,1,1,0.6541488170623779
mlp,de,3,1994,2024-06-12 13:00:00,1,1,0.6612339019775391
mlp,de,3,1995,2024-06-12 13:00:00,1,1,0.6462284922599792
mlp,de,3,1996,2024-06-12 13:05:00,1,0,0.4615522027015686
mlp,de,3,1997,2024-06-12 13:05:00,1,0,0.47596290707588196
mlp,de,3,1998,2024-06-12 13:10:00,1,0,0.35995033383369446
mlp,de,3,1999,2024-06-12 13:10:00,1,0,0.344795823097229
mlp,de,3,2000,2024-06-12 13:15:00,1,0,0.4290257394313812
mlp,de,3,2001,2024-06-12 13:15:00,1,0,0.43712523579597473
mlp,de,3,2002,2024-06-12 13:20:00,1,1,0.5530741810798645
mlp,de,3,2003,2024-06-12 13:20:00,1,1,0.531671404838562
mlp,de,3,2004,2024-06-12 13:25:00,1,1,0.6845558881759644
mlp,de,3,2005,2024-06-12 13:25:00,1,1,0.6758104562759399
mlp,de,3,2006,2024-06-12 13:30:00,1,1,0.7758468389511108
mlp,de,3,2007,2024-06-12 13:30:00,1,1,0.7872102856636047
mlp,de,3,2008,2024-06-12 13:35:00,1,1,0.8168570399284363
mlp,de,3,2009,2024-06-12 13:35:00,1,1,0.8093901872634888
mlp,de,3,2010,2024-06-12 13:40:00,1,1,0.8210063576698303
mlp,de,3,2011,2024-06-12 13:40:00,1,1,0.810577392578125
mlp,de,3,2012,2024-06-12 13:45:00,1,1,0.7046137452125549
mlp,de,3,2013,2024-06-12 13:45:00,1,1,0.7373602390289307
mlp,de,3,2014,2024-06-12 13:50:00,0,1,0.748897910118103
mlp,de,3,2015,2024-06-12 13:50:00,1,1,0.7658706903457642
mlp,de,3,2016,2024-06-12 13:55:00,1,1,0.549434244632721
mlp,de,3,2017,2024-06-12 13:55:00,0,1,0.5712604522705078
mlp,de,3,2018,2024-06-12 14:00:00,0,0,0.3323037028312683
mlp,de,3,2019,2024-06-12 14:00:00,1,0,0.28854769468307495
mlp,de,3,2020,2024-06-12 14:05:00,0,0,0.2340366691350937
mlp,de,3,2021,2024-06-12 14:05:00,1,0,0.18138884007930756
mlp,de,3,2022,2024-06-12 14:10:00,0,0,0.2891787588596344
mlp,de,3,2023,2024-06-12 14:10:00,1,0,0.22771860659122467
mlp,de,3,2024,2024-06-12 14:15:00,1,0,0.23481494188308716
mlp,de,3,2025,2024-06-12 14:15:00,0,0,0.3261902630329132
mlp,de,3,2026,2024-06-12 14:20:00,1,0,0.47648316621780396
mlp,de,3,2027,2024-06-12 14:20:00,0,1,0.5001296401023865
mlp,de,3,2028,2024-06-12 14:25:00,1,1,0.501065731048584
mlp,de,3,2029,2024-06-12 14:25:00,0,0,0.48607969284057617
mlp,de,3,2030,2024-06-12 14:30:00,0,1,0.6355712413787842
mlp,de,3,2031,2024-06-12 14:30:00,1,1,0.6361246705055237
mlp,de,3,2032,2024-06-12 14:35:00,0,1,0.6786721348762512
mlp,de,3,2033,2024-06-12 14:35:00,1,1,0.7230212688446045
mlp,de,3,2034,2024-06-12 14:40:00,1,1,0.7703327536582947
mlp,de,3,2035,2024-06-12 14:40:00,0,1,0.7186615467071533
mlp,de,3,2036,2024-06-12 14:45:00,0,1,0.769653856754303
mlp,de,3,2037,2024-06-12 14:45:00,0,1,0.7221097946166992
mlp,de,3,2038,2024-06-12 14:50:00,0,1,0.6351414322853088
mlp,de,3,2039,2024-06-12 14:50:00,0,1,0.6430323719978333
mlp,de,3,2040,2024-06-12 14:55:00,0,1,0.6089475154876709
mlp,de,3,2041,2024-06-12 14:55:00,0,1,0.561455488204956
mlp,de,3,2042,2024-06-12 15:00:00,0,0,0.30205294489860535
mlp,de,3,2043,2024-06-12 15:00:00,0,0,0.39927229285240173
mlp,de,3,2044,2024-06-12 15:05:00,0,0,0.38036176562309265
mlp,de,3,2045,2024-06-12 15:05:00,0,0,0.33664610981941223
mlp,de,3,2046,2024-06-12 15:10:00,0,0,0.236315056681633
mlp,de,3,2047,2024-06-12 15:10:00,0,0,0.3323642909526825
mlp,de,3,2048,2024-06-12 15:15:00,0,0,0.461638480424881
mlp,de,3,2049,2024-06-12 15:15:00,0,0,0.4139386713504791
mlp,de,3,2050,2024-06-12 15:20:00,0,0,0.40569746494293213
mlp,de,3,2051,2024-06-12 15:20:00,0,0,0.46314433217048645
mlp,de,3,2052,2024-06-12 15:25:00,0,0,0.48218223452568054
mlp,de,3,2053,2024-06-12 15:25:00,0,1,0.5123468637466431
mlp,de,3,2054,2024-06-12 15:30:00,0,0,0.35792458057403564
mlp,de,3,2055,2024-06-12 15:30:00,0,0,0.4617348313331604
mlp,de,3,2056,2024-06-12 15:35:00,0,0,0.35665929317474365
mlp,de,3,2057,2024-06-12 15:35:00,0,0,0.42352816462516785
mlp,de,3,2058,2024-06-12 15:40:00,0,0,0.31738531589508057
mlp,de,3,2059,2024-06-12 15:40:00,0,0,0.14722754061222076
mlp,de,3,2060,2024-06-12 15:45:00,1,0,0.19444845616817474
mlp,de,3,2061,2024-06-12 15:45:00,1,0,0.05932583287358284
mlp,de,3,2062,2024-06-12 15:50:00,1,0,0.19454191625118256
mlp,de,3,2063,2024-06-12 15:50:00,1,0,0.07273609936237335
mlp,de,3,2064,2024-06-12 15:55:00,1,0,0.18835580348968506
mlp,de,3,2065,2024-06-12 15:55:00,1,0,0.30251646041870117
mlp,de,3,2066,2024-06-12 16:00:00,1,0,0.40110036730766296
mlp,de,3,2067,2024-06-12 16:00:00,1,0,0.4143528640270233
mlp,de,3,2068,2024-06-12 16:05:00,1,0,0.4308393597602844
mlp,de,3,2069,2024-06-12 16:05:00,1,0,0.4569191634654999
mlp,de,3,2070,2024-06-12 16:10:00,1,1,0.6132699847221375
mlp,de,3,2071,2024-06-12 16:10:00,1,1,0.521767258644104
mlp,de,3,2072,2024-06-12 16:15:00,0,1,0.7710475325584412
mlp,de,3,2073,2024-06-12 16:15:00,1,1,0.6005899906158447
mlp,de,3,2074,2024-06-12 16:20:00,1,1,0.5246778130531311
mlp,de,3,2075,2024-06-12 16:20:00,0,1,0.5266342759132385
mlp,de,3,2076,2024-06-12 16:25:00,0,0,0.3502213954925537
mlp,de,3,2077,2024-06-12 16:25:00,1,0,0.45749932527542114
mlp,de,3,2078,2024-06-12 16:30:00,0,0,0.46132737398147583
mlp,de,3,2079,2024-06-12 16:30:00,1,0,0.4965853691101074
mlp,de,3,2080,2024-06-12 16:35:00,1,1,0.5391047596931458
mlp,de,3,2081,2024-06-12 16:35:00,0,1,0.5313201546669006
mlp,de,3,2082,2024-06-12 16:40:00,1,1,0.5456013679504395
mlp,de,3,2083,2024-06-12 16:40:00,0,1,0.55317223072052
mlp,de,3,2084,2024-06-12 16:45:00,0,1,0.6763289570808411
mlp,de,3,2085,2024-06-12 16:45:00,1,1,0.5893454551696777
mlp,de,3,2086,2024-06-12 16:50:00,0,1,0.7210759520530701
mlp,de,3,2087,2024-06-12 16:50:00,1,1,0.6507372856140137
mlp,de,3,2088,2024-06-12 16:55:00,0,1,0.6691337823867798
mlp,de,3,2089,2024-06-12 17:00:00,0,1,0.6670946478843689
mlp,de,3,2090,2024-06-12 17:05:00,0,0,0.4681415557861328
mlp,de,3,2091,2024-06-12 17:10:00,0,0,0.49750369787216187
mlp,de,3,2092,2024-06-12 17:15:00,0,0,0.44641247391700745
mlp,de,3,2093,2024-06-12 17:20:00,0,1,0.5115384459495544
mlp,de,3,2094,2024-06-12 17:25:00,0,0,0.43003347516059875
mlp,de,3,2095,2024-06-12 17:30:00,0,0,0.3252328634262085
mlp,de,3,2096,2024-06-12 17:35:00,0,0,0.23132069408893585
mlp,de,3,2097,2024-06-12 17:40:00,0,0,0.19606073200702667
mlp,de,3,2098,2024-06-12 17:45:00,0,0,0.3149859607219696
mlp,de,3,2099,2024-06-12 17:50:00,0,0,0.30902495980262756
mlp,de,3,2100,2024-06-12 17:55:00,0,0,0.2854032814502716
mlp,de,3,2101,2024-06-13 12:10:00,1,0,0.2714649438858032
mlp,de,3,2102,2024-06-13 12:15:00,1,1,0.5389711856842041
mlp,de,3,2103,2024-06-13 12:20:00,1,1,0.8140328526496887
mlp,de,3,2104,2024-06-13 12:25:00,1,1,0.9301769137382507
mlp,de,3,2105,2024-06-13 12:30:00,1,1,0.9216951131820679
mlp,de,3,2106,2024-06-13 12:35:00,1,1,0.7937320470809937
mlp,de,3,2107,2024-06-13 12:40:00,1,1,0.7129508852958679
mlp,de,3,2108,2024-06-13 12:45:00,1,1,0.6730644702911377
mlp,de,3,2109,2024-06-13 12:50:00,1,1,0.7042403221130371
mlp,de,3,2110,2024-06-13 12:55:00,1,1,0.7408461570739746
mlp,de,3,2111,2024-06-13 13:00:00,1,1,0.7187690734863281
mlp,de,3,2112,2024-06-13 13:05:00,1,1,0.7856475710868835
mlp,de,3,2113,2024-06-13 13:10:00,1,1,0.7030896544456482
mlp,de,3,2114,2024-06-13 13:15:00,1,1,0.5504021644592285
mlp,de,3,2115,2024-06-13 13:20:00,1,0,0.4822845160961151
mlp,de,3,2116,2024-06-13 13:25:00,1,0,0.37183770537376404
mlp,de,3,2117,2024-06-13 13:30:00,1,0,0.4571612477302551
mlp,de,3,2118,2024-06-13 13:35:00,1,0,0.457389235496521
mlp,de,3,2119,2024-06-13 13:40:00,1,0,0.3460719883441925
mlp,de,3,2120,2024-06-13 13:45:00,1,0,0.4230205714702606
mlp,de,3,2121,2024-06-13 13:50:00,1,1,0.713758111000061
mlp,de,3,2122,2024-06-13 13:55:00,1,1,0.7478758692741394
mlp,de,3,2123,2024-06-13 14:00:00,1,1,0.7367156147956848
mlp,de,3,2124,2024-06-13 14:05:00,1,1,0.706253707408905
mlp,de,3,2125,2024-06-13 14:10:00,0,1,0.7232488989830017
mlp,de,3,2126,2024-06-13 14:15:00,0,1,0.509518027305603
mlp,de,3,2127,2024-06-13 14:20:00,0,0,0.4596582055091858
mlp,de,3,2128,2024-06-13 14:25:00,0,0,0.3776969909667969
mlp,de,3,2129,2024-06-13 14:30:00,0,0,0.28137731552124023
mlp,de,3,2130,2024-06-13 14:35:00,0,0,0.3215450644493103
mlp,de,3,2131,2024-06-13 14:40:00,0,0,0.4246083199977875
mlp,de,3,2132,2024-06-13 14:45:00,0,0,0.3674981892108917
mlp,de,3,2133,2024-06-13 14:50:00,0,0,0.4035961925983429
mlp,de,3,2134,2024-06-13 14:55:00,0,1,0.5222794413566589
mlp,de,3,2135,2024-06-13 15:00:00,0,1,0.5628845691680908
mlp,de,3,2136,2024-06-13 15:05:00,0,1,0.692043125629425
mlp,de,3,2137,2024-06-13 15:10:00,0,1,0.5684105157852173
mlp,de,3,2138,2024-06-13 15:15:00,0,0,0.42264530062675476
mlp,de,3,2139,2024-06-13 15:20:00,0,0,0.46195852756500244
mlp,de,3,2140,2024-06-13 15:25:00,0,0,0.4740443825721741
mlp,de,3,2141,2024-06-13 15:30:00,0,1,0.5625050663948059
mlp,de,3,2142,2024-06-13 15:35:00,0,0,0.44984370470046997
mlp,de,3,2143,2024-06-13 15:40:00,0,1,0.6070095300674438
mlp,de,3,2144,2024-06-13 15:45:00,0,1,0.7151995897293091
mlp,de,3,2145,2024-06-13 15:50:00,0,1,0.6090081334114075
mlp,de,3,2146,2024-06-13 15:55:00,0,1,0.5839253067970276
mlp,de,3,2147,2024-06-13 16:00:00,0,1,0.5592561960220337
mlp,de,3,2148,2024-06-13 16:05:00,0,0,0.48697319626808167
mlp,de,3,2149,2024-06-13 16:10:00,0,0,0.4093979001045227
mlp,de,3,2150,2024-06-13 16:15:00,0,0,0.44217127561569214
mlp,de,3,2151,2024-06-13 16:20:00,0,1,0.5136824250221252
mlp,de,3,2152,2024-06-13 16:25:00,0,0,0.4769352376461029
mlp,de,3,2153,2024-06-13 16:30:00,0,0,0.33688798546791077
mlp,de,3,2154,2024-06-13 16:35:00,0,0,0.44490328431129456
mlp,de,3,2155,2024-06-13 16:40:00,0,0,0.43048569560050964
mlp,de,3,2156,2024-06-13 16:45:00,0,0,0.369745671749115
mlp,de,3,2157,2024-06-13 16:50:00,0,0,0.4207656681537628
mlp,de,3,2158,2024-06-13 16:55:00,0,0,0.3266567289829254
mlp,de,3,2159,2024-06-13 17:00:00,0,0,0.24980390071868896
mlp,de,3,2160,2024-06-13 17:05:00,0,0,0.16071517765522003
mlp,de,3,2161,2024-06-13 17:10:00,0,0,0.15380629897117615
mlp,de,3,2162,2024-06-13 17:15:00,0,0,0.22463566064834595
mlp,de,3,2163,2024-06-13 17:20:00,0,0,0.24819225072860718
mlp,de,3,2164,2024-06-13 17:25:00,0,0,0.2950970530509949
mlp,de,3,2165,2024-06-13 17:30:00,0,0,0.3422204852104187
mlp,de,3,2166,2024-06-13 17:35:00,0,0,0.2783203721046448
mlp,de,3,2167,2024-06-13 17:40:00,0,0,0.37757378816604614
mlp,de,3,2168,2024-06-13 17:45:00,0,0,0.4987480938434601
mlp,de,3,2169,2024-06-13 17:50:00,0,0,0.49347302317619324
mlp,de,3,2170,2024-06-13 17:55:00,0,0,0.47223177552223206
mlp,de,3,2171,2024-06-14 11:05:00,1,0,0.3087014853954315
mlp,de,3,2172,2024-06-14 11:10:00,1,0,0.38945716619491577
mlp,de,3,2173,2024-06-14 11:15:00,1,0,0.48674318194389343
mlp,de,3,2174,2024-06-14 11:20:00,1,1,0.6941162943840027
mlp,de,3,2175,2024-06-14 11:25:00,1,1,0.823694109916687
mlp,de,3,2176,2024-06-14 11:30:00,1,1,0.7144616842269897
mlp,de,3,2177,2024-06-14 11:35:00,1,1,0.6423729658126831
mlp,de,3,2178,2024-06-14 11:40:00,1,1,0.6047189831733704
mlp,de,3,2179,2024-06-14 11:45:00,1,1,0.5872266888618469
mlp,de,3,2180,2024-06-14 11:50:00,1,1,0.8508492708206177
mlp,de,3,2181,2024-06-14 11:55:00,1,1,0.9406309723854065
mlp,de,3,2182,2024-06-14 12:00:00,1,1,0.9600593447685242
mlp,de,3,2183,2024-06-14 12:05:00,0,1,0.9637281894683838
mlp,de,3,2184,2024-06-14 12:10:00,0,1,0.9493476748466492
mlp,de,3,2185,2024-06-14 12:15:00,0,1,0.9224130511283875
mlp,de,3,2186,2024-06-14 12:20:00,0,1,0.8906441926956177
mlp,de,3,2187,2024-06-14 12:25:00,0,1,0.7211971879005432
mlp,de,3,2188,2024-06-14 12:30:00,0,0,0.4334738254547119
mlp,de,3,2189,2024-06-14 12:35:00,0,0,0.3477974832057953
mlp,de,3,2190,2024-06-14 12:40:00,0,0,0.2556670606136322
mlp,de,3,2191,2024-06-14 12:45:00,0,0,0.18088659644126892
mlp,de,3,2192,2024-06-14 12:50:00,0,0,0.31362423300743103
mlp,de,3,2193,2024-06-14 12:55:00,0,0,0.4601750373840332
mlp,de,3,2194,2024-06-14 13:00:00,0,1,0.5687471032142639
mlp,de,3,2195,2024-06-14 13:05:00,0,1,0.5273191332817078
mlp,de,3,2196,2024-06-14 13:10:00,0,1,0.5637968182563782
mlp,de,3,2197,2024-06-14 13:15:00,0,1,0.5022832155227661
mlp,de,3,2198,2024-06-14 13:20:00,0,0,0.4470871090888977
mlp,de,3,2199,2024-06-14 13:25:00,0,0,0.36355769634246826
mlp,de,3,2200,2024-06-14 13:30:00,0,0,0.32179856300354004
mlp,de,3,2201,2024-06-14 13:35:00,0,0,0.369951456785202
mlp,de,3,2202,2024-06-14 13:40:00,0,1,0.5807015299797058
mlp,de,3,2203,2024-06-14 13:45:00,0,1,0.513936460018158
mlp,de,3,2204,2024-06-14 13:50:00,0,0,0.4058687686920166
mlp,de,3,2205,2024-06-14 13:55:00,0,0,0.33824482560157776
mlp,de,3,2206,2024-06-14 14:00:00,0,0,0.3263816833496094
mlp,de,3,2207,2024-06-14 14:05:00,0,0,0.39762356877326965
mlp,de,3,2208,2024-06-14 14:10:00,0,1,0.5652725100517273
mlp,de,3,2209,2024-06-14 14:15:00,0,0,0.4184756577014923
mlp,de,3,2210,2024-06-14 14:20:00,0,0,0.23954150080680847
mlp,de,3,2211,2024-06-14 14:25:00,0,0,0.24448925256729126
mlp,de,3,2212,2024-06-14 14:30:00,0,0,0.33606183528900146
mlp,de,3,2213,2024-06-14 14:35:00,0,0,0.2750273048877716
mlp,de,3,2214,2024-06-14 14:40:00,0,0,0.1955573558807373
mlp,de,3,2215,2024-06-14 14:45:00,0,0,0.18328437209129333
mlp,de,3,2216,2024-06-14 14:50:00,0,0,0.20181794464588165
mlp,de,3,2217,2024-06-14 14:55:00,0,0,0.24118247628211975
mlp,de,3,2218,2024-06-14 15:00:00,0,0,0.256099671125412
mlp,de,3,2219,2024-06-14 15:05:00,1,0,0.2749788463115692
mlp,de,3,2220,2024-06-14 15:10:00,1,0,0.3487671911716461
mlp,de,3,2221,2024-06-14 15:15:00,1,1,0.626732587814331
mlp,de,3,2222,2024-06-14 15:20:00,1,1,0.6554028987884521
mlp,de,3,2223,2024-06-14 15:25:00,1,1,0.7060593366622925
mlp,de,3,2224,2024-06-14 15:30:00,1,1,0.774421215057373
mlp,de,3,2225,2024-06-14 15:35:00,1,1,0.7974583506584167
mlp,de,3,2226,2024-06-14 15:40:00,1,1,0.683468222618103
mlp,de,3,2227,2024-06-14 15:45:00,1,1,0.8253204822540283
mlp,de,3,2228,2024-06-14 15:50:00,1,1,0.7747848629951477
mlp,de,3,2229,2024-06-14 15:55:00,1,1,0.6596229076385498
mlp,de,3,2230,2024-06-14 16:00:00,1,1,0.6307094097137451
mlp,de,3,2231,2024-06-14 16:05:00,0,1,0.7075979113578796
mlp,de,3,2232,2024-06-14 16:10:00,0,1,0.5927339792251587
mlp,de,3,2233,2024-06-14 16:15:00,0,1,0.5813020467758179
mlp,de,3,2234,2024-06-14 16:20:00,0,1,0.5019172430038452
mlp,de,3,2235,2024-06-14 16:25:00,0,1,0.5861196517944336
mlp,de,3,2236,2024-06-14 16:30:00,0,1,0.5090848207473755
mlp,de,3,2237,2024-06-14 16:35:00,0,0,0.46727120876312256
mlp,de,3,2238,2024-06-14 16:40:00,0,0,0.38805922865867615
mlp,de,3,2239,2024-06-14 16:45:00,0,0,0.46691739559173584
mlp,de,3,2240,2024-06-14 16:50:00,0,1,0.5550357103347778
mlp,de,3,2241,2024-06-14 16:55:00,0,1,0.6054993867874146
mlp,de,3,2242,2024-06-14 17:00:00,0,1,0.5668763518333435
mlp,de,3,2243,2024-06-14 17:05:00,0,0,0.4543890357017517
mlp,de,3,2244,2024-06-14 17:10:00,0,0,0.4031202793121338
mlp,de,3,2245,2024-06-14 17:15:00,0,0,0.3639582693576813
mlp,de,3,2246,2024-06-14 17:20:00,0,0,0.3879728615283966
mlp,de,3,2247,2024-06-14 17:25:00,0,0,0.4717477858066559
mlp,de,3,2248,2024-06-14 17:30:00,0,1,0.5296415686607361
mlp,de,3,2249,2024-06-14 17:35:00,0,1,0.5865063667297363
mlp,de,3,2250,2024-06-14 17:40:00,0,1,0.5593562126159668
mlp,de,3,2251,2024-06-14 17:45:00,0,1,0.6004655957221985
mlp,de,3,2252,2024-06-14 17:50:00,0,1,0.5771011114120483
mlp,de,3,2253,2024-06-14 17:55:00,1,1,0.6139828562736511
mlp,de,3,2254,2024-06-18 10:40:00,1,1,0.9349188208580017
mlp,de,3,2255,2024-06-18 10:45:00,1,1,0.9621315002441406
mlp,de,3,2256,2024-06-18 10:50:00,1,1,0.9494712352752686
mlp,de,3,2257,2024-06-18 10:55:00,0,1,0.9348742365837097
mlp,de,3,2258,2024-06-18 11:00:00,0,1,0.8464280366897583
mlp,de,3,2259,2024-06-18 11:05:00,0,1,0.6438553333282471
mlp,de,3,2260,2024-06-18 11:10:00,0,0,0.2720883786678314
mlp,de,3,2261,2024-06-18 11:15:00,0,0,0.2299104928970337
mlp,de,3,2262,2024-06-18 11:20:00,1,0,0.20602920651435852
mlp,de,3,2263,2024-06-18 11:25:00,1,0,0.36178454756736755
mlp,de,3,2264,2024-06-18 11:30:00,1,0,0.4139885902404785
mlp,de,3,2265,2024-06-18 11:35:00,1,1,0.6762489080429077
mlp,de,3,2266,2024-06-18 11:40:00,1,1,0.6068103313446045
mlp,de,3,2267,2024-06-18 11:45:00,1,0,0.4513692855834961
mlp,de,3,2268,2024-06-18 11:50:00,1,0,0.3661428987979889
mlp,de,3,2269,2024-06-18 11:55:00,1,0,0.46457183361053467
mlp,de,3,2270,2024-06-18 12:00:00,1,0,0.3813873827457428
mlp,de,3,2271,2024-06-18 12:05:00,1,0,0.3591025471687317
mlp,de,3,2272,2024-06-18 12:10:00,1,0,0.35962429642677307
mlp,de,3,2273,2024-06-18 12:15:00,1,1,0.6115094423294067
mlp,de,3,2274,2024-06-18 12:20:00,1,1,0.6182692646980286
mlp,de,3,2275,2024-06-18 12:25:00,1,1,0.6214417815208435
mlp,de,3,2276,2024-06-18 12:30:00,1,1,0.665152907371521
mlp,de,3,2277,2024-06-18 12:35:00,1,1,0.6981819868087769
mlp,de,3,2278,2024-06-18 12:40:00,1,1,0.5984770655632019
mlp,de,3,2279,2024-06-18 12:45:00,1,1,0.5167432427406311
mlp,de,3,2280,2024-06-18 12:50:00,1,0,0.43329936265945435
mlp,de,3,2281,2024-06-18 12:55:00,1,0,0.3415563702583313
mlp,de,3,2282,2024-06-18 13:00:00,1,0,0.4465864896774292
mlp,de,3,2283,2024-06-18 13:05:00,1,1,0.5672920942306519
mlp,de,3,2284,2024-06-18 13:10:00,1,1,0.5457504987716675
mlp,de,3,2285,2024-06-18 13:15:00,1,0,0.44611257314682007
mlp,de,3,2286,2024-06-18 13:20:00,1,0,0.46078068017959595
mlp,de,3,2287,2024-06-18 13:25:00,1,0,0.3884851634502411
mlp,de,3,2288,2024-06-18 13:30:00,1,0,0.3634680211544037
mlp,de,3,2289,2024-06-18 13:35:00,1,0,0.49914517998695374
mlp,de,3,2290,2024-06-18 13:40:00,1,1,0.5514044165611267
mlp,de,3,2291,2024-06-18 13:45:00,1,1,0.5962281823158264
mlp,de,3,2292,2024-06-18 13:50:00,1,1,0.6895563006401062
mlp,de,3,2293,2024-06-18 13:55:00,1,1,0.7231693267822266
mlp,de,3,2294,2024-06-18 14:00:00,1,1,0.7090558409690857
mlp,de,3,2295,2024-06-18 14:05:00,1,1,0.7150425910949707
mlp,de,3,2296,2024-06-18 14:10:00,1,1,0.5520012974739075
mlp,de,3,2297,2024-06-18 14:15:00,1,1,0.6859868764877319
mlp,de,3,2298,2024-06-18 14:20:00,1,1,0.7690188884735107
mlp,de,3,2299,2024-06-18 14:25:00,1,1,0.7312594652175903
mlp,de,3,2300,2024-06-18 14:30:00,1,1,0.6736174821853638
mlp,de,3,2301,2024-06-18 14:35:00,1,1,0.6526914834976196
mlp,de,3,2302,2024-06-18 14:40:00,1,1,0.6347668766975403
mlp,de,3,2303,2024-06-18 14:45:00,1,1,0.524764358997345
mlp,de,3,2304,2024-06-18 14:50:00,1,0,0.39500004053115845
mlp,de,3,2305,2024-06-18 14:55:00,1,0,0.3135911524295807
mlp,de,3,2306,2024-06-18 15:00:00,1,0,0.3172142505645752
mlp,de,3,2307,2024-06-18 15:05:00,1,0,0.4021006226539612
mlp,de,3,2308,2024-06-18 15:10:00,1,0,0.3744383752346039
mlp,de,3,2309,2024-06-18 15:15:00,1,0,0.31136396527290344
mlp,de,3,2310,2024-06-18 15:20:00,1,0,0.33973392844200134
mlp,de,3,2311,2024-06-18 15:25:00,1,0,0.4547100365161896
mlp,de,3,2312,2024-06-18 15:30:00,0,1,0.6297293305397034
mlp,de,3,2313,2024-06-18 15:35:00,0,0,0.4564734101295471
mlp,de,3,2314,2024-06-18 15:40:00,0,0,0.3333866000175476
mlp,de,3,2315,2024-06-18 15:45:00,0,0,0.24119079113006592
mlp,de,3,2316,2024-06-18 15:50:00,0,0,0.3113946318626404
mlp,de,3,2317,2024-06-18 15:55:00,0,0,0.2849157154560089
mlp,de,3,2318,2024-06-18 16:00:00,0,0,0.19817472994327545
mlp,de,3,2319,2024-06-18 16:05:00,1,0,0.14728976786136627
mlp,de,3,2320,2024-06-18 16:10:00,1,0,0.1687152087688446
mlp,de,3,2321,2024-06-18 16:15:00,1,0,0.2195567488670349
mlp,de,3,2322,2024-06-18 16:20:00,1,0,0.3283548057079315
mlp,de,3,2323,2024-06-18 16:25:00,1,0,0.4192413091659546
mlp,de,3,2324,2024-06-18 16:30:00,1,1,0.5652831792831421
mlp,de,3,2325,2024-06-18 16:35:00,1,1,0.6330431699752808
mlp,de,3,2326,2024-06-18 16:40:00,1,1,0.7005918025970459
mlp,de,3,2327,2024-06-18 16:45:00,1,1,0.6623088717460632
mlp,de,3,2328,2024-06-18 16:50:00,1,1,0.6663103103637695
mlp,de,3,2329,2024-06-18 16:55:00,0,1,0.6852723360061646
mlp,de,3,2330,2024-06-18 17:00:00,0,1,0.7155520915985107
mlp,de,3,2331,2024-06-18 17:05:00,0,1,0.5614908933639526
mlp,de,3,2332,2024-06-18 17:10:00,0,0,0.4927610158920288
mlp,de,3,2333,2024-06-18 17:15:00,0,0,0.49115103483200073
mlp,de,3,2334,2024-06-18 17:20:00,0,1,0.5685548186302185
mlp,de,3,2335,2024-06-18 17:25:00,0,1,0.6348868608474731
mlp,de,3,2336,2024-06-18 17:30:00,0,1,0.5875504612922668
mlp,de,3,2337,2024-06-18 17:35:00,0,1,0.5151571035385132
mlp,de,3,2338,2024-06-18 17:40:00,0,1,0.6137517690658569
mlp,de,3,2339,2024-06-18 17:45:00,0,1,0.6855901479721069
mlp,de,3,2340,2024-06-18 17:50:00,0,1,0.7244253754615784
mlp,de,3,2341,2024-06-18 17:55:00,0,1,0.6780605316162109
mlp,de,3,2342,2024-06-19 10:55:00,1,0,0.2711339592933655
mlp,de,3,2343,2024-06-19 11:00:00,1,1,0.5654898881912231
mlp,de,3,2344,2024-06-19 11:05:00,1,1,0.5343426465988159
mlp,de,3,2345,2024-06-19 11:10:00,1,0,0.41812604665756226
mlp,de,3,2346,2024-06-19 11:15:00,1,0,0.3905656039714813
mlp,de,3,2347,2024-06-19 11:20:00,1,0,0.45629939436912537
mlp,de,3,2348,2024-06-19 11:25:00,1,1,0.5650193095207214
mlp,de,3,2349,2024-06-19 11:30:00,1,1,0.5986825227737427
mlp,de,3,2350,2024-06-19 11:35:00,1,1,0.6771726012229919
mlp,de,3,2351,2024-06-19 11:40:00,1,1,0.732903242111206
mlp,de,3,2352,2024-06-19 11:45:00,1,1,0.6047747731208801
mlp,de,3,2353,2024-06-19 11:50:00,1,1,0.5241275429725647
mlp,de,3,2354,2024-06-19 11:55:00,1,1,0.5371313691139221
mlp,de,3,2355,2024-06-19 12:00:00,1,0,0.4984409809112549
mlp,de,3,2356,2024-06-19 12:05:00,1,0,0.47641703486442566
mlp,de,3,2357,2024-06-19 12:10:00,1,0,0.45656293630599976
mlp,de,3,2358,2024-06-19 12:15:00,1,0,0.44705072045326233
mlp,de,3,2359,2024-06-19 12:20:00,1,0,0.41826045513153076
mlp,de,3,2360,2024-06-19 12:25:00,1,1,0.5124775767326355
mlp,de,3,2361,2024-06-19 12:30:00,1,1,0.609454870223999
mlp,de,3,2362,2024-06-19 12:35:00,1,1,0.6642848253250122
mlp,de,3,2363,2024-06-19 12:40:00,1,1,0.7029999494552612
mlp,de,3,2364,2024-06-19 12:45:00,1,1,0.8661584854125977
mlp,de,3,2365,2024-06-19 12:50:00,1,1,0.8593807220458984
mlp,de,3,2366,2024-06-19 12:55:00,1,1,0.8108147978782654
mlp,de,3,2367,2024-06-19 13:00:00,1,1,0.7479333281517029
mlp,de,3,2368,2024-06-19 13:05:00,1,1,0.7094099521636963
mlp,de,3,2369,2024-06-19 13:10:00,1,1,0.7331196069717407
mlp,de,3,2370,2024-06-19 13:15:00,1,1,0.5991880297660828
mlp,de,3,2371,2024-06-19 13:20:00,1,0,0.48964014649391174
mlp,de,3,2372,2024-06-19 13:25:00,1,1,0.5609983801841736
mlp,de,3,2373,2024-06-19 13:30:00,1,1,0.6843005418777466
mlp,de,3,2374,2024-06-19 13:35:00,1,1,0.7020440697669983
mlp,de,3,2375,2024-06-19 13:40:00,1,1,0.7140067219734192
mlp,de,3,2376,2024-06-19 13:45:00,1,1,0.722318708896637
mlp,de,3,2377,2024-06-19 13:50:00,1,1,0.7056499719619751
mlp,de,3,2378,2024-06-19 13:55:00,1,1,0.6755203604698181
mlp,de,3,2379,2024-06-19 14:00:00,1,1,0.5531648397445679
mlp,de,3,2380,2024-06-19 14:05:00,0,1,0.6585210561752319
mlp,de,3,2381,2024-06-19 14:10:00,0,0,0.4981626570224762
mlp,de,3,2382,2024-06-19 14:15:00,0,0,0.4245552122592926
mlp,de,3,2383,2024-06-19 14:20:00,0,0,0.4729011356830597
mlp,de,3,2384,2024-06-19 14:25:00,0,0,0.36071276664733887
mlp,de,3,2385,2024-06-19 14:30:00,1,0,0.30841365456581116
mlp,de,3,2386,2024-06-19 14:35:00,1,0,0.3212008774280548
mlp,de,3,2387,2024-06-19 14:40:00,1,0,0.4237046539783478
mlp,de,3,2388,2024-06-19 14:45:00,1,0,0.4981514811515808
mlp,de,3,2389,2024-06-19 14:50:00,1,1,0.5972818732261658
mlp,de,3,2390,2024-06-19 14:55:00,1,1,0.6144756078720093
mlp,de,3,2391,2024-06-19 15:00:00,1,1,0.6379449367523193
mlp,de,3,2392,2024-06-19 15:05:00,1,1,0.6858804821968079
mlp,de,3,2393,2024-06-19 15:10:00,1,1,0.6395621299743652
mlp,de,3,2394,2024-06-19 15:15:00,1,1,0.6346343159675598
mlp,de,3,2395,2024-06-19 15:20:00,1,1,0.6489229798316956
mlp,de,3,2396,2024-06-19 15:25:00,1,1,0.6139712333679199
mlp,de,3,2397,2024-06-19 15:30:00,1,1,0.5637903213500977
mlp,de,3,2398,2024-06-19 15:35:00,1,0,0.45657140016555786
mlp,de,3,2399,2024-06-19 15:40:00,1,1,0.6250739097595215
mlp,de,3,2400,2024-06-19 15:45:00,1,1,0.7993808388710022
mlp,de,3,2401,2024-06-19 15:50:00,1,1,0.8463530540466309
mlp,de,3,2402,2024-06-19 15:55:00,1,1,0.8501783013343811
mlp,de,3,2403,2024-06-19 16:00:00,1,1,0.8037912845611572
mlp,de,3,2404,2024-06-19 16:05:00,1,1,0.6944930553436279
mlp,de,3,2405,2024-06-19 16:10:00,1,1,0.6018472909927368
mlp,de,3,2406,2024-06-19 16:15:00,1,1,0.5215152502059937
mlp,de,3,2407,2024-06-19 16:20:00,1,1,0.6741955280303955
mlp,de,3,2408,2024-06-19 16:25:00,1,1,0.7918357253074646
mlp,de,3,2409,2024-06-19 16:30:00,1,1,0.752656102180481
mlp,de,3,2410,2024-06-19 16:35:00,1,1,0.8025748133659363
mlp,de,3,2411,2024-06-19 16:40:00,1,1,0.8573143482208252
mlp,de,3,2412,2024-06-19 16:45:00,1,1,0.8454941511154175
mlp,de,3,2413,2024-06-19 16:50:00,1,1,0.8154920339584351
mlp,de,3,2414,2024-06-19 16:55:00,1,1,0.6151589155197144
mlp,de,3,2415,2024-06-19 17:00:00,1,1,0.5008060336112976
mlp,de,3,2416,2024-06-19 17:05:00,1,0,0.46116966009140015
mlp,de,3,2417,2024-06-19 17:10:00,1,0,0.38066554069519043
mlp,de,3,2418,2024-06-19 17:15:00,1,0,0.4433946907520294
mlp,de,3,2419,2024-06-19 17:20:00,1,1,0.5635186433792114
mlp,de,3,2420,2024-06-19 17:25:00,1,1,0.5971604585647583
mlp,de,3,2421,2024-06-19 17:30:00,1,1,0.5495944619178772
mlp,de,3,2422,2024-06-19 17:35:00,1,1,0.6059509515762329
mlp,de,3,2423,2024-06-19 17:40:00,1,1,0.6805667281150818
mlp,de,3,2424,2024-06-19 17:45:00,1,1,0.6225173473358154
mlp,de,3,2425,2024-06-19 17:50:00,1,1,0.5533688068389893
mlp,de,3,2426,2024-06-19 17:55:00,1,1,0.5617565512657166
mlp,de,3,2427,2024-06-20 10:50:00,0,1,0.9209580421447754
mlp,de,3,2428,2024-06-20 10:55:00,0,1,0.841696560382843
mlp,de,3,2429,2024-06-20 11:00:00,0,1,0.7275860905647278
mlp,de,3,2430,2024-06-20 11:05:00,0,0,0.44912195205688477
mlp,de,3,2431,2024-06-20 11:10:00,0,1,0.5049188733100891
mlp,de,3,2432,2024-06-20 11:15:00,0,1,0.6338255405426025
mlp,de,3,2433,2024-06-20 11:20:00,0,1,0.5838991403579712
mlp,de,3,2434,2024-06-20 11:25:00,0,0,0.4781613349914551
mlp,de,3,2435,2024-06-20 11:30:00,0,0,0.3349980413913727
mlp,de,3,2436,2024-06-20 11:35:00,0,0,0.20842741429805756
mlp,de,3,2437,2024-06-20 11:40:00,0,0,0.16895873844623566
mlp,de,3,2438,2024-06-20 11:45:00,0,0,0.09950143098831177
mlp,de,3,2439,2024-06-20 11:50:00,0,0,0.07785192877054214
mlp,de,3,2440,2024-06-20 11:55:00,0,0,0.12774580717086792
mlp,de,3,2441,2024-06-20 12:00:00,0,0,0.11845264583826065
mlp,de,3,2442,2024-06-20 12:05:00,0,0,0.0909339040517807
mlp,de,3,2443,2024-06-20 12:10:00,0,0,0.169016495347023
mlp,de,3,2444,2024-06-20 12:15:00,0,0,0.2067471742630005
mlp,de,3,2445,2024-06-20 12:20:00,0,0,0.28174132108688354
mlp,de,3,2446,2024-06-20 12:25:00,0,0,0.27901655435562134
mlp,de,3,2447,2024-06-20 12:30:00,0,0,0.30795514583587646
mlp,de,3,2448,2024-06-20 12:35:00,0,0,0.2147853821516037
mlp,de,3,2449,2024-06-20 12:40:00,0,0,0.27622509002685547
mlp,de,3,2450,2024-06-20 12:45:00,0,0,0.4793638288974762
mlp,de,3,2451,2024-06-20 12:50:00,0,0,0.4402795732021332
mlp,de,3,2452,2024-06-20 12:55:00,0,0,0.372224897146225
mlp,de,3,2453,2024-06-20 13:00:00,0,0,0.3315020501613617
mlp,de,3,2454,2024-06-20 13:05:00,0,0,0.22319261729717255
mlp,de,3,2455,2024-06-20 13:10:00,0,0,0.27385106682777405
mlp,de,3,2456,2024-06-20 13:15:00,0,0,0.3599693775177002
mlp,de,3,2457,2024-06-20 13:20:00,0,0,0.3297857940196991
mlp,de,3,2458,2024-06-20 13:25:00,0,0,0.2344229519367218
mlp,de,3,2459,2024-06-20 13:30:00,0,0,0.25336894392967224
mlp,de,3,2460,2024-06-20 13:35:00,1,0,0.25260472297668457
mlp,de,3,2461,2024-06-20 13:40:00,1,0,0.3121306598186493
mlp,de,3,2462,2024-06-20 13:45:00,1,1,0.5577910542488098
mlp,de,3,2463,2024-06-20 13:50:00,1,1,0.559680163860321
mlp,de,3,2464,2024-06-20 13:55:00,1,1,0.5661397576332092
mlp,de,3,2465,2024-06-20 14:00:00,1,1,0.5507310628890991
mlp,de,3,2466,2024-06-20 14:05:00,1,1,0.5944458842277527
mlp,de,3,2467,2024-06-20 14:10:00,1,1,0.7605236768722534
mlp,de,3,2468,2024-06-20 14:15:00,1,1,0.7973369359970093
mlp,de,3,2469,2024-06-20 14:20:00,1,1,0.7486166954040527
mlp,de,3,2470,2024-06-20 14:25:00,1,1,0.643926739692688
mlp,de,3,2471,2024-06-20 14:30:00,1,0,0.4364740252494812
mlp,de,3,2472,2024-06-20 14:35:00,1,0,0.3275544345378876
mlp,de,3,2473,2024-06-20 14:40:00,1,0,0.3464677333831787
mlp,de,3,2474,2024-06-20 14:45:00,1,0,0.44039952754974365
mlp,de,3,2475,2024-06-20 14:50:00,1,0,0.45613276958465576
mlp,de,3,2476,2024-06-20 14:55:00,1,1,0.6038147211074829
mlp,de,3,2477,2024-06-20 15:00:00,1,1,0.649359941482544
mlp,de,3,2478,2024-06-20 15:05:00,1,1,0.6968783140182495
mlp,de,3,2479,2024-06-20 15:10:00,1,1,0.6710085272789001
mlp,de,3,2480,2024-06-20 15:15:00,1,1,0.7184404730796814
mlp,de,3,2481,2024-06-20 15:20:00,1,1,0.7630831599235535
mlp,de,3,2482,2024-06-20 15:25:00,1,1,0.7211576104164124
mlp,de,3,2483,2024-06-20 15:30:00,1,1,0.5564064979553223
mlp,de,3,2484,2024-06-20 15:35:00,1,1,0.5860987305641174
mlp,de,3,2485,2024-06-20 15:40:00,1,1,0.6898491978645325
mlp,de,3,2486,2024-06-20 15:45:00,1,1,0.7806616425514221
mlp,de,3,2487,2024-06-20 15:50:00,0,1,0.8272656202316284
mlp,de,3,2488,2024-06-20 15:55:00,0,1,0.8110640048980713
mlp,de,3,2489,2024-06-20 16:00:00,0,1,0.7271392345428467
mlp,de,3,2490,2024-06-20 16:05:00,0,1,0.587628960609436
mlp,de,3,2491,2024-06-20 16:10:00,0,0,0.3751109540462494
mlp,de,3,2492,2024-06-20 16:15:00,0,0,0.22363051772117615
mlp,de,3,2493,2024-06-20 16:20:00,0,0,0.15199631452560425
mlp,de,3,2494,2024-06-20 16:25:00,0,0,0.2148437350988388
mlp,de,3,2495,2024-06-20 16:30:00,0,0,0.2775455415248871
mlp,de,3,2496,2024-06-20 16:35:00,0,0,0.3033503293991089
mlp,de,3,2497,2024-06-20 16:40:00,0,0,0.4065466821193695
mlp,de,3,2498,2024-06-20 16:45:00,0,0,0.4835974872112274
mlp,de,3,2499,2024-06-20 16:50:00,0,0,0.4911872446537018
mlp,de,3,2500,2024-06-20 16:55:00,0,1,0.5428835153579712
mlp,de,3,2501,2024-06-20 17:00:00,0,0,0.4559576213359833
mlp,de,3,2502,2024-06-20 17:05:00,0,0,0.40085792541503906
mlp,de,3,2503,2024-06-20 17:10:00,0,0,0.4946163296699524
mlp,de,3,2504,2024-06-20 17:15:00,0,1,0.5921006798744202
mlp,de,3,2505,2024-06-20 17:20:00,0,1,0.5238555669784546
mlp,de,3,2506,2024-06-20 17:25:00,0,0,0.4539499282836914
mlp,de,3,2507,2024-06-20 17:30:00,0,0,0.42765113711357117
mlp,de,3,2508,2024-06-20 17:35:00,0,0,0.4854995012283325
mlp,de,3,2509,2024-06-20 17:40:00,0,0,0.492674320936203
mlp,de,3,2510,2024-06-20 17:45:00,0,0,0.48509567975997925
mlp,de,3,2511,2024-06-20 17:50:00,0,0,0.4996258318424225
mlp,de,3,2512,2024-06-20 17:55:00,1,0,0.47331899404525757
mlp,de,3,2513,2024-06-21 10:40:00,1,1,0.8098495602607727
mlp,de,3,2514,2024-06-21 10:45:00,1,1,0.887888491153717
mlp,de,3,2515,2024-06-21 10:50:00,1,1,0.9315656423568726
mlp,de,3,2516,2024-06-21 10:55:00,1,1,0.9419389963150024
mlp,de,3,2517,2024-06-21 11:00:00,1,1,0.8842898607254028
mlp,de,3,2518,2024-06-21 11:05:00,1,1,0.8569177985191345
mlp,de,3,2519,2024-06-21 11:10:00,1,1,0.6953363418579102
mlp,de,3,2520,2024-06-21 11:15:00,1,1,0.7114574313163757
mlp,de,3,2521,2024-06-21 11:20:00,1,1,0.6469108462333679
mlp,de,3,2522,2024-06-21 11:25:00,0,1,0.7678641080856323
mlp,de,3,2523,2024-06-21 11:30:00,0,1,0.6816603541374207
mlp,de,3,2524,2024-06-21 11:35:00,0,1,0.6413254737854004
mlp,de,3,2525,2024-06-21 11:40:00,0,0,0.47017034888267517
mlp,de,3,2526,2024-06-21 11:45:00,0,0,0.348951131105423
mlp,de,3,2527,2024-06-21 11:50:00,0,0,0.4951295256614685
mlp,de,3,2528,2024-06-21 11:55:00,0,0,0.4451659917831421
mlp,de,3,2529,2024-06-21 12:00:00,0,1,0.5299409031867981
mlp,de,3,2530,2024-06-21 12:05:00,0,1,0.5453680157661438
mlp,de,3,2531,2024-06-21 12:10:00,0,1,0.5886806845664978
mlp,de,3,2532,2024-06-21 12:15:00,1,0,0.22574995458126068
mlp,de,3,2533,2024-06-21 12:20:00,1,0,0.24180638790130615
mlp,de,3,2534,2024-06-21 12:25:00,1,0,0.21728767454624176
mlp,de,3,2535,2024-06-21 12:30:00,1,0,0.20854899287223816
mlp,de,3,2536,2024-06-21 12:35:00,1,0,0.316491037607193
mlp,de,3,2537,2024-06-21 12:40:00,1,0,0.33270469307899475
mlp,de,3,2538,2024-06-21 12:45:00,1,1,0.5164037942886353
mlp,de,3,2539,2024-06-21 12:50:00,1,0,0.46505895256996155
mlp,de,3,2540,2024-06-21 12:55:00,1,0,0.4223698377609253
mlp,de,3,2541,2024-06-21 13:00:00,1,0,0.4371582269668579
mlp,de,3,2542,2024-06-21 13:05:00,1,0,0.4855533540248871
mlp,de,3,2543,2024-06-21 13:10:00,1,1,0.5449579954147339
mlp,de,3,2544,2024-06-21 13:15:00,1,1,0.6039562225341797
mlp,de,3,2545,2024-06-21 13:20:00,1,1,0.6676477193832397
mlp,de,3,2546,2024-06-21 13:25:00,1,1,0.7196463346481323
mlp,de,3,2547,2024-06-21 13:30:00,1,1,0.7091243863105774
mlp,de,3,2548,2024-06-21 13:35:00,1,1,0.6326741576194763
mlp,de,3,2549,2024-06-21 13:40:00,1,1,0.7006825804710388
mlp,de,3,2550,2024-06-21 13:45:00,1,1,0.663216233253479
mlp,de,3,2551,2024-06-21 13:50:00,0,1,0.7272794246673584
mlp,de,3,2552,2024-06-21 13:55:00,0,1,0.6668160557746887
mlp,de,3,2553,2024-06-21 14:00:00,0,1,0.6399559378623962
mlp,de,3,2554,2024-06-21 14:05:00,0,1,0.5656678676605225
mlp,de,3,2555,2024-06-21 14:10:00,0,1,0.5699368715286255
mlp,de,3,2556,2024-06-21 14:15:00,0,1,0.5636053085327148
mlp,de,3,2557,2024-06-21 14:20:00,0,1,0.508039116859436
mlp,de,3,2558,2024-06-21 14:25:00,0,0,0.45713573694229126
mlp,de,3,2559,2024-06-21 14:30:00,0,0,0.3943965435028076
mlp,de,3,2560,2024-06-21 14:35:00,0,0,0.35213956236839294
mlp,de,3,2561,2024-06-21 14:40:00,0,0,0.3641996681690216
mlp,de,3,2562,2024-06-21 14:45:00,0,0,0.3364304006099701
mlp,de,3,2563,2024-06-21 14:50:00,0,0,0.43862465023994446
mlp,de,3,2564,2024-06-21 14:55:00,0,0,0.401827335357666
mlp,de,3,2565,2024-06-21 15:00:00,1,0,0.3152192234992981
mlp,de,3,2566,2024-06-21 15:05:00,1,0,0.4235325753688812
mlp,de,3,2567,2024-06-21 15:10:00,1,0,0.4780644178390503
mlp,de,3,2568,2024-06-21 15:15:00,1,1,0.5637591481208801
mlp,de,3,2569,2024-06-21 15:20:00,1,1,0.6509485244750977
mlp,de,3,2570,2024-06-21 15:25:00,1,1,0.7032818794250488
mlp,de,3,2571,2024-06-21 15:30:00,1,1,0.7604148983955383
mlp,de,3,2572,2024-06-21 15:35:00,1,1,0.7871642708778381
mlp,de,3,2573,2024-06-21 15:40:00,1,1,0.707198441028595
mlp,de,3,2574,2024-06-21 15:45:00,1,1,0.6313891410827637
mlp,de,3,2575,2024-06-21 15:50:00,1,1,0.6830560564994812
mlp,de,3,2576,2024-06-21 15:55:00,1,1,0.681833803653717
mlp,de,3,2577,2024-06-21 16:00:00,1,1,0.7224809527397156
mlp,de,3,2578,2024-06-21 16:05:00,1,1,0.6854078769683838
mlp,de,3,2579,2024-06-21 16:10:00,1,1,0.6596001982688904
mlp,de,3,2580,2024-06-21 16:15:00,1,1,0.6546386480331421
mlp,de,3,2581,2024-06-21 16:20:00,1,1,0.6557866930961609
mlp,de,3,2582,2024-06-21 16:25:00,1,1,0.6654354333877563
mlp,de,3,2583,2024-06-21 16:30:00,1,1,0.6793968081474304
mlp,de,3,2584,2024-06-21 16:35:00,1,1,0.6844620108604431
mlp,de,3,2585,2024-06-21 16:40:00,1,1,0.5712458491325378
mlp,de,3,2586,2024-06-21 16:45:00,1,0,0.4294423460960388
mlp,de,3,2587,2024-06-21 16:50:00,1,1,0.5022721290588379
mlp,de,3,2588,2024-06-21 16:55:00,1,1,0.5512377619743347
mlp,de,3,2589,2024-06-21 17:00:00,1,0,0.457908034324646
mlp,de,3,2590,2024-06-21 17:05:00,1,0,0.40740668773651123
mlp,de,3,2591,2024-06-21 17:10:00,1,0,0.4105653762817383
mlp,de,3,2592,2024-06-21 17:15:00,1,1,0.5543081760406494
mlp,de,3,2593,2024-06-21 17:20:00,1,1,0.514651358127594
mlp,de,3,2594,2024-06-21 17:25:00,1,0,0.4562789499759674
mlp,de,3,2595,2024-06-21 17:30:00,1,1,0.5207502841949463
mlp,de,3,2596,2024-06-21 17:35:00,1,1,0.5305992960929871
mlp,de,3,2597,2024-06-21 17:40:00,1,1,0.535987377166748
mlp,de,3,2598,2024-06-21 17:45:00,1,1,0.5152559280395508
mlp,de,3,2599,2024-06-21 17:50:00,1,1,0.5686882138252258
mlp,de,3,2600,2024-06-21 17:55:00,1,1,0.5857453346252441
mlp,de,3,2601,2024-06-24 10:50:00,0,1,0.9031174182891846
mlp,de,3,2602,2024-06-24 10:55:00,0,1,0.8310255408287048
mlp,de,3,2603,2024-06-24 11:00:00,0,1,0.5885837078094482
mlp,de,3,2604,2024-06-24 11:05:00,0,1,0.547526478767395
mlp,de,3,2605,2024-06-24 11:10:00,0,1,0.6664550304412842
mlp,de,3,2606,2024-06-24 11:15:00,0,1,0.5231917500495911
mlp,de,3,2607,2024-06-24 11:20:00,0,1,0.5555506944656372
mlp,de,3,2608,2024-06-24 11:25:00,0,0,0.47756898403167725
mlp,de,3,2609,2024-06-24 11:30:00,0,0,0.35924163460731506
mlp,de,3,2610,2024-06-24 11:35:00,0,0,0.4125537872314453
mlp,de,3,2611,2024-06-24 11:40:00,0,0,0.46176064014434814
mlp,de,3,2612,2024-06-24 11:45:00,0,0,0.393665075302124
mlp,de,3,2613,2024-06-24 11:50:00,0,0,0.4601835608482361
mlp,de,3,2614,2024-06-24 11:55:00,0,1,0.524372398853302
mlp,de,3,2615,2024-06-24 12:00:00,0,1,0.5226548910140991
mlp,de,3,2616,2024-06-24 12:05:00,0,0,0.49424436688423157
mlp,de,3,2617,2024-06-24 12:10:00,0,0,0.39550861716270447
mlp,de,3,2618,2024-06-24 12:15:00,0,0,0.34890398383140564
mlp,de,3,2619,2024-06-24 12:20:00,0,0,0.30292823910713196
mlp,de,3,2620,2024-06-24 12:25:00,0,0,0.31775963306427
mlp,de,3,2621,2024-06-24 12:30:00,0,0,0.2813134789466858
mlp,de,3,2622,2024-06-24 12:35:00,0,0,0.3231653869152069
mlp,de,3,2623,2024-06-24 12:40:00,0,0,0.41554880142211914
mlp,de,3,2624,2024-06-24 12:45:00,1,0,0.3787361681461334
mlp,de,3,2625,2024-06-24 12:50:00,1,0,0.44590532779693604
mlp,de,3,2626,2024-06-24 12:55:00,1,1,0.565000057220459
mlp,de,3,2627,2024-06-24 13:00:00,1,0,0.45566457509994507
mlp,de,3,2628,2024-06-24 13:05:00,1,1,0.5239384174346924
mlp,de,3,2629,2024-06-24 13:10:00,1,1,0.6427540183067322
mlp,de,3,2630,2024-06-24 13:15:00,1,1,0.6807261109352112
mlp,de,3,2631,2024-06-24 13:20:00,1,1,0.7376868724822998
mlp,de,3,2632,2024-06-24 13:25:00,1,1,0.683932363986969
mlp,de,3,2633,2024-06-24 13:30:00,1,1,0.5805916786193848
mlp,de,3,2634,2024-06-24 13:35:00,1,1,0.5344514846801758
mlp,de,3,2635,2024-06-24 13:40:00,1,0,0.4677412509918213
mlp,de,3,2636,2024-06-24 13:45:00,1,0,0.4965611398220062
mlp,de,3,2637,2024-06-24 13:50:00,1,0,0.44716206192970276
mlp,de,3,2638,2024-06-24 13:55:00,1,0,0.48497214913368225
mlp,de,3,2639,2024-06-24 14:00:00,1,1,0.5587942004203796
mlp,de,3,2640,2024-06-24 14:05:00,1,0,0.4550597071647644
mlp,de,3,2641,2024-06-24 14:10:00,1,0,0.382910817861557
mlp,de,3,2642,2024-06-24 14:15:00,1,0,0.37696659564971924
mlp,de,3,2643,2024-06-24 14:20:00,1,0,0.4422886371612549
mlp,de,3,2644,2024-06-24 14:25:00,1,1,0.5983079075813293
mlp,de,3,2645,2024-06-24 14:30:00,1,1,0.6008510589599609
mlp,de,3,2646,2024-06-24 14:35:00,0,1,0.6962147355079651
mlp,de,3,2647,2024-06-24 14:40:00,0,1,0.5958490371704102
mlp,de,3,2648,2024-06-24 14:45:00,0,0,0.48272278904914856
mlp,de,3,2649,2024-06-24 14:50:00,0,0,0.4081026613712311
mlp,de,3,2650,2024-06-24 14:55:00,0,0,0.4937749207019806
mlp,de,3,2651,2024-06-24 15:00:00,0,1,0.5010712742805481
mlp,de,3,2652,2024-06-24 15:05:00,0,1,0.5782104730606079
mlp,de,3,2653,2024-06-24 15:10:00,0,1,0.5584800839424133
mlp,de,3,2654,2024-06-24 15:15:00,0,1,0.5316168665885925
mlp,de,3,2655,2024-06-24 15:20:00,0,0,0.46907368302345276
mlp,de,3,2656,2024-06-24 15:25:00,0,0,0.4126681387424469
mlp,de,3,2657,2024-06-24 15:30:00,1,0,0.32504889369010925
mlp,de,3,2658,2024-06-24 15:35:00,1,0,0.38693875074386597
mlp,de,3,2659,2024-06-24 15:40:00,1,1,0.5034666657447815
mlp,de,3,2660,2024-06-24 15:45:00,1,1,0.6245868802070618
mlp,de,3,2661,2024-06-24 15:50:00,1,0,0.4583231508731842
mlp,de,3,2662,2024-06-24 15:55:00,1,0,0.4100033640861511
mlp,de,3,2663,2024-06-24 16:00:00,1,0,0.4095965623855591
mlp,de,3,2664,2024-06-24 16:05:00,1,0,0.44359225034713745
mlp,de,3,2665,2024-06-24 16:10:00,1,0,0.4759058654308319
mlp,de,3,2666,2024-06-24 16:15:00,1,1,0.5027589797973633
mlp,de,3,2667,2024-06-24 16:20:00,1,1,0.5995383262634277
mlp,de,3,2668,2024-06-24 16:25:00,1,0,0.47425365447998047
mlp,de,3,2669,2024-06-24 16:30:00,1,1,0.5863650441169739
mlp,de,3,2670,2024-06-24 16:35:00,1,1,0.6753767728805542
mlp,de,3,2671,2024-06-24 16:40:00,1,1,0.7184180021286011
mlp,de,3,2672,2024-06-24 16:45:00,1,1,0.7228419184684753
mlp,de,3,2673,2024-06-24 16:50:00,1,1,0.6831088662147522
mlp,de,3,2674,2024-06-24 16:55:00,1,1,0.5395378470420837
mlp,de,3,2675,2024-06-24 17:00:00,1,1,0.5034229755401611
mlp,de,3,2676,2024-06-24 17:05:00,1,0,0.46052294969558716
mlp,de,3,2677,2024-06-24 17:10:00,1,0,0.4082842469215393
mlp,de,3,2678,2024-06-24 17:15:00,0,1,0.5147929787635803
mlp,de,3,2679,2024-06-24 17:20:00,0,1,0.5300077795982361
mlp,de,3,2680,2024-06-24 17:25:00,0,0,0.4869650602340698
mlp,de,3,2681,2024-06-24 17:30:00,0,1,0.5331177711486816
mlp,de,3,2682,2024-06-24 17:35:00,0,1,0.6066860556602478
mlp,de,3,2683,2024-06-24 17:40:00,0,1,0.6291641592979431
mlp,de,3,2684,2024-06-24 17:45:00,0,1,0.5753726959228516
mlp,de,3,2685,2024-06-24 17:50:00,0,1,0.6238754391670227
mlp,de,3,2686,2024-06-24 17:55:00,0,1,0.5917629599571228
mlp,de,3,2687,2024-06-25 12:35:00,1,0,0.23344001173973083
mlp,de,3,2688,2024-06-25 12:40:00,1,0,0.2636352777481079
mlp,de,3,2689,2024-06-25 12:45:00,1,0,0.38890182971954346
mlp,de,3,2690,2024-06-25 12:50:00,1,0,0.4507303833961487
mlp,de,3,2691,2024-06-25 12:55:00,1,0,0.48583275079727173
mlp,de,3,2692,2024-06-25 13:00:00,1,1,0.602997899055481
mlp,de,3,2693,2024-06-25 13:05:00,1,0,0.49941393733024597
mlp,de,3,2694,2024-06-25 13:10:00,1,0,0.382053017616272
mlp,de,3,2695,2024-06-25 13:15:00,1,0,0.42688441276550293
mlp,de,3,2696,2024-06-25 13:20:00,1,1,0.5839093923568726
mlp,de,3,2697,2024-06-25 13:25:00,1,1,0.6434283256530762
mlp,de,3,2698,2024-06-25 13:30:00,1,1,0.5498770475387573
mlp,de,3,2699,2024-06-25 13:35:00,1,1,0.6372848749160767
mlp,de,3,2700,2024-06-25 13:40:00,1,1,0.634628415107727
mlp,de,3,2701,2024-06-25 13:45:00,1,1,0.6467475891113281
mlp,de,3,2702,2024-06-25 13:50:00,1,1,0.6874495148658752
mlp,de,3,2703,2024-06-25 13:55:00,1,1,0.6419860124588013
mlp,de,3,2704,2024-06-25 14:00:00,1,1,0.6026027202606201
mlp,de,3,2705,2024-06-25 14:05:00,1,1,0.6191471815109253
mlp,de,3,2706,2024-06-25 14:10:00,1,1,0.686905026435852
mlp,de,3,2707,2024-06-25 14:15:00,1,1,0.5858485698699951
mlp,de,3,2708,2024-06-25 14:20:00,1,0,0.3902132213115692
mlp,de,3,2709,2024-06-25 14:25:00,1,1,0.5047824382781982
mlp,de,3,2710,2024-06-25 14:30:00,1,1,0.6358593106269836
mlp,de,3,2711,2024-06-25 14:35:00,1,1,0.5443023443222046
mlp,de,3,2712,2024-06-25 14:40:00,1,1,0.6292336583137512
mlp,de,3,2713,2024-06-25 14:45:00,1,1,0.6320969462394714
mlp,de,3,2714,2024-06-25 14:50:00,0,1,0.780967652797699
mlp,de,3,2715,2024-06-25 14:55:00,0,1,0.7519835233688354
mlp,de,3,2716,2024-06-25 15:00:00,0,1,0.6837539076805115
mlp,de,3,2717,2024-06-25 15:05:00,0,1,0.6593529582023621
mlp,de,3,2718,2024-06-25 15:10:00,0,1,0.6732907891273499
mlp,de,3,2719,2024-06-25 15:15:00,0,1,0.5678753852844238
mlp,de,3,2720,2024-06-25 15:20:00,0,0,0.4433380663394928
mlp,de,3,2721,2024-06-25 15:25:00,0,0,0.49429911375045776
mlp,de,3,2722,2024-06-25 15:30:00,0,0,0.4936424195766449
mlp,de,3,2723,2024-06-25 15:35:00,0,0,0.47733598947525024
mlp,de,3,2724,2024-06-25 15:40:00,0,0,0.4712885320186615
mlp,de,3,2725,2024-06-25 15:45:00,0,1,0.5464689135551453
mlp,de,3,2726,2024-06-25 15:50:00,0,0,0.45614367723464966
mlp,de,3,2727,2024-06-25 15:55:00,0,0,0.4389711618423462
mlp,de,3,2728,2024-06-25 16:00:00,0,0,0.4797544479370117
mlp,de,3,2729,2024-06-25 16:05:00,0,0,0.375105082988739
mlp,de,3,2730,2024-06-25 16:10:00,0,0,0.4130873680114746
mlp,de,3,2731,2024-06-25 16:15:00,0,0,0.4650914967060089
mlp,de,3,2732,2024-06-25 16:20:00,0,0,0.4255751967430115
mlp,de,3,2733,2024-06-25 16:25:00,0,0,0.4891410171985626
mlp,de,3,2734,2024-06-25 16:30:00,0,0,0.45011666417121887
mlp,de,3,2735,2024-06-25 16:35:00,0,0,0.35627222061157227
mlp,de,3,2736,2024-06-25 16:40:00,1,0,0.31879281997680664
mlp,de,3,2737,2024-06-25 16:45:00,1,0,0.3608444333076477
mlp,de,3,2738,2024-06-25 16:50:00,1,0,0.36276158690452576
mlp,de,3,2739,2024-06-25 16:55:00,1,0,0.4180133044719696
mlp,de,3,2740,2024-06-25 17:00:00,1,1,0.5350753664970398
mlp,de,3,2741,2024-06-25 17:05:00,1,1,0.6388536095619202
mlp,de,3,2742,2024-06-25 17:10:00,1,1,0.6903347969055176
mlp,de,3,2743,2024-06-25 17:15:00,1,1,0.6447239518165588
mlp,de,3,2744,2024-06-25 17:20:00,1,1,0.6897628307342529
mlp,de,3,2745,2024-06-25 17:25:00,1,1,0.6227356791496277
mlp,de,3,2746,2024-06-25 17:30:00,0,1,0.6241387128829956
mlp,de,3,2747,2024-06-25 17:35:00,0,1,0.649998664855957
mlp,de,3,2748,2024-06-25 17:40:00,0,1,0.5911104083061218
mlp,de,3,2749,2024-06-25 17:45:00,0,1,0.5697474479675293
mlp,de,3,2750,2024-06-25 17:50:00,0,1,0.6056389212608337
mlp,de,3,2751,2024-06-25 17:55:00,0,1,0.596484363079071
mlp,de,3,2752,2024-06-26 10:40:00,1,0,0.18214231729507446
mlp,de,3,2753,2024-06-26 10:45:00,1,0,0.20328611135482788
mlp,de,3,2754,2024-06-26 10:50:00,1,0,0.33447811007499695
mlp,de,3,2755,2024-06-26 10:55:00,1,1,0.5373337268829346
mlp,de,3,2756,2024-06-26 11:00:00,1,1,0.6940675377845764
mlp,de,3,2757,2024-06-26 11:05:00,1,1,0.5839248299598694
mlp,de,3,2758,2024-06-26 11:10:00,1,1,0.5697895288467407
mlp,de,3,2759,2024-06-26 11:15:00,1,1,0.813098132610321
mlp,de,3,2760,2024-06-26 11:20:00,1,1,0.8181852698326111
mlp,de,3,2761,2024-06-26 11:25:00,1,1,0.6351673603057861
mlp,de,3,2762,2024-06-26 11:30:00,1,0,0.4714222252368927
mlp,de,3,2763,2024-06-26 11:35:00,1,1,0.5485517978668213
mlp,de,3,2764,2024-06-26 11:40:00,1,0,0.4425808787345886
mlp,de,3,2765,2024-06-26 11:45:00,1,0,0.4452979266643524
mlp,de,3,2766,2024-06-26 11:50:00,1,1,0.5461221933364868
mlp,de,3,2767,2024-06-26 11:55:00,1,1,0.5200081467628479
mlp,de,3,2768,2024-06-26 12:00:00,1,1,0.5876272916793823
mlp,de,3,2769,2024-06-26 12:05:00,1,1,0.6637105941772461
mlp,de,3,2770,2024-06-26 12:10:00,1,0,0.3992235064506531
mlp,de,3,2771,2024-06-26 12:15:00,1,0,0.37410756945610046
mlp,de,3,2772,2024-06-26 12:20:00,1,1,0.517396867275238
mlp,de,3,2773,2024-06-26 12:25:00,1,1,0.6041616201400757
mlp,de,3,2774,2024-06-26 12:30:00,1,1,0.5798306465148926
mlp,de,3,2775,2024-06-26 12:35:00,1,1,0.6770487427711487
mlp,de,3,2776,2024-06-26 12:40:00,1,1,0.6570236086845398
mlp,de,3,2777,2024-06-26 12:45:00,1,1,0.6586098074913025
mlp,de,3,2778,2024-06-26 12:50:00,1,1,0.7598400712013245
mlp,de,3,2779,2024-06-26 12:55:00,1,1,0.8236238956451416
mlp,de,3,2780,2024-06-26 13:00:00,1,1,0.8500602841377258
mlp,de,3,2781,2024-06-26 13:05:00,1,1,0.8775910139083862
mlp,de,3,2782,2024-06-26 13:10:00,1,1,0.8083248734474182
mlp,de,3,2783,2024-06-26 13:15:00,1,1,0.7848649024963379
mlp,de,3,2784,2024-06-26 13:20:00,1,1,0.8080924153327942
mlp,de,3,2785,2024-06-26 13:25:00,1,1,0.766154408454895
mlp,de,3,2786,2024-06-26 13:30:00,1,1,0.7139907479286194
mlp,de,3,2787,2024-06-26 13:35:00,1,1,0.6629412770271301
mlp,de,3,2788,2024-06-26 13:40:00,1,1,0.6736555099487305
mlp,de,3,2789,2024-06-26 13:45:00,1,1,0.6820747256278992
mlp,de,3,2790,2024-06-26 13:50:00,1,1,0.7050596475601196
mlp,de,3,2791,2024-06-26 13:55:00,1,1,0.6366595029830933
mlp,de,3,2792,2024-06-26 14:00:00,1,1,0.640744149684906
mlp,de,3,2793,2024-06-26 14:05:00,1,0,0.4910716712474823
mlp,de,3,2794,2024-06-26 14:10:00,1,0,0.36213502287864685
mlp,de,3,2795,2024-06-26 14:15:00,1,0,0.39774230122566223
mlp,de,3,2796,2024-06-26 14:20:00,1,1,0.5503093004226685
mlp,de,3,2797,2024-06-26 14:25:00,1,1,0.6026297807693481
mlp,de,3,2798,2024-06-26 14:30:00,1,1,0.6675832867622375
mlp,de,3,2799,2024-06-26 14:35:00,1,1,0.6000933051109314
mlp,de,3,2800,2024-06-26 14:40:00,1,1,0.5466775298118591
mlp,de,3,2801,2024-06-26 14:45:00,1,1,0.5317657589912415
mlp,de,3,2802,2024-06-26 14:50:00,1,0,0.47406673431396484
mlp,de,3,2803,2024-06-26 14:55:00,1,1,0.5850530862808228
mlp,de,3,2804,2024-06-26 15:00:00,1,1,0.7018670439720154
mlp,de,3,2805,2024-06-26 15:05:00,1,1,0.7796801924705505
mlp,de,3,2806,2024-06-26 15:10:00,0,1,0.806381344795227
mlp,de,3,2807,2024-06-26 15:15:00,0,1,0.7129500508308411
mlp,de,3,2808,2024-06-26 15:20:00,0,1,0.6927690505981445
mlp,de,3,2809,2024-06-26 15:25:00,0,1,0.5664993524551392
mlp,de,3,2810,2024-06-26 15:30:00,0,0,0.48939117789268494
mlp,de,3,2811,2024-06-26 15:35:00,0,0,0.4926574230194092
mlp,de,3,2812,2024-06-26 15:40:00,0,0,0.43522849678993225
mlp,de,3,2813,2024-06-26 15:45:00,0,0,0.3636929988861084
mlp,de,3,2814,2024-06-26 15:50:00,0,0,0.24716056883335114
mlp,de,3,2815,2024-06-26 15:55:00,0,0,0.17984580993652344
mlp,de,3,2816,2024-06-26 16:00:00,0,0,0.22691164910793304
mlp,de,3,2817,2024-06-26 16:05:00,0,0,0.2570144534111023
mlp,de,3,2818,2024-06-26 16:10:00,1,0,0.26516589522361755
mlp,de,3,2819,2024-06-26 16:15:00,1,0,0.4207390248775482
mlp,de,3,2820,2024-06-26 16:20:00,1,1,0.5860944986343384
mlp,de,3,2821,2024-06-26 16:25:00,1,1,0.6939595341682434
mlp,de,3,2822,2024-06-26 16:30:00,1,1,0.7330085039138794
mlp,de,3,2823,2024-06-26 16:35:00,1,1,0.7032853364944458
mlp,de,3,2824,2024-06-26 16:40:00,1,1,0.7249075770378113
mlp,de,3,2825,2024-06-26 16:45:00,1,1,0.7054035067558289
mlp,de,3,2826,2024-06-26 16:50:00,0,1,0.8649933934211731
mlp,de,3,2827,2024-06-26 16:55:00,0,1,0.8877636790275574
mlp,de,3,2828,2024-06-26 17:00:00,0,1,0.8259910345077515
mlp,de,3,2829,2024-06-26 17:05:00,0,1,0.8226516842842102
mlp,de,3,2830,2024-06-26 17:10:00,0,1,0.6079912781715393
mlp,de,3,2831,2024-06-26 17:15:00,0,0,0.48629099130630493
mlp,de,3,2832,2024-06-26 17:20:00,0,0,0.45398780703544617
mlp,de,3,2833,2024-06-26 17:25:00,0,0,0.4625949561595917
mlp,de,3,2834,2024-06-26 17:30:00,1,0,0.4109748303890228
mlp,de,3,2835,2024-06-26 17:35:00,1,0,0.4447338879108429
mlp,de,3,2836,2024-06-26 17:40:00,1,1,0.5276923179626465
mlp,de,3,2837,2024-06-26 17:45:00,1,1,0.5651871562004089
mlp,de,3,2838,2024-06-26 17:50:00,1,1,0.6537271738052368
mlp,de,3,2839,2024-06-26 17:55:00,1,1,0.7010810971260071
mlp,de,3,2840,2024-06-27 10:55:00,0,1,0.7697551846504211
mlp,de,3,2841,2024-06-27 11:00:00,0,1,0.7284248471260071
mlp,de,3,2842,2024-06-27 11:05:00,0,1,0.6116303205490112
mlp,de,3,2843,2024-06-27 11:10:00,0,1,0.6425151228904724
mlp,de,3,2844,2024-06-27 11:15:00,0,0,0.46591848134994507
mlp,de,3,2845,2024-06-27 11:20:00,0,0,0.23095804452896118
mlp,de,3,2846,2024-06-27 11:25:00,0,0,0.1899346113204956
mlp,de,3,2847,2024-06-27 11:30:00,0,0,0.21306592226028442
mlp,de,3,2848,2024-06-27 11:35:00,0,0,0.333233505487442
mlp,de,3,2849,2024-06-27 11:40:00,0,0,0.3229857385158539
mlp,de,3,2850,2024-06-27 11:45:00,0,0,0.3164174556732178
mlp,de,3,2851,2024-06-27 11:50:00,0,0,0.20682963728904724
mlp,de,3,2852,2024-06-27 11:55:00,0,0,0.13825342059135437
mlp,de,3,2853,2024-06-27 12:00:00,1,0,0.12649859488010406
mlp,de,3,2854,2024-06-27 12:05:00,1,0,0.20219208300113678
mlp,de,3,2855,2024-06-27 12:10:00,1,0,0.2598893642425537
mlp,de,3,2856,2024-06-27 12:15:00,1,0,0.3127715289592743
mlp,de,3,2857,2024-06-27 12:20:00,1,0,0.3963853716850281
mlp,de,3,2858,2024-06-27 12:25:00,1,1,0.5826604962348938
mlp,de,3,2859,2024-06-27 12:30:00,1,1,0.7273445725440979
mlp,de,3,2860,2024-06-27 12:35:00,1,1,0.8232609629631042
mlp,de,3,2861,2024-06-27 12:40:00,1,1,0.8600033521652222
mlp,de,3,2862,2024-06-27 12:45:00,1,1,0.8578463196754456
mlp,de,3,2863,2024-06-27 12:50:00,1,1,0.8156622052192688
mlp,de,3,2864,2024-06-27 12:55:00,0,1,0.8183388113975525
mlp,de,3,2865,2024-06-27 13:00:00,0,1,0.6903709173202515
mlp,de,3,2866,2024-06-27 13:05:00,0,1,0.5239779949188232
mlp,de,3,2867,2024-06-27 13:10:00,0,0,0.4924067556858063
mlp,de,3,2868,2024-06-27 13:15:00,0,0,0.4353541433811188
mlp,de,3,2869,2024-06-27 13:20:00,0,1,0.5126768946647644
mlp,de,3,2870,2024-06-27 13:25:00,0,0,0.42963871359825134
mlp,de,3,2871,2024-06-27 13:30:00,0,0,0.4130392372608185
mlp,de,3,2872,2024-06-27 13:35:00,0,0,0.3894626200199127
mlp,de,3,2873,2024-06-27 13:40:00,0,0,0.4841514825820923
mlp,de,3,2874,2024-06-27 13:45:00,0,1,0.6285243630409241
mlp,de,3,2875,2024-06-27 13:50:00,0,1,0.5874791145324707
mlp,de,3,2876,2024-06-27 13:55:00,0,1,0.5468573570251465
mlp,de,3,2877,2024-06-27 14:00:00,0,1,0.5463327765464783
mlp,de,3,2878,2024-06-27 14:05:00,0,0,0.41382449865341187
mlp,de,3,2879,2024-06-27 14:10:00,1,0,0.2848758399486542
mlp,de,3,2880,2024-06-27 14:15:00,1,0,0.37061649560928345
mlp,de,3,2881,2024-06-27 14:20:00,1,1,0.7076247334480286
mlp,de,3,2882,2024-06-27 14:25:00,1,1,0.823617696762085
mlp,de,3,2883,2024-06-27 14:30:00,1,1,0.7393216490745544
mlp,de,3,2884,2024-06-27 14:35:00,1,1,0.7680326104164124
mlp,de,3,2885,2024-06-27 14:40:00,1,1,0.7735457420349121
mlp,de,3,2886,2024-06-27 14:45:00,1,1,0.7989036440849304
mlp,de,3,2887,2024-06-27 14:50:00,1,1,0.8225873708724976
mlp,de,3,2888,2024-06-27 14:55:00,1,1,0.8101826906204224
mlp,de,3,2889,2024-06-27 15:00:00,1,1,0.7252488136291504
mlp,de,3,2890,2024-06-27 15:05:00,1,1,0.5126832127571106
mlp,de,3,2891,2024-06-27 15:10:00,1,1,0.5165066123008728
mlp,de,3,2892,2024-06-27 15:15:00,1,1,0.572936475276947
mlp,de,3,2893,2024-06-27 15:20:00,1,1,0.566545844078064
mlp,de,3,2894,2024-06-27 15:25:00,1,1,0.5562583804130554
mlp,de,3,2895,2024-06-27 15:30:00,1,1,0.6669593453407288
mlp,de,3,2896,2024-06-27 15:35:00,1,1,0.7237774729728699
mlp,de,3,2897,2024-06-27 15:40:00,1,1,0.685896635055542
mlp,de,3,2898,2024-06-27 15:45:00,1,1,0.761160135269165
mlp,de,3,2899,2024-06-27 15:50:00,1,1,0.8553619384765625
mlp,de,3,2900,2024-06-27 15:55:00,1,1,0.8872365951538086
mlp,de,3,2901,2024-06-27 16:00:00,1,1,0.8606973886489868
mlp,de,3,2902,2024-06-27 16:05:00,1,1,0.7974497079849243
mlp,de,3,2903,2024-06-27 16:10:00,1,1,0.7887119650840759
mlp,de,3,2904,2024-06-27 16:15:00,1,1,0.6150324940681458
mlp,de,3,2905,2024-06-27 16:20:00,1,0,0.49241021275520325
mlp,de,3,2906,2024-06-27 16:25:00,1,0,0.4941951036453247
mlp,de,3,2907,2024-06-27 16:30:00,1,0,0.4168033003807068
mlp,de,3,2908,2024-06-27 16:35:00,1,0,0.4339691400527954
mlp,de,3,2909,2024-06-27 16:40:00,1,1,0.5569854378700256
mlp,de,3,2910,2024-06-27 16:45:00,1,1,0.676647424697876
mlp,de,3,2911,2024-06-27 16:50:00,1,1,0.6350504755973816
mlp,de,3,2912,2024-06-27 16:55:00,1,1,0.6702170372009277
mlp,de,3,2913,2024-06-27 17:00:00,1,1,0.6467841863632202
mlp,de,3,2914,2024-06-27 17:05:00,1,1,0.7019679546356201
mlp,de,3,2915,2024-06-27 17:10:00,1,1,0.6162362098693848
mlp,de,3,2916,2024-06-27 17:15:00,1,0,0.49245762825012207
mlp,de,3,2917,2024-06-27 17:20:00,1,1,0.5038178563117981
mlp,de,3,2918,2024-06-27 17:25:00,1,1,0.560327410697937
mlp,de,3,2919,2024-06-27 17:30:00,1,1,0.5644934773445129
mlp,de,3,2920,2024-06-27 17:35:00,1,1,0.5063623785972595
mlp,de,3,2921,2024-06-27 17:40:00,1,1,0.5399525165557861
mlp,de,3,2922,2024-06-27 17:45:00,1,1,0.5942381620407104
mlp,de,3,2923,2024-06-27 17:50:00,1,1,0.647459089756012
mlp,de,3,2924,2024-06-27 17:55:00,0,1,0.7105801105499268
mlp,de,3,2925,2024-06-28 10:40:00,0,0,0.18255425989627838
mlp,de,3,2926,2024-06-28 10:45:00,0,0,0.09948189556598663
mlp,de,3,2927,2024-06-28 10:50:00,0,0,0.06453195959329605
mlp,de,3,2928,2024-06-28 10:55:00,0,0,0.06781040877103806
mlp,de,3,2929,2024-06-28 11:00:00,1,0,0.07928996533155441
mlp,de,3,2930,2024-06-28 11:05:00,1,0,0.08334117382764816
mlp,de,3,2931,2024-06-28 11:10:00,1,0,0.13570572435855865
mlp,de,3,2932,2024-06-28 11:15:00,1,0,0.26955917477607727
mlp,de,3,2933,2024-06-28 11:20:00,1,1,0.6788159012794495
mlp,de,3,2934,2024-06-28 11:25:00,1,1,0.7677591443061829
mlp,de,3,2935,2024-06-28 11:30:00,1,1,0.8464072942733765
mlp,de,3,2936,2024-06-28 11:35:00,1,1,0.8576552867889404
mlp,de,3,2937,2024-06-28 11:40:00,1,1,0.86081862449646
mlp,de,3,2938,2024-06-28 11:45:00,1,1,0.8628314733505249
mlp,de,3,2939,2024-06-28 11:50:00,1,1,0.8833745718002319
mlp,de,3,2940,2024-06-28 11:55:00,1,1,0.8911866545677185
mlp,de,3,2941,2024-06-28 12:00:00,1,1,0.8614804148674011
mlp,de,3,2942,2024-06-28 12:05:00,1,1,0.7682018876075745
mlp,de,3,2943,2024-06-28 12:10:00,1,1,0.7004147171974182
mlp,de,3,2944,2024-06-28 12:15:00,1,1,0.7392241954803467
mlp,de,3,2945,2024-06-28 12:20:00,1,1,0.7117855548858643
mlp,de,3,2946,2024-06-28 12:25:00,1,0,0.48105233907699585
mlp,de,3,2947,2024-06-28 12:30:00,1,1,0.5031646490097046
mlp,de,3,2948,2024-06-28 12:35:00,0,1,0.6622299551963806
mlp,de,3,2949,2024-06-28 12:40:00,0,1,0.6650896668434143
mlp,de,3,2950,2024-06-28 12:45:00,0,1,0.5320631265640259
mlp,de,3,2951,2024-06-28 12:50:00,0,0,0.4562615752220154
mlp,de,3,2952,2024-06-28 12:55:00,0,0,0.3397310674190521
mlp,de,3,2953,2024-06-28 13:00:00,0,0,0.264543354511261
mlp,de,3,2954,2024-06-28 13:05:00,0,0,0.229049950838089
mlp,de,3,2955,2024-06-28 13:10:00,0,0,0.19214390218257904
mlp,de,3,2956,2024-06-28 13:15:00,0,0,0.24900731444358826
mlp,de,3,2957,2024-06-28 13:20:00,0,0,0.3025631904602051
mlp,de,3,2958,2024-06-28 13:25:00,0,0,0.30002880096435547
mlp,de,3,2959,2024-06-28 13:30:00,0,0,0.33415454626083374
mlp,de,3,2960,2024-06-28 13:35:00,1,0,0.2968234717845917
mlp,de,3,2961,2024-06-28 13:40:00,1,0,0.4193630516529083
mlp,de,3,2962,2024-06-28 13:45:00,1,0,0.41151419281959534
mlp,de,3,2963,2024-06-28 13:50:00,1,0,0.36984482407569885
mlp,de,3,2964,2024-06-28 13:55:00,1,1,0.5420133471488953
mlp,de,3,2965,2024-06-28 14:00:00,1,1,0.5690673589706421
mlp,de,3,2966,2024-06-28 14:05:00,1,1,0.6035578846931458
mlp,de,3,2967,2024-06-28 14:10:00,1,1,0.5520099401473999
mlp,de,3,2968,2024-06-28 14:15:00,1,1,0.556442379951477
mlp,de,3,2969,2024-06-28 14:20:00,1,1,0.658189594745636
mlp,de,3,2970,2024-06-28 14:25:00,1,1,0.7283732891082764
mlp,de,3,2971,2024-06-28 14:30:00,1,1,0.6633197665214539
mlp,de,3,2972,2024-06-28 14:35:00,1,1,0.7208222150802612
mlp,de,3,2973,2024-06-28 14:40:00,1,1,0.7897719740867615
mlp,de,3,2974,2024-06-28 14:45:00,0,1,0.8110395669937134
mlp,de,3,2975,2024-06-28 14:50:00,0,1,0.7739098072052002
mlp,de,3,2976,2024-06-28 14:55:00,0,1,0.5251491665840149
mlp,de,3,2977,2024-06-28 15:00:00,0,0,0.39244240522384644
mlp,de,3,2978,2024-06-28 15:05:00,0,0,0.4064837396144867
mlp,de,3,2979,2024-06-28 15:10:00,0,0,0.4120153486728668
mlp,de,3,2980,2024-06-28 15:15:00,0,0,0.4653100073337555
mlp,de,3,2981,2024-06-28 15:20:00,0,0,0.4057118594646454
mlp,de,3,2982,2024-06-28 15:25:00,0,0,0.3982110917568207
mlp,de,3,2983,2024-06-28 15:30:00,0,0,0.31579893827438354
mlp,de,3,2984,2024-06-28 15:35:00,0,0,0.2276032269001007
mlp,de,3,2985,2024-06-28 15:40:00,0,0,0.19094479084014893
mlp,de,3,2986,2024-06-28 15:45:00,0,0,0.2349148392677307
mlp,de,3,2987,2024-06-28 15:50:00,0,0,0.3081294894218445
mlp,de,3,2988,2024-06-28 15:55:00,0,0,0.46860170364379883
mlp,de,3,2989,2024-06-28 16:00:00,0,0,0.41569578647613525
mlp,de,3,2990,2024-06-28 16:05:00,0,0,0.38569366931915283
mlp,de,3,2991,2024-06-28 16:10:00,0,0,0.31208541989326477
mlp,de,3,2992,2024-06-28 16:15:00,1,0,0.3033373951911926
mlp,de,3,2993,2024-06-28 16:20:00,1,0,0.42593494057655334
mlp,de,3,2994,2024-06-28 16:25:00,1,1,0.581063985824585
mlp,de,3,2995,2024-06-28 16:30:00,1,1,0.5909848809242249
mlp,de,3,2996,2024-06-28 16:35:00,1,1,0.5517815947532654
mlp,de,3,2997,2024-06-28 16:40:00,1,1,0.5855345726013184
mlp,de,3,2998,2024-06-28 16:45:00,1,1,0.652274489402771
mlp,de,3,2999,2024-06-28 16:50:00,1,1,0.7247077822685242
mlp,de,3,3000,2024-06-28 16:55:00,0,1,0.7720068693161011
mlp,de,3,3001,2024-06-28 17:00:00,0,1,0.7043848633766174
mlp,de,3,3002,2024-06-28 17:05:00,0,1,0.5938778519630432
mlp,de,3,3003,2024-06-28 17:10:00,0,1,0.613622784614563
mlp,de,3,3004,2024-06-28 17:15:00,0,0,0.4897082448005676
mlp,de,3,3005,2024-06-28 17:20:00,0,0,0.38541457056999207
mlp,de,3,3006,2024-06-28 17:25:00,0,0,0.3699416518211365
mlp,de,3,3007,2024-06-28 17:30:00,0,0,0.45289304852485657
mlp,de,3,3008,2024-06-28 17:35:00,0,0,0.43833425641059875
mlp,de,3,3009,2024-06-28 17:40:00,0,0,0.47061076760292053
mlp,de,3,3010,2024-06-28 17:45:00,0,1,0.5805286765098572
mlp,de,3,3011,2024-06-28 17:50:00,0,1,0.5883322954177856
mlp,de,4,0,2024-05-20 15:25:00,1,0,0.411373108625412
mlp,de,4,1,2024-05-20 15:25:00,1,0,0.4112410247325897
mlp,de,4,2,2024-05-20 15:30:00,1,0,0.4710882306098938
mlp,de,4,3,2024-05-20 15:30:00,1,0,0.4830363392829895
mlp,de,4,4,2024-05-20 15:35:00,1,0,0.4899289608001709
mlp,de,4,5,2024-05-20 15:35:00,1,0,0.4894697070121765
mlp,de,4,6,2024-05-20 15:40:00,1,0,0.4560152292251587
mlp,de,4,7,2024-05-20 15:40:00,1,0,0.3743489682674408
mlp,de,4,8,2024-05-20 15:45:00,1,0,0.43262922763824463
mlp,de,4,9,2024-05-20 15:45:00,1,0,0.4740724265575409
mlp,de,4,10,2024-05-20 15:50:00,1,0,0.4477660059928894
mlp,de,4,11,2024-05-20 15:50:00,1,0,0.3211282789707184
mlp,de,4,12,2024-05-20 15:55:00,1,0,0.4417186379432678
mlp,de,4,13,2024-05-20 15:55:00,1,0,0.45820388197898865
mlp,de,4,14,2024-05-20 16:00:00,1,1,0.5234072804450989
mlp,de,4,15,2024-05-20 16:00:00,1,1,0.5254037380218506
mlp,de,4,16,2024-05-20 16:05:00,1,1,0.5567850470542908
mlp,de,4,17,2024-05-20 16:05:00,1,1,0.5560770630836487
mlp,de,4,18,2024-05-20 16:10:00,1,1,0.5393516421318054
mlp,de,4,19,2024-05-20 16:10:00,1,1,0.5612743496894836
mlp,de,4,20,2024-05-20 16:15:00,1,1,0.5491015315055847
mlp,de,4,21,2024-05-20 16:15:00,1,1,0.5737221837043762
mlp,de,4,22,2024-05-20 16:20:00,1,0,0.4909541606903076
mlp,de,4,23,2024-05-20 16:20:00,1,0,0.4925769865512848
mlp,de,4,24,2024-05-20 16:25:00,1,0,0.4486444592475891
mlp,de,4,25,2024-05-20 16:25:00,1,0,0.42242008447647095
mlp,de,4,26,2024-05-20 16:30:00,1,0,0.43286845088005066
mlp,de,4,27,2024-05-20 16:30:00,1,0,0.42234569787979126
mlp,de,4,28,2024-05-20 16:35:00,1,0,0.433951735496521
mlp,de,4,29,2024-05-20 16:35:00,1,0,0.4002106785774231
mlp,de,4,30,2024-05-20 16:40:00,1,0,0.4504146873950958
mlp,de,4,31,2024-05-20 16:40:00,1,0,0.47491779923439026
mlp,de,4,32,2024-05-20 16:45:00,1,1,0.506812572479248
mlp,de,4,33,2024-05-20 16:45:00,1,1,0.541763186454773
mlp,de,4,34,2024-05-20 16:50:00,1,1,0.5966127514839172
mlp,de,4,35,2024-05-20 16:50:00,1,1,0.591335117816925
mlp,de,4,36,2024-05-20 16:55:00,0,1,0.6377193927764893
mlp,de,4,37,2024-05-20 16:55:00,0,1,0.6477364301681519
mlp,de,4,38,2024-05-20 17:00:00,0,1,0.6733171343803406
mlp,de,4,39,2024-05-20 17:00:00,0,1,0.5855686068534851
mlp,de,4,40,2024-05-20 17:05:00,0,1,0.5001624226570129
mlp,de,4,41,2024-05-20 17:05:00,0,1,0.5885634422302246
mlp,de,4,42,2024-05-20 17:10:00,0,0,0.470818430185318
mlp,de,4,43,2024-05-20 17:10:00,0,0,0.38189417123794556
mlp,de,4,44,2024-05-20 17:15:00,0,0,0.48088759183883667
mlp,de,4,45,2024-05-20 17:15:00,0,1,0.5313223004341125
mlp,de,4,46,2024-05-20 17:20:00,0,1,0.5418830513954163
mlp,de,4,47,2024-05-20 17:20:00,0,0,0.4920984208583832
mlp,de,4,48,2024-05-20 17:25:00,0,1,0.6303903460502625
mlp,de,4,49,2024-05-20 17:25:00,0,1,0.5731065273284912
mlp,de,4,50,2024-05-20 17:30:00,0,1,0.6347472071647644
mlp,de,4,51,2024-05-20 17:30:00,0,1,0.5811609029769897
mlp,de,4,52,2024-05-20 17:35:00,0,1,0.5339508056640625
mlp,de,4,53,2024-05-20 17:35:00,0,1,0.5218015909194946
mlp,de,4,54,2024-05-20 17:40:00,0,1,0.5191171169281006
mlp,de,4,55,2024-05-20 17:40:00,0,1,0.5623992681503296
mlp,de,4,56,2024-05-20 17:45:00,0,1,0.5334050059318542
mlp,de,4,57,2024-05-20 17:45:00,0,0,0.49841615557670593
mlp,de,4,58,2024-05-20 17:50:00,0,1,0.6241400241851807
mlp,de,4,59,2024-05-20 17:50:00,0,1,0.5345613956451416
mlp,de,4,60,2024-05-20 17:55:00,0,1,0.6159183382987976
mlp,de,4,61,2024-05-20 17:55:00,0,0,0.45815038681030273
mlp,de,4,62,2024-05-21 13:30:00,1,0,0.3196569085121155
mlp,de,4,63,2024-05-21 13:30:00,1,0,0.3191583454608917
mlp,de,4,64,2024-05-21 13:35:00,1,0,0.37702223658561707
mlp,de,4,65,2024-05-21 13:35:00,1,0,0.373274564743042
mlp,de,4,66,2024-05-21 13:40:00,1,0,0.4679434597492218
mlp,de,4,67,2024-05-21 13:40:00,1,0,0.46123528480529785
mlp,de,4,68,2024-05-21 13:45:00,1,1,0.6025635600090027
mlp,de,4,69,2024-05-21 13:45:00,1,1,0.6275215744972229
mlp,de,4,70,2024-05-21 13:50:00,1,1,0.50705486536026
mlp,de,4,71,2024-05-21 13:50:00,1,0,0.4843112528324127
mlp,de,4,72,2024-05-21 13:55:00,1,0,0.4519594609737396
mlp,de,4,73,2024-05-21 13:55:00,1,0,0.4649827182292938
mlp,de,4,74,2024-05-21 14:00:00,1,1,0.5549404621124268
mlp,de,4,75,2024-05-21 14:00:00,1,1,0.5348677039146423
mlp,de,4,76,2024-05-21 14:05:00,1,1,0.517112135887146
mlp,de,4,77,2024-05-21 14:05:00,1,1,0.538444995880127
mlp,de,4,78,2024-05-21 14:10:00,1,0,0.46974602341651917
mlp,de,4,79,2024-05-21 14:10:00,1,0,0.4988504946231842
mlp,de,4,80,2024-05-21 14:15:00,1,1,0.5233687162399292
mlp,de,4,81,2024-05-21 14:15:00,1,1,0.5629108548164368
mlp,de,4,82,2024-05-21 14:20:00,1,1,0.649605393409729
mlp,de,4,83,2024-05-21 14:20:00,1,1,0.6346907615661621
mlp,de,4,84,2024-05-21 14:25:00,1,1,0.7123680710792542
mlp,de,4,85,2024-05-21 14:25:00,1,1,0.635345458984375
mlp,de,4,86,2024-05-21 14:30:00,1,1,0.694201648235321
mlp,de,4,87,2024-05-21 14:30:00,1,1,0.6173577308654785
mlp,de,4,88,2024-05-21 14:35:00,1,1,0.5695820450782776
mlp,de,4,89,2024-05-21 14:35:00,1,1,0.6185636520385742
mlp,de,4,90,2024-05-21 14:40:00,1,1,0.5891452431678772
mlp,de,4,91,2024-05-21 14:40:00,1,1,0.6050278544425964
mlp,de,4,92,2024-05-21 14:45:00,1,1,0.5888761281967163
mlp,de,4,93,2024-05-21 14:45:00,1,1,0.6042536497116089
mlp,de,4,94,2024-05-21 14:50:00,1,1,0.6058351397514343
mlp,de,4,95,2024-05-21 14:50:00,1,1,0.5786452293395996
mlp,de,4,96,2024-05-21 14:55:00,1,1,0.71011883020401
mlp,de,4,97,2024-05-21 14:55:00,1,1,0.6530909538269043
mlp,de,4,98,2024-05-21 15:00:00,1,1,0.6799003481864929
mlp,de,4,99,2024-05-21 15:00:00,1,1,0.6812378168106079
mlp,de,4,100,2024-05-21 15:05:00,0,1,0.727180004119873
mlp,de,4,101,2024-05-21 15:05:00,0,1,0.6546376943588257
mlp,de,4,102,2024-05-21 15:10:00,0,1,0.6476311683654785
mlp,de,4,103,2024-05-21 15:10:00,0,1,0.5326984524726868
mlp,de,4,104,2024-05-21 15:15:00,0,0,0.4468992352485657
mlp,de,4,105,2024-05-21 15:15:00,0,0,0.4792088270187378
mlp,de,4,106,2024-05-21 15:20:00,0,0,0.4330902695655823
mlp,de,4,107,2024-05-21 15:20:00,0,1,0.5113505721092224
mlp,de,4,108,2024-05-21 15:25:00,0,0,0.4676998257637024
mlp,de,4,109,2024-05-21 15:25:00,0,0,0.4501991868019104
mlp,de,4,110,2024-05-21 15:30:00,0,0,0.3831339180469513
mlp,de,4,111,2024-05-21 15:30:00,0,0,0.3369930684566498
mlp,de,4,112,2024-05-21 15:35:00,0,0,0.3254810571670532
mlp,de,4,113,2024-05-21 15:35:00,0,0,0.3544647991657257
mlp,de,4,114,2024-05-21 15:40:00,0,0,0.4149261713027954
mlp,de,4,115,2024-05-21 15:40:00,0,0,0.38071128726005554
mlp,de,4,116,2024-05-21 15:45:00,0,0,0.4070645272731781
mlp,de,4,117,2024-05-21 15:50:00,0,1,0.5490080714225769
mlp,de,4,118,2024-05-21 15:50:00,0,1,0.5558040738105774
mlp,de,4,119,2024-05-21 15:55:00,0,1,0.521957278251648
mlp,de,4,120,2024-05-21 15:55:00,0,1,0.5297713875770569
mlp,de,4,121,2024-05-21 16:00:00,0,1,0.5998588800430298
mlp,de,4,122,2024-05-21 16:00:00,0,1,0.5464421510696411
mlp,de,4,123,2024-05-21 16:05:00,0,1,0.6522731184959412
mlp,de,4,124,2024-05-21 16:05:00,0,1,0.6046040654182434
mlp,de,4,125,2024-05-21 16:10:00,0,1,0.6154285669326782
mlp,de,4,126,2024-05-21 16:10:00,0,1,0.5609523057937622
mlp,de,4,127,2024-05-21 16:15:00,0,1,0.5496081113815308
mlp,de,4,128,2024-05-21 16:15:00,0,1,0.5680603384971619
mlp,de,4,129,2024-05-21 16:20:00,0,1,0.565444827079773
mlp,de,4,130,2024-05-21 16:20:00,0,1,0.5835136771202087
mlp,de,4,131,2024-05-21 16:25:00,0,1,0.60646653175354
mlp,de,4,132,2024-05-21 16:25:00,0,1,0.580328106880188
mlp,de,4,133,2024-05-21 16:30:00,0,1,0.582785964012146
mlp,de,4,134,2024-05-21 16:30:00,0,1,0.5852310061454773
mlp,de,4,135,2024-05-21 16:35:00,0,1,0.5601329803466797
mlp,de,4,136,2024-05-21 16:35:00,0,1,0.5431978106498718
mlp,de,4,137,2024-05-21 16:40:00,0,0,0.49381038546562195
mlp,de,4,138,2024-05-21 16:40:00,0,1,0.5333942770957947
mlp,de,4,139,2024-05-21 16:45:00,0,0,0.4800834059715271
mlp,de,4,140,2024-05-21 16:45:00,0,0,0.4899921119213104
mlp,de,4,141,2024-05-21 16:50:00,0,0,0.46797075867652893
mlp,de,4,142,2024-05-21 16:50:00,0,0,0.4697464406490326
mlp,de,4,143,2024-05-21 16:55:00,0,0,0.3808268904685974
mlp,de,4,144,2024-05-21 16:55:00,0,0,0.3759223520755768
mlp,de,4,145,2024-05-21 17:00:00,0,0,0.29117482900619507
mlp,de,4,146,2024-05-21 17:00:00,0,0,0.3284943103790283
mlp,de,4,147,2024-05-21 17:05:00,0,0,0.29537299275398254
mlp,de,4,148,2024-05-21 17:05:00,0,0,0.3131868243217468
mlp,de,4,149,2024-05-21 17:10:00,0,0,0.30357104539871216
mlp,de,4,150,2024-05-21 17:10:00,0,0,0.29368552565574646
mlp,de,4,151,2024-05-21 17:15:00,0,0,0.3230467736721039
mlp,de,4,152,2024-05-21 17:15:00,0,0,0.3237094283103943
mlp,de,4,153,2024-05-21 17:20:00,0,0,0.44735726714134216
mlp,de,4,154,2024-05-21 17:20:00,0,0,0.43262922763824463
mlp,de,4,155,2024-05-21 17:25:00,0,0,0.39512795209884644
mlp,de,4,156,2024-05-21 17:25:00,0,0,0.4238970875740051
mlp,de,4,157,2024-05-21 17:30:00,0,0,0.4076192378997803
mlp,de,4,158,2024-05-21 17:30:00,0,0,0.39173853397369385
mlp,de,4,159,2024-05-21 17:35:00,0,0,0.46903759241104126
mlp,de,4,160,2024-05-21 17:40:00,0,0,0.43832331895828247
mlp,de,4,161,2024-05-21 17:40:00,0,0,0.46468546986579895
mlp,de,4,162,2024-05-21 17:45:00,0,0,0.475862979888916
mlp,de,4,163,2024-05-21 17:50:00,0,0,0.42366620898246765
mlp,de,4,164,2024-05-21 17:50:00,0,0,0.3927198350429535
mlp,de,4,165,2024-05-21 17:55:00,0,0,0.41337910294532776
mlp,de,4,166,2024-05-21 17:55:00,0,0,0.42518842220306396
mlp,de,4,167,2024-05-22 11:40:00,1,0,0.2926594018936157
mlp,de,4,168,2024-05-22 11:45:00,1,0,0.37083354592323303
mlp,de,4,169,2024-05-22 11:50:00,1,1,0.503953754901886
mlp,de,4,170,2024-05-22 11:55:00,1,0,0.4960147738456726
mlp,de,4,171,2024-05-22 12:00:00,1,1,0.6084099411964417
mlp,de,4,172,2024-05-22 12:05:00,0,1,0.7140557765960693
mlp,de,4,173,2024-05-22 12:10:00,0,1,0.7045751214027405
mlp,de,4,174,2024-05-22 12:15:00,0,1,0.5477699637413025
mlp,de,4,175,2024-05-22 12:20:00,0,0,0.4296669661998749
mlp,de,4,176,2024-05-22 12:25:00,0,0,0.32678312063217163
mlp,de,4,177,2024-05-22 12:30:00,0,0,0.38671350479125977
mlp,de,4,178,2024-05-22 12:35:00,0,1,0.5194920897483826
mlp,de,4,179,2024-05-22 12:40:00,0,0,0.4797297418117523
mlp,de,4,180,2024-05-22 12:45:00,0,0,0.43390336632728577
mlp,de,4,181,2024-05-22 12:50:00,0,0,0.4657132625579834
mlp,de,4,182,2024-05-22 12:55:00,0,1,0.5688868165016174
mlp,de,4,183,2024-05-22 13:00:00,0,1,0.6504884362220764
mlp,de,4,184,2024-05-22 13:05:00,0,1,0.5664986371994019
mlp,de,4,185,2024-05-22 13:10:00,0,1,0.5464072823524475
mlp,de,4,186,2024-05-22 13:15:00,0,1,0.5175444483757019
mlp,de,4,187,2024-05-22 13:20:00,0,0,0.44336915016174316
mlp,de,4,188,2024-05-22 13:25:00,0,0,0.4379192590713501
mlp,de,4,189,2024-05-22 13:30:00,0,0,0.4492943286895752
mlp,de,4,190,2024-05-22 13:35:00,0,0,0.41598615050315857
mlp,de,4,191,2024-05-22 13:40:00,0,0,0.3569278419017792
mlp,de,4,192,2024-05-22 13:45:00,0,0,0.3380979597568512
mlp,de,4,193,2024-05-22 13:50:00,0,0,0.4705544412136078
mlp,de,4,194,2024-05-22 13:55:00,0,0,0.3345576524734497
mlp,de,4,195,2024-05-22 14:00:00,0,0,0.3231736421585083
mlp,de,4,196,2024-05-22 14:05:00,0,0,0.3818269371986389
mlp,de,4,197,2024-05-22 14:10:00,0,0,0.40188151597976685
mlp,de,4,198,2024-05-22 14:15:00,0,0,0.45413738489151
mlp,de,4,199,2024-05-22 14:20:00,0,0,0.4209592342376709
mlp,de,4,200,2024-05-22 14:25:00,0,0,0.398709237575531
mlp,de,4,201,2024-05-22 14:30:00,0,0,0.3573561906814575
mlp,de,4,202,2024-05-22 14:35:00,0,0,0.36077722907066345
mlp,de,4,203,2024-05-22 14:40:00,0,0,0.33753085136413574
mlp,de,4,204,2024-05-22 14:45:00,0,0,0.44454479217529297
mlp,de,4,205,2024-05-22 14:50:00,0,0,0.4224306643009186
mlp,de,4,206,2024-05-22 14:55:00,0,0,0.4972755014896393
mlp,de,4,207,2024-05-22 15:00:00,0,0,0.3802591562271118
mlp,de,4,208,2024-05-22 15:05:00,0,0,0.3591364920139313
mlp,de,4,209,2024-05-22 15:10:00,0,0,0.36210897564888
mlp,de,4,210,2024-05-22 15:15:00,0,0,0.3284158408641815
mlp,de,4,211,2024-05-22 15:20:00,0,0,0.3437153995037079
mlp,de,4,212,2024-05-22 15:25:00,0,0,0.2682706117630005
mlp,de,4,213,2024-05-22 15:30:00,0,0,0.27411481738090515
mlp,de,4,214,2024-05-22 15:35:00,0,0,0.2782168388366699
mlp,de,4,215,2024-05-22 15:40:00,0,0,0.345867782831192
mlp,de,4,216,2024-05-22 15:45:00,0,0,0.4749103784561157
mlp,de,4,217,2024-05-22 15:50:00,0,0,0.4530710279941559
mlp,de,4,218,2024-05-22 15:55:00,0,0,0.4947078227996826
mlp,de,4,219,2024-05-22 16:00:00,0,0,0.4944663643836975
mlp,de,4,220,2024-05-22 16:05:00,0,1,0.5126738548278809
mlp,de,4,221,2024-05-22 16:10:00,0,0,0.4224179983139038
mlp,de,4,222,2024-05-22 16:15:00,0,0,0.3363698720932007
mlp,de,4,223,2024-05-22 16:20:00,0,0,0.272786408662796
mlp,de,4,224,2024-05-22 16:25:00,0,0,0.35506632924079895
mlp,de,4,225,2024-05-22 16:30:00,0,0,0.4040198028087616
mlp,de,4,226,2024-05-22 16:35:00,0,0,0.37806436419487
mlp,de,4,227,2024-05-22 16:40:00,0,0,0.3688870966434479
mlp,de,4,228,2024-05-22 16:45:00,0,0,0.33998191356658936
mlp,de,4,229,2024-05-22 16:50:00,0,0,0.3903543949127197
mlp,de,4,230,2024-05-22 16:55:00,0,0,0.4983241856098175
mlp,de,4,231,2024-05-22 17:00:00,0,0,0.47846701741218567
mlp,de,4,232,2024-05-22 17:05:00,0,0,0.38662582635879517
mlp,de,4,233,2024-05-22 17:10:00,0,0,0.3542023301124573
mlp,de,4,234,2024-05-22 17:15:00,0,0,0.3016979694366455
mlp,de,4,235,2024-05-22 17:20:00,0,0,0.47333428263664246
mlp,de,4,236,2024-05-22 17:25:00,0,0,0.44264817237854004
mlp,de,4,237,2024-05-22 17:30:00,0,0,0.37458091974258423
mlp,de,4,238,2024-05-22 17:35:00,0,0,0.4020843207836151
mlp,de,4,239,2024-05-22 17:40:00,0,0,0.39508986473083496
mlp,de,4,240,2024-05-22 17:45:00,0,0,0.41354262828826904
mlp,de,4,241,2024-05-22 17:50:00,0,0,0.4335620105266571
mlp,de,4,242,2024-05-22 17:55:00,0,0,0.41305604577064514
mlp,de,4,243,2024-05-23 11:15:00,1,0,0.1898413747549057
mlp,de,4,244,2024-05-23 11:20:00,1,0,0.22186459600925446
mlp,de,4,245,2024-05-23 11:25:00,1,0,0.2610710859298706
mlp,de,4,246,2024-05-23 11:30:00,1,0,0.3294842839241028
mlp,de,4,247,2024-05-23 11:35:00,1,0,0.31609442830085754
mlp,de,4,248,2024-05-23 11:40:00,1,0,0.3547245264053345
mlp,de,4,249,2024-05-23 11:45:00,1,0,0.43948784470558167
mlp,de,4,250,2024-05-23 11:50:00,1,0,0.4077535569667816
mlp,de,4,251,2024-05-23 11:55:00,1,0,0.35761353373527527
mlp,de,4,252,2024-05-23 12:00:00,1,1,0.5219124555587769
mlp,de,4,253,2024-05-23 12:05:00,1,1,0.5670483708381653
mlp,de,4,254,2024-05-23 12:10:00,1,1,0.5504183769226074
mlp,de,4,255,2024-05-23 12:15:00,1,0,0.44263240694999695
mlp,de,4,256,2024-05-23 12:20:00,1,0,0.4992733895778656
mlp,de,4,257,2024-05-23 12:25:00,1,1,0.5998502969741821
mlp,de,4,258,2024-05-23 12:30:00,1,1,0.5481621026992798
mlp,de,4,259,2024-05-23 12:35:00,1,1,0.6112903356552124
mlp,de,4,260,2024-05-23 12:40:00,1,1,0.5898581147193909
mlp,de,4,261,2024-05-23 12:45:00,1,0,0.49505066871643066
mlp,de,4,262,2024-05-23 12:50:00,1,1,0.5239539742469788
mlp,de,4,263,2024-05-23 12:55:00,1,1,0.5576708316802979
mlp,de,4,264,2024-05-23 13:00:00,1,1,0.5860888957977295
mlp,de,4,265,2024-05-23 13:05:00,1,1,0.5095210075378418
mlp,de,4,266,2024-05-23 13:10:00,1,0,0.43976181745529175
mlp,de,4,267,2024-05-23 13:15:00,1,0,0.4514463543891907
mlp,de,4,268,2024-05-23 13:20:00,1,1,0.5236623883247375
mlp,de,4,269,2024-05-23 13:25:00,0,1,0.5887983441352844
mlp,de,4,270,2024-05-23 13:30:00,0,1,0.5978571772575378
mlp,de,4,271,2024-05-23 13:35:00,0,1,0.5352559089660645
mlp,de,4,272,2024-05-23 13:40:00,0,0,0.4381725788116455
mlp,de,4,273,2024-05-23 13:45:00,0,0,0.3891536295413971
mlp,de,4,274,2024-05-23 13:50:00,0,0,0.4303584098815918
mlp,de,4,275,2024-05-23 13:55:00,0,0,0.42751750349998474
mlp,de,4,276,2024-05-23 14:00:00,0,0,0.496102899312973
mlp,de,4,277,2024-05-23 14:05:00,0,0,0.48529210686683655
mlp,de,4,278,2024-05-23 14:10:00,0,1,0.5897661447525024
mlp,de,4,279,2024-05-23 14:15:00,0,0,0.49391552805900574
mlp,de,4,280,2024-05-23 14:20:00,0,1,0.5312790870666504
mlp,de,4,281,2024-05-23 14:25:00,0,1,0.6024762988090515
mlp,de,4,282,2024-05-23 14:30:00,0,1,0.6351645588874817
mlp,de,4,283,2024-05-23 14:35:00,0,0,0.45905953645706177
mlp,de,4,284,2024-05-23 14:40:00,0,0,0.32471713423728943
mlp,de,4,285,2024-05-23 14:45:00,0,0,0.3394227623939514
mlp,de,4,286,2024-05-23 14:50:00,0,0,0.3398062586784363
mlp,de,4,287,2024-05-23 14:55:00,0,0,0.2769760191440582
mlp,de,4,288,2024-05-23 15:00:00,1,0,0.25188422203063965
mlp,de,4,289,2024-05-23 15:00:00,1,0,0.2512683868408203
mlp,de,4,290,2024-05-23 15:05:00,1,0,0.3329832851886749
mlp,de,4,291,2024-05-23 15:05:00,1,0,0.3433765470981598
mlp,de,4,292,2024-05-23 15:10:00,1,0,0.4294182360172272
mlp,de,4,293,2024-05-23 15:10:00,1,0,0.4002542197704315
mlp,de,4,294,2024-05-23 15:15:00,1,0,0.3769381642341614
mlp,de,4,295,2024-05-23 15:15:00,1,0,0.3844349682331085
mlp,de,4,296,2024-05-23 15:20:00,1,0,0.40230268239974976
mlp,de,4,297,2024-05-23 15:20:00,1,0,0.3859327435493469
mlp,de,4,298,2024-05-23 15:25:00,1,0,0.44577938318252563
mlp,de,4,299,2024-05-23 15:25:00,1,0,0.4576176404953003
mlp,de,4,300,2024-05-23 15:30:00,1,0,0.4858943819999695
mlp,de,4,301,2024-05-23 15:30:00,1,0,0.4893794059753418
mlp,de,4,302,2024-05-23 15:35:00,1,1,0.5756200551986694
mlp,de,4,303,2024-05-23 15:35:00,1,1,0.5583524703979492
mlp,de,4,304,2024-05-23 15:40:00,1,1,0.5512093901634216
mlp,de,4,305,2024-05-23 15:40:00,1,1,0.5398631691932678
mlp,de,4,306,2024-05-23 15:45:00,1,0,0.4853902757167816
mlp,de,4,307,2024-05-23 15:45:00,1,1,0.5034252405166626
mlp,de,4,308,2024-05-23 15:50:00,1,0,0.47900545597076416
mlp,de,4,309,2024-05-23 15:50:00,1,0,0.4533473551273346
mlp,de,4,310,2024-05-23 15:55:00,1,0,0.4483499228954315
mlp,de,4,311,2024-05-23 15:55:00,1,0,0.4652937650680542
mlp,de,4,312,2024-05-23 16:00:00,1,0,0.48811569809913635
mlp,de,4,313,2024-05-23 16:00:00,1,1,0.5089071989059448
mlp,de,4,314,2024-05-23 16:05:00,1,1,0.5240307450294495
mlp,de,4,315,2024-05-23 16:05:00,1,1,0.5068413019180298
mlp,de,4,316,2024-05-23 16:10:00,1,1,0.5403531193733215
mlp,de,4,317,2024-05-23 16:10:00,1,1,0.5398178696632385
mlp,de,4,318,2024-05-23 16:15:00,1,1,0.5907778143882751
mlp,de,4,319,2024-05-23 16:15:00,1,1,0.5921255946159363
mlp,de,4,320,2024-05-23 16:20:00,1,1,0.6406934261322021
mlp,de,4,321,2024-05-23 16:20:00,1,1,0.6104764342308044
mlp,de,4,322,2024-05-23 16:25:00,1,1,0.5918321013450623
mlp,de,4,323,2024-05-23 16:25:00,1,1,0.5467239618301392
mlp,de,4,324,2024-05-23 16:30:00,1,1,0.6144973039627075
mlp,de,4,325,2024-05-23 16:30:00,1,1,0.5425199270248413
mlp,de,4,326,2024-05-23 16:35:00,1,1,0.5224441885948181
mlp,de,4,327,2024-05-23 16:35:00,1,1,0.5408257842063904
mlp,de,4,328,2024-05-23 16:40:00,1,1,0.5581580400466919
mlp,de,4,329,2024-05-23 16:40:00,1,1,0.5559077262878418
mlp,de,4,330,2024-05-23 16:45:00,1,1,0.6229370832443237
mlp,de,4,331,2024-05-23 16:45:00,1,1,0.6281434297561646
mlp,de,4,332,2024-05-23 16:50:00,1,1,0.5067197680473328
mlp,de,4,333,2024-05-23 16:50:00,1,1,0.53815758228302
mlp,de,4,334,2024-05-23 16:55:00,1,1,0.5461835265159607
mlp,de,4,335,2024-05-23 16:55:00,1,1,0.5548147559165955
mlp,de,4,336,2024-05-23 17:00:00,1,1,0.585890531539917
mlp,de,4,337,2024-05-23 17:00:00,1,1,0.6030389070510864
mlp,de,4,338,2024-05-23 17:05:00,1,1,0.5998402237892151
mlp,de,4,339,2024-05-23 17:05:00,1,1,0.6548874378204346
mlp,de,4,340,2024-05-23 17:10:00,1,1,0.6551070809364319
mlp,de,4,341,2024-05-23 17:10:00,1,1,0.6357463598251343
mlp,de,4,342,2024-05-23 17:15:00,1,1,0.644955039024353
mlp,de,4,343,2024-05-23 17:15:00,1,1,0.6497732400894165
mlp,de,4,344,2024-05-23 17:20:00,1,1,0.6318734884262085
mlp,de,4,345,2024-05-23 17:20:00,1,1,0.6209547519683838
mlp,de,4,346,2024-05-23 17:25:00,1,1,0.6571565270423889
mlp,de,4,347,2024-05-23 17:25:00,1,1,0.6667880415916443
mlp,de,4,348,2024-05-23 17:30:00,1,1,0.6502327919006348
mlp,de,4,349,2024-05-23 17:30:00,1,1,0.6039077043533325
mlp,de,4,350,2024-05-23 17:35:00,1,1,0.6276564002037048
mlp,de,4,351,2024-05-23 17:35:00,1,1,0.5893527865409851
mlp,de,4,352,2024-05-23 17:40:00,1,1,0.5243017673492432
mlp,de,4,353,2024-05-23 17:40:00,1,1,0.5573887825012207
mlp,de,4,354,2024-05-23 17:45:00,1,0,0.4758738875389099
mlp,de,4,355,2024-05-23 17:45:00,1,0,0.4880538880825043
mlp,de,4,356,2024-05-23 17:50:00,1,0,0.4540526270866394
mlp,de,4,357,2024-05-23 17:50:00,1,0,0.45131489634513855
mlp,de,4,358,2024-05-23 17:55:00,1,0,0.44248101115226746
mlp,de,4,359,2024-05-23 17:55:00,1,0,0.43734210729599
mlp,de,4,360,2024-05-24 10:40:00,0,1,0.6665045022964478
mlp,de,4,361,2024-05-24 10:40:00,0,1,0.6544754505157471
mlp,de,4,362,2024-05-24 10:45:00,0,1,0.662015438079834
mlp,de,4,363,2024-05-24 10:45:00,0,1,0.6656582355499268
mlp,de,4,364,2024-05-24 10:50:00,0,0,0.44802069664001465
mlp,de,4,365,2024-05-24 10:50:00,0,0,0.45393940806388855
mlp,de,4,366,2024-05-24 10:55:00,0,0,0.44169315695762634
mlp,de,4,367,2024-05-24 10:55:00,0,0,0.4506166875362396
mlp,de,4,368,2024-05-24 11:00:00,0,0,0.3742181062698364
mlp,de,4,369,2024-05-24 11:00:00,0,0,0.40132156014442444
mlp,de,4,370,2024-05-24 11:05:00,0,1,0.522884726524353
mlp,de,4,371,2024-05-24 11:05:00,0,1,0.527708888053894
mlp,de,4,372,2024-05-24 11:10:00,0,1,0.6255226135253906
mlp,de,4,373,2024-05-24 11:10:00,0,1,0.5975328683853149
mlp,de,4,374,2024-05-24 11:15:00,0,1,0.6574625372886658
mlp,de,4,375,2024-05-24 11:15:00,0,1,0.5734564065933228
mlp,de,4,376,2024-05-24 11:20:00,0,1,0.5708073973655701
mlp,de,4,377,2024-05-24 11:20:00,1,1,0.6244847774505615
mlp,de,4,378,2024-05-24 11:25:00,0,1,0.6177572011947632
mlp,de,4,379,2024-05-24 11:25:00,0,1,0.6692697405815125
mlp,de,4,380,2024-05-24 11:30:00,0,1,0.6065080761909485
mlp,de,4,381,2024-05-24 11:30:00,0,1,0.5942173004150391
mlp,de,4,382,2024-05-24 11:35:00,0,0,0.4605174958705902
mlp,de,4,383,2024-05-24 11:35:00,0,0,0.45886337757110596
mlp,de,4,384,2024-05-24 11:40:00,0,0,0.3926220238208771
mlp,de,4,385,2024-05-24 11:40:00,0,0,0.3872487545013428
mlp,de,4,386,2024-05-24 11:45:00,0,0,0.425317645072937
mlp,de,4,387,2024-05-24 11:45:00,1,0,0.43386709690093994
mlp,de,4,388,2024-05-24 11:50:00,0,1,0.5894481539726257
mlp,de,4,389,2024-05-24 11:50:00,0,1,0.5633734464645386
mlp,de,4,390,2024-05-24 11:55:00,0,1,0.5088921189308167
mlp,de,4,391,2024-05-24 11:55:00,0,1,0.5164812207221985
mlp,de,4,392,2024-05-24 12:00:00,0,0,0.4808114767074585
mlp,de,4,393,2024-05-24 12:00:00,0,0,0.4317910969257355
mlp,de,4,394,2024-05-24 12:05:00,0,0,0.4742964506149292
mlp,de,4,395,2024-05-24 12:05:00,0,0,0.47017329931259155
mlp,de,4,396,2024-05-24 12:10:00,0,0,0.45062896609306335
mlp,de,4,397,2024-05-24 12:10:00,0,0,0.43965786695480347
mlp,de,4,398,2024-05-24 12:15:00,0,0,0.4570993185043335
mlp,de,4,399,2024-05-24 12:15:00,0,0,0.4089645743370056
mlp,de,4,400,2024-05-24 12:20:00,0,0,0.458078533411026
mlp,de,4,401,2024-05-24 12:20:00,0,0,0.438873827457428
mlp,de,4,402,2024-05-24 12:25:00,0,0,0.42198535799980164
mlp,de,4,403,2024-05-24 12:25:00,0,0,0.3877338469028473
mlp,de,4,404,2024-05-24 12:30:00,0,0,0.46348875761032104
mlp,de,4,405,2024-05-24 12:30:00,0,0,0.47408854961395264
mlp,de,4,406,2024-05-24 12:35:00,0,0,0.37819236516952515
mlp,de,4,407,2024-05-24 12:35:00,0,0,0.36425602436065674
mlp,de,4,408,2024-05-24 12:40:00,0,0,0.32363611459732056
mlp,de,4,409,2024-05-24 12:40:00,0,0,0.34937602281570435
mlp,de,4,410,2024-05-24 12:45:00,0,0,0.33639779686927795
mlp,de,4,411,2024-05-24 12:45:00,0,0,0.30422577261924744
mlp,de,4,412,2024-05-24 12:50:00,0,0,0.30628541111946106
mlp,de,4,413,2024-05-24 12:50:00,0,0,0.33650892972946167
mlp,de,4,414,2024-05-24 12:55:00,0,0,0.3939809501171112
mlp,de,4,415,2024-05-24 12:55:00,0,0,0.3752695322036743
mlp,de,4,416,2024-05-24 13:00:00,0,0,0.40718725323677063
mlp,de,4,417,2024-05-24 13:00:00,0,0,0.3961220979690552
mlp,de,4,418,2024-05-24 13:05:00,0,0,0.4615601897239685
mlp,de,4,419,2024-05-24 13:05:00,0,0,0.4318915009498596
mlp,de,4,420,2024-05-24 13:10:00,0,1,0.5500009059906006
mlp,de,4,421,2024-05-24 13:10:00,0,1,0.5449404120445251
mlp,de,4,422,2024-05-24 13:15:00,0,1,0.6040803790092468
mlp,de,4,423,2024-05-24 13:15:00,0,1,0.5812599658966064
mlp,de,4,424,2024-05-24 13:20:00,0,1,0.625972330570221
mlp,de,4,425,2024-05-24 13:20:00,0,1,0.6411997079849243
mlp,de,4,426,2024-05-24 13:25:00,0,1,0.5844192504882812
mlp,de,4,427,2024-05-24 13:25:00,0,1,0.6498290300369263
mlp,de,4,428,2024-05-24 13:30:00,0,1,0.5050927996635437
mlp,de,4,429,2024-05-24 13:30:00,0,1,0.5336691737174988
mlp,de,4,430,2024-05-24 13:35:00,0,1,0.5006024241447449
mlp,de,4,431,2024-05-24 13:35:00,0,1,0.5373591780662537
mlp,de,4,432,2024-05-24 13:40:00,0,0,0.46389153599739075
mlp,de,4,433,2024-05-24 13:40:00,0,0,0.4847904145717621
mlp,de,4,434,2024-05-24 13:45:00,0,0,0.4188801646232605
mlp,de,4,435,2024-05-24 13:45:00,0,0,0.443325936794281
mlp,de,4,436,2024-05-24 13:50:00,0,0,0.39828065037727356
mlp,de,4,437,2024-05-24 13:50:00,0,0,0.4102664291858673
mlp,de,4,438,2024-05-24 13:55:00,0,0,0.3451652526855469
mlp,de,4,439,2024-05-24 13:55:00,0,0,0.33096352219581604
mlp,de,4,440,2024-05-24 14:00:00,0,0,0.2865162491798401
mlp,de,4,441,2024-05-24 14:00:00,0,0,0.3249523937702179
mlp,de,4,442,2024-05-24 14:05:00,0,0,0.31760385632514954
mlp,de,4,443,2024-05-24 14:05:00,0,0,0.34560513496398926
mlp,de,4,444,2024-05-24 14:10:00,0,0,0.39572563767433167
mlp,de,4,445,2024-05-24 14:10:00,0,0,0.4437817633152008
mlp,de,4,446,2024-05-24 14:15:00,0,0,0.40376994013786316
mlp,de,4,447,2024-05-24 14:15:00,0,0,0.40057915449142456
mlp,de,4,448,2024-05-24 14:20:00,0,0,0.37002718448638916
mlp,de,4,449,2024-05-24 14:20:00,1,0,0.35035240650177
mlp,de,4,450,2024-05-24 14:25:00,0,0,0.38734105229377747
mlp,de,4,451,2024-05-24 14:25:00,1,0,0.3325965702533722
mlp,de,4,452,2024-05-24 14:30:00,0,0,0.4210093021392822
mlp,de,4,453,2024-05-24 14:30:00,1,0,0.39041292667388916
mlp,de,4,454,2024-05-24 14:35:00,1,0,0.4996189475059509
mlp,de,4,455,2024-05-24 14:35:00,0,1,0.5081594586372375
mlp,de,4,456,2024-05-24 14:40:00,0,1,0.5255897641181946
mlp,de,4,457,2024-05-24 14:40:00,1,1,0.5308380722999573
mlp,de,4,458,2024-05-24 14:45:00,0,1,0.5494189262390137
mlp,de,4,459,2024-05-24 14:45:00,1,1,0.6057351231575012
mlp,de,4,460,2024-05-24 14:50:00,0,1,0.5558205246925354
mlp,de,4,461,2024-05-24 14:50:00,1,1,0.5683127641677856
mlp,de,4,462,2024-05-24 14:55:00,0,1,0.5583536624908447
mlp,de,4,463,2024-05-24 14:55:00,1,1,0.6028603911399841
mlp,de,4,464,2024-05-24 15:00:00,0,1,0.5892568826675415
mlp,de,4,465,2024-05-24 15:00:00,0,1,0.5350005626678467
mlp,de,4,466,2024-05-24 15:05:00,0,0,0.4093964993953705
mlp,de,4,467,2024-05-24 15:05:00,0,0,0.40513959527015686
mlp,de,4,468,2024-05-24 15:10:00,0,0,0.3636104464530945
mlp,de,4,469,2024-05-24 15:10:00,0,0,0.379975289106369
mlp,de,4,470,2024-05-24 15:15:00,0,0,0.3218785524368286
mlp,de,4,471,2024-05-24 15:15:00,0,0,0.34322458505630493
mlp,de,4,472,2024-05-24 15:20:00,0,0,0.294625848531723
mlp,de,4,473,2024-05-24 15:20:00,0,0,0.31084468960762024
mlp,de,4,474,2024-05-24 15:25:00,0,0,0.2987891435623169
mlp,de,4,475,2024-05-24 15:25:00,0,0,0.26998910307884216
mlp,de,4,476,2024-05-24 15:30:00,0,0,0.2800794541835785
mlp,de,4,477,2024-05-24 15:30:00,0,0,0.2964150905609131
mlp,de,4,478,2024-05-24 15:35:00,0,0,0.2670876085758209
mlp,de,4,479,2024-05-24 15:35:00,0,0,0.26067960262298584
mlp,de,4,480,2024-05-24 15:40:00,0,0,0.22415705025196075
mlp,de,4,481,2024-05-24 15:40:00,0,0,0.22158882021903992
mlp,de,4,482,2024-05-24 15:45:00,0,0,0.27515527606010437
mlp,de,4,483,2024-05-24 15:45:00,0,0,0.2823629379272461
mlp,de,4,484,2024-05-24 15:50:00,0,0,0.3585299253463745
mlp,de,4,485,2024-05-24 15:50:00,0,0,0.3035981357097626
mlp,de,4,486,2024-05-24 15:55:00,0,0,0.33209264278411865
mlp,de,4,487,2024-05-24 15:55:00,0,0,0.3415893018245697
mlp,de,4,488,2024-05-24 16:00:00,0,0,0.3369620740413666
mlp,de,4,489,2024-05-24 16:00:00,1,0,0.3062537610530853
mlp,de,4,490,2024-05-24 16:05:00,1,0,0.27473685145378113
mlp,de,4,491,2024-05-24 16:05:00,0,0,0.3210675120353699
mlp,de,4,492,2024-05-24 16:10:00,0,0,0.37627366185188293
mlp,de,4,493,2024-05-24 16:10:00,1,0,0.3417966067790985
mlp,de,4,494,2024-05-24 16:15:00,1,0,0.4162794053554535
mlp,de,4,495,2024-05-24 16:15:00,0,0,0.4303795099258423
mlp,de,4,496,2024-05-24 16:20:00,0,0,0.44857341051101685
mlp,de,4,497,2024-05-24 16:20:00,1,0,0.3867988884449005
mlp,de,4,498,2024-05-24 16:25:00,0,1,0.5358520150184631
mlp,de,4,499,2024-05-24 16:25:00,1,1,0.5304927825927734
mlp,de,4,500,2024-05-24 16:30:00,0,1,0.5668030977249146
mlp,de,4,501,2024-05-24 16:30:00,1,1,0.6122551560401917
mlp,de,4,502,2024-05-24 16:35:00,1,1,0.6344138383865356
mlp,de,4,503,2024-05-24 16:35:00,0,1,0.6190075874328613
mlp,de,4,504,2024-05-24 16:40:00,1,1,0.5679736733436584
mlp,de,4,505,2024-05-24 16:40:00,0,1,0.5764796733856201
mlp,de,4,506,2024-05-24 16:45:00,1,1,0.5450316071510315
mlp,de,4,507,2024-05-24 16:45:00,0,1,0.5416377186775208
mlp,de,4,508,2024-05-24 16:50:00,0,1,0.5307781100273132
mlp,de,4,509,2024-05-24 16:50:00,1,1,0.6046659350395203
mlp,de,4,510,2024-05-24 16:55:00,0,0,0.4200717508792877
mlp,de,4,511,2024-05-24 16:55:00,1,0,0.4259662628173828
mlp,de,4,512,2024-05-24 17:00:00,0,0,0.3927876055240631
mlp,de,4,513,2024-05-24 17:00:00,1,0,0.3944222033023834
mlp,de,4,514,2024-05-24 17:05:00,1,0,0.365027517080307
mlp,de,4,515,2024-05-24 17:05:00,0,0,0.38380753993988037
mlp,de,4,516,2024-05-24 17:10:00,1,0,0.34780290722846985
mlp,de,4,517,2024-05-24 17:10:00,0,0,0.36386188864707947
mlp,de,4,518,2024-05-24 17:15:00,1,0,0.3267846703529358
mlp,de,4,519,2024-05-24 17:15:00,0,0,0.36181268095970154
mlp,de,4,520,2024-05-24 17:20:00,0,0,0.42023515701293945
mlp,de,4,521,2024-05-24 17:20:00,1,0,0.38980361819267273
mlp,de,4,522,2024-05-24 17:25:00,1,0,0.4221324324607849
mlp,de,4,523,2024-05-24 17:25:00,0,0,0.4431461691856384
mlp,de,4,524,2024-05-24 17:30:00,0,1,0.5147950053215027
mlp,de,4,525,2024-05-24 17:30:00,1,1,0.5063770413398743
mlp,de,4,526,2024-05-24 17:35:00,0,1,0.5047920942306519
mlp,de,4,527,2024-05-24 17:35:00,1,1,0.5702767372131348
mlp,de,4,528,2024-05-24 17:40:00,0,0,0.48823633790016174
mlp,de,4,529,2024-05-24 17:40:00,1,0,0.4884856641292572
mlp,de,4,530,2024-05-24 17:45:00,0,0,0.49088791012763977
mlp,de,4,531,2024-05-24 17:45:00,1,0,0.49462753534317017
mlp,de,4,532,2024-05-24 17:50:00,1,0,0.43028900027275085
mlp,de,4,533,2024-05-24 17:50:00,0,0,0.48531508445739746
mlp,de,4,534,2024-05-24 17:55:00,0,0,0.39502471685409546
mlp,de,4,535,2024-05-24 17:55:00,0,0,0.38223135471343994
mlp,de,4,536,2024-05-27 10:40:00,0,0,0.3559851050376892
mlp,de,4,537,2024-05-27 10:45:00,0,1,0.5722168684005737
mlp,de,4,538,2024-05-27 10:50:00,0,0,0.4424220025539398
mlp,de,4,539,2024-05-27 10:55:00,0,0,0.3690250515937805
mlp,de,4,540,2024-05-27 11:00:00,0,0,0.4384863078594208
mlp,de,4,541,2024-05-27 11:05:00,0,0,0.3338540494441986
mlp,de,4,542,2024-05-27 11:10:00,0,0,0.30672478675842285
mlp,de,4,543,2024-05-27 11:15:00,0,0,0.3161296248435974
mlp,de,4,544,2024-05-27 11:20:00,0,0,0.4559471011161804
mlp,de,4,545,2024-05-27 11:25:00,0,0,0.4212171137332916
mlp,de,4,546,2024-05-27 11:30:00,1,0,0.35770827531814575
mlp,de,4,547,2024-05-27 11:30:00,1,0,0.373317688703537
mlp,de,4,548,2024-05-27 11:35:00,1,0,0.3525601029396057
mlp,de,4,549,2024-05-27 11:35:00,1,0,0.3610687255859375
mlp,de,4,550,2024-05-27 11:40:00,1,0,0.4931827783584595
mlp,de,4,551,2024-05-27 11:40:00,1,0,0.4880504310131073
mlp,de,4,552,2024-05-27 11:45:00,1,0,0.47975388169288635
mlp,de,4,553,2024-05-27 11:45:00,1,1,0.5066236853599548
mlp,de,4,554,2024-05-27 11:50:00,1,1,0.5168225169181824
mlp,de,4,555,2024-05-27 11:50:00,1,1,0.5100893974304199
mlp,de,4,556,2024-05-27 11:55:00,1,1,0.5471162796020508
mlp,de,4,557,2024-05-27 11:55:00,1,1,0.5329485535621643
mlp,de,4,558,2024-05-27 12:00:00,1,1,0.536714494228363
mlp,de,4,559,2024-05-27 12:00:00,1,1,0.5379666686058044
mlp,de,4,560,2024-05-27 12:05:00,1,1,0.6053186058998108
mlp,de,4,561,2024-05-27 12:05:00,1,1,0.5745545625686646
mlp,de,4,562,2024-05-27 12:10:00,1,1,0.6456827521324158
mlp,de,4,563,2024-05-27 12:10:00,1,1,0.6204923987388611
mlp,de,4,564,2024-05-27 12:15:00,1,1,0.651406466960907
mlp,de,4,565,2024-05-27 12:15:00,1,1,0.5871805548667908
mlp,de,4,566,2024-05-27 12:20:00,1,1,0.6366432309150696
mlp,de,4,567,2024-05-27 12:20:00,1,1,0.6087088584899902
mlp,de,4,568,2024-05-27 12:25:00,1,1,0.6011280417442322
mlp,de,4,569,2024-05-27 12:30:00,1,1,0.6784146428108215
mlp,de,4,570,2024-05-27 12:30:00,1,1,0.6089574694633484
mlp,de,4,571,2024-05-27 12:35:00,1,1,0.5812404751777649
mlp,de,4,572,2024-05-27 12:35:00,1,1,0.569325864315033
mlp,de,4,573,2024-05-27 12:40:00,1,1,0.5984553694725037
mlp,de,4,574,2024-05-27 12:40:00,1,1,0.6139420866966248
mlp,de,4,575,2024-05-27 12:45:00,1,1,0.5473862886428833
mlp,de,4,576,2024-05-27 12:45:00,1,1,0.5372137427330017
mlp,de,4,577,2024-05-27 12:50:00,1,1,0.5135305523872375
mlp,de,4,578,2024-05-27 12:50:00,1,0,0.4932646155357361
mlp,de,4,579,2024-05-27 12:55:00,1,1,0.5303037762641907
mlp,de,4,580,2024-05-27 12:55:00,1,1,0.5453980565071106
mlp,de,4,581,2024-05-27 13:00:00,1,1,0.5092185139656067
mlp,de,4,582,2024-05-27 13:05:00,1,0,0.44881752133369446
mlp,de,4,583,2024-05-27 13:05:00,1,0,0.4581413269042969
mlp,de,4,584,2024-05-27 13:10:00,1,0,0.4846508204936981
mlp,de,4,585,2024-05-27 13:10:00,1,0,0.47817355394363403
mlp,de,4,586,2024-05-27 13:15:00,1,1,0.5438883900642395
mlp,de,4,587,2024-05-27 13:15:00,1,1,0.5354985594749451
mlp,de,4,588,2024-05-27 13:20:00,1,1,0.5232213735580444
mlp,de,4,589,2024-05-27 13:20:00,1,1,0.5140013694763184
mlp,de,4,590,2024-05-27 13:25:00,1,1,0.5514881610870361
mlp,de,4,591,2024-05-27 13:25:00,1,1,0.5571524500846863
mlp,de,4,592,2024-05-27 13:30:00,1,1,0.542079746723175
mlp,de,4,593,2024-05-27 13:35:00,1,1,0.5401497483253479
mlp,de,4,594,2024-05-27 13:40:00,1,1,0.6101624369621277
mlp,de,4,595,2024-05-27 13:40:00,1,1,0.5845290422439575
mlp,de,4,596,2024-05-27 13:45:00,1,1,0.6396705508232117
mlp,de,4,597,2024-05-27 13:45:00,1,1,0.600723922252655
mlp,de,4,598,2024-05-27 13:50:00,1,1,0.543427050113678
mlp,de,4,599,2024-05-27 13:50:00,1,1,0.5480426549911499
mlp,de,4,600,2024-05-27 13:55:00,1,1,0.5140947103500366
mlp,de,4,601,2024-05-27 13:55:00,1,1,0.5544567108154297
mlp,de,4,602,2024-05-27 14:00:00,1,1,0.5873501300811768
mlp,de,4,603,2024-05-27 14:00:00,1,1,0.5887435078620911
mlp,de,4,604,2024-05-27 14:05:00,1,1,0.6599481701850891
mlp,de,4,605,2024-05-27 14:05:00,0,1,0.6450324058532715
mlp,de,4,606,2024-05-27 14:10:00,0,1,0.5984005331993103
mlp,de,4,607,2024-05-27 14:10:00,0,1,0.6627821922302246
mlp,de,4,608,2024-05-27 14:15:00,0,0,0.4882549047470093
mlp,de,4,609,2024-05-27 14:15:00,0,1,0.5131966471672058
mlp,de,4,610,2024-05-27 14:20:00,0,0,0.4014807641506195
mlp,de,4,611,2024-05-27 14:20:00,0,0,0.4086970388889313
mlp,de,4,612,2024-05-27 14:25:00,0,0,0.3381757140159607
mlp,de,4,613,2024-05-27 14:25:00,0,0,0.3676619231700897
mlp,de,4,614,2024-05-27 14:30:00,0,0,0.317918062210083
mlp,de,4,615,2024-05-27 14:30:00,1,0,0.3472318947315216
mlp,de,4,616,2024-05-27 14:35:00,0,0,0.30789652466773987
mlp,de,4,617,2024-05-27 14:35:00,1,0,0.3330904543399811
mlp,de,4,618,2024-05-27 14:40:00,1,0,0.40648990869522095
mlp,de,4,619,2024-05-27 14:40:00,0,0,0.3427560329437256
mlp,de,4,620,2024-05-27 14:45:00,0,0,0.47442886233329773
mlp,de,4,621,2024-05-27 14:45:00,1,0,0.48346036672592163
mlp,de,4,622,2024-05-27 14:50:00,0,0,0.45937660336494446
mlp,de,4,623,2024-05-27 14:50:00,1,0,0.4508342444896698
mlp,de,4,624,2024-05-27 14:55:00,0,0,0.4704557955265045
mlp,de,4,625,2024-05-27 14:55:00,1,0,0.45562151074409485
mlp,de,4,626,2024-05-27 15:00:00,1,0,0.48641839623451233
mlp,de,4,627,2024-05-27 15:00:00,0,0,0.4981320798397064
mlp,de,4,628,2024-05-27 15:05:00,0,0,0.4813944399356842
mlp,de,4,629,2024-05-27 15:05:00,1,0,0.4805676341056824
mlp,de,4,630,2024-05-27 15:10:00,1,0,0.43058541417121887
mlp,de,4,631,2024-05-27 15:10:00,1,0,0.45961862802505493
mlp,de,4,632,2024-05-27 15:15:00,1,0,0.4932744801044464
mlp,de,4,633,2024-05-27 15:15:00,1,0,0.4825062155723572
mlp,de,4,634,2024-05-27 15:20:00,1,1,0.563582181930542
mlp,de,4,635,2024-05-27 15:20:00,1,1,0.565287172794342
mlp,de,4,636,2024-05-27 15:25:00,1,1,0.6129459738731384
mlp,de,4,637,2024-05-27 15:25:00,1,1,0.6876204609870911
mlp,de,4,638,2024-05-27 15:30:00,1,1,0.5712476372718811
mlp,de,4,639,2024-05-27 15:30:00,1,1,0.6474765539169312
mlp,de,4,640,2024-05-27 15:35:00,1,1,0.5419629216194153
mlp,de,4,641,2024-05-27 15:35:00,1,1,0.5781441330909729
mlp,de,4,642,2024-05-27 15:40:00,1,0,0.49675244092941284
mlp,de,4,643,2024-05-27 15:40:00,1,0,0.4607243835926056
mlp,de,4,644,2024-05-27 15:45:00,1,0,0.4384582042694092
mlp,de,4,645,2024-05-27 15:45:00,1,0,0.41019290685653687
mlp,de,4,646,2024-05-27 15:50:00,1,0,0.4413246810436249
mlp,de,4,647,2024-05-27 15:50:00,1,0,0.3841177523136139
mlp,de,4,648,2024-05-27 15:55:00,1,0,0.46760258078575134
mlp,de,4,649,2024-05-27 15:55:00,1,0,0.4153696596622467
mlp,de,4,650,2024-05-27 16:00:00,1,1,0.5818901062011719
mlp,de,4,651,2024-05-27 16:00:00,1,1,0.5827682614326477
mlp,de,4,652,2024-05-27 16:05:00,1,1,0.6413288116455078
mlp,de,4,653,2024-05-27 16:05:00,1,1,0.6508765816688538
mlp,de,4,654,2024-05-27 16:10:00,1,1,0.6006845831871033
mlp,de,4,655,2024-05-27 16:10:00,1,1,0.6378129720687866
mlp,de,4,656,2024-05-27 16:15:00,1,1,0.6750404834747314
mlp,de,4,657,2024-05-27 16:15:00,1,1,0.6093685626983643
mlp,de,4,658,2024-05-27 16:20:00,1,1,0.5861580967903137
mlp,de,4,659,2024-05-27 16:20:00,0,1,0.6542209386825562
mlp,de,4,660,2024-05-27 16:25:00,1,1,0.554214358329773
mlp,de,4,661,2024-05-27 16:25:00,0,1,0.5745813846588135
mlp,de,4,662,2024-05-27 16:30:00,0,1,0.5248070955276489
mlp,de,4,663,2024-05-27 16:30:00,1,1,0.5484939217567444
mlp,de,4,664,2024-05-27 16:35:00,0,1,0.5407256484031677
mlp,de,4,665,2024-05-27 16:35:00,1,1,0.5563652515411377
mlp,de,4,666,2024-05-27 16:40:00,0,0,0.4883630871772766
mlp,de,4,667,2024-05-27 16:40:00,1,1,0.5102408528327942
mlp,de,4,668,2024-05-27 16:45:00,1,1,0.5030522346496582
mlp,de,4,669,2024-05-27 16:45:00,0,1,0.5485376715660095
mlp,de,4,670,2024-05-27 16:50:00,1,1,0.5419068336486816
mlp,de,4,671,2024-05-27 16:50:00,0,1,0.582785427570343
mlp,de,4,672,2024-05-27 16:55:00,0,1,0.5517332553863525
mlp,de,4,673,2024-05-27 16:55:00,1,1,0.5466053485870361
mlp,de,4,674,2024-05-27 17:00:00,0,1,0.5649637579917908
mlp,de,4,675,2024-05-27 17:00:00,1,1,0.5418311953544617
mlp,de,4,676,2024-05-27 17:05:00,0,0,0.47454747557640076
mlp,de,4,677,2024-05-27 17:05:00,1,0,0.4872782528400421
mlp,de,4,678,2024-05-27 17:10:00,1,0,0.44577229022979736
mlp,de,4,679,2024-05-27 17:10:00,0,0,0.3988826870918274
mlp,de,4,680,2024-05-27 17:15:00,1,0,0.47085607051849365
mlp,de,4,681,2024-05-27 17:15:00,1,0,0.45411762595176697
mlp,de,4,682,2024-05-27 17:20:00,1,0,0.47526103258132935
mlp,de,4,683,2024-05-27 17:20:00,1,0,0.4955005347728729
mlp,de,4,684,2024-05-27 17:25:00,1,0,0.49414968490600586
mlp,de,4,685,2024-05-27 17:25:00,1,0,0.4808098077774048
mlp,de,4,686,2024-05-27 17:30:00,1,1,0.5280024409294128
mlp,de,4,687,2024-05-27 17:30:00,1,1,0.5455756187438965
mlp,de,4,688,2024-05-27 17:35:00,1,1,0.5112709403038025
mlp,de,4,689,2024-05-27 17:35:00,1,1,0.5385642051696777
mlp,de,4,690,2024-05-27 17:40:00,1,1,0.5658722519874573
mlp,de,4,691,2024-05-27 17:40:00,1,1,0.586199164390564
mlp,de,4,692,2024-05-27 17:45:00,1,1,0.5578617453575134
mlp,de,4,693,2024-05-27 17:45:00,1,1,0.5431950688362122
mlp,de,4,694,2024-05-27 17:50:00,1,1,0.5474810004234314
mlp,de,4,695,2024-05-27 17:50:00,1,1,0.5431039929389954
mlp,de,4,696,2024-05-27 17:55:00,1,0,0.4848296642303467
mlp,de,4,697,2024-05-27 17:55:00,0,0,0.4773031771183014
mlp,de,4,698,2024-05-28 10:40:00,0,0,0.18979309499263763
mlp,de,4,699,2024-05-28 10:45:00,0,0,0.20333756506443024
mlp,de,4,700,2024-05-28 10:50:00,0,0,0.21504703164100647
mlp,de,4,701,2024-05-28 10:55:00,0,0,0.23096656799316406
mlp,de,4,702,2024-05-28 11:00:00,0,0,0.24500155448913574
mlp,de,4,703,2024-05-28 11:05:00,0,0,0.35306358337402344
mlp,de,4,704,2024-05-28 11:10:00,0,0,0.3163232207298279
mlp,de,4,705,2024-05-28 11:15:00,0,0,0.31580835580825806
mlp,de,4,706,2024-05-28 11:20:00,0,0,0.393798828125
mlp,de,4,707,2024-05-28 11:25:00,0,0,0.3586317002773285
mlp,de,4,708,2024-05-28 11:30:00,0,0,0.32267752289772034
mlp,de,4,709,2024-05-28 11:35:00,1,0,0.2889045178890228
mlp,de,4,710,2024-05-28 11:40:00,1,0,0.3893023729324341
mlp,de,4,711,2024-05-28 11:45:00,1,0,0.4934943914413452
mlp,de,4,712,2024-05-28 11:50:00,1,1,0.5117560625076294
mlp,de,4,713,2024-05-28 11:55:00,1,0,0.43007466197013855
mlp,de,4,714,2024-05-28 12:00:00,1,0,0.38574856519699097
mlp,de,4,715,2024-05-28 12:05:00,1,0,0.3815833032131195
mlp,de,4,716,2024-05-28 12:10:00,1,0,0.48450157046318054
mlp,de,4,717,2024-05-28 12:15:00,1,1,0.50812828540802
mlp,de,4,718,2024-05-28 12:20:00,1,1,0.6296143531799316
mlp,de,4,719,2024-05-28 12:25:00,1,1,0.6198123693466187
mlp,de,4,720,2024-05-28 12:30:00,1,1,0.604243278503418
mlp,de,4,721,2024-05-28 12:35:00,1,1,0.5901139378547668
mlp,de,4,722,2024-05-28 12:40:00,1,1,0.550279438495636
mlp,de,4,723,2024-05-28 12:45:00,1,1,0.5858945846557617
mlp,de,4,724,2024-05-28 12:50:00,1,1,0.5909058451652527
mlp,de,4,725,2024-05-28 12:55:00,1,1,0.6114591360092163
mlp,de,4,726,2024-05-28 13:00:00,0,1,0.6587052941322327
mlp,de,4,727,2024-05-28 13:00:00,0,1,0.63043212890625
mlp,de,4,728,2024-05-28 13:05:00,0,1,0.5298914313316345
mlp,de,4,729,2024-05-28 13:05:00,0,1,0.5287941694259644
mlp,de,4,730,2024-05-28 13:10:00,0,1,0.508758008480072
mlp,de,4,731,2024-05-28 13:10:00,0,1,0.5259193778038025
mlp,de,4,732,2024-05-28 13:15:00,0,0,0.3591131865978241
mlp,de,4,733,2024-05-28 13:15:00,0,0,0.3779900074005127
mlp,de,4,734,2024-05-28 13:20:00,0,0,0.3151227831840515
mlp,de,4,735,2024-05-28 13:20:00,0,0,0.31256428360939026
mlp,de,4,736,2024-05-28 13:25:00,0,0,0.3158034086227417
mlp,de,4,737,2024-05-28 13:25:00,0,0,0.2852230370044708
mlp,de,4,738,2024-05-28 13:30:00,0,0,0.3860320746898651
mlp,de,4,739,2024-05-28 13:30:00,0,0,0.35749295353889465
mlp,de,4,740,2024-05-28 13:35:00,0,0,0.4179123044013977
mlp,de,4,741,2024-05-28 13:35:00,0,0,0.4058128297328949
mlp,de,4,742,2024-05-28 13:40:00,0,0,0.3923730254173279
mlp,de,4,743,2024-05-28 13:40:00,0,0,0.4137614667415619
mlp,de,4,744,2024-05-28 13:45:00,0,0,0.38935115933418274
mlp,de,4,745,2024-05-28 13:45:00,0,0,0.3766607344150543
mlp,de,4,746,2024-05-28 13:50:00,0,0,0.2805764377117157
mlp,de,4,747,2024-05-28 13:50:00,0,0,0.2835839092731476
mlp,de,4,748,2024-05-28 13:55:00,0,0,0.19185660779476166
mlp,de,4,749,2024-05-28 13:55:00,0,0,0.1918000876903534
mlp,de,4,750,2024-05-28 14:00:00,0,0,0.177053764462471
mlp,de,4,751,2024-05-28 14:00:00,0,0,0.17880289256572723
mlp,de,4,752,2024-05-28 14:05:00,0,0,0.23510883748531342
mlp,de,4,753,2024-05-28 14:05:00,0,0,0.23518307507038116
mlp,de,4,754,2024-05-28 14:10:00,0,0,0.29425856471061707
mlp,de,4,755,2024-05-28 14:10:00,0,0,0.28156986832618713
mlp,de,4,756,2024-05-28 14:15:00,0,0,0.3459937870502472
mlp,de,4,757,2024-05-28 14:15:00,0,0,0.35642796754837036
mlp,de,4,758,2024-05-28 14:20:00,0,0,0.42279961705207825
mlp,de,4,759,2024-05-28 14:20:00,0,0,0.4212345480918884
mlp,de,4,760,2024-05-28 14:25:00,0,0,0.4572228789329529
mlp,de,4,761,2024-05-28 14:25:00,0,0,0.4748685359954834
mlp,de,4,762,2024-05-28 14:30:00,0,0,0.49214744567871094
mlp,de,4,763,2024-05-28 14:30:00,0,0,0.49219486117362976
mlp,de,4,764,2024-05-28 14:35:00,0,0,0.4544661045074463
mlp,de,4,765,2024-05-28 14:35:00,0,0,0.4460274577140808
mlp,de,4,766,2024-05-28 14:40:00,0,0,0.3919956088066101
mlp,de,4,767,2024-05-28 14:40:00,0,0,0.38975629210472107
mlp,de,4,768,2024-05-28 14:45:00,0,0,0.3164866268634796
mlp,de,4,769,2024-05-28 14:45:00,0,0,0.3152785003185272
mlp,de,4,770,2024-05-28 14:50:00,0,0,0.25172916054725647
mlp,de,4,771,2024-05-28 14:50:00,0,0,0.25496914982795715
mlp,de,4,772,2024-05-28 14:55:00,0,0,0.21314825117588043
mlp,de,4,773,2024-05-28 14:55:00,0,0,0.22057412564754486
mlp,de,4,774,2024-05-28 15:00:00,0,0,0.26520729064941406
mlp,de,4,775,2024-05-28 15:00:00,0,0,0.26277920603752136
mlp,de,4,776,2024-05-28 15:05:00,0,0,0.36101043224334717
mlp,de,4,777,2024-05-28 15:05:00,0,0,0.35965442657470703
mlp,de,4,778,2024-05-28 15:10:00,0,0,0.3870493769645691
mlp,de,4,779,2024-05-28 15:10:00,0,0,0.3689834177494049
mlp,de,4,780,2024-05-28 15:15:00,0,0,0.316165030002594
mlp,de,4,781,2024-05-28 15:15:00,0,0,0.3134975731372833
mlp,de,4,782,2024-05-28 15:20:00,0,0,0.30423468351364136
mlp,de,4,783,2024-05-28 15:20:00,0,0,0.3059947192668915
mlp,de,4,784,2024-05-28 15:25:00,0,0,0.2976153492927551
mlp,de,4,785,2024-05-28 15:25:00,0,0,0.3023182451725006
mlp,de,4,786,2024-05-28 15:30:00,0,0,0.2641512453556061
mlp,de,4,787,2024-05-28 15:30:00,0,0,0.26247718930244446
mlp,de,4,788,2024-05-28 15:35:00,0,0,0.26133716106414795
mlp,de,4,789,2024-05-28 15:35:00,0,0,0.2595312297344208
mlp,de,4,790,2024-05-28 15:40:00,0,0,0.2489837110042572
mlp,de,4,791,2024-05-28 15:40:00,0,0,0.2598184645175934
mlp,de,4,792,2024-05-28 15:45:00,0,0,0.30775415897369385
mlp,de,4,793,2024-05-28 15:45:00,0,0,0.2758115828037262
mlp,de,4,794,2024-05-28 15:50:00,0,0,0.36449724435806274
mlp,de,4,795,2024-05-28 15:50:00,0,0,0.34904178977012634
mlp,de,4,796,2024-05-28 15:55:00,0,0,0.46622368693351746
mlp,de,4,797,2024-05-28 15:55:00,0,0,0.4483865201473236
mlp,de,4,798,2024-05-28 16:00:00,0,0,0.3955232501029968
mlp,de,4,799,2024-05-28 16:00:00,0,0,0.4278945326805115
mlp,de,4,800,2024-05-28 16:05:00,0,0,0.4122770130634308
mlp,de,4,801,2024-05-28 16:05:00,0,0,0.403117299079895
mlp,de,4,802,2024-05-28 16:10:00,1,0,0.33650073409080505
mlp,de,4,803,2024-05-28 16:10:00,1,0,0.33075329661369324
mlp,de,4,804,2024-05-28 16:15:00,1,0,0.3636501729488373
mlp,de,4,805,2024-05-28 16:15:00,1,0,0.348876953125
mlp,de,4,806,2024-05-28 16:20:00,1,0,0.4227825105190277
mlp,de,4,807,2024-05-28 16:20:00,1,0,0.3950139582157135
mlp,de,4,808,2024-05-28 16:25:00,1,0,0.4555283784866333
mlp,de,4,809,2024-05-28 16:25:00,1,0,0.43716004490852356
mlp,de,4,810,2024-05-28 16:30:00,1,1,0.522779643535614
mlp,de,4,811,2024-05-28 16:30:00,1,1,0.5177709460258484
mlp,de,4,812,2024-05-28 16:35:00,1,1,0.5481638312339783
mlp,de,4,813,2024-05-28 16:35:00,1,1,0.5367695689201355
mlp,de,4,814,2024-05-28 16:40:00,1,1,0.501768171787262
mlp,de,4,815,2024-05-28 16:40:00,1,1,0.5109409689903259
mlp,de,4,816,2024-05-28 16:45:00,1,1,0.5821881294250488
mlp,de,4,817,2024-05-28 16:45:00,1,1,0.566913366317749
mlp,de,4,818,2024-05-28 16:50:00,1,1,0.6173036098480225
mlp,de,4,819,2024-05-28 16:50:00,0,1,0.6697887182235718
mlp,de,4,820,2024-05-28 16:55:00,0,1,0.6499829292297363
mlp,de,4,821,2024-05-28 16:55:00,0,1,0.6382483839988708
mlp,de,4,822,2024-05-28 17:00:00,0,1,0.5854586958885193
mlp,de,4,823,2024-05-28 17:00:00,0,1,0.5879896283149719
mlp,de,4,824,2024-05-28 17:05:00,0,1,0.504991352558136
mlp,de,4,825,2024-05-28 17:05:00,0,0,0.49412664771080017
mlp,de,4,826,2024-05-28 17:10:00,0,0,0.4547962546348572
mlp,de,4,827,2024-05-28 17:10:00,0,0,0.45682141184806824
mlp,de,4,828,2024-05-28 17:15:00,0,0,0.4771735966205597
mlp,de,4,829,2024-05-28 17:15:00,0,0,0.46326908469200134
mlp,de,4,830,2024-05-28 17:20:00,0,0,0.4285368025302887
mlp,de,4,831,2024-05-28 17:20:00,0,0,0.4614335000514984
mlp,de,4,832,2024-05-28 17:25:00,0,0,0.42650336027145386
mlp,de,4,833,2024-05-28 17:25:00,0,0,0.39822039008140564
mlp,de,4,834,2024-05-28 17:30:00,0,0,0.3975284993648529
mlp,de,4,835,2024-05-28 17:30:00,0,0,0.3597860634326935
mlp,de,4,836,2024-05-28 17:35:00,0,0,0.3679817020893097
mlp,de,4,837,2024-05-28 17:35:00,0,0,0.3589020371437073
mlp,de,4,838,2024-05-28 17:40:00,0,0,0.314290314912796
mlp,de,4,839,2024-05-28 17:40:00,0,0,0.30298668146133423
mlp,de,4,840,2024-05-28 17:45:00,0,0,0.4105844497680664
mlp,de,4,841,2024-05-28 17:45:00,0,0,0.38880738615989685
mlp,de,4,842,2024-05-28 17:50:00,0,0,0.3891814947128296
mlp,de,4,843,2024-05-28 17:50:00,0,0,0.36171093583106995
mlp,de,4,844,2024-05-28 17:55:00,1,0,0.3455573618412018
mlp,de,4,845,2024-05-28 17:55:00,1,0,0.4057523310184479
mlp,de,4,846,2024-05-29 10:40:00,1,0,0.33937665820121765
mlp,de,4,847,2024-05-29 10:40:00,1,0,0.36654961109161377
mlp,de,4,848,2024-05-29 10:45:00,1,0,0.4896397888660431
mlp,de,4,849,2024-05-29 10:45:00,1,0,0.497409850358963
mlp,de,4,850,2024-05-29 10:50:00,1,1,0.5229213833808899
mlp,de,4,851,2024-05-29 10:50:00,1,1,0.5195833444595337
mlp,de,4,852,2024-05-29 10:55:00,1,1,0.6313735246658325
mlp,de,4,853,2024-05-29 10:55:00,1,1,0.6330717206001282
mlp,de,4,854,2024-05-29 11:00:00,1,1,0.6729281544685364
mlp,de,4,855,2024-05-29 11:00:00,1,1,0.6780852675437927
mlp,de,4,856,2024-05-29 11:05:00,1,1,0.7204910516738892
mlp,de,4,857,2024-05-29 11:05:00,1,1,0.714149534702301
mlp,de,4,858,2024-05-29 11:10:00,1,1,0.6835653781890869
mlp,de,4,859,2024-05-29 11:10:00,1,1,0.6747968196868896
mlp,de,4,860,2024-05-29 11:15:00,1,1,0.6376879811286926
mlp,de,4,861,2024-05-29 11:15:00,1,1,0.6294859647750854
mlp,de,4,862,2024-05-29 11:20:00,1,1,0.5990993976593018
mlp,de,4,863,2024-05-29 11:20:00,1,1,0.5925589203834534
mlp,de,4,864,2024-05-29 11:25:00,1,1,0.6363812685012817
mlp,de,4,865,2024-05-29 11:25:00,1,1,0.6572694778442383
mlp,de,4,866,2024-05-29 11:30:00,1,1,0.5650893449783325
mlp,de,4,867,2024-05-29 11:30:00,1,1,0.5742795467376709
mlp,de,4,868,2024-05-29 11:35:00,1,1,0.6391370892524719
mlp,de,4,869,2024-05-29 11:35:00,1,1,0.6232247948646545
mlp,de,4,870,2024-05-29 11:40:00,1,1,0.5795394778251648
mlp,de,4,871,2024-05-29 11:40:00,1,1,0.5873457193374634
mlp,de,4,872,2024-05-29 11:45:00,0,1,0.6572316288948059
mlp,de,4,873,2024-05-29 11:45:00,0,1,0.6593170166015625
mlp,de,4,874,2024-05-29 11:50:00,0,1,0.6258933544158936
mlp,de,4,875,2024-05-29 11:50:00,0,1,0.6544601917266846
mlp,de,4,876,2024-05-29 11:55:00,0,1,0.6077922582626343
mlp,de,4,877,2024-05-29 11:55:00,0,1,0.5815133452415466
mlp,de,4,878,2024-05-29 12:00:00,0,1,0.6322592496871948
mlp,de,4,879,2024-05-29 12:00:00,0,1,0.6169420480728149
mlp,de,4,880,2024-05-29 12:05:00,0,1,0.5515007972717285
mlp,de,4,881,2024-05-29 12:05:00,0,1,0.5384403467178345
mlp,de,4,882,2024-05-29 12:10:00,0,0,0.3886777460575104
mlp,de,4,883,2024-05-29 12:10:00,0,0,0.4084475636482239
mlp,de,4,884,2024-05-29 12:15:00,0,0,0.3345727026462555
mlp,de,4,885,2024-05-29 12:15:00,1,0,0.35328468680381775
mlp,de,4,886,2024-05-29 12:20:00,0,0,0.4007036089897156
mlp,de,4,887,2024-05-29 12:20:00,1,0,0.4078294038772583
mlp,de,4,888,2024-05-29 12:25:00,0,0,0.4061141312122345
mlp,de,4,889,2024-05-29 12:25:00,1,0,0.4206388592720032
mlp,de,4,890,2024-05-29 12:30:00,0,0,0.3934604227542877
mlp,de,4,891,2024-05-29 12:30:00,1,0,0.38821765780448914
mlp,de,4,892,2024-05-29 12:35:00,1,1,0.5148093700408936
mlp,de,4,893,2024-05-29 12:35:00,0,1,0.5028403997421265
mlp,de,4,894,2024-05-29 12:40:00,1,1,0.5814025402069092
mlp,de,4,895,2024-05-29 12:40:00,0,1,0.5823009014129639
mlp,de,4,896,2024-05-29 12:45:00,0,1,0.6541872620582581
mlp,de,4,897,2024-05-29 12:45:00,1,1,0.6579853892326355
mlp,de,4,898,2024-05-29 12:50:00,1,1,0.6488184928894043
mlp,de,4,899,2024-05-29 12:50:00,0,1,0.6669985055923462
mlp,de,4,900,2024-05-29 12:55:00,1,1,0.5801957845687866
mlp,de,4,901,2024-05-29 12:55:00,0,1,0.600807785987854
mlp,de,4,902,2024-05-29 13:00:00,0,1,0.5577277541160583
mlp,de,4,903,2024-05-29 13:00:00,1,1,0.5466560125350952
mlp,de,4,904,2024-05-29 13:05:00,1,0,0.45940425992012024
mlp,de,4,905,2024-05-29 13:05:00,0,0,0.4888753294944763
mlp,de,4,906,2024-05-29 13:10:00,0,0,0.4624619781970978
mlp,de,4,907,2024-05-29 13:10:00,1,0,0.43099838495254517
mlp,de,4,908,2024-05-29 13:15:00,1,0,0.49864065647125244
mlp,de,4,909,2024-05-29 13:15:00,0,0,0.4927595257759094
mlp,de,4,910,2024-05-29 13:20:00,1,1,0.5060467720031738
mlp,de,4,911,2024-05-29 13:20:00,0,0,0.48120924830436707
mlp,de,4,912,2024-05-29 13:25:00,1,1,0.5621457695960999
mlp,de,4,913,2024-05-29 13:25:00,0,0,0.4909314811229706
mlp,de,4,914,2024-05-29 13:30:00,1,1,0.568817675113678
mlp,de,4,915,2024-05-29 13:30:00,0,1,0.559337317943573
mlp,de,4,916,2024-05-29 13:35:00,0,1,0.5763197541236877
mlp,de,4,917,2024-05-29 13:35:00,0,1,0.6254758238792419
mlp,de,4,918,2024-05-29 13:40:00,0,0,0.4867011606693268
mlp,de,4,919,2024-05-29 13:40:00,0,0,0.49409857392311096
mlp,de,4,920,2024-05-29 13:45:00,0,0,0.4194420278072357
mlp,de,4,921,2024-05-29 13:45:00,0,0,0.46394991874694824
mlp,de,4,922,2024-05-29 13:50:00,0,0,0.48796531558036804
mlp,de,4,923,2024-05-29 13:50:00,0,0,0.4894096255302429
mlp,de,4,924,2024-05-29 13:55:00,0,0,0.4782039523124695
mlp,de,4,925,2024-05-29 13:55:00,0,0,0.47650545835494995
mlp,de,4,926,2024-05-29 14:00:00,0,0,0.42506444454193115
mlp,de,4,927,2024-05-29 14:00:00,0,0,0.4238817095756531
mlp,de,4,928,2024-05-29 14:05:00,0,0,0.39345690608024597
mlp,de,4,929,2024-05-29 14:05:00,0,0,0.3790024518966675
mlp,de,4,930,2024-05-29 14:10:00,0,0,0.36971426010131836
mlp,de,4,931,2024-05-29 14:10:00,0,0,0.3600653111934662
mlp,de,4,932,2024-05-29 14:15:00,0,0,0.34047675132751465
mlp,de,4,933,2024-05-29 14:15:00,0,0,0.3207932710647583
mlp,de,4,934,2024-05-29 14:20:00,0,0,0.29575982689857483
mlp,de,4,935,2024-05-29 14:20:00,0,0,0.2946217656135559
mlp,de,4,936,2024-05-29 14:25:00,0,0,0.291703462600708
mlp,de,4,937,2024-05-29 14:25:00,0,0,0.2951718270778656
mlp,de,4,938,2024-05-29 14:30:00,0,0,0.2535903751850128
mlp,de,4,939,2024-05-29 14:30:00,0,0,0.2635457217693329
mlp,de,4,940,2024-05-29 14:35:00,0,0,0.27132293581962585
mlp,de,4,941,2024-05-29 14:35:00,0,0,0.26589643955230713
mlp,de,4,942,2024-05-29 14:40:00,0,0,0.27150943875312805
mlp,de,4,943,2024-05-29 14:40:00,0,0,0.26963260769844055
mlp,de,4,944,2024-05-29 14:45:00,1,0,0.2719654142856598
mlp,de,4,945,2024-05-29 14:45:00,1,0,0.2827947735786438
mlp,de,4,946,2024-05-29 14:50:00,1,0,0.3837325870990753
mlp,de,4,947,2024-05-29 14:50:00,1,0,0.3680697977542877
mlp,de,4,948,2024-05-29 14:55:00,1,0,0.4867219924926758
mlp,de,4,949,2024-05-29 14:55:00,1,0,0.47259485721588135
mlp,de,4,950,2024-05-29 15:00:00,1,1,0.5841958522796631
mlp,de,4,951,2024-05-29 15:00:00,1,1,0.5727868676185608
mlp,de,4,952,2024-05-29 15:05:00,1,1,0.6634377837181091
mlp,de,4,953,2024-05-29 15:05:00,1,1,0.6577414274215698
mlp,de,4,954,2024-05-29 15:10:00,1,1,0.6965081691741943
mlp,de,4,955,2024-05-29 15:10:00,1,1,0.6799287796020508
mlp,de,4,956,2024-05-29 15:15:00,1,1,0.5997574329376221
mlp,de,4,957,2024-05-29 15:15:00,1,1,0.6078506112098694
mlp,de,4,958,2024-05-29 15:20:00,1,1,0.6501017212867737
mlp,de,4,959,2024-05-29 15:20:00,1,1,0.6407986283302307
mlp,de,4,960,2024-05-29 15:25:00,1,1,0.6492917537689209
mlp,de,4,961,2024-05-29 15:25:00,1,1,0.6366073489189148
mlp,de,4,962,2024-05-29 15:30:00,1,1,0.6022993922233582
mlp,de,4,963,2024-05-29 15:30:00,1,1,0.606209933757782
mlp,de,4,964,2024-05-29 15:35:00,1,0,0.49624449014663696
mlp,de,4,965,2024-05-29 15:35:00,1,0,0.470110148191452
mlp,de,4,966,2024-05-29 15:40:00,1,1,0.5125670433044434
mlp,de,4,967,2024-05-29 15:40:00,1,0,0.477061003446579
mlp,de,4,968,2024-05-29 15:45:00,1,0,0.4269830882549286
mlp,de,4,969,2024-05-29 15:45:00,1,0,0.44560739398002625
mlp,de,4,970,2024-05-29 15:50:00,1,0,0.4763713479042053
mlp,de,4,971,2024-05-29 15:50:00,1,0,0.4693877100944519
mlp,de,4,972,2024-05-29 15:55:00,1,0,0.4886779189109802
mlp,de,4,973,2024-05-29 15:55:00,1,0,0.47173988819122314
mlp,de,4,974,2024-05-29 16:00:00,1,1,0.5318500399589539
mlp,de,4,975,2024-05-29 16:00:00,1,1,0.5342787504196167
mlp,de,4,976,2024-05-29 16:05:00,1,1,0.5217254757881165
mlp,de,4,977,2024-05-29 16:05:00,1,1,0.5253182053565979
mlp,de,4,978,2024-05-29 16:10:00,1,1,0.5488549470901489
mlp,de,4,979,2024-05-29 16:10:00,1,1,0.5466626882553101
mlp,de,4,980,2024-05-29 16:15:00,1,1,0.6220147609710693
mlp,de,4,981,2024-05-29 16:15:00,1,1,0.5925001502037048
mlp,de,4,982,2024-05-29 16:20:00,0,1,0.6890977025032043
mlp,de,4,983,2024-05-29 16:20:00,0,1,0.6867129802703857
mlp,de,4,984,2024-05-29 16:25:00,0,1,0.686225950717926
mlp,de,4,985,2024-05-29 16:25:00,0,1,0.694559633731842
mlp,de,4,986,2024-05-29 16:30:00,0,1,0.6534386873245239
mlp,de,4,987,2024-05-29 16:30:00,0,1,0.6826037168502808
mlp,de,4,988,2024-05-29 16:35:00,0,1,0.6320932507514954
mlp,de,4,989,2024-05-29 16:35:00,0,1,0.6339060664176941
mlp,de,4,990,2024-05-29 16:40:00,0,0,0.49138832092285156
mlp,de,4,991,2024-05-29 16:40:00,0,1,0.5034665465354919
mlp,de,4,992,2024-05-29 16:45:00,0,0,0.4102989435195923
mlp,de,4,993,2024-05-29 16:45:00,0,0,0.374800443649292
mlp,de,4,994,2024-05-29 16:50:00,0,0,0.34926554560661316
mlp,de,4,995,2024-05-29 16:50:00,0,0,0.36220216751098633
mlp,de,4,996,2024-05-29 16:55:00,0,0,0.3603112995624542
mlp,de,4,997,2024-05-29 16:55:00,0,0,0.3543608784675598
mlp,de,4,998,2024-05-29 17:00:00,0,0,0.2952258586883545
mlp,de,4,999,2024-05-29 17:00:00,0,0,0.3206336200237274
mlp,de,4,1000,2024-05-29 17:05:00,0,0,0.27614933252334595
mlp,de,4,1001,2024-05-29 17:05:00,0,0,0.2696516811847687
mlp,de,4,1002,2024-05-29 17:10:00,0,0,0.29075485467910767
mlp,de,4,1003,2024-05-29 17:10:00,0,0,0.30104219913482666
mlp,de,4,1004,2024-05-29 17:15:00,0,0,0.4355124831199646
mlp,de,4,1005,2024-05-29 17:15:00,0,0,0.4448288381099701
mlp,de,4,1006,2024-05-29 17:20:00,0,0,0.47137901186943054
mlp,de,4,1007,2024-05-29 17:20:00,0,0,0.4438432455062866
mlp,de,4,1008,2024-05-29 17:25:00,0,0,0.4570333659648895
mlp,de,4,1009,2024-05-29 17:25:00,0,0,0.42086276412010193
mlp,de,4,1010,2024-05-29 17:30:00,0,0,0.38384363055229187
mlp,de,4,1011,2024-05-29 17:30:00,0,0,0.4349110722541809
mlp,de,4,1012,2024-05-29 17:35:00,0,0,0.47716134786605835
mlp,de,4,1013,2024-05-29 17:35:00,0,0,0.4830206334590912
mlp,de,4,1014,2024-05-29 17:40:00,0,0,0.46547842025756836
mlp,de,4,1015,2024-05-29 17:40:00,0,0,0.45402824878692627
mlp,de,4,1016,2024-05-29 17:45:00,0,0,0.49835190176963806
mlp,de,4,1017,2024-05-29 17:45:00,0,1,0.5257554054260254
mlp,de,4,1018,2024-05-29 17:50:00,0,0,0.48554930090904236
mlp,de,4,1019,2024-05-29 17:50:00,0,1,0.5151490569114685
mlp,de,4,1020,2024-05-29 17:55:00,0,1,0.5088807940483093
mlp,de,4,1021,2024-05-29 17:55:00,0,1,0.5199673175811768
mlp,de,4,1022,2024-05-31 12:35:00,1,0,0.39481574296951294
mlp,de,4,1023,2024-05-31 12:40:00,1,0,0.39788496494293213
mlp,de,4,1024,2024-05-31 12:45:00,1,1,0.516728401184082
mlp,de,4,1025,2024-05-31 12:50:00,1,1,0.5612860321998596
mlp,de,4,1026,2024-05-31 12:55:00,1,0,0.48762744665145874
mlp,de,4,1027,2024-05-31 13:00:00,1,0,0.44700926542282104
mlp,de,4,1028,2024-05-31 13:05:00,1,0,0.4760158360004425
mlp,de,4,1029,2024-05-31 13:10:00,1,0,0.4708857238292694
mlp,de,4,1030,2024-05-31 13:15:00,1,0,0.4380945563316345
mlp,de,4,1031,2024-05-31 13:20:00,1,0,0.3972661793231964
mlp,de,4,1032,2024-05-31 13:25:00,1,0,0.3862319886684418
mlp,de,4,1033,2024-05-31 13:25:00,1,0,0.3947668671607971
mlp,de,4,1034,2024-05-31 13:30:00,1,0,0.43634915351867676
mlp,de,4,1035,2024-05-31 13:30:00,1,0,0.4383191466331482
mlp,de,4,1036,2024-05-31 13:35:00,1,1,0.5146246552467346
mlp,de,4,1037,2024-05-31 13:35:00,1,1,0.5263153910636902
mlp,de,4,1038,2024-05-31 13:40:00,1,1,0.5094736814498901
mlp,de,4,1039,2024-05-31 13:40:00,1,1,0.5062414407730103
mlp,de,4,1040,2024-05-31 13:45:00,1,1,0.5660682916641235
mlp,de,4,1041,2024-05-31 13:45:00,1,1,0.5725067853927612
mlp,de,4,1042,2024-05-31 13:50:00,1,1,0.6066662073135376
mlp,de,4,1043,2024-05-31 13:50:00,1,1,0.6054526567459106
mlp,de,4,1044,2024-05-31 13:55:00,1,1,0.5975289344787598
mlp,de,4,1045,2024-05-31 13:55:00,1,1,0.6016575694084167
mlp,de,4,1046,2024-05-31 14:00:00,1,1,0.5956385135650635
mlp,de,4,1047,2024-05-31 14:00:00,1,1,0.609976053237915
mlp,de,4,1048,2024-05-31 14:05:00,1,1,0.6565159559249878
mlp,de,4,1049,2024-05-31 14:05:00,1,1,0.6264025568962097
mlp,de,4,1050,2024-05-31 14:10:00,1,1,0.6365464925765991
mlp,de,4,1051,2024-05-31 14:10:00,1,1,0.6324315071105957
mlp,de,4,1052,2024-05-31 14:15:00,1,1,0.517361581325531
mlp,de,4,1053,2024-05-31 14:15:00,1,1,0.5567664504051208
mlp,de,4,1054,2024-05-31 14:20:00,1,1,0.5526528358459473
mlp,de,4,1055,2024-05-31 14:20:00,1,1,0.5588900446891785
mlp,de,4,1056,2024-05-31 14:25:00,1,1,0.5421459078788757
mlp,de,4,1057,2024-05-31 14:25:00,1,1,0.5370987057685852
mlp,de,4,1058,2024-05-31 14:30:00,1,1,0.5673585534095764
mlp,de,4,1059,2024-05-31 14:30:00,1,1,0.579127848148346
mlp,de,4,1060,2024-05-31 14:35:00,1,1,0.6080352663993835
mlp,de,4,1061,2024-05-31 14:35:00,1,1,0.5746088624000549
mlp,de,4,1062,2024-05-31 14:40:00,1,1,0.6267765164375305
mlp,de,4,1063,2024-05-31 14:40:00,1,1,0.5888110399246216
mlp,de,4,1064,2024-05-31 14:45:00,1,1,0.6047343015670776
mlp,de,4,1065,2024-05-31 14:45:00,1,1,0.5639344453811646
mlp,de,4,1066,2024-05-31 14:50:00,1,0,0.4862681031227112
mlp,de,4,1067,2024-05-31 14:50:00,1,1,0.5051892399787903
mlp,de,4,1068,2024-05-31 14:55:00,1,0,0.48505887389183044
mlp,de,4,1069,2024-05-31 14:55:00,1,0,0.4803028404712677
mlp,de,4,1070,2024-05-31 15:00:00,1,0,0.4662206172943115
mlp,de,4,1071,2024-05-31 15:00:00,1,0,0.49616488814353943
mlp,de,4,1072,2024-05-31 15:05:00,0,1,0.5626827478408813
mlp,de,4,1073,2024-05-31 15:05:00,0,1,0.5646849870681763
mlp,de,4,1074,2024-05-31 15:10:00,0,1,0.5317461490631104
mlp,de,4,1075,2024-05-31 15:10:00,0,1,0.5782185792922974
mlp,de,4,1076,2024-05-31 15:15:00,0,1,0.5444710850715637
mlp,de,4,1077,2024-05-31 15:15:00,0,1,0.5785090327262878
mlp,de,4,1078,2024-05-31 15:20:00,0,1,0.5179238319396973
mlp,de,4,1079,2024-05-31 15:20:00,0,1,0.5150987505912781
mlp,de,4,1080,2024-05-31 15:25:00,0,1,0.5000731945037842
mlp,de,4,1081,2024-05-31 15:25:00,0,1,0.5183040499687195
mlp,de,4,1082,2024-05-31 15:30:00,0,0,0.4319293200969696
mlp,de,4,1083,2024-05-31 15:30:00,0,1,0.5160567164421082
mlp,de,4,1084,2024-05-31 15:35:00,0,0,0.48004165291786194
mlp,de,4,1085,2024-05-31 15:35:00,0,0,0.4702664911746979
mlp,de,4,1086,2024-05-31 15:40:00,0,0,0.41865429282188416
mlp,de,4,1087,2024-05-31 15:40:00,0,0,0.4191979169845581
mlp,de,4,1088,2024-05-31 15:45:00,0,0,0.4400218427181244
mlp,de,4,1089,2024-05-31 15:45:00,0,0,0.40674442052841187
mlp,de,4,1090,2024-05-31 15:50:00,0,0,0.42214640974998474
mlp,de,4,1091,2024-05-31 15:50:00,0,0,0.408295601606369
mlp,de,4,1092,2024-05-31 15:55:00,0,0,0.38841313123703003
mlp,de,4,1093,2024-05-31 15:55:00,0,0,0.39865842461586
mlp,de,4,1094,2024-05-31 16:00:00,1,0,0.3512440323829651
mlp,de,4,1095,2024-05-31 16:00:00,1,0,0.34488144516944885
mlp,de,4,1096,2024-05-31 16:05:00,1,0,0.371616929769516
mlp,de,4,1097,2024-05-31 16:05:00,1,0,0.3601386547088623
mlp,de,4,1098,2024-05-31 16:10:00,1,0,0.4730963706970215
mlp,de,4,1099,2024-05-31 16:10:00,1,0,0.48527470231056213
mlp,de,4,1100,2024-05-31 16:15:00,1,1,0.5173314213752747
mlp,de,4,1101,2024-05-31 16:15:00,1,1,0.5153017640113831
mlp,de,4,1102,2024-05-31 16:20:00,1,1,0.532801628112793
mlp,de,4,1103,2024-05-31 16:20:00,1,0,0.48759371042251587
mlp,de,4,1104,2024-05-31 16:25:00,1,1,0.5095695853233337
mlp,de,4,1105,2024-05-31 16:25:00,1,0,0.49241647124290466
mlp,de,4,1106,2024-05-31 16:30:00,1,0,0.4593968093395233
mlp,de,4,1107,2024-05-31 16:30:00,1,0,0.48339641094207764
mlp,de,4,1108,2024-05-31 16:35:00,1,0,0.4913707673549652
mlp,de,4,1109,2024-05-31 16:35:00,1,1,0.5159136652946472
mlp,de,4,1110,2024-05-31 16:40:00,1,1,0.6184223294258118
mlp,de,4,1111,2024-05-31 16:40:00,1,1,0.6051734685897827
mlp,de,4,1112,2024-05-31 16:45:00,1,1,0.5926968455314636
mlp,de,4,1113,2024-05-31 16:45:00,1,1,0.6554017066955566
mlp,de,4,1114,2024-05-31 16:50:00,1,1,0.6695504784584045
mlp,de,4,1115,2024-05-31 16:50:00,1,1,0.6894013285636902
mlp,de,4,1116,2024-05-31 16:55:00,0,1,0.7047907710075378
mlp,de,4,1117,2024-05-31 16:55:00,0,1,0.7028338313102722
mlp,de,4,1118,2024-05-31 17:00:00,0,1,0.5971273183822632
mlp,de,4,1119,2024-05-31 17:00:00,0,1,0.6089023351669312
mlp,de,4,1120,2024-05-31 17:05:00,0,1,0.5072720646858215
mlp,de,4,1121,2024-05-31 17:05:00,0,1,0.5166983604431152
mlp,de,4,1122,2024-05-31 17:10:00,0,0,0.4899236559867859
mlp,de,4,1123,2024-05-31 17:10:00,0,0,0.4847697615623474
mlp,de,4,1124,2024-05-31 17:15:00,0,1,0.5437164902687073
mlp,de,4,1125,2024-05-31 17:15:00,0,1,0.555901825428009
mlp,de,4,1126,2024-05-31 17:20:00,0,1,0.5137073397636414
mlp,de,4,1127,2024-05-31 17:20:00,0,1,0.5135217308998108
mlp,de,4,1128,2024-05-31 17:25:00,0,1,0.5281848907470703
mlp,de,4,1129,2024-05-31 17:25:00,0,1,0.5276710987091064
mlp,de,4,1130,2024-05-31 17:30:00,0,1,0.5247881412506104
mlp,de,4,1131,2024-05-31 17:30:00,0,1,0.5350213050842285
mlp,de,4,1132,2024-05-31 17:35:00,0,0,0.49732691049575806
mlp,de,4,1133,2024-05-31 17:35:00,0,1,0.5092108249664307
mlp,de,4,1134,2024-05-31 17:40:00,0,1,0.5243135094642639
mlp,de,4,1135,2024-05-31 17:40:00,0,1,0.587265133857727
mlp,de,4,1136,2024-05-31 17:45:00,0,1,0.5021163821220398
mlp,de,4,1137,2024-05-31 17:45:00,0,0,0.4810791611671448
mlp,de,4,1138,2024-05-31 17:50:00,0,1,0.526645302772522
mlp,de,4,1139,2024-05-31 17:50:00,0,1,0.5582281947135925
mlp,de,4,1140,2024-05-31 17:55:00,0,1,0.5458818078041077
mlp,de,4,1141,2024-05-31 17:55:00,0,1,0.6030353903770447
mlp,de,4,1142,2024-06-03 10:50:00,1,0,0.22999133169651031
mlp,de,4,1143,2024-06-03 10:50:00,1,0,0.23397114872932434
mlp,de,4,1144,2024-06-03 10:55:00,1,0,0.30673694610595703
mlp,de,4,1145,2024-06-03 10:55:00,1,0,0.27997735142707825
mlp,de,4,1146,2024-06-03 11:00:00,1,0,0.31487876176834106
mlp,de,4,1147,2024-06-03 11:00:00,1,0,0.309154748916626
mlp,de,4,1148,2024-06-03 11:05:00,1,0,0.36075329780578613
mlp,de,4,1149,2024-06-03 11:05:00,1,0,0.3635331392288208
mlp,de,4,1150,2024-06-03 11:10:00,1,0,0.4624027907848358
mlp,de,4,1151,2024-06-03 11:10:00,1,0,0.45391643047332764
mlp,de,4,1152,2024-06-03 11:15:00,1,1,0.6899615526199341
mlp,de,4,1153,2024-06-03 11:15:00,1,1,0.692256510257721
mlp,de,4,1154,2024-06-03 11:20:00,1,1,0.6981173753738403
mlp,de,4,1155,2024-06-03 11:20:00,1,1,0.7016028165817261
mlp,de,4,1156,2024-06-03 11:25:00,1,1,0.7872136235237122
mlp,de,4,1157,2024-06-03 11:25:00,1,1,0.7795544862747192
mlp,de,4,1158,2024-06-03 11:30:00,1,1,0.8044527173042297
mlp,de,4,1159,2024-06-03 11:30:00,1,1,0.8061366677284241
mlp,de,4,1160,2024-06-03 11:35:00,1,1,0.7783994078636169
mlp,de,4,1161,2024-06-03 11:35:00,1,1,0.7671688795089722
mlp,de,4,1162,2024-06-03 11:40:00,0,1,0.7897917628288269
mlp,de,4,1163,2024-06-03 11:40:00,0,1,0.7937771081924438
mlp,de,4,1164,2024-06-03 11:45:00,0,1,0.7297298908233643
mlp,de,4,1165,2024-06-03 11:45:00,0,1,0.7356066107749939
mlp,de,4,1166,2024-06-03 11:50:00,0,1,0.6358118057250977
mlp,de,4,1167,2024-06-03 11:50:00,0,1,0.657184898853302
mlp,de,4,1168,2024-06-03 11:55:00,0,1,0.5478453040122986
mlp,de,4,1169,2024-06-03 11:55:00,0,1,0.6014145612716675
mlp,de,4,1170,2024-06-03 12:00:00,0,1,0.5893206596374512
mlp,de,4,1171,2024-06-03 12:00:00,0,1,0.5834370255470276
mlp,de,4,1172,2024-06-03 12:05:00,0,1,0.5695302486419678
mlp,de,4,1173,2024-06-03 12:05:00,0,1,0.626227855682373
mlp,de,4,1174,2024-06-03 12:10:00,0,1,0.6019729971885681
mlp,de,4,1175,2024-06-03 12:10:00,0,1,0.5735886096954346
mlp,de,4,1176,2024-06-03 12:15:00,0,1,0.5813575983047485
mlp,de,4,1177,2024-06-03 12:15:00,0,1,0.6294843554496765
mlp,de,4,1178,2024-06-03 12:20:00,0,1,0.5739694833755493
mlp,de,4,1179,2024-06-03 12:20:00,0,1,0.5754368305206299
mlp,de,4,1180,2024-06-03 12:25:00,0,0,0.3997907340526581
mlp,de,4,1181,2024-06-03 12:25:00,0,0,0.38099539279937744
mlp,de,4,1182,2024-06-03 12:30:00,0,0,0.27872517704963684
mlp,de,4,1183,2024-06-03 12:30:00,0,0,0.2896340489387512
mlp,de,4,1184,2024-06-03 12:35:00,0,0,0.28527379035949707
mlp,de,4,1185,2024-06-03 12:35:00,0,0,0.2903278172016144
mlp,de,4,1186,2024-06-03 12:40:00,0,0,0.3394829332828522
mlp,de,4,1187,2024-06-03 12:40:00,0,0,0.31578823924064636
mlp,de,4,1188,2024-06-03 12:45:00,0,0,0.28372347354888916
mlp,de,4,1189,2024-06-03 12:45:00,0,0,0.3187837600708008
mlp,de,4,1190,2024-06-03 12:50:00,0,0,0.3536813259124756
mlp,de,4,1191,2024-06-03 12:50:00,0,0,0.3649931252002716
mlp,de,4,1192,2024-06-03 12:55:00,0,0,0.3630785644054413
mlp,de,4,1193,2024-06-03 12:55:00,0,0,0.37365445494651794
mlp,de,4,1194,2024-06-03 13:00:00,0,0,0.36362162232398987
mlp,de,4,1195,2024-06-03 13:00:00,0,0,0.4299587905406952
mlp,de,4,1196,2024-06-03 13:05:00,0,0,0.38852307200431824
mlp,de,4,1197,2024-06-03 13:05:00,0,0,0.34551528096199036
mlp,de,4,1198,2024-06-03 13:10:00,0,0,0.2945455014705658
mlp,de,4,1199,2024-06-03 13:10:00,0,0,0.2907833158969879
mlp,de,4,1200,2024-06-03 13:15:00,0,0,0.23166899383068085
mlp,de,4,1201,2024-06-03 13:15:00,0,0,0.22435897588729858
mlp,de,4,1202,2024-06-03 13:20:00,0,0,0.25168952345848083
mlp,de,4,1203,2024-06-03 13:20:00,0,0,0.25243547558784485
mlp,de,4,1204,2024-06-03 13:25:00,0,0,0.293420672416687
mlp,de,4,1205,2024-06-03 13:25:00,0,0,0.28227680921554565
mlp,de,4,1206,2024-06-03 13:30:00,0,0,0.28115928173065186
mlp,de,4,1207,2024-06-03 13:30:00,0,0,0.31097522377967834
mlp,de,4,1208,2024-06-03 13:35:00,0,0,0.36689597368240356
mlp,de,4,1209,2024-06-03 13:35:00,0,0,0.3638646602630615
mlp,de,4,1210,2024-06-03 13:40:00,0,0,0.3581268787384033
mlp,de,4,1211,2024-06-03 13:40:00,0,0,0.3680964708328247
mlp,de,4,1212,2024-06-03 13:45:00,0,0,0.450863242149353
mlp,de,4,1213,2024-06-03 13:45:00,0,0,0.43495458364486694
mlp,de,4,1214,2024-06-03 13:50:00,0,0,0.43627169728279114
mlp,de,4,1215,2024-06-03 13:50:00,0,0,0.43641865253448486
mlp,de,4,1216,2024-06-03 13:55:00,0,0,0.4103190302848816
mlp,de,4,1217,2024-06-03 13:55:00,0,0,0.43216946721076965
mlp,de,4,1218,2024-06-03 14:00:00,1,0,0.41763973236083984
mlp,de,4,1219,2024-06-03 14:00:00,1,0,0.38529056310653687
mlp,de,4,1220,2024-06-03 14:05:00,1,0,0.49609673023223877
mlp,de,4,1221,2024-06-03 14:05:00,1,0,0.4976303279399872
mlp,de,4,1222,2024-06-03 14:10:00,1,1,0.5726214051246643
mlp,de,4,1223,2024-06-03 14:10:00,1,1,0.5799627304077148
mlp,de,4,1224,2024-06-03 14:15:00,1,1,0.6808169484138489
mlp,de,4,1225,2024-06-03 14:15:00,1,1,0.681053876876831
mlp,de,4,1226,2024-06-03 14:20:00,1,1,0.7405036091804504
mlp,de,4,1227,2024-06-03 14:20:00,1,1,0.7529168725013733
mlp,de,4,1228,2024-06-03 14:25:00,1,1,0.7776427268981934
mlp,de,4,1229,2024-06-03 14:25:00,1,1,0.7726122140884399
mlp,de,4,1230,2024-06-03 14:30:00,1,1,0.7952117919921875
mlp,de,4,1231,2024-06-03 14:30:00,1,1,0.7973045110702515
mlp,de,4,1232,2024-06-03 14:35:00,1,1,0.7456409335136414
mlp,de,4,1233,2024-06-03 14:35:00,1,1,0.7541884183883667
mlp,de,4,1234,2024-06-03 14:40:00,1,1,0.7287195324897766
mlp,de,4,1235,2024-06-03 14:40:00,1,1,0.7294862866401672
mlp,de,4,1236,2024-06-03 14:45:00,1,1,0.6659124493598938
mlp,de,4,1237,2024-06-03 14:45:00,1,1,0.6554064750671387
mlp,de,4,1238,2024-06-03 14:50:00,1,1,0.5282370448112488
mlp,de,4,1239,2024-06-03 14:50:00,1,1,0.5570324659347534
mlp,de,4,1240,2024-06-03 14:55:00,1,0,0.4904850125312805
mlp,de,4,1241,2024-06-03 14:55:00,1,0,0.4649636447429657
mlp,de,4,1242,2024-06-03 15:00:00,1,1,0.5055707097053528
mlp,de,4,1243,2024-06-03 15:00:00,1,1,0.5118296146392822
mlp,de,4,1244,2024-06-03 15:05:00,1,1,0.5608218908309937
mlp,de,4,1245,2024-06-03 15:05:00,1,1,0.546211302280426
mlp,de,4,1246,2024-06-03 15:10:00,1,0,0.48450392484664917
mlp,de,4,1247,2024-06-03 15:10:00,1,0,0.4762042164802551
mlp,de,4,1248,2024-06-03 15:15:00,1,1,0.5734541416168213
mlp,de,4,1249,2024-06-03 15:15:00,1,1,0.5726366639137268
mlp,de,4,1250,2024-06-03 15:20:00,1,1,0.5883284211158752
mlp,de,4,1251,2024-06-03 15:20:00,1,1,0.5944591760635376
mlp,de,4,1252,2024-06-03 15:25:00,1,1,0.6623377799987793
mlp,de,4,1253,2024-06-03 15:25:00,1,1,0.6294494271278381
mlp,de,4,1254,2024-06-03 15:30:00,1,1,0.6812366247177124
mlp,de,4,1255,2024-06-03 15:30:00,1,1,0.7038883566856384
mlp,de,4,1256,2024-06-03 15:35:00,0,1,0.7144092917442322
mlp,de,4,1257,2024-06-03 15:35:00,0,1,0.7346284985542297
mlp,de,4,1258,2024-06-03 15:40:00,0,1,0.5900543332099915
mlp,de,4,1259,2024-06-03 15:40:00,0,1,0.5892079472541809
mlp,de,4,1260,2024-06-03 15:45:00,0,1,0.5483835339546204
mlp,de,4,1261,2024-06-03 15:45:00,0,1,0.5919255018234253
mlp,de,4,1262,2024-06-03 15:50:00,0,1,0.5124934911727905
mlp,de,4,1263,2024-06-03 15:50:00,0,1,0.5524110794067383
mlp,de,4,1264,2024-06-03 15:55:00,0,1,0.570939302444458
mlp,de,4,1265,2024-06-03 15:55:00,0,1,0.5697469711303711
mlp,de,4,1266,2024-06-03 16:00:00,0,1,0.533591091632843
mlp,de,4,1267,2024-06-03 16:00:00,0,1,0.5268067121505737
mlp,de,4,1268,2024-06-03 16:05:00,0,1,0.5217602252960205
mlp,de,4,1269,2024-06-03 16:05:00,0,0,0.4924316108226776
mlp,de,4,1270,2024-06-03 16:10:00,0,1,0.5613144040107727
mlp,de,4,1271,2024-06-03 16:10:00,0,1,0.5336374044418335
mlp,de,4,1272,2024-06-03 16:15:00,0,0,0.4676668643951416
mlp,de,4,1273,2024-06-03 16:15:00,0,0,0.4636189341545105
mlp,de,4,1274,2024-06-03 16:20:00,0,0,0.45735180377960205
mlp,de,4,1275,2024-06-03 16:20:00,0,0,0.42244240641593933
mlp,de,4,1276,2024-06-03 16:25:00,0,0,0.3950299620628357
mlp,de,4,1277,2024-06-03 16:25:00,0,0,0.4160357117652893
mlp,de,4,1278,2024-06-03 16:30:00,0,0,0.3924999237060547
mlp,de,4,1279,2024-06-03 16:30:00,0,0,0.3870181739330292
mlp,de,4,1280,2024-06-03 16:35:00,0,0,0.37775400280952454
mlp,de,4,1281,2024-06-03 16:35:00,0,0,0.3469994068145752
mlp,de,4,1282,2024-06-03 16:40:00,0,0,0.39945709705352783
mlp,de,4,1283,2024-06-03 16:40:00,0,0,0.39080357551574707
mlp,de,4,1284,2024-06-03 16:45:00,0,0,0.3905092179775238
mlp,de,4,1285,2024-06-03 16:45:00,0,0,0.4580552577972412
mlp,de,4,1286,2024-06-03 16:50:00,0,0,0.4098159074783325
mlp,de,4,1287,2024-06-03 16:50:00,0,0,0.39955464005470276
mlp,de,4,1288,2024-06-03 16:55:00,0,0,0.3388063609600067
mlp,de,4,1289,2024-06-03 16:55:00,0,0,0.315244197845459
mlp,de,4,1290,2024-06-03 17:00:00,0,0,0.2669411599636078
mlp,de,4,1291,2024-06-03 17:00:00,0,0,0.28085654973983765
mlp,de,4,1292,2024-06-03 17:05:00,0,0,0.3046104311943054
mlp,de,4,1293,2024-06-03 17:05:00,0,0,0.31355029344558716
mlp,de,4,1294,2024-06-03 17:10:00,0,0,0.3000155985355377
mlp,de,4,1295,2024-06-03 17:10:00,0,0,0.3024342954158783
mlp,de,4,1296,2024-06-03 17:15:00,0,0,0.337155282497406
mlp,de,4,1297,2024-06-03 17:15:00,0,0,0.3283228278160095
mlp,de,4,1298,2024-06-03 17:20:00,0,0,0.29720306396484375
mlp,de,4,1299,2024-06-03 17:20:00,0,0,0.2874850630760193
mlp,de,4,1300,2024-06-03 17:25:00,0,0,0.2730637192726135
mlp,de,4,1301,2024-06-03 17:25:00,0,0,0.3248257637023926
mlp,de,4,1302,2024-06-03 17:30:00,0,0,0.32783541083335876
mlp,de,4,1303,2024-06-03 17:30:00,0,0,0.33086079359054565
mlp,de,4,1304,2024-06-03 17:35:00,0,0,0.30173468589782715
mlp,de,4,1305,2024-06-03 17:35:00,0,0,0.3169615864753723
mlp,de,4,1306,2024-06-03 17:40:00,0,0,0.2808893918991089
mlp,de,4,1307,2024-06-03 17:40:00,0,0,0.3128686547279358
mlp,de,4,1308,2024-06-03 17:45:00,0,0,0.3508077561855316
mlp,de,4,1309,2024-06-03 17:45:00,0,0,0.33512189984321594
mlp,de,4,1310,2024-06-03 17:50:00,0,0,0.4183865189552307
mlp,de,4,1311,2024-06-03 17:50:00,0,0,0.3853108584880829
mlp,de,4,1312,2024-06-03 17:55:00,0,0,0.43733811378479004
mlp,de,4,1313,2024-06-03 17:55:00,0,0,0.4600789248943329
mlp,de,4,1314,2024-06-04 11:15:00,1,0,0.3063805103302002
mlp,de,4,1315,2024-06-04 11:20:00,1,0,0.32254523038864136
mlp,de,4,1316,2024-06-04 11:20:00,1,0,0.3185960650444031
mlp,de,4,1317,2024-06-04 11:25:00,1,0,0.43704983592033386
mlp,de,4,1318,2024-06-04 11:25:00,1,0,0.4199064075946808
mlp,de,4,1319,2024-06-04 11:30:00,1,1,0.5065639019012451
mlp,de,4,1320,2024-06-04 11:30:00,1,1,0.5143547058105469
mlp,de,4,1321,2024-06-04 11:35:00,1,1,0.5779193639755249
mlp,de,4,1322,2024-06-04 11:35:00,1,1,0.5528903007507324
mlp,de,4,1323,2024-06-04 11:40:00,1,1,0.5924427509307861
mlp,de,4,1324,2024-06-04 11:40:00,1,1,0.6268690228462219
mlp,de,4,1325,2024-06-04 11:45:00,1,1,0.5975810289382935
mlp,de,4,1326,2024-06-04 11:45:00,1,1,0.592448890209198
mlp,de,4,1327,2024-06-04 11:50:00,1,1,0.6515854001045227
mlp,de,4,1328,2024-06-04 11:50:00,1,1,0.6472154855728149
mlp,de,4,1329,2024-06-04 11:55:00,1,1,0.5606935620307922
mlp,de,4,1330,2024-06-04 11:55:00,1,1,0.5909472107887268
mlp,de,4,1331,2024-06-04 12:00:00,1,1,0.6002875566482544
mlp,de,4,1332,2024-06-04 12:00:00,1,1,0.5964152812957764
mlp,de,4,1333,2024-06-04 12:05:00,1,1,0.5037223100662231
mlp,de,4,1334,2024-06-04 12:05:00,1,1,0.5220122933387756
mlp,de,4,1335,2024-06-04 12:10:00,1,1,0.60427325963974
mlp,de,4,1336,2024-06-04 12:10:00,1,1,0.5861883163452148
mlp,de,4,1337,2024-06-04 12:15:00,1,1,0.7136998772621155
mlp,de,4,1338,2024-06-04 12:15:00,1,1,0.7049313187599182
mlp,de,4,1339,2024-06-04 12:20:00,1,1,0.7417261004447937
mlp,de,4,1340,2024-06-04 12:20:00,1,1,0.7387070655822754
mlp,de,4,1341,2024-06-04 12:25:00,1,1,0.7176243662834167
mlp,de,4,1342,2024-06-04 12:25:00,1,1,0.7240785360336304
mlp,de,4,1343,2024-06-04 12:30:00,1,1,0.5988940000534058
mlp,de,4,1344,2024-06-04 12:30:00,1,1,0.5985007286071777
mlp,de,4,1345,2024-06-04 12:35:00,1,1,0.6225757598876953
mlp,de,4,1346,2024-06-04 12:35:00,1,1,0.6452761292457581
mlp,de,4,1347,2024-06-04 12:40:00,1,1,0.5553387403488159
mlp,de,4,1348,2024-06-04 12:40:00,1,1,0.5536400675773621
mlp,de,4,1349,2024-06-04 12:45:00,1,1,0.5511630773544312
mlp,de,4,1350,2024-06-04 12:45:00,1,1,0.5432428121566772
mlp,de,4,1351,2024-06-04 12:50:00,1,1,0.5529115200042725
mlp,de,4,1352,2024-06-04 12:50:00,1,1,0.583996057510376
mlp,de,4,1353,2024-06-04 12:55:00,1,0,0.41530850529670715
mlp,de,4,1354,2024-06-04 12:55:00,1,0,0.4204326272010803
mlp,de,4,1355,2024-06-04 13:00:00,1,0,0.41499412059783936
mlp,de,4,1356,2024-06-04 13:00:00,1,0,0.3965720534324646
mlp,de,4,1357,2024-06-04 13:05:00,1,0,0.38517650961875916
mlp,de,4,1358,2024-06-04 13:05:00,1,0,0.32907944917678833
mlp,de,4,1359,2024-06-04 13:10:00,1,1,0.517187237739563
mlp,de,4,1360,2024-06-04 13:10:00,1,1,0.5358408093452454
mlp,de,4,1361,2024-06-04 13:15:00,1,1,0.6098621487617493
mlp,de,4,1362,2024-06-04 13:15:00,1,1,0.6476115584373474
mlp,de,4,1363,2024-06-04 13:20:00,1,1,0.6037536859512329
mlp,de,4,1364,2024-06-04 13:20:00,1,1,0.5615366101264954
mlp,de,4,1365,2024-06-04 13:25:00,1,1,0.5892153978347778
mlp,de,4,1366,2024-06-04 13:25:00,1,1,0.5699714422225952
mlp,de,4,1367,2024-06-04 13:30:00,1,1,0.5069501996040344
mlp,de,4,1368,2024-06-04 13:30:00,1,1,0.5307689905166626
mlp,de,4,1369,2024-06-04 13:35:00,1,0,0.45593953132629395
mlp,de,4,1370,2024-06-04 13:35:00,1,0,0.44388547539711
mlp,de,4,1371,2024-06-04 13:40:00,1,1,0.5167298316955566
mlp,de,4,1372,2024-06-04 13:40:00,1,0,0.4943869709968567
mlp,de,4,1373,2024-06-04 13:45:00,1,1,0.5877071619033813
mlp,de,4,1374,2024-06-04 13:45:00,1,1,0.5882854461669922
mlp,de,4,1375,2024-06-04 13:50:00,1,1,0.6041545271873474
mlp,de,4,1376,2024-06-04 13:50:00,1,1,0.6195418834686279
mlp,de,4,1377,2024-06-04 13:55:00,1,1,0.6491975784301758
mlp,de,4,1378,2024-06-04 13:55:00,1,1,0.6562674045562744
mlp,de,4,1379,2024-06-04 14:00:00,1,1,0.6571993231773376
mlp,de,4,1380,2024-06-04 14:00:00,1,1,0.6459070444107056
mlp,de,4,1381,2024-06-04 14:05:00,1,1,0.5628131031990051
mlp,de,4,1382,2024-06-04 14:05:00,1,1,0.5449300408363342
mlp,de,4,1383,2024-06-04 14:10:00,1,1,0.5119300484657288
mlp,de,4,1384,2024-06-04 14:10:00,1,0,0.47414785623550415
mlp,de,4,1385,2024-06-04 14:15:00,1,0,0.47368210554122925
mlp,de,4,1386,2024-06-04 14:15:00,1,0,0.48152729868888855
mlp,de,4,1387,2024-06-04 14:20:00,1,1,0.5015812516212463
mlp,de,4,1388,2024-06-04 14:20:00,1,0,0.4862302839756012
mlp,de,4,1389,2024-06-04 14:25:00,1,1,0.5738298892974854
mlp,de,4,1390,2024-06-04 14:25:00,1,1,0.5685057640075684
mlp,de,4,1391,2024-06-04 14:30:00,1,1,0.5895147323608398
mlp,de,4,1392,2024-06-04 14:30:00,1,1,0.5834724307060242
mlp,de,4,1393,2024-06-04 14:35:00,1,1,0.5933098196983337
mlp,de,4,1394,2024-06-04 14:35:00,1,1,0.6150052547454834
mlp,de,4,1395,2024-06-04 14:40:00,1,1,0.6697542667388916
mlp,de,4,1396,2024-06-04 14:40:00,1,1,0.632548451423645
mlp,de,4,1397,2024-06-04 14:45:00,1,1,0.6879350543022156
mlp,de,4,1398,2024-06-04 14:45:00,1,1,0.6517682075500488
mlp,de,4,1399,2024-06-04 14:50:00,1,1,0.6091359257698059
mlp,de,4,1400,2024-06-04 14:50:00,1,1,0.6147682070732117
mlp,de,4,1401,2024-06-04 14:55:00,1,1,0.5887717008590698
mlp,de,4,1402,2024-06-04 14:55:00,1,1,0.5746436715126038
mlp,de,4,1403,2024-06-04 15:00:00,1,1,0.5886116623878479
mlp,de,4,1404,2024-06-04 15:00:00,1,1,0.5927073359489441
mlp,de,4,1405,2024-06-04 15:05:00,1,1,0.53518146276474
mlp,de,4,1406,2024-06-04 15:05:00,1,1,0.5758205056190491
mlp,de,4,1407,2024-06-04 15:10:00,1,0,0.4674472212791443
mlp,de,4,1408,2024-06-04 15:10:00,1,0,0.4707430899143219
mlp,de,4,1409,2024-06-04 15:15:00,1,1,0.5312681794166565
mlp,de,4,1410,2024-06-04 15:15:00,1,1,0.544748842716217
mlp,de,4,1411,2024-06-04 15:20:00,1,1,0.6322773098945618
mlp,de,4,1412,2024-06-04 15:20:00,1,1,0.6132416129112244
mlp,de,4,1413,2024-06-04 15:25:00,1,1,0.7197379469871521
mlp,de,4,1414,2024-06-04 15:25:00,1,1,0.7240115404129028
mlp,de,4,1415,2024-06-04 15:30:00,1,1,0.6402066349983215
mlp,de,4,1416,2024-06-04 15:30:00,1,1,0.6338285207748413
mlp,de,4,1417,2024-06-04 15:35:00,1,1,0.5762484073638916
mlp,de,4,1418,2024-06-04 15:35:00,1,1,0.5579598546028137
mlp,de,4,1419,2024-06-04 15:40:00,1,0,0.4932582974433899
mlp,de,4,1420,2024-06-04 15:40:00,1,0,0.4878958463668823
mlp,de,4,1421,2024-06-04 15:45:00,1,1,0.5469199419021606
mlp,de,4,1422,2024-06-04 15:45:00,1,1,0.546995222568512
mlp,de,4,1423,2024-06-04 15:50:00,1,0,0.47296592593193054
mlp,de,4,1424,2024-06-04 15:50:00,1,1,0.532889187335968
mlp,de,4,1425,2024-06-04 15:55:00,1,0,0.44266659021377563
mlp,de,4,1426,2024-06-04 15:55:00,1,0,0.4249245524406433
mlp,de,4,1427,2024-06-04 16:00:00,1,0,0.3393707573413849
mlp,de,4,1428,2024-06-04 16:00:00,1,0,0.3263373374938965
mlp,de,4,1429,2024-06-04 16:05:00,1,0,0.35652750730514526
mlp,de,4,1430,2024-06-04 16:05:00,1,0,0.3421359956264496
mlp,de,4,1431,2024-06-04 16:10:00,1,0,0.46027663350105286
mlp,de,4,1432,2024-06-04 16:10:00,1,0,0.4646607041358948
mlp,de,4,1433,2024-06-04 16:15:00,1,1,0.540611982345581
mlp,de,4,1434,2024-06-04 16:15:00,1,1,0.5341671705245972
mlp,de,4,1435,2024-06-04 16:20:00,1,1,0.5605074167251587
mlp,de,4,1436,2024-06-04 16:20:00,1,1,0.5787650346755981
mlp,de,4,1437,2024-06-04 16:25:00,1,1,0.5896667242050171
mlp,de,4,1438,2024-06-04 16:25:00,1,1,0.5963196158409119
mlp,de,4,1439,2024-06-04 16:30:00,1,1,0.6223592162132263
mlp,de,4,1440,2024-06-04 16:30:00,1,1,0.619560182094574
mlp,de,4,1441,2024-06-04 16:35:00,1,1,0.5385262370109558
mlp,de,4,1442,2024-06-04 16:35:00,1,1,0.53521329164505
mlp,de,4,1443,2024-06-04 16:40:00,1,1,0.5855706334114075
mlp,de,4,1444,2024-06-04 16:40:00,1,1,0.6276171803474426
mlp,de,4,1445,2024-06-04 16:45:00,1,1,0.5416504740715027
mlp,de,4,1446,2024-06-04 16:45:00,1,1,0.6411159038543701
mlp,de,4,1447,2024-06-04 16:50:00,1,1,0.5659637451171875
mlp,de,4,1448,2024-06-04 16:50:00,1,1,0.6156936287879944
mlp,de,4,1449,2024-06-04 16:55:00,0,1,0.5935443639755249
mlp,de,4,1450,2024-06-04 16:55:00,0,1,0.6181725859642029
mlp,de,4,1451,2024-06-04 17:00:00,0,1,0.5772955417633057
mlp,de,4,1452,2024-06-04 17:00:00,0,1,0.5682686567306519
mlp,de,4,1453,2024-06-04 17:05:00,0,0,0.49994760751724243
mlp,de,4,1454,2024-06-04 17:05:00,0,1,0.5434879064559937
mlp,de,4,1455,2024-06-04 17:10:00,0,0,0.46061602234840393
mlp,de,4,1456,2024-06-04 17:10:00,0,0,0.4808071553707123
mlp,de,4,1457,2024-06-04 17:15:00,0,0,0.3878343105316162
mlp,de,4,1458,2024-06-04 17:15:00,0,0,0.45266732573509216
mlp,de,4,1459,2024-06-04 17:20:00,0,0,0.46193620562553406
mlp,de,4,1460,2024-06-04 17:20:00,0,0,0.3818100392818451
mlp,de,4,1461,2024-06-04 17:25:00,0,0,0.44788306951522827
mlp,de,4,1462,2024-06-04 17:25:00,0,0,0.3919224143028259
mlp,de,4,1463,2024-06-04 17:30:00,0,1,0.5020739436149597
mlp,de,4,1464,2024-06-04 17:30:00,0,1,0.5310803055763245
mlp,de,4,1465,2024-06-04 17:35:00,0,0,0.49766018986701965
mlp,de,4,1466,2024-06-04 17:35:00,0,0,0.4767056405544281
mlp,de,4,1467,2024-06-04 17:40:00,0,0,0.49022164940834045
mlp,de,4,1468,2024-06-04 17:40:00,0,0,0.4866345226764679
mlp,de,4,1469,2024-06-04 17:45:00,0,0,0.4761529862880707
mlp,de,4,1470,2024-06-04 17:45:00,0,0,0.4756651520729065
mlp,de,4,1471,2024-06-04 17:50:00,0,1,0.5170087814331055
mlp,de,4,1472,2024-06-04 17:50:00,0,1,0.5062195062637329
mlp,de,4,1473,2024-06-04 17:55:00,0,1,0.5868610143661499
mlp,de,4,1474,2024-06-04 17:55:00,0,1,0.6208928823471069
mlp,de,4,1475,2024-06-05 11:10:00,1,0,0.2515081465244293
mlp,de,4,1476,2024-06-05 11:10:00,1,0,0.2503993511199951
mlp,de,4,1477,2024-06-05 11:15:00,1,0,0.2665616273880005
mlp,de,4,1478,2024-06-05 11:15:00,1,0,0.2675466239452362
mlp,de,4,1479,2024-06-05 11:20:00,1,0,0.45640861988067627
mlp,de,4,1480,2024-06-05 11:20:00,1,0,0.456355482339859
mlp,de,4,1481,2024-06-05 11:25:00,1,1,0.5497298240661621
mlp,de,4,1482,2024-06-05 11:25:00,1,1,0.561517059803009
mlp,de,4,1483,2024-06-05 11:30:00,1,1,0.7188777327537537
mlp,de,4,1484,2024-06-05 11:30:00,1,1,0.7143952250480652
mlp,de,4,1485,2024-06-05 11:35:00,1,1,0.8086134791374207
mlp,de,4,1486,2024-06-05 11:35:00,1,1,0.8063170313835144
mlp,de,4,1487,2024-06-05 11:40:00,1,1,0.8305006623268127
mlp,de,4,1488,2024-06-05 11:40:00,0,1,0.8236850500106812
mlp,de,4,1489,2024-06-05 11:45:00,0,1,0.7371625304222107
mlp,de,4,1490,2024-06-05 11:45:00,1,1,0.7365649342536926
mlp,de,4,1491,2024-06-05 11:50:00,1,1,0.6971681714057922
mlp,de,4,1492,2024-06-05 11:50:00,0,1,0.682245135307312
mlp,de,4,1493,2024-06-05 11:55:00,1,1,0.6030060648918152
mlp,de,4,1494,2024-06-05 11:55:00,0,1,0.6020236611366272
mlp,de,4,1495,2024-06-05 12:00:00,1,1,0.6206128001213074
mlp,de,4,1496,2024-06-05 12:00:00,0,1,0.6358546614646912
mlp,de,4,1497,2024-06-05 12:05:00,0,1,0.5436947345733643
mlp,de,4,1498,2024-06-05 12:05:00,1,1,0.5278078317642212
mlp,de,4,1499,2024-06-05 12:10:00,1,1,0.5040813684463501
mlp,de,4,1500,2024-06-05 12:10:00,0,1,0.5100440979003906
mlp,de,4,1501,2024-06-05 12:15:00,0,1,0.6379757523536682
mlp,de,4,1502,2024-06-05 12:15:00,1,1,0.6277225613594055
mlp,de,4,1503,2024-06-05 12:20:00,0,1,0.6869418621063232
mlp,de,4,1504,2024-06-05 12:20:00,1,1,0.689443051815033
mlp,de,4,1505,2024-06-05 12:25:00,0,1,0.7031787633895874
mlp,de,4,1506,2024-06-05 12:25:00,0,1,0.6865168213844299
mlp,de,4,1507,2024-06-05 12:30:00,0,1,0.6998419165611267
mlp,de,4,1508,2024-06-05 12:30:00,0,1,0.6514882445335388
mlp,de,4,1509,2024-06-05 12:35:00,0,1,0.5564647316932678
mlp,de,4,1510,2024-06-05 12:35:00,0,1,0.590890109539032
mlp,de,4,1511,2024-06-05 12:40:00,0,1,0.5720712542533875
mlp,de,4,1512,2024-06-05 12:40:00,0,1,0.5357213020324707
mlp,de,4,1513,2024-06-05 12:45:00,0,0,0.4882384240627289
mlp,de,4,1514,2024-06-05 12:45:00,0,0,0.44996801018714905
mlp,de,4,1515,2024-06-05 12:50:00,0,0,0.3688395321369171
mlp,de,4,1516,2024-06-05 12:50:00,0,0,0.43268144130706787
mlp,de,4,1517,2024-06-05 12:55:00,0,0,0.47885259985923767
mlp,de,4,1518,2024-06-05 12:55:00,0,0,0.4496968388557434
mlp,de,4,1519,2024-06-05 13:00:00,0,0,0.4280174672603607
mlp,de,4,1520,2024-06-05 13:00:00,0,0,0.4362318813800812
mlp,de,4,1521,2024-06-05 13:05:00,0,0,0.36588990688323975
mlp,de,4,1522,2024-06-05 13:05:00,0,0,0.3729376196861267
mlp,de,4,1523,2024-06-05 13:10:00,0,0,0.32542529702186584
mlp,de,4,1524,2024-06-05 13:10:00,0,0,0.3559470772743225
mlp,de,4,1525,2024-06-05 13:15:00,0,0,0.36421728134155273
mlp,de,4,1526,2024-06-05 13:15:00,0,0,0.3821544349193573
mlp,de,4,1527,2024-06-05 13:20:00,0,0,0.379753440618515
mlp,de,4,1528,2024-06-05 13:20:00,0,0,0.35659366846084595
mlp,de,4,1529,2024-06-05 13:25:00,0,0,0.3178557753562927
mlp,de,4,1530,2024-06-05 13:25:00,0,0,0.32041195034980774
mlp,de,4,1531,2024-06-05 13:30:00,0,0,0.30882424116134644
mlp,de,4,1532,2024-06-05 13:30:00,0,0,0.3117811679840088
mlp,de,4,1533,2024-06-05 13:35:00,0,0,0.3736729621887207
mlp,de,4,1534,2024-06-05 13:35:00,0,0,0.35770320892333984
mlp,de,4,1535,2024-06-05 13:40:00,0,0,0.3493031859397888
mlp,de,4,1536,2024-06-05 13:40:00,0,0,0.38308218121528625
mlp,de,4,1537,2024-06-05 13:45:00,0,0,0.288282573223114
mlp,de,4,1538,2024-06-05 13:45:00,0,0,0.36305561661720276
mlp,de,4,1539,2024-06-05 13:50:00,0,0,0.4786205291748047
mlp,de,4,1540,2024-06-05 13:50:00,0,1,0.5115717649459839
mlp,de,4,1541,2024-06-05 13:55:00,0,0,0.47415998578071594
mlp,de,4,1542,2024-06-05 13:55:00,0,0,0.45539581775665283
mlp,de,4,1543,2024-06-05 14:00:00,0,1,0.5296903252601624
mlp,de,4,1544,2024-06-05 14:00:00,0,0,0.46474942564964294
mlp,de,4,1545,2024-06-05 14:05:00,0,0,0.4319606423377991
mlp,de,4,1546,2024-06-05 14:05:00,0,0,0.3854142129421234
mlp,de,4,1547,2024-06-05 14:10:00,0,0,0.3769933879375458
mlp,de,4,1548,2024-06-05 14:10:00,0,0,0.35756051540374756
mlp,de,4,1549,2024-06-05 14:15:00,0,0,0.38834133744239807
mlp,de,4,1550,2024-06-05 14:15:00,0,0,0.33707723021507263
mlp,de,4,1551,2024-06-05 14:20:00,0,0,0.4336281716823578
mlp,de,4,1552,2024-06-05 14:20:00,0,0,0.4648137390613556
mlp,de,4,1553,2024-06-05 14:25:00,0,1,0.5098896622657776
mlp,de,4,1554,2024-06-05 14:25:00,0,1,0.5280005931854248
mlp,de,4,1555,2024-06-05 14:30:00,0,1,0.6309655904769897
mlp,de,4,1556,2024-06-05 14:30:00,0,1,0.5962590575218201
mlp,de,4,1557,2024-06-05 14:35:00,0,1,0.5917292237281799
mlp,de,4,1558,2024-06-05 14:35:00,0,1,0.5899061560630798
mlp,de,4,1559,2024-06-05 14:40:00,0,1,0.6626981496810913
mlp,de,4,1560,2024-06-05 14:40:00,0,1,0.6051846742630005
mlp,de,4,1561,2024-06-05 14:45:00,0,0,0.49571117758750916
mlp,de,4,1562,2024-06-05 14:45:00,0,1,0.5520346164703369
mlp,de,4,1563,2024-06-05 14:50:00,0,0,0.35058367252349854
mlp,de,4,1564,2024-06-05 14:50:00,0,0,0.3416725695133209
mlp,de,4,1565,2024-06-05 14:55:00,0,0,0.31628578901290894
mlp,de,4,1566,2024-06-05 14:55:00,0,0,0.30230218172073364
mlp,de,4,1567,2024-06-05 15:00:00,0,0,0.34971949458122253
mlp,de,4,1568,2024-06-05 15:00:00,0,0,0.3714332580566406
mlp,de,4,1569,2024-06-05 15:05:00,0,0,0.33112451434135437
mlp,de,4,1570,2024-06-05 15:05:00,0,0,0.31911376118659973
mlp,de,4,1571,2024-06-05 15:10:00,0,0,0.26672300696372986
mlp,de,4,1572,2024-06-05 15:10:00,0,0,0.25766152143478394
mlp,de,4,1573,2024-06-05 15:15:00,0,0,0.25621798634529114
mlp,de,4,1574,2024-06-05 15:15:00,0,0,0.26358354091644287
mlp,de,4,1575,2024-06-05 15:20:00,0,0,0.29760831594467163
mlp,de,4,1576,2024-06-05 15:20:00,0,0,0.2865336835384369
mlp,de,4,1577,2024-06-05 15:25:00,0,0,0.2717496156692505
mlp,de,4,1578,2024-06-05 15:25:00,0,0,0.2773071825504303
mlp,de,4,1579,2024-06-05 15:30:00,0,0,0.3225753605365753
mlp,de,4,1580,2024-06-05 15:30:00,0,0,0.316617876291275
mlp,de,4,1581,2024-06-05 15:35:00,1,0,0.2704107165336609
mlp,de,4,1582,2024-06-05 15:35:00,0,0,0.28499191999435425
mlp,de,4,1583,2024-06-05 15:40:00,0,0,0.35580116510391235
mlp,de,4,1584,2024-06-05 15:40:00,1,0,0.33577126264572144
mlp,de,4,1585,2024-06-05 15:45:00,1,0,0.3540370464324951
mlp,de,4,1586,2024-06-05 15:45:00,0,0,0.35858744382858276
mlp,de,4,1587,2024-06-05 15:50:00,1,0,0.45720216631889343
mlp,de,4,1588,2024-06-05 15:50:00,0,0,0.4938821494579315
mlp,de,4,1589,2024-06-05 15:55:00,1,1,0.5702561140060425
mlp,de,4,1590,2024-06-05 15:55:00,0,1,0.5483274459838867
mlp,de,4,1591,2024-06-05 16:00:00,0,1,0.6080930829048157
mlp,de,4,1592,2024-06-05 16:00:00,1,1,0.6351215243339539
mlp,de,4,1593,2024-06-05 16:05:00,0,0,0.48126649856567383
mlp,de,4,1594,2024-06-05 16:05:00,1,0,0.4893735349178314
mlp,de,4,1595,2024-06-05 16:10:00,1,0,0.37979134917259216
mlp,de,4,1596,2024-06-05 16:10:00,1,0,0.4007657766342163
mlp,de,4,1597,2024-06-05 16:15:00,1,0,0.4104316830635071
mlp,de,4,1598,2024-06-05 16:15:00,1,0,0.4035670757293701
mlp,de,4,1599,2024-06-05 16:20:00,1,0,0.49050867557525635
mlp,de,4,1600,2024-06-05 16:20:00,1,0,0.47138896584510803
mlp,de,4,1601,2024-06-05 16:25:00,1,0,0.4754243493080139
mlp,de,4,1602,2024-06-05 16:25:00,1,0,0.46456101536750793
mlp,de,4,1603,2024-06-05 16:30:00,1,0,0.44864407181739807
mlp,de,4,1604,2024-06-05 16:30:00,1,0,0.4711756706237793
mlp,de,4,1605,2024-06-05 16:35:00,1,0,0.4969184100627899
mlp,de,4,1606,2024-06-05 16:35:00,1,1,0.5181406736373901
mlp,de,4,1607,2024-06-05 16:40:00,1,1,0.5319288969039917
mlp,de,4,1608,2024-06-05 16:40:00,1,1,0.5409201383590698
mlp,de,4,1609,2024-06-05 16:45:00,1,1,0.509580135345459
mlp,de,4,1610,2024-06-05 16:45:00,1,1,0.5108954906463623
mlp,de,4,1611,2024-06-05 16:50:00,1,1,0.5259808301925659
mlp,de,4,1612,2024-06-05 16:50:00,1,1,0.5422077178955078
mlp,de,4,1613,2024-06-05 16:55:00,0,1,0.6015477776527405
mlp,de,4,1614,2024-06-05 16:55:00,1,1,0.5925428867340088
mlp,de,4,1615,2024-06-05 17:00:00,1,1,0.5722767114639282
mlp,de,4,1616,2024-06-05 17:00:00,0,1,0.5943248271942139
mlp,de,4,1617,2024-06-05 17:05:00,0,0,0.46723711490631104
mlp,de,4,1618,2024-06-05 17:05:00,0,0,0.476691335439682
mlp,de,4,1619,2024-06-05 17:10:00,1,0,0.4077482521533966
mlp,de,4,1620,2024-06-05 17:10:00,1,0,0.4263884127140045
mlp,de,4,1621,2024-06-05 17:15:00,1,1,0.5207425355911255
mlp,de,4,1622,2024-06-05 17:15:00,1,1,0.5216637253761292
mlp,de,4,1623,2024-06-05 17:20:00,1,1,0.535347044467926
mlp,de,4,1624,2024-06-05 17:20:00,1,1,0.5243666172027588
mlp,de,4,1625,2024-06-05 17:25:00,1,1,0.5715175867080688
mlp,de,4,1626,2024-06-05 17:30:00,1,1,0.5695088505744934
mlp,de,4,1627,2024-06-05 17:30:00,1,1,0.5836657881736755
mlp,de,4,1628,2024-06-05 17:35:00,1,0,0.4748396873474121
mlp,de,4,1629,2024-06-05 17:35:00,1,0,0.48649775981903076
mlp,de,4,1630,2024-06-05 17:40:00,1,0,0.44968029856681824
mlp,de,4,1631,2024-06-05 17:40:00,1,0,0.3767923414707184
mlp,de,4,1632,2024-06-05 17:45:00,1,1,0.5219969749450684
mlp,de,4,1633,2024-06-05 17:45:00,1,1,0.5260480046272278
mlp,de,4,1634,2024-06-05 17:50:00,1,1,0.5064570307731628
mlp,de,4,1635,2024-06-05 17:50:00,1,0,0.49775591492652893
mlp,de,4,1636,2024-06-05 17:55:00,1,1,0.5183961391448975
mlp,de,4,1637,2024-06-05 17:55:00,1,0,0.4917210042476654
mlp,de,4,1638,2024-06-06 12:40:00,0,1,0.7889478802680969
mlp,de,4,1639,2024-06-06 12:40:00,0,1,0.7833015322685242
mlp,de,4,1640,2024-06-06 12:45:00,0,1,0.6803486943244934
mlp,de,4,1641,2024-06-06 12:45:00,0,1,0.6852938532829285
mlp,de,4,1642,2024-06-06 12:50:00,0,1,0.6787157654762268
mlp,de,4,1643,2024-06-06 12:50:00,0,1,0.6683169007301331
mlp,de,4,1644,2024-06-06 12:55:00,0,1,0.7492832541465759
mlp,de,4,1645,2024-06-06 12:55:00,0,1,0.6868530511856079
mlp,de,4,1646,2024-06-06 13:00:00,0,0,0.41315150260925293
mlp,de,4,1647,2024-06-06 13:00:00,0,0,0.4261084496974945
mlp,de,4,1648,2024-06-06 13:05:00,0,0,0.33269527554512024
mlp,de,4,1649,2024-06-06 13:05:00,0,0,0.30511051416397095
mlp,de,4,1650,2024-06-06 13:10:00,0,0,0.33133673667907715
mlp,de,4,1651,2024-06-06 13:10:00,0,0,0.34050917625427246
mlp,de,4,1652,2024-06-06 13:15:00,0,0,0.4167978763580322
mlp,de,4,1653,2024-06-06 13:15:00,0,0,0.4141724407672882
mlp,de,4,1654,2024-06-06 13:20:00,0,0,0.37651127576828003
mlp,de,4,1655,2024-06-06 13:20:00,0,0,0.4015364944934845
mlp,de,4,1656,2024-06-06 13:25:00,0,0,0.4193840026855469
mlp,de,4,1657,2024-06-06 13:25:00,0,0,0.41972753405570984
mlp,de,4,1658,2024-06-06 13:30:00,0,0,0.3585929572582245
mlp,de,4,1659,2024-06-06 13:30:00,0,0,0.35698139667510986
mlp,de,4,1660,2024-06-06 13:35:00,0,0,0.3121321201324463
mlp,de,4,1661,2024-06-06 13:35:00,0,0,0.33185604214668274
mlp,de,4,1662,2024-06-06 13:40:00,1,0,0.28776055574417114
mlp,de,4,1663,2024-06-06 13:40:00,0,0,0.2783815562725067
mlp,de,4,1664,2024-06-06 13:45:00,1,0,0.30188438296318054
mlp,de,4,1665,2024-06-06 13:45:00,1,0,0.2709202468395233
mlp,de,4,1666,2024-06-06 13:50:00,1,0,0.3739260733127594
mlp,de,4,1667,2024-06-06 13:50:00,1,0,0.3716045916080475
mlp,de,4,1668,2024-06-06 13:55:00,1,0,0.45037326216697693
mlp,de,4,1669,2024-06-06 13:55:00,1,0,0.45087137818336487
mlp,de,4,1670,2024-06-06 14:00:00,1,1,0.566047728061676
mlp,de,4,1671,2024-06-06 14:00:00,1,1,0.5730576515197754
mlp,de,4,1672,2024-06-06 14:05:00,1,1,0.5670244693756104
mlp,de,4,1673,2024-06-06 14:05:00,1,1,0.5949875712394714
mlp,de,4,1674,2024-06-06 14:10:00,1,1,0.5936086773872375
mlp,de,4,1675,2024-06-06 14:10:00,1,1,0.5396671295166016
mlp,de,4,1676,2024-06-06 14:15:00,1,1,0.5669583082199097
mlp,de,4,1677,2024-06-06 14:15:00,1,1,0.5824741721153259
mlp,de,4,1678,2024-06-06 14:20:00,1,1,0.6869078874588013
mlp,de,4,1679,2024-06-06 14:20:00,1,1,0.6925967335700989
mlp,de,4,1680,2024-06-06 14:25:00,1,1,0.704237163066864
mlp,de,4,1681,2024-06-06 14:25:00,1,1,0.7085844874382019
mlp,de,4,1682,2024-06-06 14:30:00,1,1,0.7421680092811584
mlp,de,4,1683,2024-06-06 14:30:00,1,1,0.7313095927238464
mlp,de,4,1684,2024-06-06 14:35:00,1,1,0.7314016222953796
mlp,de,4,1685,2024-06-06 14:35:00,1,1,0.7374921441078186
mlp,de,4,1686,2024-06-06 14:40:00,1,1,0.7100138664245605
mlp,de,4,1687,2024-06-06 14:40:00,0,1,0.7292249202728271
mlp,de,4,1688,2024-06-06 14:45:00,0,1,0.5608626008033752
mlp,de,4,1689,2024-06-06 14:45:00,1,1,0.5143352150917053
mlp,de,4,1690,2024-06-06 14:50:00,0,0,0.4009934067726135
mlp,de,4,1691,2024-06-06 14:50:00,1,0,0.4017437994480133
mlp,de,4,1692,2024-06-06 14:55:00,0,0,0.3351620137691498
mlp,de,4,1693,2024-06-06 14:55:00,1,0,0.36843934655189514
mlp,de,4,1694,2024-06-06 15:00:00,1,0,0.3607776165008545
mlp,de,4,1695,2024-06-06 15:00:00,0,0,0.3571271300315857
mlp,de,4,1696,2024-06-06 15:05:00,1,0,0.266805499792099
mlp,de,4,1697,2024-06-06 15:05:00,1,0,0.2737716734409332
mlp,de,4,1698,2024-06-06 15:10:00,1,0,0.2737627625465393
mlp,de,4,1699,2024-06-06 15:10:00,1,0,0.268440306186676
mlp,de,4,1700,2024-06-06 15:15:00,1,0,0.39367735385894775
mlp,de,4,1701,2024-06-06 15:15:00,1,0,0.3980252146720886
mlp,de,4,1702,2024-06-06 15:20:00,1,0,0.4935203492641449
mlp,de,4,1703,2024-06-06 15:20:00,1,1,0.5017274618148804
mlp,de,4,1704,2024-06-06 15:25:00,1,1,0.5364623665809631
mlp,de,4,1705,2024-06-06 15:25:00,1,1,0.5264858603477478
mlp,de,4,1706,2024-06-06 15:30:00,1,1,0.5574800372123718
mlp,de,4,1707,2024-06-06 15:30:00,1,1,0.549982488155365
mlp,de,4,1708,2024-06-06 15:35:00,1,1,0.6044579148292542
mlp,de,4,1709,2024-06-06 15:35:00,1,1,0.6070007085800171
mlp,de,4,1710,2024-06-06 15:40:00,1,1,0.6221674680709839
mlp,de,4,1711,2024-06-06 15:40:00,1,1,0.6402390599250793
mlp,de,4,1712,2024-06-06 15:45:00,1,1,0.672373354434967
mlp,de,4,1713,2024-06-06 15:45:00,1,1,0.6790814995765686
mlp,de,4,1714,2024-06-06 15:50:00,1,1,0.5338661670684814
mlp,de,4,1715,2024-06-06 15:50:00,1,1,0.5263592004776001
mlp,de,4,1716,2024-06-06 15:55:00,1,0,0.41969799995422363
mlp,de,4,1717,2024-06-06 15:55:00,1,0,0.43653279542922974
mlp,de,4,1718,2024-06-06 16:00:00,1,0,0.33722200989723206
mlp,de,4,1719,2024-06-06 16:00:00,1,0,0.3379768133163452
mlp,de,4,1720,2024-06-06 16:05:00,1,0,0.3602393865585327
mlp,de,4,1721,2024-06-06 16:05:00,1,0,0.3553919196128845
mlp,de,4,1722,2024-06-06 16:10:00,1,0,0.3528177738189697
mlp,de,4,1723,2024-06-06 16:10:00,1,0,0.3327553868293762
mlp,de,4,1724,2024-06-06 16:15:00,1,0,0.34356650710105896
mlp,de,4,1725,2024-06-06 16:15:00,1,0,0.36718297004699707
mlp,de,4,1726,2024-06-06 16:20:00,1,0,0.3319151997566223
mlp,de,4,1727,2024-06-06 16:20:00,1,0,0.3580615222454071
mlp,de,4,1728,2024-06-06 16:25:00,1,0,0.3604443371295929
mlp,de,4,1729,2024-06-06 16:25:00,1,0,0.37116244435310364
mlp,de,4,1730,2024-06-06 16:30:00,1,0,0.3658345341682434
mlp,de,4,1731,2024-06-06 16:30:00,1,0,0.35764622688293457
mlp,de,4,1732,2024-06-06 16:35:00,1,0,0.40859949588775635
mlp,de,4,1733,2024-06-06 16:35:00,1,0,0.4127724766731262
mlp,de,4,1734,2024-06-06 16:40:00,1,1,0.5419934988021851
mlp,de,4,1735,2024-06-06 16:40:00,1,1,0.5539813041687012
mlp,de,4,1736,2024-06-06 16:45:00,1,1,0.6386877298355103
mlp,de,4,1737,2024-06-06 16:45:00,1,1,0.6372678279876709
mlp,de,4,1738,2024-06-06 16:50:00,1,1,0.6862121224403381
mlp,de,4,1739,2024-06-06 16:50:00,1,1,0.7061272859573364
mlp,de,4,1740,2024-06-06 16:55:00,0,1,0.7192211151123047
mlp,de,4,1741,2024-06-06 16:55:00,0,1,0.7096647620201111
mlp,de,4,1742,2024-06-06 17:00:00,0,1,0.688418447971344
mlp,de,4,1743,2024-06-06 17:00:00,0,1,0.6665815711021423
mlp,de,4,1744,2024-06-06 17:05:00,0,1,0.6516439914703369
mlp,de,4,1745,2024-06-06 17:05:00,0,1,0.5630467534065247
mlp,de,4,1746,2024-06-06 17:10:00,0,1,0.5854358077049255
mlp,de,4,1747,2024-06-06 17:10:00,0,1,0.5629146695137024
mlp,de,4,1748,2024-06-06 17:15:00,0,1,0.5945504903793335
mlp,de,4,1749,2024-06-06 17:15:00,0,1,0.5680894255638123
mlp,de,4,1750,2024-06-06 17:20:00,0,1,0.5829918384552002
mlp,de,4,1751,2024-06-06 17:20:00,0,1,0.5689233541488647
mlp,de,4,1752,2024-06-06 17:25:00,0,1,0.5065434575080872
mlp,de,4,1753,2024-06-06 17:25:00,0,1,0.5343552231788635
mlp,de,4,1754,2024-06-06 17:30:00,0,1,0.5701329708099365
mlp,de,4,1755,2024-06-06 17:30:00,0,1,0.5471638441085815
mlp,de,4,1756,2024-06-06 17:35:00,0,1,0.5773813724517822
mlp,de,4,1757,2024-06-06 17:35:00,0,1,0.5485073328018188
mlp,de,4,1758,2024-06-06 17:40:00,0,1,0.5142998099327087
mlp,de,4,1759,2024-06-06 17:40:00,0,1,0.5040450692176819
mlp,de,4,1760,2024-06-06 17:45:00,0,0,0.4812714159488678
mlp,de,4,1761,2024-06-06 17:45:00,0,0,0.4768117368221283
mlp,de,4,1762,2024-06-06 17:50:00,0,1,0.516493558883667
mlp,de,4,1763,2024-06-06 17:50:00,0,1,0.5400615334510803
mlp,de,4,1764,2024-06-06 17:55:00,0,0,0.46835848689079285
mlp,de,4,1765,2024-06-06 17:55:00,1,0,0.48598846793174744
mlp,de,4,1766,2024-06-07 17:10:00,1,0,0.39170703291893005
mlp,de,4,1767,2024-06-07 17:15:00,1,0,0.3168013393878937
mlp,de,4,1768,2024-06-07 17:20:00,1,1,0.5406715273857117
mlp,de,4,1769,2024-06-07 17:25:00,1,1,0.5359147787094116
mlp,de,4,1770,2024-06-07 17:30:00,1,1,0.5538415908813477
mlp,de,4,1771,2024-06-07 17:35:00,1,0,0.490803986787796
mlp,de,4,1772,2024-06-07 17:40:00,1,0,0.4092215597629547
mlp,de,4,1773,2024-06-07 17:45:00,1,0,0.3427684009075165
mlp,de,4,1774,2024-06-07 17:50:00,1,0,0.39060282707214355
mlp,de,4,1775,2024-06-07 17:55:00,1,0,0.4019372761249542
mlp,de,4,1776,2024-06-10 10:40:00,1,1,0.7639340162277222
mlp,de,4,1777,2024-06-10 10:45:00,1,1,0.7985683679580688
mlp,de,4,1778,2024-06-10 10:50:00,1,1,0.7629512548446655
mlp,de,4,1779,2024-06-10 10:55:00,1,1,0.6433430314064026
mlp,de,4,1780,2024-06-10 11:00:00,1,1,0.5534072518348694
mlp,de,4,1781,2024-06-10 11:05:00,1,1,0.5137462019920349
mlp,de,4,1782,2024-06-10 11:10:00,1,1,0.5650883913040161
mlp,de,4,1783,2024-06-10 11:15:00,1,1,0.6550445556640625
mlp,de,4,1784,2024-06-10 11:20:00,1,1,0.7101409435272217
mlp,de,4,1785,2024-06-10 11:25:00,1,1,0.6576938033103943
mlp,de,4,1786,2024-06-10 11:30:00,1,1,0.6048882007598877
mlp,de,4,1787,2024-06-10 11:35:00,1,1,0.5432279109954834
mlp,de,4,1788,2024-06-10 11:40:00,1,1,0.6046962141990662
mlp,de,4,1789,2024-06-10 11:45:00,1,1,0.6045165061950684
mlp,de,4,1790,2024-06-10 11:50:00,0,1,0.6728135347366333
mlp,de,4,1791,2024-06-10 11:50:00,0,1,0.6640638113021851
mlp,de,4,1792,2024-06-10 11:55:00,0,1,0.5011410713195801
mlp,de,4,1793,2024-06-10 11:55:00,0,1,0.5109803676605225
mlp,de,4,1794,2024-06-10 12:00:00,0,0,0.47752514481544495
mlp,de,4,1795,2024-06-10 12:00:00,0,0,0.47797656059265137
mlp,de,4,1796,2024-06-10 12:05:00,0,0,0.44417744874954224
mlp,de,4,1797,2024-06-10 12:05:00,0,0,0.4671288728713989
mlp,de,4,1798,2024-06-10 12:10:00,0,0,0.3991723954677582
mlp,de,4,1799,2024-06-10 12:10:00,0,0,0.38786882162094116
mlp,de,4,1800,2024-06-10 12:15:00,0,0,0.43256980180740356
mlp,de,4,1801,2024-06-10 12:15:00,0,0,0.43783634901046753
mlp,de,4,1802,2024-06-10 12:20:00,0,0,0.42202967405319214
mlp,de,4,1803,2024-06-10 12:20:00,0,0,0.4166823923587799
mlp,de,4,1804,2024-06-10 12:25:00,0,0,0.4185684025287628
mlp,de,4,1805,2024-06-10 12:25:00,0,0,0.4159950315952301
mlp,de,4,1806,2024-06-10 12:30:00,0,0,0.35013604164123535
mlp,de,4,1807,2024-06-10 12:30:00,0,0,0.3477785587310791
mlp,de,4,1808,2024-06-10 12:35:00,0,0,0.3830508291721344
mlp,de,4,1809,2024-06-10 12:35:00,0,0,0.37231484055519104
mlp,de,4,1810,2024-06-10 12:40:00,0,0,0.40310055017471313
mlp,de,4,1811,2024-06-10 12:40:00,0,0,0.3996112644672394
mlp,de,4,1812,2024-06-10 12:45:00,0,0,0.44237637519836426
mlp,de,4,1813,2024-06-10 12:45:00,0,0,0.45127955079078674
mlp,de,4,1814,2024-06-10 12:50:00,1,0,0.3658921718597412
mlp,de,4,1815,2024-06-10 12:50:00,0,0,0.3725546896457672
mlp,de,4,1816,2024-06-10 12:55:00,1,0,0.42083579301834106
mlp,de,4,1817,2024-06-10 12:55:00,0,0,0.41437485814094543
mlp,de,4,1818,2024-06-10 13:00:00,1,0,0.4870969355106354
mlp,de,4,1819,2024-06-10 13:00:00,0,0,0.4723788797855377
mlp,de,4,1820,2024-06-10 13:05:00,1,1,0.5091513395309448
mlp,de,4,1821,2024-06-10 13:05:00,0,1,0.5077034831047058
mlp,de,4,1822,2024-06-10 13:10:00,0,1,0.5861740708351135
mlp,de,4,1823,2024-06-10 13:10:00,0,1,0.5820627212524414
mlp,de,4,1824,2024-06-10 13:15:00,0,1,0.5369530320167542
mlp,de,4,1825,2024-06-10 13:15:00,0,1,0.5341208577156067
mlp,de,4,1826,2024-06-10 13:20:00,0,1,0.520725429058075
mlp,de,4,1827,2024-06-10 13:20:00,0,1,0.5228042602539062
mlp,de,4,1828,2024-06-10 13:25:00,0,0,0.451077401638031
mlp,de,4,1829,2024-06-10 13:25:00,0,0,0.46263036131858826
mlp,de,4,1830,2024-06-10 13:30:00,0,0,0.3934813439846039
mlp,de,4,1831,2024-06-10 13:30:00,0,0,0.4047771692276001
mlp,de,4,1832,2024-06-10 13:35:00,0,0,0.4398338496685028
mlp,de,4,1833,2024-06-10 13:35:00,0,0,0.4378543496131897
mlp,de,4,1834,2024-06-10 13:40:00,0,0,0.4860486090183258
mlp,de,4,1835,2024-06-10 13:40:00,0,0,0.4884437918663025
mlp,de,4,1836,2024-06-10 13:45:00,0,0,0.44632667303085327
mlp,de,4,1837,2024-06-10 13:45:00,0,0,0.4494026005268097
mlp,de,4,1838,2024-06-10 13:50:00,0,0,0.4515082538127899
mlp,de,4,1839,2024-06-10 13:50:00,0,0,0.4513995051383972
mlp,de,4,1840,2024-06-10 13:55:00,0,0,0.481508731842041
mlp,de,4,1841,2024-06-10 13:55:00,0,0,0.4844123423099518
mlp,de,4,1842,2024-06-10 14:00:00,0,1,0.5024712085723877
mlp,de,4,1843,2024-06-10 14:00:00,0,0,0.4950728714466095
mlp,de,4,1844,2024-06-10 14:05:00,0,0,0.486438125371933
mlp,de,4,1845,2024-06-10 14:05:00,0,0,0.4893849492073059
mlp,de,4,1846,2024-06-10 14:10:00,0,0,0.4358580708503723
mlp,de,4,1847,2024-06-10 14:10:00,0,0,0.43879204988479614
mlp,de,4,1848,2024-06-10 14:15:00,0,0,0.4101947844028473
mlp,de,4,1849,2024-06-10 14:15:00,0,0,0.4047030806541443
mlp,de,4,1850,2024-06-10 14:20:00,0,0,0.36594492197036743
mlp,de,4,1851,2024-06-10 14:20:00,0,0,0.3532539904117584
mlp,de,4,1852,2024-06-10 14:25:00,0,0,0.39454737305641174
mlp,de,4,1853,2024-06-10 14:25:00,0,0,0.4058341979980469
mlp,de,4,1854,2024-06-10 14:30:00,0,0,0.4579313397407532
mlp,de,4,1855,2024-06-10 14:30:00,0,0,0.4597414433956146
mlp,de,4,1856,2024-06-10 14:35:00,0,0,0.4548896849155426
mlp,de,4,1857,2024-06-10 14:35:00,0,0,0.4738521873950958
mlp,de,4,1858,2024-06-10 14:40:00,0,0,0.4976353347301483
mlp,de,4,1859,2024-06-10 14:40:00,0,0,0.49780726432800293
mlp,de,4,1860,2024-06-10 14:45:00,0,1,0.5710787773132324
mlp,de,4,1861,2024-06-10 14:45:00,0,1,0.5681009888648987
mlp,de,4,1862,2024-06-10 14:50:00,0,1,0.523210883140564
mlp,de,4,1863,2024-06-10 14:50:00,0,1,0.5413680076599121
mlp,de,4,1864,2024-06-10 14:55:00,0,0,0.4020967483520508
mlp,de,4,1865,2024-06-10 14:55:00,0,0,0.40574896335601807
mlp,de,4,1866,2024-06-10 15:00:00,0,0,0.2962484061717987
mlp,de,4,1867,2024-06-10 15:00:00,0,0,0.30377668142318726
mlp,de,4,1868,2024-06-10 15:05:00,0,0,0.30753427743911743
mlp,de,4,1869,2024-06-10 15:05:00,0,0,0.31116244196891785
mlp,de,4,1870,2024-06-10 15:10:00,0,0,0.3159162998199463
mlp,de,4,1871,2024-06-10 15:10:00,0,0,0.321601927280426
mlp,de,4,1872,2024-06-10 15:15:00,0,0,0.3431883752346039
mlp,de,4,1873,2024-06-10 15:15:00,0,0,0.34556636214256287
mlp,de,4,1874,2024-06-10 15:20:00,1,0,0.3522818088531494
mlp,de,4,1875,2024-06-10 15:20:00,1,0,0.348050057888031
mlp,de,4,1876,2024-06-10 15:25:00,1,0,0.3870597779750824
mlp,de,4,1877,2024-06-10 15:25:00,1,0,0.39612364768981934
mlp,de,4,1878,2024-06-10 15:30:00,1,0,0.4424218237400055
mlp,de,4,1879,2024-06-10 15:30:00,1,0,0.4406558573246002
mlp,de,4,1880,2024-06-10 15:35:00,1,1,0.6286589503288269
mlp,de,4,1881,2024-06-10 15:35:00,1,1,0.6280717253684998
mlp,de,4,1882,2024-06-10 15:40:00,0,1,0.700615406036377
mlp,de,4,1883,2024-06-10 15:40:00,0,1,0.69603431224823
mlp,de,4,1884,2024-06-10 15:45:00,0,1,0.6678982377052307
mlp,de,4,1885,2024-06-10 15:45:00,0,1,0.6755409240722656
mlp,de,4,1886,2024-06-10 15:50:00,0,1,0.6620252728462219
mlp,de,4,1887,2024-06-10 15:50:00,0,1,0.6723369359970093
mlp,de,4,1888,2024-06-10 15:55:00,0,1,0.5639210939407349
mlp,de,4,1889,2024-06-10 15:55:00,0,1,0.5552062392234802
mlp,de,4,1890,2024-06-10 16:00:00,0,1,0.5565924644470215
mlp,de,4,1891,2024-06-10 16:00:00,0,1,0.5561330318450928
mlp,de,4,1892,2024-06-10 16:05:00,0,0,0.445630818605423
mlp,de,4,1893,2024-06-10 16:05:00,0,0,0.4439537823200226
mlp,de,4,1894,2024-06-10 16:10:00,0,1,0.5274702310562134
mlp,de,4,1895,2024-06-10 16:10:00,0,1,0.5259102582931519
mlp,de,4,1896,2024-06-10 16:15:00,0,1,0.5281845927238464
mlp,de,4,1897,2024-06-10 16:15:00,0,1,0.5306763648986816
mlp,de,4,1898,2024-06-10 16:20:00,0,1,0.5292055010795593
mlp,de,4,1899,2024-06-10 16:20:00,0,1,0.5376462936401367
mlp,de,4,1900,2024-06-10 16:25:00,0,0,0.4820965826511383
mlp,de,4,1901,2024-06-10 16:25:00,0,0,0.4652054011821747
mlp,de,4,1902,2024-06-10 16:30:00,0,0,0.3954559564590454
mlp,de,4,1903,2024-06-10 16:30:00,0,0,0.3900066018104553
mlp,de,4,1904,2024-06-10 16:35:00,0,0,0.3959694802761078
mlp,de,4,1905,2024-06-10 16:35:00,0,0,0.38596975803375244
mlp,de,4,1906,2024-06-10 16:40:00,0,0,0.490491658449173
mlp,de,4,1907,2024-06-10 16:40:00,0,0,0.48806655406951904
mlp,de,4,1908,2024-06-10 16:45:00,0,0,0.4260101318359375
mlp,de,4,1909,2024-06-10 16:45:00,0,0,0.4433910846710205
mlp,de,4,1910,2024-06-10 16:50:00,0,0,0.41179901361465454
mlp,de,4,1911,2024-06-10 16:50:00,0,0,0.4111705720424652
mlp,de,4,1912,2024-06-10 16:55:00,0,0,0.4295191168785095
mlp,de,4,1913,2024-06-10 16:55:00,0,0,0.4148273169994354
mlp,de,4,1914,2024-06-10 17:00:00,0,0,0.4176490902900696
mlp,de,4,1915,2024-06-10 17:00:00,1,0,0.41251978278160095
mlp,de,4,1916,2024-06-10 17:05:00,1,0,0.428769588470459
mlp,de,4,1917,2024-06-10 17:05:00,0,0,0.43934357166290283
mlp,de,4,1918,2024-06-10 17:10:00,1,0,0.48248156905174255
mlp,de,4,1919,2024-06-10 17:10:00,0,0,0.476912260055542
mlp,de,4,1920,2024-06-10 17:15:00,1,0,0.454341858625412
mlp,de,4,1921,2024-06-10 17:15:00,1,0,0.44595983624458313
mlp,de,4,1922,2024-06-10 17:20:00,1,0,0.46791166067123413
mlp,de,4,1923,2024-06-10 17:20:00,1,0,0.47058743238449097
mlp,de,4,1924,2024-06-10 17:25:00,1,1,0.5021182298660278
mlp,de,4,1925,2024-06-10 17:25:00,1,1,0.5090596675872803
mlp,de,4,1926,2024-06-10 17:30:00,1,1,0.5842923521995544
mlp,de,4,1927,2024-06-10 17:30:00,1,1,0.5771757960319519
mlp,de,4,1928,2024-06-10 17:35:00,1,1,0.6013213992118835
mlp,de,4,1929,2024-06-10 17:35:00,1,1,0.6127253174781799
mlp,de,4,1930,2024-06-10 17:40:00,1,1,0.5990172624588013
mlp,de,4,1931,2024-06-10 17:40:00,1,1,0.5988138318061829
mlp,de,4,1932,2024-06-10 17:45:00,1,1,0.5782912969589233
mlp,de,4,1933,2024-06-10 17:45:00,1,1,0.5541397333145142
mlp,de,4,1934,2024-06-10 17:50:00,1,1,0.522293210029602
mlp,de,4,1935,2024-06-10 17:50:00,1,1,0.5239306688308716
mlp,de,4,1936,2024-06-10 17:55:00,0,1,0.5436936616897583
mlp,de,4,1937,2024-06-10 17:55:00,0,1,0.5394936203956604
mlp,de,4,1938,2024-06-12 10:40:00,0,0,0.1233178973197937
mlp,de,4,1939,2024-06-12 10:40:00,0,0,0.12142125517129898
mlp,de,4,1940,2024-06-12 10:45:00,0,0,0.11392445862293243
mlp,de,4,1941,2024-06-12 10:45:00,0,0,0.11477815359830856
mlp,de,4,1942,2024-06-12 10:50:00,0,0,0.12190331518650055
mlp,de,4,1943,2024-06-12 10:50:00,0,0,0.12361977994441986
mlp,de,4,1944,2024-06-12 10:55:00,0,0,0.1248093768954277
mlp,de,4,1945,2024-06-12 10:55:00,0,0,0.12630486488342285
mlp,de,4,1946,2024-06-12 11:00:00,1,0,0.13289692997932434
mlp,de,4,1947,2024-06-12 11:00:00,0,0,0.13193653523921967
mlp,de,4,1948,2024-06-12 11:05:00,0,0,0.16239990293979645
mlp,de,4,1949,2024-06-12 11:05:00,1,0,0.16451814770698547
mlp,de,4,1950,2024-06-12 11:10:00,1,0,0.1749955117702484
mlp,de,4,1951,2024-06-12 11:10:00,1,0,0.17031976580619812
mlp,de,4,1952,2024-06-12 11:15:00,1,0,0.25498345494270325
mlp,de,4,1953,2024-06-12 11:15:00,1,0,0.2544603943824768
mlp,de,4,1954,2024-06-12 11:20:00,1,0,0.3905605673789978
mlp,de,4,1955,2024-06-12 11:20:00,1,0,0.4089178442955017
mlp,de,4,1956,2024-06-12 11:25:00,1,0,0.4938553273677826
mlp,de,4,1957,2024-06-12 11:25:00,1,1,0.5018932819366455
mlp,de,4,1958,2024-06-12 11:30:00,1,0,0.47834548354148865
mlp,de,4,1959,2024-06-12 11:30:00,1,0,0.4931502342224121
mlp,de,4,1960,2024-06-12 11:35:00,1,0,0.39645975828170776
mlp,de,4,1961,2024-06-12 11:35:00,1,0,0.41697442531585693
mlp,de,4,1962,2024-06-12 11:40:00,1,0,0.3859651982784271
mlp,de,4,1963,2024-06-12 11:40:00,1,0,0.3972354233264923
mlp,de,4,1964,2024-06-12 11:45:00,1,0,0.3580434024333954
mlp,de,4,1965,2024-06-12 11:45:00,1,0,0.3628780245780945
mlp,de,4,1966,2024-06-12 11:50:00,1,0,0.39900752902030945
mlp,de,4,1967,2024-06-12 11:50:00,1,0,0.40751585364341736
mlp,de,4,1968,2024-06-12 11:55:00,1,0,0.4015052020549774
mlp,de,4,1969,2024-06-12 11:55:00,1,0,0.3945966064929962
mlp,de,4,1970,2024-06-12 12:00:00,1,0,0.34471315145492554
mlp,de,4,1971,2024-06-12 12:00:00,1,0,0.34495648741722107
mlp,de,4,1972,2024-06-12 12:05:00,1,0,0.32278501987457275
mlp,de,4,1973,2024-06-12 12:05:00,1,0,0.3231203258037567
mlp,de,4,1974,2024-06-12 12:10:00,1,0,0.2927993834018707
mlp,de,4,1975,2024-06-12 12:10:00,1,0,0.2941015958786011
mlp,de,4,1976,2024-06-12 12:15:00,1,0,0.31660035252571106
mlp,de,4,1977,2024-06-12 12:15:00,1,0,0.3222428560256958
mlp,de,4,1978,2024-06-12 12:20:00,1,0,0.4390370845794678
mlp,de,4,1979,2024-06-12 12:20:00,1,0,0.442004531621933
mlp,de,4,1980,2024-06-12 12:25:00,1,1,0.5712261199951172
mlp,de,4,1981,2024-06-12 12:25:00,1,1,0.5931140780448914
mlp,de,4,1982,2024-06-12 12:30:00,1,1,0.5804181098937988
mlp,de,4,1983,2024-06-12 12:30:00,1,1,0.6041829586029053
mlp,de,4,1984,2024-06-12 12:35:00,1,1,0.5980682373046875
mlp,de,4,1985,2024-06-12 12:35:00,1,1,0.6075506806373596
mlp,de,4,1986,2024-06-12 12:40:00,1,1,0.6359320878982544
mlp,de,4,1987,2024-06-12 12:40:00,1,1,0.6508979201316833
mlp,de,4,1988,2024-06-12 12:45:00,1,1,0.6400147676467896
mlp,de,4,1989,2024-06-12 12:45:00,1,1,0.6379323601722717
mlp,de,4,1990,2024-06-12 12:50:00,1,1,0.616260290145874
mlp,de,4,1991,2024-06-12 12:50:00,1,1,0.6209176778793335
mlp,de,4,1992,2024-06-12 12:55:00,1,1,0.5821207761764526
mlp,de,4,1993,2024-06-12 12:55:00,1,1,0.5965875387191772
mlp,de,4,1994,2024-06-12 13:00:00,1,1,0.6207670569419861
mlp,de,4,1995,2024-06-12 13:00:00,1,1,0.6099024415016174
mlp,de,4,1996,2024-06-12 13:05:00,1,0,0.47742339968681335
mlp,de,4,1997,2024-06-12 13:05:00,1,0,0.48720285296440125
mlp,de,4,1998,2024-06-12 13:10:00,1,0,0.4189775288105011
mlp,de,4,1999,2024-06-12 13:10:00,1,0,0.40543437004089355
mlp,de,4,2000,2024-06-12 13:15:00,1,0,0.4559459090232849
mlp,de,4,2001,2024-06-12 13:15:00,1,0,0.46286317706108093
mlp,de,4,2002,2024-06-12 13:20:00,1,1,0.5354118347167969
mlp,de,4,2003,2024-06-12 13:20:00,1,1,0.5174883604049683
mlp,de,4,2004,2024-06-12 13:25:00,1,1,0.6244149804115295
mlp,de,4,2005,2024-06-12 13:25:00,1,1,0.6153548955917358
mlp,de,4,2006,2024-06-12 13:30:00,1,1,0.689273476600647
mlp,de,4,2007,2024-06-12 13:30:00,1,1,0.6967597007751465
mlp,de,4,2008,2024-06-12 13:35:00,1,1,0.7207000255584717
mlp,de,4,2009,2024-06-12 13:35:00,1,1,0.7171872854232788
mlp,de,4,2010,2024-06-12 13:40:00,1,1,0.7263661623001099
mlp,de,4,2011,2024-06-12 13:40:00,1,1,0.7181670665740967
mlp,de,4,2012,2024-06-12 13:45:00,1,1,0.6658610701560974
mlp,de,4,2013,2024-06-12 13:45:00,1,1,0.6864441633224487
mlp,de,4,2014,2024-06-12 13:50:00,0,1,0.6917572021484375
mlp,de,4,2015,2024-06-12 13:50:00,1,1,0.7053132057189941
mlp,de,4,2016,2024-06-12 13:55:00,1,1,0.5569487810134888
mlp,de,4,2017,2024-06-12 13:55:00,0,1,0.5694513916969299
mlp,de,4,2018,2024-06-12 14:00:00,0,0,0.4074634313583374
mlp,de,4,2019,2024-06-12 14:00:00,1,0,0.3759424388408661
mlp,de,4,2020,2024-06-12 14:05:00,0,0,0.3327677547931671
mlp,de,4,2021,2024-06-12 14:05:00,1,0,0.2894686162471771
mlp,de,4,2022,2024-06-12 14:10:00,0,0,0.3507503569126129
mlp,de,4,2023,2024-06-12 14:10:00,1,0,0.3061497211456299
mlp,de,4,2024,2024-06-12 14:15:00,1,0,0.31173667311668396
mlp,de,4,2025,2024-06-12 14:15:00,0,0,0.37084031105041504
mlp,de,4,2026,2024-06-12 14:20:00,1,0,0.4687134623527527
mlp,de,4,2027,2024-06-12 14:20:00,0,0,0.4884735345840454
mlp,de,4,2028,2024-06-12 14:25:00,1,0,0.4761980175971985
mlp,de,4,2029,2024-06-12 14:25:00,0,0,0.47242122888565063
mlp,de,4,2030,2024-06-12 14:30:00,0,1,0.5845047831535339
mlp,de,4,2031,2024-06-12 14:30:00,1,1,0.5792344212532043
mlp,de,4,2032,2024-06-12 14:35:00,0,1,0.5986610054969788
mlp,de,4,2033,2024-06-12 14:35:00,1,1,0.6351211667060852
mlp,de,4,2034,2024-06-12 14:40:00,1,1,0.6828203201293945
mlp,de,4,2035,2024-06-12 14:40:00,0,1,0.6460726857185364
mlp,de,4,2036,2024-06-12 14:45:00,0,1,0.6826786398887634
mlp,de,4,2037,2024-06-12 14:45:00,0,1,0.6489396095275879
mlp,de,4,2038,2024-06-12 14:50:00,0,1,0.6028540730476379
mlp,de,4,2039,2024-06-12 14:50:00,0,1,0.6135559678077698
mlp,de,4,2040,2024-06-12 14:55:00,0,1,0.5843421220779419
mlp,de,4,2041,2024-06-12 14:55:00,0,1,0.5420626997947693
mlp,de,4,2042,2024-06-12 15:00:00,0,0,0.37755322456359863
mlp,de,4,2043,2024-06-12 15:00:00,0,0,0.44823169708251953
mlp,de,4,2044,2024-06-12 15:05:00,0,0,0.4221715033054352
mlp,de,4,2045,2024-06-12 15:05:00,0,0,0.39655646681785583
mlp,de,4,2046,2024-06-12 15:10:00,0,0,0.30896827578544617
mlp,de,4,2047,2024-06-12 15:10:00,0,0,0.3747139275074005
mlp,de,4,2048,2024-06-12 15:15:00,0,0,0.4689466655254364
mlp,de,4,2049,2024-06-12 15:15:00,0,0,0.43165451288223267
mlp,de,4,2050,2024-06-12 15:20:00,0,0,0.4144899249076843
mlp,de,4,2051,2024-06-12 15:20:00,0,0,0.45689940452575684
mlp,de,4,2052,2024-06-12 15:25:00,0,0,0.4733991324901581
mlp,de,4,2053,2024-06-12 15:25:00,0,0,0.4991217851638794
mlp,de,4,2054,2024-06-12 15:30:00,0,0,0.3827750086784363
mlp,de,4,2055,2024-06-12 15:30:00,0,0,0.455972284078598
mlp,de,4,2056,2024-06-12 15:35:00,0,0,0.39674726128578186
mlp,de,4,2057,2024-06-12 15:35:00,0,0,0.45043471455574036
mlp,de,4,2058,2024-06-12 15:40:00,0,0,0.3647979199886322
mlp,de,4,2059,2024-06-12 15:40:00,0,0,0.23900176584720612
mlp,de,4,2060,2024-06-12 15:45:00,1,0,0.275084525346756
mlp,de,4,2061,2024-06-12 15:45:00,1,0,0.15887320041656494
mlp,de,4,2062,2024-06-12 15:50:00,1,0,0.2759976387023926
mlp,de,4,2063,2024-06-12 15:50:00,1,0,0.16871881484985352
mlp,de,4,2064,2024-06-12 15:55:00,1,0,0.23969854414463043
mlp,de,4,2065,2024-06-12 15:55:00,1,0,0.33831021189689636
mlp,de,4,2066,2024-06-12 16:00:00,1,0,0.35918551683425903
mlp,de,4,2067,2024-06-12 16:00:00,1,0,0.40835750102996826
mlp,de,4,2068,2024-06-12 16:05:00,1,0,0.3878445625305176
mlp,de,4,2069,2024-06-12 16:05:00,1,0,0.4426462650299072
mlp,de,4,2070,2024-06-12 16:10:00,1,1,0.5141121745109558
mlp,de,4,2071,2024-06-12 16:10:00,1,0,0.4916445314884186
mlp,de,4,2072,2024-06-12 16:15:00,0,1,0.6447921395301819
mlp,de,4,2073,2024-06-12 16:15:00,1,1,0.5472666025161743
mlp,de,4,2074,2024-06-12 16:20:00,1,0,0.49096745252609253
mlp,de,4,2075,2024-06-12 16:20:00,0,0,0.47901836037635803
mlp,de,4,2076,2024-06-12 16:25:00,0,0,0.3706801235675812
mlp,de,4,2077,2024-06-12 16:25:00,1,0,0.4563663601875305
mlp,de,4,2078,2024-06-12 16:30:00,0,0,0.45042431354522705
mlp,de,4,2079,2024-06-12 16:30:00,1,0,0.48842746019363403
mlp,de,4,2080,2024-06-12 16:35:00,1,1,0.5057026147842407
mlp,de,4,2081,2024-06-12 16:35:00,0,0,0.48261159658432007
mlp,de,4,2082,2024-06-12 16:40:00,1,1,0.5213258862495422
mlp,de,4,2083,2024-06-12 16:40:00,0,1,0.5139907598495483
mlp,de,4,2084,2024-06-12 16:45:00,0,1,0.5993668437004089
mlp,de,4,2085,2024-06-12 16:45:00,1,1,0.5431742072105408
mlp,de,4,2086,2024-06-12 16:50:00,0,1,0.6344991326332092
mlp,de,4,2087,2024-06-12 16:50:00,1,1,0.5762511491775513
mlp,de,4,2088,2024-06-12 16:55:00,0,1,0.6072556972503662
mlp,de,4,2089,2024-06-12 17:00:00,0,1,0.6092028617858887
mlp,de,4,2090,2024-06-12 17:05:00,0,0,0.4805540442466736
mlp,de,4,2091,2024-06-12 17:10:00,0,1,0.5011263489723206
mlp,de,4,2092,2024-06-12 17:15:00,0,0,0.4584123194217682
mlp,de,4,2093,2024-06-12 17:20:00,0,1,0.5043647289276123
mlp,de,4,2094,2024-06-12 17:25:00,0,0,0.45235663652420044
mlp,de,4,2095,2024-06-12 17:30:00,0,0,0.37031689286231995
mlp,de,4,2096,2024-06-12 17:35:00,0,0,0.304543673992157
mlp,de,4,2097,2024-06-12 17:40:00,0,0,0.2750406265258789
mlp,de,4,2098,2024-06-12 17:45:00,0,0,0.3544899523258209
mlp,de,4,2099,2024-06-12 17:50:00,0,0,0.3399758040904999
mlp,de,4,2100,2024-06-12 17:55:00,0,0,0.32431313395500183
mlp,de,4,2101,2024-06-13 12:10:00,1,0,0.31437161564826965
mlp,de,4,2102,2024-06-13 12:15:00,1,0,0.49427932500839233
mlp,de,4,2103,2024-06-13 12:20:00,1,1,0.7003048658370972
mlp,de,4,2104,2024-06-13 12:25:00,1,1,0.8130425810813904
mlp,de,4,2105,2024-06-13 12:30:00,1,1,0.8090643882751465
mlp,de,4,2106,2024-06-13 12:35:00,1,1,0.720738410949707
mlp,de,4,2107,2024-06-13 12:40:00,1,1,0.6837404370307922
mlp,de,4,2108,2024-06-13 12:45:00,1,1,0.6538825035095215
mlp,de,4,2109,2024-06-13 12:50:00,1,1,0.6696330904960632
mlp,de,4,2110,2024-06-13 12:55:00,1,1,0.6888487935066223
mlp,de,4,2111,2024-06-13 13:00:00,1,1,0.6786409020423889
mlp,de,4,2112,2024-06-13 13:05:00,1,1,0.7236277461051941
mlp,de,4,2113,2024-06-13 13:10:00,1,1,0.6584741473197937
mlp,de,4,2114,2024-06-13 13:15:00,1,1,0.5746116042137146
mlp,de,4,2115,2024-06-13 13:20:00,1,1,0.5138817429542542
mlp,de,4,2116,2024-06-13 13:25:00,1,0,0.432297021150589
mlp,de,4,2117,2024-06-13 13:30:00,1,0,0.4909268319606781
mlp,de,4,2118,2024-06-13 13:35:00,1,0,0.47579821944236755
mlp,de,4,2119,2024-06-13 13:40:00,1,0,0.39808470010757446
mlp,de,4,2120,2024-06-13 13:45:00,1,0,0.45520296692848206
mlp,de,4,2121,2024-06-13 13:50:00,1,1,0.6397244334220886
mlp,de,4,2122,2024-06-13 13:55:00,1,1,0.6648390889167786
mlp,de,4,2123,2024-06-13 14:00:00,1,1,0.6678990721702576
mlp,de,4,2124,2024-06-13 14:05:00,1,1,0.6503817439079285
mlp,de,4,2125,2024-06-13 14:10:00,0,1,0.667313277721405
mlp,de,4,2126,2024-06-13 14:15:00,0,1,0.5193280577659607
mlp,de,4,2127,2024-06-13 14:20:00,0,0,0.4978623390197754
mlp,de,4,2128,2024-06-13 14:25:00,0,0,0.42514610290527344
mlp,de,4,2129,2024-06-13 14:30:00,0,0,0.3595125377178192
mlp,de,4,2130,2024-06-13 14:35:00,0,0,0.3867751955986023
mlp,de,4,2131,2024-06-13 14:40:00,0,0,0.4427642524242401
mlp,de,4,2132,2024-06-13 14:45:00,0,0,0.39361900091171265
mlp,de,4,2133,2024-06-13 14:50:00,0,0,0.4175644814968109
mlp,de,4,2134,2024-06-13 14:55:00,0,0,0.49662545323371887
mlp,de,4,2135,2024-06-13 15:00:00,0,1,0.514072060585022
mlp,de,4,2136,2024-06-13 15:05:00,0,1,0.623960018157959
mlp,de,4,2137,2024-06-13 15:10:00,0,1,0.5330889821052551
mlp,de,4,2138,2024-06-13 15:15:00,0,0,0.44559991359710693
mlp,de,4,2139,2024-06-13 15:20:00,0,0,0.4755832850933075
mlp,de,4,2140,2024-06-13 15:25:00,0,0,0.4634963870048523
mlp,de,4,2141,2024-06-13 15:30:00,0,1,0.5312721133232117
mlp,de,4,2142,2024-06-13 15:35:00,0,0,0.45447856187820435
mlp,de,4,2143,2024-06-13 15:40:00,0,1,0.5685551762580872
mlp,de,4,2144,2024-06-13 15:45:00,0,1,0.6355700492858887
mlp,de,4,2145,2024-06-13 15:50:00,0,1,0.5597642660140991
mlp,de,4,2146,2024-06-13 15:55:00,0,1,0.5459566116333008
mlp,de,4,2147,2024-06-13 16:00:00,0,1,0.544964075088501
mlp,de,4,2148,2024-06-13 16:05:00,0,0,0.4842439889907837
mlp,de,4,2149,2024-06-13 16:10:00,0,0,0.4300454258918762
mlp,de,4,2150,2024-06-13 16:15:00,0,0,0.4639213979244232
mlp,de,4,2151,2024-06-13 16:20:00,0,0,0.4967796802520752
mlp,de,4,2152,2024-06-13 16:25:00,0,0,0.4705057740211487
mlp,de,4,2153,2024-06-13 16:30:00,0,0,0.3791356086730957
mlp,de,4,2154,2024-06-13 16:35:00,0,0,0.45758742094039917
mlp,de,4,2155,2024-06-13 16:40:00,0,0,0.43639782071113586
mlp,de,4,2156,2024-06-13 16:45:00,0,0,0.3986496031284332
mlp,de,4,2157,2024-06-13 16:50:00,0,0,0.44025731086730957
mlp,de,4,2158,2024-06-13 16:55:00,0,0,0.3666389286518097
mlp,de,4,2159,2024-06-13 17:00:00,0,0,0.3135647773742676
mlp,de,4,2160,2024-06-13 17:05:00,0,0,0.24600127339363098
mlp,de,4,2161,2024-06-13 17:10:00,0,0,0.24560846388339996
mlp,de,4,2162,2024-06-13 17:15:00,0,0,0.28861942887306213
mlp,de,4,2163,2024-06-13 17:20:00,0,0,0.29751819372177124
mlp,de,4,2164,2024-06-13 17:25:00,0,0,0.3264528810977936
mlp,de,4,2165,2024-06-13 17:30:00,0,0,0.3463876247406006
mlp,de,4,2166,2024-06-13 17:35:00,0,0,0.3173619210720062
mlp,de,4,2167,2024-06-13 17:40:00,0,0,0.3826666474342346
mlp,de,4,2168,2024-06-13 17:45:00,0,0,0.45584478974342346
mlp,de,4,2169,2024-06-13 17:50:00,0,0,0.45916709303855896
mlp,de,4,2170,2024-06-13 17:55:00,0,0,0.4536444842815399
mlp,de,4,2171,2024-06-14 11:05:00,1,0,0.32368001341819763
mlp,de,4,2172,2024-06-14 11:10:00,1,0,0.38105642795562744
mlp,de,4,2173,2024-06-14 11:15:00,1,0,0.43923434615135193
mlp,de,4,2174,2024-06-14 11:20:00,1,1,0.5992766618728638
mlp,de,4,2175,2024-06-14 11:25:00,1,1,0.7068724632263184
mlp,de,4,2176,2024-06-14 11:30:00,1,1,0.6341748237609863
mlp,de,4,2177,2024-06-14 11:35:00,1,1,0.6049175262451172
mlp,de,4,2178,2024-06-14 11:40:00,1,1,0.5792776942253113
mlp,de,4,2179,2024-06-14 11:45:00,1,1,0.5695067644119263
mlp,de,4,2180,2024-06-14 11:50:00,1,1,0.750131368637085
mlp,de,4,2181,2024-06-14 11:55:00,1,1,0.8352628350257874
mlp,de,4,2182,2024-06-14 12:00:00,1,1,0.864529013633728
mlp,de,4,2183,2024-06-14 12:05:00,0,1,0.8744797706604004
mlp,de,4,2184,2024-06-14 12:10:00,0,1,0.8596828579902649
mlp,de,4,2185,2024-06-14 12:15:00,0,1,0.8386642932891846
mlp,de,4,2186,2024-06-14 12:20:00,0,1,0.8095760345458984
mlp,de,4,2187,2024-06-14 12:25:00,0,1,0.7328060269355774
mlp,de,4,2188,2024-06-14 12:30:00,0,1,0.5589485168457031
mlp,de,4,2189,2024-06-14 12:35:00,0,0,0.4798698127269745
mlp,de,4,2190,2024-06-14 12:40:00,0,0,0.3901223838329315
mlp,de,4,2191,2024-06-14 12:45:00,0,0,0.3068835437297821
mlp,de,4,2192,2024-06-14 12:50:00,0,0,0.39706459641456604
mlp,de,4,2193,2024-06-14 12:55:00,0,0,0.4876767694950104
mlp,de,4,2194,2024-06-14 13:00:00,0,1,0.5569748282432556
mlp,de,4,2195,2024-06-14 13:05:00,0,1,0.5225008726119995
mlp,de,4,2196,2024-06-14 13:10:00,0,1,0.5362176895141602
mlp,de,4,2197,2024-06-14 13:15:00,0,1,0.5085951685905457
mlp,de,4,2198,2024-06-14 13:20:00,0,0,0.45985081791877747
mlp,de,4,2199,2024-06-14 13:25:00,0,0,0.40986549854278564
mlp,de,4,2200,2024-06-14 13:30:00,0,0,0.3706820011138916
mlp,de,4,2201,2024-06-14 13:35:00,0,0,0.39757803082466125
mlp,de,4,2202,2024-06-14 13:40:00,0,1,0.5431197285652161
mlp,de,4,2203,2024-06-14 13:45:00,0,0,0.49007534980773926
mlp,de,4,2204,2024-06-14 13:50:00,0,0,0.42957910895347595
mlp,de,4,2205,2024-06-14 13:55:00,0,0,0.38051632046699524
mlp,de,4,2206,2024-06-14 14:00:00,0,0,0.3653026819229126
mlp,de,4,2207,2024-06-14 14:05:00,0,0,0.4136461317539215
mlp,de,4,2208,2024-06-14 14:10:00,0,1,0.5200566053390503
mlp,de,4,2209,2024-06-14 14:15:00,0,0,0.42471039295196533
mlp,de,4,2210,2024-06-14 14:20:00,0,0,0.30828267335891724
mlp,de,4,2211,2024-06-14 14:25:00,0,0,0.31448209285736084
mlp,de,4,2212,2024-06-14 14:30:00,0,0,0.362720251083374
mlp,de,4,2213,2024-06-14 14:35:00,0,0,0.31745991110801697
mlp,de,4,2214,2024-06-14 14:40:00,0,0,0.268627792596817
mlp,de,4,2215,2024-06-14 14:45:00,0,0,0.2518489360809326
mlp,de,4,2216,2024-06-14 14:50:00,0,0,0.27053776383399963
mlp,de,4,2217,2024-06-14 14:55:00,0,0,0.2875983715057373
mlp,de,4,2218,2024-06-14 15:00:00,0,0,0.2903025150299072
mlp,de,4,2219,2024-06-14 15:05:00,1,0,0.30224892497062683
mlp,de,4,2220,2024-06-14 15:10:00,1,0,0.35690268874168396
mlp,de,4,2221,2024-06-14 15:15:00,1,1,0.5379310250282288
mlp,de,4,2222,2024-06-14 15:20:00,1,1,0.5688952207565308
mlp,de,4,2223,2024-06-14 15:25:00,1,1,0.6102654337882996
mlp,de,4,2224,2024-06-14 15:30:00,1,1,0.6775919795036316
mlp,de,4,2225,2024-06-14 15:35:00,1,1,0.693632185459137
mlp,de,4,2226,2024-06-14 15:40:00,1,1,0.6339215040206909
mlp,de,4,2227,2024-06-14 15:45:00,1,1,0.7334279417991638
mlp,de,4,2228,2024-06-14 15:50:00,1,1,0.7005071043968201
mlp,de,4,2229,2024-06-14 15:55:00,1,1,0.6375114917755127
mlp,de,4,2230,2024-06-14 16:00:00,1,1,0.6196461319923401
mlp,de,4,2231,2024-06-14 16:05:00,0,1,0.6638290286064148
mlp,de,4,2232,2024-06-14 16:10:00,0,1,0.5800704956054688
mlp,de,4,2233,2024-06-14 16:15:00,0,1,0.5777811408042908
mlp,de,4,2234,2024-06-14 16:20:00,0,1,0.5164778828620911
mlp,de,4,2235,2024-06-14 16:25:00,0,1,0.5769425630569458
mlp,de,4,2236,2024-06-14 16:30:00,0,1,0.5182783007621765
mlp,de,4,2237,2024-06-14 16:35:00,0,0,0.47865068912506104
mlp,de,4,2238,2024-06-14 16:40:00,0,0,0.43071362376213074
mlp,de,4,2239,2024-06-14 16:45:00,0,0,0.4760585129261017
mlp,de,4,2240,2024-06-14 16:50:00,0,1,0.5291212797164917
mlp,de,4,2241,2024-06-14 16:55:00,0,1,0.5766114592552185
mlp,de,4,2242,2024-06-14 17:00:00,0,1,0.535987138748169
mlp,de,4,2243,2024-06-14 17:05:00,0,0,0.4667687714099884
mlp,de,4,2244,2024-06-14 17:10:00,0,0,0.4398060739040375
mlp,de,4,2245,2024-06-14 17:15:00,0,0,0.40232428908348083
mlp,de,4,2246,2024-06-14 17:20:00,0,0,0.4269673526287079
mlp,de,4,2247,2024-06-14 17:25:00,0,0,0.4569607675075531
mlp,de,4,2248,2024-06-14 17:30:00,0,0,0.49599379301071167
mlp,de,4,2249,2024-06-14 17:35:00,0,1,0.5499489903450012
mlp,de,4,2250,2024-06-14 17:40:00,0,1,0.524010181427002
mlp,de,4,2251,2024-06-14 17:45:00,0,1,0.5623691082000732
mlp,de,4,2252,2024-06-14 17:50:00,0,1,0.5527501702308655
mlp,de,4,2253,2024-06-14 17:55:00,1,1,0.5628358721733093
mlp,de,4,2254,2024-06-18 10:40:00,1,1,0.8260084390640259
mlp,de,4,2255,2024-06-18 10:45:00,1,1,0.8640850186347961
mlp,de,4,2256,2024-06-18 10:50:00,1,1,0.8509660363197327
mlp,de,4,2257,2024-06-18 10:55:00,0,1,0.8468899130821228
mlp,de,4,2258,2024-06-18 11:00:00,0,1,0.7837444543838501
mlp,de,4,2259,2024-06-18 11:05:00,0,1,0.679544985294342
mlp,de,4,2260,2024-06-18 11:10:00,0,0,0.42190444469451904
mlp,de,4,2261,2024-06-18 11:15:00,0,0,0.3687845468521118
mlp,de,4,2262,2024-06-18 11:20:00,1,0,0.3231828510761261
mlp,de,4,2263,2024-06-18 11:25:00,1,0,0.43490591645240784
mlp,de,4,2264,2024-06-18 11:30:00,1,0,0.44240251183509827
mlp,de,4,2265,2024-06-18 11:35:00,1,1,0.626050591468811
mlp,de,4,2266,2024-06-18 11:40:00,1,1,0.5727227330207825
mlp,de,4,2267,2024-06-18 11:45:00,1,0,0.467627614736557
mlp,de,4,2268,2024-06-18 11:50:00,1,0,0.42372772097587585
mlp,de,4,2269,2024-06-18 11:55:00,1,0,0.4800734221935272
mlp,de,4,2270,2024-06-18 12:00:00,1,0,0.41146084666252136
mlp,de,4,2271,2024-06-18 12:05:00,1,0,0.4005042612552643
mlp,de,4,2272,2024-06-18 12:10:00,1,0,0.39227941632270813
mlp,de,4,2273,2024-06-18 12:15:00,1,1,0.56351238489151
mlp,de,4,2274,2024-06-18 12:20:00,1,1,0.5633091926574707
mlp,de,4,2275,2024-06-18 12:25:00,1,1,0.5716133713722229
mlp,de,4,2276,2024-06-18 12:30:00,1,1,0.6093482375144958
mlp,de,4,2277,2024-06-18 12:35:00,1,1,0.6332259178161621
mlp,de,4,2278,2024-06-18 12:40:00,1,1,0.574027419090271
mlp,de,4,2279,2024-06-18 12:45:00,1,1,0.5167323350906372
mlp,de,4,2280,2024-06-18 12:50:00,1,0,0.4662049412727356
mlp,de,4,2281,2024-06-18 12:55:00,1,0,0.394493967294693
mlp,de,4,2282,2024-06-18 13:00:00,1,0,0.4623493552207947
mlp,de,4,2283,2024-06-18 13:05:00,1,1,0.5383294224739075
mlp,de,4,2284,2024-06-18 13:10:00,1,1,0.5182438492774963
mlp,de,4,2285,2024-06-18 13:15:00,1,0,0.4541418254375458
mlp,de,4,2286,2024-06-18 13:20:00,1,0,0.4721098840236664
mlp,de,4,2287,2024-06-18 13:25:00,1,0,0.4140966832637787
mlp,de,4,2288,2024-06-18 13:30:00,1,0,0.3980855345726013
mlp,de,4,2289,2024-06-18 13:35:00,1,0,0.48771658539772034
mlp,de,4,2290,2024-06-18 13:40:00,1,1,0.5156162977218628
mlp,de,4,2291,2024-06-18 13:45:00,1,1,0.550999641418457
mlp,de,4,2292,2024-06-18 13:50:00,1,1,0.6205006837844849
mlp,de,4,2293,2024-06-18 13:55:00,1,1,0.6434164643287659
mlp,de,4,2294,2024-06-18 14:00:00,1,1,0.6399162411689758
mlp,de,4,2295,2024-06-18 14:05:00,1,1,0.6511498093605042
mlp,de,4,2296,2024-06-18 14:10:00,1,1,0.5427630543708801
mlp,de,4,2297,2024-06-18 14:15:00,1,1,0.6400893926620483
mlp,de,4,2298,2024-06-18 14:20:00,1,1,0.6925438046455383
mlp,de,4,2299,2024-06-18 14:25:00,1,1,0.6665424108505249
mlp,de,4,2300,2024-06-18 14:30:00,1,1,0.6440438628196716
mlp,de,4,2301,2024-06-18 14:35:00,1,1,0.6331382989883423
mlp,de,4,2302,2024-06-18 14:40:00,1,1,0.6119973659515381
mlp,de,4,2303,2024-06-18 14:45:00,1,1,0.5297300219535828
mlp,de,4,2304,2024-06-18 14:50:00,1,0,0.45059964060783386
mlp,de,4,2305,2024-06-18 14:55:00,1,0,0.3821260929107666
mlp,de,4,2306,2024-06-18 15:00:00,1,0,0.3903396427631378
mlp,de,4,2307,2024-06-18 15:05:00,1,0,0.4314722716808319
mlp,de,4,2308,2024-06-18 15:10:00,1,0,0.4022355079650879
mlp,de,4,2309,2024-06-18 15:15:00,1,0,0.36105459928512573
mlp,de,4,2310,2024-06-18 15:20:00,1,0,0.3722834587097168
mlp,de,4,2311,2024-06-18 15:25:00,1,0,0.44155755639076233
mlp,de,4,2312,2024-06-18 15:30:00,0,1,0.569798469543457
mlp,de,4,2313,2024-06-18 15:35:00,0,0,0.45370352268218994
mlp,de,4,2314,2024-06-18 15:40:00,0,0,0.3818899989128113
mlp,de,4,2315,2024-06-18 15:45:00,0,0,0.3123041093349457
mlp,de,4,2316,2024-06-18 15:50:00,0,0,0.3577868640422821
mlp,de,4,2317,2024-06-18 15:55:00,0,0,0.32397371530532837
mlp,de,4,2318,2024-06-18 16:00:00,0,0,0.27131789922714233
mlp,de,4,2319,2024-06-18 16:05:00,1,0,0.23518307507038116
mlp,de,4,2320,2024-06-18 16:10:00,1,0,0.24409574270248413
mlp,de,4,2321,2024-06-18 16:15:00,1,0,0.26617127656936646
mlp,de,4,2322,2024-06-18 16:20:00,1,0,0.3357815742492676
mlp,de,4,2323,2024-06-18 16:25:00,1,0,0.3887411653995514
mlp,de,4,2324,2024-06-18 16:30:00,1,1,0.5035485029220581
mlp,de,4,2325,2024-06-18 16:35:00,1,1,0.5576199293136597
mlp,de,4,2326,2024-06-18 16:40:00,1,1,0.604203999042511
mlp,de,4,2327,2024-06-18 16:45:00,1,1,0.5848730206489563
mlp,de,4,2328,2024-06-18 16:50:00,1,1,0.5958318114280701
mlp,de,4,2329,2024-06-18 16:55:00,0,1,0.6145955920219421
mlp,de,4,2330,2024-06-18 17:00:00,0,1,0.646155834197998
mlp,de,4,2331,2024-06-18 17:05:00,0,1,0.5452679395675659
mlp,de,4,2332,2024-06-18 17:10:00,0,0,0.4986017942428589
mlp,de,4,2333,2024-06-18 17:15:00,0,0,0.4956022799015045
mlp,de,4,2334,2024-06-18 17:20:00,0,1,0.5440236926078796
mlp,de,4,2335,2024-06-18 17:25:00,0,1,0.5880399346351624
mlp,de,4,2336,2024-06-18 17:30:00,0,1,0.5634719729423523
mlp,de,4,2337,2024-06-18 17:35:00,0,1,0.5188122987747192
mlp,de,4,2338,2024-06-18 17:40:00,0,1,0.5812517404556274
mlp,de,4,2339,2024-06-18 17:45:00,0,1,0.6213375926017761
mlp,de,4,2340,2024-06-18 17:50:00,0,1,0.6461523175239563
mlp,de,4,2341,2024-06-18 17:55:00,0,1,0.6257747411727905
mlp,de,4,2342,2024-06-19 10:55:00,1,0,0.3121730387210846
mlp,de,4,2343,2024-06-19 11:00:00,1,1,0.5110320448875427
mlp,de,4,2344,2024-06-19 11:05:00,1,0,0.4882078468799591
mlp,de,4,2345,2024-06-19 11:10:00,1,0,0.422292560338974
mlp,de,4,2346,2024-06-19 11:15:00,1,0,0.40089669823646545
mlp,de,4,2347,2024-06-19 11:20:00,1,0,0.45663484930992126
mlp,de,4,2348,2024-06-19 11:25:00,1,1,0.5234041810035706
mlp,de,4,2349,2024-06-19 11:30:00,1,1,0.540002703666687
mlp,de,4,2350,2024-06-19 11:35:00,1,1,0.6024274826049805
mlp,de,4,2351,2024-06-19 11:40:00,1,1,0.6519848108291626
mlp,de,4,2352,2024-06-19 11:45:00,1,1,0.5738795399665833
mlp,de,4,2353,2024-06-19 11:50:00,1,1,0.5093163847923279
mlp,de,4,2354,2024-06-19 11:55:00,1,1,0.5288087725639343
mlp,de,4,2355,2024-06-19 12:00:00,1,0,0.4889562726020813
mlp,de,4,2356,2024-06-19 12:05:00,1,0,0.484258234500885
mlp,de,4,2357,2024-06-19 12:10:00,1,0,0.46950554847717285
mlp,de,4,2358,2024-06-19 12:15:00,1,0,0.45662030577659607
mlp,de,4,2359,2024-06-19 12:20:00,1,0,0.43231484293937683
mlp,de,4,2360,2024-06-19 12:25:00,1,1,0.502110481262207
mlp,de,4,2361,2024-06-19 12:30:00,1,1,0.5595543384552002
mlp,de,4,2362,2024-06-19 12:35:00,1,1,0.610019862651825
mlp,de,4,2363,2024-06-19 12:40:00,1,1,0.6405532360076904
mlp,de,4,2364,2024-06-19 12:45:00,1,1,0.7628623843193054
mlp,de,4,2365,2024-06-19 12:50:00,1,1,0.7549130916595459
mlp,de,4,2366,2024-06-19 12:55:00,1,1,0.7339930534362793
mlp,de,4,2367,2024-06-19 13:00:00,1,1,0.6964379549026489
mlp,de,4,2368,2024-06-19 13:05:00,1,1,0.6792733669281006
mlp,de,4,2369,2024-06-19 13:10:00,1,1,0.6817502379417419
mlp,de,4,2370,2024-06-19 13:15:00,1,1,0.5982065796852112
mlp,de,4,2371,2024-06-19 13:20:00,1,1,0.5233886241912842
mlp,de,4,2372,2024-06-19 13:25:00,1,1,0.5672199726104736
mlp,de,4,2373,2024-06-19 13:30:00,1,1,0.6427682638168335
mlp,de,4,2374,2024-06-19 13:35:00,1,1,0.6536908149719238
mlp,de,4,2375,2024-06-19 13:40:00,1,1,0.6696234345436096
mlp,de,4,2376,2024-06-19 13:45:00,1,1,0.6682642102241516
mlp,de,4,2377,2024-06-19 13:50:00,1,1,0.6550530195236206
mlp,de,4,2378,2024-06-19 13:55:00,1,1,0.6431297659873962
mlp,de,4,2379,2024-06-19 14:00:00,1,1,0.5609536170959473
mlp,de,4,2380,2024-06-19 14:05:00,0,1,0.6244872808456421
mlp,de,4,2381,2024-06-19 14:10:00,0,1,0.5144363641738892
mlp,de,4,2382,2024-06-19 14:15:00,0,0,0.47033989429473877
mlp,de,4,2383,2024-06-19 14:20:00,0,0,0.485059529542923
mlp,de,4,2384,2024-06-19 14:25:00,0,0,0.41036972403526306
mlp,de,4,2385,2024-06-19 14:30:00,1,0,0.3737783432006836
mlp,de,4,2386,2024-06-19 14:35:00,1,0,0.3784819543361664
mlp,de,4,2387,2024-06-19 14:40:00,1,0,0.4294954538345337
mlp,de,4,2388,2024-06-19 14:45:00,1,0,0.47838422656059265
mlp,de,4,2389,2024-06-19 14:50:00,1,1,0.5453288555145264
mlp,de,4,2390,2024-06-19 14:55:00,1,1,0.5627689957618713
mlp,de,4,2391,2024-06-19 15:00:00,1,1,0.5873138904571533
mlp,de,4,2392,2024-06-19 15:05:00,1,1,0.6244022250175476
mlp,de,4,2393,2024-06-19 15:10:00,1,1,0.5982671976089478
mlp,de,4,2394,2024-06-19 15:15:00,1,1,0.5927070379257202
mlp,de,4,2395,2024-06-19 15:20:00,1,1,0.6037487387657166
mlp,de,4,2396,2024-06-19 15:25:00,1,1,0.5861119031906128
mlp,de,4,2397,2024-06-19 15:30:00,1,1,0.5536944270133972
mlp,de,4,2398,2024-06-19 15:35:00,1,0,0.47642818093299866
mlp,de,4,2399,2024-06-19 15:40:00,1,1,0.5908483266830444
mlp,de,4,2400,2024-06-19 15:45:00,1,1,0.7080413103103638
mlp,de,4,2401,2024-06-19 15:50:00,1,1,0.7475662231445312
mlp,de,4,2402,2024-06-19 15:55:00,1,1,0.7527309060096741
mlp,de,4,2403,2024-06-19 16:00:00,1,1,0.7288005352020264
mlp,de,4,2404,2024-06-19 16:05:00,1,1,0.6642922163009644
mlp,de,4,2405,2024-06-19 16:10:00,1,1,0.608608603477478
mlp,de,4,2406,2024-06-19 16:15:00,1,1,0.5368918180465698
mlp,de,4,2407,2024-06-19 16:20:00,1,1,0.6408548355102539
mlp,de,4,2408,2024-06-19 16:25:00,1,1,0.7122722268104553
mlp,de,4,2409,2024-06-19 16:30:00,1,1,0.6987228393554688
mlp,de,4,2410,2024-06-19 16:35:00,1,1,0.7260470390319824
mlp,de,4,2411,2024-06-19 16:40:00,1,1,0.7660335302352905
mlp,de,4,2412,2024-06-19 16:45:00,1,1,0.7627506256103516
mlp,de,4,2413,2024-06-19 16:50:00,1,1,0.745520293712616
mlp,de,4,2414,2024-06-19 16:55:00,1,1,0.6245133280754089
mlp,de,4,2415,2024-06-19 17:00:00,1,1,0.5451302528381348
mlp,de,4,2416,2024-06-19 17:05:00,1,1,0.5165282487869263
mlp,de,4,2417,2024-06-19 17:10:00,1,0,0.43979111313819885
mlp,de,4,2418,2024-06-19 17:15:00,1,0,0.48286885023117065
mlp,de,4,2419,2024-06-19 17:20:00,1,1,0.554729163646698
mlp,de,4,2420,2024-06-19 17:25:00,1,1,0.5669602751731873
mlp,de,4,2421,2024-06-19 17:30:00,1,1,0.5343601703643799
mlp,de,4,2422,2024-06-19 17:35:00,1,1,0.5831253528594971
mlp,de,4,2423,2024-06-19 17:40:00,1,1,0.6322643756866455
mlp,de,4,2424,2024-06-19 17:45:00,1,1,0.5834334492683411
mlp,de,4,2425,2024-06-19 17:50:00,1,1,0.5525394082069397
mlp,de,4,2426,2024-06-19 17:55:00,1,1,0.5512744188308716
mlp,de,4,2427,2024-06-20 10:50:00,0,1,0.8078828454017639
mlp,de,4,2428,2024-06-20 10:55:00,0,1,0.7532534003257751
mlp,de,4,2429,2024-06-20 11:00:00,0,1,0.679467499256134
mlp,de,4,2430,2024-06-20 11:05:00,0,1,0.5032800436019897
mlp,de,4,2431,2024-06-20 11:10:00,0,1,0.5400524139404297
mlp,de,4,2432,2024-06-20 11:15:00,0,1,0.610093355178833
mlp,de,4,2433,2024-06-20 11:20:00,0,1,0.5661150217056274
mlp,de,4,2434,2024-06-20 11:25:00,0,0,0.49885326623916626
mlp,de,4,2435,2024-06-20 11:30:00,0,0,0.40222421288490295
mlp,de,4,2436,2024-06-20 11:35:00,0,0,0.3044544458389282
mlp,de,4,2437,2024-06-20 11:40:00,0,0,0.264210045337677
mlp,de,4,2438,2024-06-20 11:45:00,0,0,0.2022656798362732
mlp,de,4,2439,2024-06-20 11:50:00,0,0,0.18254102766513824
mlp,de,4,2440,2024-06-20 11:55:00,0,0,0.2141381800174713
mlp,de,4,2441,2024-06-20 12:00:00,0,0,0.19836686551570892
mlp,de,4,2442,2024-06-20 12:05:00,0,0,0.17688418924808502
mlp,de,4,2443,2024-06-20 12:10:00,0,0,0.22804664075374603
mlp,de,4,2444,2024-06-20 12:15:00,0,0,0.23556886613368988
mlp,de,4,2445,2024-06-20 12:20:00,0,0,0.2922263741493225
mlp,de,4,2446,2024-06-20 12:25:00,0,0,0.28241199254989624
mlp,de,4,2447,2024-06-20 12:30:00,0,0,0.3150430917739868
mlp,de,4,2448,2024-06-20 12:35:00,0,0,0.2576797902584076
mlp,de,4,2449,2024-06-20 12:40:00,0,0,0.3008894622325897
mlp,de,4,2450,2024-06-20 12:45:00,0,0,0.41438671946525574
mlp,de,4,2451,2024-06-20 12:50:00,0,0,0.3986292779445648
mlp,de,4,2452,2024-06-20 12:55:00,0,0,0.3681408166885376
mlp,de,4,2453,2024-06-20 13:00:00,0,0,0.3413393199443817
mlp,de,4,2454,2024-06-20 13:05:00,0,0,0.276241272687912
mlp,de,4,2455,2024-06-20 13:10:00,0,0,0.31673920154571533
mlp,de,4,2456,2024-06-20 13:15:00,0,0,0.368899405002594
mlp,de,4,2457,2024-06-20 13:20:00,0,0,0.34245064854621887
mlp,de,4,2458,2024-06-20 13:25:00,0,0,0.2823476195335388
mlp,de,4,2459,2024-06-20 13:30:00,0,0,0.3052159547805786
mlp,de,4,2460,2024-06-20 13:35:00,1,0,0.2931749224662781
mlp,de,4,2461,2024-06-20 13:40:00,1,0,0.33067789673805237
mlp,de,4,2462,2024-06-20 13:45:00,1,0,0.49175670742988586
mlp,de,4,2463,2024-06-20 13:50:00,1,0,0.485841304063797
mlp,de,4,2464,2024-06-20 13:55:00,1,1,0.505124568939209
mlp,de,4,2465,2024-06-20 14:00:00,1,1,0.5054755210876465
mlp,de,4,2466,2024-06-20 14:05:00,1,1,0.5422225594520569
mlp,de,4,2467,2024-06-20 14:10:00,1,1,0.6682326197624207
mlp,de,4,2468,2024-06-20 14:15:00,1,1,0.6982206106185913
mlp,de,4,2469,2024-06-20 14:20:00,1,1,0.6718533635139465
mlp,de,4,2470,2024-06-20 14:25:00,1,1,0.6027895212173462
mlp,de,4,2471,2024-06-20 14:30:00,1,0,0.47074922919273376
mlp,de,4,2472,2024-06-20 14:35:00,1,0,0.39544403553009033
mlp,de,4,2473,2024-06-20 14:40:00,1,0,0.38971012830734253
mlp,de,4,2474,2024-06-20 14:45:00,1,0,0.46057265996932983
mlp,de,4,2475,2024-06-20 14:50:00,1,0,0.4512016177177429
mlp,de,4,2476,2024-06-20 14:55:00,1,1,0.5620454549789429
mlp,de,4,2477,2024-06-20 15:00:00,1,1,0.5845910310745239
mlp,de,4,2478,2024-06-20 15:05:00,1,1,0.6260271072387695
mlp,de,4,2479,2024-06-20 15:10:00,1,1,0.6092169284820557
mlp,de,4,2480,2024-06-20 15:15:00,1,1,0.6559671759605408
mlp,de,4,2481,2024-06-20 15:20:00,1,1,0.6876097321510315
mlp,de,4,2482,2024-06-20 15:25:00,1,1,0.657683789730072
mlp,de,4,2483,2024-06-20 15:30:00,1,1,0.5541669130325317
mlp,de,4,2484,2024-06-20 15:35:00,1,1,0.5748893022537231
mlp,de,4,2485,2024-06-20 15:40:00,1,1,0.6366631388664246
mlp,de,4,2486,2024-06-20 15:45:00,1,1,0.7014970183372498
mlp,de,4,2487,2024-06-20 15:50:00,0,1,0.7441053986549377
mlp,de,4,2488,2024-06-20 15:55:00,0,1,0.7240318059921265
mlp,de,4,2489,2024-06-20 16:00:00,0,1,0.6770506501197815
mlp,de,4,2490,2024-06-20 16:05:00,0,1,0.5883061289787292
mlp,de,4,2491,2024-06-20 16:10:00,0,0,0.441438764333725
mlp,de,4,2492,2024-06-20 16:15:00,0,0,0.32493340969085693
mlp,de,4,2493,2024-06-20 16:20:00,0,0,0.2619284391403198
mlp,de,4,2494,2024-06-20 16:25:00,0,0,0.3057655990123749
mlp,de,4,2495,2024-06-20 16:30:00,0,0,0.3364490568637848
mlp,de,4,2496,2024-06-20 16:35:00,0,0,0.35231396555900574
mlp,de,4,2497,2024-06-20 16:40:00,0,0,0.4088384509086609
mlp,de,4,2498,2024-06-20 16:45:00,0,0,0.45372581481933594
mlp,de,4,2499,2024-06-20 16:50:00,0,0,0.461832731962204
mlp,de,4,2500,2024-06-20 16:55:00,0,1,0.514090895652771
mlp,de,4,2501,2024-06-20 17:00:00,0,0,0.4515739381313324
mlp,de,4,2502,2024-06-20 17:05:00,0,0,0.41863441467285156
mlp,de,4,2503,2024-06-20 17:10:00,0,0,0.47299548983573914
mlp,de,4,2504,2024-06-20 17:15:00,0,1,0.5496159791946411
mlp,de,4,2505,2024-06-20 17:20:00,0,1,0.502082884311676
mlp,de,4,2506,2024-06-20 17:25:00,0,0,0.4623755216598511
mlp,de,4,2507,2024-06-20 17:30:00,0,0,0.4290008842945099
mlp,de,4,2508,2024-06-20 17:35:00,0,0,0.4770983159542084
mlp,de,4,2509,2024-06-20 17:40:00,0,0,0.4725147783756256
mlp,de,4,2510,2024-06-20 17:45:00,0,0,0.47784024477005005
mlp,de,4,2511,2024-06-20 17:50:00,0,0,0.49347445368766785
mlp,de,4,2512,2024-06-20 17:55:00,1,0,0.4735669791698456
mlp,de,4,2513,2024-06-21 10:40:00,1,1,0.7417365908622742
mlp,de,4,2514,2024-06-21 10:45:00,1,1,0.8030260801315308
mlp,de,4,2515,2024-06-21 10:50:00,1,1,0.8366554379463196
mlp,de,4,2516,2024-06-21 10:55:00,1,1,0.846899151802063
mlp,de,4,2517,2024-06-21 11:00:00,1,1,0.8056274652481079
mlp,de,4,2518,2024-06-21 11:05:00,1,1,0.7932538390159607
mlp,de,4,2519,2024-06-21 11:10:00,1,1,0.7069647908210754
mlp,de,4,2520,2024-06-21 11:15:00,1,1,0.7144438624382019
mlp,de,4,2521,2024-06-21 11:20:00,1,1,0.6588100790977478
mlp,de,4,2522,2024-06-21 11:25:00,0,1,0.7319308519363403
mlp,de,4,2523,2024-06-21 11:30:00,0,1,0.6750243902206421
mlp,de,4,2524,2024-06-21 11:35:00,0,1,0.6509909629821777
mlp,de,4,2525,2024-06-21 11:40:00,0,1,0.5288644433021545
mlp,de,4,2526,2024-06-21 11:45:00,0,0,0.43291929364204407
mlp,de,4,2527,2024-06-21 11:50:00,0,1,0.5279662609100342
mlp,de,4,2528,2024-06-21 11:55:00,0,0,0.4730982780456543
mlp,de,4,2529,2024-06-21 12:00:00,0,1,0.5355024337768555
mlp,de,4,2530,2024-06-21 12:05:00,0,1,0.5400745868682861
mlp,de,4,2531,2024-06-21 12:10:00,0,1,0.5581417679786682
mlp,de,4,2532,2024-06-21 12:15:00,1,0,0.31279900670051575
mlp,de,4,2533,2024-06-21 12:20:00,1,0,0.3213920295238495
mlp,de,4,2534,2024-06-21 12:25:00,1,0,0.29066184163093567
mlp,de,4,2535,2024-06-21 12:30:00,1,0,0.2792972922325134
mlp,de,4,2536,2024-06-21 12:35:00,1,0,0.34155139327049255
mlp,de,4,2537,2024-06-21 12:40:00,1,0,0.3536919951438904
mlp,de,4,2538,2024-06-21 12:45:00,1,0,0.48036420345306396
mlp,de,4,2539,2024-06-21 12:50:00,1,0,0.4465712606906891
mlp,de,4,2540,2024-06-21 12:55:00,1,0,0.4139251410961151
mlp,de,4,2541,2024-06-21 13:00:00,1,0,0.4387161433696747
mlp,de,4,2542,2024-06-21 13:05:00,1,0,0.4685441255569458
mlp,de,4,2543,2024-06-21 13:10:00,1,1,0.5092284679412842
mlp,de,4,2544,2024-06-21 13:15:00,1,1,0.5500794053077698
mlp,de,4,2545,2024-06-21 13:20:00,1,1,0.6017832159996033
mlp,de,4,2546,2024-06-21 13:25:00,1,1,0.6367242932319641
mlp,de,4,2547,2024-06-21 13:30:00,1,1,0.6361440420150757
mlp,de,4,2548,2024-06-21 13:35:00,1,1,0.6018173098564148
mlp,de,4,2549,2024-06-21 13:40:00,1,1,0.6441804766654968
mlp,de,4,2550,2024-06-21 13:45:00,1,1,0.6118109226226807
mlp,de,4,2551,2024-06-21 13:50:00,0,1,0.6663258671760559
mlp,de,4,2552,2024-06-21 13:55:00,0,1,0.6190307140350342
mlp,de,4,2553,2024-06-21 14:00:00,0,1,0.6127841472625732
mlp,de,4,2554,2024-06-21 14:05:00,0,1,0.5504048466682434
mlp,de,4,2555,2024-06-21 14:10:00,0,1,0.5668172240257263
mlp,de,4,2556,2024-06-21 14:15:00,0,1,0.5451276302337646
mlp,de,4,2557,2024-06-21 14:20:00,0,1,0.5146245360374451
mlp,de,4,2558,2024-06-21 14:25:00,0,0,0.4720303416252136
mlp,de,4,2559,2024-06-21 14:30:00,0,0,0.4318726658821106
mlp,de,4,2560,2024-06-21 14:35:00,0,0,0.4071659445762634
mlp,de,4,2561,2024-06-21 14:40:00,0,0,0.40204721689224243
mlp,de,4,2562,2024-06-21 14:45:00,0,0,0.3788812458515167
mlp,de,4,2563,2024-06-21 14:50:00,0,0,0.45085033774375916
mlp,de,4,2564,2024-06-21 14:55:00,0,0,0.41029003262519836
mlp,de,4,2565,2024-06-21 15:00:00,1,0,0.35803377628326416
mlp,de,4,2566,2024-06-21 15:05:00,1,0,0.4352053701877594
mlp,de,4,2567,2024-06-21 15:10:00,1,0,0.4565028250217438
mlp,de,4,2568,2024-06-21 15:15:00,1,1,0.5293428301811218
mlp,de,4,2569,2024-06-21 15:20:00,1,1,0.5871366858482361
mlp,de,4,2570,2024-06-21 15:25:00,1,1,0.6237807273864746
mlp,de,4,2571,2024-06-21 15:30:00,1,1,0.6775701642036438
mlp,de,4,2572,2024-06-21 15:35:00,1,1,0.7012632489204407
mlp,de,4,2573,2024-06-21 15:40:00,1,1,0.6506815552711487
mlp,de,4,2574,2024-06-21 15:45:00,1,1,0.5949333906173706
mlp,de,4,2575,2024-06-21 15:50:00,1,1,0.6400060653686523
mlp,de,4,2576,2024-06-21 15:55:00,1,1,0.6418948769569397
mlp,de,4,2577,2024-06-21 16:00:00,1,1,0.6677801609039307
mlp,de,4,2578,2024-06-21 16:05:00,1,1,0.6341632604598999
mlp,de,4,2579,2024-06-21 16:10:00,1,1,0.6196101307868958
mlp,de,4,2580,2024-06-21 16:15:00,1,1,0.6137438416481018
mlp,de,4,2581,2024-06-21 16:20:00,1,1,0.6275349855422974
mlp,de,4,2582,2024-06-21 16:25:00,1,1,0.6303220987319946
mlp,de,4,2583,2024-06-21 16:30:00,1,1,0.6377853155136108
mlp,de,4,2584,2024-06-21 16:35:00,1,1,0.6295872926712036
mlp,de,4,2585,2024-06-21 16:40:00,1,1,0.5756332278251648
mlp,de,4,2586,2024-06-21 16:45:00,1,0,0.46494826674461365
mlp,de,4,2587,2024-06-21 16:50:00,1,1,0.5112108588218689
mlp,de,4,2588,2024-06-21 16:55:00,1,1,0.5367012619972229
mlp,de,4,2589,2024-06-21 17:00:00,1,0,0.4742325246334076
mlp,de,4,2590,2024-06-21 17:05:00,1,0,0.4418657720088959
mlp,de,4,2591,2024-06-21 17:10:00,1,0,0.44068068265914917
mlp,de,4,2592,2024-06-21 17:15:00,1,1,0.5350520610809326
mlp,de,4,2593,2024-06-21 17:20:00,1,0,0.49881553649902344
mlp,de,4,2594,2024-06-21 17:25:00,1,0,0.45685166120529175
mlp,de,4,2595,2024-06-21 17:30:00,1,1,0.5068181753158569
mlp,de,4,2596,2024-06-21 17:35:00,1,1,0.5089207291603088
mlp,de,4,2597,2024-06-21 17:40:00,1,1,0.5048633813858032
mlp,de,4,2598,2024-06-21 17:45:00,1,1,0.5074119567871094
mlp,de,4,2599,2024-06-21 17:50:00,1,1,0.5473762154579163
mlp,de,4,2600,2024-06-21 17:55:00,1,1,0.5403533577919006
mlp,de,4,2601,2024-06-24 10:50:00,0,1,0.8219494223594666
mlp,de,4,2602,2024-06-24 10:55:00,0,1,0.7778951525688171
mlp,de,4,2603,2024-06-24 11:00:00,0,1,0.6392803192138672
mlp,de,4,2604,2024-06-24 11:05:00,0,1,0.6169965863227844
mlp,de,4,2605,2024-06-24 11:10:00,0,1,0.67073655128479
mlp,de,4,2606,2024-06-24 11:15:00,0,1,0.5657364130020142
mlp,de,4,2607,2024-06-24 11:20:00,0,1,0.5933160781860352
mlp,de,4,2608,2024-06-24 11:25:00,0,1,0.528963029384613
mlp,de,4,2609,2024-06-24 11:30:00,0,0,0.4331761300563812
mlp,de,4,2610,2024-06-24 11:35:00,0,0,0.4702688157558441
mlp,de,4,2611,2024-06-24 11:40:00,0,0,0.4768368899822235
mlp,de,4,2612,2024-06-24 11:45:00,0,0,0.42843538522720337
mlp,de,4,2613,2024-06-24 11:50:00,0,0,0.481227308511734
mlp,de,4,2614,2024-06-24 11:55:00,0,1,0.52354496717453
mlp,de,4,2615,2024-06-24 12:00:00,0,1,0.5138704180717468
mlp,de,4,2616,2024-06-24 12:05:00,0,0,0.483047753572464
mlp,de,4,2617,2024-06-24 12:10:00,0,0,0.42734986543655396
mlp,de,4,2618,2024-06-24 12:15:00,0,0,0.39565181732177734
mlp,de,4,2619,2024-06-24 12:20:00,0,0,0.35208699107170105
mlp,de,4,2620,2024-06-24 12:25:00,0,0,0.3611315190792084
mlp,de,4,2621,2024-06-24 12:30:00,0,0,0.3312563896179199
mlp,de,4,2622,2024-06-24 12:35:00,0,0,0.36228781938552856
mlp,de,4,2623,2024-06-24 12:40:00,0,0,0.42048346996307373
mlp,de,4,2624,2024-06-24 12:45:00,1,0,0.39322981238365173
mlp,de,4,2625,2024-06-24 12:50:00,1,0,0.4394168257713318
mlp,de,4,2626,2024-06-24 12:55:00,1,1,0.5113853216171265
mlp,de,4,2627,2024-06-24 13:00:00,1,0,0.4423695504665375
mlp,de,4,2628,2024-06-24 13:05:00,1,1,0.5014234185218811
mlp,de,4,2629,2024-06-24 13:10:00,1,1,0.5732889175415039
mlp,de,4,2630,2024-06-24 13:15:00,1,1,0.6136735677719116
mlp,de,4,2631,2024-06-24 13:20:00,1,1,0.6609753966331482
mlp,de,4,2632,2024-06-24 13:25:00,1,1,0.6184617877006531
mlp,de,4,2633,2024-06-24 13:30:00,1,1,0.5614940524101257
mlp,de,4,2634,2024-06-24 13:35:00,1,1,0.5341327786445618
mlp,de,4,2635,2024-06-24 13:40:00,1,0,0.4870852828025818
mlp,de,4,2636,2024-06-24 13:45:00,1,0,0.499755859375
mlp,de,4,2637,2024-06-24 13:50:00,1,0,0.4713612198829651
mlp,de,4,2638,2024-06-24 13:55:00,1,0,0.4813235104084015
mlp,de,4,2639,2024-06-24 14:00:00,1,1,0.543825626373291
mlp,de,4,2640,2024-06-24 14:05:00,1,0,0.4607650935649872
mlp,de,4,2641,2024-06-24 14:10:00,1,0,0.43114811182022095
mlp,de,4,2642,2024-06-24 14:15:00,1,0,0.42005443572998047
mlp,de,4,2643,2024-06-24 14:20:00,1,0,0.4435950517654419
mlp,de,4,2644,2024-06-24 14:25:00,1,1,0.556734561920166
mlp,de,4,2645,2024-06-24 14:30:00,1,1,0.549284040927887
mlp,de,4,2646,2024-06-24 14:35:00,0,1,0.6292229890823364
mlp,de,4,2647,2024-06-24 14:40:00,0,1,0.5579673051834106
mlp,de,4,2648,2024-06-24 14:45:00,0,0,0.49407830834388733
mlp,de,4,2649,2024-06-24 14:50:00,0,0,0.4438121020793915
mlp,de,4,2650,2024-06-24 14:55:00,0,0,0.4961315989494324
mlp,de,4,2651,2024-06-24 15:00:00,0,0,0.4975266754627228
mlp,de,4,2652,2024-06-24 15:05:00,0,1,0.553558886051178
mlp,de,4,2653,2024-06-24 15:10:00,0,1,0.526159942150116
mlp,de,4,2654,2024-06-24 15:15:00,0,1,0.5294626355171204
mlp,de,4,2655,2024-06-24 15:20:00,0,0,0.46926504373550415
mlp,de,4,2656,2024-06-24 15:25:00,0,0,0.4333581328392029
mlp,de,4,2657,2024-06-24 15:30:00,1,0,0.37901633977890015
mlp,de,4,2658,2024-06-24 15:35:00,1,0,0.41704076528549194
mlp,de,4,2659,2024-06-24 15:40:00,1,0,0.49008285999298096
mlp,de,4,2660,2024-06-24 15:45:00,1,1,0.5692183375358582
mlp,de,4,2661,2024-06-24 15:50:00,1,0,0.4566240608692169
mlp,de,4,2662,2024-06-24 15:55:00,1,0,0.433324933052063
mlp,de,4,2663,2024-06-24 16:00:00,1,0,0.43057045340538025
mlp,de,4,2664,2024-06-24 16:05:00,1,0,0.45450299978256226
mlp,de,4,2665,2024-06-24 16:10:00,1,0,0.47422581911087036
mlp,de,4,2666,2024-06-24 16:15:00,1,0,0.4872888922691345
mlp,de,4,2667,2024-06-24 16:20:00,1,1,0.5539893507957458
mlp,de,4,2668,2024-06-24 16:25:00,1,0,0.46815696358680725
mlp,de,4,2669,2024-06-24 16:30:00,1,1,0.5538958311080933
mlp,de,4,2670,2024-06-24 16:35:00,1,1,0.6103536486625671
mlp,de,4,2671,2024-06-24 16:40:00,1,1,0.650436282157898
mlp,de,4,2672,2024-06-24 16:45:00,1,1,0.6545843482017517
mlp,de,4,2673,2024-06-24 16:50:00,1,1,0.6278057098388672
mlp,de,4,2674,2024-06-24 16:55:00,1,1,0.5463987588882446
mlp,de,4,2675,2024-06-24 17:00:00,1,1,0.5223281383514404
mlp,de,4,2676,2024-06-24 17:05:00,1,0,0.4796126186847687
mlp,de,4,2677,2024-06-24 17:10:00,1,0,0.4498404264450073
mlp,de,4,2678,2024-06-24 17:15:00,0,1,0.5140076875686646
mlp,de,4,2679,2024-06-24 17:20:00,0,1,0.5273202061653137
mlp,de,4,2680,2024-06-24 17:25:00,0,0,0.49243831634521484
mlp,de,4,2681,2024-06-24 17:30:00,0,1,0.5166592597961426
mlp,de,4,2682,2024-06-24 17:35:00,0,1,0.568727970123291
mlp,de,4,2683,2024-06-24 17:40:00,0,1,0.5805211663246155
mlp,de,4,2684,2024-06-24 17:45:00,0,1,0.5425251722335815
mlp,de,4,2685,2024-06-24 17:50:00,0,1,0.5876148343086243
mlp,de,4,2686,2024-06-24 17:55:00,0,1,0.557204008102417
mlp,de,4,2687,2024-06-25 12:35:00,1,0,0.2905423641204834
mlp,de,4,2688,2024-06-25 12:40:00,1,0,0.3152921795845032
mlp,de,4,2689,2024-06-25 12:45:00,1,0,0.38580870628356934
mlp,de,4,2690,2024-06-25 12:50:00,1,0,0.4294849932193756
mlp,de,4,2691,2024-06-25 12:55:00,1,0,0.4544825851917267
mlp,de,4,2692,2024-06-25 13:00:00,1,1,0.5458438992500305
mlp,de,4,2693,2024-06-25 13:05:00,1,0,0.46879419684410095
mlp,de,4,2694,2024-06-25 13:10:00,1,0,0.401098370552063
mlp,de,4,2695,2024-06-25 13:15:00,1,0,0.4224296510219574
mlp,de,4,2696,2024-06-25 13:20:00,1,1,0.5349491834640503
mlp,de,4,2697,2024-06-25 13:25:00,1,1,0.5778090953826904
mlp,de,4,2698,2024-06-25 13:30:00,1,1,0.5241886973381042
mlp,de,4,2699,2024-06-25 13:35:00,1,1,0.588016152381897
mlp,de,4,2700,2024-06-25 13:40:00,1,1,0.590679407119751
mlp,de,4,2701,2024-06-25 13:45:00,1,1,0.6028788089752197
mlp,de,4,2702,2024-06-25 13:50:00,1,1,0.6205389499664307
mlp,de,4,2703,2024-06-25 13:55:00,1,1,0.6050838232040405
mlp,de,4,2704,2024-06-25 14:00:00,1,1,0.5726627707481384
mlp,de,4,2705,2024-06-25 14:05:00,1,1,0.5845718383789062
mlp,de,4,2706,2024-06-25 14:10:00,1,1,0.6284003853797913
mlp,de,4,2707,2024-06-25 14:15:00,1,1,0.5654516220092773
mlp,de,4,2708,2024-06-25 14:20:00,1,0,0.4349277913570404
mlp,de,4,2709,2024-06-25 14:25:00,1,1,0.5120652318000793
mlp,de,4,2710,2024-06-25 14:30:00,1,1,0.5973316431045532
mlp,de,4,2711,2024-06-25 14:35:00,1,1,0.5238287448883057
mlp,de,4,2712,2024-06-25 14:40:00,1,1,0.5925925374031067
mlp,de,4,2713,2024-06-25 14:45:00,1,1,0.5940498113632202
mlp,de,4,2714,2024-06-25 14:50:00,0,1,0.7010540962219238
mlp,de,4,2715,2024-06-25 14:55:00,0,1,0.6769441366195679
mlp,de,4,2716,2024-06-25 15:00:00,0,1,0.6352844834327698
mlp,de,4,2717,2024-06-25 15:05:00,0,1,0.631960928440094
mlp,de,4,2718,2024-06-25 15:10:00,0,1,0.6351836919784546
mlp,de,4,2719,2024-06-25 15:15:00,0,1,0.5625782608985901
mlp,de,4,2720,2024-06-25 15:20:00,0,0,0.4863477647304535
mlp,de,4,2721,2024-06-25 15:25:00,0,1,0.5118145942687988
mlp,de,4,2722,2024-06-25 15:30:00,0,0,0.49713167548179626
mlp,de,4,2723,2024-06-25 15:35:00,0,0,0.48589810729026794
mlp,de,4,2724,2024-06-25 15:40:00,0,0,0.47685059905052185
mlp,de,4,2725,2024-06-25 15:45:00,0,1,0.5254648923873901
mlp,de,4,2726,2024-06-25 15:50:00,0,0,0.470826119184494
mlp,de,4,2727,2024-06-25 15:55:00,0,0,0.46768105030059814
mlp,de,4,2728,2024-06-25 16:00:00,0,0,0.4891742169857025
mlp,de,4,2729,2024-06-25 16:05:00,0,0,0.40741896629333496
mlp,de,4,2730,2024-06-25 16:10:00,0,0,0.44162747263908386
mlp,de,4,2731,2024-06-25 16:15:00,0,0,0.4691948890686035
mlp,de,4,2732,2024-06-25 16:20:00,0,0,0.4381410777568817
mlp,de,4,2733,2024-06-25 16:25:00,0,0,0.47479119896888733
mlp,de,4,2734,2024-06-25 16:30:00,0,0,0.4508475661277771
mlp,de,4,2735,2024-06-25 16:35:00,0,0,0.39189937710762024
mlp,de,4,2736,2024-06-25 16:40:00,1,0,0.36263054609298706
mlp,de,4,2737,2024-06-25 16:45:00,1,0,0.38505953550338745
mlp,de,4,2738,2024-06-25 16:50:00,1,0,0.3865332007408142
mlp,de,4,2739,2024-06-25 16:55:00,1,0,0.4234822690486908
mlp,de,4,2740,2024-06-25 17:00:00,1,0,0.4989301264286041
mlp,de,4,2741,2024-06-25 17:05:00,1,1,0.5724130272865295
mlp,de,4,2742,2024-06-25 17:10:00,1,1,0.6031620502471924
mlp,de,4,2743,2024-06-25 17:15:00,1,1,0.5951063632965088
mlp,de,4,2744,2024-06-25 17:20:00,1,1,0.6219473481178284
mlp,de,4,2745,2024-06-25 17:25:00,1,1,0.5740346312522888
mlp,de,4,2746,2024-06-25 17:30:00,0,1,0.5815221071243286
mlp,de,4,2747,2024-06-25 17:35:00,0,1,0.6118282079696655
mlp,de,4,2748,2024-06-25 17:40:00,0,1,0.5633558034896851
mlp,de,4,2749,2024-06-25 17:45:00,0,1,0.5454005002975464
mlp,de,4,2750,2024-06-25 17:50:00,0,1,0.5714808702468872
mlp,de,4,2751,2024-06-25 17:55:00,0,1,0.5638919472694397
mlp,de,4,2752,2024-06-26 10:40:00,1,0,0.26470279693603516
mlp,de,4,2753,2024-06-26 10:45:00,1,0,0.27658846974372864
mlp,de,4,2754,2024-06-26 10:50:00,1,0,0.35165494680404663
mlp,de,4,2755,2024-06-26 10:55:00,1,0,0.4804648160934448
mlp,de,4,2756,2024-06-26 11:00:00,1,1,0.6011041402816772
mlp,de,4,2757,2024-06-26 11:05:00,1,1,0.5255833864212036
mlp,de,4,2758,2024-06-26 11:10:00,1,1,0.5242175459861755
mlp,de,4,2759,2024-06-26 11:15:00,1,1,0.7109034657478333
mlp,de,4,2760,2024-06-26 11:20:00,1,1,0.7092468738555908
mlp,de,4,2761,2024-06-26 11:25:00,1,1,0.5943689346313477
mlp,de,4,2762,2024-06-26 11:30:00,1,0,0.49644020199775696
mlp,de,4,2763,2024-06-26 11:35:00,1,1,0.5409726500511169
mlp,de,4,2764,2024-06-26 11:40:00,1,0,0.4676320254802704
mlp,de,4,2765,2024-06-26 11:45:00,1,0,0.46788567304611206
mlp,de,4,2766,2024-06-26 11:50:00,1,1,0.5257938504219055
mlp,de,4,2767,2024-06-26 11:55:00,1,1,0.513624906539917
mlp,de,4,2768,2024-06-26 12:00:00,1,1,0.56021648645401
mlp,de,4,2769,2024-06-26 12:05:00,1,1,0.6043887734413147
mlp,de,4,2770,2024-06-26 12:10:00,1,0,0.42816346883773804
mlp,de,4,2771,2024-06-26 12:15:00,1,0,0.4149998724460602
mlp,de,4,2772,2024-06-26 12:20:00,1,1,0.5047223567962646
mlp,de,4,2773,2024-06-26 12:25:00,1,1,0.561379075050354
mlp,de,4,2774,2024-06-26 12:30:00,1,1,0.5415292978286743
mlp,de,4,2775,2024-06-26 12:35:00,1,1,0.6166114807128906
mlp,de,4,2776,2024-06-26 12:40:00,1,1,0.6045128107070923
mlp,de,4,2777,2024-06-26 12:45:00,1,1,0.6187463998794556
mlp,de,4,2778,2024-06-26 12:50:00,1,1,0.6827520132064819
mlp,de,4,2779,2024-06-26 12:55:00,1,1,0.7331169247627258
mlp,de,4,2780,2024-06-26 13:00:00,1,1,0.7553224563598633
mlp,de,4,2781,2024-06-26 13:05:00,1,1,0.774380624294281
mlp,de,4,2782,2024-06-26 13:10:00,1,1,0.7430686950683594
mlp,de,4,2783,2024-06-26 13:15:00,1,1,0.7191320657730103
mlp,de,4,2784,2024-06-26 13:20:00,1,1,0.7339557409286499
mlp,de,4,2785,2024-06-26 13:25:00,1,1,0.7116426825523376
mlp,de,4,2786,2024-06-26 13:30:00,1,1,0.6747854948043823
mlp,de,4,2787,2024-06-26 13:35:00,1,1,0.6514085531234741
mlp,de,4,2788,2024-06-26 13:40:00,1,1,0.6476542949676514
mlp,de,4,2789,2024-06-26 13:45:00,1,1,0.6553424596786499
mlp,de,4,2790,2024-06-26 13:50:00,1,1,0.6560921669006348
mlp,de,4,2791,2024-06-26 13:55:00,1,1,0.6183136701583862
mlp,de,4,2792,2024-06-26 14:00:00,1,1,0.6279892921447754
mlp,de,4,2793,2024-06-26 14:05:00,1,1,0.5215267539024353
mlp,de,4,2794,2024-06-26 14:10:00,1,0,0.4225168824195862
mlp,de,4,2795,2024-06-26 14:15:00,1,0,0.4357030391693115
mlp,de,4,2796,2024-06-26 14:20:00,1,1,0.5329043865203857
mlp,de,4,2797,2024-06-26 14:25:00,1,1,0.5706213116645813
mlp,de,4,2798,2024-06-26 14:30:00,1,1,0.6218706369400024
mlp,de,4,2799,2024-06-26 14:35:00,1,1,0.5659826397895813
mlp,de,4,2800,2024-06-26 14:40:00,1,1,0.5363667011260986
mlp,de,4,2801,2024-06-26 14:45:00,1,1,0.5278019905090332
mlp,de,4,2802,2024-06-26 14:50:00,1,0,0.49208253622055054
mlp,de,4,2803,2024-06-26 14:55:00,1,1,0.5550270676612854
mlp,de,4,2804,2024-06-26 15:00:00,1,1,0.6359667778015137
mlp,de,4,2805,2024-06-26 15:05:00,1,1,0.7001423239707947
mlp,de,4,2806,2024-06-26 15:10:00,0,1,0.7098464965820312
mlp,de,4,2807,2024-06-26 15:15:00,0,1,0.6580789089202881
mlp,de,4,2808,2024-06-26 15:20:00,0,1,0.6549522876739502
mlp,de,4,2809,2024-06-26 15:25:00,0,1,0.567176878452301
mlp,de,4,2810,2024-06-26 15:30:00,0,1,0.5142453908920288
mlp,de,4,2811,2024-06-26 15:35:00,0,1,0.5100399851799011
mlp,de,4,2812,2024-06-26 15:40:00,0,0,0.46442273259162903
mlp,de,4,2813,2024-06-26 15:45:00,0,0,0.4138539731502533
mlp,de,4,2814,2024-06-26 15:50:00,0,0,0.3267391324043274
mlp,de,4,2815,2024-06-26 15:55:00,0,0,0.26741093397140503
mlp,de,4,2816,2024-06-26 16:00:00,0,0,0.3034425377845764
mlp,de,4,2817,2024-06-26 16:05:00,0,0,0.30404189229011536
mlp,de,4,2818,2024-06-26 16:10:00,1,0,0.3140293061733246
mlp,de,4,2819,2024-06-26 16:15:00,1,0,0.41346949338912964
mlp,de,4,2820,2024-06-26 16:20:00,1,1,0.5148637294769287
mlp,de,4,2821,2024-06-26 16:25:00,1,1,0.6027116179466248
mlp,de,4,2822,2024-06-26 16:30:00,1,1,0.636795163154602
mlp,de,4,2823,2024-06-26 16:35:00,1,1,0.6171618103981018
mlp,de,4,2824,2024-06-26 16:40:00,1,1,0.6538876295089722
mlp,de,4,2825,2024-06-26 16:45:00,1,1,0.6278491020202637
mlp,de,4,2826,2024-06-26 16:50:00,0,1,0.7626213431358337
mlp,de,4,2827,2024-06-26 16:55:00,0,1,0.7797049880027771
mlp,de,4,2828,2024-06-26 17:00:00,0,1,0.7531608939170837
mlp,de,4,2829,2024-06-26 17:05:00,0,1,0.7485568523406982
mlp,de,4,2830,2024-06-26 17:10:00,0,1,0.6062530279159546
mlp,de,4,2831,2024-06-26 17:15:00,0,1,0.5307185053825378
mlp,de,4,2832,2024-06-26 17:20:00,0,0,0.4991290271282196
mlp,de,4,2833,2024-06-26 17:25:00,0,0,0.48796236515045166
mlp,de,4,2834,2024-06-26 17:30:00,1,0,0.4527514576911926
mlp,de,4,2835,2024-06-26 17:35:00,1,0,0.47081050276756287
mlp,de,4,2836,2024-06-26 17:40:00,1,1,0.5155665278434753
mlp,de,4,2837,2024-06-26 17:45:00,1,1,0.5395509600639343
mlp,de,4,2838,2024-06-26 17:50:00,1,1,0.6036251783370972
mlp,de,4,2839,2024-06-26 17:55:00,1,1,0.6383345127105713
mlp,de,4,2840,2024-06-27 10:55:00,0,1,0.7113733291625977
mlp,de,4,2841,2024-06-27 11:00:00,0,1,0.6847822070121765
mlp,de,4,2842,2024-06-27 11:05:00,0,1,0.6177352070808411
mlp,de,4,2843,2024-06-27 11:10:00,0,1,0.6297708749771118
mlp,de,4,2844,2024-06-27 11:15:00,0,1,0.5050912499427795
mlp,de,4,2845,2024-06-27 11:20:00,0,0,0.33280977606773376
mlp,de,4,2846,2024-06-27 11:25:00,0,0,0.29592785239219666
mlp,de,4,2847,2024-06-27 11:30:00,0,0,0.2981576919555664
mlp,de,4,2848,2024-06-27 11:35:00,0,0,0.3694668114185333
mlp,de,4,2849,2024-06-27 11:40:00,0,0,0.3590334355831146
mlp,de,4,2850,2024-06-27 11:45:00,0,0,0.3509633243083954
mlp,de,4,2851,2024-06-27 11:50:00,0,0,0.27676475048065186
mlp,de,4,2852,2024-06-27 11:55:00,0,0,0.22512008249759674
mlp,de,4,2853,2024-06-27 12:00:00,1,0,0.216116264462471
mlp,de,4,2854,2024-06-27 12:05:00,1,0,0.2610398828983307
mlp,de,4,2855,2024-06-27 12:10:00,1,0,0.2894366383552551
mlp,de,4,2856,2024-06-27 12:15:00,1,0,0.32388558983802795
mlp,de,4,2857,2024-06-27 12:20:00,1,0,0.3798162341117859
mlp,de,4,2858,2024-06-27 12:25:00,1,1,0.5022345185279846
mlp,de,4,2859,2024-06-27 12:30:00,1,1,0.6176882386207581
mlp,de,4,2860,2024-06-27 12:35:00,1,1,0.7069057822227478
mlp,de,4,2861,2024-06-27 12:40:00,1,1,0.7420774698257446
mlp,de,4,2862,2024-06-27 12:45:00,1,1,0.7557289600372314
mlp,de,4,2863,2024-06-27 12:50:00,1,1,0.7236980199813843
mlp,de,4,2864,2024-06-27 12:55:00,0,1,0.7345468997955322
mlp,de,4,2865,2024-06-27 13:00:00,0,1,0.6470693945884705
mlp,de,4,2866,2024-06-27 13:05:00,0,1,0.5410324931144714
mlp,de,4,2867,2024-06-27 13:10:00,0,1,0.5253409147262573
mlp,de,4,2868,2024-06-27 13:15:00,0,0,0.46807050704956055
mlp,de,4,2869,2024-06-27 13:20:00,0,1,0.5218818783760071
mlp,de,4,2870,2024-06-27 13:25:00,0,0,0.45501509308815
mlp,de,4,2871,2024-06-27 13:30:00,0,0,0.45256903767585754
mlp,de,4,2872,2024-06-27 13:35:00,0,0,0.42709705233573914
mlp,de,4,2873,2024-06-27 13:40:00,0,0,0.48755499720573425
mlp,de,4,2874,2024-06-27 13:45:00,0,1,0.5801843404769897
mlp,de,4,2875,2024-06-27 13:50:00,0,1,0.5537284016609192
mlp,de,4,2876,2024-06-27 13:55:00,0,1,0.5247299671173096
mlp,de,4,2877,2024-06-27 14:00:00,0,1,0.5290404558181763
mlp,de,4,2878,2024-06-27 14:05:00,0,0,0.44199317693710327
mlp,de,4,2879,2024-06-27 14:10:00,1,0,0.3492012023925781
mlp,de,4,2880,2024-06-27 14:15:00,1,0,0.40558889508247375
mlp,de,4,2881,2024-06-27 14:20:00,1,1,0.6290243864059448
mlp,de,4,2882,2024-06-27 14:25:00,1,1,0.7125523686408997
mlp,de,4,2883,2024-06-27 14:30:00,1,1,0.6662918925285339
mlp,de,4,2884,2024-06-27 14:35:00,1,1,0.6899040937423706
mlp,de,4,2885,2024-06-27 14:40:00,1,1,0.6920355558395386
mlp,de,4,2886,2024-06-27 14:45:00,1,1,0.7218478918075562
mlp,de,4,2887,2024-06-27 14:50:00,1,1,0.7427549958229065
mlp,de,4,2888,2024-06-27 14:55:00,1,1,0.7312473654747009
mlp,de,4,2889,2024-06-27 15:00:00,1,1,0.6865236163139343
mlp,de,4,2890,2024-06-27 15:05:00,1,1,0.543516218662262
mlp,de,4,2891,2024-06-27 15:10:00,1,1,0.5450550317764282
mlp,de,4,2892,2024-06-27 15:15:00,1,1,0.5769059062004089
mlp,de,4,2893,2024-06-27 15:20:00,1,1,0.5602866411209106
mlp,de,4,2894,2024-06-27 15:25:00,1,1,0.5498962998390198
mlp,de,4,2895,2024-06-27 15:30:00,1,1,0.6268963813781738
mlp,de,4,2896,2024-06-27 15:35:00,1,1,0.6562769412994385
mlp,de,4,2897,2024-06-27 15:40:00,1,1,0.6377726793289185
mlp,de,4,2898,2024-06-27 15:45:00,1,1,0.692931592464447
mlp,de,4,2899,2024-06-27 15:50:00,1,1,0.7600995898246765
mlp,de,4,2900,2024-06-27 15:55:00,1,1,0.7890897393226624
mlp,de,4,2901,2024-06-27 16:00:00,1,1,0.7767614126205444
mlp,de,4,2902,2024-06-27 16:05:00,1,1,0.7338915467262268
mlp,de,4,2903,2024-06-27 16:10:00,1,1,0.7385988235473633
mlp,de,4,2904,2024-06-27 16:15:00,1,1,0.62020343542099
mlp,de,4,2905,2024-06-27 16:20:00,1,1,0.5363636016845703
mlp,de,4,2906,2024-06-27 16:25:00,1,1,0.533186137676239
mlp,de,4,2907,2024-06-27 16:30:00,1,0,0.4705475866794586
mlp,de,4,2908,2024-06-27 16:35:00,1,0,0.48413097858428955
mlp,de,4,2909,2024-06-27 16:40:00,1,1,0.549430251121521
mlp,de,4,2910,2024-06-27 16:45:00,1,1,0.6238197684288025
mlp,de,4,2911,2024-06-27 16:50:00,1,1,0.598230242729187
mlp,de,4,2912,2024-06-27 16:55:00,1,1,0.6276386380195618
mlp,de,4,2913,2024-06-27 17:00:00,1,1,0.6200413107872009
mlp,de,4,2914,2024-06-27 17:05:00,1,1,0.6453854441642761
mlp,de,4,2915,2024-06-27 17:10:00,1,1,0.5944502353668213
mlp,de,4,2916,2024-06-27 17:15:00,1,1,0.5131238698959351
mlp,de,4,2917,2024-06-27 17:20:00,1,1,0.511914849281311
mlp,de,4,2918,2024-06-27 17:25:00,1,1,0.5520759224891663
mlp,de,4,2919,2024-06-27 17:30:00,1,1,0.5582066774368286
mlp,de,4,2920,2024-06-27 17:35:00,1,1,0.5064860582351685
mlp,de,4,2921,2024-06-27 17:40:00,1,1,0.5350527763366699
mlp,de,4,2922,2024-06-27 17:45:00,1,1,0.5686599612236023
mlp,de,4,2923,2024-06-27 17:50:00,1,1,0.5954639315605164
mlp,de,4,2924,2024-06-27 17:55:00,0,1,0.6380466222763062
mlp,de,4,2925,2024-06-28 10:40:00,0,0,0.2657566964626312
mlp,de,4,2926,2024-06-28 10:45:00,0,0,0.19868049025535583
mlp,de,4,2927,2024-06-28 10:50:00,0,0,0.16283342242240906
mlp,de,4,2928,2024-06-28 10:55:00,0,0,0.15968281030654907
mlp,de,4,2929,2024-06-28 11:00:00,1,0,0.16545924544334412
mlp,de,4,2930,2024-06-28 11:05:00,1,0,0.171538844704628
mlp,de,4,2931,2024-06-28 11:10:00,1,0,0.19805555045604706
mlp,de,4,2932,2024-06-28 11:15:00,1,0,0.271114706993103
mlp,de,4,2933,2024-06-28 11:20:00,1,1,0.5274354815483093
mlp,de,4,2934,2024-06-28 11:25:00,1,1,0.6034489274024963
mlp,de,4,2935,2024-06-28 11:30:00,1,1,0.7061628699302673
mlp,de,4,2936,2024-06-28 11:35:00,1,1,0.723148763179779
mlp,de,4,2937,2024-06-28 11:40:00,1,1,0.7504817843437195
mlp,de,4,2938,2024-06-28 11:45:00,1,1,0.7501541972160339
mlp,de,4,2939,2024-06-28 11:50:00,1,1,0.7819647789001465
mlp,de,4,2940,2024-06-28 11:55:00,1,1,0.7918646335601807
mlp,de,4,2941,2024-06-28 12:00:00,1,1,0.7758209109306335
mlp,de,4,2942,2024-06-28 12:05:00,1,1,0.7187323570251465
mlp,de,4,2943,2024-06-28 12:10:00,1,1,0.6805547475814819
mlp,de,4,2944,2024-06-28 12:15:00,1,1,0.7003198266029358
mlp,de,4,2945,2024-06-28 12:20:00,1,1,0.6811176538467407
mlp,de,4,2946,2024-06-28 12:25:00,1,1,0.5259140133857727
mlp,de,4,2947,2024-06-28 12:30:00,1,1,0.5452877879142761
mlp,de,4,2948,2024-06-28 12:35:00,0,1,0.633394181728363
mlp,de,4,2949,2024-06-28 12:40:00,0,1,0.6308829188346863
mlp,de,4,2950,2024-06-28 12:45:00,0,1,0.5499219298362732
mlp,de,4,2951,2024-06-28 12:50:00,0,0,0.47981712222099304
mlp,de,4,2952,2024-06-28 12:55:00,0,0,0.4019352197647095
mlp,de,4,2953,2024-06-28 13:00:00,0,0,0.3370620012283325
mlp,de,4,2954,2024-06-28 13:05:00,0,0,0.3046678304672241
mlp,de,4,2955,2024-06-28 13:10:00,0,0,0.27304884791374207
mlp,de,4,2956,2024-06-28 13:15:00,0,0,0.31116631627082825
mlp,de,4,2957,2024-06-28 13:20:00,0,0,0.35038843750953674
mlp,de,4,2958,2024-06-28 13:25:00,0,0,0.33394917845726013
mlp,de,4,2959,2024-06-28 13:30:00,0,0,0.34937435388565063
mlp,de,4,2960,2024-06-28 13:35:00,1,0,0.33270716667175293
mlp,de,4,2961,2024-06-28 13:40:00,1,0,0.41518115997314453
mlp,de,4,2962,2024-06-28 13:45:00,1,0,0.40713128447532654
mlp,de,4,2963,2024-06-28 13:50:00,1,0,0.3881674110889435
mlp,de,4,2964,2024-06-28 13:55:00,1,0,0.49997591972351074
mlp,de,4,2965,2024-06-28 14:00:00,1,1,0.5090317130088806
mlp,de,4,2966,2024-06-28 14:05:00,1,1,0.5496323704719543
mlp,de,4,2967,2024-06-28 14:10:00,1,1,0.5209567546844482
mlp,de,4,2968,2024-06-28 14:15:00,1,1,0.5245353579521179
mlp,de,4,2969,2024-06-28 14:20:00,1,1,0.5990930199623108
mlp,de,4,2970,2024-06-28 14:25:00,1,1,0.6451495289802551
mlp,de,4,2971,2024-06-28 14:30:00,1,1,0.6135655641555786
mlp,de,4,2972,2024-06-28 14:35:00,1,1,0.6585879921913147
mlp,de,4,2973,2024-06-28 14:40:00,1,1,0.7038672566413879
mlp,de,4,2974,2024-06-28 14:45:00,0,1,0.7294712662696838
mlp,de,4,2975,2024-06-28 14:50:00,0,1,0.7035484313964844
mlp,de,4,2976,2024-06-28 14:55:00,0,1,0.539384663105011
mlp,de,4,2977,2024-06-28 15:00:00,0,0,0.4609264135360718
mlp,de,4,2978,2024-06-28 15:05:00,0,0,0.45845815539360046
mlp,de,4,2979,2024-06-28 15:10:00,0,0,0.454647421836853
mlp,de,4,2980,2024-06-28 15:15:00,0,0,0.4642985463142395
mlp,de,4,2981,2024-06-28 15:20:00,0,0,0.4358181059360504
mlp,de,4,2982,2024-06-28 15:25:00,0,0,0.43258994817733765
mlp,de,4,2983,2024-06-28 15:30:00,0,0,0.36616361141204834
mlp,de,4,2984,2024-06-28 15:35:00,0,0,0.30436816811561584
mlp,de,4,2985,2024-06-28 15:40:00,0,0,0.2719981074333191
mlp,de,4,2986,2024-06-28 15:45:00,0,0,0.30678775906562805
mlp,de,4,2987,2024-06-28 15:50:00,0,0,0.34708234667778015
mlp,de,4,2988,2024-06-28 15:55:00,0,0,0.4408465623855591
mlp,de,4,2989,2024-06-28 16:00:00,0,0,0.4055381119251251
mlp,de,4,2990,2024-06-28 16:05:00,0,0,0.38762563467025757
mlp,de,4,2991,2024-06-28 16:10:00,0,0,0.34621620178222656
mlp,de,4,2992,2024-06-28 16:15:00,1,0,0.3342202305793762
mlp,de,4,2993,2024-06-28 16:20:00,1,0,0.42016056180000305
mlp,de,4,2994,2024-06-28 16:25:00,1,1,0.5233680605888367
mlp,de,4,2995,2024-06-28 16:30:00,1,1,0.5449761748313904
mlp,de,4,2996,2024-06-28 16:35:00,1,1,0.5188342332839966
mlp,de,4,2997,2024-06-28 16:40:00,1,1,0.5369189381599426
mlp,de,4,2998,2024-06-28 16:45:00,1,1,0.581856906414032
mlp,de,4,2999,2024-06-28 16:50:00,1,1,0.6442008018493652
mlp,de,4,3000,2024-06-28 16:55:00,0,1,0.6900870203971863
mlp,de,4,3001,2024-06-28 17:00:00,0,1,0.6364140510559082
mlp,de,4,3002,2024-06-28 17:05:00,0,1,0.579964816570282
mlp,de,4,3003,2024-06-28 17:10:00,0,1,0.5902456045150757
mlp,de,4,3004,2024-06-28 17:15:00,0,1,0.5033940672874451
mlp,de,4,3005,2024-06-28 17:20:00,0,0,0.4273623824119568
mlp,de,4,3006,2024-06-28 17:25:00,0,0,0.4209592342376709
mlp,de,4,3007,2024-06-28 17:30:00,0,0,0.4651879668235779
mlp,de,4,3008,2024-06-28 17:35:00,0,0,0.45379266142845154
mlp,de,4,3009,2024-06-28 17:40:00,0,0,0.4713580906391144
mlp,de,4,3010,2024-06-28 17:45:00,0,1,0.5492381453514099
mlp,de,4,3011,2024-06-28 17:50:00,0,1,0.5515953898429871
mlp,de,5,0,2024-05-20 15:25:00,1,0,0.405900239944458
mlp,de,5,1,2024-05-20 15:25:00,1,0,0.4591451585292816
mlp,de,5,2,2024-05-20 15:30:00,1,0,0.4817376732826233
mlp,de,5,3,2024-05-20 15:30:00,1,0,0.4854937195777893
mlp,de,5,4,2024-05-20 15:35:00,1,1,0.5644158720970154
mlp,de,5,5,2024-05-20 15:35:00,1,1,0.5845669507980347
mlp,de,5,6,2024-05-20 15:40:00,1,0,0.4471733868122101
mlp,de,5,7,2024-05-20 15:40:00,1,0,0.3104892671108246
mlp,de,5,8,2024-05-20 15:45:00,1,0,0.49954795837402344
mlp,de,5,9,2024-05-20 15:45:00,1,0,0.43489617109298706
mlp,de,5,10,2024-05-20 15:50:00,1,0,0.45042967796325684
mlp,de,5,11,2024-05-20 15:50:00,1,0,0.3349190950393677
mlp,de,5,12,2024-05-20 15:55:00,1,0,0.4481074810028076
mlp,de,5,13,2024-05-20 15:55:00,1,0,0.43616795539855957
mlp,de,5,14,2024-05-20 16:00:00,1,1,0.5762019157409668
mlp,de,5,15,2024-05-20 16:00:00,1,1,0.536492645740509
mlp,de,5,16,2024-05-20 16:05:00,1,1,0.6456558704376221
mlp,de,5,17,2024-05-20 16:05:00,1,1,0.6097780466079712
mlp,de,5,18,2024-05-20 16:10:00,1,1,0.59634929895401
mlp,de,5,19,2024-05-20 16:10:00,1,1,0.5895655751228333
mlp,de,5,20,2024-05-20 16:15:00,1,1,0.6070701479911804
mlp,de,5,21,2024-05-20 16:15:00,1,1,0.6092714071273804
mlp,de,5,22,2024-05-20 16:20:00,1,1,0.5259007811546326
mlp,de,5,23,2024-05-20 16:20:00,1,1,0.5113927721977234
mlp,de,5,24,2024-05-20 16:25:00,1,0,0.4189237058162689
mlp,de,5,25,2024-05-20 16:25:00,1,0,0.4042021632194519
mlp,de,5,26,2024-05-20 16:30:00,1,0,0.4276997148990631
mlp,de,5,27,2024-05-20 16:30:00,1,0,0.4272492229938507
mlp,de,5,28,2024-05-20 16:35:00,1,0,0.38569051027297974
mlp,de,5,29,2024-05-20 16:35:00,1,0,0.32070043683052063
mlp,de,5,30,2024-05-20 16:40:00,1,0,0.4428410232067108
mlp,de,5,31,2024-05-20 16:40:00,1,0,0.4493587613105774
mlp,de,5,32,2024-05-20 16:45:00,1,1,0.5285422801971436
mlp,de,5,33,2024-05-20 16:45:00,1,1,0.5658169984817505
mlp,de,5,34,2024-05-20 16:50:00,1,1,0.6221944093704224
mlp,de,5,35,2024-05-20 16:50:00,1,1,0.6310518383979797
mlp,de,5,36,2024-05-20 16:55:00,0,1,0.6584461331367493
mlp,de,5,37,2024-05-20 16:55:00,0,1,0.684362530708313
mlp,de,5,38,2024-05-20 17:00:00,0,1,0.7360283732414246
mlp,de,5,39,2024-05-20 17:00:00,0,1,0.655468761920929
mlp,de,5,40,2024-05-20 17:05:00,0,1,0.507606029510498
mlp,de,5,41,2024-05-20 17:05:00,0,0,0.47626739740371704
mlp,de,5,42,2024-05-20 17:10:00,0,0,0.44081002473831177
mlp,de,5,43,2024-05-20 17:10:00,0,0,0.19307765364646912
mlp,de,5,44,2024-05-20 17:15:00,0,1,0.564683198928833
mlp,de,5,45,2024-05-20 17:15:00,0,1,0.5375613570213318
mlp,de,5,46,2024-05-20 17:20:00,0,1,0.5626793503761292
mlp,de,5,47,2024-05-20 17:20:00,0,1,0.5715926289558411
mlp,de,5,48,2024-05-20 17:25:00,0,1,0.756820559501648
mlp,de,5,49,2024-05-20 17:25:00,0,1,0.5745823979377747
mlp,de,5,50,2024-05-20 17:30:00,0,1,0.6856961250305176
mlp,de,5,51,2024-05-20 17:30:00,0,1,0.6840915083885193
mlp,de,5,52,2024-05-20 17:35:00,0,1,0.5543250441551208
mlp,de,5,53,2024-05-20 17:35:00,0,1,0.5724428296089172
mlp,de,5,54,2024-05-20 17:40:00,0,1,0.5384039282798767
mlp,de,5,55,2024-05-20 17:40:00,0,0,0.46922528743743896
mlp,de,5,56,2024-05-20 17:45:00,0,1,0.5380652546882629
mlp,de,5,57,2024-05-20 17:45:00,0,1,0.5120706558227539
mlp,de,5,58,2024-05-20 17:50:00,0,1,0.7012689709663391
mlp,de,5,59,2024-05-20 17:50:00,0,1,0.5565791726112366
mlp,de,5,60,2024-05-20 17:55:00,0,1,0.6920366287231445
mlp,de,5,61,2024-05-20 17:55:00,0,0,0.4770602285861969
mlp,de,5,62,2024-05-21 13:30:00,1,0,0.33031201362609863
mlp,de,5,63,2024-05-21 13:30:00,1,0,0.3307482898235321
mlp,de,5,64,2024-05-21 13:35:00,1,0,0.3302117884159088
mlp,de,5,65,2024-05-21 13:35:00,1,0,0.3349219858646393
mlp,de,5,66,2024-05-21 13:40:00,1,0,0.482206791639328
mlp,de,5,67,2024-05-21 13:40:00,1,0,0.4722635746002197
mlp,de,5,68,2024-05-21 13:45:00,1,1,0.594416081905365
mlp,de,5,69,2024-05-21 13:45:00,1,1,0.6291452050209045
mlp,de,5,70,2024-05-21 13:50:00,1,1,0.534104585647583
mlp,de,5,71,2024-05-21 13:50:00,1,1,0.5045436024665833
mlp,de,5,72,2024-05-21 13:55:00,1,0,0.4080520272254944
mlp,de,5,73,2024-05-21 13:55:00,1,0,0.3846093416213989
mlp,de,5,74,2024-05-21 14:00:00,1,1,0.5466424822807312
mlp,de,5,75,2024-05-21 14:00:00,1,1,0.5334054231643677
mlp,de,5,76,2024-05-21 14:05:00,1,1,0.5797631144523621
mlp,de,5,77,2024-05-21 14:05:00,1,1,0.590704619884491
mlp,de,5,78,2024-05-21 14:10:00,1,0,0.41863247752189636
mlp,de,5,79,2024-05-21 14:10:00,1,0,0.49115240573883057
mlp,de,5,80,2024-05-21 14:15:00,1,1,0.5195401906967163
mlp,de,5,81,2024-05-21 14:15:00,1,1,0.5590154528617859
mlp,de,5,82,2024-05-21 14:20:00,1,1,0.6684234738349915
mlp,de,5,83,2024-05-21 14:20:00,1,1,0.7380651235580444
mlp,de,5,84,2024-05-21 14:25:00,1,1,0.7715079188346863
mlp,de,5,85,2024-05-21 14:25:00,1,1,0.6978341341018677
mlp,de,5,86,2024-05-21 14:30:00,1,1,0.7187962532043457
mlp,de,5,87,2024-05-21 14:30:00,1,1,0.6801637411117554
mlp,de,5,88,2024-05-21 14:35:00,1,1,0.5959459543228149
mlp,de,5,89,2024-05-21 14:35:00,1,1,0.6052653789520264
mlp,de,5,90,2024-05-21 14:40:00,1,1,0.5943734049797058
mlp,de,5,91,2024-05-21 14:40:00,1,1,0.5903202295303345
mlp,de,5,92,2024-05-21 14:45:00,1,1,0.687824547290802
mlp,de,5,93,2024-05-21 14:45:00,1,1,0.6590682864189148
mlp,de,5,94,2024-05-21 14:50:00,1,1,0.6539216041564941
mlp,de,5,95,2024-05-21 14:50:00,1,1,0.6408825516700745
mlp,de,5,96,2024-05-21 14:55:00,1,1,0.7541725635528564
mlp,de,5,97,2024-05-21 14:55:00,1,1,0.6800003051757812
mlp,de,5,98,2024-05-21 15:00:00,1,1,0.7298741936683655
mlp,de,5,99,2024-05-21 15:00:00,1,1,0.7455383539199829
mlp,de,5,100,2024-05-21 15:05:00,0,1,0.7465618848800659
mlp,de,5,101,2024-05-21 15:05:00,0,1,0.7163994312286377
mlp,de,5,102,2024-05-21 15:10:00,0,1,0.6530079245567322
mlp,de,5,103,2024-05-21 15:10:00,0,1,0.5843672156333923
mlp,de,5,104,2024-05-21 15:15:00,0,0,0.4455038607120514
mlp,de,5,105,2024-05-21 15:15:00,0,0,0.3036256432533264
mlp,de,5,106,2024-05-21 15:20:00,0,0,0.4251868426799774
mlp,de,5,107,2024-05-21 15:20:00,0,1,0.5018981099128723
mlp,de,5,108,2024-05-21 15:25:00,0,0,0.498268187046051
mlp,de,5,109,2024-05-21 15:25:00,0,0,0.33890849351882935
mlp,de,5,110,2024-05-21 15:30:00,0,0,0.3919197916984558
mlp,de,5,111,2024-05-21 15:30:00,0,0,0.2456047385931015
mlp,de,5,112,2024-05-21 15:35:00,0,0,0.31024369597435
mlp,de,5,113,2024-05-21 15:35:00,0,0,0.3465524911880493
mlp,de,5,114,2024-05-21 15:40:00,0,0,0.39079633355140686
mlp,de,5,115,2024-05-21 15:40:00,0,0,0.3410836458206177
mlp,de,5,116,2024-05-21 15:45:00,0,0,0.41748085618019104
mlp,de,5,117,2024-05-21 15:50:00,0,1,0.5801419019699097
mlp,de,5,118,2024-05-21 15:50:00,0,1,0.5606833100318909
mlp,de,5,119,2024-05-21 15:55:00,0,1,0.5670536756515503
mlp,de,5,120,2024-05-21 15:55:00,0,1,0.5861027240753174
mlp,de,5,121,2024-05-21 16:00:00,0,1,0.6465272903442383
mlp,de,5,122,2024-05-21 16:00:00,0,1,0.6059784293174744
mlp,de,5,123,2024-05-21 16:05:00,0,1,0.71791672706604
mlp,de,5,124,2024-05-21 16:05:00,0,1,0.6445602774620056
mlp,de,5,125,2024-05-21 16:10:00,0,1,0.6738475561141968
mlp,de,5,126,2024-05-21 16:10:00,0,1,0.621571958065033
mlp,de,5,127,2024-05-21 16:15:00,0,1,0.607138454914093
mlp,de,5,128,2024-05-21 16:15:00,0,1,0.6287357807159424
mlp,de,5,129,2024-05-21 16:20:00,0,1,0.503584086894989
mlp,de,5,130,2024-05-21 16:20:00,0,1,0.5946813821792603
mlp,de,5,131,2024-05-21 16:25:00,0,1,0.6237832307815552
mlp,de,5,132,2024-05-21 16:25:00,0,1,0.6163702011108398
mlp,de,5,133,2024-05-21 16:30:00,0,1,0.684118390083313
mlp,de,5,134,2024-05-21 16:30:00,0,1,0.6206799149513245
mlp,de,5,135,2024-05-21 16:35:00,0,1,0.5935823321342468
mlp,de,5,136,2024-05-21 16:35:00,0,1,0.6132500171661377
mlp,de,5,137,2024-05-21 16:40:00,0,1,0.5773671269416809
mlp,de,5,138,2024-05-21 16:40:00,0,1,0.5092783570289612
mlp,de,5,139,2024-05-21 16:45:00,0,1,0.5026261210441589
mlp,de,5,140,2024-05-21 16:45:00,0,1,0.5728989839553833
mlp,de,5,141,2024-05-21 16:50:00,0,0,0.41934946179389954
mlp,de,5,142,2024-05-21 16:50:00,0,0,0.3865925371646881
mlp,de,5,143,2024-05-21 16:55:00,0,0,0.3728552460670471
mlp,de,5,144,2024-05-21 16:55:00,0,0,0.39498019218444824
mlp,de,5,145,2024-05-21 17:00:00,0,0,0.24260114133358002
mlp,de,5,146,2024-05-21 17:00:00,0,0,0.2950666844844818
mlp,de,5,147,2024-05-21 17:05:00,0,0,0.26917293667793274
mlp,de,5,148,2024-05-21 17:05:00,0,0,0.2993699312210083
mlp,de,5,149,2024-05-21 17:10:00,0,0,0.2989772856235504
mlp,de,5,150,2024-05-21 17:10:00,0,0,0.2821663022041321
mlp,de,5,151,2024-05-21 17:15:00,0,0,0.29668253660202026
mlp,de,5,152,2024-05-21 17:15:00,0,0,0.28830742835998535
mlp,de,5,153,2024-05-21 17:20:00,0,0,0.4233459234237671
mlp,de,5,154,2024-05-21 17:20:00,0,0,0.40599220991134644
mlp,de,5,155,2024-05-21 17:25:00,0,0,0.39319849014282227
mlp,de,5,156,2024-05-21 17:25:00,0,0,0.42864444851875305
mlp,de,5,157,2024-05-21 17:30:00,0,0,0.4029728174209595
mlp,de,5,158,2024-05-21 17:30:00,0,0,0.4042862355709076
mlp,de,5,159,2024-05-21 17:35:00,0,0,0.43896785378456116
mlp,de,5,160,2024-05-21 17:40:00,0,0,0.4469306766986847
mlp,de,5,161,2024-05-21 17:40:00,0,0,0.468794047832489
mlp,de,5,162,2024-05-21 17:45:00,0,1,0.506423830986023
mlp,de,5,163,2024-05-21 17:50:00,0,0,0.4247194230556488
mlp,de,5,164,2024-05-21 17:50:00,0,0,0.3666243851184845
mlp,de,5,165,2024-05-21 17:55:00,0,0,0.3833732008934021
mlp,de,5,166,2024-05-21 17:55:00,0,0,0.397311806678772
mlp,de,5,167,2024-05-22 11:40:00,1,0,0.26207566261291504
mlp,de,5,168,2024-05-22 11:45:00,1,0,0.3543742299079895
mlp,de,5,169,2024-05-22 11:50:00,1,0,0.49192187190055847
mlp,de,5,170,2024-05-22 11:55:00,1,1,0.5627463459968567
mlp,de,5,171,2024-05-22 12:00:00,1,1,0.583633303642273
mlp,de,5,172,2024-05-22 12:05:00,0,1,0.7570528388023376
mlp,de,5,173,2024-05-22 12:10:00,0,1,0.7591526508331299
mlp,de,5,174,2024-05-22 12:15:00,0,1,0.5496162176132202
mlp,de,5,175,2024-05-22 12:20:00,0,0,0.42164674401283264
mlp,de,5,176,2024-05-22 12:25:00,0,0,0.2769647240638733
mlp,de,5,177,2024-05-22 12:30:00,0,0,0.3431429862976074
mlp,de,5,178,2024-05-22 12:35:00,0,1,0.5442425608634949
mlp,de,5,179,2024-05-22 12:40:00,0,1,0.5193625092506409
mlp,de,5,180,2024-05-22 12:45:00,0,0,0.37216347455978394
mlp,de,5,181,2024-05-22 12:50:00,0,0,0.44508737325668335
mlp,de,5,182,2024-05-22 12:55:00,0,1,0.5934112071990967
mlp,de,5,183,2024-05-22 13:00:00,0,1,0.7255708575248718
mlp,de,5,184,2024-05-22 13:05:00,0,1,0.6192635297775269
mlp,de,5,185,2024-05-22 13:10:00,0,1,0.513780951499939
mlp,de,5,186,2024-05-22 13:15:00,0,0,0.44434329867362976
mlp,de,5,187,2024-05-22 13:20:00,0,0,0.34927836060523987
mlp,de,5,188,2024-05-22 13:25:00,0,0,0.3845861554145813
mlp,de,5,189,2024-05-22 13:30:00,0,0,0.41880103945732117
mlp,de,5,190,2024-05-22 13:35:00,0,0,0.33766812086105347
mlp,de,5,191,2024-05-22 13:40:00,0,0,0.30422818660736084
mlp,de,5,192,2024-05-22 13:45:00,0,0,0.29612475633621216
mlp,de,5,193,2024-05-22 13:50:00,0,0,0.44968879222869873
mlp,de,5,194,2024-05-22 13:55:00,0,0,0.35351505875587463
mlp,de,5,195,2024-05-22 14:00:00,0,0,0.29598405957221985
mlp,de,5,196,2024-05-22 14:05:00,0,0,0.4002780616283417
mlp,de,5,197,2024-05-22 14:10:00,0,0,0.3859546184539795
mlp,de,5,198,2024-05-22 14:15:00,0,0,0.420449435710907
mlp,de,5,199,2024-05-22 14:20:00,0,0,0.3526035249233246
mlp,de,5,200,2024-05-22 14:25:00,0,0,0.39401793479919434
mlp,de,5,201,2024-05-22 14:30:00,0,0,0.3530004620552063
mlp,de,5,202,2024-05-22 14:35:00,0,0,0.3072795867919922
mlp,de,5,203,2024-05-22 14:40:00,0,0,0.333340048789978
mlp,de,5,204,2024-05-22 14:45:00,0,0,0.42055946588516235
mlp,de,5,205,2024-05-22 14:50:00,0,0,0.42184215784072876
mlp,de,5,206,2024-05-22 14:55:00,0,0,0.45685943961143494
mlp,de,5,207,2024-05-22 15:00:00,0,0,0.3752284049987793
mlp,de,5,208,2024-05-22 15:05:00,0,0,0.3430835008621216
mlp,de,5,209,2024-05-22 15:10:00,0,0,0.3066469132900238
mlp,de,5,210,2024-05-22 15:15:00,0,0,0.32828566431999207
mlp,de,5,211,2024-05-22 15:20:00,0,0,0.3080810308456421
mlp,de,5,212,2024-05-22 15:25:00,0,0,0.2695702314376831
mlp,de,5,213,2024-05-22 15:30:00,0,0,0.2618468403816223
mlp,de,5,214,2024-05-22 15:35:00,0,0,0.2787382900714874
mlp,de,5,215,2024-05-22 15:40:00,0,0,0.30016982555389404
mlp,de,5,216,2024-05-22 15:45:00,0,0,0.4440436065196991
mlp,de,5,217,2024-05-22 15:50:00,0,0,0.49944984912872314
mlp,de,5,218,2024-05-22 15:55:00,0,0,0.47088080644607544
mlp,de,5,219,2024-05-22 16:00:00,0,1,0.5831046104431152
mlp,de,5,220,2024-05-22 16:05:00,0,1,0.5297675132751465
mlp,de,5,221,2024-05-22 16:10:00,0,0,0.42648687958717346
mlp,de,5,222,2024-05-22 16:15:00,0,0,0.32764288783073425
mlp,de,5,223,2024-05-22 16:20:00,0,0,0.2560076415538788
mlp,de,5,224,2024-05-22 16:25:00,0,0,0.3154720664024353
mlp,de,5,225,2024-05-22 16:30:00,0,0,0.37268516421318054
mlp,de,5,226,2024-05-22 16:35:00,0,0,0.3778573274612427
mlp,de,5,227,2024-05-22 16:40:00,0,0,0.34168124198913574
mlp,de,5,228,2024-05-22 16:45:00,0,0,0.326076477766037
mlp,de,5,229,2024-05-22 16:50:00,0,0,0.3702319860458374
mlp,de,5,230,2024-05-22 16:55:00,0,1,0.5238949060440063
mlp,de,5,231,2024-05-22 17:00:00,0,0,0.4622226357460022
mlp,de,5,232,2024-05-22 17:05:00,0,0,0.35618606209754944
mlp,de,5,233,2024-05-22 17:10:00,0,0,0.30881866812705994
mlp,de,5,234,2024-05-22 17:15:00,0,0,0.2803437411785126
mlp,de,5,235,2024-05-22 17:20:00,0,0,0.46684110164642334
mlp,de,5,236,2024-05-22 17:25:00,0,0,0.4694652557373047
mlp,de,5,237,2024-05-22 17:30:00,0,0,0.3379412591457367
mlp,de,5,238,2024-05-22 17:35:00,0,0,0.35595399141311646
mlp,de,5,239,2024-05-22 17:40:00,0,0,0.419130802154541
mlp,de,5,240,2024-05-22 17:45:00,0,0,0.4087516665458679
mlp,de,5,241,2024-05-22 17:50:00,0,0,0.44400671124458313
mlp,de,5,242,2024-05-22 17:55:00,0,0,0.35177353024482727
mlp,de,5,243,2024-05-23 11:15:00,1,0,0.22236110270023346
mlp,de,5,244,2024-05-23 11:20:00,1,0,0.22531160712242126
mlp,de,5,245,2024-05-23 11:25:00,1,0,0.24839025735855103
mlp,de,5,246,2024-05-23 11:30:00,1,0,0.28118136525154114
mlp,de,5,247,2024-05-23 11:35:00,1,0,0.32652050256729126
mlp,de,5,248,2024-05-23 11:40:00,1,0,0.3191986083984375
mlp,de,5,249,2024-05-23 11:45:00,1,0,0.42566990852355957
mlp,de,5,250,2024-05-23 11:50:00,1,0,0.4091119170188904
mlp,de,5,251,2024-05-23 11:55:00,1,0,0.3406992256641388
mlp,de,5,252,2024-05-23 12:00:00,1,0,0.4848901331424713
mlp,de,5,253,2024-05-23 12:05:00,1,1,0.6839050054550171
mlp,de,5,254,2024-05-23 12:10:00,1,1,0.5992847681045532
mlp,de,5,255,2024-05-23 12:15:00,1,0,0.4260106384754181
mlp,de,5,256,2024-05-23 12:20:00,1,0,0.4904138743877411
mlp,de,5,257,2024-05-23 12:25:00,1,1,0.7596473693847656
mlp,de,5,258,2024-05-23 12:30:00,1,1,0.6468232870101929
mlp,de,5,259,2024-05-23 12:35:00,1,1,0.627098023891449
mlp,de,5,260,2024-05-23 12:40:00,1,1,0.6380669474601746
mlp,de,5,261,2024-05-23 12:45:00,1,0,0.48929885029792786
mlp,de,5,262,2024-05-23 12:50:00,1,1,0.5304715037345886
mlp,de,5,263,2024-05-23 12:55:00,1,1,0.6736243963241577
mlp,de,5,264,2024-05-23 13:00:00,1,1,0.6595386862754822
mlp,de,5,265,2024-05-23 13:05:00,1,1,0.5375422239303589
mlp,de,5,266,2024-05-23 13:10:00,1,0,0.28680792450904846
mlp,de,5,267,2024-05-23 13:15:00,1,0,0.39949503540992737
mlp,de,5,268,2024-05-23 13:20:00,1,1,0.5298775434494019
mlp,de,5,269,2024-05-23 13:25:00,0,1,0.6425351500511169
mlp,de,5,270,2024-05-23 13:30:00,0,1,0.6466154456138611
mlp,de,5,271,2024-05-23 13:35:00,0,0,0.48591458797454834
mlp,de,5,272,2024-05-23 13:40:00,0,0,0.4369907081127167
mlp,de,5,273,2024-05-23 13:45:00,0,0,0.3583630323410034
mlp,de,5,274,2024-05-23 13:50:00,0,0,0.41566115617752075
mlp,de,5,275,2024-05-23 13:55:00,0,0,0.4173526465892792
mlp,de,5,276,2024-05-23 14:00:00,0,0,0.49330881237983704
mlp,de,5,277,2024-05-23 14:05:00,0,1,0.5044167637825012
mlp,de,5,278,2024-05-23 14:10:00,0,1,0.6394713521003723
mlp,de,5,279,2024-05-23 14:15:00,0,1,0.5682740807533264
mlp,de,5,280,2024-05-23 14:20:00,0,1,0.5393790602684021
mlp,de,5,281,2024-05-23 14:25:00,0,1,0.6545841097831726
mlp,de,5,282,2024-05-23 14:30:00,0,1,0.6394628286361694
mlp,de,5,283,2024-05-23 14:35:00,0,0,0.49503690004348755
mlp,de,5,284,2024-05-23 14:40:00,0,0,0.3151145577430725
mlp,de,5,285,2024-05-23 14:45:00,0,0,0.3000551760196686
mlp,de,5,286,2024-05-23 14:50:00,0,0,0.3290582597255707
mlp,de,5,287,2024-05-23 14:55:00,0,0,0.26745352149009705
mlp,de,5,288,2024-05-23 15:00:00,1,0,0.23284779489040375
mlp,de,5,289,2024-05-23 15:00:00,1,0,0.2335662841796875
mlp,de,5,290,2024-05-23 15:05:00,1,0,0.30349063873291016
mlp,de,5,291,2024-05-23 15:05:00,1,0,0.31409648060798645
mlp,de,5,292,2024-05-23 15:10:00,1,0,0.40462860465049744
mlp,de,5,293,2024-05-23 15:10:00,1,0,0.366334468126297
mlp,de,5,294,2024-05-23 15:15:00,1,0,0.39691996574401855
mlp,de,5,295,2024-05-23 15:15:00,1,0,0.4072229862213135
mlp,de,5,296,2024-05-23 15:20:00,1,0,0.3965020477771759
mlp,de,5,297,2024-05-23 15:20:00,1,0,0.36435097455978394
mlp,de,5,298,2024-05-23 15:25:00,1,0,0.47293078899383545
mlp,de,5,299,2024-05-23 15:25:00,1,0,0.4606873095035553
mlp,de,5,300,2024-05-23 15:30:00,1,0,0.46942323446273804
mlp,de,5,301,2024-05-23 15:30:00,1,1,0.5100010633468628
mlp,de,5,302,2024-05-23 15:35:00,1,1,0.5942479372024536
mlp,de,5,303,2024-05-23 15:35:00,1,1,0.5792325735092163
mlp,de,5,304,2024-05-23 15:40:00,1,1,0.5784521102905273
mlp,de,5,305,2024-05-23 15:40:00,1,1,0.6235247850418091
mlp,de,5,306,2024-05-23 15:45:00,1,0,0.4863665997982025
mlp,de,5,307,2024-05-23 15:45:00,1,0,0.49838897585868835
mlp,de,5,308,2024-05-23 15:50:00,1,0,0.4807026982307434
mlp,de,5,309,2024-05-23 15:50:00,1,0,0.4522474706172943
mlp,de,5,310,2024-05-23 15:55:00,1,1,0.5091856718063354
mlp,de,5,311,2024-05-23 15:55:00,1,1,0.5202987194061279
mlp,de,5,312,2024-05-23 16:00:00,1,1,0.5295822620391846
mlp,de,5,313,2024-05-23 16:00:00,1,1,0.5374405384063721
mlp,de,5,314,2024-05-23 16:05:00,1,1,0.5392126441001892
mlp,de,5,315,2024-05-23 16:05:00,1,1,0.524927020072937
mlp,de,5,316,2024-05-23 16:10:00,1,1,0.5829254388809204
mlp,de,5,317,2024-05-23 16:10:00,1,1,0.5724050998687744
mlp,de,5,318,2024-05-23 16:15:00,1,1,0.6489731073379517
mlp,de,5,319,2024-05-23 16:15:00,1,1,0.6461226344108582
mlp,de,5,320,2024-05-23 16:20:00,1,1,0.7051507234573364
mlp,de,5,321,2024-05-23 16:20:00,1,1,0.6437529921531677
mlp,de,5,322,2024-05-23 16:25:00,1,1,0.6333067417144775
mlp,de,5,323,2024-05-23 16:25:00,1,1,0.6124200820922852
mlp,de,5,324,2024-05-23 16:30:00,1,1,0.6398852467536926
mlp,de,5,325,2024-05-23 16:30:00,1,1,0.5937469005584717
mlp,de,5,326,2024-05-23 16:35:00,1,0,0.49051424860954285
mlp,de,5,327,2024-05-23 16:35:00,1,0,0.4689842164516449
mlp,de,5,328,2024-05-23 16:40:00,1,1,0.5807735323905945
mlp,de,5,329,2024-05-23 16:40:00,1,1,0.5886479020118713
mlp,de,5,330,2024-05-23 16:45:00,1,1,0.6754246354103088
mlp,de,5,331,2024-05-23 16:45:00,1,1,0.6748156547546387
mlp,de,5,332,2024-05-23 16:50:00,1,1,0.5381220579147339
mlp,de,5,333,2024-05-23 16:50:00,1,1,0.556400716304779
mlp,de,5,334,2024-05-23 16:55:00,1,1,0.5242311358451843
mlp,de,5,335,2024-05-23 16:55:00,1,1,0.539996862411499
mlp,de,5,336,2024-05-23 17:00:00,1,1,0.62006676197052
mlp,de,5,337,2024-05-23 17:00:00,1,1,0.6266230940818787
mlp,de,5,338,2024-05-23 17:05:00,1,1,0.6623993515968323
mlp,de,5,339,2024-05-23 17:05:00,1,1,0.7322440147399902
mlp,de,5,340,2024-05-23 17:10:00,1,1,0.6420390009880066
mlp,de,5,341,2024-05-23 17:10:00,1,1,0.660203754901886
mlp,de,5,342,2024-05-23 17:15:00,1,1,0.7041229605674744
mlp,de,5,343,2024-05-23 17:15:00,1,1,0.7008981704711914
mlp,de,5,344,2024-05-23 17:20:00,1,1,0.6480551958084106
mlp,de,5,345,2024-05-23 17:20:00,1,1,0.6442936658859253
mlp,de,5,346,2024-05-23 17:25:00,1,1,0.7069373726844788
mlp,de,5,347,2024-05-23 17:25:00,1,1,0.6958527565002441
mlp,de,5,348,2024-05-23 17:30:00,1,1,0.6635268926620483
mlp,de,5,349,2024-05-23 17:30:00,1,1,0.6422795653343201
mlp,de,5,350,2024-05-23 17:35:00,1,1,0.7051892876625061
mlp,de,5,351,2024-05-23 17:35:00,1,1,0.6596186757087708
mlp,de,5,352,2024-05-23 17:40:00,1,1,0.6044899225234985
mlp,de,5,353,2024-05-23 17:40:00,1,1,0.577619731426239
mlp,de,5,354,2024-05-23 17:45:00,1,1,0.520984411239624
mlp,de,5,355,2024-05-23 17:45:00,1,1,0.5295488238334656
mlp,de,5,356,2024-05-23 17:50:00,1,0,0.4695921838283539
mlp,de,5,357,2024-05-23 17:50:00,1,0,0.4760730564594269
mlp,de,5,358,2024-05-23 17:55:00,1,0,0.38911816477775574
mlp,de,5,359,2024-05-23 17:55:00,1,0,0.3517639636993408
mlp,de,5,360,2024-05-24 10:40:00,0,1,0.6620251536369324
mlp,de,5,361,2024-05-24 10:40:00,0,1,0.6625178456306458
mlp,de,5,362,2024-05-24 10:45:00,0,1,0.7000952363014221
mlp,de,5,363,2024-05-24 10:45:00,0,1,0.6960620284080505
mlp,de,5,364,2024-05-24 10:50:00,0,0,0.4729343056678772
mlp,de,5,365,2024-05-24 10:50:00,0,0,0.45268842577934265
mlp,de,5,366,2024-05-24 10:55:00,0,0,0.3868776261806488
mlp,de,5,367,2024-05-24 10:55:00,0,0,0.40477532148361206
mlp,de,5,368,2024-05-24 11:00:00,0,0,0.39111819863319397
mlp,de,5,369,2024-05-24 11:00:00,0,0,0.4278375506401062
mlp,de,5,370,2024-05-24 11:05:00,0,1,0.5181901454925537
mlp,de,5,371,2024-05-24 11:05:00,0,1,0.5146527886390686
mlp,de,5,372,2024-05-24 11:10:00,0,1,0.6891825795173645
mlp,de,5,373,2024-05-24 11:10:00,0,1,0.6523047685623169
mlp,de,5,374,2024-05-24 11:15:00,0,1,0.6461893320083618
mlp,de,5,375,2024-05-24 11:15:00,0,1,0.6069372892379761
mlp,de,5,376,2024-05-24 11:20:00,0,1,0.56233149766922
mlp,de,5,377,2024-05-24 11:20:00,1,1,0.614456057548523
mlp,de,5,378,2024-05-24 11:25:00,0,1,0.6808841228485107
mlp,de,5,379,2024-05-24 11:25:00,0,1,0.6875292658805847
mlp,de,5,380,2024-05-24 11:30:00,0,1,0.689347505569458
mlp,de,5,381,2024-05-24 11:30:00,0,1,0.6602669954299927
mlp,de,5,382,2024-05-24 11:35:00,0,0,0.48177507519721985
mlp,de,5,383,2024-05-24 11:35:00,0,0,0.4679790139198303
mlp,de,5,384,2024-05-24 11:40:00,0,0,0.34294575452804565
mlp,de,5,385,2024-05-24 11:40:00,0,0,0.28424593806266785
mlp,de,5,386,2024-05-24 11:45:00,0,0,0.3983668088912964
mlp,de,5,387,2024-05-24 11:45:00,1,0,0.3763570785522461
mlp,de,5,388,2024-05-24 11:50:00,0,1,0.5964157581329346
mlp,de,5,389,2024-05-24 11:50:00,0,1,0.5727568864822388
mlp,de,5,390,2024-05-24 11:55:00,0,1,0.5426696538925171
mlp,de,5,391,2024-05-24 11:55:00,0,1,0.5436721444129944
mlp,de,5,392,2024-05-24 12:00:00,0,0,0.4485722482204437
mlp,de,5,393,2024-05-24 12:00:00,0,0,0.4262794852256775
mlp,de,5,394,2024-05-24 12:05:00,0,1,0.5557044744491577
mlp,de,5,395,2024-05-24 12:05:00,0,0,0.46729084849357605
mlp,de,5,396,2024-05-24 12:10:00,0,0,0.4144579768180847
mlp,de,5,397,2024-05-24 12:10:00,0,0,0.3542272448539734
mlp,de,5,398,2024-05-24 12:15:00,0,0,0.4221215844154358
mlp,de,5,399,2024-05-24 12:15:00,0,0,0.41269323229789734
mlp,de,5,400,2024-05-24 12:20:00,0,0,0.41280797123908997
mlp,de,5,401,2024-05-24 12:20:00,0,0,0.348844975233078
mlp,de,5,402,2024-05-24 12:25:00,0,0,0.42235979437828064
mlp,de,5,403,2024-05-24 12:25:00,0,0,0.34522607922554016
mlp,de,5,404,2024-05-24 12:30:00,0,0,0.3934662938117981
mlp,de,5,405,2024-05-24 12:30:00,0,0,0.43449610471725464
mlp,de,5,406,2024-05-24 12:35:00,0,0,0.3859850764274597
mlp,de,5,407,2024-05-24 12:35:00,0,0,0.3529551029205322
mlp,de,5,408,2024-05-24 12:40:00,0,0,0.28708919882774353
mlp,de,5,409,2024-05-24 12:40:00,0,0,0.3090914189815521
mlp,de,5,410,2024-05-24 12:45:00,0,0,0.29975593090057373
mlp,de,5,411,2024-05-24 12:45:00,0,0,0.2942335605621338
mlp,de,5,412,2024-05-24 12:50:00,0,0,0.3171509802341461
mlp,de,5,413,2024-05-24 12:50:00,0,0,0.3314480483531952
mlp,de,5,414,2024-05-24 12:55:00,0,0,0.3570196032524109
mlp,de,5,415,2024-05-24 12:55:00,0,0,0.3365212678909302
mlp,de,5,416,2024-05-24 13:00:00,0,0,0.360897958278656
mlp,de,5,417,2024-05-24 13:00:00,0,0,0.3577825725078583
mlp,de,5,418,2024-05-24 13:05:00,0,0,0.43527862429618835
mlp,de,5,419,2024-05-24 13:05:00,0,0,0.4232874810695648
mlp,de,5,420,2024-05-24 13:10:00,0,1,0.5808382034301758
mlp,de,5,421,2024-05-24 13:10:00,0,1,0.6342169046401978
mlp,de,5,422,2024-05-24 13:15:00,0,1,0.7178712487220764
mlp,de,5,423,2024-05-24 13:15:00,0,1,0.6726694703102112
mlp,de,5,424,2024-05-24 13:20:00,0,1,0.7462432980537415
mlp,de,5,425,2024-05-24 13:20:00,0,1,0.7038158178329468
mlp,de,5,426,2024-05-24 13:25:00,0,1,0.6523516178131104
mlp,de,5,427,2024-05-24 13:25:00,0,1,0.724374532699585
mlp,de,5,428,2024-05-24 13:30:00,0,1,0.5221053957939148
mlp,de,5,429,2024-05-24 13:30:00,0,1,0.5380719900131226
mlp,de,5,430,2024-05-24 13:35:00,0,1,0.5068486332893372
mlp,de,5,431,2024-05-24 13:35:00,0,0,0.47653907537460327
mlp,de,5,432,2024-05-24 13:40:00,0,0,0.47194185853004456
mlp,de,5,433,2024-05-24 13:40:00,0,1,0.5207772254943848
mlp,de,5,434,2024-05-24 13:45:00,0,0,0.3522862195968628
mlp,de,5,435,2024-05-24 13:45:00,0,0,0.45736053586006165
mlp,de,5,436,2024-05-24 13:50:00,0,0,0.3716701865196228
mlp,de,5,437,2024-05-24 13:50:00,0,0,0.3454703688621521
mlp,de,5,438,2024-05-24 13:55:00,0,0,0.3290582597255707
mlp,de,5,439,2024-05-24 13:55:00,0,0,0.3047623634338379
mlp,de,5,440,2024-05-24 14:00:00,0,0,0.2743265628814697
mlp,de,5,441,2024-05-24 14:00:00,0,0,0.30519649386405945
mlp,de,5,442,2024-05-24 14:05:00,0,0,0.2804082930088043
mlp,de,5,443,2024-05-24 14:05:00,0,0,0.3328322172164917
mlp,de,5,444,2024-05-24 14:10:00,0,0,0.3936192989349365
mlp,de,5,445,2024-05-24 14:10:00,0,0,0.4155266582965851
mlp,de,5,446,2024-05-24 14:15:00,0,0,0.4164979159832001
mlp,de,5,447,2024-05-24 14:15:00,0,0,0.4124448299407959
mlp,de,5,448,2024-05-24 14:20:00,0,0,0.359595388174057
mlp,de,5,449,2024-05-24 14:20:00,1,0,0.3353673219680786
mlp,de,5,450,2024-05-24 14:25:00,0,0,0.36375460028648376
mlp,de,5,451,2024-05-24 14:25:00,1,0,0.35239946842193604
mlp,de,5,452,2024-05-24 14:30:00,0,0,0.3648357391357422
mlp,de,5,453,2024-05-24 14:30:00,1,0,0.3372039496898651
mlp,de,5,454,2024-05-24 14:35:00,1,1,0.5112229585647583
mlp,de,5,455,2024-05-24 14:35:00,0,0,0.49982988834381104
mlp,de,5,456,2024-05-24 14:40:00,0,1,0.5645603537559509
mlp,de,5,457,2024-05-24 14:40:00,1,1,0.5835604667663574
mlp,de,5,458,2024-05-24 14:45:00,0,1,0.5436866283416748
mlp,de,5,459,2024-05-24 14:45:00,1,1,0.7247470617294312
mlp,de,5,460,2024-05-24 14:50:00,0,1,0.575219988822937
mlp,de,5,461,2024-05-24 14:50:00,1,1,0.5863177180290222
mlp,de,5,462,2024-05-24 14:55:00,0,1,0.612115204334259
mlp,de,5,463,2024-05-24 14:55:00,1,1,0.6543404459953308
mlp,de,5,464,2024-05-24 15:00:00,0,1,0.6064447164535522
mlp,de,5,465,2024-05-24 15:00:00,0,1,0.5549601316452026
mlp,de,5,466,2024-05-24 15:05:00,0,0,0.39081817865371704
mlp,de,5,467,2024-05-24 15:05:00,0,0,0.4172695577144623
mlp,de,5,468,2024-05-24 15:10:00,0,0,0.2912282347679138
mlp,de,5,469,2024-05-24 15:10:00,0,0,0.31682032346725464
mlp,de,5,470,2024-05-24 15:15:00,0,0,0.28996825218200684
mlp,de,5,471,2024-05-24 15:15:00,0,0,0.32770466804504395
mlp,de,5,472,2024-05-24 15:20:00,0,0,0.29216626286506653
mlp,de,5,473,2024-05-24 15:20:00,0,0,0.3058719038963318
mlp,de,5,474,2024-05-24 15:25:00,0,0,0.2680841386318207
mlp,de,5,475,2024-05-24 15:25:00,0,0,0.25206130743026733
mlp,de,5,476,2024-05-24 15:30:00,0,0,0.26950690150260925
mlp,de,5,477,2024-05-24 15:30:00,0,0,0.2699640691280365
mlp,de,5,478,2024-05-24 15:35:00,0,0,0.27435120940208435
mlp,de,5,479,2024-05-24 15:35:00,0,0,0.26437023282051086
mlp,de,5,480,2024-05-24 15:40:00,0,0,0.22033870220184326
mlp,de,5,481,2024-05-24 15:40:00,0,0,0.22324596345424652
mlp,de,5,482,2024-05-24 15:45:00,0,0,0.255520761013031
mlp,de,5,483,2024-05-24 15:45:00,0,0,0.26801925897598267
mlp,de,5,484,2024-05-24 15:50:00,0,0,0.3374842405319214
mlp,de,5,485,2024-05-24 15:50:00,0,0,0.2959425151348114
mlp,de,5,486,2024-05-24 15:55:00,0,0,0.3219464123249054
mlp,de,5,487,2024-05-24 15:55:00,0,0,0.3372480869293213
mlp,de,5,488,2024-05-24 16:00:00,0,0,0.3202672600746155
mlp,de,5,489,2024-05-24 16:00:00,1,0,0.2992759048938751
mlp,de,5,490,2024-05-24 16:05:00,1,0,0.27596116065979004
mlp,de,5,491,2024-05-24 16:05:00,0,0,0.2841169834136963
mlp,de,5,492,2024-05-24 16:10:00,0,0,0.38104313611984253
mlp,de,5,493,2024-05-24 16:10:00,1,0,0.346912145614624
mlp,de,5,494,2024-05-24 16:15:00,1,0,0.4021969735622406
mlp,de,5,495,2024-05-24 16:15:00,0,0,0.41038715839385986
mlp,de,5,496,2024-05-24 16:20:00,0,0,0.4624691605567932
mlp,de,5,497,2024-05-24 16:20:00,1,0,0.44701096415519714
mlp,de,5,498,2024-05-24 16:25:00,0,1,0.5124403238296509
mlp,de,5,499,2024-05-24 16:25:00,1,1,0.5149043202400208
mlp,de,5,500,2024-05-24 16:30:00,0,1,0.6249828338623047
mlp,de,5,501,2024-05-24 16:30:00,1,1,0.7098555564880371
mlp,de,5,502,2024-05-24 16:35:00,1,1,0.686316192150116
mlp,de,5,503,2024-05-24 16:35:00,0,1,0.6472926139831543
mlp,de,5,504,2024-05-24 16:40:00,1,1,0.6349701881408691
mlp,de,5,505,2024-05-24 16:40:00,0,1,0.6297687888145447
mlp,de,5,506,2024-05-24 16:45:00,1,1,0.6081203818321228
mlp,de,5,507,2024-05-24 16:45:00,0,1,0.5863949060440063
mlp,de,5,508,2024-05-24 16:50:00,0,1,0.5532374382019043
mlp,de,5,509,2024-05-24 16:50:00,1,1,0.6186245083808899
mlp,de,5,510,2024-05-24 16:55:00,0,0,0.42582881450653076
mlp,de,5,511,2024-05-24 16:55:00,1,0,0.41689568758010864
mlp,de,5,512,2024-05-24 17:00:00,0,0,0.3538859188556671
mlp,de,5,513,2024-05-24 17:00:00,1,0,0.30829426646232605
mlp,de,5,514,2024-05-24 17:05:00,1,0,0.2907087802886963
mlp,de,5,515,2024-05-24 17:05:00,0,0,0.3270202875137329
mlp,de,5,516,2024-05-24 17:10:00,1,0,0.30483996868133545
mlp,de,5,517,2024-05-24 17:10:00,0,0,0.3303406536579132
mlp,de,5,518,2024-05-24 17:15:00,1,0,0.32807913422584534
mlp,de,5,519,2024-05-24 17:15:00,0,0,0.32310596108436584
mlp,de,5,520,2024-05-24 17:20:00,0,0,0.3708035945892334
mlp,de,5,521,2024-05-24 17:20:00,1,0,0.3573186993598938
mlp,de,5,522,2024-05-24 17:25:00,1,0,0.43282073736190796
mlp,de,5,523,2024-05-24 17:25:00,0,0,0.4535989761352539
mlp,de,5,524,2024-05-24 17:30:00,0,1,0.5166133642196655
mlp,de,5,525,2024-05-24 17:30:00,1,1,0.5009487271308899
mlp,de,5,526,2024-05-24 17:35:00,0,1,0.5368236303329468
mlp,de,5,527,2024-05-24 17:35:00,1,1,0.7504890561103821
mlp,de,5,528,2024-05-24 17:40:00,0,1,0.5097479820251465
mlp,de,5,529,2024-05-24 17:40:00,1,1,0.5555176734924316
mlp,de,5,530,2024-05-24 17:45:00,0,0,0.47806912660598755
mlp,de,5,531,2024-05-24 17:45:00,1,0,0.46012330055236816
mlp,de,5,532,2024-05-24 17:50:00,1,0,0.42608779668807983
mlp,de,5,533,2024-05-24 17:50:00,0,1,0.5147095322608948
mlp,de,5,534,2024-05-24 17:55:00,0,0,0.3952252268791199
mlp,de,5,535,2024-05-24 17:55:00,0,0,0.3683584928512573
mlp,de,5,536,2024-05-27 10:40:00,0,0,0.32156914472579956
mlp,de,5,537,2024-05-27 10:45:00,0,1,0.5962468981742859
mlp,de,5,538,2024-05-27 10:50:00,0,0,0.48252585530281067
mlp,de,5,539,2024-05-27 10:55:00,0,0,0.3239782452583313
mlp,de,5,540,2024-05-27 11:00:00,0,0,0.4011695384979248
mlp,de,5,541,2024-05-27 11:05:00,0,0,0.3291137218475342
mlp,de,5,542,2024-05-27 11:10:00,0,0,0.2984202802181244
mlp,de,5,543,2024-05-27 11:15:00,0,0,0.28756582736968994
mlp,de,5,544,2024-05-27 11:20:00,0,0,0.4495715796947479
mlp,de,5,545,2024-05-27 11:25:00,0,0,0.4094945192337036
mlp,de,5,546,2024-05-27 11:30:00,1,0,0.3275891840457916
mlp,de,5,547,2024-05-27 11:30:00,1,0,0.34811854362487793
mlp,de,5,548,2024-05-27 11:35:00,1,0,0.3311685025691986
mlp,de,5,549,2024-05-27 11:35:00,1,0,0.3119940757751465
mlp,de,5,550,2024-05-27 11:40:00,1,0,0.48930203914642334
mlp,de,5,551,2024-05-27 11:40:00,1,0,0.4755326509475708
mlp,de,5,552,2024-05-27 11:45:00,1,1,0.5679416060447693
mlp,de,5,553,2024-05-27 11:45:00,1,1,0.557402491569519
mlp,de,5,554,2024-05-27 11:50:00,1,0,0.49234068393707275
mlp,de,5,555,2024-05-27 11:50:00,1,0,0.48077884316444397
mlp,de,5,556,2024-05-27 11:55:00,1,1,0.601905882358551
mlp,de,5,557,2024-05-27 11:55:00,1,1,0.5977219939231873
mlp,de,5,558,2024-05-27 12:00:00,1,0,0.4808405637741089
mlp,de,5,559,2024-05-27 12:00:00,1,1,0.5167422294616699
mlp,de,5,560,2024-05-27 12:05:00,1,1,0.6361616253852844
mlp,de,5,561,2024-05-27 12:05:00,1,1,0.6213909387588501
mlp,de,5,562,2024-05-27 12:10:00,1,1,0.675102174282074
mlp,de,5,563,2024-05-27 12:10:00,1,1,0.6574273705482483
mlp,de,5,564,2024-05-27 12:15:00,1,1,0.6638292670249939
mlp,de,5,565,2024-05-27 12:15:00,1,1,0.6409539580345154
mlp,de,5,566,2024-05-27 12:20:00,1,1,0.7147783041000366
mlp,de,5,567,2024-05-27 12:20:00,1,1,0.6648780703544617
mlp,de,5,568,2024-05-27 12:25:00,1,1,0.6345343589782715
mlp,de,5,569,2024-05-27 12:30:00,1,1,0.7162907719612122
mlp,de,5,570,2024-05-27 12:30:00,1,1,0.6610851883888245
mlp,de,5,571,2024-05-27 12:35:00,1,1,0.6493673324584961
mlp,de,5,572,2024-05-27 12:35:00,1,1,0.6354143619537354
mlp,de,5,573,2024-05-27 12:40:00,1,1,0.6477073431015015
mlp,de,5,574,2024-05-27 12:40:00,1,1,0.6583966612815857
mlp,de,5,575,2024-05-27 12:45:00,1,1,0.5850493907928467
mlp,de,5,576,2024-05-27 12:45:00,1,1,0.5713857412338257
mlp,de,5,577,2024-05-27 12:50:00,1,0,0.46356651186943054
mlp,de,5,578,2024-05-27 12:50:00,1,0,0.31200680136680603
mlp,de,5,579,2024-05-27 12:55:00,1,1,0.5602049827575684
mlp,de,5,580,2024-05-27 12:55:00,1,1,0.547014594078064
mlp,de,5,581,2024-05-27 13:00:00,1,1,0.5466492772102356
mlp,de,5,582,2024-05-27 13:05:00,1,0,0.4669078290462494
mlp,de,5,583,2024-05-27 13:05:00,1,0,0.4603143334388733
mlp,de,5,584,2024-05-27 13:10:00,1,0,0.43327125906944275
mlp,de,5,585,2024-05-27 13:10:00,1,0,0.4635353088378906
mlp,de,5,586,2024-05-27 13:15:00,1,1,0.5826212763786316
mlp,de,5,587,2024-05-27 13:15:00,1,1,0.5584434270858765
mlp,de,5,588,2024-05-27 13:20:00,1,1,0.523578405380249
mlp,de,5,589,2024-05-27 13:20:00,1,1,0.5324065685272217
mlp,de,5,590,2024-05-27 13:25:00,1,1,0.5559385418891907
mlp,de,5,591,2024-05-27 13:25:00,1,1,0.5756174325942993
mlp,de,5,592,2024-05-27 13:30:00,1,1,0.5842137336730957
mlp,de,5,593,2024-05-27 13:35:00,1,1,0.5878180265426636
mlp,de,5,594,2024-05-27 13:40:00,1,1,0.6504283547401428
mlp,de,5,595,2024-05-27 13:40:00,1,1,0.611976146697998
mlp,de,5,596,2024-05-27 13:45:00,1,1,0.6700129508972168
mlp,de,5,597,2024-05-27 13:45:00,1,1,0.6346493363380432
mlp,de,5,598,2024-05-27 13:50:00,1,1,0.5894516110420227
mlp,de,5,599,2024-05-27 13:50:00,1,1,0.5888663530349731
mlp,de,5,600,2024-05-27 13:55:00,1,1,0.592298686504364
mlp,de,5,601,2024-05-27 13:55:00,1,1,0.586828351020813
mlp,de,5,602,2024-05-27 14:00:00,1,1,0.6148639917373657
mlp,de,5,603,2024-05-27 14:00:00,1,1,0.6274746656417847
mlp,de,5,604,2024-05-27 14:05:00,1,1,0.7279133796691895
mlp,de,5,605,2024-05-27 14:05:00,0,1,0.6967050433158875
mlp,de,5,606,2024-05-27 14:10:00,0,1,0.6388036608695984
mlp,de,5,607,2024-05-27 14:10:00,0,1,0.7209093570709229
mlp,de,5,608,2024-05-27 14:15:00,0,1,0.5049867630004883
mlp,de,5,609,2024-05-27 14:15:00,0,1,0.5015435218811035
mlp,de,5,610,2024-05-27 14:20:00,0,0,0.4114856421947479
mlp,de,5,611,2024-05-27 14:20:00,0,0,0.406782329082489
mlp,de,5,612,2024-05-27 14:25:00,0,0,0.3064625561237335
mlp,de,5,613,2024-05-27 14:25:00,0,0,0.3248647451400757
mlp,de,5,614,2024-05-27 14:30:00,0,0,0.3020806610584259
mlp,de,5,615,2024-05-27 14:30:00,1,0,0.3235083818435669
mlp,de,5,616,2024-05-27 14:35:00,0,0,0.27776017785072327
mlp,de,5,617,2024-05-27 14:35:00,1,0,0.292878657579422
mlp,de,5,618,2024-05-27 14:40:00,1,0,0.3590306043624878
mlp,de,5,619,2024-05-27 14:40:00,0,0,0.29405391216278076
mlp,de,5,620,2024-05-27 14:45:00,0,1,0.5519282221794128
mlp,de,5,621,2024-05-27 14:45:00,1,1,0.5263616442680359
mlp,de,5,622,2024-05-27 14:50:00,0,0,0.4966870844364166
mlp,de,5,623,2024-05-27 14:50:00,1,0,0.4713340997695923
mlp,de,5,624,2024-05-27 14:55:00,0,0,0.43539413809776306
mlp,de,5,625,2024-05-27 14:55:00,1,0,0.44515496492385864
mlp,de,5,626,2024-05-27 15:00:00,1,1,0.5189812779426575
mlp,de,5,627,2024-05-27 15:00:00,0,1,0.569730281829834
mlp,de,5,628,2024-05-27 15:05:00,0,1,0.5789454579353333
mlp,de,5,629,2024-05-27 15:05:00,1,0,0.47450077533721924
mlp,de,5,630,2024-05-27 15:10:00,1,0,0.44407349824905396
mlp,de,5,631,2024-05-27 15:10:00,1,0,0.49783384799957275
mlp,de,5,632,2024-05-27 15:15:00,1,1,0.5198153257369995
mlp,de,5,633,2024-05-27 15:15:00,1,1,0.55586838722229
mlp,de,5,634,2024-05-27 15:20:00,1,1,0.6065698862075806
mlp,de,5,635,2024-05-27 15:20:00,1,1,0.6236975193023682
mlp,de,5,636,2024-05-27 15:25:00,1,1,0.6997358202934265
mlp,de,5,637,2024-05-27 15:25:00,1,1,0.7790516018867493
mlp,de,5,638,2024-05-27 15:30:00,1,1,0.6273185610771179
mlp,de,5,639,2024-05-27 15:30:00,1,1,0.6656767725944519
mlp,de,5,640,2024-05-27 15:35:00,1,1,0.5293575525283813
mlp,de,5,641,2024-05-27 15:35:00,1,1,0.5201359391212463
mlp,de,5,642,2024-05-27 15:40:00,1,0,0.4890415668487549
mlp,de,5,643,2024-05-27 15:40:00,1,0,0.4593362510204315
mlp,de,5,644,2024-05-27 15:45:00,1,0,0.4436994194984436
mlp,de,5,645,2024-05-27 15:45:00,1,0,0.3830660879611969
mlp,de,5,646,2024-05-27 15:50:00,1,0,0.41956818103790283
mlp,de,5,647,2024-05-27 15:50:00,1,0,0.27919676899909973
mlp,de,5,648,2024-05-27 15:55:00,1,0,0.42580902576446533
mlp,de,5,649,2024-05-27 15:55:00,1,0,0.37803298234939575
mlp,de,5,650,2024-05-27 16:00:00,1,1,0.5936533808708191
mlp,de,5,651,2024-05-27 16:00:00,1,1,0.7221683859825134
mlp,de,5,652,2024-05-27 16:05:00,1,1,0.7030296325683594
mlp,de,5,653,2024-05-27 16:05:00,1,1,0.7316824793815613
mlp,de,5,654,2024-05-27 16:10:00,1,1,0.6496312022209167
mlp,de,5,655,2024-05-27 16:10:00,1,1,0.7124186158180237
mlp,de,5,656,2024-05-27 16:15:00,1,1,0.6661410331726074
mlp,de,5,657,2024-05-27 16:15:00,1,1,0.6206919550895691
mlp,de,5,658,2024-05-27 16:20:00,1,1,0.6566135287284851
mlp,de,5,659,2024-05-27 16:20:00,0,1,0.7209179997444153
mlp,de,5,660,2024-05-27 16:25:00,1,1,0.5974262952804565
mlp,de,5,661,2024-05-27 16:25:00,0,1,0.6268441081047058
mlp,de,5,662,2024-05-27 16:30:00,0,1,0.6033361554145813
mlp,de,5,663,2024-05-27 16:30:00,1,1,0.601265013217926
mlp,de,5,664,2024-05-27 16:35:00,0,1,0.6075074672698975
mlp,de,5,665,2024-05-27 16:35:00,1,1,0.5901667475700378
mlp,de,5,666,2024-05-27 16:40:00,0,1,0.5151855945587158
mlp,de,5,667,2024-05-27 16:40:00,1,1,0.5183494091033936
mlp,de,5,668,2024-05-27 16:45:00,1,1,0.5307120680809021
mlp,de,5,669,2024-05-27 16:45:00,0,1,0.592370331287384
mlp,de,5,670,2024-05-27 16:50:00,1,1,0.5729312300682068
mlp,de,5,671,2024-05-27 16:50:00,0,1,0.6349882483482361
mlp,de,5,672,2024-05-27 16:55:00,0,1,0.5751867294311523
mlp,de,5,673,2024-05-27 16:55:00,1,1,0.5808794498443604
mlp,de,5,674,2024-05-27 17:00:00,0,1,0.6479183435440063
mlp,de,5,675,2024-05-27 17:00:00,1,1,0.5776814222335815
mlp,de,5,676,2024-05-27 17:05:00,0,0,0.4748844504356384
mlp,de,5,677,2024-05-27 17:05:00,1,1,0.5145317316055298
mlp,de,5,678,2024-05-27 17:10:00,1,0,0.4282607138156891
mlp,de,5,679,2024-05-27 17:10:00,0,0,0.2674577236175537
mlp,de,5,680,2024-05-27 17:15:00,1,1,0.5543696880340576
mlp,de,5,681,2024-05-27 17:15:00,1,0,0.4261796474456787
mlp,de,5,682,2024-05-27 17:20:00,1,0,0.48607194423675537
mlp,de,5,683,2024-05-27 17:20:00,1,0,0.4771665930747986
mlp,de,5,684,2024-05-27 17:25:00,1,1,0.570121169090271
mlp,de,5,685,2024-05-27 17:25:00,1,0,0.4890211522579193
mlp,de,5,686,2024-05-27 17:30:00,1,1,0.5684521794319153
mlp,de,5,687,2024-05-27 17:30:00,1,1,0.63216233253479
mlp,de,5,688,2024-05-27 17:35:00,1,1,0.5640328526496887
mlp,de,5,689,2024-05-27 17:35:00,1,1,0.5645344257354736
mlp,de,5,690,2024-05-27 17:40:00,1,1,0.6036593317985535
mlp,de,5,691,2024-05-27 17:40:00,1,1,0.7338811755180359
mlp,de,5,692,2024-05-27 17:45:00,1,1,0.6111470460891724
mlp,de,5,693,2024-05-27 17:45:00,1,1,0.643347978591919
mlp,de,5,694,2024-05-27 17:50:00,1,1,0.6058545112609863
mlp,de,5,695,2024-05-27 17:50:00,1,1,0.5957137942314148
mlp,de,5,696,2024-05-27 17:55:00,1,0,0.49770861864089966
mlp,de,5,697,2024-05-27 17:55:00,0,0,0.4836982190608978
mlp,de,5,698,2024-05-28 10:40:00,0,0,0.21340999007225037
mlp,de,5,699,2024-05-28 10:45:00,0,0,0.2287905216217041
mlp,de,5,700,2024-05-28 10:50:00,0,0,0.235777348279953
mlp,de,5,701,2024-05-28 10:55:00,0,0,0.23143865168094635
mlp,de,5,702,2024-05-28 11:00:00,0,0,0.24188973009586334
mlp,de,5,703,2024-05-28 11:05:00,0,0,0.30823779106140137
mlp,de,5,704,2024-05-28 11:10:00,0,0,0.3109099566936493
mlp,de,5,705,2024-05-28 11:15:00,0,0,0.30093586444854736
mlp,de,5,706,2024-05-28 11:20:00,0,0,0.3595544993877411
mlp,de,5,707,2024-05-28 11:25:00,0,0,0.3606821894645691
mlp,de,5,708,2024-05-28 11:30:00,0,0,0.31388628482818604
mlp,de,5,709,2024-05-28 11:35:00,1,0,0.2682996392250061
mlp,de,5,710,2024-05-28 11:40:00,1,0,0.3569870591163635
mlp,de,5,711,2024-05-28 11:45:00,1,1,0.5029481053352356
mlp,de,5,712,2024-05-28 11:50:00,1,1,0.5429050326347351
mlp,de,5,713,2024-05-28 11:55:00,1,0,0.4237958788871765
mlp,de,5,714,2024-05-28 12:00:00,1,0,0.4001314342021942
mlp,de,5,715,2024-05-28 12:05:00,1,0,0.3747004568576813
mlp,de,5,716,2024-05-28 12:10:00,1,0,0.4793306291103363
mlp,de,5,717,2024-05-28 12:15:00,1,1,0.5124226808547974
mlp,de,5,718,2024-05-28 12:20:00,1,1,0.6237093806266785
mlp,de,5,719,2024-05-28 12:25:00,1,1,0.6895787715911865
mlp,de,5,720,2024-05-28 12:30:00,1,1,0.5942584276199341
mlp,de,5,721,2024-05-28 12:35:00,1,1,0.6173967719078064
mlp,de,5,722,2024-05-28 12:40:00,1,1,0.6152490377426147
mlp,de,5,723,2024-05-28 12:45:00,1,1,0.6155530214309692
mlp,de,5,724,2024-05-28 12:50:00,1,1,0.6418125033378601
mlp,de,5,725,2024-05-28 12:55:00,1,1,0.6550830006599426
mlp,de,5,726,2024-05-28 13:00:00,0,1,0.6906050443649292
mlp,de,5,727,2024-05-28 13:00:00,0,1,0.6571066975593567
mlp,de,5,728,2024-05-28 13:05:00,0,1,0.5557307600975037
mlp,de,5,729,2024-05-28 13:05:00,0,1,0.5751645565032959
mlp,de,5,730,2024-05-28 13:10:00,0,0,0.47358354926109314
mlp,de,5,731,2024-05-28 13:10:00,0,0,0.47219210863113403
mlp,de,5,732,2024-05-28 13:15:00,0,0,0.3804209232330322
mlp,de,5,733,2024-05-28 13:15:00,0,0,0.3914640247821808
mlp,de,5,734,2024-05-28 13:20:00,0,0,0.26234492659568787
mlp,de,5,735,2024-05-28 13:20:00,0,0,0.24908597767353058
mlp,de,5,736,2024-05-28 13:25:00,0,0,0.29614728689193726
mlp,de,5,737,2024-05-28 13:25:00,0,0,0.26177436113357544
mlp,de,5,738,2024-05-28 13:30:00,0,0,0.3570714294910431
mlp,de,5,739,2024-05-28 13:30:00,0,0,0.3268461227416992
mlp,de,5,740,2024-05-28 13:35:00,0,0,0.38910040259361267
mlp,de,5,741,2024-05-28 13:35:00,0,0,0.37092623114585876
mlp,de,5,742,2024-05-28 13:40:00,0,0,0.3245258927345276
mlp,de,5,743,2024-05-28 13:40:00,0,0,0.3821765184402466
mlp,de,5,744,2024-05-28 13:45:00,0,0,0.3618926405906677
mlp,de,5,745,2024-05-28 13:45:00,0,0,0.3503565490245819
mlp,de,5,746,2024-05-28 13:50:00,0,0,0.2952772378921509
mlp,de,5,747,2024-05-28 13:50:00,0,0,0.2944588363170624
mlp,de,5,748,2024-05-28 13:55:00,0,0,0.2248813807964325
mlp,de,5,749,2024-05-28 13:55:00,0,0,0.22426684200763702
mlp,de,5,750,2024-05-28 14:00:00,0,0,0.21236611902713776
mlp,de,5,751,2024-05-28 14:00:00,0,0,0.21266426146030426
mlp,de,5,752,2024-05-28 14:05:00,0,0,0.23311658203601837
mlp,de,5,753,2024-05-28 14:05:00,0,0,0.23206952214241028
mlp,de,5,754,2024-05-28 14:10:00,0,0,0.26920801401138306
mlp,de,5,755,2024-05-28 14:10:00,0,0,0.262143611907959
mlp,de,5,756,2024-05-28 14:15:00,0,0,0.3169853687286377
mlp,de,5,757,2024-05-28 14:15:00,0,0,0.3133965730667114
mlp,de,5,758,2024-05-28 14:20:00,0,0,0.3889468014240265
mlp,de,5,759,2024-05-28 14:20:00,0,0,0.3815401792526245
mlp,de,5,760,2024-05-28 14:25:00,0,1,0.5770527124404907
mlp,de,5,761,2024-05-28 14:25:00,0,0,0.4968336522579193
mlp,de,5,762,2024-05-28 14:30:00,0,0,0.49792757630348206
mlp,de,5,763,2024-05-28 14:30:00,0,0,0.48883190751075745
mlp,de,5,764,2024-05-28 14:35:00,0,1,0.5180938839912415
mlp,de,5,765,2024-05-28 14:35:00,0,0,0.49664005637168884
mlp,de,5,766,2024-05-28 14:40:00,0,0,0.39328688383102417
mlp,de,5,767,2024-05-28 14:40:00,0,0,0.3885103166103363
mlp,de,5,768,2024-05-28 14:45:00,0,0,0.2891128361225128
mlp,de,5,769,2024-05-28 14:45:00,0,0,0.29976239800453186
mlp,de,5,770,2024-05-28 14:50:00,0,0,0.2643837630748749
mlp,de,5,771,2024-05-28 14:50:00,0,0,0.2659064531326294
mlp,de,5,772,2024-05-28 14:55:00,0,0,0.22369547188282013
mlp,de,5,773,2024-05-28 14:55:00,0,0,0.22656357288360596
mlp,de,5,774,2024-05-28 15:00:00,0,0,0.2372751533985138
mlp,de,5,775,2024-05-28 15:00:00,0,0,0.23952795565128326
mlp,de,5,776,2024-05-28 15:05:00,0,0,0.3218618333339691
mlp,de,5,777,2024-05-28 15:05:00,0,0,0.328185498714447
mlp,de,5,778,2024-05-28 15:10:00,0,0,0.36177122592926025
mlp,de,5,779,2024-05-28 15:10:00,0,0,0.3580368459224701
mlp,de,5,780,2024-05-28 15:15:00,0,0,0.3032044768333435
mlp,de,5,781,2024-05-28 15:15:00,0,0,0.3045402765274048
mlp,de,5,782,2024-05-28 15:20:00,0,0,0.2638416588306427
mlp,de,5,783,2024-05-28 15:20:00,0,0,0.26715683937072754
mlp,de,5,784,2024-05-28 15:25:00,0,0,0.2958984673023224
mlp,de,5,785,2024-05-28 15:25:00,0,0,0.308732807636261
mlp,de,5,786,2024-05-28 15:30:00,0,0,0.263499915599823
mlp,de,5,787,2024-05-28 15:30:00,0,0,0.25422418117523193
mlp,de,5,788,2024-05-28 15:35:00,0,0,0.25015339255332947
mlp,de,5,789,2024-05-28 15:35:00,0,0,0.24792008101940155
mlp,de,5,790,2024-05-28 15:40:00,0,0,0.23897220194339752
mlp,de,5,791,2024-05-28 15:40:00,0,0,0.250524640083313
mlp,de,5,792,2024-05-28 15:45:00,0,0,0.2724495530128479
mlp,de,5,793,2024-05-28 15:45:00,0,0,0.25655677914619446
mlp,de,5,794,2024-05-28 15:50:00,0,0,0.32217034697532654
mlp,de,5,795,2024-05-28 15:50:00,0,0,0.3149038255214691
mlp,de,5,796,2024-05-28 15:55:00,0,0,0.4761030972003937
mlp,de,5,797,2024-05-28 15:55:00,0,0,0.45981937646865845
mlp,de,5,798,2024-05-28 16:00:00,0,0,0.4131074547767639
mlp,de,5,799,2024-05-28 16:00:00,0,0,0.4339548647403717
mlp,de,5,800,2024-05-28 16:05:00,0,0,0.37781980633735657
mlp,de,5,801,2024-05-28 16:05:00,0,0,0.34218913316726685
mlp,de,5,802,2024-05-28 16:10:00,1,0,0.34676092863082886
mlp,de,5,803,2024-05-28 16:10:00,1,0,0.3356592059135437
mlp,de,5,804,2024-05-28 16:15:00,1,0,0.3277873396873474
mlp,de,5,805,2024-05-28 16:15:00,1,0,0.3048955202102661
mlp,de,5,806,2024-05-28 16:20:00,1,0,0.38589438796043396
mlp,de,5,807,2024-05-28 16:20:00,1,0,0.3562481999397278
mlp,de,5,808,2024-05-28 16:25:00,1,0,0.49305275082588196
mlp,de,5,809,2024-05-28 16:25:00,1,0,0.4752260148525238
mlp,de,5,810,2024-05-28 16:30:00,1,1,0.5298296809196472
mlp,de,5,811,2024-05-28 16:30:00,1,1,0.5311864614486694
mlp,de,5,812,2024-05-28 16:35:00,1,1,0.6361240744590759
mlp,de,5,813,2024-05-28 16:35:00,1,1,0.6273983120918274
mlp,de,5,814,2024-05-28 16:40:00,1,0,0.48104527592658997
mlp,de,5,815,2024-05-28 16:40:00,1,1,0.5064449906349182
mlp,de,5,816,2024-05-28 16:45:00,1,1,0.59825199842453
mlp,de,5,817,2024-05-28 16:45:00,1,1,0.5946959257125854
mlp,de,5,818,2024-05-28 16:50:00,1,1,0.6776060461997986
mlp,de,5,819,2024-05-28 16:50:00,0,1,0.6991533041000366
mlp,de,5,820,2024-05-28 16:55:00,0,1,0.6871790885925293
mlp,de,5,821,2024-05-28 16:55:00,0,1,0.6829243302345276
mlp,de,5,822,2024-05-28 17:00:00,0,1,0.6438090205192566
mlp,de,5,823,2024-05-28 17:00:00,0,1,0.6589475870132446
mlp,de,5,824,2024-05-28 17:05:00,0,1,0.5329283475875854
mlp,de,5,825,2024-05-28 17:05:00,0,1,0.5172915458679199
mlp,de,5,826,2024-05-28 17:10:00,0,0,0.3950265347957611
mlp,de,5,827,2024-05-28 17:10:00,0,0,0.38202664256095886
mlp,de,5,828,2024-05-28 17:15:00,0,0,0.4733635485172272
mlp,de,5,829,2024-05-28 17:15:00,0,0,0.43495097756385803
mlp,de,5,830,2024-05-28 17:20:00,0,0,0.36045968532562256
mlp,de,5,831,2024-05-28 17:20:00,0,0,0.44234123826026917
mlp,de,5,832,2024-05-28 17:25:00,0,0,0.3884369432926178
mlp,de,5,833,2024-05-28 17:25:00,0,0,0.3623769283294678
mlp,de,5,834,2024-05-28 17:30:00,0,0,0.37027662992477417
mlp,de,5,835,2024-05-28 17:30:00,0,0,0.3210105001926422
mlp,de,5,836,2024-05-28 17:35:00,0,0,0.36929765343666077
mlp,de,5,837,2024-05-28 17:35:00,0,0,0.3663036823272705
mlp,de,5,838,2024-05-28 17:40:00,0,0,0.2770925760269165
mlp,de,5,839,2024-05-28 17:40:00,0,0,0.27431654930114746
mlp,de,5,840,2024-05-28 17:45:00,0,0,0.38243091106414795
mlp,de,5,841,2024-05-28 17:45:00,0,0,0.3678101599216461
mlp,de,5,842,2024-05-28 17:50:00,0,0,0.38117632269859314
mlp,de,5,843,2024-05-28 17:50:00,0,0,0.3473818600177765
mlp,de,5,844,2024-05-28 17:55:00,1,0,0.3099019527435303
mlp,de,5,845,2024-05-28 17:55:00,1,0,0.3474937081336975
mlp,de,5,846,2024-05-29 10:40:00,1,0,0.36315107345581055
mlp,de,5,847,2024-05-29 10:40:00,1,0,0.369500070810318
mlp,de,5,848,2024-05-29 10:45:00,1,0,0.48578178882598877
mlp,de,5,849,2024-05-29 10:45:00,1,0,0.4816250503063202
mlp,de,5,850,2024-05-29 10:50:00,1,1,0.5578370690345764
mlp,de,5,851,2024-05-29 10:50:00,1,1,0.5569945573806763
mlp,de,5,852,2024-05-29 10:55:00,1,1,0.6439495086669922
mlp,de,5,853,2024-05-29 10:55:00,1,1,0.6336925029754639
mlp,de,5,854,2024-05-29 11:00:00,1,1,0.6886143684387207
mlp,de,5,855,2024-05-29 11:00:00,1,1,0.7036499381065369
mlp,de,5,856,2024-05-29 11:05:00,1,1,0.7363018989562988
mlp,de,5,857,2024-05-29 11:05:00,1,1,0.7289484143257141
mlp,de,5,858,2024-05-29 11:10:00,1,1,0.738960325717926
mlp,de,5,859,2024-05-29 11:10:00,1,1,0.721198320388794
mlp,de,5,860,2024-05-29 11:15:00,1,1,0.678335428237915
mlp,de,5,861,2024-05-29 11:15:00,1,1,0.6567613482475281
mlp,de,5,862,2024-05-29 11:20:00,1,1,0.5883597135543823
mlp,de,5,863,2024-05-29 11:20:00,1,1,0.5790725946426392
mlp,de,5,864,2024-05-29 11:25:00,1,1,0.6504446864128113
mlp,de,5,865,2024-05-29 11:25:00,1,1,0.6842355132102966
mlp,de,5,866,2024-05-29 11:30:00,1,1,0.6042206287384033
mlp,de,5,867,2024-05-29 11:30:00,1,1,0.6229715347290039
mlp,de,5,868,2024-05-29 11:35:00,1,1,0.6676124930381775
mlp,de,5,869,2024-05-29 11:35:00,1,1,0.6397624611854553
mlp,de,5,870,2024-05-29 11:40:00,1,1,0.6376878619194031
mlp,de,5,871,2024-05-29 11:40:00,1,1,0.6458185315132141
mlp,de,5,872,2024-05-29 11:45:00,0,1,0.6976619958877563
mlp,de,5,873,2024-05-29 11:45:00,0,1,0.6755703091621399
mlp,de,5,874,2024-05-29 11:50:00,0,1,0.698901891708374
mlp,de,5,875,2024-05-29 11:50:00,0,1,0.6960703134536743
mlp,de,5,876,2024-05-29 11:55:00,0,1,0.6343597173690796
mlp,de,5,877,2024-05-29 11:55:00,0,1,0.6314092874526978
mlp,de,5,878,2024-05-29 12:00:00,0,1,0.6843216419219971
mlp,de,5,879,2024-05-29 12:00:00,0,1,0.6395789980888367
mlp,de,5,880,2024-05-29 12:05:00,0,1,0.6101987361907959
mlp,de,5,881,2024-05-29 12:05:00,0,1,0.581734836101532
mlp,de,5,882,2024-05-29 12:10:00,0,0,0.41262757778167725
mlp,de,5,883,2024-05-29 12:10:00,0,0,0.4127647578716278
mlp,de,5,884,2024-05-29 12:15:00,0,0,0.3394702076911926
mlp,de,5,885,2024-05-29 12:15:00,1,0,0.340254545211792
mlp,de,5,886,2024-05-29 12:20:00,0,0,0.384438157081604
mlp,de,5,887,2024-05-29 12:20:00,1,0,0.3708874583244324
mlp,de,5,888,2024-05-29 12:25:00,0,0,0.43461528420448303
mlp,de,5,889,2024-05-29 12:25:00,1,0,0.420020192861557
mlp,de,5,890,2024-05-29 12:30:00,0,0,0.3806314468383789
mlp,de,5,891,2024-05-29 12:30:00,1,0,0.3497551381587982
mlp,de,5,892,2024-05-29 12:35:00,1,1,0.5072017312049866
mlp,de,5,893,2024-05-29 12:35:00,0,1,0.5027280449867249
mlp,de,5,894,2024-05-29 12:40:00,1,1,0.6073443293571472
mlp,de,5,895,2024-05-29 12:40:00,0,1,0.6126546263694763
mlp,de,5,896,2024-05-29 12:45:00,0,1,0.7110613584518433
mlp,de,5,897,2024-05-29 12:45:00,1,1,0.7325811982154846
mlp,de,5,898,2024-05-29 12:50:00,1,1,0.6959323883056641
mlp,de,5,899,2024-05-29 12:50:00,0,1,0.7110683917999268
mlp,de,5,900,2024-05-29 12:55:00,1,1,0.6557596921920776
mlp,de,5,901,2024-05-29 12:55:00,0,1,0.6633991003036499
mlp,de,5,902,2024-05-29 13:00:00,0,1,0.5540364384651184
mlp,de,5,903,2024-05-29 13:00:00,1,1,0.5118564367294312
mlp,de,5,904,2024-05-29 13:05:00,1,0,0.43716636300086975
mlp,de,5,905,2024-05-29 13:05:00,0,0,0.4906274080276489
mlp,de,5,906,2024-05-29 13:10:00,0,0,0.45136094093322754
mlp,de,5,907,2024-05-29 13:10:00,1,0,0.435508131980896
mlp,de,5,908,2024-05-29 13:15:00,1,0,0.49103233218193054
mlp,de,5,909,2024-05-29 13:15:00,0,0,0.48731333017349243
mlp,de,5,910,2024-05-29 13:20:00,1,1,0.5281326174736023
mlp,de,5,911,2024-05-29 13:20:00,0,1,0.5000572800636292
mlp,de,5,912,2024-05-29 13:25:00,1,1,0.5703116655349731
mlp,de,5,913,2024-05-29 13:25:00,0,1,0.5232087969779968
mlp,de,5,914,2024-05-29 13:30:00,1,1,0.5718870162963867
mlp,de,5,915,2024-05-29 13:30:00,0,1,0.5600270628929138
mlp,de,5,916,2024-05-29 13:35:00,0,1,0.6397132873535156
mlp,de,5,917,2024-05-29 13:35:00,0,1,0.7149197459220886
mlp,de,5,918,2024-05-29 13:40:00,0,0,0.4699926972389221
mlp,de,5,919,2024-05-29 13:40:00,0,0,0.49371129274368286
mlp,de,5,920,2024-05-29 13:45:00,0,0,0.36145639419555664
mlp,de,5,921,2024-05-29 13:45:00,0,0,0.4749760329723358
mlp,de,5,922,2024-05-29 13:50:00,0,1,0.5205005407333374
mlp,de,5,923,2024-05-29 13:50:00,0,1,0.5362956523895264
mlp,de,5,924,2024-05-29 13:55:00,0,0,0.4849957227706909
mlp,de,5,925,2024-05-29 13:55:00,0,1,0.5004347562789917
mlp,de,5,926,2024-05-29 14:00:00,0,0,0.4083513021469116
mlp,de,5,927,2024-05-29 14:00:00,0,0,0.4216306507587433
mlp,de,5,928,2024-05-29 14:05:00,0,0,0.38135749101638794
mlp,de,5,929,2024-05-29 14:05:00,0,0,0.34464532136917114
mlp,de,5,930,2024-05-29 14:10:00,0,0,0.3663625717163086
mlp,de,5,931,2024-05-29 14:10:00,0,0,0.3522428572177887
mlp,de,5,932,2024-05-29 14:15:00,0,0,0.31991708278656006
mlp,de,5,933,2024-05-29 14:15:00,0,0,0.29813939332962036
mlp,de,5,934,2024-05-29 14:20:00,0,0,0.26397496461868286
mlp,de,5,935,2024-05-29 14:20:00,0,0,0.26522961258888245
mlp,de,5,936,2024-05-29 14:25:00,0,0,0.28326505422592163
mlp,de,5,937,2024-05-29 14:25:00,0,0,0.284478098154068
mlp,de,5,938,2024-05-29 14:30:00,0,0,0.24628980457782745
mlp,de,5,939,2024-05-29 14:30:00,0,0,0.25344645977020264
mlp,de,5,940,2024-05-29 14:35:00,0,0,0.2619713842868805
mlp,de,5,941,2024-05-29 14:35:00,0,0,0.2561104893684387
mlp,de,5,942,2024-05-29 14:40:00,0,0,0.25599440932273865
mlp,de,5,943,2024-05-29 14:40:00,0,0,0.25622108578681946
mlp,de,5,944,2024-05-29 14:45:00,1,0,0.25935009121894836
mlp,de,5,945,2024-05-29 14:45:00,1,0,0.2667515277862549
mlp,de,5,946,2024-05-29 14:50:00,1,0,0.3557075262069702
mlp,de,5,947,2024-05-29 14:50:00,1,0,0.34668442606925964
mlp,de,5,948,2024-05-29 14:55:00,1,0,0.47019705176353455
mlp,de,5,949,2024-05-29 14:55:00,1,0,0.4685596227645874
mlp,de,5,950,2024-05-29 15:00:00,1,1,0.6106278896331787
mlp,de,5,951,2024-05-29 15:00:00,1,1,0.5956331491470337
mlp,de,5,952,2024-05-29 15:05:00,1,1,0.7273179888725281
mlp,de,5,953,2024-05-29 15:05:00,1,1,0.7115550637245178
mlp,de,5,954,2024-05-29 15:10:00,1,1,0.7420746684074402
mlp,de,5,955,2024-05-29 15:10:00,1,1,0.7252315282821655
mlp,de,5,956,2024-05-29 15:15:00,1,1,0.6567729711532593
mlp,de,5,957,2024-05-29 15:15:00,1,1,0.6677938103675842
mlp,de,5,958,2024-05-29 15:20:00,1,1,0.6613476872444153
mlp,de,5,959,2024-05-29 15:20:00,1,1,0.6636816263198853
mlp,de,5,960,2024-05-29 15:25:00,1,1,0.7268911600112915
mlp,de,5,961,2024-05-29 15:25:00,1,1,0.7039809823036194
mlp,de,5,962,2024-05-29 15:30:00,1,1,0.6401516795158386
mlp,de,5,963,2024-05-29 15:30:00,1,1,0.6311817765235901
mlp,de,5,964,2024-05-29 15:35:00,1,1,0.523537814617157
mlp,de,5,965,2024-05-29 15:35:00,1,1,0.5056970119476318
mlp,de,5,966,2024-05-29 15:40:00,1,1,0.504785418510437
mlp,de,5,967,2024-05-29 15:40:00,1,0,0.4851585030555725
mlp,de,5,968,2024-05-29 15:45:00,1,0,0.42103326320648193
mlp,de,5,969,2024-05-29 15:45:00,1,0,0.3597589135169983
mlp,de,5,970,2024-05-29 15:50:00,1,0,0.4224996864795685
mlp,de,5,971,2024-05-29 15:50:00,1,0,0.42635396122932434
mlp,de,5,972,2024-05-29 15:55:00,1,1,0.5401622653007507
mlp,de,5,973,2024-05-29 15:55:00,1,0,0.4964807331562042
mlp,de,5,974,2024-05-29 16:00:00,1,1,0.5470200777053833
mlp,de,5,975,2024-05-29 16:00:00,1,1,0.5643864870071411
mlp,de,5,976,2024-05-29 16:05:00,1,1,0.5447425842285156
mlp,de,5,977,2024-05-29 16:05:00,1,1,0.5617839694023132
mlp,de,5,978,2024-05-29 16:10:00,1,1,0.5859678387641907
mlp,de,5,979,2024-05-29 16:10:00,1,1,0.5805488228797913
mlp,de,5,980,2024-05-29 16:15:00,1,1,0.6742843985557556
mlp,de,5,981,2024-05-29 16:15:00,1,1,0.641022264957428
mlp,de,5,982,2024-05-29 16:20:00,0,1,0.7160171866416931
mlp,de,5,983,2024-05-29 16:20:00,0,1,0.7035825252532959
mlp,de,5,984,2024-05-29 16:25:00,0,1,0.7193265557289124
mlp,de,5,985,2024-05-29 16:25:00,0,1,0.7179145216941833
mlp,de,5,986,2024-05-29 16:30:00,0,1,0.6733269095420837
mlp,de,5,987,2024-05-29 16:30:00,0,1,0.6754583716392517
mlp,de,5,988,2024-05-29 16:35:00,0,1,0.6752980947494507
mlp,de,5,989,2024-05-29 16:35:00,0,1,0.676490306854248
mlp,de,5,990,2024-05-29 16:40:00,0,1,0.5145614147186279
mlp,de,5,991,2024-05-29 16:40:00,0,0,0.4755535125732422
mlp,de,5,992,2024-05-29 16:45:00,0,0,0.3853273093700409
mlp,de,5,993,2024-05-29 16:45:00,0,0,0.3124321401119232
mlp,de,5,994,2024-05-29 16:50:00,0,0,0.3308257460594177
mlp,de,5,995,2024-05-29 16:50:00,0,0,0.3430646061897278
mlp,de,5,996,2024-05-29 16:55:00,0,0,0.31225547194480896
mlp,de,5,997,2024-05-29 16:55:00,0,0,0.29289716482162476
mlp,de,5,998,2024-05-29 17:00:00,0,0,0.2592305541038513
mlp,de,5,999,2024-05-29 17:00:00,0,0,0.3049795627593994
mlp,de,5,1000,2024-05-29 17:05:00,0,0,0.2648264169692993
mlp,de,5,1001,2024-05-29 17:05:00,0,0,0.25040289759635925
mlp,de,5,1002,2024-05-29 17:10:00,0,0,0.25753557682037354
mlp,de,5,1003,2024-05-29 17:10:00,0,0,0.2619532346725464
mlp,de,5,1004,2024-05-29 17:15:00,0,0,0.41642671823501587
mlp,de,5,1005,2024-05-29 17:15:00,0,0,0.42888113856315613
mlp,de,5,1006,2024-05-29 17:20:00,0,1,0.529219388961792
mlp,de,5,1007,2024-05-29 17:20:00,0,1,0.5090539455413818
mlp,de,5,1008,2024-05-29 17:25:00,0,0,0.4452630579471588
mlp,de,5,1009,2024-05-29 17:25:00,0,0,0.38822120428085327
mlp,de,5,1010,2024-05-29 17:30:00,0,0,0.3872257173061371
mlp,de,5,1011,2024-05-29 17:30:00,0,0,0.4055614173412323
mlp,de,5,1012,2024-05-29 17:35:00,0,0,0.47793081402778625
mlp,de,5,1013,2024-05-29 17:35:00,0,0,0.48344528675079346
mlp,de,5,1014,2024-05-29 17:40:00,0,1,0.5107543468475342
mlp,de,5,1015,2024-05-29 17:40:00,0,1,0.5351306200027466
mlp,de,5,1016,2024-05-29 17:45:00,0,1,0.5433716773986816
mlp,de,5,1017,2024-05-29 17:45:00,0,1,0.5534480810165405
mlp,de,5,1018,2024-05-29 17:50:00,0,0,0.4936639368534088
mlp,de,5,1019,2024-05-29 17:50:00,0,1,0.5951666235923767
mlp,de,5,1020,2024-05-29 17:55:00,0,1,0.5004394054412842
mlp,de,5,1021,2024-05-29 17:55:00,0,1,0.5228350162506104
mlp,de,5,1022,2024-05-31 12:35:00,1,0,0.3821556270122528
mlp,de,5,1023,2024-05-31 12:40:00,1,0,0.35336098074913025
mlp,de,5,1024,2024-05-31 12:45:00,1,1,0.526519775390625
mlp,de,5,1025,2024-05-31 12:50:00,1,1,0.6199216842651367
mlp,de,5,1026,2024-05-31 12:55:00,1,0,0.4856201410293579
mlp,de,5,1027,2024-05-31 13:00:00,1,0,0.4423248767852783
mlp,de,5,1028,2024-05-31 13:05:00,1,0,0.4804910123348236
mlp,de,5,1029,2024-05-31 13:10:00,1,0,0.4806857109069824
mlp,de,5,1030,2024-05-31 13:15:00,1,0,0.40086889266967773
mlp,de,5,1031,2024-05-31 13:20:00,1,0,0.38044843077659607
mlp,de,5,1032,2024-05-31 13:25:00,1,0,0.3281833231449127
mlp,de,5,1033,2024-05-31 13:25:00,1,0,0.34094470739364624
mlp,de,5,1034,2024-05-31 13:30:00,1,0,0.41291549801826477
mlp,de,5,1035,2024-05-31 13:30:00,1,0,0.4221652150154114
mlp,de,5,1036,2024-05-31 13:35:00,1,1,0.5308656692504883
mlp,de,5,1037,2024-05-31 13:35:00,1,1,0.5333364009857178
mlp,de,5,1038,2024-05-31 13:40:00,1,1,0.558667778968811
mlp,de,5,1039,2024-05-31 13:40:00,1,1,0.5698537826538086
mlp,de,5,1040,2024-05-31 13:45:00,1,1,0.5921921133995056
mlp,de,5,1041,2024-05-31 13:45:00,1,1,0.6190310716629028
mlp,de,5,1042,2024-05-31 13:50:00,1,1,0.6301831603050232
mlp,de,5,1043,2024-05-31 13:50:00,1,1,0.6172030568122864
mlp,de,5,1044,2024-05-31 13:55:00,1,1,0.6884492635726929
mlp,de,5,1045,2024-05-31 13:55:00,1,1,0.6657469868659973
mlp,de,5,1046,2024-05-31 14:00:00,1,1,0.6267143487930298
mlp,de,5,1047,2024-05-31 14:00:00,1,1,0.630768358707428
mlp,de,5,1048,2024-05-31 14:05:00,1,1,0.7058218717575073
mlp,de,5,1049,2024-05-31 14:05:00,1,1,0.6562431454658508
mlp,de,5,1050,2024-05-31 14:10:00,1,1,0.7159371376037598
mlp,de,5,1051,2024-05-31 14:10:00,1,1,0.6976706981658936
mlp,de,5,1052,2024-05-31 14:15:00,1,1,0.5558726787567139
mlp,de,5,1053,2024-05-31 14:15:00,1,1,0.6061615943908691
mlp,de,5,1054,2024-05-31 14:20:00,1,1,0.5191068053245544
mlp,de,5,1055,2024-05-31 14:20:00,1,1,0.5496751070022583
mlp,de,5,1056,2024-05-31 14:25:00,1,1,0.5422016382217407
mlp,de,5,1057,2024-05-31 14:25:00,1,1,0.5568239092826843
mlp,de,5,1058,2024-05-31 14:30:00,1,1,0.625071108341217
mlp,de,5,1059,2024-05-31 14:30:00,1,1,0.5814141035079956
mlp,de,5,1060,2024-05-31 14:35:00,1,1,0.6465789675712585
mlp,de,5,1061,2024-05-31 14:35:00,1,1,0.6345131993293762
mlp,de,5,1062,2024-05-31 14:40:00,1,1,0.6360265612602234
mlp,de,5,1063,2024-05-31 14:40:00,1,1,0.6038769483566284
mlp,de,5,1064,2024-05-31 14:45:00,1,1,0.643869936466217
mlp,de,5,1065,2024-05-31 14:45:00,1,1,0.6045412421226501
mlp,de,5,1066,2024-05-31 14:50:00,1,1,0.5281566381454468
mlp,de,5,1067,2024-05-31 14:50:00,1,1,0.5506333708763123
mlp,de,5,1068,2024-05-31 14:55:00,1,1,0.5230050086975098
mlp,de,5,1069,2024-05-31 14:55:00,1,1,0.5244667530059814
mlp,de,5,1070,2024-05-31 15:00:00,1,0,0.4789275825023651
mlp,de,5,1071,2024-05-31 15:00:00,1,1,0.5013606548309326
mlp,de,5,1072,2024-05-31 15:05:00,0,1,0.6030614972114563
mlp,de,5,1073,2024-05-31 15:05:00,0,1,0.5918013453483582
mlp,de,5,1074,2024-05-31 15:10:00,0,1,0.5902765393257141
mlp,de,5,1075,2024-05-31 15:10:00,0,1,0.5987492203712463
mlp,de,5,1076,2024-05-31 15:15:00,0,1,0.5669605135917664
mlp,de,5,1077,2024-05-31 15:15:00,0,1,0.6220813393592834
mlp,de,5,1078,2024-05-31 15:20:00,0,0,0.49685147404670715
mlp,de,5,1079,2024-05-31 15:20:00,0,0,0.48679110407829285
mlp,de,5,1080,2024-05-31 15:25:00,0,1,0.5487532019615173
mlp,de,5,1081,2024-05-31 15:25:00,0,1,0.5624586343765259
mlp,de,5,1082,2024-05-31 15:30:00,0,0,0.3437206745147705
mlp,de,5,1083,2024-05-31 15:30:00,0,1,0.518827497959137
mlp,de,5,1084,2024-05-31 15:35:00,0,0,0.4903161823749542
mlp,de,5,1085,2024-05-31 15:35:00,0,0,0.4829528033733368
mlp,de,5,1086,2024-05-31 15:40:00,0,0,0.40648818016052246
mlp,de,5,1087,2024-05-31 15:40:00,0,0,0.4098200500011444
mlp,de,5,1088,2024-05-31 15:45:00,0,0,0.38698697090148926
mlp,de,5,1089,2024-05-31 15:45:00,0,0,0.36068493127822876
mlp,de,5,1090,2024-05-31 15:50:00,0,0,0.3898265063762665
mlp,de,5,1091,2024-05-31 15:50:00,0,0,0.3854386806488037
mlp,de,5,1092,2024-05-31 15:55:00,0,0,0.3201505243778229
mlp,de,5,1093,2024-05-31 15:55:00,0,0,0.36646735668182373
mlp,de,5,1094,2024-05-31 16:00:00,1,0,0.3203562796115875
mlp,de,5,1095,2024-05-31 16:00:00,1,0,0.3212744891643524
mlp,de,5,1096,2024-05-31 16:05:00,1,0,0.32911500334739685
mlp,de,5,1097,2024-05-31 16:05:00,1,0,0.33975210785865784
mlp,de,5,1098,2024-05-31 16:10:00,1,0,0.46948501467704773
mlp,de,5,1099,2024-05-31 16:10:00,1,0,0.47127944231033325
mlp,de,5,1100,2024-05-31 16:15:00,1,1,0.5609642863273621
mlp,de,5,1101,2024-05-31 16:15:00,1,1,0.5519205927848816
mlp,de,5,1102,2024-05-31 16:20:00,1,1,0.5769244432449341
mlp,de,5,1103,2024-05-31 16:20:00,1,1,0.5268117785453796
mlp,de,5,1104,2024-05-31 16:25:00,1,1,0.5544091463088989
mlp,de,5,1105,2024-05-31 16:25:00,1,1,0.5441909432411194
mlp,de,5,1106,2024-05-31 16:30:00,1,0,0.43885940313339233
mlp,de,5,1107,2024-05-31 16:30:00,1,0,0.48087194561958313
mlp,de,5,1108,2024-05-31 16:35:00,1,1,0.5273069143295288
mlp,de,5,1109,2024-05-31 16:35:00,1,1,0.544906497001648
mlp,de,5,1110,2024-05-31 16:40:00,1,1,0.6427401900291443
mlp,de,5,1111,2024-05-31 16:40:00,1,1,0.6304419040679932
mlp,de,5,1112,2024-05-31 16:45:00,1,1,0.6186383962631226
mlp,de,5,1113,2024-05-31 16:45:00,1,1,0.6533263921737671
mlp,de,5,1114,2024-05-31 16:50:00,1,1,0.6879261136054993
mlp,de,5,1115,2024-05-31 16:50:00,1,1,0.6799494624137878
mlp,de,5,1116,2024-05-31 16:55:00,0,1,0.7376773953437805
mlp,de,5,1117,2024-05-31 16:55:00,0,1,0.717756986618042
mlp,de,5,1118,2024-05-31 17:00:00,0,1,0.6476593017578125
mlp,de,5,1119,2024-05-31 17:00:00,0,1,0.6439136266708374
mlp,de,5,1120,2024-05-31 17:05:00,0,0,0.47517940402030945
mlp,de,5,1121,2024-05-31 17:05:00,0,1,0.5224876403808594
mlp,de,5,1122,2024-05-31 17:10:00,0,0,0.4970276355743408
mlp,de,5,1123,2024-05-31 17:10:00,0,0,0.4853517413139343
mlp,de,5,1124,2024-05-31 17:15:00,0,1,0.5721837282180786
mlp,de,5,1125,2024-05-31 17:15:00,0,1,0.566378653049469
mlp,de,5,1126,2024-05-31 17:20:00,0,1,0.542351245880127
mlp,de,5,1127,2024-05-31 17:20:00,0,1,0.5533788800239563
mlp,de,5,1128,2024-05-31 17:25:00,0,0,0.4759790003299713
mlp,de,5,1129,2024-05-31 17:25:00,0,0,0.4758046865463257
mlp,de,5,1130,2024-05-31 17:30:00,0,1,0.5190028548240662
mlp,de,5,1131,2024-05-31 17:30:00,0,1,0.5876708030700684
mlp,de,5,1132,2024-05-31 17:35:00,0,1,0.5241292715072632
mlp,de,5,1133,2024-05-31 17:35:00,0,1,0.5861201882362366
mlp,de,5,1134,2024-05-31 17:40:00,0,1,0.5431020855903625
mlp,de,5,1135,2024-05-31 17:40:00,0,1,0.6495307683944702
mlp,de,5,1136,2024-05-31 17:45:00,0,1,0.5060320496559143
mlp,de,5,1137,2024-05-31 17:45:00,0,0,0.4861053228378296
mlp,de,5,1138,2024-05-31 17:50:00,0,1,0.5627370476722717
mlp,de,5,1139,2024-05-31 17:50:00,0,1,0.5813812613487244
mlp,de,5,1140,2024-05-31 17:55:00,0,1,0.5608595609664917
mlp,de,5,1141,2024-05-31 17:55:00,0,1,0.620032548904419
mlp,de,5,1142,2024-06-03 10:50:00,1,0,0.23036493360996246
mlp,de,5,1143,2024-06-03 10:50:00,1,0,0.2259308397769928
mlp,de,5,1144,2024-06-03 10:55:00,1,0,0.2777087390422821
mlp,de,5,1145,2024-06-03 10:55:00,1,0,0.2663334012031555
mlp,de,5,1146,2024-06-03 11:00:00,1,0,0.3127193748950958
mlp,de,5,1147,2024-06-03 11:00:00,1,0,0.3081873059272766
mlp,de,5,1148,2024-06-03 11:05:00,1,0,0.353578120470047
mlp,de,5,1149,2024-06-03 11:05:00,1,0,0.35129499435424805
mlp,de,5,1150,2024-06-03 11:10:00,1,0,0.471125066280365
mlp,de,5,1151,2024-06-03 11:10:00,1,0,0.45033925771713257
mlp,de,5,1152,2024-06-03 11:15:00,1,1,0.6545515060424805
mlp,de,5,1153,2024-06-03 11:15:00,1,1,0.6636344790458679
mlp,de,5,1154,2024-06-03 11:20:00,1,1,0.7020566463470459
mlp,de,5,1155,2024-06-03 11:20:00,1,1,0.7142983078956604
mlp,de,5,1156,2024-06-03 11:25:00,1,1,0.7615556716918945
mlp,de,5,1157,2024-06-03 11:25:00,1,1,0.7567785382270813
mlp,de,5,1158,2024-06-03 11:30:00,1,1,0.7960880994796753
mlp,de,5,1159,2024-06-03 11:30:00,1,1,0.7993834018707275
mlp,de,5,1160,2024-06-03 11:35:00,1,1,0.7820336222648621
mlp,de,5,1161,2024-06-03 11:35:00,1,1,0.7775372266769409
mlp,de,5,1162,2024-06-03 11:40:00,0,1,0.7772375345230103
mlp,de,5,1163,2024-06-03 11:40:00,0,1,0.7821124196052551
mlp,de,5,1164,2024-06-03 11:45:00,0,1,0.7517679333686829
mlp,de,5,1165,2024-06-03 11:45:00,0,1,0.7536243200302124
mlp,de,5,1166,2024-06-03 11:50:00,0,1,0.6571959257125854
mlp,de,5,1167,2024-06-03 11:50:00,0,1,0.6745038628578186
mlp,de,5,1168,2024-06-03 11:55:00,0,1,0.5774673223495483
mlp,de,5,1169,2024-06-03 11:55:00,0,1,0.60088050365448
mlp,de,5,1170,2024-06-03 12:00:00,0,1,0.6157196164131165
mlp,de,5,1171,2024-06-03 12:00:00,0,1,0.6078428626060486
mlp,de,5,1172,2024-06-03 12:05:00,0,1,0.5940353870391846
mlp,de,5,1173,2024-06-03 12:05:00,0,1,0.6263452172279358
mlp,de,5,1174,2024-06-03 12:10:00,0,1,0.5275335907936096
mlp,de,5,1175,2024-06-03 12:10:00,0,1,0.5496357083320618
mlp,de,5,1176,2024-06-03 12:15:00,0,1,0.6346208453178406
mlp,de,5,1177,2024-06-03 12:15:00,0,1,0.6385315656661987
mlp,de,5,1178,2024-06-03 12:20:00,0,1,0.6387564539909363
mlp,de,5,1179,2024-06-03 12:20:00,0,1,0.6607969999313354
mlp,de,5,1180,2024-06-03 12:25:00,0,0,0.4336596429347992
mlp,de,5,1181,2024-06-03 12:25:00,0,0,0.4130527973175049
mlp,de,5,1182,2024-06-03 12:30:00,0,0,0.2772582471370697
mlp,de,5,1183,2024-06-03 12:30:00,0,0,0.27368542551994324
mlp,de,5,1184,2024-06-03 12:35:00,0,0,0.2822433114051819
mlp,de,5,1185,2024-06-03 12:35:00,0,0,0.27755504846572876
mlp,de,5,1186,2024-06-03 12:40:00,0,0,0.28971782326698303
mlp,de,5,1187,2024-06-03 12:40:00,0,0,0.28806012868881226
mlp,de,5,1188,2024-06-03 12:45:00,0,0,0.25925683975219727
mlp,de,5,1189,2024-06-03 12:45:00,0,0,0.3028886914253235
mlp,de,5,1190,2024-06-03 12:50:00,0,0,0.3224087357521057
mlp,de,5,1191,2024-06-03 12:50:00,0,0,0.34313803911209106
mlp,de,5,1192,2024-06-03 12:55:00,0,0,0.32387328147888184
mlp,de,5,1193,2024-06-03 12:55:00,0,0,0.3412088453769684
mlp,de,5,1194,2024-06-03 13:00:00,0,0,0.352603554725647
mlp,de,5,1195,2024-06-03 13:00:00,0,0,0.3959468603134155
mlp,de,5,1196,2024-06-03 13:05:00,0,0,0.3779383599758148
mlp,de,5,1197,2024-06-03 13:05:00,0,0,0.3238436281681061
mlp,de,5,1198,2024-06-03 13:10:00,0,0,0.3062584400177002
mlp,de,5,1199,2024-06-03 13:10:00,0,0,0.3030998408794403
mlp,de,5,1200,2024-06-03 13:15:00,0,0,0.23270180821418762
mlp,de,5,1201,2024-06-03 13:15:00,0,0,0.2231968492269516
mlp,de,5,1202,2024-06-03 13:20:00,0,0,0.2382880300283432
mlp,de,5,1203,2024-06-03 13:20:00,0,0,0.24068467319011688
mlp,de,5,1204,2024-06-03 13:25:00,0,0,0.2770095467567444
mlp,de,5,1205,2024-06-03 13:25:00,0,0,0.2738037407398224
mlp,de,5,1206,2024-06-03 13:30:00,0,0,0.2798350751399994
mlp,de,5,1207,2024-06-03 13:30:00,0,0,0.29145562648773193
mlp,de,5,1208,2024-06-03 13:35:00,0,0,0.32219478487968445
mlp,de,5,1209,2024-06-03 13:35:00,0,0,0.3195700943470001
mlp,de,5,1210,2024-06-03 13:40:00,0,0,0.34454548358917236
mlp,de,5,1211,2024-06-03 13:40:00,0,0,0.3563865125179291
mlp,de,5,1212,2024-06-03 13:45:00,0,0,0.44330981373786926
mlp,de,5,1213,2024-06-03 13:45:00,0,0,0.4319608807563782
mlp,de,5,1214,2024-06-03 13:50:00,0,0,0.409097820520401
mlp,de,5,1215,2024-06-03 13:50:00,0,0,0.4026922583580017
mlp,de,5,1216,2024-06-03 13:55:00,0,0,0.46210017800331116
mlp,de,5,1217,2024-06-03 13:55:00,0,0,0.4498639702796936
mlp,de,5,1218,2024-06-03 14:00:00,1,0,0.4113989770412445
mlp,de,5,1219,2024-06-03 14:00:00,1,0,0.3846489191055298
mlp,de,5,1220,2024-06-03 14:05:00,1,1,0.5202339291572571
mlp,de,5,1221,2024-06-03 14:05:00,1,1,0.5133008360862732
mlp,de,5,1222,2024-06-03 14:10:00,1,1,0.5658029317855835
mlp,de,5,1223,2024-06-03 14:10:00,1,1,0.5703091025352478
mlp,de,5,1224,2024-06-03 14:15:00,1,1,0.6898646950721741
mlp,de,5,1225,2024-06-03 14:15:00,1,1,0.6866298913955688
mlp,de,5,1226,2024-06-03 14:20:00,1,1,0.7610609531402588
mlp,de,5,1227,2024-06-03 14:20:00,1,1,0.7714077234268188
mlp,de,5,1228,2024-06-03 14:25:00,1,1,0.7646092772483826
mlp,de,5,1229,2024-06-03 14:25:00,1,1,0.7606638073921204
mlp,de,5,1230,2024-06-03 14:30:00,1,1,0.7879477739334106
mlp,de,5,1231,2024-06-03 14:30:00,1,1,0.7891258001327515
mlp,de,5,1232,2024-06-03 14:35:00,1,1,0.7700853943824768
mlp,de,5,1233,2024-06-03 14:35:00,1,1,0.7729408740997314
mlp,de,5,1234,2024-06-03 14:40:00,1,1,0.755901575088501
mlp,de,5,1235,2024-06-03 14:40:00,1,1,0.7546596527099609
mlp,de,5,1236,2024-06-03 14:45:00,1,1,0.6885225176811218
mlp,de,5,1237,2024-06-03 14:45:00,1,1,0.6890828013420105
mlp,de,5,1238,2024-06-03 14:50:00,1,1,0.5336232781410217
mlp,de,5,1239,2024-06-03 14:50:00,1,1,0.5160691738128662
mlp,de,5,1240,2024-06-03 14:55:00,1,0,0.4208625555038452
mlp,de,5,1241,2024-06-03 14:55:00,1,0,0.3880371153354645
mlp,de,5,1242,2024-06-03 15:00:00,1,1,0.5266239643096924
mlp,de,5,1243,2024-06-03 15:00:00,1,1,0.5387561917304993
mlp,de,5,1244,2024-06-03 15:05:00,1,1,0.5638185739517212
mlp,de,5,1245,2024-06-03 15:05:00,1,1,0.5536733865737915
mlp,de,5,1246,2024-06-03 15:10:00,1,1,0.5049372315406799
mlp,de,5,1247,2024-06-03 15:10:00,1,0,0.4939097762107849
mlp,de,5,1248,2024-06-03 15:15:00,1,1,0.5827341079711914
mlp,de,5,1249,2024-06-03 15:15:00,1,1,0.5843812227249146
mlp,de,5,1250,2024-06-03 15:20:00,1,1,0.6698472499847412
mlp,de,5,1251,2024-06-03 15:20:00,1,1,0.6849595904350281
mlp,de,5,1252,2024-06-03 15:25:00,1,1,0.7056817412376404
mlp,de,5,1253,2024-06-03 15:25:00,1,1,0.6706511378288269
mlp,de,5,1254,2024-06-03 15:30:00,1,1,0.7017410397529602
mlp,de,5,1255,2024-06-03 15:30:00,1,1,0.7456653118133545
mlp,de,5,1256,2024-06-03 15:35:00,0,1,0.7318515181541443
mlp,de,5,1257,2024-06-03 15:35:00,0,1,0.7540925145149231
mlp,de,5,1258,2024-06-03 15:40:00,0,1,0.6405412554740906
mlp,de,5,1259,2024-06-03 15:40:00,0,1,0.638031005859375
mlp,de,5,1260,2024-06-03 15:45:00,0,1,0.5775380730628967
mlp,de,5,1261,2024-06-03 15:45:00,0,1,0.6028627753257751
mlp,de,5,1262,2024-06-03 15:50:00,0,1,0.5811028480529785
mlp,de,5,1263,2024-06-03 15:50:00,0,1,0.5766940116882324
mlp,de,5,1264,2024-06-03 15:55:00,0,1,0.6055662631988525
mlp,de,5,1265,2024-06-03 15:55:00,0,1,0.5985440611839294
mlp,de,5,1266,2024-06-03 16:00:00,0,1,0.6064881682395935
mlp,de,5,1267,2024-06-03 16:00:00,0,1,0.5995945930480957
mlp,de,5,1268,2024-06-03 16:05:00,0,0,0.49539273977279663
mlp,de,5,1269,2024-06-03 16:05:00,0,0,0.4851514399051666
mlp,de,5,1270,2024-06-03 16:10:00,0,1,0.5510095953941345
mlp,de,5,1271,2024-06-03 16:10:00,0,1,0.5292192697525024
mlp,de,5,1272,2024-06-03 16:15:00,0,0,0.4725850522518158
mlp,de,5,1273,2024-06-03 16:15:00,0,0,0.4515132009983063
mlp,de,5,1274,2024-06-03 16:20:00,0,0,0.42112424969673157
mlp,de,5,1275,2024-06-03 16:20:00,0,0,0.3994795083999634
mlp,de,5,1276,2024-06-03 16:25:00,0,0,0.3788812756538391
mlp,de,5,1277,2024-06-03 16:25:00,0,0,0.39762556552886963
mlp,de,5,1278,2024-06-03 16:30:00,0,0,0.34874024987220764
mlp,de,5,1279,2024-06-03 16:30:00,0,0,0.30915701389312744
mlp,de,5,1280,2024-06-03 16:35:00,0,0,0.31371185183525085
mlp,de,5,1281,2024-06-03 16:35:00,0,0,0.2716001272201538
mlp,de,5,1282,2024-06-03 16:40:00,0,0,0.4238210618495941
mlp,de,5,1283,2024-06-03 16:40:00,0,0,0.4218478798866272
mlp,de,5,1284,2024-06-03 16:45:00,0,0,0.43064066767692566
mlp,de,5,1285,2024-06-03 16:45:00,0,0,0.44058889150619507
mlp,de,5,1286,2024-06-03 16:50:00,0,0,0.41033071279525757
mlp,de,5,1287,2024-06-03 16:50:00,0,0,0.41107895970344543
mlp,de,5,1288,2024-06-03 16:55:00,0,0,0.32526731491088867
mlp,de,5,1289,2024-06-03 16:55:00,0,0,0.3050878047943115
mlp,de,5,1290,2024-06-03 17:00:00,0,0,0.25038760900497437
mlp,de,5,1291,2024-06-03 17:00:00,0,0,0.2536521255970001
mlp,de,5,1292,2024-06-03 17:05:00,0,0,0.2761092483997345
mlp,de,5,1293,2024-06-03 17:05:00,0,0,0.27473902702331543
mlp,de,5,1294,2024-06-03 17:10:00,0,0,0.28569477796554565
mlp,de,5,1295,2024-06-03 17:10:00,0,0,0.30178505182266235
mlp,de,5,1296,2024-06-03 17:15:00,0,0,0.32333943247795105
mlp,de,5,1297,2024-06-03 17:15:00,0,0,0.3124988079071045
mlp,de,5,1298,2024-06-03 17:20:00,0,0,0.2820360064506531
mlp,de,5,1299,2024-06-03 17:20:00,0,0,0.270099401473999
mlp,de,5,1300,2024-06-03 17:25:00,0,0,0.260517418384552
mlp,de,5,1301,2024-06-03 17:25:00,0,0,0.2823140025138855
mlp,de,5,1302,2024-06-03 17:30:00,0,0,0.3043721914291382
mlp,de,5,1303,2024-06-03 17:30:00,0,0,0.3071574866771698
mlp,de,5,1304,2024-06-03 17:35:00,0,0,0.2878531515598297
mlp,de,5,1305,2024-06-03 17:35:00,0,0,0.29928165674209595
mlp,de,5,1306,2024-06-03 17:40:00,0,0,0.26571279764175415
mlp,de,5,1307,2024-06-03 17:40:00,0,0,0.28560325503349304
mlp,de,5,1308,2024-06-03 17:45:00,0,0,0.32770177721977234
mlp,de,5,1309,2024-06-03 17:45:00,0,0,0.32458311319351196
mlp,de,5,1310,2024-06-03 17:50:00,0,0,0.4181097447872162
mlp,de,5,1311,2024-06-03 17:50:00,0,0,0.39376309514045715
mlp,de,5,1312,2024-06-03 17:55:00,0,0,0.4142799377441406
mlp,de,5,1313,2024-06-03 17:55:00,0,0,0.45031726360321045
mlp,de,5,1314,2024-06-04 11:15:00,1,0,0.33635616302490234
mlp,de,5,1315,2024-06-04 11:20:00,1,0,0.3045836389064789
mlp,de,5,1316,2024-06-04 11:20:00,1,0,0.28871187567710876
mlp,de,5,1317,2024-06-04 11:25:00,1,0,0.41896066069602966
mlp,de,5,1318,2024-06-04 11:25:00,1,0,0.40700826048851013
mlp,de,5,1319,2024-06-04 11:30:00,1,1,0.5537401437759399
mlp,de,5,1320,2024-06-04 11:30:00,1,1,0.5793522596359253
mlp,de,5,1321,2024-06-04 11:35:00,1,1,0.5305920839309692
mlp,de,5,1322,2024-06-04 11:35:00,1,1,0.5000280141830444
mlp,de,5,1323,2024-06-04 11:40:00,1,1,0.6240686178207397
mlp,de,5,1324,2024-06-04 11:40:00,1,1,0.6481637358665466
mlp,de,5,1325,2024-06-04 11:45:00,1,1,0.6539129614830017
mlp,de,5,1326,2024-06-04 11:45:00,1,1,0.6117703914642334
mlp,de,5,1327,2024-06-04 11:50:00,1,1,0.6941544413566589
mlp,de,5,1328,2024-06-04 11:50:00,1,1,0.6650904417037964
mlp,de,5,1329,2024-06-04 11:55:00,1,1,0.627457857131958
mlp,de,5,1330,2024-06-04 11:55:00,1,1,0.6403580904006958
mlp,de,5,1331,2024-06-04 12:00:00,1,1,0.6448702812194824
mlp,de,5,1332,2024-06-04 12:00:00,1,1,0.6280770897865295
mlp,de,5,1333,2024-06-04 12:05:00,1,1,0.5385007262229919
mlp,de,5,1334,2024-06-04 12:05:00,1,1,0.5490435361862183
mlp,de,5,1335,2024-06-04 12:10:00,1,1,0.6286506056785583
mlp,de,5,1336,2024-06-04 12:10:00,1,1,0.5893151760101318
mlp,de,5,1337,2024-06-04 12:15:00,1,1,0.7224369645118713
mlp,de,5,1338,2024-06-04 12:15:00,1,1,0.7110273241996765
mlp,de,5,1339,2024-06-04 12:20:00,1,1,0.7708607316017151
mlp,de,5,1340,2024-06-04 12:20:00,1,1,0.7667120695114136
mlp,de,5,1341,2024-06-04 12:25:00,1,1,0.7407159805297852
mlp,de,5,1342,2024-06-04 12:25:00,1,1,0.7559068202972412
mlp,de,5,1343,2024-06-04 12:30:00,1,1,0.6464903950691223
mlp,de,5,1344,2024-06-04 12:30:00,1,1,0.6348848342895508
mlp,de,5,1345,2024-06-04 12:35:00,1,1,0.6442722678184509
mlp,de,5,1346,2024-06-04 12:35:00,1,1,0.6623716950416565
mlp,de,5,1347,2024-06-04 12:40:00,1,1,0.6168251633644104
mlp,de,5,1348,2024-06-04 12:40:00,1,1,0.6092130541801453
mlp,de,5,1349,2024-06-04 12:45:00,1,1,0.5306079983711243
mlp,de,5,1350,2024-06-04 12:45:00,1,1,0.5412324070930481
mlp,de,5,1351,2024-06-04 12:50:00,1,1,0.6018305420875549
mlp,de,5,1352,2024-06-04 12:50:00,1,1,0.6282501220703125
mlp,de,5,1353,2024-06-04 12:55:00,1,0,0.42949673533439636
mlp,de,5,1354,2024-06-04 12:55:00,1,0,0.4406929910182953
mlp,de,5,1355,2024-06-04 13:00:00,1,0,0.3701965808868408
mlp,de,5,1356,2024-06-04 13:00:00,1,0,0.34406277537345886
mlp,de,5,1357,2024-06-04 13:05:00,1,0,0.3650353252887726
mlp,de,5,1358,2024-06-04 13:05:00,1,0,0.2662819027900696
mlp,de,5,1359,2024-06-04 13:10:00,1,1,0.5240517854690552
mlp,de,5,1360,2024-06-04 13:10:00,1,1,0.5374705195426941
mlp,de,5,1361,2024-06-04 13:15:00,1,1,0.6238539218902588
mlp,de,5,1362,2024-06-04 13:15:00,1,1,0.7133899927139282
mlp,de,5,1363,2024-06-04 13:20:00,1,1,0.6891590356826782
mlp,de,5,1364,2024-06-04 13:20:00,1,1,0.6146230697631836
mlp,de,5,1365,2024-06-04 13:25:00,1,1,0.5580337643623352
mlp,de,5,1366,2024-06-04 13:25:00,1,1,0.5557799339294434
mlp,de,5,1367,2024-06-04 13:30:00,1,1,0.5357911586761475
mlp,de,5,1368,2024-06-04 13:30:00,1,1,0.5410565137863159
mlp,de,5,1369,2024-06-04 13:35:00,1,0,0.45516374707221985
mlp,de,5,1370,2024-06-04 13:35:00,1,0,0.4057101309299469
mlp,de,5,1371,2024-06-04 13:40:00,1,1,0.522533655166626
mlp,de,5,1372,2024-06-04 13:40:00,1,0,0.48412325978279114
mlp,de,5,1373,2024-06-04 13:45:00,1,1,0.6308333277702332
mlp,de,5,1374,2024-06-04 13:45:00,1,1,0.6419735550880432
mlp,de,5,1375,2024-06-04 13:50:00,1,1,0.5881473422050476
mlp,de,5,1376,2024-06-04 13:50:00,1,1,0.6327517032623291
mlp,de,5,1377,2024-06-04 13:55:00,1,1,0.700642466545105
mlp,de,5,1378,2024-06-04 13:55:00,1,1,0.6758286356925964
mlp,de,5,1379,2024-06-04 14:00:00,1,1,0.7087656259536743
mlp,de,5,1380,2024-06-04 14:00:00,1,1,0.6760315895080566
mlp,de,5,1381,2024-06-04 14:05:00,1,1,0.6050660014152527
mlp,de,5,1382,2024-06-04 14:05:00,1,1,0.5789295434951782
mlp,de,5,1383,2024-06-04 14:10:00,1,1,0.5003727674484253
mlp,de,5,1384,2024-06-04 14:10:00,1,0,0.4714348614215851
mlp,de,5,1385,2024-06-04 14:15:00,1,0,0.459768146276474
mlp,de,5,1386,2024-06-04 14:15:00,1,0,0.47584009170532227
mlp,de,5,1387,2024-06-04 14:20:00,1,1,0.5088240504264832
mlp,de,5,1388,2024-06-04 14:20:00,1,1,0.5194962024688721
mlp,de,5,1389,2024-06-04 14:25:00,1,1,0.5630072951316833
mlp,de,5,1390,2024-06-04 14:25:00,1,1,0.5631584525108337
mlp,de,5,1391,2024-06-04 14:30:00,1,1,0.6311230063438416
mlp,de,5,1392,2024-06-04 14:30:00,1,1,0.6158146262168884
mlp,de,5,1393,2024-06-04 14:35:00,1,1,0.6105741262435913
mlp,de,5,1394,2024-06-04 14:35:00,1,1,0.6495643854141235
mlp,de,5,1395,2024-06-04 14:40:00,1,1,0.6933094263076782
mlp,de,5,1396,2024-06-04 14:40:00,1,1,0.6772350668907166
mlp,de,5,1397,2024-06-04 14:45:00,1,1,0.7337805032730103
mlp,de,5,1398,2024-06-04 14:45:00,1,1,0.7067483067512512
mlp,de,5,1399,2024-06-04 14:50:00,1,1,0.6624687314033508
mlp,de,5,1400,2024-06-04 14:50:00,1,1,0.6655126214027405
mlp,de,5,1401,2024-06-04 14:55:00,1,1,0.5802602171897888
mlp,de,5,1402,2024-06-04 14:55:00,1,1,0.5906296372413635
mlp,de,5,1403,2024-06-04 15:00:00,1,1,0.5817952752113342
mlp,de,5,1404,2024-06-04 15:00:00,1,1,0.5972269773483276
mlp,de,5,1405,2024-06-04 15:05:00,1,1,0.5831124782562256
mlp,de,5,1406,2024-06-04 15:05:00,1,1,0.5545133948326111
mlp,de,5,1407,2024-06-04 15:10:00,1,0,0.3740232288837433
mlp,de,5,1408,2024-06-04 15:10:00,1,0,0.4457137882709503
mlp,de,5,1409,2024-06-04 15:15:00,1,1,0.5252014994621277
mlp,de,5,1410,2024-06-04 15:15:00,1,1,0.5467205047607422
mlp,de,5,1411,2024-06-04 15:20:00,1,1,0.6694157719612122
mlp,de,5,1412,2024-06-04 15:20:00,1,1,0.6642113327980042
mlp,de,5,1413,2024-06-04 15:25:00,1,1,0.7296208739280701
mlp,de,5,1414,2024-06-04 15:25:00,1,1,0.7214581966400146
mlp,de,5,1415,2024-06-04 15:30:00,1,1,0.675102174282074
mlp,de,5,1416,2024-06-04 15:30:00,1,1,0.6779305338859558
mlp,de,5,1417,2024-06-04 15:35:00,1,1,0.5738754868507385
mlp,de,5,1418,2024-06-04 15:35:00,1,1,0.5486568808555603
mlp,de,5,1419,2024-06-04 15:40:00,1,0,0.46090108156204224
mlp,de,5,1420,2024-06-04 15:40:00,1,0,0.4673434793949127
mlp,de,5,1421,2024-06-04 15:45:00,1,1,0.6481370329856873
mlp,de,5,1422,2024-06-04 15:45:00,1,1,0.5710925459861755
mlp,de,5,1423,2024-06-04 15:50:00,1,1,0.5256595015525818
mlp,de,5,1424,2024-06-04 15:50:00,1,1,0.5903013348579407
mlp,de,5,1425,2024-06-04 15:55:00,1,0,0.3560451865196228
mlp,de,5,1426,2024-06-04 15:55:00,1,0,0.3881066143512726
mlp,de,5,1427,2024-06-04 16:00:00,1,0,0.34471675753593445
mlp,de,5,1428,2024-06-04 16:00:00,1,0,0.33077552914619446
mlp,de,5,1429,2024-06-04 16:05:00,1,0,0.3176385164260864
mlp,de,5,1430,2024-06-04 16:05:00,1,0,0.2910701334476471
mlp,de,5,1431,2024-06-04 16:10:00,1,0,0.4622384011745453
mlp,de,5,1432,2024-06-04 16:10:00,1,0,0.46341803669929504
mlp,de,5,1433,2024-06-04 16:15:00,1,1,0.6385251879692078
mlp,de,5,1434,2024-06-04 16:15:00,1,1,0.6008732914924622
mlp,de,5,1435,2024-06-04 16:20:00,1,1,0.6076360940933228
mlp,de,5,1436,2024-06-04 16:20:00,1,1,0.6259587407112122
mlp,de,5,1437,2024-06-04 16:25:00,1,1,0.6141692996025085
mlp,de,5,1438,2024-06-04 16:25:00,1,1,0.6058499217033386
mlp,de,5,1439,2024-06-04 16:30:00,1,1,0.6683007478713989
mlp,de,5,1440,2024-06-04 16:30:00,1,1,0.6439942121505737
mlp,de,5,1441,2024-06-04 16:35:00,1,1,0.576690673828125
mlp,de,5,1442,2024-06-04 16:35:00,1,1,0.5769091248512268
mlp,de,5,1443,2024-06-04 16:40:00,1,1,0.6063976883888245
mlp,de,5,1444,2024-06-04 16:40:00,1,1,0.6882389783859253
mlp,de,5,1445,2024-06-04 16:45:00,1,1,0.5773940682411194
mlp,de,5,1446,2024-06-04 16:45:00,1,1,0.6536190509796143
mlp,de,5,1447,2024-06-04 16:50:00,1,1,0.5967156887054443
mlp,de,5,1448,2024-06-04 16:50:00,1,1,0.6150398254394531
mlp,de,5,1449,2024-06-04 16:55:00,0,1,0.6360093951225281
mlp,de,5,1450,2024-06-04 16:55:00,0,1,0.6436364650726318
mlp,de,5,1451,2024-06-04 17:00:00,0,1,0.5978546142578125
mlp,de,5,1452,2024-06-04 17:00:00,0,1,0.5686438679695129
mlp,de,5,1453,2024-06-04 17:05:00,0,1,0.5264827013015747
mlp,de,5,1454,2024-06-04 17:05:00,0,1,0.5829216241836548
mlp,de,5,1455,2024-06-04 17:10:00,0,0,0.46810707449913025
mlp,de,5,1456,2024-06-04 17:10:00,0,0,0.4949173033237457
mlp,de,5,1457,2024-06-04 17:15:00,0,0,0.301426500082016
mlp,de,5,1458,2024-06-04 17:15:00,0,0,0.443438321352005
mlp,de,5,1459,2024-06-04 17:20:00,0,0,0.45922669768333435
mlp,de,5,1460,2024-06-04 17:20:00,0,0,0.3613300919532776
mlp,de,5,1461,2024-06-04 17:25:00,0,0,0.4157295823097229
mlp,de,5,1462,2024-06-04 17:25:00,0,0,0.3450666069984436
mlp,de,5,1463,2024-06-04 17:30:00,0,0,0.49101486802101135
mlp,de,5,1464,2024-06-04 17:30:00,0,1,0.5193197131156921
mlp,de,5,1465,2024-06-04 17:35:00,0,1,0.5168652534484863
mlp,de,5,1466,2024-06-04 17:35:00,0,1,0.5252266526222229
mlp,de,5,1467,2024-06-04 17:40:00,0,0,0.49124380946159363
mlp,de,5,1468,2024-06-04 17:40:00,0,1,0.5051608681678772
mlp,de,5,1469,2024-06-04 17:45:00,0,1,0.5400816798210144
mlp,de,5,1470,2024-06-04 17:45:00,0,1,0.5117072463035583
mlp,de,5,1471,2024-06-04 17:50:00,0,1,0.5224040150642395
mlp,de,5,1472,2024-06-04 17:50:00,0,1,0.5771904587745667
mlp,de,5,1473,2024-06-04 17:55:00,0,1,0.6185253858566284
mlp,de,5,1474,2024-06-04 17:55:00,0,1,0.6470654010772705
mlp,de,5,1475,2024-06-05 11:10:00,1,0,0.25473421812057495
mlp,de,5,1476,2024-06-05 11:10:00,1,0,0.23617640137672424
mlp,de,5,1477,2024-06-05 11:15:00,1,0,0.25131428241729736
mlp,de,5,1478,2024-06-05 11:15:00,1,0,0.24771948158740997
mlp,de,5,1479,2024-06-05 11:20:00,1,0,0.4354315996170044
mlp,de,5,1480,2024-06-05 11:20:00,1,0,0.4359721541404724
mlp,de,5,1481,2024-06-05 11:25:00,1,1,0.6529582142829895
mlp,de,5,1482,2024-06-05 11:25:00,1,1,0.6652878522872925
mlp,de,5,1483,2024-06-05 11:30:00,1,1,0.6903279423713684
mlp,de,5,1484,2024-06-05 11:30:00,1,1,0.689832329750061
mlp,de,5,1485,2024-06-05 11:35:00,1,1,0.7740995287895203
mlp,de,5,1486,2024-06-05 11:35:00,1,1,0.7753492593765259
mlp,de,5,1487,2024-06-05 11:40:00,1,1,0.8046181797981262
mlp,de,5,1488,2024-06-05 11:40:00,0,1,0.8031896352767944
mlp,de,5,1489,2024-06-05 11:45:00,0,1,0.7543898224830627
mlp,de,5,1490,2024-06-05 11:45:00,1,1,0.754986047744751
mlp,de,5,1491,2024-06-05 11:50:00,1,1,0.7346436977386475
mlp,de,5,1492,2024-06-05 11:50:00,0,1,0.7305356860160828
mlp,de,5,1493,2024-06-05 11:55:00,1,1,0.6527360081672668
mlp,de,5,1494,2024-06-05 11:55:00,0,1,0.660258412361145
mlp,de,5,1495,2024-06-05 12:00:00,1,1,0.6362267732620239
mlp,de,5,1496,2024-06-05 12:00:00,0,1,0.6512068510055542
mlp,de,5,1497,2024-06-05 12:05:00,0,1,0.5956405401229858
mlp,de,5,1498,2024-06-05 12:05:00,1,1,0.5834904313087463
mlp,de,5,1499,2024-06-05 12:10:00,1,0,0.4263516664505005
mlp,de,5,1500,2024-06-05 12:10:00,0,0,0.46447092294692993
mlp,de,5,1501,2024-06-05 12:15:00,0,1,0.6352287530899048
mlp,de,5,1502,2024-06-05 12:15:00,1,1,0.6319176554679871
mlp,de,5,1503,2024-06-05 12:20:00,0,1,0.6986693739891052
mlp,de,5,1504,2024-06-05 12:20:00,1,1,0.6996768712997437
mlp,de,5,1505,2024-06-05 12:25:00,0,1,0.7248271107673645
mlp,de,5,1506,2024-06-05 12:25:00,0,1,0.7174026966094971
mlp,de,5,1507,2024-06-05 12:30:00,0,1,0.6979522705078125
mlp,de,5,1508,2024-06-05 12:30:00,0,1,0.6834427714347839
mlp,de,5,1509,2024-06-05 12:35:00,0,1,0.6240655779838562
mlp,de,5,1510,2024-06-05 12:35:00,0,1,0.6558988094329834
mlp,de,5,1511,2024-06-05 12:40:00,0,1,0.5463763475418091
mlp,de,5,1512,2024-06-05 12:40:00,0,1,0.5519577264785767
mlp,de,5,1513,2024-06-05 12:45:00,0,1,0.5056664943695068
mlp,de,5,1514,2024-06-05 12:45:00,0,0,0.46712759137153625
mlp,de,5,1515,2024-06-05 12:50:00,0,0,0.29071804881095886
mlp,de,5,1516,2024-06-05 12:50:00,0,0,0.4345213770866394
mlp,de,5,1517,2024-06-05 12:55:00,0,0,0.44798773527145386
mlp,de,5,1518,2024-06-05 12:55:00,0,0,0.44349247217178345
mlp,de,5,1519,2024-06-05 13:00:00,0,0,0.4427558481693268
mlp,de,5,1520,2024-06-05 13:00:00,0,0,0.4391804337501526
mlp,de,5,1521,2024-06-05 13:05:00,0,0,0.37546783685684204
mlp,de,5,1522,2024-06-05 13:05:00,0,0,0.3672727346420288
mlp,de,5,1523,2024-06-05 13:10:00,0,0,0.3100048005580902
mlp,de,5,1524,2024-06-05 13:10:00,0,0,0.34846436977386475
mlp,de,5,1525,2024-06-05 13:15:00,0,0,0.32783880829811096
mlp,de,5,1526,2024-06-05 13:15:00,0,0,0.35265201330184937
mlp,de,5,1527,2024-06-05 13:20:00,0,0,0.341511994600296
mlp,de,5,1528,2024-06-05 13:20:00,0,0,0.3103926181793213
mlp,de,5,1529,2024-06-05 13:25:00,0,0,0.3165457248687744
mlp,de,5,1530,2024-06-05 13:25:00,0,0,0.3229840099811554
mlp,de,5,1531,2024-06-05 13:30:00,0,0,0.2785838842391968
mlp,de,5,1532,2024-06-05 13:30:00,0,0,0.28926411271095276
mlp,de,5,1533,2024-06-05 13:35:00,0,0,0.3313770592212677
mlp,de,5,1534,2024-06-05 13:35:00,0,0,0.3094826340675354
mlp,de,5,1535,2024-06-05 13:40:00,0,0,0.34764301776885986
mlp,de,5,1536,2024-06-05 13:40:00,0,0,0.3730027377605438
mlp,de,5,1537,2024-06-05 13:45:00,0,0,0.28679031133651733
mlp,de,5,1538,2024-06-05 13:45:00,0,0,0.3429030776023865
mlp,de,5,1539,2024-06-05 13:50:00,0,0,0.4848977029323578
mlp,de,5,1540,2024-06-05 13:50:00,0,0,0.49683576822280884
mlp,de,5,1541,2024-06-05 13:55:00,0,0,0.4822288453578949
mlp,de,5,1542,2024-06-05 13:55:00,0,0,0.46200284361839294
mlp,de,5,1543,2024-06-05 14:00:00,0,1,0.5209495425224304
mlp,de,5,1544,2024-06-05 14:00:00,0,0,0.4829520583152771
mlp,de,5,1545,2024-06-05 14:05:00,0,0,0.4100964367389679
mlp,de,5,1546,2024-06-05 14:05:00,0,0,0.3222552239894867
mlp,de,5,1547,2024-06-05 14:10:00,0,0,0.3725532293319702
mlp,de,5,1548,2024-06-05 14:10:00,0,0,0.3559562563896179
mlp,de,5,1549,2024-06-05 14:15:00,0,0,0.3388366103172302
mlp,de,5,1550,2024-06-05 14:15:00,0,0,0.2963219881057739
mlp,de,5,1551,2024-06-05 14:20:00,0,0,0.403634250164032
mlp,de,5,1552,2024-06-05 14:20:00,0,0,0.42705824971199036
mlp,de,5,1553,2024-06-05 14:25:00,0,0,0.49521806836128235
mlp,de,5,1554,2024-06-05 14:25:00,0,1,0.5210611820220947
mlp,de,5,1555,2024-06-05 14:30:00,0,1,0.673630952835083
mlp,de,5,1556,2024-06-05 14:30:00,0,1,0.6288915276527405
mlp,de,5,1557,2024-06-05 14:35:00,0,1,0.6614516377449036
mlp,de,5,1558,2024-06-05 14:35:00,0,1,0.6457889676094055
mlp,de,5,1559,2024-06-05 14:40:00,0,1,0.7044618725776672
mlp,de,5,1560,2024-06-05 14:40:00,0,1,0.6384308338165283
mlp,de,5,1561,2024-06-05 14:45:00,0,1,0.5353620052337646
mlp,de,5,1562,2024-06-05 14:45:00,0,1,0.5658491253852844
mlp,de,5,1563,2024-06-05 14:50:00,0,0,0.34806951880455017
mlp,de,5,1564,2024-06-05 14:50:00,0,0,0.3513375222682953
mlp,de,5,1565,2024-06-05 14:55:00,0,0,0.269378125667572
mlp,de,5,1566,2024-06-05 14:55:00,0,0,0.2503836154937744
mlp,de,5,1567,2024-06-05 15:00:00,0,0,0.33592233061790466
mlp,de,5,1568,2024-06-05 15:00:00,0,0,0.36564749479293823
mlp,de,5,1569,2024-06-05 15:05:00,0,0,0.322913259267807
mlp,de,5,1570,2024-06-05 15:05:00,0,0,0.30934327840805054
mlp,de,5,1571,2024-06-05 15:10:00,0,0,0.26216042041778564
mlp,de,5,1572,2024-06-05 15:10:00,0,0,0.24659264087677002
mlp,de,5,1573,2024-06-05 15:15:00,0,0,0.23306845128536224
mlp,de,5,1574,2024-06-05 15:15:00,0,0,0.24107910692691803
mlp,de,5,1575,2024-06-05 15:20:00,0,0,0.2659376263618469
mlp,de,5,1576,2024-06-05 15:20:00,0,0,0.252826988697052
mlp,de,5,1577,2024-06-05 15:25:00,0,0,0.2702323794364929
mlp,de,5,1578,2024-06-05 15:25:00,0,0,0.2775411903858185
mlp,de,5,1579,2024-06-05 15:30:00,0,0,0.2817821800708771
mlp,de,5,1580,2024-06-05 15:30:00,0,0,0.27328547835350037
mlp,de,5,1581,2024-06-05 15:35:00,1,0,0.25800377130508423
mlp,de,5,1582,2024-06-05 15:35:00,0,0,0.2751826047897339
mlp,de,5,1583,2024-06-05 15:40:00,0,0,0.3155662417411804
mlp,de,5,1584,2024-06-05 15:40:00,1,0,0.2913258671760559
mlp,de,5,1585,2024-06-05 15:45:00,1,0,0.37578752636909485
mlp,de,5,1586,2024-06-05 15:45:00,0,0,0.3740343153476715
mlp,de,5,1587,2024-06-05 15:50:00,1,0,0.44306209683418274
mlp,de,5,1588,2024-06-05 15:50:00,0,0,0.4733816087245941
mlp,de,5,1589,2024-06-05 15:55:00,1,1,0.6371198296546936
mlp,de,5,1590,2024-06-05 15:55:00,0,1,0.5957273244857788
mlp,de,5,1591,2024-06-05 16:00:00,0,1,0.6703959107398987
mlp,de,5,1592,2024-06-05 16:00:00,1,1,0.7810226082801819
mlp,de,5,1593,2024-06-05 16:05:00,0,1,0.5069120526313782
mlp,de,5,1594,2024-06-05 16:05:00,1,0,0.4455382227897644
mlp,de,5,1595,2024-06-05 16:10:00,1,0,0.3767578899860382
mlp,de,5,1596,2024-06-05 16:10:00,1,0,0.3924575448036194
mlp,de,5,1597,2024-06-05 16:15:00,1,0,0.37685972452163696
mlp,de,5,1598,2024-06-05 16:15:00,1,0,0.35192006826400757
mlp,de,5,1599,2024-06-05 16:20:00,1,0,0.48552340269088745
mlp,de,5,1600,2024-06-05 16:20:00,1,0,0.4573710560798645
mlp,de,5,1601,2024-06-05 16:25:00,1,1,0.5178836584091187
mlp,de,5,1602,2024-06-05 16:25:00,1,1,0.5183568596839905
mlp,de,5,1603,2024-06-05 16:30:00,1,0,0.4163428843021393
mlp,de,5,1604,2024-06-05 16:30:00,1,0,0.44096532464027405
mlp,de,5,1605,2024-06-05 16:35:00,1,0,0.49824824929237366
mlp,de,5,1606,2024-06-05 16:35:00,1,1,0.521957278251648
mlp,de,5,1607,2024-06-05 16:40:00,1,1,0.5498549938201904
mlp,de,5,1608,2024-06-05 16:40:00,1,1,0.6030276417732239
mlp,de,5,1609,2024-06-05 16:45:00,1,0,0.49630361795425415
mlp,de,5,1610,2024-06-05 16:45:00,1,0,0.4637981057167053
mlp,de,5,1611,2024-06-05 16:50:00,1,1,0.5847035646438599
mlp,de,5,1612,2024-06-05 16:50:00,1,1,0.5813513994216919
mlp,de,5,1613,2024-06-05 16:55:00,0,1,0.6373295783996582
mlp,de,5,1614,2024-06-05 16:55:00,1,1,0.6176133155822754
mlp,de,5,1615,2024-06-05 17:00:00,1,1,0.6296297907829285
mlp,de,5,1616,2024-06-05 17:00:00,0,1,0.6646056175231934
mlp,de,5,1617,2024-06-05 17:05:00,0,0,0.4812653958797455
mlp,de,5,1618,2024-06-05 17:05:00,0,0,0.4808604121208191
mlp,de,5,1619,2024-06-05 17:10:00,1,0,0.3908228576183319
mlp,de,5,1620,2024-06-05 17:10:00,1,0,0.3946413993835449
mlp,de,5,1621,2024-06-05 17:15:00,1,1,0.5245859026908875
mlp,de,5,1622,2024-06-05 17:15:00,1,1,0.5199524164199829
mlp,de,5,1623,2024-06-05 17:20:00,1,1,0.5865432620048523
mlp,de,5,1624,2024-06-05 17:20:00,1,1,0.5942559242248535
mlp,de,5,1625,2024-06-05 17:25:00,1,1,0.6205658912658691
mlp,de,5,1626,2024-06-05 17:30:00,1,1,0.6145631074905396
mlp,de,5,1627,2024-06-05 17:30:00,1,1,0.6793251633644104
mlp,de,5,1628,2024-06-05 17:35:00,1,0,0.4669657349586487
mlp,de,5,1629,2024-06-05 17:35:00,1,0,0.47713637351989746
mlp,de,5,1630,2024-06-05 17:40:00,1,0,0.42410650849342346
mlp,de,5,1631,2024-06-05 17:40:00,1,0,0.25018519163131714
mlp,de,5,1632,2024-06-05 17:45:00,1,1,0.5225903391838074
mlp,de,5,1633,2024-06-05 17:45:00,1,1,0.5585277080535889
mlp,de,5,1634,2024-06-05 17:50:00,1,1,0.5242449045181274
mlp,de,5,1635,2024-06-05 17:50:00,1,1,0.5655245184898376
mlp,de,5,1636,2024-06-05 17:55:00,1,1,0.5000984072685242
mlp,de,5,1637,2024-06-05 17:55:00,1,1,0.5679818987846375
mlp,de,5,1638,2024-06-06 12:40:00,0,1,0.7866352796554565
mlp,de,5,1639,2024-06-06 12:40:00,0,1,0.7852101922035217
mlp,de,5,1640,2024-06-06 12:45:00,0,1,0.7267274260520935
mlp,de,5,1641,2024-06-06 12:45:00,0,1,0.7261664867401123
mlp,de,5,1642,2024-06-06 12:50:00,0,1,0.6922276020050049
mlp,de,5,1643,2024-06-06 12:50:00,0,1,0.6926732063293457
mlp,de,5,1644,2024-06-06 12:55:00,0,1,0.7072271704673767
mlp,de,5,1645,2024-06-06 12:55:00,0,1,0.7119286060333252
mlp,de,5,1646,2024-06-06 13:00:00,0,0,0.47873634099960327
mlp,de,5,1647,2024-06-06 13:00:00,0,0,0.4823712706565857
mlp,de,5,1648,2024-06-06 13:05:00,0,0,0.29025593400001526
mlp,de,5,1649,2024-06-06 13:05:00,0,0,0.23886270821094513
mlp,de,5,1650,2024-06-06 13:10:00,0,0,0.29014429450035095
mlp,de,5,1651,2024-06-06 13:10:00,0,0,0.31462588906288147
mlp,de,5,1652,2024-06-06 13:15:00,0,0,0.39053529500961304
mlp,de,5,1653,2024-06-06 13:15:00,0,0,0.37604019045829773
mlp,de,5,1654,2024-06-06 13:20:00,0,0,0.38318026065826416
mlp,de,5,1655,2024-06-06 13:20:00,0,0,0.39773550629615784
mlp,de,5,1656,2024-06-06 13:25:00,0,0,0.37104278802871704
mlp,de,5,1657,2024-06-06 13:25:00,0,0,0.378974586725235
mlp,de,5,1658,2024-06-06 13:30:00,0,0,0.3559502065181732
mlp,de,5,1659,2024-06-06 13:30:00,0,0,0.35848385095596313
mlp,de,5,1660,2024-06-06 13:35:00,0,0,0.28885093331336975
mlp,de,5,1661,2024-06-06 13:35:00,0,0,0.3001573383808136
mlp,de,5,1662,2024-06-06 13:40:00,1,0,0.28325504064559937
mlp,de,5,1663,2024-06-06 13:40:00,0,0,0.28074538707733154
mlp,de,5,1664,2024-06-06 13:45:00,1,0,0.27812057733535767
mlp,de,5,1665,2024-06-06 13:45:00,1,0,0.2605321407318115
mlp,de,5,1666,2024-06-06 13:50:00,1,0,0.3366187512874603
mlp,de,5,1667,2024-06-06 13:50:00,1,0,0.3272707760334015
mlp,de,5,1668,2024-06-06 13:55:00,1,0,0.42599111795425415
mlp,de,5,1669,2024-06-06 13:55:00,1,0,0.43200886249542236
mlp,de,5,1670,2024-06-06 14:00:00,1,1,0.5758050680160522
mlp,de,5,1671,2024-06-06 14:00:00,1,1,0.6038206815719604
mlp,de,5,1672,2024-06-06 14:05:00,1,1,0.6347801089286804
mlp,de,5,1673,2024-06-06 14:05:00,1,1,0.6962751746177673
mlp,de,5,1674,2024-06-06 14:10:00,1,1,0.7004060745239258
mlp,de,5,1675,2024-06-06 14:10:00,1,1,0.5940644145011902
mlp,de,5,1676,2024-06-06 14:15:00,1,1,0.6082344055175781
mlp,de,5,1677,2024-06-06 14:15:00,1,1,0.6343237161636353
mlp,de,5,1678,2024-06-06 14:20:00,1,1,0.6881170868873596
mlp,de,5,1679,2024-06-06 14:20:00,1,1,0.6964725852012634
mlp,de,5,1680,2024-06-06 14:25:00,1,1,0.7402923703193665
mlp,de,5,1681,2024-06-06 14:25:00,1,1,0.7515807747840881
mlp,de,5,1682,2024-06-06 14:30:00,1,1,0.76438969373703
mlp,de,5,1683,2024-06-06 14:30:00,1,1,0.7523015737533569
mlp,de,5,1684,2024-06-06 14:35:00,1,1,0.7643977403640747
mlp,de,5,1685,2024-06-06 14:35:00,1,1,0.7659593820571899
mlp,de,5,1686,2024-06-06 14:40:00,1,1,0.7462202906608582
mlp,de,5,1687,2024-06-06 14:40:00,0,1,0.7609014511108398
mlp,de,5,1688,2024-06-06 14:45:00,0,1,0.5965774655342102
mlp,de,5,1689,2024-06-06 14:45:00,1,1,0.5637553930282593
mlp,de,5,1690,2024-06-06 14:50:00,0,0,0.38098767399787903
mlp,de,5,1691,2024-06-06 14:50:00,1,0,0.3877451717853546
mlp,de,5,1692,2024-06-06 14:55:00,0,0,0.2824106812477112
mlp,de,5,1693,2024-06-06 14:55:00,1,0,0.33882632851600647
mlp,de,5,1694,2024-06-06 15:00:00,1,0,0.34604722261428833
mlp,de,5,1695,2024-06-06 15:00:00,0,0,0.3015376627445221
mlp,de,5,1696,2024-06-06 15:05:00,1,0,0.2690248191356659
mlp,de,5,1697,2024-06-06 15:05:00,1,0,0.2860487401485443
mlp,de,5,1698,2024-06-06 15:10:00,1,0,0.24271614849567413
mlp,de,5,1699,2024-06-06 15:10:00,1,0,0.23885416984558105
mlp,de,5,1700,2024-06-06 15:15:00,1,0,0.37524279952049255
mlp,de,5,1701,2024-06-06 15:15:00,1,0,0.37775012850761414
mlp,de,5,1702,2024-06-06 15:20:00,1,1,0.5261901021003723
mlp,de,5,1703,2024-06-06 15:20:00,1,1,0.5296462178230286
mlp,de,5,1704,2024-06-06 15:25:00,1,1,0.5771116614341736
mlp,de,5,1705,2024-06-06 15:25:00,1,1,0.5611994862556458
mlp,de,5,1706,2024-06-06 15:30:00,1,1,0.5824322700500488
mlp,de,5,1707,2024-06-06 15:30:00,1,1,0.5897071361541748
mlp,de,5,1708,2024-06-06 15:35:00,1,1,0.6741591095924377
mlp,de,5,1709,2024-06-06 15:35:00,1,1,0.6350007057189941
mlp,de,5,1710,2024-06-06 15:40:00,1,1,0.6789794564247131
mlp,de,5,1711,2024-06-06 15:40:00,1,1,0.6979278922080994
mlp,de,5,1712,2024-06-06 15:45:00,1,1,0.7243257164955139
mlp,de,5,1713,2024-06-06 15:45:00,1,1,0.7432292103767395
mlp,de,5,1714,2024-06-06 15:50:00,1,1,0.582260012626648
mlp,de,5,1715,2024-06-06 15:50:00,1,1,0.5610602498054504
mlp,de,5,1716,2024-06-06 15:55:00,1,0,0.40145930647850037
mlp,de,5,1717,2024-06-06 15:55:00,1,0,0.40391477942466736
mlp,de,5,1718,2024-06-06 16:00:00,1,0,0.33131474256515503
mlp,de,5,1719,2024-06-06 16:00:00,1,0,0.32570400834083557
mlp,de,5,1720,2024-06-06 16:05:00,1,0,0.32343778014183044
mlp,de,5,1721,2024-06-06 16:05:00,1,0,0.30070459842681885
mlp,de,5,1722,2024-06-06 16:10:00,1,0,0.3341238796710968
mlp,de,5,1723,2024-06-06 16:10:00,1,0,0.3140504062175751
mlp,de,5,1724,2024-06-06 16:15:00,1,0,0.34882813692092896
mlp,de,5,1725,2024-06-06 16:15:00,1,0,0.3634498119354248
mlp,de,5,1726,2024-06-06 16:20:00,1,0,0.29860273003578186
mlp,de,5,1727,2024-06-06 16:20:00,1,0,0.32806363701820374
mlp,de,5,1728,2024-06-06 16:25:00,1,0,0.319967120885849
mlp,de,5,1729,2024-06-06 16:25:00,1,0,0.33518168330192566
mlp,de,5,1730,2024-06-06 16:30:00,1,0,0.30836397409439087
mlp,de,5,1731,2024-06-06 16:30:00,1,0,0.3170877695083618
mlp,de,5,1732,2024-06-06 16:35:00,1,0,0.3718869686126709
mlp,de,5,1733,2024-06-06 16:35:00,1,0,0.372001588344574
mlp,de,5,1734,2024-06-06 16:40:00,1,1,0.5592024326324463
mlp,de,5,1735,2024-06-06 16:40:00,1,1,0.5708123445510864
mlp,de,5,1736,2024-06-06 16:45:00,1,1,0.6519390940666199
mlp,de,5,1737,2024-06-06 16:45:00,1,1,0.6493868231773376
mlp,de,5,1738,2024-06-06 16:50:00,1,1,0.7276128530502319
mlp,de,5,1739,2024-06-06 16:50:00,1,1,0.7520055770874023
mlp,de,5,1740,2024-06-06 16:55:00,0,1,0.7539066672325134
mlp,de,5,1741,2024-06-06 16:55:00,0,1,0.7426732778549194
mlp,de,5,1742,2024-06-06 17:00:00,0,1,0.7174654006958008
mlp,de,5,1743,2024-06-06 17:00:00,0,1,0.7005597949028015
mlp,de,5,1744,2024-06-06 17:05:00,0,1,0.5333670973777771
mlp,de,5,1745,2024-06-06 17:05:00,0,1,0.5876584649085999
mlp,de,5,1746,2024-06-06 17:10:00,0,1,0.5845685601234436
mlp,de,5,1747,2024-06-06 17:10:00,0,1,0.5717667937278748
mlp,de,5,1748,2024-06-06 17:15:00,0,1,0.6666826009750366
mlp,de,5,1749,2024-06-06 17:15:00,0,1,0.6196780204772949
mlp,de,5,1750,2024-06-06 17:20:00,0,1,0.6216064095497131
mlp,de,5,1751,2024-06-06 17:20:00,0,1,0.6013119220733643
mlp,de,5,1752,2024-06-06 17:25:00,0,1,0.5383011698722839
mlp,de,5,1753,2024-06-06 17:25:00,0,1,0.5953387022018433
mlp,de,5,1754,2024-06-06 17:30:00,0,1,0.5694215893745422
mlp,de,5,1755,2024-06-06 17:30:00,0,1,0.5520748496055603
mlp,de,5,1756,2024-06-06 17:35:00,0,1,0.6322691440582275
mlp,de,5,1757,2024-06-06 17:35:00,0,1,0.6243627071380615
mlp,de,5,1758,2024-06-06 17:40:00,0,0,0.45995017886161804
mlp,de,5,1759,2024-06-06 17:40:00,0,1,0.5201537013053894
mlp,de,5,1760,2024-06-06 17:45:00,0,0,0.43400371074676514
mlp,de,5,1761,2024-06-06 17:45:00,0,1,0.5226121544837952
mlp,de,5,1762,2024-06-06 17:50:00,0,1,0.5723922252655029
mlp,de,5,1763,2024-06-06 17:50:00,0,1,0.5604779720306396
mlp,de,5,1764,2024-06-06 17:55:00,0,1,0.514211893081665
mlp,de,5,1765,2024-06-06 17:55:00,1,1,0.5237215757369995
mlp,de,5,1766,2024-06-07 17:10:00,1,0,0.3770638704299927
mlp,de,5,1767,2024-06-07 17:15:00,1,0,0.31188589334487915
mlp,de,5,1768,2024-06-07 17:20:00,1,1,0.520194947719574
mlp,de,5,1769,2024-06-07 17:25:00,1,1,0.525896430015564
mlp,de,5,1770,2024-06-07 17:30:00,1,1,0.5807197093963623
mlp,de,5,1771,2024-06-07 17:35:00,1,0,0.4625094532966614
mlp,de,5,1772,2024-06-07 17:40:00,1,0,0.4034940302371979
mlp,de,5,1773,2024-06-07 17:45:00,1,0,0.3314908444881439
mlp,de,5,1774,2024-06-07 17:50:00,1,0,0.41158807277679443
mlp,de,5,1775,2024-06-07 17:55:00,1,0,0.3725706934928894
mlp,de,5,1776,2024-06-10 10:40:00,1,1,0.7366929054260254
mlp,de,5,1777,2024-06-10 10:45:00,1,1,0.7744710445404053
mlp,de,5,1778,2024-06-10 10:50:00,1,1,0.7594829797744751
mlp,de,5,1779,2024-06-10 10:55:00,1,1,0.6748958230018616
mlp,de,5,1780,2024-06-10 11:00:00,1,1,0.6059289574623108
mlp,de,5,1781,2024-06-10 11:05:00,1,1,0.5441724061965942
mlp,de,5,1782,2024-06-10 11:10:00,1,1,0.5898787379264832
mlp,de,5,1783,2024-06-10 11:15:00,1,1,0.6812139749526978
mlp,de,5,1784,2024-06-10 11:20:00,1,1,0.711149275302887
mlp,de,5,1785,2024-06-10 11:25:00,1,1,0.7104425430297852
mlp,de,5,1786,2024-06-10 11:30:00,1,1,0.5830789804458618
mlp,de,5,1787,2024-06-10 11:35:00,1,1,0.6177119016647339
mlp,de,5,1788,2024-06-10 11:40:00,1,1,0.6356501579284668
mlp,de,5,1789,2024-06-10 11:45:00,1,1,0.672588050365448
mlp,de,5,1790,2024-06-10 11:50:00,0,1,0.6861633062362671
mlp,de,5,1791,2024-06-10 11:50:00,0,1,0.6795468926429749
mlp,de,5,1792,2024-06-10 11:55:00,0,1,0.5499281883239746
mlp,de,5,1793,2024-06-10 11:55:00,0,1,0.5561203956604004
mlp,de,5,1794,2024-06-10 12:00:00,0,0,0.47315144538879395
mlp,de,5,1795,2024-06-10 12:00:00,0,0,0.473482221364975
mlp,de,5,1796,2024-06-10 12:05:00,0,0,0.43600818514823914
mlp,de,5,1797,2024-06-10 12:05:00,0,0,0.45215415954589844
mlp,de,5,1798,2024-06-10 12:10:00,0,0,0.3933016061782837
mlp,de,5,1799,2024-06-10 12:10:00,0,0,0.38121241331100464
mlp,de,5,1800,2024-06-10 12:15:00,0,0,0.38568249344825745
mlp,de,5,1801,2024-06-10 12:15:00,0,0,0.3879394233226776
mlp,de,5,1802,2024-06-10 12:20:00,0,0,0.4301193952560425
mlp,de,5,1803,2024-06-10 12:20:00,0,0,0.4207649827003479
mlp,de,5,1804,2024-06-10 12:25:00,0,0,0.3686036467552185
mlp,de,5,1805,2024-06-10 12:25:00,0,0,0.37072885036468506
mlp,de,5,1806,2024-06-10 12:30:00,0,0,0.37006935477256775
mlp,de,5,1807,2024-06-10 12:30:00,0,0,0.3706265985965729
mlp,de,5,1808,2024-06-10 12:35:00,0,0,0.3768783509731293
mlp,de,5,1809,2024-06-10 12:35:00,0,0,0.37200140953063965
mlp,de,5,1810,2024-06-10 12:40:00,0,0,0.45530426502227783
mlp,de,5,1811,2024-06-10 12:40:00,0,0,0.45097216963768005
mlp,de,5,1812,2024-06-10 12:45:00,0,0,0.4195152223110199
mlp,de,5,1813,2024-06-10 12:45:00,0,0,0.4092625081539154
mlp,de,5,1814,2024-06-10 12:50:00,1,0,0.3818279206752777
mlp,de,5,1815,2024-06-10 12:50:00,0,0,0.3811774253845215
mlp,de,5,1816,2024-06-10 12:55:00,1,0,0.404761403799057
mlp,de,5,1817,2024-06-10 12:55:00,0,0,0.39324286580085754
mlp,de,5,1818,2024-06-10 13:00:00,1,0,0.45372095704078674
mlp,de,5,1819,2024-06-10 13:00:00,0,0,0.43965837359428406
mlp,de,5,1820,2024-06-10 13:05:00,1,1,0.5555751919746399
mlp,de,5,1821,2024-06-10 13:05:00,0,1,0.5516927242279053
mlp,de,5,1822,2024-06-10 13:10:00,0,1,0.6180322170257568
mlp,de,5,1823,2024-06-10 13:10:00,0,1,0.6206030249595642
mlp,de,5,1824,2024-06-10 13:15:00,0,1,0.603327751159668
mlp,de,5,1825,2024-06-10 13:15:00,0,1,0.5975496172904968
mlp,de,5,1826,2024-06-10 13:20:00,0,1,0.5187268853187561
mlp,de,5,1827,2024-06-10 13:20:00,0,1,0.5170696973800659
mlp,de,5,1828,2024-06-10 13:25:00,0,0,0.43624112010002136
mlp,de,5,1829,2024-06-10 13:25:00,0,0,0.4474206864833832
mlp,de,5,1830,2024-06-10 13:30:00,0,0,0.38882648944854736
mlp,de,5,1831,2024-06-10 13:30:00,0,0,0.4013262093067169
mlp,de,5,1832,2024-06-10 13:35:00,0,0,0.40077075362205505
mlp,de,5,1833,2024-06-10 13:35:00,0,0,0.4115610122680664
mlp,de,5,1834,2024-06-10 13:40:00,0,1,0.5261320471763611
mlp,de,5,1835,2024-06-10 13:40:00,0,1,0.5256436467170715
mlp,de,5,1836,2024-06-10 13:45:00,0,0,0.4295385479927063
mlp,de,5,1837,2024-06-10 13:45:00,0,0,0.4288333058357239
mlp,de,5,1838,2024-06-10 13:50:00,0,0,0.48260921239852905
mlp,de,5,1839,2024-06-10 13:50:00,0,0,0.4793311655521393
mlp,de,5,1840,2024-06-10 13:55:00,0,0,0.4680296778678894
mlp,de,5,1841,2024-06-10 13:55:00,0,0,0.47639310359954834
mlp,de,5,1842,2024-06-10 14:00:00,0,1,0.5098371505737305
mlp,de,5,1843,2024-06-10 14:00:00,0,1,0.5132797956466675
mlp,de,5,1844,2024-06-10 14:05:00,0,1,0.5382121801376343
mlp,de,5,1845,2024-06-10 14:05:00,0,1,0.5453859567642212
mlp,de,5,1846,2024-06-10 14:10:00,0,0,0.4245419204235077
mlp,de,5,1847,2024-06-10 14:10:00,0,0,0.4283643960952759
mlp,de,5,1848,2024-06-10 14:15:00,0,0,0.37716078758239746
mlp,de,5,1849,2024-06-10 14:15:00,0,0,0.37155619263648987
mlp,de,5,1850,2024-06-10 14:20:00,0,0,0.3693642020225525
mlp,de,5,1851,2024-06-10 14:20:00,0,0,0.36664897203445435
mlp,de,5,1852,2024-06-10 14:25:00,0,0,0.38400137424468994
mlp,de,5,1853,2024-06-10 14:25:00,0,0,0.38743364810943604
mlp,de,5,1854,2024-06-10 14:30:00,0,0,0.41263365745544434
mlp,de,5,1855,2024-06-10 14:30:00,0,0,0.4219939410686493
mlp,de,5,1856,2024-06-10 14:35:00,0,0,0.4830074608325958
mlp,de,5,1857,2024-06-10 14:35:00,0,0,0.495760977268219
mlp,de,5,1858,2024-06-10 14:40:00,0,0,0.47931790351867676
mlp,de,5,1859,2024-06-10 14:40:00,0,0,0.48421576619148254
mlp,de,5,1860,2024-06-10 14:45:00,0,1,0.5727990865707397
mlp,de,5,1861,2024-06-10 14:45:00,0,1,0.5730283260345459
mlp,de,5,1862,2024-06-10 14:50:00,0,1,0.5663591623306274
mlp,de,5,1863,2024-06-10 14:50:00,0,1,0.580162525177002
mlp,de,5,1864,2024-06-10 14:55:00,0,0,0.4007751941680908
mlp,de,5,1865,2024-06-10 14:55:00,0,0,0.3931974470615387
mlp,de,5,1866,2024-06-10 15:00:00,0,0,0.30462682247161865
mlp,de,5,1867,2024-06-10 15:00:00,0,0,0.30096957087516785
mlp,de,5,1868,2024-06-10 15:05:00,0,0,0.28356900811195374
mlp,de,5,1869,2024-06-10 15:05:00,0,0,0.29641464352607727
mlp,de,5,1870,2024-06-10 15:10:00,0,0,0.28840088844299316
mlp,de,5,1871,2024-06-10 15:10:00,0,0,0.2957334518432617
mlp,de,5,1872,2024-06-10 15:15:00,0,0,0.32905593514442444
mlp,de,5,1873,2024-06-10 15:15:00,0,0,0.3378772437572479
mlp,de,5,1874,2024-06-10 15:20:00,1,0,0.3113243579864502
mlp,de,5,1875,2024-06-10 15:20:00,1,0,0.3046208918094635
mlp,de,5,1876,2024-06-10 15:25:00,1,0,0.35555610060691833
mlp,de,5,1877,2024-06-10 15:25:00,1,0,0.372096985578537
mlp,de,5,1878,2024-06-10 15:30:00,1,0,0.4101010859012604
mlp,de,5,1879,2024-06-10 15:30:00,1,0,0.42046356201171875
mlp,de,5,1880,2024-06-10 15:35:00,1,1,0.6270242929458618
mlp,de,5,1881,2024-06-10 15:35:00,1,1,0.6245447397232056
mlp,de,5,1882,2024-06-10 15:40:00,0,1,0.7219052314758301
mlp,de,5,1883,2024-06-10 15:40:00,0,1,0.7213701605796814
mlp,de,5,1884,2024-06-10 15:45:00,0,1,0.7007596492767334
mlp,de,5,1885,2024-06-10 15:45:00,0,1,0.7052069902420044
mlp,de,5,1886,2024-06-10 15:50:00,0,1,0.6790899038314819
mlp,de,5,1887,2024-06-10 15:50:00,0,1,0.6846418380737305
mlp,de,5,1888,2024-06-10 15:55:00,0,1,0.6096700429916382
mlp,de,5,1889,2024-06-10 15:55:00,0,1,0.6051804423332214
mlp,de,5,1890,2024-06-10 16:00:00,0,1,0.6041005849838257
mlp,de,5,1891,2024-06-10 16:00:00,0,1,0.5981996059417725
mlp,de,5,1892,2024-06-10 16:05:00,0,0,0.4582326114177704
mlp,de,5,1893,2024-06-10 16:05:00,0,0,0.45449933409690857
mlp,de,5,1894,2024-06-10 16:10:00,0,1,0.5045638084411621
mlp,de,5,1895,2024-06-10 16:10:00,0,1,0.5051290392875671
mlp,de,5,1896,2024-06-10 16:15:00,0,1,0.5293511748313904
mlp,de,5,1897,2024-06-10 16:15:00,0,1,0.5278470516204834
mlp,de,5,1898,2024-06-10 16:20:00,0,1,0.5472902655601501
mlp,de,5,1899,2024-06-10 16:20:00,0,1,0.547964870929718
mlp,de,5,1900,2024-06-10 16:25:00,0,0,0.4795852601528168
mlp,de,5,1901,2024-06-10 16:25:00,0,0,0.4792788028717041
mlp,de,5,1902,2024-06-10 16:30:00,0,0,0.37038251757621765
mlp,de,5,1903,2024-06-10 16:30:00,0,0,0.36393940448760986
mlp,de,5,1904,2024-06-10 16:35:00,0,0,0.34309133887290955
mlp,de,5,1905,2024-06-10 16:35:00,0,0,0.3235989809036255
mlp,de,5,1906,2024-06-10 16:40:00,0,0,0.48237180709838867
mlp,de,5,1907,2024-06-10 16:40:00,0,0,0.4901546239852905
mlp,de,5,1908,2024-06-10 16:45:00,0,0,0.4395539164543152
mlp,de,5,1909,2024-06-10 16:45:00,0,0,0.44181424379348755
mlp,de,5,1910,2024-06-10 16:50:00,0,0,0.3698509931564331
mlp,de,5,1911,2024-06-10 16:50:00,0,0,0.3308437466621399
mlp,de,5,1912,2024-06-10 16:55:00,0,0,0.3762996792793274
mlp,de,5,1913,2024-06-10 16:55:00,0,0,0.3577527403831482
mlp,de,5,1914,2024-06-10 17:00:00,0,0,0.4371112585067749
mlp,de,5,1915,2024-06-10 17:00:00,1,0,0.43235835433006287
mlp,de,5,1916,2024-06-10 17:05:00,1,0,0.40048062801361084
mlp,de,5,1917,2024-06-10 17:05:00,0,0,0.4117828607559204
mlp,de,5,1918,2024-06-10 17:10:00,1,0,0.47651785612106323
mlp,de,5,1919,2024-06-10 17:10:00,0,0,0.4677857458591461
mlp,de,5,1920,2024-06-10 17:15:00,1,0,0.4714795649051666
mlp,de,5,1921,2024-06-10 17:15:00,1,0,0.4617921710014343
mlp,de,5,1922,2024-06-10 17:20:00,1,0,0.4415147006511688
mlp,de,5,1923,2024-06-10 17:20:00,1,0,0.4417618215084076
mlp,de,5,1924,2024-06-10 17:25:00,1,1,0.5346055626869202
mlp,de,5,1925,2024-06-10 17:25:00,1,1,0.5285115838050842
mlp,de,5,1926,2024-06-10 17:30:00,1,1,0.6158850193023682
mlp,de,5,1927,2024-06-10 17:30:00,1,1,0.6088335514068604
mlp,de,5,1928,2024-06-10 17:35:00,1,1,0.675096869468689
mlp,de,5,1929,2024-06-10 17:35:00,1,1,0.6865959763526917
mlp,de,5,1930,2024-06-10 17:40:00,1,1,0.6309843063354492
mlp,de,5,1931,2024-06-10 17:40:00,1,1,0.6228348612785339
mlp,de,5,1932,2024-06-10 17:45:00,1,1,0.6318860650062561
mlp,de,5,1933,2024-06-10 17:45:00,1,1,0.6262638568878174
mlp,de,5,1934,2024-06-10 17:50:00,1,1,0.5462895631790161
mlp,de,5,1935,2024-06-10 17:50:00,1,1,0.5530604124069214
mlp,de,5,1936,2024-06-10 17:55:00,0,1,0.5476180911064148
mlp,de,5,1937,2024-06-10 17:55:00,0,1,0.5521335601806641
mlp,de,5,1938,2024-06-12 10:40:00,0,0,0.19452078640460968
mlp,de,5,1939,2024-06-12 10:40:00,0,0,0.19428718090057373
mlp,de,5,1940,2024-06-12 10:45:00,0,0,0.19390004873275757
mlp,de,5,1941,2024-06-12 10:45:00,0,0,0.19408026337623596
mlp,de,5,1942,2024-06-12 10:50:00,0,0,0.19436092674732208
mlp,de,5,1943,2024-06-12 10:50:00,0,0,0.19454306364059448
mlp,de,5,1944,2024-06-12 10:55:00,0,0,0.19489888846874237
mlp,de,5,1945,2024-06-12 10:55:00,0,0,0.1951320767402649
mlp,de,5,1946,2024-06-12 11:00:00,1,0,0.19526560604572296
mlp,de,5,1947,2024-06-12 11:00:00,0,0,0.1951218992471695
mlp,de,5,1948,2024-06-12 11:05:00,0,0,0.2028466761112213
mlp,de,5,1949,2024-06-12 11:05:00,1,0,0.2034894824028015
mlp,de,5,1950,2024-06-12 11:10:00,1,0,0.21216416358947754
mlp,de,5,1951,2024-06-12 11:10:00,1,0,0.2107771337032318
mlp,de,5,1952,2024-06-12 11:15:00,1,0,0.24605928361415863
mlp,de,5,1953,2024-06-12 11:15:00,1,0,0.24577035009860992
mlp,de,5,1954,2024-06-12 11:20:00,1,0,0.32636991143226624
mlp,de,5,1955,2024-06-12 11:20:00,1,0,0.33424103260040283
mlp,de,5,1956,2024-06-12 11:25:00,1,0,0.47798478603363037
mlp,de,5,1957,2024-06-12 11:25:00,1,0,0.4927428960800171
mlp,de,5,1958,2024-06-12 11:30:00,1,0,0.4476437270641327
mlp,de,5,1959,2024-06-12 11:30:00,1,0,0.4631037712097168
mlp,de,5,1960,2024-06-12 11:35:00,1,0,0.3660986125469208
mlp,de,5,1961,2024-06-12 11:35:00,1,0,0.38437169790267944
mlp,de,5,1962,2024-06-12 11:40:00,1,0,0.3464483320713043
mlp,de,5,1963,2024-06-12 11:40:00,1,0,0.3584376275539398
mlp,de,5,1964,2024-06-12 11:45:00,1,0,0.31946492195129395
mlp,de,5,1965,2024-06-12 11:45:00,1,0,0.32575085759162903
mlp,de,5,1966,2024-06-12 11:50:00,1,0,0.33723101019859314
mlp,de,5,1967,2024-06-12 11:50:00,1,0,0.3417418301105499
mlp,de,5,1968,2024-06-12 11:55:00,1,0,0.35148268938064575
mlp,de,5,1969,2024-06-12 11:55:00,1,0,0.3454919457435608
mlp,de,5,1970,2024-06-12 12:00:00,1,0,0.32260215282440186
mlp,de,5,1971,2024-06-12 12:00:00,1,0,0.32833197712898254
mlp,de,5,1972,2024-06-12 12:05:00,1,0,0.3001002371311188
mlp,de,5,1973,2024-06-12 12:05:00,1,0,0.2971450388431549
mlp,de,5,1974,2024-06-12 12:10:00,1,0,0.28498902916908264
mlp,de,5,1975,2024-06-12 12:10:00,1,0,0.28751230239868164
mlp,de,5,1976,2024-06-12 12:15:00,1,0,0.2963158190250397
mlp,de,5,1977,2024-06-12 12:15:00,1,0,0.30128997564315796
mlp,de,5,1978,2024-06-12 12:20:00,1,0,0.4337986409664154
mlp,de,5,1979,2024-06-12 12:20:00,1,0,0.43103888630867004
mlp,de,5,1980,2024-06-12 12:25:00,1,1,0.558234691619873
mlp,de,5,1981,2024-06-12 12:25:00,1,1,0.5736647844314575
mlp,de,5,1982,2024-06-12 12:30:00,1,1,0.6204147338867188
mlp,de,5,1983,2024-06-12 12:30:00,1,1,0.6464295983314514
mlp,de,5,1984,2024-06-12 12:35:00,1,1,0.6238608956336975
mlp,de,5,1985,2024-06-12 12:35:00,1,1,0.6416401267051697
mlp,de,5,1986,2024-06-12 12:40:00,1,1,0.6675931811332703
mlp,de,5,1987,2024-06-12 12:40:00,1,1,0.6805833578109741
mlp,de,5,1988,2024-06-12 12:45:00,1,1,0.6519715785980225
mlp,de,5,1989,2024-06-12 12:45:00,1,1,0.6481322050094604
mlp,de,5,1990,2024-06-12 12:50:00,1,1,0.6670593619346619
mlp,de,5,1991,2024-06-12 12:50:00,1,1,0.6714244484901428
mlp,de,5,1992,2024-06-12 12:55:00,1,1,0.6515042185783386
mlp,de,5,1993,2024-06-12 12:55:00,1,1,0.6685420870780945
mlp,de,5,1994,2024-06-12 13:00:00,1,1,0.6240211129188538
mlp,de,5,1995,2024-06-12 13:00:00,1,1,0.6118255257606506
mlp,de,5,1996,2024-06-12 13:05:00,1,1,0.5100077390670776
mlp,de,5,1997,2024-06-12 13:05:00,1,1,0.5221281051635742
mlp,de,5,1998,2024-06-12 13:10:00,1,0,0.37632304430007935
mlp,de,5,1999,2024-06-12 13:10:00,1,0,0.3659692406654358
mlp,de,5,2000,2024-06-12 13:15:00,1,0,0.43690913915634155
mlp,de,5,2001,2024-06-12 13:15:00,1,0,0.4429185390472412
mlp,de,5,2002,2024-06-12 13:20:00,1,1,0.5362182259559631
mlp,de,5,2003,2024-06-12 13:20:00,1,1,0.5219835638999939
mlp,de,5,2004,2024-06-12 13:25:00,1,1,0.6351285576820374
mlp,de,5,2005,2024-06-12 13:25:00,1,1,0.6283882856369019
mlp,de,5,2006,2024-06-12 13:30:00,1,1,0.7195000648498535
mlp,de,5,2007,2024-06-12 13:30:00,1,1,0.720102071762085
mlp,de,5,2008,2024-06-12 13:35:00,1,1,0.7468178868293762
mlp,de,5,2009,2024-06-12 13:35:00,1,1,0.7433367967605591
mlp,de,5,2010,2024-06-12 13:40:00,1,1,0.7624983191490173
mlp,de,5,2011,2024-06-12 13:40:00,1,1,0.7581976652145386
mlp,de,5,2012,2024-06-12 13:45:00,1,1,0.6682435274124146
mlp,de,5,2013,2024-06-12 13:45:00,1,1,0.6953655481338501
mlp,de,5,2014,2024-06-12 13:50:00,0,1,0.6944259405136108
mlp,de,5,2015,2024-06-12 13:50:00,1,1,0.7038769721984863
mlp,de,5,2016,2024-06-12 13:55:00,1,1,0.6133644580841064
mlp,de,5,2017,2024-06-12 13:55:00,0,1,0.6206994652748108
mlp,de,5,2018,2024-06-12 14:00:00,0,0,0.4336175322532654
mlp,de,5,2019,2024-06-12 14:00:00,1,0,0.41256183385849
mlp,de,5,2020,2024-06-12 14:05:00,0,0,0.2997013032436371
mlp,de,5,2021,2024-06-12 14:05:00,1,0,0.27237772941589355
mlp,de,5,2022,2024-06-12 14:10:00,0,0,0.36394602060317993
mlp,de,5,2023,2024-06-12 14:10:00,1,0,0.3114781379699707
mlp,de,5,2024,2024-06-12 14:15:00,1,0,0.28451576828956604
mlp,de,5,2025,2024-06-12 14:15:00,0,0,0.37317508459091187
mlp,de,5,2026,2024-06-12 14:20:00,1,0,0.44592493772506714
mlp,de,5,2027,2024-06-12 14:20:00,0,0,0.4846605658531189
mlp,de,5,2028,2024-06-12 14:25:00,1,0,0.49733683466911316
mlp,de,5,2029,2024-06-12 14:25:00,0,0,0.49628371000289917
mlp,de,5,2030,2024-06-12 14:30:00,0,1,0.5867089033126831
mlp,de,5,2031,2024-06-12 14:30:00,1,1,0.5801665782928467
mlp,de,5,2032,2024-06-12 14:35:00,0,1,0.6852732300758362
mlp,de,5,2033,2024-06-12 14:35:00,1,1,0.6826435923576355
mlp,de,5,2034,2024-06-12 14:40:00,1,1,0.7185947895050049
mlp,de,5,2035,2024-06-12 14:40:00,0,1,0.6928481459617615
mlp,de,5,2036,2024-06-12 14:45:00,0,1,0.7318265438079834
mlp,de,5,2037,2024-06-12 14:45:00,0,1,0.7010282278060913
mlp,de,5,2038,2024-06-12 14:50:00,0,1,0.6067141890525818
mlp,de,5,2039,2024-06-12 14:50:00,0,1,0.6003434658050537
mlp,de,5,2040,2024-06-12 14:55:00,0,1,0.6110841631889343
mlp,de,5,2041,2024-06-12 14:55:00,0,1,0.5970200896263123
mlp,de,5,2042,2024-06-12 15:00:00,0,0,0.3966386616230011
mlp,de,5,2043,2024-06-12 15:00:00,0,0,0.43379342555999756
mlp,de,5,2044,2024-06-12 15:05:00,0,0,0.4174903333187103
mlp,de,5,2045,2024-06-12 15:05:00,0,0,0.3826196491718292
mlp,de,5,2046,2024-06-12 15:10:00,0,0,0.33813878893852234
mlp,de,5,2047,2024-06-12 15:10:00,0,0,0.3927597403526306
mlp,de,5,2048,2024-06-12 15:15:00,0,0,0.45179179310798645
mlp,de,5,2049,2024-06-12 15:15:00,0,0,0.41168180108070374
mlp,de,5,2050,2024-06-12 15:20:00,0,0,0.4297995865345001
mlp,de,5,2051,2024-06-12 15:20:00,0,0,0.48460817337036133
mlp,de,5,2052,2024-06-12 15:25:00,0,0,0.45190033316612244
mlp,de,5,2053,2024-06-12 15:25:00,0,0,0.4951634705066681
mlp,de,5,2054,2024-06-12 15:30:00,0,0,0.40903088450431824
mlp,de,5,2055,2024-06-12 15:30:00,0,0,0.49127569794654846
mlp,de,5,2056,2024-06-12 15:35:00,0,0,0.348187655210495
mlp,de,5,2057,2024-06-12 15:35:00,0,0,0.39770248532295227
mlp,de,5,2058,2024-06-12 15:40:00,0,0,0.3671492338180542
mlp,de,5,2059,2024-06-12 15:40:00,0,0,0.273346871137619
mlp,de,5,2060,2024-06-12 15:45:00,1,0,0.2803996205329895
mlp,de,5,2061,2024-06-12 15:45:00,1,0,0.21182091534137726
mlp,de,5,2062,2024-06-12 15:50:00,1,0,0.25269314646720886
mlp,de,5,2063,2024-06-12 15:50:00,1,0,0.2050607055425644
mlp,de,5,2064,2024-06-12 15:55:00,1,0,0.2434922456741333
mlp,de,5,2065,2024-06-12 15:55:00,1,0,0.3140017092227936
mlp,de,5,2066,2024-06-12 16:00:00,1,0,0.32363080978393555
mlp,de,5,2067,2024-06-12 16:00:00,1,0,0.3874616324901581
mlp,de,5,2068,2024-06-12 16:05:00,1,0,0.3441421389579773
mlp,de,5,2069,2024-06-12 16:05:00,1,0,0.41459953784942627
mlp,de,5,2070,2024-06-12 16:10:00,1,0,0.478633314371109
mlp,de,5,2071,2024-06-12 16:10:00,1,0,0.474117636680603
mlp,de,5,2072,2024-06-12 16:15:00,0,1,0.6356999278068542
mlp,de,5,2073,2024-06-12 16:15:00,1,1,0.5709594488143921
mlp,de,5,2074,2024-06-12 16:20:00,1,1,0.5338820815086365
mlp,de,5,2075,2024-06-12 16:20:00,0,0,0.4911562502384186
mlp,de,5,2076,2024-06-12 16:25:00,0,0,0.38322895765304565
mlp,de,5,2077,2024-06-12 16:25:00,1,0,0.4539858102798462
mlp,de,5,2078,2024-06-12 16:30:00,0,0,0.4193043112754822
mlp,de,5,2079,2024-06-12 16:30:00,1,0,0.47465261816978455
mlp,de,5,2080,2024-06-12 16:35:00,1,1,0.5601890683174133
mlp,de,5,2081,2024-06-12 16:35:00,0,1,0.523618757724762
mlp,de,5,2082,2024-06-12 16:40:00,1,1,0.5413193106651306
mlp,de,5,2083,2024-06-12 16:40:00,0,1,0.5103724002838135
mlp,de,5,2084,2024-06-12 16:45:00,0,1,0.6247959733009338
mlp,de,5,2085,2024-06-12 16:45:00,1,1,0.6214683055877686
mlp,de,5,2086,2024-06-12 16:50:00,0,1,0.6705248355865479
mlp,de,5,2087,2024-06-12 16:50:00,1,1,0.6995086073875427
mlp,de,5,2088,2024-06-12 16:55:00,0,1,0.6380059123039246
mlp,de,5,2089,2024-06-12 17:00:00,0,1,0.6526259183883667
mlp,de,5,2090,2024-06-12 17:05:00,0,1,0.504301905632019
mlp,de,5,2091,2024-06-12 17:10:00,0,1,0.5068632960319519
mlp,de,5,2092,2024-06-12 17:15:00,0,0,0.48797541856765747
mlp,de,5,2093,2024-06-12 17:20:00,0,1,0.5129837989807129
mlp,de,5,2094,2024-06-12 17:25:00,0,0,0.4375961124897003
mlp,de,5,2095,2024-06-12 17:30:00,0,0,0.3792434632778168
mlp,de,5,2096,2024-06-12 17:35:00,0,0,0.30622968077659607
mlp,de,5,2097,2024-06-12 17:40:00,0,0,0.2642863094806671
mlp,de,5,2098,2024-06-12 17:45:00,0,0,0.3203733265399933
mlp,de,5,2099,2024-06-12 17:50:00,0,0,0.3371434509754181
mlp,de,5,2100,2024-06-12 17:55:00,0,0,0.31221523880958557
mlp,de,5,2101,2024-06-13 12:10:00,1,0,0.3091735243797302
mlp,de,5,2102,2024-06-13 12:15:00,1,0,0.4651603102684021
mlp,de,5,2103,2024-06-13 12:20:00,1,1,0.6680818796157837
mlp,de,5,2104,2024-06-13 12:25:00,1,1,0.7708757519721985
mlp,de,5,2105,2024-06-13 12:30:00,1,1,0.7876378893852234
mlp,de,5,2106,2024-06-13 12:35:00,1,1,0.7397069931030273
mlp,de,5,2107,2024-06-13 12:40:00,1,1,0.6941761374473572
mlp,de,5,2108,2024-06-13 12:45:00,1,1,0.6833216547966003
mlp,de,5,2109,2024-06-13 12:50:00,1,1,0.7040332555770874
mlp,de,5,2110,2024-06-13 12:55:00,1,1,0.7213850021362305
mlp,de,5,2111,2024-06-13 13:00:00,1,1,0.697726845741272
mlp,de,5,2112,2024-06-13 13:05:00,1,1,0.7388483881950378
mlp,de,5,2113,2024-06-13 13:10:00,1,1,0.7171456813812256
mlp,de,5,2114,2024-06-13 13:15:00,1,1,0.5905923843383789
mlp,de,5,2115,2024-06-13 13:20:00,1,1,0.5629429817199707
mlp,de,5,2116,2024-06-13 13:25:00,1,0,0.4617060124874115
mlp,de,5,2117,2024-06-13 13:30:00,1,0,0.48171156644821167
mlp,de,5,2118,2024-06-13 13:35:00,1,0,0.49651652574539185
mlp,de,5,2119,2024-06-13 13:40:00,1,0,0.4052143096923828
mlp,de,5,2120,2024-06-13 13:45:00,1,0,0.4191986322402954
mlp,de,5,2121,2024-06-13 13:50:00,1,1,0.6475930213928223
mlp,de,5,2122,2024-06-13 13:55:00,1,1,0.7019012570381165
mlp,de,5,2123,2024-06-13 14:00:00,1,1,0.6810609102249146
mlp,de,5,2124,2024-06-13 14:05:00,1,1,0.6897623538970947
mlp,de,5,2125,2024-06-13 14:10:00,0,1,0.6948957443237305
mlp,de,5,2126,2024-06-13 14:15:00,0,1,0.5719625949859619
mlp,de,5,2127,2024-06-13 14:20:00,0,0,0.47093644738197327
mlp,de,5,2128,2024-06-13 14:25:00,0,0,0.4332450330257416
mlp,de,5,2129,2024-06-13 14:30:00,0,0,0.3244797885417938
mlp,de,5,2130,2024-06-13 14:35:00,0,0,0.33175769448280334
mlp,de,5,2131,2024-06-13 14:40:00,0,0,0.41789475083351135
mlp,de,5,2132,2024-06-13 14:45:00,0,0,0.4059126675128937
mlp,de,5,2133,2024-06-13 14:50:00,0,0,0.4126788079738617
mlp,de,5,2134,2024-06-13 14:55:00,0,1,0.5114938616752625
mlp,de,5,2135,2024-06-13 15:00:00,0,1,0.5836114287376404
mlp,de,5,2136,2024-06-13 15:05:00,0,1,0.6207621097564697
mlp,de,5,2137,2024-06-13 15:10:00,0,1,0.5830497145652771
mlp,de,5,2138,2024-06-13 15:15:00,0,0,0.44081440567970276
mlp,de,5,2139,2024-06-13 15:20:00,0,0,0.4524005353450775
mlp,de,5,2140,2024-06-13 15:25:00,0,1,0.5196086168289185
mlp,de,5,2141,2024-06-13 15:30:00,0,1,0.5539069771766663
mlp,de,5,2142,2024-06-13 15:35:00,0,0,0.4780866503715515
mlp,de,5,2143,2024-06-13 15:40:00,0,1,0.5638706684112549
mlp,de,5,2144,2024-06-13 15:45:00,0,1,0.7034772038459778
mlp,de,5,2145,2024-06-13 15:50:00,0,1,0.6322245001792908
mlp,de,5,2146,2024-06-13 15:55:00,0,1,0.6161990165710449
mlp,de,5,2147,2024-06-13 16:00:00,0,1,0.5568358302116394
mlp,de,5,2148,2024-06-13 16:05:00,0,1,0.5301947593688965
mlp,de,5,2149,2024-06-13 16:10:00,0,0,0.45513591170310974
mlp,de,5,2150,2024-06-13 16:15:00,0,0,0.43437299132347107
mlp,de,5,2151,2024-06-13 16:20:00,0,1,0.5237643718719482
mlp,de,5,2152,2024-06-13 16:25:00,0,1,0.5003933906555176
mlp,de,5,2153,2024-06-13 16:30:00,0,0,0.37970951199531555
mlp,de,5,2154,2024-06-13 16:35:00,0,0,0.4284733235836029
mlp,de,5,2155,2024-06-13 16:40:00,0,0,0.44961416721343994
mlp,de,5,2156,2024-06-13 16:45:00,0,0,0.3821413516998291
mlp,de,5,2157,2024-06-13 16:50:00,0,0,0.3930824100971222
mlp,de,5,2158,2024-06-13 16:55:00,0,0,0.363219678401947
mlp,de,5,2159,2024-06-13 17:00:00,0,0,0.3100641667842865
mlp,de,5,2160,2024-06-13 17:05:00,0,0,0.2514439821243286
mlp,de,5,2161,2024-06-13 17:10:00,0,0,0.2295924723148346
mlp,de,5,2162,2024-06-13 17:15:00,0,0,0.25921788811683655
mlp,de,5,2163,2024-06-13 17:20:00,0,0,0.28100019693374634
mlp,de,5,2164,2024-06-13 17:25:00,0,0,0.29935121536254883
mlp,de,5,2165,2024-06-13 17:30:00,0,0,0.35136857628822327
mlp,de,5,2166,2024-06-13 17:35:00,0,0,0.2916153073310852
mlp,de,5,2167,2024-06-13 17:40:00,0,0,0.35119757056236267
mlp,de,5,2168,2024-06-13 17:45:00,0,0,0.47735434770584106
mlp,de,5,2169,2024-06-13 17:50:00,0,0,0.47174832224845886
mlp,de,5,2170,2024-06-13 17:55:00,0,0,0.4456145167350769
mlp,de,5,2171,2024-06-14 11:05:00,1,0,0.3368857800960541
mlp,de,5,2172,2024-06-14 11:10:00,1,0,0.3654078543186188
mlp,de,5,2173,2024-06-14 11:15:00,1,0,0.4634915888309479
mlp,de,5,2174,2024-06-14 11:20:00,1,1,0.5919565558433533
mlp,de,5,2175,2024-06-14 11:25:00,1,1,0.7106435298919678
mlp,de,5,2176,2024-06-14 11:30:00,1,1,0.6619752049446106
mlp,de,5,2177,2024-06-14 11:35:00,1,1,0.5802534222602844
mlp,de,5,2178,2024-06-14 11:40:00,1,1,0.5768904685974121
mlp,de,5,2179,2024-06-14 11:45:00,1,1,0.5722114443778992
mlp,de,5,2180,2024-06-14 11:50:00,1,1,0.7229732871055603
mlp,de,5,2181,2024-06-14 11:55:00,1,1,0.7907031774520874
mlp,de,5,2182,2024-06-14 12:00:00,1,1,0.8062552213668823
mlp,de,5,2183,2024-06-14 12:05:00,0,1,0.8100094795227051
mlp,de,5,2184,2024-06-14 12:10:00,0,1,0.808713436126709
mlp,de,5,2185,2024-06-14 12:15:00,0,1,0.7998583316802979
mlp,de,5,2186,2024-06-14 12:20:00,0,1,0.7873451709747314
mlp,de,5,2187,2024-06-14 12:25:00,0,1,0.7506161332130432
mlp,de,5,2188,2024-06-14 12:30:00,0,1,0.6224435567855835
mlp,de,5,2189,2024-06-14 12:35:00,0,1,0.5083778500556946
mlp,de,5,2190,2024-06-14 12:40:00,0,0,0.4157998859882355
mlp,de,5,2191,2024-06-14 12:45:00,0,0,0.3105663061141968
mlp,de,5,2192,2024-06-14 12:50:00,0,0,0.3846111595630646
mlp,de,5,2193,2024-06-14 12:55:00,0,0,0.4848519563674927
mlp,de,5,2194,2024-06-14 13:00:00,0,1,0.5590215921401978
mlp,de,5,2195,2024-06-14 13:05:00,0,1,0.5491477251052856
mlp,de,5,2196,2024-06-14 13:10:00,0,1,0.6031280755996704
mlp,de,5,2197,2024-06-14 13:15:00,0,1,0.5147414803504944
mlp,de,5,2198,2024-06-14 13:20:00,0,0,0.49750351905822754
mlp,de,5,2199,2024-06-14 13:25:00,0,0,0.3919775187969208
mlp,de,5,2200,2024-06-14 13:30:00,0,0,0.3707040250301361
mlp,de,5,2201,2024-06-14 13:35:00,0,0,0.39151713252067566
mlp,de,5,2202,2024-06-14 13:40:00,0,1,0.5388244390487671
mlp,de,5,2203,2024-06-14 13:45:00,0,1,0.5303504467010498
mlp,de,5,2204,2024-06-14 13:50:00,0,0,0.40498805046081543
mlp,de,5,2205,2024-06-14 13:55:00,0,0,0.3521941304206848
mlp,de,5,2206,2024-06-14 14:00:00,0,0,0.371013879776001
mlp,de,5,2207,2024-06-14 14:05:00,0,0,0.4015277326107025
mlp,de,5,2208,2024-06-14 14:10:00,0,1,0.5442622303962708
mlp,de,5,2209,2024-06-14 14:15:00,0,0,0.4423133432865143
mlp,de,5,2210,2024-06-14 14:20:00,0,0,0.315893292427063
mlp,de,5,2211,2024-06-14 14:25:00,0,0,0.2741020917892456
mlp,de,5,2212,2024-06-14 14:30:00,0,0,0.34792613983154297
mlp,de,5,2213,2024-06-14 14:35:00,0,0,0.32422614097595215
mlp,de,5,2214,2024-06-14 14:40:00,0,0,0.26792043447494507
mlp,de,5,2215,2024-06-14 14:45:00,0,0,0.25918421149253845
mlp,de,5,2216,2024-06-14 14:50:00,0,0,0.2448592633008957
mlp,de,5,2217,2024-06-14 14:55:00,0,0,0.2718603014945984
mlp,de,5,2218,2024-06-14 15:00:00,0,0,0.28328201174736023
mlp,de,5,2219,2024-06-14 15:05:00,1,0,0.2941848039627075
mlp,de,5,2220,2024-06-14 15:10:00,1,0,0.31478556990623474
mlp,de,5,2221,2024-06-14 15:15:00,1,1,0.5227724313735962
mlp,de,5,2222,2024-06-14 15:20:00,1,1,0.5866870880126953
mlp,de,5,2223,2024-06-14 15:25:00,1,1,0.6667930483818054
mlp,de,5,2224,2024-06-14 15:30:00,1,1,0.672096848487854
mlp,de,5,2225,2024-06-14 15:35:00,1,1,0.7348522543907166
mlp,de,5,2226,2024-06-14 15:40:00,1,1,0.6298938393592834
mlp,de,5,2227,2024-06-14 15:45:00,1,1,0.715800940990448
mlp,de,5,2228,2024-06-14 15:50:00,1,1,0.722333550453186
mlp,de,5,2229,2024-06-14 15:55:00,1,1,0.6459887623786926
mlp,de,5,2230,2024-06-14 16:00:00,1,1,0.6157506704330444
mlp,de,5,2231,2024-06-14 16:05:00,0,1,0.6818870306015015
mlp,de,5,2232,2024-06-14 16:10:00,0,1,0.6280632615089417
mlp,de,5,2233,2024-06-14 16:15:00,0,1,0.598314642906189
mlp,de,5,2234,2024-06-14 16:20:00,0,1,0.5411987900733948
mlp,de,5,2235,2024-06-14 16:25:00,0,1,0.5738274455070496
mlp,de,5,2236,2024-06-14 16:30:00,0,1,0.5391635298728943
mlp,de,5,2237,2024-06-14 16:35:00,0,1,0.5197898745536804
mlp,de,5,2238,2024-06-14 16:40:00,0,0,0.4083411693572998
mlp,de,5,2239,2024-06-14 16:45:00,0,0,0.4855460822582245
mlp,de,5,2240,2024-06-14 16:50:00,0,1,0.5699116587638855
mlp,de,5,2241,2024-06-14 16:55:00,0,1,0.5771144032478333
mlp,de,5,2242,2024-06-14 17:00:00,0,1,0.5963120460510254
mlp,de,5,2243,2024-06-14 17:05:00,0,0,0.48199039697647095
mlp,de,5,2244,2024-06-14 17:10:00,0,0,0.39969301223754883
mlp,de,5,2245,2024-06-14 17:15:00,0,0,0.3840944170951843
mlp,de,5,2246,2024-06-14 17:20:00,0,0,0.36836472153663635
mlp,de,5,2247,2024-06-14 17:25:00,0,1,0.5027289986610413
mlp,de,5,2248,2024-06-14 17:30:00,0,1,0.5530914664268494
mlp,de,5,2249,2024-06-14 17:35:00,0,1,0.569773256778717
mlp,de,5,2250,2024-06-14 17:40:00,0,1,0.5769213438034058
mlp,de,5,2251,2024-06-14 17:45:00,0,1,0.5986760258674622
mlp,de,5,2252,2024-06-14 17:50:00,0,1,0.567960262298584
mlp,de,5,2253,2024-06-14 17:55:00,1,1,0.6414656639099121
mlp,de,5,2254,2024-06-18 10:40:00,1,1,0.775062084197998
mlp,de,5,2255,2024-06-18 10:45:00,1,1,0.8065975308418274
mlp,de,5,2256,2024-06-18 10:50:00,1,1,0.8077104091644287
mlp,de,5,2257,2024-06-18 10:55:00,0,1,0.8031644225120544
mlp,de,5,2258,2024-06-18 11:00:00,0,1,0.7844956517219543
mlp,de,5,2259,2024-06-18 11:05:00,0,1,0.7186495661735535
mlp,de,5,2260,2024-06-18 11:10:00,0,0,0.48791253566741943
mlp,de,5,2261,2024-06-18 11:15:00,0,0,0.35857242345809937
mlp,de,5,2262,2024-06-18 11:20:00,1,0,0.3614867031574249
mlp,de,5,2263,2024-06-18 11:25:00,1,0,0.4168110489845276
mlp,de,5,2264,2024-06-18 11:30:00,1,0,0.49442240595817566
mlp,de,5,2265,2024-06-18 11:35:00,1,1,0.6276995539665222
mlp,de,5,2266,2024-06-18 11:40:00,1,1,0.624139666557312
mlp,de,5,2267,2024-06-18 11:45:00,1,1,0.5214583277702332
mlp,de,5,2268,2024-06-18 11:50:00,1,0,0.39375898241996765
mlp,de,5,2269,2024-06-18 11:55:00,1,0,0.47036847472190857
mlp,de,5,2270,2024-06-18 12:00:00,1,0,0.43223634362220764
mlp,de,5,2271,2024-06-18 12:05:00,1,0,0.3841676115989685
mlp,de,5,2272,2024-06-18 12:10:00,1,0,0.3819147050380707
mlp,de,5,2273,2024-06-18 12:15:00,1,1,0.5583470463752747
mlp,de,5,2274,2024-06-18 12:20:00,1,1,0.6119406223297119
mlp,de,5,2275,2024-06-18 12:25:00,1,1,0.6197105050086975
mlp,de,5,2276,2024-06-18 12:30:00,1,1,0.6346357464790344
mlp,de,5,2277,2024-06-18 12:35:00,1,1,0.6736130118370056
mlp,de,5,2278,2024-06-18 12:40:00,1,1,0.5880990624427795
mlp,de,5,2279,2024-06-18 12:45:00,1,1,0.5367317199707031
mlp,de,5,2280,2024-06-18 12:50:00,1,0,0.4395846426486969
mlp,de,5,2281,2024-06-18 12:55:00,1,0,0.376289963722229
mlp,de,5,2282,2024-06-18 13:00:00,1,0,0.444263756275177
mlp,de,5,2283,2024-06-18 13:05:00,1,1,0.5498738884925842
mlp,de,5,2284,2024-06-18 13:10:00,1,1,0.559304416179657
mlp,de,5,2285,2024-06-18 13:15:00,1,0,0.4739516079425812
mlp,de,5,2286,2024-06-18 13:20:00,1,0,0.451521635055542
mlp,de,5,2287,2024-06-18 13:25:00,1,0,0.41110390424728394
mlp,de,5,2288,2024-06-18 13:30:00,1,0,0.38345208764076233
mlp,de,5,2289,2024-06-18 13:35:00,1,0,0.48346221446990967
mlp,de,5,2290,2024-06-18 13:40:00,1,1,0.5538873672485352
mlp,de,5,2291,2024-06-18 13:45:00,1,1,0.588690996170044
mlp,de,5,2292,2024-06-18 13:50:00,1,1,0.643611490726471
mlp,de,5,2293,2024-06-18 13:55:00,1,1,0.6900988221168518
mlp,de,5,2294,2024-06-18 14:00:00,1,1,0.6776489615440369
mlp,de,5,2295,2024-06-18 14:05:00,1,1,0.6984541416168213
mlp,de,5,2296,2024-06-18 14:10:00,1,1,0.5827763676643372
mlp,de,5,2297,2024-06-18 14:15:00,1,1,0.6417880058288574
mlp,de,5,2298,2024-06-18 14:20:00,1,1,0.7096298933029175
mlp,de,5,2299,2024-06-18 14:25:00,1,1,0.7128973603248596
mlp,de,5,2300,2024-06-18 14:30:00,1,1,0.6405366063117981
mlp,de,5,2301,2024-06-18 14:35:00,1,1,0.6415891051292419
mlp,de,5,2302,2024-06-18 14:40:00,1,1,0.647693932056427
mlp,de,5,2303,2024-06-18 14:45:00,1,1,0.5836101770401001
mlp,de,5,2304,2024-06-18 14:50:00,1,0,0.43493422865867615
mlp,de,5,2305,2024-06-18 14:55:00,1,0,0.3711801767349243
mlp,de,5,2306,2024-06-18 15:00:00,1,0,0.33031198382377625
mlp,de,5,2307,2024-06-18 15:05:00,1,0,0.4023791551589966
mlp,de,5,2308,2024-06-18 15:10:00,1,0,0.424319326877594
mlp,de,5,2309,2024-06-18 15:15:00,1,0,0.3470086455345154
mlp,de,5,2310,2024-06-18 15:20:00,1,0,0.36659637093544006
mlp,de,5,2311,2024-06-18 15:25:00,1,0,0.467465877532959
mlp,de,5,2312,2024-06-18 15:30:00,0,1,0.5787537693977356
mlp,de,5,2313,2024-06-18 15:35:00,0,0,0.4709490239620209
mlp,de,5,2314,2024-06-18 15:40:00,0,0,0.3454011082649231
mlp,de,5,2315,2024-06-18 15:45:00,0,0,0.27959176898002625
mlp,de,5,2316,2024-06-18 15:50:00,0,0,0.3261209726333618
mlp,de,5,2317,2024-06-18 15:55:00,0,0,0.34412533044815063
mlp,de,5,2318,2024-06-18 16:00:00,0,0,0.28109562397003174
mlp,de,5,2319,2024-06-18 16:05:00,1,0,0.23319102823734283
mlp,de,5,2320,2024-06-18 16:10:00,1,0,0.2386716604232788
mlp,de,5,2321,2024-06-18 16:15:00,1,0,0.26521268486976624
mlp,de,5,2322,2024-06-18 16:20:00,1,0,0.3146487772464752
mlp,de,5,2323,2024-06-18 16:25:00,1,0,0.3920605778694153
mlp,de,5,2324,2024-06-18 16:30:00,1,0,0.47311970591545105
mlp,de,5,2325,2024-06-18 16:35:00,1,1,0.5512295365333557
mlp,de,5,2326,2024-06-18 16:40:00,1,1,0.6563052535057068
mlp,de,5,2327,2024-06-18 16:45:00,1,1,0.6462299227714539
mlp,de,5,2328,2024-06-18 16:50:00,1,1,0.6526081562042236
mlp,de,5,2329,2024-06-18 16:55:00,0,1,0.6633303165435791
mlp,de,5,2330,2024-06-18 17:00:00,0,1,0.687052309513092
mlp,de,5,2331,2024-06-18 17:05:00,0,1,0.5589914321899414
mlp,de,5,2332,2024-06-18 17:10:00,0,1,0.5024579763412476
mlp,de,5,2333,2024-06-18 17:15:00,0,0,0.49152618646621704
mlp,de,5,2334,2024-06-18 17:20:00,0,1,0.5711140632629395
mlp,de,5,2335,2024-06-18 17:25:00,0,1,0.6401776671409607
mlp,de,5,2336,2024-06-18 17:30:00,0,1,0.5780240297317505
mlp,de,5,2337,2024-06-18 17:35:00,0,0,0.4998326301574707
mlp,de,5,2338,2024-06-18 17:40:00,0,1,0.5895327925682068
mlp,de,5,2339,2024-06-18 17:45:00,0,1,0.6763914823532104
mlp,de,5,2340,2024-06-18 17:50:00,0,1,0.7161152362823486
mlp,de,5,2341,2024-06-18 17:55:00,0,1,0.6723534464836121
mlp,de,5,2342,2024-06-19 10:55:00,1,0,0.3050050139427185
mlp,de,5,2343,2024-06-19 11:00:00,1,0,0.4829680919647217
mlp,de,5,2344,2024-06-19 11:05:00,1,1,0.5039569139480591
mlp,de,5,2345,2024-06-19 11:10:00,1,0,0.4058149755001068
mlp,de,5,2346,2024-06-19 11:15:00,1,0,0.4010677635669708
mlp,de,5,2347,2024-06-19 11:20:00,1,0,0.4098479151725769
mlp,de,5,2348,2024-06-19 11:25:00,1,1,0.518142580986023
mlp,de,5,2349,2024-06-19 11:30:00,1,1,0.5914828777313232
mlp,de,5,2350,2024-06-19 11:35:00,1,1,0.638392984867096
mlp,de,5,2351,2024-06-19 11:40:00,1,1,0.6916418075561523
mlp,de,5,2352,2024-06-19 11:45:00,1,1,0.5709317922592163
mlp,de,5,2353,2024-06-19 11:50:00,1,1,0.5611249804496765
mlp,de,5,2354,2024-06-19 11:55:00,1,1,0.5327371954917908
mlp,de,5,2355,2024-06-19 12:00:00,1,1,0.5405144691467285
mlp,de,5,2356,2024-06-19 12:05:00,1,0,0.47765231132507324
mlp,de,5,2357,2024-06-19 12:10:00,1,0,0.4593011438846588
mlp,de,5,2358,2024-06-19 12:15:00,1,0,0.45258066058158875
mlp,de,5,2359,2024-06-19 12:20:00,1,0,0.4443977177143097
mlp,de,5,2360,2024-06-19 12:25:00,1,0,0.49886971712112427
mlp,de,5,2361,2024-06-19 12:30:00,1,1,0.6107046604156494
mlp,de,5,2362,2024-06-19 12:35:00,1,1,0.6261379718780518
mlp,de,5,2363,2024-06-19 12:40:00,1,1,0.6720048189163208
mlp,de,5,2364,2024-06-19 12:45:00,1,1,0.7303948402404785
mlp,de,5,2365,2024-06-19 12:50:00,1,1,0.7691835165023804
mlp,de,5,2366,2024-06-19 12:55:00,1,1,0.7526703476905823
mlp,de,5,2367,2024-06-19 13:00:00,1,1,0.7245458364486694
mlp,de,5,2368,2024-06-19 13:05:00,1,1,0.6843617558479309
mlp,de,5,2369,2024-06-19 13:10:00,1,1,0.7233264446258545
mlp,de,5,2370,2024-06-19 13:15:00,1,1,0.636424720287323
mlp,de,5,2371,2024-06-19 13:20:00,1,1,0.5416791439056396
mlp,de,5,2372,2024-06-19 13:25:00,1,1,0.575494647026062
mlp,de,5,2373,2024-06-19 13:30:00,1,1,0.6608390808105469
mlp,de,5,2374,2024-06-19 13:35:00,1,1,0.6928011775016785
mlp,de,5,2375,2024-06-19 13:40:00,1,1,0.6754316687583923
mlp,de,5,2376,2024-06-19 13:45:00,1,1,0.7073580026626587
mlp,de,5,2377,2024-06-19 13:50:00,1,1,0.7015137076377869
mlp,de,5,2378,2024-06-19 13:55:00,1,1,0.6709882616996765
mlp,de,5,2379,2024-06-19 14:00:00,1,1,0.5887433886528015
mlp,de,5,2380,2024-06-19 14:05:00,0,1,0.6498306393623352
mlp,de,5,2381,2024-06-19 14:10:00,0,1,0.5595009326934814
mlp,de,5,2382,2024-06-19 14:15:00,0,0,0.4448113441467285
mlp,de,5,2383,2024-06-19 14:20:00,0,1,0.5217192769050598
mlp,de,5,2384,2024-06-19 14:25:00,0,0,0.41332414746284485
mlp,de,5,2385,2024-06-19 14:30:00,1,0,0.3477015793323517
mlp,de,5,2386,2024-06-19 14:35:00,1,0,0.3385758399963379
mlp,de,5,2387,2024-06-19 14:40:00,1,0,0.4441501498222351
mlp,de,5,2388,2024-06-19 14:45:00,1,1,0.5048711895942688
mlp,de,5,2389,2024-06-19 14:50:00,1,1,0.5910875201225281
mlp,de,5,2390,2024-06-19 14:55:00,1,1,0.6142721176147461
mlp,de,5,2391,2024-06-19 15:00:00,1,1,0.6192351579666138
mlp,de,5,2392,2024-06-19 15:05:00,1,1,0.6597479581832886
mlp,de,5,2393,2024-06-19 15:10:00,1,1,0.6248401403427124
mlp,de,5,2394,2024-06-19 15:15:00,1,1,0.6334952712059021
mlp,de,5,2395,2024-06-19 15:20:00,1,1,0.6487054228782654
mlp,de,5,2396,2024-06-19 15:25:00,1,1,0.6099482774734497
mlp,de,5,2397,2024-06-19 15:30:00,1,1,0.567513644695282
mlp,de,5,2398,2024-06-19 15:35:00,1,0,0.48710745573043823
mlp,de,5,2399,2024-06-19 15:40:00,1,1,0.5902027487754822
mlp,de,5,2400,2024-06-19 15:45:00,1,1,0.711254894733429
mlp,de,5,2401,2024-06-19 15:50:00,1,1,0.7641422152519226
mlp,de,5,2402,2024-06-19 15:55:00,1,1,0.7747758626937866
mlp,de,5,2403,2024-06-19 16:00:00,1,1,0.7531154155731201
mlp,de,5,2404,2024-06-19 16:05:00,1,1,0.6884409785270691
mlp,de,5,2405,2024-06-19 16:10:00,1,1,0.6193591356277466
mlp,de,5,2406,2024-06-19 16:15:00,1,1,0.5902093648910522
mlp,de,5,2407,2024-06-19 16:20:00,1,1,0.6511473059654236
mlp,de,5,2408,2024-06-19 16:25:00,1,1,0.7299445867538452
mlp,de,5,2409,2024-06-19 16:30:00,1,1,0.7020782828330994
mlp,de,5,2410,2024-06-19 16:35:00,1,1,0.735550582408905
mlp,de,5,2411,2024-06-19 16:40:00,1,1,0.7793034911155701
mlp,de,5,2412,2024-06-19 16:45:00,1,1,0.7741193175315857
mlp,de,5,2413,2024-06-19 16:50:00,1,1,0.7623113989830017
mlp,de,5,2414,2024-06-19 16:55:00,1,1,0.6530376076698303
mlp,de,5,2415,2024-06-19 17:00:00,1,1,0.570478081703186
mlp,de,5,2416,2024-06-19 17:05:00,1,1,0.5061069130897522
mlp,de,5,2417,2024-06-19 17:10:00,1,0,0.4656573235988617
mlp,de,5,2418,2024-06-19 17:15:00,1,0,0.4674990773200989
mlp,de,5,2419,2024-06-19 17:20:00,1,1,0.5673289895057678
mlp,de,5,2420,2024-06-19 17:25:00,1,1,0.6221516132354736
mlp,de,5,2421,2024-06-19 17:30:00,1,1,0.5824149250984192
mlp,de,5,2422,2024-06-19 17:35:00,1,1,0.5905982255935669
mlp,de,5,2423,2024-06-19 17:40:00,1,1,0.6482971906661987
mlp,de,5,2424,2024-06-19 17:45:00,1,1,0.6465293169021606
mlp,de,5,2425,2024-06-19 17:50:00,1,1,0.5487712025642395
mlp,de,5,2426,2024-06-19 17:55:00,1,1,0.5755971074104309
mlp,de,5,2427,2024-06-20 10:50:00,0,1,0.7958654165267944
mlp,de,5,2428,2024-06-20 10:55:00,0,1,0.7613839507102966
mlp,de,5,2429,2024-06-20 11:00:00,0,1,0.7202490568161011
mlp,de,5,2430,2024-06-20 11:05:00,0,1,0.5452742576599121
mlp,de,5,2431,2024-06-20 11:10:00,0,1,0.538023054599762
mlp,de,5,2432,2024-06-20 11:15:00,0,1,0.6407968401908875
mlp,de,5,2433,2024-06-20 11:20:00,0,1,0.6303917765617371
mlp,de,5,2434,2024-06-20 11:25:00,0,1,0.5311110019683838
mlp,de,5,2435,2024-06-20 11:30:00,0,0,0.4081926941871643
mlp,de,5,2436,2024-06-20 11:35:00,0,0,0.2990644574165344
mlp,de,5,2437,2024-06-20 11:40:00,0,0,0.2539460361003876
mlp,de,5,2438,2024-06-20 11:45:00,0,0,0.23945292830467224
mlp,de,5,2439,2024-06-20 11:50:00,0,0,0.20682790875434875
mlp,de,5,2440,2024-06-20 11:55:00,0,0,0.22046516835689545
mlp,de,5,2441,2024-06-20 12:00:00,0,0,0.22417618334293365
mlp,de,5,2442,2024-06-20 12:05:00,0,0,0.2099968045949936
mlp,de,5,2443,2024-06-20 12:10:00,0,0,0.22773486375808716
mlp,de,5,2444,2024-06-20 12:15:00,0,0,0.25225526094436646
mlp,de,5,2445,2024-06-20 12:20:00,0,0,0.2633763253688812
mlp,de,5,2446,2024-06-20 12:25:00,0,0,0.28227290511131287
mlp,de,5,2447,2024-06-20 12:30:00,0,0,0.2825905978679657
mlp,de,5,2448,2024-06-20 12:35:00,0,0,0.2723986804485321
mlp,de,5,2449,2024-06-20 12:40:00,0,0,0.2731368839740753
mlp,de,5,2450,2024-06-20 12:45:00,0,0,0.42071619629859924
mlp,de,5,2451,2024-06-20 12:50:00,0,0,0.40099087357521057
mlp,de,5,2452,2024-06-20 12:55:00,0,0,0.3431416451931
mlp,de,5,2453,2024-06-20 13:00:00,0,0,0.3353007137775421
mlp,de,5,2454,2024-06-20 13:05:00,0,0,0.28170356154441833
mlp,de,5,2455,2024-06-20 13:10:00,0,0,0.2786993980407715
mlp,de,5,2456,2024-06-20 13:15:00,0,0,0.3259323537349701
mlp,de,5,2457,2024-06-20 13:20:00,0,0,0.3414008319377899
mlp,de,5,2458,2024-06-20 13:25:00,0,0,0.2952900826931
mlp,de,5,2459,2024-06-20 13:30:00,0,0,0.2662053108215332
mlp,de,5,2460,2024-06-20 13:35:00,1,0,0.28977370262145996
mlp,de,5,2461,2024-06-20 13:40:00,1,0,0.30931556224823
mlp,de,5,2462,2024-06-20 13:45:00,1,0,0.4703730344772339
mlp,de,5,2463,2024-06-20 13:50:00,1,1,0.5406302809715271
mlp,de,5,2464,2024-06-20 13:55:00,1,1,0.5314729809761047
mlp,de,5,2465,2024-06-20 14:00:00,1,1,0.520419180393219
mlp,de,5,2466,2024-06-20 14:05:00,1,1,0.5598894357681274
mlp,de,5,2467,2024-06-20 14:10:00,1,1,0.6663665771484375
mlp,de,5,2468,2024-06-20 14:15:00,1,1,0.724292516708374
mlp,de,5,2469,2024-06-20 14:20:00,1,1,0.6918662190437317
mlp,de,5,2470,2024-06-20 14:25:00,1,1,0.6414775252342224
mlp,de,5,2471,2024-06-20 14:30:00,1,0,0.48214370012283325
mlp,de,5,2472,2024-06-20 14:35:00,1,0,0.3706597089767456
mlp,de,5,2473,2024-06-20 14:40:00,1,0,0.4124257266521454
mlp,de,5,2474,2024-06-20 14:45:00,1,0,0.43493568897247314
mlp,de,5,2475,2024-06-20 14:50:00,1,0,0.4923216700553894
mlp,de,5,2476,2024-06-20 14:55:00,1,1,0.566316545009613
mlp,de,5,2477,2024-06-20 15:00:00,1,1,0.6453335285186768
mlp,de,5,2478,2024-06-20 15:05:00,1,1,0.6789404153823853
mlp,de,5,2479,2024-06-20 15:10:00,1,1,0.6695492267608643
mlp,de,5,2480,2024-06-20 15:15:00,1,1,0.6731365919113159
mlp,de,5,2481,2024-06-20 15:20:00,1,1,0.7192724943161011
mlp,de,5,2482,2024-06-20 15:25:00,1,1,0.7064500451087952
mlp,de,5,2483,2024-06-20 15:30:00,1,1,0.5887767672538757
mlp,de,5,2484,2024-06-20 15:35:00,1,1,0.5894397497177124
mlp,de,5,2485,2024-06-20 15:40:00,1,1,0.6817143559455872
mlp,de,5,2486,2024-06-20 15:45:00,1,1,0.7278685569763184
mlp,de,5,2487,2024-06-20 15:50:00,0,1,0.743689775466919
mlp,de,5,2488,2024-06-20 15:55:00,0,1,0.7624850869178772
mlp,de,5,2489,2024-06-20 16:00:00,0,1,0.7159862518310547
mlp,de,5,2490,2024-06-20 16:05:00,0,1,0.6327294707298279
mlp,de,5,2491,2024-06-20 16:10:00,0,0,0.4703238010406494
mlp,de,5,2492,2024-06-20 16:15:00,0,0,0.3277694880962372
mlp,de,5,2493,2024-06-20 16:20:00,0,0,0.24934890866279602
mlp,de,5,2494,2024-06-20 16:25:00,0,0,0.2668006718158722
mlp,de,5,2495,2024-06-20 16:30:00,0,0,0.30529099702835083
mlp,de,5,2496,2024-06-20 16:35:00,0,0,0.3120155334472656
mlp,de,5,2497,2024-06-20 16:40:00,0,0,0.397381454706192
mlp,de,5,2498,2024-06-20 16:45:00,0,0,0.48631617426872253
mlp,de,5,2499,2024-06-20 16:50:00,0,0,0.49909737706184387
mlp,de,5,2500,2024-06-20 16:55:00,0,0,0.4941658675670624
mlp,de,5,2501,2024-06-20 17:00:00,0,0,0.45992010831832886
mlp,de,5,2502,2024-06-20 17:05:00,0,0,0.40029898285865784
mlp,de,5,2503,2024-06-20 17:10:00,0,0,0.49865156412124634
mlp,de,5,2504,2024-06-20 17:15:00,0,1,0.5599460601806641
mlp,de,5,2505,2024-06-20 17:20:00,0,1,0.5174920558929443
mlp,de,5,2506,2024-06-20 17:25:00,0,0,0.4427782893180847
mlp,de,5,2507,2024-06-20 17:30:00,0,0,0.4622529447078705
mlp,de,5,2508,2024-06-20 17:35:00,0,0,0.4798007607460022
mlp,de,5,2509,2024-06-20 17:40:00,0,1,0.5175752639770508
mlp,de,5,2510,2024-06-20 17:45:00,0,0,0.4793590009212494
mlp,de,5,2511,2024-06-20 17:50:00,0,0,0.47782087326049805
mlp,de,5,2512,2024-06-20 17:55:00,1,0,0.46409663558006287
mlp,de,5,2513,2024-06-21 10:40:00,1,1,0.7647845149040222
mlp,de,5,2514,2024-06-21 10:45:00,1,1,0.7721078991889954
mlp,de,5,2515,2024-06-21 10:50:00,1,1,0.8020196557044983
mlp,de,5,2516,2024-06-21 10:55:00,1,1,0.8068504333496094
mlp,de,5,2517,2024-06-21 11:00:00,1,1,0.7939751744270325
mlp,de,5,2518,2024-06-21 11:05:00,1,1,0.7872768640518188
mlp,de,5,2519,2024-06-21 11:10:00,1,1,0.7298146486282349
mlp,de,5,2520,2024-06-21 11:15:00,1,1,0.7290837168693542
mlp,de,5,2521,2024-06-21 11:20:00,1,1,0.7183809280395508
mlp,de,5,2522,2024-06-21 11:25:00,0,1,0.7290475964546204
mlp,de,5,2523,2024-06-21 11:30:00,0,1,0.7072475552558899
mlp,de,5,2524,2024-06-21 11:35:00,0,1,0.6740806102752686
mlp,de,5,2525,2024-06-21 11:40:00,0,1,0.5801340937614441
mlp,de,5,2526,2024-06-21 11:45:00,0,0,0.47913503646850586
mlp,de,5,2527,2024-06-21 11:50:00,0,1,0.541455090045929
mlp,de,5,2528,2024-06-21 11:55:00,0,1,0.5384403467178345
mlp,de,5,2529,2024-06-21 12:00:00,0,1,0.5514469742774963
mlp,de,5,2530,2024-06-21 12:05:00,0,1,0.5657676458358765
mlp,de,5,2531,2024-06-21 12:10:00,0,1,0.6243041157722473
mlp,de,5,2532,2024-06-21 12:15:00,1,0,0.36240339279174805
mlp,de,5,2533,2024-06-21 12:20:00,1,0,0.31380319595336914
mlp,de,5,2534,2024-06-21 12:25:00,1,0,0.2924341857433319
mlp,de,5,2535,2024-06-21 12:30:00,1,0,0.2717724144458771
mlp,de,5,2536,2024-06-21 12:35:00,1,0,0.35430705547332764
mlp,de,5,2537,2024-06-21 12:40:00,1,0,0.3418843746185303
mlp,de,5,2538,2024-06-21 12:45:00,1,0,0.46530479192733765
mlp,de,5,2539,2024-06-21 12:50:00,1,0,0.44940999150276184
mlp,de,5,2540,2024-06-21 12:55:00,1,0,0.44176432490348816
mlp,de,5,2541,2024-06-21 13:00:00,1,0,0.41507044434547424
mlp,de,5,2542,2024-06-21 13:05:00,1,0,0.46467477083206177
mlp,de,5,2543,2024-06-21 13:10:00,1,1,0.523936927318573
mlp,de,5,2544,2024-06-21 13:15:00,1,1,0.595659077167511
mlp,de,5,2545,2024-06-21 13:20:00,1,1,0.6300762891769409
mlp,de,5,2546,2024-06-21 13:25:00,1,1,0.6941203474998474
mlp,de,5,2547,2024-06-21 13:30:00,1,1,0.6936571598052979
mlp,de,5,2548,2024-06-21 13:35:00,1,1,0.5999937653541565
mlp,de,5,2549,2024-06-21 13:40:00,1,1,0.6664493083953857
mlp,de,5,2550,2024-06-21 13:45:00,1,1,0.6677265763282776
mlp,de,5,2551,2024-06-21 13:50:00,0,1,0.6798727512359619
mlp,de,5,2552,2024-06-21 13:55:00,0,1,0.6671496629714966
mlp,de,5,2553,2024-06-21 14:00:00,0,1,0.6306012868881226
mlp,de,5,2554,2024-06-21 14:05:00,0,1,0.6120603084564209
mlp,de,5,2555,2024-06-21 14:10:00,0,1,0.5623248219490051
mlp,de,5,2556,2024-06-21 14:15:00,0,1,0.6067208647727966
mlp,de,5,2557,2024-06-21 14:20:00,0,1,0.5343106389045715
mlp,de,5,2558,2024-06-21 14:25:00,0,0,0.49488794803619385
mlp,de,5,2559,2024-06-21 14:30:00,0,0,0.43308302760124207
mlp,de,5,2560,2024-06-21 14:35:00,0,0,0.3501885235309601
mlp,de,5,2561,2024-06-21 14:40:00,0,0,0.38892701268196106
mlp,de,5,2562,2024-06-21 14:45:00,0,0,0.35987648367881775
mlp,de,5,2563,2024-06-21 14:50:00,0,0,0.424690306186676
mlp,de,5,2564,2024-06-21 14:55:00,0,0,0.4441367983818054
mlp,de,5,2565,2024-06-21 15:00:00,1,0,0.3472544550895691
mlp,de,5,2566,2024-06-21 15:05:00,1,0,0.4024728238582611
mlp,de,5,2567,2024-06-21 15:10:00,1,0,0.4889722168445587
mlp,de,5,2568,2024-06-21 15:15:00,1,1,0.5219982862472534
mlp,de,5,2569,2024-06-21 15:20:00,1,1,0.6285560131072998
mlp,de,5,2570,2024-06-21 15:25:00,1,1,0.6644965410232544
mlp,de,5,2571,2024-06-21 15:30:00,1,1,0.6966942548751831
mlp,de,5,2572,2024-06-21 15:35:00,1,1,0.7278395295143127
mlp,de,5,2573,2024-06-21 15:40:00,1,1,0.6738823652267456
mlp,de,5,2574,2024-06-21 15:45:00,1,1,0.6529049873352051
mlp,de,5,2575,2024-06-21 15:50:00,1,1,0.6596696972846985
mlp,de,5,2576,2024-06-21 15:55:00,1,1,0.6691452264785767
mlp,de,5,2577,2024-06-21 16:00:00,1,1,0.692125678062439
mlp,de,5,2578,2024-06-21 16:05:00,1,1,0.6941934823989868
mlp,de,5,2579,2024-06-21 16:10:00,1,1,0.6752965450286865
mlp,de,5,2580,2024-06-21 16:15:00,1,1,0.6801183223724365
mlp,de,5,2581,2024-06-21 16:20:00,1,1,0.6434295177459717
mlp,de,5,2582,2024-06-21 16:25:00,1,1,0.6691006422042847
mlp,de,5,2583,2024-06-21 16:30:00,1,1,0.6729647517204285
mlp,de,5,2584,2024-06-21 16:35:00,1,1,0.699144721031189
mlp,de,5,2585,2024-06-21 16:40:00,1,1,0.5640726089477539
mlp,de,5,2586,2024-06-21 16:45:00,1,0,0.4859829545021057
mlp,de,5,2587,2024-06-21 16:50:00,1,1,0.5274644494056702
mlp,de,5,2588,2024-06-21 16:55:00,1,1,0.5741459131240845
mlp,de,5,2589,2024-06-21 17:00:00,1,0,0.4951958656311035
mlp,de,5,2590,2024-06-21 17:05:00,1,0,0.4290039539337158
mlp,de,5,2591,2024-06-21 17:10:00,1,0,0.41416630148887634
mlp,de,5,2592,2024-06-21 17:15:00,1,1,0.5342282652854919
mlp,de,5,2593,2024-06-21 17:20:00,1,1,0.5374614000320435
mlp,de,5,2594,2024-06-21 17:25:00,1,0,0.48928630352020264
mlp,de,5,2595,2024-06-21 17:30:00,1,1,0.5213916301727295
mlp,de,5,2596,2024-06-21 17:35:00,1,1,0.5477855205535889
mlp,de,5,2597,2024-06-21 17:40:00,1,1,0.5784642100334167
mlp,de,5,2598,2024-06-21 17:45:00,1,1,0.5103360414505005
mlp,de,5,2599,2024-06-21 17:50:00,1,1,0.555845320224762
mlp,de,5,2600,2024-06-21 17:55:00,1,1,0.6155893802642822
mlp,de,5,2601,2024-06-24 10:50:00,0,1,0.7968220710754395
mlp,de,5,2602,2024-06-24 10:55:00,0,1,0.7793176770210266
mlp,de,5,2603,2024-06-24 11:00:00,0,1,0.6975040435791016
mlp,de,5,2604,2024-06-24 11:05:00,0,1,0.6288192868232727
mlp,de,5,2605,2024-06-24 11:10:00,0,1,0.6843988299369812
mlp,de,5,2606,2024-06-24 11:15:00,0,1,0.6303821802139282
mlp,de,5,2607,2024-06-24 11:20:00,0,1,0.5884822010993958
mlp,de,5,2608,2024-06-24 11:25:00,0,1,0.5395852327346802
mlp,de,5,2609,2024-06-24 11:30:00,0,0,0.454520583152771
mlp,de,5,2610,2024-06-24 11:35:00,0,0,0.4419823884963989
mlp,de,5,2611,2024-06-24 11:40:00,0,1,0.5299262404441833
mlp,de,5,2612,2024-06-24 11:45:00,0,0,0.4536537230014801
mlp,de,5,2613,2024-06-24 11:50:00,0,0,0.4622593820095062
mlp,de,5,2614,2024-06-24 11:55:00,0,1,0.5072530508041382
mlp,de,5,2615,2024-06-24 12:00:00,0,1,0.5300790667533875
mlp,de,5,2616,2024-06-24 12:05:00,0,1,0.5404137372970581
mlp,de,5,2617,2024-06-24 12:10:00,0,0,0.4233924150466919
mlp,de,5,2618,2024-06-24 12:15:00,0,0,0.3615105450153351
mlp,de,5,2619,2024-06-24 12:20:00,0,0,0.34740182757377625
mlp,de,5,2620,2024-06-24 12:25:00,0,0,0.3451671898365021
mlp,de,5,2621,2024-06-24 12:30:00,0,0,0.3243248164653778
mlp,de,5,2622,2024-06-24 12:35:00,0,0,0.32943302392959595
mlp,de,5,2623,2024-06-24 12:40:00,0,0,0.3947257697582245
mlp,de,5,2624,2024-06-24 12:45:00,1,0,0.3873012661933899
mlp,de,5,2625,2024-06-24 12:50:00,1,0,0.42732274532318115
mlp,de,5,2626,2024-06-24 12:55:00,1,1,0.5565226674079895
mlp,de,5,2627,2024-06-24 13:00:00,1,0,0.4767059087753296
mlp,de,5,2628,2024-06-24 13:05:00,1,0,0.4899735450744629
mlp,de,5,2629,2024-06-24 13:10:00,1,1,0.6221593618392944
mlp,de,5,2630,2024-06-24 13:15:00,1,1,0.6525684595108032
mlp,de,5,2631,2024-06-24 13:20:00,1,1,0.6771140694618225
mlp,de,5,2632,2024-06-24 13:25:00,1,1,0.6759517788887024
mlp,de,5,2633,2024-06-24 13:30:00,1,1,0.5831739902496338
mlp,de,5,2634,2024-06-24 13:35:00,1,1,0.5338187217712402
mlp,de,5,2635,2024-06-24 13:40:00,1,0,0.4771781265735626
mlp,de,5,2636,2024-06-24 13:45:00,1,1,0.5076360702514648
mlp,de,5,2637,2024-06-24 13:50:00,1,0,0.44112899899482727
mlp,de,5,2638,2024-06-24 13:55:00,1,1,0.5076608061790466
mlp,de,5,2639,2024-06-24 14:00:00,1,1,0.525302529335022
mlp,de,5,2640,2024-06-24 14:05:00,1,0,0.49057576060295105
mlp,de,5,2641,2024-06-24 14:10:00,1,0,0.3637702763080597
mlp,de,5,2642,2024-06-24 14:15:00,1,0,0.3657451272010803
mlp,de,5,2643,2024-06-24 14:20:00,1,0,0.4595789313316345
mlp,de,5,2644,2024-06-24 14:25:00,1,1,0.5647066831588745
mlp,de,5,2645,2024-06-24 14:30:00,1,1,0.6160820722579956
mlp,de,5,2646,2024-06-24 14:35:00,0,1,0.6428825259208679
mlp,de,5,2647,2024-06-24 14:40:00,0,1,0.6068702340126038
mlp,de,5,2648,2024-06-24 14:45:00,0,0,0.4907287657260895
mlp,de,5,2649,2024-06-24 14:50:00,0,0,0.4234809875488281
mlp,de,5,2650,2024-06-24 14:55:00,0,0,0.4872267246246338
mlp,de,5,2651,2024-06-24 15:00:00,0,0,0.49907806515693665
mlp,de,5,2652,2024-06-24 15:05:00,0,1,0.5471994280815125
mlp,de,5,2653,2024-06-24 15:10:00,0,1,0.582034707069397
mlp,de,5,2654,2024-06-24 15:15:00,0,1,0.5002407431602478
mlp,de,5,2655,2024-06-24 15:20:00,0,1,0.5026012063026428
mlp,de,5,2656,2024-06-24 15:25:00,0,0,0.4448201060295105
mlp,de,5,2657,2024-06-24 15:30:00,1,0,0.3500831425189972
mlp,de,5,2658,2024-06-24 15:35:00,1,0,0.3808389902114868
mlp,de,5,2659,2024-06-24 15:40:00,1,0,0.4842700958251953
mlp,de,5,2660,2024-06-24 15:45:00,1,1,0.6103948950767517
mlp,de,5,2661,2024-06-24 15:50:00,1,0,0.48475995659828186
mlp,de,5,2662,2024-06-24 15:55:00,1,0,0.40563610196113586
mlp,de,5,2663,2024-06-24 16:00:00,1,0,0.4100063741207123
mlp,de,5,2664,2024-06-24 16:05:00,1,0,0.4268566071987152
mlp,de,5,2665,2024-06-24 16:10:00,1,0,0.460223913192749
mlp,de,5,2666,2024-06-24 16:15:00,1,0,0.4978281855583191
mlp,de,5,2667,2024-06-24 16:20:00,1,1,0.5805375576019287
mlp,de,5,2668,2024-06-24 16:25:00,1,0,0.49621912837028503
mlp,de,5,2669,2024-06-24 16:30:00,1,1,0.5527408719062805
mlp,de,5,2670,2024-06-24 16:35:00,1,1,0.6641818881034851
mlp,de,5,2671,2024-06-24 16:40:00,1,1,0.6479982137680054
mlp,de,5,2672,2024-06-24 16:45:00,1,1,0.6904234886169434
mlp,de,5,2673,2024-06-24 16:50:00,1,1,0.6821979880332947
mlp,de,5,2674,2024-06-24 16:55:00,1,1,0.5328493714332581
mlp,de,5,2675,2024-06-24 17:00:00,1,0,0.4933728873729706
mlp,de,5,2676,2024-06-24 17:05:00,1,0,0.48486340045928955
mlp,de,5,2677,2024-06-24 17:10:00,1,0,0.4012037515640259
mlp,de,5,2678,2024-06-24 17:15:00,0,1,0.5016136169433594
mlp,de,5,2679,2024-06-24 17:20:00,0,1,0.5017358660697937
mlp,de,5,2680,2024-06-24 17:25:00,0,0,0.47831031680107117
mlp,de,5,2681,2024-06-24 17:30:00,0,1,0.5427126288414001
mlp,de,5,2682,2024-06-24 17:35:00,0,1,0.6039327383041382
mlp,de,5,2683,2024-06-24 17:40:00,0,1,0.6463171243667603
mlp,de,5,2684,2024-06-24 17:45:00,0,1,0.6035078167915344
mlp,de,5,2685,2024-06-24 17:50:00,0,1,0.6255098581314087
mlp,de,5,2686,2024-06-24 17:55:00,0,1,0.6073766946792603
mlp,de,5,2687,2024-06-25 12:35:00,1,0,0.27523273229599
mlp,de,5,2688,2024-06-25 12:40:00,1,0,0.27735215425491333
mlp,de,5,2689,2024-06-25 12:45:00,1,0,0.36768215894699097
mlp,de,5,2690,2024-06-25 12:50:00,1,0,0.41439762711524963
mlp,de,5,2691,2024-06-25 12:55:00,1,0,0.45422646403312683
mlp,de,5,2692,2024-06-25 13:00:00,1,1,0.5292121767997742
mlp,de,5,2693,2024-06-25 13:05:00,1,1,0.5025709867477417
mlp,de,5,2694,2024-06-25 13:10:00,1,0,0.38577166199684143
mlp,de,5,2695,2024-06-25 13:15:00,1,0,0.44719600677490234
mlp,de,5,2696,2024-06-25 13:20:00,1,1,0.5503376126289368
mlp,de,5,2697,2024-06-25 13:25:00,1,1,0.624284029006958
mlp,de,5,2698,2024-06-25 13:30:00,1,1,0.5308759808540344
mlp,de,5,2699,2024-06-25 13:35:00,1,1,0.5878596305847168
mlp,de,5,2700,2024-06-25 13:40:00,1,1,0.6067057847976685
mlp,de,5,2701,2024-06-25 13:45:00,1,1,0.6131017804145813
mlp,de,5,2702,2024-06-25 13:50:00,1,1,0.6865555644035339
mlp,de,5,2703,2024-06-25 13:55:00,1,1,0.6244451999664307
mlp,de,5,2704,2024-06-25 14:00:00,1,1,0.6125136613845825
mlp,de,5,2705,2024-06-25 14:05:00,1,1,0.6234608888626099
mlp,de,5,2706,2024-06-25 14:10:00,1,1,0.6732407808303833
mlp,de,5,2707,2024-06-25 14:15:00,1,1,0.595089316368103
mlp,de,5,2708,2024-06-25 14:20:00,1,0,0.44641295075416565
mlp,de,5,2709,2024-06-25 14:25:00,1,1,0.5037717819213867
mlp,de,5,2710,2024-06-25 14:30:00,1,1,0.6076402068138123
mlp,de,5,2711,2024-06-25 14:35:00,1,1,0.5806484222412109
mlp,de,5,2712,2024-06-25 14:40:00,1,1,0.6043721437454224
mlp,de,5,2713,2024-06-25 14:45:00,1,1,0.6251896023750305
mlp,de,5,2714,2024-06-25 14:50:00,0,1,0.6987211108207703
mlp,de,5,2715,2024-06-25 14:55:00,0,1,0.7195025086402893
mlp,de,5,2716,2024-06-25 15:00:00,0,1,0.6912832856178284
mlp,de,5,2717,2024-06-25 15:05:00,0,1,0.652044951915741
mlp,de,5,2718,2024-06-25 15:10:00,0,1,0.6624616980552673
mlp,de,5,2719,2024-06-25 15:15:00,0,1,0.6033095717430115
mlp,de,5,2720,2024-06-25 15:20:00,0,0,0.4613536596298218
mlp,de,5,2721,2024-06-25 15:25:00,0,1,0.5064173936843872
mlp,de,5,2722,2024-06-25 15:30:00,0,1,0.5231533646583557
mlp,de,5,2723,2024-06-25 15:35:00,0,1,0.501681923866272
mlp,de,5,2724,2024-06-25 15:40:00,0,0,0.498370498418808
mlp,de,5,2725,2024-06-25 15:45:00,0,1,0.56367027759552
mlp,de,5,2726,2024-06-25 15:50:00,0,0,0.47037291526794434
mlp,de,5,2727,2024-06-25 15:55:00,0,0,0.4217982888221741
mlp,de,5,2728,2024-06-25 16:00:00,0,0,0.46223410964012146
mlp,de,5,2729,2024-06-25 16:05:00,0,0,0.4125591516494751
mlp,de,5,2730,2024-06-25 16:10:00,0,0,0.3976232409477234
mlp,de,5,2731,2024-06-25 16:15:00,0,0,0.44992688298225403
mlp,de,5,2732,2024-06-25 16:20:00,0,0,0.43008461594581604
mlp,de,5,2733,2024-06-25 16:25:00,0,0,0.4954356849193573
mlp,de,5,2734,2024-06-25 16:30:00,0,0,0.46001997590065
mlp,de,5,2735,2024-06-25 16:35:00,0,0,0.3625607192516327
mlp,de,5,2736,2024-06-25 16:40:00,1,0,0.3427286446094513
mlp,de,5,2737,2024-06-25 16:45:00,1,0,0.3736008107662201
mlp,de,5,2738,2024-06-25 16:50:00,1,0,0.37018558382987976
mlp,de,5,2739,2024-06-25 16:55:00,1,0,0.4100341498851776
mlp,de,5,2740,2024-06-25 17:00:00,1,1,0.5220881104469299
mlp,de,5,2741,2024-06-25 17:05:00,1,1,0.6258365511894226
mlp,de,5,2742,2024-06-25 17:10:00,1,1,0.6954337954521179
mlp,de,5,2743,2024-06-25 17:15:00,1,1,0.6254057288169861
mlp,de,5,2744,2024-06-25 17:20:00,1,1,0.6834799647331238
mlp,de,5,2745,2024-06-25 17:25:00,1,1,0.6402395367622375
mlp,de,5,2746,2024-06-25 17:30:00,0,1,0.6253594160079956
mlp,de,5,2747,2024-06-25 17:35:00,0,1,0.637109637260437
mlp,de,5,2748,2024-06-25 17:40:00,0,1,0.6005938649177551
mlp,de,5,2749,2024-06-25 17:45:00,0,1,0.5897360444068909
mlp,de,5,2750,2024-06-25 17:50:00,0,1,0.6168692708015442
mlp,de,5,2751,2024-06-25 17:55:00,0,1,0.6104662418365479
mlp,de,5,2752,2024-06-26 10:40:00,1,0,0.2822703421115875
mlp,de,5,2753,2024-06-26 10:45:00,1,0,0.27424123883247375
mlp,de,5,2754,2024-06-26 10:50:00,1,0,0.3532065749168396
mlp,de,5,2755,2024-06-26 10:55:00,1,1,0.5005927681922913
mlp,de,5,2756,2024-06-26 11:00:00,1,1,0.6152750849723816
mlp,de,5,2757,2024-06-26 11:05:00,1,1,0.5708447694778442
mlp,de,5,2758,2024-06-26 11:10:00,1,1,0.5670580863952637
mlp,de,5,2759,2024-06-26 11:15:00,1,1,0.6908857226371765
mlp,de,5,2760,2024-06-26 11:20:00,1,1,0.7530112862586975
mlp,de,5,2761,2024-06-26 11:25:00,1,1,0.6452932357788086
mlp,de,5,2762,2024-06-26 11:30:00,1,1,0.5018617510795593
mlp,de,5,2763,2024-06-26 11:35:00,1,1,0.5603209137916565
mlp,de,5,2764,2024-06-26 11:40:00,1,0,0.4791998565196991
mlp,de,5,2765,2024-06-26 11:45:00,1,0,0.4638146162033081
mlp,de,5,2766,2024-06-26 11:50:00,1,1,0.5577475428581238
mlp,de,5,2767,2024-06-26 11:55:00,1,1,0.5144438743591309
mlp,de,5,2768,2024-06-26 12:00:00,1,1,0.5704726576805115
mlp,de,5,2769,2024-06-26 12:05:00,1,1,0.6573616862297058
mlp,de,5,2770,2024-06-26 12:10:00,1,0,0.4709809124469757
mlp,de,5,2771,2024-06-26 12:15:00,1,0,0.40345680713653564
mlp,de,5,2772,2024-06-26 12:20:00,1,1,0.5157946944236755
mlp,de,5,2773,2024-06-26 12:25:00,1,1,0.5967116355895996
mlp,de,5,2774,2024-06-26 12:30:00,1,1,0.5928924679756165
mlp,de,5,2775,2024-06-26 12:35:00,1,1,0.6411207914352417
mlp,de,5,2776,2024-06-26 12:40:00,1,1,0.6458310484886169
mlp,de,5,2777,2024-06-26 12:45:00,1,1,0.6296433210372925
mlp,de,5,2778,2024-06-26 12:50:00,1,1,0.701809823513031
mlp,de,5,2779,2024-06-26 12:55:00,1,1,0.7491269111633301
mlp,de,5,2780,2024-06-26 13:00:00,1,1,0.7609063982963562
mlp,de,5,2781,2024-06-26 13:05:00,1,1,0.7862406969070435
mlp,de,5,2782,2024-06-26 13:10:00,1,1,0.7499359250068665
mlp,de,5,2783,2024-06-26 13:15:00,1,1,0.7521333694458008
mlp,de,5,2784,2024-06-26 13:20:00,1,1,0.7608100771903992
mlp,de,5,2785,2024-06-26 13:25:00,1,1,0.7417324781417847
mlp,de,5,2786,2024-06-26 13:30:00,1,1,0.7132391333580017
mlp,de,5,2787,2024-06-26 13:35:00,1,1,0.6713438034057617
mlp,de,5,2788,2024-06-26 13:40:00,1,1,0.6883195638656616
mlp,de,5,2789,2024-06-26 13:45:00,1,1,0.6771572232246399
mlp,de,5,2790,2024-06-26 13:50:00,1,1,0.715872585773468
mlp,de,5,2791,2024-06-26 13:55:00,1,1,0.6616204380989075
mlp,de,5,2792,2024-06-26 14:00:00,1,1,0.6364691257476807
mlp,de,5,2793,2024-06-26 14:05:00,1,1,0.5447310209274292
mlp,de,5,2794,2024-06-26 14:10:00,1,0,0.4376157820224762
mlp,de,5,2795,2024-06-26 14:15:00,1,0,0.46767157316207886
mlp,de,5,2796,2024-06-26 14:20:00,1,1,0.5730636715888977
mlp,de,5,2797,2024-06-26 14:25:00,1,1,0.607326090335846
mlp,de,5,2798,2024-06-26 14:30:00,1,1,0.6345008015632629
mlp,de,5,2799,2024-06-26 14:35:00,1,1,0.6206519603729248
mlp,de,5,2800,2024-06-26 14:40:00,1,1,0.5724812746047974
mlp,de,5,2801,2024-06-26 14:45:00,1,1,0.5492156147956848
mlp,de,5,2802,2024-06-26 14:50:00,1,0,0.48327332735061646
mlp,de,5,2803,2024-06-26 14:55:00,1,1,0.5927400588989258
mlp,de,5,2804,2024-06-26 15:00:00,1,1,0.6826797723770142
mlp,de,5,2805,2024-06-26 15:05:00,1,1,0.7050437331199646
mlp,de,5,2806,2024-06-26 15:10:00,0,1,0.7564858198165894
mlp,de,5,2807,2024-06-26 15:15:00,0,1,0.7028142213821411
mlp,de,5,2808,2024-06-26 15:20:00,0,1,0.6807005405426025
mlp,de,5,2809,2024-06-26 15:25:00,0,1,0.5951939225196838
mlp,de,5,2810,2024-06-26 15:30:00,0,1,0.5221694111824036
mlp,de,5,2811,2024-06-26 15:35:00,0,1,0.5185946226119995
mlp,de,5,2812,2024-06-26 15:40:00,0,0,0.464118629693985
mlp,de,5,2813,2024-06-26 15:45:00,0,0,0.3981859087944031
mlp,de,5,2814,2024-06-26 15:50:00,0,0,0.3245117664337158
mlp,de,5,2815,2024-06-26 15:55:00,0,0,0.2803809642791748
mlp,de,5,2816,2024-06-26 16:00:00,0,0,0.2693752944469452
mlp,de,5,2817,2024-06-26 16:05:00,0,0,0.3013695776462555
mlp,de,5,2818,2024-06-26 16:10:00,1,0,0.2987079322338104
mlp,de,5,2819,2024-06-26 16:15:00,1,0,0.3896942138671875
mlp,de,5,2820,2024-06-26 16:20:00,1,1,0.5629401803016663
mlp,de,5,2821,2024-06-26 16:25:00,1,1,0.6412696242332458
mlp,de,5,2822,2024-06-26 16:30:00,1,1,0.7030446529388428
mlp,de,5,2823,2024-06-26 16:35:00,1,1,0.6906410455703735
mlp,de,5,2824,2024-06-26 16:40:00,1,1,0.6859070062637329
mlp,de,5,2825,2024-06-26 16:45:00,1,1,0.702280580997467
mlp,de,5,2826,2024-06-26 16:50:00,0,1,0.7344068288803101
mlp,de,5,2827,2024-06-26 16:55:00,0,1,0.7873125076293945
mlp,de,5,2828,2024-06-26 17:00:00,0,1,0.7505655884742737
mlp,de,5,2829,2024-06-26 17:05:00,0,1,0.7598795294761658
mlp,de,5,2830,2024-06-26 17:10:00,0,1,0.6588184237480164
mlp,de,5,2831,2024-06-26 17:15:00,0,1,0.5428233742713928
mlp,de,5,2832,2024-06-26 17:20:00,0,1,0.5020626187324524
mlp,de,5,2833,2024-06-26 17:25:00,0,1,0.5218873620033264
mlp,de,5,2834,2024-06-26 17:30:00,1,0,0.43786633014678955
mlp,de,5,2835,2024-06-26 17:35:00,1,0,0.4564707577228546
mlp,de,5,2836,2024-06-26 17:40:00,1,1,0.5538845658302307
mlp,de,5,2837,2024-06-26 17:45:00,1,1,0.5884335041046143
mlp,de,5,2838,2024-06-26 17:50:00,1,1,0.6416195034980774
mlp,de,5,2839,2024-06-26 17:55:00,1,1,0.6841196417808533
mlp,de,5,2840,2024-06-27 10:55:00,0,1,0.729319155216217
mlp,de,5,2841,2024-06-27 11:00:00,0,1,0.7120173573493958
mlp,de,5,2842,2024-06-27 11:05:00,0,1,0.6337268352508545
mlp,de,5,2843,2024-06-27 11:10:00,0,1,0.6612459421157837
mlp,de,5,2844,2024-06-27 11:15:00,0,1,0.5557835698127747
mlp,de,5,2845,2024-06-27 11:20:00,0,0,0.36502107977867126
mlp,de,5,2846,2024-06-27 11:25:00,0,0,0.27232664823532104
mlp,de,5,2847,2024-06-27 11:30:00,0,0,0.2942069172859192
mlp,de,5,2848,2024-06-27 11:35:00,0,0,0.37204259634017944
mlp,de,5,2849,2024-06-27 11:40:00,0,0,0.3645148277282715
mlp,de,5,2850,2024-06-27 11:45:00,0,0,0.34516027569770813
mlp,de,5,2851,2024-06-27 11:50:00,0,0,0.2953759431838989
mlp,de,5,2852,2024-06-27 11:55:00,0,0,0.2458905130624771
mlp,de,5,2853,2024-06-27 12:00:00,1,0,0.22365808486938477
mlp,de,5,2854,2024-06-27 12:05:00,1,0,0.2506783604621887
mlp,de,5,2855,2024-06-27 12:10:00,1,0,0.2800961136817932
mlp,de,5,2856,2024-06-27 12:15:00,1,0,0.30210399627685547
mlp,de,5,2857,2024-06-27 12:20:00,1,0,0.35135728120803833
mlp,de,5,2858,2024-06-27 12:25:00,1,1,0.5070451498031616
mlp,de,5,2859,2024-06-27 12:30:00,1,1,0.6406788229942322
mlp,de,5,2860,2024-06-27 12:35:00,1,1,0.713148295879364
mlp,de,5,2861,2024-06-27 12:40:00,1,1,0.7689999341964722
mlp,de,5,2862,2024-06-27 12:45:00,1,1,0.7637850046157837
mlp,de,5,2863,2024-06-27 12:50:00,1,1,0.7514176964759827
mlp,de,5,2864,2024-06-27 12:55:00,0,1,0.7493604421615601
mlp,de,5,2865,2024-06-27 13:00:00,0,1,0.6963875889778137
mlp,de,5,2866,2024-06-27 13:05:00,0,1,0.583258330821991
mlp,de,5,2867,2024-06-27 13:10:00,0,1,0.5098658800125122
mlp,de,5,2868,2024-06-27 13:15:00,0,1,0.5013898015022278
mlp,de,5,2869,2024-06-27 13:20:00,0,1,0.5269932150840759
mlp,de,5,2870,2024-06-27 13:25:00,0,0,0.4868573844432831
mlp,de,5,2871,2024-06-27 13:30:00,0,0,0.4105103313922882
mlp,de,5,2872,2024-06-27 13:35:00,0,0,0.3966316878795624
mlp,de,5,2873,2024-06-27 13:40:00,0,0,0.4812212288379669
mlp,de,5,2874,2024-06-27 13:45:00,0,1,0.6183626651763916
mlp,de,5,2875,2024-06-27 13:50:00,0,1,0.5867743492126465
mlp,de,5,2876,2024-06-27 13:55:00,0,1,0.5677217841148376
mlp,de,5,2877,2024-06-27 14:00:00,0,1,0.5551131963729858
mlp,de,5,2878,2024-06-27 14:05:00,0,0,0.43907520174980164
mlp,de,5,2879,2024-06-27 14:10:00,1,0,0.35273873805999756
mlp,de,5,2880,2024-06-27 14:15:00,1,0,0.3848760724067688
mlp,de,5,2881,2024-06-27 14:20:00,1,1,0.6219890117645264
mlp,de,5,2882,2024-06-27 14:25:00,1,1,0.7557920217514038
mlp,de,5,2883,2024-06-27 14:30:00,1,1,0.6928117871284485
mlp,de,5,2884,2024-06-27 14:35:00,1,1,0.7103697657585144
mlp,de,5,2885,2024-06-27 14:40:00,1,1,0.7367328405380249
mlp,de,5,2886,2024-06-27 14:45:00,1,1,0.7363608479499817
mlp,de,5,2887,2024-06-27 14:50:00,1,1,0.7479880452156067
mlp,de,5,2888,2024-06-27 14:55:00,1,1,0.7595680356025696
mlp,de,5,2889,2024-06-27 15:00:00,1,1,0.6986772418022156
mlp,de,5,2890,2024-06-27 15:05:00,1,1,0.5800651907920837
mlp,de,5,2891,2024-06-27 15:10:00,1,1,0.5534374117851257
mlp,de,5,2892,2024-06-27 15:15:00,1,1,0.5869213938713074
mlp,de,5,2893,2024-06-27 15:20:00,1,1,0.6012359261512756
mlp,de,5,2894,2024-06-27 15:25:00,1,1,0.5882025361061096
mlp,de,5,2895,2024-06-27 15:30:00,1,1,0.6466884016990662
mlp,de,5,2896,2024-06-27 15:35:00,1,1,0.7145744562149048
mlp,de,5,2897,2024-06-27 15:40:00,1,1,0.6867175698280334
mlp,de,5,2898,2024-06-27 15:45:00,1,1,0.7039644122123718
mlp,de,5,2899,2024-06-27 15:50:00,1,1,0.7597719430923462
mlp,de,5,2900,2024-06-27 15:55:00,1,1,0.7847082614898682
mlp,de,5,2901,2024-06-27 16:00:00,1,1,0.7756062150001526
mlp,de,5,2902,2024-06-27 16:05:00,1,1,0.758163332939148
mlp,de,5,2903,2024-06-27 16:10:00,1,1,0.7446863055229187
mlp,de,5,2904,2024-06-27 16:15:00,1,1,0.6685377955436707
mlp,de,5,2905,2024-06-27 16:20:00,1,1,0.5737714767456055
mlp,de,5,2906,2024-06-27 16:25:00,1,1,0.5444723963737488
mlp,de,5,2907,2024-06-27 16:30:00,1,0,0.4758678078651428
mlp,de,5,2908,2024-06-27 16:35:00,1,0,0.43953850865364075
mlp,de,5,2909,2024-06-27 16:40:00,1,1,0.5731982588768005
mlp,de,5,2910,2024-06-27 16:45:00,1,1,0.6691648960113525
mlp,de,5,2911,2024-06-27 16:50:00,1,1,0.6464032530784607
mlp,de,5,2912,2024-06-27 16:55:00,1,1,0.6606302857398987
mlp,de,5,2913,2024-06-27 17:00:00,1,1,0.6170293688774109
mlp,de,5,2914,2024-06-27 17:05:00,1,1,0.6969290375709534
mlp,de,5,2915,2024-06-27 17:10:00,1,1,0.628189206123352
mlp,de,5,2916,2024-06-27 17:15:00,1,1,0.5158815383911133
mlp,de,5,2917,2024-06-27 17:20:00,1,1,0.5337358713150024
mlp,de,5,2918,2024-06-27 17:25:00,1,1,0.5612219572067261
mlp,de,5,2919,2024-06-27 17:30:00,1,1,0.5507805943489075
mlp,de,5,2920,2024-06-27 17:35:00,1,1,0.5268968939781189
mlp,de,5,2921,2024-06-27 17:40:00,1,1,0.5321832299232483
mlp,de,5,2922,2024-06-27 17:45:00,1,1,0.5896489024162292
mlp,de,5,2923,2024-06-27 17:50:00,1,1,0.6517758369445801
mlp,de,5,2924,2024-06-27 17:55:00,0,1,0.7065047025680542
mlp,de,5,2925,2024-06-28 10:40:00,0,0,0.2810341417789459
mlp,de,5,2926,2024-06-28 10:45:00,0,0,0.23054443299770355
mlp,de,5,2927,2024-06-28 10:50:00,0,0,0.2067471444606781
mlp,de,5,2928,2024-06-28 10:55:00,0,0,0.20319870114326477
mlp,de,5,2929,2024-06-28 11:00:00,1,0,0.2078053206205368
mlp,de,5,2930,2024-06-28 11:05:00,1,0,0.20423321425914764
mlp,de,5,2931,2024-06-28 11:10:00,1,0,0.21702322363853455
mlp,de,5,2932,2024-06-28 11:15:00,1,0,0.2540837526321411
mlp,de,5,2933,2024-06-28 11:20:00,1,0,0.47326141595840454
mlp,de,5,2934,2024-06-28 11:25:00,1,1,0.6472872495651245
mlp,de,5,2935,2024-06-28 11:30:00,1,1,0.7037745118141174
mlp,de,5,2936,2024-06-28 11:35:00,1,1,0.7594324946403503
mlp,de,5,2937,2024-06-28 11:40:00,1,1,0.7281394600868225
mlp,de,5,2938,2024-06-28 11:45:00,1,1,0.7723355293273926
mlp,de,5,2939,2024-06-28 11:50:00,1,1,0.7610661387443542
mlp,de,5,2940,2024-06-28 11:55:00,1,1,0.7861076593399048
mlp,de,5,2941,2024-06-28 12:00:00,1,1,0.7754522562026978
mlp,de,5,2942,2024-06-28 12:05:00,1,1,0.7334010601043701
mlp,de,5,2943,2024-06-28 12:10:00,1,1,0.7002726793289185
mlp,de,5,2944,2024-06-28 12:15:00,1,1,0.7211982011795044
mlp,de,5,2945,2024-06-28 12:20:00,1,1,0.7020224928855896
mlp,de,5,2946,2024-06-28 12:25:00,1,1,0.5723730325698853
mlp,de,5,2947,2024-06-28 12:30:00,1,1,0.5265672206878662
mlp,de,5,2948,2024-06-28 12:35:00,0,1,0.6537418365478516
mlp,de,5,2949,2024-06-28 12:40:00,0,1,0.6767333149909973
mlp,de,5,2950,2024-06-28 12:45:00,0,1,0.5599274635314941
mlp,de,5,2951,2024-06-28 12:50:00,0,1,0.5431774854660034
mlp,de,5,2952,2024-06-28 12:55:00,0,0,0.4168621897697449
mlp,de,5,2953,2024-06-28 13:00:00,0,0,0.34307941794395447
mlp,de,5,2954,2024-06-28 13:05:00,0,0,0.32119619846343994
mlp,de,5,2955,2024-06-28 13:10:00,0,0,0.26459556818008423
mlp,de,5,2956,2024-06-28 13:15:00,0,0,0.2934962213039398
mlp,de,5,2957,2024-06-28 13:20:00,0,0,0.30631306767463684
mlp,de,5,2958,2024-06-28 13:25:00,0,0,0.336748331785202
mlp,de,5,2959,2024-06-28 13:30:00,0,0,0.3632909655570984
mlp,de,5,2960,2024-06-28 13:35:00,1,0,0.3290438950061798
mlp,de,5,2961,2024-06-28 13:40:00,1,0,0.38243821263313293
mlp,de,5,2962,2024-06-28 13:45:00,1,0,0.395343542098999
mlp,de,5,2963,2024-06-28 13:50:00,1,0,0.35198813676834106
mlp,de,5,2964,2024-06-28 13:55:00,1,0,0.4853643774986267
mlp,de,5,2965,2024-06-28 14:00:00,1,1,0.5691846609115601
mlp,de,5,2966,2024-06-28 14:05:00,1,1,0.5642035007476807
mlp,de,5,2967,2024-06-28 14:10:00,1,1,0.5225192904472351
mlp,de,5,2968,2024-06-28 14:15:00,1,1,0.5459862351417542
mlp,de,5,2969,2024-06-28 14:20:00,1,1,0.6101737022399902
mlp,de,5,2970,2024-06-28 14:25:00,1,1,0.7033752799034119
mlp,de,5,2971,2024-06-28 14:30:00,1,1,0.6472965478897095
mlp,de,5,2972,2024-06-28 14:35:00,1,1,0.6600540280342102
mlp,de,5,2973,2024-06-28 14:40:00,1,1,0.7353716492652893
mlp,de,5,2974,2024-06-28 14:45:00,0,1,0.7463652491569519
mlp,de,5,2975,2024-06-28 14:50:00,0,1,0.7340629696846008
mlp,de,5,2976,2024-06-28 14:55:00,0,1,0.5752577185630798
mlp,de,5,2977,2024-06-28 15:00:00,0,0,0.40725359320640564
mlp,de,5,2978,2024-06-28 15:05:00,0,0,0.4320417046546936
mlp,de,5,2979,2024-06-28 15:10:00,0,0,0.4184147119522095
mlp,de,5,2980,2024-06-28 15:15:00,0,1,0.5209878087043762
mlp,de,5,2981,2024-06-28 15:20:00,0,0,0.43123555183410645
mlp,de,5,2982,2024-06-28 15:25:00,0,0,0.3981117606163025
mlp,de,5,2983,2024-06-28 15:30:00,0,0,0.3628740906715393
mlp,de,5,2984,2024-06-28 15:35:00,0,0,0.28365057706832886
mlp,de,5,2985,2024-06-28 15:40:00,0,0,0.25749677419662476
mlp,de,5,2986,2024-06-28 15:45:00,0,0,0.276606947183609
mlp,de,5,2987,2024-06-28 15:50:00,0,0,0.309278279542923
mlp,de,5,2988,2024-06-28 15:55:00,0,0,0.4348260164260864
mlp,de,5,2989,2024-06-28 16:00:00,0,0,0.4223284125328064
mlp,de,5,2990,2024-06-28 16:05:00,0,0,0.3995135426521301
mlp,de,5,2991,2024-06-28 16:10:00,0,0,0.3351675271987915
mlp,de,5,2992,2024-06-28 16:15:00,1,0,0.3398009240627289
mlp,de,5,2993,2024-06-28 16:20:00,1,0,0.39561334252357483
mlp,de,5,2994,2024-06-28 16:25:00,1,1,0.528910756111145
mlp,de,5,2995,2024-06-28 16:30:00,1,1,0.512891948223114
mlp,de,5,2996,2024-06-28 16:35:00,1,1,0.5119867324829102
mlp,de,5,2997,2024-06-28 16:40:00,1,1,0.5695040225982666
mlp,de,5,2998,2024-06-28 16:45:00,1,1,0.6447380185127258
mlp,de,5,2999,2024-06-28 16:50:00,1,1,0.6857476234436035
mlp,de,5,3000,2024-06-28 16:55:00,0,1,0.7031500339508057
mlp,de,5,3001,2024-06-28 17:00:00,0,1,0.6940712928771973
mlp,de,5,3002,2024-06-28 17:05:00,0,1,0.589568018913269
mlp,de,5,3003,2024-06-28 17:10:00,0,1,0.6092449426651001
mlp,de,5,3004,2024-06-28 17:15:00,0,1,0.5214547514915466
mlp,de,5,3005,2024-06-28 17:20:00,0,0,0.4213787615299225
mlp,de,5,3006,2024-06-28 17:25:00,0,0,0.36891165375709534
mlp,de,5,3007,2024-06-28 17:30:00,0,0,0.46356627345085144
mlp,de,5,3008,2024-06-28 17:35:00,0,0,0.4346748888492584
mlp,de,5,3009,2024-06-28 17:40:00,0,0,0.4686392545700073
mlp,de,5,3010,2024-06-28 17:45:00,0,1,0.5633641481399536
mlp,de,5,3011,2024-06-28 17:50:00,0,1,0.5949981212615967
